merchant_id,merchant_name,mcc,merchant_category,business_type,city,state,onboarding_date,settlement_account,merchant_status,declared_avg_ticket_size
MCH2849,"Bhavsar, Kota And Zacharia",7011,Hotel & Lodging,Private Limited,Ludhiana,Punjab,2025-09-23,,Inactive,2432.18
MCH4314,Deshmukh Ltd,5699,Apparel & Fashion,Private Limited,Jalandhar,Punjab,,3021439858,Inactive,986.05
MCH1986,"Bains, Chanda And Gh0Sh",5311,Retail,Individual,Jalandhar,Punjab,2026-01-10,,Active,1427.52
MCH3899,Goswami-Bath,4131,Transportation,Sole Proprietor,Hyderabad,Telangana,2023-01-14,,Active,
MCH4859,Vasa-Raju,5812,Restaurants & Food,Sole Proprietor,Hyderabad,Telangana,2025-03-17,XXXX9523,Active,214.0
MCH6848,Dora Llc,5311,Department Store,Partnership,Chennai,Tamil Nadu,2025-09-20,DUSD7272281625368,Active,1272.49
MCH9933,Bali-Zachariah,5411,Grocery,Sole Proprietor,Jaipur,Rajasthan,2023-06-07,TWPF4694358713410,Active,1549.0
MCH2637,Joshi Group,5999,Miscellaneous,Partnership,Chennai,Tamil Nadu,2025-02-20,,Active,
MCH8708,"Mukherjee, Sami And Purohit",5999,Miscellaneous,Sole Proprietor,Hyderabad,Telangana,2026-01-28,,Suspended,2919.92
MCH2430,Bora Group,4814,Telecom,Individual,Amritsar,Punjab,2026-01-27,2955352677,Active,827.43
MCH8556,"Rout, Dhillon And Sinha",5942,Books & Stationery,Sole Proprietor,Jaipur,Rajasthan,2023-05-04,,Active,
MCH9997,"Kalita, Dass And Balay",5999,Miscellaneous,Individual,Ludhiana,Punjab,2023-12-07,XXXX2557,Active,2233.91
MCH7003,"Koshy, Samra And Chana",5942,Books & Stationery,Private Limited,Jalandhar,Punjab,2024-06-29,XXXX7569,On Hold,776.99
MCH6945,Barad Llc,5311,Retail,Partnership,Ludhiana,Punjab,2025-09-13,,Active,3350.77
MCH4323,"Ben, Wagle And Shan",5812,Restaurants & Food,Sole Proprietor,Chennai,Tamil Nadu,2023-05-11,4367668757,Suspended,
MCH1405,Sawhney-Naru1A,5912,Medical,Sole Proprietor,Lucknow,Uttar Pradesh,2024-12-31,,Suspended,3091.86
MCH9459,Bala And Sons,5411,Grocery,Partnership,Chennai,Tamil Nadu,2023-11-12,,Active,558.21
MCH7645,Majumdar-Nagarajan,5912,Medical,Sole Proprietor,Amritsar,Punjab,2024-09-21,7530870851,Active,1396.81
MCH9620,Chad Plc,,Retail,Individual,Ludhiana,Punjab,2025-04-16,HEOY8360949899311,Active,786.55
MCH9815,"Narasimhan, Vasa And Goswami",5942,Books & Stationery,Individual,Delhi,Delhi,2025-11-10,MZNM1643262942719,Active,
MCH5251,"Rana, Chandra And Tank",4131,Transportation,Partnership,Mumbai,Maharashtra,,,Inactive,3641.26
MCH2934,Warri0R-Siba1,5999,Miscellaneous,Individual,Amritsar,Punjab,2025-04-07,,Active,
MCH3140,"Zachariah,Rajagopalandsamra",4814,Telecom,Private Limited,Amritsar,Punjab,2023-09-04,,Active,363.21
MCH2833,Kapoor-Shankar,7011,Hotel & Lodging,Sole Proprietor,Jalandhar,Punjab,,VEQH1532066637768,Active,474.69
MCH2849,"Bhavsar, Kota And Zacharia",7011,Hotel & Lodging,Private Limited,Ludhiana,Punjab,2025-09-23,,Active,2432.18
MCH6397,"Suri, Agrawal And Natarajan",5942,Books & Stationery,Partnership,Delhi,Delhi,2024-08-19,,Active,547.0
MCH2749,Issac And Sons,5912,Medical,Sole Proprietor,Mumbai,Maharashtra,2025-09-03,1616970087,Active,
MCH5089,Korpal-Parmer,5311,Retail,Private Limited,Jaipur,Rajasthan,2024-06-14,,Active,3730.0
MCH5112,Nigam-Chawla,4131,Transportation,Private Limited,Chennai,Tamil Nadu,2025-09-06,,Inactive,353.3
MCH9951,Natt Group,5912,Pharmacy,Partnership,Chennai,Tamil Nadu,2024-02-05,TSMH8783182679043,Active,1765.37
MCH4962,Venkataraman-Mannan,5942,Books & Stationery,Private Limited,Chennai,Tamil Nadu,2025-07-15,8238766790,Active,266.61
MCH1541,Bhattacharyya-Hans,7011,Hotel & Lodging,Private Limited,Kolkata,West Bengal,2024-03-24,XXXX2848,Active,621.01
MCH3442,Kuruvilla Ltd,5411,Grocery,Partnership,Hyderabad,Telangana,2023-04-11,,Inactive,1281.68
MCH9993,Chadha-Tailor,5942,Books & Stationery,Private Limited,Ludhiana,Punjab,2026-01-05,,Inactive,2368.65
MCH8365,Som-Dhar,5999,Miscellaneous,Individual,Pune,Maharashtra,2025-08-30,,Active,269.48
MCH2536,Divan-Radhakrishnan,4131,Transportation,Private Limited,Pune,Maharashtra,2025-07-09,NWSY9894058484946,Active,
MCH6777,Lall-Date,5411,Grocery,Partnership,Lucknow,Uttar Pradesh,2023-12-20,XXXX6676,Active,1143.87
MCH8152,Chaudhari Plc,5912,Pharmacy,Sole Proprietor,Jalandhar,Punjab,2023-07-24,,Active,1648.01
MCH2665,"Arora, Bir And Mahal",5311,Retail,Sole Proprietor,Lucknow,Uttar Pradesh,2024-11-15,3459659161,Inactive,2101.74
MCH1384,Thakur-Ben,4814,Telecom,Individual,Hyderabad,Telangana,2023-11-04,,Active,1433.16
MCH4729,Parmer-Kulkarni,5311,Department Store,Individual,Bengaluru,Karnataka,2023-09-03,,Active,1384.93
MCH6326,"Barad,Murtyandtella",5942,Books & Stationery,Private Limited,Chennai,Tamil Nadu,2024-06-22,LQXK9607455160094,Active,
MCH5563,"Dubey, Wali And Yadav",,Apparel & Fashion,Sole Proprietor,Kolkata,West Bengal,2024-01-28,5163059320,Active,2198.0
MCH3063,Bansal Inc,4131,Transportation,Individual,Jaipur,Rajasthan,2025-07-02,,Inactive,282.67
MCH7974,"Verma, Koshy And Bhardwaj",5411,Grocery,Individual,Jaipur,Rajasthan,2023-10-04,7985944544,Active,460.5
MCH5575,Sandal Llc,5411,Grocery,Partnership,Chennai,Tamil Nadu,2024-02-13,XXXX5528,Active,5255.72
MCH7433,"Sahota, Desai And Sarma",5999,Miscellaneous,Individual,Pune,Maharashtra,2024-02-24,,Active,867.14
MCH1454,Wableinc,5999,Miscellaneous,Individual,Lucknow,Uttar Pradesh,2025-06-18,7787448001,Active,2617.0
MCH1331,"Garg, Bobal And Jain",4131,Travel,Individual,Kolkata,West Bengal,2024-06-29,,Active,3720.61
MCH1168,Sekhon Inc,5411,Grocery,Sole Proprietor,Hyderabad,Telangana,2025-07-26,,Active,6003.0
MCH5283,"Verma, Narasimhan And Balan",,Pharmacy,Individual,Delhi,Delhi,2026-02-05,,Inactive,1266.0
MCH2698,Kalallc,7011,Hotel & Lodging,Individual,Lucknow,Uttar Pradesh,2023-08-19,YXNF3515433387898,Inactive,3590.19
MCH6451,Chandran Group,5311,Department Store,Individual,Jalandhar,Punjab,2025-10-07,5694147499,Inactive,165.95
MCH2255,Lal Ltd,5311,Department Store,Individual,Jaipur,Rajasthan,2023-05-29,6674150314,Active,1404.67
MCH7312,Ramakrishnan-Banerjee,5311,Retail,Sole Proprietor,Mumbai,Maharashtra,2024-02-24,CCCL8077324997121,Active,977.96
MCH8549,"Amb1E, Sangha And C0Mar",4814,Telecom,Individual,Ludhiana,Punjab,2026-01-12,XXXX7799,Active,1130.69
MCH9784,Lal Ltd,5812,Restaurants & Food,Partnership,Chennai,Tamil Nadu,2024-12-28,XXXX3001,Active,1442.84
MCH5395,"Dada, Jani And Kaul",5942,Books & Stationery,Partnership,Chennai,Tamil Nadu,2025-03-06,,Active,
MCH6067,Chaw1A-Gangu1Y,,Hotel & Lodging,Sole Proprietor,Mumbai,Maharashtra,2025-12-03,FNQE1460028710860,Inactive,700.95
MCH4786,Edwin Plc,5699,Apparel & Fashion,Individual,Ludhiana,Punjab,2024-12-15,4903394968,Active,3435.22
MCH3559,Chokshi Inc,5812,Restaurants & Food,Private Limited,Bengaluru,Karnataka,2024-12-23,XXXX5330,Suspended,
MCH3955,"Swamy, Dhingra And Sheth",5311,Department Store,Individual,Chennai,Tamil Nadu,2024-11-25,,Suspended,508.0
MCH3558,"Bhattacharyya, Mahal And Setty",4131,Transportation,Partnership,Jaipur,Rajasthan,2023-07-28,7325110455,Active,4448.97
MCH2879,"Pillay, Vora And Karnik",5812,Restaurants & Food,Individual,Ludhiana,Punjab,2024-05-20,9486638654,Active,
MCH3340,Varty-Chokshi,5999,Miscellaneous,Partnership,Chennai,Tamil Nadu,2023-04-07,,Active,311.76
MCH6403,"Sahni, Kapur And Ganesh",,Apparel & Fashion,Private Limited,Chennai,Tamil Nadu,2024-05-30,,Active,344.49
MCH3455,Singhal Llc,5311,Department Store,Individual,Jalandhar,Punjab,2026-01-06,,Active,11222.95
MCH8578,Bhatt Llc,4131,Transportation,Sole Proprietor,Pune,Maharashtra,2023-08-26,QYMF1422119480722,Inactive,2462.04
MCH4277,Chaudhry-Karpe,4131,Transportation,Private Limited,Ludhiana,Punjab,2023-11-09,,Active,
MCH8716,"Naik, Chada And Divan",5999,Miscellaneous,Private Limited,Ludhiana,Punjab,2023-01-11,EDPS0799008597487,Active,225.43
MCH9697,Walla Ltd,,Telecom,Individual,Bengaluru,Karnataka,2025-07-21,,Active,1081.86
MCH1170,"Wali, Bala And Sanghvi",5311,Department Store,Sole Proprietor,Bengaluru,Karnataka,2023-04-01,,Inactive,1109.65
MCH8705,"Sahota, Kale And Patil",4131,Transportation,Private Limited,Delhi,Delhi,2024-11-10,XXXX9019,Active,1127.21
MCH6875,Buch Ltd,5912,Pharmacy,Individual,Lucknow,Uttar Pradesh,2023-07-02,,Active,2704.27
MCH5146,Wadhwa-Swamy,5311,Department Store,Partnership,Jalandhar,Punjab,2023-11-05,,Active,
MCH7239,Tata-Hayer,7011,Hotel & Lodging,Individual,Chennai,Tamil Nadu,2025-06-09,MPZF9929757844428,Active,1929.61
MCH7925,Badami Group,7011,Hotel & Lodging,Sole Proprietor,Hyderabad,Telangana,2023-07-01,IVGP0940394312057,Active,
MCH3625,Lall Inc,5699,Apparel & Fashion,Individual,Kolkata,West Bengal,2023-07-16,8363629876,Inactive,691.1
MCH6999,Srinivasan-Agate,5812,Restaurants & Food,Partnership,Hyderabad,Telangana,2023-02-22,,Active,1015.19
MCH9868,"Bedi, Konda And Kant",5912,Medical,Individual,Jaipur,Rajasthan,2023-01-02,XXXX9285,Active,444.97
MCH5356,"Solanki, Kala And Loke",4814,Telecom,Partnership,Hyderabad,Telangana,2023-01-03,TUAH3044152488223,Active,
MCH3953,"Ray, Minhas And Yohannan",5411,Grocery,Sole Proprietor,Kolkata,West Bengal,2023-03-18,XXXX6303,Active,8126.93
MCH3697,Cherian Llc,7011,Hotel & Lodging,Individual,Chennai,Tamil Nadu,2023-11-04,,Active,2525.65
MCH6046,"Palla, Yadav And Bhatnagar",5999,Miscellaneous,Individual,Bengaluru,Karnataka,2024-03-27,,Active,2396.76
MCH7759,"Sankaran, Patel And Narain",5699,Apparel & Fashion,Sole Proprietor,Kolkata,West Bengal,2025-10-15,EADV1032511266518,Active,
MCH5657,Natt-Goel,5999,Miscellaneous,Individual,Delhi,Delhi,,,Active,1355.0
MCH2432,Parmar-Parmer,4131,Transportation,Individual,Kolkata,West Bengal,,,Active,2557.63
MCH5705,Mukhopadhyay And Sons,5699,Apparel & Fashion,Sole Proprietor,Jalandhar,Punjab,2025-02-25,,Active,716.31
MCH1358,"Chaudry, Baral And Modi",4131,Transportation,Individual,Ludhiana,Punjab,2025-06-07,3312553110,Active,2115.38
MCH7337,Nath-Narayan,5699,Apparel & Fashion,Individual,Hyderabad,Telangana,2024-07-28,,Active,3029.85
MCH9319,Ladinc,5699,Apparel & Fashion,Sole Proprietor,Jalandhar,Punjab,2025-07-20,XXXX7774,Active,839.54
MCH5354,Khatri-De0,5942,Books & Stationery,Partnership,Jalandhar,Punjab,,WCZU4810286661084,Active,
MCH6329,Srinivas-Banerjee,,Medical,Individual,Kolkata,West Bengal,2024-05-12,XXXX2718,Active,199.46
MCH3206,Ahuja-Din,5311,Retail,Sole Proprietor,Hyderabad,Telangana,2026-01-11,XXXX4117,Active,1244.0
MCH5632,Tandon Ltd,5311,Department Store,Sole Proprietor,Bengaluru,Karnataka,2025-05-29,,Active,270.52
MCH8355,"Virk, Sarna And Sangha",5812,Restaurants & Food,Individual,Mumbai,Maharashtra,2023-10-09,702210119,Active,3279.0
MCH3281,Ranganathan And Sons,5311,Retail,Partnership,Kolkata,West Bengal,2024-03-01,XXXX9655,Active,
MCH2978,Deshpande Llc,7011,Hotel & Lodging,Private Limited,Lucknow,Uttar Pradesh,2023-02-01,XXXX0228,Active,194.6
MCH3399,Rana-Talwar,5912,Medical,Private Limited,Mumbai,Maharashtra,2024-03-30,6585786984,Active,575.9
MCH7219,Dhawan-Saha,7011,Hotel & Lodging,Individual,Delhi,Delhi,2026-06-01,HJFW5603026154965,Inactive,2354.94
MCH3757,Chokshi Plc,4814,Telecom,Private Limited,Jaipur,Rajasthan,2025-10-23,KUIQ2748561079701,Active,2492.69
MCH1214,Padmanabhan Gr0Up,4814,Telecom,Individual,Amritsar,Punjab,2025-08-24,,Active,
MCH2249,Bahri-Nagarajan,7011,Hotel & Lodging,Sole Proprietor,Ludhiana,Punjab,2024-11-17,364290572,Active,590.8
MCH9098,Manda And Sons,5812,Restaurants & Food,Partnership,Bengaluru,Karnataka,2024-03-03,XXXX2826,Active,870.0
MCH7932,Sethi Ltd,4814,Telecom,Private Limited,Bengaluru,Karnataka,2025-04-20,AUYT1495828220876,Active,4410.18
MCH1216,"Agarwal, Dave And Vala",7011,Hotel & Lodging,Sole Proprietor,Chennai,Tamil Nadu,2024-10-18,,Active,2228.42
MCH3497,"Gokhale, Parmer And Contractor",,Transportation,Individual,Jalandhar,Punjab,2023-11-03,,Active,
MCH8517,"Bandi, Bir And Buch",5912,Pharmacy,Individual,Delhi,Delhi,2025-05-12,XXXX8958,Active,2544.34
MCH3567,Kala Ltd,4814,Telecom,Sole Proprietor,Amritsar,Punjab,2023-05-15,120134197,Active,1794.62
MCH6890,Pandit-Narasimhan,7011,Hotel & Lodging,Private Limited,Kolkata,West Bengal,2024-04-21,XXXX8046,Inactive,525.87
MCH6632,"Om, Mall And Sandhu",,Transportation,Partnership,Lucknow,Uttar Pradesh,2023-07-28,XXXX3092,On Hold,996.13
MCH7269,La11-Raman,4814,Telecom,Private Limited,Lucknow,Uttar Pradesh,2023-10-25,4846136502,Active,1031.92
MCH4180,Dave-Oza,5411,Books & Stationery,Sole Proprietor,Delhi,Delhi,2024-01-08,,Active,394.99
MCH1492,"Panchal, Bail And Nadkarni",5912,Medical,Sole Proprietor,Jaipur,Rajasthan,2024-07-05,,On Hold,6674.02
MCH5210,Natarajan Llc,4131,Transportation,Partnership,Lucknow,Uttar Pradesh,2023-08-25,,Active,2522.68
MCH6115,Padmanabhan-Chahal,,Retail,Private Limited,Mumbai,Maharashtra,2024-03-01,XXXX5769,Inactive,266.65
MCH5950,Dey-Raj,5999,Miscellaneous,Sole Proprietor,Amritsar,Punjab,2025-11-29,371217445,Active,
MCH3556,Andra-Nagar,5999,Miscellaneous,Sole Proprietor,Pune,Maharashtra,2025-05-04,,Active,1107.13
MCH4842,Pa11A Llc,5942,Books & Stationery,Individual,Kolkata,West Bengal,2024-12-19,XXXX0707,Active,3127.0
MCH6831,"Kothari, De And Arora",5999,Miscellaneous,Individual,Kolkata,West Bengal,2025-11-17,FVLK6104664273261,Suspended,
MCH2922,Chhabra-Jha,5999,Miscellaneous,Sole Proprietor,Mumbai,Maharashtra,2024-10-10,FAIS4263479017973,Active,
MCH8509,"Majumdar, Deshpande And Solanki",5311,Department Store,Partnership,Bengaluru,Karnataka,2024-09-17,XXXX5135,Inactive,
MCH3604,"Shetty, Bali And Sama",5411,Grocery,Partnership,Ludhiana,Punjab,2023-01-04,IQHJ3383226507557,Active,394.0
MCH9785,Nagarajan Plc,5699,Apparel & Fashion,Individual,Mumbai,Maharashtra,2025-08-06,,Active,2709.78
MCH1447,"Dara, Om And Chaudhry",5699,Apparel & Fashion,Private Limited,Bengaluru,Karnataka,2023-04-29,NJHB3866390601882,Inactive,373.0
MCH7659,"Pandya, Bakshi And Chaudhary",4131,Transportation,Private Limited,Chennai,Tamil Nadu,2023-04-16,FNTE9764699509957,Active,1564.19
MCH1600,"Warrior, Anand And Kata",5311,Department Store,Individual,Chennai,Tamil Nadu,2025-10-07,DNAN6947992423478,Active,2937.03
MCH8561,Mahal-Talwar,5912,Pharmacy,Individual,Pune,Maharashtra,2024-11-21,XXXX1106,Active,892.64
MCH4029,Kuruvilla And Sons,5411,Grocery,Private Limited,Pune,Maharashtra,,DGMS6783095939908,Active,55.43
MCH1392,Johal-Gaba,5912,Medical,Private Limited,Pune,Maharashtra,2024-02-20,XXXX9354,Inactive,4352.7
MCH4985,Hayre And Sons,5942,Books & Stationery,Partnership,Lucknow,Uttar Pradesh,2023-01-08,PXAE0911368692866,Active,1981.89
MCH8808,"Kothari, Bansal And Gupta",,Books & Stationery,Individual,Bengaluru,Karnataka,2025-09-19,9868014892,Active,380.0
MCH7137,Krishna-Palan,4814,Telecom,Partnership,Ludhiana,Punjab,2025-09-29,GJTY8331565779502,Active,
MCH2813,"Sha, Bhatia And Vig",,Department Store,Individual,Chennai,Tamil Nadu,2024-10-24,5399147177,Active,3821.16
MCH1375,Golla And Sons,5912,Medical,Partnership,Bengaluru,Karnataka,2023-01-08,,Active,503.66
MCH2074,D’Alia Inc,5699,Apparel & Fashion,Partnership,Jaipur,Rajasthan,2025-10-22,VRCT7941741947399,Active,1616.2
MCH1256,Vala Inc,5912,Medical,Sole Proprietor,Kolkata,West Bengal,2025-01-17,,Suspended,1415.24
MCH8440,"Chacko, Natarajan And Menon",5999,Miscellaneous,Individual,Mumbai,Maharashtra,2025-01-19,,Active,775.41
MCH3060,Deep-Tata,5311,Department Store,Individual,Amritsar,Punjab,2023-04-17,,Active,
MCH4025,Hegde-Sule,5311,Retail,Individual,Hyderabad,Telangana,,XXXX6804,Inactive,1108.29
MCH6970,Chopra-Loke,5311,Department Store,Partnership,Jaipur,Rajasthan,2025-02-13,,Active,564.18
MCH2850,Reddy-Kara,4131,Transportation,Private Limited,Jaipur,Rajasthan,2024-04-22,XXXX7186,Active,
MCH5117,"Parikh, Sengupta And Chander",7011,Hotel & Lodging,Partnership,Chennai,Tamil Nadu,2023-01-26,,Suspended,266.62
MCH6651,"Mahajan, Vig And Balakrishnan",5411,Grocery,Partnership,Delhi,Delhi,2023-02-17,ZZEW6214809734757,Active,1407.45
MCH6206,"Johal, Verma And Sane",5812,Restaurants & Food,Private Limited,Jalandhar,Punjab,2024-04-26,,Active,
MCH9755,"Mane, Dey And Nagy",7011,Hotel & Lodging,Individual,Lucknow,Uttar Pradesh,2023-05-09,,Active,2207.77
MCH3401,Chana Llc,5411,Grocery,Individual,Chennai,Tamil Nadu,,XXXX4048,Active,3703.23
MCH7698,Sachdev And Sons,5812,Restaurants & Food,Sole Proprietor,Amritsar,Punjab,2023-07-23,,Active,
MCH2085,Loke Inc,7011,Hotel & Lodging,Individual,Hyderabad,Telangana,2023-12-05,CQUN5447672400868,Suspended,
MCH1060,"Subramaniam, Rama And Contractor",4131,Transportation,Individual,Hyderabad,Telangana,2024-05-02,FXHY9362967598468,Active,480.0
MCH7876,"Deshpande, Nagar And Parsa",5812,Telecom,Individual,Jaipur,Rajasthan,2024-08-22,,Active,502.95
MCH9966,"Kara, Chanda And Hayre",4131,Transportation,Individual,Kolkata,West Bengal,2024-01-16,XXXX6108,Active,3566.37
MCH2710,"Ramanathan, Bandi And Edwin",5411,Grocery,Sole Proprietor,Delhi,Delhi,2024-11-07,9267399474,Active,5021.08
MCH2723,Purohit-Dani,,Restaurants & Food,Individual,Amritsar,Punjab,2024-04-16,XXXX6527,Active,1384.67
MCH6084,Gera-Patla,,Transportation,Sole Proprietor,Lucknow,Uttar Pradesh,2026-01-26,59005491,Active,3360.46
MCH1457,Shetty Group,5999,Miscellaneous,Individual,Jalandhar,Punjab,2025-07-11,7979475554,Active,1159.43
MCH7866,Bhattacharyya And Sons,5311,Department Store,Partnership,Delhi,Delhi,2025-10-31,QKIU3712061004002,Active,2522.0
MCH9528,Kibe-Memon,5699,Apparel & Fashion,Sole Proprietor,Delhi,Delhi,2025-12-07,XXXX9874,Active,5399.84
MCH3612,Vaidya-Arya,5311,Retail,Private Limited,Kolkata,West Bengal,2023-09-01,UOBK5661273202199,Active,695.7
MCH3971,Sura Plc,7011,Hotel & Lodging,Individual,Delhi,Delhi,2024-04-17,,Active,748.82
MCH6025,Rege-Bali,4131,Transportation,Individual,Bengaluru,Karnataka,2025-04-21,XXXX0320,Inactive,2516.42
MCH6507,Kadakia Plc,5812,Restaurants & Food,Partnership,Chennai,Tamil Nadu,2023-01-05,XXXX3350,Active,740.55
MCH8031,Chokshi Ltd,7011,Hotel & Lodging,Individual,Hyderabad,Telangana,2025-07-26,3288481391,Active,2110.06
MCH8431,Bala Group,4131,Transportation,Individual,Ludhiana,Punjab,2025-05-02,XXXX7030,Active,964.23
MCH9718,Mammen And Sons,5411,Grocery,Sole Proprietor,Jalandhar,Punjab,2023-06-20,3331553891,Active,678.94
MCH3058,Patla-Padmanabhan,5942,Books & Stationery,Individual,Pune,Maharashtra,2024-10-18,OBXD4944464643223,Active,974.77
MCH8327,Men0N Ltd,,Miscellaneous,Individual,Bengaluru,Karnataka,2023-06-18,,Inactive,1670.04
MCH9038,"Dara, Pai And Saxena",,Apparel & Fashion,Sole Proprietor,Ludhiana,Punjab,2024-04-18,739300438,Active,2740.86
MCH2412,Nadig Inc,5942,Books & Stationery,Individual,Hyderabad,Telangana,2024-12-08,XXXX9581,Active,144.12
MCH2904,Iyengar-Comar,5999,Miscellaneous,Private Limited,Delhi,Delhi,2026-01-05,XXXX7160,Active,1147.91
MCH5405,Balan-Sabharwal,5812,Restaurants & Food,Individual,Bengaluru,Karnataka,2023-04-07,,Active,2280.95
MCH1625,Handallc,5912,Medical,Private Limited,Ludhiana,Punjab,2024-07-27,,Inactive,4123.17
MCH3926,Master-Sarin,5999,Miscellaneous,Individual,Hyderabad,Telangana,2025-05-08,,Active,1913.5
MCH6979,Nadig Ltd,,Pharmacy,Sole Proprietor,Chennai,Tamil Nadu,2023-05-18,SYHI9438066539953,Inactive,640.32
MCH1842,Bedi-Vohra,5411,Grocery,Private Limited,Lucknow,Uttar Pradesh,,XXXX6666,Active,1241.96
MCH8130,"Kale, Kumer And Chand",,Department Store,Partnership,Ludhiana,Punjab,2026-02-05,GYEV9276514828192,Active,419.61
MCH1571,"Rao, Viswanathan And Joshi",4131,Transportation,Sole Proprietor,Chennai,Tamil Nadu,2023-08-03,,Active,866.2
MCH9626,Gu1Ati-Chhabra,4814,Telecom,Partnership,Lucknow,Uttar Pradesh,2025-02-21,,Active,880.0
MCH2099,"Tara, Date And Thakur",4131,Transportation,Sole Proprietor,Chennai,Tamil Nadu,2023-06-28,BFBY2666613604973,Active,1054.15
MCH1841,Kadakia-Rao,7011,Hotel & Lodging,Sole Proprietor,Kolkata,West Bengal,2025-01-07,7706295964,Active,532.17
MCH7901,Bala Group,5812,Restaurants & Food,Partnership,Jaipur,Rajasthan,2023-03-02,VXJE9106968913579,Active,
MCH8607,"Wali,Maneandthakur",5699,Apparel & Fashion,Individual,Delhi,Delhi,2023-10-15,XXXX4911,Active,2981.0
MCH5570,"Sahni, Bala And Sharma",5999,Miscellaneous,Individual,Delhi,Delhi,2025-11-28,,Suspended,1506.33
MCH5328,Dhaliwal Inc,5812,Restaurants & Food,Private Limited,Kolkata,West Bengal,2025-04-19,,Active,375.06
MCH2408,"Kumar, Din And Sule",5999,Miscellaneous,Sole Proprietor,Bengaluru,Karnataka,,,Active,
MCH9448,"Sant, Manda And Khurana",,Apparel & Fashion,Partnership,Jalandhar,Punjab,2023-08-10,XXXX3103,Inactive,522.0
MCH9463,Boase And Sons,5942,Books & Stationery,Private Limited,Amritsar,Punjab,2025-06-01,8867615299,Active,835.0
MCH5882,"Barad, Kara And Gokhale",5812,Telecom,Sole Proprietor,Chennai,Tamil Nadu,2024-09-25,8200004171,Inactive,626.5
MCH5072,Shroff-Sangha,5999,Miscellaneous,Private Limited,Jaipur,Rajasthan,2024-12-08,XXXX4443,Active,3955.29
MCH2817,Keer And Sons,5999,Miscellaneous,Private Limited,Ludhiana,Punjab,2025-05-19,XXXX7166,Inactive,2074.28
MCH7403,"Naik, Badami And Raj",5311,Department Store,Sole Proprietor,Pune,Maharashtra,,,Active,1191.42
MCH8984,Sharma Group,5812,Restaurants & Food,Private Limited,Ludhiana,Punjab,2023-06-21,,Active,590.58
MCH8915,Sur Ltd,5812,Restaurants & Food,Individual,Mumbai,Maharashtra,2025-08-04,2079428373,Inactive,665.18
MCH6109,Sampath Ltd,4814,Telecom,Individual,Ludhiana,Punjab,2026-01-15,6737069990,Active,399.08
MCH9193,Shroff Inc,5411,Grocery,Sole Proprietor,Jalandhar,Punjab,2023-02-10,,Active,
MCH7548,Kalla Llc,,Grocery,Individual,Bengaluru,Karnataka,2024-05-26,JVRD8475866858020,Active,3106.71
MCH7196,Kurian-Trivedi,4814,Telecom,Partnership,Jaipur,Rajasthan,2023-06-09,,Active,1000.33
MCH5182,"Kadakia, Raman And Badal",4131,Transportation,Sole Proprietor,Amritsar,Punjab,2023-07-15,5073008487,Inactive,932.0
MCH4839,Sura-Mall,5411,Transportation,Private Limited,Ludhiana,Punjab,2025-12-08,,Active,682.13
MCH4369,"Gupta,Maneandbhasin",5812,Restaurants & Food,Individual,Hyderabad,Telangana,2025-03-03,,Active,950.76
MCH3333,Dada Plc,5999,Miscellaneous,Private Limited,Mumbai,Maharashtra,2024-03-18,,Active,668.0
MCH9278,Pant Plc,5942,Books & Stationery,Partnership,Bengaluru,Karnataka,2024-06-25,MCZF8391507084286,Active,822.0
MCH6315,Prabhakar-Soman,5942,Books & Stationery,Partnership,Mumbai,Maharashtra,,XXXX3336,On Hold,341.33
MCH7305,Iyer-Nagi,5699,Apparel & Fashion,Individual,Mumbai,Maharashtra,2023-08-23,,Active,1967.89
MCH6024,Thakkar-Kunda,5411,Grocery,Sole Proprietor,Chennai,Tamil Nadu,2025-05-14,,Active,
MCH7912,Sarma-Arya,5699,Apparel & Fashion,Private Limited,Lucknow,Uttar Pradesh,2025-01-01,ZNNS3870382152945,Active,1318.64
MCH6660,N0Ri Gr0Up,4814,Telecom,Sole Proprietor,Chennai,Tamil Nadu,2023-05-26,XXXX4499,Active,3030.0
MCH8809,"Doshi, Ghose And Amble",5411,Grocery,Individual,Mumbai,Maharashtra,,,Active,3965.67
MCH7600,Panchal Ltd,5912,Pharmacy,Individual,Lucknow,Uttar Pradesh,2023-10-13,,Active,1148.2
MCH5498,"Gera, Narayan And Sankaran",5311,Department Store,Partnership,Kolkata,West Bengal,2025-11-10,8296349363,Active,849.49
MCH5923,"Banik, Yogi And Seth",4814,Telecom,Individual,Delhi,Delhi,,CKTY3945451387681,Inactive,378.2
MCH6450,"Goel, Madan And Gola",5942,Books & Stationery,Individual,Chennai,Tamil Nadu,2025-10-15,,Suspended,855.0
MCH6822,"Sankar, Deol And Goswami",4814,Telecom,Sole Proprietor,Jaipur,Rajasthan,2025-03-31,XXXX2270,Inactive,
MCH5995,Bassi Ltd,5812,Restaurants & Food,Private Limited,Lucknow,Uttar Pradesh,2024-02-01,XXXX5294,Active,2631.68
MCH5879,"Sridhar, Sani And Ma11",4814,Telecom,Individual,Hyderabad,Telangana,2025-12-30,XXXX4907,Active,
MCH4682,Chaudry Llc,4131,Transportation,Individual,Hyderabad,Telangana,2024-01-28,,Active,
MCH1261,"Cheema, Savant And Bakshi",5311,Retail,Sole Proprietor,Ludhiana,Punjab,2024-06-03,EXGQ1328686965867,Inactive,
MCH2964,Bala-Sarkar,4814,Telecom,Individual,Jalandhar,Punjab,2025-06-20,4343067882,Active,1298.45
MCH5362,"Kunda, Tiwari And Nagi",5912,Medical,Private Limited,Jaipur,Rajasthan,2024-08-09,,Inactive,1922.99
MCH5285,"Yadav, Dhawan And Bahri",5311,Retail,Individual,Bengaluru,Karnataka,2025-03-08,XXXX3759,Active,220.0
MCH3998,"Krish, Tak And Peri",4814,Telecom,Partnership,Ludhiana,Punjab,2023-08-16,,Active,1019.25
MCH4926,Shankar Ltd,5812,Restaurants & Food,Individual,Hyderabad,Telangana,2024-12-28,6804229881,Active,
MCH9424,Sur-Bajaj,5311,Department Store,Sole Proprietor,Bengaluru,Karnataka,2025-04-18,XXXX3219,Active,1902.79
MCH7504,Balay Plc,7011,Hotel & Lodging,Individual,Chennai,Tamil Nadu,2025-10-24,1818420938,Active,1030.01
MCH9769,"Kota, Dara And Sarin",,Travel,Partnership,Ludhiana,Punjab,2025-05-22,XXXX8418,Active,2120.25
MCH2504,Mittal Ltd,5999,Miscellaneous,Individual,Pune,Maharashtra,2024-12-29,XXXX5857,Inactive,1689.96
MCH8484,"Grover, Swamy And Johal",5912,Medical,Private Limited,Kolkata,West Bengal,2023-08-17,,Suspended,1273.08
MCH3023,Arora Llc,7011,Hotel & Lodging,Individual,Bengaluru,Karnataka,2025-02-03,,Inactive,1722.88
MCH4106,Dey And Sons,5411,Grocery,Private Limited,Hyderabad,Telangana,2026-01-31,XXXX0072,Active,4216.77
MCH6059,Bhargava Plc,7011,Hotel & Lodging,Private Limited,Jaipur,Rajasthan,2025-07-16,XXXX7802,On Hold,333.57
MCH4801,Bhargava-Basak,5311,Retail,Sole Proprietor,Lucknow,Uttar Pradesh,2025-11-18,XXXX3111,Active,2920.36
MCH3418,Parsa-Parikh,5912,Pharmacy,Partnership,Hyderabad,Telangana,2024-07-15,CWGO5653761986608,Active,8725.31
MCH6448,Pal Llc,4814,Telecom,Partnership,Mumbai,Maharashtra,2024-07-09,XXXX5021,Active,1680.84
MCH6450,"Goel, Madan And Gola",5942,Books & Stationery,Individual,Chennai,Tamil Nadu,2025-10-15,,Active,855.0
MCH6052,Nayak-Wadhwa,5912,Pharmacy,Private Limited,Jaipur,Rajasthan,2023-07-12,XXXX8602,Active,600.38
MCH6923,"Kumar, Hayre And Grover",5942,Books & Stationery,Partnership,Lucknow,Uttar Pradesh,2024-03-12,RIOW5493044350343,Inactive,937.24
MCH1075,Lala Plc,4814,Telecom,Individual,Pune,Maharashtra,2024-06-01,IPNE1576095102770,Suspended,1162.41
MCH7749,"Dhaliwal, Chaudhari And Lad",4131,Transportation,Private Limited,Lucknow,Uttar Pradesh,2023-03-28,,Active,472.27
MCH7607,"Vyas, Ramakrishnan And Narayanan",,Books & Stationery,Sole Proprietor,Amritsar,Punjab,2025-01-02,2925658717,Active,7039.03
MCH7832,More-Cherian,5311,Retail,Sole Proprietor,Amritsar,Punjab,2024-12-21,,Active,1748.94
MCH4864,Date Ltd,5411,Grocery,Private Limited,Bengaluru,Karnataka,2023-12-06,XXXX6587,Active,4042.64
MCH1843,Edwin And Sons,5999,Miscellaneous,Sole Proprietor,Delhi,Delhi,2024-09-19,,Active,
MCH2559,"Sastry, Dhar And Kibe",7011,Hotel & Lodging,Partnership,Pune,Maharashtra,2023-08-05,777710681,Active,1827.84
MCH5927,"Hayer, Palla And Ganesh",5699,Apparel & Fashion,Private Limited,Lucknow,Uttar Pradesh,2024-06-16,,Active,3764.09
MCH6105,Upadhyay Plc,7011,Hotel & Lodging,Sole Proprietor,Kolkata,West Bengal,2024-02-07,,Active,527.81
MCH8782,Swamy-Khurana,5699,Apparel & Fashion,Sole Proprietor,Amritsar,Punjab,2025-04-29,,Active,1314.55
MCH7661,Mutti Group,5912,Medical,Sole Proprietor,Ludhiana,Punjab,2023-12-19,,Active,1349.43
MCH1772,Grover Group,5311,Department Store,Partnership,Kolkata,West Bengal,2023-03-18,665098924,Active,1962.32
MCH5793,Hayre And Sons,4131,Transportation,Individual,Amritsar,Punjab,2023-10-23,XXXX4734,Active,2411.65
MCH8019,Chaudhry-Naidu,5942,Books & Stationery,Private Limited,Jaipur,Rajasthan,,,Active,888.78
MCH6707,Chandra Group,4814,Telecom,Private Limited,Ludhiana,Punjab,2024-02-10,,Active,648.63
MCH4743,Ahluwalia-Bansal,5812,Pharmacy,Private Limited,Ludhiana,Punjab,2023-08-23,KIYE1462195754397,Inactive,486.29
MCH4277,"Lad, Krish And Lad",4131,Transportation,Private Limited,Hyderabad,Telangana,2024-06-04,,Active,472.96
MCH6765,Handa Plc,5912,Pharmacy,Individual,Kolkata,West Bengal,2023-10-30,,Active,
MCH4867,"Nath, Taneja And Dey",5812,Restaurants & Food,Partnership,Bengaluru,Karnataka,2024-08-05,7096325090,Active,726.56
MCH6819,"Arya, Bassi And Kaur",,Miscellaneous,Partnership,Amritsar,Punjab,2025-11-19,,Active,2433.05
MCH4282,Pingle Ltd,5311,Retail,Sole Proprietor,Amritsar,Punjab,2023-05-26,,Active,816.0
MCH5737,"Chaudhary, Raghavan And Brahmbhatt",5912,Pharmacy,Individual,Amritsar,Punjab,2026-02-25,,Active,1419.52
MCH6519,Mane-Madan,5699,Apparel & Fashion,Partnership,Ludhiana,Punjab,2024-12-25,,Active,978.4
MCH2902,"Narang, Varghese And Sur",4131,Transportation,Individual,Amritsar,Punjab,2023-04-11,,Active,1675.0
MCH6692,"Mohan, Ravi And Sinha",7011,Hotel & Lodging,Partnership,Jalandhar,Punjab,2023-05-10,UFCM4399349836488,Active,641.51
MCH8374,"Kohli, Chakraborty And Wali",5942,Books & Stationery,Sole Proprietor,Lucknow,Uttar Pradesh,2025-02-16,,Active,838.62
MCH2217,"Rai, Bala And Shenoy",5411,Grocery,Individual,Mumbai,Maharashtra,2023-08-15,2506258510,Active,728.77
MCH4739,Karpe-Doshi,5411,Grocery,Individual,Lucknow,Uttar Pradesh,2023-10-20,DQQT0527144866471,Active,
MCH1345,Bhat Inc,5311,Department Store,Private Limited,Hyderabad,Telangana,2025-01-28,XXXX9759,Active,1702.79
MCH2493,"Tella, Lata And Tripathi",4814,Telecom,Individual,Jaipur,Rajasthan,2023-10-28,ROFA2679305641354,Active,
MCH2471,Das Group,5942,Books & Stationery,Individual,Jalandhar,Punjab,2024-05-30,SVRE3169162150744,Active,3177.16
MCH8854,Kohli-Aurora,4131,Transportation,Private Limited,Chennai,Tamil Nadu,2023-12-04,XXXX8113,Active,
MCH5056,Subramaniam Plc,5411,Grocery,Partnership,Bengaluru,Karnataka,,WHRV5412713701234,Suspended,473.92
MCH3259,Deep And Sons,5912,Pharmacy,Partnership,Delhi,Delhi,,7747336061,Active,308.57
MCH8225,Bedi-Date,,Miscellaneous,Private Limited,Pune,Maharashtra,2024-02-28,6820537783,Active,2289.3
MCH2118,Jani-Subramaniam,5942,Books & Stationery,Partnership,Ludhiana,Punjab,2024-05-30,TOPO3167206929855,Active,1546.09
MCH6738,"Jain, Kothari And Subramanian",4814,Telecom,Individual,Delhi,Delhi,2025-12-06,MCPW5267667383117,Inactive,1846.61
MCH7699,Chakraborty Llc,7011,Hotel & Lodging,Sole Proprietor,Bengaluru,Karnataka,2023-01-29,,Active,145.86
MCH8299,Garde Plc,5812,Restaurants & Food,Partnership,Jaipur,Rajasthan,2023-01-06,,Active,1496.13
MCH8401,Pandey Plc,,Hotel & Lodging,Partnership,Chennai,Tamil Nadu,2025-09-09,328253862,Inactive,625.0
MCH4102,Pandya-Kapoor,5411,Books & Stationery,Sole Proprietor,Amritsar,Punjab,2025-06-03,SZIE5520167745590,Active,1618.63
MCH8730,"Bhasin, Mall And Sarraf",5999,Miscellaneous,Private Limited,Jalandhar,Punjab,2025-02-13,XXXX3406,Active,937.7
MCH3353,Bhardwaj And Sons,,Pharmacy,Partnership,Bengaluru,Karnataka,2023-02-23,,Suspended,4012.28
MCH8755,Guha-Dara,5999,Miscellaneous,Sole Proprietor,Amritsar,Punjab,2023-08-07,,Active,3411.15
MCH1375,"Sahota, Johal And Shanker",5411,Grocery,Individual,Jalandhar,Punjab,2025-03-02,PHOZ2706415438619,Suspended,1836.94
MCH2655,"Brahmbhatt, Desai And Sangha",4814,Telecom,Sole Proprietor,Amritsar,Punjab,2026-01-04,4532869649,Active,3102.0
MCH5127,Sankar Group,7011,Hotel & Lodging,Partnership,Delhi,Delhi,2024-09-06,3303273399,Active,2034.47
MCH2676,Desai Ltd,4814,Telecom,Private Limited,Ludhiana,Punjab,2025-05-10,,Active,399.5
MCH9304,Char Ltd,4814,Telecom,Individual,Bengaluru,Karnataka,2024-01-05,,Active,531.14
MCH9888,"Majumdar, Sama And Narayanan",5411,Telecom,Sole Proprietor,Kolkata,West Bengal,2025-08-13,XXXX3073,Inactive,444.72
MCH8051,"Saxena, Kamdar And Kannan",5942,Books & Stationery,Partnership,Delhi,Delhi,2024-10-17,,Active,598.72
MCH6016,Batta-Roy,5942,Books & Stationery,Private Limited,Jalandhar,Punjab,2023-07-02,,Active,3694.66
MCH5231,Varghese-Rattan,,Grocery,Partnership,Delhi,Delhi,2026-02-05,,Active,692.04
MCH8453,Manne Llc,5699,Apparel & Fashion,Private Limited,Amritsar,Punjab,,,Active,397.0
MCH3674,Wason And Sons,5812,Restaurants & Food,Individual,Delhi,Delhi,2025-07-19,6823891084,Active,
MCH3662,Dalal-Arora,5912,Telecom,Sole Proprietor,Kolkata,West Bengal,2024-01-09,,Active,4799.31
MCH7021,"Dewan, Banerjee And Purohit",7011,Hotel & Lodging,Sole Proprietor,Bengaluru,Karnataka,2024-07-01,XXXX8572,Active,969.81
MCH7490,Datta Ltd,5912,Pharmacy,Sole Proprietor,Kolkata,West Bengal,2023-11-12,,Active,1590.69
MCH7430,Pingle-Lata,5311,Department Store,Individual,Lucknow,Uttar Pradesh,2024-09-07,XXXX3604,Active,2426.91
MCH4477,Edwin Group,5912,Pharmacy,Partnership,Pune,Maharashtra,2025-12-19,,Active,1145.96
MCH8724,"Ganesh, Sarin And Gera",5411,Grocery,Partnership,Delhi,Delhi,2024-11-20,8119568584,Active,639.73
MCH1772,"Thakur, Talwar And Chahal",5912,Pharmacy,Partnership,Pune,Maharashtra,2025-11-19,XXXX1519,Active,645.09
MCH1420,"Nath, Setty And Pai",7011,Hotel & Lodging,Partnership,Kolkata,West Bengal,2023-04-08,,Inactive,1986.0
MCH3070,"Patel, Sandal And Sinha",4814,Telecom,Individual,Hyderabad,Telangana,2025-09-18,XXXX6846,Active,1706.27
MCH3776,"Kapadia, Sathe And Shenoy",5311,Department Store,Partnership,Delhi,Delhi,,2896927884,Active,1854.99
MCH4233,Parmar And Sons,5912,Medical,Sole Proprietor,Bengaluru,Karnataka,2024-07-30,4132683121,Inactive,3068.07
MCH3523,"Khare, Radhakrishnan And Gala",5812,Restaurants & Food,Individual,Jaipur,Rajasthan,2025-04-12,,Active,
MCH5712,Goda-Kashyap,5942,Books & Stationery,Private Limited,Amritsar,Punjab,2025-01-12,ILKC7960163227117,Active,
MCH3070,Agate-Chopra,5411,Grocery,Sole Proprietor,Mumbai,Maharashtra,2025-04-29,4174323514,Active,1355.0
MCH6061,Nazareth Plc,4131,Transportation,Sole Proprietor,Pune,Maharashtra,2025-02-02,,Suspended,1189.87
MCH4233,Padmanabhan And Sons,5999,Miscellaneous,Sole Proprietor,Ludhiana,Punjab,2025-02-04,4395615588,Active,1697.48
MCH8197,Virk-Venkataraman,5912,Pharmacy,Sole Proprietor,Kolkata,West Bengal,2024-03-01,,Active,964.03
MCH3085,"Sarkar, Memon And Mand",,Transportation,Individual,Pune,Maharashtra,2025-07-16,,Active,
MCH8756,Warrior Inc,5699,Apparel & Fashion,Private Limited,Jalandhar,Punjab,2023-04-10,9910438985,Active,1476.03
MCH1863,Sachar-Gokhale,5942,Books & Stationery,Private Limited,Hyderabad,Telangana,2024-03-24,XXXX8775,Active,760.42
MCH9494,"Wable, Warrior And Parmer",,Telecom,Individual,Pune,Maharashtra,2024-05-27,,Active,455.01
MCH4729,Deshpande Inc,7011,Hotel & Lodging,Sole Proprietor,Mumbai,Maharashtra,,XXXX6726,Inactive,1506.61
MCH1836,"Nazareth, Bahl And Manda",5411,Grocery,Private Limited,Hyderabad,Telangana,2023-11-15,IUQT6934618863943,Active,
MCH9918,"Jha, Kumer And Srivastava",5699,Apparel & Fashion,Sole Proprietor,Bengaluru,Karnataka,2024-01-16,UOAA2292690080709,Inactive,902.09
MCH7336,Krishnan And Sons,5812,Restaurants & Food,Partnership,Jalandhar,Punjab,2024-09-03,2456383296,Active,1122.92
MCH9307,"Bajwa, Dhawan And Guha",,Restaurants & Food,Sole Proprietor,Jalandhar,Punjab,2024-07-03,,Active,468.19
MCH8233,Patel Ltd,5411,Grocery,Partnership,Jalandhar,Punjab,2024-12-28,,Active,1942.94
MCH6671,Chandran-Dada,5699,Apparel & Fashion,Partnership,Amritsar,Punjab,2023-04-12,6648722960,Active,2579.5
MCH9620,Prakash Group,5411,Grocery,Partnership,Ludhiana,Punjab,2023-02-02,,Active,2975.01
MCH2769,Sehgal Plc,4814,Telecom,Private Limited,Amritsar,Punjab,2023-09-19,3613137952,Active,131.0
MCH3618,"Narang, Atwal And Merchant",5812,Medical,Sole Proprietor,Mumbai,Maharashtra,2023-07-25,LZII0053942814377,Active,1728.22
MCH9149,Bandi Inc,5999,Miscellaneous,Partnership,Jaipur,Rajasthan,2025-03-15,,Active,2169.18
MCH2165,Venkataraman-Seshadri,5912,Medical,Sole Proprietor,Pune,Maharashtra,2024-06-26,,Active,137.68
MCH1832,Mistry-Chaudhary,5999,Miscellaneous,Individual,Hyderabad,Telangana,2024-12-11,,Inactive,448.33
MCH1640,Trivedi-Agrawal,5411,Grocery,Private Limited,Jalandhar,Punjab,2025-01-25,WQQD1666405545072,Active,2316.65
MCH7314,Mahajan-B0Rde,5999,Miscellaneous,Partnership,Lucknow,Uttar Pradesh,2023-01-05,3772469001,Active,1003.0
MCH4688,Hora Plc,,Pharmacy,Individual,Ludhiana,Punjab,2024-05-18,XXXX6054,Suspended,1146.0
MCH8612,Kurian-Goda,5812,Restaurants & Food,Sole Proprietor,Mumbai,Maharashtra,2023-07-18,XXXX5561,Active,1133.93
MCH7400,Chaudhari Ltd,,Miscellaneous,Individual,Delhi,Delhi,2025-07-01,,Suspended,1040.56
MCH4118,Upadhyay Llc,4131,Transportation,Private Limited,Kolkata,West Bengal,2024-03-16,,Active,
MCH1197,"Gaba, Wadhwa And Sahni",5411,Grocery,Private Limited,Mumbai,Maharashtra,2024-08-01,8143796682,Active,488.96
MCH1718,Wason-Vaidya,5311,Retail,Private Limited,Jalandhar,Punjab,2025-04-04,,Active,705.66
MCH9800,Dasgupta-Sathe,7011,Hotel & Lodging,Partnership,Ludhiana,Punjab,2024-06-13,4290574632,Active,
MCH2198,"Arya, Dalal And Keer",5812,Restaurants & Food,Private Limited,Jaipur,Rajasthan,2023-09-08,,Active,2776.31
MCH3395,"Boase, Dutt And Sami",5912,Pharmacy,Partnership,Jaipur,Rajasthan,2024-07-22,,Inactive,619.0
MCH3547,Ramanathan-Dada,5812,Restaurants & Food,Private Limited,Delhi,Delhi,2025-02-03,,Active,5262.6
MCH7837,Wali Group,5812,Miscellaneous,Individual,Kolkata,West Bengal,2023-06-03,,Active,803.03
MCH3890,Tata-Bal,,Pharmacy,Individual,Pune,Maharashtra,2026-02-22,,Active,668.0
MCH7218,Varghese-Arya,7011,Hotel & Lodging,Private Limited,Lucknow,Uttar Pradesh,2025-12-25,VAFX9362941506530,Active,2725.82
MCH2943,Kh0S1A Llc,5812,Restaurants & Food,Private Limited,Mumbai,Maharashtra,2024-03-29,XXXX8006,Active,2741.64
MCH2083,Patla-Basak,5912,Medical,Individual,Kolkata,West Bengal,2024-10-08,,Suspended,556.93
MCH3361,Sabharwal-Shah,,Transportation,Partnership,Jalandhar,Punjab,2024-01-06,KQNB2621280715561,Inactive,887.23
MCH1195,Cherian-Rana,4131,Transportation,Sole Proprietor,Jalandhar,Punjab,2025-09-09,,Active,364.17
MCH6131,"Dhar, Dada And Bakshi",,Apparel & Fashion,Partnership,Bengaluru,Karnataka,2024-03-10,4600930161,Active,1921.0
MCH9996,Kala-Nadkarni,5699,Apparel & Fashion,Private Limited,Delhi,Delhi,2023-01-03,XXXX7769,Active,628.11
MCH1164,Goda Plc,4131,Transportation,Partnership,Ludhiana,Punjab,2025-10-27,,Active,953.0
MCH2384,"Atwal, Sawhney And Magar",5999,Miscellaneous,Sole Proprietor,Lucknow,Uttar Pradesh,2023-01-20,,Active,638.0
MCH5186,"Iyer, Sarma And Issac",5311,Department Store,Private Limited,Jaipur,Rajasthan,2023-03-27,WHOY9873117052427,Inactive,830.18
MCH1956,Sodhi Plc,5912,Pharmacy,Individual,Amritsar,Punjab,2025-09-28,TLKU2109519549509,Inactive,1459.74
MCH8136,Bora Inc,7011,Hotel & Lodging,Sole Proprietor,Amritsar,Punjab,2025-10-27,XXXX8920,Inactive,635.0
MCH5366,Bali Ltd,5311,Department Store,Private Limited,Lucknow,Uttar Pradesh,2024-02-25,XXXX6307,Inactive,1551.58
MCH2870,"Loyal, Buch And Ghose",5812,Restaurants & Food,Sole Proprietor,Delhi,Delhi,2025-05-27,,Active,2213.61
MCH5443,Loyal-Narasimhan,7011,Hotel & Lodging,Individual,Kolkata,West Bengal,2023-09-12,VCRF1570737200411,Active,1593.65
MCH1929,"Bahri,Daraandsaran",5942,Books & Stationery,Private Limited,Jaipur,Rajasthan,2025-12-26,XXXX4676,Active,
MCH7620,"Vaidya, Deshmukh And Cherian",5942,Books & Stationery,Individual,Pune,Maharashtra,2024-10-20,SIIG8824885521026,On Hold,1771.87
MCH7851,"Warrior, Hora And Dayal",4814,Telecom,Individual,Jalandhar,Punjab,2024-02-07,6337984791,Active,
MCH8407,Dey Group,4131,Transportation,Individual,Lucknow,Uttar Pradesh,2024-07-10,,Active,2726.27
MCH4104,Sawhney-Suri,4814,Telecom,Individual,Hyderabad,Telangana,2023-12-15,8776394591,Inactive,295.0
MCH3907,"Andra, Chakrabarti And Khalsa",5311,Department Store,Sole Proprietor,Mumbai,Maharashtra,,OAMS4252276899430,Active,1320.29
MCH5549,Bahri Ltd,5812,Restaurants & Food,Partnership,Chennai,Tamil Nadu,2023-10-06,XXXX0036,Active,1045.04
MCH5092,Dubey-Gade,4814,Telecom,Partnership,Kolkata,West Bengal,2023-07-01,,Active,730.73
MCH9492,Sahni-Ravel,5311,Department Store,Individual,Lucknow,Uttar Pradesh,2024-03-01,1939900223,Active,3080.63
MCH4630,Modi And Sons,5699,Apparel & Fashion,Sole Proprietor,Jalandhar,Punjab,2023-03-01,,Active,333.91
MCH4481,Nagi Inc,5699,Apparel & Fashion,Partnership,Pune,Maharashtra,2023-11-28,,Active,2759.79
MCH6783,"Deep, Pall And Suri",5912,Medical,Individual,Lucknow,Uttar Pradesh,2025-11-28,,Active,1131.0
MCH7896,Samra Llc,7011,Hotel & Lodging,Private Limited,Kolkata,West Bengal,2023-10-16,SGTY6881761008390,On Hold,2276.65
MCH8600,"Kalita, Bains And Gandhi",5812,Restaurants & Food,Sole Proprietor,Delhi,Delhi,2024-07-06,RRYJ6587686551997,Active,855.0
MCH9207,"Jani, Mittal And Narasimhan",5411,Grocery,Partnership,Bengaluru,Karnataka,2025-01-15,XJLY4559421802745,Inactive,1049.45
MCH8725,Gala Group,7011,Hotel & Lodging,Private Limited,Jaipur,Rajasthan,2024-08-14,PIMP1040686768002,Active,7512.0
MCH2623,"Oak, Nadig And Doshi",5411,Grocery,Sole Proprietor,Jalandhar,Punjab,2025-03-18,SGLM9352062021997,Active,1380.47
MCH3280,"Vohra, Bora And Vasa",5411,Grocery,Private Limited,Pune,Maharashtra,2023-10-16,,Suspended,412.76
MCH6216,Agarwal Group,5812,Restaurants & Food,Private Limited,Amritsar,Punjab,2024-03-28,XXXX1409,Active,1210.0
MCH4809,Viswanathan Plc,7011,Hotel & Lodging,Individual,Kolkata,West Bengal,2023-07-12,,Active,1713.6
MCH3327,Balay Ltd,5912,Medical,Partnership,Amritsar,Punjab,2024-06-10,4132109142,Active,799.92
MCH1984,"Lala, Wagle And Bal",5699,Apparel & Fashion,Partnership,Chennai,Tamil Nadu,2025-01-08,,Active,5244.88
MCH5944,Jayaraman-Bhattacharyya,4131,Transportation,Private Limited,Hyderabad,Telangana,2023-04-09,BTLX3994335719192,Active,545.7
MCH3824,Chand-Sarna,5812,Restaurants & Food,Sole Proprietor,Kolkata,West Bengal,2025-08-24,,Active,733.85
MCH8598,Chanda-Parekh,,Books & Stationery,Partnership,Ludhiana,Punjab,,5300981765,Active,1205.19
MCH2846,"Sha, Ramanathan And Kota",5411,Grocery,Individual,Jaipur,Rajasthan,2025-09-30,2763596998,Inactive,2995.95
MCH2576,"Shan,Semandpau",5311,Department Store,Partnership,Hyderabad,Telangana,2023-12-03,3390811191,Active,472.21
MCH3841,"Sandhu, Khosla And Guha",5999,Miscellaneous,Partnership,Bengaluru,Karnataka,2024-09-16,7616513593,Inactive,2207.18
MCH3085,Mander-Mital,7011,Hotel & Lodging,Private Limited,Chennai,Tamil Nadu,2024-08-20,,Active,3842.0
MCH1952,Madan Inc,5942,Books & Stationery,Partnership,Chennai,Tamil Nadu,2024-06-28,7688662215,Inactive,1643.17
MCH4574,Cherian And Sons,5311,Department Store,Individual,Lucknow,Uttar Pradesh,2024-08-31,XXXX0148,Active,789.16
MCH5841,Nori Group,5912,Medical,Sole Proprietor,Mumbai,Maharashtra,2023-01-11,,Active,466.44
MCH4530,"Bhandari, Ramakrishnan And Srinivasan",5812,Restaurants & Food,Partnership,Pune,Maharashtra,2023-10-12,8219848716,Active,669.95
MCH5204,Sibal-Kanda,,Books & Stationery,Private Limited,Ludhiana,Punjab,2025-06-20,3994262713,Active,
MCH5401,"Sama, Ar0Ra And Mem0N",,Books & Stationery,Private Limited,Kolkata,West Bengal,2023-07-23,,Active,
MCH1213,Ray Llc,5912,Pharmacy,Partnership,Pune,Maharashtra,2024-01-07,1805958295,Active,1556.0
MCH6206,"Sanghvi, Dugar And Rajagopal",4814,Telecom,Individual,Chennai,Tamil Nadu,2025-03-31,5473942096,Active,683.76
MCH4043,Sodhi Group,5942,Books & Stationery,Partnership,Ludhiana,Punjab,,QEIP6568462838668,Inactive,
MCH5608,Raman-Behl,5812,Restaurants & Food,Individual,Amritsar,Punjab,2023-10-05,,Active,251.88
MCH1159,Sabharwal-Gole,4814,Telecom,Partnership,Hyderabad,Telangana,,XXXX4659,Inactive,790.13
MCH6388,Pillai-Subramaniam,5699,Apparel & Fashion,Sole Proprietor,Jalandhar,Punjab,2023-04-28,XXXX3833,Inactive,2418.46
MCH8876,Apte And Sons,5812,Restaurants & Food,Partnership,Kolkata,West Bengal,2024-02-03,,Active,2620.0
MCH3755,Hayer And Sons,5812,Restaurants & Food,Private Limited,Pune,Maharashtra,2025-08-02,1710186455,Active,1098.64
MCH8598,"Raghavan, Nadig And Karpe",5812,Restaurants & Food,Sole Proprietor,Pune,Maharashtra,2024-06-16,XXXX2019,Active,1385.16
MCH4077,Din Llc,4131,Transportation,Sole Proprietor,Jaipur,Rajasthan,2024-09-21,,Active,640.73
MCH2719,"Ranganathan, Mall And Aggarwal",5812,Restaurants & Food,Partnership,Lucknow,Uttar Pradesh,2024-05-24,,Active,2283.24
MCH1004,Pillai-Mohan,4131,Travel,Sole Proprietor,Lucknow,Uttar Pradesh,2023-08-04,3448414449,Active,342.7
MCH1275,Kata Group,7011,Hotel & Lodging,Partnership,Lucknow,Uttar Pradesh,2025-09-11,XXXX0284,Active,252.53
MCH6165,"Luthra, Bala And Khurana",,Hotel & Lodging,Individual,Lucknow,Uttar Pradesh,2025-01-29,XXXX9557,Active,1785.07
MCH7432,Agate Plc,5812,Restaurants & Food,Individual,Chennai,Tamil Nadu,2024-06-11,OKRJ7586561022456,Active,88.41
MCH9377,"Badal, Mitter And Mitter",5912,Medical,Sole Proprietor,Lucknow,Uttar Pradesh,2024-08-22,USJW2353874844902,Active,
MCH8132,Venkataraman-Yadav,5942,Books & Stationery,Partnership,Kolkata,West Bengal,2023-10-30,7864776232,Inactive,2105.69
MCH6039,Padmanabhan-Bora,4814,Telecom,Sole Proprietor,Lucknow,Uttar Pradesh,,,Active,6727.69
MCH5249,Tak Inc,7011,Hotel & Lodging,Private Limited,Lucknow,Uttar Pradesh,2025-03-10,,Active,
MCH7876,Yadav-Bansal,5942,Books & Stationery,Individual,Lucknow,Uttar Pradesh,2024-09-22,,Active,
MCH2592,"Mander, Goel And Soni",,Transportation,Individual,Mumbai,Maharashtra,2023-04-25,,Active,1371.19
MCH1725,"Narayanan, Thaker And Sandhu",5999,Miscellaneous,Partnership,Jaipur,Rajasthan,2025-02-15,XXXX2721,Active,385.5
MCH6566,"Kala, Talwar And Keer",5311,Department Store,Private Limited,Chennai,Tamil Nadu,2024-02-15,2935227590,Active,
MCH7331,Kala-Loyal,5311,Retail,Sole Proprietor,Hyderabad,Telangana,2024-05-20,6553174901,Active,
MCH6165,"Chandran, Dey And Dalal",,Apparel & Fashion,Private Limited,Delhi,Delhi,2025-08-29,CFEB4939576870397,Active,1513.56
MCH8537,Sunder Llc,4131,Travel,Private Limited,Chennai,Tamil Nadu,2025-09-16,FNGX1491502830694,Active,1072.34
MCH6218,Chad-Bhakta,5411,Grocery,Sole Proprietor,Chennai,Tamil Nadu,2023-12-23,TDSR2442651102267,Active,218.0
MCH9543,Khanna-Som,5942,Books & Stationery,Sole Proprietor,Bengaluru,Karnataka,2023-11-13,XXXX7044,Active,1143.19
MCH7050,Chand And Sons,5912,Pharmacy,Private Limited,Bengaluru,Karnataka,2025-02-04,XXXX7630,Active,781.34
MCH6061,"Nadkarni, Tella And Padmanabhan",4131,Transportation,Individual,Chennai,Tamil Nadu,2024-11-22,9827765407,Active,
MCH5701,"Lad, Thakkar And Nazareth",4131,Transportation,Private Limited,Kolkata,West Bengal,,XXXX7572,Active,1254.73
MCH4287,"Kuruvilla, Chanda And Sood",4131,Transportation,Individual,Jalandhar,Punjab,2025-04-01,,Active,1244.04
MCH2525,Narayan-Mallick,5912,Medical,Sole Proprietor,Amritsar,Punjab,2025-03-17,,Active,1084.48
MCH5842,"Dutt, Trivedi And Dhingra",5942,Books & Stationery,Partnership,Amritsar,Punjab,2024-01-21,XXXX5651,Active,182.55
MCH5213,Keer-Yadav,7011,Hotel & Lodging,Private Limited,Jalandhar,Punjab,2023-09-04,NHOQ3812159504524,Active,2157.19
MCH9332,Gupta Inc,5912,Pharmacy,Private Limited,Pune,Maharashtra,2023-09-24,,Active,1393.93
MCH6651,"Choudhry, Sarma And Seshadri",7011,Hotel & Lodging,Sole Proprietor,Delhi,Delhi,2024-10-05,SMUJ2866206053187,Active,2606.0
MCH7521,Boase Plc,4131,Transportation,Sole Proprietor,Kolkata,West Bengal,2026-01-27,WKCL3458708850629,Active,880.0
MCH6240,"Dutta, Aggarwal And Devan",5812,Restaurants & Food,Sole Proprietor,Amritsar,Punjab,2025-09-04,,Active,905.07
MCH7096,Saxena-Kara,5942,Books & Stationery,Partnership,Jaipur,Rajasthan,2025-01-25,,Active,1167.73
MCH2851,Minhas Group,5311,Department Store,Sole Proprietor,Hyderabad,Telangana,2023-01-25,XXXX8636,Active,1535.83
MCH9546,"Mohan, Tak And Dhingra",5999,Miscellaneous,Sole Proprietor,Amritsar,Punjab,2024-11-20,XXXX5350,Active,1645.26
MCH3612,Lal Inc,4814,Telecom,Individual,Pune,Maharashtra,2025-01-07,XXXX1339,Active,354.59
MCH7095,Soni-Dubey,5812,Restaurants & Food,Individual,Mumbai,Maharashtra,2025-01-05,,Active,589.1
MCH8889,"Mahal, Edwin And Dasgupta",5699,Apparel & Fashion,Sole Proprietor,Pune,Maharashtra,2023-03-26,,Suspended,
MCH4847,Dhillon-Pillay,7011,Hotel & Lodging,Private Limited,Lucknow,Uttar Pradesh,2023-12-10,5738051147,Active,2178.15
MCH3237,Gaba Inc,5999,Miscellaneous,Sole Proprietor,Delhi,Delhi,2023-03-06,YPVB7296650386869,Suspended,
MCH4319,"Chaudhry, Rajan And Lad",5812,Restaurants & Food,Private Limited,Jaipur,Rajasthan,2025-07-13,,Suspended,1128.44
MCH2137,Saran And Sons,5699,Apparel & Fashion,Private Limited,Delhi,Delhi,2023-11-10,,Active,2376.86
MCH1109,Sinha-Bumb,4131,Transportation,Private Limited,Amritsar,Punjab,2023-02-11,,Active,
MCH6939,"Memon, Gole And Pingle",5812,Restaurants & Food,Private Limited,Lucknow,Uttar Pradesh,2023-09-13,VYGQ0383354923460,Inactive,1508.63
MCH6219,"Morar, Walla And Behl",5912,Medical,Partnership,Delhi,Delhi,2024-06-24,,Active,4347.57
MCH9624,Brar-Chad,5311,Department Store,Individual,Amritsar,Punjab,2025-02-04,XXXX6058,Suspended,2595.66
MCH6299,Pathak-Mukherjee,5999,Miscellaneous,Individual,Delhi,Delhi,2025-02-02,,Active,256.83
MCH6852,Swamy-Srinivas,4814,Telecom,Private Limited,Chennai,Tamil Nadu,,SOKG3294393943682,Active,
MCH7614,Waliltd,5699,Apparel & Fashion,Individual,Mumbai,Maharashtra,2023-07-03,BEBD9243619313229,Active,969.0
MCH2757,Chhabra-Dugar,5699,Apparel & Fashion,Sole Proprietor,Kolkata,West Bengal,2025-11-16,XXXX2280,Active,1214.2
MCH4667,Kapur-Gara,5812,Restaurants & Food,Private Limited,Delhi,Delhi,2025-10-30,9822186565,Active,1043.72
MCH1014,"Raghavan, Barad And Bahl",5812,Restaurants & Food,Partnership,Pune,Maharashtra,2024-03-23,PDTL9868386773357,Active,
MCH8715,"Raju,Lokeandvora",5999,Miscellaneous,Partnership,Hyderabad,Telangana,2025-09-14,,Active,1332.26
MCH9964,Dua Inc,4131,Transportation,Sole Proprietor,Mumbai,Maharashtra,2023-02-06,,Inactive,794.67
MCH9790,Ganesh-La1,5999,Miscellaneous,Sole Proprietor,Delhi,Delhi,2024-03-11,XCKU8726264646953,Active,914.14
MCH5892,Mangat-Dutta,,Books & Stationery,Sole Proprietor,Jaipur,Rajasthan,2023-10-08,3873887194,Inactive,2243.17
MCH1774,"Chawla, Luthra And Kapur",4814,Telecom,Sole Proprietor,Amritsar,Punjab,2024-08-09,MJXY1754643071882,Active,691.84
MCH5447,Chhabra-Bajaj,,Grocery,Sole Proprietor,Hyderabad,Telangana,2025-04-08,3031826064,Active,363.53
MCH4928,"Narang, Bedi And Sachar",5699,Apparel & Fashion,Private Limited,Jalandhar,Punjab,2025-09-25,,Active,3146.1
MCH4398,"Bose, Dhar And Oza",5812,Restaurants & Food,Individual,Jalandhar,Punjab,2024-03-06,VPBZ3389716321736,Active,580.38
MCH2997,Mohanty Ltd,7011,Hotel & Lodging,Individual,Bengaluru,Karnataka,2024-10-16,AVZS8243524193975,Active,2948.35
MCH7098,Patla Plc,4131,Transportation,Individual,Jaipur,Rajasthan,2024-11-14,,Active,926.0
MCH2435,"Badal, Chada And Narang",5699,Apparel & Fashion,Private Limited,Ludhiana,Punjab,,219895854,Active,2576.23
MCH6284,Grewal-Kulkarni,,Hotel & Lodging,Private Limited,Chennai,Tamil Nadu,2025-02-07,,Active,1068.79
MCH7360,Rajan-Sahni,,Telecom,Partnership,Kolkata,West Bengal,2023-11-05,HKWU3873449938871,Inactive,1218.43
MCH7790,Barman-Roy,5942,Books & Stationery,Sole Proprietor,Chennai,Tamil Nadu,2025-05-28,3171421828,Active,1525.46
MCH1899,Subramaniam-Bedi,,Books & Stationery,Private Limited,Ludhiana,Punjab,2025-09-27,XXXX4698,Active,
MCH7258,"Om, Swaminathan And Ray",5699,Apparel & Fashion,Private Limited,Jaipur,Rajasthan,2024-07-16,ARZZ7929473227025,Inactive,472.89
MCH9180,Ramaswamyplc,5699,Apparel & Fashion,Individual,Pune,Maharashtra,2025-08-08,,Active,
MCH3659,Tandon Plc,5411,Grocery,Individual,Lucknow,Uttar Pradesh,2024-01-30,,Suspended,1421.27
MCH6756,Mangal Plc,5812,Restaurants & Food,Individual,Kolkata,West Bengal,2024-12-21,XXXX7752,Active,689.85
MCH4066,Swaminathan And Sons,5311,Department Store,Partnership,Hyderabad,Telangana,2025-05-24,,Active,972.63
MCH5972,Parmar-Ramanathan,4814,Telecom,Sole Proprietor,Mumbai,Maharashtra,,,Inactive,3048.92
MCH5683,Subramanian Group,5311,Department Store,Private Limited,Lucknow,Uttar Pradesh,2024-10-24,XUFZ9750077803623,Active,774.44
MCH3199,Deshmukh-Karnik,5311,Department Store,Partnership,Jaipur,Rajasthan,2023-08-10,GHWA0359999214011,Active,2251.19
MCH8369,"Vyas, Dutt And Ganesan",5912,Pharmacy,Individual,Kolkata,West Bengal,2023-09-15,639952317,Active,410.34
MCH5135,Kapoor Ltd,5699,Apparel & Fashion,Partnership,Chennai,Tamil Nadu,2024-02-25,XXXX2733,Active,1221.22
MCH1894,Setty-Doshi,5812,Restaurants & Food,Partnership,Bengaluru,Karnataka,2025-08-11,1742153273,Active,2961.06
MCH2757,Cherian-Parmer,5942,Books & Stationery,Sole Proprietor,Chennai,Tamil Nadu,2023-05-02,9249178567,Active,1801.26
MCH9744,Walia Inc,5942,Books & Stationery,Sole Proprietor,Bengaluru,Karnataka,2024-06-24,XXXX8765,Suspended,574.28
MCH4325,Choudhry Llc,7011,Hotel & Lodging,Private Limited,Jaipur,Rajasthan,2023-07-06,,Inactive,
MCH3037,Gokhale Plc,5411,Grocery,Partnership,Kolkata,West Bengal,2024-12-13,XXXX1304,On Hold,1146.48
MCH1353,Chada And Sons,4131,Transportation,Partnership,Jaipur,Rajasthan,2023-11-25,,Active,2641.0
MCH6896,Padmanabhan-Purohit,4814,Telecom,Private Limited,Kolkata,West Bengal,2025-10-09,9931095643,Active,1862.46
MCH1106,"Narang, Wali And Aurora",5411,Grocery,Sole Proprietor,Jalandhar,Punjab,2023-04-10,XKBE4857491773438,Active,1853.84
MCH2623,Chokshiltd,4131,Transportation,Partnership,Chennai,Tamil Nadu,2023-05-17,,Active,
MCH7953,Deep Group,5411,Grocery,Sole Proprietor,Mumbai,Maharashtra,2025-08-07,4208218333,Active,1668.75
MCH4248,"Bahl, Prashad And Reddy",5311,Department Store,Sole Proprietor,Lucknow,Uttar Pradesh,2025-06-30,,Active,4921.5
MCH3613,Lad-Chacko,4814,Telecom,Private Limited,Jaipur,Rajasthan,2025-02-04,XXXX9897,Active,466.16
MCH2981,"Parekh, Anand And Nagi",4131,Travel,Individual,Amritsar,Punjab,,4706473579,Active,2350.58
MCH6188,"Batta, Choudhary And Bhalla",4131,Transportation,Private Limited,Kolkata,West Bengal,2026-01-09,3109651401,Active,163.0
MCH5110,"Anne, Nayak And Chada",5311,Department Store,Private Limited,Amritsar,Punjab,2023-04-26,6381447674,Active,478.0
MCH3598,Kapur-Sahni,4814,Telecom,Private Limited,Bengaluru,Karnataka,2024-12-07,759983753,Active,7252.05
MCH3255,"Shah, Kala And Sarraf",7011,Hotel & Lodging,Private Limited,Jalandhar,Punjab,2024-09-06,XXXX8773,Active,807.0
MCH3684,Chahal-Reddy,,Grocery,Partnership,Delhi,Delhi,,,Active,629.48
MCH9858,"Memon, Mohanty And Ghosh",4131,Transportation,Sole Proprietor,Mumbai,Maharashtra,2025-12-11,WBRG3053362542372,Active,911.0
MCH4023,"Dhaliwal, Dugar And Vasa",5942,Books & Stationery,Partnership,Chennai,Tamil Nadu,2023-01-02,7015726404,Active,
MCH5017,"Datta, Sinha And Pat1A",7011,Hotel & Lodging,Sole Proprietor,Kolkata,West Bengal,2024-11-25,6167636642,Active,617.0
MCH9109,"Som, Mittal And Wable",5699,Apparel & Fashion,Partnership,Amritsar,Punjab,2024-08-11,XXXX6670,Active,553.0
MCH2063,Bhavsar Gr0Up,4131,Transportation,Private Limited,Chennai,Tamil Nadu,2025-10-10,,Active,2405.73
MCH7802,Venkatesh Llc,5912,Medical,Partnership,Lucknow,Uttar Pradesh,2024-04-12,5184855438,Active,1493.43
MCH4022,Varughese-Taneja,5699,Apparel & Fashion,Individual,Bengaluru,Karnataka,2025-12-12,SVSY3016666927119,Suspended,724.48
MCH3662,"Mand, Walia And Bhalla",5411,Grocery,Private Limited,Chennai,Tamil Nadu,2023-04-08,KFML5342009384721,Active,677.63
MCH6163,Mani Ltd,5942,Books & Stationery,Partnership,Hyderabad,Telangana,2025-10-30,RJUA0543412555773,Active,2298.3
MCH1438,"Memon, Chaudhuri And Choudhry",5812,Restaurants & Food,Sole Proprietor,Amritsar,Punjab,2024-05-17,,Active,2393.0
MCH3328,Jha-Chaha1,5311,Retail,Individual,Kolkata,West Bengal,2023-04-13,VIVF5640000542857,Active,
MCH7794,Kalita Plc,5912,Medical,Partnership,Delhi,Delhi,2025-01-05,GLZI3360162189324,Active,622.63
MCH4947,M0Han-Sah0Ta,4131,Transportation,Individual,Mumbai,Maharashtra,2025-04-22,QAWO0072726316755,Active,1906.18
MCH1990,Mitra Plc,7011,Hotel & Lodging,Partnership,Amritsar,Punjab,2024-12-04,5026245001,Active,1251.23
MCH2748,"Banerjee, Wason And Dyal",5812,Restaurants & Food,Private Limited,Pune,Maharashtra,2023-11-16,XXXX5034,Active,1037.44
MCH7651,Sur Inc,5912,Medical,Sole Proprietor,Jalandhar,Punjab,2025-07-24,VAPP7301302357942,Active,1138.07
MCH3093,"Dube, Venkatesh And Jha",5999,Miscellaneous,Private Limited,Kolkata,West Bengal,2024-10-22,PHHT2563139884519,Active,1107.0
MCH1494,Joshi-Bala,5311,Retail,Sole Proprietor,Mumbai,Maharashtra,2023-12-07,QLRF2864130155210,Active,997.33
MCH2548,Anne Llc,5812,Restaurants & Food,Partnership,Kolkata,West Bengal,2024-03-28,,Active,2367.01
MCH7306,Devi-Narang,4131,Transportation,Individual,Delhi,Delhi,2024-10-20,XXXX6412,Active,539.76
MCH3983,"Magar, Tara And Gera",5912,Medical,Sole Proprietor,Amritsar,Punjab,2024-12-15,XXXX1963,Active,511.0
MCH4587,Karnik And Sons,5311,Retail,Partnership,Jaipur,Rajasthan,2025-07-02,,Active,2493.1
MCH3555,Chaudhari-Dutta,5311,Department Store,Partnership,Kolkata,West Bengal,2023-03-31,FYRB6292482908836,Active,712.21
MCH7127,"Thakur, Hayre And Kalla",5912,Medical,Individual,Chennai,Tamil Nadu,2023-07-15,,Active,1116.33
MCH8994,Shukla-Manne,5912,Telecom,Partnership,Kolkata,West Bengal,2025-11-22,AOKV6829664383303,Active,2951.22
MCH3240,"Roy, Dash And Bobal",5411,Grocery,Partnership,Pune,Maharashtra,2023-11-13,CMDO7903517998811,Active,1077.02
MCH1417,"Sekhon, Parsa And Bandi",4814,Telecom,Sole Proprietor,Mumbai,Maharashtra,2026-01-26,,Active,1501.66
MCH4322,Patla Plc,4814,Telecom,Private Limited,Pune,Maharashtra,2025-10-17,XXXX9948,Active,274.0
MCH1130,"K0Thari, Singh And Sura",5311,Department Store,Sole Proprietor,Ludhiana,Punjab,2025-09-20,,Active,3514.91
MCH5559,Muni-Raval,5411,Grocery,Private Limited,Jalandhar,Punjab,2026-01-21,,Active,723.26
MCH5695,Divan Inc,5699,Apparel & Fashion,Individual,Hyderabad,Telangana,2025-08-20,6474425874,Active,
MCH4475,"Ray, Kulkarni And Suresh",5311,Department Store,Private Limited,Ludhiana,Punjab,2024-03-03,XXXX5127,Active,3417.23
MCH8410,Kade Llc,5411,Grocery,Partnership,Lucknow,Uttar Pradesh,2024-11-08,5959501337,Active,893.08
MCH5478,"Prashad, Tripathi And Bala",4814,Telecom,Private Limited,Jaipur,Rajasthan,2024-06-14,XXXX3083,Active,3789.33
MCH1616,"Suresh, Borra And Ganesh",4814,Telecom,Individual,Chennai,Tamil Nadu,2023-11-10,,Active,2818.0
MCH5237,Deep-Raja,5999,Miscellaneous,Individual,Mumbai,Maharashtra,2025-02-13,XXXX0515,Active,986.24
MCH1263,Krishnan-Venkataraman,,Telecom,Partnership,Kolkata,West Bengal,,,Active,565.9
MCH4956,Kant-Setty,5411,Grocery,Sole Proprietor,Jaipur,Rajasthan,2025-01-22,DOXB7877644685999,Active,6450.59
MCH3966,Nath-Dixit,5411,Grocery,Partnership,Pune,Maharashtra,2023-08-21,XXXX2614,Active,1005.47
MCH6331,Wagle-Sinha,5912,Medical,Sole Proprietor,Bengaluru,Karnataka,2024-05-10,IOKV1240109633121,Active,2605.3
MCH7185,Agarwal Plc,7011,Hotel & Lodging,Individual,Pune,Maharashtra,2025-08-26,,Active,1255.08
MCH9884,Sidhu Group,7011,Hotel & Lodging,Partnership,Chennai,Tamil Nadu,2023-10-27,PILQ9149941231060,Active,1570.58
MCH7321,"Krishna, Saraf And Pant",4131,Miscellaneous,Partnership,Kolkata,West Bengal,2024-02-28,,Active,954.48
MCH6383,Shere-Mander,,Transportation,Private Limited,Delhi,Delhi,2024-05-20,,Suspended,1196.32
MCH8673,Goswami And Sons,5812,Restaurants & Food,Private Limited,Delhi,Delhi,2026-02-25,1774013903,Active,979.86
MCH6919,Mander Ltd,5999,Miscellaneous,Partnership,Jalandhar,Punjab,2024-05-02,6597659461,Active,2549.85
MCH4092,"Badami, Prabhakar And Grover",5942,Books & Stationery,Individual,Chennai,Tamil Nadu,2024-10-30,KNKS3499549207785,On Hold,5822.31
MCH3389,Korpal-Hegde,5812,Medical,Individual,Ludhiana,Punjab,2023-11-04,,Active,
MCH7323,Koshy-Comar,5311,Department Store,Sole Proprietor,Chennai,Tamil Nadu,2026-02-15,,Active,973.0
MCH8037,Hans Llc,,Hotel & Lodging,Sole Proprietor,Kolkata,West Bengal,2024-08-09,CEOR0731906884915,Active,2212.52
MCH6837,Oommen-Thaker,5912,Books & Stationery,Individual,Jalandhar,Punjab,2025-10-11,6324216769,Inactive,1750.4
MCH2236,Yohannan-Chada,5311,Department Store,Private Limited,Kolkata,West Bengal,2023-01-24,3926948531,Inactive,5340.64
MCH8212,Taneja Ltd,5311,Department Store,Private Limited,Chennai,Tamil Nadu,2023-03-07,,Inactive,2159.07
MCH4912,Devi Group,7011,Grocery,Sole Proprietor,Kolkata,West Bengal,2025-07-07,DTHN1330740328006,Active,1738.86
MCH6291,"Bal, Divan And Natt",7011,Hotel & Lodging,Private Limited,Amritsar,Punjab,2023-01-18,9816350407,Active,908.0
MCH2580,Rajag0Pa1An-S0Man,5812,Restaurants & Food,Private Limited,Jaipur,Rajasthan,2023-07-17,XXXX4205,Active,7864.69
MCH8306,Magar-Gaba,4131,Transportation,Private Limited,Delhi,Delhi,2025-11-22,,Inactive,840.15
MCH9973,"Parsa, Loyal And Pai",4814,Telecom,Partnership,Lucknow,Uttar Pradesh,2024-04-19,VRDN2962805644016,Active,1836.29
MCH6583,"Iyengar, Puri And Tiwari",5311,Department Store,Partnership,Jalandhar,Punjab,2025-07-20,OTYU4679169024065,Inactive,4193.64
MCH1567,Samra Plc,5699,Apparel & Fashion,Individual,Mumbai,Maharashtra,2023-07-23,XXXX0316,Inactive,1417.9
MCH8125,Dar Plc,5311,Department Store,Partnership,Ludhiana,Punjab,2025-09-16,VZMM0683609991755,Inactive,176.19
MCH6600,Raju Inc,7011,Hotel & Lodging,Individual,Bengaluru,Karnataka,2025-04-18,IHUG8298515768880,Active,484.58
MCH9319,Ladinc,5699,Apparel & Fashion,Sole Proprietor,Jalandhar,Punjab,2025-07-20,XXXX7774,Inactive,839.54
MCH5626,"Borah, Bedi And Khalsa",7011,Hotel & Lodging,Sole Proprietor,Hyderabad,Telangana,2026-02-25,,On Hold,1422.38
MCH8570,Reddy Ltd,5942,Books & Stationery,Partnership,Hyderabad,Telangana,2023-03-28,4219980172,Active,528.1
MCH9693,"Babu, Murty And Rao",5942,Books & Stationery,Sole Proprietor,Pune,Maharashtra,2023-07-25,SBLA0467817458024,Active,1260.07
MCH8744,Prashad Llc,5942,Books & Stationery,Individual,Jalandhar,Punjab,2025-03-31,WWJH8069949347893,Active,3282.54
MCH6033,"Sama, Basak And Majumdar",5999,Miscellaneous,Private Limited,Hyderabad,Telangana,2025-03-05,665928024,Active,365.0
MCH6989,Raju Llc,5699,Apparel & Fashion,Individual,Jaipur,Rajasthan,2023-11-03,4351608402,Inactive,1427.8
MCH7470,Venkatesh Ltd,,Apparel & Fashion,Sole Proprietor,Lucknow,Uttar Pradesh,2025-04-29,DLXM0557851330372,Active,787.0
MCH7400,"Kunda, Ramachandran And Khurana",5942,Books & Stationery,Private Limited,Pune,Maharashtra,2024-11-02,,Inactive,9167.75
MCH6449,Chakraborty-Hans,5812,Restaurants & Food,Sole Proprietor,Hyderabad,Telangana,2024-03-01,XXXX5646,Active,1506.6
MCH2081,Swaminathan And Sons,7011,Hotel & Lodging,Individual,Jalandhar,Punjab,2026-02-24,,Active,515.0
MCH7256,Arora-Raman,4131,Transportation,Sole Proprietor,Lucknow,Uttar Pradesh,2026-02-14,,Active,449.65
MCH5112,Agarwa1 Ltd,5311,Retail,Private Limited,Chennai,Tamil Nadu,2026-02-18,,Active,782.67
MCH3163,Dada-Kalita,5912,Pharmacy,Partnership,Hyderabad,Telangana,2026-01-16,,Active,963.91
MCH2589,Dhawan-Thaker,5311,Department Store,Sole Proprietor,Hyderabad,Telangana,2025-12-01,XXXX8775,Inactive,
MCH5959,Nigam Group,5942,Books & Stationery,Private Limited,Mumbai,Maharashtra,2025-06-14,TOMC3445782175803,Inactive,2495.0
MCH6061,Nazareth Plc,4131,Transportation,Sole Proprietor,Pune,Maharashtra,2025-02-02,,Active,1189.87
MCH4556,Parmar And S0Ns,,Hotel & Lodging,Private Limited,Jaipur,Rajasthan,2024-05-16,CXEA6616163600300,Active,
MCH2899,Sampath-Mannan,5812,Restaurants & Food,Individual,Bengaluru,Karnataka,2023-05-27,,Active,
MCH1465,"Shah, Solanki And Rajagopalan",5699,Apparel & Fashion,Individual,Lucknow,Uttar Pradesh,2024-10-04,XXXX9396,Suspended,725.72
MCH6377,"Sharma, Bedi And Pandya",5812,Restaurants & Food,Partnership,Hyderabad,Telangana,2023-10-03,,Suspended,531.47
MCH7618,Mutti-Mohan,5942,Books & Stationery,Individual,Hyderabad,Telangana,2023-03-14,XXXX5035,Active,664.0
MCH9824,Memon-Mistry,4814,Telecom,Partnership,Ludhiana,Punjab,2024-08-16,,On Hold,837.47
MCH1828,Goel Plc,5699,Apparel & Fashion,Private Limited,Chennai,Tamil Nadu,2025-10-15,XXXX2989,Active,4227.93
MCH7748,Chhabra Group,5812,Restaurants & Food,Individual,Pune,Maharashtra,2025-12-26,225226630,Active,1602.16
MCH8058,Sem-Kapoor,,Retail,Partnership,Kolkata,West Bengal,2024-05-06,XXXX0797,Active,8700.14
MCH1199,Chad-Grewal,5812,Restaurants & Food,Sole Proprietor,Hyderabad,Telangana,2024-11-22,8520358001,Active,187.18
MCH5767,Pandya Inc,4814,Telecom,Individual,Jaipur,Rajasthan,2024-01-09,6172553008,Active,793.79
MCH8058,"Tripathi, Bhagat And Kala",5999,Miscellaneous,Private Limited,Hyderabad,Telangana,2024-07-28,,Active,259.88
MCH3535,"Mammen, Patla And Kala",4131,Travel,Sole Proprietor,Jaipur,Rajasthan,2025-08-08,,Active,1091.98
MCH2910,"Mall, Sankaran And Mittal",4131,Transportation,Private Limited,Delhi,Delhi,2025-09-28,XXXX0107,Active,3631.28
MCH6263,"Bahri, Bajaj And Mander",5942,Books & Stationery,Individual,Chennai,Tamil Nadu,2025-09-10,,Inactive,667.85
MCH1270,Tiwari And Sons,5311,Department Store,Private Limited,Hyderabad,Telangana,2023-06-02,,Active,1107.02
MCH5559,"Ganguly, Bakshi And Chopra",,Apparel & Fashion,Individual,Jalandhar,Punjab,2023-11-14,,Inactive,
MCH1913,"Sandal, Srinivas And Lata",5912,Pharmacy,Partnership,Lucknow,Uttar Pradesh,2023-06-09,3453698993,Active,468.17
MCH3765,Mohanty Llc,5311,Department Store,Partnership,Hyderabad,Telangana,2023-06-20,770998127,Active,1911.75
MCH7639,Guha And Sons,,Apparel & Fashion,Private Limited,Jalandhar,Punjab,2024-04-10,CBVL9950272702158,Active,2082.39
MCH6737,Kohli Inc,5942,Books & Stationery,Partnership,Ludhiana,Punjab,2023-07-06,7394942754,Active,675.29
MCH9749,"Vasa, Jha And Babu",7011,Hotel & Lodging,Sole Proprietor,Chennai,Tamil Nadu,2025-04-08,KYLU7872860441516,Active,276.87
MCH3803,"Tara, Wali And Sachdev",5942,Books & Stationery,Individual,Lucknow,Uttar Pradesh,2025-10-14,,Active,2461.72
MCH1645,Savant-Singha1,5942,Books & Stationery,Sole Proprietor,Chennai,Tamil Nadu,2024-04-19,GUUE6743967074534,Active,337.0
MCH6441,Bhatia And Sons,7011,Hotel & Lodging,Partnership,Lucknow,Uttar Pradesh,2025-12-20,,Active,995.16
MCH2650,Choudhary Ltd,5942,Books & Stationery,Individual,Delhi,Delhi,2024-09-22,,Inactive,1197.2
MCH9883,"K0Rpa1, Bera And Sachdeva",4814,Telecom,Partnership,Bengaluru,Karnataka,2025-07-08,,Active,1595.57
MCH8663,Khalsa Group,,Books & Stationery,Partnership,Jalandhar,Punjab,2023-04-05,CZSI5545012134696,Inactive,338.0
MCH1786,"Ganguly, Mammen And Babu",5411,Grocery,Sole Proprietor,Pune,Maharashtra,2025-05-22,YNDF5378176701295,Active,1212.0
MCH6164,"Bir, Patil And Chahal",5411,Pharmacy,Sole Proprietor,Mumbai,Maharashtra,2023-03-01,4503250362,Active,1451.0
MCH3997,Bhatia Inc,4814,Telecom,Partnership,Kolkata,West Bengal,2025-01-19,XXXX8184,Inactive,
MCH6860,Buch Plc,5699,Apparel & Fashion,Private Limited,Kolkata,West Bengal,2025-01-09,,Active,364.0
MCH8900,Nadkarni-Khare,5812,Restaurants & Food,Individual,Lucknow,Uttar Pradesh,2025-06-11,ORVR2313413068698,Inactive,1349.0
MCH2981,"Rastogi, Varma And Sarraf",5999,Miscellaneous,Partnership,Lucknow,Uttar Pradesh,2023-10-07,XXXX3025,Active,1266.61
MCH9554,Kale Ltd,4814,Telecom,Partnership,Kolkata,West Bengal,2025-12-07,,On Hold,696.0
MCH4383,"Sabharwal, Patla And Nagy",5812,Restaurants & Food,Individual,Jaipur,Rajasthan,2024-12-13,,Active,4027.8
MCH2800,Raja-Naik,5311,Department Store,Private Limited,Bengaluru,Karnataka,2024-04-18,9493307388,Inactive,1096.85
MCH5921,Saraf-Saraf,7011,Hotel & Lodging,Individual,Jaipur,Rajasthan,2025-05-31,XXXX9547,Inactive,352.95
MCH3384,Gill-Bakshi,5999,Miscellaneous,Partnership,Kolkata,West Bengal,2023-06-27,8993037640,Active,1223.35
MCH6960,Das-Dhawan,,Restaurants & Food,Partnership,Jaipur,Rajasthan,2023-01-22,,Active,1832.0
MCH3325,Varty-Vig,5912,Pharmacy,Partnership,Kolkata,West Bengal,2023-10-29,XXXX1753,Active,4212.0
MCH2575,Rast0Gi-Verma,5912,Pharmacy,Individual,Pune,Maharashtra,2025-04-09,XXXX2986,Active,549.08
MCH3348,"Chauhan, Chowdhury And Dhillon",5942,Books & Stationery,Individual,Amritsar,Punjab,2023-12-16,MCSB8481417353125,Active,
MCH8842,"Bala, Pillai And Kala",5999,Miscellaneous,Partnership,Amritsar,Punjab,2023-04-23,XXXX1658,Suspended,
MCH1473,Lata-Khurana,4131,Medical,Partnership,Hyderabad,Telangana,,,Inactive,326.76
MCH9995,Ben-Krish,4131,Retail,Sole Proprietor,Pune,Maharashtra,2025-09-11,FLBG6350605755281,Active,2919.94
MCH9398,"Soman, Murthy And Mangat",5411,Grocery,Partnership,Bengaluru,Karnataka,2026-02-21,,Active,5429.9
MCH8505,Kamdar-Ghosh,5942,Books & Stationery,Private Limited,Jaipur,Rajasthan,2023-08-02,XXXX4333,Active,517.98
MCH3780,Hegde Group,5311,Department Store,Private Limited,Lucknow,Uttar Pradesh,2026-02-27,XXXX3079,Suspended,315.62
MCH5762,Hayre And Sons,5942,Books & Stationery,Sole Proprietor,Kolkata,West Bengal,2024-01-05,XXXX2767,Active,823.98
MCH6200,"Sen, Walla And Bath",5999,Miscellaneous,Private Limited,Delhi,Delhi,2024-01-29,,Active,
MCH7108,Krishnan Group,5411,Grocery,Sole Proprietor,Delhi,Delhi,2023-05-14,,Active,567.27
MCH6035,Radhakrishnan-Chad,5812,Restaurants & Food,Partnership,Delhi,Delhi,2026-01-25,,Active,706.81
MCH4693,Dhingra-Bava,7011,Hotel & Lodging,Private Limited,Mumbai,Maharashtra,2024-12-28,,Active,3445.16
MCH9456,"Rajagopalan, Luthra And Singh",,Miscellaneous,Individual,Delhi,Delhi,2025-09-22,XXXX4617,Active,
MCH8928,Deo Plc,4131,Transportation,Partnership,Chennai,Tamil Nadu,2024-10-18,XXXX5889,Active,1547.93
MCH2205,Mannan And Sons,5999,Miscellaneous,Sole Proprietor,Ludhiana,Punjab,2023-07-23,XXXX7174,Inactive,490.97
MCH4033,Kota Plc,5699,Apparel & Fashion,Individual,Ludhiana,Punjab,2025-02-23,5691989399,Active,
MCH3154,Bhardwaj Ltd,4131,Transportation,Individual,Mumbai,Maharashtra,2024-10-28,XXXX9089,Inactive,633.37
MCH3548,"Bhakta, Dhaliwal And Comar",4814,Telecom,Individual,Jaipur,Rajasthan,,VZDR7391504338268,Active,1931.09
MCH6354,"Gulati, Khosla And Peri",5812,Restaurants & Food,Partnership,Lucknow,Uttar Pradesh,2025-08-14,,Active,122.8
MCH3611,"Ratti, Sunder And Kapoor",4131,Travel,Private Limited,Bengaluru,Karnataka,,XXXX2260,Active,787.19
MCH3886,Gandhi Inc,5812,Restaurants & Food,Sole Proprietor,Kolkata,West Bengal,2025-12-18,XXXX0009,Active,
MCH8272,Bava And Sons,5411,Department Store,Sole Proprietor,Bengaluru,Karnataka,2024-08-08,1994793915,Active,
MCH4382,"Bahl, Ratta And Mann",5912,Medical,Individual,Mumbai,Maharashtra,2023-07-18,,Active,1094.0
MCH2357,Shan Ltd,5999,Miscellaneous,Individual,Jalandhar,Punjab,2025-06-16,XXXX8144,Active,945.26
MCH1148,Deep-Manda,4131,Transportation,Individual,Amritsar,Punjab,2025-06-15,,Active,3461.0
MCH4026,Nagy Ltd,5812,Restaurants & Food,Private Limited,Kolkata,West Bengal,,,Active,1027.0
MCH1522,Mody Inc,5912,Pharmacy,Sole Proprietor,Jaipur,Rajasthan,2024-08-04,,Active,631.57
MCH6144,Ravi-Dhingra,5912,Pharmacy,Private Limited,Hyderabad,Telangana,2023-04-28,,Active,2686.0
MCH6062,Kata Plc,5699,Apparel & Fashion,Sole Proprietor,Mumbai,Maharashtra,2025-09-10,3065314778,Active,9045.0
MCH6084,"Jaggi, Ganguly And Mall",5699,Apparel & Fashion,Private Limited,Ludhiana,Punjab,2023-08-30,,Active,1089.53
MCH8929,Suri-Toor,,Miscellaneous,Individual,Hyderabad,Telangana,,,Active,447.0
MCH9506,"Savant, Bains And Bali",5912,Medical,Partnership,Pune,Maharashtra,2025-01-12,XXXX0299,Active,353.01
MCH7605,Beh1-D’A1Ia,5311,Retail,Partnership,Chennai,Tamil Nadu,2023-03-05,,Active,6345.68
MCH6594,Varkey-Bhatti,5411,Grocery,Partnership,Pune,Maharashtra,2025-01-24,7425361686,Active,1271.0
MCH1154,"Oommen, Tata And Randhawa",,Hotel & Lodging,Partnership,Kolkata,West Bengal,2025-04-18,RBFJ6015227406897,Active,655.3
MCH6013,Date Ltd,5699,Apparel & Fashion,Individual,Mumbai,Maharashtra,2025-11-12,9831248184,Inactive,138.89
MCH3122,Lala-Chaudhari,4814,Telecom,Sole Proprietor,Ludhiana,Punjab,2024-09-12,XXXX8953,Active,380.73
MCH8297,Natarajan-Gill,4814,Telecom,Individual,Lucknow,Uttar Pradesh,2024-05-14,BYTE1111357515501,Active,558.71
MCH3388,"Chaudhary, Patel And Bhatti",7011,Hotel & Lodging,Partnership,Delhi,Delhi,2026-02-10,,Inactive,2198.14
MCH6155,Kari-Basu,5699,Apparel & Fashion,Sole Proprietor,Hyderabad,Telangana,2023-06-20,,Active,
MCH2382,Parsa-Mandal,4814,Telecom,Individual,Jalandhar,Punjab,2026-01-30,,Suspended,16892.62
MCH9975,Nadkarni-Sane,5999,Miscellaneous,Sole Proprietor,Delhi,Delhi,2025-08-02,XXXX7415,Active,4465.19
MCH5316,Madan Ltd,5311,Department Store,Individual,Kolkata,West Bengal,2023-05-11,,Active,706.61
MCH5881,"Bandi, Krishnamurthy And Saran",5411,Grocery,Partnership,Amritsar,Punjab,2025-12-13,XXXX6576,Active,345.76
MCH3594,Khalsa Inc,5999,Miscellaneous,Partnership,Chennai,Tamil Nadu,,7162144056,Active,381.0
MCH4583,Krish-Dar,5812,Restaurants & Food,Sole Proprietor,Mumbai,Maharashtra,2025-11-23,5472564311,Active,4726.0
MCH6165,Sibal-Bora,7011,Hotel & Lodging,Sole Proprietor,Jaipur,Rajasthan,2024-06-17,XXXX5672,Active,
MCH3292,Murthy Plc,5942,Books & Stationery,Individual,Chennai,Tamil Nadu,2023-06-21,XXXX2688,Inactive,2151.78
MCH4417,Nair-Bhavsar,5942,Books & Stationery,Private Limited,Jalandhar,Punjab,2024-10-26,XXXX2826,Active,291.65
MCH5375,"Zacharia, Krishnamurthy And Talwar",5699,Apparel & Fashion,Individual,Pune,Maharashtra,2023-02-04,6686840480,Active,
MCH8896,Yadav-Padmanabhan,4131,Transportation,Private Limited,Hyderabad,Telangana,2024-02-05,XXXX8367,Active,1243.9
MCH7835,"Dugar, Dhawan And De",7011,Hotel & Lodging,Private Limited,Lucknow,Uttar Pradesh,2023-12-26,,Suspended,1744.59
MCH8334,"Rai,Bandiandjayaraman",5411,Transportation,Partnership,Kolkata,West Bengal,2024-08-17,MJDT6229880746794,Active,3117.64
MCH3758,Dube Ltd,5999,Miscellaneous,Sole Proprietor,Delhi,Delhi,2023-09-10,7052831071,Active,1607.42
MCH9406,Randhawa And Sons,5912,Restaurants & Food,Individual,Lucknow,Uttar Pradesh,2025-08-11,XXXX6795,Active,2159.94
MCH8412,Sachdeva-Mutti,5311,Department Store,Private Limited,Bengaluru,Karnataka,2023-03-01,,Active,2327.41
MCH7582,Gola Ltd,4131,Transportation,Individual,Kolkata,West Bengal,2024-07-31,,Active,1056.25
MCH4815,"Karan, Bhattacharyya And Saran",5912,Pharmacy,Private Limited,Kolkata,West Bengal,2025-04-10,4505912973,Active,1152.86
MCH4875,"Sangha, Sodhi And Banik",5999,Miscellaneous,Sole Proprietor,Kolkata,West Bengal,2023-03-12,,Inactive,303.18
MCH3184,"Sane, Dhawan And Prabhakar",4814,Telecom,Individual,Mumbai,Maharashtra,2023-12-09,,Active,1192.54
MCH4930,Dasgupta-Dua,4131,Restaurants & Food,Partnership,Jaipur,Rajasthan,2025-06-25,,Active,
MCH7078,"Vasa, Gade And Viswanathan",5699,Apparel & Fashion,Individual,Mumbai,Maharashtra,2025-08-17,XXXX5209,Active,660.73
MCH9226,Bhatnagar-Magar,5812,Restaurants & Food,Partnership,Chennai,Tamil Nadu,2024-11-27,CSVM1025081118272,Suspended,500.21
MCH3593,"Kara,Brarandapte",4814,Telecom,Private Limited,Mumbai,Maharashtra,2023-12-04,,Active,474.6
MCH8980,Sibal And Sons,5999,Miscellaneous,Sole Proprietor,Kolkata,West Bengal,,NSXF9069953614841,Active,
MCH2605,Gera-Karpe,5699,Apparel & Fashion,Individual,Mumbai,Maharashtra,2026-02-25,ZUZI7142150561628,Active,1371.0
MCH8832,Gour Ltd,5942,Books & Stationery,Individual,Pune,Maharashtra,2024-10-19,9524602047,Active,
MCH4577,"Acharya, Apte And Bajwa",,Miscellaneous,Sole Proprietor,Chennai,Tamil Nadu,2025-09-14,XXXX2492,Active,461.44
MCH1035,Minhas-Khatri,5812,Restaurants & Food,Sole Proprietor,Mumbai,Maharashtra,2024-01-24,LDCT0604920639781,Active,5777.68
MCH1458,Chatterjee-Saran,5912,Department Store,Sole Proprietor,Jalandhar,Punjab,2025-05-09,XXXX1187,Inactive,658.54
MCH3075,Setty Ltd,5411,Grocery,Private Limited,Mumbai,Maharashtra,,,Active,1370.51
MCH2108,Sankar-Desai,5912,Pharmacy,Sole Proprietor,Ludhiana,Punjab,2023-10-30,9695114754,Suspended,1535.43
MCH6726,Boase-Chatterjee,7011,Hotel & Lodging,Individual,Chennai,Tamil Nadu,2024-04-10,,Suspended,1583.09
MCH6966,"Wali, Mand And Prabhakar",5942,Books & Stationery,Partnership,Amritsar,Punjab,2023-10-16,,Active,2789.87
MCH5370,Lala Llc,5311,Department Store,Individual,Delhi,Delhi,2025-05-07,,Active,1448.94
MCH7199,Manda And Sons,5942,Books & Stationery,Sole Proprietor,Delhi,Delhi,2026-02-10,,Active,1077.86
MCH2528,Cherian Ltd,5999,Miscellaneous,Private Limited,Jalandhar,Punjab,2024-03-08,,Active,830.85
MCH9160,Som Ltd,4814,Telecom,Partnership,Ludhiana,Punjab,2025-01-29,9756179537,Active,722.22
MCH5776,Varma-Bahri,5699,Apparel & Fashion,Individual,Mumbai,Maharashtra,2025-10-04,509545143,Inactive,807.85
MCH1854,"Sule, Prashad And Balay",,Hotel & Lodging,Partnership,Amritsar,Punjab,2023-09-21,XXXX8005,Active,5318.31
MCH1936,"Batra, Ramanathan And Din",5912,Pharmacy,Sole Proprietor,Hyderabad,Telangana,2024-07-16,XXXX3173,Active,143.98
MCH4261,Swaminathan Ltd,5411,Hotel & Lodging,Private Limited,Lucknow,Uttar Pradesh,2025-06-08,XXXX1395,Active,965.51
MCH4486,"Bumb, Kibe And Saraf",4814,Telecom,Private Limited,Chennai,Tamil Nadu,2026-02-14,XXXX9655,Active,2112.84
MCH3078,"Gandhi, Rout And Sankaran",7011,Hotel & Lodging,Sole Proprietor,Bengaluru,Karnataka,2023-07-10,,Active,752.09
MCH1234,Comar-Kari,4131,Transportation,Sole Proprietor,Jalandhar,Punjab,,IUGP6821222732474,Active,1120.89
MCH8470,Munshi-Reddy,,Transportation,Sole Proprietor,Pune,Maharashtra,2025-12-29,,Active,1203.0
MCH9228,Ram Inc,5999,Miscellaneous,Individual,Hyderabad,Telangana,2025-10-19,XXXX4276,Active,1661.79
MCH4675,"Minhas, Narayan And Bandi",,Books & Stationery,Sole Proprietor,Jalandhar,Punjab,2023-06-15,,Active,
MCH8603,Mane Ltd,5812,Restaurants & Food,Sole Proprietor,Ludhiana,Punjab,2023-04-01,9861979521,Active,258.46
MCH8245,"Dhillon, Saran And Kalita",7011,Hotel & Lodging,Partnership,Ludhiana,Punjab,2025-09-06,,Active,2778.0
MCH9780,"Kibe, Setty And Kaul",5942,Books & Stationery,Private Limited,Mumbai,Maharashtra,2024-07-14,EUVJ9352599503304,Active,3251.18
MCH1020,Garg-Kale,4131,Transportation,Sole Proprietor,Amritsar,Punjab,2023-09-05,,Active,1015.68
MCH1990,Sawhney-Parekh,4814,Telecom,Private Limited,Jaipur,Rajasthan,2026-01-26,,Active,507.78
MCH9814,Sekhon-Luthra,5411,Grocery,Individual,Hyderabad,Telangana,2023-06-12,,Active,2338.35
MCH8177,Soman Inc,5812,Restaurants & Food,Private Limited,Kolkata,West Bengal,2024-03-04,XXXX3095,Active,2423.6
MCH8726,Rast0Gi-Saini,5999,Miscellaneous,Partnership,Ludhiana,Punjab,,5579571324,Active,4900.29
MCH1378,Patil-Deshmukh,5311,Department Store,Private Limited,Chennai,Tamil Nadu,2023-10-09,HYZE0588457086111,Active,387.99
MCH5154,Bhargava-Dey,5912,Pharmacy,Partnership,Jalandhar,Punjab,2025-03-22,XPFJ2723277827453,Active,861.82
MCH4482,Sawhney-Raman,7011,Hotel & Lodging,Private Limited,Ludhiana,Punjab,,8584867343,Active,246.88
MCH4363,Bhagatinc,5912,Pharmacy,Private Limited,Jalandhar,Punjab,2023-07-22,2625500394,Active,1657.41
MCH1422,Merchant And Sons,5912,Pharmacy,Individual,Hyderabad,Telangana,2023-04-25,,Active,4074.0
MCH9251,"Venkatesh, Randhawa And Lal",4131,Transportation,Sole Proprietor,Lucknow,Uttar Pradesh,2026-01-02,6838955230,Active,621.25
MCH5829,Batta Ltd,5812,Restaurants & Food,Sole Proprietor,Jalandhar,Punjab,2024-07-11,SFSR8195478520780,Suspended,690.13
MCH6920,"Bhagat, Nadkarni And Dyal",5311,Department Store,Individual,Kolkata,West Bengal,2026-01-01,JTIZ3629800274600,Active,410.54
MCH2078,Chada-Dubey,5311,Department Store,Individual,Bengaluru,Karnataka,2025-03-14,,Active,1915.85
MCH7870,Vyas Inc,5912,Telecom,Individual,Amritsar,Punjab,2023-08-26,,Active,926.49
MCH8410,"Bhargava, Srinivasan And Desai",4131,Transportation,Private Limited,Lucknow,Uttar Pradesh,2024-01-20,XCHH9247596987516,Active,1024.56
MCH7546,Koshy Llc,5912,Pharmacy,Individual,Delhi,Delhi,2024-11-17,XXXX1749,Active,356.0
MCH1904,Sandal Inc,4814,Telecom,Individual,Jalandhar,Punjab,2024-03-23,EZBT7024632751925,Active,1398.65
MCH7495,"Biswas, Mane And Hari",5311,Department Store,Private Limited,Delhi,Delhi,,,Active,993.25
MCH4126,"Wali, Mahal And Prabhu",4131,Transportation,Individual,Hyderabad,Telangana,2023-12-09,RAIS4512083077234,Active,1593.0
MCH7222,Verma And Sons,4814,Telecom,Individual,Delhi,Delhi,2023-07-11,,Inactive,
MCH2327,"Ganguly, Grover And Mutti",5999,Miscellaneous,Sole Proprietor,Jaipur,Rajasthan,2025-01-24,XXXX8996,Suspended,12565.25
MCH1977,Mukherjee-Menon,5311,Department Store,Partnership,Hyderabad,Telangana,2025-04-29,XXXX1090,Active,4221.17
MCH5799,Nagar Inc,7011,Hotel & Lodging,Private Limited,Jalandhar,Punjab,2026-02-16,RWJB2008792112548,Active,209.08
MCH4943,Sawhney-Dugar,7011,Hotel & Lodging,Sole Proprietor,Chennai,Tamil Nadu,2023-07-16,,Inactive,470.52
MCH9471,Sarma Ltd,5699,Apparel & Fashion,Partnership,Hyderabad,Telangana,2023-10-26,XXXX5808,Active,2136.82
MCH7978,K0Rpa1-Bassi,4814,Telecom,Private Limited,Jalandhar,Punjab,2025-10-26,,Active,4486.97
MCH9009,"Singhal, Patil And Brar",5311,Retail,Private Limited,Jalandhar,Punjab,2026-02-20,7365281036,Inactive,1016.03
MCH1947,"Batra, Kar And Sodhi",5699,Apparel & Fashion,Partnership,Bengaluru,Karnataka,2025-08-24,QPJE6965990436721,Active,3015.23
MCH9429,"Sachar, Borra And Raj",4814,Telecom,Private Limited,Bengaluru,Karnataka,,,Active,1031.66
MCH3742,"Mall, Sarma And Merchant",5999,Miscellaneous,Partnership,Jalandhar,Punjab,2025-06-19,,Active,330.87
MCH6061,Basu And Sons,7011,Hotel & Lodging,Private Limited,Amritsar,Punjab,2023-01-29,XXXX6131,Active,
MCH4133,"Nayak, Prabhu And Som",4131,Transportation,Individual,Mumbai,Maharashtra,2023-12-20,,Active,570.23
MCH4581,"Tailor, Ganesh And Menon",5812,Restaurants & Food,Partnership,Mumbai,Maharashtra,2025-02-11,,Inactive,1137.0
MCH9296,Bhakta-Sen,5699,Apparel & Fashion,Private Limited,Delhi,Delhi,2024-12-29,CFXN3327085441809,Active,453.57
MCH6818,"Bava, Badami And Sodhi",5311,Department Store,Partnership,Mumbai,Maharashtra,2023-03-16,JOTB5244966377910,Active,
MCH3420,"Mani, Kota And Deol",4131,Travel,Individual,Jaipur,Rajasthan,2024-01-18,,Inactive,453.43
MCH2451,"Halder, Kannan And Dixit",7011,Hotel & Lodging,Private Limited,Kolkata,West Bengal,2025-11-20,NIXX7228219214941,Inactive,610.7
MCH5892,Mangat-Dutta,,Books & Stationery,Sole Proprietor,Jaipur,Rajasthan,2023-10-08,3873887194,Active,2243.17
MCH4419,Sankaran Inc,5912,Medical,Partnership,Chennai,Tamil Nadu,2023-08-04,,Active,291.65
MCH8753,"Bhandari, Trivedi And Bora",4131,Travel,Partnership,Hyderabad,Telangana,2024-12-27,,Inactive,718.79
MCH3048,Kala Group,7011,Hotel & Lodging,Private Limited,Jaipur,Rajasthan,2023-11-11,,Active,613.58
MCH2533,Khatri-Devi,,Grocery,Sole Proprietor,Jaipur,Rajasthan,2024-11-23,3534229147,Active,3147.37
MCH4080,Shenoy-Kashyap,4814,Telecom,Private Limited,Jaipur,Rajasthan,2025-10-04,YPYY3780350945436,Active,2043.03
MCH6770,Chaudhari-Dewan,5942,Books & Stationery,Sole Proprietor,Jaipur,Rajasthan,,,Active,1139.41
MCH5547,Chander-Menon,5411,Pharmacy,Partnership,Pune,Maharashtra,2024-03-02,,Suspended,1421.71
MCH5553,Sarna And Sons,5812,Restaurants & Food,Private Limited,Mumbai,Maharashtra,2023-06-07,XXXX7273,Inactive,
MCH3837,Bhat Group,5311,Department Store,Individual,Delhi,Delhi,2026-01-17,XXXX7816,Active,
MCH4008,"Deep, Rajagopal And Tandon",,Telecom,Private Limited,Hyderabad,Telangana,2024-06-02,,Active,1196.0
MCH6764,Rama-Vora,4131,Transportation,Partnership,Hyderabad,Telangana,2025-08-22,XXXX1624,Active,892.82
MCH7681,Kala Plc,4814,Telecom,Private Limited,Hyderabad,Telangana,2023-04-12,,Active,2015.68
MCH2213,"Dash,Soniandpalla",7011,Hotel & Lodging,Individual,Kolkata,West Bengal,2023-04-30,,Active,4392.08
MCH6637,Sagar Group,5311,Retail,Sole Proprietor,Jaipur,Rajasthan,2023-08-16,,Active,
MCH9388,"Mahajan, Dixit And Memon",7011,Hotel & Lodging,Partnership,Kolkata,West Bengal,2024-11-21,,Active,1507.31
MCH5077,"Chauhan, Thakur And Chacko",5411,Grocery,Individual,Jaipur,Rajasthan,2023-11-12,9740262322,Inactive,250.88
MCH8364,Kataplc,5912,Pharmacy,Individual,Mumbai,Maharashtra,2023-11-21,,Active,753.31
MCH5438,"Krishna, Vohra And Ghose",5912,Pharmacy,Sole Proprietor,Chennai,Tamil Nadu,2023-12-11,XXXX0401,Active,1326.9
MCH4427,Deshpande Llc,5812,Restaurants & Food,Private Limited,Mumbai,Maharashtra,2023-02-05,253333340,Active,1587.13
MCH4462,"Koshy, Badal And Nayar",5699,Apparel & Fashion,Individual,Hyderabad,Telangana,2025-01-17,XXXX9292,Active,937.0
MCH3845,Hora-Bath,4131,Transportation,Individual,Bengaluru,Karnataka,2024-08-16,8760940800,Active,2098.39
MCH8109,"Nadkarni, Sawhney And Singh",5912,Pharmacy,Partnership,Delhi,Delhi,2024-04-28,836014923,Active,5729.0
MCH3487,Mutti Inc,5699,Apparel & Fashion,Sole Proprietor,Kolkata,West Bengal,2023-07-24,,Active,
MCH1384,Naidu-Bhatti,5812,Restaurants & Food,Individual,Ludhiana,Punjab,2024-04-03,,Active,3910.34
MCH8066,Sane-Shukla,5411,Grocery,Partnership,Amritsar,Punjab,2023-03-08,222417187,Active,
MCH1226,Nadkarni Ltd,5912,Medical,Sole Proprietor,Ludhiana,Punjab,,,Active,602.21
MCH6386,Mahajan Inc,5311,Retail,Individual,Amritsar,Punjab,2025-03-02,,Active,
MCH8380,Gola-Bal,4814,Telecom,Individual,Hyderabad,Telangana,2025-10-14,XXXX2229,Active,
MCH6408,Gade And Sons,5942,Books & Stationery,Sole Proprietor,Chennai,Tamil Nadu,2024-06-11,,Active,4374.58
MCH1055,Dhingra-Kapoor,5311,Retail,Partnership,Bengaluru,Karnataka,2024-12-30,6794786904,Active,
MCH3788,"Divan, Kadakia And Kuruvilla",5311,Retail,Private Limited,Chennai,Tamil Nadu,2025-06-27,,Active,10161.82
MCH8512,Luthra-Bhasin,4131,Transportation,Sole Proprietor,Lucknow,Uttar Pradesh,2025-07-22,,Active,2579.73
MCH6635,Sehgal Inc,5812,Restaurants & Food,Private Limited,Bengaluru,Karnataka,,,Active,1810.23
MCH4355,Sur-Pandit,5699,Apparel & Fashion,Partnership,Lucknow,Uttar Pradesh,2023-04-18,234156737,Active,
MCH3266,"Lalla, Baral And Pau",5311,Department Store,Private Limited,Chennai,Tamil Nadu,2025-09-17,ZAAY3109374136824,Active,1627.34
MCH9745,"Datta, Kibe And Barad",,Pharmacy,Sole Proprietor,Ludhiana,Punjab,2023-05-03,UQJV3362810389691,Inactive,1003.0
MCH7780,Jain Plc,5912,Medical,Sole Proprietor,Lucknow,Uttar Pradesh,2025-07-19,,Inactive,
MCH9051,"Gara, Keer And Padmanabhan",4814,Telecom,Sole Proprietor,Bengaluru,Karnataka,2023-07-16,XXXX6304,Active,1715.14
MCH4681,"Raja, Ramanathan And Koshy",,Books & Stationery,Sole Proprietor,Mumbai,Maharashtra,2023-09-13,,Active,554.63
MCH3296,Sampath-Chopra,5999,Miscellaneous,Individual,Bengaluru,Karnataka,2025-11-18,XXXX2813,Active,1074.2
MCH4194,Srinivasan-Lala,4131,Transportation,Individual,Ludhiana,Punjab,2025-08-15,,Active,2059.54
MCH4708,Loke-Ganesan,5999,Miscellaneous,Sole Proprietor,Jalandhar,Punjab,2024-02-22,,Active,1266.56
MCH7027,"Vyas, Ghose And Narasimhan",5311,Department Store,Sole Proprietor,Hyderabad,Telangana,2023-05-04,GJGE7959201596190,Active,860.0
MCH7033,Mani And Sons,5699,Apparel & Fashion,Partnership,Mumbai,Maharashtra,2023-07-06,,Active,2767.54
MCH7731,Dalalplc,7011,Hotel & Lodging,Individual,Chennai,Tamil Nadu,2024-05-25,,Active,2899.19
MCH5944,Arya Inc,5699,Apparel & Fashion,Partnership,Jaipur,Rajasthan,2025-03-31,,Active,394.63
MCH4459,Agate-Majumdar,4131,Transportation,Sole Proprietor,Chennai,Tamil Nadu,2025-07-29,XXXX8386,Active,210.85
MCH6672,"Mittal, Bajwa And Guha",5812,Restaurants & Food,Individual,Delhi,Delhi,2023-08-09,XXXX4811,Active,3663.66
MCH1321,Borah-Dhaliwal,7011,Hotel & Lodging,Sole Proprietor,Amritsar,Punjab,2025-12-06,XXXX0908,Active,7973.89
MCH3030,"Sengupta, Bhagat And Kota",5942,Books & Stationery,Private Limited,Chennai,Tamil Nadu,2025-07-09,,Active,194.19
MCH2654,Saxena-Sarkar,4814,Telecom,Sole Proprietor,Pune,Maharashtra,2026-01-10,,Active,3080.46
MCH5880,"Varty, Ratta And Venkataraman",5699,Apparel & Fashion,Sole Proprietor,Amritsar,Punjab,2023-06-11,620802937,Active,1913.84
MCH2249,"Rout, Thaker And Pal",4131,Department Store,Partnership,Mumbai,Maharashtra,2023-06-15,XXXX2277,Active,1367.02
MCH3987,"Dubey, Aggarwa1 And Mangat",5942,Books & Stationery,Individual,Hyderabad,Telangana,2024-04-20,OTRE9764440633575,Active,474.5
MCH7318,Keer-Rao,5411,Telecom,Partnership,Pune,Maharashtra,2023-11-27,RIME5549722708025,Active,502.45
MCH8729,"Chowdhury, Krishnamurthy And Parekh",5942,Books & Stationery,Private Limited,Kolkata,West Bengal,2024-02-07,7331970917,Active,870.42
MCH3737,Raval-Kurian,5812,Restaurants & Food,Individual,Mumbai,Maharashtra,2026-01-23,,Active,
MCH7885,Atwal-Jha,4131,Transportation,Private Limited,Jalandhar,Punjab,2023-08-15,XXXX1162,On Hold,
MCH1227,"Nazareth, Zacharia And Swaminathan",5812,Restaurants & Food,Private Limited,Ludhiana,Punjab,2023-03-21,MUJQ0020831226650,Active,870.36
MCH5984,Acharya-Badal,5999,Miscellaneous,Sole Proprietor,Kolkata,West Bengal,2023-01-03,,Active,515.0
MCH6639,Sandal Group,5812,Restaurants & Food,Sole Proprietor,Amritsar,Punjab,2024-05-29,7230745501,Active,3334.16
MCH3917,Chowdhury-Pandit,,Apparel & Fashion,Private Limited,Hyderabad,Telangana,2023-02-04,XXXX2174,Active,
MCH9306,Zachariah-Anne,5942,Books & Stationery,Partnership,Mumbai,Maharashtra,2026-10-02,JLTB4031924458479,Active,1250.09
MCH3414,Sahota Ltd,4814,Telecom,Private Limited,Amritsar,Punjab,2025-12-29,4026065439,Active,1607.54
MCH3837,"Balakrishnan, Mane And Ranganathan",5812,Restaurants & Food,Partnership,Delhi,Delhi,2025-03-22,XXXX2369,Active,866.44
MCH2120,"Yohannan, Patla And Parmer",7011,Hotel & Lodging,Partnership,Delhi,Delhi,2024-01-01,XXXX7380,Active,
MCH9104,Goel Plc,5311,Department Store,Private Limited,Bengaluru,Karnataka,2025-06-30,,Active,2640.29
MCH3313,Comar-Sidhu,5311,Department Store,Sole Proprietor,Lucknow,Uttar Pradesh,2023-07-30,GKCY1460435380907,Inactive,408.55
MCH8335,Bhatti-Keer,,Retail,Sole Proprietor,Hyderabad,Telangana,2024-03-06,,Inactive,1335.83
MCH2332,Toor Inc,7011,Hotel & Lodging,Individual,Ludhiana,Punjab,2023-04-20,PKCI7470482397105,Active,
MCH1592,Agateinc,5311,Retail,Private Limited,Hyderabad,Telangana,2025-01-30,GLPT6683638156046,Suspended,1072.45
MCH7503,Dixit-Lala,7011,Hotel & Lodging,Individual,Mumbai,Maharashtra,2024-10-06,6328103560,Active,
MCH3805,Issac-Munshi,5999,Miscellaneous,Private Limited,Bengaluru,Karnataka,2023-02-19,2364539164,Active,7651.0
MCH8562,Radhakrishnan-Apte,5812,Restaurants & Food,Private Limited,Chennai,Tamil Nadu,2023-12-04,,Active,1647.0
MCH4099,"Dewan, Rastogi And Jayaraman",,Retail,Individual,Ludhiana,Punjab,2025-08-06,,Active,1926.0
MCH5696,Mittal Group,5411,Grocery,Private Limited,Chennai,Tamil Nadu,2024-05-18,,Active,2595.13
MCH5573,Vora-Natarajan,4814,Telecom,Individual,Delhi,Delhi,,,Inactive,2579.11
MCH2886,"Kurian, Dash And Walla",7011,Hotel & Lodging,Private Limited,Bengaluru,Karnataka,2023-05-25,XXXX6301,Suspended,8233.35
MCH1793,Jaggi Plc,7011,Hotel & Lodging,Sole Proprietor,Delhi,Delhi,2024-08-21,,Active,2705.89
MCH2135,"Singh, Talwar And Sur",5411,Grocery,Private Limited,Jalandhar,Punjab,2025-01-15,,Suspended,704.34
MCH8705,"Sankar, Srinivas And Kanda",4814,Telecom,Private Limited,Delhi,Delhi,2024-02-05,7251156491,Active,
MCH7943,Chaudhary-Rana,5912,Pharmacy,Individual,Kolkata,West Bengal,2024-12-27,IEWV4741965388466,Active,3927.63
MCH5917,"Tara, Bhasin And Singh",5912,Pharmacy,Sole Proprietor,Pune,Maharashtra,2023-08-26,6037353463,Suspended,443.4
MCH4578,Khare-Warrior,5912,Pharmacy,Private Limited,Amritsar,Punjab,2023-01-11,4489355946,Active,504.9
MCH1474,"Sami, Sur And Tank",4131,Transportation,Private Limited,Pune,Maharashtra,,XXXX6224,Active,1645.61
MCH4893,Jani-Verma,4131,Transportation,Partnership,Jalandhar,Punjab,2023-08-11,,Active,1601.52
MCH3292,Ravi-Keer,,Retail,Private Limited,Jalandhar,Punjab,2023-11-21,,Active,9611.45
MCH9591,Bali Group,5999,Miscellaneous,Sole Proprietor,Ludhiana,Punjab,2026-01-14,,Active,3007.14
MCH4972,Seshadri-Dalal,5311,Department Store,Partnership,Pune,Maharashtra,2025-10-03,8465114405,Active,
MCH1789,Loke-Chanda,5942,Books & Stationery,Partnership,Jaipur,Rajasthan,2023-02-25,,Active,15713.68
MCH2115,Modi-Kari,5912,Pharmacy,Sole Proprietor,Delhi,Delhi,2023-10-04,XXXX4594,Active,1597.33
MCH5258,Kibe-Ramanathan,,Books & Stationery,Partnership,Delhi,Delhi,2024-08-15,IIKD1145736850427,Active,3143.33
MCH4805,Joshi Plc,5999,Miscellaneous,Sole Proprietor,Hyderabad,Telangana,2023-08-26,,Active,4206.25
MCH2861,Hayer Inc,5311,Department Store,Private Limited,Pune,Maharashtra,2024-11-09,XXXX6916,Active,676.0
MCH8999,"Borde, Reddy And Mital",4131,Transportation,Sole Proprietor,Jalandhar,Punjab,2024-06-30,JAYY6619396625712,Active,
MCH3279,"Zachariah, Gill And Palla",5812,Restaurants & Food,Individual,Pune,Maharashtra,2025-12-25,,Active,
MCH1293,"Kohli, Rajan And Nair",5699,Apparel & Fashion,Sole Proprietor,Jaipur,Rajasthan,2023-09-04,XXXX7079,Active,915.17
MCH1454,"Bali, Kurian And Garde",5812,Restaurants & Food,Partnership,Lucknow,Uttar Pradesh,2023-07-29,,Active,1592.02
MCH8912,Nagar Plc,5942,Books & Stationery,Private Limited,Mumbai,Maharashtra,2024-02-17,,Active,196.56
MCH9848,B0Rde Inc,,Retail,Private Limited,Hyderabad,Telangana,2024-02-03,308046800,Active,1173.29
MCH1296,Gaba-Rama,5912,Medical,Individual,Delhi,Delhi,2023-01-16,6728414996,Active,2547.8
MCH9920,Oommen-Mitra,5411,Grocery,Private Limited,Jaipur,Rajasthan,2024-01-17,7684049085,Active,767.57
MCH3438,Sodhi-Khosla,5311,Department Store,Private Limited,Amritsar,Punjab,,XXXX2260,Active,
MCH8379,"B0Rah, Kaur And Gera",5912,Pharmacy,Individual,Jaipur,Rajasthan,,,Active,351.15
MCH8126,"Saxena, Mitra And Chada",5912,Pharmacy,Individual,Lucknow,Uttar Pradesh,2025-03-12,XXXX5937,Suspended,844.44
MCH8990,Konda-Comar,4131,Transportation,Private Limited,Bengaluru,Karnataka,2023-05-12,,Active,273.69
MCH1592,Cherian-Bhavsar,7011,Hotel & Lodging,Sole Proprietor,Mumbai,Maharashtra,2024-12-06,7646312300,Active,2941.81
MCH9952,Vig-Doctor,,Travel,Private Limited,Lucknow,Uttar Pradesh,2024-10-27,XXXX8487,Active,856.86
MCH6818,Kaur Ltd,,Department Store,Individual,Ludhiana,Punjab,2024-02-23,,Active,333.34
MCH4936,Batra-Patla,4814,Telecom,Individual,Mumbai,Maharashtra,2023-05-02,9027629602,Active,2064.79
MCH6904,Master-Bhat,5311,Department Store,Partnership,Mumbai,Maharashtra,2023-05-08,,Active,252.96
MCH2691,Pathak And Sons,,Hotel & Lodging,Private Limited,Lucknow,Uttar Pradesh,2024-09-06,,Active,5340.32
MCH5457,Deol Plc,5942,Books & Stationery,Sole Proprietor,Jaipur,Rajasthan,2024-12-30,XXXX0292,Active,1085.1
MCH2187,Balan And Sons,5999,Miscellaneous,Sole Proprietor,Bengaluru,Karnataka,2024-10-22,,Active,1340.0
MCH7157,Bir Inc,4131,Telecom,Private Limited,Lucknow,Uttar Pradesh,2023-04-16,,Active,906.12
MCH2265,"Bail, Gopal And Khare",,Pharmacy,Partnership,Lucknow,Uttar Pradesh,2024-04-08,VZCP3787385327453,Inactive,
MCH6939,Sampath Ltd,5999,Miscellaneous,Sole Proprietor,Lucknow,Uttar Pradesh,2025-07-01,XXXX8052,Active,2962.51
MCH9287,Sathe Group,4814,Telecom,Private Limited,Jaipur,Rajasthan,2023-04-16,,Inactive,
MCH3539,"Korpal, Nair And Chana",5699,Apparel & Fashion,Sole Proprietor,Mumbai,Maharashtra,2024-05-29,QRQK3185986773369,Inactive,2681.05
MCH9543,"G0Ur, Raju And Dara",4131,Travel,Individual,Amritsar,Punjab,2024-02-10,,Active,
MCH5704,Ravel-Talwar,4131,Transportation,Sole Proprietor,Chennai,Tamil Nadu,2025-09-25,7574908365,Inactive,
MCH4844,Trivedi-De01,7011,Hotel & Lodging,Individual,Bengaluru,Karnataka,2024-06-23,,Active,798.53
MCH7895,Pau Plc,,Miscellaneous,Individual,Amritsar,Punjab,2023-06-08,,Active,583.0
MCH8159,Yogi Group,5699,Apparel & Fashion,Individual,Kolkata,West Bengal,,,Suspended,8386.41
MCH4109,"Lal, Handa And Mammen",5942,Books & Stationery,Individual,Kolkata,West Bengal,2024-07-01,,Active,1181.07
MCH2201,"Date, Muni And Dasgupta",5999,Miscellaneous,Individual,Kolkata,West Bengal,2023-07-12,EYWQ3550445400883,Active,238.32
MCH3682,"Dash, Kashyap And Goda",5311,Department Store,Private Limited,Amritsar,Punjab,2025-12-01,UMOT0203540180050,Inactive,1702.0
MCH7866,Mangal And Sons,4814,Telecom,Sole Proprietor,Amritsar,Punjab,2024-10-21,XXXX2681,Active,8914.37
MCH7933,Baradinc,5812,Restaurants & Food,Individual,Amritsar,Punjab,2025-07-26,,Inactive,1177.0
MCH5176,"Samra,Sampathandchaudhuri",4131,Travel,Individual,Jalandhar,Punjab,2025-03-18,,Active,905.0
MCH7105,"Banerjee, Kurian And Bhatt",5699,Apparel & Fashion,Sole Proprietor,Amritsar,Punjab,2025-03-24,EDVM3800952600806,Active,265.52
MCH5389,Sem Llc,4131,Transportation,Partnership,Jaipur,Rajasthan,2024-06-16,XXXX3272,Active,342.38
MCH9956,Khatri Inc,7011,Hotel & Lodging,Sole Proprietor,Pune,Maharashtra,2023-05-19,5037831406,Suspended,
MCH1439,Chawla Ltd,,Transportation,Individual,Chennai,Tamil Nadu,2023-05-10,OYZO1535504454366,Active,6190.53
MCH6405,Jaggi Ltd,5411,Grocery,Partnership,Delhi,Delhi,2024-01-26,XXXX6470,Active,4074.0
MCH4308,Natt Group,5912,Medical,Partnership,Delhi,Delhi,2023-01-16,3010499558,Active,2114.37
MCH1876,"Deol, Sandal And Nagi",5999,Miscellaneous,Partnership,Bengaluru,Karnataka,2024-04-29,KRVT6824787386581,Active,603.93
MCH1862,Puri Inc,4131,Transportation,Individual,Mumbai,Maharashtra,2024-11-15,6516098644,Active,1444.68
MCH6979,Tiwari And Sons,5999,Miscellaneous,Sole Proprietor,Mumbai,Maharashtra,,XXXX1209,Active,2312.0
MCH8661,Kapoor And Sons,,Transportation,Partnership,Mumbai,Maharashtra,,,Active,1762.47
MCH9145,Chad-Karpe,5699,Apparel & Fashion,Partnership,Jaipur,Rajasthan,2024-11-08,XQWX8871352480351,Active,359.12
MCH6948,"Kala,Lokeandsinghal",4814,Telecom,Individual,Bengaluru,Karnataka,2025-07-16,,Active,
MCH9063,"Bhatt, Sabharwal And Devi",5699,Apparel & Fashion,Sole Proprietor,Kolkata,West Bengal,2023-09-10,XXXX6663,Inactive,
MCH3354,"Barad, Ahluwalia And Mahal",5942,Books & Stationery,Partnership,Lucknow,Uttar Pradesh,2026-02-06,XXXX7924,Active,906.14
MCH3440,"Sahni, Thakur And Kale",5411,Grocery,Partnership,Hyderabad,Telangana,2024-10-14,SWXL8005196412661,Active,797.0
MCH6197,Virk-Verma,4131,Transportation,Partnership,Hyderabad,Telangana,,,Active,661.04
MCH5553,Salvi-Contractor,5411,Grocery,Individual,Kolkata,West Bengal,2024-03-21,,Active,3894.89
MCH9941,Bava And Sons,5999,Miscellaneous,Private Limited,Hyderabad,Telangana,2024-12-02,8632655432,Active,
MCH1309,"Jhaveri, Dasgupta And Kata",5699,Apparel & Fashion,Individual,Mumbai,Maharashtra,2023-09-20,XXXX1715,Active,929.23
MCH6206,"Chander, Bawa And Setty",7011,Hotel & Lodging,Sole Proprietor,Lucknow,Uttar Pradesh,2025-12-08,,Active,1545.95
MCH5425,"Bora, Kibe And Yadav",4814,Telecom,Individual,Delhi,Delhi,,3599725292,Suspended,810.1
MCH7379,"Doctor, Dyal And Vaidya",5912,Medical,Partnership,Jalandhar,Punjab,2023-03-07,XXXX4037,Active,198.46
MCH9447,Singh And Sons,7011,Hotel & Lodging,Private Limited,Chennai,Tamil Nadu,2023-01-10,XXXX0990,Active,1158.32
MCH5787,Bassi Inc,7011,Hotel & Lodging,Sole Proprietor,Mumbai,Maharashtra,2025-06-24,XXXX0298,Active,555.97
MCH6903,Sanghvi-Suresh,5912,Medical,Sole Proprietor,Pune,Maharashtra,2024-12-01,XXXX6921,Active,3930.65
MCH9521,"Soni, Bal And Thaman",5699,Apparel & Fashion,Partnership,Ludhiana,Punjab,2023-05-04,,Inactive,155.0
MCH8255,Sastry Group,5912,Pharmacy,Partnership,Ludhiana,Punjab,2023-08-13,,Active,1386.59
MCH7967,Datta Llc,4814,Telecom,Individual,Amritsar,Punjab,2025-09-04,,Active,
MCH7146,"Brar, Chadha And Choudhary",5311,Department Store,Partnership,Hyderabad,Telangana,2024-05-09,,Active,573.35
MCH8409,"Dua, Naidu And Agate",4131,Travel,Individual,Mumbai,Maharashtra,2024-09-05,,Active,1474.83
MCH2495,"Sibal, Shankar And Malhotra",5699,Apparel & Fashion,Individual,Bengaluru,Karnataka,2025-07-20,,Active,529.0
MCH8283,Nadkarni Llc,4131,Travel,Private Limited,Kolkata,West Bengal,2023-10-26,XXXX9874,Active,731.97
MCH6155,"Mukhopadhyay, Doshi And Gopal",5411,Grocery,Sole Proprietor,Jalandhar,Punjab,2025-10-03,XXXX5418,Active,
MCH3051,Hora-Mahajan,5699,Apparel & Fashion,Private Limited,Jaipur,Rajasthan,2023-03-04,,Active,3699.21
MCH2463,Yogi-Dhar,4131,Transportation,Private Limited,Mumbai,Maharashtra,2023-10-20,2758552991,Active,4463.41
MCH8619,Salvi-Nazareth,5411,Grocery,Sole Proprietor,Delhi,Delhi,2024-07-25,,Active,860.21
MCH2494,Sane Ltd,5699,Apparel & Fashion,Partnership,Amritsar,Punjab,,8156434201,Active,582.0
MCH4963,Atwalltd,5912,Pharmacy,Sole Proprietor,Hyderabad,Telangana,2024-09-17,,Active,
MCH2693,Tandon-Kaur,5311,Retail,Individual,Chennai,Tamil Nadu,2025-06-04,3068123352,Active,1966.59
MCH8885,"Dhawan,Devanandchokshi",5699,Apparel & Fashion,Individual,Delhi,Delhi,2025-09-12,,Active,
MCH8974,"Shukla, Gaba And Sani",5912,Pharmacy,Sole Proprietor,Delhi,Delhi,2026-02-15,EPWM9547022186249,Active,438.78
MCH9992,Rajagopalan Plc,7011,Hotel & Lodging,Sole Proprietor,Bengaluru,Karnataka,2024-02-07,5652803993,Active,577.93
MCH8450,Narayanan Llc,5912,Medical,Sole Proprietor,Ludhiana,Punjab,,XXXX4013,Active,
MCH5642,Ganguly-Kalla,5912,Pharmacy,Private Limited,Jalandhar,Punjab,2025-11-19,9623880565,Active,
MCH6207,"Ganesan, Bajwa And Reddy",5912,Pharmacy,Partnership,Jaipur,Rajasthan,2023-03-21,1318873894,Active,391.96
MCH8855,"Rau, Dua And Nadkarni",5411,Grocery,Private Limited,Ludhiana,Punjab,2025-06-06,5829674472,Active,2893.79
MCH3700,Nath-Chakrabarti,5812,Restaurants & Food,Partnership,Chennai,Tamil Nadu,2025-03-25,,Active,1733.0
MCH7324,Grover-Murty,5942,Books & Stationery,Partnership,Jalandhar,Punjab,2025-02-12,,Suspended,1077.62
MCH4552,"Palla, Mutti And Jayaraman",4131,Transportation,Sole Proprietor,Jaipur,Rajasthan,2025-07-21,ZNQK3499547364876,Active,912.53
MCH7589,"Mangat, Din And Chatterjee",7011,Hotel & Lodging,Partnership,Mumbai,Maharashtra,2024-01-17,XXXX6278,Active,1692.13
MCH6918,Sant Ltd,4131,Transportation,Private Limited,Chennai,Tamil Nadu,2023-01-15,,Active,472.0
MCH6228,"Kar, Agarwal And Karpe",5812,Restaurants & Food,Private Limited,Bengaluru,Karnataka,2024-08-05,,Active,1145.75
MCH9688,Choudhry Llc,5942,Books & Stationery,Sole Proprietor,Bengaluru,Karnataka,2023-10-18,,Active,825.43
MCH1811,Varkey Inc,5311,Department Store,Sole Proprietor,Bengaluru,Karnataka,2026-02-25,,Active,592.0
MCH3501,Chandran-Tripathi,5999,Miscellaneous,Private Limited,Mumbai,Maharashtra,,1873775978,Active,1658.21
MCH2218,"Upadhyay, Sharma And Kothari",7011,Hotel & Lodging,Partnership,Lucknow,Uttar Pradesh,2024-04-23,VZAG9844318169851,Active,
MCH3587,Sagar-Raval,7011,Hotel & Lodging,Partnership,Jalandhar,Punjab,2024-07-31,,Active,1064.25
MCH5269,"Lala, Raval And Sahni",5942,Books & Stationery,Partnership,Jalandhar,Punjab,2024-10-21,1738664466,Active,873.0
MCH8750,"Bawa, Chatterjee And Sathe",7011,Hotel & Lodging,Individual,Ludhiana,Punjab,2025-11-30,2442042302,Active,3120.06
MCH6425,Pall-Kanda,5942,Books & Stationery,Sole Proprietor,Delhi,Delhi,,,Active,
MCH8325,"Kaul, Bumb And Bal",5411,Grocery,Sole Proprietor,Amritsar,Punjab,2025-03-19,,Inactive,183.98
MCH5780,"Kumar, Bedi And Borah",5942,Books & Stationery,Individual,Bengaluru,Karnataka,2025-01-12,,Inactive,845.88
MCH2384,Dugar-Sathe,,Telecom,Partnership,Ludhiana,Punjab,2023-01-10,9586840707,Active,7203.05
MCH7332,"Mutti, Reddy And Guha",5311,Department Store,Private Limited,Kolkata,West Bengal,2025-05-04,XXXX9186,Active,1708.81
MCH6332,Shuk1A-Hayre,5311,Department Store,Sole Proprietor,Lucknow,Uttar Pradesh,2026-01-12,,Active,788.91
MCH1002,"Apte, Saha And Edwin",5812,Restaurants & Food,Private Limited,Bengaluru,Karnataka,2026-01-07,XXXX8596,Active,1671.2
MCH7430,"Seshadri, Kakar And Sarin",5699,Apparel & Fashion,Sole Proprietor,Amritsar,Punjab,2024-08-07,BQCW3653569640830,Active,2698.18
MCH8451,Setty Inc,4814,Telecom,Private Limited,Ludhiana,Punjab,2023-06-05,,Active,196.48
MCH9383,"Sekhon,Padmanabhanandrege",5942,Books & Stationery,Individual,Chennai,Tamil Nadu,2026-01-24,4786143604,Suspended,2841.0
MCH3875,Natt Ltd,5812,Restaurants & Food,Private Limited,Jalandhar,Punjab,2025-04-07,,Active,4372.03
MCH9956,"Sanghvi, Ghose And Din",5311,Department Store,Private Limited,Delhi,Delhi,2025-11-29,,Active,2309.81
MCH3654,Ganesan Ltd,5812,Restaurants & Food,Sole Proprietor,Jalandhar,Punjab,2024-02-11,XXXX6762,Active,286.1
MCH1073,"Dasgupta,Rayanddara",,Medical,Partnership,Lucknow,Uttar Pradesh,2024-09-22,XXXX7293,Suspended,1002.63
MCH4469,Mane And Sons,4131,Transportation,Partnership,Hyderabad,Telangana,2025-05-18,ZELA9978143221753,Active,1447.11
MCH7630,"Rama, Kalita And Jha",4131,Transportation,Individual,Mumbai,Maharashtra,2025-10-01,2315692507,Active,2393.0
MCH8761,Pal Llc,5999,Miscellaneous,Private Limited,Ludhiana,Punjab,,,Active,759.79
MCH8672,"Ganguly, Sarin And Merchant",5311,Retail,Individual,Jalandhar,Punjab,2025-06-09,3398230728,Inactive,1816.05
MCH6302,Gour-Rattan,4131,Transportation,Individual,Hyderabad,Telangana,2024-09-29,HNZM4152862016158,Active,966.01
MCH1081,Mistry Group,5812,Restaurants & Food,Private Limited,Mumbai,Maharashtra,2025-05-27,XXXX5682,Active,2299.04
MCH8941,Iyer Llc,,Miscellaneous,Sole Proprietor,Ludhiana,Punjab,2023-01-24,EATG9868970979253,Active,2580.56
MCH7837,Wali Group,5812,Miscellaneous,Individual,Kolkata,West Bengal,2023-06-03,,Inactive,803.03
MCH7843,Rastogi-Das,5812,Restaurants & Food,Partnership,Amritsar,Punjab,2025-04-03,XXXX7401,Active,
MCH1234,"Shah, Pathak And Bera",,Hotel & Lodging,Partnership,Jaipur,Rajasthan,2025-10-06,,Active,354.58
MCH3311,"Agarwal, Bhandari And Varma",5699,Apparel & Fashion,Individual,Lucknow,Uttar Pradesh,2023-10-16,6820052693,Active,1187.8
MCH5354,Datta-Vala,5812,Restaurants & Food,Partnership,Ludhiana,Punjab,2023-02-16,XXXX9615,Active,2213.0
MCH7063,"Garg, Bawa And Hans",4814,Telecom,Private Limited,Lucknow,Uttar Pradesh,2025-12-28,,Active,2717.9
MCH6325,"Sathe, Seth And Varghese",5311,Department Store,Partnership,Delhi,Delhi,2025-04-03,,Inactive,422.65
MCH6299,Pathak-Mukherjee,5999,Miscellaneous,Individual,Delhi,Delhi,2025-02-02,,Suspended,256.83
MCH8863,Sastry Plc,4814,Telecom,Individual,Pune,Maharashtra,2024-08-03,,Active,
MCH5080,"Shere, Jha And Sarma",5912,Medical,Sole Proprietor,Kolkata,West Bengal,2025-02-22,,Active,2711.51
MCH6102,Andra-Sachar,5699,Apparel & Fashion,Sole Proprietor,Jaipur,Rajasthan,2023-12-12,,Active,926.97
MCH5630,Srinivas-Doshi,7011,Hotel & Lodging,Sole Proprietor,Amritsar,Punjab,2023-04-28,BCPS7283289501457,Inactive,2338.55
MCH2765,Buch Llc,4814,Telecom,Individual,Jaipur,Rajasthan,2024-12-27,,Active,132.32
MCH3533,Tiwari-Gulati,7011,Hotel & Lodging,Private Limited,Mumbai,Maharashtra,2025-10-07,SWEX6777199199579,Active,709.41
MCH1191,Raval Ltd,4814,Telecom,Individual,Kolkata,West Bengal,2023-01-19,,Inactive,1670.52
MCH1007,"Sunder, Wason And Pau",5812,Restaurants & Food,Partnership,Jaipur,Rajasthan,2023-11-19,,Active,164.45
MCH7841,Manda Group,5942,Books & Stationery,Sole Proprietor,Pune,Maharashtra,2024-10-01,8517196401,Active,14164.49
MCH6672,Nagarajan Inc,5812,Restaurants & Food,Partnership,Lucknow,Uttar Pradesh,2024-10-11,,Active,9245.49
MCH6999,Solanki Plc,7011,Hotel & Lodging,Partnership,Chennai,Tamil Nadu,2024-02-26,,Active,926.71
MCH7525,Char-Narayanan,5942,Books & Stationery,Individual,Lucknow,Uttar Pradesh,2025-03-31,,Active,424.34
MCH9963,Mahajan And S0Ns,5942,Books & Stationery,Partnership,Jaipur,Rajasthan,2025-01-19,7503956758,Active,7342.46
MCH2250,"Sachdev, Ma1H0Tra And Saraf",4131,Transportation,Individual,Ludhiana,Punjab,2023-12-17,XXXX4502,Inactive,4090.25
MCH2886,"Kurian, Dash And Walla",7011,Hotel & Lodging,Private Limited,Bengaluru,Karnataka,2023-05-25,XXXX6301,Inactive,8233.35
MCH7922,Dara Llc,,Restaurants & Food,Partnership,Mumbai,Maharashtra,2024-05-13,4216494567,Active,1260.96
MCH8346,Sane-Ben,5999,Miscellaneous,Private Limited,Kolkata,West Bengal,2024-04-03,IXCA8152224460445,Active,2955.96
MCH8460,Luthra Plc,5411,Department Store,Private Limited,Jaipur,Rajasthan,2023-03-10,XXXX0930,Active,2927.81
MCH2926,Sule-Thaker,5942,Books & Stationery,Partnership,Bengaluru,Karnataka,2024-12-16,XXXX3557,Active,1590.53
MCH9839,Natarajan-Keer,5812,Restaurants & Food,Individual,Delhi,Delhi,2025-03-03,XXXX6434,Active,2189.15
MCH3292,Sehgal-Kapur,5912,Medical,Private Limited,Jalandhar,Punjab,2025-06-03,,Active,751.44
MCH1711,"Sastry, Kota And Merchant",5411,Grocery,Sole Proprietor,Ludhiana,Punjab,2023-12-17,NEUM7554192097058,Active,1991.22
MCH7479,"Wadhwa, Bhatia And Gade",5311,Retail,Partnership,Chennai,Tamil Nadu,2024-09-14,8868630340,Active,998.0
MCH7802,"Kapur, Sarna And Chandra",,Books & Stationery,Individual,Ludhiana,Punjab,2023-06-30,,Inactive,9218.28
MCH5483,Khare Inc,5311,Retail,Sole Proprietor,Jalandhar,Punjab,2025-04-28,5460112584,Active,827.39
MCH7476,Sundaram Ltd,5411,Grocery,Sole Proprietor,Ludhiana,Punjab,2025-07-09,MKAI7735339239141,Active,1389.53
MCH3875,Kade And Sons,4814,Telecom,Private Limited,Pune,Maharashtra,2024-01-12,,Active,3073.34
MCH3690,Aurora Inc,4131,Travel,Partnership,Bengaluru,Karnataka,2025-04-26,XXXX3060,Active,915.55
MCH8530,Chopra-Khanna,5311,Department Store,Partnership,Hyderabad,Telangana,,,Active,442.28
MCH4577,"Atwal, Sura And Bhatti",5812,Restaurants & Food,Partnership,Hyderabad,Telangana,2026-01-03,PWDW0230553443063,Active,316.9
MCH1134,"Sani, Uppal And Pillai",,Pharmacy,Partnership,Kolkata,West Bengal,2025-04-11,,Active,6246.52
MCH1704,"Shukla, Hari And Chopra",4131,Transportation,Sole Proprietor,Lucknow,Uttar Pradesh,2023-04-08,,Inactive,2965.45
MCH3551,"Chaudry, Toor And Lala",4814,Telecom,Sole Proprietor,Bengaluru,Karnataka,2023-12-15,,Active,941.64
MCH6118,"Radhakrishnan, Lala And Devi",5311,Department Store,Sole Proprietor,Delhi,Delhi,2024-01-06,6215610983,Active,11547.0
MCH9180,Ramaswamyplc,5699,Apparel & Fashion,Individual,Pune,Maharashtra,2025-08-08,,Suspended,
MCH3984,"Wadhwa, Sunder And Bobal",7011,Hotel & Lodging,Private Limited,Chennai,Tamil Nadu,2023-08-10,QUQR5120846966545,Active,1305.55
MCH1124,Andra Inc,7011,Hotel & Lodging,Partnership,Lucknow,Uttar Pradesh,2023-07-08,,Active,5664.0
MCH3723,Wagle-Dugar,5411,Grocery,Individual,Bengaluru,Karnataka,2023-05-31,970612973,Active,1906.51
MCH8903,Keer-Sagar,5411,Grocery,Partnership,Lucknow,Uttar Pradesh,2024-09-16,,Active,841.61
MCH3581,"Chadha, Sankaran And Pau",5699,Apparel & Fashion,Partnership,Kolkata,West Bengal,2024-05-07,,Active,
MCH8215,"Brar, Ramesh And Kaul",5411,Grocery,Partnership,Chennai,Tamil Nadu,2023-05-23,DOZI8655958280664,Inactive,1544.34
MCH6481,Kalita Inc,4131,Transportation,Private Limited,Mumbai,Maharashtra,2024-11-29,BFCN8370004846639,Active,1389.63
MCH1263,Memon-Choudhary,5912,Pharmacy,Private Limited,Hyderabad,Telangana,2025-11-27,,Active,1888.17
MCH9718,"Trivedi, Yohannan And Garde",5411,Grocery,Sole Proprietor,Pune,Maharashtra,2025-06-14,6798429963,Active,1881.34
MCH2946,Divan Inc,4814,Telecom,Private Limited,Jaipur,Rajasthan,2024-09-22,XXXX7575,Active,1246.97
MCH6782,Basu Plc,5812,Restaurants & Food,Private Limited,Delhi,Delhi,2025-08-30,,Active,
MCH4168,"Jani, Khalsa And Minhas",5912,Pharmacy,Individual,Jaipur,Rajasthan,2023-05-28,,Inactive,
MCH4808,Padmanabhan-Pathak,5699,Apparel & Fashion,Sole Proprietor,Lucknow,Uttar Pradesh,2024-05-07,HSVX5052815662312,Inactive,
MCH2851,Kalla-Jain,7011,Hotel & Lodging,Individual,Mumbai,Maharashtra,2025-11-29,XXXX3740,Active,3022.0
MCH9029,Hayre And Sons,5311,Retail,Individual,Amritsar,Punjab,2025-11-19,,Active,
MCH2529,Sheth-Pal,5942,Books & Stationery,Individual,Lucknow,Uttar Pradesh,2023-08-23,2709901385,Active,1398.37
MCH5523,Behl Inc,5699,Apparel & Fashion,Individual,Lucknow,Uttar Pradesh,2025-06-15,GIRV9312114208892,Active,2946.06
MCH2264,"Sule, Sarma And Sur",5311,Retail,Individual,Delhi,Delhi,2025-10-21,HGHS4575612385959,Suspended,4017.0
MCH3592,"Sem, Chandran And Dara",5999,Miscellaneous,Sole Proprietor,Delhi,Delhi,2023-11-15,8281028913,Inactive,
MCH6121,"More, Sandhu And Dugar",,Apparel & Fashion,Private Limited,Jalandhar,Punjab,2023-07-26,8169816022,Active,
MCH2917,Gole-Rau,5812,Restaurants & Food,Sole Proprietor,Chennai,Tamil Nadu,2025-10-10,XXXX0356,Inactive,
MCH9566,Batra-Kaul,5311,Department Store,Private Limited,Delhi,Delhi,2025-11-28,LYAO0984012362521,Active,1260.75
MCH8902,Sabharwal Ltd,5411,Grocery,Sole Proprietor,Amritsar,Punjab,2024-12-27,8958186574,Active,
MCH7635,Karpe Inc,4814,Telecom,Partnership,Mumbai,Maharashtra,2023-05-11,4808643996,Suspended,6027.41
MCH2665,"Goswami, Savant And Kar",5311,Department Store,Sole Proprietor,Hyderabad,Telangana,2024-03-23,XXXX6615,Active,1516.75
MCH9349,Mahajan-Ghosh,5812,Restaurants & Food,Individual,Chennai,Tamil Nadu,2023-02-21,,Inactive,3266.0
MCH4964,Sarkar-Goda,5311,Department Store,Private Limited,Pune,Maharashtra,2025-07-14,,Suspended,1517.0
MCH1769,"Sekhon, Goswami And Rajan",4814,Telecom,Sole Proprietor,Lucknow,Uttar Pradesh,2025-06-28,DYOJ7653218721893,Active,1009.67
MCH9867,Loyal And Sons,5699,Apparel & Fashion,Partnership,Pune,Maharashtra,2023-05-16,,Active,1984.39
MCH9910,"Karan, Ram And Sengupta",5311,Department Store,Individual,Delhi,Delhi,2025-10-14,IIRT4821012999661,Active,191.17
MCH3796,Mani-Saha,,Restaurants & Food,Individual,Chennai,Tamil Nadu,2023-08-06,GQAE5409560780073,Active,860.72
MCH2346,Palla-Mannan,5699,Apparel & Fashion,Partnership,Chennai,Tamil Nadu,2025-04-29,XXXX3607,Active,468.76
MCH1016,"Reddy, Amble And Parmar",4814,Telecom,Partnership,Chennai,Tamil Nadu,2023-03-10,,Active,517.37
MCH9725,Shan Llc,5699,Apparel & Fashion,Individual,Lucknow,Uttar Pradesh,2024-12-20,4923079593,Active,2250.85
MCH8203,Lad-Suresh,4131,Miscellaneous,Partnership,Ludhiana,Punjab,2024-10-16,YJQR4818378164787,Active,937.0
MCH2478,"Bala, Sane And Som",5699,Apparel & Fashion,Sole Proprietor,Hyderabad,Telangana,2023-02-15,QRPZ8741280654685,Active,911.53
MCH3722,Upadhyay-Issac,5999,Miscellaneous,Private Limited,Amritsar,Punjab,2024-01-13,8162918072,Suspended,2279.6
MCH2085,Chacko-Zachariah,4131,Transportation,Sole Proprietor,Lucknow,Uttar Pradesh,,,Active,472.37
MCH9921,"Datta, Chatterjee And Khalsa",4131,Transportation,Private Limited,Bengaluru,Karnataka,2024-02-22,XXXX9256,Active,2964.42
MCH1494,Dave Llc,5999,Miscellaneous,Private Limited,Hyderabad,Telangana,2023-08-23,,Active,14736.17
MCH8794,"Mandal, Dalal And Sane",4131,Transportation,Partnership,Pune,Maharashtra,2025-02-27,,Inactive,10132.54
MCH1005,Sagar And Sons,5912,Medical,Partnership,Ludhiana,Punjab,2024-06-02,IPTY9767700049775,Active,967.53
MCH8820,"Sarkar, Arya And Chand",4131,Transportation,Private Limited,Ludhiana,Punjab,2024-12-07,XXXX8518,Active,3994.88
MCH1442,Wadhwa-Walla,7011,Hotel & Lodging,Private Limited,Pune,Maharashtra,2025-12-13,,Active,1483.74
MCH8660,"Ben, Guha And Sabharwa1",5812,Restaurants & Food,Sole Proprietor,Lucknow,Uttar Pradesh,2025-07-22,XXXX9591,Active,
MCH8091,"Kata, Mangat And Tiwari",5812,Restaurants & Food,Partnership,Amritsar,Punjab,2023-09-18,XDJG1975759254930,Inactive,723.01
MCH9107,Apte-Pathak,5699,Apparel & Fashion,Private Limited,Jalandhar,Punjab,2023-05-25,,Active,4111.02
MCH4062,Rana Group,5999,Miscellaneous,Individual,Mumbai,Maharashtra,2023-09-20,XXXX3317,Inactive,1544.23
MCH7880,Ben-Khare,4131,Transportation,Individual,Chennai,Tamil Nadu,2024-01-20,,Active,3857.41
MCH2791,"Rastogi, Mannan And Sabharwal",4131,Pharmacy,Sole Proprietor,Delhi,Delhi,2025-08-21,,Active,
MCH2988,"Mangal, Gokhale And Malhotra",5812,Restaurants & Food,Sole Proprietor,Mumbai,Maharashtra,2023-10-10,,Active,3595.96
MCH8724,"Gole, Roy And Khurana",5411,Grocery,Sole Proprietor,Bengaluru,Karnataka,2024-03-31,XXXX8526,Active,926.44
MCH7288,Sandhu Inc,5812,Restaurants & Food,Partnership,Bengaluru,Karnataka,2025-02-16,,Active,1887.15
MCH1277,Deol-Nayak,4131,Transportation,Individual,Bengaluru,Karnataka,,,Active,1188.0
MCH7969,"Karan,Balandkhurana",4131,Travel,Individual,Lucknow,Uttar Pradesh,2025-04-16,,Active,836.32
MCH4765,Baral Inc,4131,Transportation,Private Limited,Ludhiana,Punjab,,,Inactive,2514.87
MCH2475,Bains-Sahota,5411,Grocery,Individual,Bengaluru,Karnataka,2023-08-16,XXXX6630,Active,
MCH6429,Doshi Group,5699,Apparel & Fashion,Sole Proprietor,Amritsar,Punjab,2025-10-15,YIYE8202990184325,Active,369.26
MCH9439,Dhingra Inc,5411,Grocery,Individual,Mumbai,Maharashtra,2023-06-06,,Inactive,619.52
MCH7751,"Vig, Iyer And Andra",5311,Retail,Partnership,Pune,Maharashtra,2024-06-28,6513543497,Suspended,590.58
MCH4605,Barad Plc,5942,Books & Stationery,Sole Proprietor,Pune,Maharashtra,2025-06-02,XXXX1001,Active,5165.18
MCH2212,Parmar Group,,Transportation,Private Limited,Jalandhar,Punjab,2025-02-01,,Active,4432.56
MCH6016,Goda Inc,,Books & Stationery,Sole Proprietor,Kolkata,West Bengal,2025-07-21,FWRQ5490581831729,Active,1254.1
MCH1530,"Suresh, Kadakia And Iyer",5912,Medical,Private Limited,Jalandhar,Punjab,2024-08-23,,Active,158.58
MCH4511,"Walla, Kala And Devi",4131,Transportation,Sole Proprietor,Hyderabad,Telangana,2025-03-12,8103217288,Active,1448.32
MCH2313,Gulati Llc,5999,Miscellaneous,Private Limited,Kolkata,West Bengal,2024-06-09,PWIA0473863869043,Inactive,
MCH7394,Brahmbhatt Plc,5812,Restaurants & Food,Private Limited,Delhi,Delhi,2024-07-29,IKKI3369443713209,Active,3620.77
MCH8724,Sethi-Reddy,5411,Grocery,Private Limited,Hyderabad,Telangana,2025-04-09,3785181664,Inactive,425.41
MCH7653,Mishra Llc,5699,Apparel & Fashion,Individual,Jalandhar,Punjab,2025-04-30,CZKM6825233537936,Active,7064.16
MCH6017,"Loyal, Sidhu And Balay",4814,Telecom,Sole Proprietor,Amritsar,Punjab,2025-08-01,,Inactive,985.33
MCH8950,Handa Inc,4131,Travel,Partnership,Mumbai,Maharashtra,2024-07-31,XXXX9807,Active,3860.38
MCH5137,Bath-Keer,4814,Telecom,Private Limited,Bengaluru,Karnataka,2024-06-11,XXXX5840,Suspended,634.0
MCH2019,Walla-Ranganathan,5999,Miscellaneous,Partnership,Bengaluru,Karnataka,2024-05-22,,Active,1915.39
MCH1221,"Sastry, Kapoor And Varughese",5812,Restaurants & Food,Partnership,Jalandhar,Punjab,2025-04-26,,Inactive,3430.0
MCH6200,"Sen, Walla And Bath",5999,Miscellaneous,Private Limited,Delhi,Delhi,2024-01-29,,Inactive,
MCH6161,Sura-Wadhwa,,Telecom,Individual,Bengaluru,Karnataka,2025-04-22,QWHT6526941757258,Active,490.18
MCH8509,Merchant-Kalita,5411,Grocery,Private Limited,Hyderabad,Telangana,2025-02-11,5703041030,Active,329.11
MCH4530,"Mangal, Sehgal And Vohra",5942,Books & Stationery,Sole Proprietor,Delhi,Delhi,,,Active,4172.0
MCH4906,Gaba Llc,5812,Restaurants & Food,Private Limited,Jaipur,Rajasthan,2024-01-31,,Active,1902.8
MCH2022,Nagi-Gala,5999,Miscellaneous,Individual,Chennai,Tamil Nadu,2024-04-08,,Active,3182.35
MCH5768,Brar Inc,5812,Restaurants & Food,Sole Proprietor,Hyderabad,Telangana,2023-04-04,PTPO3474925086916,Active,1354.3
MCH9100,Dey-Bandi,5999,Miscellaneous,Sole Proprietor,Mumbai,Maharashtra,2023-01-23,XLOL4843036264872,Active,707.08
MCH7563,Anne And Sons,7011,Hotel & Lodging,Private Limited,Amritsar,Punjab,2023-05-16,XXXX7430,Active,300.06
MCH4503,Sunder Plc,7011,Hotel & Lodging,Partnership,Mumbai,Maharashtra,2024-01-03,MTQA2966873504692,Active,540.93
MCH4077,Verma-Dugar,5812,Restaurants & Food,Private Limited,Kolkata,West Bengal,2023-07-31,7415298015,Active,1359.17
MCH7316,Tak Ltd,,Books & Stationery,Sole Proprietor,Jaipur,Rajasthan,2024-05-26,AICM4314076152252,Active,688.43
MCH7030,Shan Ltd,5311,Department Store,Individual,Ludhiana,Punjab,,,Suspended,466.83
MCH2698,Purohit-Issac,,Miscellaneous,Individual,Ludhiana,Punjab,2023-04-15,1149607185,Inactive,798.99
MCH1813,Balan-Deo,5311,Department Store,Partnership,Pune,Maharashtra,2024-08-28,UAJB1335544875863,Active,
MCH9560,Kaul Plc,5942,Books & Stationery,Individual,Bengaluru,Karnataka,2024-10-24,XWSA3966243533864,Inactive,735.59
MCH9859,Mukherjee-Agate,5999,Miscellaneous,Sole Proprietor,Jalandhar,Punjab,,,Active,158.0
MCH3712,Narain-Vaidya,7011,Hotel & Lodging,Individual,Hyderabad,Telangana,2025-07-05,PUJI3728932216325,Active,333.0
MCH1894,Chandra-Kapur,5311,Department Store,Partnership,Jalandhar,Punjab,2023-02-22,,Active,3951.56
MCH9242,"Kadakia, Yadav And Seshadri",7011,Hotel & Lodging,Partnership,Hyderabad,Telangana,2023-03-10,XXXX4049,Suspended,1024.36
MCH1651,Kumar Inc,5942,Books & Stationery,Sole Proprietor,Mumbai,Maharashtra,2024-09-03,XXXX7749,Active,1249.76
MCH7133,Dininc,5411,Grocery,Private Limited,Pune,Maharashtra,2023-05-05,,Inactive,
MCH6404,Tailor Group,5999,Miscellaneous,Private Limited,Jaipur,Rajasthan,2026-02-04,,Suspended,792.4
MCH5884,Raman And Sons,4131,Transportation,Individual,Chennai,Tamil Nadu,,1966210053,Active,743.19
MCH7288,"Lalla, Sant And Mutti",5411,Grocery,Private Limited,Delhi,Delhi,2025-10-18,XXXX5071,Active,
MCH4904,"Vohra, Lanka And Bumb",4814,Telecom,Partnership,Chennai,Tamil Nadu,2023-09-25,XXXX8030,Active,1946.13
MCH4236,"Sinha, Shukla And Lad",5699,Apparel & Fashion,Sole Proprietor,Delhi,Delhi,2025-07-08,OZWZ6142696689139,Active,844.0
MCH9261,Gupta-Manne,5812,Restaurants & Food,Individual,Jaipur,Rajasthan,2025-07-10,,Active,2734.0
MCH8643,"Kota, Aurora And Dugal",5699,Apparel & Fashion,Sole Proprietor,Delhi,Delhi,2024-04-15,GITM5447907663864,Active,1011.23
MCH8286,"Chadha, Chaudhari And Edwin",5912,Medical,Private Limited,Hyderabad,Telangana,2023-08-09,XXXX2952,Active,1828.46
MCH3398,Chaudhary Ltd,5699,Apparel & Fashion,Sole Proprietor,Chennai,Tamil Nadu,2023-11-18,5865246306,Inactive,1864.25
MCH5648,Morar And Sons,7011,Hotel & Lodging,Individual,Pune,Maharashtra,2023-08-06,DHOL8937164342491,Active,
MCH7644,Mital Plc,7011,Hotel & Lodging,Sole Proprietor,Chennai,Tamil Nadu,2024-03-07,,Active,602.59
MCH7430,Arya Group,5699,Apparel & Fashion,Individual,Kolkata,West Bengal,,,Active,1727.74
MCH5267,"Chandra, Som And Grewal",4131,Transportation,Individual,Hyderabad,Telangana,2025-11-30,2585843766,Active,999.83
MCH5288,"Thaman, Muni And Om",5999,Miscellaneous,Sole Proprietor,Pune,Maharashtra,2023-07-08,7391241084,Active,1015.84
MCH7075,D’Alia Group,7011,Hotel & Lodging,Partnership,Chennai,Tamil Nadu,2024-05-03,1415999033,Inactive,1262.21
MCH4322,Khanna-Sarma,5311,Department Store,Sole Proprietor,Jalandhar,Punjab,2025-05-02,,Active,575.07
MCH8423,Balasubramanian And Sons,5411,Grocery,Private Limited,Mumbai,Maharashtra,2025-01-26,5080169849,Active,1838.16
MCH7229,"Salvi, Kale And Sunder",4814,Telecom,Private Limited,Pune,Maharashtra,2025-12-23,,Active,606.62
MCH4127,Subramaniam-Jhaveri,4131,Transportation,Sole Proprietor,Jaipur,Rajasthan,2024-05-22,XXXX1628,Suspended,5333.88
MCH8721,Bera-Chhabra,4131,Travel,Sole Proprietor,Lucknow,Uttar Pradesh,2024-09-08,,Active,2543.82
MCH8211,Parekh-Atwal,5411,Grocery,Private Limited,Jaipur,Rajasthan,2025-05-22,9728363988,Active,
MCH8095,Saxena Llc,5699,Apparel & Fashion,Private Limited,Jaipur,Rajasthan,2024-08-16,7415423811,Active,304.22
MCH3656,"Sani, Rajagopalan And Sachar",5411,Grocery,Individual,Chennai,Tamil Nadu,2024-11-26,EFFS9159320721097,Active,901.19
MCH3324,Char-Gera,5699,Apparel & Fashion,Partnership,Pune,Maharashtra,2026-02-20,DLMI3626046968894,Suspended,2076.73
MCH3927,Basak-Shukla,4814,Telecom,Private Limited,Jalandhar,Punjab,2023-03-18,KBJY1537538735375,Inactive,980.64
MCH2459,Gala And Sons,4131,Transportation,Sole Proprietor,Jaipur,Rajasthan,2025-04-16,OKFD4897091413997,Active,789.05
MCH9804,Bhasin-Peri,5311,Department Store,Sole Proprietor,Chennai,Tamil Nadu,2023-12-21,,Suspended,962.52
MCH9632,Kade-Shere,5311,Department Store,Sole Proprietor,Delhi,Delhi,2025-11-28,,Active,895.55
MCH5896,Kale Group,5942,Books & Stationery,Individual,Hyderabad,Telangana,2023-07-21,3922466271,Active,533.74
MCH9583,"Borra, Mutti And Chaudhary",5812,Restaurants & Food,Private Limited,Ludhiana,Punjab,2023-05-13,3322589465,Active,1408.6
MCH6548,"Kaur, Puri And Agate",4814,Telecom,Partnership,Hyderabad,Telangana,2023-09-24,487365346,Active,1154.74
MCH4776,Bobal-Dutta,5411,Grocery,Individual,Hyderabad,Telangana,2026-02-26,1427903652,Active,831.82
MCH2137,Dyalinc,4131,Transportation,Partnership,Amritsar,Punjab,2023-03-01,,Active,2285.47
MCH2726,"Shukla, Trivedi And Balan",5411,Grocery,Private Limited,Amritsar,Punjab,2023-04-04,DPXX2201328447445,Active,7491.26
MCH6284,Ta1War Ltd,7011,Hotel & Lodging,Partnership,Amritsar,Punjab,2025-11-27,6681997576,Active,
MCH7698,Bhatnagar Inc,5999,Miscellaneous,Individual,Lucknow,Uttar Pradesh,2023-08-24,8131154936,Active,1276.92
MCH2628,Muni Plc,,Department Store,Individual,Pune,Maharashtra,2024-07-13,1524505804,Active,
MCH5518,Mannan Inc,5999,Miscellaneous,Partnership,Hyderabad,Telangana,2024-03-28,,Active,1107.87
MCH3804,"Pingle, Choudhry And Sastry",5942,Books & Stationery,Sole Proprietor,Delhi,Delhi,2025-10-13,,Active,729.5
MCH8896,"Luthra, Kata And Bansal",5812,Restaurants & Food,Private Limited,Jaipur,Rajasthan,2025-09-18,,Active,
MCH8421,"Kannan, Nath And Kala",4131,Transportation,Private Limited,Amritsar,Punjab,2024-01-31,,Suspended,612.51
MCH8427,"Hegde, Bajaj And Sura",5699,Apparel & Fashion,Partnership,Jalandhar,Punjab,2024-10-07,,Active,557.6
MCH9165,"Iyengar, Raja And Bhasin",5411,Grocery,Private Limited,Lucknow,Uttar Pradesh,2024-03-01,XXXX0194,Active,1898.13
MCH6545,"Chanda, Mittal And Venkatesh",5912,Pharmacy,Individual,Kolkata,West Bengal,,281511993,Active,909.37
MCH6870,Basak Group,4814,Telecom,Sole Proprietor,Pune,Maharashtra,2025-04-03,5001363774,Active,2497.95
MCH3955,"Dutta, Boase And Jha",5812,Restaurants & Food,Partnership,Jaipur,Rajasthan,,7839475828,Active,935.24
MCH7206,Srivastava And Sons,5411,Grocery,Private Limited,Lucknow,Uttar Pradesh,2025-08-18,1550287427,Active,1434.41
MCH5734,Balan Inc,5311,Department Store,Private Limited,Jalandhar,Punjab,2025-05-20,,Active,2000.53
MCH2384,Sarkar-Aur0Ra,5912,Pharmacy,Sole Proprietor,Jaipur,Rajasthan,2025-01-22,,Active,4909.55
MCH4227,Panchal Plc,5999,Miscellaneous,Sole Proprietor,Kolkata,West Bengal,2025-01-09,,Active,1533.36
MCH3301,Reddy And Sons,5942,Books & Stationery,Partnership,Jaipur,Rajasthan,2023-06-25,5060880178,Active,2571.65
MCH5269,Swaminathan-Barman,,Books & Stationery,Sole Proprietor,Pune,Maharashtra,2024-04-05,ZNGO2188869689395,Active,526.0
MCH6314,Tella-Sachdeva,4131,Transportation,Sole Proprietor,Lucknow,Uttar Pradesh,2023-01-22,,Active,2661.98
MCH6481,"Virk, Shan And Chopra",5812,Restaurants & Food,Individual,Pune,Maharashtra,2024-08-07,3425983900,Active,2726.92
MCH1294,Rajagopalan Group,5912,Medical,Individual,Amritsar,Punjab,2024-08-29,XXXX1888,Active,539.82
MCH8297,Rai And Sons,5942,Books & Stationery,Partnership,Chennai,Tamil Nadu,2024-07-20,EMJO2764357164899,Active,618.85
MCH1383,Dubey Group,4131,Grocery,Individual,Hyderabad,Telangana,2023-09-03,JDGO5125225131187,Active,
MCH3214,Dubey Inc,4131,Transportation,Individual,Bengaluru,Karnataka,2024-07-24,1238686450,Active,2052.0
MCH3641,"Khurana, Barman And Suresh",5699,Apparel & Fashion,Individual,Delhi,Delhi,2025-08-06,XXXX0826,Active,2224.44
MCH6273,"Dubey, Narula And Jhaveri",5311,Department Store,Private Limited,Pune,Maharashtra,2025-05-06,,Active,754.63
MCH8400,Banerjee Inc,5812,Restaurants & Food,Sole Proprietor,Lucknow,Uttar Pradesh,,,Active,
MCH5793,Pathak Group,4131,Transportation,Individual,Mumbai,Maharashtra,2025-04-27,5675595225,Active,1570.7
MCH5745,"Bahri, Dutta And Narang",4131,Transportation,Individual,Bengaluru,Karnataka,2024-03-27,GWGG2673614762721,Active,955.1
MCH4246,Rama-Dasgupta,5311,Retail,Individual,Amritsar,Punjab,2025-01-05,,Active,2336.28
MCH6806,Badal-Bhasin,5411,Grocery,Individual,Hyderabad,Telangana,2025-12-05,,Active,23208.4
MCH6818,"Halder, Tata And Chand",7011,Hotel & Lodging,Sole Proprietor,Kolkata,West Bengal,2025-04-20,,Active,233.0
MCH5378,Chaudhari Inc,7011,Hotel & Lodging,Individual,Bengaluru,Karnataka,2023-12-12,XXXX0207,Active,
MCH4904,"Verma, Tak And Morar",4814,Telecom,Partnership,Mumbai,Maharashtra,,,Active,457.36
MCH3561,Kumar Llc,5812,Restaurants & Food,Partnership,Chennai,Tamil Nadu,2025-10-18,9204267445,Active,715.0
MCH2945,Agarwa1-Cherian,5912,Telecom,Sole Proprietor,Jalandhar,Punjab,2025-10-06,XXXX2889,Inactive,1759.15
MCH8656,Singh Plc,,Books & Stationery,Individual,Bengaluru,Karnataka,2024-09-06,RQTA6882310547982,Active,9885.11
MCH3442,Choudhry-Ravi,5699,Apparel & Fashion,Partnership,Mumbai,Maharashtra,2025-09-09,XXXX0565,Active,3189.0
MCH4733,Sankar Inc,5411,Grocery,Sole Proprietor,Jaipur,Rajasthan,2023-01-25,XXXX7201,Active,1176.53
MCH5303,Walla Inc,5311,Department Store,Private Limited,Chennai,Tamil Nadu,,,Active,1019.0
MCH8536,Boase Plc,,Telecom,Partnership,Mumbai,Maharashtra,2024-10-23,,Active,3149.45
MCH5410,Ganesh Llc,7011,Hotel & Lodging,Partnership,Delhi,Delhi,2023-01-13,,Active,1114.19
MCH1138,"Shan,Buchandtank",5942,Books & Stationery,Sole Proprietor,Bengaluru,Karnataka,2024-07-03,XXXX0724,Active,1369.64
MCH1652,Tripathi-Vasa,5311,Department Store,Private Limited,Amritsar,Punjab,2025-08-03,7462856821,Inactive,1419.63
MCH4604,"Som, Kalla And Dada",5699,Apparel & Fashion,Sole Proprietor,Chennai,Tamil Nadu,2024-07-02,,Active,1478.97
MCH9380,Chakrabarti Group,5812,Restaurants & Food,Private Limited,Ludhiana,Punjab,2023-11-23,ECMM7078142170981,Active,199.0
MCH1015,Mannan-Subramaniam,7011,Hotel & Lodging,Individual,Hyderabad,Telangana,2024-05-19,,Active,
MCH8053,Chhabra Inc,4814,Telecom,Individual,Hyderabad,Telangana,2023-03-29,XXXX7777,Active,1235.44
MCH8033,"Kala, Mahal And Dash",5311,Department Store,Individual,Hyderabad,Telangana,2025-12-02,XXXX2251,Suspended,1390.13
MCH7260,Kunda Inc,7011,Hotel & Lodging,Private Limited,Jalandhar,Punjab,2024-06-20,,Active,391.11
MCH8713,"Shere, Loke And Butala",4814,Telecom,Private Limited,Delhi,Delhi,,,Inactive,
MCH6001,Murthy-Batra,7011,Hotel & Lodging,Sole Proprietor,Jalandhar,Punjab,2024-08-31,DRAQ5734718978671,Active,1116.47
MCH1792,Palan-Naidu,5699,Apparel & Fashion,Partnership,Bengaluru,Karnataka,2023-01-28,JXLM1363091809821,Active,443.5
MCH8129,"Devan, Ramesh And 0Ak",5311,Department Store,Individual,Kolkata,West Bengal,2025-03-22,XXXX5824,Active,2940.0
MCH1775,Karnik Inc,5411,Grocery,Private Limited,Lucknow,Uttar Pradesh,2023-04-13,MCRQ9864671908344,Active,313.0
MCH6593,"Thakur, V0Hra And Kar",5411,Grocery,Private Limited,Hyderabad,Telangana,2025-05-26,,Active,5861.0
MCH5556,Pau-Kale,5912,Medical,Private Limited,Mumbai,Maharashtra,2023-10-31,FLTM9160494360696,Active,513.95
MCH2024,"Ram, Manda And Chopra",4131,Transportation,Sole Proprietor,Pune,Maharashtra,2025-07-24,,Active,
MCH8932,"Venkatesh, Nayak And Ravel",5411,Miscellaneous,Private Limited,Lucknow,Uttar Pradesh,2023-01-01,STLO0893921270298,Active,1585.03
MCH4419,Gill-Ratta,5912,Medical,Sole Proprietor,Jaipur,Rajasthan,2024-09-15,ETZF4377515836271,Active,1442.51
MCH5856,"Wason, Savant And Bahl",,Miscellaneous,Individual,Mumbai,Maharashtra,2026-02-11,,Active,944.06
MCH1060,Goda And Sons,5311,Department Store,Sole Proprietor,Chennai,Tamil Nadu,2023-05-18,2862334269,Inactive,2371.8
MCH4433,"Patil, Subramanian And Madan",7011,Hotel & Lodging,Partnership,Kolkata,West Bengal,2023-01-23,KNSD2742017347383,Active,830.16
MCH9401,Ravi Llc,7011,Hotel & Lodging,Sole Proprietor,Pune,Maharashtra,2025-11-14,1215375647,Active,1824.72
MCH8098,"Babu, Gupta And Bir",5812,Restaurants & Food,Partnership,Lucknow,Uttar Pradesh,,FYXA2708849715447,Active,320.71
MCH7564,"Mahal, Thaman And Dani",5411,Books & Stationery,Sole Proprietor,Jalandhar,Punjab,2023-12-23,7935535958,Active,503.13
MCH7063,"Thaker, Grover And Mohanty",5411,Miscellaneous,Individual,Delhi,Delhi,2024-01-19,,Inactive,
MCH3040,"Dhar, Kunda And Desai",5411,Grocery,Partnership,Jaipur,Rajasthan,2025-03-05,,Active,267.0
MCH1237,Agarwal-Kibe,7011,Hotel & Lodging,Partnership,Mumbai,Maharashtra,2023-03-30,CKEI2680343648784,Active,750.84
MCH2014,Bali-Mani,7011,Hotel & Lodging,Individual,Pune,Maharashtra,2023-08-01,ARLE1914445816062,Active,8107.98
MCH5251,Sehgal-Yadav,5411,Grocery,Sole Proprietor,Bengaluru,Karnataka,2024-11-18,XUHW6533831586352,Active,625.43
MCH8967,Kade-Sama,5699,Apparel & Fashion,Partnership,Delhi,Delhi,2023-02-18,,Active,
MCH2350,Tata-Palla,5699,Apparel & Fashion,Private Limited,Jaipur,Rajasthan,2025-01-29,,Active,1391.95
MCH3093,"B0Ba1, Madan And Narain",5411,Miscellaneous,Individual,Jalandhar,Punjab,2025-06-12,6552427779,Inactive,2015.86
MCH8331,Yogi Inc,5999,Miscellaneous,Sole Proprietor,Bengaluru,Karnataka,2025-05-07,,Inactive,1372.86
MCH3005,"Saxena, Narain And Mander",5699,Apparel & Fashion,Private Limited,Kolkata,West Bengal,2024-03-25,RIGO9314848159457,Inactive,1149.79
MCH5957,Bose Plc,5942,Books & Stationery,Partnership,Jaipur,Rajasthan,2023-09-22,,Inactive,1309.17
MCH1320,Babu-Khatri,5699,Apparel & Fashion,Individual,Kolkata,West Bengal,2023-11-24,XXXX8923,Suspended,
MCH9984,"Dash, Radhakrishnan And Singh",4131,Transportation,Sole Proprietor,Amritsar,Punjab,2025-11-01,4065235597,Active,956.87
MCH5293,Pingle Plc,5999,Miscellaneous,Individual,Delhi,Delhi,2023-09-03,XXXX2228,Active,1088.29
MCH2133,Bose-Saraf,5999,Miscellaneous,Sole Proprietor,Mumbai,Maharashtra,2024-09-19,6035698626,Active,
MCH3470,Chopra-Garde,4814,Telecom,Individual,Bengaluru,Karnataka,2025-02-03,,Active,509.62
MCH1420,Aggarwal-Garde,4131,Transportation,Sole Proprietor,Mumbai,Maharashtra,2024-03-18,XXXX4337,Active,830.85
MCH1340,Pingle-Lad,5999,Miscellaneous,Individual,Chennai,Tamil Nadu,2023-09-02,,Active,
MCH5671,Bava-Arya,5699,Apparel & Fashion,Private Limited,Hyderabad,Telangana,2023-11-18,SNRX5730951285773,Active,2123.47
MCH2681,Upadhyay-Bava,7011,Hotel & Lodging,Individual,Pune,Maharashtra,2024-02-16,YHMW6591611383032,Active,230.72
MCH6745,Chaudry Plc,7011,Hotel & Lodging,Individual,Lucknow,Uttar Pradesh,2023-05-16,,Inactive,2605.91
MCH1647,Narula Llc,5699,Apparel & Fashion,Individual,Ludhiana,Punjab,2024-05-10,5628842369,Suspended,1898.14
MCH4578,"Pancha1, Ch0Pra And Ma11",5942,Books & Stationery,Private Limited,Chennai,Tamil Nadu,2023-07-22,IFCV0550743259811,Inactive,2039.12
MCH3341,Ramesh Inc,5912,Pharmacy,Individual,Mumbai,Maharashtra,2024-11-15,,Active,1745.15
MCH1333,Sastry Plc,4814,Telecom,Individual,Amritsar,Punjab,2025-09-18,DIOZ5944277163234,Inactive,1548.51
MCH1174,Mander-Kari,5411,Grocery,Partnership,Jalandhar,Punjab,2023-05-01,,Active,1013.97
MCH8784,"Iyengar, Savant And Sehgal",4131,Transportation,Private Limited,Mumbai,Maharashtra,2024-01-12,,Active,575.0
MCH6017,Hayer Group,5812,Restaurants & Food,Private Limited,Mumbai,Maharashtra,2024-11-24,,Active,
MCH9763,Bhatnagar-Ramesh,5699,Apparel & Fashion,Individual,Bengaluru,Karnataka,2023-03-24,FAWR8699456284349,Active,2954.71
MCH4909,"Sharaf, Lalla And Rattan",,Books & Stationery,Sole Proprietor,Kolkata,West Bengal,2025-02-16,5725440715,Suspended,650.04
MCH6982,Manda And Sons,4814,Telecom,Partnership,Delhi,Delhi,2024-01-30,UKBI1493589511002,Inactive,
MCH4221,"Rastogi, Goda And Naidu",5999,Miscellaneous,Individual,Jalandhar,Punjab,,,Active,745.75
MCH1934,"Deol,Dugarandparmer",5942,Books & Stationery,Private Limited,Chennai,Tamil Nadu,2025-06-26,,Active,2520.96
MCH7600,"Karnik, Thakur And Palla",5912,Medical,Sole Proprietor,Hyderabad,Telangana,2023-04-24,,Active,1154.91
MCH9745,Chaudhuri Plc,,Apparel & Fashion,Sole Proprietor,Pune,Maharashtra,2025-05-26,LAJQ5592021482333,Inactive,475.31
MCH4421,Natarajan-Borah,5999,Miscellaneous,Sole Proprietor,Mumbai,Maharashtra,2024-11-21,,Active,1261.07
MCH3490,Sachdev-Din,5411,Grocery,Individual,Delhi,Delhi,2023-02-21,VNMY8994386086089,Suspended,570.0
MCH8264,"Hayer, Pant And Suresh",4131,Transportation,Private Limited,Jaipur,Rajasthan,2025-01-03,WKHI8476650778332,Active,2906.17
MCH7567,Badal-Tripathi,5699,Apparel & Fashion,Partnership,Delhi,Delhi,2023-01-23,,Active,581.85
MCH6419,"Bhalla, Dubey And Salvi",5411,Medical,Sole Proprietor,Jaipur,Rajasthan,2024-01-15,,Active,3881.01
MCH6143,"Murthy, Kala And Mangat",5812,Restaurants & Food,Individual,Hyderabad,Telangana,2023-03-26,3144502115,Active,
MCH7681,"Aggarwal, Raj And Mand",5311,Retail,Individual,Amritsar,Punjab,2023-07-26,6309524938,Active,148.0
MCH4141,Sarkar And Sons,4814,Telecom,Partnership,Bengaluru,Karnataka,2023-06-10,,Active,1485.34
MCH8571,"Sahni, Arya And Guha",4131,Transportation,Private Limited,Kolkata,West Bengal,,XXXX6085,Active,1192.48
MCH6697,"Chanda, Chakraborty And Mand",4814,Telecom,Individual,Pune,Maharashtra,2025-09-29,4744924569,Active,706.35
MCH1881,"Bawa, Ganesan And Oak",5912,Medical,Partnership,Chennai,Tamil Nadu,2023-12-14,,On Hold,
MCH7586,Randhawainc,5812,Restaurants & Food,Partnership,Chennai,Tamil Nadu,2025-06-21,,Inactive,629.75
MCH8374,Nadig-Batra,5699,Apparel & Fashion,Partnership,Amritsar,Punjab,2024-02-21,VELJ0567478440820,Active,831.77
MCH1553,Basu-Varma,5942,Books & Stationery,Sole Proprietor,Kolkata,West Bengal,,,Active,1630.0
MCH7957,Keer-Khalsa,5411,Retail,Sole Proprietor,Amritsar,Punjab,2025-11-21,,Active,1690.94
MCH2250,Borra And Sons,5942,Books & Stationery,Individual,Hyderabad,Telangana,2024-07-18,XXXX4935,Active,
MCH7023,Mannan-Mallick,5999,Miscellaneous,Individual,Hyderabad,Telangana,,BQNS1502974429250,Active,1891.27
MCH5546,B0Rde Inc,5311,Retail,Individual,Ludhiana,Punjab,2024-09-27,JPIE0555435223526,Active,1430.97
MCH5494,Raja Ltd,5942,Books & Stationery,Partnership,Ludhiana,Punjab,2025-07-19,XXXX2189,Active,209.91
MCH9714,Issac-Pall,5912,Pharmacy,Private Limited,Chennai,Tamil Nadu,2024-07-06,,Inactive,925.43
MCH2532,Chad Inc,5999,Miscellaneous,Partnership,Jaipur,Rajasthan,2023-01-11,SDKV0929160095786,Inactive,351.38
MCH6776,"Khanna, Kadakia And Hans",5942,Books & Stationery,Partnership,Jalandhar,Punjab,2024-12-16,,Active,7527.28
MCH9208,Lala-Tiwari,5942,Books & Stationery,Partnership,Amritsar,Punjab,2023-05-17,,Inactive,338.09
MCH3930,Kashyap-Rastogi,5699,Apparel & Fashion,Individual,Lucknow,Uttar Pradesh,,XXXX4709,Active,510.04
MCH7618,"Thaman, Parikh And Dubey",7011,Hotel & Lodging,Private Limited,Delhi,Delhi,2025-11-22,SGHB3691205385794,Active,244.24
MCH7621,"Sankaran, Sur And Panchal",5812,Restaurants & Food,Individual,Jaipur,Rajasthan,2023-01-03,XXXX7790,Active,1992.6
MCH4589,"Sathe, Bumb And Shankar",5699,Apparel & Fashion,Sole Proprietor,Amritsar,Punjab,2024-10-27,XXXX1983,Active,76.99
MCH2191,"Choudhry, Rai And Chokshi",,Books & Stationery,Private Limited,Chennai,Tamil Nadu,2025-04-14,,Active,3020.11
MCH8955,"Gade, Venkatesh And Bedi",5912,Miscellaneous,Sole Proprietor,Bengaluru,Karnataka,2023-05-13,LWFG7573237346886,Active,455.69
MCH3591,"Panchal, Balasubramanian And Dey",5942,Books & Stationery,Private Limited,Kolkata,West Bengal,2025-03-15,9832386733,Active,2193.61
MCH8221,Kala-Bajaj,5942,Books & Stationery,Sole Proprietor,Bengaluru,Karnataka,,5133526509,Inactive,1133.63
MCH2552,"Saran, Dyal And Wable",4814,Telecom,Partnership,Hyderabad,Telangana,2023-10-19,XXXX2290,Active,1588.96
MCH7784,Dave-Babu,5912,Medical,Partnership,Ludhiana,Punjab,2023-03-16,XXXX3111,Active,643.0
MCH1853,Narayanan-Chander,4131,Transportation,Sole Proprietor,Amritsar,Punjab,2023-10-10,GGYD8312524893538,Active,13872.38
MCH9201,Ramachandran Plc,4814,Telecom,Private Limited,Jaipur,Rajasthan,2024-10-02,,Active,1064.13
MCH3439,"Palan, Bora And Puri",5411,Grocery,Private Limited,Ludhiana,Punjab,2024-03-05,AHWJ3061043363701,Active,1840.58
MCH8163,"Sama, Pant And Tara",,Books & Stationery,Private Limited,Lucknow,Uttar Pradesh,2025-06-13,,Active,
MCH4090,Dubegroup,5311,Department Store,Individual,Jaipur,Rajasthan,2024-06-12,NPEH3410333318653,Active,5497.54
MCH6751,Jhaveri-Rege,5942,Books & Stationery,Private Limited,Jalandhar,Punjab,2023-07-30,,Active,1649.91
MCH2770,Nagi Plc,5999,Miscellaneous,Individual,Jaipur,Rajasthan,2024-05-06,,Suspended,
MCH2274,Kade-Wadhwa,5699,Apparel & Fashion,Partnership,Delhi,Delhi,,,Active,
MCH4275,Raval-Bora,5812,Restaurants & Food,Sole Proprietor,Jaipur,Rajasthan,2024-04-18,3945076989,Active,1335.0
MCH5458,"Korpal, Venkatesh And Choudhary",7011,Hotel & Lodging,Individual,Jaipur,Rajasthan,2024-03-17,,Active,
MCH5997,"Kothari,Basuandkothari",5912,Medical,Sole Proprietor,Delhi,Delhi,2025-09-07,4059468429,Inactive,2459.46
MCH2675,Venkataraman-Rastogi,5942,Books & Stationery,Private Limited,Amritsar,Punjab,2025-06-23,YXGI4135701284971,Active,877.85
MCH5239,Saha Inc,5999,Miscellaneous,Individual,Lucknow,Uttar Pradesh,2025-09-29,,Active,6907.0
MCH3907,"Oza, Sachdev And Sarkar",5812,Restaurants & Food,Private Limited,Jalandhar,Punjab,,XXXX6224,Active,2184.56
MCH6009,"Nagar, Chowdhury And Raghavan",,Books & Stationery,Private Limited,Pune,Maharashtra,,XXXX6864,Active,1266.03
MCH8861,Prashad And Sons,5999,Miscellaneous,Individual,Chennai,Tamil Nadu,,XXXX5366,Active,
MCH2383,Dewan-Misra,4814,Telecom,Sole Proprietor,Ludhiana,Punjab,2023-05-09,,Active,923.06
MCH5141,Sinha Ltd,,Apparel & Fashion,Sole Proprietor,Jaipur,Rajasthan,2025-07-27,XXXX0376,Inactive,764.85
MCH5037,"Sekhon, Dhillon And Bath",5812,Restaurants & Food,Partnership,Delhi,Delhi,2024-10-01,8639611595,Suspended,
MCH7074,Lalla-Iyengar,,Pharmacy,Individual,Jalandhar,Punjab,2026-10-01,9351816139,Active,732.21
MCH6137,"Sidhu, Ahuja And Kumar",5812,Restaurants & Food,Partnership,Bengaluru,Karnataka,,510702134,Active,1574.67
MCH2115,Kohli-Doshi,4131,Travel,Sole Proprietor,Chennai,Tamil Nadu,2024-05-24,XXXX7245,Active,8526.65
MCH8177,"Ghose, Om And Dada",5912,Pharmacy,Individual,Jaipur,Rajasthan,2023-01-25,VAWO9622110634974,Active,578.46
MCH2946,Nagy-Jani,4131,Transportation,Sole Proprietor,Mumbai,Maharashtra,,1929586448,Active,316.0
MCH1973,Sastry Ltd,5699,Apparel & Fashion,Sole Proprietor,Chennai,Tamil Nadu,2024-12-23,,Active,1479.74
MCH7544,Narayan-Oommen,4814,Telecom,Individual,Jalandhar,Punjab,2023-06-29,RSLP3867431498538,Inactive,1478.06
MCH8393,Salvi Llc,7011,Hotel & Lodging,Partnership,Jalandhar,Punjab,2024-10-18,XXXX4953,Active,1230.0
MCH9393,"Sehgal, Chawla And Korpal",5812,Restaurants & Food,Individual,Amritsar,Punjab,2025-09-03,XXXX8440,Active,896.96
MCH2205,Parmer-Lad,5311,Department Store,Individual,Delhi,Delhi,2023-07-01,QDLE8658067283923,Active,986.0
MCH3908,Kanda Llc,5999,Miscellaneous,Sole Proprietor,Pune,Maharashtra,2024-05-07,2653904246,Active,
MCH4560,Shankar Ltd,4814,Telecom,Individual,Bengaluru,Karnataka,2025-06-12,,Active,1403.88
MCH7311,Jhaveri-Hans,7011,Hotel & Lodging,Sole Proprietor,Mumbai,Maharashtra,2025-12-05,RZUE2319491323812,Active,1009.0
MCH5472,Dua Group,5942,Books & Stationery,Private Limited,Ludhiana,Punjab,2024-09-23,2328427852,Active,778.0
MCH8851,"Kanda, Kohli And Thaman",5812,Restaurants & Food,Sole Proprietor,Jalandhar,Punjab,,,Suspended,5573.07
MCH9681,Bawa Plc,5699,Apparel & Fashion,Private Limited,Pune,Maharashtra,2024-01-09,,Active,1913.04
MCH8641,Rai And Sons,4131,Travel,Individual,Ludhiana,Punjab,2024-01-10,,Active,
MCH6468,Golla-Murty,4131,Transportation,Partnership,Hyderabad,Telangana,2024-06-20,,Active,
MCH8995,Mahajan Group,5999,Miscellaneous,Partnership,Jalandhar,Punjab,2023-09-12,XXXX2606,Active,2967.0
MCH1827,Saha Ltd,5999,Miscellaneous,Partnership,Pune,Maharashtra,2026-01-12,GFSK2439344528128,Active,790.89
MCH1529,"Sangha,Banerjeeandsengupta",7011,Hotel & Lodging,Private Limited,Ludhiana,Punjab,2023-02-06,,Inactive,1257.59
MCH8923,Raja-Sur,4131,Travel,Individual,Hyderabad,Telangana,2023-05-29,,Active,1033.58
MCH8464,"Kapadia, Sarin And Bhargava",5411,Grocery,Sole Proprietor,Ludhiana,Punjab,2024-07-19,,Active,1536.1
MCH8749,"Tara, Parmer And Walla",4131,Travel,Private Limited,Kolkata,West Bengal,2025-06-19,BWRP8229942592433,Inactive,584.1
MCH4298,Jain Group,4814,Telecom,Private Limited,Delhi,Delhi,2024-06-01,6571920723,Inactive,316.99
MCH8552,"Manne, Manda And Toor",4131,Travel,Sole Proprietor,Pune,Maharashtra,2023-08-19,,Active,
MCH5227,Gala Plc,7011,Hotel & Lodging,Partnership,Kolkata,West Bengal,2026-01-21,,Active,
MCH3323,Dey Plc,4814,Telecom,Sole Proprietor,Jaipur,Rajasthan,2024-12-24,XXXX2284,Inactive,559.08
MCH9199,Goda-Patel,4814,Telecom,Partnership,Lucknow,Uttar Pradesh,2024-12-23,3404405124,Active,992.24
MCH4745,Divan-Rao,5311,Department Store,Sole Proprietor,Jalandhar,Punjab,2023-05-12,9446528330,Active,778.92
MCH4463,"Kant, Varma And Madan",5411,Grocery,Individual,Amritsar,Punjab,2023-01-26,XXXX8058,Inactive,703.89
MCH8296,D’Alia-Kannan,,Miscellaneous,Partnership,Mumbai,Maharashtra,2023-07-29,,Active,659.86
MCH2585,Roy Llc,,Grocery,Sole Proprietor,Jaipur,Rajasthan,2025-10-13,2320667701,Active,2233.97
MCH6427,Bose Inc,5999,Miscellaneous,Private Limited,Ludhiana,Punjab,2025-02-07,UHFS8061607261976,Inactive,1949.7
MCH7176,"Sachar, Wali And Saha",4131,Travel,Individual,Kolkata,West Bengal,2026-02-13,7683191787,Active,980.72
MCH7679,Sodhi-Dugal,5411,Grocery,Individual,Jalandhar,Punjab,2023-01-23,8562313994,Active,975.38
MCH6829,"Natarajan, Thaker And Aggarwal",5912,Medical,Sole Proprietor,Mumbai,Maharashtra,2024-01-24,,Active,1746.05
MCH4180,"Iyer, Saha And Kumar",7011,Hotel & Lodging,Partnership,Lucknow,Uttar Pradesh,2025-04-16,2796320001,Active,3864.5
MCH4080,Jhaveri-Andra,5311,Department Store,Sole Proprietor,Jalandhar,Punjab,2024-06-18,,Active,4912.37
MCH8537,Sunder Llc,4131,Travel,Private Limited,Chennai,Tamil Nadu,2025-09-16,FNGX1491502830694,Inactive,1072.34
MCH2639,Sunder-Keer,5411,Grocery,Partnership,Jaipur,Rajasthan,2025-04-19,,Active,
MCH6643,"Bala, Palla And Srinivas",5942,Books & Stationery,Private Limited,Jalandhar,Punjab,2023-06-13,3868687292,Active,1698.35
MCH6208,Tak-Parmar,4814,Telecom,Private Limited,Lucknow,Uttar Pradesh,2024-03-16,XXXX8227,Suspended,
MCH8639,"Sodhi, Kala And Ramaswamy",5411,Grocery,Partnership,Pune,Maharashtra,2023-09-18,,Active,1544.0
MCH6574,"Thaman, Gupta And Barad",4814,Telecom,Private Limited,Pune,Maharashtra,2024-03-03,2887690427,Active,1371.71
MCH4980,Batra Llc,5411,Grocery,Individual,Pune,Maharashtra,,XXXX6176,Active,2806.42
MCH8046,Muni Llc,7011,Pharmacy,Partnership,Mumbai,Maharashtra,2024-12-11,GNMM4947998232253,Active,401.9
MCH5190,"Saini,Ranaandaggarwal",5411,Grocery,Sole Proprietor,Mumbai,Maharashtra,,4016367368,Active,1844.01
MCH2577,Dua Inc,5812,Restaurants & Food,Sole Proprietor,Bengaluru,Karnataka,2023-11-23,,Active,23536.65
MCH6034,Sane Inc,5912,Medical,Private Limited,Jaipur,Rajasthan,2025-10-18,5791425986,Active,1353.34
MCH4083,"Loyal, Dara And Sharaf",4814,Telecom,Individual,Chennai,Tamil Nadu,2024-02-15,,Active,1752.1
MCH8390,"Thakkar, Babu And Nagi",4131,Transportation,Private Limited,Hyderabad,Telangana,2024-03-25,XXXX7354,Active,2159.57
MCH9016,Upadhyay-Sethi,4814,Telecom,Partnership,Mumbai,Maharashtra,2025-07-27,XXXX7823,Active,764.46
MCH6780,"Bhatia, Dalal And Kapur",5999,Miscellaneous,Private Limited,Jalandhar,Punjab,2025-05-24,,Active,
MCH3201,Bahl And Sons,5942,Books & Stationery,Sole Proprietor,Amritsar,Punjab,2024-05-27,4264935431,Active,576.96
MCH9352,Chaudhary-Munshi,,Hotel & Lodging,Sole Proprietor,Hyderabad,Telangana,2025-12-27,1982708228,Inactive,295.19
MCH6091,Ratti-Kalita,5942,Books & Stationery,Sole Proprietor,Ludhiana,Punjab,2023-09-06,XXXX4886,Active,458.92
MCH3491,"Chawla, Tella And Madan",,Telecom,Sole Proprietor,Lucknow,Uttar Pradesh,2025-05-23,,Active,1044.7
MCH3426,"Morar, Dar And Raja",5311,Department Store,Individual,Jalandhar,Punjab,2023-10-25,XXXX0393,Inactive,1252.0
MCH2395,Sathe-Dixit,4131,Transportation,Private Limited,Chennai,Tamil Nadu,2023-12-24,,Active,941.52
MCH8330,Trivedi-Shan,,Restaurants & Food,Partnership,Hyderabad,Telangana,2024-11-05,2548494928,Active,4115.86
MCH7978,"Ganesan, Kohli And Savant",5999,Miscellaneous,Individual,Jaipur,Rajasthan,2023-02-15,XXXX8648,Active,2414.03
MCH8826,Mallick-Dasgupta,5311,Department Store,Private Limited,Jalandhar,Punjab,2023-02-09,2382228031,Active,1719.24
MCH3593,"Kara,Brarandapte",4814,Telecom,Private Limited,Mumbai,Maharashtra,2023-12-04,,Suspended,474.6
MCH9888,"Contractor, Mohanty And Devi",5912,Pharmacy,Sole Proprietor,Chennai,Tamil Nadu,2025-09-23,XXXX3253,Active,1367.96
MCH5154,Chauhan Inc,5411,Telecom,Partnership,Jalandhar,Punjab,2023-02-18,,Active,1206.43
MCH3371,Bath Plc,5411,Telecom,Private Limited,Chennai,Tamil Nadu,2024-06-16,XXXX9871,Active,1557.07
MCH1909,Murthy And Sons,5942,Books & Stationery,Sole Proprietor,Pune,Maharashtra,2023-11-25,6570869272,Active,823.0
MCH6152,Dasgupta-Das,5942,Books & Stationery,Private Limited,Jaipur,Rajasthan,2024-10-26,XXXX8744,Active,344.11
MCH4375,"Mani, Pillai And Soman",5311,Department Store,Sole Proprietor,Lucknow,Uttar Pradesh,2024-08-03,,Active,1050.41
MCH7380,"Gour, Jani And Mital",5999,Miscellaneous,Individual,Chennai,Tamil Nadu,2024-11-06,,Inactive,688.41
MCH4305,Padmanabhan-Thaker,4131,Transportation,Individual,Ludhiana,Punjab,2024-10-17,,Active,572.69
MCH7198,Rama And Sons,5912,Pharmacy,Partnership,Jaipur,Rajasthan,2023-02-15,6060043689,Active,1594.96
MCH1298,"Raghavan,Reddyandsangha",5942,Books & Stationery,Sole Proprietor,Hyderabad,Telangana,2025-04-28,XXXX0353,Active,364.92
MCH9510,Warri0R-Thakkar,4131,Transportation,Sole Proprietor,Bengaluru,Karnataka,2024-09-15,,Active,1261.0
MCH8799,"Dada, Ramaswamy And Dugal",5942,Books & Stationery,Private Limited,Hyderabad,Telangana,2023-09-04,STYQ1453146869201,Suspended,2080.34
MCH3453,"Sangha, Minhas And Patil",7011,Hotel & Lodging,Private Limited,Jaipur,Rajasthan,2023-11-15,5047749653,Active,
MCH6333,"Kumer, Butala And Sawhney",5699,Apparel & Fashion,Individual,Chennai,Tamil Nadu,2024-09-08,HRFV9386173143650,Active,831.77
MCH1255,La1A And S0Ns,4814,Telecom,Partnership,Kolkata,West Bengal,2023-07-19,8344362943,Inactive,772.22
MCH8379,Deep Group,5942,Books & Stationery,Private Limited,Kolkata,West Bengal,2026-01-29,XXXX9737,Suspended,469.0
MCH3147,Acharya-Uppal,4131,Travel,Individual,Chennai,Tamil Nadu,2024-02-10,1420771239,Active,343.0
MCH4236,Arora Plc,5942,Books & Stationery,Partnership,Amritsar,Punjab,2024-09-20,,Active,1427.88
MCH1675,"Sarma, Saxena And Chandran",,Department Store,Private Limited,Jaipur,Rajasthan,2023-09-06,,Suspended,1777.8
MCH6498,Peri-Saran,,Miscellaneous,Private Limited,Kolkata,West Bengal,2025-01-08,XXXX0646,Active,7077.96
MCH9849,Jayaraman Inc,5942,Books & Stationery,Individual,Kolkata,West Bengal,2026-02-11,8602198402,Active,1659.94
MCH8659,Sha Ltd,7011,Hotel & Lodging,Partnership,Mumbai,Maharashtra,2024-10-23,6929887204,Active,
MCH5707,De01 Gr0Up,5411,Grocery,Partnership,Hyderabad,Telangana,2023-09-19,NRWL7844875974966,Active,666.58
MCH8553,"Sane, Chaudhari And Rai",4814,Telecom,Private Limited,Lucknow,Uttar Pradesh,2025-01-05,,Inactive,375.66
MCH9390,"Minhas,Pauandnarayanan",4131,Travel,Individual,Ludhiana,Punjab,,,Active,2246.12
MCH9945,"Pant, Hayre And Pathak",4814,Telecom,Private Limited,Jalandhar,Punjab,2025-07-14,XXXX5088,Active,789.57
MCH9412,Nayak-Guha,4131,Transportation,Individual,Amritsar,Punjab,,XXXX5639,Active,2887.33
MCH1106,"Agrawal, Ganguly And Kalla",5411,Grocery,Private Limited,Delhi,Delhi,2024-08-25,ZKGK4764088745020,Active,1100.28
MCH6940,Koshy Inc,4131,Transportation,Private Limited,Chennai,Tamil Nadu,2024-06-25,,Active,5556.5
MCH9834,"Gill, Varghese And Ganesh",5912,Medical,Private Limited,Kolkata,West Bengal,2023-03-26,,Active,1416.0
MCH8235,Konda-Pillai,5942,Books & Stationery,Private Limited,Chennai,Tamil Nadu,2025-08-29,XXXX2371,Active,
MCH9684,Bhasin Inc,5912,Pharmacy,Private Limited,Delhi,Delhi,2025-01-20,XXXX1695,Inactive,2227.2
MCH4122,"Lata, Magar And Savant",5999,Miscellaneous,Partnership,Bengaluru,Karnataka,2025-12-03,7547242898,Active,3699.77
MCH3267,"Dara, Rama And Ben",4814,Telecom,Partnership,Ludhiana,Punjab,2024-11-02,,Active,471.18
MCH6084,"Jaggi, Ganguly And Mall",5699,Apparel & Fashion,Private Limited,Ludhiana,Punjab,2023-08-30,,Inactive,1089.53
MCH7430,"Gill, Mutti And Nagy",4814,Telecom,Sole Proprietor,Delhi,Delhi,2024-05-08,,Active,298.83
MCH8949,"Srinivasan,Saxenaandkant",5942,Books & Stationery,Private Limited,Bengaluru,Karnataka,,XXXX6857,Inactive,1726.82
MCH3822,Anne And Sons,5411,Grocery,Private Limited,Amritsar,Punjab,2026-01-21,,Active,2115.91
MCH7687,Devan Inc,5699,Apparel & Fashion,Individual,Lucknow,Uttar Pradesh,2024-11-25,,Active,2148.82
MCH8377,"Agate, Suresh And Bahri",5311,Department Store,Individual,Hyderabad,Telangana,2024-02-05,XXXX2261,Active,1519.49
MCH1039,Palan-Mody,4814,Telecom,Individual,Hyderabad,Telangana,2023-07-14,,Active,
MCH4233,Shankar And Sons,5411,Grocery,Sole Proprietor,Jalandhar,Punjab,2023-12-10,4534914137,Inactive,2257.76
MCH9444,Narainandsons,5812,Restaurants & Food,Private Limited,Hyderabad,Telangana,2023-08-09,XXXX4479,Suspended,1056.16
MCH5119,Raghavan-Shere,5812,Restaurants & Food,Sole Proprietor,Chennai,Tamil Nadu,2025-09-14,,Active,1149.0
MCH4097,Nori Plc,5912,Medical,Private Limited,Pune,Maharashtra,,,Active,930.77
MCH8693,"Chawla, Goyal And Pau",7011,Hotel & Lodging,Individual,Mumbai,Maharashtra,2024-01-22,,Active,818.0
MCH1207,"Pillai, Oak And Barman",5812,Restaurants & Food,Individual,Delhi,Delhi,2024-11-04,,Active,1280.08
MCH9049,Babu-Bali,5812,Restaurants & Food,Individual,Bengaluru,Karnataka,2023-07-02,4401897773,Active,2337.3
MCH6708,Wali Llc,7011,Hotel & Lodging,Sole Proprietor,Amritsar,Punjab,2023-04-09,1946521583,Active,469.66
MCH3206,Ray Inc,7011,Hotel & Lodging,Individual,Kolkata,West Bengal,2024-08-27,QOEA8761018728907,Active,490.27
MCH3845,Barad-Hayre,5999,Miscellaneous,Private Limited,Hyderabad,Telangana,,7981739720,Inactive,
MCH6892,Chacko-Gaba,5912,Pharmacy,Sole Proprietor,Bengaluru,Karnataka,2025-05-07,XXXX0824,Active,684.73
MCH1260,Kothari-Nadkarni,5699,Apparel & Fashion,Private Limited,Lucknow,Uttar Pradesh,2026-01-15,6850024093,Active,2375.4
MCH3736,"Chanda, Bandi And Pandya",4814,Telecom,Partnership,Hyderabad,Telangana,2023-04-25,,Active,812.06
MCH1641,Bali Llc,5999,Miscellaneous,Sole Proprietor,Delhi,Delhi,,,Active,
MCH9955,Bumb Ltd,,Pharmacy,Individual,Bengaluru,Karnataka,2024-02-20,,Inactive,5375.4
MCH2838,Bose-Bir,4814,Telecom,Sole Proprietor,Chennai,Tamil Nadu,2024-07-25,,Active,3409.39
MCH2981,Sami-Sura,5942,Books & Stationery,Individual,Kolkata,West Bengal,2023-01-27,,Active,512.85
MCH7215,"Kau1, Pur0Hit And Ar0Ra",5311,Retail,Private Limited,Hyderabad,Telangana,2023-10-07,8944621322,Active,2403.84
MCH3299,"Varghese, Tripathi And Ganesh",5999,Miscellaneous,Sole Proprietor,Bengaluru,Karnataka,2023-07-12,,Inactive,2177.34
MCH8845,Varkey-Jha,,Miscellaneous,Partnership,Kolkata,West Bengal,2024-03-01,,Active,5630.04
MCH1255,"Bose, Memon And Luthra",5942,Books & Stationery,Partnership,Pune,Maharashtra,2023-05-27,XXXX6249,Active,1129.38
MCH7339,"Purohit, Dhingra And Barman",5411,Grocery,Individual,Chennai,Tamil Nadu,2023-08-16,IUQD2113343232449,Active,2247.46
MCH2552,"Mukherjee, Iyengar And Deo",5942,Books & Stationery,Partnership,Pune,Maharashtra,2025-03-15,ZRKN1235329280179,Active,3414.98
MCH1667,Prashad-Samra,5812,Restaurants & Food,Private Limited,Delhi,Delhi,2025-10-20,XXXX1144,Active,7788.38
MCH5970,Babu And Sons,5699,Apparel & Fashion,Private Limited,Amritsar,Punjab,2025-01-14,,Inactive,2060.67
MCH9396,"Solanki, Kara And Saha",7011,Hotel & Lodging,Sole Proprietor,Bengaluru,Karnataka,2024-07-08,XXXX6974,Active,1428.59
MCH3683,Mander Group,5411,Grocery,Individual,Mumbai,Maharashtra,2023-10-09,3019047562,Active,4247.99
MCH8592,Rajagopal-Nagarajan,5912,Pharmacy,Individual,Hyderabad,Telangana,2023-11-20,,Active,1002.86
MCH8281,Kakar And S0Ns,4814,Telecom,Individual,Hyderabad,Telangana,2023-12-01,,Active,968.0
MCH9790,Yohannan-Narang,7011,Hotel & Lodging,Private Limited,Lucknow,Uttar Pradesh,2023-01-17,UQCA1861995078274,Active,1704.7
MCH4367,"Wason, Chanda And Panchal",5411,Grocery,Sole Proprietor,Lucknow,Uttar Pradesh,2023-09-29,QEDA5086052954128,Active,1778.0
MCH3679,Kumer Llc,4814,Telecom,Private Limited,Hyderabad,Telangana,2025-12-15,1741377762,Active,587.47
MCH7568,Kumer-Gandhi,7011,Hotel & Lodging,Sole Proprietor,Mumbai,Maharashtra,2025-05-23,,Active,1278.0
MCH4699,Setty Inc,7011,Hotel & Lodging,Private Limited,Pune,Maharashtra,2025-06-04,XXXX2833,Active,632.27
MCH4769,Baral-Peri,5699,Apparel & Fashion,Individual,Jaipur,Rajasthan,2024-01-14,,Active,
MCH6743,"Mistry, Acharya And Rau",,Miscellaneous,Private Limited,Kolkata,West Bengal,2025-07-25,XXXX9521,Active,
MCH1856,"Sem, Dhawan And Bakshi",5411,Grocery,Sole Proprietor,Bengaluru,Karnataka,2023-07-27,9292167540,Suspended,2232.22
MCH4050,"Sur, N0Ri And G011A",5699,Apparel & Fashion,Sole Proprietor,Mumbai,Maharashtra,2024-07-04,PQHJ7829698736069,Active,577.94
MCH5237,"Dave, Sani And Swaminathan",,Pharmacy,Partnership,Delhi,Delhi,2026-02-09,5721792105,On Hold,1955.24
MCH7087,Prashad Llc,5311,Department Store,Partnership,Chennai,Tamil Nadu,2023-05-29,,Active,955.0
MCH4510,Bora Ltd,4814,Telecom,Individual,Chennai,Tamil Nadu,2024-04-16,XXXX0375,Active,1583.66
MCH8880,Bava Group,,Hotel & Lodging,Sole Proprietor,Bengaluru,Karnataka,2025-01-12,,Inactive,3216.0
MCH4716,Ahuja-Konda,5411,Grocery,Private Limited,Hyderabad,Telangana,2025-05-05,UWUR7932224500135,Active,1206.68
MCH4841,"Soman, Chhabra And Rau",5812,Restaurants & Food,Individual,Hyderabad,Telangana,2025-04-06,7481277314,Active,611.25
MCH5381,Jaggi And Sons,5311,Department Store,Private Limited,Delhi,Delhi,2025-06-11,,Active,550.97
MCH2120,Vohra-Kashyap,4814,Telecom,Individual,Jaipur,Rajasthan,2023-02-23,5716928716,Active,2514.21
MCH2183,Savant Llc,4131,Travel,Sole Proprietor,Delhi,Delhi,,XXXX8842,Active,
MCH6722,Bhagat Llc,5999,Miscellaneous,Sole Proprietor,Mumbai,Maharashtra,2023-05-13,,Active,211.13
MCH4876,"Dugar, Prasad And Pal",5812,Restaurants & Food,Partnership,Chennai,Tamil Nadu,2023-09-09,XXXX5946,Active,1346.64
MCH5902,"Iyer, Pal And Kaur",5311,Department Store,Private Limited,Pune,Maharashtra,2024-08-14,,Active,441.19
MCH4113,"Anand,Choudharyandcontractor",5912,Pharmacy,Individual,Chennai,Tamil Nadu,2023-09-07,6952372771,Active,
MCH3357,"Batta, Kannan And Srinivas",4814,Telecom,Partnership,Delhi,Delhi,2023-10-27,,Active,2454.25
MCH4278,Thakkar-Gupta,5311,Department Store,Private Limited,Amritsar,Punjab,2025-05-31,,Inactive,703.48
MCH4184,Sachdeva-Kara,5812,Restaurants & Food,Partnership,Jaipur,Rajasthan,2025-02-02,,Active,704.96
MCH3846,Nagi-Chacko,5411,Grocery,Private Limited,Hyderabad,Telangana,2024-08-21,EAUK5999855393021,Active,1055.18
MCH7877,Bajwa Ltd,5942,Books & Stationery,Partnership,Chennai,Tamil Nadu,,2144271582,Active,565.69
MCH6840,Saini Group,5411,Grocery,Private Limited,Bengaluru,Karnataka,2024-09-15,4326022170,Active,
MCH6197,"Koshy, Shah And Ratta",4131,Transportation,Partnership,Bengaluru,Karnataka,2024-03-20,AGMV2642641861544,Active,1491.79
MCH9418,Dixit-Ranganathan,5912,Medical,Partnership,Delhi,Delhi,2024-02-24,,Active,1164.23
MCH7398,Bhavsar And Sons,5311,Department Store,Sole Proprietor,Chennai,Tamil Nadu,2025-04-24,,Active,6060.9
MCH5892,"Dara, Goswami And Purohit",5812,Restaurants & Food,Individual,Bengaluru,Karnataka,2025-02-21,,Active,1175.0
MCH6122,Som-Seth,4131,Transportation,Individual,Amritsar,Punjab,2023-09-15,,Active,1086.57
MCH6986,Shetty Group,4814,Telecom,Private Limited,Bengaluru,Karnataka,2024-09-13,,Active,547.81
MCH2750,Rao-Narayanan,5942,Books & Stationery,Individual,Ludhiana,Punjab,2024-05-13,,Active,
MCH4688,Venkatesh Group,5942,Books & Stationery,Sole Proprietor,Delhi,Delhi,2024-08-24,TBOZ2931559768114,Suspended,2933.52
MCH7197,Raval-Chadha,5812,Restaurants & Food,Individual,Mumbai,Maharashtra,2023-09-25,,Active,218.4
MCH6440,Taneja-Mahajan,5311,Department Store,Individual,Jalandhar,Punjab,2025-04-17,2419488462,Active,6682.66
MCH6152,Mukhopadhyay Plc,5942,Books & Stationery,Individual,Jaipur,Rajasthan,2025-12-20,OXKW4550087815999,Active,1642.16
MCH1227,"Madan, More And Pal",5411,Grocery,Sole Proprietor,Hyderabad,Telangana,2025-12-08,3802553962,Active,1078.83
MCH7974,Kari Inc,5699,Apparel & Fashion,Individual,Delhi,Delhi,2023-05-19,QWIC4307587311546,Active,4305.95
MCH4770,Mahal-Sood,5411,Grocery,Sole Proprietor,Jaipur,Rajasthan,2024-12-17,5162215595,Inactive,489.82
MCH7062,"Karpe, Sekhon And Memon",5999,Miscellaneous,Partnership,Chennai,Tamil Nadu,2024-07-18,ERAF1958847105569,Inactive,2267.0
MCH9949,Lanka Ltd,4131,Travel,Sole Proprietor,Ludhiana,Punjab,2024-10-08,,Active,4386.14
MCH5569,"Thaman, Kar And Dass",5999,Miscellaneous,Sole Proprietor,Mumbai,Maharashtra,2026-01-27,3302815921,Inactive,3592.34
MCH5603,Saha-Sahota,,Restaurants & Food,Partnership,Mumbai,Maharashtra,2025-09-12,XXXX8202,Active,1242.85
MCH2284,Nayak Group,5699,Apparel & Fashion,Private Limited,Mumbai,Maharashtra,2025-10-01,XXXX8146,Suspended,998.2
MCH2727,"Viswanathan, Kamdar And Raman",4814,Telecom,Partnership,Jaipur,Rajasthan,2026-01-22,,Active,2886.2
MCH9255,"Hegde, Dass And Sehgal",5699,Apparel & Fashion,Private Limited,Amritsar,Punjab,2023-07-19,,Active,1054.61
MCH2752,Palla Llc,4131,Travel,Sole Proprietor,Lucknow,Uttar Pradesh,2023-01-13,XXXX1787,Active,69.28
MCH1216,Mani Ltd,5999,Miscellaneous,Sole Proprietor,Amritsar,Punjab,2025-04-05,WWHE9096090604868,Active,228.0
MCH2550,"Basu, Madan And Chaudry",5999,Miscellaneous,Private Limited,Pune,Maharashtra,2024-10-23,,Active,1412.55
MCH7627,Lata-Ray,4131,Transportation,Individual,Mumbai,Maharashtra,2025-05-17,3611125475,Active,1169.55
MCH5992,"Anne, Gole And Bhatnagar",5912,Pharmacy,Private Limited,Ludhiana,Punjab,2025-12-31,QOVD2358529671548,Active,1637.97
MCH1747,Ray Inc,5812,Restaurants & Food,Sole Proprietor,Pune,Maharashtra,2023-11-04,YGJM1546623351510,Active,115.81
MCH9223,D’Alia-Hans,5699,Apparel & Fashion,Partnership,Chennai,Tamil Nadu,2024-12-09,IGRU6773049024506,Active,376.0
MCH4678,"Yogi, Goel And Chaudry",5912,Pharmacy,Sole Proprietor,Amritsar,Punjab,2025-10-11,8030844375,Active,1363.28
MCH6170,Gh0Se-Mann,5999,Miscellaneous,Private Limited,Lucknow,Uttar Pradesh,2023-09-05,5980501724,Active,1120.12
MCH4639,Chaudhry-Bath,5912,Medical,Partnership,Jalandhar,Punjab,2023-05-11,XXXX7667,Active,295.45
MCH1792,"Suresh, Chada And Mahal",5311,Department Store,Sole Proprietor,Kolkata,West Bengal,2025-03-24,XXXX6459,Active,
MCH8952,"Varghese, Korpal And Dora",5912,Medical,Sole Proprietor,Chennai,Tamil Nadu,2024-08-10,,Active,987.96
MCH3888,"Gandhi, Cherian And Chhabra",4814,Telecom,Partnership,Hyderabad,Telangana,2025-02-27,8744798624,Active,
MCH5488,Chaudry-Garde,5411,Grocery,Individual,Kolkata,West Bengal,2023-03-31,,Active,405.0
MCH6184,Peri-R0Ut,4131,Transportation,Sole Proprietor,Mumbai,Maharashtra,,XXXX1239,Active,1637.73
MCH2535,Pall-Dugar,5942,Books & Stationery,Private Limited,Mumbai,Maharashtra,2024-08-29,4792112625,Active,978.69
MCH5766,Varkey-Datta,4814,Telecom,Private Limited,Mumbai,Maharashtra,2024-02-18,,Active,
MCH5019,Parikh Group,4814,Telecom,Partnership,Hyderabad,Telangana,2023-05-07,,Active,1075.9
MCH9718,Raval And Sons,5812,Restaurants & Food,Individual,Bengaluru,Karnataka,2026-01-04,6381850074,Active,3311.57
MCH5845,Buch Plc,5311,Retail,Sole Proprietor,Ludhiana,Punjab,2025-09-25,8892986940,Active,1603.87
MCH1195,Parekh-Patla,5942,Books & Stationery,Partnership,Ludhiana,Punjab,2023-06-27,,Active,741.86
MCH9216,Amble-Thaman,5411,Pharmacy,Partnership,Ludhiana,Punjab,2025-02-10,TRSX1584484080188,Active,2329.15
MCH4451,Bansal-Tak,7011,Hotel & Lodging,Individual,Amritsar,Punjab,,,Active,
MCH1153,"Oommen, Sastry And Varty",5311,Department Store,Private Limited,Amritsar,Punjab,2024-06-17,XXXX3616,Active,873.51
MCH1661,Kothari-Dara,5912,Medical,Partnership,Hyderabad,Telangana,2026-01-16,XXXX7371,Active,
MCH6866,Gill-Shere,,Books & Stationery,Individual,Kolkata,West Bengal,2025-01-03,XXXX3682,Active,4194.0
MCH6392,Golla-Pau,,Miscellaneous,Private Limited,Delhi,Delhi,2025-01-04,TXWK8189724291317,Active,471.06
MCH8766,Shanker Ltd,5912,Medical,Sole Proprietor,Chennai,Tamil Nadu,2025-07-02,LBCS6149751072464,Active,801.0
MCH7724,Kapoor-Parmar,5311,Retail,Individual,Hyderabad,Telangana,2025-11-30,ULOQ5236477246986,Active,431.71
MCH9519,Shere-Banik,5699,Apparel & Fashion,Sole Proprietor,Lucknow,Uttar Pradesh,2025-04-07,,Active,889.4
MCH8427,Sankaran-Rai,5942,Books & Stationery,Sole Proprietor,Hyderabad,Telangana,2023-10-17,ZQGR3907039607264,Active,302.0
MCH5442,Sarkar-Prabhu,5311,Department Store,Private Limited,Ludhiana,Punjab,2023-12-19,,Active,3121.0
MCH6306,"Ramesh, Viswanathan And Kalita",4131,Transportation,Private Limited,Chennai,Tamil Nadu,2026-05-01,XXXX8991,Active,302.6
MCH7661,Pal-Atwal,7011,Hotel & Lodging,Partnership,Kolkata,West Bengal,2024-06-20,LQAC5434478012412,Active,1304.11
MCH7371,"Ghose, Handa And Golla",5912,Medical,Individual,Chennai,Tamil Nadu,2025-04-08,DGYJ0066359514769,Active,456.21
MCH3753,"Raj, Gole And Bansal",5411,Grocery,Private Limited,Jalandhar,Punjab,2024-12-02,XXXX3925,Active,2699.51
MCH1336,"Zachariah, Bhattacharyya And Hegde",5699,Apparel & Fashion,Sole Proprietor,Bengaluru,Karnataka,2024-08-30,DKKL1392349779906,Active,919.0
MCH1714,Sampath Llc,5699,Apparel & Fashion,Partnership,Lucknow,Uttar Pradesh,2026-02-17,6074080748,Active,585.92
MCH2214,Varkey-Seshadri,4131,Transportation,Partnership,Delhi,Delhi,2024-12-18,9016212995,Active,
MCH7094,"D’Alia, Talwar And Mukherjee",5942,Books & Stationery,Individual,Amritsar,Punjab,2023-02-02,,Active,577.91
MCH5442,"Ray, Bajaj And Shetty",5411,Grocery,Individual,Pune,Maharashtra,2024-11-01,9826997670,Active,448.9
MCH5915,"Solanki, Banik And Badal",4131,Transportation,Individual,Jalandhar,Punjab,2024-10-22,XXXX8472,Active,1488.9
MCH6183,"Goel, Swaminathan And Padmanabhan",5411,Grocery,Private Limited,Amritsar,Punjab,2025-06-03,4104440790,Active,817.0
MCH8817,Sawhneyltd,7011,Hotel & Lodging,Individual,Pune,Maharashtra,,,Inactive,495.07
MCH2423,"Lad, Kibe And Bora",7011,Hotel & Lodging,Individual,Pune,Maharashtra,2023-10-25,,Inactive,2425.0
MCH2435,"Devi, Baral And Chander",5942,Books & Stationery,Sole Proprietor,Mumbai,Maharashtra,,5760758509,Active,717.95
MCH1653,Mitra Inc,7011,Hotel & Lodging,Sole Proprietor,Chennai,Tamil Nadu,,XXXX9573,Active,1669.53
MCH3608,"Raj, Sarin And Sibal",4814,Telecom,Partnership,Jaipur,Rajasthan,2024-12-08,XXXX8045,Inactive,1956.65
MCH4184,Dua-Agate,,Hotel & Lodging,Partnership,Kolkata,West Bengal,2023-03-24,4629473198,Inactive,1198.31
MCH4802,Jain Inc,5411,Grocery,Individual,Mumbai,Maharashtra,,WAKX1731194726020,On Hold,1158.19
MCH1740,"Dhaliwal, Boase And Walla",7011,Hotel & Lodging,Partnership,Pune,Maharashtra,2025-02-09,LCLK0132407508023,Active,903.0
MCH1169,Dey-Gupta,5812,Restaurants & Food,Individual,Bengaluru,Karnataka,2023-03-17,295503532,Active,1427.7
MCH6542,Saraf-Dhingra,5311,Retail,Sole Proprietor,Mumbai,Maharashtra,2023-12-16,UBFA1146451633512,Active,321.72
MCH7044,"Anne, Som And Ganesan",7011,Hotel & Lodging,Individual,Jalandhar,Punjab,2025-08-08,XCXH2265403585911,Active,
MCH7062,"Upadhyay, Sethi And Tella",5812,Restaurants & Food,Partnership,Amritsar,Punjab,2024-03-06,,Active,84.66
MCH1260,Oommen-Jha,5411,Grocery,Individual,Delhi,Delhi,,XXXX3006,Active,1093.23
MCH3659,Rege-Raja,5942,Books & Stationery,Individual,Amritsar,Punjab,2024-12-27,XXXX6878,Active,
MCH3176,Gera Inc,4814,Telecom,Private Limited,Lucknow,Uttar Pradesh,2024-03-10,RGRY9601657474373,Active,1047.58
MCH6116,Keer-Shukla,4131,Transportation,Individual,Delhi,Delhi,2025-02-18,5115475557,Active,3651.0
MCH4934,Gill Llc,5812,Restaurants & Food,Private Limited,Ludhiana,Punjab,2024-07-29,7355149958,Active,
MCH7864,"Joshi, Warrior And Guha",5411,Apparel & Fashion,Sole Proprietor,Jalandhar,Punjab,2023-10-18,,Active,785.07
MCH7842,J0Ha1 Ltd,5812,Restaurants & Food,Private Limited,Kolkata,West Bengal,2025-06-02,XXXX0929,Inactive,1856.0
MCH4485,Nazarethinc,5999,Miscellaneous,Individual,Pune,Maharashtra,2023-11-07,6008302979,On Hold,1928.18
MCH8023,Char-Gala,5699,Apparel & Fashion,Individual,Chennai,Tamil Nadu,2024-04-04,PWFC1818550515264,Active,837.35
MCH9068,Rege-Rao,,Hotel & Lodging,Private Limited,Delhi,Delhi,2023-03-09,XKVL5640811556536,Active,
MCH8385,Thaker-Hegde,5812,Restaurants & Food,Partnership,Amritsar,Punjab,2024-05-14,,Active,2913.48
MCH7413,Uppal-Chaudhry,,Department Store,Private Limited,Bengaluru,Karnataka,2024-09-13,3706152456,Active,3645.54
MCH5386,"Hari, Handa And Madan",4814,Telecom,Private Limited,Bengaluru,Karnataka,2023-09-27,,Active,682.57
MCH3699,Borra And Sons,5942,Books & Stationery,Private Limited,Pune,Maharashtra,2025-12-17,,Inactive,790.7
MCH3856,"Sankaran, Anne And Buch",5812,Restaurants & Food,Individual,Kolkata,West Bengal,2025-05-06,XXXX0835,Active,454.0
MCH4487,Subramanian-Kannan,4814,Telecom,Private Limited,Jaipur,Rajasthan,2023-03-31,GTMT5663658393677,Active,259.0
MCH4983,"Magar, Ratta And Choudhary",5411,Grocery,Partnership,Ludhiana,Punjab,2023-07-05,ZMSE7382357273196,Active,617.98
MCH1034,Devi-Chaudhari,7011,Hotel & Lodging,Private Limited,Delhi,Delhi,2024-06-17,XXXX9097,Active,243.38
MCH9909,Char-Mohanty,5999,Miscellaneous,Partnership,Delhi,Delhi,2023-02-18,4229797435,Active,1739.69
MCH9104,Parmar And Sons,5411,Grocery,Sole Proprietor,Pune,Maharashtra,,DUAU1962867484687,Active,1913.35
MCH1739,Keer Group,5999,Miscellaneous,Individual,Kolkata,West Bengal,2024-11-02,,Active,2619.15
MCH5870,Deol Group,4131,Transportation,Sole Proprietor,Chennai,Tamil Nadu,2023-04-02,,On Hold,1911.31
MCH3274,Sen-Chawla,5311,Department Store,Private Limited,Chennai,Tamil Nadu,2023-02-25,8919947096,Active,
MCH8065,Gandhi-Shanker,4131,Transportation,Individual,Lucknow,Uttar Pradesh,2024-07-19,9755596598,Inactive,674.4
MCH7622,Banerjee-Raman,5812,Restaurants & Food,Sole Proprietor,Pune,Maharashtra,2023-11-24,,Active,1374.5
MCH5270,"Kannan, Goda And Kade",7011,Hotel & Lodging,Individual,Lucknow,Uttar Pradesh,2023-10-13,,Inactive,469.0
MCH3835,"Pillai, Ratti And Chaudhuri",4814,Telecom,Partnership,Ludhiana,Punjab,2023-01-15,4590776710,Inactive,6901.65
MCH9322,"Khosla, Walia And Deep",5311,Department Store,Partnership,Kolkata,West Bengal,2024-07-15,BPNH2377464616036,Active,1060.15
MCH3218,"Keer, Soni And Deshpande",5912,Pharmacy,Sole Proprietor,Mumbai,Maharashtra,2024-10-03,8214766650,Active,3727.56
MCH6944,"Ghosh, Hayre And Seth",5699,Apparel & Fashion,Individual,Jaipur,Rajasthan,2024-06-29,,Inactive,
MCH7195,Som And Sons,5999,Miscellaneous,Sole Proprietor,Chennai,Tamil Nadu,2024-10-15,,Active,1440.74
MCH8558,"Jha, Bhat And Swaminathan",5411,Telecom,Sole Proprietor,Bengaluru,Karnataka,2024-11-13,,Active,2933.92
MCH5974,Padmanabhan Llc,5812,Restaurants & Food,Individual,Lucknow,Uttar Pradesh,2023-03-11,XXXX9484,Active,1194.0
MCH5745,"Mahal, Gokhale And Shah",5699,Apparel & Fashion,Sole Proprietor,Lucknow,Uttar Pradesh,2023-05-04,XXXX1251,Active,1104.0
MCH5576,Oza Plc,4131,Transportation,Sole Proprietor,Bengaluru,Karnataka,2024-07-27,XXXX6114,Active,
MCH2503,Ravel Plc,4814,Telecom,Individual,Kolkata,West Bengal,2025-03-10,5029689598,Active,858.0
MCH2102,"Mand, Bobal And Saini",5812,Restaurants & Food,Individual,Ludhiana,Punjab,2024-04-25,,Active,
MCH7089,"Reddy, Dua And Trivedi",5912,Medical,Private Limited,Kolkata,West Bengal,2023-08-03,LAWF4141310421548,Inactive,819.59
MCH1077,Mitter And Sons,5812,Restaurants & Food,Individual,Chennai,Tamil Nadu,2026-01-12,,Inactive,606.84
MCH8150,Hegde-Doctor,5912,Pharmacy,Partnership,Pune,Maharashtra,2023-02-11,MNHK7085418913677,Active,1430.0
MCH4102,Om Ltd,4814,Telecom,Private Limited,Bengaluru,Karnataka,2023-03-20,,Active,1056.57
MCH7750,"Rama, Garde And Ravi",,Travel,Partnership,Bengaluru,Karnataka,2025-01-22,XXXX7708,Active,1271.38
MCH8614,Basu-Gola,4131,Travel,Partnership,Pune,Maharashtra,2026-01-08,XXXX7777,Active,1454.86
MCH3081,"Anne, Choudhry And Nanda",5912,Medical,Partnership,Hyderabad,Telangana,2024-12-23,4317690840,Active,590.0
MCH9125,"Mallick, Walia And Kanda",5311,Department Store,Partnership,Chennai,Tamil Nadu,2023-10-21,,Active,3007.21
MCH6641,Sunder-Taneja,5411,Grocery,Individual,Kolkata,West Bengal,2025-12-24,,Active,126.11
MCH1750,Ravi-Dhar,4814,Telecom,Sole Proprietor,Ludhiana,Punjab,2023-10-12,,Active,
MCH6743,"Mistry, Acharya And Rau",,Miscellaneous,Private Limited,Kolkata,West Bengal,2025-07-25,XXXX9521,Inactive,
MCH4230,Jha Group,5912,Pharmacy,Private Limited,Jaipur,Rajasthan,,XXXX6774,Active,911.06
MCH3761,"Bal,Mittalandprabhakar",5999,Miscellaneous,Private Limited,Pune,Maharashtra,2025-06-11,,Active,6900.33
MCH1839,Krish Group,5411,Grocery,Sole Proprietor,Jalandhar,Punjab,2024-01-29,,Active,1503.47
MCH6959,"Agrawal, Bhatt And Babu",7011,Hotel & Lodging,Partnership,Lucknow,Uttar Pradesh,2024-05-24,,Active,611.31
MCH7383,Mannan Ltd,5999,Miscellaneous,Individual,Jalandhar,Punjab,,,Active,2867.55
MCH8770,Mani-Mutti,5999,Miscellaneous,Sole Proprietor,Delhi,Delhi,2023-04-07,XXXX8061,Active,379.0
MCH8755,"Biswas, Divan And Sachdeva",7011,Hotel & Lodging,Private Limited,Chennai,Tamil Nadu,2025-07-25,1014752136,On Hold,2277.32
MCH5370,Shenoy Ltd,5912,Medical,Private Limited,Hyderabad,Telangana,2023-06-26,XXXX5771,Active,1465.66
MCH8490,Sekhon-Chadha,5699,Apparel & Fashion,Sole Proprietor,Delhi,Delhi,2024-06-28,XXXX6195,Inactive,
MCH8645,"Desai, Agarwal And Handa",4814,Telecom,Individual,Ludhiana,Punjab,2024-03-31,,Active,1177.09
MCH1706,Merchant-Dhar,5942,Books & Stationery,Private Limited,Amritsar,Punjab,2023-05-25,,Active,954.61
MCH3395,Merchant-Johal,4131,Transportation,Individual,Lucknow,Uttar Pradesh,,MDBK0638673035972,Active,2176.33
MCH1430,"Bhavsar, Dora And Singh",5812,Restaurants & Food,Private Limited,Delhi,Delhi,2024-03-07,,Active,238.76
MCH8037,Srinivas Ltd,4131,Transportation,Individual,Pune,Maharashtra,2023-01-14,,Suspended,671.2
MCH3701,Mand-Bhat,5999,Miscellaneous,Sole Proprietor,Lucknow,Uttar Pradesh,2024-05-07,3078444164,Inactive,231.29
MCH3869,Hegde Ltd,5411,Department Store,Partnership,Pune,Maharashtra,2026-01-28,,Active,
MCH4621,Ravel-Chaudhuri,5942,Books & Stationery,Private Limited,Delhi,Delhi,2024-08-04,RGWL4221508668071,Active,
MCH5676,Kohli-Bir,4814,Telecom,Private Limited,Lucknow,Uttar Pradesh,2024-04-29,XXXX1129,Active,
MCH5390,"Choudhry, Dube And Morar",,Transportation,Partnership,Ludhiana,Punjab,2024-08-26,,Active,420.78
MCH2704,Sengupta-Sarin,5699,Apparel & Fashion,Private Limited,Pune,Maharashtra,2023-03-08,TSWF3138170868556,Active,2593.67
MCH1479,"Mandal, Barad And Srinivasan",5942,Books & Stationery,Partnership,Kolkata,West Bengal,2025-07-27,XXXX4686,Active,
MCH3449,"Sundaram, Dasgupta And Dutt",5999,Miscellaneous,Individual,Chennai,Tamil Nadu,2025-06-14,9645543739,Inactive,436.0
MCH9416,Kulkarni And Sons,5411,Grocery,Partnership,Mumbai,Maharashtra,2024-12-13,558936473,Active,755.0
MCH4747,Issac Plc,4131,Travel,Private Limited,Mumbai,Maharashtra,2023-07-07,3874952784,Inactive,
MCH7003,"Dutt, Sachdeva And Sridhar",5999,Miscellaneous,Individual,Lucknow,Uttar Pradesh,2025-04-30,7336401497,Inactive,418.71
MCH3123,"Hegde, Bahl And Comar",,Travel,Private Limited,Delhi,Delhi,2023-06-01,540867962,Active,2133.64
MCH5905,"Hayer, Char And Jain",5999,Miscellaneous,Private Limited,Pune,Maharashtra,2025-01-03,,Active,2191.84
MCH5737,Ben Inc,5699,Apparel & Fashion,Individual,Ludhiana,Punjab,2023-06-13,3336843959,Inactive,
MCH8076,"Sani, Sanghvi And Butala",5311,Department Store,Individual,Ludhiana,Punjab,2024-07-02,9096281984,Active,470.52
MCH4691,"Deshmukh, Pant And Garg",7011,Hotel & Lodging,Sole Proprietor,Bengaluru,Karnataka,2025-05-10,,Active,2116.48
MCH9092,Mall-Deshpande,7011,Hotel & Lodging,Partnership,Delhi,Delhi,2025-12-26,JMDU2866891583451,Inactive,1485.1
MCH9857,Mitra-Bala,5311,Department Store,Partnership,Bengaluru,Karnataka,2024-01-15,7322976024,Active,507.74
MCH9056,"Misra, Kalita And Kapur",5942,Books & Stationery,Private Limited,Lucknow,Uttar Pradesh,2023-06-17,830352688,Active,497.59
MCH9733,Sathe-Hari,4131,Transportation,Partnership,Bengaluru,Karnataka,2025-09-24,,Active,1033.79
MCH7489,Sridhar Plc,5999,Miscellaneous,Individual,Bengaluru,Karnataka,2024-09-15,,Active,990.64
MCH8297,Ghose Plc,4131,Travel,Partnership,Kolkata,West Bengal,2024-02-12,XXXX1368,Active,1408.64
MCH3733,Ramakrishnan-Chaudhuri,7011,Hotel & Lodging,Sole Proprietor,Amritsar,Punjab,2025-03-15,,Active,1213.25
MCH9940,"Thakur, Chokshi And Char",5699,Apparel & Fashion,Sole Proprietor,Jalandhar,Punjab,2023-01-16,,Active,1656.0
MCH3284,Lal And Sons,,Telecom,Private Limited,Ludhiana,Punjab,2024-02-18,XXXX5805,Inactive,3943.29
MCH4068,Balakrishnan Inc,4814,Telecom,Individual,Jalandhar,Punjab,2024-11-23,,Active,1322.89
MCH5938,Prabhu Llc,5999,Miscellaneous,Sole Proprietor,Jalandhar,Punjab,2024-10-16,,Active,590.79
MCH4968,Choudhry Inc,4814,Telecom,Partnership,Jaipur,Rajasthan,,7588932286,Active,1122.44
MCH8844,"Lad, Walia And Raj",5912,Pharmacy,Individual,Ludhiana,Punjab,2025-11-26,5044649266,Active,
MCH8312,"Ramanathan, Andra And Sarma",5912,Medical,Partnership,Lucknow,Uttar Pradesh,2023-02-20,XXXX8360,Active,
MCH5968,"Soman, Issac And Goswami",5311,Department Store,Private Limited,Jalandhar,Punjab,2025-10-16,2039525092,Active,5598.75
MCH9004,Vaidya-Subramanian,5912,Pharmacy,Private Limited,Ludhiana,Punjab,2025-03-08,UZFO1636955430005,Suspended,
MCH6044,Narain-Srivastava,7011,Hotel & Lodging,Sole Proprietor,Hyderabad,Telangana,2026-02-11,,Active,141.65
MCH4413,"Parekh,Kadeandtalwar",5699,Apparel & Fashion,Sole Proprietor,Lucknow,Uttar Pradesh,2025-12-11,9207485110,Active,
MCH3779,Aggarwal-Hans,5311,Department Store,Private Limited,Kolkata,West Bengal,2024-12-04,VKLU5024337304270,Active,
MCH8198,Buch-Sengupta,5311,Department Store,Individual,Kolkata,West Bengal,2023-01-18,,Inactive,2004.67
MCH4133,Buch-Hayre,5912,Pharmacy,Partnership,Kolkata,West Bengal,2024-02-16,,On Hold,
MCH6816,Muni-Bakshi,5912,Books & Stationery,Private Limited,Mumbai,Maharashtra,2025-10-19,3427916602,Suspended,1412.92
MCH1142,Morar Llc,5999,Miscellaneous,Sole Proprietor,Jalandhar,Punjab,,,Active,
MCH7568,"Chokshi, Lall And Subramaniam",4131,Transportation,Individual,Amritsar,Punjab,2025-11-15,XXXX4056,Active,
MCH6970,Mani-Sankaran,5411,Grocery,Partnership,Delhi,Delhi,2024-09-25,8930276730,Active,511.17
MCH8338,Basu Ltd,5812,Restaurants & Food,Private Limited,Pune,Maharashtra,2025-06-21,XXXX2977,Active,279.5
MCH8189,Bajaj-Sura,4131,Transportation,Sole Proprietor,Delhi,Delhi,2023-01-31,,Active,1010.26
MCH6551,Kala Llc,4131,Transportation,Private Limited,Jaipur,Rajasthan,2025-11-09,,Active,
MCH8823,Subramanian Inc,5699,Apparel & Fashion,Partnership,Mumbai,Maharashtra,2024-01-31,XXXX6614,Suspended,523.43
MCH8140,"Chokshi, Johal And Sachdeva",5812,Restaurants & Food,Sole Proprietor,Kolkata,West Bengal,2024-08-24,,Active,1136.04
MCH7688,"Kata, Bobal And Basu",5912,Medical,Sole Proprietor,Ludhiana,Punjab,2025-07-29,7749062073,Active,3346.0
MCH8673,"Bahl, Chopra And Jaggi",5942,Books & Stationery,Sole Proprietor,Amritsar,Punjab,2024-11-16,,Active,1166.72
MCH3393,"Panchal, Mistry And Sawhney",,Grocery,Sole Proprietor,Amritsar,Punjab,,,Active,612.0
MCH2923,Bahri Plc,5912,Pharmacy,Sole Proprietor,Bengaluru,Karnataka,2024-11-11,,Active,1195.19
MCH2887,Rau-Saha,5699,Apparel & Fashion,Sole Proprietor,Delhi,Delhi,2023-08-17,XXXX7555,Active,
MCH1973,"Walia, Khatri And Saha",5942,Books & Stationery,Sole Proprietor,Lucknow,Uttar Pradesh,2025-11-16,2944514975,Active,
MCH6729,Sharma And Sons,5311,Retail,Partnership,Amritsar,Punjab,2023-01-27,,Active,442.47
MCH3652,Varghese Plc,5912,Miscellaneous,Partnership,Ludhiana,Punjab,,,Active,2254.0
MCH6741,Parikh-Bhatt,7011,Hotel & Lodging,Partnership,Delhi,Delhi,2025-06-20,,On Hold,664.53
MCH9450,"Bahl, Varughese And Char",4814,Telecom,Partnership,Pune,Maharashtra,2023-06-22,RGOX3327381847596,Active,260.0
MCH8066,Bandi-Zacharia,,Telecom,Individual,Pune,Maharashtra,,2423721940,Active,10687.04
MCH2910,"Anand, Bhatia And Bora",5942,Books & Stationery,Partnership,Pune,Maharashtra,2024-07-27,,Active,759.28
MCH6656,Uppal Llc,5812,Restaurants & Food,Individual,Ludhiana,Punjab,2023-10-11,XXXX4591,Active,488.8
MCH5674,"Chhabra, Samra And Ghosh",4131,Transportation,Partnership,Mumbai,Maharashtra,,,Active,1727.77
MCH3563,Devi-Dasgupta,4131,Transportation,Partnership,Jalandhar,Punjab,2023-08-09,,Active,418.41
MCH4712,"Gulati, Koshy And Purohit",5812,Restaurants & Food,Individual,Lucknow,Uttar Pradesh,2023-06-13,,On Hold,576.59
MCH9371,Mand-Oommen,5912,Grocery,Private Limited,Chennai,Tamil Nadu,2023-11-11,,Active,284.42
MCH1227,Shah And Sons,5699,Apparel & Fashion,Private Limited,Lucknow,Uttar Pradesh,2023-07-01,,Active,1660.63
MCH7443,Chander-Manda,4131,Transportation,Private Limited,Delhi,Delhi,2024-03-27,,Active,1371.0
MCH3896,"Bansal, Thakkar And Dar",5942,Books & Stationery,Sole Proprietor,Bengaluru,Karnataka,2023-04-20,HRLW3110428710394,Active,
MCH3659,Samra Inc,5812,Restaurants & Food,Individual,Chennai,Tamil Nadu,2023-04-11,3971816049,Active,2958.27
MCH4836,"Sidhu, Krish And Wadhwa",5812,Restaurants & Food,Individual,Pune,Maharashtra,2025-11-15,OUBF1585452700403,Active,431.0
MCH1349,Verma-Rastogi,5942,Books & Stationery,Partnership,Mumbai,Maharashtra,2024-12-30,30472757,Suspended,1183.3
MCH6062,"Suresh, Kibe And Sa1Vi",,Department Store,Private Limited,Amritsar,Punjab,2023-11-27,XXXX9135,Active,3660.19
MCH9176,Jayaraman Plc,5311,Department Store,Private Limited,Jalandhar,Punjab,2025-08-16,,Suspended,609.42
MCH1395,Venkatesh Llc,5812,Restaurants & Food,Partnership,Lucknow,Uttar Pradesh,2023-04-16,2640758547,Active,641.0
MCH3907,"Goswami, Chaudhary And Nanda",4814,Telecom,Individual,Ludhiana,Punjab,2025-06-13,,Active,552.22
MCH6598,"Sachar, Thakkar And Sachar",5699,Apparel & Fashion,Private Limited,Amritsar,Punjab,2024-01-26,FGUE5705085368360,Active,421.0
MCH8869,Tella-Roy,5912,Medical,Sole Proprietor,Ludhiana,Punjab,2025-05-17,3757131975,Active,618.72
MCH9037,Varty-Vaidya,4131,Transportation,Private Limited,Jalandhar,Punjab,2023-04-17,XXXX4749,Active,2383.02
MCH8210,"Dave, Bath And Cherian",4131,Travel,Sole Proprietor,Hyderabad,Telangana,2025-04-10,2958672318,Active,3204.47
MCH5850,Virk-Loke,5699,Apparel & Fashion,Partnership,Mumbai,Maharashtra,,QOYF2667573006038,Active,3558.0
MCH8945,"Deol, Pant And Parekh",4814,Telecom,Sole Proprietor,Amritsar,Punjab,2026-01-18,,Active,707.94
MCH9402,Vyas-Nath,5812,Restaurants & Food,Private Limited,Lucknow,Uttar Pradesh,2023-09-18,,Active,
MCH1769,"Jha, Samra And Jhaveri",5311,Department Store,Private Limited,Mumbai,Maharashtra,2023-10-20,XXXX5444,Active,522.35
MCH1011,Wable And Sons,5411,Grocery,Private Limited,Ludhiana,Punjab,2023-11-02,,Active,6536.07
MCH2875,Chander-Parmer,5311,Department Store,Partnership,Ludhiana,Punjab,2024-11-12,XXXX0207,Active,351.55
MCH4097,Venkataraman Plc,5912,Pharmacy,Sole Proprietor,Bengaluru,Karnataka,2025-05-25,,Active,405.21
MCH5648,Jain-Bera,5912,Pharmacy,Sole Proprietor,Ludhiana,Punjab,,,Active,1745.3
MCH2229,Maharaj Group,5999,Miscellaneous,Private Limited,Hyderabad,Telangana,2025-12-12,,Active,289.57
MCH8455,Chauhan-Raju,5311,Department Store,Private Limited,Pune,Maharashtra,2023-03-29,5585488676,Active,1832.78
MCH7020,Dalal Llc,5311,Department Store,Partnership,Chennai,Tamil Nadu,2023-10-01,,Active,1105.4
MCH6783,Raju Group,5812,Restaurants & Food,Individual,Mumbai,Maharashtra,2025-05-17,XXXX7297,Active,
MCH8029,"Gokhale, Varughese And Dube",5311,Retail,Sole Proprietor,Hyderabad,Telangana,2025-12-21,GRPS2021500015035,Active,973.0
MCH2309,Tripathiplc,,Grocery,Individual,Jaipur,Rajasthan,2025-12-22,5026901266,Active,869.28
MCH7239,"Trivedi, Ramesh And Prabhakar",4131,Apparel & Fashion,Sole Proprietor,Lucknow,Uttar Pradesh,2026-02-23,,Active,
MCH9957,"Choudhury, Doctor And Das",5942,Books & Stationery,Partnership,Jalandhar,Punjab,2023-03-15,XXXX1369,Active,
MCH7266,Sule Plc,5812,Restaurants & Food,Partnership,Jaipur,Rajasthan,2025-08-30,XXXX3283,Active,
MCH1971,"Batta, Lal And Wason",5699,Apparel & Fashion,Private Limited,Mumbai,Maharashtra,2025-10-12,,Active,854.92
MCH7912,"Dewan, Tak And Subramanian",5912,Pharmacy,Partnership,Chennai,Tamil Nadu,2025-01-17,XOLJ5859104474839,Active,
MCH7639,Dewan-Ravi,5699,Apparel & Fashion,Partnership,Kolkata,West Bengal,2023-07-31,XXXX1970,Active,
MCH2045,Nadig-Bal,5699,Apparel & Fashion,Private Limited,Pune,Maharashtra,2024-02-05,,Active,
MCH6755,Subramaniam Inc,7011,Hotel & Lodging,Partnership,Delhi,Delhi,2024-03-23,,Active,1535.05
MCH3675,Grewal And Sons,4814,Telecom,Private Limited,Pune,Maharashtra,2025-10-19,YCGE0713459513460,Inactive,263.38
MCH9458,"Basak, Natarajan And Golla",4814,Telecom,Individual,Mumbai,Maharashtra,2024-06-10,ROVV3982446480189,Active,1528.67
MCH5953,"Sandhu, Srinivas And Thakur",5699,Apparel & Fashion,Private Limited,Amritsar,Punjab,2023-09-10,TMUQ0408880729796,Active,3101.03
MCH2726,"Chawla, Tata And Chander",5699,Apparel & Fashion,Partnership,Chennai,Tamil Nadu,2025-10-11,XXXX2870,Inactive,2102.32
MCH6720,"Dhingra, Shukla And Edwin",5912,Medical,Partnership,Amritsar,Punjab,2025-08-07,XXXX5057,Active,638.0
MCH6148,"Sem, Aggarwa1 And Uppa1",5311,Department Store,Sole Proprietor,Lucknow,Uttar Pradesh,2025-11-29,8892638195,Inactive,3148.18
MCH6477,Gopal-Dewan,5699,Apparel & Fashion,Sole Proprietor,Mumbai,Maharashtra,2025-12-20,GNKM1008209861483,Active,1828.26
MCH2535,Mody-Grewal,5699,Apparel & Fashion,Sole Proprietor,Mumbai,Maharashtra,2026-02-11,XXXX4471,Active,1997.41
MCH8055,Sankaran-Sachar,5999,Miscellaneous,Private Limited,Ludhiana,Punjab,2023-11-11,UKDK6406633609762,Active,1036.97
MCH5070,Krishnan Group,,Telecom,Partnership,Delhi,Delhi,2024-06-18,,Active,1597.64
MCH8693,Mukhopadhyay-Rama,,Grocery,Individual,Lucknow,Uttar Pradesh,2024-10-07,XXXX9284,Active,406.79
MCH6152,"Hayer, Jha And Tata",5411,Grocery,Private Limited,Lucknow,Uttar Pradesh,2025-06-23,6225747550,Active,2396.0
MCH5780,Tara-Palan,5699,Apparel & Fashion,Individual,Bengaluru,Karnataka,2024-11-01,,Active,1736.15
MCH6392,Thaman Ltd,7011,Hotel & Lodging,Partnership,Kolkata,West Bengal,2023-08-03,1989029067,Active,691.37
MCH6107,Pillay Llc,5999,Miscellaneous,Sole Proprietor,Jalandhar,Punjab,2024-06-27,COEO9019476576214,Active,1844.34
MCH7627,Chanda-Murty,5812,Restaurants & Food,Partnership,Jaipur,Rajasthan,2024-10-15,,Active,3236.88
MCH4822,Sama-Keer,4131,Transportation,Private Limited,Hyderabad,Telangana,2025-07-08,,Active,736.6
MCH7868,Ah1Uwa1Ia Inc,5812,Restaurants & Food,Private Limited,Hyderabad,Telangana,2023-02-24,AZWU9148172427914,Inactive,
MCH8384,"Tella, Batra And Baral",5311,Department Store,Individual,Jalandhar,Punjab,2023-04-08,,Active,
MCH8344,Purohit-Ravi,5311,Department Store,Private Limited,Pune,Maharashtra,2023-09-04,,Active,337.58
MCH5599,Peri-Bhatti,5942,Books & Stationery,Individual,Mumbai,Maharashtra,2023-06-06,,Active,8103.17
MCH7767,Nadkarni-Pathak,7011,Hotel & Lodging,Individual,Chennai,Tamil Nadu,2025-07-10,,Active,3595.48
MCH7024,Gandhi-Kunda,5942,Books & Stationery,Private Limited,Lucknow,Uttar Pradesh,2024-04-22,,Active,184.56
MCH4361,Shukla-Venkatesh,5699,Apparel & Fashion,Partnership,Pune,Maharashtra,2023-08-31,,Active,714.55
MCH2814,"Sani, Khare And Ramachandran",5912,Medical,Partnership,Jalandhar,Punjab,2024-02-24,XXXX1070,Active,1581.52
MCH3659,Ch0Udhary-Sama,5912,Pharmacy,Sole Proprietor,Chennai,Tamil Nadu,2024-06-13,XXXX0305,Inactive,1376.76
MCH7162,"Sankar, Muni And Mandal",7011,Books & Stationery,Sole Proprietor,Jalandhar,Punjab,2023-01-14,TTSV7753870906383,Active,4267.24
MCH4163,Kamdar-Jhaveri,7011,Hotel & Lodging,Sole Proprietor,Jalandhar,Punjab,,,Active,390.74
MCH1262,Charinc,4814,Telecom,Individual,Pune,Maharashtra,2025-06-28,4484109203,Active,489.52
MCH6441,"Konda, Swaminathan And Patel",4814,Telecom,Individual,Lucknow,Uttar Pradesh,2025-01-30,6182390542,Active,
MCH1563,Mandal-Biswas,4814,Telecom,Partnership,Jaipur,Rajasthan,2023-11-10,5466191568,Suspended,
MCH7635,Pant And Sons,7011,Hotel & Lodging,Individual,Jalandhar,Punjab,2023-03-04,7323981612,Active,4941.43
MCH4021,"Balakrishnan, Mistry And Vig",5912,Pharmacy,Individual,Hyderabad,Telangana,2025-04-12,4335587264,Active,1395.91
MCH9036,Cherian Llc,5699,Apparel & Fashion,Sole Proprietor,Ludhiana,Punjab,2023-05-17,XXXX5926,Active,928.81
MCH7366,"Shetty, Pa11 And Pi11Ay",5699,Apparel & Fashion,Partnership,Delhi,Delhi,2024-01-14,,Active,
MCH6947,Sen Llc,5912,Medical,Individual,Hyderabad,Telangana,2025-05-29,155753762,Active,820.37
MCH2463,"Pillai, Tank And Das",7011,Hotel & Lodging,Sole Proprietor,Chennai,Tamil Nadu,2025-08-13,1687933229,Active,1834.3
MCH2157,"Ramaswamy, Sundaram And Sachdev",4131,Transportation,Individual,Hyderabad,Telangana,2023-05-25,,Active,1899.0
MCH2829,Narain Ltd,5999,Miscellaneous,Sole Proprietor,Bengaluru,Karnataka,2023-02-15,,Active,1912.36
MCH9237,Gokhale Inc,5912,Medical,Private Limited,Ludhiana,Punjab,2025-09-28,LPZT4038353121229,Active,1901.54
MCH8365,"Luthra, Kota And Choudhary",5311,Retail,Private Limited,Amritsar,Punjab,2024-10-17,,Inactive,
MCH6832,"Chaudry, Barman And Patla",5812,Restaurants & Food,Sole Proprietor,Lucknow,Uttar Pradesh,2024-09-03,3762925357,Inactive,617.14
MCH6512,"Sagar, Deep And Rao",,Telecom,Sole Proprietor,Hyderabad,Telangana,2025-11-01,1702999144,Active,
MCH1630,Yogi-Agate,5942,Books & Stationery,Partnership,Kolkata,West Bengal,2023-10-31,XXXX1041,Active,444.27
MCH4191,"Mangal, Seshadri And Kakar",5699,Apparel & Fashion,Private Limited,Pune,Maharashtra,2024-01-26,,Active,1192.21
MCH6854,Singh-Pandya,5942,Books & Stationery,Partnership,Amritsar,Punjab,2023-07-22,,Active,353.0
MCH3893,Dhingra-Chaudhuri,5912,Medical,Sole Proprietor,Chennai,Tamil Nadu,2025-08-03,XXXX2466,Active,2445.5
MCH9728,"Dass, Sengupta And Halder",5411,Grocery,Sole Proprietor,Chennai,Tamil Nadu,2024-10-29,,Active,6287.55
MCH7951,Peri Group,7011,Hotel & Lodging,Sole Proprietor,Jaipur,Rajasthan,2024-02-21,,Active,
MCH7600,Bora Inc,5999,Miscellaneous,Private Limited,Jalandhar,Punjab,2025-01-09,,Active,582.46
MCH8832,"Korpal, Dugar And Grover",5411,Grocery,Individual,Ludhiana,Punjab,2025-10-27,XXXX3528,Active,2140.7
MCH9979,"Bandi, Gupta And Sarma",4131,Transportation,Private Limited,Ludhiana,Punjab,2023-04-13,,Suspended,
MCH9514,Prakash Gr0Up,5912,Pharmacy,Partnership,Lucknow,Uttar Pradesh,2024-10-06,XXXX7878,Inactive,2338.36
MCH1540,Mohan-Hegde,5912,Pharmacy,Individual,Mumbai,Maharashtra,2023-02-15,,Inactive,2002.37
MCH8838,"Kala, Sidhu And Kuruvilla",5912,Pharmacy,Partnership,Chennai,Tamil Nadu,2023-02-11,,Inactive,593.62
MCH5980,Misra-Ganguly,4131,Transportation,Individual,Kolkata,West Bengal,2025-08-13,XXXX2799,Active,2762.0
MCH4261,"Kar, Krishnan And Nadig",5411,Grocery,Partnership,Mumbai,Maharashtra,2024-10-07,,Active,1395.9
MCH9128,"Vig, Menon And Prabhakar",5942,Books & Stationery,Sole Proprietor,Delhi,Delhi,2023-08-30,ROAG7230893964425,Active,594.0
MCH4781,Pillai Group,,Retail,Individual,Jalandhar,Punjab,2023-03-20,,Active,541.83
MCH8545,Taneja And Sons,5411,Grocery,Private Limited,Jaipur,Rajasthan,2025-07-06,,Active,1926.0
MCH9584,Kakar Plc,,Restaurants & Food,Individual,Pune,Maharashtra,2024-05-13,FJCP5342966624704,Inactive,653.19
MCH8048,"Kaul, Master And Deo",4814,Telecom,Individual,Hyderabad,Telangana,2025-02-15,XXXX6691,Active,2683.93
MCH9803,Rastogi Ltd,,Books & Stationery,Partnership,Jaipur,Rajasthan,2025-01-29,,Active,3135.89
MCH6361,"Saran, Dhar And Chaudhry",7011,Hotel & Lodging,Sole Proprietor,Delhi,Delhi,2023-04-18,9705258117,Active,701.89
MCH5594,Anne Ltd,4814,Telecom,Private Limited,Hyderabad,Telangana,2024-03-16,7934234539,Active,1557.37
MCH7687,Pant-Mukherjee,5999,Miscellaneous,Partnership,Hyderabad,Telangana,2023-08-15,561782434,Active,
MCH7279,Das Plc,5999,Miscellaneous,Partnership,Jaipur,Rajasthan,,WTVS1342257023005,Active,1157.26
MCH9609,"Taneja, Parsa And Chaudhry",4814,Telecom,Private Limited,Mumbai,Maharashtra,2024-09-15,,Active,501.49
MCH2753,"Karan, Ganguly And Desai",5999,Miscellaneous,Private Limited,Amritsar,Punjab,2023-03-31,,Active,1254.6
MCH3955,"Dutta, Boase And Jha",5812,Restaurants & Food,Partnership,Jaipur,Rajasthan,,7839475828,Inactive,935.24
MCH1380,Mahal-Khare,5999,Miscellaneous,Private Limited,Mumbai,Maharashtra,2025-02-23,TLPQ4078335945068,Active,3004.0
MCH5898,Virk-Mani,5699,Apparel & Fashion,Partnership,Delhi,Delhi,2025-08-23,1987474945,Active,2502.05
MCH5900,Sarraf-Nagar,5912,Pharmacy,Sole Proprietor,Kolkata,West Bengal,2024-03-23,859371893,Active,380.94
MCH6718,Chaudry-Ramachandran,4814,Telecom,Individual,Lucknow,Uttar Pradesh,2024-07-19,XXXX5658,Active,1635.83
MCH9002,Manne Ltd,,Department Store,Partnership,Amritsar,Punjab,2023-04-11,XXXX2471,Active,2336.66
MCH9732,Pal-Kaur,5699,Apparel & Fashion,Individual,Jalandhar,Punjab,2023-06-25,2545195064,Active,1508.45
MCH4706,Ghosh-Tailor,5912,Pharmacy,Partnership,Chennai,Tamil Nadu,2025-07-17,,Active,418.32
MCH3219,Aggarwal Group,5311,Department Store,Partnership,Lucknow,Uttar Pradesh,2025-08-29,RNPG2912069741191,Active,1058.64
MCH4330,"Viswanathan, Morar And Barad",4131,Transportation,Individual,Jalandhar,Punjab,2023-10-04,,Active,151.73
MCH2842,Anne Ltd,5699,Apparel & Fashion,Partnership,Delhi,Delhi,2023-03-04,,Active,1642.14
MCH2684,Barad-Jaggi,5942,Books & Stationery,Sole Proprietor,Delhi,Delhi,2024-04-13,VFSV6228720846838,Active,518.0
MCH4223,"Bajwa, Khurana And Sinha",5912,Retail,Sole Proprietor,Bengaluru,Karnataka,2025-03-15,,Active,585.1
MCH7470,"Din,Guptaandratti",5311,Department Store,Partnership,Delhi,Delhi,2023-09-21,UMQY7730271159180,Inactive,684.47
MCH2596,Vasa Plc,4131,Transportation,Sole Proprietor,Hyderabad,Telangana,2025-08-20,,Active,
MCH8272,"Kaur, Barad And Sengupta",5411,Grocery,Partnership,Amritsar,Punjab,2023-04-11,5098196386,Active,2250.0
MCH5785,Vohra Inc,5699,Apparel & Fashion,Partnership,Mumbai,Maharashtra,2023-06-25,6460565959,Active,1694.59
MCH5567,"Kibe, Halder And Saraf",5912,Pharmacy,Sole Proprietor,Bengaluru,Karnataka,2023-01-28,IXRG4736294294938,Active,1983.35
MCH9835,Mahajan-Pingle,7011,Hotel & Lodging,Private Limited,Jaipur,Rajasthan,2025-09-22,,Active,2477.71
MCH8730,Banerjee-Kapoor,5942,Books & Stationery,Sole Proprietor,Amritsar,Punjab,,CQGQ8537716696051,Active,2386.59
MCH8435,Bajwa-Sandhu,5699,Apparel & Fashion,Individual,Jaipur,Rajasthan,2024-08-11,XRHA7493996842867,Active,
MCH3739,Murty Ltd,5311,Department Store,Private Limited,Chennai,Tamil Nadu,2025-09-15,XXXX2052,Active,571.15
MCH4765,Madan-Pandey,5699,Apparel & Fashion,Sole Proprietor,Hyderabad,Telangana,2025-03-12,XXXX6725,Active,1004.95
MCH9291,"Mukhopadhyay, Dua And Dada",5699,Apparel & Fashion,Sole Proprietor,Delhi,Delhi,2023-12-24,4794994318,Active,875.0
MCH3837,Bhat Group,5311,Department Store,Individual,Delhi,Delhi,2026-01-17,XXXX7816,Suspended,
MCH9152,Kara-Parikh,4814,Telecom,Sole Proprietor,Lucknow,Uttar Pradesh,2024-01-12,,Active,5009.29
MCH2020,Prabhu-Kar,5699,Apparel & Fashion,Private Limited,Jalandhar,Punjab,2025-03-15,XXXX1985,Suspended,2649.5
MCH7712,Sehgal Ltd,5411,Grocery,Partnership,Lucknow,Uttar Pradesh,,XXXX7167,Active,2215.59
MCH2310,Char-Singhal,5942,Books & Stationery,Individual,Jaipur,Rajasthan,2025-09-08,,Active,
MCH3837,"Char, Naik And Sachdev",5999,Miscellaneous,Private Limited,Delhi,Delhi,2026-01-25,XXXX8517,Active,5233.0
MCH7403,"Raval, Hari And Khurana",5942,Books & Stationery,Individual,Chennai,Tamil Nadu,2023-07-12,,Active,697.8
MCH7839,Mahajan-Bhasin,5699,Apparel & Fashion,Partnership,Amritsar,Punjab,2023-06-03,XXXX8814,Active,4413.06
MCH7864,"Saini, Yohannan And Tank",5942,Books & Stationery,Individual,Ludhiana,Punjab,,9857461455,Active,1130.3
MCH6903,Gu1Ati-Thaker,5812,Restaurants & Food,Partnership,Chennai,Tamil Nadu,2023-07-07,,Active,
MCH8210,Kannan Inc,5311,Department Store,Partnership,Ludhiana,Punjab,2025-02-04,,Suspended,370.0
MCH2032,"Doshi, Sur And Sarna",5411,Restaurants & Food,Private Limited,Pune,Maharashtra,2023-07-15,,Active,771.07
MCH1788,"Dass, Rajagopal And Madan",,Telecom,Private Limited,Pune,Maharashtra,2024-11-12,,Suspended,1479.46
MCH1044,"Jha, Salvi And Setty",5311,Retail,Partnership,Hyderabad,Telangana,2024-10-28,VZSQ7155957356020,Active,1084.93
MCH9583,Khurana-Johal,5411,Grocery,Partnership,Delhi,Delhi,2024-04-30,9658176597,Active,5627.6
MCH9207,"Gola, Prabhu And Sood",5311,Department Store,Private Limited,Kolkata,West Bengal,2025-02-14,YDIJ7187856499079,Active,1107.16
MCH5753,Zachariah-Rai,5812,Restaurants & Food,Private Limited,Hyderabad,Telangana,2023-12-01,,Active,3163.49
MCH4249,"Narasimhan, Natt And Chada",7011,Hotel & Lodging,Sole Proprietor,Pune,Maharashtra,2023-12-28,8565095769,Active,1048.88
MCH8820,Mistry Group,5812,Restaurants & Food,Partnership,Kolkata,West Bengal,2025-10-19,VDFR2877623309973,Active,1132.45
MCH6448,"Kara, Mahal And Borah",5699,Apparel & Fashion,Individual,Chennai,Tamil Nadu,2025-02-02,2311602120,Suspended,2308.59
MCH9764,More-Bhavsar,5912,Pharmacy,Sole Proprietor,Pune,Maharashtra,2024-09-06,XXXX9274,Active,3514.68
MCH5587,"Parmar,Bobalandbatra",5912,Pharmacy,Private Limited,Bengaluru,Karnataka,2024-06-25,,Active,996.25
MCH9354,"Srinivasan, Bhargava And Sathe",7011,Hotel & Lodging,Private Limited,Pune,Maharashtra,2025-12-26,MCIS2962837592027,Active,272.4
MCH3024,Kade-Bhatia,5812,Restaurants & Food,Partnership,Delhi,Delhi,2025-09-22,,Active,2093.0
MCH4980,Gaba-Sankaran,,Medical,Sole Proprietor,Amritsar,Punjab,,,Inactive,857.86
MCH8137,G0Pa1-Mahajan,4131,Travel,Partnership,Bengaluru,Karnataka,2024-01-30,XXXX2908,Active,561.1
MCH8741,Swaminathan-Kakar,4814,Telecom,Sole Proprietor,Kolkata,West Bengal,2024-08-17,7135208273,Active,8897.16
MCH6352,Chadhagroup,5411,Grocery,Private Limited,Chennai,Tamil Nadu,2024-05-19,QWFC2198127321151,Suspended,419.41
MCH8436,Kapoor Inc,7011,Hotel & Lodging,Individual,Bengaluru,Karnataka,2025-07-27,4749660100,Active,7117.0
MCH2579,More Inc,,Books & Stationery,Partnership,Jaipur,Rajasthan,2024-05-06,,Active,4068.74
MCH5938,Rama-Pandey,4131,Transportation,Individual,Jaipur,Rajasthan,2024-02-12,,Active,712.0
MCH8919,Parmar Ltd,5411,Transportation,Private Limited,Bengaluru,Karnataka,2023-12-24,,Active,2228.63
MCH9927,"Lall, Bali And Varughese",5812,Restaurants & Food,Sole Proprietor,Lucknow,Uttar Pradesh,2025-09-12,IDZP0771497763313,Active,1410.0
MCH4643,Barad And Sons,5942,Books & Stationery,Individual,Ludhiana,Punjab,2025-05-18,5063903908,Suspended,3490.79
MCH3596,"S01Anki, Singha1 And S0Man",5699,Apparel & Fashion,Individual,Jaipur,Rajasthan,2023-04-03,,Inactive,330.41
MCH2411,Saraf-Gola,4131,Transportation,Individual,Jaipur,Rajasthan,2023-02-09,,Active,2300.71
MCH1722,Patel-Warrior,7011,Hotel & Lodging,Individual,Kolkata,West Bengal,2025-03-15,XXXX3839,Active,420.0
MCH6328,"Ray, Pandit And Bala",4814,Telecom,Private Limited,Chennai,Tamil Nadu,2025-11-27,GCWI4729638964155,Active,644.89
MCH3268,Kadakia-Rajan,5699,Apparel & Fashion,Sole Proprietor,Pune,Maharashtra,2024-11-16,,Active,2055.32
MCH8561,"Swaminathan, Sa1Vi And Kant",5699,Apparel & Fashion,Private Limited,Mumbai,Maharashtra,2025-04-19,PNGX7339881598856,Active,4447.81
MCH4030,Nayar Plc,,Books & Stationery,Private Limited,Amritsar,Punjab,2023-08-02,,Active,1079.32
MCH3925,Rana-Sehga1,5912,Pharmacy,Individual,Chennai,Tamil Nadu,,IFJH9817043350326,On Hold,
MCH1626,"Pau, Iyengar And Khare",5999,Miscellaneous,Sole Proprietor,Delhi,Delhi,2025-07-12,XXXX6353,Active,550.42
MCH1272,Garg Inc,4131,Transportation,Partnership,Jaipur,Rajasthan,2023-05-28,7553237450,Active,549.87
MCH9897,Modi Plc,5699,Apparel & Fashion,Individual,Delhi,Delhi,2023-01-06,,Active,
MCH6670,Sawhney Inc,5411,Grocery,Individual,Bengaluru,Karnataka,2026-01-17,XXXX5717,Active,
MCH5292,Nori-Dugal,5999,Miscellaneous,Sole Proprietor,Pune,Maharashtra,,DLCF1511984552623,Inactive,542.0
MCH2648,Batta Llc,5999,Miscellaneous,Partnership,Jaipur,Rajasthan,2024-10-10,,Active,416.94
MCH9114,Tiwari-0Ak,4814,Telecom,Individual,Pune,Maharashtra,2026-01-16,,Active,7090.63
MCH5154,Dhingra-Sunder,5999,Miscellaneous,Sole Proprietor,Pune,Maharashtra,2025-06-14,1153641874,Active,2001.0
MCH6060,Chacko-Sundaram,4131,Transportation,Individual,Jaipur,Rajasthan,2023-03-25,XXXX2924,Inactive,2026.75
MCH6100,"Pillay, Merchant And Sem",5942,Books & Stationery,Private Limited,Jalandhar,Punjab,2023-09-05,672030590,Active,1374.95
MCH9866,Sane-Dar,4814,Telecom,Partnership,Lucknow,Uttar Pradesh,2024-04-11,,Active,910.27
MCH2627,Shanker Plc,5311,Retail,Individual,Lucknow,Uttar Pradesh,2024-10-16,834395040,Active,427.05
MCH5722,Kant-Gara,7011,Hotel & Lodging,Partnership,Lucknow,Uttar Pradesh,2024-12-16,3048409027,Active,1451.76
MCH7558,Nair-Tandon,7011,Hotel & Lodging,Individual,Delhi,Delhi,2025-09-24,WDIO8859498666425,Active,2209.65
MCH1429,Pal Ltd,5411,Grocery,Individual,Jaipur,Rajasthan,2024-10-13,YBSQ5701995451285,Active,258.0
MCH7094,Narasimhan And Sons,5411,Grocery,Partnership,Lucknow,Uttar Pradesh,2023-04-03,5172263250,Active,
MCH3847,Nair Plc,5311,Retail,Sole Proprietor,Pune,Maharashtra,,,Active,660.47
MCH8529,Pradhan Plc,5942,Books & Stationery,Sole Proprietor,Delhi,Delhi,2025-07-13,,Active,476.91
MCH9623,Mangat Plc,4814,Telecom,Sole Proprietor,Lucknow,Uttar Pradesh,2024-03-26,,Active,457.6
MCH2287,Baral Inc,5912,Medical,Individual,Delhi,Delhi,2025-06-11,,Active,920.82
MCH6677,"Deshmukh, Choudhry And Lad",5912,Medical,Private Limited,Jalandhar,Punjab,2024-12-05,,Inactive,2949.0
MCH2417,"Reddy, Patel And Manda",5912,Pharmacy,Individual,Bengaluru,Karnataka,2025-03-13,XXXX5551,Active,1553.29
MCH7870,Sahota-Chand,5311,Department Store,Sole Proprietor,Delhi,Delhi,2024-06-12,2012661045,Active,1123.31
MCH7323,Mital Inc,5812,Restaurants & Food,Individual,Lucknow,Uttar Pradesh,2025-03-01,1221388018,Active,1194.36
MCH3289,Tripathi-Mandal,4814,Telecom,Individual,Chennai,Tamil Nadu,2024-12-29,XXXX2012,Active,1368.37
MCH7681,"Bal, Kakar And Pillai",,Transportation,Private Limited,Pune,Maharashtra,2024-11-15,2915378010,Active,1955.63
MCH2601,"Mangal, Lalla And Desai",4131,Transportation,Private Limited,Ludhiana,Punjab,2025-02-19,XXXX7238,Active,1601.46
MCH5287,Sachdeva Plc,4131,Travel,Partnership,Hyderabad,Telangana,2024-02-06,XXXX8293,Active,823.34
MCH8024,Banik Plc,5411,Grocery,Individual,Jalandhar,Punjab,2026-02-02,OAOZ8994715452448,Active,1100.96
MCH4476,Parikh Group,5912,Medical,Partnership,Kolkata,West Bengal,2025-09-10,,Active,
MCH3736,"Chanda, Bandi And Pandya",4814,Telecom,Partnership,Hyderabad,Telangana,2023-04-25,,Suspended,812.06
MCH4738,Jha Plc,,Miscellaneous,Sole Proprietor,Bengaluru,Karnataka,2024-05-24,,Inactive,1636.42
MCH7849,Lal-Wagle,5311,Department Store,Sole Proprietor,Jaipur,Rajasthan,2025-02-12,XXXX0377,Active,4061.65
MCH5801,"Narasimhan, Grewal And Vora",4131,Transportation,Private Limited,Delhi,Delhi,2023-08-08,,Active,1697.55
MCH8775,Bakshi-Shah,5699,Apparel & Fashion,Partnership,Delhi,Delhi,2025-07-09,,Active,480.13
MCH8380,"Kar, Patil And Karan",4131,Travel,Individual,Jalandhar,Punjab,2024-01-22,5690092544,Active,9540.15
MCH5114,Lal Group,5411,Grocery,Private Limited,Bengaluru,Karnataka,2024-06-23,XXXX3035,Active,1143.5
MCH5999,Nori Inc,5999,Miscellaneous,Private Limited,Jalandhar,Punjab,2026-01-02,XXXX4498,Active,629.41
MCH1726,Raja And Sons,4131,Transportation,Private Limited,Delhi,Delhi,2025-12-13,,Active,639.24
MCH8910,"Sinha, Sen And Mander",4814,Telecom,Private Limited,Delhi,Delhi,2023-09-01,,Active,
MCH6296,"Goyal, Vora And Loke",5411,Grocery,Private Limited,Lucknow,Uttar Pradesh,,,Active,538.0
MCH3431,Ghosh And Sons,,Restaurants & Food,Sole Proprietor,Mumbai,Maharashtra,2025-11-24,LTDQ5015892785519,Suspended,1904.92
MCH2696,"Dave, Chaudhari And Bhatti",5411,Grocery,Individual,Delhi,Delhi,2024-11-25,XXXX0248,Active,
MCH3244,Murthy Group,5912,Medical,Private Limited,Jalandhar,Punjab,2025-03-07,,Active,3366.47
MCH1887,Peri Inc,5311,Department Store,Private Limited,Bengaluru,Karnataka,2023-02-26,,Active,2706.7
MCH2186,Venkatesh And Sons,5912,Medical,Sole Proprietor,Lucknow,Uttar Pradesh,2025-11-23,,Active,661.82
MCH5905,Karnik Ltd,5812,Restaurants & Food,Individual,Pune,Maharashtra,2026-05-02,XXXX6996,Active,653.53
MCH8033,"Kala, Mahal And Dash",5311,Department Store,Individual,Hyderabad,Telangana,2025-12-02,XXXX2251,Active,1390.13
MCH3725,Balan Inc,5912,Medical,Sole Proprietor,Kolkata,West Bengal,2024-10-04,XXXX4682,Active,2579.6
MCH4739,Karpe-Doshi,5411,Grocery,Individual,Lucknow,Uttar Pradesh,2023-10-20,DQQT0527144866471,Suspended,
MCH1222,Dass-Dugar,5411,Grocery,Sole Proprietor,Kolkata,West Bengal,2023-11-07,,Active,
MCH6383,Char Plc,4814,Telecom,Sole Proprietor,Bengaluru,Karnataka,2023-10-28,,Active,266.0
MCH8174,"Banerjee, Brahmbhatt And Dave",7011,Hotel & Lodging,Individual,Jaipur,Rajasthan,2024-09-09,XXXX7104,Active,
MCH5753,Handa Inc,5812,Restaurants & Food,Sole Proprietor,Hyderabad,Telangana,2025-11-04,XXXX3053,Active,3518.1
MCH6465,Mody Ltd,5699,Apparel & Fashion,Sole Proprietor,Chennai,Tamil Nadu,2025-03-01,,On Hold,307.0
MCH7201,"Patil, Mahajan And Issac",5999,Miscellaneous,Private Limited,Mumbai,Maharashtra,2025-03-16,796859598,Active,282.54
MCH4958,Saini Llc,7011,Transportation,Private Limited,Hyderabad,Telangana,2023-06-24,,Active,440.09
MCH2169,"Munshi, Srinivas And Ramanathan",5942,Books & Stationery,Partnership,Chennai,Tamil Nadu,2024-09-07,,Active,351.61
MCH8692,Singhal-Mane,5999,Miscellaneous,Partnership,Jalandhar,Punjab,2025-07-24,1479687132,Active,1884.81
MCH5312,Choudhary Inc,5411,Grocery,Partnership,Kolkata,West Bengal,2023-07-27,,Active,1438.2
MCH2299,Ahluwalia Inc,4131,Travel,Partnership,Ludhiana,Punjab,2024-12-02,,Active,2936.54
MCH7870,"Kalla,Moreandswamy",5912,Pharmacy,Private Limited,Jaipur,Rajasthan,2025-03-04,JRSV4497187312439,Active,681.25
MCH3880,Sankaran-M0Dy,4131,Transportation,Sole Proprietor,Hyderabad,Telangana,2026-02-26,XXXX4851,Active,794.44
MCH3780,Hegde Group,5311,Department Store,Private Limited,Lucknow,Uttar Pradesh,2026-02-27,XXXX3079,Active,315.62
MCH1101,Mangal Inc,5912,Medical,Individual,Chennai,Tamil Nadu,2023-06-19,XXXX7862,Active,2025.16
MCH1292,Gera-Nayak,7011,Hotel & Lodging,Sole Proprietor,Chennai,Tamil Nadu,2023-09-25,,Active,267.0
MCH7162,Ranganathan-Chakraborty,5699,Apparel & Fashion,Private Limited,Pune,Maharashtra,2025-02-17,LGPC8265918729531,Active,1830.64
MCH5110,"Deshpande, Verma And Shenoy",5942,Books & Stationery,Private Limited,Pune,Maharashtra,2024-11-11,,Inactive,
MCH8104,Chacko Group,7011,Hotel & Lodging,Private Limited,Bengaluru,Karnataka,2024-01-02,4591497253,Active,
MCH9640,Basu Group,,Department Store,Sole Proprietor,Bengaluru,Karnataka,2025-05-21,,Active,8379.99
MCH2445,Khare-Sane,5311,Miscellaneous,Sole Proprietor,Jaipur,Rajasthan,2023-12-05,3925528828,Active,6063.97
MCH9185,Om Ltd,5812,Restaurants & Food,Partnership,Kolkata,West Bengal,2025-09-22,RKEJ2980134292377,Inactive,311.59
MCH1133,Shere Ltd,5912,Pharmacy,Partnership,Bengaluru,Karnataka,2025-06-10,,Active,11501.53
MCH4227,Bora-Sood,5999,Miscellaneous,Partnership,Jaipur,Rajasthan,2023-02-11,,Active,1928.46
MCH7411,"Bhasin, Soman And Savant",4814,Telecom,Sole Proprietor,Chennai,Tamil Nadu,,,Active,2298.88
MCH6101,Rout-Barman,5812,Restaurants & Food,Sole Proprietor,Kolkata,West Bengal,2024-10-11,,Active,2918.42
MCH9290,"Gole, Viswanathan And Brahmbhatt",7011,Hotel & Lodging,Partnership,Ludhiana,Punjab,,,Inactive,1704.51
MCH8926,Roy-Nagarajan,,Apparel & Fashion,Sole Proprietor,Pune,Maharashtra,2023-05-11,,Inactive,217.41
MCH7829,Hora Ltd,4131,Travel,Partnership,Jaipur,Rajasthan,2025-05-06,XXXX7292,Active,422.0
MCH9523,"Tank, Uppal And Malhotra",5912,Pharmacy,Partnership,Pune,Maharashtra,2025-10-25,,Active,5060.01
MCH5493,"Choudhury, Nayak And Hayer",,Apparel & Fashion,Individual,Jalandhar,Punjab,,CMBW9456641489708,Active,954.13
MCH7295,Palan-Ray,7011,Hotel & Lodging,Partnership,Bengaluru,Karnataka,2023-02-02,,Active,1161.77
MCH1628,"Rao, Buch And Kala",5912,Pharmacy,Individual,Lucknow,Uttar Pradesh,2025-01-08,,Active,789.95
MCH4416,Raju And S0Ns,5999,Miscellaneous,Individual,Bengaluru,Karnataka,2025-10-04,6909361511,Inactive,3955.0
MCH5021,Dora Group,5912,Hotel & Lodging,Partnership,Jaipur,Rajasthan,2024-10-01,2704643767,Active,843.0
MCH4687,Goel Llc,5942,Books & Stationery,Individual,Lucknow,Uttar Pradesh,2023-01-30,BTTJ6615272024781,Active,820.0
MCH4284,Chawla Llc,4131,Travel,Sole Proprietor,Ludhiana,Punjab,2026-02-13,XXXX7941,Active,385.0
MCH8896,Savant Plc,5411,Grocery,Individual,Ludhiana,Punjab,2023-08-20,UQGT6646060473971,Active,2636.98
MCH8518,Srivastava-Parsa,5699,Apparel & Fashion,Individual,Jaipur,Rajasthan,2024-09-11,,Active,191.84
MCH9753,Chowdhury And Sons,4814,Telecom,Individual,Mumbai,Maharashtra,2023-07-06,XRQC4173107226583,Active,559.33
MCH2951,"Thakur, Subramaniam And Agrawal",7011,Hotel & Lodging,Partnership,Mumbai,Maharashtra,2026-02-06,506591392,Active,
MCH8878,Kashyap-Behl,7011,Hotel & Lodging,Sole Proprietor,Kolkata,West Bengal,2023-07-21,,Active,228.35
MCH1136,"Bahri, Kanda And Seth",5942,Books & Stationery,Private Limited,Chennai,Tamil Nadu,2023-07-17,XXXX4885,Active,896.84
MCH1665,Salvi Group,5699,Apparel & Fashion,Individual,Bengaluru,Karnataka,2025-11-30,KSUI6181238646481,Active,946.53
MCH6519,"Dhar, Morar And Malhotra",5699,Apparel & Fashion,Private Limited,Pune,Maharashtra,2023-05-15,XXXX0332,Active,445.06
MCH2742,"Vasa, Devan And Tandon",5699,Apparel & Fashion,Individual,Mumbai,Maharashtra,2023-11-13,XXXX3213,Active,541.72
MCH4888,Saha-Jani,4814,Telecom,Sole Proprietor,Ludhiana,Punjab,2025-11-20,,Active,308.77
MCH1986,Brahmbhatt Inc,5999,Miscellaneous,Partnership,Mumbai,Maharashtra,2023-11-23,,Active,
MCH8422,Kakar-Bera,5699,Apparel & Fashion,Sole Proprietor,Amritsar,Punjab,2025-03-10,XXXX1336,Active,661.76
MCH7113,"Jain,Bhattiandsha",5942,Books & Stationery,Partnership,Chennai,Tamil Nadu,2025-07-30,XXXX9585,Suspended,1921.99
MCH5023,Chatterjee-Kalla,5912,Pharmacy,Partnership,Mumbai,Maharashtra,2024-12-31,XXXX9987,Active,
MCH7795,Prakash Llc,4131,Travel,Sole Proprietor,Jaipur,Rajasthan,2025-06-28,,Active,956.79
MCH3980,Chadha-Raval,5699,Apparel & Fashion,Partnership,Bengaluru,Karnataka,2023-04-14,XXXX9643,Active,1323.06
MCH7356,"Divan, Rastogi And Prabhu",5942,Books & Stationery,Partnership,Lucknow,Uttar Pradesh,2025-07-22,8041409071,Active,
MCH5451,Divan Llc,5411,Grocery,Partnership,Jaipur,Rajasthan,2025-05-14,,Active,2492.35
MCH7252,"Krishnamurthy, Pandit And Mukherjee",5942,Books & Stationery,Sole Proprietor,Hyderabad,Telangana,2025-01-08,285621980,Active,1234.51
MCH1438,Pandit-Menon,5999,Miscellaneous,Partnership,Bengaluru,Karnataka,2023-11-22,ZQNR3407194415594,Active,409.59
MCH3917,Chowdhury-Pandit,,Apparel & Fashion,Private Limited,Hyderabad,Telangana,2023-02-04,XXXX2174,Inactive,
MCH7955,Sura Gr0Up,5812,Restaurants & Food,Individual,Amritsar,Punjab,,FIJI5501070753851,Active,833.11
MCH9125,Raghavan Plc,,Miscellaneous,Individual,Jaipur,Rajasthan,2024-10-10,,Active,1723.08
MCH2111,Dubey-Oommen,7011,Hotel & Lodging,Individual,Ludhiana,Punjab,2023-07-26,,Active,5111.16
MCH2370,Mutti-Sarma,5699,Apparel & Fashion,Individual,Delhi,Delhi,2024-03-08,,Active,6053.56
MCH2533,"Chhabra, Shah And Tella",5912,Medical,Sole Proprietor,Jaipur,Rajasthan,2025-05-03,,Active,2439.28
MCH6019,Chatterjee Ltd,5411,Restaurants & Food,Private Limited,Delhi,Delhi,2026-01-25,UFWO7733965180914,Active,100.27
MCH5477,Mahajan Ltd,5699,Apparel & Fashion,Individual,Bengaluru,Karnataka,2025-09-01,CBRP2025489889025,Active,3690.89
MCH9460,"Oza, Balakrishnan And Kapoor",5942,Books & Stationery,Individual,Chennai,Tamil Nadu,,XXXX5842,Active,481.26
MCH4077,"Khalsa, Jaggi And Bumb",5812,Restaurants & Food,Sole Proprietor,Jaipur,Rajasthan,2023-10-26,,Active,583.76
MCH7737,"Sarma, Tripathi And Chandra",4131,Transportation,Sole Proprietor,Mumbai,Maharashtra,2023-09-19,9889598730,Active,
MCH7985,"Ba1Ay, Mammen And Raman",5812,Restaurants & Food,Partnership,Lucknow,Uttar Pradesh,2023-12-16,,Active,2429.67
MCH2613,"Grewal, Gade And Bhattacharyya",4814,Telecom,Private Limited,Kolkata,West Bengal,2023-06-04,,On Hold,1066.15
MCH4424,"Date, Soman And Lall",5311,Department Store,Private Limited,Chennai,Tamil Nadu,2024-02-01,GBLD6739471452450,Active,
MCH7353,"Tara, Rajag0Pa1An And Ramanathan",5311,Department Store,Partnership,Mumbai,Maharashtra,2024-10-16,6926383860,Active,840.14
MCH3203,Randhawa-Pant,5311,Retail,Partnership,Jaipur,Rajasthan,2024-12-16,XXXX9443,Active,
MCH4669,"Sidhu, Subramanian And Chakraborty",7011,Hotel & Lodging,Private Limited,Bengaluru,Karnataka,2023-03-20,,Active,
MCH4478,Shenoy Inc,4131,Transportation,Private Limited,Pune,Maharashtra,2024-04-19,,Active,3749.72
MCH8306,"Wason, Saraf And Dube",,Hotel & Lodging,Partnership,Bengaluru,Karnataka,2025-02-15,2587742511,Active,67.35
MCH2801,"Khurana, Oza And Divan",4814,Telecom,Private Limited,Delhi,Delhi,2025-10-14,,Active,406.76
MCH8972,Vig Inc,5411,Grocery,Partnership,Kolkata,West Bengal,2024-08-17,,Active,835.08
MCH7982,De0 Ltd,5311,Department Store,Partnership,Ludhiana,Punjab,2023-01-14,KDBH6204467913349,Active,579.0
MCH6069,Krish-Joshi,7011,Apparel & Fashion,Private Limited,Amritsar,Punjab,2024-07-30,XXXX1701,Active,252.19
MCH5488,Pradhan-Nagy,4814,Telecom,Private Limited,Lucknow,Uttar Pradesh,,,Active,1893.0
MCH6650,Reddy Llc,4131,Grocery,Sole Proprietor,Pune,Maharashtra,2024-02-28,XXXX5775,Active,3251.25
MCH4209,Bahri-Kari,4131,Transportation,Individual,Jaipur,Rajasthan,2025-12-29,,Active,1717.86
MCH8899,Bedi And Sons,5699,Apparel & Fashion,Private Limited,Kolkata,West Bengal,2025-02-25,XXXX6442,Suspended,
MCH6061,Anand-Savant,5411,Grocery,Sole Proprietor,Amritsar,Punjab,2026-02-08,,Active,
MCH4587,Karnik And Sons,5311,Retail,Partnership,Jaipur,Rajasthan,2025-07-02,,Inactive,2493.1
MCH8467,"Tara, Nagi And Keer",5411,Grocery,Sole Proprietor,Chennai,Tamil Nadu,2024-06-08,YVFX0584692360896,Inactive,3292.09
MCH9196,"Dani, Palla And Ramachandran",7011,Hotel & Lodging,Sole Proprietor,Hyderabad,Telangana,2023-02-04,5171234438,Active,403.86
MCH3669,"Dutta, Banerjee And Saini",5999,Miscellaneous,Private Limited,Lucknow,Uttar Pradesh,2024-09-03,9041253658,Active,2883.4
MCH9375,"Bhalla, Koshy And Sule",,Books & Stationery,Individual,Ludhiana,Punjab,2023-07-28,XXXX7795,Inactive,924.32
MCH7331,"Bakshi,Pillaianddhaliwal",5812,Restaurants & Food,Sole Proprietor,Lucknow,Uttar Pradesh,,2802277765,Inactive,490.55
MCH5503,Suri Ltd,4131,Transportation,Private Limited,Kolkata,West Bengal,2024-08-30,,Active,2446.68
MCH3788,Kuruvilla Ltd,5411,Grocery,Sole Proprietor,Hyderabad,Telangana,2024-10-03,,Active,4329.09
MCH9386,Shankar Ltd,4131,Transportation,Individual,Amritsar,Punjab,2023-10-23,XXXX6796,Active,
MCH3856,"Mukhopadhyay, Loyal And Parsa",5812,Restaurants & Food,Sole Proprietor,Delhi,Delhi,2024-10-12,,Active,9442.27
MCH1679,"Chawla, Sura And Pal",4131,Transportation,Individual,Lucknow,Uttar Pradesh,2026-01-30,XXXX9878,Suspended,1030.0
MCH4716,Goda-Agate,5411,Grocery,Sole Proprietor,Delhi,Delhi,2026-07-01,5226052062,Active,1438.61
MCH3837,"Sankar, Dass And Sarna",7011,Hotel & Lodging,Sole Proprietor,Lucknow,Uttar Pradesh,2024-01-04,,Active,568.41
MCH9129,"Sinha, Chauhan And Sathe",5411,Grocery,Partnership,Kolkata,West Bengal,2025-07-06,VXNZ5598805748177,Active,914.12
MCH9234,"Jhaveri, Chandran And Shukla",7011,Hotel & Lodging,Partnership,Lucknow,Uttar Pradesh,2024-07-26,XXXX3221,Active,762.04
MCH7880,Tiwari-Dua,4131,Transportation,Sole Proprietor,Ludhiana,Punjab,,XXXX1699,Active,12814.22
MCH5108,Bora Llc,5411,Grocery,Private Limited,Jalandhar,Punjab,2025-03-16,DLNH5334244521006,Active,
MCH7983,Karpe-Raval,5311,Department Store,Individual,Lucknow,Uttar Pradesh,2024-01-11,XXXX7464,Active,3843.3
MCH7096,Mukhopadhyay-Din,5812,Restaurants & Food,Private Limited,Delhi,Delhi,2023-09-21,8048297168,Active,616.51
MCH8325,Sarin Inc,5999,Miscellaneous,Individual,Amritsar,Punjab,2025-03-19,1450425498,Active,1640.03
MCH1744,"Mani, Tara And Mane",4131,Travel,Sole Proprietor,Ludhiana,Punjab,2023-03-20,,Inactive,466.22
MCH2442,Gole Plc,5812,Restaurants & Food,Partnership,Mumbai,Maharashtra,2024-08-28,7767111670,Active,625.13
MCH9050,Bali Ltd,4131,Transportation,Individual,Jalandhar,Punjab,2025-06-01,8040024958,Suspended,847.23
MCH1211,"Munshi, Pai And Sibal",5311,Retail,Sole Proprietor,Delhi,Delhi,2023-01-04,NHYW6672789857023,Active,296.16
MCH7779,"Mane, Bassi And Samra",5699,Apparel & Fashion,Partnership,Lucknow,Uttar Pradesh,2024-12-12,UAHK2726212156650,Active,
MCH7341,Varughese Inc,7011,Hotel & Lodging,Partnership,Kolkata,West Bengal,2023-04-24,,Active,
MCH2636,Rau Plc,5311,Department Store,Partnership,Delhi,Delhi,2024-04-06,,Active,5739.27
MCH5433,Subramanian Plc,5699,Apparel & Fashion,Partnership,Ludhiana,Punjab,2024-06-07,XXXX5051,Active,673.68
MCH7127,"Chhabra, Dayal And Sood",5699,Apparel & Fashion,Individual,Amritsar,Punjab,2024-06-05,7467986775,Active,1738.0
MCH6010,"Tak, Sani And Jaggi",5912,Pharmacy,Individual,Jaipur,Rajasthan,2024-01-20,TXCH9949373918886,Active,1022.54
MCH3810,Mallick-Lall,5411,Grocery,Private Limited,Lucknow,Uttar Pradesh,2025-12-07,XXXX7137,Suspended,630.92
MCH9478,"Desai, Borah And Dugar",,Miscellaneous,Private Limited,Kolkata,West Bengal,,,Suspended,1333.54
MCH1856,"Sem, Dhawan And Bakshi",5411,Grocery,Sole Proprietor,Bengaluru,Karnataka,2023-07-27,9292167540,Inactive,2232.22
MCH5741,Uppal Group,5912,Books & Stationery,Individual,Mumbai,Maharashtra,2023-05-30,SZOY5586957641724,Active,
MCH2551,Nagarajan And Sons,7011,Restaurants & Food,Sole Proprietor,Bengaluru,Karnataka,,NFIY9606847093350,Active,7900.0
MCH4934,Shroff Inc,5912,Pharmacy,Private Limited,Amritsar,Punjab,2025-12-08,OBRZ2207838983000,Active,1471.24
MCH7586,"Hayer, Savant And Tiwari",5311,Department Store,Partnership,Pune,Maharashtra,2024-03-31,ODJU9409130463225,Active,765.1
MCH7202,Uppal Plc,4131,Transportation,Individual,Jaipur,Rajasthan,2023-01-03,INKB4884883910397,Inactive,
MCH1445,Wali Plc,5411,Grocery,Sole Proprietor,Hyderabad,Telangana,2023-11-09,8128323198,Active,1200.0
MCH1551,Malhotra-Subramanian,5812,Restaurants & Food,Partnership,Pune,Maharashtra,2024-06-13,,Active,1909.07
MCH2356,"Vyas, Chhabra And Kala",,Hotel & Lodging,Private Limited,Chennai,Tamil Nadu,2024-08-07,,Active,2064.97
MCH6090,Nigam-Balakrishnan,5942,Books & Stationery,Partnership,Jalandhar,Punjab,2024-07-14,KPZR0795458662994,Active,3151.0
MCH9762,Kara Llc,5999,Miscellaneous,Individual,Delhi,Delhi,,9982880458,Active,413.17
MCH6603,Atwal Plc,7011,Hotel & Lodging,Sole Proprietor,Jaipur,Rajasthan,2024-08-20,GWCP5106034968553,Active,694.88
MCH9349,"Bhat, Suri And Khalsa",5999,Miscellaneous,Individual,Hyderabad,Telangana,2023-07-15,7591595714,Active,2394.34
MCH6176,"Tandon, Badal And Natarajan",4131,Travel,Private Limited,Hyderabad,Telangana,2025-10-12,XXXX9488,Active,2925.84
MCH4685,Mukhopadhyay-Cheema,,Books & Stationery,Private Limited,Chennai,Tamil Nadu,2023-07-22,3857368814,Suspended,
MCH2738,Yadav Group,5999,Miscellaneous,Individual,Pune,Maharashtra,2024-11-03,8802607832,Active,1282.34
MCH1168,"Seshadri, Borah And Sachdeva",,Pharmacy,Individual,Pune,Maharashtra,2026-01-04,CWXA5916653675162,Active,4780.41
MCH5308,Shukla-Trivedi,,Restaurants & Food,Individual,Jaipur,Rajasthan,2025-06-11,7037226511,Active,
MCH5780,Oak-Mody,5999,Miscellaneous,Partnership,Pune,Maharashtra,2023-02-07,XXXX4121,Inactive,
MCH7679,"Bal, Ganesh And Malhotra",5942,Books & Stationery,Private Limited,Mumbai,Maharashtra,2025-12-15,OOXS0496924835573,Active,3308.0
MCH3725,Puri Plc,5812,Restaurants & Food,Sole Proprietor,Amritsar,Punjab,2023-01-23,XXXX0142,Active,6457.0
MCH9338,D’Alia-Mitter,,Books & Stationery,Partnership,Mumbai,Maharashtra,2025-01-07,,Active,604.36
MCH9586,Ghose Plc,7011,Hotel & Lodging,Private Limited,Chennai,Tamil Nadu,2023-03-30,,Active,2522.89
MCH7282,Chopra Llc,5411,Grocery,Partnership,Amritsar,Punjab,2025-12-14,XXXX9513,Active,1111.0
MCH2274,D’Alia Group,4131,Transportation,Sole Proprietor,Ludhiana,Punjab,2024-04-26,VFBL8074058900545,Suspended,
MCH8639,Samra-Behl,7011,Hotel & Lodging,Private Limited,Bengaluru,Karnataka,2024-06-30,,Inactive,2557.45
MCH9410,Sagar-Chawla,5699,Apparel & Fashion,Individual,Jalandhar,Punjab,2026-01-24,XXXX0534,Active,820.0
MCH4168,"Chad, Dyal And Golla",5999,Miscellaneous,Partnership,Pune,Maharashtra,2023-06-10,XXXX8341,Active,1194.41
MCH5660,Goda-Goda,5812,Restaurants & Food,Partnership,Ludhiana,Punjab,,XXXX9971,Active,
MCH6612,Sule-Pillay,5812,Restaurants & Food,Partnership,Pune,Maharashtra,2025-09-09,ATSN3885757440400,Active,2010.07
MCH1250,Ben-Thaman,5411,Grocery,Sole Proprietor,Bengaluru,Karnataka,,BWCW6486975518274,Suspended,1524.37
MCH6748,Sathe Inc,5411,Grocery,Sole Proprietor,Kolkata,West Bengal,2023-05-07,,Inactive,1451.17
MCH3595,"Srivastava, Merchant And Kota",5311,Retail,Private Limited,Ludhiana,Punjab,2025-01-03,3018831600,Inactive,1153.0
MCH5736,Agate Llc,4131,Transportation,Sole Proprietor,Delhi,Delhi,2023-04-16,XXXX7731,Active,3557.14
MCH1646,Golla And Sons,,Grocery,Individual,Mumbai,Maharashtra,2024-09-23,,Inactive,
MCH1618,Muni Ltd,5812,Restaurants & Food,Individual,Delhi,Delhi,2023-11-01,,Active,1051.73
MCH8421,"Wali, Chowdhury And Barman",5812,Restaurants & Food,Private Limited,Bengaluru,Karnataka,2023-10-08,7007867420,Active,966.94
MCH6446,Upadhyay-Upadhyay,5812,Restaurants & Food,Partnership,Jalandhar,Punjab,2024-12-05,,Active,
MCH8164,"Devan, Basu And Buch",5812,Restaurants & Food,Private Limited,Delhi,Delhi,2023-04-26,KRTZ4526793978232,Active,3036.35
MCH2786,Gola Inc,5699,Apparel & Fashion,Partnership,Chennai,Tamil Nadu,2024-12-19,XXXX8423,Active,576.47
MCH9861,"Mukherjee, Murthy And Jani",4131,Transportation,Private Limited,Ludhiana,Punjab,2025-06-22,,Active,719.77
MCH4624,"Krishnamurthy, Mandal And Luthra",5999,Miscellaneous,Individual,Chennai,Tamil Nadu,2025-06-08,5143404041,Active,784.01
MCH1323,Dhar And Sons,5942,Books & Stationery,Partnership,Amritsar,Punjab,,BGGB6995281283064,Active,
MCH6291,Sheth-Anne,5311,Retail,Partnership,Delhi,Delhi,2025-10-15,5416820526,Suspended,
MCH7355,"Rastogi, Ahluwalia And Tata",5311,Department Store,Private Limited,Mumbai,Maharashtra,,XJBM2228557617179,Active,2172.0
MCH7244,Nadig-Kata,,Transportation,Partnership,Bengaluru,Karnataka,2024-08-02,1173278568,Active,1686.67
MCH2202,"Dass, Vala And Goda",5912,Pharmacy,Private Limited,Hyderabad,Telangana,2023-06-19,EGTB4563622891580,On Hold,
MCH4651,Bhat-Kamdar,5999,Miscellaneous,Sole Proprietor,Hyderabad,Telangana,2024-06-05,9030856078,Active,718.3
MCH8014,Mukherjee Inc,5912,Pharmacy,Sole Proprietor,Jaipur,Rajasthan,2026-01-25,,Active,702.0
MCH3726,Varughese Plc,4814,Telecom,Individual,Lucknow,Uttar Pradesh,2024-11-13,,Active,3572.06
MCH1147,Dayal-Sabharwal,4814,Telecom,Individual,Kolkata,West Bengal,2023-11-23,XXXX2380,Inactive,939.97
MCH6205,Munshi Inc,4814,Telecom,Sole Proprietor,Ludhiana,Punjab,2026-01-01,JWPM8696907638772,Active,230.73
MCH5103,"Morar, Kannan And Purohit",7011,Hotel & Lodging,Individual,Lucknow,Uttar Pradesh,2023-12-11,8919993904,Suspended,
MCH6474,Dewan-Khatri,7011,Transportation,Partnership,Lucknow,Uttar Pradesh,2023-02-09,,Active,
MCH1001,Anand-Kothari,,Grocery,Partnership,Pune,Maharashtra,2026-02-17,7962506762,Active,332.55
MCH8805,Bose Inc,5699,Apparel & Fashion,Individual,Ludhiana,Punjab,2024-07-10,,Active,6022.98
MCH6507,"Ba1Akrishnan, Shr0Ff And Tank",4131,Transportation,Individual,Ludhiana,Punjab,2024-10-28,XEKQ6062690527278,Active,1269.14
MCH2710,Kohli Group,5699,Apparel & Fashion,Partnership,Delhi,Delhi,2025-05-29,,Active,2106.0
MCH2841,"Memon, Samra And Rajagopal",5942,Books & Stationery,Sole Proprietor,Mumbai,Maharashtra,2024-06-13,,Active,
MCH6105,Upadhyay Plc,7011,Hotel & Lodging,Sole Proprietor,Kolkata,West Bengal,2024-02-07,,Suspended,527.81
MCH6365,Bora-Sood,5311,Department Store,Individual,Pune,Maharashtra,2025-06-28,,Active,
MCH3459,Nagi-Saini,4814,Telecom,Sole Proprietor,Hyderabad,Telangana,2023-09-03,CIPH7138178222112,Active,2617.26
MCH2310,Raj Ltd,5411,Grocery,Partnership,Jaipur,Rajasthan,2026-02-13,,Inactive,681.98
MCH9429,Varghese-Mitter,7011,Hotel & Lodging,Partnership,Hyderabad,Telangana,2024-12-16,ICYM9819940442894,Active,1566.55
MCH9148,Venkatesh And Sons,7011,Hotel & Lodging,Sole Proprietor,Hyderabad,Telangana,2023-07-16,XXXX2774,Active,503.0
MCH6388,Raval-Cherian,,Restaurants & Food,Partnership,Mumbai,Maharashtra,2023-11-15,,Active,2297.8
MCH2600,Prabhakar And Sons,5699,Apparel & Fashion,Partnership,Kolkata,West Bengal,2024-12-17,1873277155,Active,
MCH1079,Sharaf And Sons,,Telecom,Sole Proprietor,Pune,Maharashtra,2023-10-20,,Active,455.39
MCH7047,Batta-Bhavsar,4814,Telecom,Individual,Lucknow,Uttar Pradesh,,DJKB0646172113081,Active,691.03
MCH7028,"Mohanty, Ray And Prabhu",5942,Books & Stationery,Individual,Hyderabad,Telangana,2024-03-22,,Active,174.0
MCH5050,Subramanian-Dua,5942,Books & Stationery,Partnership,Pune,Maharashtra,2025-08-28,,Active,1506.0
MCH1516,Loyal And Sons,5999,Miscellaneous,Private Limited,Ludhiana,Punjab,2023-01-12,XXXX1307,Active,1471.99
MCH4223,"Bajwa, Khurana And Sinha",5912,Retail,Sole Proprietor,Bengaluru,Karnataka,2025-03-15,,Inactive,585.1
MCH2907,Varughese-Mani,5912,Medical,Sole Proprietor,Chennai,Tamil Nadu,2023-04-25,,Active,1106.0
MCH4508,Prakash Ltd,5812,Restaurants & Food,Private Limited,Mumbai,Maharashtra,2023-12-12,9822144537,On Hold,1744.61
MCH1168,"Dugal, Thaker And Rana",5699,Apparel & Fashion,Partnership,Hyderabad,Telangana,2023-04-28,ZVAL3726006910876,Inactive,900.21
MCH4627,Barman-Kashyap,5699,Apparel & Fashion,Partnership,Pune,Maharashtra,2026-01-10,,Active,1852.01
MCH2197,Palan-Bhatti,5311,Department Store,Partnership,Delhi,Delhi,,YPNI1403413664050,Active,2800.25
MCH5447,Ram-Shetty,,Hotel & Lodging,Partnership,Bengaluru,Karnataka,2023-03-11,,Active,
MCH4992,Viswanathan-Pandey,7011,Hotel & Lodging,Individual,Jalandhar,Punjab,2024-02-19,,Suspended,918.79
MCH6513,"Krishna, Deshpande And Kar",5311,Department Store,Individual,Mumbai,Maharashtra,2025-08-13,XXXX3471,Active,2622.03
MCH4998,"Sura, Kanda And Chopra",5411,Grocery,Partnership,Pune,Maharashtra,2023-12-11,6601172673,Inactive,
MCH7838,"Yohannan, Sethi And Khare",5812,Restaurants & Food,Sole Proprietor,Amritsar,Punjab,2024-03-25,,Active,974.3
MCH6205,"Manne, Zachariah And Arora",5311,Department Store,Private Limited,Mumbai,Maharashtra,2025-06-23,4034175727,Active,756.0
MCH9967,Kaul Llc,5812,Restaurants & Food,Individual,Lucknow,Uttar Pradesh,2023-12-23,HXGW3877013830442,Active,4200.0
MCH1580,"Subramaniam, Krishnamurthy And Din",5999,Miscellaneous,Sole Proprietor,Kolkata,West Bengal,2025-08-01,IDJM3876425874680,Active,2992.77
MCH9942,"Joshi,Pradhanandbawa",5311,Department Store,Partnership,Mumbai,Maharashtra,2023-08-22,7937476711,Active,289.38
MCH3693,"Rajagopal, Savant And Ganesan",4814,Telecom,Individual,Jalandhar,Punjab,2025-02-26,XXXX6831,Active,893.17
MCH3764,Tandon And Sons,5912,Medical,Partnership,Mumbai,Maharashtra,2025-12-30,,Active,3428.0
MCH2674,Nair Llc,4131,Transportation,Sole Proprietor,Delhi,Delhi,2025-02-24,PQUC6680227510245,Inactive,
MCH9542,"Buch, Singhal And Bhardwaj",5812,Restaurants & Food,Individual,Chennai,Tamil Nadu,2023-01-05,ATYU2810542090525,Inactive,2703.0
MCH8656,"Sarma, Krish And Ranganathan",5942,Books & Stationery,Sole Proprietor,Kolkata,West Bengal,2025-04-02,ZBCP7467206635740,Active,
MCH8550,Nayar Ltd,5912,Telecom,Partnership,Jalandhar,Punjab,2024-01-09,CEPK3792011478067,Active,1649.78
MCH2905,Goyal-Gopal,5912,Medical,Individual,Delhi,Delhi,2024-02-13,,Suspended,2312.5
MCH5737,"Barad, Majumdar And Barad",5699,Apparel & Fashion,Private Limited,Jaipur,Rajasthan,2025-12-18,,Active,589.94
MCH9195,"Manne, Parsa And Ratta",5311,Department Store,Individual,Kolkata,West Bengal,2025-01-08,XXXX4221,Active,1304.69
MCH7720,Agate-Krishnamurthy,7011,Hotel & Lodging,Private Limited,Chennai,Tamil Nadu,2025-10-12,,Active,475.0
MCH5786,"Bhasin, Manda1 And Tank",4131,Transportation,Individual,Kolkata,West Bengal,2025-08-02,2599782072,Inactive,1913.26
MCH3405,"Dara, Boase And Chada",5999,Miscellaneous,Partnership,Pune,Maharashtra,2024-03-06,XXXX5690,Active,210.2
MCH6743,Zacharia Inc,5411,Grocery,Individual,Delhi,Delhi,2024-03-31,XXXX6034,Active,1075.68
MCH4548,"Butala, Som And Modi",4131,Transportation,Private Limited,Bengaluru,Karnataka,,6510148022,Suspended,568.11
MCH1639,Halder Inc,5411,Grocery,Sole Proprietor,Chennai,Tamil Nadu,2023-12-04,OKNU6888775607813,Inactive,
MCH9640,"Jain, Sant And Oak",5699,Apparel & Fashion,Individual,Bengaluru,Karnataka,,4751326262,Active,
MCH1853,Mukhopadhyay Inc,5699,Apparel & Fashion,Individual,Amritsar,Punjab,2024-04-10,,Active,2522.93
MCH8563,Brar Plc,,Restaurants & Food,Partnership,Pune,Maharashtra,2024-11-21,,Suspended,943.44
MCH5851,"Chakrabarti, Sen And Misra",5411,Grocery,Sole Proprietor,Pune,Maharashtra,2026-02-15,XXXX3366,Active,1867.35
MCH4170,Saha-Sangha,5311,Department Store,Individual,Lucknow,Uttar Pradesh,2024-05-31,YABO3956354404742,Active,1858.07
MCH5795,"Sunder, Bera And Srinivas",7011,Hotel & Lodging,Private Limited,Kolkata,West Bengal,2023-05-19,,Active,167.0
MCH4100,Raja-Vasa,7011,Hotel & Lodging,Sole Proprietor,Jalandhar,Punjab,2025-06-28,7806774171,Active,479.15
MCH6634,Dave-Sundaram,5999,Miscellaneous,Private Limited,Ludhiana,Punjab,2024-12-10,,Inactive,1276.14
MCH8427,Lad-Vora,5942,Books & Stationery,Private Limited,Jalandhar,Punjab,2025-03-30,YVUE5995024073682,Suspended,815.94
MCH5122,"Chand, Gupta And Bhargava",5812,Restaurants & Food,Individual,Jalandhar,Punjab,2024-01-04,XXXX9761,Active,2946.92
MCH2617,Mander-Parmar,4814,Telecom,Private Limited,Kolkata,West Bengal,2023-08-05,5203670066,Active,5191.58
MCH9433,Chhabra-Naik,5912,Medical,Individual,Jalandhar,Punjab,2023-12-14,CQOU4085851260723,Active,4629.09
MCH1465,"Garg, Mallick And Chadha",5812,Restaurants & Food,Private Limited,Delhi,Delhi,2024-03-24,AINO3925620579339,Active,443.93
MCH8912,Chada Ltd,5411,Grocery,Partnership,Amritsar,Punjab,2023-09-12,MSHJ5068707529037,Active,1015.47
MCH4261,More Ltd,5311,Department Store,Partnership,Pune,Maharashtra,2023-04-06,8057436193,Active,761.11
MCH2975,"Bora, Mander And Dalal",5942,Books & Stationery,Sole Proprietor,Chennai,Tamil Nadu,2023-09-05,,Inactive,3477.51
MCH6802,"Deo, Vohra And Palla",5311,Department Store,Private Limited,Delhi,Delhi,2024-11-04,,Active,1823.92
MCH2105,"Savant, Chauhan And Kumer",5912,Pharmacy,Private Limited,Amritsar,Punjab,2024-09-28,,Active,
MCH3094,Wag1E-Thakkar,5699,Apparel & Fashion,Individual,Bengaluru,Karnataka,2024-12-30,UIBH7195313053410,Active,1038.48
MCH6282,Madan-Din,7011,Hotel & Lodging,Partnership,Amritsar,Punjab,2026-01-20,,Active,955.08
MCH5872,Sandal Ltd,5411,Grocery,Private Limited,Bengaluru,Karnataka,,,Active,2434.63
MCH2394,Rajagopalan Llc,5812,Restaurants & Food,Partnership,Kolkata,West Bengal,,XXXX3997,Active,2001.35
MCH1068,Mall-Palan,,Miscellaneous,Sole Proprietor,Jaipur,Rajasthan,2026-02-09,PKRN8629349498422,Active,663.04
MCH6355,Dutt Plc,5699,Apparel & Fashion,Private Limited,Bengaluru,Karnataka,2025-04-01,4977061313,Active,495.94
MCH6053,Barad-Sen,5999,Miscellaneous,Individual,Kolkata,West Bengal,2025-10-20,4325467547,Active,2730.09
MCH8781,Gade Plc,5912,Pharmacy,Private Limited,Mumbai,Maharashtra,2023-02-27,,Active,714.3
MCH8548,Karpe Ltd,5812,Restaurants & Food,Partnership,Delhi,Delhi,,,Active,699.0
MCH5151,Sachar-Lad,4131,Travel,Partnership,Mumbai,Maharashtra,2025-04-09,7481974508,Active,703.87
MCH3663,Saini-Gaba,5699,Apparel & Fashion,Sole Proprietor,Jaipur,Rajasthan,2025-02-03,,Active,377.05
MCH9006,Chopra-Sandhu,5699,Apparel & Fashion,Partnership,Lucknow,Uttar Pradesh,2024-04-03,XXXX5629,Active,1365.03
MCH8792,Nagarllc,5411,Grocery,Sole Proprietor,Jaipur,Rajasthan,2025-01-22,4320527012,Active,
MCH1525,Sant-Bhavsar,5942,Books & Stationery,Individual,Jaipur,Rajasthan,2023-09-10,XXXX7524,Active,754.82
MCH2766,"Chakraborty, Nazareth And Dasgupta",5411,Grocery,Private Limited,Chennai,Tamil Nadu,2025-05-19,WBWU7279932189451,On Hold,2967.83
MCH5125,Dave And Sons,5812,Restaurants & Food,Private Limited,Ludhiana,Punjab,2025-06-15,XXXX1925,Active,838.15
MCH8508,"Iyengar,Gillandtella",5999,Miscellaneous,Private Limited,Chennai,Tamil Nadu,2023-12-12,,Active,1985.47
MCH6855,"Soman, Ravel And Anand",5411,Grocery,Private Limited,Kolkata,West Bengal,2026-02-06,XXXX2710,Active,1385.58
MCH1816,Aurora-Kata,5311,Retail,Sole Proprietor,Lucknow,Uttar Pradesh,2025-03-15,,Active,1797.52
MCH2436,Shetty-Gour,5999,Miscellaneous,Individual,Hyderabad,Telangana,2024-06-30,,Active,2453.33
MCH7384,Seshadri-Rai,4814,Telecom,Sole Proprietor,Kolkata,West Bengal,2024-01-13,,Active,4458.94
MCH3143,"Zacharia, Buch And Yadav",5311,Department Store,Partnership,Hyderabad,Telangana,2023-03-13,UMIZ4082572641807,Active,4822.0
MCH2965,Shroff-Prabhakar,5411,Grocery,Partnership,Amritsar,Punjab,,FISH8890557164281,Active,2028.0
MCH9675,Mand-Varkey,5912,Medical,Individual,Jalandhar,Punjab,2025-11-05,,Inactive,843.13
MCH8139,"Mani, Kala And Verma",5311,Department Store,Individual,Amritsar,Punjab,2024-07-02,6294042962,Active,2137.68
MCH9383,"Sarraf, Mand And Dalal",4131,Transportation,Partnership,Lucknow,Uttar Pradesh,2025-11-25,,Active,
MCH2071,Dube-Kapadia,4131,Telecom,Sole Proprietor,Amritsar,Punjab,2024-08-19,5736154750,Active,1392.0
MCH4786,Peri-Kannan,5999,Miscellaneous,Partnership,Lucknow,Uttar Pradesh,2025-04-10,RIMN3324315836653,Active,
MCH4916,Rama-Patel,5942,Books & Stationery,Individual,Delhi,Delhi,2025-06-24,XXXX0402,Active,
MCH7062,"Karpe, Sekhon And Memon",5999,Miscellaneous,Partnership,Chennai,Tamil Nadu,2024-07-18,ERAF1958847105569,Active,2267.0
MCH9426,Singh-Narula,7011,Hotel & Lodging,Sole Proprietor,Chennai,Tamil Nadu,2023-07-08,CZYQ5289749024896,Active,615.87
MCH8592,Venkatesh-Brahmbhatt,5942,Books & Stationery,Private Limited,Bengaluru,Karnataka,2023-11-29,XXXX8568,Active,2914.59
MCH9291,"Thakkar, Bath And Uppal",5411,Retail,Sole Proprietor,Lucknow,Uttar Pradesh,2024-12-24,XXXX5444,Inactive,3529.0
MCH4440,"Dey, Bala And Shan",5699,Apparel & Fashion,Sole Proprietor,Mumbai,Maharashtra,2023-04-01,FDNT8049485568761,Active,
MCH1965,Kata Inc,5311,Department Store,Private Limited,Amritsar,Punjab,2023-04-04,,Active,686.92
MCH9547,Anne-Narasimhan,5311,Department Store,Individual,Delhi,Delhi,2025-04-11,,Active,823.12
MCH4589,Geraltd,4814,Telecom,Partnership,Jalandhar,Punjab,2024-01-12,,Active,504.98
MCH8809,Narasimhan-Sem,,Telecom,Individual,Jalandhar,Punjab,2023-02-05,,Inactive,2118.31
MCH3407,Lal Llc,,Miscellaneous,Private Limited,Jalandhar,Punjab,2023-09-27,XXXX9006,Active,3232.78
MCH8563,"Sen, Saxena And Chopra",5411,Grocery,Sole Proprietor,Pune,Maharashtra,2025-12-18,XXXX7720,Active,1384.68
MCH8521,"Sankaran, Mangat And Gaba",5311,Department Store,Sole Proprietor,Delhi,Delhi,2024-11-24,MNDO2443340838612,Active,1028.11
MCH6421,Wadhwaltd,5699,Apparel & Fashion,Sole Proprietor,Bengaluru,Karnataka,2024-01-30,,Active,1782.12
MCH8310,Chakraborty Ltd,4131,Travel,Individual,Delhi,Delhi,2026-01-02,5355342816,Active,1287.03
MCH9787,Nigam Llc,7011,Hotel & Lodging,Private Limited,Jaipur,Rajasthan,2023-06-18,,Inactive,717.19
MCH5322,Parsa Llc,5912,Pharmacy,Individual,Jalandhar,Punjab,2023-03-26,XXXX3422,Active,2329.55
MCH7359,Rajagopalan-Rattan,5912,Medical,Sole Proprietor,Kolkata,West Bengal,2025-03-13,,Active,
MCH4641,Karnikllc,5311,Retail,Sole Proprietor,Ludhiana,Punjab,2025-02-02,,Active,
MCH2912,"Singhal, Iyengar And Balasubramanian",4131,Grocery,Sole Proprietor,Lucknow,Uttar Pradesh,2023-03-08,MPVF3803985979560,Inactive,
MCH8204,Bumb-Bansal,7011,Hotel & Lodging,Private Limited,Jalandhar,Punjab,2025-10-13,190035504,Active,1083.04
MCH5855,"Rajagopalan,Muniandprasad",5411,Apparel & Fashion,Partnership,Jalandhar,Punjab,2023-09-08,,Active,115.41
MCH4900,Karpe Plc,5411,Grocery,Sole Proprietor,Jalandhar,Punjab,2025-04-02,,Active,2695.78
MCH9203,Patel-Bhasin,7011,Hotel & Lodging,Partnership,Delhi,Delhi,2025-04-14,XXXX4448,Active,1305.76
MCH3307,Uppal And Sons,7011,Hotel & Lodging,Private Limited,Pune,Maharashtra,2023-07-03,WQAU2336118593269,Active,1033.39
MCH4337,Sethi Ltd,4814,Telecom,Individual,Jalandhar,Punjab,2026-01-28,NBXU8148602683458,Inactive,3672.22
MCH8957,Brar-Lanka,5999,Miscellaneous,Individual,Jalandhar,Punjab,,,Active,1494.31
MCH3177,"Shere, Pal And Kothari",5942,Books & Stationery,Private Limited,Jaipur,Rajasthan,2024-12-04,XXXX6075,Inactive,785.75
MCH2949,"Mahal, Natt And Ghosh",5999,Miscellaneous,Partnership,Jaipur,Rajasthan,2024-07-19,6197525290,Active,
MCH7724,Bir-Mitra,5812,Restaurants & Food,Private Limited,Chennai,Tamil Nadu,2023-04-04,BIAX4725507902960,Active,347.01
MCH6246,Zachariah Group,5699,Apparel & Fashion,Individual,Chennai,Tamil Nadu,2025-06-16,,Active,1510.7
MCH7028,Jain-Merchant,5912,Medical,Partnership,Lucknow,Uttar Pradesh,2025-10-16,,Active,542.31
MCH7077,Basu Llc,7011,Hotel & Lodging,Individual,Lucknow,Uttar Pradesh,2025-08-18,5226667486,On Hold,484.0
MCH3662,Banerjee Llc,5699,Apparel & Fashion,Individual,Hyderabad,Telangana,2024-03-15,,Inactive,1998.0
MCH1649,Venkatesh Plc,5812,Restaurants & Food,Private Limited,Delhi,Delhi,2024-03-08,6043188789,Suspended,851.41
MCH8901,Raghavan-Bhavsar,5912,Pharmacy,Private Limited,Jalandhar,Punjab,2023-12-13,,Inactive,2886.4
MCH8654,"Deshpande, Comar And Pandya",4814,Telecom,Individual,Delhi,Delhi,,2533166217,Active,898.0
MCH2776,"Mittal, Shah And Kade",5411,Grocery,Private Limited,Mumbai,Maharashtra,2023-01-27,EGXV9123448025042,Active,10044.9
MCH9359,"Ramanathan, Parekh And Agrawal",4131,Transportation,Partnership,Ludhiana,Punjab,2023-04-08,FQHN0033426656652,Active,3245.01
MCH1389,Munshi-Behl,5411,Grocery,Individual,Pune,Maharashtra,2023-06-17,,Active,3913.0
MCH2264,Sandal-Nadig,5912,Pharmacy,Individual,Kolkata,West Bengal,2024-04-27,,Active,1380.0
MCH8736,Mitter-Sura,,Restaurants & Food,Individual,Jalandhar,Punjab,2023-07-22,XXXX0698,Active,801.85
MCH4097,"Kala, Khatri And D’Alia",5411,Grocery,Private Limited,Ludhiana,Punjab,2024-05-17,EPRC2590629110289,Inactive,1958.39
MCH4164,Iyengar Llc,5999,Miscellaneous,Sole Proprietor,Jaipur,Rajasthan,,LSYR7261669987207,Active,440.0
MCH8358,Sarna-Singh,5699,Apparel & Fashion,Sole Proprietor,Amritsar,Punjab,2025-12-16,XXXX7799,Suspended,1645.07
MCH1109,Solanki Ltd,5311,Department Store,Partnership,Mumbai,Maharashtra,2023-07-23,XXXX9384,Active,1262.18
MCH5528,"Bhagat, Sathe And Iyengar",5411,Grocery,Sole Proprietor,Pune,Maharashtra,2026-02-13,,Active,668.43
MCH2656,"Patla, Deo And Babu",5912,Pharmacy,Partnership,Jaipur,Rajasthan,2026-02-02,2362196367,Active,1217.69
MCH3358,Suri-Dhillon,4131,Travel,Individual,Kolkata,West Bengal,2023-09-22,3713072949,Inactive,665.29
MCH8110,Kamdar-Raval,5999,Miscellaneous,Partnership,Lucknow,Uttar Pradesh,2023-07-13,,Inactive,768.59
MCH5387,Khatri Group,7011,Hotel & Lodging,Sole Proprietor,Delhi,Delhi,2025-10-06,6200633333,Active,1172.0
MCH4897,Bahl Plc,4131,Transportation,Partnership,Amritsar,Punjab,2024-03-09,,Active,6953.87
MCH7780,Jain Plc,5912,Medical,Sole Proprietor,Lucknow,Uttar Pradesh,2025-07-19,,Active,
MCH9370,Mallick-Gola,5999,Miscellaneous,Private Limited,Jaipur,Rajasthan,2023-02-20,LVKV0562210759080,Active,4284.71
MCH4334,"Nazareth, Loyal And Dhar",5311,Department Store,Individual,Ludhiana,Punjab,2025-11-09,6420363344,Active,6505.28
MCH4902,"Pingle, Choudhary And Raghavan",7011,Hotel & Lodging,Sole Proprietor,Bengaluru,Karnataka,2023-03-31,,Active,482.41
MCH9012,Nagy-Master,5999,Miscellaneous,Private Limited,Mumbai,Maharashtra,2023-01-10,XXXX7097,Suspended,297.61
MCH5541,Sheth And Sons,5812,Restaurants & Food,Individual,Bengaluru,Karnataka,2024-07-13,,Active,548.54
MCH2172,"Taneja, Raj And Vora",7011,Hotel & Lodging,Sole Proprietor,Hyderabad,Telangana,2025-06-15,,Active,466.45
MCH6150,"Chada, Vala And Merchant",4814,Telecom,Private Limited,Hyderabad,Telangana,2024-10-10,6593744761,Inactive,616.0
MCH3006,Biswas-Ram,5999,Miscellaneous,Individual,Lucknow,Uttar Pradesh,2023-08-14,XXXX8226,Active,638.0
MCH4606,"Johal, Kapur And Chhabra",4814,Telecom,Partnership,Jalandhar,Punjab,,,Active,
MCH2654,Lanka Inc,7011,Hotel & Lodging,Sole Proprietor,Jalandhar,Punjab,2024-02-18,,Active,1563.2
MCH8865,Wali-Yogi,5942,Books & Stationery,Partnership,Pune,Maharashtra,,ADDY9100060907565,Active,1783.0
MCH3860,Sama Group,5699,Apparel & Fashion,Sole Proprietor,Chennai,Tamil Nadu,2023-10-03,,Active,448.66
MCH1946,Kanda Group,5812,Restaurants & Food,Partnership,Kolkata,West Bengal,,YUNT1236584633844,Active,1028.0
MCH7863,Kade-Saxena,7011,Hotel & Lodging,Partnership,Amritsar,Punjab,,5883030838,Suspended,432.77
MCH8126,Bassi-Hari,,Grocery,Individual,Jalandhar,Punjab,2024-12-31,4590614037,Active,502.0
MCH7521,"Sawhney, Desai And Andra",5999,Miscellaneous,Private Limited,Ludhiana,Punjab,2024-02-12,XXXX3945,Active,1639.0
MCH8078,Thaman-Ganguly,5912,Pharmacy,Sole Proprietor,Mumbai,Maharashtra,2023-07-12,7715038972,Active,1158.31
MCH7185,Krishnamurthy Plc,5942,Books & Stationery,Sole Proprietor,Jaipur,Rajasthan,2023-03-06,XXXX2381,Inactive,1581.12
MCH9320,Char Inc,5411,Grocery,Private Limited,Hyderabad,Telangana,2025-11-22,OFHR1997447322569,Active,695.0
MCH8648,"Kumer, Pradhan And Pai",5912,Pharmacy,Sole Proprietor,Jalandhar,Punjab,2023-12-17,CPHP6408157927970,Active,2147.87
MCH1003,"Nayar, Batta And Barad",5699,Apparel & Fashion,Private Limited,Chennai,Tamil Nadu,,,Active,792.91
MCH6258,"Mitra, Nori And Venkataraman",,Pharmacy,Private Limited,Hyderabad,Telangana,2025-02-10,,Active,353.34
MCH9386,"Kothari,Santandloyal",5699,Apparel & Fashion,Individual,Bengaluru,Karnataka,2023-01-04,XXXX0692,Active,2792.0
MCH3671,"Vala, Dhar And Wason",5912,Medical,Individual,Chennai,Tamil Nadu,,,Active,2167.0
MCH6979,Nadig Ltd,,Pharmacy,Sole Proprietor,Chennai,Tamil Nadu,2023-05-18,SYHI9438066539953,Active,640.32
MCH3146,Batta-Sharaf,4131,Transportation,Individual,Pune,Maharashtra,2024-10-02,MHGR0082109008102,Active,898.04
MCH4370,Kuruvilla And Sons,5999,Miscellaneous,Individual,Mumbai,Maharashtra,2023-08-18,,Active,
MCH4421,"Dua, Lad And Bassi",5411,Grocery,Sole Proprietor,Amritsar,Punjab,2024-06-21,,Active,1610.18
MCH3506,Peri Group,7011,Hotel & Lodging,Individual,Bengaluru,Karnataka,,PINF7358781184682,Active,3808.09
MCH8346,Sawhney-Pillai,5699,Apparel & Fashion,Individual,Lucknow,Uttar Pradesh,2023-03-06,,Active,2613.63
MCH3277,Issac-Lata,,Telecom,Partnership,Delhi,Delhi,2025-09-22,RPRG9004987881265,Active,1571.63
MCH3820,Behl Llc,5311,Department Store,Partnership,Jalandhar,Punjab,2023-05-30,8600214749,Inactive,983.06
MCH3484,Sidhu Llc,5999,Miscellaneous,Individual,Ludhiana,Punjab,,,Active,
MCH7615,"Dar, Parekh And De",5812,Restaurants & Food,Sole Proprietor,Lucknow,Uttar Pradesh,,4443349499,Inactive,2530.9
MCH9271,"Bera, Contractor And Trivedi",4131,Transportation,Sole Proprietor,Delhi,Delhi,2025-02-20,KHLJ8243266357655,Active,
MCH4548,Sarin Ltd,5912,Medical,Private Limited,Delhi,Delhi,,3265650948,Inactive,
MCH5716,Nadig Inc,4814,Telecom,Individual,Chennai,Tamil Nadu,2025-06-26,,Active,1811.84
MCH4298,Yadavllc,5999,Miscellaneous,Sole Proprietor,Mumbai,Maharashtra,2023-07-19,,Active,
MCH9954,"Dutta, J0Ha1 And Char",5699,Apparel & Fashion,Sole Proprietor,Delhi,Delhi,2025-12-23,ERMO2255417001428,Active,3148.72
MCH2786,Cheema And Sons,5411,Grocery,Sole Proprietor,Bengaluru,Karnataka,2024-10-11,,Inactive,5082.9
MCH2174,"Sood, Chowdhury And Chacko",7011,Hotel & Lodging,Private Limited,Delhi,Delhi,2024-03-13,8824000729,Inactive,1287.16
MCH2917,"Deol, Kibe And Khanna",5999,Miscellaneous,Private Limited,Delhi,Delhi,2024-07-23,XXXX8419,Active,356.58
MCH3829,Bansal Ltd,7011,Hotel & Lodging,Private Limited,Pune,Maharashtra,2024-12-04,XXXX7846,Active,2565.33
MCH7659,"Bali, Balan And Ramachandran",,Books & Stationery,Partnership,Delhi,Delhi,2023-04-10,XXXX6852,Active,1079.0
MCH2087,Dubey-Doctor,5999,Miscellaneous,Individual,Amritsar,Punjab,2025-04-17,974736100,Active,4751.6
MCH4974,Krishna Plc,5699,Apparel & Fashion,Individual,Kolkata,West Bengal,2023-04-18,3596123048,Suspended,1458.56
MCH4214,"Mitra, Oak And Keer",5699,Apparel & Fashion,Individual,Bengaluru,Karnataka,2024-02-12,,Active,1159.46
MCH8033,Gole Group,5942,Books & Stationery,Private Limited,Jalandhar,Punjab,2025-05-22,3271616033,Active,1372.74
MCH3649,"Jain, Sama And Sarma",5999,Miscellaneous,Partnership,Mumbai,Maharashtra,2025-06-08,XXXX8840,Active,671.85
MCH7692,Ratti-Patla,5311,Department Store,Individual,Amritsar,Punjab,2025-07-10,XXXX7379,Active,2270.3
MCH1852,Prabhu Group,5411,Grocery,Individual,Mumbai,Maharashtra,2024-03-31,8479119924,Active,786.71
MCH3883,Vohra And Sons,7011,Hotel & Lodging,Individual,Mumbai,Maharashtra,2023-11-17,1962011949,Active,
MCH5601,Raj-Gopal,7011,Hotel & Lodging,Private Limited,Jalandhar,Punjab,2024-05-17,6301334461,Active,
MCH2943,Kuruvilla And Sons,5812,Restaurants & Food,Sole Proprietor,Pune,Maharashtra,,2379382640,Active,1517.82
MCH4936,"Bhalla, Gour And Khare",5411,Grocery,Individual,Jalandhar,Punjab,2025-10-14,586737361,Active,739.83
MCH3451,Amble-Nair,5912,Pharmacy,Sole Proprietor,Amritsar,Punjab,2025-06-10,XXXX8569,Suspended,
MCH6433,Bhattacharyya Ltd,4814,Telecom,Partnership,Bengaluru,Karnataka,2024-12-31,,Inactive,1248.03
MCH3572,"V0Hra, Chander And Padmanabhan",5812,Restaurants & Food,Sole Proprietor,Hyderabad,Telangana,2024-05-16,,Active,793.52
MCH3388,Prakash Inc,5999,Miscellaneous,Individual,Kolkata,West Bengal,2024-02-14,,Inactive,1438.0
MCH4182,"More, Sarma And Baria",4814,Telecom,Individual,Mumbai,Maharashtra,2026-01-01,XXXX3295,Active,4102.61
MCH4578,Bedi Llc,5942,Books & Stationery,Private Limited,Kolkata,West Bengal,2023-11-29,,Active,360.0
MCH8200,Rai-Bhargava,5942,Books & Stationery,Sole Proprietor,Amritsar,Punjab,2023-07-19,,Active,
MCH7954,Sur Inc,7011,Hotel & Lodging,Private Limited,Hyderabad,Telangana,2025-01-04,,Active,2803.0
MCH8504,Gala-Bath,,Grocery,Private Limited,Bengaluru,Karnataka,2023-05-24,HUGZ7718103709815,Active,4220.0
MCH9067,Boase-Sule,5942,Books & Stationery,Individual,Jalandhar,Punjab,2025-06-09,,Active,1045.82
MCH8978,Talwarandsons,5942,Books & Stationery,Sole Proprietor,Mumbai,Maharashtra,2023-05-23,,Active,4704.55
MCH2712,"Rai, Ghose And Wadhwa",5411,Grocery,Private Limited,Amritsar,Punjab,2023-09-30,XXXX9691,Active,2957.32
MCH3642,Prabhu-Pai,5411,Grocery,Sole Proprietor,Kolkata,West Bengal,2025-11-24,,Active,3223.63
MCH8125,Sahni-Ahuja,,Department Store,Partnership,Hyderabad,Telangana,2025-07-23,,Active,6045.0
MCH9625,Tripathi Plc,4814,Telecom,Private Limited,Amritsar,Punjab,2024-09-11,,Active,
MCH2269,"Dalal, Samra And Kala",7011,Hotel & Lodging,Sole Proprietor,Pune,Maharashtra,2025-10-08,,Active,
MCH2885,"Varkey, Goda And Bala",5812,Restaurants & Food,Private Limited,Mumbai,Maharashtra,2023-01-23,317882844,Active,4853.92
MCH8955,Sani Llc,7011,Hotel & Lodging,Private Limited,Chennai,Tamil Nadu,2023-09-26,RSSK2984777812430,Active,
MCH7095,"Sachdev, Sunder And Dalal",5812,Books & Stationery,Partnership,Mumbai,Maharashtra,2025-07-20,6394590196,Active,3937.6
MCH4775,"Divan, Buch And Kunda",4814,Telecom,Sole Proprietor,Lucknow,Uttar Pradesh,2025-07-07,1956916316,Inactive,562.44
MCH8401,Pandey Plc,,Hotel & Lodging,Partnership,Chennai,Tamil Nadu,2025-09-09,328253862,Active,625.0
MCH5148,"Bose, Ranganathan And Bose",5411,Grocery,Individual,Amritsar,Punjab,2024-10-20,,Active,
MCH3616,Dua Group,5942,Books & Stationery,Private Limited,Lucknow,Uttar Pradesh,2026-02-24,CYIZ1339742109891,Active,
MCH1612,"Andra, Chana And Saha",5812,Restaurants & Food,Sole Proprietor,Lucknow,Uttar Pradesh,2025-10-27,5702735332,Inactive,655.56
MCH2530,Bal-Sant,5999,Miscellaneous,Partnership,Kolkata,West Bengal,2023-08-06,XXXX3441,Active,372.49
MCH2970,Golla-Vora,5699,Apparel & Fashion,Individual,Kolkata,West Bengal,2025-02-01,,Active,326.25
MCH5482,"Tiwari, Jain And Hayer",4131,Transportation,Sole Proprietor,Chennai,Tamil Nadu,,7104632186,Active,249.86
MCH7540,Solanki Inc,5999,Miscellaneous,Partnership,Jalandhar,Punjab,2024-08-04,XXXX7550,Active,579.73
MCH7058,"Biswas, Arya And Chaudhary",5812,Restaurants & Food,Sole Proprietor,Hyderabad,Telangana,2023-09-04,,Active,822.57
MCH2770,"Deep, Ganguly And Solanki",5699,Apparel & Fashion,Individual,Chennai,Tamil Nadu,2025-07-31,,Active,660.0
MCH1639,"Borah, Dhaliwal And Morar",5999,Miscellaneous,Partnership,Kolkata,West Bengal,2024-11-14,XXXX3629,Active,7799.0
MCH1506,Gandhi-Loke,5912,Pharmacy,Partnership,Chennai,Tamil Nadu,2024-06-13,,Active,967.0
MCH4232,Sehgal-Rama,5411,Grocery,Partnership,Kolkata,West Bengal,2023-03-31,XXXX1805,Active,4112.72
MCH2934,Sama Plc,,Department Store,Individual,Jalandhar,Punjab,2023-10-13,6130921180,Active,1759.02
MCH5196,Saini Ltd,5311,Retail,Private Limited,Jalandhar,Punjab,2025-02-23,GPCS2279648422088,On Hold,
MCH2845,Narasimhan Llc,5999,Miscellaneous,Partnership,Amritsar,Punjab,2024-01-10,2844893176,Active,5926.94
MCH9134,Edwin-Viswanathan,5699,Apparel & Fashion,Sole Proprietor,Jalandhar,Punjab,,,Active,1602.69
MCH2772,Goyal Inc,5942,Books & Stationery,Individual,Delhi,Delhi,2023-04-22,,Inactive,478.58
MCH9896,Dave-Vasa,5311,Retail,Partnership,Pune,Maharashtra,2023-09-30,XXXX8599,Active,3148.67
MCH1070,Pandya Plc,5999,Miscellaneous,Private Limited,Chennai,Tamil Nadu,2024-09-03,,Active,1259.2
MCH4884,"Reddy, Wason And Magar",4131,Transportation,Private Limited,Kolkata,West Bengal,2023-05-16,,Inactive,2421.0
MCH6075,"Lad, Menon And Tiwari",4814,Telecom,Private Limited,Bengaluru,Karnataka,2023-08-06,3853486592,Active,709.64
MCH5489,Nath Ltd,5311,Department Store,Individual,Jaipur,Rajasthan,2025-01-22,XXXX9871,Active,3788.36
MCH4101,Raval Plc,7011,Hotel & Lodging,Individual,Bengaluru,Karnataka,2023-11-26,XXXX6243,Active,1096.15
MCH5166,Roy-Srinivasan,4814,Telecom,Individual,Bengaluru,Karnataka,2025-09-24,,Inactive,1501.14
MCH2492,Chandran Group,5812,Restaurants & Food,Partnership,Amritsar,Punjab,2023-11-13,,Active,1360.0
MCH2117,Lal Group,7011,Hotel & Lodging,Partnership,Jaipur,Rajasthan,2025-10-28,,Active,2615.21
MCH3628,Mitra Ltd,5699,Apparel & Fashion,Sole Proprietor,Delhi,Delhi,2023-08-05,,Active,3214.64
MCH9635,Konda-Verma,5942,Books & Stationery,Individual,Chennai,Tamil Nadu,2023-09-10,BAID6365865587003,Active,4885.39
MCH3189,De-Kakar,4131,Transportation,Sole Proprietor,Hyderabad,Telangana,2023-07-21,IBQI3951526750314,Suspended,
MCH8107,Ramachandran Ltd,5999,Miscellaneous,Partnership,Jaipur,Rajasthan,,XXXX9786,Active,
MCH6440,"Rajagopalan,Parsaandrana",5311,Department Store,Partnership,Kolkata,West Bengal,,XXXX7920,Active,
MCH3419,"Bansal, Naidu And Baria",5912,Pharmacy,Private Limited,Pune,Maharashtra,2024-03-26,,Active,357.64
MCH4107,Pandey-Sastry,5699,Apparel & Fashion,Sole Proprietor,Jalandhar,Punjab,2025-09-30,,Inactive,319.0
MCH8255,"Yadav, Goyal And Sem",5699,Apparel & Fashion,Individual,Jalandhar,Punjab,2023-11-02,3847429821,Active,2733.83
MCH4167,Banerjeeplc,5812,Restaurants & Food,Private Limited,Jaipur,Rajasthan,2023-10-26,359713913,Active,3120.61
MCH7977,"Kohli, Vaidya And Nagar",7011,Hotel & Lodging,Sole Proprietor,Chennai,Tamil Nadu,2025-07-23,PYMW1543762535071,Active,4790.0
MCH8790,Thaman-Singh,5912,Pharmacy,Individual,Kolkata,West Bengal,2024-02-04,,Active,
MCH4397,Tailor-Pandey,5912,Pharmacy,Private Limited,Pune,Maharashtra,2024-10-24,,Active,
MCH1971,Khanna And Sons,4814,Telecom,Partnership,Mumbai,Maharashtra,2026-02-06,XXXX1386,Active,2326.17
MCH8241,Bhasin And Sons,5999,Miscellaneous,Private Limited,Jaipur,Rajasthan,2025-07-28,,Active,509.62
MCH2042,"Rai, Das And Bava",5311,Retail,Partnership,Pune,Maharashtra,2023-12-17,ZYCY1593553139876,Active,1564.88
MCH5656,Sen-Dube,5942,Books & Stationery,Partnership,Pune,Maharashtra,2024-03-05,XTPH3643560347441,Inactive,1139.41
MCH8439,Bala And Sons,5912,Pharmacy,Individual,Jalandhar,Punjab,2024-09-14,,Active,1591.75
MCH8624,Kannan-Mital,5912,Pharmacy,Sole Proprietor,Pune,Maharashtra,2023-05-20,BFXZ1340418444371,Active,1202.33
MCH7363,Babu-Acharya,5999,Miscellaneous,Sole Proprietor,Kolkata,West Bengal,2024-03-03,,Active,1983.77
MCH5045,More-Doctor,,Department Store,Individual,Bengaluru,Karnataka,2025-09-15,,Suspended,145.75
MCH6462,"Vaidya, Kunda And Bhavsar",5311,Retail,Private Limited,Lucknow,Uttar Pradesh,2025-12-19,5665285252,Active,1652.23
MCH2425,Suri-Kurian,5411,Grocery,Partnership,Ludhiana,Punjab,2023-06-06,,Active,1800.35
MCH8154,Yohannan Plc,,Transportation,Sole Proprietor,Jalandhar,Punjab,2023-06-26,,Suspended,998.6
MCH2309,"Bajaj, Chakraborty And Malhotra",5311,Department Store,Individual,Amritsar,Punjab,2026-01-24,RUZB5463334435942,Active,355.13
MCH1828,Mohanty-Gole,5999,Miscellaneous,Sole Proprietor,Kolkata,West Bengal,2024-04-21,IQWO0971212362898,Inactive,408.75
MCH6418,Doctor Ltd,7011,Hotel & Lodging,Sole Proprietor,Jalandhar,Punjab,,,Active,1362.45
MCH8035,"Munshi, Mani And Taneja",5999,Miscellaneous,Individual,Mumbai,Maharashtra,2025-02-08,5547624355,Active,
MCH2016,"Amble, Yadav And Dube",5999,Miscellaneous,Partnership,Kolkata,West Bengal,2025-03-18,XXXX3614,On Hold,10324.69
MCH5479,"Mukherjee, Nazareth And Palla",5812,Restaurants & Food,Sole Proprietor,Ludhiana,Punjab,2024-02-19,XXXX2442,Active,
MCH3460,Chand-Bora,5411,Grocery,Individual,Kolkata,West Bengal,2025-02-05,,Active,
MCH4889,Bhatti-Kapoor,5999,Miscellaneous,Individual,Jalandhar,Punjab,2025-01-26,,Active,2464.23
MCH2504,"Pau, Mody And Dora",5912,Pharmacy,Private Limited,Mumbai,Maharashtra,2023-04-08,XXXX3089,Inactive,
MCH1250,Bhardwaj-Wable,4131,Transportation,Private Limited,Pune,Maharashtra,2025-11-04,,Active,515.0
MCH1155,Sha Llc,4131,Transportation,Sole Proprietor,Amritsar,Punjab,2024-03-08,,Inactive,1753.08
MCH2229,"Kala, Baral And Subramanian",5311,Department Store,Private Limited,Mumbai,Maharashtra,2025-12-21,,Active,577.0
MCH2149,"Doctor, Varughese And Hans",5942,Books & Stationery,Individual,Bengaluru,Karnataka,2025-05-07,XXXX2634,Active,3778.33
MCH4536,Gulati And Sons,5311,Retail,Individual,Delhi,Delhi,2024-12-06,,Active,951.8
MCH1219,Khare-Puri,5812,Restaurants & Food,Partnership,Amritsar,Punjab,2024-11-21,,Active,2174.0
MCH9068,Halder Plc,5699,Apparel & Fashion,Private Limited,Jalandhar,Punjab,2023-10-08,3161253540,Active,5193.72
MCH5396,Manda-Seth,4131,Transportation,Sole Proprietor,Delhi,Delhi,2023-01-11,,Active,439.03
MCH9661,Ramanathan Group,7011,Hotel & Lodging,Individual,Mumbai,Maharashtra,2023-11-10,,Active,735.62
MCH1993,Dhaliwal Plc,4814,Telecom,Sole Proprietor,Amritsar,Punjab,,8690977818,Active,428.65
MCH6565,Parmer-Datta,4814,Telecom,Sole Proprietor,Hyderabad,Telangana,2023-07-28,XXXX1044,Active,2464.68
MCH1501,Anand-Bhatt,4814,Telecom,Partnership,Hyderabad,Telangana,2025-11-07,XXXX2933,Active,4185.6
MCH2959,Kanda Llc,5812,Restaurants & Food,Private Limited,Kolkata,West Bengal,2023-10-08,,Active,6588.76
MCH5362,"Kunda, Tiwari And Nagi",5912,Medical,Private Limited,Jaipur,Rajasthan,2024-08-09,,Active,1922.99
MCH2990,Rout And Sons,7011,Hotel & Lodging,Sole Proprietor,Ludhiana,Punjab,2025-08-30,XXXX7294,Active,1050.53
MCH8060,"Bal, Garde And Puri",5699,Apparel & Fashion,Private Limited,Kolkata,West Bengal,2024-12-06,XXXX9739,Active,1604.68
MCH5775,Srinivas Ltd,5311,Department Store,Individual,Kolkata,West Bengal,2025-11-01,AIEV2153769743983,Active,7152.05
MCH7093,Pai-Pau,7011,Hotel & Lodging,Individual,Mumbai,Maharashtra,2025-03-19,,Suspended,1636.89
MCH1995,"Mand, Halder And Rajagopalan",5942,Books & Stationery,Partnership,Jaipur,Rajasthan,2024-04-04,COIS3057851068966,Inactive,158.78
MCH9882,Joshi Plc,4814,Telecom,Sole Proprietor,Jaipur,Rajasthan,,,Active,320.23
MCH4948,Dass-Dhaliwal,5812,Restaurants & Food,Partnership,Jalandhar,Punjab,2024-06-25,XXXX1800,Active,
MCH3207,"Gala, Khatri And Khalsa",5912,Pharmacy,Partnership,Amritsar,Punjab,2024-04-23,7398854821,Active,929.51
MCH4713,Sura-Boase,4131,Apparel & Fashion,Sole Proprietor,Amritsar,Punjab,2023-04-12,,Active,1694.6
MCH3535,Kaur Llc,7011,Hotel & Lodging,Individual,Ludhiana,Punjab,2023-04-22,XXXX4614,Active,438.79
MCH9601,Joshi-Chauhan,4131,Transportation,Private Limited,Bengaluru,Karnataka,2023-10-05,GXDF2258830455225,Active,1949.42
MCH1833,"Bhatnagar, Bhavsar And Iyengar",4131,Transportation,Partnership,Mumbai,Maharashtra,2023-06-24,XXXX4268,Active,2843.21
MCH5444,Pradhan-Nair,5999,Miscellaneous,Sole Proprietor,Lucknow,Uttar Pradesh,2024-07-27,7036093641,Active,372.0
MCH3846,Khanna-Badal,5311,Retail,Private Limited,Delhi,Delhi,2025-04-18,9124984839,Active,3521.78
MCH5881,Sengupta-Bhat,,Pharmacy,Sole Proprietor,Kolkata,West Bengal,2025-12-16,XXXX8685,Active,1381.95
MCH5113,Mani-Buch,5699,Apparel & Fashion,Partnership,Pune,Maharashtra,2025-04-11,XXXX7200,Active,2132.66
MCH9393,Subramanian Llc,7011,Hotel & Lodging,Individual,Bengaluru,Karnataka,2025-01-10,CNXK7674132644684,Active,1268.96
MCH5538,Barad-Nigam,,Telecom,Partnership,Pune,Maharashtra,2025-01-10,,Active,2223.97
MCH5588,Divan-Yohannan,4131,Transportation,Individual,Hyderabad,Telangana,,,Active,203.0
MCH5383,Ray-Dara,7011,Hotel & Lodging,Private Limited,Delhi,Delhi,2025-04-11,8306637821,Active,2541.0
MCH5271,Choudhary-Chaudhry,5812,Restaurants & Food,Partnership,Ludhiana,Punjab,2025-11-30,1480455412,Active,
MCH1089,"Mann, Edwin And Misra",5411,Grocery,Individual,Jaipur,Rajasthan,,7489263549,Active,678.0
MCH8033,Murty-Grover,,Miscellaneous,Partnership,Amritsar,Punjab,2024-11-06,VUQA2025298324084,Active,2125.0
MCH9636,Kibe-Magar,5699,Apparel & Fashion,Individual,Bengaluru,Karnataka,2023-08-21,SSYN5165458216497,Active,
MCH2838,"Goel, Chand And Pai",5999,Miscellaneous,Partnership,Pune,Maharashtra,2024-12-28,,Active,
MCH2128,Ghosh-Sharaf,5812,Restaurants & Food,Partnership,Amritsar,Punjab,2023-12-21,6688236722,Active,3157.17
MCH3577,"Ratta, Mane And Kapadia",5812,Restaurants & Food,Individual,Amritsar,Punjab,,XXXX9384,Active,1820.36
MCH6578,"Varty, Mutti And Banik",,Books & Stationery,Sole Proprietor,Lucknow,Uttar Pradesh,2025-01-21,,Suspended,1771.19
MCH2708,"Mand, Zacharia And Vora",4131,Travel,Sole Proprietor,Chennai,Tamil Nadu,2026-01-20,XXXX2440,Active,363.56
MCH3793,"Sankar, Parsa And Shere",7011,Hotel & Lodging,Sole Proprietor,Ludhiana,Punjab,2025-03-30,3431564371,Active,6906.85
MCH7620,Narain-Balasubramanian,5942,Books & Stationery,Private Limited,Chennai,Tamil Nadu,2025-02-14,2629867303,Active,2086.1
MCH4448,Gara And Sons,5999,Miscellaneous,Individual,Chennai,Tamil Nadu,2025-09-24,XXXX6028,Suspended,1524.31
MCH8746,Kari Inc,5912,Medical,Partnership,Pune,Maharashtra,2024-10-11,XXXX5648,Active,
MCH3616,"Comar, Munshi And Kakar",5311,Department Store,Private Limited,Amritsar,Punjab,2023-07-09,,Active,377.75
MCH5648,Jain-Bera,5912,Pharmacy,Sole Proprietor,Ludhiana,Punjab,,,Inactive,1745.3
MCH1377,"Taneja, Din And Kaul",5812,Restaurants & Food,Sole Proprietor,Delhi,Delhi,2025-10-05,QWQZ7332733729369,Active,767.08
MCH3155,Agarwal Ltd,5311,Department Store,Partnership,Chennai,Tamil Nadu,2023-11-23,,Active,1414.89
MCH5531,"Dhingra, Sangha And Sidhu",5411,Grocery,Partnership,Mumbai,Maharashtra,2025-04-25,878189587,Inactive,
MCH8453,"Jaggi, Saxena And Ratta",5411,Grocery,Partnership,Amritsar,Punjab,2023-11-19,,Active,599.17
MCH2090,Upadhyay Plc,5812,Restaurants & Food,Sole Proprietor,Delhi,Delhi,2026-01-05,KZDI9850791739312,Active,439.31
MCH3189,Kapoor-Hegde,5411,Grocery,Partnership,Hyderabad,Telangana,2023-02-01,XXXX4992,Active,3153.88
MCH9957,"Chatterjee, Goda And Saraf",4814,Telecom,Sole Proprietor,Ludhiana,Punjab,2025-05-10,XXXX6546,Active,533.81
MCH1654,More Plc,5999,Miscellaneous,Individual,Bengaluru,Karnataka,2025-02-18,,Active,2598.19
MCH5606,"Hayer, Mukherjee And Kohli",5812,Restaurants & Food,Partnership,Kolkata,West Bengal,2023-06-16,,Active,1765.0
MCH1077,Taneja-Nagar,5411,Grocery,Individual,Amritsar,Punjab,2026-02-27,QQWI6101172213624,Active,358.21
MCH8768,"Garde, Mohan And Sridhar",5311,Department Store,Individual,Kolkata,West Bengal,2024-05-12,,Suspended,1569.36
MCH3577,"Dhawan, Bobal And Vala",,Books & Stationery,Sole Proprietor,Lucknow,Uttar Pradesh,2025-01-26,VJHP2127047917402,Active,
MCH1986,Vaidya-Roy,5699,Apparel & Fashion,Individual,Bengaluru,Karnataka,2026-01-19,,Active,1981.5
MCH7731,"Issac, Muni And Natt",,Books & Stationery,Individual,Hyderabad,Telangana,,XXXX4637,Active,236.08
MCH8341,Jha Ltd,4814,Telecom,Private Limited,Chennai,Tamil Nadu,2023-02-07,XXXX7449,Active,2211.95
MCH9131,"Arya, Narang And Maharaj",7011,Hotel & Lodging,Individual,Jaipur,Rajasthan,2024-04-19,,Active,6588.75
MCH9820,"Rai, Saha And Lalla",7011,Hotel & Lodging,Individual,Amritsar,Punjab,2024-10-13,,Active,3129.0
MCH7237,Reddy-Majumdar,5411,Restaurants & Food,Partnership,Delhi,Delhi,2024-12-13,,Active,987.48
MCH1249,"Varkey, Kulkarni And More",5311,Retail,Sole Proprietor,Bengaluru,Karnataka,2023-07-26,,Active,1049.44
MCH8332,"Sethi, Buch And Sachdeva",7011,Hotel & Lodging,Individual,Hyderabad,Telangana,2025-05-04,,Active,1666.61
MCH7313,Sarma Llc,4131,Transportation,Individual,Kolkata,West Bengal,2025-04-07,XXXX9480,Suspended,1073.87
MCH6838,Wali-Nair,5912,Pharmacy,Private Limited,Delhi,Delhi,2023-12-11,3622849709,Active,1461.29
MCH8073,Prabhakar-B0Ra,5942,Books & Stationery,Sole Proprietor,Kolkata,West Bengal,2024-12-26,,Active,
MCH6025,Rege-Bali,4131,Transportation,Individual,Bengaluru,Karnataka,2025-04-21,XXXX0320,Suspended,2516.42
MCH7233,Arora Llc,5699,Apparel & Fashion,Individual,Ludhiana,Punjab,2025-10-11,1141889916,Active,2703.6
MCH4551,Sura Group,5699,Apparel & Fashion,Sole Proprietor,Jalandhar,Punjab,2023-01-06,XXXX0235,Active,3287.63
MCH8854,Sabharwal-Mitter,5912,Hotel & Lodging,Sole Proprietor,Jaipur,Rajasthan,2023-12-01,,Active,1003.79
MCH4322,Mane Plc,7011,Hotel & Lodging,Individual,Lucknow,Uttar Pradesh,2023-10-12,,Active,1793.0
MCH4185,Nath-Chaudhuri,4814,Telecom,Private Limited,Jaipur,Rajasthan,2024-08-14,EQFV9212095030396,Active,587.44
MCH7121,"Narasimhan, Anand And Gaba",5999,Miscellaneous,Private Limited,Pune,Maharashtra,2025-07-25,,Active,2139.0
MCH4349,Atwal-Sura,,Books & Stationery,Sole Proprietor,Pune,Maharashtra,2025-12-21,ZQKH6444366746348,Active,463.78
MCH8039,"Kibe,Brahmbhattandjaggi",5699,Apparel & Fashion,Sole Proprietor,Pune,Maharashtra,2024-10-28,,Active,2282.53
MCH5641,"Kant, Raju And Sandal",5999,Miscellaneous,Partnership,Pune,Maharashtra,2025-05-30,XXXX4214,Inactive,2474.31
MCH4863,Gill Plc,5812,Restaurants & Food,Individual,Hyderabad,Telangana,2024-07-01,5619003847,Active,552.87
MCH7948,Sachdeva-Buch,5311,Department Store,Partnership,Mumbai,Maharashtra,2025-07-03,XXXX0532,Active,656.76
MCH2029,Bhalla-Brahmbhatt,5999,Miscellaneous,Sole Proprietor,Jalandhar,Punjab,2023-06-20,,Active,276.02
MCH7746,Suresh-Atwal,5942,Books & Stationery,Sole Proprietor,Amritsar,Punjab,2023-08-28,XXXX1031,Inactive,4023.0
MCH7233,Kamdar-Bhakta,5411,Grocery,Private Limited,Kolkata,West Bengal,2024-03-08,,Active,
MCH2030,Singh-Banerjee,4131,Transportation,Individual,Ludhiana,Punjab,2023-02-25,,Active,3976.0
MCH5622,Solanki And Sons,5942,Books & Stationery,Individual,Bengaluru,Karnataka,2023-08-13,4391498742,Active,252.61
MCH1812,Om Plc,5812,Restaurants & Food,Sole Proprietor,Amritsar,Punjab,2024-11-26,,Active,2079.98
MCH8654,Bhavsar-Subramanian,5912,Grocery,Individual,Mumbai,Maharashtra,2025-12-15,,Active,714.58
MCH5794,Gulati And Sons,5999,Miscellaneous,Private Limited,Bengaluru,Karnataka,2024-07-18,,Active,614.67
MCH3874,"Dora,Deshpandeandseth",4131,Telecom,Private Limited,Jalandhar,Punjab,2024-05-18,XXXX2093,Active,1119.69
MCH9316,Bandi Ltd,5411,Grocery,Sole Proprietor,Ludhiana,Punjab,2025-08-21,9331997992,Active,1198.18
MCH2830,"Joshi,Chaudhariandtoor",5411,Grocery,Individual,Bengaluru,Karnataka,2023-04-15,,Active,756.0
MCH4737,"Aurora, Mallick And Dugar",5942,Books & Stationery,Individual,Jalandhar,Punjab,2024-08-27,XXXX5003,Inactive,489.0
MCH9049,"Badami, Pathak And Murty",5912,Pharmacy,Partnership,Pune,Maharashtra,2023-10-03,XXXX1304,Active,
MCH9529,Dubey Inc,4814,Telecom,Private Limited,Pune,Maharashtra,2024-04-26,XXXX3556,Active,1801.0
MCH5652,"Borde, Bhasin And Dua",5411,Grocery,Individual,Mumbai,Maharashtra,2023-12-10,XXXX7597,Active,
MCH1334,"Kalita, Sarraf And Bhardwaj",5999,Miscellaneous,Individual,Bengaluru,Karnataka,2025-09-28,RPOB8162410396498,Active,1780.83
MCH6972,Badal-Kamdar,7011,Hotel & Lodging,Private Limited,Pune,Maharashtra,2023-12-20,,Active,1516.57
MCH1976,"Mutti, Sastry And Jha",5942,Books & Stationery,Private Limited,Amritsar,Punjab,2023-04-08,,Active,2928.73
MCH2360,Bhakta-Nazareth,5942,Books & Stationery,Private Limited,Jaipur,Rajasthan,2024-06-21,,Inactive,755.69
MCH9531,Lad Ltd,5411,Grocery,Private Limited,Ludhiana,Punjab,2025-12-02,CDSZ2178272638566,Suspended,545.56
MCH5253,Balakrishnan Plc,5912,Pharmacy,Sole Proprietor,Mumbai,Maharashtra,2025-07-23,3588777363,Active,
MCH8138,Deol And Sons,5812,Restaurants & Food,Partnership,Chennai,Tamil Nadu,2023-07-23,,Active,1238.62
MCH2836,Rai And Sons,5912,Pharmacy,Private Limited,Chennai,Tamil Nadu,2024-07-15,XXXX2773,Inactive,3262.99
MCH4918,Ganesh Inc,,Hotel & Lodging,Individual,Lucknow,Uttar Pradesh,2023-12-09,XXXX3579,Active,651.04
MCH2169,"Yogi, Bhakta And Suresh",5812,Restaurants & Food,Private Limited,Hyderabad,Telangana,2023-04-25,XXXX3751,Active,5225.51
MCH3536,Shankar Group,5942,Books & Stationery,Partnership,Kolkata,West Bengal,2024-11-03,,Active,1640.82
MCH9107,"Devi, Chhabra And Sharaf",5699,Apparel & Fashion,Sole Proprietor,Pune,Maharashtra,2026-02-22,5670845997,Active,637.0
MCH2099,Atwal Group,,Apparel & Fashion,Partnership,Mumbai,Maharashtra,2025-10-23,XXXX7789,Active,245.52
MCH7556,Hayer-Saini,5942,Books & Stationery,Individual,Chennai,Tamil Nadu,2024-01-24,,Active,
MCH1285,Hayer Plc,5912,Medical,Individual,Bengaluru,Karnataka,2023-09-24,,Active,436.7
MCH4729,"Karpe, Dhaliwal And Subramanian",7011,Hotel & Lodging,Partnership,Amritsar,Punjab,2024-01-14,XMOP1907956771131,Active,2525.97
MCH9088,Bhardwaj-Bala,5999,Miscellaneous,Partnership,Chennai,Tamil Nadu,2025-06-26,UMVD8641404072198,Active,4130.0
MCH4435,"Shere, Jain And Luthra",5999,Miscellaneous,Private Limited,Chennai,Tamil Nadu,2024-06-23,PJOC4178398535690,Active,894.0
MCH6024,"Saran, Sinha And Barman",5812,Restaurants & Food,Sole Proprietor,Jalandhar,Punjab,2026-01-18,XXXX8830,Active,1185.95
MCH5112,"Agate, Atwal And Yohannan",5311,Department Store,Private Limited,Ludhiana,Punjab,2023-06-27,JBYC7644035129509,Inactive,669.14
MCH4538,Lad Ltd,5699,Apparel & Fashion,Private Limited,Delhi,Delhi,2023-12-30,,Active,449.9
MCH8987,Mander Llc,5942,Books & Stationery,Private Limited,Pune,Maharashtra,2024-02-02,7115831556,Active,881.75
MCH2044,"Upadhyay, Kapoor And Nazareth",7011,Hotel & Lodging,Individual,Lucknow,Uttar Pradesh,2023-01-02,3913922043,Active,368.05
MCH5414,Bhandari Ltd,7011,Hotel & Lodging,Private Limited,Delhi,Delhi,2025-03-26,VQLO7234241275182,Active,155.88
MCH8546,Jani Plc,5311,Department Store,Partnership,Kolkata,West Bengal,2024-09-21,,Active,1691.74
MCH7773,Nath-Parikh,5699,Apparel & Fashion,Individual,Jaipur,Rajasthan,2025-09-08,XXXX0128,Active,544.16
MCH5171,"Pandya, Bawa And Kibe",4131,Transportation,Partnership,Jaipur,Rajasthan,2024-11-18,XXXX5385,Active,1895.53
MCH7631,Chawla-Ganesh,4131,Travel,Individual,Pune,Maharashtra,2023-07-12,1532003029,Active,6757.26
MCH7902,Deol Inc,4131,Transportation,Partnership,Ludhiana,Punjab,2025-05-07,,Active,
MCH4136,Sehgal Plc,5699,Apparel & Fashion,Partnership,Mumbai,Maharashtra,2024-07-30,,Active,2564.97
MCH4790,Date Plc,,Hotel & Lodging,Individual,Amritsar,Punjab,2025-12-11,XXXX3526,Suspended,199.0
MCH2035,Hora-Grover,4131,Transportation,Sole Proprietor,Delhi,Delhi,2026-01-07,,Active,212.97
MCH7806,"Sahni, Bhavsar And Kaul",4131,Transportation,Private Limited,Hyderabad,Telangana,2023-04-17,XXXX2487,Active,1046.19
MCH7993,Garde Inc,4814,Telecom,Partnership,Kolkata,West Bengal,2023-04-23,4099690978,Active,1024.0
MCH5551,Narain-Goda,5699,Apparel & Fashion,Private Limited,Mumbai,Maharashtra,2026-01-09,,Active,817.05
MCH6776,"Bhat, Hans And Maharaj",5812,Restaurants & Food,Individual,Ludhiana,Punjab,2024-09-17,XXXX5302,Inactive,699.0
MCH5984,Acharya-Badal,5999,Miscellaneous,Sole Proprietor,Kolkata,West Bengal,2023-01-03,,Inactive,515.0
MCH3885,Thakur Inc,4131,Transportation,Private Limited,Chennai,Tamil Nadu,,8680968188,Active,618.81
MCH4577,"Atwal, Sura And Bhatti",5812,Restaurants & Food,Partnership,Hyderabad,Telangana,2026-01-03,PWDW0230553443063,Suspended,316.9
MCH1710,"Tara, Dash And Pau",5912,Pharmacy,Partnership,Lucknow,Uttar Pradesh,2026-02-26,,Active,804.19
MCH3956,Kota Ltd,5311,Department Store,Private Limited,Hyderabad,Telangana,2023-11-14,,Active,656.81
MCH2205,Narayan Plc,4131,Transportation,Partnership,Hyderabad,Telangana,2023-03-16,,Active,2136.03
MCH4540,Nadig Llc,5699,Apparel & Fashion,Partnership,Mumbai,Maharashtra,2024-02-03,,Active,7331.0
MCH4089,Mistry And Sons,5411,Grocery,Sole Proprietor,Mumbai,Maharashtra,2024-07-20,FZNP2052339077080,Active,1563.22
MCH8220,Sarkar Plc,5411,Grocery,Private Limited,Pune,Maharashtra,2024-06-11,,Active,142.34
MCH2993,"Dube, Yadav And Konda",5942,Books & Stationery,Individual,Jaipur,Rajasthan,2025-07-14,WWQW1736251351915,Active,2422.76
MCH6061,Kaur Llc,5912,Medical,Individual,Chennai,Tamil Nadu,2025-12-20,PCHM7779378281911,Active,1323.16
MCH5847,"Kar, Gupta And Choudhry",7011,Hotel & Lodging,Sole Proprietor,Kolkata,West Bengal,2023-05-20,8964900216,Active,
MCH7439,Jayaraman Plc,7011,Hotel & Lodging,Private Limited,Kolkata,West Bengal,2024-04-07,,Active,7697.49
MCH9977,Mohanty-Desai,4814,Telecom,Sole Proprietor,Mumbai,Maharashtra,2023-02-13,69594001,Active,845.52
MCH5777,Dubey And Sons,5999,Miscellaneous,Individual,Bengaluru,Karnataka,2025-12-01,,Inactive,4320.83
MCH1856,Baria-Balay,5311,Department Store,Sole Proprietor,Lucknow,Uttar Pradesh,2023-12-26,XXXX1618,Active,2071.73
MCH6223,Ramanathan-Dhingra,4131,Travel,Individual,Lucknow,Uttar Pradesh,2023-03-10,4296850394,Active,306.0
MCH1816,Kohli-Hans,7011,Hotel & Lodging,Individual,Kolkata,West Bengal,2025-01-22,,Active,487.0
MCH8527,Tella-Mani,5912,Pharmacy,Partnership,Ludhiana,Punjab,2025-11-09,,Active,
MCH1304,Sama Ltd,5912,Medical,Individual,Bengaluru,Karnataka,2024-02-27,9710613459,Active,4095.57
MCH9279,Choudhury Llc,5411,Grocery,Sole Proprietor,Kolkata,West Bengal,2024-11-18,970198759,Active,644.81
MCH8876,Narayanan And Sons,5942,Books & Stationery,Individual,Bengaluru,Karnataka,2025-10-12,XXXX5207,Inactive,2065.28
MCH1599,Rastogi-Kumer,5311,Department Store,Partnership,Jalandhar,Punjab,2025-12-25,EEOR2299289390848,Active,361.82
MCH5823,Sen Llc,4814,Telecom,Sole Proprietor,Pune,Maharashtra,2024-08-30,,Active,7119.48
MCH9847,"Krish, Rau And Parsa",5999,Miscellaneous,Private Limited,Kolkata,West Bengal,2024-12-26,,Active,1027.86
MCH6336,"Kunda, Kumar And Gulati",,Transportation,Private Limited,Chennai,Tamil Nadu,2024-03-16,XXXX8337,Active,772.78
MCH7910,Shenoy Llc,5812,Restaurants & Food,Partnership,Hyderabad,Telangana,2024-03-25,5996954160,Inactive,741.5
MCH3510,Sankaran Inc,5699,Apparel & Fashion,Individual,Hyderabad,Telangana,2026-02-18,9848495819,Inactive,2317.0
MCH6305,"Chakraborty,Hansandsahota",4131,Transportation,Individual,Mumbai,Maharashtra,2025-10-20,,Active,1075.82
MCH4024,Choudhury Ltd,5999,Miscellaneous,Individual,Ludhiana,Punjab,2025-03-28,XSWD9540302475782,Active,
MCH2266,Natarajan And Sons,5912,Pharmacy,Individual,Chennai,Tamil Nadu,2025-04-17,NABB6271790214696,Active,447.78
MCH1696,Rai And Sons,,Department Store,Individual,Jaipur,Rajasthan,2023-04-24,,Active,2898.12
MCH6680,Vaidya-Agrawal,5999,Miscellaneous,Partnership,Delhi,Delhi,2025-05-28,,Active,
MCH4856,Aurora Ltd,4814,Telecom,Sole Proprietor,Jaipur,Rajasthan,2024-05-13,ECWU8427158374985,Inactive,3394.14
MCH3325,Varty-Vig,5912,Pharmacy,Partnership,Kolkata,West Bengal,2023-10-29,XXXX1753,Suspended,4212.0
MCH4126,Sen Group,5699,Apparel & Fashion,Individual,Jaipur,Rajasthan,2023-06-08,,Active,236.05
MCH9736,Sant Plc,7011,Hotel & Lodging,Sole Proprietor,Lucknow,Uttar Pradesh,2024-12-07,4147851928,Active,1081.26
MCH6590,Handainc,5699,Apparel & Fashion,Individual,Kolkata,West Bengal,2024-04-07,IRLC4441881574347,Active,2071.46
MCH3612,Kala Inc,5812,Restaurants & Food,Sole Proprietor,Mumbai,Maharashtra,2025-08-17,GCWT7054433892701,Active,577.0
MCH9835,Manda Inc,5912,Pharmacy,Individual,Kolkata,West Bengal,2024-10-22,,Active,293.75
MCH4888,Chanda And Sons,5912,Medical,Sole Proprietor,Kolkata,West Bengal,2023-08-14,,Active,2635.13
MCH7885,Vaidya-Bhatt,5411,Grocery,Sole Proprietor,Lucknow,Uttar Pradesh,2025-08-25,,Active,648.72
MCH7280,"Sathe, Shan And Oommen",5411,Grocery,Individual,Ludhiana,Punjab,2025-10-21,XXXX0221,Active,466.99
MCH2713,Dayal Group,5699,Apparel & Fashion,Individual,Pune,Maharashtra,2024-08-10,1734751668,On Hold,1199.07
MCH5500,"Dubey, Tandon And Batta",4814,Telecom,Sole Proprietor,Lucknow,Uttar Pradesh,2024-06-06,8963304371,Active,2211.38
MCH8840,Chatterjee And Sons,5311,Retail,Individual,Pune,Maharashtra,2024-09-26,,Active,1208.62
MCH9398,"Suresh, Khosla And Kadakia",5812,Hotel & Lodging,Sole Proprietor,Bengaluru,Karnataka,,XXXX1590,Active,1404.91
MCH1328,Buch And Sons,7011,Hotel & Lodging,Sole Proprietor,Chennai,Tamil Nadu,2025-03-28,JVTH6188797527471,Active,711.0
MCH1469,"Choudhury, Jani And Ramaswamy",5942,Books & Stationery,Sole Proprietor,Bengaluru,Karnataka,2025-03-28,XXXX9996,Active,416.0
MCH9081,Patil-Hans,4814,Telecom,Individual,Mumbai,Maharashtra,2025-06-12,8795015116,Active,
MCH9947,Sarkar Ltd,5311,Department Store,Individual,Ludhiana,Punjab,2023-06-25,GOFP4316530582610,Active,
MCH6984,Wadhwa Llc,5411,Grocery,Individual,Pune,Maharashtra,2025-01-23,3976512741,Active,542.76
MCH9192,Gandhi Llc,5912,Pharmacy,Individual,Jaipur,Rajasthan,2025-03-01,,Active,1758.06
MCH5555,"Banerjee, Kurian And Tara",4814,Telecom,Sole Proprietor,Jalandhar,Punjab,2025-05-21,,Active,
MCH2676,Subramanian Inc,5912,Medical,Partnership,Kolkata,West Bengal,2025-04-01,2515678335,Active,1679.3
MCH4573,"Edwin, Manda And Biswas",,Pharmacy,Sole Proprietor,Pune,Maharashtra,2025-02-28,3049901910,Active,2824.05
MCH2851,Ben Ltd,4131,Transportation,Sole Proprietor,Lucknow,Uttar Pradesh,2023-06-24,,Active,784.0
MCH7589,"Parekh, Dugal And Bumb",4131,Transportation,Private Limited,Pune,Maharashtra,2025-01-17,1086489702,Active,437.44
MCH9397,Ramaswamy-Goel,5411,Grocery,Private Limited,Jalandhar,Punjab,2025-12-20,3711511693,Active,1519.0
MCH8125,"Nadig, Arora And Raj",5411,Grocery,Private Limited,Ludhiana,Punjab,2023-03-13,RTPE2593701073993,Suspended,1340.53
MCH9617,Ranganathan-Ha1Der,5411,Grocery,Private Limited,Chennai,Tamil Nadu,2024-12-08,6857352456,Active,904.23
MCH9036,Banerjee-Shenoy,5912,Pharmacy,Sole Proprietor,Pune,Maharashtra,2025-11-19,,Active,1613.75
MCH2566,Oommen Inc,5999,Miscellaneous,Private Limited,Delhi,Delhi,,XXXX9507,Active,2200.23
MCH2888,Chahal Llc,5912,Pharmacy,Private Limited,Mumbai,Maharashtra,2023-04-21,XXXX3951,Active,631.05
MCH9672,Contractor-Sinha,5311,Retail,Individual,Kolkata,West Bengal,2024-11-26,8867559277,Active,1371.8
MCH1540,Dave Llc,5942,Books & Stationery,Sole Proprietor,Mumbai,Maharashtra,2024-05-21,,Active,525.0
MCH3353,Sachar Ltd,5942,Books & Stationery,Private Limited,Jalandhar,Punjab,2023-06-06,,Inactive,446.0
MCH8451,"Kala, Pradhan And Hayre",5812,Restaurants & Food,Partnership,Hyderabad,Telangana,2024-06-14,9996900448,Active,1874.56
MCH9659,Gokhale-Bassi,4814,Telecom,Sole Proprietor,Mumbai,Maharashtra,2023-09-11,AEKL3434312955275,Active,269.4
MCH4821,"Kade, Dhawan And Kadakia",5411,Grocery,Private Limited,Mumbai,Maharashtra,2024-03-14,,Active,2277.0
MCH9018,Tak Plc,5999,Miscellaneous,Partnership,Amritsar,Punjab,2023-11-25,,Active,354.66
MCH3331,"Shukla, Kadakia And Kata",5699,Apparel & Fashion,Private Limited,Ludhiana,Punjab,2025-03-18,,Active,1008.43
MCH1640,Sem Plc,,Hotel & Lodging,Private Limited,Mumbai,Maharashtra,2023-09-10,5367265975,Active,894.9
MCH9161,Patla Group,5311,Retail,Individual,Pune,Maharashtra,2024-10-25,XXXX6366,Active,
MCH1320,Babu-Khatri,5699,Apparel & Fashion,Individual,Kolkata,West Bengal,2023-11-24,XXXX8923,Active,
MCH9901,Oommen Ltd,7011,Hotel & Lodging,Sole Proprietor,Hyderabad,Telangana,2025-10-01,XXXX3340,Inactive,538.3
MCH3853,Bhat-Dutt,5411,Grocery,Sole Proprietor,Hyderabad,Telangana,2023-03-05,,Active,
MCH5914,Ku1Karni-Deshmukh,5699,Apparel & Fashion,Individual,Jaipur,Rajasthan,2025-04-24,,Active,386.71
MCH6290,Chaudhry-Agarwal,5999,Miscellaneous,Partnership,Ludhiana,Punjab,2023-09-01,,Inactive,5757.0
MCH6665,Wadhwainc,5311,Department Store,Private Limited,Delhi,Delhi,2025-07-05,,Active,1714.72
MCH4087,"Basak, Lal And Tailor",4814,Telecom,Private Limited,Pune,Maharashtra,2025-10-03,,Active,298.11
MCH7714,"Koshy, Dani And Barad",4814,Telecom,Private Limited,Jalandhar,Punjab,2023-10-27,,Active,669.74
MCH5663,"Goyal, Brahmbhatt And Raja",5912,Medical,Individual,Ludhiana,Punjab,2023-05-31,,On Hold,2417.27
MCH3389,"Barad, Murthy And Muni",5812,Pharmacy,Individual,Amritsar,Punjab,2025-03-19,,Active,234.09
MCH3099,Peri-Parmer,5699,Apparel & Fashion,Partnership,Delhi,Delhi,2024-06-22,,Active,2046.1
MCH6275,Tank Plc,4814,Telecom,Sole Proprietor,Chennai,Tamil Nadu,2024-08-26,XXXX8300,Active,781.0
MCH2447,Anand Llc,4131,Transportation,Sole Proprietor,Jaipur,Rajasthan,,,Inactive,1803.52
MCH4460,Bumb Plc,5942,Books & Stationery,Private Limited,Chennai,Tamil Nadu,,XXXX4424,Active,696.95
MCH9823,Kunda-Parekh,5812,Restaurants & Food,Individual,Mumbai,Maharashtra,2023-10-04,YIKU2339191619475,Active,1308.28
MCH9096,Tandon-Thaman,5999,Miscellaneous,Individual,Delhi,Delhi,2023-09-03,3351065613,Active,2658.35
MCH1358,Bhatia-Sekhon,5942,Books & Stationery,Private Limited,Jaipur,Rajasthan,2025-05-01,XXXX4241,Active,1421.8
MCH9649,Sachdeva-Dey,7011,Hotel & Lodging,Sole Proprietor,Amritsar,Punjab,2025-12-06,XRSK3388415827357,Active,
MCH5235,Palla Inc,5942,Books & Stationery,Partnership,Bengaluru,Karnataka,2024-10-27,,Active,3807.5
MCH9154,"Mangat, Sarkar And Vasa",5311,Retail,Sole Proprietor,Hyderabad,Telangana,2023-03-09,DTTZ1892927349834,Active,1303.87
MCH4761,Khalsa Plc,5912,Pharmacy,Individual,Jaipur,Rajasthan,2025-01-17,DXWD4550992976599,Inactive,4970.84
MCH8314,Mahajan-Batta,4131,Transportation,Individual,Lucknow,Uttar Pradesh,2024-04-01,,Active,856.24
MCH1180,Sangha And Sons,5411,Grocery,Individual,Hyderabad,Telangana,2023-03-11,VUOK6265318074983,Active,993.08
MCH8467,Gara-Sarkar,5912,Medical,Individual,Pune,Maharashtra,2025-12-03,,Active,826.0
MCH1768,"Mody, Tata And Chatterjee",4131,Transportation,Sole Proprietor,Chennai,Tamil Nadu,2024-09-08,,Active,360.87
MCH5402,"Mandal, Chada And Deshpande",5411,Grocery,Sole Proprietor,Delhi,Delhi,2025-11-08,,Suspended,
MCH8880,Hayer-Walia,4131,Transportation,Partnership,Jalandhar,Punjab,2023-04-08,,Active,2616.91
MCH7595,Subramaniam-Balasubramanian,,Grocery,Individual,Ludhiana,Punjab,2026-01-07,4323936215,Active,3392.31
MCH6206,"Sanghvi, Dugar And Rajagopal",4814,Telecom,Individual,Chennai,Tamil Nadu,2025-03-31,5473942096,Suspended,683.76
MCH2424,Patil Ltd,5912,Pharmacy,Partnership,Chennai,Tamil Nadu,2023-10-08,,Active,737.41
MCH5894,Borra-Tiwari,5311,Retail,Partnership,Bengaluru,Karnataka,2025-05-24,,Active,239.64
MCH4672,Sandhu Llc,5942,Books & Stationery,Partnership,Bengaluru,Karnataka,,,Active,456.49
MCH9868,"Narain, Dada And Panchal",4814,Telecom,Sole Proprietor,Pune,Maharashtra,2026-02-28,7391477397,Inactive,
MCH7715,Patla-Memon,5699,Apparel & Fashion,Private Limited,Chennai,Tamil Nadu,2024-02-28,,Active,
MCH5567,D’Alia Ltd,7011,Hotel & Lodging,Individual,Bengaluru,Karnataka,2025-09-09,XXXX2596,Active,271.02
MCH3806,Parmerllc,5411,Grocery,Sole Proprietor,Jaipur,Rajasthan,2024-11-04,6810844450,Active,1939.0
MCH6454,Nagi-Ch0Udhury,5699,Apparel & Fashion,Private Limited,Bengaluru,Karnataka,2024-03-28,XXXX1525,Inactive,3116.0
MCH3602,"Panchal, Karpe And Bhatti",7011,Hotel & Lodging,Partnership,Amritsar,Punjab,2023-08-29,NJWF8221387776765,Active,754.95
MCH3319,"Jani, Tailor And Radhakrishnan",5699,Apparel & Fashion,Sole Proprietor,Jalandhar,Punjab,2024-08-26,IUQF4655993827398,Active,
MCH4131,Chaudhryinc,5999,Miscellaneous,Partnership,Amritsar,Punjab,2023-01-07,,Active,1561.61
MCH4104,"Som, Rege And Thaker",5411,Hotel & Lodging,Individual,Bengaluru,Karnataka,2024-07-21,,Active,
MCH3252,"Patel, Saran And Bala",5699,Apparel & Fashion,Individual,Pune,Maharashtra,2023-06-18,4243165999,Active,1917.91
MCH4111,Brahmbhatt Llc,5999,Miscellaneous,Partnership,Lucknow,Uttar Pradesh,,,Suspended,682.69
MCH5295,"Goda, Prashad And Narain",,Medical,Individual,Lucknow,Uttar Pradesh,2024-10-27,,Active,888.39
MCH5335,Daya1-Gera,,Hotel & Lodging,Partnership,Delhi,Delhi,,,Active,699.3
MCH9555,"Nadig, Kumer And Nath",5912,Medical,Partnership,Lucknow,Uttar Pradesh,2023-02-01,9648467253,Active,
MCH8799,"Tailor,Rattiandanne",5912,Medical,Sole Proprietor,Kolkata,West Bengal,2023-03-13,XXXX2356,Suspended,1556.57
MCH2899,Golla Ltd,4131,Transportation,Partnership,Jaipur,Rajasthan,,EGFZ1016369573887,Active,5018.99
MCH2238,Chakrabarti-Lata,5699,Apparel & Fashion,Individual,Amritsar,Punjab,2024-10-19,636957365,Active,1650.0
MCH1636,Nigam Plc,5699,Apparel & Fashion,Partnership,Delhi,Delhi,2024-06-13,,Active,2284.21
MCH6080,"Kanda, Krishnan And Chaudry",5411,Grocery,Private Limited,Chennai,Tamil Nadu,2023-02-27,,Inactive,1675.16
MCH6474,Bakshi Ltd,5912,Medical,Private Limited,Lucknow,Uttar Pradesh,2025-09-06,UIQO0757463991116,Active,3871.85
MCH8449,Vaidya-Gulati,7011,Restaurants & Food,Private Limited,Chennai,Tamil Nadu,2024-04-06,TCOQ6253751311209,Active,118.49
MCH7152,"Bedi, Patil And Rana",5311,Retail,Private Limited,Chennai,Tamil Nadu,2026-02-01,2453620033,Inactive,1076.99
MCH4408,Dhar-Shetty,5912,Medical,Individual,Amritsar,Punjab,2023-12-19,XXXX8510,Inactive,425.49
MCH7327,"Krish, Dhar And Choudhury",4814,Telecom,Individual,Kolkata,West Bengal,2023-05-22,KDMG5541225124685,Active,440.0
MCH6556,Chana-Barad,5999,Miscellaneous,Private Limited,Jalandhar,Punjab,2024-06-09,XXXX3130,Active,1172.0
MCH6031,Chauhan Group,5699,Apparel & Fashion,Individual,Hyderabad,Telangana,2024-12-13,XXXX4944,Active,654.0
MCH8963,"Aggarwal,Nagiandborde",5411,Grocery,Sole Proprietor,Ludhiana,Punjab,2024-08-01,UGNI2119725168826,Active,474.91
MCH4216,Ratta And Sons,5942,Books & Stationery,Partnership,Jalandhar,Punjab,2023-10-07,XXXX5580,Active,1337.5
MCH9569,Parekh-Kalita,5311,Retail,Individual,Amritsar,Punjab,2025-12-07,XXXX5054,Active,1617.31
MCH7106,Master And Sons,5812,Restaurants & Food,Partnership,Lucknow,Uttar Pradesh,2023-01-27,6057584489,Active,1328.09
MCH3371,Ganguly Group,5699,Apparel & Fashion,Sole Proprietor,Lucknow,Uttar Pradesh,2024-11-18,,Active,304.02
MCH3489,Bahl-Bhavsar,4131,Transportation,Partnership,Delhi,Delhi,,XXXX6898,Active,908.03
MCH7938,Chander Ltd,,Telecom,Sole Proprietor,Bengaluru,Karnataka,2023-09-22,,Active,
MCH4802,Jain Inc,5411,Grocery,Individual,Mumbai,Maharashtra,,WAKX1731194726020,Inactive,1158.19
MCH4967,Mallick Plc,4131,Transportation,Partnership,Amritsar,Punjab,2025-08-22,XXXX4798,Active,
MCH8308,"Mukhopadhyay, Kothari And Raval",4131,Retail,Individual,Amritsar,Punjab,2023-01-21,2673122998,Active,764.32
MCH1658,Khatri-Mohanty,5812,Restaurants & Food,Sole Proprietor,Jaipur,Rajasthan,2025-08-08,DGXZ0949885183603,Inactive,2016.79
MCH7394,Dhar-Saxena,5311,Department Store,Individual,Lucknow,Uttar Pradesh,2024-06-28,XXXX8622,Active,1562.3
MCH8142,Mane And Sons,5912,Medical,Private Limited,Ludhiana,Punjab,2025-08-25,WMPI8979622395583,Active,5955.63
MCH3247,Nagarajan-Shan,,Pharmacy,Individual,Chennai,Tamil Nadu,2025-04-07,5730507447,Inactive,2666.23
MCH3357,"Sundaram, Kara And Sibal",7011,Hotel & Lodging,Partnership,Amritsar,Punjab,2025-11-14,XVJC4162540658234,Active,246.81
MCH6953,Khurana-Prabhakar,4131,Books & Stationery,Partnership,Hyderabad,Telangana,2024-10-03,,Active,
MCH7866,"Raval, Sane And Dua",5411,Grocery,Partnership,Amritsar,Punjab,2025-01-27,,Active,292.43
MCH5283,"Verma, Narasimhan And Balan",,Pharmacy,Individual,Delhi,Delhi,2026-02-05,,Active,1266.0
MCH3250,Bose-Kalita,5311,Department Store,Sole Proprietor,Mumbai,Maharashtra,,,Inactive,1514.47
MCH4367,Sankaran-Bhattacharyya,5699,Apparel & Fashion,Partnership,Chennai,Tamil Nadu,2023-12-13,PBSG5651430183192,Active,1153.81
MCH3567,Kala Ltd,4814,Telecom,Sole Proprietor,Amritsar,Punjab,2023-05-15,120134197,Inactive,1794.62
MCH6337,Chander Llc,5912,Pharmacy,Individual,Kolkata,West Bengal,2025-12-28,,Active,1428.08
MCH9098,Ghosh-Roy,7011,Hotel & Lodging,Partnership,Kolkata,West Bengal,,5455672154,Active,372.61
MCH2407,Chaudhry Plc,7011,Pharmacy,Private Limited,Pune,Maharashtra,,4475713369,Active,5215.07
MCH5225,"Bera, Guha And Narayan",5942,Books & Stationery,Individual,Hyderabad,Telangana,2025-08-16,AJUQ5177176562909,Active,
MCH6773,"Parmar, Sahota And Rajagopalan",5999,Miscellaneous,Sole Proprietor,Pune,Maharashtra,2024-02-23,GSZT9943608461358,Active,3042.0
MCH8432,Lad Inc,5942,Books & Stationery,Private Limited,Delhi,Delhi,2024-10-07,FRLI9065794513387,Active,394.7
MCH6267,Mandal-Badal,4814,Telecom,Partnership,Mumbai,Maharashtra,2024-12-10,,Active,
MCH1846,Kurian-Chad,7011,Hotel & Lodging,Partnership,Chennai,Tamil Nadu,2023-03-23,,Active,597.53
MCH9983,Bhagat Group,5411,Grocery,Individual,Pune,Maharashtra,2025-11-27,XXXX2568,Active,3669.57
MCH2741,"Palan, Bhalla And Srinivasan",5812,Restaurants & Food,Individual,Jaipur,Rajasthan,2025-12-19,XXXX0289,Active,1319.0
MCH7211,"Apte, Vasa And Batta",5942,Books & Stationery,Sole Proprietor,Mumbai,Maharashtra,2024-11-18,,Active,1841.0
MCH3473,"Mahal, Butala And Shenoy",4131,Travel,Individual,Amritsar,Punjab,2025-11-20,9906876351,Inactive,456.8
MCH7503,Raval Llc,5411,Grocery,Partnership,Delhi,Delhi,2025-10-30,6775545242,Active,1167.54
MCH2480,Banik-Nagar,5812,Restaurants & Food,Private Limited,Jaipur,Rajasthan,2025-07-27,XXXX7952,Active,3594.0
MCH5998,Joshi Inc,5411,Grocery,Private Limited,Chennai,Tamil Nadu,2024-08-30,,Active,1152.74
MCH2040,Goel-Dewan,,Miscellaneous,Individual,Delhi,Delhi,2025-12-07,EFTH2141412119625,Active,320.83
MCH6343,Bains Plc,4814,Telecom,Partnership,Mumbai,Maharashtra,2024-07-10,,Active,4598.19
MCH8937,"Mand, Bhatt And Pathak",7011,Hotel & Lodging,Individual,Amritsar,Punjab,2023-06-10,OPXS5269399322215,Active,2746.33
MCH6359,Pai-Dada,5812,Travel,Individual,Jaipur,Rajasthan,2025-05-27,XFLS9466066220965,Active,484.0
MCH8965,Lal And Sons,,Books & Stationery,Sole Proprietor,Chennai,Tamil Nadu,2025-09-07,,Active,
MCH3989,Madan Llc,5411,Grocery,Partnership,Jaipur,Rajasthan,2023-09-18,9575202686,Active,238.33
MCH9132,Shankar-Bahl,4814,Telecom,Individual,Pune,Maharashtra,2023-12-04,LXEB0419516326153,Suspended,2278.28
MCH5559,Kata Ltd,7011,Hotel & Lodging,Sole Proprietor,Ludhiana,Punjab,,XXXX7757,Active,
MCH2282,Mall Group,5411,Retail,Partnership,Jalandhar,Punjab,2024-02-08,935990033,Active,654.0
MCH9352,Ramanathan-Lala,4131,Transportation,Partnership,Bengaluru,Karnataka,2026-02-09,ICJY2091662937472,Active,1121.19
MCH5595,"Menon, Ahluwalia And Mistry",7011,Hotel & Lodging,Sole Proprietor,Jaipur,Rajasthan,2026-02-10,,Active,376.55
MCH8912,"Wable, Sule And Mani",4131,Apparel & Fashion,Individual,Hyderabad,Telangana,2023-08-11,,Active,510.28
MCH7051,Ramachandran-Rajan,5812,Restaurants & Food,Partnership,Mumbai,Maharashtra,2023-12-26,XXXX3526,Active,1183.53
MCH6675,Vora And Sons,,Apparel & Fashion,Partnership,Ludhiana,Punjab,2025-07-31,XXXX5119,Active,769.28
MCH5404,Cherian Group,7011,Hotel & Lodging,Sole Proprietor,Pune,Maharashtra,2025-04-05,DZIB4073572435126,Active,1440.0
MCH6611,Mand Plc,5411,Grocery,Private Limited,Chennai,Tamil Nadu,2023-01-01,,Active,
MCH3382,"Patla, Thakur And Kaur",4131,Transportation,Private Limited,Pune,Maharashtra,2025-02-06,,Active,470.22
MCH7950,Om-Andra,5411,Grocery,Individual,Ludhiana,Punjab,,,Active,3471.68
MCH6282,"Chacko, Chakrabarti And Suresh",5411,Grocery,Private Limited,Jaipur,Rajasthan,2024-06-16,XXXX6827,Active,1078.0
MCH9276,Bandi Inc,5942,Books & Stationery,Private Limited,Jalandhar,Punjab,,3029302980,Active,2777.32
MCH1873,Rai-Nagi,4131,Transportation,Private Limited,Delhi,Delhi,2024-01-10,,Active,3862.0
MCH7076,Bava-Shroff,5999,Miscellaneous,Sole Proprietor,Chennai,Tamil Nadu,2025-09-03,,Active,875.99
MCH3085,Mander-Mital,7011,Hotel & Lodging,Private Limited,Chennai,Tamil Nadu,2024-08-20,,Inactive,3842.0
MCH1143,Arya-Khanna,4131,Transportation,Sole Proprietor,Jalandhar,Punjab,2023-08-16,9953530102,Active,486.39
MCH6464,Date Llc,5699,Apparel & Fashion,Private Limited,Bengaluru,Karnataka,2025-12-03,XXXX4137,Active,3772.0
MCH5169,Kurian-Narayan,5942,Books & Stationery,Individual,Jalandhar,Punjab,2024-06-01,7935605737,Active,1621.49
MCH1011,Wable And Sons,5411,Grocery,Private Limited,Ludhiana,Punjab,2023-11-02,,Suspended,6536.07
MCH7613,"Parekh, Ch0Kshi And Das",5699,Apparel & Fashion,Private Limited,Jaipur,Rajasthan,2024-11-23,VJFK9617718212331,Active,419.26
MCH8628,Pai-Upadhyay,7011,Hotel & Lodging,Sole Proprietor,Amritsar,Punjab,,,Active,12455.57
MCH3856,"Pandit, Karnik And Kurian",5912,Medical,Individual,Ludhiana,Punjab,2025-07-07,,Active,755.4
MCH5223,"Dua, Raj And Aurora",5812,Restaurants & Food,Private Limited,Ludhiana,Punjab,2024-08-06,XXXX3071,Active,986.86
MCH3849,Das-Ratta,4814,Telecom,Individual,Chennai,Tamil Nadu,2024-06-13,MLDH2446114366761,Active,4368.0
MCH3441,"Naidu, Nayar And Chand",5942,Books & Stationery,Partnership,Ludhiana,Punjab,2023-05-29,1623488849,Active,817.0
MCH3959,"Kant, Goel And Pradhan",5999,Miscellaneous,Individual,Hyderabad,Telangana,2025-03-19,XXXX9762,Active,1214.73
MCH5781,Bava And Sons,7011,Hotel & Lodging,Partnership,Hyderabad,Telangana,2024-03-24,,Active,2364.14
MCH8870,Sandhu Inc,,Apparel & Fashion,Private Limited,Ludhiana,Punjab,2023-02-14,,Inactive,
MCH3057,Nagy-Banik,5311,Department Store,Partnership,Kolkata,West Bengal,2024-03-15,PCQH3034924487610,Active,764.15
MCH2979,"Kurian, Guha And Gaba",5999,Miscellaneous,Individual,Chennai,Tamil Nadu,2023-03-11,XXXX6692,Active,7883.21
MCH3406,"Swamy, Borah And Sampath",5311,Retail,Individual,Mumbai,Maharashtra,2024-05-22,XXXX9630,Inactive,438.79
MCH6836,Gola-Rout,5999,Miscellaneous,Sole Proprietor,Bengaluru,Karnataka,2025-12-03,6402935239,Suspended,2040.92
MCH3142,"Dugar, Merchant And Kala",5942,Books & Stationery,Private Limited,Jaipur,Rajasthan,2024-01-01,CUQS1241290775925,Active,619.08
MCH2997,Nadkarni Inc,4131,Grocery,Private Limited,Hyderabad,Telangana,2025-10-08,,Active,761.67
MCH4903,Khatri Gr0Up,5311,Department Store,Individual,Delhi,Delhi,2024-07-07,,Active,
MCH5765,Murty Inc,4131,Transportation,Partnership,Mumbai,Maharashtra,2025-07-18,,Active,2715.83
MCH3964,"Bala, Chanda And Loyal",5942,Books & Stationery,Partnership,Jaipur,Rajasthan,2023-09-05,CFOS0283411374388,Active,2002.33
MCH9968,Swamy-Was0N,5311,Department Store,Sole Proprietor,Mumbai,Maharashtra,2024-04-29,,Inactive,526.26
MCH6146,Handa Llc,5912,Medical,Individual,Amritsar,Punjab,2023-01-01,BIZN7645519547179,Active,
MCH8159,Grover-Barad,5411,Grocery,Partnership,Chennai,Tamil Nadu,2024-12-18,,Suspended,768.97
MCH9865,Minhas Plc,5942,Books & Stationery,Private Limited,Delhi,Delhi,2025-11-29,,Active,334.0
MCH3023,Arora Llc,7011,Hotel & Lodging,Individual,Bengaluru,Karnataka,2025-02-03,,Suspended,1722.88
MCH3388,"Ha1Der, Chander And Krishnamurthy",5311,Department Store,Individual,Ludhiana,Punjab,2025-03-23,FTJO6113858465780,Inactive,447.14
MCH6572,Naidu Plc,5311,Department Store,Private Limited,Pune,Maharashtra,2025-03-17,HNFH7484368794581,Active,402.0
MCH7724,"Johal, Khatri And Sant",5411,Grocery,Individual,Jalandhar,Punjab,2026-02-18,BSAD5422938420269,Active,3132.9
MCH4084,Mitra Plc,5311,Department Store,Individual,Jalandhar,Punjab,2023-12-15,XXXX5719,Active,973.94
MCH9385,"Ray, Gu1Ati And Gi11",4814,Telecom,Sole Proprietor,Amritsar,Punjab,2024-02-17,,Active,1178.44
MCH5277,Kannan-Deshmukh,5942,Books & Stationery,Private Limited,Lucknow,Uttar Pradesh,2025-09-26,,Inactive,4638.51
MCH8824,Mani Plc,5999,Miscellaneous,Individual,Hyderabad,Telangana,2024-02-22,602443496,Active,1314.9
MCH1397,"Bir,Ravelandswaminathan",5411,Grocery,Partnership,Pune,Maharashtra,2023-07-16,,Active,6150.31
MCH4608,Chandran Group,5699,Apparel & Fashion,Sole Proprietor,Lucknow,Uttar Pradesh,2023-05-09,ZPZS9153819912287,Active,950.53
MCH1800,Mall Plc,5311,Department Store,Private Limited,Hyderabad,Telangana,2025-10-24,,Active,1030.0
MCH6837,Oommen-Thaker,5912,Books & Stationery,Individual,Jalandhar,Punjab,2025-10-11,6324216769,Active,1750.4
MCH8923,Choudhury Group,5912,Pharmacy,Individual,Jaipur,Rajasthan,2024-06-12,WVVA0613994696185,Inactive,2880.15
MCH4232,Raj Group,5912,Pharmacy,Individual,Hyderabad,Telangana,2023-06-23,,Suspended,
MCH1594,Bera Inc,5999,Miscellaneous,Private Limited,Amritsar,Punjab,2024-09-05,9659925213,Active,2187.43
MCH7804,Deo-Pandya,5812,Restaurants & Food,Partnership,Jaipur,Rajasthan,,XXXX1482,Suspended,492.54
MCH2981,"Sachdeva, Iyer And Borra",5942,Books & Stationery,Individual,Kolkata,West Bengal,2023-07-19,1834855061,Active,841.65
MCH6866,Thaker-Behl,5999,Miscellaneous,Sole Proprietor,Pune,Maharashtra,2024-03-22,,Active,221.31
MCH7667,Lalla And Sons,5311,Retail,Individual,Hyderabad,Telangana,2023-01-20,,Active,1676.0
MCH3705,"Prakash, Korpal And Narasimhan",5812,Restaurants & Food,Sole Proprietor,Jaipur,Rajasthan,2025-11-10,,Active,753.96
MCH7726,Modi Ltd,5311,Department Store,Individual,Lucknow,Uttar Pradesh,2025-05-17,XXXX3760,Active,1955.14
MCH5335,Shroff And Sons,5311,Department Store,Sole Proprietor,Chennai,Tamil Nadu,,XXXX4486,Inactive,1166.0
MCH9641,Andra Ltd,5912,Pharmacy,Private Limited,Kolkata,West Bengal,2025-10-15,2325222758,Active,3323.59
MCH4811,Chaudhry-Majumdar,5912,Pharmacy,Private Limited,Delhi,Delhi,2024-06-26,XXXX5566,Active,615.9
MCH5019,Bah1-L0Ya1,5411,Grocery,Sole Proprietor,Bengaluru,Karnataka,2025-05-12,,Active,1093.52
MCH5110,Grover And Sons,5999,Miscellaneous,Private Limited,Jalandhar,Punjab,2024-05-02,ZILO7642666200036,Active,
MCH6868,Tara Group,5311,Retail,Partnership,Pune,Maharashtra,2024-02-04,,Active,323.93
MCH6889,Behl-Deep,5942,Books & Stationery,Partnership,Bengaluru,Karnataka,2023-12-22,ZYSS9298134271861,Active,
MCH1488,"Chada, Gopal And Rajagopal",4814,Telecom,Sole Proprietor,Jaipur,Rajasthan,2026-01-02,,Active,1905.0
MCH1654,Swamy Group,,Telecom,Partnership,Jalandhar,Punjab,2024-07-14,,Active,
MCH3232,"Sarraf,Chaudhuriandacharya",5812,Restaurants & Food,Sole Proprietor,Kolkata,West Bengal,2024-05-29,,Active,
MCH2205,Narayan Plc,4131,Transportation,Partnership,Hyderabad,Telangana,2023-03-16,,Inactive,2136.03
MCH7576,Ramanathan-Menon,7011,Hotel & Lodging,Partnership,Jalandhar,Punjab,2024-10-14,,Active,757.61
MCH2098,Ranganathan-Chopra,4131,Transportation,Private Limited,Chennai,Tamil Nadu,2023-05-13,,Active,4538.04
MCH5250,Virk-Nadkarni,5999,Miscellaneous,Partnership,Pune,Maharashtra,2023-07-16,,Suspended,759.43
MCH2222,"Mani, Ravel And Agrawal",,Apparel & Fashion,Sole Proprietor,Lucknow,Uttar Pradesh,2023-10-01,,Active,815.84
MCH7702,Ahuja-Nayar,5411,Grocery,Private Limited,Ludhiana,Punjab,2024-10-04,,Suspended,
MCH7152,Dewan-Garde,4131,Travel,Sole Proprietor,Delhi,Delhi,2024-01-14,,Active,628.75
MCH3511,"Konda, Venkatesh And Jha",5411,Grocery,Individual,Lucknow,Uttar Pradesh,2025-06-28,BGWP5416829581598,Active,
MCH2440,Hans-Master,7011,Hotel & Lodging,Sole Proprietor,Ludhiana,Punjab,2023-02-15,IUZN5055483856054,Active,1395.0
MCH8044,"Sant, Nadkarni And Rajan",5912,Department Store,Individual,Bengaluru,Karnataka,2024-10-13,,Active,
MCH7913,Khare Inc,5912,Medical,Partnership,Pune,Maharashtra,2025-02-22,QFFQ8944942522196,Active,
MCH8640,"Vasa, Nanda And Bhat",5311,Department Store,Sole Proprietor,Pune,Maharashtra,2025-05-03,,Active,347.11
MCH1892,Shanker-De,7011,Hotel & Lodging,Private Limited,Mumbai,Maharashtra,2024-02-12,4394256877,Active,987.4
MCH3507,"Sundaram, Shan And Subramanian",7011,Hotel & Lodging,Individual,Amritsar,Punjab,2023-01-28,7115308153,Active,950.31
MCH6782,Jani-Bhakta,7011,Hotel & Lodging,Private Limited,Delhi,Delhi,2024-10-29,1624647213,Active,289.03
MCH3627,"Chandra, Venkataraman And Palla",5912,Medical,Sole Proprietor,Jaipur,Rajasthan,2025-10-09,1981451941,Active,379.66
MCH3601,Lanka Inc,5942,Books & Stationery,Individual,Pune,Maharashtra,2025-05-14,,Active,4672.85
MCH4322,Bumb-Arya,5411,Grocery,Sole Proprietor,Kolkata,West Bengal,2024-12-06,XXXX0050,Active,2473.26
MCH7126,"Shankar, Dave And Mahajan",4131,Transportation,Individual,Pune,Maharashtra,2025-05-29,XXXX9486,Active,2564.94
MCH2789,Peri-Panchal,5311,Department Store,Partnership,Jalandhar,Punjab,,,Active,1044.19
MCH6543,Nagi-Pradhan,5411,Grocery,Private Limited,Mumbai,Maharashtra,2025-07-17,,Active,2785.85
MCH3265,Mittal Ltd,5942,Books & Stationery,Private Limited,Hyderabad,Telangana,2024-08-15,GNXO4175681425980,Active,4170.98
MCH5737,"Mangat, Parmer And Khosla",5311,Department Store,Sole Proprietor,Pune,Maharashtra,,ERHY5292307870912,Active,2850.24
MCH9866,"Lad,Shereandkarpe",5812,Restaurants & Food,Individual,Lucknow,Uttar Pradesh,2023-07-07,,Active,1173.0
MCH2027,"Boase, Ghosh And Manda",5311,Department Store,Partnership,Chennai,Tamil Nadu,2023-12-16,XXXX6284,Active,1163.7
MCH2542,Thakur Group,5411,Grocery,Sole Proprietor,Kolkata,West Bengal,2023-12-15,7251186427,Inactive,3711.74
MCH4818,Deol Inc,5999,Miscellaneous,Individual,Delhi,Delhi,2024-04-29,RIGL0488107049334,Active,316.0
MCH3148,Raoltd,4814,Telecom,Individual,Delhi,Delhi,2023-01-16,,Active,1684.65
MCH2038,Dara-Sama,7011,Hotel & Lodging,Individual,Hyderabad,Telangana,2023-08-20,1467343581,Active,801.94
MCH5594,Savant-Bhargava,5411,Grocery,Sole Proprietor,Bengaluru,Karnataka,2025-01-19,1080833717,Suspended,1235.6
MCH6757,Brar-Saha,5942,Books & Stationery,Sole Proprietor,Ludhiana,Punjab,2024-05-09,NTTY4243627390116,Active,602.25
MCH8735,"Chhabra, Kunda And Sem",4814,Telecom,Partnership,Jalandhar,Punjab,2025-09-18,DZIA5449518052658,Active,1589.68
MCH7947,Padmanabhan-Kale,4814,Telecom,Private Limited,Mumbai,Maharashtra,2023-09-08,,Active,3921.35
MCH6697,Andra-Sengupta,5411,Grocery,Partnership,Bengaluru,Karnataka,2025-09-10,,Inactive,1006.44
MCH8208,Tak-Shankar,7011,Hotel & Lodging,Individual,Mumbai,Maharashtra,2024-03-18,,Active,1309.39
MCH5081,Grewal-Dutt,5942,Books & Stationery,Partnership,Jaipur,Rajasthan,2024-09-22,,Active,624.18
MCH7459,"Gara, Agarwal And Anne",7011,Hotel & Lodging,Individual,Ludhiana,Punjab,2023-04-14,2572840529,Active,2650.18
MCH9754,Khanna Group,5411,Grocery,Partnership,Ludhiana,Punjab,2023-11-20,EDBE0893143652084,Active,3682.51
MCH6231,"Chand, Johal And Chawla",5812,Restaurants & Food,Private Limited,Jalandhar,Punjab,2023-06-26,1062018479,Active,919.0
MCH4982,Upadhyay-Thaker,5699,Apparel & Fashion,Private Limited,Pune,Maharashtra,2023-10-04,XXXX3001,Active,
MCH9551,Chaudhari-Dugar,5942,Books & Stationery,Individual,Lucknow,Uttar Pradesh,2023-08-11,XXXX6470,Active,2156.36
MCH1751,Bava-Mukherjee,5411,Grocery,Sole Proprietor,Jaipur,Rajasthan,2023-05-20,EFFJ4269274300862,Active,1591.0
MCH3292,Ravi-Keer,,Retail,Private Limited,Jalandhar,Punjab,2023-11-21,,Suspended,9611.45
MCH3616,Bakshi Group,,Travel,Private Limited,Hyderabad,Telangana,2024-03-13,,Active,1136.19
MCH6657,Atwal-Sarraf,5411,Grocery,Partnership,Hyderabad,Telangana,,,Active,804.0
MCH2028,Dhingra Plc,4814,Telecom,Sole Proprietor,Pune,Maharashtra,2023-09-27,,Active,
MCH1263,"Soman, Chaudhary And Luthra",4814,Telecom,Partnership,Hyderabad,Telangana,2023-06-27,,Active,696.55
MCH7058,Chatterjee Plc,5411,Apparel & Fashion,Individual,Jalandhar,Punjab,,,Active,587.63
MCH2350,"Gill, Sura And Doshi",5812,Restaurants & Food,Individual,Pune,Maharashtra,2026-02-19,,Active,668.0
MCH5834,Sundaram-Sarkar,5812,Restaurants & Food,Partnership,Hyderabad,Telangana,2025-07-27,XXXX6821,Active,1502.09
MCH9348,"Solanki, Chaudhary And Nori",5912,Pharmacy,Partnership,Pune,Maharashtra,2023-09-09,ACBK1959673899093,Active,1188.0
MCH3502,"Bail, Sawhney And Majumdar",,Restaurants & Food,Individual,Hyderabad,Telangana,2024-02-05,,Active,4792.39
MCH7600,Salvi-Mishra,,Pharmacy,Private Limited,Bengaluru,Karnataka,2025-05-25,,Active,577.0
MCH2623,Dara-Kulkarni,5942,Books & Stationery,Sole Proprietor,Kolkata,West Bengal,2025-06-28,,Active,1296.1
MCH9710,Trivedi Plc,5411,Grocery,Partnership,Ludhiana,Punjab,2025-01-24,,Active,718.83
MCH9922,Chand-Jain,5411,Grocery,Partnership,Chennai,Tamil Nadu,2023-09-10,XXXX1121,Active,1800.0
MCH7850,Reddy Inc,5699,Apparel & Fashion,Partnership,Chennai,Tamil Nadu,2024-05-16,,Active,1378.0
MCH5555,Prabhu Ltd,4131,Transportation,Private Limited,Bengaluru,Karnataka,2024-12-16,,Active,1663.56
MCH8505,"Joshi, Sarin And Krishnamurthy",5311,Department Store,Partnership,Jaipur,Rajasthan,2023-04-08,,Active,811.55
MCH1349,Bahri And Sons,5912,Pharmacy,Individual,Hyderabad,Telangana,2025-06-08,BGVV4182827632214,Active,2320.2
MCH4760,"Kalla, Mammen And Purohit",4814,Telecom,Individual,Delhi,Delhi,2024-10-27,,Active,964.0
MCH9476,Sama Plc,5812,Restaurants & Food,Private Limited,Hyderabad,Telangana,,XXXX6830,Active,165.93
MCH7957,Varty-Natarajan,7011,Hotel & Lodging,Private Limited,Chennai,Tamil Nadu,2024-06-28,,Active,410.29
MCH1534,"Merchant, Sarna And Korpal",5912,Pharmacy,Private Limited,Hyderabad,Telangana,2023-04-02,,Inactive,3752.5
MCH1056,Mital-Jhaveri,5311,Department Store,Partnership,Amritsar,Punjab,2023-09-10,6820698589,Active,5938.05
MCH1364,Krishnamurthy Llc,4131,Transportation,Individual,Hyderabad,Telangana,2023-02-01,IIJY7170442781592,Active,377.26
MCH9751,Memon-Sinha,5812,Restaurants & Food,Sole Proprietor,Ludhiana,Punjab,2023-07-16,4462778035,Active,2265.65
MCH6865,Mander-Chakrabarti,7011,Hotel & Lodging,Private Limited,Mumbai,Maharashtra,2023-04-20,,Active,
MCH3179,"Sarma, Singh And Char",5311,Department Store,Individual,Hyderabad,Telangana,,,Active,1817.49
MCH7289,Nayar-Dara,5699,Apparel & Fashion,Individual,Pune,Maharashtra,2025-12-28,AFIS6620860774027,Active,4510.0
MCH9764,"Chaudhry, Samra And Garde",4814,Telecom,Private Limited,Jalandhar,Punjab,2024-07-15,XXXX9534,Active,
MCH6107,Bassi And Sons,5912,Medical,Sole Proprietor,Hyderabad,Telangana,,,Inactive,1888.0
MCH3130,"Arora, Karnik And Sarraf",5942,Books & Stationery,Sole Proprietor,Kolkata,West Bengal,2023-07-10,,Inactive,1573.29
MCH4553,Zachariah-Dara,5812,Restaurants & Food,Private Limited,Jalandhar,Punjab,2024-07-03,,Active,343.99
MCH9443,"Chowdhury, Kapadia And Chada",5812,Restaurants & Food,Partnership,Chennai,Tamil Nadu,2024-02-20,,Active,1660.16
MCH2746,"Tella, Mane And Pillai",7011,Hotel & Lodging,Private Limited,Ludhiana,Punjab,2023-03-12,851637180,Inactive,395.56
MCH3663,Kunda-Chaudhuri,5411,Hotel & Lodging,Partnership,Jaipur,Rajasthan,2024-11-20,,Suspended,1356.0
MCH4253,Mander-Sagar,,Miscellaneous,Individual,Ludhiana,Punjab,2024-12-12,,Active,348.43
MCH8148,Sehgal-Banik,4131,Transportation,Sole Proprietor,Bengaluru,Karnataka,2024-01-27,,Active,406.0
MCH4706,"Varughese, Mani And Ch0Udhary",5311,Department Store,Individual,Bengaluru,Karnataka,2025-11-11,3980025472,Active,
MCH7699,Mammen Ltd,4814,Telecom,Individual,Jalandhar,Punjab,2024-10-16,XXXX5219,Active,
MCH8086,Contractor-Narain,5812,Restaurants & Food,Partnership,Pune,Maharashtra,2024-08-28,,Active,1394.0
MCH4110,Suresh-Bassi,5942,Books & Stationery,Individual,Mumbai,Maharashtra,2024-09-18,,Inactive,1527.43
MCH2534,Shetty-Sundaram,5411,Grocery,Private Limited,Pune,Maharashtra,2025-03-10,,Active,709.87
MCH1983,Jayaraman Plc,5912,Pharmacy,Sole Proprietor,Hyderabad,Telangana,2024-12-13,6619790480,Active,657.32
MCH4754,Menon Inc,5999,Miscellaneous,Private Limited,Hyderabad,Telangana,2023-03-24,XXXX5608,Active,
MCH4332,Varma Plc,5942,Books & Stationery,Individual,Mumbai,Maharashtra,2025-01-22,XXXX6546,Active,229.07
MCH6240,Mutti Plc,5999,Miscellaneous,Partnership,Delhi,Delhi,2025-08-11,,Active,1461.1
MCH2336,Narasimhan Inc,,Grocery,Sole Proprietor,Jalandhar,Punjab,2025-06-18,,Inactive,791.05
MCH5494,Palan-Bhatnagar,4814,Telecom,Private Limited,Kolkata,West Bengal,2024-10-02,2710953349,Active,720.88
MCH5411,Kale Inc,5411,Grocery,Partnership,Pune,Maharashtra,2024-06-21,,Active,708.0
MCH7636,Bir Plc,5699,Apparel & Fashion,Sole Proprietor,Jalandhar,Punjab,2025-05-03,XXXX9076,Active,178.0
MCH8918,Solanki And Sons,5912,Apparel & Fashion,Private Limited,Bengaluru,Karnataka,2025-05-17,ITGT2090730500760,Active,
MCH6360,"Garg, Char And Sharaf",5912,Medical,Sole Proprietor,Mumbai,Maharashtra,2024-02-14,DELE6172573272913,Active,242.87
MCH5467,"Kurian, Anne And Borra",4814,Telecom,Individual,Ludhiana,Punjab,2024-05-17,3367286055,Active,940.0
MCH2763,Thaman-Virk,5912,Pharmacy,Private Limited,Bengaluru,Karnataka,2025-07-23,XXXX7625,Active,563.88
MCH6819,"Krishnan, Pal And Nayar",5812,Restaurants & Food,Sole Proprietor,Hyderabad,Telangana,2025-10-17,,Active,499.0
MCH9563,"Singh, Issac And Murty",4131,Travel,Private Limited,Kolkata,West Bengal,2023-01-02,,Active,1366.02
MCH8413,"Mammen,Parmerandchandra",4814,Telecom,Sole Proprietor,Bengaluru,Karnataka,2024-03-19,,Active,
MCH6163,Raju And Sons,4131,Transportation,Individual,Ludhiana,Punjab,2025-02-06,XTAO1446983636380,Active,1659.71
MCH9740,Jain And Sons,5812,Restaurants & Food,Individual,Jaipur,Rajasthan,2025-01-31,BHGC5407337420204,Active,1510.42
MCH3536,"Chaudry, Halder And Kota",5812,Restaurants & Food,Partnership,Jaipur,Rajasthan,2023-11-05,UYBS8259834217447,Inactive,3533.21
MCH6352,Brar-Kale,5699,Apparel & Fashion,Partnership,Chennai,Tamil Nadu,2023-10-08,,Active,2366.79
MCH9196,Brahmbhatt Inc,5411,Grocery,Partnership,Bengaluru,Karnataka,2023-03-16,,Active,
MCH5162,Srinivas-Sule,5311,Retail,Individual,Jaipur,Rajasthan,2025-02-20,3127556904,Active,1145.33
MCH9772,Sachdeva Llc,5411,Grocery,Sole Proprietor,Kolkata,West Bengal,2025-10-23,BDSV5277645088008,Active,
MCH2506,"Sarna, Vora And Seth",4131,Transportation,Individual,Jaipur,Rajasthan,2024-06-13,,Active,222.33
MCH1350,"Krishnamurthy, Dutt And Sura",4814,Telecom,Partnership,Mumbai,Maharashtra,2024-07-25,3860313878,Active,1360.18
MCH7544,Ganesh And S0Ns,4131,Transportation,Sole Proprietor,Ludhiana,Punjab,2025-03-22,FWAU1672608587886,Inactive,2329.09
MCH1221,"Bakshi, Doctor And Bobal",7011,Hotel & Lodging,Partnership,Mumbai,Maharashtra,,XXXX9345,Active,1302.2
MCH5637,Desai-Sankaran,5942,Books & Stationery,Individual,Kolkata,West Bengal,2025-12-05,,Active,
MCH1973,Shan-Ahuja,4814,Telecom,Private Limited,Delhi,Delhi,2024-01-22,,Active,1273.63
MCH6527,"Menon, Subramanian And Pai",7011,Hotel & Lodging,Individual,Ludhiana,Punjab,,,Active,1220.94
MCH1047,Rana-Aurora,4814,Telecom,Partnership,Bengaluru,Karnataka,2023-08-20,BJXS0430805448675,Active,1003.46
MCH9043,Setty And Sons,7011,Hotel & Lodging,Partnership,Pune,Maharashtra,2024-10-02,,Active,3323.0
MCH9858,"Kapur, Doshi And Nayak",5812,Restaurants & Food,Partnership,Delhi,Delhi,2025-02-22,,Active,791.03
MCH7566,Minhas Group,5912,Pharmacy,Partnership,Mumbai,Maharashtra,2024-03-08,,Active,880.25
MCH4788,Chauhan-Kh0S1A,5699,Apparel & Fashion,Individual,Bengaluru,Karnataka,,651098523,Active,109.29
MCH9942,"Sarma, Butala And Ganguly",5912,Medical,Sole Proprietor,Lucknow,Uttar Pradesh,2025-10-16,,Active,
MCH6598,"Banik, Halder And Sabharwal",7011,Hotel & Lodging,Individual,Mumbai,Maharashtra,2025-06-02,XXXX2729,Inactive,230.53
MCH8024,Char-Sehgal,,Telecom,Private Limited,Pune,Maharashtra,2024-08-19,3608411983,Active,
MCH7860,"Pall, Som And Dalal",5999,Miscellaneous,Private Limited,Amritsar,Punjab,2024-11-11,1164754239,Active,
MCH2159,Sawhney Llc,5812,Restaurants & Food,Sole Proprietor,Jalandhar,Punjab,2024-05-16,MGFR5989061568022,Active,1420.0
MCH9941,"Prakash, Ramakrishnan And Shukla",4814,Telecom,Partnership,Ludhiana,Punjab,2023-08-19,,Active,414.88
MCH9489,Badal-Sankaran,4131,Transportation,Sole Proprietor,Chennai,Tamil Nadu,2026-02-03,,Active,1437.06
MCH9057,Dayal Ltd,,Books & Stationery,Partnership,Jaipur,Rajasthan,2024-11-10,TJAX1540713634286,Active,728.46
MCH3177,"Ping1E, Ra0 And Varty",4131,Travel,Individual,Kolkata,West Bengal,2025-04-19,XXXX0077,Suspended,1840.14
MCH7162,Panchal-Ratti,5411,Grocery,Private Limited,Delhi,Delhi,2023-03-11,RYQU3238280392506,Active,1176.97
MCH3449,Nigam-Agate,5999,Miscellaneous,Partnership,Mumbai,Maharashtra,2026-02-13,UOSM0726239882457,Active,236.02
MCH7185,Prasad Ltd,5311,Department Store,Individual,Mumbai,Maharashtra,2023-06-04,XXXX4284,Active,
MCH2919,Menon-Vaidya,7011,Pharmacy,Sole Proprietor,Delhi,Delhi,2023-03-20,,Active,3825.85
MCH4487,Maharaj-Murthy,5912,Medical,Individual,Amritsar,Punjab,2024-04-23,TWRO4245073175794,Active,1455.08
MCH8098,Mittal-Konda,5699,Apparel & Fashion,Private Limited,Kolkata,West Bengal,,,Active,925.94
MCH6474,Soni-Raja,5999,Miscellaneous,Individual,Amritsar,Punjab,2024-01-29,,Active,696.57
MCH9444,Sachdeva-Khatri,4131,Travel,Partnership,Jalandhar,Punjab,2024-01-13,2308250236,Active,345.26
MCH6064,Viswanathan-Tak,5942,Books & Stationery,Sole Proprietor,Chennai,Tamil Nadu,,RDFT0727994735934,Suspended,519.38
MCH6869,"Oak, Kalla And Chand",4131,Transportation,Private Limited,Pune,Maharashtra,2025-01-21,XXXX1495,Active,2412.44
MCH4320,Vala And Sons,4814,Telecom,Private Limited,Mumbai,Maharashtra,2024-10-14,NNFD4351390281416,Inactive,
MCH6401,Ramachandran-Borah,4814,Telecom,Private Limited,Bengaluru,Karnataka,2023-07-16,BIIV8391883916775,Active,371.0
MCH4218,Srivastava Ltd,5942,Books & Stationery,Sole Proprietor,Mumbai,Maharashtra,2023-11-20,LFAP5704533731300,Active,1744.69
MCH3900,Mand-Bedi,5812,Restaurants & Food,Private Limited,Kolkata,West Bengal,2025-02-20,XXXX1674,Active,1036.74
MCH8615,Devi-Narasimhan,5942,Books & Stationery,Sole Proprietor,Kolkata,West Bengal,2024-11-18,8648906197,Active,722.58
MCH6447,Kant-Tella,7011,Hotel & Lodging,Partnership,Delhi,Delhi,2026-01-22,,Active,994.25
MCH7366,Bora-Nadkarni,5411,Grocery,Partnership,Bengaluru,Karnataka,2024-03-17,,Suspended,2024.0
MCH5106,Luthra Llc,5942,Books & Stationery,Private Limited,Jalandhar,Punjab,2023-12-01,XXXX6321,Active,411.0
MCH2038,Keer Inc,5311,Department Store,Partnership,Pune,Maharashtra,2025-06-07,,Inactive,
MCH3179,"Din,Mukhopadhyayandbawa",5999,Miscellaneous,Sole Proprietor,Chennai,Tamil Nadu,2023-10-31,UQUU0653302527343,Suspended,1687.99
MCH9173,Bumb-Bandi,5999,Miscellaneous,Sole Proprietor,Pune,Maharashtra,2023-06-26,,Active,450.27
MCH3483,"Puri, Sachdeva And Jhaveri",5812,Restaurants & Food,Private Limited,Jaipur,Rajasthan,2025-08-15,XXXX0583,Inactive,1128.9
MCH3971,Sura Plc,7011,Hotel & Lodging,Individual,Delhi,Delhi,2024-04-17,,Inactive,748.82
MCH9811,"Dyal, Ranganathan And Sinha",5812,Restaurants & Food,Private Limited,Delhi,Delhi,2025-11-04,RQQY2365576077878,Active,972.81
MCH1924,"Choudhary, Iyer And Boase",5912,Pharmacy,Partnership,Jaipur,Rajasthan,2024-11-12,XXXX3944,Active,7220.04
MCH1064,Nanda Ltd,5812,Restaurants & Food,Individual,Amritsar,Punjab,2025-09-09,,Active,1182.15
MCH3842,"Rao, Rajagopal And Ratti",4131,Transportation,Private Limited,Jaipur,Rajasthan,2024-01-27,,Active,444.1
MCH3549,Khalsa And Sons,5812,Restaurants & Food,Individual,Amritsar,Punjab,2025-01-07,AXNC2296857054867,Active,1756.73
MCH5450,"Karnik, Karan And Boase",4131,Books & Stationery,Partnership,Kolkata,West Bengal,2024-09-09,,Active,852.07
MCH4630,Jhaveri Plc,5999,Miscellaneous,Sole Proprietor,Ludhiana,Punjab,2025-07-11,2284002392,Active,1285.49
MCH9942,Srinivas And Sons,,Hotel & Lodging,Individual,Amritsar,Punjab,2024-07-09,NAOM1028605509837,Active,636.69
MCH7198,"Thakkar, Mistry And Sinha",,Books & Stationery,Sole Proprietor,Pune,Maharashtra,2023-02-21,,Active,3029.62
MCH9770,Jha-Andra,,Transportation,Sole Proprietor,Chennai,Tamil Nadu,2026-01-22,BRJH7377264204006,Suspended,1847.23
MCH4623,"Gokhale, Ranganathan And Shenoy",5999,Miscellaneous,Private Limited,Hyderabad,Telangana,2025-08-17,347099856,Active,171.0
MCH3465,"Patla, Tiwari And Bobal",4814,Telecom,Private Limited,Amritsar,Punjab,2024-09-10,BMXM3313589371926,Active,662.0
MCH5186,Dey-Bansal,5912,Medical,Sole Proprietor,Chennai,Tamil Nadu,2025-09-21,,Active,365.0
MCH8638,Ramanathan-Apte,5942,Books & Stationery,Partnership,Chennai,Tamil Nadu,2025-04-16,XXXX4259,Active,985.8
MCH6547,"Gupta,Dewanandnadig",5942,Books & Stationery,Individual,Hyderabad,Telangana,2023-05-27,,Inactive,974.14
MCH9827,Chaudry And Sons,5311,Department Store,Private Limited,Bengaluru,Karnataka,2025-04-02,WKDN2531235762305,Active,1686.75
MCH8539,Arya-Char,5699,Apparel & Fashion,Sole Proprietor,Chennai,Tamil Nadu,2025-10-07,XXXX4751,Active,3012.9
MCH2656,"Kala, Shetty And Sheth",5411,Grocery,Sole Proprietor,Delhi,Delhi,2023-12-06,,Active,5073.35
MCH3841,"Sandhu, Khosla And Guha",5999,Miscellaneous,Partnership,Bengaluru,Karnataka,2024-09-16,7616513593,Active,2207.18
MCH3680,Gala And Sons,4131,Transportation,Partnership,Delhi,Delhi,2023-12-31,,Active,962.0
MCH9530,B0Rah Plc,5411,Restaurants & Food,Individual,Hyderabad,Telangana,2023-01-11,,Suspended,999.86
MCH4975,Bhakta-Sidhu,5699,Apparel & Fashion,Partnership,Jalandhar,Punjab,2024-09-18,,Active,280.66
MCH4319,"Setty, Sarkar And Mahajan",5311,Retail,Private Limited,Mumbai,Maharashtra,2025-02-01,5750964403,Active,1351.02
MCH7912,Jaggi-Khare,4814,Telecom,Individual,Kolkata,West Bengal,2023-04-29,,Suspended,993.76
MCH2995,Patil Ltd,7011,Hotel & Lodging,Private Limited,Amritsar,Punjab,2025-12-25,2612684538,Active,492.36
MCH7596,Bajwa-Luthra,4814,Telecom,Private Limited,Hyderabad,Telangana,2024-04-20,,Suspended,
MCH5941,G0Ur Ltd,5942,Books & Stationery,Private Limited,Lucknow,Uttar Pradesh,2023-04-30,XXXX2222,Inactive,1448.04
MCH7025,"Shanker, Bandi And Bala",5999,Miscellaneous,Individual,Bengaluru,Karnataka,2025-01-26,XXXX6482,Active,4575.03
MCH8943,Bassi-Dhingra,5942,Books & Stationery,Private Limited,Chennai,Tamil Nadu,2024-09-09,,Active,774.62
MCH1879,Maharaj Plc,5942,Books & Stationery,Partnership,Delhi,Delhi,2023-03-01,,Active,1269.91
MCH1811,Shukla-Ganesan,4131,Hotel & Lodging,Individual,Delhi,Delhi,2024-01-14,9614445611,Inactive,871.51
MCH2792,Krishnamurthyplc,7011,Hotel & Lodging,Sole Proprietor,Jalandhar,Punjab,2023-02-03,,Active,1501.9
MCH8613,Comar-Tata,5812,Restaurants & Food,Individual,Lucknow,Uttar Pradesh,2023-09-05,,Suspended,2485.09
MCH4283,Joshi-Srinivas,5411,Grocery,Partnership,Amritsar,Punjab,2023-09-01,,Active,1135.0
MCH8821,Mukhopadhyay-Cherian,5812,Restaurants & Food,Sole Proprietor,Jalandhar,Punjab,2023-11-26,2404954167,Active,703.03
MCH8043,Lalla Group,5311,Department Store,Private Limited,Ludhiana,Punjab,2024-07-31,,Active,1064.0
MCH9954,Mitra Llc,5912,Medical,Sole Proprietor,Lucknow,Uttar Pradesh,2023-06-30,,Active,412.84
MCH5061,Natarajan Inc,5699,Apparel & Fashion,Sole Proprietor,Ludhiana,Punjab,2025-10-10,3155448560,Active,1265.19
MCH4527,Bansalinc,5411,Grocery,Private Limited,Lucknow,Uttar Pradesh,2025-10-29,BWHM6431375051395,Active,3449.0
MCH5873,"Kade, Srivastava And Iyengar",5999,Miscellaneous,Partnership,Lucknow,Uttar Pradesh,2023-10-06,,Active,3185.85
MCH6772,"Sarin,Kaleandbava",5411,Grocery,Individual,Amritsar,Punjab,2024-03-12,4810020944,Inactive,893.58
MCH2180,Chaudry-Sidhu,5812,Apparel & Fashion,Private Limited,Pune,Maharashtra,,4033666419,Active,3354.42
MCH7350,Sule Llc,5699,Apparel & Fashion,Private Limited,Amritsar,Punjab,2024-01-31,XXXX7331,Active,
MCH4383,Vala Llc,5311,Department Store,Sole Proprietor,Lucknow,Uttar Pradesh,2025-06-15,,Active,219.66
MCH6498,Sankaran-Gupta,,Grocery,Partnership,Hyderabad,Telangana,2023-10-29,LBQV8100985155327,On Hold,992.12
MCH4717,Bir Ltd,4131,Transportation,Private Limited,Chennai,Tamil Nadu,2025-11-14,JKIU5676140711543,Active,7107.16
MCH6233,"Arora, Agarwal And Padmanabhan",5942,Books & Stationery,Sole Proprietor,Amritsar,Punjab,2024-05-03,,Active,1090.35
MCH6907,Dhillon-Sama,5812,Restaurants & Food,Private Limited,Jalandhar,Punjab,2024-12-21,,Active,4335.88
MCH8365,"Kashyap,Sharmaandbalasubramanian",4814,Telecom,Private Limited,Jalandhar,Punjab,2023-01-24,XXXX5913,Active,786.29
MCH8714,Guptagroup,5912,Pharmacy,Sole Proprietor,Pune,Maharashtra,2023-10-08,XXXX2445,Inactive,569.38
MCH6239,"Majumdar, Lanka And Sehgal",5942,Books & Stationery,Partnership,Amritsar,Punjab,2024-01-21,,Active,1181.24
MCH6053,Sehgal-Pathak,5699,Apparel & Fashion,Individual,Mumbai,Maharashtra,2023-02-18,,Active,379.97
MCH8263,"Gara, Kar And Raval",5699,Apparel & Fashion,Sole Proprietor,Chennai,Tamil Nadu,2025-07-21,XLDI5037601996445,Active,1443.08
MCH4194,Hegde-Chahal,,Medical,Sole Proprietor,Amritsar,Punjab,2025-11-15,,Inactive,
MCH7890,Contractor Plc,7011,Hotel & Lodging,Partnership,Chennai,Tamil Nadu,2024-07-21,KQNM1742343730851,Inactive,
MCH6480,Sundaram And S0Ns,5699,Apparel & Fashion,Partnership,Mumbai,Maharashtra,2023-11-13,XXXX8936,Active,680.72
MCH7973,"Dhar, Som And Mane",7011,Hotel & Lodging,Sole Proprietor,Kolkata,West Bengal,2023-01-17,GEUZ7160822941996,Active,1422.91
MCH7504,"Mandal, Tripathi And Bhatnagar",7011,Hotel & Lodging,Sole Proprietor,Amritsar,Punjab,2023-04-23,IUKB6414988497315,Active,8261.29
MCH9567,"Dar, Gera And Sane",5812,Restaurants & Food,Private Limited,Delhi,Delhi,2026-01-09,,Active,850.48
MCH6731,Thakurplc,5812,Restaurants & Food,Individual,Hyderabad,Telangana,2025-10-25,,Active,305.3
MCH1530,Parmer-Bath,5699,Apparel & Fashion,Individual,Lucknow,Uttar Pradesh,2024-04-29,JMXE9195425616055,Active,375.02
MCH9012,"Goel, Devan And Grover",5411,Grocery,Sole Proprietor,Amritsar,Punjab,2025-09-16,7133638417,Inactive,603.58
MCH5163,"Pandit, Lad And V0Ra",4814,Telecom,Individual,Kolkata,West Bengal,2023-05-31,XXXX7995,Active,1014.92
MCH5897,Mutti-Doshi,5912,Medical,Private Limited,Amritsar,Punjab,2026-01-06,,Active,1302.0
MCH3872,Krish Group,5699,Apparel & Fashion,Partnership,Amritsar,Punjab,2024-03-14,,Active,3660.6
MCH2941,Sengroup,5311,Department Store,Sole Proprietor,Mumbai,Maharashtra,2024-09-22,XXXX4390,Active,1783.76
MCH4395,Ramakrishnan-Rastogi,5999,Miscellaneous,Private Limited,Chennai,Tamil Nadu,2025-11-19,,Active,
MCH9843,"Banerjee, Singh And Anne",5942,Books & Stationery,Individual,Chennai,Tamil Nadu,2025-04-07,,Active,8077.21
MCH4528,Memon Llc,5912,Medical,Partnership,Hyderabad,Telangana,2023-01-05,VOFY4004091833640,Active,490.99
MCH4973,Vala-Raval,7011,Hotel & Lodging,Private Limited,Chennai,Tamil Nadu,2024-04-05,XXXX2841,Active,859.46
MCH1855,Kala-Shan,4131,Restaurants & Food,Private Limited,Kolkata,West Bengal,2023-11-13,,On Hold,1474.0
MCH9426,Puri-Soman,5699,Apparel & Fashion,Individual,Bengaluru,Karnataka,2023-10-28,EDMP4232010731701,Active,333.54
MCH6171,Naik And Sons,5812,Restaurants & Food,Individual,Amritsar,Punjab,2023-09-08,,Inactive,4084.17
MCH6244,Maharaj Ltd,7011,Hotel & Lodging,Individual,Jaipur,Rajasthan,2023-07-29,,Suspended,
MCH3720,"Bedi, Sanghvi And Balakrishnan",5411,Grocery,Individual,Delhi,Delhi,2024-04-14,ECCR6940813795514,Active,610.0
MCH6446,Contractor Llc,5311,Department Store,Individual,Jaipur,Rajasthan,2024-09-23,,Active,1356.41
MCH4989,Khanna And Sons,7011,Hotel & Lodging,Private Limited,Ludhiana,Punjab,2025-09-25,,Active,1981.95
MCH7149,Shanker-Kala,5942,Books & Stationery,Sole Proprietor,Amritsar,Punjab,2023-07-09,,Active,1819.0
MCH2567,"Magar, Hora And Khare",4131,Transportation,Sole Proprietor,Delhi,Delhi,2024-09-30,TLMQ4688047179537,Active,572.7
MCH6482,Mitra-Agate,5311,Department Store,Individual,Amritsar,Punjab,2024-06-04,,Inactive,1340.0
MCH1729,Vora Llc,,Restaurants & Food,Individual,Ludhiana,Punjab,2023-12-25,SJMV2211374932495,Active,
MCH1908,"Raghavan, Badami And Mani",5942,Books & Stationery,Partnership,Kolkata,West Bengal,2025-05-29,XXXX6948,Active,856.0
MCH9342,Dua-Lala,5999,Miscellaneous,Sole Proprietor,Bengaluru,Karnataka,2025-04-17,BUXU5026475055431,Suspended,1698.37
MCH9231,Kala-Dugar,4131,Transportation,Partnership,Pune,Maharashtra,,7817631283,Active,228.82
MCH7679,Sama And Sons,5912,Pharmacy,Partnership,Bengaluru,Karnataka,2026-02-25,2230627789,Active,3295.19
MCH4414,"Manne, Arora And Goel",5411,Grocery,Private Limited,Hyderabad,Telangana,2025-07-15,,Active,
MCH4811,Bhavsar-Seshadri,4814,Telecom,Private Limited,Ludhiana,Punjab,2023-08-25,2988135938,Active,388.63
MCH1267,Master-Tiwari,4814,Telecom,Private Limited,Lucknow,Uttar Pradesh,,,Inactive,1213.17
MCH6396,Mani-Puri,5999,Miscellaneous,Individual,Lucknow,Uttar Pradesh,2025-04-21,XXXX7558,Active,4113.97
MCH2607,Garg Plc,5812,Restaurants & Food,Individual,Hyderabad,Telangana,2023-01-31,,Active,3395.0
MCH7106,Mody-Mitter,5699,Apparel & Fashion,Individual,Bengaluru,Karnataka,2023-06-11,ZNDK0366125245871,Active,574.51
MCH3212,Merchant Llc,5999,Miscellaneous,Private Limited,Bengaluru,Karnataka,2023-07-06,9377229545,Active,980.37
MCH6293,Bora-Nigam,5311,Department Store,Partnership,Jalandhar,Punjab,,,Active,
MCH6162,"Naik, Kade And Singh",4131,Transportation,Partnership,Amritsar,Punjab,2025-03-21,XXXX4537,Active,2176.24
MCH7104,Kothari Llc,4814,Telecom,Partnership,Jalandhar,Punjab,2023-07-12,XXXX8714,Active,810.17
MCH2009,"Tiwari, Naidu And Muni",5699,Apparel & Fashion,Partnership,Pune,Maharashtra,2024-04-05,NVFX6549311428381,Active,732.0
MCH7513,Buch Inc,5812,Restaurants & Food,Individual,Kolkata,West Bengal,2024-09-02,MLTA1304721995984,Active,584.0
MCH7432,Sidhu-Aurora,5942,Books & Stationery,Sole Proprietor,Delhi,Delhi,,1656062042,Active,611.3
MCH9096,"Boase, Swaminathan And Yohannan",5999,Miscellaneous,Individual,Chennai,Tamil Nadu,2024-08-04,,Active,1547.45
MCH2241,Patla-Prabhakar,5942,Books & Stationery,Partnership,Kolkata,West Bengal,2026-01-15,,Active,868.0
MCH6198,Rana-Sabharwal,5311,Retail,Individual,Mumbai,Maharashtra,,,Active,410.5
MCH5611,"Bawa, Grewal And Chakrabarti",5311,Department Store,Partnership,Mumbai,Maharashtra,,,Active,764.0
MCH6026,Narayanan-Bhatt,5942,Books & Stationery,Partnership,Hyderabad,Telangana,2025-09-14,1281831300,Active,746.02
MCH7455,"Mody, Bhattacharyya And Palla",4814,Telecom,Individual,Delhi,Delhi,2024-04-11,XXXX4231,Active,113.99
MCH9541,"Grover, Bhatia And Tandon",,Restaurants & Food,Partnership,Lucknow,Uttar Pradesh,2025-07-02,,Active,2401.33
MCH6711,Loyal-Srinivasan,5411,Grocery,Partnership,Hyderabad,Telangana,2025-06-15,XXXX4153,Inactive,931.24
MCH5545,Parikh-Raja,5942,Books & Stationery,Sole Proprietor,Lucknow,Uttar Pradesh,2023-06-04,,Active,1144.37
MCH6928,Tata-Wagle,5912,Pharmacy,Partnership,Bengaluru,Karnataka,2023-12-31,RIXU6958241048195,Active,1008.0
MCH7523,"Sharaf, Chad And Prashad",5912,Medical,Sole Proprietor,Lucknow,Uttar Pradesh,2023-11-09,XXXX3383,Active,2848.66
MCH3619,"Mody, Sami And Batta",5999,Miscellaneous,Sole Proprietor,Kolkata,West Bengal,2026-01-27,7469875023,Inactive,3456.23
MCH4984,"Aurora, Mohan And Jain",4814,Telecom,Sole Proprietor,Jaipur,Rajasthan,2024-07-02,XXLT9593960471643,Active,
MCH2590,Goyal Group,7011,Hotel & Lodging,Individual,Delhi,Delhi,2025-06-22,XXXX8497,Active,531.43
MCH4200,Mahajan Group,5942,Books & Stationery,Sole Proprietor,Pune,Maharashtra,2024-05-21,XXXX4189,Active,839.74
MCH1815,Bhasin-Hans,5999,Miscellaneous,Private Limited,Hyderabad,Telangana,2025-05-10,,Active,789.34
MCH3253,Khatri-Krishnamurthy,5942,Books & Stationery,Partnership,Lucknow,Uttar Pradesh,2023-12-19,,Active,2086.58
MCH9715,Desai Plc,7011,Hotel & Lodging,Partnership,Kolkata,West Bengal,2023-01-10,5413889015,Inactive,547.82
MCH6210,Sem Group,5812,Restaurants & Food,Private Limited,Amritsar,Punjab,2024-01-03,,Active,2370.64
MCH1019,Iyer-Thaker,5699,Apparel & Fashion,Partnership,Kolkata,West Bengal,2025-05-23,XXXX9462,Active,
MCH1848,Acharya-Bail,5311,Retail,Partnership,Pune,Maharashtra,2025-09-05,3196162533,Active,3044.0
MCH6803,Babu-Aggarwal,5942,Books & Stationery,Partnership,Pune,Maharashtra,2025-05-24,KCIX8411550946242,Active,2653.94
MCH8410,Dugal And Sons,5942,Books & Stationery,Partnership,Bengaluru,Karnataka,,RLEB2720083934064,Active,853.16
MCH5144,Johal Ltd,7011,Hotel & Lodging,Sole Proprietor,Jalandhar,Punjab,2024-02-01,XXXX0257,Inactive,490.7
MCH5127,Sarkar-Vaidya,5699,Apparel & Fashion,Individual,Bengaluru,Karnataka,2023-11-23,,Active,465.12
MCH6775,La11 Gr0Up,5999,Miscellaneous,Private Limited,Chennai,Tamil Nadu,,WEWN8816151774902,Inactive,196.61
MCH6765,Konda-Mandal,4814,Telecom,Sole Proprietor,Mumbai,Maharashtra,2025-01-23,,Active,
MCH2003,Rajagopalan Inc,5311,Department Store,Individual,Pune,Maharashtra,2023-06-16,3428467704,Active,567.0
MCH1226,"Apte, Pingle And Pal",,Hotel & Lodging,Private Limited,Hyderabad,Telangana,2024-01-03,,Active,2290.0
MCH2914,Bassi-Varghese,5812,Restaurants & Food,Sole Proprietor,Hyderabad,Telangana,2025-01-01,VBYI2823908948465,Inactive,90.0
MCH7560,Chakraborty And Sons,,Department Store,Partnership,Pune,Maharashtra,,WVEJ5381131962008,Active,2097.03
MCH3324,"Thaman, Rajagopal And Borde",7011,Hotel & Lodging,Private Limited,Jalandhar,Punjab,2023-10-09,,Inactive,366.78
MCH4530,Kadakia Group,5942,Books & Stationery,Partnership,Jalandhar,Punjab,2023-10-26,9489296663,Active,
MCH3037,Wagle Ltd,5411,Grocery,Individual,Hyderabad,Telangana,2026-01-30,XXXX1382,Active,2391.24
MCH8927,Raj-Kala,5999,Miscellaneous,Individual,Delhi,Delhi,2024-04-22,XXXX1023,Active,261.67
MCH9395,Bhagat-Chana,5699,Apparel & Fashion,Private Limited,Jaipur,Rajasthan,2024-12-12,,Active,2768.73
MCH4937,Mand And Sons,5912,Pharmacy,Partnership,Kolkata,West Bengal,,FBXP3192759861569,Inactive,2054.97
MCH8765,"Kamdar, Sehgal And Tata",5411,Grocery,Partnership,Delhi,Delhi,2025-06-01,XXXX8883,Active,4863.17
MCH9074,Sa1Vi-Tata,7011,Hotel & Lodging,Partnership,Chennai,Tamil Nadu,2025-04-24,XXXX6816,Active,1227.0
MCH2438,Saxena-Sagar,5999,Miscellaneous,Sole Proprietor,Amritsar,Punjab,2025-06-21,TOND5392493573658,Active,1010.25
MCH7391,"Vora, Lad And Sekhon",5411,Grocery,Partnership,Pune,Maharashtra,2023-07-08,,Inactive,4971.16
MCH9969,Tiwari And Sons,5942,Books & Stationery,Private Limited,Ludhiana,Punjab,2023-01-15,3536281860,Inactive,1542.28
MCH7270,Subramanian Llc,7011,Hotel & Lodging,Private Limited,Amritsar,Punjab,2025-01-15,,Active,1469.96
MCH4244,Kade-Devan,5812,Hotel & Lodging,Sole Proprietor,Chennai,Tamil Nadu,2025-07-12,738245695,Active,1429.19
MCH8768,Kata-Bajwa,5999,Miscellaneous,Partnership,Chennai,Tamil Nadu,2023-09-16,7445884693,Active,1033.9
MCH8093,"Seth, Bassi And Raman",7011,Hotel & Lodging,Partnership,Hyderabad,Telangana,2024-05-15,XXXX3618,Active,1629.96
MCH8607,Dash-Dora,5411,Grocery,Private Limited,Delhi,Delhi,2023-01-29,XXXX9578,Active,3092.32
MCH2476,Choudhary-Borah,7011,Hotel & Lodging,Private Limited,Kolkata,West Bengal,2025-10-15,PXIN8486080746921,Active,1108.38
MCH6121,Madan Plc,5311,Retail,Private Limited,Bengaluru,Karnataka,2023-07-09,2257947989,Active,1208.86
MCH4517,"Madan, Gola And Srivastava",5812,Restaurants & Food,Sole Proprietor,Kolkata,West Bengal,2025-05-07,,Active,
MCH8176,Bala Plc,5311,Department Store,Sole Proprietor,Hyderabad,Telangana,,,Active,3488.0
MCH3682,"Upadhyay, Soni And Dhawan",4131,Transportation,Sole Proprietor,Chennai,Tamil Nadu,2025-09-16,XXXX0969,Inactive,3236.27
MCH5086,Balan Llc,5999,Miscellaneous,Private Limited,Amritsar,Punjab,2023-12-19,XXXX8174,Active,575.58
MCH5951,"Sahni, Gour And Sama",5311,Department Store,Private Limited,Pune,Maharashtra,2024-05-13,,Active,2353.06
MCH2741,"Wason, Jain And D’Alia",5942,Books & Stationery,Sole Proprietor,Ludhiana,Punjab,2024-03-23,KUJF0124670796240,On Hold,361.19
MCH3903,"Khare, Balasubramanian And Mital",5942,Books & Stationery,Sole Proprietor,Jaipur,Rajasthan,2024-08-25,7400031518,Active,3531.21
MCH1311,"Dugal, Munshi And Kunda",4814,Telecom,Individual,Jaipur,Rajasthan,2025-03-27,XXXX7230,Active,1605.92
MCH2743,Joshi Plc,,Pharmacy,Private Limited,Kolkata,West Bengal,2024-12-02,,Active,
MCH2698,Kalallc,7011,Hotel & Lodging,Individual,Lucknow,Uttar Pradesh,2023-08-19,YXNF3515433387898,Active,3590.19
MCH4092,Mukhopadhyay Group,5812,Restaurants & Food,Private Limited,Hyderabad,Telangana,2025-12-24,XXXX3479,Active,504.84
MCH8680,Bhatt-Toor,5311,Department Store,Private Limited,Jaipur,Rajasthan,2025-12-02,,Active,1399.6
MCH4656,"Verma,Sanghaandvora",5942,Books & Stationery,Private Limited,Delhi,Delhi,2024-02-07,,Active,431.25
MCH6246,Kota Inc,5699,Apparel & Fashion,Private Limited,Mumbai,Maharashtra,2023-09-17,NSCU9760012397000,Active,1586.1
MCH9774,Trivedi Group,5912,Pharmacy,Partnership,Jaipur,Rajasthan,2024-08-03,5443660478,Active,1811.0
MCH5100,Garde-Mody,5411,Grocery,Sole Proprietor,Hyderabad,Telangana,2023-02-12,HBWM0411273165352,Active,347.68
MCH3873,"Dugal, Thakur And Puri",7011,Hotel & Lodging,Private Limited,Jalandhar,Punjab,2023-07-02,,Active,1499.22
MCH1764,"K0H1I, Sa1Vi And Ch0Kshi",5699,Apparel & Fashion,Partnership,Amritsar,Punjab,2025-09-13,,Active,12860.85
MCH9594,Ben Group,5311,Department Store,Sole Proprietor,Jaipur,Rajasthan,2023-01-10,3846101369,Active,4070.31
MCH8489,Mand And Sons,7011,Hotel & Lodging,Individual,Pune,Maharashtra,2025-08-24,XXXX8251,Active,2744.11
MCH5874,Pandya Plc,7011,Hotel & Lodging,Partnership,Hyderabad,Telangana,,XXXX1960,Suspended,
MCH6650,Kuruvi11A-G01A,5942,Books & Stationery,Private Limited,Bengaluru,Karnataka,2024-07-16,XXXX4971,Inactive,2725.71
MCH2514,"Dua, Peri And Sani",5912,Telecom,Sole Proprietor,Kolkata,West Bengal,,VHRN8113044559744,Active,937.87
MCH6572,"Sawhney, Bala And Krish",7011,Hotel & Lodging,Individual,Hyderabad,Telangana,2024-06-08,XXXX3772,Inactive,874.21
MCH7449,"Brahmbhatt, Nagarajan And Kaul",5311,Department Store,Sole Proprietor,Amritsar,Punjab,,,Active,397.32
MCH4390,Ar0Ra Llc,5812,Restaurants & Food,Sole Proprietor,Hyderabad,Telangana,2025-07-06,XXXX2296,Active,1372.0
MCH5662,Kannan-Yogi,4131,Transportation,Individual,Chennai,Tamil Nadu,2025-08-01,,Active,1393.63
MCH5524,"Mangat, Sanghvi And Shah",5942,Books & Stationery,Partnership,Jalandhar,Punjab,2024-09-30,XXXX2255,Active,6188.2
MCH7246,Lata Ltd,5699,Apparel & Fashion,Partnership,Chennai,Tamil Nadu,2024-03-17,XXXX2358,Active,1315.04
MCH6729,Khatri And Sons,,Medical,Partnership,Chennai,Tamil Nadu,2023-01-07,TABO6915851442100,Active,
MCH9311,Sathe Group,5942,Books & Stationery,Private Limited,Ludhiana,Punjab,2025-05-31,,Active,595.82
MCH4812,Rai-Aurora,7011,Hotel & Lodging,Private Limited,Jaipur,Rajasthan,2025-07-09,IKZY9727785883400,Active,1732.91
MCH4447,"Sodhi, Dalal And Iyengar",5311,Department Store,Private Limited,Bengaluru,Karnataka,,XXXX0235,Active,208.51
MCH5091,Rau-Ratta,5812,Restaurants & Food,Partnership,Kolkata,West Bengal,2024-03-24,ZHRH0362265719965,Active,755.0
MCH5281,Rajagopalan Ltd,7011,Hotel & Lodging,Sole Proprietor,Bengaluru,Karnataka,2024-04-02,,Active,939.26
MCH1364,Ba1 Gr0Up,5942,Books & Stationery,Sole Proprietor,Lucknow,Uttar Pradesh,2025-02-21,,Active,
MCH4096,"Bhat, Kapoor And Borah",5999,Miscellaneous,Private Limited,Hyderabad,Telangana,2024-11-27,474814059,Active,2092.25
MCH9702,Ranganathan-Madan,7011,Hotel & Lodging,Individual,Hyderabad,Telangana,2025-04-10,RTHS3346421176187,Active,1980.13
MCH5813,Nair Inc,4814,Telecom,Sole Proprietor,Chennai,Tamil Nadu,,,Active,1408.29
MCH5950,Nath-Lad,5812,Restaurants & Food,Individual,Jalandhar,Punjab,2023-12-17,,Active,318.0
MCH8976,Prakash Plc,5699,Apparel & Fashion,Sole Proprietor,Jalandhar,Punjab,2023-02-15,YWYW3270588037167,Suspended,1358.57
MCH1774,"Sundaram, Dani And Mall",5942,Books & Stationery,Partnership,Lucknow,Uttar Pradesh,2024-08-23,XXXX1272,Active,10785.29
MCH6863,Mani Group,5311,Department Store,Individual,Jaipur,Rajasthan,2024-05-30,EJVY0425294699404,Active,2985.0
MCH3586,Dayal-Nagar,5411,Pharmacy,Partnership,Hyderabad,Telangana,2026-01-28,1143347480,Active,2093.13
MCH9834,Handa-Chaudhari,5411,Grocery,Private Limited,Lucknow,Uttar Pradesh,2025-04-27,XXXX0961,Active,3989.9
MCH4723,Kanda Ltd,5999,Miscellaneous,Individual,Chennai,Tamil Nadu,2024-08-27,XXXX1287,Active,649.83
MCH8811,Bobal Llc,5999,Miscellaneous,Partnership,Hyderabad,Telangana,2023-12-18,4729552126,Active,1645.76
MCH2047,Ghose-Kannan,5942,Books & Stationery,Sole Proprietor,Lucknow,Uttar Pradesh,2025-05-24,,Active,1609.08
MCH2308,Bhattacharyya Llc,5311,Department Store,Sole Proprietor,Jalandhar,Punjab,2023-10-14,,Inactive,4753.89
MCH9162,Shankar-Shah,5999,Miscellaneous,Private Limited,Bengaluru,Karnataka,2023-02-22,BRKF3158800571527,Active,
MCH5430,Thakkar And Sons,5699,Apparel & Fashion,Private Limited,Amritsar,Punjab,2023-01-19,,Inactive,4264.84
MCH7768,Sahota-Walia,4131,Transportation,Partnership,Delhi,Delhi,2025-06-19,,On Hold,1097.55
MCH6325,Mannan-Rattan,5311,Department Store,Private Limited,Kolkata,West Bengal,2023-12-29,XXXX9688,Active,1405.47
MCH7362,Kothari Plc,5942,Books & Stationery,Private Limited,Pune,Maharashtra,2026-02-11,XXXX4121,Active,478.42
MCH8060,Nayar-Ahluwalia,5812,Restaurants & Food,Private Limited,Pune,Maharashtra,2025-03-04,6259970343,Inactive,2824.32
MCH1032,Nori-Nigam,7011,Hotel & Lodging,Sole Proprietor,Pune,Maharashtra,2025-09-21,DXHQ1859405929058,Active,652.29
MCH3324,"Thaman, Rajagopal And Borde",7011,Hotel & Lodging,Private Limited,Jalandhar,Punjab,2023-10-09,,Suspended,366.78
MCH7763,"Choudhury, Mody And Tank",5912,Medical,Individual,Chennai,Tamil Nadu,2023-03-11,,Active,777.85
MCH4361,"Dugal, Barad And Nagi",5411,Grocery,Private Limited,Pune,Maharashtra,2025-10-27,XXXX1186,Active,4047.59
MCH1336,Tandon-Pant,5311,Department Store,Sole Proprietor,Jaipur,Rajasthan,2025-09-04,EOFD1587956050833,Active,991.0
MCH2487,"Virk, Ganguly And Saraf",5812,Restaurants & Food,Partnership,Bengaluru,Karnataka,2024-04-24,,Inactive,362.02
MCH5219,Pillay Group,4814,Telecom,Partnership,Jalandhar,Punjab,,XXXX0337,Active,834.97
MCH6308,Seshadri Llc,5699,Apparel & Fashion,Private Limited,Delhi,Delhi,2025-10-03,,Active,422.55
MCH6119,Hayerltd,5912,Pharmacy,Individual,Amritsar,Punjab,2025-12-11,,Active,1262.04
MCH4360,Khurana Ltd,5699,Apparel & Fashion,Partnership,Jaipur,Rajasthan,,7767895451,Active,507.91
MCH3334,Majumdar-Raja,4814,Telecom,Private Limited,Hyderabad,Telangana,2023-09-02,7204878806,Active,2941.2
MCH9879,Venkataraman-Tata,4814,Telecom,Individual,Ludhiana,Punjab,2024-01-04,5404250897,Inactive,2839.66
MCH3553,"Bajwa, Tata And Narula",5912,Medical,Private Limited,Lucknow,Uttar Pradesh,2023-01-02,7783034910,Active,
MCH3504,"Ram, Dora And Bhatti",5942,Books & Stationery,Individual,Pune,Maharashtra,2025-05-08,OOSJ0277155475198,Inactive,520.17
MCH3568,"Choudhury, Trivedi And Bhatnagar",5311,Department Store,Private Limited,Ludhiana,Punjab,2025-04-10,XXXX4927,Active,1208.3
MCH6721,Pradhan-Taneja,5411,Grocery,Individual,Bengaluru,Karnataka,,XXXX4118,Active,433.36
MCH3574,Sodhi-Shan,4131,Transportation,Partnership,Pune,Maharashtra,2025-05-31,YFPD1472473488670,Inactive,4407.0
MCH2015,Gulati Llc,4814,Telecom,Private Limited,Jaipur,Rajasthan,2023-06-22,,Active,17945.28
MCH2215,Maharaj-Kale,7011,Hotel & Lodging,Individual,Kolkata,West Bengal,2024-08-03,,Active,3526.35
MCH4725,Joshi Plc,5311,Department Store,Private Limited,Amritsar,Punjab,2023-05-23,UNBB3297911061225,Active,639.24
MCH7452,Vora-Gill,5999,Miscellaneous,Private Limited,Ludhiana,Punjab,2024-12-05,NKBN9107928248400,Active,254.79
MCH7118,Chaudhry Ltd,5311,Retail,Sole Proprietor,Hyderabad,Telangana,2025-05-15,XXXX9631,Active,6144.18
MCH8813,Dey-Dua,5812,Restaurants & Food,Partnership,Hyderabad,Telangana,2023-11-10,7101082372,Active,1432.39
MCH3698,"Prashad, Viswanathan And Sama",5311,Retail,Partnership,Amritsar,Punjab,2026-09-02,,Active,514.0
MCH4727,Dua-Mishra,5311,Department Store,Sole Proprietor,Pune,Maharashtra,2024-05-18,9730998246,Active,1242.0
MCH1526,Chowdhury And Sons,4814,Telecom,Sole Proprietor,Bengaluru,Karnataka,2023-07-14,HWTS1273017978357,Active,2697.93
MCH4463,"Choudhry, Sahni And Chaudhry",5699,Apparel & Fashion,Individual,Ludhiana,Punjab,2025-01-09,XXXX3118,Active,402.0
MCH1224,Setty-Sami,5942,Books & Stationery,Individual,Kolkata,West Bengal,2023-09-02,7626814027,Active,609.48
MCH1747,"Vig, Cherian And Ch0Udhury",5999,Miscellaneous,Individual,Delhi,Delhi,2025-08-22,,Active,1469.56
MCH4022,"Kade, Sethi And Balakrishnan",4131,Grocery,Sole Proprietor,Ludhiana,Punjab,2025-03-27,XXXX9200,Active,
MCH8068,Narula-Nadkarni,4131,Transportation,Private Limited,Bengaluru,Karnataka,2025-06-08,ATPT6936183619498,Active,
MCH4185,Khanna And S0Ns,5942,Books & Stationery,Private Limited,Pune,Maharashtra,2025-12-24,,Active,1148.06
MCH6563,Naik Plc,4131,Travel,Individual,Jalandhar,Punjab,2025-04-04,,Active,1376.0
MCH2550,Misra-Natarajan,,Transportation,Individual,Ludhiana,Punjab,2023-02-06,7951076714,Active,1549.99
MCH2556,"Zachariah, Manne And Bedi",5942,Books & Stationery,Partnership,Kolkata,West Bengal,2024-10-05,8663284555,Active,1248.82
MCH2592,"Garg, Saha And Sampath",5999,Miscellaneous,Private Limited,Hyderabad,Telangana,2024-03-28,,Active,3945.98
MCH7967,Chandran Inc,5912,Pharmacy,Individual,Bengaluru,Karnataka,2025-06-19,,Active,
MCH8436,Sangha Plc,5942,Books & Stationery,Private Limited,Hyderabad,Telangana,2025-08-16,,Active,
MCH8326,"Bassi, Lalla And Sastry",5411,Grocery,Individual,Amritsar,Punjab,2025-12-30,XXXX1031,Active,1031.0
MCH7629,Taneja-Vyas,5999,Miscellaneous,Individual,Pune,Maharashtra,2023-01-01,70872652,Active,1413.56
MCH2144,Choudhary-Kashyap,5942,Books & Stationery,Partnership,Ludhiana,Punjab,2024-08-13,XXXX3571,Active,350.72
MCH7077,Raman And Sons,5942,Books & Stationery,Partnership,Chennai,Tamil Nadu,2023-07-12,YGME2321336279700,Active,359.0
MCH7034,Deol Llc,5942,Books & Stationery,Individual,Pune,Maharashtra,2026-01-27,,Active,856.21
MCH1954,"Kunda, Kata And Shetty",7011,Telecom,Individual,Pune,Maharashtra,2025-10-19,79661036,Active,923.81
MCH9414,Banik-Garde,5812,Restaurants & Food,Individual,Jalandhar,Punjab,2025-01-16,VESW9193556812149,Active,942.13
MCH8450,Singhal Llc,,Miscellaneous,Private Limited,Jaipur,Rajasthan,2023-07-18,HPUX4362247724149,Active,2472.47
MCH6843,Tata-Borah,7011,Books & Stationery,Sole Proprietor,Mumbai,Maharashtra,2023-04-25,,Active,395.55
MCH4474,Ram Ltd,4814,Telecom,Partnership,Jalandhar,Punjab,2024-07-13,,Active,1082.17
MCH9988,"Johal, Padmanabhan And Sagar",4131,Medical,Individual,Delhi,Delhi,2026-02-02,,Active,1620.14
MCH8734,"Ganguly, Hayre And Choudhury",4814,Telecom,Sole Proprietor,Lucknow,Uttar Pradesh,2023-05-05,8075659044,Active,4276.72
MCH3288,"Bains, Arya And Sanghvi",7011,Hotel & Lodging,Partnership,Mumbai,Maharashtra,2025-11-26,ZNEZ2979868781030,On Hold,
MCH6985,Devi-Radhakrishnan,5942,Books & Stationery,Individual,Jalandhar,Punjab,2023-01-20,VEKB0627444661101,Active,694.07
MCH2528,Bumb Plc,4131,Transportation,Sole Proprietor,Amritsar,Punjab,2024-06-22,,Active,
MCH3237,Gaba Inc,5999,Miscellaneous,Sole Proprietor,Delhi,Delhi,2023-03-06,YPVB7296650386869,Active,
MCH1923,Barad-Devan,5699,Apparel & Fashion,Private Limited,Hyderabad,Telangana,2025-12-08,,Active,300.28
MCH4957,Natt Ltd,5699,Apparel & Fashion,Individual,Lucknow,Uttar Pradesh,,5191776924,Active,1324.11
MCH9467,"Pall, Lala And Dhar",4131,Transportation,Individual,Chennai,Tamil Nadu,2024-09-03,,Active,1206.07
MCH1007,Jain-Wadhwa,7011,Hotel & Lodging,Private Limited,Chennai,Tamil Nadu,2025-06-30,,Inactive,
MCH1543,Parmer Group,4131,Travel,Individual,Hyderabad,Telangana,2025-02-04,,Active,1064.76
MCH2962,"Bala, Grover And Dutta",5411,Grocery,Partnership,Ludhiana,Punjab,2024-07-12,,Active,1134.0
MCH8125,"Sane, Misra And Mitter",5912,Medical,Individual,Bengaluru,Karnataka,2025-10-29,,Active,2004.37
MCH6161,More Plc,5311,Retail,Partnership,Jaipur,Rajasthan,2024-04-15,,Active,849.42
MCH1077,"Peri, Pai And Dani",5311,Department Store,Individual,Pune,Maharashtra,2025-07-24,OBKX2096371467257,Active,1189.85
MCH2924,Chaudhary-Dugar,5942,Books & Stationery,Individual,Mumbai,Maharashtra,2024-12-26,2683760099,Active,770.99
MCH3180,Sanghvi And S0Ns,5912,Pharmacy,Private Limited,Delhi,Delhi,2023-03-06,XXXX6774,Active,2608.0
MCH4969,"Bobal, Garde And Upadhyay",4814,Telecom,Sole Proprietor,Chennai,Tamil Nadu,2023-11-01,XXXX2131,Active,817.93
MCH1159,De Ltd,5942,Books & Stationery,Individual,Kolkata,West Bengal,2025-12-05,,Active,1672.61
MCH7435,"Puri, Biswas And Roy",5912,Medical,Partnership,Jaipur,Rajasthan,2023-12-11,XXXX1625,Suspended,
MCH1299,Mutti Plc,5699,Apparel & Fashion,Partnership,Jaipur,Rajasthan,2023-06-27,8421728078,Active,605.64
MCH4090,Dada Llc,5999,Miscellaneous,Individual,Chennai,Tamil Nadu,2025-02-27,EOAQ0943270820101,Active,1538.0
MCH5562,Savant-Narayan,4131,Travel,Private Limited,Hyderabad,Telangana,2025-11-18,1333760731,Active,2799.21
MCH1625,"Bora, Hayer And Koshy",,Miscellaneous,Individual,Bengaluru,Karnataka,2024-10-24,TNHP5317294437298,Active,
MCH6839,Saha Llc,5411,Grocery,Individual,Chennai,Tamil Nadu,2025-07-20,XXXX2777,Active,1531.04
MCH5749,"Bir, Sibal And Arya",5942,Books & Stationery,Partnership,Mumbai,Maharashtra,2024-05-10,,Active,1490.24
MCH9135,"Nath, Samra And Chopra",4814,Telecom,Sole Proprietor,Kolkata,West Bengal,2026-02-04,7899898758,Active,387.53
MCH6045,"Bajwa, Wali And Walla",5912,Pharmacy,Private Limited,Bengaluru,Karnataka,2023-09-28,2003662760,Active,2897.0
MCH7606,Chaudhari-Raman,5999,Miscellaneous,Private Limited,Bengaluru,Karnataka,2024-08-27,,Active,296.04
MCH5287,Dhillon Inc,5812,Restaurants & Food,Partnership,Chennai,Tamil Nadu,2025-05-25,377274505,Active,
MCH8427,Sankaran-Rai,5942,Books & Stationery,Sole Proprietor,Hyderabad,Telangana,2023-10-17,ZQGR3907039607264,Suspended,302.0
MCH8789,"Pingle,Nadigandnarula",5812,Restaurants & Food,Individual,Ludhiana,Punjab,2025-07-02,3828234177,Active,
MCH4123,"Parekh, Patla And Kar",5942,Books & Stationery,Partnership,Jalandhar,Punjab,2024-11-09,5310260642,Active,2764.76
MCH7554,"J0Ha1, K0Thari And Nagar",4131,Transportation,Individual,Jalandhar,Punjab,2023-02-05,,Active,572.11
MCH4124,"Dara, Salvi And Sawhney",5411,Grocery,Sole Proprietor,Bengaluru,Karnataka,2025-10-12,INFT7849125820167,Active,2121.35
MCH3945,Mukhopadhyay-Raghavan,4131,Transportation,Sole Proprietor,Mumbai,Maharashtra,2023-03-05,XXXX6774,Active,942.71
MCH2516,Ben-Varghese,,Grocery,Sole Proprietor,Chennai,Tamil Nadu,2023-08-04,,Suspended,398.68
MCH7839,Chandra-Borra,5311,Department Store,Sole Proprietor,Lucknow,Uttar Pradesh,2024-11-02,,Active,710.2
MCH1713,Dubey Inc,5812,Restaurants & Food,Sole Proprietor,Kolkata,West Bengal,2025-06-02,XXXX0557,Active,1132.0
MCH1393,Hegde-Bahri,5912,Medical,Partnership,Ludhiana,Punjab,2024-11-15,BAUM6641100955450,Active,6478.07
MCH6508,Kalla-Ramachandran,5699,Apparel & Fashion,Sole Proprietor,Lucknow,Uttar Pradesh,2024-02-04,,Active,321.73
MCH5744,Dalal-Lall,7011,Hotel & Lodging,Private Limited,Chennai,Tamil Nadu,2023-05-31,XXXX1007,Active,3350.6
MCH3289,Rajagopalan-Master,5912,Medical,Private Limited,Mumbai,Maharashtra,2025-05-17,UTKH3152831159971,Active,
MCH9798,Mann-Gera,4131,Transportation,Individual,Jalandhar,Punjab,2025-07-15,AQRW3805344799887,Active,952.0
MCH2041,"Sagar, Chakraborty And Kurian",4131,Travel,Sole Proprietor,Ludhiana,Punjab,2024-03-22,,Inactive,
MCH6114,"Khurana, Chowdhury And Chaudhary",,Telecom,Private Limited,Chennai,Tamil Nadu,,XXXX2122,Active,1212.0
MCH1675,"Dey, Sathe And Sibal",4131,Transportation,Private Limited,Chennai,Tamil Nadu,2025-09-11,DIRY6496511188422,Active,1577.75
MCH6582,Mukhopadhyay Plc,4814,Telecom,Individual,Ludhiana,Punjab,,,Active,572.51
MCH5753,"Nair, Pai And Issac",,Apparel & Fashion,Individual,Mumbai,Maharashtra,2026-01-29,VEQN2292788694850,Active,1860.02
MCH2327,Kibe-Char,5812,Restaurants & Food,Partnership,Hyderabad,Telangana,2025-10-09,XXXX0303,Active,848.32
MCH2634,"Duga1, G0Pa1 And La1A",,Hotel & Lodging,Private Limited,Lucknow,Uttar Pradesh,2023-11-01,XXXX1684,Active,3213.29
MCH2849,Ba1 Llc,5999,Miscellaneous,Sole Proprietor,Mumbai,Maharashtra,2024-02-01,HLTP5468154912269,Inactive,910.62
MCH5408,"Setty, Mangal And Dhar",5411,Grocery,Individual,Mumbai,Maharashtra,2026-01-31,XXXX4132,Active,1231.49
MCH8525,Bah1-Mangat,7011,Hotel & Lodging,Individual,Mumbai,Maharashtra,2025-03-27,,Inactive,444.54
MCH8529,Prakash-Sharaf,4814,Telecom,Partnership,Amritsar,Punjab,2024-10-30,XXXX5799,Inactive,2061.7
MCH3438,Murty-Parmar,4131,Telecom,Private Limited,Amritsar,Punjab,2024-04-10,LRSK8249071074897,Active,621.11
MCH4857,Sethi-Soni,4131,Transportation,Individual,Ludhiana,Punjab,2026-02-28,,Active,278.84
MCH8297,Desai Ltd,,Retail,Sole Proprietor,Amritsar,Punjab,2023-06-24,,Suspended,8921.0
MCH2119,Kashyap Ltd,5699,Apparel & Fashion,Individual,Chennai,Tamil Nadu,2023-07-23,QOGH2854636021780,Inactive,1155.58
MCH4106,"Ramanathan, Bava And Dasgupta",5912,Pharmacy,Private Limited,Ludhiana,Punjab,2023-09-23,,Inactive,902.18
MCH8037,Patla-Balakrishnan,4814,Telecom,Sole Proprietor,Pune,Maharashtra,2025-09-19,4862107137,Active,327.35
MCH2627,Gupta And Sons,5699,Apparel & Fashion,Individual,Delhi,Delhi,2025-04-01,UVIS7862723743155,Active,1249.33
MCH5723,Doctor Llc,,Grocery,Private Limited,Kolkata,West Bengal,2023-04-08,XXXX6555,Active,
MCH5408,"Mani, Reddy And Shah",4814,Telecom,Partnership,Mumbai,Maharashtra,2025-03-02,,Active,1405.07
MCH6875,Anand-Bajwa,7011,Hotel & Lodging,Private Limited,Pune,Maharashtra,2025-06-15,5856572593,Active,1892.34
MCH9813,Modi Group,5912,Pharmacy,Sole Proprietor,Kolkata,West Bengal,2023-01-13,NMVQ7058285918265,Inactive,3354.47
MCH8569,Tara Ltd,5812,Restaurants & Food,Individual,Lucknow,Uttar Pradesh,2025-11-18,,Active,1022.19
MCH8330,"Dhawan, Tella And Rau",4131,Transportation,Private Limited,Chennai,Tamil Nadu,2023-01-20,,Active,1437.59
MCH4614,"Savant, Sur And Sani",5411,Grocery,Sole Proprietor,Chennai,Tamil Nadu,2023-03-05,,Inactive,1483.0
MCH7165,Kulkarni-Ramanathan,4814,Telecom,Private Limited,Amritsar,Punjab,2025-01-28,8142627827,Active,284.68
MCH7038,Mannan-Singh,5942,Books & Stationery,Individual,Bengaluru,Karnataka,2025-05-25,KOWX5085991997722,Inactive,620.0
MCH3625,Singhal Ltd,5812,Restaurants & Food,Sole Proprietor,Mumbai,Maharashtra,2025-10-28,XXXX0908,Active,10079.36
MCH4690,Natt-Bhattacharyya,5311,Department Store,Private Limited,Amritsar,Punjab,,HZVJ1693332420203,Inactive,150.96
MCH8138,Chaudhuri-Varma,5311,Department Store,Individual,Chennai,Tamil Nadu,2025-05-12,,Active,1502.0
MCH8098,"Chauhan, Magar And Parsa",5411,Grocery,Private Limited,Delhi,Delhi,2024-06-29,112525902,Active,
MCH8399,"La11A, Wadhwa And Bhardwaj",,Restaurants & Food,Private Limited,Kolkata,West Bengal,2025-09-05,XXXX6906,Active,1773.81
MCH4932,Khosla And Sons,5812,Restaurants & Food,Sole Proprietor,Jalandhar,Punjab,2024-09-08,QSCW5400259337785,Inactive,340.55
MCH9038,Dargroup,5942,Books & Stationery,Sole Proprietor,Amritsar,Punjab,2024-02-06,PWGC8781462428260,Active,1037.27
MCH6862,"Agrawal, Butala And Ravi",5912,Medical,Private Limited,Mumbai,Maharashtra,2025-01-25,,Active,1279.37
MCH6922,"Bassi, Dara And Dutt",5699,Apparel & Fashion,Private Limited,Bengaluru,Karnataka,2023-04-01,XXXX6999,Active,1736.93
MCH6654,Cheema-Dara,7011,Hotel & Lodging,Partnership,Mumbai,Maharashtra,2023-12-26,ETTT3125962256169,Active,581.25
MCH2755,"Majumdar, Ravi And Dave",5999,Miscellaneous,Partnership,Mumbai,Maharashtra,2026-02-13,,Active,
MCH5136,Thakur And Sons,4131,Transportation,Sole Proprietor,Jaipur,Rajasthan,2025-10-02,8466988688,Suspended,2681.3
MCH4583,Badal Inc,5699,Apparel & Fashion,Partnership,Amritsar,Punjab,2025-07-08,4453438674,Active,2513.6
MCH1096,Subramanian-Prasad,5699,Apparel & Fashion,Individual,Hyderabad,Telangana,2025-03-07,,Active,8373.82
MCH4090,Mittalllc,4131,Transportation,Individual,Delhi,Delhi,2025-02-03,XXXX8621,Active,
MCH6628,Thakur-Kunda,5912,Telecom,Private Limited,Delhi,Delhi,2025-05-13,XXXX4289,Active,1718.0
MCH2725,Varma-Loke,5812,Restaurants & Food,Partnership,Kolkata,West Bengal,2023-12-21,,Inactive,4486.37
MCH3600,Gole And Sons,4131,Transportation,Sole Proprietor,Delhi,Delhi,2023-09-10,,On Hold,1548.59
MCH2724,Aggarwal Group,5812,Restaurants & Food,Individual,Bengaluru,Karnataka,,2736138598,Active,
MCH1100,Swamy Inc,5311,Retail,Partnership,Ludhiana,Punjab,2024-08-17,9084083237,Inactive,2008.22
MCH4153,Shroff Ltd,5999,Miscellaneous,Sole Proprietor,Kolkata,West Bengal,2025-07-11,,Active,3578.7
MCH5459,Sachdev Ltd,5699,Apparel & Fashion,Sole Proprietor,Bengaluru,Karnataka,,HQPJ1613148200279,On Hold,1804.28
MCH8338,"Sastry, Deo And Char",7011,Hotel & Lodging,Individual,Mumbai,Maharashtra,2024-07-23,,Active,3821.74
MCH6743,Manne-Prasad,5999,Miscellaneous,Individual,Amritsar,Punjab,2025-07-14,XXXX4125,Inactive,
MCH7482,"Bail, Verma And Sur",5699,Apparel & Fashion,Private Limited,Jalandhar,Punjab,2024-02-06,,Active,249.45
MCH9831,"Nayar, Sridhar And Shankar",5411,Grocery,Sole Proprietor,Bengaluru,Karnataka,2023-03-05,,Active,2558.5
MCH1183,Rajan Llc,5812,Restaurants & Food,Private Limited,Bengaluru,Karnataka,2023-02-02,,Active,1717.84
MCH3880,Gole And Sons,5999,Miscellaneous,Partnership,Hyderabad,Telangana,2024-10-02,,Active,4989.21
MCH1050,Trivedi-Zachariah,5699,Apparel & Fashion,Sole Proprietor,Jaipur,Rajasthan,2025-01-30,368449602,Active,2479.88
MCH7088,Prabhu-Agarwal,5311,Department Store,Sole Proprietor,Mumbai,Maharashtra,2025-11-30,1353265918,Inactive,5426.05
MCH8436,Sagar Plc,5999,Miscellaneous,Sole Proprietor,Pune,Maharashtra,2025-04-14,6639530850,Active,642.69
MCH5360,Pillai And Sons,5912,Pharmacy,Individual,Lucknow,Uttar Pradesh,2025-05-07,,Active,745.28
MCH9840,"Gara, Bedi And Dua",5942,Books & Stationery,Private Limited,Amritsar,Punjab,2025-12-09,4627903528,Active,369.0
MCH7167,"Bir, Kunda And Manne",5942,Books & Stationery,Partnership,Hyderabad,Telangana,2023-05-26,DXXE7335968012539,Active,397.0
MCH3520,Jhaveri And Sons,7011,Hotel & Lodging,Individual,Bengaluru,Karnataka,2023-03-22,2637882357,Active,1231.0
MCH3439,"Grewal, Kar And Krishnan",4814,Telecom,Partnership,Ludhiana,Punjab,2025-08-08,,Inactive,761.0
MCH8004,Hayre-Agate,5999,Miscellaneous,Individual,Amritsar,Punjab,2025-10-01,2751341092,Inactive,934.62
MCH4807,"Dutt, Pandey And Tella",5912,Pharmacy,Individual,Chennai,Tamil Nadu,2024-05-14,RXUW0906720577178,Active,1458.0
MCH7428,Vohra Ltd,5311,Department Store,Sole Proprietor,Kolkata,West Bengal,,,Active,1227.52
MCH9431,Madan-Kota,4131,Travel,Private Limited,Bengaluru,Karnataka,2023-05-02,1678744111,Active,436.79
MCH3887,Pa11A-Sah0Ta,7011,Hotel & Lodging,Partnership,Kolkata,West Bengal,2025-11-19,EUVX7549332799238,Inactive,1596.95
MCH4831,Gala Group,5311,Department Store,Sole Proprietor,Pune,Maharashtra,2025-05-05,,Active,1889.75
MCH6683,Pai Inc,5411,Grocery,Individual,Chennai,Tamil Nadu,2025-11-29,XSXE7944444672498,Active,
MCH2199,Subramanian Inc,5311,Department Store,Private Limited,Bengaluru,Karnataka,2024-01-14,,Suspended,369.25
MCH8481,"Dixit,Geraandgara",4131,Transportation,Sole Proprietor,Jaipur,Rajasthan,,COTV7157526007969,Active,1730.88
MCH2047,"Kalita, Nagarajan And Joshi",5999,Miscellaneous,Individual,Pune,Maharashtra,2024-07-07,8653452097,Inactive,341.63
MCH6036,Chhabra Group,5699,Apparel & Fashion,Sole Proprietor,Amritsar,Punjab,2024-10-01,XXXX4226,Active,
MCH6431,"Batra, Pant And Devan",7011,Hotel & Lodging,Partnership,Bengaluru,Karnataka,2026-01-31,XXXX1013,Inactive,1564.0
MCH9800,"Om, Rana And Bhatti",5311,Department Store,Partnership,Hyderabad,Telangana,,XXXX5409,Active,
MCH6527,"Lalla, Bhandari And Mane",5411,Grocery,Sole Proprietor,Pune,Maharashtra,2025-09-07,AWSX7915320511081,Active,
MCH8920,"Parekh, Srivastava And Choudhury",5311,Department Store,Private Limited,Delhi,Delhi,2023-12-15,XXXX5523,Active,19788.99
MCH5516,Muni Llc,5699,Apparel & Fashion,Individual,Kolkata,West Bengal,2025-11-17,,Active,1139.0
MCH6559,"Master, Dutta And Dash",5999,Miscellaneous,Individual,Ludhiana,Punjab,2024-05-12,,Active,521.0
MCH9845,Misra-Varghese,5912,Pharmacy,Sole Proprietor,Ludhiana,Punjab,2025-12-30,,Active,186.59
MCH3964,"Bala, Chanda And Loyal",5942,Books & Stationery,Partnership,Jaipur,Rajasthan,2023-09-05,CFOS0283411374388,Inactive,2002.33
MCH8953,Narayan-Uppal,5912,Pharmacy,Private Limited,Ludhiana,Punjab,2025-06-28,AXNQ2993996148384,Active,2726.98
MCH8750,Nair Ltd,5699,Apparel & Fashion,Individual,Jaipur,Rajasthan,2024-03-22,,Active,3874.0
MCH3086,Nori-Mishra,5912,Pharmacy,Sole Proprietor,Kolkata,West Bengal,2023-05-20,,Inactive,1788.09
MCH4990,"Ramakrishnan, Dey And Thakkar",5411,Grocery,Private Limited,Mumbai,Maharashtra,,OWGO7691795560125,Active,
MCH4794,Borra-Dutt,7011,Hotel & Lodging,Private Limited,Jaipur,Rajasthan,2024-09-19,XRGH9133437458010,Active,1006.04
MCH6262,Saran Ltd,5311,Department Store,Partnership,Mumbai,Maharashtra,2025-08-04,XXXX7596,Inactive,6560.0
MCH8146,Bath-Purohit,5942,Books & Stationery,Sole Proprietor,Delhi,Delhi,2025-04-28,XXXX1421,Active,5566.64
MCH5387,Hayre-Chaudry,5699,Apparel & Fashion,Sole Proprietor,Amritsar,Punjab,2023-06-11,XXXX7071,Active,1445.17
MCH4827,"Deol, Rastogi And Khatri",4814,Telecom,Sole Proprietor,Lucknow,Uttar Pradesh,2024-05-10,,Active,810.0
MCH9826,Rana And Sons,,Grocery,Private Limited,Bengaluru,Karnataka,2023-07-07,ZBMZ7199667891551,Active,739.28
MCH1349,Mital-Narasimhan,5311,Department Store,Private Limited,Jaipur,Rajasthan,2025-02-14,965472450,Active,538.14
MCH2582,Lal Plc,5912,Pharmacy,Sole Proprietor,Delhi,Delhi,2025-09-13,,Active,1344.48
MCH8268,Krishnamurthy-Chopra,5942,Books & Stationery,Private Limited,Chennai,Tamil Nadu,2025-09-13,9959196450,Active,1218.95
MCH5934,Halder Llc,7011,Hotel & Lodging,Private Limited,Amritsar,Punjab,2023-03-22,CBWB3662425285759,Active,1201.69
MCH6556,"Gala, Kale And Manne",5699,Apparel & Fashion,Partnership,Delhi,Delhi,2025-08-22,,Active,760.0
MCH1072,Kalla-Khalsa,5812,Restaurants & Food,Private Limited,Mumbai,Maharashtra,2025-11-10,,Inactive,422.23
MCH5979,Mani Group,4131,Travel,Private Limited,Bengaluru,Karnataka,2024-07-15,,Suspended,4686.23
MCH9802,Kashyap Llc,4814,Telecom,Private Limited,Amritsar,Punjab,,4417851194,Inactive,378.5
MCH2817,"Hayre, Ramesh And Parikh",4814,Telecom,Individual,Kolkata,West Bengal,2025-04-23,HCIS1374268781822,Active,1790.3
MCH2403,Chana-Yohannan,5411,Grocery,Partnership,Kolkata,West Bengal,2025-07-28,,Active,574.13
MCH2347,"Dara, Ravel And Soni",5912,Pharmacy,Sole Proprietor,Amritsar,Punjab,2023-12-09,LYBJ8156884625938,Active,3169.93
MCH3189,Prasad Inc,4814,Telecom,Individual,Lucknow,Uttar Pradesh,2025-07-30,,Active,2516.09
MCH1974,Kap00R Llc,4131,Transportation,Partnership,Chennai,Tamil Nadu,2024-05-12,5931788473,Active,
MCH2710,"Batta, Shetty And Ka1Ita",5699,Apparel & Fashion,Individual,Hyderabad,Telangana,2025-08-17,2640797887,Active,109.84
MCH2994,Kumar Plc,4814,Telecom,Sole Proprietor,Jalandhar,Punjab,2024-11-13,,Active,653.34
MCH1126,"Nayak, Dhaliwal And Soman",5411,Grocery,Partnership,Jalandhar,Punjab,2026-12-02,,Active,564.83
MCH2157,Parmer-Sinha,5912,Pharmacy,Partnership,Delhi,Delhi,2023-10-22,,Active,1536.42
MCH7925,"Bedi, Shroff And Nadkarni",4131,Transportation,Sole Proprietor,Lucknow,Uttar Pradesh,2023-07-07,BECU4208184850705,Active,2480.62
MCH4237,"Deshmukh, Ghose And Chhabra",,Restaurants & Food,Sole Proprietor,Pune,Maharashtra,2024-02-12,,Suspended,5905.65
MCH2902,Samra-Kapur,5411,Grocery,Individual,Chennai,Tamil Nadu,2024-04-24,XXXX9404,Active,
MCH7744,Nath Plc,5311,Retail,Individual,Amritsar,Punjab,2026-02-08,,Active,
MCH1806,Thaker-Dutt,,Apparel & Fashion,Individual,Ludhiana,Punjab,2024-05-02,1201362088,Active,6418.0
MCH1401,Din And Sons,5411,Grocery,Individual,Amritsar,Punjab,2025-07-20,2717124397,Active,286.09
MCH9692,Parekh-Kurian,5699,Apparel & Fashion,Individual,Jaipur,Rajasthan,2025-10-20,XXXX0036,Active,
MCH5476,Buch Group,,Pharmacy,Private Limited,Delhi,Delhi,2024-08-03,,Active,1311.87
MCH1059,Prasad Ltd,4814,Telecom,Partnership,Hyderabad,Telangana,2023-03-18,XXXX9900,Active,4187.75
MCH6585,Kara-Nath,5699,Apparel & Fashion,Private Limited,Kolkata,West Bengal,2024-12-29,436756334,Inactive,2202.59
MCH7026,Ganesan-Manda,7011,Hotel & Lodging,Sole Proprietor,Mumbai,Maharashtra,2025-09-30,6953234378,Active,1364.0
MCH7949,Vohra-Chaudhary,4131,Transportation,Private Limited,Mumbai,Maharashtra,2023-10-14,,Active,265.37
MCH8473,"Tella, Dara And Krish",4814,Telecom,Private Limited,Mumbai,Maharashtra,2025-06-21,,Active,320.84
MCH7144,"Char, Kapadia And Palla",5999,Miscellaneous,Private Limited,Mumbai,Maharashtra,2025-03-23,8545782179,Inactive,4555.85
MCH1075,Pingle-Mohan,5912,Medical,Sole Proprietor,Ludhiana,Punjab,2025-02-24,XXXX2118,Active,1639.19
MCH1736,Barman Inc,4131,Transportation,Partnership,Jaipur,Rajasthan,2025-06-08,,Active,1937.05
MCH1365,Ahluwalia-Choudhary,5311,Retail,Private Limited,Ludhiana,Punjab,2023-10-03,XXXX5844,Active,4292.21
MCH4496,"Shroff,Ahujaandkumar",4814,Telecom,Partnership,Amritsar,Punjab,2025-05-11,5684338286,Active,
MCH9091,"Dewan, Hayre And Kala",4131,Transportation,Sole Proprietor,Amritsar,Punjab,,VGTR9380587606414,Inactive,4267.28
MCH6882,"Thaker, Hans And Chandra",4131,Transportation,Private Limited,Lucknow,Uttar Pradesh,2025-02-10,XXXX2452,Inactive,274.11
MCH4736,Suresh-Gola,5942,Books & Stationery,Partnership,Mumbai,Maharashtra,2023-08-24,OCLG6376733151298,Active,885.16
MCH3882,Kannan Plc,5912,Medical,Individual,Pune,Maharashtra,2024-06-08,4780136395,Active,1470.9
MCH8568,Krishna-Agrawal,4814,Telecom,Partnership,Kolkata,West Bengal,2024-10-25,7283032727,Inactive,412.1
MCH2075,"Dhar,Deoandrau",5912,Pharmacy,Individual,Delhi,Delhi,2024-09-01,32289516,Active,1584.12
MCH4006,Thakur-Narayan,5411,Grocery,Private Limited,Amritsar,Punjab,2024-06-23,693723278,Inactive,282.17
MCH5236,Basak-Madan,5999,Miscellaneous,Private Limited,Delhi,Delhi,,1939509420,Active,389.03
MCH9744,Walia Inc,5942,Books & Stationery,Sole Proprietor,Bengaluru,Karnataka,2024-06-24,XXXX8765,Active,574.28
MCH9394,Pal-Taneja,4814,Telecom,Private Limited,Ludhiana,Punjab,2024-01-02,,Inactive,311.59
MCH3817,Subramanian Group,5311,Department Store,Sole Proprietor,Ludhiana,Punjab,,XXXX6376,Active,3916.72
MCH2495,Solanki Llc,,Books & Stationery,Private Limited,Delhi,Delhi,2023-05-19,8034024153,Active,1374.43
MCH4712,"Zacharia, Shere And Dhar",5912,Medical,Private Limited,Jalandhar,Punjab,2023-04-27,XXXX2361,Active,2235.26
MCH2658,"Parmar, Purohit And Bhasin",5812,Restaurants & Food,Sole Proprietor,Bengaluru,Karnataka,,8958415885,Active,548.82
MCH4922,Cheema Group,5999,Miscellaneous,Partnership,Hyderabad,Telangana,2024-03-20,,Active,324.81
MCH6420,Wadhwa And Sons,5912,Medical,Partnership,Bengaluru,Karnataka,,724197412,Active,160.44
MCH3167,"Grewal, Biswas And Naidu",5411,Grocery,Sole Proprietor,Jaipur,Rajasthan,2024-02-19,,Active,2704.22
MCH1987,"Dora, Sarma And Biswas",4814,Telecom,Partnership,Mumbai,Maharashtra,2023-01-31,NNVG3490646202999,Active,3268.84
MCH5710,Karnik Ltd,5942,Books & Stationery,Partnership,Jaipur,Rajasthan,2025-12-24,4751773025,Active,2156.34
MCH6789,Sanghvi-Garg,5699,Apparel & Fashion,Individual,Kolkata,West Bengal,,XXXX2367,Active,8043.93
MCH5807,Madan Ltd,5311,Department Store,Sole Proprietor,Jalandhar,Punjab,2023-11-06,XXXX1600,Active,1974.14
MCH4389,"Bobal, Chakrabarti And Dash",5912,Pharmacy,Sole Proprietor,Pune,Maharashtra,2026-02-04,,Active,445.95
MCH6072,"Bassi, Sarma And Yohannan",,Miscellaneous,Sole Proprietor,Chennai,Tamil Nadu,2024-01-14,OFUG5890068758335,Active,1959.53
MCH9352,Bains Group,,Retail,Individual,Chennai,Tamil Nadu,2026-01-13,,Inactive,1537.37
MCH7619,"Ranganathan, Kumer And Pandya",5311,Department Store,Private Limited,Kolkata,West Bengal,2023-02-11,XXXX7479,Active,
MCH6050,"Choudhary, Shanker And Rajan",5812,Restaurants & Food,Individual,Ludhiana,Punjab,2024-03-26,1328212555,Active,
MCH2730,Hans Llc,,Miscellaneous,Individual,Jaipur,Rajasthan,2025-06-23,,Active,1392.27
MCH7773,"Mannan, Rout And Dara",7011,Hotel & Lodging,Individual,Jalandhar,Punjab,,2874939436,Active,649.31
MCH4490,"Doshi, Raj And Bumb",5411,Grocery,Partnership,Ludhiana,Punjab,2025-07-28,XXXX2409,Active,748.4
MCH4031,"Mitra, Bali And Rai",5942,Books & Stationery,Private Limited,Lucknow,Uttar Pradesh,2026-01-12,,Active,9089.26
MCH3031,Morar And Sons,5411,Grocery,Individual,Pune,Maharashtra,2025-04-23,,Active,4053.43
MCH4700,"Rajan, Garg And Ray",,Apparel & Fashion,Individual,Chennai,Tamil Nadu,,ZNYW6274259007166,Active,805.94
MCH9517,Menon Inc,,Hotel & Lodging,Sole Proprietor,Mumbai,Maharashtra,2023-09-23,XXXX3518,Active,
MCH1763,Dhillon Ltd,5912,Department Store,Partnership,Jalandhar,Punjab,2026-02-22,4567982166,Active,231.69
MCH7074,Chakrabarti-Rama,4131,Travel,Individual,Pune,Maharashtra,2025-08-06,3727290380,Active,843.0
MCH1948,"Sundaram, Sami And Jha",4814,Telecom,Private Limited,Jaipur,Rajasthan,2024-07-17,4160009756,Active,634.29
MCH3680,Pradhan Ltd,4131,Travel,Private Limited,Hyderabad,Telangana,2025-11-22,HAKD1990878179577,Active,519.26
MCH1640,Dash Ltd,5699,Apparel & Fashion,Sole Proprietor,Jaipur,Rajasthan,2024-11-25,SPQL0474110490629,Active,328.0
MCH7095,Deshmukh-Sarna,5999,Miscellaneous,Individual,Bengaluru,Karnataka,2023-10-06,,Active,560.73
MCH9457,Som-Ravi,5311,Department Store,Sole Proprietor,Jaipur,Rajasthan,2025-02-19,,Active,672.31
MCH3442,"Thaman, Tata And Divan",5411,Grocery,Sole Proprietor,Jalandhar,Punjab,2024-07-01,5904029606,Suspended,486.0
MCH3974,"Mishra, Baral And Char",5942,Books & Stationery,Sole Proprietor,Chennai,Tamil Nadu,2026-02-22,XXXX0042,On Hold,2017.65
MCH7736,Kara Plc,5699,Apparel & Fashion,Individual,Amritsar,Punjab,2024-01-02,,Active,778.45
MCH1872,Rege Llc,4814,Telecom,Partnership,Bengaluru,Karnataka,2024-06-26,,Active,768.52
MCH7327,"Krish, Dhar And Choudhury",4814,Telecom,Individual,Kolkata,West Bengal,2023-05-22,KDMG5541225124685,Suspended,440.0
MCH7194,Shan And S0Ns,4131,Transportation,Individual,Ludhiana,Punjab,,,Active,983.19
MCH6904,"Dora, Buch And Dara",5411,Grocery,Individual,Lucknow,Uttar Pradesh,2026-01-27,3574033912,Active,
MCH6742,"Garde, Chaudhry And Mistry",7011,Hotel & Lodging,Sole Proprietor,Jalandhar,Punjab,2024-05-03,,Active,646.0
MCH2289,Tank-Datta,5812,Restaurants & Food,Private Limited,Hyderabad,Telangana,2025-10-26,2288122436,Active,372.03
MCH1674,"Bansal, Babu And Bansal",5699,Apparel & Fashion,Individual,Chennai,Tamil Nadu,2024-11-03,,Active,811.0
MCH7412,Chand-Bada1,5812,Restaurants & Food,Private Limited,Mumbai,Maharashtra,2025-08-15,,Inactive,539.2
MCH1107,Sen-Das,,Telecom,Private Limited,Chennai,Tamil Nadu,2024-09-16,VDXT6754486241555,Active,
MCH9858,"Devi, Thaker And Master",5812,Restaurants & Food,Private Limited,Amritsar,Punjab,2024-07-20,,Active,255.83
MCH4167,"Thakur, Purohit And Gade",5311,Retail,Individual,Lucknow,Uttar Pradesh,2024-08-06,XXXX3875,Active,642.28
MCH1581,"Nayak, Verma And Sawhney",5311,Department Store,Partnership,Mumbai,Maharashtra,2025-11-01,,Active,3655.93
MCH3678,"Ramanathan, Oza And Aggarwal",5699,Apparel & Fashion,Partnership,Jalandhar,Punjab,2023-04-03,9191196267,Active,1617.86
MCH2200,Choudhry-Vig,4814,Telecom,Private Limited,Jaipur,Rajasthan,2023-04-21,JBNG6240536039384,Active,207.14
MCH8890,"Kumar, Yogi And Seshadri",5999,Miscellaneous,Sole Proprietor,Lucknow,Uttar Pradesh,2025-01-12,,Active,535.53
MCH2754,Chahal Group,5812,Restaurants & Food,Sole Proprietor,Amritsar,Punjab,2023-09-27,,Active,1452.51
MCH5829,Mall Llc,5699,Apparel & Fashion,Sole Proprietor,Chennai,Tamil Nadu,2023-07-12,,Active,
MCH7829,"Tara, Deo And More",5812,Restaurants & Food,Private Limited,Delhi,Delhi,2024-01-13,,Active,1127.59
MCH7577,"Gandhi, Golla And Arora",5699,Apparel & Fashion,Private Limited,Amritsar,Punjab,2023-01-26,XXXX6249,Active,
MCH8306,"Wason, Saraf And Dube",,Hotel & Lodging,Partnership,Bengaluru,Karnataka,2025-02-15,2587742511,Suspended,67.35
MCH5093,Khatri-Kata,5411,Grocery,Partnership,Jaipur,Rajasthan,2024-10-28,,Inactive,1344.37
MCH1366,"Shah, Roy And Srinivasan",,Grocery,Sole Proprietor,Kolkata,West Bengal,2023-08-03,5320028837,Active,935.11
MCH2189,"Mammen, Balakrishnan And Prakash",5311,Retail,Sole Proprietor,Jaipur,Rajasthan,2025-05-14,,Active,2363.97
MCH9440,Ratti Llc,5311,Retail,Individual,Jalandhar,Punjab,,MAUW1308281422202,Active,186.6
MCH1879,Muni-Sachdeva,5999,Miscellaneous,Individual,Chennai,Tamil Nadu,2023-12-16,XXXX4876,Active,687.52
MCH8933,Karpe Inc,5912,Medical,Private Limited,Amritsar,Punjab,,UYYR5964634247104,Active,2968.0
MCH6809,Reddy-Bhatt,,Apparel & Fashion,Partnership,Bengaluru,Karnataka,2024-08-05,,Active,2382.0
MCH7585,Rattan-Ratti,5699,Apparel & Fashion,Partnership,Pune,Maharashtra,2026-10-02,,Active,
MCH3072,Vora-Soman,5699,Apparel & Fashion,Individual,Amritsar,Punjab,2026-02-13,DNMO7101498768595,Active,1993.93
MCH8352,Tailor And Sons,7011,Hotel & Lodging,Sole Proprietor,Lucknow,Uttar Pradesh,2024-11-06,,Active,1393.59
MCH4260,"Kalla, Banerjee And Choudhary",4814,Telecom,Partnership,Ludhiana,Punjab,,,Active,389.14
MCH3732,"Bhat, Sarin And Wag1E",,Hotel & Lodging,Sole Proprietor,Lucknow,Uttar Pradesh,2025-06-23,,Active,604.0
MCH8076,Banerjee Group,4814,Telecom,Private Limited,Lucknow,Uttar Pradesh,2025-06-08,,Active,1709.68
MCH5490,"Bahl, Kakar And Dara",5699,Apparel & Fashion,Individual,Hyderabad,Telangana,2025-12-28,JQDE2976951081698,Active,1917.65
MCH3715,Bansal Inc,5942,Books & Stationery,Individual,Lucknow,Uttar Pradesh,2024-11-27,,Suspended,2025.81
MCH1588,Doctor Ltd,4131,Transportation,Individual,Ludhiana,Punjab,2025-07-27,XXXX2866,Suspended,1791.21
MCH6949,"Dada, Suri And Chhabra",7011,Hotel & Lodging,Sole Proprietor,Pune,Maharashtra,2024-01-26,2829880140,Active,333.77
MCH4709,Dewan-Jain,4131,Travel,Partnership,Lucknow,Uttar Pradesh,2025-11-02,KNDG8941878782288,Active,108.08
MCH9919,"Ramaswamy,Pallandbahri",5912,Pharmacy,Private Limited,Mumbai,Maharashtra,2026-02-09,,Active,1346.24
MCH7145,Ratti And Sons,7011,Grocery,Sole Proprietor,Pune,Maharashtra,2025-07-01,9050093816,Active,1161.56
MCH7100,Sanghvi-Pandit,5699,Apparel & Fashion,Individual,Pune,Maharashtra,2024-07-09,,Active,
MCH4459,Suresh-Mane,5311,Department Store,Individual,Kolkata,West Bengal,2023-12-25,6103544959,Inactive,3983.0
MCH8968,"Mukherjee,Moraranddesai",5411,Grocery,Individual,Amritsar,Punjab,2023-04-09,,Active,8122.94
MCH7653,Sama-Yogi,5999,Miscellaneous,Sole Proprietor,Hyderabad,Telangana,2025-01-05,,Active,1041.79
MCH4055,Rai Plc,5812,Restaurants & Food,Private Limited,Ludhiana,Punjab,2023-08-12,XXXX0097,Active,283.42
MCH4624,"Loke, Swamy And Mishra",5411,Grocery,Sole Proprietor,Bengaluru,Karnataka,2023-03-09,,Active,228.0
MCH7281,Kalita-Mistry,4814,Telecom,Private Limited,Hyderabad,Telangana,2024-11-24,XXXX5201,Active,2941.71
MCH2154,"Chhabra, Walla And Ramakrishnan",5942,Books & Stationery,Sole Proprietor,Ludhiana,Punjab,2023-10-28,,Inactive,1662.0
MCH7501,Jayaraman Inc,5311,Department Store,Partnership,Kolkata,West Bengal,2024-10-03,XXXX9347,Active,2898.16
MCH6091,Dutt-Nair,5699,Apparel & Fashion,Private Limited,Kolkata,West Bengal,2023-01-30,9792145375,Active,1466.59
MCH7930,"Boase, Barman And Virk",5812,Restaurants & Food,Private Limited,Amritsar,Punjab,2025-05-02,,Active,1076.5
MCH7549,Narayan Plc,7011,Hotel & Lodging,Sole Proprietor,Kolkata,West Bengal,2023-02-22,8324142833,Inactive,2720.0
MCH3172,Kumarandsons,5311,Department Store,Partnership,Amritsar,Punjab,2026-01-14,,Active,3144.22
MCH1063,"Samra, Sur And Venkataraman",5999,Miscellaneous,Private Limited,Chennai,Tamil Nadu,2023-06-13,2476053551,Active,1297.7
MCH4599,Majumdar-Choudhary,,Grocery,Private Limited,Mumbai,Maharashtra,2023-03-05,5607530943,Inactive,1341.81
MCH8345,"Srinivas, Bali And Bhatt",7011,Hotel & Lodging,Sole Proprietor,Jalandhar,Punjab,2023-02-08,,Inactive,1909.16
MCH7846,Chad-Gole,,Miscellaneous,Individual,Mumbai,Maharashtra,2023-08-24,XXXX4268,Active,228.0
MCH9302,Savant-Dave,5311,Department Store,Partnership,Bengaluru,Karnataka,2025-08-17,,Active,543.56
MCH3072,Varkey-Shanker,5999,Miscellaneous,Partnership,Mumbai,Maharashtra,2024-11-30,,Inactive,852.87
MCH9136,Mody Ltd,5411,Grocery,Individual,Chennai,Tamil Nadu,2024-07-10,MHEB9502738400073,Active,1976.5
MCH3328,"Narang, Lal And Bhalla",5942,Books & Stationery,Sole Proprietor,Kolkata,West Bengal,2024-10-20,XXXX6467,Active,3697.78
MCH8145,Dhi110N Llc,7011,Hotel & Lodging,Private Limited,Chennai,Tamil Nadu,2025-12-10,,Active,180.43
MCH7298,"Sangha, Sangha And Kulkarni",5411,Grocery,Individual,Delhi,Delhi,2024-01-28,VEZZ6158628097451,Active,1661.92
MCH6825,Viswanathan Ltd,5912,Pharmacy,Partnership,Mumbai,Maharashtra,2023-10-01,7090133493,Active,1083.22
MCH5704,Biswas-Yohannan,7011,Hotel & Lodging,Sole Proprietor,Kolkata,West Bengal,,XXXX3443,Active,751.57
MCH3055,"Batta, Sha And Dugar",7011,Hotel & Lodging,Private Limited,Chennai,Tamil Nadu,2025-08-18,XXXX2455,Active,262.1
MCH1420,"Hayer, Malhotra And Dugar",5311,Retail,Individual,Pune,Maharashtra,2023-07-08,XXXX5505,Active,1649.54
MCH3796,Swaminathan Ltd,5699,Apparel & Fashion,Partnership,Pune,Maharashtra,2023-02-04,,Active,1024.22
MCH1617,Cherian Llc,5311,Department Store,Individual,Hyderabad,Telangana,2024-02-09,4300505477,Active,
MCH6743,Patla Inc,4814,Telecom,Private Limited,Mumbai,Maharashtra,2026-02-20,EOKT5528330953242,Active,
MCH9220,"Agate,Boaseandkurian",4131,Travel,Sole Proprietor,Delhi,Delhi,,XXXX4686,Inactive,
MCH3161,Mittal-Bawa,5999,Miscellaneous,Private Limited,Jalandhar,Punjab,2023-04-01,,Active,2703.14
MCH7111,Kohli-Zachariah,5411,Grocery,Partnership,Ludhiana,Punjab,2025-08-04,XXXX9398,Active,585.6
MCH9665,Baria And Sons,5699,Apparel & Fashion,Sole Proprietor,Chennai,Tamil Nadu,2023-08-09,VFLG7914496362461,Suspended,4561.8
MCH3594,Om-Tiwari,,Transportation,Partnership,Pune,Maharashtra,2024-07-28,VPIP7717372044916,Active,
MCH2094,Ratti Ltd,5411,Grocery,Sole Proprietor,Bengaluru,Karnataka,,2357394958,Active,4897.48
MCH6255,"Gupta, Kibe And Aurora",7011,Hotel & Lodging,Partnership,Lucknow,Uttar Pradesh,2023-10-31,5876602681,Active,3182.0
MCH5278,"Sarraf, Peri And Ratti",5999,Miscellaneous,Private Limited,Kolkata,West Bengal,2025-04-27,,Active,1446.64
MCH3559,Chokshi Inc,5812,Restaurants & Food,Private Limited,Bengaluru,Karnataka,2024-12-23,XXXX5330,Active,
MCH3567,"Ahuja, Mody And Radhakrishnan",5411,Grocery,Sole Proprietor,Lucknow,Uttar Pradesh,2023-09-24,,Active,1060.67
MCH7164,"Tata, Sachdeva And Palan",4131,Transportation,Individual,Jalandhar,Punjab,2023-08-10,FKFD7859864387581,Active,519.18
MCH5245,"Bhatt, Kakar And Boase",5311,Retail,Individual,Jalandhar,Punjab,2025-06-27,4405470614,Active,2923.74
MCH7814,Mallick-Puri,5812,Restaurants & Food,Sole Proprietor,Jaipur,Rajasthan,2024-03-01,,Active,
MCH9082,Seshadri Group,5812,Restaurants & Food,Sole Proprietor,Jaipur,Rajasthan,2025-11-24,,Active,862.0
MCH2701,"Prabhakar, Saraf And Mand",7011,Hotel & Lodging,Private Limited,Hyderabad,Telangana,2023-01-25,1250735780,Active,2599.41
MCH1409,Baral Llc,5912,Medical,Individual,Hyderabad,Telangana,2023-03-06,,Active,
MCH6943,Vyas Group,5699,Apparel & Fashion,Individual,Amritsar,Punjab,2023-04-11,KIUE4469872424797,Active,
MCH1498,Deo-Mand,5999,Miscellaneous,Sole Proprietor,Chennai,Tamil Nadu,2025-03-01,,Active,1460.33
MCH5367,Reddy-Chakraborty,5699,Apparel & Fashion,Sole Proprietor,Mumbai,Maharashtra,2025-03-01,WHOV7357855523116,Active,1679.09
MCH7262,Loke Llc,4814,Telecom,Partnership,Mumbai,Maharashtra,2023-12-13,XXXX0516,Active,3675.05
MCH2157,"Ramaswamy, Sundaram And Sachdev",4131,Transportation,Individual,Hyderabad,Telangana,2023-05-25,,Suspended,1899.0
MCH7344,Rama-Shukla,5699,Apparel & Fashion,Sole Proprietor,Hyderabad,Telangana,2023-10-11,,Active,1447.45
MCH1047,"Natarajan, Kashyap And Goel",,Hotel & Lodging,Private Limited,Kolkata,West Bengal,2023-08-01,XXXX9448,Active,2594.0
MCH6806,Virk-Batra,7011,Hotel & Lodging,Sole Proprietor,Jaipur,Rajasthan,2024-01-04,1113737217,Active,687.46
MCH5704,Bhardwaj And Sons,5942,Books & Stationery,Sole Proprietor,Delhi,Delhi,2024-03-09,XXXX2621,Active,885.73
MCH4745,"Krishnamurthy, Nath And Chahal",5699,Apparel & Fashion,Sole Proprietor,Chennai,Tamil Nadu,,,Active,1604.97
MCH6523,Ramanathan-Wali,5999,Miscellaneous,Private Limited,Bengaluru,Karnataka,2024-08-27,CTGF7705622759501,Active,2272.75
MCH2450,Bail Plc,5812,Restaurants & Food,Private Limited,Hyderabad,Telangana,2024-04-25,XXXX3279,Active,3923.0
MCH3075,Bedi-Ramanathan,4131,Transportation,Individual,Jalandhar,Punjab,2023-09-29,XXXX7029,Active,1301.0
MCH9836,"Nori, Malhotra And Deep",7011,Hotel & Lodging,Sole Proprietor,Chennai,Tamil Nadu,,XXXX5684,Active,3007.0
MCH4421,Sani Llc,5999,Miscellaneous,Sole Proprietor,Ludhiana,Punjab,2023-05-15,7724162998,Active,901.69
MCH6090,Bahl-Ramanathan,7011,Hotel & Lodging,Sole Proprietor,Jalandhar,Punjab,2025-03-10,3270315873,Active,1685.43
MCH3688,"Nayak, Brar And Sahni",4814,Telecom,Individual,Chennai,Tamil Nadu,2025-08-20,,On Hold,2787.88
MCH8131,Sekhon-Agrawal,5999,Miscellaneous,Private Limited,Kolkata,West Bengal,2023-05-15,,Inactive,5430.66
MCH7276,Talwar-Kant,4131,Transportation,Partnership,Jaipur,Rajasthan,2023-06-23,,Active,692.16
MCH8018,Lad Plc,5411,Grocery,Private Limited,Kolkata,West Bengal,2025-03-27,XXXX3019,Active,655.7
MCH9102,Sastry-Wali,5942,Books & Stationery,Private Limited,Pune,Maharashtra,2025-06-30,WUTS6822135925592,Active,1846.0
MCH3017,Ramanathan And Sons,5311,Department Store,Partnership,Delhi,Delhi,2024-07-06,,Active,
MCH6051,"Prashad, Date And Sodhi",5311,Department Store,Private Limited,Jalandhar,Punjab,2026-01-18,,Active,
MCH2917,Edwin-Ahuja,5411,Grocery,Sole Proprietor,Jalandhar,Punjab,2023-06-08,8964022658,Inactive,490.0
MCH4977,Arora-Nayak,5999,Miscellaneous,Individual,Ludhiana,Punjab,2025-03-05,,Active,1505.38
MCH9418,"Bora, Venkatesh And Loke",5411,Grocery,Individual,Bengaluru,Karnataka,2024-05-22,ZTOW0641939254087,Suspended,1520.21
MCH4114,"Pandya, Jayaraman And Ray",4814,Telecom,Sole Proprietor,Hyderabad,Telangana,2025-01-15,SSMR5889038460894,Inactive,436.15
MCH5963,Mukhopadhyay Ltd,5999,Miscellaneous,Partnership,Pune,Maharashtra,2023-04-09,XXXX5492,Inactive,5714.63
MCH8825,"Mandal, Chaudhari And Savant",5699,Apparel & Fashion,Individual,Jalandhar,Punjab,2025-07-27,8501342789,Active,1817.3
MCH5776,Date-Mangat,7011,Hotel & Lodging,Private Limited,Ludhiana,Punjab,2025-01-15,,Active,
MCH1696,Prakash-Dhar,5411,Grocery,Partnership,Bengaluru,Karnataka,2025-09-01,TXHI7483173386178,Active,567.04
MCH4090,Panchal-Gera,5942,Books & Stationery,Private Limited,Mumbai,Maharashtra,2023-11-23,XXXX0223,Inactive,976.5
MCH4440,"Krishna, Bora And Swaminathan",5699,Apparel & Fashion,Private Limited,Jalandhar,Punjab,2023-04-29,5872380651,On Hold,749.44
MCH8281,Tara-Mander,4131,Transportation,Private Limited,Pune,Maharashtra,2023-11-03,TEPW4553100153492,Active,3216.91
MCH4811,"Rege, Misra And Mander",7011,Hotel & Lodging,Sole Proprietor,Amritsar,Punjab,,,Active,458.06
MCH1830,Shan Llc,7011,Hotel & Lodging,Private Limited,Lucknow,Uttar Pradesh,,8821748714,Active,405.35
MCH8449,Mani-Ramachandran,5912,Pharmacy,Partnership,Delhi,Delhi,2024-12-27,XXXX6183,Active,461.73
MCH2896,"Date, Sahota And Hayre",4131,Transportation,Individual,Chennai,Tamil Nadu,,KPBN8019714054804,Active,1484.62
MCH1093,"Dubey, Uppal And Bhatt",5812,Restaurants & Food,Private Limited,Pune,Maharashtra,2025-04-26,,Inactive,4005.67
MCH9984,Samra And Sons,5942,Books & Stationery,Private Limited,Ludhiana,Punjab,2025-09-02,QLUY8246015665493,Active,983.46
MCH3008,"Datta, Sarkar And Nori",5311,Department Store,Partnership,Ludhiana,Punjab,2024-11-11,,Active,
MCH5159,"Boase, Nadkarni And Kala",4131,Transportation,Private Limited,Jaipur,Rajasthan,2025-05-18,DDIU4780752450137,Active,214.1
MCH5333,Rajagopal-Agate,4814,Telecom,Sole Proprietor,Amritsar,Punjab,,,Inactive,15510.71
MCH2498,Peri-Sachdeva,7011,Hotel & Lodging,Individual,Lucknow,Uttar Pradesh,2024-07-22,7968546113,Active,1576.69
MCH4235,Nagar-Sharma,5311,Retail,Sole Proprietor,Kolkata,West Bengal,2024-02-10,,Active,1671.65
MCH6148,Keer And Sons,4814,Telecom,Private Limited,Kolkata,West Bengal,2024-10-08,,Active,2790.1
MCH4636,Sura And Sons,5699,Apparel & Fashion,Partnership,Mumbai,Maharashtra,2023-12-17,8723730767,Active,
MCH1124,"Hayre, Chana And Bhasin",5699,Apparel & Fashion,Sole Proprietor,Jaipur,Rajasthan,2024-05-10,,Active,843.01
MCH7828,Jhaveri And Sons,5699,Apparel & Fashion,Individual,Kolkata,West Bengal,2026-02-23,3888843924,Active,3105.54
MCH6277,"Mangat, Kaur And Guha",7011,Hotel & Lodging,Partnership,Delhi,Delhi,2024-04-07,,Active,1786.0
MCH4690,"Dutt, Mukhopadhyay And Dara",5999,Miscellaneous,Sole Proprietor,Amritsar,Punjab,2023-04-24,HYJC1967089654932,On Hold,
MCH1243,"Buch, Atwal And Roy",5912,Medical,Partnership,Ludhiana,Punjab,2025-06-12,,Active,1323.94
MCH5851,"Dugar, Shanker And Bedi",,Miscellaneous,Sole Proprietor,Pune,Maharashtra,2024-07-24,,Active,
MCH4064,"Sastry, Sibal And Rajagopal",4131,Transportation,Partnership,Lucknow,Uttar Pradesh,2024-11-23,XXXX7853,Inactive,
MCH8389,Thaman Group,,Restaurants & Food,Individual,Mumbai,Maharashtra,2024-02-17,XXXX0828,Inactive,1716.78
MCH8601,Chahal-Parekh,5812,Restaurants & Food,Private Limited,Amritsar,Punjab,2025-02-20,SPNT7219401023773,Active,
MCH7997,"Rattan, Naik And Singh",5999,Miscellaneous,Individual,Pune,Maharashtra,2024-05-31,MFLT0388804537888,Active,
MCH6078,Oza-Srinivasan,4814,Telecom,Individual,Mumbai,Maharashtra,2023-10-15,,Active,4379.06
MCH7058,"Barad,Palandboase",5311,Department Store,Individual,Kolkata,West Bengal,2025-12-06,XXXX2802,Active,1284.51
MCH7042,Halder-Kalla,,Miscellaneous,Private Limited,Pune,Maharashtra,2023-09-26,,Active,1230.3
MCH9415,Krishnamurthy-Warrior,7011,Hotel & Lodging,Sole Proprietor,Ludhiana,Punjab,2023-02-21,,Active,438.69
MCH4364,Sastry-Shetty,4131,Transportation,Sole Proprietor,Kolkata,West Bengal,2024-06-14,BYKR5512266480306,Active,1128.0
MCH9778,"Chandra, Subramanian And Borde",5942,Books & Stationery,Private Limited,Bengaluru,Karnataka,2025-05-20,2832098556,Active,2313.1
MCH6507,Kadakia Plc,5812,Restaurants & Food,Partnership,Chennai,Tamil Nadu,2023-01-05,XXXX3350,Suspended,740.55
MCH2730,Nayar And Sons,7011,Hotel & Lodging,Sole Proprietor,Jaipur,Rajasthan,2023-06-30,,Active,1113.62
MCH3743,Doctor Ltd,5912,Pharmacy,Sole Proprietor,Hyderabad,Telangana,2023-01-16,BRVO9557812490695,Active,12417.3
MCH9074,Thaman-Ramesh,,Grocery,Private Limited,Delhi,Delhi,2024-08-04,YVFC7381559709766,Active,2298.62
MCH1730,Buch Ltd,5699,Apparel & Fashion,Individual,Kolkata,West Bengal,2023-04-25,,Active,813.32
MCH8953,Oak Inc,5912,Medical,Partnership,Mumbai,Maharashtra,2025-04-18,,Active,
MCH1122,Bakshi And Sons,5912,Department Store,Private Limited,Chennai,Tamil Nadu,2023-09-03,,Active,638.59
MCH5281,Ramaswamy-Bhandari,5411,Grocery,Partnership,Bengaluru,Karnataka,2023-04-04,,Active,113.91
MCH1336,"Narayanan, Anand And Kalita",5999,Miscellaneous,Sole Proprietor,Ludhiana,Punjab,,XXXX4236,Active,699.0
MCH1921,Raj Llc,5999,Miscellaneous,Partnership,Lucknow,Uttar Pradesh,2024-02-12,5917860419,Active,2280.24
MCH3795,Sinha-Ramesh,4814,Telecom,Partnership,Hyderabad,Telangana,2024-06-19,XXXX9092,Active,1083.1
MCH7236,"Ramanathan, Varkey And Iyengar",5812,Restaurants & Food,Partnership,Ludhiana,Punjab,2024-01-17,8807064129,Active,843.44
MCH7057,"Lad, Kala And Bhagat",4814,Telecom,Partnership,Jaipur,Rajasthan,2026-02-10,,Active,1333.8
MCH9560,Puri-Ahluwalia,5999,Miscellaneous,Partnership,Ludhiana,Punjab,2025-06-21,XXXX3305,Active,1176.68
MCH3129,"Ghose,Hariandgarde",5411,Grocery,Sole Proprietor,Ludhiana,Punjab,2025-06-27,GWXI4589298577824,Active,1908.27
MCH8549,"Tandon, Tella And Srinivas",5311,Department Store,Partnership,Jalandhar,Punjab,2025-09-22,,Active,
MCH3163,Hora-Peri,5999,Miscellaneous,Partnership,Kolkata,West Bengal,2025-08-22,CRLP7276100496707,Active,
MCH5857,"Varughese, Vora And Chokshi",4814,Telecom,Individual,Lucknow,Uttar Pradesh,2025-11-21,,Inactive,687.33
MCH6200,"Kapadia, Bail And Badal",4131,Travel,Private Limited,Chennai,Tamil Nadu,2023-09-12,,Active,1183.13
MCH3328,Yadav And Sons,4814,Telecom,Partnership,Lucknow,Uttar Pradesh,2023-04-20,FIFX0642566792123,Active,1324.81
MCH5631,"Bhattacharyya, Behl And Barad",5699,Apparel & Fashion,Sole Proprietor,Bengaluru,Karnataka,2025-08-30,XXXX1656,Active,857.0
MCH9430,"Shetty, Pau And Chhabra",4814,Telecom,Partnership,Pune,Maharashtra,2023-10-31,,Active,927.24
MCH4211,Amb1E-Saha,,Grocery,Sole Proprietor,Delhi,Delhi,2023-06-27,,Active,525.0
MCH8076,Seshadri Llc,5942,Books & Stationery,Partnership,Jaipur,Rajasthan,2025-02-21,,Inactive,4406.44
MCH6366,"Hora, Edwin And Zacharia",4814,Telecom,Sole Proprietor,Ludhiana,Punjab,2025-03-29,8367872742,Active,780.59
MCH3637,Pai-Parikh,5812,Restaurants & Food,Sole Proprietor,Hyderabad,Telangana,2024-06-26,,Active,3420.81
MCH8446,Kuruvi11A Gr0Up,5999,Miscellaneous,Sole Proprietor,Chennai,Tamil Nadu,2025-07-07,,Active,979.24
MCH1454,Mishra-Batra,5999,Miscellaneous,Sole Proprietor,Hyderabad,Telangana,2025-12-02,ARMV5646544388660,Active,163.44
MCH8038,"Sane, Bir And Singhal",5311,Department Store,Individual,Amritsar,Punjab,,,Inactive,1346.16
MCH7919,"Dugar, Buch And Bhatti",5812,Restaurants & Food,Private Limited,Hyderabad,Telangana,2023-11-17,,Active,3138.05
MCH1968,Shroff-Mani,,Grocery,Partnership,Mumbai,Maharashtra,2024-04-10,FIQR5425866491953,Active,1674.0
MCH7955,"Andra, Oommen And Salvi",5699,Apparel & Fashion,Partnership,Amritsar,Punjab,2023-02-02,XXXX5039,Active,
MCH4102,Dass Llc,5912,Pharmacy,Partnership,Kolkata,West Bengal,2026-02-19,XXXX9287,Active,375.32
MCH9153,Amble And Sons,4131,Transportation,Sole Proprietor,Amritsar,Punjab,2025-04-11,RQJV0029687316825,Active,
MCH2724,Saha Group,,Department Store,Individual,Jaipur,Rajasthan,2026-02-09,LOPJ0201883436603,Inactive,
MCH2237,Chatterjee-Din,4814,Telecom,Sole Proprietor,Lucknow,Uttar Pradesh,2023-01-23,4350832934,Active,
MCH6630,"Kalla, Vyas And Lanka",5942,Books & Stationery,Sole Proprietor,Jaipur,Rajasthan,,,Active,257.87
MCH3512,"Bhatti, Khosla And Chhabra",4131,Telecom,Private Limited,Amritsar,Punjab,2023-05-04,,Active,1112.0
MCH2196,Badal-Ghosh,4131,Transportation,Individual,Delhi,Delhi,2024-04-07,XXXX7232,Active,188.84
MCH4340,"Nadig, Kothari And Khalsa",7011,Hotel & Lodging,Partnership,Mumbai,Maharashtra,,,Active,1756.35
MCH5546,"Brar, Rajan And Bhat",4814,Telecom,Private Limited,Bengaluru,Karnataka,2024-10-16,,Active,843.23
MCH6998,Jani-Nayak,5311,Department Store,Individual,Delhi,Delhi,2026-01-27,,Active,3349.13
MCH6746,"Tank, Chanda And Kothari",5411,Grocery,Private Limited,Ludhiana,Punjab,2024-02-04,2882499145,Active,2445.51
MCH6730,"Babu, Sarma And Setty",5912,Pharmacy,Partnership,Lucknow,Uttar Pradesh,2023-10-28,XXXX4738,Active,1118.53
MCH8982,Deo-Nath,5812,Restaurants & Food,Private Limited,Amritsar,Punjab,2023-07-18,,Active,1840.43
MCH8725,Ganesan Inc,5411,Grocery,Private Limited,Jalandhar,Punjab,2023-02-24,,Inactive,
MCH9946,Jain Llc,5912,Medical,Partnership,Pune,Maharashtra,2024-12-10,WESP3308956963595,Active,1421.0
MCH9406,Goyal-Bhakta,5912,Medical,Individual,Delhi,Delhi,2023-11-20,,Active,280.93
MCH6520,Manda-Shah,5912,Medical,Individual,Kolkata,West Bengal,2024-08-01,,Active,1457.02
MCH1959,"Barad, Bala And Chad",5999,Miscellaneous,Individual,Pune,Maharashtra,2025-10-12,,Active,578.42
MCH1388,"Kala, Kunda And Pandit",5912,Medical,Sole Proprietor,Bengaluru,Karnataka,2025-07-22,PZDL0297294331143,Active,3155.43
MCH6155,"Varghese, Mahal And Nadkarni",5812,Restaurants & Food,Private Limited,Jaipur,Rajasthan,2024-07-20,MGRT6859674527943,Active,
MCH9459,Batta-Handa,4131,Transportation,Partnership,Hyderabad,Telangana,2025-06-03,,Active,11281.97
MCH7735,Nanda Plc,5912,Pharmacy,Individual,Kolkata,West Bengal,,4101693364,Active,763.99
MCH9609,Saran-Iyengar,,Restaurants & Food,Sole Proprietor,Bengaluru,Karnataka,2023-11-14,,Active,3223.75
MCH6450,Mishra Plc,5411,Grocery,Individual,Chennai,Tamil Nadu,2024-04-02,,Inactive,
MCH8365,Banik Plc,5999,Miscellaneous,Private Limited,Jalandhar,Punjab,2024-11-01,XXXX2609,Active,3523.0
MCH1756,Ben And Sons,5999,Miscellaneous,Private Limited,Hyderabad,Telangana,2023-08-02,XXXX4519,Active,1706.9
MCH2092,"Dubey, Tara And Thaker",4131,Transportation,Individual,Kolkata,West Bengal,2023-11-09,6682311847,Active,1262.97
MCH9067,Korpal-Som,4814,Telecom,Private Limited,Amritsar,Punjab,2024-10-04,5383470268,Inactive,1246.81
MCH1751,"Keer, Dara And Gour",5942,Books & Stationery,Individual,Ludhiana,Punjab,2023-06-29,,Suspended,1719.3
MCH8437,Sinha Llc,7011,Hotel & Lodging,Sole Proprietor,Kolkata,West Bengal,2025-12-04,,Inactive,761.27
MCH3541,"Srivastava, Tella And Konda",4814,Telecom,Private Limited,Delhi,Delhi,2024-10-31,XXXX6960,Active,2341.43
MCH8777,Kibe Plc,7011,Hotel & Lodging,Partnership,Mumbai,Maharashtra,2023-06-16,3399976956,Inactive,1945.67
MCH1806,Dugar-Rege,5912,Pharmacy,Private Limited,Delhi,Delhi,,7841679256,Suspended,1498.0
MCH8692,"Dubey, Nair And Bobal",5812,Restaurants & Food,Sole Proprietor,Ludhiana,Punjab,2023-04-17,9956125917,Active,2839.54
MCH9009,Badami-Sani,5411,Grocery,Individual,Mumbai,Maharashtra,2024-03-31,XXXX8465,Active,1732.46
MCH9975,Nadkarni-Sane,5999,Miscellaneous,Sole Proprietor,Delhi,Delhi,2025-08-02,XXXX7415,Suspended,4465.19
MCH6473,Tata Group,5812,Restaurants & Food,Private Limited,Lucknow,Uttar Pradesh,2023-04-09,3128582685,Suspended,2924.69
MCH2915,"Vohra, Pathak And Bumb",5912,Pharmacy,Individual,Kolkata,West Bengal,2025-09-06,,Active,459.58
MCH1782,Kari Plc,5411,Grocery,Sole Proprietor,Mumbai,Maharashtra,2024-06-26,,Active,
MCH3487,Soni And Sons,5912,Medical,Sole Proprietor,Lucknow,Uttar Pradesh,2023-05-16,XXXX5287,Active,1671.71
MCH5423,"Chanda, Mallick And Butala",5311,Department Store,Sole Proprietor,Jaipur,Rajasthan,2024-08-25,XXXX3345,Active,458.56
MCH4431,"Wali, Zachariah And Toor",5411,Grocery,Sole Proprietor,Mumbai,Maharashtra,2023-05-13,,Suspended,3595.68
MCH5565,Chatterjee And Sons,5411,Grocery,Sole Proprietor,Pune,Maharashtra,2025-11-12,NMWT6772454974745,Active,1083.09
MCH7273,Keer And S0Ns,7011,Hotel & Lodging,Private Limited,Chennai,Tamil Nadu,2024-08-24,,Active,3146.24
MCH2133,Bose-Saraf,5999,Miscellaneous,Sole Proprietor,Mumbai,Maharashtra,2024-09-19,6035698626,Suspended,
MCH9278,Oza-Gera,4131,Transportation,Partnership,Mumbai,Maharashtra,2024-04-20,,Active,13241.0
MCH7204,Thaman Ltd,4131,Books & Stationery,Individual,Jalandhar,Punjab,2023-09-05,,Active,937.0
MCH6107,"Bhattacharyya, Narayanan And Samra",5812,Restaurants & Food,Partnership,Pune,Maharashtra,2025-02-21,,Active,1215.85
MCH6541,"Mahal, Panchal And Doshi",5912,Pharmacy,Individual,Mumbai,Maharashtra,2024-06-12,XXXX5174,Active,307.0
MCH6607,Bedi-Bhandari,5812,Restaurants & Food,Sole Proprietor,Ludhiana,Punjab,2023-12-30,,Active,1203.0
MCH3281,Thakur-Gade,5912,Pharmacy,Sole Proprietor,Delhi,Delhi,,XXXX4216,Inactive,432.42
MCH6843,Gupta Gr0Up,5942,Books & Stationery,Sole Proprietor,Jaipur,Rajasthan,,WRES2664733004628,Active,825.48
MCH3093,Keer Inc,4814,Telecom,Individual,Jalandhar,Punjab,,5623610175,Inactive,
MCH8879,Raju And Sons,,Medical,Sole Proprietor,Lucknow,Uttar Pradesh,2023-08-30,,Active,906.0
MCH4994,"Uppal, Bawa And Gera",5812,Restaurants & Food,Sole Proprietor,Delhi,Delhi,2023-04-21,,Active,1710.0
MCH1865,Chandra-Pandey,5942,Books & Stationery,Individual,Pune,Maharashtra,2025-11-15,,Active,3847.74
MCH6213,Sangha Llc,,Miscellaneous,Private Limited,Delhi,Delhi,2025-12-03,,Active,722.0
MCH5518,Bhalla-Chaudhuri,5812,Restaurants & Food,Individual,Lucknow,Uttar Pradesh,2025-04-19,,Active,1038.42
MCH5484,Vasa Plc,7011,Hotel & Lodging,Individual,Lucknow,Uttar Pradesh,2023-01-06,KFFT4078081558704,Active,
MCH1591,Ramaswamy-Babu,5311,Department Store,Partnership,Amritsar,Punjab,2024-04-18,,Active,1638.46
MCH4273,Bava Group,5999,Miscellaneous,Private Limited,Ludhiana,Punjab,2024-12-28,OCKK9490643242644,Inactive,2773.64
MCH4101,"Sani, Ben And Subramaniam",5311,Department Store,Private Limited,Pune,Maharashtra,2025-10-20,XXXX9217,Active,1377.51
MCH6102,"Hayre, Peri And Sura",7011,Hotel & Lodging,Private Limited,Ludhiana,Punjab,2024-01-26,FLWX5559304020457,Active,
MCH5160,Subramanian Inc,7011,Hotel & Lodging,Partnership,Amritsar,Punjab,2025-11-17,,Active,1435.76
MCH1101,Seshadri-Rajagopalan,4814,Telecom,Individual,Kolkata,West Bengal,2023-06-28,,Inactive,3516.26
MCH7517,"Banik, Kamdar And Dada",5699,Apparel & Fashion,Individual,Amritsar,Punjab,2025-07-20,YYXV9001319720217,Active,2046.69
MCH6187,"Shanker, Sastry And Rattan",4131,Travel,Individual,Delhi,Delhi,2025-11-17,,Active,327.19
MCH8614,Singhal Group,5912,Medical,Sole Proprietor,Bengaluru,Karnataka,2025-03-27,XXXX4582,Active,4570.35
MCH6390,Barman Plc,,Medical,Individual,Kolkata,West Bengal,2023-11-24,XXXX9714,Active,
MCH4835,Hari Inc,5912,Medical,Individual,Hyderabad,Telangana,2024-06-10,XXXX3222,Active,348.86
MCH2731,Krishna-Kumar,5311,Department Store,Private Limited,Ludhiana,Punjab,2025-12-18,XXXX8549,Active,1031.53
MCH5040,Lala-Pandit,5411,Grocery,Individual,Kolkata,West Bengal,,,Active,709.71
MCH4086,"Kannan, Varghese And Lalla",5311,Retail,Private Limited,Mumbai,Maharashtra,2024-08-12,493830742,Active,1459.96
MCH1033,Sidhu And Sons,4814,Telecom,Individual,Jalandhar,Punjab,2023-09-11,WXKC0706100279623,Active,1871.48
MCH6360,"Desai, Shroff And Goel",7011,Hotel & Lodging,Private Limited,Jalandhar,Punjab,2025-11-11,7990572488,Inactive,635.23
MCH7514,Ahuja-Bobal,5311,Retail,Sole Proprietor,Lucknow,Uttar Pradesh,2024-04-19,,Active,1943.52
MCH1193,"Padmanabhan, Sekhon And Dhawan",5812,Restaurants & Food,Partnership,Lucknow,Uttar Pradesh,2025-01-16,,Active,1712.05
MCH6256,Manda Inc,5912,Pharmacy,Partnership,Ludhiana,Punjab,2024-09-27,,Active,574.96
MCH8337,Padmanabhan-Nanda,5999,Miscellaneous,Individual,Bengaluru,Karnataka,2024-08-20,OIGZ3615629643358,Active,694.67
MCH9797,"Basu, Kota And Hora",7011,Hotel & Lodging,Individual,Jaipur,Rajasthan,,,Active,3455.43
MCH8939,"Dhawan, Kamdar And Dalal",5812,Restaurants & Food,Individual,Bengaluru,Karnataka,2023-01-06,807622113,Active,729.0
MCH6112,Luthra-Grover,5942,Books & Stationery,Partnership,Jaipur,Rajasthan,2024-06-22,,Active,1366.0
MCH8308,"Ganguly, Raj And Keer",4131,Telecom,Individual,Amritsar,Punjab,2023-02-04,5508076719,Active,3204.8
MCH6493,"Subramaniam, Prashad And Parmer",,Transportation,Sole Proprietor,Mumbai,Maharashtra,2025-04-13,XXXX8820,Inactive,
MCH2825,Ku1Karni Inc,4814,Telecom,Individual,Ludhiana,Punjab,2023-07-18,QGWN3520325181186,Active,1291.01
MCH2404,Mutti-Seshadri,5411,Grocery,Individual,Ludhiana,Punjab,2026-01-13,,Active,233.4
MCH7912,Som-Mistry,,Miscellaneous,Partnership,Jaipur,Rajasthan,2025-08-29,,Active,
MCH4674,Sachar-Loke,5699,Apparel & Fashion,Private Limited,Jalandhar,Punjab,,,Active,1222.52
MCH3705,Vig Ltd,5942,Books & Stationery,Individual,Chennai,Tamil Nadu,,,Active,1102.78
MCH3637,"Lalla, Deep And Sama",5699,Apparel & Fashion,Individual,Pune,Maharashtra,2023-05-27,GKWZ9818461335290,Active,560.03
MCH8553,Kumar And Sons,5411,Grocery,Partnership,Jalandhar,Punjab,2025-11-15,,Active,1412.27
MCH1071,Shankargroup,7011,Hotel & Lodging,Individual,Mumbai,Maharashtra,2024-06-23,6765564160,Active,
MCH7862,Pandit-Ratti,5912,Medical,Individual,Amritsar,Punjab,2023-04-23,,Active,558.23
MCH7965,Magar-Kant,5311,Department Store,Sole Proprietor,Pune,Maharashtra,2024-05-13,XXXX3832,Active,567.32
MCH3269,Kara-Ramaswamy,,Restaurants & Food,Partnership,Pune,Maharashtra,2023-12-07,,Active,1481.0
MCH2501,Ravel Inc,,Pharmacy,Partnership,Ludhiana,Punjab,2024-08-13,XXXX9432,Active,2494.94
MCH5502,Kaul-Nayar,5912,Pharmacy,Sole Proprietor,Chennai,Tamil Nadu,2024-10-18,267393457,Active,716.0
MCH3983,Behl-Viswanathan,5411,Grocery,Partnership,Ludhiana,Punjab,2024-04-23,PHDB4189535389714,Active,1037.83
MCH3610,Khanna-Goswami,,Telecom,Sole Proprietor,Amritsar,Punjab,2023-07-11,,Active,940.6
MCH8607,Sachdeva-Dutta,4814,Telecom,Partnership,Jalandhar,Punjab,2026-02-16,HBCE1328673504211,Active,699.07
MCH7900,Lala-Kashyap,,Medical,Individual,Chennai,Tamil Nadu,2024-06-01,DYCG4683635893934,Active,1298.0
MCH3259,Bajaj-Mann,4131,Transportation,Individual,Amritsar,Punjab,2024-05-09,VUFB9274060732272,Active,426.0
MCH1697,Sodhi-Ramakrishnan,4814,Telecom,Private Limited,Lucknow,Uttar Pradesh,2023-04-13,QYQC0323724202438,Suspended,1234.06
MCH5825,Bhardwaj-Sachdeva,5942,Books & Stationery,Partnership,Bengaluru,Karnataka,2024-05-17,,Active,
MCH8159,"Gade, Gala And Bhatti",5812,Restaurants & Food,Individual,Jaipur,Rajasthan,2024-01-31,,Active,1186.29
MCH9193,Ramachandran-Rao,5699,Apparel & Fashion,Individual,Bengaluru,Karnataka,2024-04-07,XXXX3147,Active,1693.53
MCH9637,Handa-Basu,5699,Apparel & Fashion,Partnership,Pune,Maharashtra,2025-09-17,,Active,515.71
MCH8698,"Boase, Bal And Mand",5311,Department Store,Private Limited,Kolkata,West Bengal,2025-06-13,,Active,3054.52
MCH7383,"Srivastava, Venkataraman And Roy",5699,Apparel & Fashion,Individual,Chennai,Tamil Nadu,2023-07-10,,Active,241.13
MCH6372,G0Da And S0Ns,5699,Apparel & Fashion,Individual,Chennai,Tamil Nadu,2024-05-14,WEUJ5834386997769,Active,515.6
MCH5129,"Kant, Chaudhari And Sarna",4131,Transportation,Sole Proprietor,Chennai,Tamil Nadu,2025-07-19,QYZU2715177783366,Active,4873.16
MCH5293,Varma Inc,5411,Transportation,Individual,Bengaluru,Karnataka,2025-12-26,LBEZ4327128100737,Active,
MCH2436,"Bhagat, Amble And Dixit",4131,Transportation,Individual,Lucknow,Uttar Pradesh,2024-07-27,XXXX8612,Active,2085.74
MCH4965,"Shukla, Brahmbhatt And Natarajan",5699,Apparel & Fashion,Individual,Pune,Maharashtra,2024-11-20,3036734144,Active,168.46
MCH8974,"Kota, Varty And Mangal",7011,Hotel & Lodging,Individual,Jaipur,Rajasthan,2024-06-27,,Active,1353.93
MCH8996,Bala-Bhalla,5812,Miscellaneous,Private Limited,Lucknow,Uttar Pradesh,2025-08-18,,Active,1146.92
MCH9732,"Srinivasan,Edwinandrattan",4131,Travel,Sole Proprietor,Amritsar,Punjab,2025-04-19,,Active,3076.5
MCH2384,"Savant, Kant And Chokshi",5699,Apparel & Fashion,Partnership,Chennai,Tamil Nadu,2024-02-05,,Suspended,1196.0
MCH6877,Jain Plc,5699,Apparel & Fashion,Partnership,Delhi,Delhi,2023-11-23,,Active,3249.89
MCH5762,Dyal-Loke,5812,Restaurants & Food,Individual,Kolkata,West Bengal,2023-06-29,,Active,5081.8
MCH6828,Warrior-Bhardwaj,4814,Telecom,Partnership,Lucknow,Uttar Pradesh,2023-06-01,NTMS5038197940684,Active,2500.44
MCH8370,Tandon-Khosla,4131,Transportation,Partnership,Hyderabad,Telangana,2024-09-15,2595692413,Active,574.0
MCH5559,Grewal-Mohanty,5999,Miscellaneous,Private Limited,Jalandhar,Punjab,2024-04-23,,Active,1466.58
MCH4027,"Hegde, Ratti And Gera",5411,Grocery,Private Limited,Hyderabad,Telangana,2025-02-08,,Active,
MCH8261,"Sridhar, Manda And Arora",5812,Restaurants & Food,Sole Proprietor,Jaipur,Rajasthan,2023-12-02,,Suspended,8032.44
MCH5874,Pathak Group,4814,Telecom,Individual,Jalandhar,Punjab,2025-03-16,,Inactive,814.38
MCH9481,Kata Llc,4814,Telecom,Partnership,Amritsar,Punjab,2025-11-25,,Active,1054.88
MCH4677,"Sethi, Bora And Karpe",5942,Books & Stationery,Individual,Pune,Maharashtra,,,Inactive,5089.5
MCH9258,Edwin Inc,5942,Books & Stationery,Partnership,Lucknow,Uttar Pradesh,2024-09-26,28974564,Active,1647.77
MCH2825,Koshy-Gola,5812,Restaurants & Food,Partnership,Bengaluru,Karnataka,2025-09-25,YLMF2374015161502,Active,
MCH2474,"Setty, Reddy And Singh",4131,Medical,Sole Proprietor,Kolkata,West Bengal,2023-12-11,XXXX1604,Active,3043.1
MCH1533,Wason And Sons,5812,Restaurants & Food,Partnership,Amritsar,Punjab,2025-03-27,,Inactive,419.64
MCH9112,Saini-Sinha,5699,Apparel & Fashion,Private Limited,Pune,Maharashtra,2024-08-03,,Active,1129.73
MCH2096,"Taneja, Basu And Bal",4814,Telecom,Private Limited,Pune,Maharashtra,2024-09-28,6426260442,Active,1660.3
MCH1718,Wason-Vaidya,5311,Retail,Private Limited,Jalandhar,Punjab,2025-04-04,,Inactive,705.66
MCH7524,"Sarna, Mital And Deo",7011,Hotel & Lodging,Private Limited,Bengaluru,Karnataka,2025-07-13,XXXX6292,Active,1847.0
MCH9147,Bedi-Dugar,5912,Pharmacy,Sole Proprietor,Bengaluru,Karnataka,2024-05-31,,Active,1264.98
MCH9642,Sarin Group,4814,Telecom,Individual,Mumbai,Maharashtra,2025-10-09,LEVP3171266345624,Active,11510.93
MCH6776,Hari-Tak,4131,Transportation,Sole Proprietor,Jalandhar,Punjab,2025-05-25,MRFF6144887569600,Inactive,1189.41
MCH7803,Mukherjee-Sha,4814,Telecom,Private Limited,Jaipur,Rajasthan,2023-02-16,7883892457,Active,763.0
MCH2973,"Bhargava, Dani And Krishnamurthy",4131,Transportation,Partnership,Ludhiana,Punjab,2023-08-30,,Active,3748.31
MCH2293,"Pandit, Bhavsar And Barman",4814,Telecom,Private Limited,Pune,Maharashtra,2023-03-20,,Active,792.61
MCH6645,Buch Llc,4131,Transportation,Private Limited,Amritsar,Punjab,2024-09-25,,Active,102.32
MCH3941,"Khanna, Sama And Korpal",,Miscellaneous,Sole Proprietor,Pune,Maharashtra,,,Active,1016.43
MCH2419,Suri Ltd,5999,Miscellaneous,Individual,Mumbai,Maharashtra,2024-02-05,2248391109,Active,
MCH8762,Dani-Saha,4131,Transportation,Partnership,Kolkata,West Bengal,,,Active,778.15
MCH7428,Chand Inc,5699,Apparel & Fashion,Individual,Bengaluru,Karnataka,2025-10-11,XXXX8001,Active,1254.86
MCH7784,Dayal Plc,4814,Telecom,Partnership,Pune,Maharashtra,2024-09-23,XXXX9570,Active,
MCH1917,"Chowdhury, Krishna And Rajagopal",5699,Apparel & Fashion,Sole Proprietor,Amritsar,Punjab,2024-10-20,,Suspended,909.84
MCH5641,Thaker And Sons,4131,Transportation,Partnership,Chennai,Tamil Nadu,2024-02-20,4665430270,Active,1143.48
MCH7192,Subramaniam And S0Ns,5942,Books & Stationery,Private Limited,Delhi,Delhi,2025-09-20,,Active,2702.97
MCH6904,Dixit-Mallick,7011,Hotel & Lodging,Sole Proprietor,Hyderabad,Telangana,2023-03-25,UXIZ6468526873602,Inactive,402.95
MCH4043,Choudhry And Sons,5912,Pharmacy,Private Limited,Bengaluru,Karnataka,2024-02-05,XXXX3422,Active,367.6
MCH7661,Brahmbhatt And Sons,5411,Apparel & Fashion,Individual,Jaipur,Rajasthan,2024-02-13,,Active,825.29
MCH1845,Goel Inc,4131,Transportation,Private Limited,Delhi,Delhi,2023-10-17,6579207527,Active,1675.96
MCH1459,"Palla, Saini And Date",7011,Hotel & Lodging,Individual,Ludhiana,Punjab,2024-02-20,,Suspended,1582.79
MCH1611,Karan-Kibe,5912,Grocery,Sole Proprietor,Jalandhar,Punjab,2024-03-06,,Active,343.64
MCH2844,Misra-Seth,4131,Transportation,Individual,Amritsar,Punjab,2023-05-24,XXXX4860,Active,162.5
MCH1101,Ramaswamy-Prabhakar,5912,Pharmacy,Sole Proprietor,Chennai,Tamil Nadu,2025-06-02,,Active,8687.0
MCH4250,"Subramaniam, Datta And Patel",5411,Grocery,Partnership,Kolkata,West Bengal,2023-06-07,,Active,1320.67
MCH5558,"Rao, Sidhu And Barad",7011,Hotel & Lodging,Partnership,Amritsar,Punjab,2024-09-14,,Active,626.0
MCH2767,"Patel, Jhaveri And Dugar",4814,Telecom,Private Limited,Jalandhar,Punjab,2025-06-16,,Active,1222.94
MCH6681,Baria Plc,4131,Transportation,Individual,Delhi,Delhi,2026-02-17,443076547,Inactive,1343.0
MCH1709,Sachdeva-Khanna,5999,Miscellaneous,Partnership,Chennai,Tamil Nadu,2023-08-25,XXXX5946,Active,481.17
MCH1610,Sodhi-Parekh,5411,Grocery,Partnership,Amritsar,Punjab,,XXXX7277,Active,1488.13
MCH5918,Bora-Rege,5699,Apparel & Fashion,Partnership,Pune,Maharashtra,2024-09-23,USII8978521648386,Active,
MCH6812,"Gade, Badami And Choudhary",4814,Telecom,Sole Proprietor,Amritsar,Punjab,2023-12-21,,Active,
MCH7290,"Subramanian, B0Rde And Ba1Akrishnan",5699,Apparel & Fashion,Individual,Lucknow,Uttar Pradesh,2023-03-17,IRWT0239440992204,Active,2695.0
MCH7981,"Singhal, Manne And Ray",5699,Apparel & Fashion,Private Limited,Jalandhar,Punjab,2023-11-02,IOCQ7344534204502,Active,234.87
MCH9121,Divan-Char,5942,Books & Stationery,Partnership,Amritsar,Punjab,2025-02-18,YDYC9354203967320,Inactive,
MCH3806,Thakkar-Kara,5942,Books & Stationery,Sole Proprietor,Jaipur,Rajasthan,2024-09-06,SOII5443407300788,Active,2156.0
MCH6568,Minhas Plc,7011,Hotel & Lodging,Sole Proprietor,Amritsar,Punjab,2024-04-10,8442730412,Active,1486.0
MCH1894,Tara-Gupta,5812,Restaurants & Food,Individual,Hyderabad,Telangana,2024-11-27,,Inactive,2112.0
MCH8050,Bora-Oommen,5311,Department Store,Individual,Jalandhar,Punjab,2023-12-16,YBIM5056880883544,Active,587.46
MCH8470,"Garg, Suri And Sagar",5699,Apparel & Fashion,Individual,Ludhiana,Punjab,2023-11-19,,Active,
MCH5833,Deep And Sons,5411,Grocery,Partnership,Jaipur,Rajasthan,2024-04-04,,Active,4335.22
MCH1497,Lanka Plc,5912,Medical,Private Limited,Amritsar,Punjab,2025-09-24,,Active,1817.0
MCH5705,"Palan, Bhargava And Jaggi",4131,Transportation,Individual,Lucknow,Uttar Pradesh,2026-02-05,,Active,1360.45
MCH9147,Borde Group,5942,Books & Stationery,Sole Proprietor,Chennai,Tamil Nadu,,,Active,193.0
MCH7912,"Raju, Bhakta And Kaul",5942,Books & Stationery,Partnership,Jaipur,Rajasthan,2024-10-13,,Active,1561.88
MCH8416,"Bal, Kant And Gola",5411,Grocery,Private Limited,Chennai,Tamil Nadu,2025-03-31,XXXX9605,Active,5069.39
MCH4129,"Lad, Raja And Sachdev",7011,Hotel & Lodging,Partnership,Mumbai,Maharashtra,2023-09-11,929537946,Active,954.07
MCH9027,"Dani, Soni And Nagy",7011,Hotel & Lodging,Partnership,Jalandhar,Punjab,2023-10-26,XXXX0115,Active,
MCH7574,Loke Ltd,,Department Store,Sole Proprietor,Kolkata,West Bengal,,XXXX9656,Active,
MCH9234,"Jhaveri, Chandran And Shukla",7011,Hotel & Lodging,Partnership,Lucknow,Uttar Pradesh,2024-07-26,XXXX3221,Inactive,762.04
MCH6113,Tara-Kala,5699,Apparel & Fashion,Private Limited,Amritsar,Punjab,,,Active,915.2
MCH5586,Andra-Sha,5699,Apparel & Fashion,Private Limited,Amritsar,Punjab,2023-07-03,4565854983,Suspended,
MCH4782,Salvi-Comar,7011,Hotel & Lodging,Sole Proprietor,Jalandhar,Punjab,2025-07-13,XXXX1728,Active,876.5
MCH1518,Saini-Gole,5999,Miscellaneous,Private Limited,Jalandhar,Punjab,2023-07-08,,Active,957.31
MCH8566,Magar-Kota,4131,Transportation,Partnership,Amritsar,Punjab,2026-01-03,,Active,1353.18
MCH8890,Halder Inc,7011,Hotel & Lodging,Private Limited,Lucknow,Uttar Pradesh,2026-01-15,XXXX3843,Suspended,2352.14
MCH6586,Pandya Plc,5999,Miscellaneous,Individual,Bengaluru,Karnataka,2024-04-29,ADLW1268933500473,Active,520.0
MCH4212,Raman-Kohli,5411,Grocery,Partnership,Ludhiana,Punjab,2024-10-27,AIWO1178745904405,Active,3361.0
MCH5602,Kaul Plc,5411,Grocery,Private Limited,Hyderabad,Telangana,2023-05-17,2312889197,Inactive,469.06
MCH8291,Walia Inc,7011,Hotel & Lodging,Private Limited,Ludhiana,Punjab,2023-01-04,,Active,1898.37
MCH3545,"Chacko, Oza And Jaggi",7011,Hotel & Lodging,Sole Proprietor,Hyderabad,Telangana,2023-09-30,,Active,867.82
MCH3889,Upadhyay-Chaudhry,4131,Transportation,Individual,Ludhiana,Punjab,2026-01-16,5975404049,Active,
MCH5413,"K0Shy, Batra And K0H1I",5311,Department Store,Sole Proprietor,Lucknow,Uttar Pradesh,2023-09-04,,Active,608.0
MCH7533,"Boase, Krishnan And Tiwari",5411,Apparel & Fashion,Partnership,Lucknow,Uttar Pradesh,2025-04-06,YYIV1816207811981,Active,1221.0
MCH3412,Tak And Sons,7011,Hotel & Lodging,Sole Proprietor,Jaipur,Rajasthan,2024-10-31,XXXX3873,Active,4884.39
MCH1095,Mander Group,4814,Telecom,Partnership,Kolkata,West Bengal,2023-01-30,XXXX5510,Active,1277.94
MCH5775,Aurora-Dhillon,4131,Travel,Individual,Bengaluru,Karnataka,2024-01-15,,Inactive,470.32
MCH2492,"Dhawan, Salvi And Dara",5812,Restaurants & Food,Partnership,Lucknow,Uttar Pradesh,2025-08-07,XXXX8560,Inactive,3500.9
MCH9038,Naidu Group,4131,Transportation,Private Limited,Mumbai,Maharashtra,2024-07-12,,Active,225.16
MCH1010,Menon-Andra,,Grocery,Private Limited,Delhi,Delhi,2024-11-17,XXXX4837,Active,678.36
MCH9133,"Rai, Nadig And Karpe",4131,Transportation,Private Limited,Ludhiana,Punjab,2025-09-03,,Active,
MCH9363,Mannan Group,4131,Transportation,Private Limited,Mumbai,Maharashtra,2024-07-29,,Active,
MCH9035,Merchant Plc,5411,Grocery,Private Limited,Jaipur,Rajasthan,2023-02-04,UCPE5658691269773,Active,
MCH5642,Swaminathan-Ratti,7011,Hotel & Lodging,Sole Proprietor,Bengaluru,Karnataka,2024-09-16,,Active,1651.14
MCH2695,Patil Inc,5411,Grocery,Partnership,Pune,Maharashtra,2024-06-26,9565066028,Active,792.09
MCH8792,Chopra-Nori,5699,Apparel & Fashion,Private Limited,Lucknow,Uttar Pradesh,2025-01-09,XXXX7970,Active,
MCH7281,Kalita-Mistry,4814,Telecom,Private Limited,Hyderabad,Telangana,2024-11-24,XXXX5201,Inactive,2941.71
MCH4952,"Anne,Choudhryandbhattacharyya",5812,Restaurants & Food,Individual,Delhi,Delhi,,XAPW5259361506192,Active,4302.0
MCH9739,"Gupta, Bhatia And Dhillon",4131,Transportation,Private Limited,Jaipur,Rajasthan,2025-03-20,,Active,
MCH1268,Vyas Ltd,5311,Retail,Individual,Amritsar,Punjab,2023-06-28,,Active,
MCH8242,Choudhary-Pall,7011,Hotel & Lodging,Private Limited,Ludhiana,Punjab,2023-06-27,XXXX7286,Active,607.04
MCH5233,Raghavan-Mall,4814,Telecom,Partnership,Bengaluru,Karnataka,2026-02-11,,Active,3087.5
MCH2131,Boase-Varghese,5699,Apparel & Fashion,Sole Proprietor,Pune,Maharashtra,2025-03-29,,Active,2157.11
MCH1917,"Bera, Bhakta And Dhillon",5942,Books & Stationery,Sole Proprietor,Mumbai,Maharashtra,2023-08-06,9839969668,Active,293.0
MCH1377,Sinha-Gaba,5411,Grocery,Private Limited,Pune,Maharashtra,2025-12-04,YBUL0961027329909,Inactive,1471.43
MCH4842,Lall-Bakshi,7011,Hotel & Lodging,Sole Proprietor,Jaipur,Rajasthan,2023-04-11,,Active,346.23
MCH5911,Chacko-Kota,5311,Retail,Partnership,Hyderabad,Telangana,2023-09-07,,Active,797.25
MCH5678,Kumar And Sons,5311,Department Store,Private Limited,Jaipur,Rajasthan,2024-03-25,JJQM4342551832633,Active,6122.0
MCH1944,Morar Ltd,5812,Restaurants & Food,Individual,Pune,Maharashtra,2023-04-23,XXXX8672,Active,1207.98
MCH5497,Dayal And Sons,5999,Miscellaneous,Private Limited,Delhi,Delhi,2024-04-28,XXXX0595,Active,1767.24
MCH4002,"Bora, Kant And Chauhan",5411,Grocery,Individual,Bengaluru,Karnataka,2023-06-16,7171127147,Active,
MCH6903,Lata-Raja,4131,Transportation,Sole Proprietor,Pune,Maharashtra,2023-06-08,XXXX0937,Active,2296.0
MCH6137,"Saxena, Aggarwa1 And Sem",5812,Restaurants & Food,Individual,Hyderabad,Telangana,,3824594690,Active,421.31
MCH6147,Singhal-Murthy,4131,Transportation,Partnership,Mumbai,Maharashtra,2023-06-01,,Active,
MCH9325,"Patel, Parikh And Kaul",4814,Telecom,Private Limited,Lucknow,Uttar Pradesh,2023-03-13,9323786200,Active,1538.45
MCH6795,"Hans, Majumdar And Mangat",5999,Miscellaneous,Individual,Hyderabad,Telangana,2023-06-05,,Active,1573.9
MCH7986,Pathak Inc,,Miscellaneous,Individual,Chennai,Tamil Nadu,2024-05-30,,Inactive,1602.91
MCH5740,Dayal-Desai,5699,Apparel & Fashion,Sole Proprietor,Chennai,Tamil Nadu,2025-04-10,,Active,4887.0
MCH2902,Karpe Llc,,Medical,Private Limited,Jaipur,Rajasthan,2023-07-25,JHGQ1740219623528,Active,1088.17
MCH6683,Konda-Nagar,4814,Telecom,Individual,Ludhiana,Punjab,2025-09-20,,Active,4740.89
MCH2755,Wason And Sons,5699,Apparel & Fashion,Partnership,Bengaluru,Karnataka,,,Active,
MCH6400,Sem-Keer,5411,Grocery,Partnership,Ludhiana,Punjab,2025-12-21,4217077300,Active,13683.2
MCH8951,Golla-Venkataraman,4814,Telecom,Individual,Mumbai,Maharashtra,2023-09-02,2811788004,Active,436.83
MCH8157,Lall-Char,5411,Books & Stationery,Private Limited,Jalandhar,Punjab,2023-07-08,CLWX6992397328584,Active,3861.94
MCH7810,Bail Inc,5942,Books & Stationery,Sole Proprietor,Ludhiana,Punjab,2025-01-25,9018773100,Inactive,
MCH7044,Chanda-Gaba,5812,Restaurants & Food,Private Limited,Bengaluru,Karnataka,2023-06-04,SOPQ0539518853543,Active,402.62
MCH5573,"Guha, Dayal And Mutti",5411,Grocery,Sole Proprietor,Chennai,Tamil Nadu,,XXXX9546,Active,2684.58
MCH2764,"Yogi, Jani And Choudhry",4814,Telecom,Individual,Ludhiana,Punjab,2024-04-19,3163531350,Active,516.18
MCH8436,"Seshadri, Minhas And Subramanian",4814,Telecom,Individual,Delhi,Delhi,2025-12-21,XXXX8739,Active,1427.93
MCH6369,"Chaudhry, Batra And Rama",4131,Transportation,Partnership,Jalandhar,Punjab,2024-04-15,3514628122,Inactive,612.29
MCH5934,"Bandi, Devi And Gulati",4131,Transportation,Individual,Chennai,Tamil Nadu,2023-08-08,,Active,306.36
MCH1326,"Chaudhry, Agrawa1 And Sridhar",5942,Books & Stationery,Sole Proprietor,Bengaluru,Karnataka,2024-05-20,ZQNQ7613300121760,Active,177.58
MCH9048,Sastry-Prakash,,Restaurants & Food,Private Limited,Pune,Maharashtra,2023-02-01,,Suspended,469.83
MCH9844,Menon And Sons,4131,Transportation,Sole Proprietor,Mumbai,Maharashtra,2024-04-14,,Active,1083.0
MCH3911,"Majumdar, Sane And Raval",5812,Restaurants & Food,Sole Proprietor,Pune,Maharashtra,2025-09-05,2993218520,On Hold,2093.32
MCH7164,Lata-Parmar,,Restaurants & Food,Individual,Chennai,Tamil Nadu,2023-11-18,8876915291,Active,
MCH6548,"Nayak, Kannan And Chatterjee",5999,Miscellaneous,Private Limited,Jaipur,Rajasthan,2025-07-28,,Active,2065.28
MCH1908,Tara-Babu,5942,Books & Stationery,Sole Proprietor,Chennai,Tamil Nadu,2023-12-13,,Active,4659.0
MCH2444,Barman-Prakash,5999,Miscellaneous,Individual,Chennai,Tamil Nadu,,,Active,
MCH9151,Ravi Ltd,4131,Transportation,Partnership,Jalandhar,Punjab,2025-06-26,,Inactive,779.12
MCH8555,Gopal Llc,5942,Books & Stationery,Private Limited,Chennai,Tamil Nadu,2025-06-13,3381139283,Active,
MCH2289,Sinha-Purohit,5699,Apparel & Fashion,Sole Proprietor,Lucknow,Uttar Pradesh,,4542627557,Suspended,2284.55
MCH8283,Nagar Group,4814,Telecom,Partnership,Kolkata,West Bengal,2026-02-08,,Active,1032.5
MCH7919,Nadkarni Group,5912,Medical,Private Limited,Mumbai,Maharashtra,2023-05-22,,Active,
MCH8496,Sandhu Plc,5942,Books & Stationery,Partnership,Hyderabad,Telangana,2025-01-10,PCDO3725942171870,Inactive,
MCH6843,"Thakkar, Date And Balasubramanian",5699,Apparel & Fashion,Individual,Mumbai,Maharashtra,2024-06-19,CATP2399171338860,Active,2750.74
MCH1335,"Wagle, Kamdar And Mallick",7011,Hotel & Lodging,Sole Proprietor,Mumbai,Maharashtra,2024-03-05,OQHA9321120180853,Suspended,398.0
MCH4531,Bail-Ramachandran,4814,Telecom,Private Limited,Jaipur,Rajasthan,2025-05-11,XXXX9300,Active,597.69
MCH3351,"Loke, Narasimhan And Gandhi",5912,Pharmacy,Partnership,Amritsar,Punjab,2023-06-22,,Suspended,1029.99
MCH8425,"Bhatnagar,Comarandhans",7011,Hotel & Lodging,Individual,Jalandhar,Punjab,2025-06-12,NAVX0262232106872,Active,637.53
MCH4913,Baral-Bhattacharyya,4131,Transportation,Individual,Amritsar,Punjab,2023-05-19,MXBT0588021899874,Inactive,697.03
MCH1448,Tak And Sons,5999,Miscellaneous,Sole Proprietor,Mumbai,Maharashtra,2024-03-30,XXXX9348,Active,2897.23
MCH7013,"Menon, Bahri And Pal",,Hotel & Lodging,Partnership,Lucknow,Uttar Pradesh,2024-02-23,YKID8300912408123,Active,419.34
MCH8192,"Oza, Sant And Loke",5411,Grocery,Private Limited,Kolkata,West Bengal,2024-05-11,XXXX6524,Inactive,408.0
MCH4274,Bhat-Tailor,5812,Grocery,Private Limited,Ludhiana,Punjab,2025-03-17,718437905,Inactive,168.98
MCH7294,"Kuruvilla, Ahluwalia And Gole",5912,Medical,Partnership,Pune,Maharashtra,2023-06-11,FATQ4333129690113,Active,1573.98
MCH4815,"Mohan, Gaba And Banik",4131,Transportation,Sole Proprietor,Jalandhar,Punjab,2025-01-13,,Active,4426.57
MCH2624,Pandya Group,5311,Department Store,Individual,Mumbai,Maharashtra,2023-12-09,3278618323,On Hold,606.95
MCH1558,Shroff-Khanna,4814,Telecom,Partnership,Bengaluru,Karnataka,2023-01-20,,Active,1953.35
MCH5631,Chada-Buch,7011,Hotel & Lodging,Sole Proprietor,Lucknow,Uttar Pradesh,2023-03-06,YVOF0855521464981,Suspended,2202.48
MCH5587,"Rama, Bail And Garde",5812,Restaurants & Food,Sole Proprietor,Jaipur,Rajasthan,2024-11-26,,Inactive,3401.0
MCH4306,"Narula, Hegde And Minhas",5411,Grocery,Private Limited,Bengaluru,Karnataka,2025-08-03,,Active,
MCH4487,Randhawa-Mallick,5311,Department Store,Individual,Ludhiana,Punjab,2023-08-22,,Active,1290.99
MCH9930,Kale Llc,5699,Apparel & Fashion,Sole Proprietor,Jaipur,Rajasthan,,,Active,1917.92
MCH9605,Chokshi Llc,5812,Restaurants & Food,Sole Proprietor,Bengaluru,Karnataka,2026-01-31,,Active,2523.0
MCH5042,Narasimhan Ltd,7011,Hotel & Lodging,Private Limited,Pune,Maharashtra,2025-03-11,,Active,
MCH1842,"Singh, Dhillon And Garg",4814,Telecom,Partnership,Lucknow,Uttar Pradesh,2024-10-21,6092011664,Inactive,
MCH2859,"Doctor, Bir And Lanka",5411,Grocery,Private Limited,Hyderabad,Telangana,2025-04-03,,Active,2296.45
MCH5129,Dayal-Saran,5912,Pharmacy,Sole Proprietor,Chennai,Tamil Nadu,2024-09-30,1476589127,Active,1504.46
MCH3469,Ha1Der-Bains,,Telecom,Private Limited,Ludhiana,Punjab,,AHBB0158183764134,Active,943.76
MCH3402,"Lala, Loyal And Trivedi",5999,Miscellaneous,Partnership,Pune,Maharashtra,2025-12-14,4812392751,Inactive,1152.61
MCH5111,Ramachandran Group,,Department Store,Private Limited,Ludhiana,Punjab,2026-01-05,9740232667,Active,541.94
MCH4413,Bedi-Chanda,4131,Transportation,Private Limited,Chennai,Tamil Nadu,2024-01-16,,Active,3646.52
MCH9394,Balay Group,5311,Department Store,Sole Proprietor,Chennai,Tamil Nadu,2023-08-08,,Active,279.0
MCH7163,"Chowdhury, Goyal And Pradhan",4131,Transportation,Sole Proprietor,Pune,Maharashtra,2023-11-08,5098805593,Active,
MCH8198,Buch-Sengupta,5311,Department Store,Individual,Kolkata,West Bengal,2023-01-18,,Active,2004.67
MCH6268,"Yogi, Sachar And Mammen",5411,Grocery,Sole Proprietor,Jalandhar,Punjab,2025-11-05,XXXX1380,Active,1773.0
MCH1710,"Talwar, Goyal And Dhillon",5812,Restaurants & Food,Partnership,Delhi,Delhi,2025-11-26,,Active,542.31
MCH1714,Kalita Group,5699,Apparel & Fashion,Sole Proprietor,Amritsar,Punjab,2024-03-31,XXXX3148,Active,3974.77
MCH1084,Krishnamurthy Inc,5999,Miscellaneous,Private Limited,Jalandhar,Punjab,2025-04-21,7207827487,Active,4469.21
MCH8132,Biswas Plc,5411,Grocery,Sole Proprietor,Pune,Maharashtra,2024-11-22,CXST4288098118218,Active,1347.49
MCH2723,Mandal Plc,,Restaurants & Food,Individual,Ludhiana,Punjab,2023-07-28,1234084041,Active,6532.68
MCH6221,Dey-Maharaj,5912,Pharmacy,Private Limited,Ludhiana,Punjab,2026-01-22,8909550882,Inactive,
MCH9114,Narayan-Kalita,5699,Apparel & Fashion,Individual,Bengaluru,Karnataka,2025-03-08,PHUX7313608770713,Active,2471.0
MCH3788,Bhargava And Sons,4131,Transportation,Partnership,Bengaluru,Karnataka,2025-12-18,SFPS7075877461991,Active,2495.65
MCH3061,Viswanathan Ltd,5942,Books & Stationery,Private Limited,Lucknow,Uttar Pradesh,2025-04-25,,Inactive,574.59
MCH2376,"Lata, Krishnamurthy And Lal",5311,Retail,Partnership,Jalandhar,Punjab,2025-12-05,,Active,113.0
MCH8933,Magar Inc,7011,Hotel & Lodging,Sole Proprietor,Lucknow,Uttar Pradesh,2025-03-08,XXXX1861,Active,1568.46
MCH3438,Kapur-Mangat,4131,Transportation,Partnership,Hyderabad,Telangana,,XXXX6916,Active,1153.19
MCH4040,"Bahri, Solanki And Magar",5311,Department Store,Private Limited,Chennai,Tamil Nadu,2025-01-28,DNQF3989342164675,Active,1173.0
MCH9912,"Gade, Bajaj And Zachariah",7011,Hotel & Lodging,Sole Proprietor,Ludhiana,Punjab,2023-02-22,,Active,564.0
MCH9846,Mukherjee Ltd,5812,Restaurants & Food,Sole Proprietor,Chennai,Tamil Nadu,2024-09-15,XXXX2201,Active,1799.62
MCH3242,"Upadhyay, Dash And Vaidya",5999,Miscellaneous,Partnership,Jaipur,Rajasthan,,,Active,1731.73
MCH2701,Bail Ltd,,Miscellaneous,Individual,Jaipur,Rajasthan,2025-02-27,JFSQ7616747260509,Active,863.24
MCH5371,Tailor Ltd,,Department Store,Sole Proprietor,Jalandhar,Punjab,2024-10-08,3819002392,Active,2851.53
MCH4324,Choudhury Group,5311,Department Store,Individual,Chennai,Tamil Nadu,2024-11-02,ZMED4163796029617,Active,10680.0
MCH9358,Shroff Ltd,5311,Department Store,Sole Proprietor,Kolkata,West Bengal,2023-05-21,RLLU5222765967468,Active,1856.54
MCH1352,Mukherjee-Sethi,5812,Restaurants & Food,Sole Proprietor,Pune,Maharashtra,2024-03-19,,Active,
MCH8277,"Patil, Goyal And Sarin",5912,Pharmacy,Individual,Amritsar,Punjab,2025-07-04,XXXX6940,Inactive,1542.69
MCH4124,Kakar-Prabhu,7011,Hotel & Lodging,Partnership,Jalandhar,Punjab,2023-01-21,DOCW0340939340492,Active,930.0
MCH4444,Kara-Murty,,Miscellaneous,Partnership,Jaipur,Rajasthan,2023-11-24,SVOB9088353520562,Active,1214.6
MCH9041,Kade-Sahota,4131,Transportation,Individual,Pune,Maharashtra,,8030172107,Active,2738.21
MCH1288,"Jain, Loke And Zacharia",4131,Transportation,Sole Proprietor,Bengaluru,Karnataka,2023-07-17,XXXX2041,Active,915.81
MCH8137,"Sankar,Guhaandkara",5912,Medical,Private Limited,Hyderabad,Telangana,2023-08-20,OYZH8287026186914,Active,425.78
MCH1873,Oak-Ramachandran,,Telecom,Private Limited,Amritsar,Punjab,2024-05-23,XXXX5817,Active,942.83
MCH2634,"Karnik, Bains And Ratti",5311,Retail,Individual,Bengaluru,Karnataka,2025-03-20,3474601890,Active,581.71
MCH1101,Sethi Ltd,5812,Restaurants & Food,Partnership,Kolkata,West Bengal,2023-10-08,,Active,840.25
MCH6409,Wason And Sons,5699,Apparel & Fashion,Private Limited,Bengaluru,Karnataka,2024-07-10,TVOP0202048560476,Suspended,1111.14
MCH1612,Khare-Jha,7011,Hotel & Lodging,Sole Proprietor,Pune,Maharashtra,2024-05-07,XXXX6820,Active,3967.18
MCH1567,Bhargava-Bora,5812,Restaurants & Food,Private Limited,Jalandhar,Punjab,2024-12-20,PRCN9599813480981,Active,101.33
MCH2928,"Hans, Parmer And Buch",5812,Restaurants & Food,Private Limited,Ludhiana,Punjab,2025-12-04,,Inactive,1903.0
MCH4746,"Srivastava, Bhattacharyya And Morar",5999,Miscellaneous,Sole Proprietor,Chennai,Tamil Nadu,2025-07-29,,Inactive,402.85
MCH9729,Prabhakar Ltd,5812,Restaurants & Food,Individual,Bengaluru,Karnataka,2025-12-28,,Active,1127.0
MCH5727,"Sandal, Deshmukh And Lata",5699,Apparel & Fashion,Partnership,Bengaluru,Karnataka,2024-04-21,9631209751,Active,411.34
MCH3079,Anne-Sen,5942,Books & Stationery,Individual,Pune,Maharashtra,2025-08-04,,Active,
MCH9772,Vyas-Ganguly,5942,Books & Stationery,Partnership,Jalandhar,Punjab,2023-12-25,1012219749,Active,1198.91
MCH9045,"Kaul, Sethi And Vaidya",4814,Telecom,Partnership,Bengaluru,Karnataka,,6906668934,Inactive,1488.0
MCH7335,Keer-Goyal,5411,Grocery,Sole Proprietor,Mumbai,Maharashtra,2025-01-25,XXXX8870,Active,470.18
MCH8934,Dubey And Sons,5411,Grocery,Sole Proprietor,Bengaluru,Karnataka,2025-09-12,,Inactive,1359.0
MCH7574,"Saini, Dubey And Bava",,Department Store,Private Limited,Pune,Maharashtra,2024-09-28,,Active,1109.44
MCH6095,"Sahota, Misra And Kata",,Books & Stationery,Partnership,Hyderabad,Telangana,2024-11-29,,Active,665.0
MCH5121,Din-Dar,5812,Restaurants & Food,Individual,Jalandhar,Punjab,,,Active,2367.99
MCH4964,Sarkar-Goda,5311,Department Store,Private Limited,Pune,Maharashtra,2025-07-14,,Active,1517.0
MCH7729,Keer Llc,5942,Books & Stationery,Private Limited,Mumbai,Maharashtra,,,Active,884.0
MCH8741,Venkateshgroup,5411,Grocery,Private Limited,Ludhiana,Punjab,2024-08-03,,Active,1511.0
MCH6917,"Deshmukh, Parmar And Lad",4814,Telecom,Sole Proprietor,Jaipur,Rajasthan,2023-07-29,KZXC7074900980989,Active,1543.47
MCH1214,Patel-Bhatti,5311,Department Store,Individual,Jalandhar,Punjab,2024-10-05,XXXX0366,Active,1829.91
MCH1605,Shethandsons,4131,Travel,Sole Proprietor,Mumbai,Maharashtra,,9021316639,Active,1128.85
MCH7495,Dhingra And Sons,5999,Miscellaneous,Sole Proprietor,Jalandhar,Punjab,,XXXX0797,Inactive,3168.53
MCH8600,Lata-Khurana,5411,Grocery,Individual,Jalandhar,Punjab,2023-06-16,5082992374,Active,861.64
MCH2618,"Loyal, Nadkarni And Mangal",5942,Books & Stationery,Partnership,Bengaluru,Karnataka,2026-01-27,NZSX7829638547170,Active,816.0
MCH8555,Ar0Ra Plc,5999,Miscellaneous,Private Limited,Delhi,Delhi,2023-04-15,9465965379,Active,1643.0
MCH5683,"Ramesh, Bhalla And Murthy",4131,Transportation,Private Limited,Kolkata,West Bengal,2025-12-02,,Active,3635.0
MCH8697,Karnik Ltd,5999,Miscellaneous,Sole Proprietor,Hyderabad,Telangana,2023-01-19,ELBE1390395985700,Active,353.31
MCH4658,Kapadia Inc,5311,Retail,Individual,Hyderabad,Telangana,2023-05-21,OORB1075233391671,Active,2693.95
MCH2503,Date Llc,4814,Telecom,Private Limited,Jaipur,Rajasthan,2023-08-06,,Active,1656.27
MCH1179,Suresh-Chand,5942,Books & Stationery,Partnership,Chennai,Tamil Nadu,2025-11-19,,Active,
MCH5166,Rastogi Ltd,,Grocery,Individual,Hyderabad,Telangana,2025-11-10,XXXX4606,Active,1432.96
MCH2598,Sani Gr0Up,5912,Apparel & Fashion,Partnership,Pune,Maharashtra,2025-11-27,1059212674,Active,489.0
MCH7648,"Trivedi, Ramachandran And Keer",5912,Miscellaneous,Private Limited,Hyderabad,Telangana,2024-11-12,7503405109,Suspended,1840.11
MCH7105,"Palan, Doctor And Arora",5942,Books & Stationery,Sole Proprietor,Hyderabad,Telangana,2025-04-18,1349306323,Active,969.67
MCH1774,Patla-Warrior,5912,Pharmacy,Partnership,Mumbai,Maharashtra,2023-01-02,XREO9787326188727,Active,442.29
MCH2772,Rajagopalan-Lal,5699,Apparel & Fashion,Partnership,Jalandhar,Punjab,2025-05-03,YDTF9778396986125,Suspended,594.07
MCH5597,"Shankar, Pandey And Sridhar",5812,Restaurants & Food,Private Limited,Lucknow,Uttar Pradesh,,,Active,380.65
MCH4774,Wadhwa Plc,5311,Department Store,Partnership,Jalandhar,Punjab,2026-01-09,4049174087,Active,374.94
MCH6731,Wagle-Pau,5812,Restaurants & Food,Private Limited,Amritsar,Punjab,2025-09-26,,Active,2980.89
MCH9015,Prashad Inc,5812,Restaurants & Food,Sole Proprietor,Chennai,Tamil Nadu,2025-08-05,ZMCX8700350444666,Active,787.45
MCH8727,Vig-Mann,5999,Miscellaneous,Partnership,Delhi,Delhi,,PYLB7387354028266,Active,157.65
MCH9968,Kata-Bawa,5311,Department Store,Private Limited,Lucknow,Uttar Pradesh,2025-09-01,,Active,2070.31
MCH4250,"Mani, Roy And Manne",4131,Transportation,Private Limited,Bengaluru,Karnataka,2023-12-04,,Active,77.0
MCH7444,Lanka-Shukla,5699,Apparel & Fashion,Private Limited,Mumbai,Maharashtra,2023-03-13,7637285335,Active,2750.67
MCH1674,Kari-Tara,4814,Telecom,Partnership,Mumbai,Maharashtra,2024-08-16,XXXX5872,Active,1266.21
MCH6626,Zacharia-Kapadia,5912,Pharmacy,Private Limited,Lucknow,Uttar Pradesh,2024-07-25,,Inactive,2864.89
MCH5493,Roy Group,5812,Restaurants & Food,Partnership,Lucknow,Uttar Pradesh,2024-05-11,8876014777,Active,
MCH5937,"Babu, Contractor And Sem",5411,Grocery,Private Limited,Hyderabad,Telangana,2023-01-04,,Inactive,415.88
MCH9986,Tak Ltd,4131,Transportation,Partnership,Delhi,Delhi,2025-01-21,PVFQ1310778139722,Active,
MCH2726,"Rastogi, Behl And Purohit",5942,Books & Stationery,Sole Proprietor,Mumbai,Maharashtra,2025-04-04,XYEE0098710788916,Active,1692.27
MCH6926,Bhattacharyya And S0Ns,,Medical,Private Limited,Jaipur,Rajasthan,2025-08-28,,Active,3997.27
MCH3080,Lad-Soman,5411,Grocery,Sole Proprietor,Jalandhar,Punjab,2024-12-01,,Active,
MCH8240,Sur Llc,5912,Pharmacy,Partnership,Lucknow,Uttar Pradesh,2025-08-10,641477724,Active,1777.69
MCH1204,Rana Group,5311,Department Store,Private Limited,Jaipur,Rajasthan,2025-05-24,,Active,733.33
MCH1347,D’Alia Group,7011,Hotel & Lodging,Private Limited,Chennai,Tamil Nadu,2023-07-02,XXXX4418,Active,1739.0
MCH2040,Atwal-Varughese,5311,Department Store,Individual,Bengaluru,Karnataka,2025-06-26,,Active,2009.33
MCH2831,Rastogi-Devi,,Miscellaneous,Private Limited,Delhi,Delhi,2023-10-20,XXXX4746,Active,501.88
MCH4727,Dua-Mishra,5311,Department Store,Sole Proprietor,Pune,Maharashtra,2024-05-18,9730998246,Inactive,1242.0
MCH4623,Bath-Keer,5942,Books & Stationery,Sole Proprietor,Mumbai,Maharashtra,2023-07-08,,Active,233.65
MCH5502,Dutta And Sons,5311,Department Store,Partnership,Kolkata,West Bengal,2025-04-08,5772238249,Active,
MCH5390,Bajwa Group,5942,Books & Stationery,Sole Proprietor,Jaipur,Rajasthan,,XXXX7220,Active,2643.0
MCH2607,"Deep, Prasad And Dass",4131,Apparel & Fashion,Private Limited,Hyderabad,Telangana,2023-05-29,4668596918,Inactive,1570.82
MCH3308,Misra Inc,5311,Retail,Sole Proprietor,Ludhiana,Punjab,,2104958437,Active,8756.33
MCH8245,Brar Llc,5942,Books & Stationery,Individual,Bengaluru,Karnataka,2024-01-18,,Active,
MCH4200,"Sood, Kurian And Raghavan",5699,Apparel & Fashion,Individual,Jaipur,Rajasthan,2024-08-18,4567697450,Active,2010.35
MCH3288,Kuruvilla-Kala,4814,Telecom,Partnership,Kolkata,West Bengal,2025-07-17,HFDT8427341893769,Active,
MCH8448,"Roy, Parekh And Ratti",7011,Hotel & Lodging,Private Limited,Jaipur,Rajasthan,2024-07-25,,Active,364.74
MCH1491,"Sarna, Chand And Goda",4814,Telecom,Sole Proprietor,Ludhiana,Punjab,2026-01-27,,Active,1075.6
MCH5183,Chandra Llc,5942,Books & Stationery,Individual,Jaipur,Rajasthan,2023-10-16,,Active,578.29
MCH3089,Tata Plc,5942,Books & Stationery,Sole Proprietor,Jalandhar,Punjab,2025-08-30,XXXX2474,Active,
MCH3369,"Yadav, Deep And Bassi",5999,Miscellaneous,Individual,Lucknow,Uttar Pradesh,2024-05-16,407364103,Active,786.0
MCH7700,"Lanka, Setty And Muni",5812,Restaurants & Food,Partnership,Delhi,Delhi,2025-06-14,,Inactive,
MCH2261,Gr0Ver Inc,5812,Restaurants & Food,Sole Proprietor,Mumbai,Maharashtra,2025-11-25,,Active,1519.0
MCH3561,"Keer, Natt And Kadakia",4814,Telecom,Individual,Kolkata,West Bengal,2023-04-03,,Active,277.0
MCH5084,Doshi Llc,5942,Books & Stationery,Individual,Jalandhar,Punjab,2025-06-11,5224325531,Active,182.0
MCH1605,"Patla, Thaman And Chatterjee",4131,Transportation,Partnership,Bengaluru,Karnataka,2025-09-22,XXXX0679,Active,932.8
MCH3096,"Pradhan, Anne And Dhillon",5812,Restaurants & Food,Individual,Kolkata,West Bengal,2025-02-25,XXXX9447,Active,
MCH8554,Mangat Plc,5999,Miscellaneous,Sole Proprietor,Mumbai,Maharashtra,2023-04-03,,Inactive,
MCH9095,Mital-Reddy,4814,Telecom,Partnership,Lucknow,Uttar Pradesh,2025-07-12,,Suspended,1105.17
MCH9855,Samra-Manda,4814,Telecom,Private Limited,Chennai,Tamil Nadu,2025-02-01,PEIX9794404707965,Active,1167.22
MCH3987,Pandya Inc,,Pharmacy,Partnership,Amritsar,Punjab,2025-10-14,,Active,
MCH3968,"Peri, Sane And Mohanty",5812,Restaurants & Food,Individual,Mumbai,Maharashtra,2024-06-10,,Active,1174.15
MCH4600,Devi Group,5311,Department Store,Individual,Delhi,Delhi,2024-02-17,2508192627,Inactive,1126.47
MCH2124,"Chander, Kohli And Dube",4131,Transportation,Individual,Delhi,Delhi,2024-02-15,XXXX2531,Active,1551.09
MCH3442,Garg-Borah,4131,Travel,Partnership,Chennai,Tamil Nadu,2023-09-29,2231701583,Active,3562.63
MCH8316,Bakshi-Rout,5311,Department Store,Private Limited,Delhi,Delhi,2024-11-10,,Active,618.0
MCH5390,Pall-Vig,4131,Transportation,Private Limited,Amritsar,Punjab,2024-02-18,9048380759,Active,6624.25
MCH3586,"Ghose, Ganesh And Edwin",4814,Telecom,Sole Proprietor,Kolkata,West Bengal,2023-09-15,ZJVL8370026948243,Inactive,1437.0
MCH2690,Nagarajan Inc,5912,Medical,Sole Proprietor,Lucknow,Uttar Pradesh,2023-06-22,LDEV4758391652112,Suspended,3091.83
MCH7478,"Sami, Brahmbhatt And Khurana",5699,Apparel & Fashion,Private Limited,Mumbai,Maharashtra,2024-08-19,,Inactive,
MCH5090,Chacko-Dora,5411,Grocery,Sole Proprietor,Hyderabad,Telangana,2023-12-27,DVGQ3463891046958,Active,
MCH8944,"Zachariah, Ratta And Contractor",5311,Department Store,Private Limited,Hyderabad,Telangana,2024-07-16,653764901,Active,2179.0
MCH5106,Sagar Llc,5912,Pharmacy,Individual,Jalandhar,Punjab,2026-02-23,,Active,1707.71
MCH8211,Seth Llc,5999,Miscellaneous,Partnership,Pune,Maharashtra,2024-09-08,,Active,2939.69
MCH3088,Suresh Llc,5411,Grocery,Partnership,Chennai,Tamil Nadu,2024-03-08,,Active,4739.6
MCH5388,Mann-Oza,5942,Books & Stationery,Private Limited,Hyderabad,Telangana,,,Active,1696.0
MCH2591,"Deol, Palla And Goel",4131,Grocery,Individual,Hyderabad,Telangana,2025-08-22,2241068743,Active,468.59
MCH5784,"Kakar, Palla And Vyas",5699,Apparel & Fashion,Private Limited,Jalandhar,Punjab,2024-06-01,,Active,220.77
MCH1441,"Kakar, Parsa And Sodhi",5999,Miscellaneous,Partnership,Lucknow,Uttar Pradesh,2024-06-09,SBUL4886955523512,Active,1723.15
MCH5560,"D’Alia, Dasgupta And Chakrabarti",4131,Transportation,Sole Proprietor,Jalandhar,Punjab,2023-02-09,,Inactive,1247.75
MCH2818,Sibal Inc,5411,Grocery,Sole Proprietor,Jalandhar,Punjab,2025-06-03,HHRP3016788161129,Active,600.04
MCH6391,"Bhatti, Keer And Gupta",4814,Telecom,Individual,Mumbai,Maharashtra,2025-08-22,,Active,684.0
MCH7228,Swaminathanltd,5411,Telecom,Partnership,Ludhiana,Punjab,2024-03-13,XXXX9584,Active,
MCH4501,Barman And Sons,5812,Restaurants & Food,Private Limited,Delhi,Delhi,2025-04-24,,Active,523.04
MCH6722,Khalsa-Kapadia,5912,Medical,Partnership,Bengaluru,Karnataka,2023-06-03,4686133127,Active,2042.78
MCH2013,"Nanda, Saraf And Halder",5411,Grocery,Individual,Kolkata,West Bengal,2025-04-22,,Active,
MCH7524,"Babu, Banerjee And Parsa",5812,Restaurants & Food,Individual,Kolkata,West Bengal,2023-06-04,XXXX7557,Active,811.7
MCH4524,Tara Ltd,5999,Miscellaneous,Private Limited,Hyderabad,Telangana,2025-07-23,,Active,1296.94
MCH3012,Sathe Llc,,Grocery,Private Limited,Chennai,Tamil Nadu,2024-10-23,,On Hold,448.76
MCH3564,"Konda, Natarajan And Chawla",5999,Miscellaneous,Private Limited,Amritsar,Punjab,2025-10-08,,Active,982.65
MCH4373,Raman-Karnik,5942,Books & Stationery,Partnership,Delhi,Delhi,2023-08-09,IPHA4538122781630,Active,
MCH8337,Date-Mand,5999,Miscellaneous,Partnership,Ludhiana,Punjab,2023-01-31,UXDC3751207514110,Inactive,333.78
MCH6351,Mahal-Padmanabhan,5812,Restaurants & Food,Partnership,Bengaluru,Karnataka,2025-03-30,IXWO1858083433710,Active,3129.06
MCH7268,Mand-Char,5912,Pharmacy,Private Limited,Mumbai,Maharashtra,2025-06-20,,Active,1359.5
MCH5684,Dua-Ghose,5311,Department Store,Partnership,Pune,Maharashtra,2024-10-07,,Active,465.0
MCH4179,"Choudhry, Bera And Pandit",5699,Apparel & Fashion,Partnership,Kolkata,West Bengal,2025-08-14,ABQY2242292056782,Active,1930.08
MCH7149,Keer-Dua,4131,Transportation,Private Limited,Delhi,Delhi,2026-02-10,,Suspended,
MCH1646,"Sane, Zacharia And Samra",5912,Medical,Individual,Jaipur,Rajasthan,2023-12-31,5847905998,Active,1891.86
MCH7567,Bora-Venkatesh,5912,Medical,Partnership,Lucknow,Uttar Pradesh,,,Active,664.14
MCH5965,Wason Llc,4814,Telecom,Partnership,Hyderabad,Telangana,2025-06-03,,Active,2365.0
MCH9112,Pingle-Natt,5311,Department Store,Sole Proprietor,Lucknow,Uttar Pradesh,2023-09-18,GWBM3117902848580,Inactive,356.0
MCH3039,Murty Inc,5411,Grocery,Individual,Delhi,Delhi,2023-12-03,SVKA2268543185915,Active,1465.47
MCH6079,"Chaudhuri, Mody And Goswami",5912,Medical,Partnership,Ludhiana,Punjab,2025-10-04,IGWP7360975530260,Inactive,
MCH1484,"Uppal, Butala And Tata",7011,Hotel & Lodging,Individual,Bengaluru,Karnataka,2025-02-18,,Active,
MCH7847,Ramakrishnan-Misra,5411,Grocery,Individual,Mumbai,Maharashtra,2025-12-04,,Active,2108.0
MCH6896,Dugar-Minhas,,Apparel & Fashion,Sole Proprietor,Mumbai,Maharashtra,2025-03-17,XXXX5745,Active,
MCH7289,Rajagopal-Contractor,,Restaurants & Food,Private Limited,Lucknow,Uttar Pradesh,2023-04-20,7395909166,Active,1484.26
MCH4613,"Kapadia, Sankar And Nadig",5311,Retail,Individual,Lucknow,Uttar Pradesh,2023-09-02,ALEY9883118921328,Active,1451.15
MCH8080,Brar Plc,4814,Telecom,Individual,Pune,Maharashtra,2025-02-02,,Active,1241.0
MCH7452,Kala Llc,5311,Department Store,Sole Proprietor,Bengaluru,Karnataka,2025-07-07,4973608976,Active,1838.62
MCH4170,Bassi Group,5999,Miscellaneous,Sole Proprietor,Ludhiana,Punjab,2024-10-13,7567135746,Active,591.58
MCH9080,Jani And Sons,5699,Apparel & Fashion,Partnership,Lucknow,Uttar Pradesh,2025-05-13,XXXX8347,Suspended,672.43
MCH3468,Aurora-Ben,,Hotel & Lodging,Private Limited,Hyderabad,Telangana,2025-03-16,,Active,199.0
MCH4871,Kunda Ltd,5812,Restaurants & Food,Partnership,Lucknow,Uttar Pradesh,2024-09-02,,Suspended,648.87
MCH3787,Rajan-Swaminathan,7011,Hotel & Lodging,Private Limited,Kolkata,West Bengal,2024-02-07,,Active,
MCH2737,"Sani, Chowdhury And Ganesan",5999,Miscellaneous,Partnership,Bengaluru,Karnataka,2023-05-01,1105547451,Active,610.07
MCH2076,Chad Ltd,5942,Books & Stationery,Sole Proprietor,Jalandhar,Punjab,2024-07-03,7969775416,Active,579.16
MCH3499,"Mand, Munshi And Bali",5311,Retail,Sole Proprietor,Chennai,Tamil Nadu,2026-02-01,,Active,1115.88
MCH9713,"Toor, Nayak And Varma",5699,Apparel & Fashion,Individual,Jalandhar,Punjab,,,Active,
MCH9083,Vohra-Mishra,5812,Restaurants & Food,Partnership,Pune,Maharashtra,2024-06-16,,Active,2189.0
MCH1097,"Narayan, Datta And Chowdhury",5999,Miscellaneous,Individual,Lucknow,Uttar Pradesh,2025-09-05,,Active,343.8
MCH1816,"Dass, Chaudhry And Peri",5999,Miscellaneous,Sole Proprietor,Jaipur,Rajasthan,2024-03-05,,Active,800.46
MCH4975,"Nagy, Kuruvilla And Saxena",7011,Hotel & Lodging,Sole Proprietor,Delhi,Delhi,2025-05-25,,Active,621.98
MCH3163,Majumdar-Minhas,5999,Miscellaneous,Sole Proprietor,Chennai,Tamil Nadu,2025-04-05,OGEJ6099307050342,Suspended,2179.72
MCH8837,Tata-Rajagopal,5411,Grocery,Partnership,Ludhiana,Punjab,2023-09-03,,Suspended,2586.19
MCH7034,Kohli Inc,5812,Grocery,Partnership,Bengaluru,Karnataka,2023-03-27,2103247749,Active,4369.0
MCH5529,"Ganguly, Mukherjee And Boase",,Grocery,Private Limited,Chennai,Tamil Nadu,2025-04-01,EMNT5419387001495,Active,879.0
MCH7558,Lanka-Dixit,5812,Restaurants & Food,Sole Proprietor,Pune,Maharashtra,2024-04-21,DPGO5407180491231,Active,1010.63
MCH1262,Lad And Sons,7011,Hotel & Lodging,Individual,Jalandhar,Punjab,2025-11-17,XXXX6412,Active,503.65
MCH2302,"Sekhon, Tak And Dhingra",5942,Books & Stationery,Sole Proprietor,Amritsar,Punjab,2023-11-11,8509370195,Active,852.28
MCH1247,"Nayak, Lala And Pillai",5411,Grocery,Sole Proprietor,Bengaluru,Karnataka,2023-01-19,9109437765,Inactive,677.02
MCH1675,Chokshi-Mukherjee,5411,Grocery,Individual,Ludhiana,Punjab,2023-11-01,XXXX1927,Active,1694.04
MCH4951,Cheema-Dugal,5311,Department Store,Individual,Amritsar,Punjab,2024-03-04,,Active,
MCH9613,Tella Group,5912,Pharmacy,Partnership,Hyderabad,Telangana,2024-07-29,IJFC0895713811161,Active,
MCH9928,Krishnaninc,,Hotel & Lodging,Private Limited,Jaipur,Rajasthan,2025-05-06,8263891927,Active,477.53
MCH7211,Nagar-Bhagat,5699,Apparel & Fashion,Partnership,Bengaluru,Karnataka,2024-01-16,,Active,585.46
MCH5114,Sarraf-Iyengar,5912,Pharmacy,Individual,Delhi,Delhi,2025-02-26,XRZF4644234669872,Active,452.11
MCH2897,Bath Ltd,5999,Miscellaneous,Private Limited,Hyderabad,Telangana,2025-07-23,,Active,2239.12
MCH6535,Nagy And Sons,5411,Grocery,Sole Proprietor,Hyderabad,Telangana,2023-11-24,,Active,291.26
MCH7465,Bhatt Group,,Miscellaneous,Individual,Pune,Maharashtra,2023-04-10,XXXX7739,Active,3040.67
MCH7458,"Hans, Som And Krish",,Restaurants & Food,Sole Proprietor,Bengaluru,Karnataka,2025-09-20,,Active,8448.66
MCH5019,"Mahajan, Gulati And Chakrabarti",5411,Grocery,Partnership,Amritsar,Punjab,2024-08-08,,Active,448.34
MCH9083,"Gera, Varghese And Karpe",5311,Department Store,Private Limited,Jaipur,Rajasthan,2025-05-19,9824715725,Active,3755.09
MCH2962,"Naik, Ranganathan And Sahota",4814,Telecom,Partnership,Pune,Maharashtra,2024-08-23,XXXX5665,Active,174.64
MCH6758,"Kaul, Vyas And Bobal",5912,Pharmacy,Sole Proprietor,Jaipur,Rajasthan,,OLOU3337406191926,Active,1560.09
MCH9070,"Buch, Samra And Tata",5912,Medical,Partnership,Lucknow,Uttar Pradesh,2023-11-19,6049785311,Active,5075.53
MCH9928,Kalita-Dave,5999,Miscellaneous,Private Limited,Mumbai,Maharashtra,2023-02-14,,Active,2034.32
MCH6251,"Sodhi, Handa And Venkatesh",5411,Grocery,Sole Proprietor,Lucknow,Uttar Pradesh,2025-09-18,2729847488,Suspended,291.55
MCH7863,"Lal, Hegde And Hora",5812,Restaurants & Food,Partnership,Lucknow,Uttar Pradesh,2024-11-18,BRCS2990278425539,Active,673.1
MCH8602,Raghavan-Ah1Uwa1Ia,5411,Grocery,Individual,Chennai,Tamil Nadu,2023-01-19,,Active,
MCH6315,"Pal, Zacharia And Narayan",7011,Hotel & Lodging,Sole Proprietor,Mumbai,Maharashtra,2023-04-01,5478307805,Active,529.2
MCH7558,Keer-Krish,5942,Books & Stationery,Private Limited,Chennai,Tamil Nadu,2024-03-29,XXXX0444,Active,777.64
MCH2886,"Raja, Hayre And Deshmukh",5912,Medical,Private Limited,Kolkata,West Bengal,2024-07-04,,Active,511.0
MCH8219,Devi Group,4814,Telecom,Individual,Ludhiana,Punjab,2023-01-06,,Active,1980.0
MCH9075,Bhakta Inc,4814,Telecom,Partnership,Delhi,Delhi,2023-10-20,,Inactive,1186.46
MCH7029,"Vasa, Zachariah And Narula",5812,Restaurants & Food,Private Limited,Kolkata,West Bengal,2025-01-15,6099382833,Active,2526.83
MCH9738,Barman-Rastogi,5411,Grocery,Partnership,Chennai,Tamil Nadu,2024-11-19,XXXX3047,Active,2419.77
MCH6280,Khanna-Kanda,5699,Apparel & Fashion,Sole Proprietor,Pune,Maharashtra,,1584508627,Active,243.27
MCH9542,"Singh, Johal And Khalsa",5942,Books & Stationery,Individual,Hyderabad,Telangana,2025-06-18,XXXX3154,Active,2463.46
MCH4009,Deo Plc,4814,Telecom,Sole Proprietor,Kolkata,West Bengal,2025-10-10,,Active,1937.0
MCH7796,"Kari, Sridhar And J0Ha1",5411,Grocery,Partnership,Pune,Maharashtra,2024-12-09,5623137802,Active,489.31
MCH2046,Konda-Garde,5411,Grocery,Sole Proprietor,Lucknow,Uttar Pradesh,2026-01-28,,Active,1405.98
MCH2842,Patel-Chacko,,Hotel & Lodging,Individual,Bengaluru,Karnataka,2025-08-13,,Active,2354.89
MCH7034,Bhavsar Llc,5999,Miscellaneous,Partnership,Delhi,Delhi,2025-11-06,,Active,251.0
MCH5180,"Gaba, Chacko And Khatri",5699,Apparel & Fashion,Private Limited,Pune,Maharashtra,2025-02-12,XXXX8144,Active,753.85
MCH1995,"Sandhu, Kar And Chaudry",5699,Apparel & Fashion,Partnership,Mumbai,Maharashtra,2024-01-25,,Active,4626.93
MCH2390,Bandi-Sidhu,5311,Retail,Sole Proprietor,Jaipur,Rajasthan,,XXXX9688,Active,1091.1
MCH7353,Gh0Se Llc,5411,Grocery,Private Limited,Pune,Maharashtra,2025-11-01,,On Hold,1477.74
MCH5305,Taneja Inc,7011,Hotel & Lodging,Sole Proprietor,Chennai,Tamil Nadu,2024-01-06,XXXX9718,Active,1731.48
MCH4848,"Borra, Balakrishnan And Chad",5699,Apparel & Fashion,Partnership,Delhi,Delhi,2024-06-18,5183213301,Active,3072.49
MCH7597,Vohra-Mitter,,Transportation,Sole Proprietor,Pune,Maharashtra,2025-07-31,BWIV7516426838159,Active,2111.86
MCH3023,Raj-Bajwa,4131,Transportation,Partnership,Lucknow,Uttar Pradesh,2024-10-11,YYPA0272541440376,Active,6135.0
MCH7017,"Roy, Khosla And Oak",,Miscellaneous,Sole Proprietor,Lucknow,Uttar Pradesh,2025-09-14,XXXX0409,Active,952.71
MCH3661,"Deshmukh, Patla And Goel",4131,Transportation,Individual,Ludhiana,Punjab,2023-11-17,XXXX0412,Suspended,1439.0
MCH8910,Hayer-Mandal,5411,Grocery,Sole Proprietor,Ludhiana,Punjab,,XXXX1730,Active,597.8
MCH7128,Agarwal Group,5912,Pharmacy,Private Limited,Jalandhar,Punjab,2023-06-06,,Active,6405.9
MCH5758,"Aggarwal, Hayer And Nayar",5999,Miscellaneous,Individual,Amritsar,Punjab,2023-09-22,XXXX0401,Active,3630.79
MCH6119,"Hans, Gokhale And Shanker",5999,Miscellaneous,Partnership,Mumbai,Maharashtra,2024-01-28,,Inactive,1753.67
MCH5316,"Mand, Banerjee And Bhandari",5699,Apparel & Fashion,Private Limited,Chennai,Tamil Nadu,,MZUJ8841043737441,Active,1934.84
MCH7502,Gokhale Llc,5311,Department Store,Individual,Amritsar,Punjab,2024-06-07,5976838930,Active,1185.45
MCH6180,Thakur And Sons,5699,Apparel & Fashion,Private Limited,Lucknow,Uttar Pradesh,2025-05-24,MWYN7782824521830,Active,699.96
MCH9335,Srinivasan-Shere,,Department Store,Partnership,Ludhiana,Punjab,2024-04-13,,Active,1875.12
MCH9710,"Mohanty, Lanka And Kamdar",5311,Department Store,Individual,Mumbai,Maharashtra,2024-11-13,EZNF2282969074066,Inactive,1462.25
MCH7591,Gour-Hora,5812,Restaurants & Food,Sole Proprietor,Amritsar,Punjab,2023-07-12,XXXX5661,Active,1230.68
MCH2754,"Rastogi, Kamdar And Kumer",5912,Medical,Sole Proprietor,Chennai,Tamil Nadu,2023-04-27,,Active,2871.91
MCH7370,Peri Llc,4131,Transportation,Private Limited,Kolkata,West Bengal,2023-09-28,713043152,Active,1188.42
MCH8588,"Kala, Kant And Gola",,Transportation,Individual,Chennai,Tamil Nadu,2025-11-24,5957904984,Active,
MCH2244,Master Plc,5912,Pharmacy,Private Limited,Jalandhar,Punjab,2024-06-10,,Inactive,2383.0
MCH9565,Gaba Llc,5912,Pharmacy,Individual,Kolkata,West Bengal,2025-03-08,5752723069,Inactive,715.93
MCH6551,Oza Llc,7011,Hotel & Lodging,Private Limited,Lucknow,Uttar Pradesh,2023-07-11,,Active,578.45
MCH7972,Lata Inc,5411,Grocery,Partnership,Bengaluru,Karnataka,2024-12-16,6873256015,Active,
MCH3787,"Boase, Mand And Khatri",5411,Grocery,Partnership,Pune,Maharashtra,2025-03-21,4292433603,Active,1436.68
MCH2583,Gole-Prabhakar,4814,Telecom,Private Limited,Bengaluru,Karnataka,2025-04-21,XXXX1523,Active,323.0
MCH5707,Varughese-Hegde,,Telecom,Private Limited,Lucknow,Uttar Pradesh,2025-07-12,VFHE9510842870262,Active,
MCH1478,Sah0Ta Llc,5912,Pharmacy,Individual,Jaipur,Rajasthan,2024-09-12,1321864172,Inactive,2037.0
MCH5190,Karpe Inc,5942,Books & Stationery,Sole Proprietor,Delhi,Delhi,2024-06-07,AIVF4646117807271,Active,2042.93
MCH5645,Dey Ltd,4814,Telecom,Private Limited,Jalandhar,Punjab,2025-12-18,9437173245,Active,1164.31
MCH5872,Kalellc,4131,Transportation,Partnership,Bengaluru,Karnataka,,,Active,1429.88
MCH6239,Varkey-More,5699,Apparel & Fashion,Private Limited,Lucknow,Uttar Pradesh,2025-08-20,,Active,849.3
MCH5188,"Dube, Nair And Datta",4131,Transportation,Individual,Jalandhar,Punjab,2023-03-22,4717131081,Active,2008.92
MCH2551,"Krishnamurthy, Murthy And Savant",5699,Apparel & Fashion,Private Limited,Pune,Maharashtra,2023-09-27,XXXX9848,Active,3427.0
MCH8241,"Mane, Wagle And Ganesan",5311,Department Store,Partnership,Kolkata,West Bengal,2024-09-22,GUGG0514416234988,Active,814.25
MCH3267,Balasubramanian-Butala,4814,Apparel & Fashion,Individual,Chennai,Tamil Nadu,2025-10-20,XXXX4438,Active,1843.39
MCH9404,Baral And Sons,4131,Travel,Private Limited,Kolkata,West Bengal,2025-02-10,,Active,
MCH1667,Dalal Ltd,7011,Hotel & Lodging,Sole Proprietor,Hyderabad,Telangana,2025-02-16,,Active,3517.09
MCH4275,"Boase, Chanda And Bajaj",5311,Department Store,Individual,Delhi,Delhi,2025-06-29,XXXX6193,Active,684.1
MCH8065,Parekh Group,4131,Transportation,Private Limited,Jaipur,Rajasthan,2024-03-11,,Active,1217.53
MCH8355,Dada And Sons,5699,Apparel & Fashion,Sole Proprietor,Chennai,Tamil Nadu,2023-01-27,,Active,1302.55
MCH9343,Sridhar-Sarna,7011,Hotel & Lodging,Partnership,Chennai,Tamil Nadu,2025-08-16,XXXX5274,Active,287.96
MCH2155,Vig-Bobal,4814,Telecom,Private Limited,Delhi,Delhi,2023-03-05,XXXX5202,Active,8483.0
MCH8377,"Garde, Varty And Vyas",4131,Transportation,Individual,Mumbai,Maharashtra,2025-08-01,,Active,1200.23
MCH6274,Mall Inc,7011,Hotel & Lodging,Partnership,Amritsar,Punjab,2025-06-21,XXXX1310,Active,1700.39
MCH5698,Rana Ltd,5942,Books & Stationery,Private Limited,Chennai,Tamil Nadu,2025-01-07,,Active,2808.27
MCH1940,Anne Group,4131,Transportation,Sole Proprietor,Hyderabad,Telangana,2025-01-16,XXXX3192,Active,2525.67
MCH1817,Wadhwa Group,,Telecom,Partnership,Kolkata,West Bengal,2024-06-30,XZWP2134363743881,Active,200.17
MCH8852,Bali-Hora,5411,Pharmacy,Individual,Delhi,Delhi,2024-09-07,,Active,2821.74
MCH9143,Prakash Inc,5812,Restaurants & Food,Partnership,Lucknow,Uttar Pradesh,2023-02-03,XXXX9977,Active,1791.89
MCH7338,"Verma, Rai And Patla",,Medical,Private Limited,Bengaluru,Karnataka,2024-06-05,XXXX7454,Active,2235.57
MCH9888,"Contractor, Mohanty And Devi",5912,Pharmacy,Sole Proprietor,Chennai,Tamil Nadu,2025-09-23,XXXX3253,Suspended,1367.96
MCH5496,Bhagat And Sons,5912,Medical,Partnership,Lucknow,Uttar Pradesh,2024-08-13,DOMQ3055982121356,Active,
MCH5361,"Baria,Santandmunshi",5942,Books & Stationery,Private Limited,Delhi,Delhi,2025-02-01,XXXX6510,Active,
MCH1199,"Chatterjee, Chada And Ghose",5812,Restaurants & Food,Private Limited,Chennai,Tamil Nadu,2025-04-14,,Active,6574.56
MCH7350,Toor-Sachar,4814,Telecom,Partnership,Bengaluru,Karnataka,2023-10-29,8049687567,Active,1079.19
MCH3970,"Chawla, Sami And Mani",5942,Books & Stationery,Sole Proprietor,Pune,Maharashtra,2023-04-25,XXXX3871,Active,2506.67
MCH3509,Tandon-Thakur,5999,Miscellaneous,Private Limited,Pune,Maharashtra,2024-03-27,TBRS8526244076916,Active,253.7
MCH8188,"Ram, Krish And Pai",5999,Miscellaneous,Partnership,Lucknow,Uttar Pradesh,2025-02-16,XXXX6724,Inactive,734.28
MCH3893,"Kapadia, Keer And Oak",5812,Restaurants & Food,Private Limited,Amritsar,Punjab,2023-12-10,LOCC9278519241012,Active,
MCH5465,"Keer, Gill And Tank",4814,Telecom,Individual,Jaipur,Rajasthan,2023-10-23,WBGT3042878113023,Active,3170.0
MCH9837,Raval-Aurora,5812,Restaurants & Food,Sole Proprietor,Kolkata,West Bengal,2023-04-26,,Active,2990.0
MCH3145,Chaudry And Sons,5311,Department Store,Individual,Bengaluru,Karnataka,2026-01-29,,Active,
MCH1122,"Rana, Choudhury And Garde",5912,Medical,Partnership,Ludhiana,Punjab,2024-11-30,XXXX6047,Active,4792.92
MCH1874,Kanda-Mane,5942,Books & Stationery,Partnership,Ludhiana,Punjab,2024-12-06,940514966,Active,2286.66
MCH7881,Menon Plc,5311,Department Store,Partnership,Pune,Maharashtra,2024-02-04,1137446678,Active,1357.1
MCH7395,Bera Group,5912,Pharmacy,Partnership,Jalandhar,Punjab,,,Active,
MCH4547,Rout Inc,5812,Restaurants & Food,Private Limited,Bengaluru,Karnataka,2026-01-28,4666460002,Active,307.37
MCH5646,Badal-Anand,4814,Telecom,Private Limited,Mumbai,Maharashtra,2025-06-05,XXXX0079,Active,4606.04
MCH5898,"Dalal, Bhavsar And Taneja",5999,Miscellaneous,Private Limited,Kolkata,West Bengal,2025-05-19,,Active,2660.29
MCH7724,"Thaman,Parsaandaurora",,Telecom,Individual,Pune,Maharashtra,2025-01-08,,Active,1482.24
MCH2278,"Mohanty, Bobal And Minhas",7011,Hotel & Lodging,Sole Proprietor,Pune,Maharashtra,2023-08-25,2573696997,Active,4540.82
MCH4377,Kale-Krishnan,5942,Books & Stationery,Partnership,Bengaluru,Karnataka,2023-12-10,,Inactive,2218.12
MCH1477,Ahluwalia-Devan,5912,Medical,Partnership,Jaipur,Rajasthan,2024-04-15,XXXX2364,Active,551.17
MCH5020,Sarna-Sarraf,5411,Grocery,Individual,Lucknow,Uttar Pradesh,2023-02-27,,Active,3351.89
MCH6965,Lala Group,5912,Medical,Private Limited,Pune,Maharashtra,2023-08-26,,Active,256.0
MCH9782,"Prashad, Sura And Mutti",5311,Department Store,Sole Proprietor,Amritsar,Punjab,2025-04-17,,Active,2734.0
MCH6113,"Shen0Y, Kapadia And Pradhan",5942,Books & Stationery,Individual,Amritsar,Punjab,2025-05-21,OAOW4206990585455,Active,8727.62
MCH7471,Dass Llc,5812,Restaurants & Food,Sole Proprietor,Lucknow,Uttar Pradesh,2023-02-14,XXXX4634,Active,390.54
MCH9048,Kalla Plc,5812,Restaurants & Food,Partnership,Jalandhar,Punjab,2023-09-18,,Active,544.22
MCH5081,"Bhatia, Srinivasan And Sampath",5912,Medical,Private Limited,Chennai,Tamil Nadu,2024-01-19,6512242126,Active,869.22
MCH5505,Shan-Cherian,5311,Department Store,Individual,Delhi,Delhi,2023-08-19,,Active,3177.98
MCH7728,Gaba Ltd,7011,Hotel & Lodging,Partnership,Jalandhar,Punjab,2024-06-07,,Active,970.98
MCH3386,"Balay, Chacko And Dani",5311,Department Store,Private Limited,Jaipur,Rajasthan,2025-10-27,XXXX2339,Active,2775.53
MCH3753,Kala Ltd,4814,Telecom,Individual,Kolkata,West Bengal,2024-03-20,XXXX7019,Active,411.14
MCH4676,Shan Inc,5999,Miscellaneous,Sole Proprietor,Mumbai,Maharashtra,2026-01-20,DCZB8927650142403,Active,2805.31
MCH5055,Aggarwal-Doctor,5912,Medical,Private Limited,Hyderabad,Telangana,2024-07-04,,Active,3805.08
MCH7297,"Bhasin, Sankar And Pradhan",5812,Restaurants & Food,Private Limited,Delhi,Delhi,2025-05-03,,Active,
MCH8798,"Taneja, Maharaj And Sa1Vi",5942,Books & Stationery,Partnership,Mumbai,Maharashtra,,,Suspended,2125.0
MCH4454,"Varghese, Shenoy And Mahajan",5812,Restaurants & Food,Partnership,Mumbai,Maharashtra,2025-06-21,,Active,1952.0
MCH6575,Sanghvi Plc,5942,Books & Stationery,Individual,Lucknow,Uttar Pradesh,2025-02-15,JZFS4748636238917,Active,819.0
MCH1130,Bhargava-Dara,5311,Department Store,Individual,Amritsar,Punjab,2025-06-14,8689036086,Active,2188.62
MCH4702,Nath Group,5311,Retail,Sole Proprietor,Lucknow,Uttar Pradesh,2024-08-15,,Active,584.0
MCH3604,Dara-Borde,5942,Books & Stationery,Sole Proprietor,Ludhiana,Punjab,2025-10-03,,Active,
MCH7724,Gade-Tata,5912,Medical,Sole Proprietor,Delhi,Delhi,2023-07-04,8406773720,Active,1191.59
MCH9199,"Bail, Peri And Baria",,Department Store,Partnership,Chennai,Tamil Nadu,2024-01-14,MIRO8677255410818,Active,7748.66
MCH7709,Kala Llc,5411,Grocery,Partnership,Jalandhar,Punjab,2023-06-21,,Active,
MCH4606,"Morar, Dalal And Mukherjee",5912,Pharmacy,Partnership,Bengaluru,Karnataka,2023-05-26,,Inactive,1103.98
MCH3499,"Gaba, Nanda And Pillay",5812,Restaurants & Food,Private Limited,Mumbai,Maharashtra,2023-09-30,,Active,804.98
MCH4573,"Borde, Patil And Taneja",4814,Telecom,Individual,Chennai,Tamil Nadu,2023-10-27,KZVD4103515080767,Active,642.81
MCH4169,"Vaidya, Vasa And Palan",4814,Telecom,Individual,Hyderabad,Telangana,2024-11-15,,Active,1965.48
MCH1083,Chaudhry-Bhat,5812,Restaurants & Food,Sole Proprietor,Jalandhar,Punjab,2025-04-30,DSMZ2555394666399,Inactive,730.39
MCH9503,"Lanka, Bhasin And Srinivas",5411,Grocery,Partnership,Kolkata,West Bengal,2024-10-29,,Active,1065.1
MCH5798,Divan-Mahal,5812,Restaurants & Food,Individual,Jaipur,Rajasthan,2023-02-19,1492699438,Active,110.98
MCH7639,Brar-Chana,5999,Miscellaneous,Sole Proprietor,Mumbai,Maharashtra,2025-02-20,XXXX2309,Active,4805.68
MCH2788,"Dash, Mallick And Sachdev",5812,Restaurants & Food,Individual,Bengaluru,Karnataka,2025-04-06,WZXG3956270476463,Active,3989.94
MCH9813,"Padmanabhan,Brahmbhattandtrivedi",5411,Grocery,Private Limited,Ludhiana,Punjab,2025-01-27,XXXX5772,Active,2491.37
MCH5367,Varughese-Kala,5942,Books & Stationery,Sole Proprietor,Ludhiana,Punjab,2024-09-24,,Active,1142.44
MCH3256,"Patil, Tripathi And Seshadri",5942,Books & Stationery,Partnership,Ludhiana,Punjab,2025-02-11,74721461,Active,4035.32
MCH6853,Prashad Plc,7011,Hotel & Lodging,Private Limited,Delhi,Delhi,2024-06-13,KVIV4494971706487,Active,410.64
MCH8226,Das-Subramanian,5999,Miscellaneous,Partnership,Jaipur,Rajasthan,2024-03-26,6578658444,Active,789.74
MCH8372,Parsa-Chokshi,4814,Telecom,Private Limited,Amritsar,Punjab,2023-02-10,XXXX0623,Active,714.9
MCH5590,"Bhandari, M0Re And Bhatti",4131,Travel,Partnership,Pune,Maharashtra,2024-10-07,CXPI7064872826114,Inactive,2034.57
MCH6578,Lal-Sachdeva,4131,Transportation,Partnership,Jalandhar,Punjab,2026-01-04,2444694216,Active,1965.27
MCH6030,"Dhillon, Sunder And Sodhi",5999,Miscellaneous,Partnership,Jaipur,Rajasthan,2025-02-19,FIPF1132011620068,Active,884.98
MCH2056,"Kadakia, Nagi And Ramakrishnan",5699,Apparel & Fashion,Sole Proprietor,Mumbai,Maharashtra,2023-02-23,XXXX6025,Active,2168.0
MCH1083,Chaudhry-Bhat,5812,Restaurants & Food,Sole Proprietor,Jalandhar,Punjab,2025-04-30,DSMZ2555394666399,Suspended,730.39
MCH4041,Salvi-Mishra,5812,Restaurants & Food,Sole Proprietor,Amritsar,Punjab,,IIMZ0020327103815,Inactive,1291.58
MCH3859,"Mall, Bassi And Seshadri",5411,Grocery,Partnership,Mumbai,Maharashtra,,,Active,610.0
MCH8007,Chaudhari Inc,5699,Apparel & Fashion,Sole Proprietor,Pune,Maharashtra,2025-11-26,KFYF9189766472754,Active,1165.41
MCH9731,Chaudhry-Pillay,5311,Department Store,Individual,Jaipur,Rajasthan,2025-09-19,4390962437,Active,516.39
MCH5790,Devi And Sons,5942,Books & Stationery,Partnership,Jaipur,Rajasthan,2024-06-03,LANA4621044039956,Active,8961.2
MCH1189,"Rai, Doctor And Dar",5699,Apparel & Fashion,Sole Proprietor,Mumbai,Maharashtra,2024-11-13,8075572970,Active,1513.0
MCH6504,"Wagle, Choudhry And Patla",5942,Books & Stationery,Private Limited,Jalandhar,Punjab,2025-11-14,,Active,1748.0
MCH1213,Ray Llc,5912,Pharmacy,Partnership,Pune,Maharashtra,2024-01-07,1805958295,Inactive,1556.0
MCH3854,"Was0N, Chauhan And Gh0Se",5812,Restaurants & Food,Private Limited,Hyderabad,Telangana,2025-09-01,FZNK7723155067265,Active,528.0
MCH8884,"Dubey, Srinivasan And Pillai",,Books & Stationery,Sole Proprietor,Chennai,Tamil Nadu,2023-07-03,,Active,
MCH6692,Parekh Group,5942,Books & Stationery,Partnership,Amritsar,Punjab,2023-12-23,XXXX5642,Active,3070.0
MCH2148,Dora Ltd,5912,Pharmacy,Private Limited,Amritsar,Punjab,2024-05-30,,Active,343.34
MCH7323,Buch Plc,7011,Hotel & Lodging,Partnership,Amritsar,Punjab,2023-08-11,XXXX4242,Active,552.97
MCH3447,Andra-Edwin,5699,Apparel & Fashion,Individual,Hyderabad,Telangana,2023-10-09,XXXX8236,Active,1619.69
MCH6804,Johal And Sons,5699,Apparel & Fashion,Sole Proprietor,Chennai,Tamil Nadu,2025-10-13,9253208573,Inactive,4018.13
MCH3569,Choudhury-Prashad,5942,Books & Stationery,Sole Proprietor,Lucknow,Uttar Pradesh,2025-02-17,,Active,1411.0
MCH7364,Vig-Bala,7011,Hotel & Lodging,Sole Proprietor,Mumbai,Maharashtra,2024-08-29,XXXX1900,Active,1242.0
MCH5511,"Pandya, Dugar And Dube",5999,Miscellaneous,Individual,Delhi,Delhi,2025-02-09,,Active,997.89
MCH6517,"Vig, Sen And Kumar",5699,Apparel & Fashion,Sole Proprietor,Delhi,Delhi,2023-05-05,,Active,1024.93
MCH9779,De0-Agate,4814,Telecom,Individual,Kolkata,West Bengal,2024-03-24,,Active,2425.1
MCH5217,Swamy Ltd,5411,Grocery,Private Limited,Kolkata,West Bengal,2023-02-22,5295856120,Active,1618.62
MCH4732,"Ramanathan, Kanda And Karnik",5812,Restaurants & Food,Private Limited,Lucknow,Uttar Pradesh,2025-08-13,,Active,3954.51
MCH5027,Mukhopadhyay-Brar,5999,Miscellaneous,Partnership,Ludhiana,Punjab,2023-10-17,CWYO9756460575495,Active,3103.67
MCH4411,"Kale, Issac And Sibal",5999,Miscellaneous,Private Limited,Mumbai,Maharashtra,2025-12-23,GYAZ8851086848708,Active,566.46
MCH2104,Iyengar Plc,5411,Apparel & Fashion,Private Limited,Lucknow,Uttar Pradesh,2025-03-20,,Suspended,1344.05
MCH6928,"Mutti, Palla And Zacharia",4814,Telecom,Partnership,Kolkata,West Bengal,2023-12-11,1804027882,Active,2042.85
MCH2177,"Boase, Bajaj And Krish",5999,Miscellaneous,Private Limited,Jalandhar,Punjab,2025-08-01,,Active,420.77
MCH4354,Natarajan-Lad,7011,Hotel & Lodging,Partnership,Amritsar,Punjab,2023-08-18,XXXX6382,Active,703.43
MCH7273,De-Gokhale,4131,Transportation,Sole Proprietor,Jalandhar,Punjab,2024-05-23,NXVM2607916550138,Active,654.26
MCH1456,Madan-Ganesh,5699,Apparel & Fashion,Individual,Amritsar,Punjab,2025-11-01,,Active,
MCH7181,"Dar, Dada And Kala",4131,Transportation,Partnership,Kolkata,West Bengal,2023-04-14,XXXX4833,Active,859.59
MCH6314,"Kuruvilla, Lalla And Mallick",5699,Apparel & Fashion,Private Limited,Lucknow,Uttar Pradesh,2026-01-05,,Active,697.89
MCH7864,"Kumer, Iyer And Bhavsar",4131,Travel,Private Limited,Amritsar,Punjab,2024-12-30,9319227409,Active,611.66
MCH5294,Bhakta Group,4814,Telecom,Private Limited,Jaipur,Rajasthan,2023-12-27,XXXX2441,Active,765.13
MCH9219,Baria Inc,4814,Telecom,Sole Proprietor,Jaipur,Rajasthan,2024-07-29,7495991370,Active,1931.0
MCH5070,Rau-Nagar,5999,Miscellaneous,Private Limited,Chennai,Tamil Nadu,2024-12-04,,Active,11139.0
MCH1889,Bakshi Llc,5999,Miscellaneous,Individual,Jalandhar,Punjab,2024-02-13,XXXX2818,Active,2474.04
MCH6224,La1-Anand,5912,Pharmacy,Private Limited,Delhi,Delhi,2025-07-28,3453251138,Active,3823.0
MCH7709,Sangha Llc,5812,Restaurants & Food,Sole Proprietor,Jalandhar,Punjab,2024-11-07,LORK7301099084726,Active,968.83
MCH4769,"Venkataraman, Dey And Patil",7011,Hotel & Lodging,Partnership,Ludhiana,Punjab,2023-11-01,,Active,145.49
MCH4274,Walia Group,4131,Transportation,Private Limited,Mumbai,Maharashtra,2025-10-29,OSZC0719397300693,Active,1705.04
MCH1772,"Sarin,Kothariandlal",4131,Medical,Individual,Jalandhar,Punjab,2025-09-11,GQQF2119444967880,Active,
MCH1818,Bakshi-Golla,5699,Apparel & Fashion,Private Limited,Kolkata,West Bengal,2023-04-10,7575233501,Active,4859.19
MCH6343,Prabhakar Ltd,5411,Grocery,Sole Proprietor,Ludhiana,Punjab,2025-11-13,,Inactive,8227.32
MCH8114,"Raman, Sandal And Bedi",4814,Telecom,Individual,Jalandhar,Punjab,2024-02-08,LFZC4951241506007,Active,1612.23
MCH7335,"Narayan, Cheema And Chana",5812,Restaurants & Food,Private Limited,Chennai,Tamil Nadu,2025-03-18,EHXK3209295259680,Active,699.42
MCH8125,"Jaggi, Samra And Narula",4131,Transportation,Sole Proprietor,Chennai,Tamil Nadu,2023-10-19,XXXX6695,Active,983.23
MCH2718,"Krishna, Prabhu And Kara",7011,Hotel & Lodging,Individual,Bengaluru,Karnataka,2024-12-20,VEWG4998867762324,Active,529.14
MCH3718,"S0M, Barman And Bhavsar",5411,Grocery,Sole Proprietor,Pune,Maharashtra,,2345441898,Active,312.19
MCH3338,"Mistry, Majumdar And Ghosh",4814,Telecom,Individual,Ludhiana,Punjab,2024-04-26,KYYU5062619258958,Active,1989.0
MCH8038,"Singh, Baria And Kakar",5912,Pharmacy,Private Limited,Lucknow,Uttar Pradesh,2024-12-20,5855829731,Active,1174.3
MCH6634,"Bobal, Randhawa And Guha",,Miscellaneous,Sole Proprietor,Delhi,Delhi,2024-07-17,4957341463,Active,3780.75
MCH2028,Viswanathan Llc,,Telecom,Individual,Pune,Maharashtra,2024-05-23,XXXX2833,Active,634.0
MCH9722,"Krishna, Saxena And Aurora",4814,Telecom,Individual,Lucknow,Uttar Pradesh,,XXXX5150,Active,
MCH8966,Talwar Plc,5999,Miscellaneous,Sole Proprietor,Chennai,Tamil Nadu,2023-07-23,LXSL0666403926452,Active,432.95
MCH5378,Biswas-Seshadri,4131,Grocery,Sole Proprietor,Kolkata,West Bengal,2025-05-11,,Active,815.52
MCH5741,Rajagopalan Plc,5942,Books & Stationery,Individual,Hyderabad,Telangana,2025-10-29,2788746336,Inactive,1562.28
MCH1721,"Mammen, Ka1A And Gara",7011,Hotel & Lodging,Individual,Kolkata,West Bengal,2023-10-07,,Active,1736.83
MCH7647,"Bala, Mody And Kumer",5912,Medical,Partnership,Mumbai,Maharashtra,2025-12-30,XXXX0768,Inactive,3285.0
MCH7358,Basak-Patla,5999,Miscellaneous,Sole Proprietor,Delhi,Delhi,2025-12-19,1781542230,Active,3053.41
MCH5912,Shenoy Plc,4814,Telecom,Individual,Bengaluru,Karnataka,2023-12-12,,Active,551.95
MCH6380,Naik-Kalla,5999,Miscellaneous,Individual,Pune,Maharashtra,2026-01-02,6290942991,Suspended,
MCH7225,Apte-Wadhwa,5812,Restaurants & Food,Individual,Jalandhar,Punjab,2025-03-07,XXXX2773,Active,
MCH5924,Chana-Thaman,4814,Telecom,Sole Proprietor,Delhi,Delhi,2025-09-27,XXXX2862,Active,1054.56
MCH1680,"Dube, Sekhon And Nagarajan",5699,Apparel & Fashion,Sole Proprietor,Ludhiana,Punjab,2025-02-03,,Active,855.0
MCH7060,"Nayak, Parmer And Anand",7011,Pharmacy,Private Limited,Kolkata,West Bengal,2023-05-26,,Active,1299.1
MCH8909,"Palan, Wali And Wagle",5999,Miscellaneous,Individual,Delhi,Delhi,,AMLI0055772138931,Active,1366.3
MCH7548,Dhillon Inc,4814,Telecom,Private Limited,Hyderabad,Telangana,2025-08-24,XXXX6625,Suspended,4170.0
MCH6043,Natt Inc,5311,Retail,Sole Proprietor,Mumbai,Maharashtra,2024-01-24,,Active,766.54
MCH5607,Sengupta-Murty,5942,Books & Stationery,Sole Proprietor,Delhi,Delhi,2023-10-05,GVNH6755841589954,Active,2739.15
MCH4529,Varkey-Pant,,Apparel & Fashion,Private Limited,Ludhiana,Punjab,2024-06-01,6768398433,Active,1710.62
MCH3518,Borah And Sons,4131,Transportation,Sole Proprietor,Mumbai,Maharashtra,2026-02-06,GCBI5958315675126,Active,451.33
MCH3477,"Mangal, Comar And Krish",5311,Department Store,Sole Proprietor,Mumbai,Maharashtra,2025-03-30,,Active,13897.21
MCH4777,Babu-Choudhry,4814,Telecom,Individual,Delhi,Delhi,2026-01-10,,Active,373.4
MCH7440,Rastogi-Manne,5699,Apparel & Fashion,Sole Proprietor,Lucknow,Uttar Pradesh,2025-10-27,,Active,2334.42
MCH1352,"Bandi, Soman And Manne",5812,Restaurants & Food,Individual,Jalandhar,Punjab,2026-01-28,,Active,4146.0
MCH1400,Kapoor-Bhalla,5699,Apparel & Fashion,Partnership,Chennai,Tamil Nadu,2023-05-17,,Active,913.08
MCH9937,"Sant, Dada And Biswas",4814,Telecom,Partnership,Hyderabad,Telangana,2023-09-08,,Inactive,663.0
MCH8151,Dalal Plc,5699,Apparel & Fashion,Individual,Jalandhar,Punjab,2024-08-01,WQMC9295186993346,Active,1200.0
MCH5768,Minhas Gr0Up,,Telecom,Sole Proprietor,Hyderabad,Telangana,2023-08-09,BVES3790408976679,Active,1396.68
MCH2914,Sharaf-Tara,5311,Retail,Individual,Kolkata,West Bengal,2025-02-07,,Active,542.0
MCH3085,Reddy-Wagle,7011,Hotel & Lodging,Sole Proprietor,Bengaluru,Karnataka,2025-05-27,,Active,258.0
MCH2345,"Kibe, Verma And Koshy",4814,Telecom,Individual,Bengaluru,Karnataka,2024-06-28,2126684184,Active,808.61
MCH3134,Rajan Plc,5311,Department Store,Individual,Jaipur,Rajasthan,2024-09-30,YYBA4456378455566,Active,993.0
MCH3263,Sarna-Chauhan,5812,Restaurants & Food,Sole Proprietor,Lucknow,Uttar Pradesh,2025-05-18,4897875203,Active,2348.1
MCH5261,M0Dy Gr0Up,5942,Books & Stationery,Individual,Jaipur,Rajasthan,2025-11-12,,Active,345.16
MCH9931,"Wadhwa, Loyal And Bhat",4814,Telecom,Partnership,Lucknow,Uttar Pradesh,2024-05-03,,On Hold,
MCH8597,Hayre-Badami,5812,Restaurants & Food,Private Limited,Amritsar,Punjab,2023-05-26,XXXX4723,Active,1847.81
MCH6071,Nagy Inc,5311,Department Store,Private Limited,Delhi,Delhi,,XXXX2349,Active,
MCH8957,Madan-Kothari,5699,Apparel & Fashion,Sole Proprietor,Ludhiana,Punjab,,XXXX2329,Active,934.34
MCH1605,Kar-Peri,,Miscellaneous,Individual,Delhi,Delhi,2025-12-14,,Active,3940.67
MCH8509,Raman-Hans,5699,Apparel & Fashion,Individual,Lucknow,Uttar Pradesh,2024-05-16,XXXX2100,Inactive,882.0
MCH1450,"Hora, Kunda And Dani",5311,Department Store,Sole Proprietor,Ludhiana,Punjab,2023-10-30,XXXX1537,Inactive,1853.9
MCH2424,Kari-Morar,5999,Miscellaneous,Sole Proprietor,Mumbai,Maharashtra,,7720169821,Active,763.93
MCH3612,Dara-Rama,5942,Books & Stationery,Sole Proprietor,Delhi,Delhi,2024-04-10,,Active,2252.16
MCH9082,Din-Batta,5311,Department Store,Private Limited,Mumbai,Maharashtra,2024-02-18,XXXX5721,Inactive,4454.42
MCH1727,Chacko Llc,5999,Miscellaneous,Partnership,Amritsar,Punjab,2023-07-23,,Active,1914.68
MCH1280,"Ben, Madan And Dey",5942,Books & Stationery,Private Limited,Lucknow,Uttar Pradesh,2025-06-13,,Active,1308.81
MCH2448,Shan Ltd,5699,Apparel & Fashion,Private Limited,Delhi,Delhi,2023-03-22,,Active,331.32
MCH1021,Varghese-Ramachandran,5812,Restaurants & Food,Private Limited,Amritsar,Punjab,,,Active,734.0
MCH9004,Kaurinc,5699,Apparel & Fashion,Partnership,Bengaluru,Karnataka,2023-10-07,XXXX9308,Active,1124.44
MCH4010,"Barad, Mukherjee And Joshi",5411,Grocery,Sole Proprietor,Amritsar,Punjab,2024-01-28,,Active,992.35
MCH1379,Chokshi Ltd,5912,Medical,Individual,Chennai,Tamil Nadu,2024-01-23,XXXX4340,Active,2729.5
MCH3014,Nagarajan-Bandi,5311,Retail,Individual,Delhi,Delhi,2025-06-09,XXXX4761,Active,3013.17
MCH2100,"Jani, Bobal And Singhal",7011,Hotel & Lodging,Individual,Bengaluru,Karnataka,,,Active,1281.0
MCH5040,Kumer-M0Rar,4131,Transportation,Private Limited,Chennai,Tamil Nadu,2023-01-08,,Active,5948.0
MCH8151,"Sangha, Master And Chand",5999,Miscellaneous,Sole Proprietor,Delhi,Delhi,2024-02-04,,Active,606.88
MCH3941,Bassi-Deshmukh,4814,Telecom,Individual,Amritsar,Punjab,2025-10-25,,Active,979.98
MCH1531,Savant And Sons,7011,Hotel & Lodging,Private Limited,Delhi,Delhi,2026-02-10,,Inactive,1019.94
MCH6025,Wable And Sons,4814,Telecom,Sole Proprietor,Pune,Maharashtra,2026-01-14,,Active,2018.15
MCH9396,Baria-Bhasin,5912,Medical,Partnership,Pune,Maharashtra,2025-01-24,WSGG2231313442332,Active,
MCH2742,"Manne, Patil And Mukhopadhyay",5942,Books & Stationery,Sole Proprietor,Pune,Maharashtra,2025-10-03,JAUF9449397976214,Active,1389.0
MCH5831,Kibe Inc,4814,Telecom,Sole Proprietor,Ludhiana,Punjab,2024-01-21,,Active,2267.19
MCH2179,Chanda-Sura,5699,Apparel & Fashion,Private Limited,Jalandhar,Punjab,2026-01-07,XXXX4523,Active,1281.24
MCH3753,Vohra-Din,5699,Apparel & Fashion,Private Limited,Kolkata,West Bengal,2025-03-30,8109513390,Active,754.9
MCH5958,"Panchal, Krishnan And Thakkar",5812,Restaurants & Food,Private Limited,Chennai,Tamil Nadu,2025-06-16,1176480578,Inactive,999.64
MCH2767,Banik-Biswas,7011,Grocery,Individual,Mumbai,Maharashtra,2024-01-04,,Inactive,4259.84
MCH9584,"Bhat, Shukla And Bajaj",5311,Department Store,Private Limited,Mumbai,Maharashtra,2025-02-04,XXXX2185,Inactive,4140.74
MCH5208,Mann Inc,5411,Grocery,Private Limited,Hyderabad,Telangana,2023-04-10,,Suspended,1269.59
MCH7432,Taneja-Hari,5699,Apparel & Fashion,Sole Proprietor,Bengaluru,Karnataka,2025-11-24,,Active,1291.31
MCH3340,Bhargava Llc,5699,Apparel & Fashion,Sole Proprietor,Kolkata,West Bengal,2025-10-12,,On Hold,
MCH9332,Gala Inc,5699,Apparel & Fashion,Private Limited,Amritsar,Punjab,2023-03-21,XXXX9903,Active,1348.88
MCH2123,Lala And Sons,5311,Department Store,Private Limited,Mumbai,Maharashtra,2025-01-03,,Active,13187.41
MCH2792,"Varkey, Uppal And Mitter",,Transportation,Partnership,Delhi,Delhi,2024-11-06,4127542367,Active,130.0
MCH5230,Bajaj Ltd,,Transportation,Partnership,Delhi,Delhi,2024-02-01,8842729592,Active,3959.52
MCH9972,"Bakshi, Tata And Parmer",5311,Department Store,Sole Proprietor,Hyderabad,Telangana,2024-08-14,ATOC5117985834296,Active,1398.48
MCH6365,Raghavan Llc,4131,Transportation,Partnership,Hyderabad,Telangana,2023-10-28,,Active,2729.02
MCH8890,Mane-Sheth,5999,Miscellaneous,Individual,Jaipur,Rajasthan,,XXXX2596,Inactive,
MCH3672,"Ray, Radhakrishnan And Parmar",7011,Hotel & Lodging,Private Limited,Lucknow,Uttar Pradesh,2024-11-30,GKAL4059180951446,Active,
MCH3187,"Mand, Singhal And Raman",5912,Pharmacy,Sole Proprietor,Kolkata,West Bengal,2023-07-11,ZOEN9168175383897,Active,4276.66
MCH6247,Dhar-Ram,4814,Telecom,Individual,Jaipur,Rajasthan,2026-01-14,,Active,468.52
MCH4438,Vasa-Divan,5311,Department Store,Partnership,Kolkata,West Bengal,2025-09-10,DDPR9154239625573,Active,1288.65
MCH7960,Comar-Ramesh,5411,Grocery,Sole Proprietor,Amritsar,Punjab,2023-05-01,XXXX2411,Active,
MCH3578,"Badal, Gopal And Walla",4131,Transportation,Individual,Amritsar,Punjab,2024-05-19,CBPY2495238962575,Active,14795.0
MCH9457,"Grover, Deep And Subramaniam",4131,Travel,Partnership,Bengaluru,Karnataka,2026-01-19,XXXX7189,Active,276.66
MCH5265,"Jain, Jaggi And Gara",5699,Apparel & Fashion,Individual,Jaipur,Rajasthan,2023-10-05,XXXX8547,Active,617.01
MCH1053,"Gera, Grover And Sehgal",4814,Telecom,Individual,Amritsar,Punjab,2025-02-22,,Active,
MCH7840,Sood Llc,5311,Department Store,Individual,Pune,Maharashtra,2023-09-26,XXXX2181,Active,394.0
MCH7828,Samra Ltd,5912,Medical,Private Limited,Kolkata,West Bengal,2023-10-03,,Active,2295.0
MCH5954,"Chand, Dora And Dey",4131,Restaurants & Food,Private Limited,Chennai,Tamil Nadu,2025-08-28,,Active,1159.45
MCH4944,"Pillai, Kurian And Sunder",,Grocery,Sole Proprietor,Mumbai,Maharashtra,2023-04-08,XXXX3249,Active,907.45
MCH3216,K0Thari-Bhatia,5411,Grocery,Sole Proprietor,Hyderabad,Telangana,2025-01-28,3754349166,Active,1987.15
MCH6260,Mittal Plc,5912,Pharmacy,Private Limited,Lucknow,Uttar Pradesh,2025-01-27,XXXX9807,Active,
MCH6396,Ganesan-Lad,5311,Department Store,Private Limited,Jaipur,Rajasthan,2023-03-16,1072029777,Suspended,3700.61
MCH8428,"Keer, Batra And Kapadia",7011,Hotel & Lodging,Partnership,Jalandhar,Punjab,2024-08-19,,Active,2475.47
MCH7042,Barad-Raman,4814,Telecom,Sole Proprietor,Chennai,Tamil Nadu,2023-01-07,XXXX5012,Active,986.23
MCH9021,Sandhu-Jayaraman,5311,Department Store,Private Limited,Delhi,Delhi,,,Active,1258.68
MCH3475,"Wadhwa, Banik And Prakash",5812,Restaurants & Food,Private Limited,Jaipur,Rajasthan,2025-01-16,4792307270,Active,335.53
MCH2990,Nazareth Ltd,4814,Telecom,Individual,Delhi,Delhi,,NNKA9590521959789,Active,1043.0
MCH8098,"Sahni, Bahri And Apte",5912,Pharmacy,Individual,Pune,Maharashtra,2025-08-27,XXXX6599,Active,1970.0
MCH2154,"Badal, Yadav And Mane",5999,Miscellaneous,Sole Proprietor,Lucknow,Uttar Pradesh,2023-08-02,XXXX9820,Active,
MCH4720,Sha Ltd,5411,Grocery,Partnership,Chennai,Tamil Nadu,2024-05-04,136765801,Active,874.68
MCH5097,Sathe Inc,5311,Department Store,Sole Proprietor,Jaipur,Rajasthan,2023-07-05,XXXX5532,Active,997.33
MCH7628,"Mander, Guha And Varty",4814,Telecom,Sole Proprietor,Mumbai,Maharashtra,2026-12-01,845621446,Suspended,8496.25
MCH2749,Kashyap-Pillai,4131,Transportation,Private Limited,Bengaluru,Karnataka,2024-07-15,,Inactive,
MCH9966,Toor Group,5812,Miscellaneous,Partnership,Kolkata,West Bengal,2024-03-11,1428945380,Active,681.04
MCH7495,"Subramaniam, Radhakrishnan And Bahri",5411,Grocery,Individual,Amritsar,Punjab,2023-05-14,XXXX3800,Inactive,1584.42
MCH6466,Randhawa Llc,5311,Retail,Individual,Pune,Maharashtra,2024-03-06,WUJF6073785687916,Active,3082.9
MCH4744,Tiwari-Bedi,5942,Books & Stationery,Sole Proprietor,Pune,Maharashtra,2024-07-13,85843923,Inactive,1636.0
MCH6861,Gandhi-Shukla,,Grocery,Partnership,Kolkata,West Bengal,2024-01-09,,Active,1540.0
MCH9593,Varty-Lala,5942,Books & Stationery,Individual,Lucknow,Uttar Pradesh,2024-02-08,DUTM3222823880955,Active,3004.61
MCH8929,Nagi-Bala,5311,Department Store,Sole Proprietor,Kolkata,West Bengal,2024-12-17,XXXX2967,Active,232.0
MCH8489,"Nadkarni, Murty And Chad",5912,Medical,Partnership,Ludhiana,Punjab,2023-11-29,,Active,713.56
MCH6244,Memon And Sons,5311,Retail,Individual,Mumbai,Maharashtra,2025-11-24,,Inactive,
MCH2085,Kala-Shah,4131,Transportation,Private Limited,Pune,Maharashtra,2024-07-22,XXXX7338,Active,3590.82
MCH9482,"Vasa, Chada And Iyengar",5411,Grocery,Partnership,Hyderabad,Telangana,,XXXX4559,Active,600.13
MCH6501,Ka1A-Garg,7011,Apparel & Fashion,Sole Proprietor,Ludhiana,Punjab,2023-05-07,5422601773,Active,471.98
MCH2007,"Mahal, Divan And Sharaf",5999,Miscellaneous,Sole Proprietor,Jalandhar,Punjab,2023-02-02,4814016835,Active,435.32
MCH3105,Bandi Plc,5311,Department Store,Sole Proprietor,Mumbai,Maharashtra,2026-01-05,1280850023,Active,1578.41
MCH7654,Chakraborty Inc,5699,Apparel & Fashion,Sole Proprietor,Lucknow,Uttar Pradesh,,,Active,1250.0
MCH2778,Madan Plc,5912,Medical,Sole Proprietor,Amritsar,Punjab,2024-03-25,XXXX3934,Active,4029.72
MCH6056,Iyengar-Hegde,4131,Transportation,Partnership,Amritsar,Punjab,2025-03-23,,Active,1004.69
MCH9704,"Maharaj, Sangha And Suresh",5411,Grocery,Private Limited,Pune,Maharashtra,2023-01-01,FJDE3725342913526,Active,
MCH2915,"Chakrabarti, Hora And Sha",4814,Telecom,Partnership,Chennai,Tamil Nadu,2024-03-15,1253622214,Active,18355.56
MCH9916,"Sur, Palla And Goyal",4814,Telecom,Private Limited,Pune,Maharashtra,2023-09-04,7186592814,Active,282.0
MCH3260,Viswanathan Inc,4131,Transportation,Individual,Amritsar,Punjab,2025-09-24,,Inactive,2698.89
MCH1609,Ram-Palla,4814,Telecom,Private Limited,Mumbai,Maharashtra,2023-07-17,8485226822,Active,554.3
MCH5934,Krish-Doshi,4131,Transportation,Individual,Jaipur,Rajasthan,2024-02-24,2184684980,Active,2895.4
MCH6508,Varty Inc,5912,Pharmacy,Individual,Jalandhar,Punjab,2025-09-18,,Active,3434.37
MCH2950,"Rastogi, Bhavsar And Varghese",5942,Books & Stationery,Private Limited,Bengaluru,Karnataka,2024-11-26,6783380146,Active,2370.66
MCH5904,Karan Ltd,5699,Apparel & Fashion,Sole Proprietor,Bengaluru,Karnataka,2023-11-29,,Active,1441.0
MCH9299,Pathak-Menon,5812,Restaurants & Food,Sole Proprietor,Ludhiana,Punjab,2024-04-28,,Active,3015.0
MCH7431,Nagarajan And Sons,7011,Hotel & Lodging,Sole Proprietor,Jaipur,Rajasthan,2023-04-01,XXXX7904,Active,1657.0
MCH3330,"Keer, Gupta And Som",5311,Department Store,Private Limited,Jalandhar,Punjab,2025-11-26,LOCM5644673929837,Active,3134.69
MCH6805,Dora Ltd,5311,Department Store,Private Limited,Mumbai,Maharashtra,2025-09-17,4896284694,Active,371.73
MCH7280,Baral Ltd,5812,Restaurants & Food,Individual,Jalandhar,Punjab,2025-12-18,,Active,5521.6
MCH4667,Solanki-Batta,5699,Apparel & Fashion,Individual,Kolkata,West Bengal,2025-07-05,3048400302,Active,
MCH5401,Dave Plc,5311,Department Store,Partnership,Mumbai,Maharashtra,2023-06-03,,Active,3231.0
MCH7464,Duttallc,4131,Travel,Private Limited,Lucknow,Uttar Pradesh,2024-09-18,,Active,270.92
MCH4909,"Sharaf, Lalla And Rattan",,Books & Stationery,Sole Proprietor,Kolkata,West Bengal,2025-02-16,5725440715,Active,650.04
MCH7830,Narayanan-Barad,5912,Pharmacy,Private Limited,Jaipur,Rajasthan,2025-12-14,9447863643,Suspended,1497.41
MCH3454,Rajagopal-Wason,5812,Restaurants & Food,Partnership,Hyderabad,Telangana,2024-08-22,XXXX7731,Active,
MCH8572,"Sheth,Sethandkulkarni",4814,Telecom,Individual,Jaipur,Rajasthan,2026-01-15,AQKO8183766323405,Active,4326.0
MCH7917,Parsa-Madan,5411,Grocery,Sole Proprietor,Pune,Maharashtra,2023-04-02,XXXX8810,Inactive,
MCH8431,"Brahmbhatt, Ranganathan And Sangha",5912,Medical,Partnership,Hyderabad,Telangana,2023-04-29,,Active,1715.36
MCH4490,"Chawla, Prabhakar And Gupta",5812,Restaurants & Food,Private Limited,Chennai,Tamil Nadu,,XXXX6406,Active,279.0
MCH3362,Chander-Sangha,5411,Grocery,Private Limited,Amritsar,Punjab,2026-02-26,,Suspended,12795.59
MCH9393,Chand-Vasa,5942,Books & Stationery,Individual,Ludhiana,Punjab,2024-12-23,2020254669,Active,2868.44
MCH1636,"Natt, Mitter And Oza",7011,Hotel & Lodging,Sole Proprietor,Delhi,Delhi,2025-01-17,,Active,987.0
MCH8096,Srinivas-Verma,,Telecom,Partnership,Mumbai,Maharashtra,,,Active,2241.14
MCH6450,Bobal Ltd,5699,Apparel & Fashion,Individual,Lucknow,Uttar Pradesh,2025-06-25,UETF4584172674537,Suspended,3737.71
MCH6332,Varkey-Jha,5699,Apparel & Fashion,Sole Proprietor,Amritsar,Punjab,2025-10-13,,Active,
MCH7383,Mander Llc,5812,Miscellaneous,Sole Proprietor,Hyderabad,Telangana,2025-03-25,,Active,2244.22
MCH6397,"Chacko, Ganguly And Gala",4814,Telecom,Sole Proprietor,Delhi,Delhi,2023-06-18,KTQR3750781117068,Active,
MCH1359,Palan-Minhas,,Apparel & Fashion,Individual,Chennai,Tamil Nadu,2024-08-24,,Active,1891.91
MCH7701,Ravel-Lala,5411,Grocery,Private Limited,Ludhiana,Punjab,2025-05-12,XXXX7294,Active,1411.44
MCH7395,Bose And Sons,7011,Hotel & Lodging,Individual,Bengaluru,Karnataka,2024-01-07,XXXX9489,Active,431.0
MCH4165,Nayar Plc,5311,Department Store,Private Limited,Delhi,Delhi,2023-03-06,,On Hold,1388.15
MCH9137,Chakrabarti Plc,4131,Transportation,Private Limited,Jaipur,Rajasthan,2023-11-19,XXXX6117,Active,347.82
MCH1663,"Edwin, Kala And Barad",4131,Transportation,Individual,Chennai,Tamil Nadu,2024-04-07,FGIZ0772949946430,Active,449.21
MCH1380,Bhatia-Oza,4814,Telecom,Partnership,Jaipur,Rajasthan,2023-07-11,,Suspended,479.32
MCH7746,Luthra Group,5699,Apparel & Fashion,Private Limited,Jaipur,Rajasthan,2025-10-08,4338266840,Active,1244.49
MCH6593,Sharma-Ahuja,5411,Grocery,Sole Proprietor,Jalandhar,Punjab,2025-06-27,RJHM5836701029342,Active,3094.86
MCH4951,"Sha, Shan And D’Alia",4814,Telecom,Private Limited,Mumbai,Maharashtra,2023-08-05,6408029678,Inactive,
MCH2921,Bakshi-Narayanan,7011,Hotel & Lodging,Private Limited,Lucknow,Uttar Pradesh,2024-06-18,XXXX0910,Active,
MCH2697,Shan-Warrior,4131,Transportation,Private Limited,Bengaluru,Karnataka,2024-02-08,,Inactive,1199.93
MCH3376,Sama-Gaba,5411,Grocery,Individual,Hyderabad,Telangana,,XXXX4890,Active,732.24
MCH9203,Lad Llc,5812,Restaurants & Food,Individual,Chennai,Tamil Nadu,2023-09-29,,Active,
MCH8981,Tara-Sinha,5999,Miscellaneous,Individual,Bengaluru,Karnataka,2025-10-02,1533662903,Active,3617.0
MCH9867,Tripathiltd,5942,Books & Stationery,Individual,Hyderabad,Telangana,2024-11-01,,Active,936.0
MCH5316,Madan Ltd,5311,Department Store,Individual,Kolkata,West Bengal,2023-05-11,,Inactive,706.61
MCH1848,Dugar And Sons,4814,Telecom,Partnership,Chennai,Tamil Nadu,2023-08-19,QLVN5575786751509,Suspended,644.35
MCH8633,Pillai-Lata,5912,Medical,Individual,Amritsar,Punjab,2025-04-02,6437885672,Active,1325.55
MCH4515,Memon-Upadhyay,4131,Transportation,Sole Proprietor,Lucknow,Uttar Pradesh,2024-04-03,,Active,2435.25
MCH1058,"Vyas,Virkanddatta",5311,Department Store,Partnership,Pune,Maharashtra,2023-01-20,XXXX0826,Active,1504.39
MCH1541,Chopra Llc,5311,Department Store,Private Limited,Chennai,Tamil Nadu,2023-10-31,XXXX8788,Active,
MCH8505,"Dora, Bhatia And Bhatia",5411,Grocery,Partnership,Amritsar,Punjab,2023-05-17,SAIK5515592782318,Active,2376.66
MCH5064,Pandey-Sangha,5699,Apparel & Fashion,Sole Proprietor,Bengaluru,Karnataka,2023-12-31,XXXX3296,Active,2028.77
MCH6839,Kapoor-Dubey,4814,Telecom,Partnership,Delhi,Delhi,2024-10-13,,Inactive,2336.23
MCH6545,Garg Plc,5699,Apparel & Fashion,Partnership,Ludhiana,Punjab,2024-02-20,,Active,1653.52
MCH8059,Kapadia Plc,4814,Telecom,Sole Proprietor,Mumbai,Maharashtra,2023-06-05,,Inactive,263.96
MCH6831,Kurian And Sons,4131,Transportation,Private Limited,Pune,Maharashtra,2024-09-08,,Active,350.65
MCH4630,Bhandari Group,7011,Hotel & Lodging,Partnership,Hyderabad,Telangana,2025-07-13,GJVT8091874035086,Inactive,
MCH4148,"Wali, Babu And Tank",4814,Telecom,Partnership,Jaipur,Rajasthan,2023-01-08,PUUF6382776692306,Active,2368.62
MCH2395,Dara-Natarajan,5999,Miscellaneous,Private Limited,Jalandhar,Punjab,,7691266983,Active,
MCH4047,Kaul-Barad,5311,Department Store,Sole Proprietor,Mumbai,Maharashtra,2025-05-13,XXXX0729,Active,986.5
MCH6469,"Bahl, Barad And Dhillon",5311,Department Store,Private Limited,Chennai,Tamil Nadu,2025-02-10,,Active,
MCH1142,"Master, Soni And Kapadia",4814,Telecom,Sole Proprietor,Chennai,Tamil Nadu,2024-10-06,4563871051,Active,252.13
MCH5236,"More, Luthra And Deol",5999,Miscellaneous,Partnership,Amritsar,Punjab,2023-02-11,,Active,1110.58
MCH9080,Sarraf Group,4814,Telecom,Private Limited,Jalandhar,Punjab,2023-09-06,ZYKY9821545261930,Active,
MCH8794,Mani-Zachariah,5411,Grocery,Partnership,Bengaluru,Karnataka,2026-01-04,AKYW5964261838493,Inactive,6393.53
MCH4208,Devi-Mangal,5942,Books & Stationery,Sole Proprietor,Ludhiana,Punjab,2025-08-27,,Active,1564.41
MCH2754,"Lata,Wadhwaandparsa",5812,Restaurants & Food,Sole Proprietor,Bengaluru,Karnataka,2023-06-11,,Active,11880.54
MCH2709,"Iyengar, Dugar And Chacko",7011,Hotel & Lodging,Private Limited,Jaipur,Rajasthan,2023-09-16,XXXX4012,Active,2413.11
MCH4289,Singhal-Dasgupta,,Apparel & Fashion,Partnership,Bengaluru,Karnataka,2025-02-17,ZEDE0222029565689,Active,
MCH5914,"Agarwal, Pant And Ravi",5311,Department Store,Private Limited,Hyderabad,Telangana,2023-10-23,XXXX4508,Active,
MCH3946,Dhar-Buch,5812,Restaurants & Food,Partnership,Delhi,Delhi,2025-07-02,YGDI8437831559376,Active,1451.62
MCH2402,Dhillon Group,5912,Pharmacy,Individual,Mumbai,Maharashtra,2024-02-12,IEQW6694363532348,Active,1477.89
MCH7604,"Varkey, Hayer And Ratti",5411,Grocery,Partnership,Chennai,Tamil Nadu,2025-02-17,XXXX6093,Active,868.52
MCH3604,"Shetty, Bali And Sama",5411,Grocery,Partnership,Ludhiana,Punjab,2023-01-04,IQHJ3383226507557,Inactive,394.0
MCH7919,Mistry-Bhatt,4814,Telecom,Individual,Lucknow,Uttar Pradesh,2023-04-01,,Active,563.19
MCH7154,"Raj, Ram And Chokshi",5812,Restaurants & Food,Private Limited,Chennai,Tamil Nadu,2023-11-05,,Active,242.8
MCH8446,Pingle Inc,5912,Pharmacy,Individual,Jalandhar,Punjab,2024-11-02,IMWK0138526461627,Inactive,1069.0
MCH7138,Shere-Shankar,5411,Grocery,Sole Proprietor,Chennai,Tamil Nadu,2024-03-07,CDLC2524893044250,Active,1960.27
MCH9040,Sharma-Dubey,,Books & Stationery,Sole Proprietor,Jaipur,Rajasthan,2023-06-25,XXXX1697,Active,573.1
MCH9393,Narasimhan Inc,4131,Transportation,Partnership,Kolkata,West Bengal,2024-09-18,8072590742,Active,1156.0
MCH3140,Sarraf-Viswanathan,4131,Travel,Partnership,Ludhiana,Punjab,2023-07-30,4937611894,Suspended,1614.0
MCH3021,"Hegde, Kibe And Gade",4814,Telecom,Private Limited,Kolkata,West Bengal,2023-09-13,,Active,
MCH5307,"Balan, Varughese And Dave",5812,Restaurants & Food,Partnership,Pune,Maharashtra,,SMCN8377573336751,Active,204.07
MCH9906,Sani-Tailor,5311,Department Store,Partnership,Chennai,Tamil Nadu,2024-11-20,,Active,3953.0
MCH6216,"Bhatti, Dass And Deshpande",5411,Grocery,Individual,Ludhiana,Punjab,2024-09-08,XXXX5234,Active,1325.06
MCH7987,Mangat-Sundaram,5912,Medical,Individual,Chennai,Tamil Nadu,2023-02-25,XXXX1113,Active,
MCH4652,Mistry Inc,5812,Restaurants & Food,Private Limited,Ludhiana,Punjab,2024-07-25,761661593,Active,3458.11
MCH1021,Naik-Karpe,5411,Grocery,Sole Proprietor,Mumbai,Maharashtra,2025-11-16,BPUY6277335937444,Active,2341.57
MCH8915,"Chadha, Patil And Bose",4131,Transportation,Sole Proprietor,Jaipur,Rajasthan,2025-10-19,,Active,
MCH4000,"Dewan, Sunder And Bhakta",5411,Grocery,Private Limited,Kolkata,West Bengal,2023-06-25,KUHA3646516215943,Active,
MCH4856,Gera-Nanda,5311,Retail,Private Limited,Pune,Maharashtra,2024-08-02,2286237129,Active,711.0
MCH8901,Narasimhan And Sons,4814,Telecom,Private Limited,Amritsar,Punjab,2024-01-04,3421072904,Active,772.61
MCH6939,Sampath Ltd,5999,Miscellaneous,Sole Proprietor,Lucknow,Uttar Pradesh,2025-07-01,XXXX8052,Suspended,2962.51
MCH7442,"Tand0N, Tak And Mane",5699,Apparel & Fashion,Partnership,Chennai,Tamil Nadu,2024-09-12,,Active,1620.41
MCH9101,Pal-Ramesh,,Transportation,Partnership,Pune,Maharashtra,2024-05-29,XXXX0762,Active,1223.0
MCH8363,Salvi Group,7011,Hotel & Lodging,Sole Proprietor,Lucknow,Uttar Pradesh,2024-11-20,,Active,833.32
MCH8511,Narain-Nori,5411,Grocery,Partnership,Kolkata,West Bengal,2023-04-02,,Active,4133.84
MCH7945,"Barad, Wagle And Raju",5912,Pharmacy,Individual,Ludhiana,Punjab,2023-01-24,EHNZ2779616653327,Active,268.67
MCH1221,Nadig-Ray,5942,Books & Stationery,Individual,Delhi,Delhi,2024-12-22,7362492315,Active,618.0
MCH9175,Bhatt Ltd,7011,Hotel & Lodging,Sole Proprietor,Bengaluru,Karnataka,2025-04-27,2467254885,Active,567.73
MCH3025,"Sachdeva, Bora And Hegde",4131,Transportation,Private Limited,Pune,Maharashtra,2024-08-15,3805315664,Active,611.84
MCH2608,"Loyal, Ghosh And Gaba",5999,Miscellaneous,Individual,Hyderabad,Telangana,2025-03-21,ZBIP4363265097456,Active,869.47
MCH9145,"Yadav, Bhatti And Atwal",4814,Telecom,Partnership,Delhi,Delhi,2025-11-24,,Active,845.36
MCH2354,"Toor, Nagi And Dara",5912,Medical,Sole Proprietor,Pune,Maharashtra,2024-04-12,AIXG4946165098881,Active,1954.79
MCH8069,Memon Inc,,Hotel & Lodging,Individual,Amritsar,Punjab,2023-09-09,XXXX8900,Active,557.54
MCH3797,"Dhaliwal, Parekh And Dey",7011,Hotel & Lodging,Partnership,Jalandhar,Punjab,2024-11-02,XXXX1096,Suspended,
MCH4336,"Prasad, Bhagat And De",5411,Grocery,Partnership,Hyderabad,Telangana,2023-05-22,FQWT9362753717033,Active,614.99
MCH5257,Kara-Sibal,4814,Telecom,Individual,Bengaluru,Karnataka,,WHEV2991802850485,Active,1601.92
MCH4971,"Gopal, Jayaraman And Narayan",5942,Books & Stationery,Individual,Lucknow,Uttar Pradesh,2024-11-20,,Active,650.74
MCH4736,"Jani, Chaudhry And Chaudhuri",4131,Transportation,Individual,Delhi,Delhi,2025-07-06,,Active,
MCH9858,Nayar Group,7011,Hotel & Lodging,Sole Proprietor,Pune,Maharashtra,2024-11-23,,Active,648.23
MCH2649,Pandya Plc,,Grocery,Individual,Pune,Maharashtra,2025-05-31,XXXX1050,Active,6206.32
MCH5496,Dar Plc,5912,Pharmacy,Sole Proprietor,Jalandhar,Punjab,2023-03-01,,Active,374.06
MCH5219,"Prakash, Amble And Mukhopadhyay",7011,Hotel & Lodging,Sole Proprietor,Jaipur,Rajasthan,2024-06-21,,Active,
MCH7190,Som-Kibe,5699,Apparel & Fashion,Private Limited,Lucknow,Uttar Pradesh,2023-04-09,,Active,2254.41
MCH1515,"Mall, Kara And Sastry",5699,Apparel & Fashion,Partnership,Hyderabad,Telangana,2024-07-19,9073071658,Active,
MCH4972,Prabhu-Murty,5812,Restaurants & Food,Partnership,Amritsar,Punjab,2023-05-01,YKBG1517599142176,Active,
MCH4197,Chaudry Group,5912,Pharmacy,Private Limited,Pune,Maharashtra,,UHGU5811611698099,Active,4814.44
MCH5799,"Sankaran, Kadakia And Banerjee",7011,Hotel & Lodging,Partnership,Amritsar,Punjab,2026-01-26,,Active,1412.02
MCH9716,"Kadakia, Mishra And Ba1I",5812,Restaurants & Food,Private Limited,Lucknow,Uttar Pradesh,2023-09-09,4695594803,Active,
MCH5164,"Yohannan,Sahniandbasak",5411,Department Store,Individual,Mumbai,Maharashtra,2023-09-01,8938397659,Inactive,830.61
MCH3072,"Bhargava, Shan And Char",5812,Restaurants & Food,Private Limited,Jalandhar,Punjab,2025-11-24,TOQS1924554113450,Active,2675.68
MCH5995,Palla Group,5812,Restaurants & Food,Individual,Kolkata,West Bengal,2023-06-12,TCYK9099122126833,Active,
MCH6827,Mangat And Sons,5912,Pharmacy,Sole Proprietor,Jalandhar,Punjab,,4120235225,Active,1859.4
MCH7098,"Bora, Char And Dube",7011,Hotel & Lodging,Private Limited,Bengaluru,Karnataka,2024-09-24,,Active,2947.0
MCH9772,"Memon, Virk And Mital",,Restaurants & Food,Individual,Amritsar,Punjab,,,Active,2402.93
MCH3880,Raja And Sons,5912,Medical,Private Limited,Jaipur,Rajasthan,,,Active,641.53
MCH4228,"Singhal, Bhasin And Kaul",5699,Apparel & Fashion,Private Limited,Amritsar,Punjab,2025-05-23,6707310647,Active,896.57
MCH9439,Jani Llc,5411,Grocery,Sole Proprietor,Bengaluru,Karnataka,2024-02-24,2073250929,Active,275.02
MCH3139,Arya-Rau,7011,Hotel & Lodging,Sole Proprietor,Kolkata,West Bengal,2024-05-17,,Active,10507.41
MCH1578,Gala Ltd,5999,Miscellaneous,Individual,Bengaluru,Karnataka,2023-04-13,,Active,446.42
MCH9403,"Bains,Banerjeeandbansal",7011,Hotel & Lodging,Partnership,Mumbai,Maharashtra,2025-02-22,,Inactive,1838.83
MCH7355,"Raval, Goswami And Sem",4814,Telecom,Private Limited,Pune,Maharashtra,2023-12-29,,Active,2675.45
MCH7408,Bala Group,,Miscellaneous,Private Limited,Hyderabad,Telangana,2026-01-13,CMJA0173542788867,Active,1032.22
MCH3382,Walla-Rau,5311,Department Store,Individual,Mumbai,Maharashtra,,,On Hold,2452.74
MCH5036,Dutt-Nagy,5812,Restaurants & Food,Individual,Delhi,Delhi,2023-03-15,,Active,1947.0
MCH2862,Bhasin Group,5699,Apparel & Fashion,Partnership,Jaipur,Rajasthan,2023-07-20,FHYX9050690414655,Active,544.8
MCH8501,Koshy-Mukherjee,7011,Hotel & Lodging,Partnership,Hyderabad,Telangana,2023-08-21,,Active,3180.8
MCH7852,"Kapadia, K0Nda And Luthra",7011,Hotel & Lodging,Sole Proprietor,Chennai,Tamil Nadu,2023-05-12,XXXX7199,On Hold,4401.63
MCH6257,"Parsa, Rana And Raja",5812,Restaurants & Food,Partnership,Bengaluru,Karnataka,2023-03-28,948269604,Active,2744.98
MCH1406,Parmer-Goswami,7011,Hotel & Lodging,Private Limited,Bengaluru,Karnataka,2024-07-11,XXXX3050,Active,2632.53
MCH9914,Nayar Group,5311,Department Store,Individual,Amritsar,Punjab,2024-05-26,PBUY1561698017263,Active,5811.91
MCH5676,"Bhatti, Chahal And Mishra",5311,Retail,Individual,Jalandhar,Punjab,2025-07-15,9996182575,Active,744.63
MCH2894,Nori-Kurian,5812,Restaurants & Food,Partnership,Lucknow,Uttar Pradesh,2024-12-15,RJBD4464019057563,Suspended,
MCH8419,Nigam Inc,4814,Telecom,Sole Proprietor,Amritsar,Punjab,2025-01-10,WLCE4900884368712,Active,462.51
MCH9266,Chatterjee Group,5411,Grocery,Sole Proprietor,Bengaluru,Karnataka,,XXXX2510,Suspended,726.18
MCH8900,Murthy-Vala,5699,Apparel & Fashion,Partnership,Kolkata,West Bengal,2024-09-27,PZJY7011608000971,Active,314.81
MCH5356,Rege Llc,5411,Grocery,Sole Proprietor,Ludhiana,Punjab,2024-10-02,,Inactive,917.24
MCH8999,Babu And Sons,7011,Hotel & Lodging,Private Limited,Jaipur,Rajasthan,2023-02-19,6301987055,Active,1204.0
MCH9813,Menon Group,,Miscellaneous,Individual,Delhi,Delhi,2026-06-01,XXXX6379,Suspended,12265.27
MCH1817,"Mohanty, Behl And Rao",4131,Transportation,Individual,Pune,Maharashtra,2025-07-23,,Inactive,2347.62
MCH5687,"Prasad, Tank And Char",4131,Transportation,Individual,Ludhiana,Punjab,,XXXX6544,Active,487.38
MCH6376,"Naik, Dhillon And Sama",5942,Books & Stationery,Partnership,Jalandhar,Punjab,2024-01-20,KHDL5323426037616,Active,2593.39
MCH6980,Sarna-Rajagopal,5999,Miscellaneous,Partnership,Jalandhar,Punjab,2024-02-13,,Active,5229.33
MCH7493,Sachdeva-Pillai,5699,Apparel & Fashion,Private Limited,Kolkata,West Bengal,2026-01-18,1151514873,Inactive,203.44
MCH2314,"Tank, Bera And Dash",,Restaurants & Food,Sole Proprietor,Kolkata,West Bengal,2023-02-01,,Active,2905.93
MCH5019,"Sah0Ta, Rama And Rama",5912,Pharmacy,Partnership,Lucknow,Uttar Pradesh,2025-07-27,XXXX3502,Active,955.0
MCH3895,Wable-Sarna,5812,Hotel & Lodging,Private Limited,Jaipur,Rajasthan,2024-06-20,,Inactive,797.39
MCH9909,"Gade, Tiwari And Solanki",5699,Apparel & Fashion,Individual,Pune,Maharashtra,2024-08-23,XXXX1254,Active,2922.02
MCH6188,Balay Llc,7011,Hotel & Lodging,Partnership,Pune,Maharashtra,2023-04-30,7260180361,Active,3749.0
MCH4441,"Sachdev, Doctor And Subramanian",5311,Department Store,Partnership,Chennai,Tamil Nadu,2023-06-08,6376514375,Inactive,3222.79
MCH7996,Bhargava Llc,5912,Medical,Private Limited,Amritsar,Punjab,2024-12-18,BYTJ9061277350740,Inactive,
MCH1514,"Lata, Raja And Parsa",5311,Retail,Private Limited,Jalandhar,Punjab,2024-06-14,XXXX1457,Active,553.18
MCH1661,Mani-Jayaraman,5812,Restaurants & Food,Private Limited,Hyderabad,Telangana,2024-09-16,XXXX6928,Active,813.04
MCH4356,"Basak, Sur And Sundaram",,Telecom,Partnership,Delhi,Delhi,2024-07-22,,Active,1661.0
MCH6708,Soman And Sons,5912,Medical,Private Limited,Ludhiana,Punjab,2025-06-03,9694442119,Active,957.0
MCH6257,"Ba1I, Ahuja And Natarajan",4131,Transportation,Individual,Delhi,Delhi,2025-11-27,,On Hold,1050.0
MCH6731,Dhar Llc,5311,Department Store,Private Limited,Kolkata,West Bengal,2023-11-03,,Active,1373.69
MCH8187,"Chada, Mammen And Lanka",4131,Travel,Sole Proprietor,Ludhiana,Punjab,2025-06-03,3255945345,Active,671.0
MCH7720,"Gulati, Kothari And Mital",7011,Hotel & Lodging,Sole Proprietor,Pune,Maharashtra,2025-02-21,,Active,501.87
MCH3610,"Deo, Krish And Lanka",5699,Apparel & Fashion,Private Limited,Chennai,Tamil Nadu,2025-01-07,3505089399,Active,
MCH5420,Sahni-Ghosh,7011,Hotel & Lodging,Sole Proprietor,Kolkata,West Bengal,2025-09-26,1296057901,Active,1993.6
MCH7552,Som And Sons,4814,Telecom,Sole Proprietor,Pune,Maharashtra,2025-07-21,4455888078,Active,1934.0
MCH9918,Lanka-Oommen,5411,Grocery,Private Limited,Amritsar,Punjab,2023-02-08,,Active,562.01
MCH2546,Kant Group,5411,Medical,Sole Proprietor,Amritsar,Punjab,2025-04-04,VVGC5802490491946,Active,4120.12
MCH7178,Devan And Sons,5411,Grocery,Sole Proprietor,Kolkata,West Bengal,2023-11-11,,Inactive,758.21
MCH5376,"Narayanan, Palla And Tripathi",4814,Telecom,Sole Proprietor,Ludhiana,Punjab,2025-08-14,IUFK0088105725528,Active,2169.37
MCH2857,Bhattacharyya Inc,4131,Transportation,Private Limited,Jalandhar,Punjab,2025-07-13,AFIK7241528245690,Active,4557.38
MCH7419,Minhas Inc,5699,Apparel & Fashion,Individual,Bengaluru,Karnataka,2023-05-03,IRMQ2437668083455,Active,
MCH4127,Subramaniam-Jhaveri,4131,Transportation,Sole Proprietor,Jaipur,Rajasthan,2024-05-22,XXXX1628,Active,5333.88
MCH5265,Natt-Munshi,5411,Grocery,Private Limited,Pune,Maharashtra,2024-07-22,4213217107,Active,2606.12
MCH6043,Saran-Rai,5411,Grocery,Private Limited,Jaipur,Rajasthan,2025-11-17,,Active,2845.67
MCH2956,"Wali, Khatri And Mistry",4814,Telecom,Sole Proprietor,Lucknow,Uttar Pradesh,2025-06-02,3651063150,Inactive,4934.63
MCH7737,Pal-Rama,5311,Department Store,Partnership,Ludhiana,Punjab,2023-09-01,XXXX1213,Active,1196.31
MCH1060,Sampath-Dora,,Restaurants & Food,Partnership,Jalandhar,Punjab,2023-07-27,,Active,2594.73
MCH5000,Lad Group,5999,Miscellaneous,Private Limited,Kolkata,West Bengal,2025-01-05,,Active,
MCH8281,Krishnan-Kuruvilla,7011,Hotel & Lodging,Individual,Chennai,Tamil Nadu,2024-01-16,5487927446,Active,
MCH4301,Thakur Inc,5942,Books & Stationery,Partnership,Delhi,Delhi,2023-04-29,,Active,4449.0
MCH4459,"Gola, Dara And Anne",5411,Grocery,Private Limited,Amritsar,Punjab,2024-10-20,2438786419,Active,
MCH3433,"Pathak, Sathe And Rama",5411,Grocery,Private Limited,Kolkata,West Bengal,2025-12-22,XXXX0746,Inactive,3697.0
MCH9494,Sama Group,4814,Telecom,Individual,Bengaluru,Karnataka,2023-11-01,9680001784,Active,
MCH9749,Virk Ltd,,Transportation,Private Limited,Pune,Maharashtra,2023-05-24,7433630126,Active,4831.0
MCH4172,"Khosla, Tak And Mahajan",5912,Medical,Partnership,Kolkata,West Bengal,2024-03-23,,Active,1964.28
MCH6513,Ch0Pra-Kannan,5699,Apparel & Fashion,Sole Proprietor,Pune,Maharashtra,2024-11-12,XXXX5329,Active,240.8
MCH9821,Natt-Kibe,5699,Apparel & Fashion,Private Limited,Chennai,Tamil Nadu,2025-05-03,XXXX1748,Active,4072.48
MCH1796,Kohli-Nagar,5942,Books & Stationery,Individual,Amritsar,Punjab,2024-07-20,,Active,741.16
MCH9913,Das Ltd,4814,Telecom,Partnership,Lucknow,Uttar Pradesh,2024-08-10,,Active,442.64
MCH1032,Manda-Hayer,7011,Hotel & Lodging,Partnership,Amritsar,Punjab,2025-04-20,XXXX4099,Active,674.56
MCH1054,Cheema Ltd,5311,Department Store,Private Limited,Pune,Maharashtra,2023-05-27,,Active,868.09
MCH7032,"Mangat, Naik And Kakar",7011,Hotel & Lodging,Private Limited,Amritsar,Punjab,2023-09-01,,Active,
MCH3666,Gera-Ranganathan,4131,Transportation,Partnership,Jaipur,Rajasthan,2023-04-12,,Active,243.55
MCH8581,"Sundaram, Sekhon And Andra",7011,Hotel & Lodging,Partnership,Jalandhar,Punjab,2024-11-14,,Active,953.97
MCH5747,"Narasimhan, Doshi And Pall",5812,Restaurants & Food,Private Limited,Kolkata,West Bengal,2025-08-05,XXXX9034,Active,4280.12
MCH4220,Gopal-Dara,5699,Apparel & Fashion,Individual,Bengaluru,Karnataka,2025-10-02,,Active,532.47
MCH2149,"Das, Roy And Sridhar",4131,Transportation,Individual,Jalandhar,Punjab,2024-05-16,,Active,
MCH8073,"Chaudhary, Nori And Aggarwal",4814,Telecom,Private Limited,Mumbai,Maharashtra,2023-08-04,UFCA0209377639619,Active,2535.65
MCH1739,Joshi Group,,Books & Stationery,Individual,Ludhiana,Punjab,2024-08-31,IRPP9017025863509,Inactive,
MCH1676,"Palla, Gupta And Narain",4814,Telecom,Sole Proprietor,Jalandhar,Punjab,2025-11-27,,Active,750.53
MCH5040,Oza-Gulati,5699,Apparel & Fashion,Partnership,Mumbai,Maharashtra,,,Active,1665.61
MCH8999,"Panchal, Aurora And Kamdar",5311,Department Store,Private Limited,Lucknow,Uttar Pradesh,2023-10-25,XXXX8730,Active,
MCH2249,Konda Ltd,5411,Grocery,Private Limited,Kolkata,West Bengal,2023-10-28,IPUT2600707533349,Active,1258.0
MCH8355,Chacko-D’Alia,5311,Department Store,Private Limited,Bengaluru,Karnataka,2024-08-14,ZJXY9541779110030,Inactive,413.17
MCH5644,Prabhu-Chaudhry,5699,Apparel & Fashion,Individual,Hyderabad,Telangana,2025-05-09,ZHTO8764288741052,Active,
MCH4051,Sharma-Viswanathan,4131,Transportation,Individual,Delhi,Delhi,2025-02-23,,Active,1135.12
MCH4102,Oza-Sarna,5699,Apparel & Fashion,Individual,Delhi,Delhi,2025-01-20,1096969735,Active,1950.82
MCH8911,Bava Llc,5942,Books & Stationery,Sole Proprietor,Hyderabad,Telangana,2025-06-14,,Active,3342.77
MCH7914,Grover-Karnik,4814,Telecom,Sole Proprietor,Jaipur,Rajasthan,2023-11-30,,Active,1922.54
MCH5973,Biswas-Dass,5699,Apparel & Fashion,Sole Proprietor,Lucknow,Uttar Pradesh,2025-11-25,XXXX1507,Active,
MCH2077,Kara Plc,5812,Restaurants & Food,Individual,Amritsar,Punjab,2025-11-15,XXXX1473,Active,239.1
MCH3424,Tandon-Raja,5411,Grocery,Private Limited,Pune,Maharashtra,2023-09-08,LJDU7390595746498,Inactive,1643.97
MCH5079,Ramaswamy-Trivedi,5311,Department Store,Private Limited,Bengaluru,Karnataka,2024-07-01,MSIB5848944508855,On Hold,549.02
MCH2674,Mistry And Sons,5942,Books & Stationery,Sole Proprietor,Hyderabad,Telangana,,XXXX8847,Active,569.39
MCH1229,"Sen, Dewan And Tripathi",5942,Books & Stationery,Private Limited,Amritsar,Punjab,2025-02-19,JECT9983029325791,Active,2028.74
MCH7137,Nanda-Nazareth,4814,Telecom,Private Limited,Pune,Maharashtra,2025-02-09,,Active,1165.18
MCH6990,Apte-Choudhary,4131,Transportation,Partnership,Bengaluru,Karnataka,2023-05-05,,Active,3342.47
MCH3913,Tank-Pathak,5311,Department Store,Individual,Jalandhar,Punjab,,,Active,2215.86
MCH7469,Dua Llc,5812,Restaurants & Food,Sole Proprietor,Pune,Maharashtra,,464385224,Inactive,1848.0
MCH7749,Nigam Inc,,Telecom,Private Limited,Pune,Maharashtra,2023-01-23,STDX5070330242192,Active,7003.66
MCH1787,Johal And Sons,5942,Books & Stationery,Sole Proprietor,Chennai,Tamil Nadu,2024-09-04,8096098187,Active,1495.88
MCH6815,"Borra, Talwar And Jha",4814,Telecom,Partnership,Jalandhar,Punjab,,561076238,Active,750.82
MCH1039,Lal-Barad,4814,Telecom,Sole Proprietor,Lucknow,Uttar Pradesh,2025-07-28,,Active,3062.03
MCH7508,Garg-Deo,5942,Books & Stationery,Partnership,Amritsar,Punjab,2024-11-15,XXXX5011,Active,1956.49
MCH4434,Andra And Sons,5999,Miscellaneous,Private Limited,Ludhiana,Punjab,2025-02-21,,Active,233.0
MCH7354,"Chatterjee, Sarna And Handa",,Apparel & Fashion,Sole Proprietor,Bengaluru,Karnataka,2023-10-13,,Active,728.0
MCH2296,Buch Ltd,4131,Transportation,Partnership,Ludhiana,Punjab,2023-06-19,XXXX9780,Active,8012.35
MCH8768,"Rout, Dixit And Malhotra",7011,Hotel & Lodging,Private Limited,Jalandhar,Punjab,2024-06-05,,Inactive,556.74
MCH6233,Vohra Ltd,5942,Books & Stationery,Partnership,Delhi,Delhi,2026-02-26,,Active,2389.79
MCH3079,"Bobal, Balay And Batra",7011,Hotel & Lodging,Private Limited,Bengaluru,Karnataka,,XXXX1002,Active,486.3
MCH3552,"Morar, Ahuja And Ravel",5942,Books & Stationery,Sole Proprietor,Pune,Maharashtra,2024-03-08,4264827743,Active,8846.0
MCH5362,"Date, Gandhi And Bath",5942,Books & Stationery,Partnership,Delhi,Delhi,2023-03-27,XXXX8502,Active,
MCH9018,Zacharia And Sons,5942,Books & Stationery,Individual,Bengaluru,Karnataka,2024-03-06,,Active,594.92
MCH8288,Kakar-Sood,5311,Department Store,Private Limited,Bengaluru,Karnataka,2024-05-04,1654192370,Active,1556.66
MCH2177,Ramakrishnan Inc,5411,Grocery,Individual,Jaipur,Rajasthan,2023-10-13,UGOR9246572099156,Active,1755.18
MCH5042,Nagi-Raja,,Pharmacy,Individual,Kolkata,West Bengal,2024-04-25,3533096055,Active,3524.4
MCH5339,"Vaidya, Hari And Mistry",5999,Miscellaneous,Individual,Delhi,Delhi,2024-08-07,5298779846,Active,514.42
MCH2268,"Verma, Aurora And De",5999,Miscellaneous,Private Limited,Jalandhar,Punjab,,NBDA6083922141930,Active,995.42
MCH9706,"Mohan, Sahni And Doctor",5699,Apparel & Fashion,Partnership,Lucknow,Uttar Pradesh,2023-10-26,,Active,
MCH3122,"Toor, Kunda And Munshi",5942,Books & Stationery,Partnership,Mumbai,Maharashtra,2025-04-14,3432360123,Active,797.24
MCH2719,"Sood, Chacko And Chaudry",4131,Transportation,Partnership,Mumbai,Maharashtra,2024-04-04,,Active,3699.12
MCH7558,Bandi-Khanna,5999,Miscellaneous,Partnership,Bengaluru,Karnataka,2025-05-19,,Active,1002.06
MCH9004,"Nigam, Hegde And Sura",5912,Pharmacy,Partnership,Hyderabad,Telangana,,,Inactive,926.37
MCH1428,De-Natarajan,4131,Transportation,Individual,Mumbai,Maharashtra,2025-12-30,IPNL0786549644750,Active,1289.0
MCH5955,"Rana, Mangat And De",4814,Telecom,Sole Proprietor,Kolkata,West Bengal,2025-05-02,XXXX7902,Active,1491.64
MCH6667,Konda-Jain,5912,Pharmacy,Sole Proprietor,Hyderabad,Telangana,2024-10-16,,Active,2831.62
MCH3189,Walla-Sawhney,4814,Telecom,Partnership,Bengaluru,Karnataka,2024-05-14,8245733998,Active,
MCH2486,"Mohanty, Iyer And Sharma",7011,Hotel & Lodging,Individual,Chennai,Tamil Nadu,2023-10-23,FCPB2927426048520,Active,2266.0
MCH9457,"Rege, Kalita And Sibal",,Hotel & Lodging,Partnership,Hyderabad,Telangana,,,Active,3319.89
MCH7387,Lad-Comar,5812,Restaurants & Food,Sole Proprietor,Jalandhar,Punjab,2025-02-25,DFES3088920437736,Active,4968.31
MCH7891,Bakshi Plc,5411,Grocery,Individual,Bengaluru,Karnataka,2024-03-02,5025889978,Active,3419.67
MCH2533,"Chana, Joshi And Saran",,Transportation,Partnership,Lucknow,Uttar Pradesh,2023-11-21,,Active,296.0
MCH2523,Sarma Inc,5999,Miscellaneous,Individual,Kolkata,West Bengal,2025-05-09,,Active,2146.62
MCH2612,Vala Ltd,7011,Hotel & Lodging,Sole Proprietor,Lucknow,Uttar Pradesh,2023-11-08,,Active,
MCH2473,Lanka Inc,5942,Books & Stationery,Individual,Bengaluru,Karnataka,2025-01-20,7620940119,Active,1883.19
MCH9790,Kumar-Dua,4814,Telecom,Sole Proprietor,Kolkata,West Bengal,2024-12-09,XXXX3101,Active,375.28
MCH4778,Wali Llc,4131,Transportation,Private Limited,Lucknow,Uttar Pradesh,2025-01-02,DJNF3001962539740,Active,1242.33
MCH6857,Barad And Sons,7011,Hotel & Lodging,Partnership,Jalandhar,Punjab,2025-09-24,8351493566,Active,2452.63
MCH1940,Ravel Inc,4814,Telecom,Sole Proprietor,Chennai,Tamil Nadu,2025-09-17,,Inactive,1112.95
MCH7715,Tata-Borah,5999,Miscellaneous,Private Limited,Kolkata,West Bengal,2025-10-06,XXXX1003,Inactive,1652.04
MCH6930,Dhingra Plc,4131,Transportation,Sole Proprietor,Kolkata,West Bengal,2025-12-26,573344250,Active,
MCH5422,Sawhney Llc,,Apparel & Fashion,Sole Proprietor,Kolkata,West Bengal,2024-08-08,MLTB5743748396701,Active,866.35
MCH4312,Dada-Hari,5699,Apparel & Fashion,Sole Proprietor,Ludhiana,Punjab,2024-02-17,XXXX5151,Active,2174.33
MCH6498,"Banik, Nadig And Mann",5812,Restaurants & Food,Individual,Ludhiana,Punjab,2024-10-30,,Active,1076.6
MCH1969,Gole Llc,4131,Travel,Private Limited,Chennai,Tamil Nadu,,URWV6656600871469,Active,
MCH2471,"Pillai, Chopra And Modi",7011,Hotel & Lodging,Private Limited,Delhi,Delhi,,QSMG3289733481830,Active,606.04
MCH6004,Raval And Sons,5812,Restaurants & Food,Partnership,Bengaluru,Karnataka,2025-10-20,,Active,477.72
MCH6825,Biswas-Nadig,5999,Miscellaneous,Sole Proprietor,Jalandhar,Punjab,2023-10-12,FNXI2179536432243,On Hold,872.49
MCH7446,"Sami, Narayan And Roy",5942,Books & Stationery,Partnership,Ludhiana,Punjab,2023-02-08,,Inactive,6191.17
MCH4496,"Pandya, Bhalla And Malhotra",4814,Telecom,Partnership,Jaipur,Rajasthan,2025-07-23,6668375188,Active,
MCH7371,"Anand, Bains And Parmer",5311,Department Store,Partnership,Lucknow,Uttar Pradesh,2023-04-13,3361678460,Active,
MCH5809,Virk-Peri,5942,Books & Stationery,Individual,Jaipur,Rajasthan,2023-07-25,7094756781,Inactive,1513.53
MCH8174,Bera Group,5311,Department Store,Private Limited,Pune,Maharashtra,2023-12-23,XXXX5992,Active,1502.14
MCH9287,"Datta, Virk And Arya",5999,Miscellaneous,Individual,Amritsar,Punjab,2025-09-21,XXXX9129,Active,636.69
MCH5298,Keer And Sons,5999,Miscellaneous,Partnership,Bengaluru,Karnataka,,,Inactive,600.45
MCH6285,Kumer-Mane,7011,Hotel & Lodging,Private Limited,Bengaluru,Karnataka,2024-10-01,,Active,567.98
MCH8926,Ramesh-Mukhopadhyay,5912,Medical,Sole Proprietor,Delhi,Delhi,2024-01-16,3730788940,Active,5318.08
MCH4610,"Barad,Chandaandrana",5942,Books & Stationery,Private Limited,Hyderabad,Telangana,2024-12-23,3247180851,Active,2989.03
MCH3156,"Bal, Deo And Kala",5999,Miscellaneous,Partnership,Lucknow,Uttar Pradesh,,8908434715,Active,2486.0
MCH3988,Barad-Bawa,7011,Hotel & Lodging,Individual,Amritsar,Punjab,2023-11-20,XXXX1285,Active,602.31
MCH3044,Gupta Plc,5942,Books & Stationery,Sole Proprietor,Bengaluru,Karnataka,2023-04-27,,Inactive,582.54
MCH9609,Mohanty Llc,,Books & Stationery,Partnership,Mumbai,Maharashtra,2025-02-23,2458956606,Active,
MCH9769,Yogi-Dixit,5411,Grocery,Private Limited,Amritsar,Punjab,,ITST4174155209610,On Hold,1299.88
MCH8024,"Basu, Magar And Venkatesh",,Telecom,Individual,Hyderabad,Telangana,2025-09-13,,Active,1611.07
MCH7623,Pandya Llc,,Books & Stationery,Partnership,Mumbai,Maharashtra,2026-01-23,XXXX7491,Active,701.06
MCH2378,"Rau, Pradhan And Bansa1",5411,Grocery,Individual,Lucknow,Uttar Pradesh,2024-02-09,8007526864,Active,6158.0
MCH5720,Karnik Group,5942,Books & Stationery,Partnership,Amritsar,Punjab,2023-10-28,9007561693,Active,6186.34
MCH3263,Barman Inc,,Books & Stationery,Partnership,Kolkata,West Bengal,2024-12-24,XXXX0034,Active,
MCH1071,"Keer, Roy And Narayanan",,Medical,Sole Proprietor,Jaipur,Rajasthan,2025-04-17,4373595007,Active,619.21
MCH2647,Saha Inc,5999,Miscellaneous,Private Limited,Lucknow,Uttar Pradesh,2023-06-04,,Active,1551.4
MCH5320,Ramaswamy-Sarma,4814,Telecom,Sole Proprietor,Hyderabad,Telangana,2025-02-11,9234288178,Active,750.06
MCH7436,Mane-Trivedi,5912,Medical,Individual,Bengaluru,Karnataka,2024-09-14,,Active,
MCH3077,Warrior Ltd,4131,Transportation,Partnership,Kolkata,West Bengal,2023-02-04,,Active,1448.69
MCH8025,"Karnik, Hayer And Khalsa",4814,Telecom,Partnership,Lucknow,Uttar Pradesh,2023-08-14,4642162943,Active,1781.41
MCH2422,Sampath-Balasubramanian,7011,Telecom,Private Limited,Bengaluru,Karnataka,2025-06-25,7967511719,Active,2352.58
MCH2766,Kanda-Brahmbhatt,5311,Department Store,Sole Proprietor,Chennai,Tamil Nadu,2025-06-18,5339281473,Active,1540.08
MCH9834,Pau Ltd,,Miscellaneous,Private Limited,Jalandhar,Punjab,2023-12-07,XXXX5411,Active,428.09
MCH5108,"Te11A, Naik And Rajag0Pa1",7011,Hotel & Lodging,Private Limited,Delhi,Delhi,2023-02-17,,Active,1054.85
MCH4526,"Mittal, Saha And Puri",5699,Apparel & Fashion,Sole Proprietor,Bengaluru,Karnataka,2025-06-19,,Active,893.38
MCH1664,Karan Ltd,4131,Travel,Partnership,Chennai,Tamil Nadu,2025-06-02,XXXX0248,Active,
MCH4643,Sandhu-Kakar,4131,Transportation,Private Limited,Bengaluru,Karnataka,2024-03-30,,Active,551.11
MCH7248,Rajagopalan Group,7011,Hotel & Lodging,Partnership,Hyderabad,Telangana,2024-05-22,,Active,859.24
MCH2085,"Varma, Dua And Bhattacharyya",,Books & Stationery,Partnership,Amritsar,Punjab,2023-11-29,,Active,
MCH5001,Narayan Llc,5812,Restaurants & Food,Partnership,Pune,Maharashtra,2023-06-17,JVBH8016822587770,Active,1893.51
MCH9801,"Manda, Bansal And Devan",5812,Restaurants & Food,Partnership,Pune,Maharashtra,2025-09-12,XXXX9062,Suspended,1106.68
MCH7622,Agrawal-Yogi,4131,Transportation,Partnership,Amritsar,Punjab,2025-10-19,,Active,
MCH2353,Sood-Vasa,5411,Grocery,Sole Proprietor,Mumbai,Maharashtra,2026-01-24,,Active,2728.11
MCH4989,Din-Bhatia,5912,Pharmacy,Sole Proprietor,Amritsar,Punjab,2024-07-22,8027810029,Active,2169.45
MCH4006,"Guha, Bumb And Bora",5411,Transportation,Sole Proprietor,Jaipur,Rajasthan,2023-02-05,KYVL1514303273723,Active,2379.0
MCH9289,Baria-Nagy,5999,Miscellaneous,Sole Proprietor,Chennai,Tamil Nadu,,,Active,620.71
MCH1041,Pat1A-S0M,,Apparel & Fashion,Private Limited,Kolkata,West Bengal,2024-04-21,,Active,3701.53
MCH4914,Bora Inc,,Department Store,Sole Proprietor,Jaipur,Rajasthan,2024-12-05,,Active,4227.85
MCH3211,"Mani, Hora And Hayer",5912,Pharmacy,Private Limited,Bengaluru,Karnataka,2026-01-31,SYDI3812560844687,Active,3678.27
MCH9408,Arya-Vig,4131,Transportation,Individual,Bengaluru,Karnataka,2023-12-24,6291585633,Active,
MCH2152,"Choudhry, Chauhan And Dayal",5942,Books & Stationery,Private Limited,Pune,Maharashtra,2025-11-28,6428134605,Active,1507.67
MCH4534,Bumb-Ganguly,5699,Apparel & Fashion,Partnership,Chennai,Tamil Nadu,2025-11-12,YNBM1819285405206,Active,1225.88
MCH6744,Grewal Inc,5999,Miscellaneous,Private Limited,Hyderabad,Telangana,2023-01-12,,Active,1886.71
MCH8271,Konda-Bawa,5699,Apparel & Fashion,Sole Proprietor,Chennai,Tamil Nadu,2023-10-05,WSNV9244788716456,Active,1087.99
MCH9111,"Dhar, Thaker And Madan",5999,Miscellaneous,Private Limited,Kolkata,West Bengal,2024-11-08,IKTX4120845617487,Active,1785.1
MCH3335,Choudhary Ltd,5699,Apparel & Fashion,Partnership,Lucknow,Uttar Pradesh,2025-08-11,,Active,413.6
MCH4843,Dugar-Master,5912,Medical,Sole Proprietor,Hyderabad,Telangana,2024-05-18,4521971795,Active,1023.41
MCH3920,Sharmallc,7011,Books & Stationery,Private Limited,Lucknow,Uttar Pradesh,2024-06-23,1753085069,Suspended,1885.7
MCH4951,"Natt, Dyal And Gill",5411,Grocery,Private Limited,Pune,Maharashtra,2026-02-01,,Active,430.18
MCH8575,"Doctor, Merchant And Bhatti",4814,Telecom,Partnership,Kolkata,West Bengal,2024-04-18,,Active,2693.45
MCH1118,Chokshiinc,4131,Transportation,Partnership,Jalandhar,Punjab,2025-07-26,XXXX1304,Active,590.75
MCH7871,"Mital, Palla And Saraf",5699,Apparel & Fashion,Sole Proprietor,Hyderabad,Telangana,2026-02-17,QSZR3521803060698,Active,
MCH4643,"Dha1Iwa1, Pathak And Ping1E",7011,Hotel & Lodging,Partnership,Chennai,Tamil Nadu,,,Active,382.94
MCH4626,"Lalla, Handa And Ahuja",5999,Miscellaneous,Private Limited,Bengaluru,Karnataka,2023-07-31,,Active,1497.15
MCH1018,Kannan-Khatri,5311,Department Store,Individual,Jalandhar,Punjab,2023-03-19,,Active,1791.0
MCH9782,Bhardwaj-Varghese,4131,Travel,Individual,Ludhiana,Punjab,2023-02-18,GXDH5697468169226,Active,1522.0
MCH5983,"Morar, Memon And Kala",5311,Department Store,Sole Proprietor,Pune,Maharashtra,2025-05-06,4976019828,Active,
MCH4695,Patel-Halder,5812,Restaurants & Food,Sole Proprietor,Pune,Maharashtra,2026-02-11,,Active,652.55
MCH1014,"Agate, Saxena And Pandit",5311,Department Store,Partnership,Jalandhar,Punjab,2023-12-21,3851769270,Active,1096.96
MCH8125,Nagi-Ranganathan,4814,Telecom,Sole Proprietor,Kolkata,West Bengal,2024-10-04,XXXX7501,Inactive,7428.0
MCH8372,Banerjeeltd,5912,Pharmacy,Individual,Hyderabad,Telangana,2023-10-26,,Active,4531.0
MCH2513,Bhallainc,,Apparel & Fashion,Partnership,Amritsar,Punjab,2023-11-09,6553818868,Active,5544.37
MCH4846,Arora-Raghavan,5999,Miscellaneous,Private Limited,Jaipur,Rajasthan,2025-09-12,XXXX5049,Active,
MCH4886,Mangat-Gh0Se,5999,Miscellaneous,Sole Proprietor,Pune,Maharashtra,2023-03-11,8646245603,Active,551.0
MCH7359,Chacko-Dugar,5942,Books & Stationery,Private Limited,Mumbai,Maharashtra,,1437980069,Active,654.0
MCH1071,Wali And Sons,4814,Telecom,Sole Proprietor,Bengaluru,Karnataka,2025-01-21,,Active,1437.33
MCH5580,Chatterjee-Andra,4131,Travel,Private Limited,Lucknow,Uttar Pradesh,2026-01-01,2440958731,Active,512.38
MCH4870,Rana Inc,4814,Telecom,Individual,Amritsar,Punjab,2024-07-12,,Suspended,1127.0
MCH8891,"Natt,Maneandpau",,Telecom,Private Limited,Mumbai,Maharashtra,2025-03-13,6087577130,Active,1140.0
MCH6401,"Shenoy, Doctor And Gola",5912,Medical,Individual,Mumbai,Maharashtra,2025-02-09,,Suspended,690.47
MCH7156,Lata-Som,5812,Restaurants & Food,Private Limited,Bengaluru,Karnataka,2023-02-24,,Active,739.29
MCH4749,Sane-Kota,7011,Hotel & Lodging,Partnership,Ludhiana,Punjab,2025-08-28,XXXX8682,Active,2066.82
MCH2503,Chatterjee-Saran,5699,Apparel & Fashion,Individual,Jalandhar,Punjab,2024-08-14,XXXX3264,Active,1760.1
MCH9756,"Dugal, Virk And Dhaliwal",4131,Transportation,Partnership,Jalandhar,Punjab,2023-01-01,SZBM8211536669889,Active,494.0
MCH2568,"Dhaliwal, Bhat And Sarin",5411,Grocery,Partnership,Mumbai,Maharashtra,2023-04-28,3925852137,Active,803.0
MCH4802,"Mistry, Roy And Salvi",5411,Department Store,Sole Proprietor,Chennai,Tamil Nadu,2024-08-23,2812418940,Inactive,468.0
MCH8418,Jaggi Inc,7011,Hotel & Lodging,Individual,Pune,Maharashtra,2023-12-01,5753448100,Inactive,
MCH7357,Varkey Llc,7011,Hotel & Lodging,Private Limited,Kolkata,West Bengal,2025-08-05,,Active,665.88
MCH9080,"Goswami, Nagy And Sathe",4131,Travel,Sole Proprietor,Jaipur,Rajasthan,2023-11-07,,Active,6603.0
MCH9232,Ahuja-Chaudhry,4131,Transportation,Individual,Hyderabad,Telangana,2023-04-20,XXXX7963,Active,361.11
MCH9690,Bai1-Sarin,7011,Hotel & Lodging,Partnership,Amritsar,Punjab,2025-04-11,XXXX0228,Active,3320.22
MCH4874,"Chanda, Bahl And Kohli",5699,Apparel & Fashion,Sole Proprietor,Mumbai,Maharashtra,2024-12-02,,Active,709.03
MCH7203,Sani-Memon,,Retail,Sole Proprietor,Amritsar,Punjab,2023-03-25,OFZD1453201567778,Active,
MCH9931,Ray Ltd,5912,Medical,Private Limited,Chennai,Tamil Nadu,2023-06-28,8013465643,Active,7044.3
MCH2421,Chanda Plc,4131,Transportation,Partnership,Lucknow,Uttar Pradesh,2023-10-11,VAVC3668026777539,Active,146.0
MCH7216,Pillai And Sons,4814,Telecom,Individual,Amritsar,Punjab,2025-02-12,,Active,356.0
MCH3371,Raju Inc,4131,Transportation,Partnership,Hyderabad,Telangana,2025-04-19,ENEX5677212292143,Active,4057.11
MCH3498,Agate And Sons,4814,Telecom,Individual,Chennai,Tamil Nadu,,,Active,1499.04
MCH4052,Bal-Choudhary,5812,Restaurants & Food,Partnership,Jalandhar,Punjab,,XXXX5480,Active,2217.99
MCH1569,"Bal, Wali And Sheth",4814,Telecom,Private Limited,Chennai,Tamil Nadu,2025-10-11,XXXX9971,Active,1678.57
MCH9654,Saini-Bath,5942,Books & Stationery,Private Limited,Ludhiana,Punjab,2024-11-10,XXXX5605,Active,2570.91
MCH3445,"Madan, Naidu And Andra",7011,Hotel & Lodging,Private Limited,Jaipur,Rajasthan,2023-07-09,2270103966,Active,983.3
MCH9474,"Bajwa, Bhandari And Parmar",5912,Pharmacy,Sole Proprietor,Kolkata,West Bengal,2024-03-16,765979563,Active,1464.0
MCH5598,"Thakur, Verma And Venkataraman",5912,Pharmacy,Individual,Jalandhar,Punjab,2023-09-13,,Active,2948.79
MCH9593,"Vora, Natt And Butala",5411,Grocery,Sole Proprietor,Ludhiana,Punjab,2023-06-03,XXXX8685,Active,
MCH7856,"Sood, Dalal And Butala",7011,Hotel & Lodging,Private Limited,Delhi,Delhi,2025-11-06,1705220103,Active,2048.0
MCH1219,Buta1A Ltd,5699,Apparel & Fashion,Sole Proprietor,Lucknow,Uttar Pradesh,2025-10-23,1736220262,Active,1046.51
MCH8610,Pandey And Sons,5999,Miscellaneous,Sole Proprietor,Bengaluru,Karnataka,,LZLP7648523257090,Active,1014.0
MCH1318,Gupta Llc,4814,Telecom,Private Limited,Jaipur,Rajasthan,,618978505,Active,
MCH7340,Devi And Sons,7011,Apparel & Fashion,Partnership,Kolkata,West Bengal,2024-09-01,1367853568,Active,1101.37
MCH3191,Dhawan-Warrior,4131,Transportation,Sole Proprietor,Hyderabad,Telangana,2024-09-12,,Active,1885.9
MCH1132,Cheema Inc,5999,Miscellaneous,Sole Proprietor,Ludhiana,Punjab,2023-09-10,3299217122,Active,
MCH1657,"Kaur, Sandhu And Shanker",5699,Apparel & Fashion,Private Limited,Mumbai,Maharashtra,2025-01-14,,Active,1224.96
MCH2969,Randhawa-Karnik,7011,Hotel & Lodging,Sole Proprietor,Bengaluru,Karnataka,2023-07-27,,Active,310.59
MCH5881,Baria-Keer,4131,Transportation,Private Limited,Jaipur,Rajasthan,2026-02-09,,Inactive,2633.32
MCH8537,Mital And Sons,5411,Grocery,Partnership,Jalandhar,Punjab,2023-05-14,XXXX8286,Active,
MCH2096,Goleplc,5942,Books & Stationery,Individual,Delhi,Delhi,,3610900033,Inactive,6529.52
MCH9340,Mallick-Konda,5999,Miscellaneous,Individual,Bengaluru,Karnataka,2025-01-24,,Inactive,1550.33
MCH8511,Bhattacharyya Llc,4131,Travel,Sole Proprietor,Kolkata,West Bengal,2025-09-13,5718101424,Active,1377.4
MCH1163,"Gour, Comar And Palan",4814,Telecom,Partnership,Ludhiana,Punjab,2025-10-25,BYWD2962302915002,Inactive,5449.73
MCH5231,Om-Shah,5912,Pharmacy,Individual,Jaipur,Rajasthan,2023-04-29,2208124689,Active,165.39
MCH2778,Buch-Lala,5912,Pharmacy,Individual,Hyderabad,Telangana,2023-04-27,XXXX6570,Active,
MCH8263,"Kapoor, Khanna And Mohan",5311,Retail,Individual,Ludhiana,Punjab,2025-01-08,,Active,5404.0
MCH4290,Konda-Memon,5311,Department Store,Private Limited,Delhi,Delhi,2024-08-11,,Inactive,3295.4
MCH6877,Nadkarni And Sons,5812,Grocery,Individual,Ludhiana,Punjab,2025-12-10,,Active,1757.0
MCH8733,"Dhillon, Goel And Dar",4814,Telecom,Sole Proprietor,Kolkata,West Bengal,2024-03-27,XXXX9551,Active,
MCH5203,"Goel, Mishra And Ram",4814,Telecom,Sole Proprietor,Bengaluru,Karnataka,2023-04-28,,Active,3326.82
MCH1982,"Behl, Jayaraman And Divan",5699,Apparel & Fashion,Sole Proprietor,Mumbai,Maharashtra,2025-10-09,,Active,298.94
MCH1163,Chauhan Group,5912,Medical,Sole Proprietor,Kolkata,West Bengal,2024-04-10,,Active,2218.96
MCH6851,Chaudhary And S0Ns,4131,Transportation,Individual,Kolkata,West Bengal,2023-03-04,XXXX0557,Active,4509.31
MCH7539,"Kalita, Din And Ganesh",5311,Retail,Private Limited,Chennai,Tamil Nadu,2024-01-05,5865236657,Active,
MCH9014,Konda-Ram,4814,Telecom,Sole Proprietor,Ludhiana,Punjab,2025-08-15,,Active,485.94
MCH4450,Zachariah-Batra,5311,Retail,Sole Proprietor,Amritsar,Punjab,2023-09-17,,Active,1045.82
MCH9458,Raja Ltd,5311,Retail,Partnership,Amritsar,Punjab,2025-12-15,XXXX6323,Active,480.87
MCH5227,"Yogi, Varghese And Balay",5812,Restaurants & Food,Individual,Mumbai,Maharashtra,2024-02-10,,Active,2005.26
MCH3481,"Raja, Brar And Nagar",7011,Grocery,Private Limited,Delhi,Delhi,2023-03-13,XXXX8620,Active,1791.83
MCH4652,Varghese-Ramachandran,4131,Transportation,Private Limited,Amritsar,Punjab,2024-10-30,536639184,Active,
MCH3990,Dey-Chaudhari,5912,Pharmacy,Individual,Chennai,Tamil Nadu,2025-03-14,IPYG2797181414167,Active,
MCH7029,Purohit Ltd,4814,Telecom,Partnership,Bengaluru,Karnataka,2025-03-28,7715883452,Inactive,1186.22
MCH3778,Karnik Inc,5912,Pharmacy,Sole Proprietor,Jaipur,Rajasthan,,2560479060,Inactive,1211.0
MCH9345,Mahal Inc,4814,Telecom,Private Limited,Amritsar,Punjab,2025-11-30,5557853955,Active,4834.52
MCH6190,Pal Ltd,5699,Apparel & Fashion,Private Limited,Ludhiana,Punjab,2023-03-01,,Active,376.59
MCH8540,Tiwari Ltd,5999,Miscellaneous,Sole Proprietor,Jaipur,Rajasthan,2024-06-27,,Active,
MCH1492,Ganesan Llc,5999,Miscellaneous,Partnership,Hyderabad,Telangana,2023-08-19,1007001196,Active,3316.76
MCH3172,Soni-Varty,4814,Telecom,Sole Proprietor,Bengaluru,Karnataka,2025-07-10,XXXX7710,Active,3097.6
MCH2492,More Llc,5699,Apparel & Fashion,Partnership,Jaipur,Rajasthan,2023-04-22,3899609403,Inactive,
MCH5021,"Badami, Chatterjee And Handa",4814,Telecom,Sole Proprietor,Hyderabad,Telangana,2024-08-22,,Active,443.63
MCH9571,Buch Inc,5812,Restaurants & Food,Individual,Hyderabad,Telangana,,DKEU4746665718428,Active,1270.83
MCH9158,"Sachdeva, Va1A And Bedi",5812,Restaurants & Food,Sole Proprietor,Lucknow,Uttar Pradesh,,8244922873,Inactive,6181.65
MCH2525,"Nath, Gaba And Viswanathan",5699,Apparel & Fashion,Individual,Mumbai,Maharashtra,2024-12-29,,Active,518.76
MCH4359,Mistry-Parekh,5912,Pharmacy,Private Limited,Mumbai,Maharashtra,2023-06-10,YQCO7150849658211,Suspended,684.0
MCH8049,Balan-Shah,5699,Apparel & Fashion,Private Limited,Lucknow,Uttar Pradesh,2024-09-04,,Active,
MCH2129,Bhavsar-De,5912,Pharmacy,Sole Proprietor,Hyderabad,Telangana,,2500999511,Active,4898.0
MCH2776,Datta Ltd,4814,Telecom,Partnership,Jaipur,Rajasthan,2024-11-09,QUCG6914808410390,Active,1643.13
MCH7205,Dara Plc,5912,Pharmacy,Sole Proprietor,Ludhiana,Punjab,2023-09-26,,Active,1778.94
MCH8761,Chokshi Llc,7011,Hotel & Lodging,Individual,Hyderabad,Telangana,2025-12-01,9822762385,Active,963.43
MCH6598,Rajagopalan Inc,5812,Restaurants & Food,Individual,Hyderabad,Telangana,2023-04-27,,Active,2194.0
MCH2910,"Mitter, Sekhon And Kunda",5912,Pharmacy,Sole Proprietor,Lucknow,Uttar Pradesh,2023-11-04,XXXX8939,Active,1288.6
MCH5122,K0Ta-R0Y,5699,Apparel & Fashion,Individual,Delhi,Delhi,2025-08-20,XXXX7270,Active,390.64
MCH5929,Chaudry-Pal,7011,Hotel & Lodging,Private Limited,Chennai,Tamil Nadu,2024-12-11,RXEM4030982599966,Active,705.57
MCH1750,"Dube, Natt And V0Hra",4131,Transportation,Individual,Pune,Maharashtra,2024-12-18,XXXX3705,Active,
MCH2064,Date And Sons,5812,Restaurants & Food,Private Limited,Delhi,Delhi,2025-08-05,,Active,1715.0
MCH1462,Swamy Inc,5912,Pharmacy,Private Limited,Jalandhar,Punjab,2023-09-13,CPHK2049802773880,Inactive,1411.0
MCH7353,Nadig Llc,4814,Telecom,Individual,Hyderabad,Telangana,2025-11-12,XXXX4294,Active,1097.0
MCH2067,"Barad, Rai And Kapur",5411,Grocery,Private Limited,Jaipur,Rajasthan,2023-03-04,5177364796,Active,999.18
MCH6148,Ganesan-Johal,4814,Telecom,Partnership,Mumbai,Maharashtra,2023-10-08,XXXX8688,Active,778.99
MCH2028,"Sanghvi, Sibal And Vala",,Transportation,Individual,Mumbai,Maharashtra,2024-06-12,,Active,868.81
MCH4200,Karnik Ltd,,Transportation,Sole Proprietor,Pune,Maharashtra,2024-04-27,MNTN2594343179544,Active,951.15
MCH2632,Agate-Gandhi,5311,Department Store,Partnership,Chennai,Tamil Nadu,2026-01-14,ZCSO2053232739383,Active,
MCH4805,"Krishnan, Bhatnagar And Prasad",,Books & Stationery,Partnership,Amritsar,Punjab,2025-07-12,,Active,284.87
MCH4867,"Bedi, Ganesan And Radhakrishnan",7011,Hotel & Lodging,Private Limited,Pune,Maharashtra,2023-05-04,,Active,2651.67
MCH7353,Bhat-Munshi,5912,Medical,Partnership,Chennai,Tamil Nadu,2023-08-09,,Active,
MCH6556,"Andra, Chaudhary And Kunda",4814,Telecom,Partnership,Bengaluru,Karnataka,2023-12-31,IBEQ5874818667293,On Hold,327.82
MCH9905,Pate1-S00D,7011,Hotel & Lodging,Sole Proprietor,Jaipur,Rajasthan,2025-11-21,ZWIP5852637363100,Active,
MCH2037,Kadakia Llc,,Grocery,Partnership,Delhi,Delhi,2024-10-13,ZTLJ8328872113925,Active,426.54
MCH5355,"Sundaram, Gara And Bajwa",5812,Restaurants & Food,Sole Proprietor,Kolkata,West Bengal,2023-08-03,,Active,3350.71
MCH1250,Kata Group,5812,Restaurants & Food,Private Limited,Chennai,Tamil Nadu,2023-12-22,,Active,1162.22
MCH1185,"Buch, Barad And Toor",5999,Miscellaneous,Partnership,Jalandhar,Punjab,2024-06-16,6769671490,Active,2955.34
MCH7817,Lata Plc,5812,Restaurants & Food,Private Limited,Chennai,Tamil Nadu,2025-07-27,,Inactive,3090.66
MCH2423,Ratti-Gupta,4131,Travel,Private Limited,Hyderabad,Telangana,2023-02-09,8487553058,Active,1549.78
MCH2806,Jhaveri-Babu,7011,Hotel & Lodging,Sole Proprietor,Lucknow,Uttar Pradesh,2023-09-15,XXXX2533,Inactive,1939.0
MCH7344,Banerjee Inc,4131,Transportation,Sole Proprietor,Ludhiana,Punjab,2023-04-09,XXXX7344,Suspended,1385.4
MCH1884,Nagi Llc,4131,Transportation,Private Limited,Bengaluru,Karnataka,2025-01-08,ROSD8740992299086,Active,628.95
MCH3754,Dugal-Chawla,5812,Restaurants & Food,Partnership,Kolkata,West Bengal,2025-01-18,MIWY6996336112119,Active,
MCH3029,Hegde-Sood,5699,Apparel & Fashion,Partnership,Ludhiana,Punjab,2023-11-30,TXOB9117990620646,Active,669.4
MCH9249,"Aggarwal, Agarwal And Naidu",5699,Apparel & Fashion,Partnership,Chennai,Tamil Nadu,2025-12-23,XXXX8648,Active,
MCH1767,Bhatnagar-Ka1A,5411,Telecom,Individual,Jalandhar,Punjab,,2537411732,Active,314.16
MCH4336,"Dube, Baria And Nath",5411,Grocery,Private Limited,Jalandhar,Punjab,2026-01-06,,Active,
MCH1482,"Bahri,Sarinandhora",5999,Miscellaneous,Partnership,Hyderabad,Telangana,2024-01-26,2731738944,On Hold,1651.0
MCH2284,Wadhwa-Karpe,,Travel,Sole Proprietor,Lucknow,Uttar Pradesh,,,Inactive,2337.52
MCH2885,"Varkey, Goda And Bala",5812,Restaurants & Food,Private Limited,Mumbai,Maharashtra,2023-01-23,317882844,Inactive,4853.92
MCH8328,Raman-Dass,,Grocery,Partnership,Jalandhar,Punjab,2024-09-29,,Active,2484.83
MCH6345,Mani Group,5999,Miscellaneous,Partnership,Ludhiana,Punjab,,,Active,1339.21
MCH2522,Singhal-Chana,5999,Miscellaneous,Partnership,Ludhiana,Punjab,2023-05-12,,Inactive,
MCH1838,Sarraf-Bhakta,,Miscellaneous,Partnership,Bengaluru,Karnataka,2023-04-20,XXXX3450,Active,584.0
MCH6700,Ravi Ltd,4814,Telecom,Partnership,Pune,Maharashtra,,,Active,219.11
MCH3231,Gokhale Group,5411,Grocery,Individual,Jalandhar,Punjab,,,Active,205.0
MCH7411,"Bhasin, Soman And Savant",4814,Telecom,Sole Proprietor,Chennai,Tamil Nadu,,,Inactive,2298.88
MCH6035,Brar-Kohli,5812,Restaurants & Food,Partnership,Ludhiana,Punjab,2023-10-06,,Active,4518.69
MCH7600,"Minhas, Rattan And Oak",5311,Retail,Sole Proprietor,Ludhiana,Punjab,2023-10-13,XXXX9742,Active,10025.0
MCH9537,Mahal Group,5999,Miscellaneous,Private Limited,Jalandhar,Punjab,2023-05-13,,Active,777.57
MCH5121,Ramakrishnan Inc,4131,Transportation,Sole Proprietor,Ludhiana,Punjab,2023-11-27,,Active,3794.33
MCH9484,"Bail, Sen And Bava",5411,Medical,Sole Proprietor,Jalandhar,Punjab,2024-11-30,,Active,1401.0
MCH1567,Suresh Ltd,5912,Apparel & Fashion,Individual,Chennai,Tamil Nadu,2024-08-12,XXXX6891,Active,3203.25
MCH6986,"Joshi, Chacko And Sawhney",5411,Grocery,Individual,Mumbai,Maharashtra,2025-11-05,3156013270,Active,606.88
MCH1086,Agrawal-Sule,,Apparel & Fashion,Individual,Ludhiana,Punjab,2023-11-13,,Active,1355.59
MCH8634,Palla-Brar,5912,Medical,Partnership,Jalandhar,Punjab,2023-06-13,FVKP3398609583042,Active,843.2
MCH5274,Thakur And Sons,4814,Telecom,Sole Proprietor,Chennai,Tamil Nadu,2025-04-21,,Active,983.36
MCH7412,Chand-Bada1,5812,Restaurants & Food,Private Limited,Mumbai,Maharashtra,2025-08-15,,On Hold,539.2
MCH3234,Lad Inc,,Telecom,Individual,Kolkata,West Bengal,2024-02-21,LTGH4419649542857,Active,
MCH1656,Dhar Plc,5311,Department Store,Partnership,Amritsar,Punjab,2025-05-29,OTBM8790953463908,Active,2992.0
MCH8074,Prakash-Bera,4814,Telecom,Individual,Jalandhar,Punjab,2024-12-04,2437188894,Active,439.79
MCH3677,Choudhury-Radhakrishnan,7011,Hotel & Lodging,Partnership,Jalandhar,Punjab,2025-01-29,,Active,226.71
MCH2646,Parsa-Gole,5999,Miscellaneous,Private Limited,Hyderabad,Telangana,2025-12-18,JJBK8920317843679,Active,450.19
MCH6268,"Pillay, Borah And Roy",5812,Restaurants & Food,Sole Proprietor,Amritsar,Punjab,2024-07-08,2204602404,Active,1108.0
MCH7156,Lata-Som,5812,Restaurants & Food,Private Limited,Bengaluru,Karnataka,2023-02-24,,Suspended,739.29
MCH9831,Deep-Kanda,4814,Telecom,Sole Proprietor,Pune,Maharashtra,2025-07-29,XXXX7811,Active,796.02
MCH9367,Luthra And Sons,,Books & Stationery,Private Limited,Amritsar,Punjab,2023-05-31,,Active,1752.0
MCH7523,Venkataraman-Hans,4131,Transportation,Sole Proprietor,Pune,Maharashtra,2025-04-28,6156184588,Active,6157.65
MCH1872,Chaudry Group,5999,Miscellaneous,Private Limited,Bengaluru,Karnataka,2024-02-02,2703911432,Active,1044.41
MCH6002,Bal Group,5912,Medical,Partnership,Delhi,Delhi,2025-05-14,,Active,718.0
MCH9187,Mane And Sons,5812,Restaurants & Food,Individual,Hyderabad,Telangana,2025-12-18,,Active,508.01
MCH3084,Mani-Chowdhury,5699,Apparel & Fashion,Partnership,Hyderabad,Telangana,2023-09-27,,Active,1594.62
MCH3997,Chatterjee Group,5999,Miscellaneous,Individual,Ludhiana,Punjab,2023-04-30,HIRQ3582999375796,Suspended,
MCH6562,Kant Inc,7011,Hotel & Lodging,Sole Proprietor,Chennai,Tamil Nadu,2024-10-14,XXXX2723,Active,2590.35
MCH9877,Borra And Sons,4814,Telecom,Individual,Bengaluru,Karnataka,2023-04-12,YYFP6378402221168,Active,416.84
MCH6623,Kakar And Sons,5912,Pharmacy,Individual,Pune,Maharashtra,,8474818927,Active,1424.35
MCH1188,M0Rar Ltd,5912,Pharmacy,Individual,Hyderabad,Telangana,2024-02-19,3674511273,Active,1156.7
MCH7877,Parekh-Borra,5942,Books & Stationery,Private Limited,Mumbai,Maharashtra,2024-02-29,XXXX5911,Active,
MCH7769,"Atwal, Loke And Prasad",4814,Telecom,Partnership,Mumbai,Maharashtra,2024-07-21,,Active,232.38
MCH8850,"Sachdev, Nayar And Arora",5411,Grocery,Partnership,Ludhiana,Punjab,2025-04-07,,Suspended,
MCH1625,Saran Ltd,4814,Telecom,Partnership,Kolkata,West Bengal,2024-10-17,6216492189,Active,1093.54
MCH9052,Ramaswamy-Chhabra,,Books & Stationery,Partnership,Mumbai,Maharashtra,2024-11-10,,Active,
MCH8431,"Bail, Sura And Misra",5411,Grocery,Partnership,Lucknow,Uttar Pradesh,2023-02-24,BOES1880983766713,Active,6861.27
MCH2492,"Bhatti, Kala And Sahni",4131,Travel,Individual,Hyderabad,Telangana,2024-12-11,,Active,2662.9
MCH6602,Thakkar Ltd,4131,Travel,Partnership,Mumbai,Maharashtra,2023-01-03,XXXX6968,Active,483.25
MCH9944,"Parikh, Mutti And Saha",4131,Transportation,Partnership,Jalandhar,Punjab,2025-08-03,YTTI1528625741410,Active,1826.64
MCH8536,"Basak, Sami And Char",5311,Retail,Private Limited,Mumbai,Maharashtra,,,Active,335.5
MCH3139,"Dhar, Kumar And Sawhney",5699,Apparel & Fashion,Partnership,Pune,Maharashtra,2025-01-24,XXXX0682,Inactive,2338.9
MCH2368,Chadha-Barman,5912,Pharmacy,Individual,Jalandhar,Punjab,2025-11-27,7857705450,Suspended,3326.29
MCH3229,Keer-Kale,5912,Pharmacy,Sole Proprietor,Mumbai,Maharashtra,2024-02-28,UDDZ7214972649948,Active,276.23
MCH8615,Kurian Inc,,Telecom,Private Limited,Hyderabad,Telangana,2024-03-25,,Active,3051.58
MCH1154,Saran And Sons,5912,Pharmacy,Private Limited,Pune,Maharashtra,2023-12-26,TCTB2753134775657,Active,871.24
MCH2487,Venkatesh Ltd,7011,Hotel & Lodging,Partnership,Ludhiana,Punjab,,MCTW2396874836471,Active,2913.12
MCH2980,Mander And Sons,5411,Grocery,Sole Proprietor,Kolkata,West Bengal,2023-04-03,,Active,1129.72
MCH9718,Bumb Plc,5699,Apparel & Fashion,Private Limited,Jalandhar,Punjab,,XXXX7725,Active,
MCH5673,Palan-Memon,4131,Transportation,Sole Proprietor,Delhi,Delhi,2023-09-16,5428187851,Active,414.92
MCH2995,Kurian-Kumar,5699,Apparel & Fashion,Individual,Amritsar,Punjab,2023-10-16,,Active,
MCH6615,Pillay Group,5942,Books & Stationery,Individual,Hyderabad,Telangana,2025-09-12,3204013146,Suspended,
MCH5391,Nagi-Pandya,5411,Grocery,Partnership,Kolkata,West Bengal,2025-12-24,,Suspended,1471.0
MCH8170,"Dyal, Chadha And Shenoy",4814,Telecom,Partnership,Hyderabad,Telangana,2024-12-15,4344277649,Active,589.07
MCH4622,Toor-Rajan,7011,Hotel & Lodging,Private Limited,Ludhiana,Punjab,2024-06-20,,Active,2524.16
MCH2040,"Balan, Sahota And Nagi",5699,Apparel & Fashion,Sole Proprietor,Kolkata,West Bengal,,,Active,409.0
MCH7803,Naik Llc,5999,Miscellaneous,Partnership,Delhi,Delhi,,,Active,
MCH6559,Patla Ltd,7011,Hotel & Lodging,Sole Proprietor,Bengaluru,Karnataka,2025-12-18,,Active,922.45
MCH8262,Sanghvi Ltd,5411,Grocery,Sole Proprietor,Bengaluru,Karnataka,2024-06-10,,Active,4676.0
MCH8149,"Chandran, Mander And Parmar",5812,Restaurants & Food,Partnership,Kolkata,West Bengal,,,Active,1378.0
MCH4484,"Mukherjee, Tella And Malhotra",5812,Restaurants & Food,Partnership,Bengaluru,Karnataka,2025-10-02,8422535984,Active,2091.93
MCH9164,Mital And Sons,,Apparel & Fashion,Private Limited,Delhi,Delhi,2025-12-08,,Active,4681.79
MCH7906,"Ganesan, Gopal And Ratta",5912,Pharmacy,Individual,Jaipur,Rajasthan,2023-08-04,6930056996,Active,733.85
MCH4055,Sinha-Sundaram,7011,Hotel & Lodging,Individual,Chennai,Tamil Nadu,,BRZM1208408639064,Suspended,978.27
MCH1016,"Mangat, Som And Deshmukh",5942,Books & Stationery,Individual,Pune,Maharashtra,2025-02-08,OOIR2591293670615,Suspended,756.28
MCH4081,Srinivasan-Bahri,4814,Telecom,Sole Proprietor,Delhi,Delhi,2025-06-07,,Active,2928.84
MCH7302,Murthy And Sons,5411,Grocery,Partnership,Bengaluru,Karnataka,2025-01-23,,Active,3381.11
MCH1906,"Taneja, Mahajan And Sarna",5311,Retail,Individual,Bengaluru,Karnataka,2026-01-16,ZMCC2986180199571,Inactive,2772.0
MCH4976,Walla And Sons,5942,Books & Stationery,Sole Proprietor,Bengaluru,Karnataka,2025-10-21,XKET6356016924037,Active,929.0
MCH2749,Borde Plc,7011,Hotel & Lodging,Partnership,Jalandhar,Punjab,2025-11-15,AKGD7711918524900,Active,299.85
MCH2813,"Sha, Bhatia And Vig",,Department Store,Individual,Chennai,Tamil Nadu,2024-10-24,5399147177,Suspended,3821.16
MCH7294,"Singh, Ramanathan And Setty",5942,Books & Stationery,Private Limited,Jalandhar,Punjab,2025-04-02,,Suspended,1690.0
MCH4299,Master Plc,5699,Apparel & Fashion,Private Limited,Delhi,Delhi,2023-05-31,XXXX0419,Active,3539.65
MCH8052,Mangat-Ganesh,4131,Transportation,Sole Proprietor,Kolkata,West Bengal,2024-01-05,,Active,527.34
MCH7875,Narasimhan Plc,5411,Grocery,Private Limited,Amritsar,Punjab,2025-03-01,,Active,585.43
MCH9253,Gole Llc,5699,Apparel & Fashion,Sole Proprietor,Amritsar,Punjab,2024-05-09,XXXX9261,Active,1349.23
MCH3410,Mutti Plc,7011,Hotel & Lodging,Sole Proprietor,Chennai,Tamil Nadu,2023-05-23,5994810528,Active,4042.64
MCH2755,Chaudhuri And S0Ns,5942,Books & Stationery,Individual,Mumbai,Maharashtra,2025-11-29,,Active,440.0
MCH3435,"Mitter, Chakrabarti And Swaminathan",5812,Restaurants & Food,Individual,Ludhiana,Punjab,2023-04-23,XXXX3745,Active,1050.63
MCH7403,Prabhakar Group,5942,Books & Stationery,Sole Proprietor,Chennai,Tamil Nadu,2025-12-29,XXXX4472,Inactive,657.74
MCH1926,"Bail, Bala And Bahl",5942,Books & Stationery,Partnership,Pune,Maharashtra,2024-07-05,,Active,
MCH2996,Rege-Khanna,5411,Grocery,Individual,Lucknow,Uttar Pradesh,2023-10-15,,Inactive,
MCH5749,Master Llc,,Restaurants & Food,Private Limited,Kolkata,West Bengal,2024-04-30,PVNW9033788560313,Active,6699.41
MCH9088,Bajaj-Karnik,5912,Pharmacy,Individual,Mumbai,Maharashtra,2025-03-11,,Suspended,1838.62
MCH1947,Bhatti Plc,4131,Transportation,Sole Proprietor,Hyderabad,Telangana,2025-10-17,,Active,860.05
MCH6221,Shukla And Sons,4131,Transportation,Sole Proprietor,Chennai,Tamil Nadu,2025-01-25,,Active,1793.34
MCH2827,Bala-Bhatti,5999,Miscellaneous,Individual,Bengaluru,Karnataka,2024-05-10,5191749246,Inactive,381.0
MCH4176,Sani-Bhalla,,Hotel & Lodging,Individual,Delhi,Delhi,2024-07-22,XXXX6805,Active,1216.13
MCH5210,Rege-Sridhar,5942,Books & Stationery,Private Limited,Jalandhar,Punjab,2024-05-10,VHMQ6214837340223,Active,1199.73
MCH7493,Nanda Llc,5411,Grocery,Partnership,Delhi,Delhi,2024-12-01,,Active,537.94
MCH6079,Gulati Inc,4131,Transportation,Sole Proprietor,Pune,Maharashtra,2023-01-29,XXXX5091,Active,2029.26
MCH6122,Rai Ltd,4131,Transportation,Private Limited,Jalandhar,Punjab,2024-11-02,JNKS9651802205909,Inactive,2198.19
MCH9537,"Kohli, Bedi And Khatri",5812,Restaurants & Food,Partnership,Lucknow,Uttar Pradesh,2023-02-03,ETHU3692414694902,Active,
MCH9503,Kulkarni Llc,4131,Transportation,Individual,Hyderabad,Telangana,2026-01-22,FRMH0087238544779,Inactive,1312.52
MCH5849,Balakrishnan Ltd,5699,Apparel & Fashion,Private Limited,Lucknow,Uttar Pradesh,2025-04-06,,Active,6558.56
MCH4034,Tiwari-Lad,5999,Miscellaneous,Individual,Ludhiana,Punjab,2023-12-13,XXXX6100,Suspended,2041.77
MCH2860,Ahluwalia Ltd,7011,Hotel & Lodging,Private Limited,Bengaluru,Karnataka,2026-01-27,EAAS5526551207941,Active,250.0
MCH1969,Narain-Menon,5311,Retail,Individual,Delhi,Delhi,2025-11-16,FJVW1497261653850,Active,453.33
MCH3993,Vaidya Ltd,5999,Miscellaneous,Partnership,Chennai,Tamil Nadu,2023-12-23,YBKO6037061844125,Active,372.73
MCH5895,Dey Llc,4131,Travel,Individual,Chennai,Tamil Nadu,2024-05-08,,Active,693.85
MCH8238,"Lala, Seth And Tak",5699,Apparel & Fashion,Partnership,Jaipur,Rajasthan,2024-07-22,XXXX3627,Active,952.06
MCH4588,"Gole, Raval And Hans",,Restaurants & Food,Sole Proprietor,Bengaluru,Karnataka,2025-03-14,2064667231,Active,1061.34
MCH9785,Bains-Bhavsar,5999,Miscellaneous,Partnership,Mumbai,Maharashtra,2023-08-07,,Active,54.42
MCH2179,Prakash Inc,5411,Grocery,Partnership,Jalandhar,Punjab,2025-05-14,XBTI4209602657255,Active,5901.01
MCH8289,"Ch0Udhury, Chakrabarti And Kha1Sa",4131,Transportation,Sole Proprietor,Lucknow,Uttar Pradesh,2023-10-06,1750486763,Active,954.52
MCH8466,Dani Plc,5999,Miscellaneous,Sole Proprietor,Lucknow,Uttar Pradesh,2024-11-20,971517189,Active,1946.42
MCH1750,Sastry-Chaudhari,5912,Apparel & Fashion,Individual,Delhi,Delhi,2024-11-17,XXXX2201,Active,1155.0
MCH6991,Dani Ltd,,Transportation,Partnership,Bengaluru,Karnataka,2025-07-16,5759081808,Active,
MCH3265,"Prakash, Wable And Ganesh",5812,Telecom,Individual,Jaipur,Rajasthan,2025-11-13,,Inactive,1446.0
MCH9355,Vig Plc,5912,Pharmacy,Partnership,Jalandhar,Punjab,2024-01-11,KRTG3596169904435,Active,1697.72
MCH4455,Iyer Llc,5411,Grocery,Individual,Bengaluru,Karnataka,,JMHS4435674556652,Active,586.02
MCH2641,Varma-Saha,5999,Miscellaneous,Individual,Bengaluru,Karnataka,2024-10-09,,Inactive,5621.28
MCH4352,Suri Ltd,5912,Medical,Individual,Lucknow,Uttar Pradesh,2023-08-21,,Active,
MCH5260,"Memon, Ben And Sant",5912,Medical,Sole Proprietor,Jalandhar,Punjab,2024-07-25,XXXX7324,Active,1467.0
MCH4061,Mody-Vig,5999,Miscellaneous,Individual,Amritsar,Punjab,2024-07-28,,Active,2007.74
MCH3095,Hans-Shan,5999,Miscellaneous,Partnership,Kolkata,West Bengal,2024-05-28,9222512011,Active,1208.82
MCH7944,Bassi-Dyal,4131,Transportation,Sole Proprietor,Kolkata,West Bengal,2025-11-04,YDDT9877099170196,Active,1227.24
MCH9149,Varghese Plc,5411,Grocery,Individual,Jaipur,Rajasthan,2025-12-26,,Active,3708.64
MCH8253,Dutt-Narain,5411,Grocery,Sole Proprietor,Hyderabad,Telangana,2024-04-15,XXXX4097,Active,1104.19
MCH1809,Grewal Inc,5311,Department Store,Private Limited,Bengaluru,Karnataka,2025-10-31,1597132394,Active,2181.93
MCH7473,"Nair, Ramachandran And Mane",5311,Retail,Sole Proprietor,Hyderabad,Telangana,2023-09-07,3598989275,Inactive,
MCH8101,"Jani, Varghese And Barman",,Apparel & Fashion,Sole Proprietor,Delhi,Delhi,,ZAGS9531645948920,Inactive,734.89
MCH6254,Murthy Group,4814,Telecom,Partnership,Amritsar,Punjab,2025-07-05,7655418410,Inactive,
MCH7992,Goel Group,4814,Telecom,Individual,Bengaluru,Karnataka,2023-10-18,UIMY5187810690637,Active,609.52
MCH5054,"Kara, Mandal And Mitra",5812,Restaurants & Food,Sole Proprietor,Kolkata,West Bengal,2024-01-29,,Suspended,5895.31
MCH1040,Chand Plc,5912,Medical,Individual,Pune,Maharashtra,2024-09-08,,Active,653.92
MCH1104,Chander Llc,4814,Telecom,Private Limited,Delhi,Delhi,2024-09-05,,Active,778.62
MCH2387,Dar-Dass,5912,Pharmacy,Partnership,Lucknow,Uttar Pradesh,,,Active,1022.15
MCH2335,Ganeshltd,5999,Miscellaneous,Private Limited,Pune,Maharashtra,2025-03-03,,Active,
MCH6277,"Parmer, Bera And Nori",,Transportation,Partnership,Mumbai,Maharashtra,2024-04-02,,Active,514.01
MCH5122,Garde Ltd,5699,Apparel & Fashion,Partnership,Mumbai,Maharashtra,2024-09-06,GIIN6826016830316,Active,957.5
MCH7580,Dhaliwal-Shankar,4814,Telecom,Sole Proprietor,Mumbai,Maharashtra,2023-07-04,XXXX8286,Active,1155.73
MCH1729,Ganesh Plc,5812,Restaurants & Food,Private Limited,Hyderabad,Telangana,2025-05-23,XXXX6365,Active,
MCH2571,Deep-Chakraborty,5812,Restaurants & Food,Partnership,Delhi,Delhi,2024-07-31,,Suspended,3828.75
MCH9296,Ramanathan Ltd,5912,Pharmacy,Individual,Jaipur,Rajasthan,2025-01-29,,Active,1253.48
MCH8571,"Garde, Toor And Malhotra",4814,Telecom,Partnership,Amritsar,Punjab,2023-05-31,,Active,266.55
MCH6242,Som Inc,5311,Department Store,Sole Proprietor,Jaipur,Rajasthan,2023-06-27,ELTM3518126936690,Active,
MCH8058,"Jayaraman, Pall And Goel",5912,Pharmacy,Partnership,Kolkata,West Bengal,2023-06-25,DJCR4230820318730,Active,1476.23
MCH5242,Mishra-Dua,5311,Department Store,Individual,Mumbai,Maharashtra,2024-06-08,XXXX0138,Active,
MCH3379,Sura Inc,5411,Grocery,Sole Proprietor,Chennai,Tamil Nadu,2023-11-28,,Active,851.53
MCH9211,Dubey-Kurian,7011,Hotel & Lodging,Individual,Jalandhar,Punjab,2023-01-08,XXXX5476,Active,2981.74
MCH2694,Misra Plc,5699,Apparel & Fashion,Individual,Pune,Maharashtra,,,Inactive,2669.29
MCH9289,Lall Llc,7011,Hotel & Lodging,Private Limited,Kolkata,West Bengal,2025-12-08,PFKV1152289254196,Active,3024.28
MCH4503,Acharya Llc,5411,Grocery,Private Limited,Delhi,Delhi,2024-09-12,,Active,241.19
MCH8493,Buch Inc,5912,Medical,Individual,Chennai,Tamil Nadu,2025-01-17,YMCT2319815382495,Active,2394.24
MCH4613,"Batra, Devi And Buch",5699,Apparel & Fashion,Individual,Delhi,Delhi,2023-10-03,6706330376,Inactive,
MCH4456,Krish-Panchal,5411,Grocery,Individual,Lucknow,Uttar Pradesh,2024-05-11,,Active,1642.08
MCH4369,"Tandon, Viswanathan And Chaudhary",5812,Restaurants & Food,Private Limited,Pune,Maharashtra,2023-01-13,1839441599,Suspended,226.61
MCH9559,Randhawa-Mody,5699,Apparel & Fashion,Sole Proprietor,Amritsar,Punjab,2025-06-08,XXXX2517,Inactive,543.84
MCH4318,Nagar And Sons,4131,Transportation,Sole Proprietor,Lucknow,Uttar Pradesh,2023-12-20,3039905093,Active,1159.12
MCH2473,"Gill, Deol And Deep",5411,Grocery,Private Limited,Lucknow,Uttar Pradesh,2024-09-07,YWZO7271967683864,Active,1433.28
MCH1161,"Kuruvilla, Pall And Ravel",5411,Grocery,Private Limited,Jalandhar,Punjab,2023-12-29,,Active,549.82
MCH9563,Sharaf-Tella,,Hotel & Lodging,Sole Proprietor,Kolkata,West Bengal,2025-02-09,,Active,1375.95
MCH6465,Chadha-Char,5912,Medical,Partnership,Kolkata,West Bengal,2023-04-22,5666974983,Active,749.37
MCH8631,Chaudhari-Chhabra,5699,Apparel & Fashion,Sole Proprietor,Lucknow,Uttar Pradesh,2024-02-17,7902410971,Active,1011.95
MCH9582,"Aggarwal, Morar And Vohra",4814,Telecom,Private Limited,Chennai,Tamil Nadu,2026-02-02,1610482956,Active,2012.0
MCH6617,Buch Group,5699,Apparel & Fashion,Sole Proprietor,Hyderabad,Telangana,2024-09-01,,Active,1759.15
MCH3616,Trivedi-Ramachandran,5411,Grocery,Partnership,Jalandhar,Punjab,2025-07-02,XXXX1853,Inactive,181.96
MCH9391,Vasa-Mitra,4814,Telecom,Individual,Jalandhar,Punjab,2024-10-30,XXXX6623,Active,1456.23
MCH9379,Nazareth And Sons,5999,Miscellaneous,Individual,Kolkata,West Bengal,,XXXX1135,Inactive,242.0
MCH7288,"Kumar, Sachdeva And Natarajan",5999,Miscellaneous,Private Limited,Kolkata,West Bengal,2026-02-01,,Suspended,
MCH2051,Deshpande Plc,5912,Medical,Private Limited,Chennai,Tamil Nadu,2024-10-06,6948597427,Active,625.93
MCH4507,Bassi-Merchant,5812,Restaurants & Food,Sole Proprietor,Chennai,Tamil Nadu,2024-05-30,XXXX7969,Active,3598.7
MCH9647,"Bhat, Tank And Aurora",7011,Hotel & Lodging,Individual,Kolkata,West Bengal,2024-08-18,8968048918,Active,5590.39
MCH1082,Oommen Inc,7011,Hotel & Lodging,Partnership,Amritsar,Punjab,,6717543820,Active,833.19
MCH7017,Deepgroup,,Hotel & Lodging,Individual,Delhi,Delhi,,,Active,1258.92
MCH8506,"Handa, Sahni And Sawhney",4814,Telecom,Partnership,Hyderabad,Telangana,2026-12-01,,Active,339.0
MCH6839,Varughese Llc,5912,Medical,Individual,Jaipur,Rajasthan,2025-05-05,4050131250,Active,1354.0
MCH8735,Ha1Der-Mane,5411,Grocery,Partnership,Pune,Maharashtra,2023-04-12,PJBJ0308854019653,Active,7303.0
MCH9443,"Bumb, Sama And Prashad",4131,Transportation,Sole Proprietor,Lucknow,Uttar Pradesh,2024-03-28,,Active,712.16
MCH3125,Din-Dara,5699,Apparel & Fashion,Partnership,Delhi,Delhi,2025-11-15,NBXZ1237892442741,Active,3672.47
MCH3092,"Dutta, Vasa And Jayaraman",5999,Miscellaneous,Private Limited,Amritsar,Punjab,,4110907056,Active,1605.55
MCH1365,Agate Plc,5942,Books & Stationery,Partnership,Pune,Maharashtra,2024-12-10,,Active,
MCH8679,Dutt-Goel,4814,Telecom,Private Limited,Kolkata,West Bengal,2024-08-14,XXXX4631,Active,423.15
MCH3722,"Ben, Dhingra And Garde",5942,Books & Stationery,Private Limited,Delhi,Delhi,2025-01-28,,Inactive,163.22
MCH5606,Sunder Inc,5411,Hotel & Lodging,Partnership,Ludhiana,Punjab,2023-06-25,TYTS3020219689289,Active,965.69
MCH6384,"Rave1, Mane And Madan",5912,Pharmacy,Partnership,Delhi,Delhi,2023-04-26,8497490345,Active,334.08
MCH4170,Bahri-Mangat,5812,Restaurants & Food,Sole Proprietor,Pune,Maharashtra,2023-03-15,XXXX2954,Active,926.11
MCH9537,Chakrab0Rty Plc,5942,Books & Stationery,Individual,Amritsar,Punjab,2025-01-02,XXXX8422,Active,
MCH9787,Nigam Llc,7011,Hotel & Lodging,Private Limited,Jaipur,Rajasthan,2023-06-18,,Active,717.19
MCH8895,Chakraborty-Apte,7011,Hotel & Lodging,Sole Proprietor,Jalandhar,Punjab,2023-05-04,8501954276,Active,2412.11
MCH1773,Prakash-Malhotra,5411,Grocery,Individual,Jalandhar,Punjab,,XEKJ5137440988369,Active,1551.73
MCH3662,Dey Llc,5999,Miscellaneous,Sole Proprietor,Kolkata,West Bengal,2023-09-24,XXXX8815,Suspended,
MCH6301,"Apte, Vohra And Gade",4814,Telecom,Partnership,Jalandhar,Punjab,2023-03-30,,Active,2355.49
MCH5745,Sawhney-Apte,,Pharmacy,Private Limited,Delhi,Delhi,2025-06-04,6957896911,Active,2109.42
MCH6441,Boase Group,5942,Books & Stationery,Sole Proprietor,Amritsar,Punjab,2024-10-18,XXXX1328,Active,4755.4
MCH6394,Yogiinc,5699,Apparel & Fashion,Private Limited,Kolkata,West Bengal,2023-10-20,,Active,1717.76
MCH7172,Chandran-Palla,5311,Department Store,Partnership,Pune,Maharashtra,2025-09-23,XXXX0145,Active,1177.65
MCH4843,Kuruvilla-Pillay,4814,Telecom,Individual,Bengaluru,Karnataka,2025-08-18,VYHF0905352746746,Active,
MCH7272,Bansal-Das,5912,Pharmacy,Sole Proprietor,Ludhiana,Punjab,2023-12-20,XXXX6496,Active,391.71
MCH9906,"Raj, Goda And Rastogi",5912,Pharmacy,Private Limited,Pune,Maharashtra,2025-01-31,2812012011,Active,543.33
MCH5797,Bhatt Ltd,5942,Books & Stationery,Individual,Chennai,Tamil Nadu,,XXXX5629,Active,1641.0
MCH4356,"Guha, Sheth And Ravi",5912,Medical,Partnership,Kolkata,West Bengal,2024-07-06,3427547300,Active,2725.51
MCH8558,Dutt-Tailor,5311,Retail,Sole Proprietor,Amritsar,Punjab,2024-12-29,,Active,857.14
MCH1764,"Kurian, Vaidya And Loyal",5999,Miscellaneous,Individual,Lucknow,Uttar Pradesh,2025-11-16,QLVG4760642998653,Suspended,419.98
MCH3308,Setty Llc,5942,Books & Stationery,Partnership,Pune,Maharashtra,2023-06-28,,Active,883.84
MCH7664,Datta Ltd,5812,Travel,Partnership,Kolkata,West Bengal,,XXXX7337,Active,990.98
MCH4521,Raman Plc,5699,Apparel & Fashion,Private Limited,Hyderabad,Telangana,2023-04-02,,Active,4397.68
MCH2356,Baria Plc,,Pharmacy,Individual,Ludhiana,Punjab,2024-04-02,,Active,2672.62
MCH7772,"Chatterjee, Wason And Nadkarni",5311,Department Store,Partnership,Mumbai,Maharashtra,2026-01-02,XXXX1871,Active,541.48
MCH2894,Rege-Baria,5699,Apparel & Fashion,Private Limited,Delhi,Delhi,2024-12-22,XXXX3813,Active,2107.84
MCH1370,Wable Llc,4814,Telecom,Private Limited,Jalandhar,Punjab,2023-11-19,6802604838,Active,3898.88
MCH6370,"Dass, Hegde And Viswanathan",5812,Restaurants & Food,Partnership,Jaipur,Rajasthan,2023-03-24,PUYW3534134349316,Active,2201.27
MCH5963,Goyal-Sur,5812,Restaurants & Food,Private Limited,Chennai,Tamil Nadu,2025-09-14,XXXX6740,Active,3785.0
MCH8295,Mammen Llc,5999,Miscellaneous,Private Limited,Chennai,Tamil Nadu,2024-04-11,XXXX0713,Active,1554.58
MCH5980,Arya Llc,7011,Hotel & Lodging,Private Limited,Ludhiana,Punjab,,,Active,2432.63
MCH2956,Bava Ltd,,Telecom,Individual,Delhi,Delhi,2023-01-18,2075067293,Active,2838.96
MCH8958,Verma-Biswas,5699,Apparel & Fashion,Partnership,Amritsar,Punjab,2023-03-06,,Active,7196.61
MCH4457,"Chanda, Parikh And Hayre",5999,Miscellaneous,Private Limited,Amritsar,Punjab,,,Active,
MCH1785,Shere-Pall,5311,Department Store,Sole Proprietor,Kolkata,West Bengal,2023-08-05,,Active,2271.85
MCH4357,Som And Sons,5311,Retail,Individual,Ludhiana,Punjab,,XXXX0823,Active,
MCH8209,Pai-Gokhale,5311,Retail,Private Limited,Jaipur,Rajasthan,2023-03-22,,Inactive,426.65
MCH7311,Dhar Plc,5411,Grocery,Private Limited,Mumbai,Maharashtra,,,Active,148.28
MCH5683,"Magar, Cherian And Wable",5912,Pharmacy,Partnership,Amritsar,Punjab,2024-08-07,3259910905,Active,1544.64
MCH8391,Talwar-Bhasin,4131,Apparel & Fashion,Individual,Ludhiana,Punjab,2025-10-21,9793728885,Active,2052.0
MCH8060,"Pall, Lal And Ahluwalia",5812,Restaurants & Food,Individual,Lucknow,Uttar Pradesh,2023-10-07,OYJG7569387470582,Active,4990.63
MCH4319,Luthra-D’Alia,,Apparel & Fashion,Partnership,Chennai,Tamil Nadu,2024-07-23,,Active,5413.24
MCH7609,Mitta1 Plc,5912,Medical,Individual,Jalandhar,Punjab,2025-03-10,XXXX5424,Active,
MCH5972,Mane Ltd,5942,Books & Stationery,Individual,Amritsar,Punjab,2024-06-03,XXXX0204,Active,644.97
MCH7572,"Nori, Kibe And Das",5699,Apparel & Fashion,Sole Proprietor,Lucknow,Uttar Pradesh,2023-11-28,BLHB3138092170893,Active,870.0
MCH2530,Palla-Datta,5942,Books & Stationery,Partnership,Pune,Maharashtra,2023-08-03,,Active,2593.27
MCH3788,Kuruvilla Ltd,5411,Grocery,Sole Proprietor,Hyderabad,Telangana,2024-10-03,,Suspended,4329.09
MCH1493,"Kar, Nath And Koshy",5942,Books & Stationery,Individual,Bengaluru,Karnataka,2023-01-28,XXXX9866,Active,
MCH6105,Lala Group,7011,Hotel & Lodging,Sole Proprietor,Bengaluru,Karnataka,2023-01-25,,Active,1595.66
MCH5697,"Kapadia, Sharma And Maharaj",,Miscellaneous,Partnership,Pune,Maharashtra,2023-08-27,IHYO1132265068472,Active,4565.23
MCH4072,Singhal-Natarajan,5812,Restaurants & Food,Sole Proprietor,Chennai,Tamil Nadu,,XXXX4620,Active,2593.54
MCH1732,Badal-Chacko,4131,Travel,Sole Proprietor,Kolkata,West Bengal,2024-02-01,,Active,888.6
MCH2610,Chopra-Narayanan,5311,Department Store,Sole Proprietor,Delhi,Delhi,2023-07-05,,Active,1284.93
MCH3898,Wadhwa-Sahni,5699,Apparel & Fashion,Private Limited,Ludhiana,Punjab,2025-08-05,,Active,
MCH5939,"Mohan, Varughese And Johal",5411,Grocery,Partnership,Bengaluru,Karnataka,2024-12-20,XXXX0991,Active,4307.34
MCH6742,Mammen Gr0Up,4814,Telecom,Private Limited,Kolkata,West Bengal,2024-03-20,XXXX8463,Active,6284.1
MCH9601,Murthy-Sagar,5999,Miscellaneous,Private Limited,Delhi,Delhi,,4391317650,Active,2574.06
MCH9793,Brar Ltd,,Apparel & Fashion,Private Limited,Bengaluru,Karnataka,,4222281666,Active,198.68
MCH4349,"Naik, Pandey And Din",4131,Transportation,Partnership,Bengaluru,Karnataka,2023-06-30,,Active,2172.69
MCH2081,Date Plc,5311,Department Store,Private Limited,Lucknow,Uttar Pradesh,2023-04-01,XXXX3660,Active,275.64
MCH8181,Mall-Chatterjee,4131,Transportation,Individual,Amritsar,Punjab,,6803575158,Active,
MCH4363,Narayan-Sangha,7011,Hotel & Lodging,Sole Proprietor,Jalandhar,Punjab,,,Active,598.32
MCH4900,Issac-Venkataraman,5912,Pharmacy,Sole Proprietor,Kolkata,West Bengal,2023-08-15,,Active,1519.72
MCH8157,"Mahal, Srinivas And Vasa",5411,Pharmacy,Sole Proprietor,Delhi,Delhi,2024-10-09,XFHS0358306861946,Inactive,1033.09
MCH5247,Nagi Ltd,4814,Telecom,Partnership,Amritsar,Punjab,2025-06-06,,On Hold,632.92
MCH2116,Chaudhari And Sons,5699,Apparel & Fashion,Individual,Jaipur,Rajasthan,2023-09-02,XXXX7517,Active,947.14
MCH1254,Pant-Muni,4131,Travel,Partnership,Delhi,Delhi,2023-10-21,,Active,781.27
MCH2191,"Raval, Halder And Brahmbhatt",5999,Miscellaneous,Sole Proprietor,Bengaluru,Karnataka,2023-09-15,,Active,2745.45
MCH1227,Dyal Ltd,5999,Miscellaneous,Individual,Ludhiana,Punjab,2025-09-21,QLYV4506400926648,Active,602.09
MCH8085,Verma-Ramachandran,5942,Books & Stationery,Individual,Pune,Maharashtra,2025-10-22,7310237630,Active,
MCH1882,Kamdar-Banik,5812,Restaurants & Food,Partnership,Ludhiana,Punjab,,,Inactive,427.5
MCH5494,Bhavsar-Jhaveri,5912,Pharmacy,Individual,Ludhiana,Punjab,2023-05-23,SVWM6177755227439,Active,325.0
MCH9640,Aurora And Sons,4131,Travel,Sole Proprietor,Lucknow,Uttar Pradesh,2023-09-09,6211538586,Active,1623.21
MCH9679,Raman Ltd,,Hotel & Lodging,Sole Proprietor,Delhi,Delhi,2024-09-07,PIVF1729636161305,Inactive,310.73
MCH7519,"Sarkar, Garg And Kumar",4131,Transportation,Partnership,Lucknow,Uttar Pradesh,2025-06-01,6307100507,Inactive,771.94
MCH7061,Grover And Sons,7011,Hotel & Lodging,Individual,Jaipur,Rajasthan,2023-06-12,,Active,462.72
MCH3916,"Parmer, Chakrabarti And Sibal",4131,Transportation,Individual,Jaipur,Rajasthan,2025-01-03,XXXX6443,Active,794.0
MCH5043,"Chakraborty, Gour And Kothari",4131,Travel,Private Limited,Kolkata,West Bengal,2025-03-17,ROSR2212738533894,Inactive,614.63
MCH1343,"Madan,Trivediandganguly",5411,Apparel & Fashion,Individual,Bengaluru,Karnataka,2025-10-15,QSCH7195613672769,Active,1927.76
MCH6666,Baral Inc,5699,Apparel & Fashion,Individual,Bengaluru,Karnataka,2025-12-22,DXHD9016941179950,Active,381.87
MCH2997,Karan Inc,7011,Hotel & Lodging,Private Limited,Lucknow,Uttar Pradesh,2023-10-16,1402967436,Active,1286.53
MCH1257,Varma-Maharaj,5942,Books & Stationery,Sole Proprietor,Kolkata,West Bengal,2023-04-15,VIAW9051693811302,Active,3059.27
MCH8719,Kala Llc,5311,Department Store,Individual,Kolkata,West Bengal,2025-10-25,,Active,2779.32
MCH3086,Pant Inc,5812,Restaurants & Food,Private Limited,Chennai,Tamil Nadu,2023-10-13,XXXX6152,Active,287.52
MCH1642,Zacharia-Dhawan,5411,Grocery,Partnership,Kolkata,West Bengal,2023-01-02,XXXX3812,Active,363.0
MCH4094,Jani-Mistry,5311,Department Store,Partnership,Amritsar,Punjab,2024-06-05,,Active,5482.47
MCH5416,Upadhyay Llc,5942,Books & Stationery,Individual,Chennai,Tamil Nadu,2024-07-24,XXXX2133,Active,
MCH5618,Biswas And Sons,5912,Pharmacy,Partnership,Delhi,Delhi,2024-04-03,XXXX7039,Active,833.5
MCH2765,"Sant, Natt And Sawhney",7011,Hotel & Lodging,Private Limited,Kolkata,West Bengal,2023-04-04,XXXX8678,Inactive,1191.66
MCH3554,"Chowdhury, Mann And Mitter",4131,Transportation,Individual,Jalandhar,Punjab,2025-04-27,XXXX2146,Active,893.92
MCH8718,Chaudhari-Bhalla,5812,Restaurants & Food,Individual,Pune,Maharashtra,2024-07-23,,Active,
MCH5683,Subramanian Group,5311,Department Store,Private Limited,Lucknow,Uttar Pradesh,2024-10-24,XUFZ9750077803623,Suspended,774.44
MCH9786,"Pai, Thakkar And Krish",5311,Department Store,Private Limited,Hyderabad,Telangana,,,Active,1876.06
MCH3011,"Ahluwalia, Contractor And Comar",5311,Department Store,Sole Proprietor,Delhi,Delhi,2023-11-30,XXXX1217,Inactive,2626.62
MCH3508,Prabhu And Sons,4131,Travel,Private Limited,Delhi,Delhi,2024-07-26,,Active,1850.0
MCH5805,Natarajan-Walla,4131,Transportation,Partnership,Ludhiana,Punjab,2025-06-03,XXXX1704,Active,449.15
MCH3689,"Palla, Gara And Malhotra",5942,Books & Stationery,Partnership,Bengaluru,Karnataka,2025-02-04,JSVI9099789537273,Inactive,1319.27
MCH1755,Kulkarni And Sons,4814,Telecom,Individual,Mumbai,Maharashtra,2025-12-29,9887027328,Active,
MCH1277,Bhatnagar-Borah,5812,Restaurants & Food,Individual,Kolkata,West Bengal,,4086473586,Active,3540.87
MCH9696,D’Alia-Bhardwaj,5999,Miscellaneous,Private Limited,Lucknow,Uttar Pradesh,2024-02-17,XXXX0392,Active,3568.12
MCH2166,Sant-Venkatesh,5912,Pharmacy,Individual,Amritsar,Punjab,2024-09-20,9608426270,Active,789.14
MCH4165,"Dhar,Pallaandkorpal",4814,Telecom,Private Limited,Pune,Maharashtra,2024-05-29,EWYW3013882760872,On Hold,
MCH2938,"Babu, Lata And Zacharia",5411,Grocery,Private Limited,Pune,Maharashtra,2024-09-06,ZZOP9174222804228,Active,823.9
MCH6982,"Baral, Ramachandran And Keer",5942,Books & Stationery,Partnership,Lucknow,Uttar Pradesh,2025-09-13,IVWY4612352669313,On Hold,5234.31
MCH2220,Tailor And Sons,5311,Department Store,Sole Proprietor,Mumbai,Maharashtra,2025-06-23,,Active,940.64
MCH1885,Mahal Ltd,5999,Miscellaneous,Private Limited,Hyderabad,Telangana,2025-11-07,,Active,618.0
MCH7904,Kapadia-Pandya,5942,Books & Stationery,Partnership,Chennai,Tamil Nadu,2023-09-20,XXXX8842,Active,6260.03
MCH2211,Krishnan-Sibal,5942,Books & Stationery,Individual,Bengaluru,Karnataka,2023-05-28,,Active,1189.37
MCH6765,Sengupta-Keer,5912,Pharmacy,Individual,Delhi,Delhi,2025-11-17,XXXX7076,Active,1250.47
MCH7442,Thakur-Rana,5999,Miscellaneous,Partnership,Kolkata,West Bengal,2026-01-17,,Active,
MCH6566,"Purohit, Chacko And Kadakia",4814,Telecom,Private Limited,Chennai,Tamil Nadu,2024-03-10,YAOU8203503390794,Inactive,1923.82
MCH7728,"Banerjee, Iyengar And Ganguly",7011,Hotel & Lodging,Individual,Jaipur,Rajasthan,2024-11-10,XXXX5198,Active,750.16
MCH3029,Sarma Plc,4131,Transportation,Sole Proprietor,Mumbai,Maharashtra,2024-06-15,1403660080,Active,163.28
MCH3656,Kurian-Chad,,Restaurants & Food,Individual,Kolkata,West Bengal,2024-12-18,,Active,
MCH9393,Vala-Bahri,4814,Telecom,Sole Proprietor,Kolkata,West Bengal,2024-06-09,KRHX3053527242378,Suspended,1926.43
MCH1948,Prabhakar-Kari,5699,Apparel & Fashion,Sole Proprietor,Mumbai,Maharashtra,2025-11-21,,Active,
MCH2964,"Nanda, Comar And Sachdev",4131,Restaurants & Food,Sole Proprietor,Delhi,Delhi,2023-03-05,,Inactive,1238.67
MCH9883,Modi Plc,5411,Grocery,Sole Proprietor,Delhi,Delhi,2024-08-25,XXXX9460,Active,492.1
MCH8968,"Majumdar, Setty And Sahni",5812,Restaurants & Food,Private Limited,Amritsar,Punjab,2026-02-23,,Inactive,477.9
MCH6410,Dua-Kara,5699,Apparel & Fashion,Individual,Delhi,Delhi,,,Active,1003.3
MCH7844,Singh-Mane,5812,Grocery,Sole Proprietor,Ludhiana,Punjab,2024-10-31,,Active,1309.0
MCH1424,"Goel, Balay And Dua",7011,Hotel & Lodging,Private Limited,Jalandhar,Punjab,2025-10-19,,Active,5339.46
MCH1101,"Deo, Gill And Dhaliwal",5812,Restaurants & Food,Private Limited,Delhi,Delhi,2023-05-26,,Active,1076.28
MCH2257,Mandal-Sankaran,5311,Department Store,Individual,Mumbai,Maharashtra,2024-04-18,,Active,4831.04
MCH9335,"Sarraf, Wable And Deshmukh",5912,Medical,Individual,Amritsar,Punjab,2023-05-03,,Active,399.0
MCH3487,Subramanian Inc,5812,Restaurants & Food,Individual,Pune,Maharashtra,2025-07-26,,Active,1612.87
MCH6224,"Khatri, Swaminathan And Loke",4131,Transportation,Sole Proprietor,Amritsar,Punjab,2024-12-02,CTJV7649423556703,Active,561.32
MCH3071,Misra-Padmanabhan,5812,Restaurants & Food,Sole Proprietor,Ludhiana,Punjab,2024-07-24,IJYT4830685989652,Active,
MCH5426,"Dora, Sehgal And Choudhury",4131,Transportation,Individual,Delhi,Delhi,2025-11-14,6432706759,Active,598.49
MCH8736,Dora-Sachar,5311,Department Store,Private Limited,Mumbai,Maharashtra,2024-10-11,XXXX8019,Active,2228.33
MCH4443,Sachar-Banik,5942,Books & Stationery,Partnership,Jaipur,Rajasthan,2024-06-12,BADT3910512012474,Active,2375.86
MCH1585,Khalsa-Kulkarni,5311,Department Store,Partnership,Delhi,Delhi,2023-05-22,XXXX6587,Active,3398.13
MCH4781,"Mohan, Sharaf And Narula",,Retail,Sole Proprietor,Delhi,Delhi,2024-01-08,3603337866,Active,482.6
MCH8632,"Koshy, Suri And Dey",5812,Restaurants & Food,Individual,Delhi,Delhi,2025-11-14,BRHB3883781562442,Active,3705.21
MCH4093,Krishnamurthy Plc,7011,Hotel & Lodging,Private Limited,Lucknow,Uttar Pradesh,2024-03-15,XXXX5675,Inactive,1291.9
MCH7773,Goel-Srivastava,5999,Miscellaneous,Individual,Jaipur,Rajasthan,2024-07-18,XXXX1201,Suspended,
MCH4911,"Nigam, Mahajan And Misra",5411,Grocery,Individual,Bengaluru,Karnataka,2025-06-14,,Active,689.3
MCH3640,Parikh-Raghavan,7011,Hotel & Lodging,Sole Proprietor,Hyderabad,Telangana,2023-04-11,58678829,Active,400.1
MCH4037,Chaudhuri Llc,5311,Department Store,Individual,Hyderabad,Telangana,2024-11-23,677487191,Active,
MCH1483,Mohan-Kari,5942,Books & Stationery,Private Limited,Amritsar,Punjab,2026-11-02,XXXX3338,Active,1901.08
MCH7023,Walla-Raj,5311,Department Store,Individual,Delhi,Delhi,2023-03-16,,Active,1307.24
MCH4897,Bedi-Mitra,,Medical,Individual,Lucknow,Uttar Pradesh,,,Inactive,
MCH7723,"Pandya, Barman And Biswas",5699,Apparel & Fashion,Private Limited,Ludhiana,Punjab,2025-01-06,MLMI7440738115367,Active,3268.86
MCH7310,Mander Group,5699,Apparel & Fashion,Partnership,Lucknow,Uttar Pradesh,2025-09-08,WNOZ8918272123966,Inactive,1987.96
MCH7007,Sastry-Soni,7011,Hotel & Lodging,Sole Proprietor,Chennai,Tamil Nadu,2024-11-01,XXXX4092,Inactive,
MCH5583,"Sama, Thaman And Bakshi",4814,Telecom,Individual,Pune,Maharashtra,2023-07-21,XXXX8722,Active,2696.94
MCH1297,Luthra And Sons,5411,Grocery,Private Limited,Delhi,Delhi,2023-06-12,5942366474,Active,381.86
MCH2648,Batta Llc,5999,Miscellaneous,Partnership,Jaipur,Rajasthan,2024-10-10,,Suspended,416.94
MCH2923,Virk Group,4814,Telecom,Individual,Jalandhar,Punjab,,,Active,681.07
MCH2765,Mukhopadhyay Inc,5311,Department Store,Sole Proprietor,Lucknow,Uttar Pradesh,2024-11-19,XXXX9677,Active,3568.4
MCH5717,"Kuruvilla, Deol And Rama",5942,Books & Stationery,Sole Proprietor,Jaipur,Rajasthan,2023-05-16,,Active,8901.44
MCH7313,Comar-Din,4814,Telecom,Private Limited,Mumbai,Maharashtra,2026-01-18,8645351517,Active,1884.45
MCH7010,Kuruvilla-Shanker,5411,Grocery,Sole Proprietor,Delhi,Delhi,2023-07-22,,Suspended,524.4
MCH8679,Mangal-Gole,5942,Books & Stationery,Private Limited,Jaipur,Rajasthan,2023-11-01,4734640473,Active,971.58
MCH3556,"Sant, 0Ak And Jani",4814,Telecom,Private Limited,Kolkata,West Bengal,2024-03-29,,Active,
MCH6313,Ramanathan Plc,,Grocery,Sole Proprietor,Mumbai,Maharashtra,,THOM0066375833437,Active,3430.73
MCH5343,Sangha-Pillay,5411,Grocery,Individual,Lucknow,Uttar Pradesh,,4912596257,Inactive,1724.67
MCH4064,"Sidhu, Kunda And Hayre",7011,Hotel & Lodging,Individual,Pune,Maharashtra,2025-02-05,XXXX9354,Active,1462.39
MCH5167,Bose And Sons,5942,Books & Stationery,Private Limited,Jalandhar,Punjab,2025-08-20,,Inactive,1269.25
MCH8005,"Kumar, Ahluwalia And Thaman",4131,Transportation,Sole Proprietor,Bengaluru,Karnataka,2025-06-30,,Active,
MCH2224,Luthra-Nagy,5411,Books & Stationery,Individual,Jaipur,Rajasthan,2025-10-23,HRLX9724386565153,Inactive,890.7
MCH6079,"Seshadri, Muni And Banik",7011,Hotel & Lodging,Individual,Kolkata,West Bengal,2026-02-24,,Active,434.97
MCH2232,Borde-Sule,5311,Department Store,Partnership,Hyderabad,Telangana,2025-02-24,9040784909,Active,642.26
MCH6172,Raja Inc,5812,Restaurants & Food,Sole Proprietor,Hyderabad,Telangana,2024-11-09,,Active,1050.0
MCH9348,"Toor, Parekh And Agate",5942,Books & Stationery,Private Limited,Amritsar,Punjab,2025-03-30,HCSS6943242832650,Active,4472.44
MCH4416,Raju And S0Ns,5999,Miscellaneous,Individual,Bengaluru,Karnataka,2025-10-04,6909361511,Suspended,3955.0
MCH3275,Sridhar And Sons,5699,Apparel & Fashion,Partnership,Delhi,Delhi,2024-04-15,,On Hold,
MCH5607,Ba1A And S0Ns,5942,Transportation,Individual,Delhi,Delhi,2023-07-24,,Active,2712.11
MCH6097,Mannan Plc,5812,Restaurants & Food,Partnership,Lucknow,Uttar Pradesh,2025-02-13,XXXX8307,Active,258.41
MCH9310,Ganguly-Tella,7011,Hotel & Lodging,Individual,Pune,Maharashtra,2024-03-29,XXXX9831,Active,
MCH9943,Mukhopadhyay-Kale,5699,Apparel & Fashion,Private Limited,Amritsar,Punjab,2025-11-30,HLRA9462438432419,Active,2114.46
MCH6645,Kalla Ltd,,Apparel & Fashion,Partnership,Amritsar,Punjab,2023-01-29,CBQP9610741406951,Active,329.87
MCH4406,"Chand, Ahuja And Behl",7011,Hotel & Lodging,Private Limited,Pune,Maharashtra,2023-06-09,,Active,3629.0
MCH4792,Agrawal-Prabhu,5812,Restaurants & Food,Sole Proprietor,Chennai,Tamil Nadu,2025-11-02,,Inactive,1844.0
MCH1064,Mishra-Badami,5942,Books & Stationery,Sole Proprietor,Lucknow,Uttar Pradesh,2025-03-12,,Active,2393.66
MCH2679,"Barman, Bains And Shan",5912,Pharmacy,Private Limited,Mumbai,Maharashtra,2024-12-25,2613968880,Active,1334.82
MCH2118,Kakar Group,5812,Restaurants & Food,Sole Proprietor,Delhi,Delhi,2023-07-08,,Active,683.0
MCH5505,Wagle Ltd,4131,Transportation,Partnership,Lucknow,Uttar Pradesh,2025-01-06,,Inactive,318.93
MCH9452,Kapoor-Kara,5999,Miscellaneous,Private Limited,Kolkata,West Bengal,,TTFV4828934746515,Inactive,
MCH8873,"Pathak, Bath And Kant",4131,Transportation,Partnership,Pune,Maharashtra,2025-06-11,,Active,2212.3
MCH4606,Vyas-Mukhopadhyay,7011,Hotel & Lodging,Private Limited,Hyderabad,Telangana,2025-09-29,XXXX6697,Active,745.57
MCH8276,"Kakar, Handa And Sachdeva",5812,Restaurants & Food,Sole Proprietor,Mumbai,Maharashtra,2025-09-23,XXXX1898,Active,2410.37
MCH6608,"Puri, Dar And Mann",,Grocery,Private Limited,Delhi,Delhi,2024-02-10,,Active,
MCH7605,Kakar-Dhi110N,5311,Retail,Private Limited,Bengaluru,Karnataka,2025-07-21,XXXX1255,Inactive,1126.42
MCH8480,Doshi-Sarin,4131,Transportation,Individual,Pune,Maharashtra,2023-07-02,,Active,
MCH8876,Rai Llc,4131,Travel,Sole Proprietor,Mumbai,Maharashtra,2025-02-17,MDBH5898755219705,Active,1825.17
MCH5845,Kara Group,5999,Miscellaneous,Private Limited,Amritsar,Punjab,2023-12-31,XXXX0508,Active,1557.96
MCH5482,"Baral, Tak And Rajan",5812,Restaurants & Food,Individual,Kolkata,West Bengal,2025-06-23,XXXX1905,Inactive,710.53
MCH4640,Choudhary-Joshi,5699,Apparel & Fashion,Partnership,Jaipur,Rajasthan,,GOPL6469934819715,Active,857.62
MCH3811,"Bhat, Anand And Bakshi",,Hotel & Lodging,Individual,Bengaluru,Karnataka,,4680162216,Active,563.14
MCH3254,"Chanda, Maharaj And Chandra",4131,Transportation,Partnership,Hyderabad,Telangana,2025-11-03,TXWB1746078464859,Active,1842.04
MCH6228,"Kar, Agarwal And Karpe",5812,Restaurants & Food,Private Limited,Bengaluru,Karnataka,2024-08-05,,Suspended,1145.75
MCH9008,"Gour, Amble And Bakshi",5411,Grocery,Sole Proprietor,Amritsar,Punjab,2024-12-18,NUSH9143769186873,Active,1167.35
MCH1532,Sarna-Kota,5999,Miscellaneous,Private Limited,Delhi,Delhi,2024-10-21,,Active,4843.68
MCH2696,"Dave, Chaudhari And Bhatti",5411,Grocery,Individual,Delhi,Delhi,2024-11-25,XXXX0248,Suspended,
MCH7627,Maharaj-Narain,5311,Department Store,Individual,Lucknow,Uttar Pradesh,2023-03-26,YXZM1071683755810,Active,508.95
MCH7830,Hegde Ltd,,Transportation,Sole Proprietor,Bengaluru,Karnataka,,,Active,
MCH9021,Dubey Plc,4814,Telecom,Private Limited,Jaipur,Rajasthan,2023-03-10,DCIU7751773884205,Inactive,214.99
MCH2813,"Panchal, Pradhan And Bora",5812,Restaurants & Food,Individual,Jalandhar,Punjab,2026-01-05,,Active,
MCH7709,"Jani, Sidhu And Tripathi",4131,Transportation,Partnership,Jaipur,Rajasthan,2025-06-05,KEWA6292181807133,Active,451.31
MCH6104,Keer-Gade,5311,Department Store,Individual,Kolkata,West Bengal,2023-01-01,DQNV8530720672123,Inactive,935.82
MCH8316,Nagi Plc,5812,Restaurants & Food,Private Limited,Chennai,Tamil Nadu,2023-09-23,XXXX1199,Active,1504.17
MCH6660,Biswas Group,4131,Transportation,Sole Proprietor,Chennai,Tamil Nadu,2025-03-18,,Active,204.05
MCH1177,"Mistry, Savant And Jha",4131,Transportation,Sole Proprietor,Amritsar,Punjab,2025-08-29,,Active,1663.99
MCH9205,Lala Ltd,4131,Transportation,Private Limited,Kolkata,West Bengal,2024-11-26,XXXX6473,Suspended,569.25
MCH7733,Bora Inc,,Telecom,Private Limited,Lucknow,Uttar Pradesh,2024-01-22,XXXX3762,Active,5028.38
MCH9140,Dugar-Uppal,5411,Grocery,Partnership,Jaipur,Rajasthan,2024-12-06,,Active,1470.42
MCH2398,Kapur-Dani,5311,Department Store,Individual,Chennai,Tamil Nadu,2023-09-15,IWCQ2998069556193,Active,711.05
MCH5141,Gera-Kashyap,4814,Telecom,Partnership,Ludhiana,Punjab,2024-08-01,,Active,2000.07
MCH9126,Anne-Chahal,5411,Grocery,Partnership,Hyderabad,Telangana,2023-03-05,,Active,
MCH1583,Sarin-More,5812,Restaurants & Food,Private Limited,Amritsar,Punjab,2023-10-05,1923155303,Active,1435.48
MCH2283,"Dhawan, Pa11A And Krishnan",7011,Hotel & Lodging,Partnership,Hyderabad,Telangana,,2734680306,Active,954.74
MCH5646,Luthra Plc,5942,Books & Stationery,Sole Proprietor,Chennai,Tamil Nadu,2024-04-06,,Active,2198.41
MCH1269,Shukla Plc,5699,Apparel & Fashion,Individual,Hyderabad,Telangana,2025-03-03,,Active,1758.28
MCH4881,"Wadhwa, Morar And Kara",5912,Pharmacy,Sole Proprietor,Jalandhar,Punjab,2023-08-26,XXXX1836,Active,367.72
MCH6492,Peri Llc,5912,Pharmacy,Individual,Mumbai,Maharashtra,2025-08-20,,Active,3574.25
MCH6422,"Bhatnagar, Bora And Venkataraman",5912,Pharmacy,Sole Proprietor,Pune,Maharashtra,2025-05-11,,Active,1587.75
MCH1210,"Dua, Buch And Kaul",,Books & Stationery,Private Limited,Mumbai,Maharashtra,,9379400368,Suspended,1903.0
MCH8801,Bedi Inc,5912,Pharmacy,Sole Proprietor,Lucknow,Uttar Pradesh,2024-08-11,XXXX1264,Active,3479.49
MCH5715,"Bansal,Aryaandbhat",5912,Pharmacy,Private Limited,Bengaluru,Karnataka,2025-01-20,,Active,1290.0
MCH7429,"Sandal, Raja And Gopal",7011,Hotel & Lodging,Sole Proprietor,Bengaluru,Karnataka,2023-12-15,,Active,1419.21
MCH3596,Choudhry Ltd,4131,Transportation,Private Limited,Lucknow,Uttar Pradesh,2024-11-11,NDFD6315987877623,Active,311.69
MCH2884,Malhotra-Sarin,5942,Books & Stationery,Sole Proprietor,Pune,Maharashtra,2025-02-27,,Active,683.54
MCH1098,"Raval, Yadav And Yogi",7011,Hotel & Lodging,Private Limited,Jaipur,Rajasthan,2023-12-01,XXXX3614,Active,181.0
MCH1118,"Basak, Pillai And Arora",5999,Miscellaneous,Private Limited,Chennai,Tamil Nadu,2026-06-01,,Active,3933.25
MCH2267,Bobal And Sons,7011,Hotel & Lodging,Partnership,Delhi,Delhi,2023-01-03,NKYD4958921832559,Active,2114.71
MCH2727,Ahluwalia And Sons,5942,Books & Stationery,Partnership,Bengaluru,Karnataka,2023-07-24,FLWS4381228751020,Active,133.58
MCH3308,"Dhawan, Ranganathan And Luthra",5699,Apparel & Fashion,Partnership,Amritsar,Punjab,2026-01-09,XXXX7835,Inactive,2438.38
MCH6560,"Pandit, Jayaraman And Chokshi",4814,Telecom,Individual,Hyderabad,Telangana,2023-05-29,3945566171,Active,11930.97
MCH9400,"Dara, Desai And Sethi",5999,Miscellaneous,Partnership,Mumbai,Maharashtra,2025-08-23,,Active,2120.88
MCH7675,Suresh-Tandon,4131,Transportation,Partnership,Pune,Maharashtra,2025-01-24,,Active,1022.55
MCH5328,Kaur Group,5699,Apparel & Fashion,Partnership,Lucknow,Uttar Pradesh,2025-04-07,,Active,1594.0
MCH1449,"Chadha, Ramakrishnan And Badami",7011,Hotel & Lodging,Partnership,Hyderabad,Telangana,2023-09-28,,Suspended,1634.83
MCH9277,Pa1-R0Ut,5942,Books & Stationery,Individual,Amritsar,Punjab,2026-02-10,,Active,963.33
MCH5210,"Gill, Acharya And Naidu",5912,Pharmacy,Partnership,Amritsar,Punjab,2024-12-10,1435006704,Suspended,1319.3
MCH1434,Kale And Sons,5812,Restaurants & Food,Private Limited,Jalandhar,Punjab,2023-04-25,258989067,Active,985.73
MCH7184,Dara Inc,4131,Grocery,Sole Proprietor,Mumbai,Maharashtra,2023-08-31,,Active,1095.25
MCH5684,Arora Plc,5699,Apparel & Fashion,Sole Proprietor,Kolkata,West Bengal,2023-11-15,XXXX4030,Active,898.89
MCH8650,Konda Ltd,5999,Miscellaneous,Sole Proprietor,Ludhiana,Punjab,2024-05-27,XXXX1884,Active,578.35
MCH2274,"Kunda, Vig And Parsa",5999,Miscellaneous,Sole Proprietor,Mumbai,Maharashtra,2023-06-06,XXXX2871,Active,3028.0
MCH9413,Kala-Sarkar,5912,Pharmacy,Sole Proprietor,Hyderabad,Telangana,2023-10-25,XXXX4409,Active,869.76
MCH9516,"Sule, Borra And Rattan",5812,Restaurants & Food,Partnership,Amritsar,Punjab,2023-01-19,,Active,
MCH3659,Kashyap Llc,4131,Transportation,Partnership,Pune,Maharashtra,2025-07-06,,Active,403.54
MCH8370,"Ramaswamy, Dugal And Upadhyay",4131,Transportation,Sole Proprietor,Delhi,Delhi,,XXXX7519,Active,538.41
MCH9807,Pillay-Sule,5912,Pharmacy,Partnership,Ludhiana,Punjab,2024-09-17,,Active,3555.86
MCH6983,Barman-Chand,5311,Department Store,Partnership,Delhi,Delhi,2024-10-07,,Active,3713.18
MCH4094,Thakur-Shah,5311,Department Store,Individual,Chennai,Tamil Nadu,2024-12-25,8582719146,Active,1848.8
MCH2416,"Gokhale, Dua And Murty",5411,Grocery,Sole Proprietor,Delhi,Delhi,2024-09-15,489469400,Active,4341.41
MCH1838,Manda-Deshpande,5942,Books & Stationery,Partnership,Jalandhar,Punjab,2025-09-04,XYTA4197098019941,Active,2224.32
MCH9946,Koshy Group,5812,Books & Stationery,Private Limited,Hyderabad,Telangana,,XXXX9561,Suspended,1728.0
MCH5274,"Nair, Dave And Hayre",4131,Travel,Individual,Bengaluru,Karnataka,2023-04-08,AJZR1927630901873,Active,598.65
MCH3399,Muni And Sons,5699,Apparel & Fashion,Private Limited,Amritsar,Punjab,2024-07-04,2117257070,Active,
MCH5823,Garde Llc,5311,Department Store,Sole Proprietor,Bengaluru,Karnataka,2023-03-15,XXXX1484,Inactive,1075.77
MCH9130,Chhabra Llc,5812,Restaurants & Food,Private Limited,Jalandhar,Punjab,2024-12-09,,Active,1786.29
MCH3553,"Goda, Padmanabhan And Goswami",4131,Transportation,Individual,Jaipur,Rajasthan,,,On Hold,1035.0
MCH2610,"Dhar, Mahajan And Sarkar",5912,Pharmacy,Private Limited,Delhi,Delhi,2025-08-09,GLOR5725383010765,Active,
MCH6392,Nazareth Plc,7011,Hotel & Lodging,Individual,Hyderabad,Telangana,2023-05-06,2855125611,Active,3645.82
MCH6862,Misra-Dada,4814,Telecom,Private Limited,Kolkata,West Bengal,2025-08-12,XXXX0069,Active,736.0
MCH2564,Bumb And Sons,7011,Hotel & Lodging,Private Limited,Hyderabad,Telangana,2025-04-18,XXXX0675,Active,1155.71
MCH7040,Bhasin-Lala,5942,Books & Stationery,Individual,Mumbai,Maharashtra,2025-10-11,FTZP5237157996499,Suspended,2406.66
MCH3760,Das-Ahuja,5812,Restaurants & Food,Sole Proprietor,Lucknow,Uttar Pradesh,2023-01-13,QOFI2681256583657,Active,755.0
MCH3700,"Sinha, Purohit And Shetty",5912,Pharmacy,Individual,Bengaluru,Karnataka,2025-04-01,2727095091,Inactive,1238.03
MCH2232,Saha Plc,7011,Hotel & Lodging,Partnership,Delhi,Delhi,2023-09-28,8260481168,Inactive,1033.0
MCH7422,Divan-Vaidya,5942,Books & Stationery,Individual,Jaipur,Rajasthan,2024-07-26,7661131218,Suspended,170.31
MCH2849,Gokhale-Iyengar,4814,Telecom,Partnership,Jalandhar,Punjab,,8509639866,Active,1215.62
MCH3572,Kohli Plc,,Travel,Sole Proprietor,Delhi,Delhi,2025-11-20,XXXX5864,Active,
MCH9001,Sangha-Ravi,5912,Pharmacy,Individual,Bengaluru,Karnataka,2024-10-17,,Active,242.09
MCH7473,"Goswami, Narang And Chaudhari",5411,Grocery,Partnership,Hyderabad,Telangana,,,Active,1709.42
MCH8358,Tripathi-Borah,5912,Pharmacy,Private Limited,Kolkata,West Bengal,2025-06-12,BKSI3267781366733,Active,1758.66
MCH7463,Chaudry-Natarajan,5912,Medical,Partnership,Chennai,Tamil Nadu,2025-07-05,VIFS4477584866493,Active,
MCH8910,Varkey Group,5912,Pharmacy,Individual,Ludhiana,Punjab,2025-02-07,XXXX9985,Active,9929.86
MCH2879,"Sidhu, Kumer And Venkatesh",4131,Transportation,Partnership,Bengaluru,Karnataka,2024-02-14,,Active,1726.8
MCH3416,"Rau, Baral And Karan",4814,Telecom,Private Limited,Ludhiana,Punjab,2024-02-02,,Active,894.0
MCH3600,Bhat-Naik,5999,Miscellaneous,Private Limited,Amritsar,Punjab,,307550331,Active,3889.22
MCH3571,"Aurora, Kamdar And Vasa",5411,Grocery,Private Limited,Lucknow,Uttar Pradesh,2023-02-03,,Active,583.65
MCH1552,Uppal Plc,4131,Transportation,Sole Proprietor,Hyderabad,Telangana,,,Active,1136.0
MCH9311,"Dyal, Mohan And Patla",5942,Books & Stationery,Sole Proprietor,Bengaluru,Karnataka,2025-02-16,8480146699,Active,1774.56
MCH5822,Gandhi-Krish,5311,Retail,Sole Proprietor,Bengaluru,Karnataka,2023-02-10,7874103727,Active,1268.39
MCH1861,Vora-Balan,5411,Grocery,Sole Proprietor,Pune,Maharashtra,2025-10-17,MBHV3858162453364,Inactive,2646.57
MCH9811,Natarajan-Goswami,5699,Apparel & Fashion,Partnership,Mumbai,Maharashtra,2023-08-24,,Active,5908.31
MCH7226,"Peri, Barad And Panchal",5942,Books & Stationery,Sole Proprietor,Delhi,Delhi,2024-11-30,VDWB1270434840968,Active,4237.0
MCH9245,Zachariah-Suri,5311,Retail,Individual,Jalandhar,Punjab,2023-05-03,ZBKQ5898737738506,Active,328.18
MCH1219,Srinivas-Bobal,5912,Pharmacy,Sole Proprietor,Chennai,Tamil Nadu,2023-08-27,,Active,2814.27
MCH3488,Sarna-Ramaswamy,5699,Apparel & Fashion,Private Limited,Kolkata,West Bengal,2025-12-10,XXXX7182,Active,1118.6
MCH1040,Krishnan And S0Ns,5411,Grocery,Sole Proprietor,Jalandhar,Punjab,2023-01-06,5805252531,Active,1030.03
MCH9140,Raghavan-Batta,4814,Telecom,Individual,Bengaluru,Karnataka,2024-11-04,HHIC1764468874406,Active,755.01
MCH8870,Solanki-Cherian,4131,Transportation,Partnership,Kolkata,West Bengal,2025-07-04,HJDK9008014525015,Active,1597.0
MCH3541,"Srivastava, Tella And Konda",4814,Telecom,Private Limited,Delhi,Delhi,2024-10-31,XXXX6960,Inactive,2341.43
MCH4439,Deshpande Ltd,5812,Restaurants & Food,Partnership,Bengaluru,Karnataka,2025-04-02,XXXX4378,Active,
MCH2767,"Munshi, Kohli And Pai",7011,Apparel & Fashion,Private Limited,Lucknow,Uttar Pradesh,2026-02-28,6694122395,Active,1994.09
MCH8606,Prabhakar Ltd,5942,Books & Stationery,Partnership,Mumbai,Maharashtra,2024-11-25,,Active,602.72
MCH9276,Trivedi-Kunda,5699,Apparel & Fashion,Individual,Delhi,Delhi,2025-12-31,XXXX9182,Active,2310.01
MCH6692,Kamdar Inc,5999,Miscellaneous,Private Limited,Lucknow,Uttar Pradesh,2023-09-02,,Active,116.28
MCH8057,Kalla Group,5912,Medical,Sole Proprietor,Mumbai,Maharashtra,2025-08-29,,Active,437.01
MCH5263,"Narang, Kata And Pillai",5311,Department Store,Private Limited,Ludhiana,Punjab,2024-08-12,,Active,
MCH8893,Anand-Dada,5411,Grocery,Private Limited,Delhi,Delhi,2023-02-15,,Active,598.72
MCH4709,Ramakrishnan-Palla,4814,Telecom,Individual,Bengaluru,Karnataka,2026-02-15,AMXA0608566091033,Active,1190.3
MCH2444,"Sachar, Das And Deo",4131,Transportation,Sole Proprietor,Jalandhar,Punjab,2025-05-12,,Active,563.27
MCH7580,"Setty, Kala And Ramesh",7011,Hotel & Lodging,Partnership,Jaipur,Rajasthan,2025-10-20,,Active,
MCH1087,"Mitter, Sawhney And Luthra",7011,Hotel & Lodging,Partnership,Chennai,Tamil Nadu,2025-04-19,,Suspended,2381.71
MCH4066,Nazareth Group,4131,Books & Stationery,Sole Proprietor,Kolkata,West Bengal,2023-01-28,XMZT2343976498711,Active,
MCH8169,"Kapur, Prashad And Srinivasan",5999,Miscellaneous,Individual,Jaipur,Rajasthan,2024-03-11,XXXX1277,Active,1294.0
MCH9022,"Kunda,Dugarandkari",5699,Apparel & Fashion,Individual,Amritsar,Punjab,2026-01-24,,Active,1439.0
MCH3287,"Dave, Ganesan And Biswas",5311,Retail,Individual,Bengaluru,Karnataka,,7925995111,Active,1007.0
MCH2522,Savant-Sangha,5311,Retail,Partnership,Mumbai,Maharashtra,2024-03-01,1167145374,Active,702.03
MCH4362,Sura Llc,7011,Hotel & Lodging,Individual,Jaipur,Rajasthan,2023-04-23,2143307806,Suspended,218.0
MCH9060,"Ramaswamy, Singhal And Deep",5999,Miscellaneous,Individual,Mumbai,Maharashtra,2023-01-01,,Active,1011.0
MCH5890,Apte-Sant,5311,Department Store,Partnership,Amritsar,Punjab,2026-01-27,BNKX3894227656030,Inactive,2687.77
MCH1327,Gandhiplc,5699,Apparel & Fashion,Sole Proprietor,Lucknow,Uttar Pradesh,2023-11-02,XXXX1458,Active,902.09
MCH8636,Ghosh-Dash,5942,Books & Stationery,Partnership,Amritsar,Punjab,2023-09-06,8172688665,Active,3699.41
MCH2676,"Kohli, Biswas And Aggarwal",5912,Pharmacy,Partnership,Pune,Maharashtra,2026-01-30,LQDP7543612313020,Inactive,
MCH6654,Tella Group,5812,Restaurants & Food,Sole Proprietor,Hyderabad,Telangana,,,Active,1438.0
MCH2418,Majumdar-Hegde,5411,Grocery,Partnership,Pune,Maharashtra,2023-06-09,,Active,
MCH4148,"Muni, Chaudhari And De",5999,Miscellaneous,Private Limited,Kolkata,West Bengal,2024-12-20,2868917120,Inactive,2139.38
MCH4285,Bhatnagar-Atwal,5942,Books & Stationery,Partnership,Jalandhar,Punjab,,,Inactive,988.9
MCH7362,"Rege, Thaker And Sinha",5912,Medical,Private Limited,Pune,Maharashtra,2025-01-29,,Active,1915.79
MCH5683,Chauhan-Chakraborty,5912,Medical,Private Limited,Chennai,Tamil Nadu,2025-06-06,8678287299,Active,
MCH7196,Kunda-Bakshi,5311,Retail,Private Limited,Kolkata,West Bengal,2026-02-08,,Suspended,859.44
MCH5040,Nayar-Khatri,4814,Telecom,Individual,Pune,Maharashtra,2025-04-30,,Active,1055.33
MCH5639,"Viswanathan, Gupta And Varghese",7011,Hotel & Lodging,Sole Proprietor,Mumbai,Maharashtra,2023-09-02,,Active,2712.0
MCH7048,Manda Inc,5942,Books & Stationery,Sole Proprietor,Kolkata,West Bengal,2024-02-17,1555117689,Active,776.0
MCH9492,Mitra Gr0Up,5912,Pharmacy,Private Limited,Kolkata,West Bengal,2024-07-13,8155802263,Active,1049.0
MCH7758,"Memon, Agate And Deshpande",5699,Apparel & Fashion,Partnership,Mumbai,Maharashtra,2023-12-27,KYBY5368849904131,Active,362.28
MCH3668,Pandey-Uppal,4131,Transportation,Sole Proprietor,Pune,Maharashtra,2024-09-03,XXXX9816,Active,795.26
MCH8828,Ranganathan And Sons,4131,Travel,Individual,Amritsar,Punjab,2026-01-02,,Active,
MCH6774,Parsa Ltd,5699,Apparel & Fashion,Private Limited,Amritsar,Punjab,2023-01-17,,Active,2007.14
MCH2105,Nagar-Misra,5912,Pharmacy,Private Limited,Jaipur,Rajasthan,2024-03-17,DJMK6141720098442,Active,1101.76
MCH8681,Suri Ltd,5699,Apparel & Fashion,Partnership,Jalandhar,Punjab,2025-07-19,TFNO3503811861510,Active,1034.26
MCH3144,Raval-Korpal,7011,Hotel & Lodging,Partnership,Delhi,Delhi,,,Active,1879.74
MCH7639,Comar Plc,5411,Grocery,Private Limited,Delhi,Delhi,2023-11-29,,Active,2058.56
MCH1446,Sunder-Sathe,5311,Department Store,Sole Proprietor,Chennai,Tamil Nadu,2024-11-18,XXXX0028,Active,3885.08
MCH5749,"Chaudry, Minhas And Chatterjee",5812,Restaurants & Food,Private Limited,Mumbai,Maharashtra,2024-05-09,,Active,1621.0
MCH5812,Aurora And Sons,7011,Hotel & Lodging,Sole Proprietor,Hyderabad,Telangana,2024-03-03,7984668048,Active,410.12
MCH7667,Solanki Llc,4814,Telecom,Sole Proprietor,Lucknow,Uttar Pradesh,2024-06-28,,Active,1620.69
MCH8798,Ch0Wdhury-Su1E,5311,Department Store,Individual,Jalandhar,Punjab,2024-12-28,CPUC4526229447155,Active,207.92
MCH2084,"Murthy, Dutt And Bakshi",4131,Travel,Private Limited,Mumbai,Maharashtra,2024-04-03,,Active,659.75
MCH6583,Raval-Badal,5912,Pharmacy,Individual,Kolkata,West Bengal,2025-11-07,6285750236,Active,2083.0
MCH4463,Bera-Kota,5699,Apparel & Fashion,Partnership,Amritsar,Punjab,2024-08-03,,Suspended,4533.0
MCH4205,Behl-Narula,5311,Department Store,Sole Proprietor,Kolkata,West Bengal,2023-11-27,,Active,4442.0
MCH9856,"Gala, Nadig And Borra",5411,Grocery,Partnership,Lucknow,Uttar Pradesh,2025-10-13,DZVT3507500653540,Active,1744.37
MCH2550,Dhaliwal Llc,4814,Telecom,Individual,Chennai,Tamil Nadu,2024-08-25,,Active,
MCH3122,"Bobal, Ramachandran And Guha",5912,Pharmacy,Sole Proprietor,Kolkata,West Bengal,2025-01-21,FHGU4599451146972,Active,1010.17
MCH6844,"Bedi, Gill And Dube",7011,Hotel & Lodging,Partnership,Kolkata,West Bengal,2025-06-11,MUIE3650763763562,Active,713.58
MCH3221,Baria-Dube,7011,Hotel & Lodging,Sole Proprietor,Kolkata,West Bengal,,CKDG4069954350716,Inactive,338.34
MCH9595,Kapur Inc,5999,Miscellaneous,Private Limited,Chennai,Tamil Nadu,2023-10-26,FKYL3305691122715,Active,
MCH4051,Dixit-Chaudry,,Department Store,Private Limited,Lucknow,Uttar Pradesh,2024-08-17,RUAK0632911011346,Active,
MCH2231,"Goyal, Balakrishnan And Patla",7011,Hotel & Lodging,Private Limited,Bengaluru,Karnataka,2024-11-10,,Inactive,1360.71
MCH4028,Taneja-Bhattacharyya,4131,Transportation,Partnership,Lucknow,Uttar Pradesh,2023-07-14,,Active,2673.0
MCH3139,"Chaudhry, Barman And Choudhury",5942,Books & Stationery,Sole Proprietor,Bengaluru,Karnataka,2024-01-12,5767179524,Active,4138.0
MCH9038,"Dara, Pai And Saxena",,Apparel & Fashion,Sole Proprietor,Ludhiana,Punjab,2024-04-18,739300438,Inactive,2740.86
MCH2172,Pandey Group,5699,Apparel & Fashion,Individual,Amritsar,Punjab,2023-10-03,,Inactive,544.85
MCH6278,"Keer, Sha And Sama",5912,Medical,Partnership,Kolkata,West Bengal,2025-08-23,2867105387,Active,8713.68
MCH1491,Tripathi Ltd,5699,Apparel & Fashion,Private Limited,Kolkata,West Bengal,2024-06-20,XXXX2255,Active,
MCH3021,"Gupta, Mukherjee And Setty",4131,Transportation,Sole Proprietor,Mumbai,Maharashtra,2026-02-14,XXXX2366,Active,614.86
MCH6676,Balakrishnan-Baral,4131,Transportation,Partnership,Chennai,Tamil Nadu,2025-08-02,,Active,1126.87
MCH4277,Khalsa Inc,5311,Department Store,Individual,Amritsar,Punjab,2023-01-31,FHSK9777802879372,Active,1332.99
MCH8210,Bains Group,5912,Medical,Partnership,Delhi,Delhi,2025-05-06,4433554214,Active,2128.0
MCH6158,"Dhingra, Ratti And Palla",4131,Transportation,Sole Proprietor,Amritsar,Punjab,2023-04-26,VDGT0468038681462,Active,1443.6
MCH5669,"Sodhi, Luthra And Batta",5812,Restaurants & Food,Private Limited,Jalandhar,Punjab,2025-10-08,XXXX1040,Active,1557.34
MCH4741,Kara And Sons,,Miscellaneous,Partnership,Jaipur,Rajasthan,2023-02-13,XXXX2970,Active,2009.21
MCH8965,Bajaj Ltd,5942,Books & Stationery,Individual,Chennai,Tamil Nadu,2025-01-30,XXXX4056,Active,326.0
MCH9651,Thakkar-Dass,5311,Department Store,Private Limited,Jalandhar,Punjab,2023-03-28,,Active,2535.0
MCH3251,Balan-Kunda,5411,Grocery,Individual,Ludhiana,Punjab,2024-12-14,,Active,3266.06
MCH4338,Johal-Dara,7011,Hotel & Lodging,Individual,Jaipur,Rajasthan,2025-07-06,XXXX8581,Suspended,3419.42
MCH3938,Acharya Group,7011,Hotel & Lodging,Sole Proprietor,Kolkata,West Bengal,2024-10-17,,Active,2349.37
MCH9223,Ram Llc,5912,Medical,Sole Proprietor,Delhi,Delhi,,,Active,633.68
MCH1922,"Deo, Saraf And Kale",4131,Books & Stationery,Sole Proprietor,Lucknow,Uttar Pradesh,,,Active,2507.85
MCH8819,Acharyainc,5912,Medical,Private Limited,Ludhiana,Punjab,2024-02-27,XXXX4379,Active,2075.22
MCH2106,"Doctor, Karnik And Sridhar",5999,Miscellaneous,Partnership,Bengaluru,Karnataka,2023-08-16,XXXX6082,Inactive,871.69
MCH5493,Kant-Bhandari,7011,Hotel & Lodging,Individual,Chennai,Tamil Nadu,,,Active,2521.07
MCH9745,Ramanathan-Kara,4131,Travel,Sole Proprietor,Chennai,Tamil Nadu,2023-11-27,,Active,
MCH9104,Mannan-Kaul,4131,Transportation,Sole Proprietor,Amritsar,Punjab,2023-08-17,XXXX9446,Active,
MCH5619,"Iyer, Lata And Bhatnagar",4131,Transportation,Partnership,Bengaluru,Karnataka,2025-07-09,XXXX4930,Active,5962.0
MCH7013,"Batra,Narangandgala",5912,Medical,Sole Proprietor,Delhi,Delhi,2025-03-02,XXXX0133,Active,2875.47
MCH3558,Brahmbhatt-Peri,7011,Hotel & Lodging,Sole Proprietor,Pune,Maharashtra,2025-10-14,VGYH0383362932637,Active,
MCH8504,Kohli Plc,5411,Grocery,Sole Proprietor,Chennai,Tamil Nadu,2025-05-05,5858195769,Active,977.26
MCH1959,Khatri-Kumar,5912,Pharmacy,Private Limited,Mumbai,Maharashtra,2025-09-01,VKRC9106963270153,Active,622.0
MCH4838,Srinivasan Ltd,5699,Apparel & Fashion,Partnership,Ludhiana,Punjab,2023-11-05,PWKI0930308328537,Active,193.54
MCH1955,"Srinivas, Khurana And Choudhry",5999,Miscellaneous,Private Limited,Jalandhar,Punjab,2025-01-18,XXXX5304,Active,883.05
MCH7757,"Uppal, Kota And Ramaswamy",4814,Telecom,Individual,Delhi,Delhi,2024-09-02,XXXX2473,Active,669.43
MCH8341,Tara-Ben,5311,Retail,Individual,Kolkata,West Bengal,2023-06-26,,Active,1137.47
MCH3570,Sura-Barman,5999,Miscellaneous,Private Limited,Jalandhar,Punjab,2023-05-22,5640847872,Inactive,1099.0
MCH3771,Bumb Inc,5999,Miscellaneous,Partnership,Lucknow,Uttar Pradesh,2024-06-11,,Active,2602.75
MCH3563,Dhar-Wable,,Restaurants & Food,Sole Proprietor,Chennai,Tamil Nadu,2023-12-25,XXXX0345,Active,748.96
MCH9888,Lalla-Cherian,5411,Grocery,Sole Proprietor,Mumbai,Maharashtra,2023-09-01,,Active,2000.0
MCH2733,Chauhan Ltd,5411,Grocery,Sole Proprietor,Delhi,Delhi,2024-12-27,,Active,872.28
MCH3940,Chad-Dara,,Grocery,Partnership,Chennai,Tamil Nadu,2024-11-09,XXXX0176,Active,
MCH9949,Balan Llc,5411,Grocery,Private Limited,Amritsar,Punjab,2024-06-27,XXXX7461,Active,2493.77
MCH7386,Thaman Group,7011,Hotel & Lodging,Sole Proprietor,Jalandhar,Punjab,,3740809096,Active,3859.08
MCH7074,Yogi Group,5999,Miscellaneous,Individual,Bengaluru,Karnataka,2024-04-19,XXXX7029,Active,3900.0
MCH7934,Srinivasan-Maharaj,5812,Restaurants & Food,Partnership,Chennai,Tamil Nadu,2023-02-23,,Inactive,1154.88
MCH1621,Pandey-Soni,5812,Restaurants & Food,Sole Proprietor,Pune,Maharashtra,2023-11-15,XXXX4420,Inactive,769.0
MCH7900,Basu-Sami,4131,Transportation,Individual,Delhi,Delhi,2025-04-24,CGXR1652716099772,Active,1035.61
MCH6488,"Cheema, Dubey And Kala",5812,Apparel & Fashion,Private Limited,Mumbai,Maharashtra,2024-11-14,,Active,1180.07
MCH6873,Dar And Sons,5311,Department Store,Sole Proprietor,Jalandhar,Punjab,,XXXX7759,Active,75.71
MCH9556,"Hari, Dave And Ahluwalia",4131,Transportation,Sole Proprietor,Chennai,Tamil Nadu,2025-12-06,LIFR2342836809377,Active,4820.97
MCH7249,Prakash Group,5812,Restaurants & Food,Sole Proprietor,Mumbai,Maharashtra,2024-11-30,4410967035,Active,1855.0
MCH8678,Dani-Talwar,7011,Hotel & Lodging,Partnership,Lucknow,Uttar Pradesh,2024-07-07,XXXX8500,Inactive,393.54
MCH9604,Merchant-Johal,5311,Retail,Partnership,Pune,Maharashtra,2024-10-11,2871306703,Active,762.2
MCH5180,Varkey Inc,5699,Apparel & Fashion,Individual,Lucknow,Uttar Pradesh,2025-09-26,XXXX1928,Active,1047.37
MCH1779,"Maharaj, Jaggi And Reddy",7011,Hotel & Lodging,Partnership,Bengaluru,Karnataka,2024-09-02,,Active,1540.91
MCH1259,"Wagle, Verma And Ramanathan",,Medical,Private Limited,Jaipur,Rajasthan,2025-12-08,,Active,548.2
MCH1009,Bha11A-Dave,5812,Transportation,Individual,Mumbai,Maharashtra,2024-08-01,BAVP5007663773178,Active,1496.0
MCH5215,Tank-Golla,5999,Miscellaneous,Individual,Hyderabad,Telangana,2024-06-08,XXXX4115,Active,1953.0
MCH6617,"Aurora, Bhakta And Bawa",5311,Department Store,Private Limited,Pune,Maharashtra,2023-11-30,,Active,324.91
MCH6376,"Buch, Raj And Karan",5699,Apparel & Fashion,Partnership,Hyderabad,Telangana,2024-01-08,IBFA8815501065293,Active,1366.82
MCH8160,Amble And Sons,5699,Apparel & Fashion,Individual,Jaipur,Rajasthan,2023-05-18,XXXX4907,Active,5769.95
MCH1706,Kandaandsons,4814,Telecom,Private Limited,Chennai,Tamil Nadu,2023-08-20,,Active,546.33
MCH8931,"Pau, Chatterjee And Deol",7011,Hotel & Lodging,Partnership,Pune,Maharashtra,2024-03-02,,Active,1739.01
MCH7149,Keer-Dua,4131,Transportation,Private Limited,Delhi,Delhi,2026-02-10,,Active,
MCH8062,Randhawa-Kata,,Miscellaneous,Individual,Mumbai,Maharashtra,2024-03-31,,Active,1473.0
MCH8369,Samra-Radhakrishnan,5699,Apparel & Fashion,Sole Proprietor,Bengaluru,Karnataka,2024-03-18,IECA0291676472161,Active,2175.82
MCH1152,Raman-Choudhury,5411,Grocery,Partnership,Chennai,Tamil Nadu,2025-12-19,XXXX0685,Active,233.0
MCH2422,Sampath-Balasubramanian,7011,Telecom,Private Limited,Bengaluru,Karnataka,2025-06-25,7967511719,Suspended,2352.58
MCH1537,Goswami-Sibal,5812,Restaurants & Food,Partnership,Hyderabad,Telangana,2023-05-04,VFGD4255370364176,Active,360.35
MCH6455,Luthra-Wable,5999,Miscellaneous,Partnership,Mumbai,Maharashtra,2023-09-04,7955476293,Active,1528.51
MCH8980,"Peri, Karpe And Saraf",,Apparel & Fashion,Sole Proprietor,Jalandhar,Punjab,2024-10-24,XXXX9158,Active,277.5
MCH2021,Shenoy-Wable,5912,Pharmacy,Sole Proprietor,Delhi,Delhi,2025-06-05,BNOS2436378037599,Active,2287.51
MCH9550,Chandra-Sangha,5942,Books & Stationery,Sole Proprietor,Hyderabad,Telangana,2025-12-18,,Active,674.9
MCH4716,Goda-Agate,5411,Grocery,Sole Proprietor,Delhi,Delhi,2026-07-01,5226052062,Suspended,1438.61
MCH5224,Prabhakar-Baral,5999,Miscellaneous,Sole Proprietor,Delhi,Delhi,2024-02-06,VAHS1051982392955,Active,873.18
MCH9400,Sachar Plc,5942,Books & Stationery,Sole Proprietor,Kolkata,West Bengal,2023-03-28,,Active,872.66
MCH5883,Pillai Ltd,,Books & Stationery,Partnership,Pune,Maharashtra,2024-10-18,ELEN4323090043469,Active,2102.56
MCH6150,Nagarajan-Peri,4814,Telecom,Sole Proprietor,Delhi,Delhi,2024-04-19,XXXX0784,Active,414.2
MCH9940,Mutti-Chakraborty,,Restaurants & Food,Private Limited,Jaipur,Rajasthan,2024-03-05,,Inactive,1326.53
MCH3291,Sanghvi-Nair,7011,Hotel & Lodging,Private Limited,Bengaluru,Karnataka,2023-09-25,,Active,3917.0
MCH8931,Ramaswamy-Bhasin,5812,Restaurants & Food,Partnership,Hyderabad,Telangana,2024-05-23,,Inactive,1406.0
MCH2738,Grover Plc,4131,Travel,Partnership,Pune,Maharashtra,2025-11-22,,Active,4547.63
MCH3786,Ratta-Bhasin,5999,Miscellaneous,Partnership,Bengaluru,Karnataka,2023-08-22,,Active,1037.97
MCH1756,Vala-Cheema,5311,Retail,Individual,Delhi,Delhi,2023-09-03,XXXX7019,Active,1245.26
MCH9266,"Badami, Pathak And Nanda",5699,Apparel & Fashion,Private Limited,Pune,Maharashtra,2024-09-10,3246654174,Active,157.82
MCH4701,Bhagat And Sons,4131,Transportation,Individual,Hyderabad,Telangana,2025-03-17,FBYF6895567808971,Active,493.82
MCH3530,Dugar Plc,5699,Apparel & Fashion,Individual,Ludhiana,Punjab,2024-10-08,,Active,
MCH3605,Bhasin Ltd,4131,Travel,Partnership,Ludhiana,Punjab,2023-11-15,,Active,1858.98
MCH3661,"Tak, Sandhu And Baria",5311,Department Store,Individual,Bengaluru,Karnataka,2023-04-02,UIJD2569404575285,On Hold,865.02
MCH7845,Bhasin-Dubey,4814,Telecom,Private Limited,Ludhiana,Punjab,2024-08-22,8372327074,Active,994.0
MCH5912,"Raman, Viswanathan And Garg",4814,Telecom,Individual,Bengaluru,Karnataka,2023-12-01,3092091837,Active,4153.0
MCH6168,"Raj, Sharma And Panchal",4131,Transportation,Private Limited,Ludhiana,Punjab,2025-08-19,,Active,1123.84
MCH2430,Balay-Golla,5999,Miscellaneous,Sole Proprietor,Jalandhar,Punjab,2023-01-17,79601658,Inactive,
MCH2912,Natt-Kohli,4131,Grocery,Private Limited,Jalandhar,Punjab,2024-07-09,XXXX0399,Inactive,1895.43
MCH5629,Barman Ltd,4131,Transportation,Partnership,Delhi,Delhi,2024-10-16,,Active,1135.33
MCH4682,Dora-Chander,4814,Telecom,Individual,Mumbai,Maharashtra,2023-03-08,,Active,1036.09
MCH8080,"Koshy, Das And Handa",5311,Department Store,Partnership,Amritsar,Punjab,2023-10-07,,Active,3825.94
MCH5448,"Bala, Sha And Bera",5311,Department Store,Private Limited,Bengaluru,Karnataka,2025-12-08,,Active,523.59
MCH8132,Sami-Balay,5699,Apparel & Fashion,Private Limited,Bengaluru,Karnataka,2025-08-20,XXXX7576,Active,4139.52
MCH1229,Hayre Inc,,Miscellaneous,Sole Proprietor,Kolkata,West Bengal,2023-08-14,,Active,527.5
MCH8380,Chaudhari-Behl,7011,Hotel & Lodging,Partnership,Mumbai,Maharashtra,2024-05-18,XXXX2808,Active,780.2
MCH3294,"Murty, Vala And Pall",4131,Transportation,Individual,Ludhiana,Punjab,2024-12-10,7450449470,Active,822.03
MCH2185,Wagle Inc,,Medical,Private Limited,Pune,Maharashtra,,XXXX8242,Suspended,828.0
MCH8279,Lala Plc,5411,Grocery,Sole Proprietor,Chennai,Tamil Nadu,,,Active,416.0
MCH6530,Muni-Rout,5699,Apparel & Fashion,Individual,Pune,Maharashtra,2023-10-15,3811526471,Active,938.29
MCH1363,Rattan-Shere,7011,Hotel & Lodging,Sole Proprietor,Chennai,Tamil Nadu,2025-08-19,,Active,926.5
MCH7942,Parmar-Oza,5912,Medical,Sole Proprietor,Hyderabad,Telangana,2024-08-10,,Active,1133.78
MCH2067,"Choudhry, Bhalla And Jaggi",5942,Books & Stationery,Individual,Jalandhar,Punjab,2023-03-11,,Inactive,952.93
MCH5283,"Ganesh, Parekh And Subramanian",5912,Medical,Partnership,Hyderabad,Telangana,2025-03-02,,Active,307.25
MCH9555,Chandra Ltd,4814,Telecom,Partnership,Jaipur,Rajasthan,2023-01-10,XXXX4338,Inactive,7981.95
MCH8497,"Pandey, Dutta And Thakkar",5812,Restaurants & Food,Private Limited,Delhi,Delhi,2025-09-18,266895023,Active,802.0
MCH8527,"Varkey, Chacko And Sarraf",5411,Grocery,Private Limited,Delhi,Delhi,2025-07-20,,Active,128.48
MCH7198,Dar-Sani,7011,Hotel & Lodging,Private Limited,Hyderabad,Telangana,2023-06-27,HWWD0144016589581,Active,1840.43
MCH6716,Shan Plc,5699,Apparel & Fashion,Partnership,Amritsar,Punjab,2025-09-07,XXXX2064,Active,1208.93
MCH2418,Doctor Group,4131,Transportation,Sole Proprietor,Bengaluru,Karnataka,2023-03-25,8132788390,Active,523.42
MCH5135,Swaminathan-Kashyap,5942,Books & Stationery,Sole Proprietor,Mumbai,Maharashtra,2024-01-22,RDNZ1508980329306,Active,727.31
MCH4075,Sankar-Mandal,5812,Restaurants & Food,Partnership,Ludhiana,Punjab,,XXXX6718,Active,1056.32
MCH1475,"Bora, Bhakta And Aurora",,Department Store,Private Limited,Kolkata,West Bengal,2024-06-11,8871048979,Active,1652.87
MCH9362,"Lala, Oza And Chahal",5912,Pharmacy,Sole Proprietor,Delhi,Delhi,2024-04-25,XXXX6427,Active,1820.41
MCH5709,Shroff-Mukherjee,4814,Telecom,Private Limited,Jaipur,Rajasthan,2024-11-10,FPQT8539252763493,Active,668.22
MCH5064,Bassi Inc,5812,Restaurants & Food,Individual,Delhi,Delhi,2025-12-27,,Inactive,1024.0
MCH3409,Badami And Sons,7011,Hotel & Lodging,Sole Proprietor,Bengaluru,Karnataka,2024-05-31,,Active,1179.18
MCH3829,"Seshadri, Bansal And Ahluwalia",5311,Department Store,Sole Proprietor,Pune,Maharashtra,2024-09-20,8781513092,Inactive,1296.0
MCH5036,Buch Inc,5942,Books & Stationery,Partnership,Chennai,Tamil Nadu,2023-02-02,9320708690,Active,1529.39
MCH8433,"Gill, Taneja And Bhardwaj",5411,Grocery,Individual,Lucknow,Uttar Pradesh,2023-05-12,9035895384,Suspended,5465.01
MCH2761,Sabharwa1-Pati1,5999,Miscellaneous,Private Limited,Hyderabad,Telangana,2025-04-04,,Inactive,2607.92
MCH3298,"Kurian, Sheth And Bains",5699,Apparel & Fashion,Individual,Delhi,Delhi,2025-04-20,XXXX3758,Active,3789.0
MCH9551,Chaudhry-Vaidya,5942,Books & Stationery,Sole Proprietor,Pune,Maharashtra,2023-04-23,XXXX2092,Active,1013.07
MCH8551,Sule-Ganesh,5699,Apparel & Fashion,Individual,Kolkata,West Bengal,2023-03-15,ILTD6256269158206,Active,1452.12
MCH2832,Parmer Inc,5311,Retail,Private Limited,Pune,Maharashtra,2025-10-26,,Active,831.48
MCH2240,"Shenoy, Tara And Kala",5912,Medical,Partnership,Chennai,Tamil Nadu,2023-03-25,,Active,1500.77
MCH5627,"Sridhar, Yogi And Panchal",5411,Grocery,Sole Proprietor,Jaipur,Rajasthan,2025-09-23,,Active,483.0
MCH8779,Tak-Wali,5812,Restaurants & Food,Individual,Bengaluru,Karnataka,2024-01-24,3182666424,Active,206.0
MCH3672,Ramaswamy Plc,4131,Books & Stationery,Private Limited,Kolkata,West Bengal,2025-01-24,XXXX8500,Active,9848.33
MCH2223,"Magar, Krishnamurthy And Maharaj",5942,Books & Stationery,Private Limited,Delhi,Delhi,,3527789859,Active,1565.53
MCH6922,"Walia, Mukherjee And Sodhi",5912,Medical,Private Limited,Mumbai,Maharashtra,,FUTM3546823667854,Inactive,371.0
MCH9806,Hari-Kant,5411,Grocery,Individual,Amritsar,Punjab,2023-12-26,JKYA8958406507555,Active,1398.42
MCH3889,Bhagat-Sarna,7011,Hotel & Lodging,Sole Proprietor,Kolkata,West Bengal,2024-06-21,XXXX2885,Active,2088.06
MCH8177,Bera Plc,4814,Telecom,Individual,Amritsar,Punjab,2023-07-14,3738058376,Inactive,491.01
MCH8056,"Pai, Doshi And Nath",4814,Telecom,Private Limited,Lucknow,Uttar Pradesh,2024-05-26,YMRE9652845311736,Active,581.34
MCH6002,Ch0Kshi-Kibe,5699,Apparel & Fashion,Sole Proprietor,Pune,Maharashtra,2023-05-17,,Active,864.81
MCH6460,Deol-Narayanan,5311,Retail,Partnership,Mumbai,Maharashtra,2026-01-19,XXXX8283,Active,878.73
MCH7913,Ganesan-S00D,5912,Pharmacy,Individual,Delhi,Delhi,2024-08-15,,Active,562.1
MCH8945,Krish And Sons,5912,Pharmacy,Partnership,Mumbai,Maharashtra,2024-01-11,XXXX9324,Active,411.91
MCH3703,Khatri-Shuk1A,5812,Restaurants & Food,Private Limited,Jalandhar,Punjab,,,Suspended,3523.05
MCH5137,"Grewal, Chhabra And Sawhney",4131,Transportation,Sole Proprietor,Ludhiana,Punjab,2023-06-29,,Active,551.72
MCH3612,"Manne, Dutt And Sah0Ta",7011,Hotel & Lodging,Sole Proprietor,Jaipur,Rajasthan,2023-06-13,GSKL9256274813586,Active,605.01
MCH2203,"Dar, Khurana And Vasa",5812,Restaurants & Food,Sole Proprietor,Jaipur,Rajasthan,2024-07-05,,Active,14312.42
MCH5933,"Natarajan, Swaminathan And Dugar",5999,Miscellaneous,Partnership,Kolkata,West Bengal,2025-09-26,XXXX6381,Active,
MCH2850,Gera-Seth,4814,Telecom,Private Limited,Chennai,Tamil Nadu,2023-03-15,,Active,689.16
MCH1619,Divan-Bhatti,5912,Pharmacy,Sole Proprietor,Delhi,Delhi,2025-12-24,,Active,477.85
MCH6183,Dutt Plc,7011,Hotel & Lodging,Sole Proprietor,Kolkata,West Bengal,2026-02-23,,Active,
MCH4811,Rattan-Raval,5812,Restaurants & Food,Partnership,Lucknow,Uttar Pradesh,2025-06-05,PPVP9119915286785,Active,
MCH3819,Butala-Patla,5999,Miscellaneous,Individual,Delhi,Delhi,2023-04-08,XXXX5729,Active,2466.12
MCH4681,"Sengupta,Venkataramanandkonda",5411,Grocery,Individual,Pune,Maharashtra,2026-01-10,,Active,526.79
MCH3264,Gopal Ltd,7011,Hotel & Lodging,Sole Proprietor,Pune,Maharashtra,2023-05-14,,Active,1501.67
MCH1518,"Deol, Mand And Bhattacharyya",4131,Transportation,Partnership,Jaipur,Rajasthan,2023-09-17,,Suspended,862.0
MCH5497,Devan Ltd,5912,Medical,Partnership,Kolkata,West Bengal,2023-11-20,,Active,266.7
MCH3421,"Sandhu, Saxena And Talwar",5942,Books & Stationery,Sole Proprietor,Delhi,Delhi,,XXXX6543,Suspended,1117.58
MCH8296,Gara Inc,5411,Grocery,Partnership,Jalandhar,Punjab,2025-07-16,MFEL4687001236835,Active,
MCH6183,Nayar And Sons,4131,Transportation,Individual,Jalandhar,Punjab,2023-06-07,XXXX7204,Active,2423.0
MCH1171,Sampath-Shroff,5912,Medical,Partnership,Delhi,Delhi,2026-01-19,,Active,393.94
MCH8411,Chopra Group,5411,Restaurants & Food,Private Limited,Jalandhar,Punjab,2023-01-01,,Inactive,1067.4
MCH1022,Ramesh-Bhat,,Miscellaneous,Private Limited,Hyderabad,Telangana,,,Active,3026.17
MCH9635,Parekh-Mammen,5411,Grocery,Private Limited,Pune,Maharashtra,2025-05-07,,Active,1533.7
MCH1675,"Sarma, Saxena And Chandran",,Department Store,Private Limited,Jaipur,Rajasthan,2023-09-06,,Active,1777.8
MCH8592,Ramaswamy Plc,4814,Telecom,Individual,Amritsar,Punjab,,,Suspended,661.0
MCH7735,Garg-Balan,5999,Miscellaneous,Sole Proprietor,Ludhiana,Punjab,2024-01-24,7094886442,Active,
MCH5023,"B0Rde, Venkataraman And Sura",,Hotel & Lodging,Private Limited,Chennai,Tamil Nadu,2024-06-07,,Active,1983.28
MCH3423,Sant-Singh,7011,Hotel & Lodging,Partnership,Delhi,Delhi,2023-01-01,9051549967,Active,11283.23
MCH5023,Rastogi Ltd,5411,Grocery,Individual,Ludhiana,Punjab,2024-09-22,6206604276,Active,532.62
MCH6058,Loke Llc,5942,Books & Stationery,Sole Proprietor,Amritsar,Punjab,,TMOY5327017538734,Active,317.07
MCH4648,Tara-Pandya,5699,Apparel & Fashion,Partnership,Chennai,Tamil Nadu,2026-01-02,TEXQ3961216144905,Active,852.19
MCH3696,"Pandya, Maharaj And Sundaram",5942,Books & Stationery,Individual,Pune,Maharashtra,2025-08-07,,On Hold,416.04
MCH6577,D’Alia Inc,5699,Apparel & Fashion,Partnership,Bengaluru,Karnataka,2023-08-05,,Active,1979.76
MCH2077,Sahota Inc,5942,Books & Stationery,Partnership,Lucknow,Uttar Pradesh,2024-09-01,BSBT5352705836134,Active,2058.18
MCH7536,Kalla-Deo,5311,Department Store,Partnership,Kolkata,West Bengal,2024-08-29,5654813293,Active,803.42
MCH6024,"Doshi, Peri And Keer",4131,Transportation,Partnership,Pune,Maharashtra,2025-01-01,,Active,142.5
MCH1883,"Bahl, Kashyap And Sibal",5812,Restaurants & Food,Private Limited,Jalandhar,Punjab,2023-04-01,XXXX4248,Active,
MCH1946,Sibal Llc,7011,Hotel & Lodging,Sole Proprietor,Jalandhar,Punjab,2026-01-24,QGEZ9290048707008,Active,2804.71
MCH5664,"Om, Kari And Pandit",5812,Restaurants & Food,Partnership,Hyderabad,Telangana,2024-07-15,7995815997,Inactive,6853.27
MCH2816,Yogi-Palan,,Miscellaneous,Individual,Mumbai,Maharashtra,2025-02-14,YLAY0045447026896,Suspended,2753.81
MCH1816,Samra-Bhattacharyya,5912,Medical,Individual,Kolkata,West Bengal,2024-11-07,,Active,1868.22
MCH5792,"Bava, Krish And Ghose",4131,Transportation,Partnership,Amritsar,Punjab,2024-07-09,878817279,On Hold,1136.54
MCH7389,Basu-Bedi,5812,Restaurants & Food,Partnership,Bengaluru,Karnataka,2023-04-07,XXXX3335,Active,
MCH2123,"Pandey, Swamy And Desai",5912,Pharmacy,Private Limited,Hyderabad,Telangana,2024-03-31,1343743370,Active,2367.0
MCH5321,Maharaj Ltd,5912,Pharmacy,Sole Proprietor,Mumbai,Maharashtra,2024-08-29,9534555078,Inactive,
MCH7765,Dyal Llc,5812,Restaurants & Food,Individual,Amritsar,Punjab,2025-02-27,XXXX8941,Active,3067.55
MCH6502,Mall Plc,5999,Miscellaneous,Sole Proprietor,Chennai,Tamil Nadu,2025-05-10,,Inactive,1695.37
MCH4050,"Arya, Dyal And Aurora",5411,Grocery,Partnership,Kolkata,West Bengal,2026-01-23,,Active,980.29
MCH4927,Mohan Plc,5699,Apparel & Fashion,Individual,Jaipur,Rajasthan,2025-03-04,MQQO7446373111287,Active,1972.99
MCH9548,Raja Plc,4131,Transportation,Partnership,Jaipur,Rajasthan,2026-02-22,XXXX5841,Active,1649.0
MCH2441,Bhatnagar Plc,4814,Telecom,Individual,Jaipur,Rajasthan,2024-05-04,4907126528,Active,1789.0
MCH8082,Contractor And Sons,7011,Hotel & Lodging,Sole Proprietor,Amritsar,Punjab,2025-02-20,XXXX4733,Active,4480.58
MCH7729,"Jain, Bail And Rattan",5411,Grocery,Private Limited,Pune,Maharashtra,2023-03-04,,Active,2571.4
MCH1977,Chahal-Kumer,5942,Books & Stationery,Sole Proprietor,Kolkata,West Bengal,2025-09-01,XXXX3479,Active,897.0
MCH2954,"Keer, Borra And Hayre",7011,Hotel & Lodging,Private Limited,Ludhiana,Punjab,2025-12-23,,Active,
MCH3698,Khanna-Bail,5912,Medical,Partnership,Lucknow,Uttar Pradesh,2024-11-10,,Active,2901.24
MCH4984,Rege-Mane,7011,Hotel & Lodging,Individual,Bengaluru,Karnataka,2023-08-14,,Inactive,
MCH9350,Singh-Sane,5411,Grocery,Private Limited,Ludhiana,Punjab,2023-04-13,1346716181,Active,840.43
MCH7031,Chander Inc,4814,Telecom,Private Limited,Pune,Maharashtra,2025-09-28,XXXX5142,Active,1538.5
MCH4917,"Bhat, Saha And Wable",4131,Travel,Private Limited,Jaipur,Rajasthan,2025-04-14,XXXX6979,Active,6159.51
MCH9831,Kala-Wason,5942,Books & Stationery,Individual,Chennai,Tamil Nadu,2024-09-21,XXXX7493,Active,1222.6
MCH6856,"Dalal, Morar And Gala",7011,Hotel & Lodging,Private Limited,Chennai,Tamil Nadu,2025-11-18,XXXX3477,Active,
MCH8239,"Brahmbhatt, 0Ak And Dhar",5411,Grocery,Partnership,Jaipur,Rajasthan,2025-05-19,,Active,266.0
MCH4477,"Ray, Agate And Som",4814,Telecom,Partnership,Amritsar,Punjab,2025-01-27,3942164768,Active,3504.19
MCH5587,Pau-Gour,5812,Restaurants & Food,Private Limited,Pune,Maharashtra,2025-10-13,AIKN3298712438615,Active,246.08
MCH5874,Mann-Ma11Ick,7011,Hotel & Lodging,Partnership,Delhi,Delhi,2023-11-29,7898379818,Active,1160.0
MCH4243,"Ramesh, Venkatesh And Ravel",5311,Retail,Sole Proprietor,Amritsar,Punjab,2025-06-24,,Active,133.28
MCH7016,Ratti Plc,4131,Travel,Partnership,Lucknow,Uttar Pradesh,2025-10-18,HWTR3220006102269,Active,319.94
MCH9174,"Chander, Goswami And Butala",7011,Hotel & Lodging,Partnership,Jalandhar,Punjab,2024-06-14,1722137543,Active,914.67
MCH8308,Thakkar Plc,4131,Hotel & Lodging,Sole Proprietor,Mumbai,Maharashtra,2023-06-06,LHVQ2811292052937,Active,1612.0
MCH2726,Sant-Sani,5411,Grocery,Individual,Lucknow,Uttar Pradesh,2024-01-28,,Suspended,2020.62
MCH7257,"Nagi, Gera And Bedi",5999,Miscellaneous,Sole Proprietor,Jaipur,Rajasthan,2023-10-29,,Active,786.7
MCH3181,"Kothari, Sengupta And Sandal",4131,Transportation,Private Limited,Lucknow,Uttar Pradesh,2025-12-06,,Active,9001.75
MCH5797,Sami Ltd,5942,Books & Stationery,Individual,Jalandhar,Punjab,2024-03-05,YJXP8191139167716,Active,651.76
MCH1994,"Naik, Bhasin And Virk",7011,Hotel & Lodging,Sole Proprietor,Amritsar,Punjab,2024-09-24,3176426647,Active,886.83
MCH4048,"Lall, Kara And Uppal",5812,Restaurants & Food,Partnership,Jalandhar,Punjab,2024-06-14,,Inactive,1748.0
MCH4371,Chahal-Chaudhari,4814,Telecom,Sole Proprietor,Ludhiana,Punjab,2025-01-20,,Suspended,219.82
MCH1833,"Sabharwal, Chopra And Nayar",4131,Transportation,Private Limited,Pune,Maharashtra,2023-07-26,8483394590,Active,1391.53
MCH6300,Kumar Plc,5699,Apparel & Fashion,Partnership,Jaipur,Rajasthan,2025-04-17,,Active,1647.52
MCH8405,Roy Ltd,,Apparel & Fashion,Private Limited,Kolkata,West Bengal,2023-02-13,MAGL2579020752689,Inactive,1147.53
MCH6256,Rana-Walia,5812,Restaurants & Food,Sole Proprietor,Ludhiana,Punjab,2025-02-27,XXXX5533,Inactive,330.34
MCH5028,"Chhabra, Deo And Chakrabarti",7011,Hotel & Lodging,Partnership,Ludhiana,Punjab,2024-03-14,RQQO5337522783830,Inactive,716.94
MCH5547,Raju Group,5411,Grocery,Partnership,Bengaluru,Karnataka,2025-04-15,,Active,915.94
MCH3311,Sule Ltd,5942,Books & Stationery,Sole Proprietor,Pune,Maharashtra,2026-01-30,XXXX2539,Active,1079.15
MCH8032,Roy-Ramesh,5699,Apparel & Fashion,Partnership,Mumbai,Maharashtra,2025-05-24,,Active,1773.07
MCH4509,"Shanker, Sem And Varughese",4131,Transportation,Sole Proprietor,Pune,Maharashtra,2023-08-16,,Active,
MCH2418,Mangal-Krishnamurthy,5942,Books & Stationery,Individual,Delhi,Delhi,2024-07-21,,Active,436.58
MCH8297,Nayar Ltd,5912,Medical,Partnership,Kolkata,West Bengal,,5258052297,Inactive,465.08
MCH2986,Kade-Anne,4131,Travel,Partnership,Amritsar,Punjab,2025-11-29,,Suspended,736.81
MCH3694,"Date, Naidu And Raja",5912,Pharmacy,Partnership,Jalandhar,Punjab,2024-11-22,GPTO7610757270352,Active,4933.54
MCH9692,Pandey-Behl,5812,Restaurants & Food,Private Limited,Hyderabad,Telangana,2024-08-31,XXXX3446,Active,522.57
MCH4614,Badami Llc,5942,Books & Stationery,Partnership,Jaipur,Rajasthan,2025-04-02,3429375766,Active,4687.53
MCH5197,Acharyainc,4131,Transportation,Private Limited,Jalandhar,Punjab,,XXXX5691,Active,699.94
MCH3558,Balakrishnan Llc,5311,Department Store,Sole Proprietor,Bengaluru,Karnataka,2023-06-17,XXXX0210,Suspended,918.0
MCH1823,"Patla, Bhasin And Parsa",5812,Hotel & Lodging,Partnership,Lucknow,Uttar Pradesh,2023-06-15,,Active,3003.2
MCH3699,Lal Ltd,5999,Miscellaneous,Private Limited,Jaipur,Rajasthan,2023-06-25,MSXL7767787846316,Active,479.97
MCH8132,Jain-Peri,5912,Medical,Sole Proprietor,Ludhiana,Punjab,2024-10-25,,Active,594.94
MCH4401,Bedi And Sons,5699,Apparel & Fashion,Partnership,Kolkata,West Bengal,2024-05-16,HWLG9372836696223,Active,557.79
MCH2910,"Mall, Sankaran And Mittal",4131,Transportation,Private Limited,Delhi,Delhi,2025-09-28,XXXX0107,Inactive,3631.28
MCH6837,"Wali, Upadhyay And Shukla",5411,Grocery,Sole Proprietor,Hyderabad,Telangana,2025-05-22,MLUM4465205062232,On Hold,
MCH8559,"Gokhale, Dugal And Pradhan",5812,Restaurants & Food,Private Limited,Pune,Maharashtra,2023-07-09,,Suspended,2171.47
MCH7628,"Chawla, Datta And Ahuja",5411,Grocery,Partnership,Pune,Maharashtra,2024-01-05,,Active,979.26
MCH3736,"Morar, Roy And Bali",,Grocery,Private Limited,Ludhiana,Punjab,2023-05-18,1010746003,Active,1684.27
MCH7939,Mand Llc,5812,Restaurants & Food,Private Limited,Bengaluru,Karnataka,2025-01-23,,Active,2096.4
MCH5156,"Bumb, Buch And R0Ut",7011,Hotel & Lodging,Private Limited,Mumbai,Maharashtra,2025-10-11,,Active,1483.33
MCH3748,Bedi-Cherian,5311,Retail,Individual,Mumbai,Maharashtra,2025-03-19,XXXX2002,On Hold,1343.58
MCH7220,Rege-Sharaf,5812,Restaurants & Food,Private Limited,Amritsar,Punjab,2023-12-15,RRUP8952328372225,Active,978.47
MCH4135,Sunder Ltd,5411,Grocery,Partnership,Ludhiana,Punjab,2025-01-28,,Active,6745.05
MCH5117,Bava-Sani,5311,Department Store,Private Limited,Amritsar,Punjab,2023-05-07,ICYL7735321082205,Active,557.72
MCH5200,Saha Plc,4131,Transportation,Private Limited,Ludhiana,Punjab,2025-10-11,,Active,913.24
MCH7309,"Loke, Chada And Badal",,Apparel & Fashion,Sole Proprietor,Ludhiana,Punjab,2023-07-26,9268725800,Active,3465.02
MCH9847,Dube And Sons,4814,Telecom,Partnership,Delhi,Delhi,2023-06-06,6626610678,Active,918.47
MCH3656,Agrawal Ltd,4814,Telecom,Private Limited,Ludhiana,Punjab,2024-08-05,XXXX7009,Active,3644.12
MCH6785,Rai Llc,7011,Hotel & Lodging,Sole Proprietor,Chennai,Tamil Nadu,2024-12-01,,Active,2498.92
MCH4244,"Doctor, Pillay And Nori",5311,Department Store,Individual,Ludhiana,Punjab,2026-02-22,8115439991,Active,2111.57
MCH4163,Rajag0Pa1An-Hans,5812,Restaurants & Food,Sole Proprietor,Pune,Maharashtra,2023-06-29,GQKM7843504448024,Active,
MCH4220,Chaudry Ltd,,Hotel & Lodging,Individual,Lucknow,Uttar Pradesh,,,Active,788.42
MCH2881,J0Ha1 Plc,,Restaurants & Food,Partnership,Amritsar,Punjab,2023-05-16,WTST5086684279337,Active,807.63
MCH4804,Swamy Plc,,Apparel & Fashion,Partnership,Lucknow,Uttar Pradesh,2025-01-12,,Suspended,207.24
MCH4858,Malhotra-Doctor,4814,Telecom,Individual,Ludhiana,Punjab,2024-11-20,4066282320,Active,7460.92
MCH6083,"Shah, Deep And Swaminathan",5411,Grocery,Partnership,Amritsar,Punjab,2025-06-28,,Active,1417.0
MCH8968,Sankar-Zachariah,5411,Grocery,Individual,Chennai,Tamil Nadu,,VDPY3965638190434,Active,7171.02
MCH5280,Mani-Chada,4131,Transportation,Sole Proprietor,Chennai,Tamil Nadu,2025-03-18,XXXX6717,Active,1112.24
MCH8832,Kala Llc,,Telecom,Individual,Hyderabad,Telangana,2025-12-10,XXXX8743,Active,292.25
MCH2052,"Saraf, Maharaj And Kakar",5999,Miscellaneous,Individual,Pune,Maharashtra,2025-01-30,XXXX8291,Active,3476.81
MCH6947,"Desai, Dara And Dani",4131,Telecom,Individual,Bengaluru,Karnataka,2023-10-13,,Active,947.15
MCH1956,"Magar, Ramakrishnan And Dhingra",5912,Medical,Private Limited,Ludhiana,Punjab,2024-02-05,XXXX9114,Active,919.28
MCH9366,"Parsa, Walia And Viswanathan",5699,Apparel & Fashion,Individual,Jalandhar,Punjab,2024-11-13,XXXX5233,Active,7891.78
MCH5256,Ghoshllc,4131,Transportation,Individual,Chennai,Tamil Nadu,,ASNK4892862388041,Active,429.35
MCH9239,Balakrishnan-Das,5411,Grocery,Partnership,Bengaluru,Karnataka,2025-12-11,EHOI0009201922607,Active,
MCH8055,"Gade, Dani And Daya1",5812,Restaurants & Food,Private Limited,Bengaluru,Karnataka,2024-06-02,VCUQ2055885788947,Inactive,1539.89
MCH9377,Chaudhuri Plc,5699,Apparel & Fashion,Sole Proprietor,Delhi,Delhi,2023-04-14,6784208248,Active,1583.18
MCH3564,Chadha-Sarin,5812,Restaurants & Food,Individual,Lucknow,Uttar Pradesh,2024-06-09,XXXX4527,Active,506.02
MCH9720,Hayre Ltd,5942,Books & Stationery,Sole Proprietor,Pune,Maharashtra,2024-04-24,,Active,507.94
MCH4051,Desai-Tank,5812,Restaurants & Food,Partnership,Lucknow,Uttar Pradesh,2025-02-21,XXXX7388,Active,389.0
MCH7918,Purohit Llc,5942,Books & Stationery,Private Limited,Kolkata,West Bengal,2024-09-06,XXXX2495,Active,1204.0
MCH9846,"Nadig, Saran And Prabhakar",,Grocery,Private Limited,Amritsar,Punjab,2023-05-30,,Active,672.0
MCH7821,Deshmukh Inc,4131,Miscellaneous,Partnership,Bengaluru,Karnataka,2026-01-26,3967998762,Active,1463.63
MCH1016,"Char, Bhargava And Chaudhary",5812,Restaurants & Food,Private Limited,Hyderabad,Telangana,,TODJ2902550918108,Active,1933.0
MCH3801,"Arya, Sachar And Khanna",5912,Pharmacy,Partnership,Bengaluru,Karnataka,2024-01-03,XXXX2457,Suspended,639.86
MCH3386,Mody Llc,5311,Retail,Sole Proprietor,Mumbai,Maharashtra,2023-12-21,9912276450,Active,1737.99
MCH4831,"Raja, Rout And Singh",5411,Grocery,Individual,Kolkata,West Bengal,2023-09-01,XXXX4829,Active,1885.15
MCH1686,Chokshi And Sons,5942,Books & Stationery,Individual,Bengaluru,Karnataka,2024-02-02,,Active,1116.34
MCH9534,Deshmukh-Yadav,7011,Hotel & Lodging,Individual,Hyderabad,Telangana,2024-08-13,XXXX7810,Active,1143.6
MCH4342,"Bhavsar, Mital And Garde",4131,Transportation,Private Limited,Kolkata,West Bengal,2025-10-06,,Suspended,
MCH9447,Sundaram Llc,5999,Miscellaneous,Individual,Hyderabad,Telangana,2026-01-30,XXXX5917,Active,974.62
MCH1324,"Edwin, Savant And Tandon",7011,Hotel & Lodging,Partnership,Bengaluru,Karnataka,2026-01-26,,Active,1192.31
MCH2014,Sundaram And Sons,5999,Miscellaneous,Private Limited,Ludhiana,Punjab,2024-01-27,XXXX5436,Active,4199.0
MCH1912,Keer-Mitra,4131,Transportation,Sole Proprietor,Chennai,Tamil Nadu,2024-10-27,XXXX9508,Active,3259.24
MCH2428,Suresh-Varma,4814,Telecom,Private Limited,Hyderabad,Telangana,2024-05-31,XXXX3635,Active,949.0
MCH3383,Muni Inc,5999,Miscellaneous,Sole Proprietor,Delhi,Delhi,2023-04-21,XXXX2845,Active,5804.6
MCH4692,Bhat Inc,4131,Travel,Sole Proprietor,Hyderabad,Telangana,2024-06-05,,Active,3808.17
MCH9704,"Wason, Upadhyay And Palla",5311,Retail,Private Limited,Mumbai,Maharashtra,2024-07-11,272024202,Active,
MCH2122,"Bava, Bal And Mittal",,Medical,Individual,Pune,Maharashtra,2024-01-04,,Active,1119.03
MCH4776,Lall Inc,5912,Pharmacy,Private Limited,Amritsar,Punjab,2023-07-22,6483794741,Active,4262.37
MCH5660,Sama Llc,5812,Apparel & Fashion,Private Limited,Lucknow,Uttar Pradesh,,,Active,18060.85
MCH3513,"Gade, Raghavan And Ben",5942,Books & Stationery,Individual,Chennai,Tamil Nadu,2024-07-21,EGJQ8131249829529,Inactive,1116.95
MCH7462,"Malhotra, Sachdeva And Sant",5411,Grocery,Sole Proprietor,Hyderabad,Telangana,2025-11-11,EIQX3043472487822,Active,1601.35
MCH8935,Tella-Bawa,4131,Transportation,Individual,Jaipur,Rajasthan,2024-01-13,JHDG3104790925076,Active,997.56
MCH9266,Nazareth Ltd,5942,Books & Stationery,Sole Proprietor,Lucknow,Uttar Pradesh,2023-07-07,,Active,1049.97
MCH3509,Dara-Rajagopalan,5912,Pharmacy,Sole Proprietor,Kolkata,West Bengal,2023-09-09,JSXR7999494577088,Active,1651.56
MCH5193,Shetty Inc,5912,Pharmacy,Partnership,Amritsar,Punjab,2025-07-13,QQWR4601081024609,Active,
MCH1305,Ghose-Batta,4131,Transportation,Individual,Hyderabad,Telangana,2025-12-20,,Inactive,380.06
MCH1162,"Anand, Mistry And Khare",5999,Miscellaneous,Private Limited,Delhi,Delhi,2025-02-12,XXXX2346,Active,1311.0
MCH1387,Handa-Talwar,4131,Travel,Sole Proprietor,Lucknow,Uttar Pradesh,2023-10-05,,Active,754.0
MCH4114,Pate1 Plc,4131,Transportation,Private Limited,Chennai,Tamil Nadu,2023-03-17,,Active,2658.88
MCH6721,"Saran, Varughese And Savant",5912,Pharmacy,Individual,Ludhiana,Punjab,2025-11-11,EEDF3505931890281,Active,1696.94
MCH4669,Bail Plc,4131,Transportation,Sole Proprietor,Lucknow,Uttar Pradesh,2023-09-17,XXXX4093,Inactive,1960.77
MCH7126,Deol Ltd,5999,Miscellaneous,Partnership,Delhi,Delhi,2025-06-25,,Active,495.33
MCH9805,Sha-Mitter,5311,Retail,Partnership,Jalandhar,Punjab,,6239132906,Active,1993.26
MCH6064,"Wable, Virk And Gaba",5812,Restaurants & Food,Private Limited,Amritsar,Punjab,2025-06-09,328512355,Active,5256.61
MCH3369,Hans Llc,5942,Books & Stationery,Sole Proprietor,Mumbai,Maharashtra,,YCNF1081951553349,Active,3188.62
MCH2306,Goswami Inc,7011,Hotel & Lodging,Sole Proprietor,Bengaluru,Karnataka,,4771057298,Active,1562.95
MCH1874,"Bail, Madan And Mahal",5411,Grocery,Private Limited,Jalandhar,Punjab,2025-11-03,723751803,Active,928.89
MCH4939,Bath-Kumer,4814,Telecom,Partnership,Delhi,Delhi,2023-06-10,XXXX8414,Active,1620.24
MCH4290,Venkataraman-Wadhwa,5999,Miscellaneous,Individual,Lucknow,Uttar Pradesh,2023-04-16,NGRS4293634400913,Active,1056.0
MCH9143,Kibe And Sons,,Telecom,Individual,Jalandhar,Punjab,2025-12-06,,Active,924.79
MCH7187,Sandhu Inc,5812,Restaurants & Food,Individual,Amritsar,Punjab,,356861723,Active,4006.56
MCH9896,Wali Group,4814,Telecom,Sole Proprietor,Pune,Maharashtra,2023-08-15,,Suspended,1708.02
MCH1776,Vohra And Sons,5999,Miscellaneous,Private Limited,Lucknow,Uttar Pradesh,2023-06-16,XXXX6558,Active,843.8
MCH5147,"Rao, Mahal And Wable",5999,Miscellaneous,Private Limited,Jalandhar,Punjab,2024-09-16,8569345830,Active,687.0
MCH9154,"Pal, Dara And Yadav",5999,Miscellaneous,Private Limited,Jaipur,Rajasthan,2025-07-12,XXXX2752,Active,3887.81
MCH8086,Kala Llc,,Grocery,Partnership,Jalandhar,Punjab,2024-12-29,XXXX1156,Active,1335.85
MCH9593,Daya1 Inc,,Transportation,Partnership,Kolkata,West Bengal,2024-05-06,,Active,2414.51
MCH3935,Majumdar-Aggarwal,5311,Department Store,Private Limited,Delhi,Delhi,2024-07-07,5282295543,Active,3614.23
MCH3046,Walla Plc,5942,Books & Stationery,Private Limited,Jalandhar,Punjab,2023-03-12,DJCZ8193007555479,On Hold,6756.54
MCH6308,Panchal Plc,5999,Miscellaneous,Partnership,Jaipur,Rajasthan,,,Active,3549.84
MCH9822,Thaman-Parsa,5311,Department Store,Private Limited,Bengaluru,Karnataka,,500860031,Active,534.71
MCH5235,Yogi-Dutt,4131,Travel,Sole Proprietor,Ludhiana,Punjab,2023-10-19,,Active,
MCH5525,Nagy And Sons,7011,Hotel & Lodging,Partnership,Bengaluru,Karnataka,2026-01-29,EFCT6045045841970,Active,1141.1
MCH3587,Sagar-Raval,7011,Hotel & Lodging,Partnership,Jalandhar,Punjab,2024-07-31,,Suspended,1064.25
MCH1128,Natt-Keer,5999,Miscellaneous,Sole Proprietor,Hyderabad,Telangana,2026-01-10,XXXX1918,Active,1028.32
MCH5317,Seth Plc,7011,Hotel & Lodging,Sole Proprietor,Bengaluru,Karnataka,2023-03-01,,Active,2738.46
MCH1561,Gera-Kota,5942,Books & Stationery,Sole Proprietor,Jaipur,Rajasthan,2024-06-15,8921681390,Inactive,530.0
MCH5932,Jani-Sathe,4814,Telecom,Partnership,Ludhiana,Punjab,2024-10-09,,Inactive,2383.64
MCH5477,Chopra Inc,5411,Grocery,Individual,Ludhiana,Punjab,2025-01-14,HOQQ9340168679590,Active,878.29
MCH4401,"Misra, Sama And Shetty",4814,Telecom,Individual,Pune,Maharashtra,2023-12-10,4220162821,Active,4329.0
MCH9911,"Pal, Dash And Nagi",4131,Transportation,Individual,Mumbai,Maharashtra,2024-11-28,XXXX9114,Active,1474.73
MCH3461,"Balakrishnan, Sachdeva And Sekhon",5999,Miscellaneous,Individual,Mumbai,Maharashtra,2025-09-23,QTCR6301966166012,Active,1049.37
MCH3655,Batra Llc,5912,Medical,Sole Proprietor,Pune,Maharashtra,2024-08-17,,Active,
MCH2263,Puri-D’Alia,5311,Department Store,Private Limited,Amritsar,Punjab,2024-08-29,CMUQ0128896673333,Active,2781.79
MCH9001,Mangat-Sachar,4814,Telecom,Individual,Kolkata,West Bengal,2023-09-11,MHGZ0836129052576,Active,805.62
MCH6595,More-Sharma,7011,Hotel & Lodging,Sole Proprietor,Jalandhar,Punjab,2023-11-12,,Active,308.54
MCH6430,Prakash Group,4814,Telecom,Individual,Hyderabad,Telangana,2025-08-05,,Suspended,5278.71
MCH1612,Salvi-Patel,5812,Restaurants & Food,Partnership,Delhi,Delhi,2023-09-05,3960939473,Suspended,1940.8
MCH9990,Mishra Inc,5912,Medical,Private Limited,Mumbai,Maharashtra,2023-02-18,XXXX3137,Active,970.05
MCH8521,Rao Ltd,5812,Restaurants & Food,Sole Proprietor,Jaipur,Rajasthan,2023-02-05,1686745515,On Hold,2388.44
MCH7631,Doshi-Verma,5942,Books & Stationery,Partnership,Kolkata,West Bengal,2024-01-27,,Active,2548.32
MCH4454,"Raman, Mukherjee And Sinha",5942,Books & Stationery,Sole Proprietor,Kolkata,West Bengal,2024-12-26,NRFQ4744687183200,Active,567.26
MCH5847,Andra-Tata,5699,Apparel & Fashion,Private Limited,Jaipur,Rajasthan,2023-01-02,,Active,693.92
MCH4444,Khalsa Plc,5999,Miscellaneous,Partnership,Ludhiana,Punjab,2023-05-25,XXXX2938,Active,2332.61
MCH7074,Tripathi-Nayar,,Transportation,Individual,Kolkata,West Bengal,2023-09-15,XXXX6196,Inactive,3455.86
MCH4556,Bhakta Inc,5942,Books & Stationery,Private Limited,Mumbai,Maharashtra,2026-02-03,,Active,881.89
MCH1966,Munshi-Bath,4131,Travel,Private Limited,Bengaluru,Karnataka,2026-01-27,,Suspended,1858.12
MCH6321,Chander Ltd,5999,Miscellaneous,Private Limited,Jaipur,Rajasthan,,,Active,380.1
MCH9119,Dyal-Salvi,4814,Telecom,Partnership,Chennai,Tamil Nadu,2023-04-20,,Active,6428.96
MCH1509,"Rajan, Dash And Bora",,Transportation,Private Limited,Amritsar,Punjab,2025-04-26,,Inactive,806.0
MCH7566,Kade-Bhattacharyya,5912,Pharmacy,Individual,Mumbai,Maharashtra,2024-12-11,,Inactive,748.55
MCH7795,Maharaj Plc,5812,Restaurants & Food,Sole Proprietor,Amritsar,Punjab,2023-01-14,,Active,1446.0
MCH6707,Kari Ltd,,Books & Stationery,Sole Proprietor,Bengaluru,Karnataka,2025-06-21,8891593046,Active,1949.47
MCH9999,"Konda, Subramanian And Rau",5999,Miscellaneous,Individual,Mumbai,Maharashtra,2024-01-16,,Active,510.0
MCH2954,Gour Group,5912,Medical,Partnership,Kolkata,West Bengal,2024-02-13,,Active,1398.0
MCH1627,Dua Ltd,5999,Miscellaneous,Private Limited,Lucknow,Uttar Pradesh,2024-07-31,,Active,160.25
MCH5505,Korpal Inc,4814,Telecom,Individual,Mumbai,Maharashtra,2025-05-05,,Active,1908.25
MCH2588,Datta Inc,5699,Apparel & Fashion,Private Limited,Jaipur,Rajasthan,2024-09-28,XXXX7714,Active,311.95
MCH4187,"Tella, Hayre And Patla",5812,Restaurants & Food,Sole Proprietor,Jaipur,Rajasthan,2023-09-08,,Suspended,2332.84
MCH2470,Chadha Llc,,Miscellaneous,Individual,Lucknow,Uttar Pradesh,2025-01-28,DYBS8259485877528,Active,144.47
MCH9257,Deep-Venkataraman,7011,Hotel & Lodging,Partnership,Amritsar,Punjab,2023-12-17,AYAD9422325940628,Active,705.83
MCH3404,"Parekh, Lad And Soman",5311,Department Store,Individual,Mumbai,Maharashtra,2023-02-16,PSMJ2500672647390,Active,
MCH6447,"Mody, Dara And Ray",5812,Restaurants & Food,Individual,Kolkata,West Bengal,2023-05-19,XXXX4551,Active,860.24
MCH9335,Shenoy Group,5699,Apparel & Fashion,Partnership,Lucknow,Uttar Pradesh,2024-07-07,,Active,1203.23
MCH6974,Ramaswamy Ltd,5311,Department Store,Individual,Delhi,Delhi,2026-01-01,XXXX1883,Active,1499.0
MCH8648,Mukhopadhyay Plc,4131,Transportation,Sole Proprietor,Mumbai,Maharashtra,2023-11-21,YHOL6648547123400,Active,1325.0
MCH2445,"Vohra, Gill And Saini",5311,Department Store,Individual,Jaipur,Rajasthan,2025-05-01,XXXX4477,Inactive,887.98
MCH8934,Kakar Group,5812,Restaurants & Food,Sole Proprietor,Ludhiana,Punjab,,WUVU9130782874849,Active,1507.45
MCH7386,Tara Plc,5912,Pharmacy,Private Limited,Hyderabad,Telangana,2025-12-17,,On Hold,1062.8
MCH9353,"Baral, Raj And Mishra",5411,Grocery,Partnership,Bengaluru,Karnataka,2025-03-19,1787550452,Active,
MCH1960,Bail-Chand,5411,Grocery,Partnership,Hyderabad,Telangana,2024-08-26,XXXX7716,Active,613.0
MCH5067,Mangat-Pant,4814,Telecom,Individual,Pune,Maharashtra,2024-02-27,NOGU4869470784091,Active,1263.65
MCH4082,Khurana Inc,5999,Miscellaneous,Private Limited,Delhi,Delhi,2023-06-02,MAKF1380226043660,Inactive,288.7
MCH5637,Pandit-Bail,5311,Retail,Private Limited,Lucknow,Uttar Pradesh,2024-09-15,XXXX5250,Active,905.79
MCH5662,Buch Plc,4131,Travel,Partnership,Delhi,Delhi,2023-01-18,9769098268,Active,2776.96
MCH8725,"Shah, Krishna And Borra",5699,Apparel & Fashion,Sole Proprietor,Lucknow,Uttar Pradesh,2024-02-15,,Active,
MCH4374,Venkatesh Llc,7011,Hotel & Lodging,Individual,Jalandhar,Punjab,2025-01-15,,Active,418.37
MCH4131,"Goyal, Krishnamurthy And Dewan",4131,Transportation,Individual,Jaipur,Rajasthan,2023-10-24,4282467745,Inactive,319.32
MCH4818,Trivedi-Randhawa,5411,Grocery,Partnership,Bengaluru,Karnataka,,XXXX9024,Active,1275.92
MCH7509,Narasimhan-Naidu,5699,Apparel & Fashion,Sole Proprietor,Kolkata,West Bengal,2025-07-29,RUXH2213582281170,Active,1271.23
MCH6992,"Srivastava, Sha And Natarajan",5812,Restaurants & Food,Partnership,Amritsar,Punjab,2026-01-21,5921074250,Active,893.0
MCH4145,"Dalal, Dass And Vaidya",5942,Books & Stationery,Sole Proprietor,Pune,Maharashtra,2025-09-16,PZMX8375142166938,Suspended,
MCH6356,"Pandit, Wagle And Kata",7011,Hotel & Lodging,Private Limited,Amritsar,Punjab,2024-08-03,XXXX6397,Inactive,499.8
MCH7540,Buch-Das,5311,Department Store,Sole Proprietor,Hyderabad,Telangana,2025-05-17,ILTI6803944844549,Active,
MCH6020,Goda Ltd,5942,Books & Stationery,Sole Proprietor,Lucknow,Uttar Pradesh,2025-01-09,XXXX5529,Active,2555.72
MCH8921,"Palla, Kanda And Kohli",5411,Grocery,Individual,Jaipur,Rajasthan,2023-04-01,,Inactive,1560.65
MCH5770,Kari Llc,5912,Medical,Private Limited,Hyderabad,Telangana,2025-01-29,,Active,573.41
MCH8324,Golla-Chaudhuri,7011,Hotel & Lodging,Private Limited,Jalandhar,Punjab,2025-06-04,,Active,
MCH5596,Biswas Group,5311,Retail,Partnership,Bengaluru,Karnataka,2024-02-12,MQQQ6004896266330,Suspended,
MCH7832,"Sodhi, Venkataraman And Kohli",5999,Miscellaneous,Individual,Delhi,Delhi,2025-06-02,XXXX9396,Active,4116.49
MCH6977,Sathe-Jha,5942,Books & Stationery,Individual,Lucknow,Uttar Pradesh,2023-08-06,XXXX2950,Active,
MCH9472,Sankaran-Om,5699,Apparel & Fashion,Private Limited,Delhi,Delhi,2023-03-06,OYDX9439754020828,Inactive,4710.1
MCH5955,Lad-K0Nda,5411,Grocery,Sole Proprietor,Jaipur,Rajasthan,2023-07-26,,Active,1069.21
MCH4288,Kashyap-Purohit,5699,Apparel & Fashion,Private Limited,Jaipur,Rajasthan,2025-10-08,,Active,262.02
MCH8579,Om Llc,5311,Department Store,Sole Proprietor,Bengaluru,Karnataka,2024-10-05,IKJV1180612753786,Active,3034.67
MCH7685,"Badal, Khurana And Bansal",5311,Department Store,Individual,Jalandhar,Punjab,2025-05-06,XXXX6889,Inactive,
MCH5217,"Kapur, Sabharwal And Chaudhuri",5311,Retail,Sole Proprietor,Lucknow,Uttar Pradesh,2023-03-07,OZSL0162567761883,Inactive,499.03
MCH4754,"Chhabra, Setty And Srinivasan",5699,Apparel & Fashion,Private Limited,Hyderabad,Telangana,2023-12-04,LSCG0121828291549,Inactive,2016.37
MCH3778,"Bhagat, Sama And Murthy",,Telecom,Individual,Amritsar,Punjab,2026-01-18,ETOX8271252256292,Inactive,2790.66
MCH4544,"Som, Deshmukh And Narang",5411,Grocery,Partnership,Bengaluru,Karnataka,2023-04-28,,Active,4619.33
MCH4642,Jaggi Ltd,5411,Grocery,Partnership,Delhi,Delhi,2024-04-16,XXXX5243,Suspended,1180.53
MCH5409,Buch Inc,5699,Apparel & Fashion,Sole Proprietor,Amritsar,Punjab,2023-03-04,VIYX5305249313484,Active,922.0
MCH2681,Mahajan And Sons,5699,Apparel & Fashion,Sole Proprietor,Bengaluru,Karnataka,2023-03-17,XXXX6222,Active,721.36
MCH6099,Yadav Llc,4814,Telecom,Partnership,Bengaluru,Karnataka,2025-06-16,7606007756,Active,4726.0
MCH5843,Wason And Sons,4814,Telecom,Individual,Hyderabad,Telangana,2023-05-30,,Inactive,1023.46
MCH2816,Behl Group,5812,Restaurants & Food,Sole Proprietor,Amritsar,Punjab,2023-02-17,UHYF4970596803050,Inactive,5297.33
MCH5961,Batra Ltd,5812,Restaurants & Food,Individual,Jalandhar,Punjab,2024-05-24,CHMJ2049480871128,Active,608.0
MCH2797,Sandhu-Singh,7011,Hotel & Lodging,Partnership,Bengaluru,Karnataka,2025-05-27,XXXX2336,Active,1083.54
MCH7621,Iyer-Mangal,5411,Grocery,Sole Proprietor,Jalandhar,Punjab,2023-09-14,9620926226,Active,1096.69
MCH2574,Bala And Sons,5699,Apparel & Fashion,Individual,Delhi,Delhi,,HZFE1194010260924,Suspended,197.23
MCH1894,Shenoy-Venkatesh,5699,Apparel & Fashion,Individual,Delhi,Delhi,2024-09-16,CBAO3449497595676,Active,666.26
MCH3265,Rau Plc,5311,Department Store,Partnership,Pune,Maharashtra,2023-07-01,,Active,843.84
MCH8967,"Kakar, Mandal And Sehgal",4814,Telecom,Private Limited,Delhi,Delhi,2024-01-26,XXXX8902,Active,
MCH9769,Setty-Mistry,5311,Retail,Partnership,Mumbai,Maharashtra,2023-10-31,,Active,301.79
MCH6445,Shere And Sons,5912,Medical,Individual,Ludhiana,Punjab,2025-01-28,,Active,766.0
MCH8591,Dutta And Sons,5999,Miscellaneous,Individual,Kolkata,West Bengal,2025-02-02,XXXX4892,Active,2731.17
MCH5851,Sani Ltd,5999,Miscellaneous,Partnership,Jaipur,Rajasthan,2023-02-06,5213441540,Active,1306.04
MCH8769,Dara-Keer,5912,Pharmacy,Private Limited,Jaipur,Rajasthan,2024-12-29,,Active,637.83
MCH8437,"Kurian, Yadav And Sidhu",5812,Restaurants & Food,Partnership,Amritsar,Punjab,2024-09-09,,Active,1382.63
MCH8654,Bal-Rastogi,5942,Books & Stationery,Individual,Lucknow,Uttar Pradesh,,OIHN1833579743530,Inactive,619.2
MCH3321,Barad-Trivedi,7011,Transportation,Sole Proprietor,Amritsar,Punjab,2025-09-19,,Active,2096.6
MCH8091,"Trivedi, Vohra And Dash",5812,Restaurants & Food,Sole Proprietor,Ludhiana,Punjab,2023-03-26,XXXX3774,Active,1507.11
MCH6944,Amb1E-Duga1,4131,Transportation,Individual,Mumbai,Maharashtra,2023-02-22,YQIS3275286791151,Active,1017.42
MCH3328,Singh-Comar,5912,Medical,Sole Proprietor,Pune,Maharashtra,2025-12-14,XXXX6840,Active,
MCH7272,Kulkarni-Subramanian,4131,Travel,Sole Proprietor,Bengaluru,Karnataka,2023-12-21,XXXX7890,Inactive,376.69
MCH9743,Sahota-Krish,5942,Books & Stationery,Private Limited,Ludhiana,Punjab,2023-05-22,,Active,873.78
MCH3601,Deshpande-Nigam,4131,Transportation,Partnership,Bengaluru,Karnataka,2024-12-06,7464108463,Active,2765.11
MCH7795,"Samra, Venkataraman And Bhatti",4131,Travel,Private Limited,Amritsar,Punjab,2024-03-08,XXXX1904,Active,723.93
MCH9456,Anne Group,5999,Miscellaneous,Sole Proprietor,Chennai,Tamil Nadu,2024-05-16,,Active,896.81
MCH4385,Bera-S0M,4131,Grocery,Private Limited,Jalandhar,Punjab,2023-05-08,XXXX8868,Active,2548.67
MCH2604,Sharaf-Kaur,4131,Transportation,Private Limited,Lucknow,Uttar Pradesh,2023-10-30,CYOT7406673710255,Active,1813.01
MCH3936,Bath Inc,5411,Grocery,Individual,Lucknow,Uttar Pradesh,2023-06-13,,Active,879.38
MCH5861,Manne-Chatterjee,5812,Restaurants & Food,Sole Proprietor,Delhi,Delhi,2024-10-28,,Active,174.45
MCH5293,Palla-Dhar,4131,Travel,Private Limited,Bengaluru,Karnataka,2024-07-12,DZXI0061252359392,Suspended,1936.57
MCH5809,Buch Plc,4131,Transportation,Individual,Bengaluru,Karnataka,2025-01-22,,Active,461.99
MCH9120,Sood Ltd,7011,Hotel & Lodging,Sole Proprietor,Mumbai,Maharashtra,2025-09-24,,Active,680.9
MCH7326,"Mandal, Behl And Bhattacharyya",7011,Hotel & Lodging,Sole Proprietor,Chennai,Tamil Nadu,2024-10-26,,Active,1119.05
MCH4042,Rout-Maharaj,5999,Miscellaneous,Partnership,Amritsar,Punjab,2024-12-01,LYKH2325135629245,Active,696.23
MCH3384,Bala-Dhaliwal,5942,Books & Stationery,Individual,Mumbai,Maharashtra,,,Active,635.55
MCH4567,Bhatti Inc,7011,Hotel & Lodging,Partnership,Hyderabad,Telangana,2023-03-29,XXXX2555,Active,1514.65
MCH9092,Deshmukh Inc,7011,Hotel & Lodging,Individual,Jalandhar,Punjab,2024-02-11,PJZZ8412701337348,Inactive,859.52
MCH8622,Choudhry-Krishna,7011,Hotel & Lodging,Partnership,Pune,Maharashtra,2025-03-18,,Active,196.86
MCH5618,Mital-Sandhu,5411,Grocery,Partnership,Pune,Maharashtra,,4978324715,Active,862.0
MCH8945,"Sankar, Swamy And Char",5411,Grocery,Sole Proprietor,Kolkata,West Bengal,2026-02-26,XXXX4564,Active,1329.0
MCH9662,Basu-Korpal,4814,Telecom,Private Limited,Pune,Maharashtra,2023-09-13,WZTV1265477628451,Active,1152.0
MCH9229,Anne-Parikh,7011,Books & Stationery,Private Limited,Jaipur,Rajasthan,2025-10-23,,Inactive,173.81
MCH8013,Thakkar-Vohra,5942,Books & Stationery,Sole Proprietor,Bengaluru,Karnataka,2024-08-06,8058369632,Active,
MCH2418,Dasgupta-Dhingra,4131,Transportation,Individual,Mumbai,Maharashtra,2023-01-26,YNNK7976103050442,Inactive,665.99
MCH2093,Ghosh-Gaba,5411,Miscellaneous,Sole Proprietor,Ludhiana,Punjab,2024-02-05,IJYU8161082317804,Active,2389.0
MCH1555,Raj Llc,5942,Books & Stationery,Individual,Pune,Maharashtra,2023-04-23,,Active,602.0
MCH7581,"Deshpande, Butala And Jain",5699,Apparel & Fashion,Private Limited,Lucknow,Uttar Pradesh,2024-08-13,5640516477,Active,
MCH7930,"Bhatt, Ganguly And Dhingra",5311,Department Store,Sole Proprietor,Delhi,Delhi,2025-12-16,,Suspended,1892.15
MCH2248,Mutti-Manne,5812,Restaurants & Food,Partnership,Ludhiana,Punjab,2023-11-22,,Inactive,1021.0
MCH1840,Chahal And Sons,5942,Books & Stationery,Sole Proprietor,Ludhiana,Punjab,2026-06-02,XXXX9616,Active,764.0
MCH4495,"Nadig, Gade And Jha",5942,Books & Stationery,Partnership,Hyderabad,Telangana,2024-05-10,,Active,1329.61
MCH1405,Chandra Inc,5311,Department Store,Partnership,Ludhiana,Punjab,2026-02-10,4121935460,Inactive,1248.0
MCH2033,"Munshi, Sundaram And Bhasin",5699,Apparel & Fashion,Private Limited,Pune,Maharashtra,2025-09-30,XXXX3680,Active,294.83
MCH4529,Wali Llc,5999,Miscellaneous,Sole Proprietor,Delhi,Delhi,2023-02-13,XXXX0169,On Hold,468.55
MCH3233,"Dada, Pingle And Date",5699,Apparel & Fashion,Individual,Pune,Maharashtra,2025-11-23,,Inactive,5434.84
MCH1573,"Tailor, Som And Soni",4814,Telecom,Partnership,Jalandhar,Punjab,2023-12-11,,Active,540.2
MCH8795,Basak-Bhavsar,5942,Books & Stationery,Sole Proprietor,Jaipur,Rajasthan,2024-03-15,XXXX0185,Inactive,243.16
MCH3272,Gera Group,5699,Apparel & Fashion,Sole Proprietor,Chennai,Tamil Nadu,2023-03-04,EMXM6349169987807,Active,2272.01
MCH2223,Dhaliwal Llc,4814,Telecom,Individual,Mumbai,Maharashtra,2024-07-14,XXXX3669,Active,543.88
MCH8644,M0Re-L0Ke,4131,Transportation,Individual,Ludhiana,Punjab,2025-07-20,,Active,1294.91
MCH6666,"Atwal, Sahni And Baral",5311,Retail,Private Limited,Mumbai,Maharashtra,2025-03-03,,On Hold,2735.37
MCH2188,"Sundaram, Prakash And Sheth",5699,Apparel & Fashion,Sole Proprietor,Hyderabad,Telangana,2025-11-02,,Active,
MCH1732,"Bal, Loke And Chadha",5411,Grocery,Private Limited,Delhi,Delhi,2024-10-24,9581945425,Active,3477.98
MCH8492,Narayan Gr0Up,4814,Telecom,Individual,Kolkata,West Bengal,,XXXX3928,Inactive,
MCH7991,Rastogi Plc,5942,Books & Stationery,Partnership,Mumbai,Maharashtra,,,Active,1076.7
MCH1816,Modi-Sinha,,Grocery,Individual,Hyderabad,Telangana,2023-11-24,XXXX5140,Active,
MCH1956,Sodhi Plc,5912,Pharmacy,Individual,Amritsar,Punjab,2025-09-28,TLKU2109519549509,Active,1459.74
MCH1343,Narasimhan-Shetty,5999,Miscellaneous,Individual,Kolkata,West Bengal,2023-08-18,LWCS5510064722287,Active,3443.8
MCH8674,"Mani, Dutta And Issac",5812,Restaurants & Food,Private Limited,Chennai,Tamil Nadu,2023-05-05,1748773482,Active,
MCH4637,Mitter-Pandya,5411,Grocery,Individual,Chennai,Tamil Nadu,2023-05-09,XXXX4099,Active,2198.28
MCH7833,"Chopra, Baral And Hayre",5942,Books & Stationery,Sole Proprietor,Hyderabad,Telangana,2023-02-10,,Suspended,648.0
MCH4767,Prasad Inc,,Telecom,Private Limited,Pune,Maharashtra,2023-06-20,,Inactive,789.87
MCH9298,Jain Ltd,5942,Books & Stationery,Sole Proprietor,Bengaluru,Karnataka,2024-02-03,XXXX4996,Active,8519.11
MCH5268,Nagy-Ravel,5999,Miscellaneous,Sole Proprietor,Kolkata,West Bengal,2025-10-23,AMOJ0905717120034,Suspended,4125.6
MCH2786,"Majumdar, Ramachandran And Bava",5699,Apparel & Fashion,Private Limited,Ludhiana,Punjab,2023-12-17,,Active,1259.46
MCH2020,"Gole, Bera And Patla",5912,Medical,Sole Proprietor,Bengaluru,Karnataka,2024-03-31,,Active,
MCH6814,Gara-Seth,4814,Telecom,Private Limited,Jaipur,Rajasthan,2024-02-07,2121833537,Active,
MCH6143,Baral Plc,5411,Grocery,Partnership,Kolkata,West Bengal,2024-12-05,7112045329,Active,1054.97
MCH1336,Contractor-Dube,5912,Pharmacy,Partnership,Jalandhar,Punjab,2025-05-26,,Active,885.0
MCH9188,Randhawa Plc,4814,Telecom,Partnership,Jalandhar,Punjab,2024-09-11,XXXX7941,Active,
MCH9474,"Dutta, Ramesh And Buch",7011,Hotel & Lodging,Sole Proprietor,Hyderabad,Telangana,2024-10-13,,Suspended,290.21
MCH4692,"Bhargava, Rajagopal And Karan",7011,Hotel & Lodging,Private Limited,Delhi,Delhi,2024-08-06,6021368633,Active,
MCH1756,"Borah, Sura And Kunda",5411,Grocery,Private Limited,Jaipur,Rajasthan,2025-10-21,,Active,1371.78
MCH2201,"Chandra, Sen And Ray",5812,Restaurants & Food,Private Limited,Bengaluru,Karnataka,2025-11-17,XXXX8373,Active,
MCH3391,Dass Inc,4131,Transportation,Partnership,Lucknow,Uttar Pradesh,,XXXX1148,Active,1298.0
MCH5445,Ganesan Ltd,5311,Retail,Partnership,Delhi,Delhi,2025-10-19,BVDS4788304098373,Active,2186.0
MCH9276,Trivedi-Kunda,5699,Apparel & Fashion,Individual,Delhi,Delhi,2025-12-31,XXXX9182,Inactive,2310.01
MCH3925,Buch-Zachariah,5999,Miscellaneous,Partnership,Amritsar,Punjab,2025-03-01,BUKN1515786567969,Active,
MCH5037,Chadha Llc,5311,Department Store,Private Limited,Jaipur,Rajasthan,2025-05-03,5877889834,Active,
MCH2960,Malhotra-Buch,4131,Transportation,Private Limited,Chennai,Tamil Nadu,2023-06-01,XXXX6660,Active,2348.07
MCH4497,Padmanabhan Group,5812,Restaurants & Food,Individual,Mumbai,Maharashtra,,,Active,2142.62
MCH8844,Bains Plc,,Restaurants & Food,Individual,Delhi,Delhi,2023-08-25,,Active,1442.98
MCH6225,"Loyal, Mander And Agrawal",5411,Grocery,Sole Proprietor,Kolkata,West Bengal,2023-12-17,,Active,859.91
MCH2806,"Raman, Aggarwal And Salvi",5999,Miscellaneous,Partnership,Hyderabad,Telangana,2024-10-16,,Active,2271.51
MCH2655,"Brahmbhatt, Desai And Sangha",4814,Telecom,Sole Proprietor,Amritsar,Punjab,2026-01-04,4532869649,Inactive,3102.0
MCH8953,Sibal Group,5699,Apparel & Fashion,Partnership,Kolkata,West Bengal,2023-02-28,ZSUM7213589595095,Suspended,1723.81
MCH2896,Jayaraman-Nazareth,5912,Medical,Private Limited,Kolkata,West Bengal,2025-07-30,,Active,1312.79
MCH2510,Sathe Plc,5912,Pharmacy,Partnership,Chennai,Tamil Nadu,2024-02-02,XXXX9018,Active,596.36
MCH8259,Lall Group,5942,Books & Stationery,Sole Proprietor,Jalandhar,Punjab,2023-04-13,,Active,2667.52
MCH1364,Kumar Llc,5942,Books & Stationery,Partnership,Jalandhar,Punjab,2023-04-15,UUOX3735339322838,Active,1017.95
MCH1568,Chandran Ltd,7011,Hotel & Lodging,Sole Proprietor,Lucknow,Uttar Pradesh,2024-09-04,,Active,3618.31
MCH6950,"Bal, Swaminathan And Desai",5912,Pharmacy,Partnership,Jaipur,Rajasthan,2025-04-10,XXXX4795,Active,1101.05
MCH2153,"Dara, Vala And Venkatesh",5699,Apparel & Fashion,Partnership,Chennai,Tamil Nadu,2023-06-21,,Active,
MCH4225,Karnik Llc,5699,Apparel & Fashion,Individual,Ludhiana,Punjab,2025-02-05,5426893917,Active,537.99
MCH3119,Chana-Deshmukh,5311,Department Store,Private Limited,Hyderabad,Telangana,2024-12-02,,Active,4993.0
MCH9481,"Seshadri, Hora And Magar",,Telecom,Sole Proprietor,Jalandhar,Punjab,2024-02-09,,Active,927.01
MCH6738,Bhavsar Llc,5699,Apparel & Fashion,Individual,Lucknow,Uttar Pradesh,2024-05-29,,Active,
MCH1397,Memon Llc,4131,Books & Stationery,Private Limited,Bengaluru,Karnataka,2025-04-18,XXXX0515,Active,1062.38
MCH9059,Shroff Ltd,5311,Department Store,Private Limited,Jalandhar,Punjab,2023-07-18,,Active,399.71
MCH8329,"Halder, Panchal And Pandit",5411,Miscellaneous,Individual,Lucknow,Uttar Pradesh,2025-07-10,XXXX8898,Active,422.0
MCH4958,Dara Inc,4814,Telecom,Partnership,Pune,Maharashtra,2025-03-30,XXXX0462,Active,
MCH4582,Pai-Shenoy,5411,Telecom,Individual,Pune,Maharashtra,2025-03-18,XXXX2537,Active,1857.0
MCH1939,"Lal,Sahniandchopra",7011,Hotel & Lodging,Private Limited,Ludhiana,Punjab,2026-02-05,XXXX8735,Active,509.0
MCH2799,Kadakia-Nayak,5812,Restaurants & Food,Sole Proprietor,Delhi,Delhi,2025-05-04,LDOE2045126421896,Active,
MCH9353,Ray-Gaba,5812,Restaurants & Food,Private Limited,Pune,Maharashtra,2023-09-21,4567108215,Active,1357.72
MCH3818,Gopal-Khalsa,4814,Telecom,Partnership,Amritsar,Punjab,,,Active,200.35
MCH1245,"Kumer, Varghese And Dhawan",7011,Pharmacy,Partnership,Pune,Maharashtra,2023-08-23,,Active,725.32
MCH4649,"Mand,Dattaandsanghvi",7011,Hotel & Lodging,Partnership,Ludhiana,Punjab,2024-10-16,,Active,666.8
MCH6662,Din-Gour,5999,Miscellaneous,Individual,Pune,Maharashtra,2024-02-26,XXXX2767,Active,3959.93
MCH9369,Kara Group,7011,Hotel & Lodging,Sole Proprietor,Kolkata,West Bengal,2024-07-06,,Active,2036.0
MCH3178,Ganesangroup,5699,Apparel & Fashion,Individual,Delhi,Delhi,2025-12-01,,Active,136.0
MCH4157,Minhas-Saran,4814,Telecom,Partnership,Mumbai,Maharashtra,2025-11-02,,Active,
MCH4458,"Gola, Dixit And Banik",5411,Grocery,Sole Proprietor,Amritsar,Punjab,2023-08-25,XXXX8441,Active,991.85
MCH8314,Chawla-Mander,4131,Transportation,Partnership,Kolkata,West Bengal,2024-09-07,PBDO0323494203428,Active,93.33
MCH8472,Guha-Sandhu,4814,Telecom,Partnership,Amritsar,Punjab,,,Active,1828.57
MCH6575,"Nagarajan, Rout And Suri",,Hotel & Lodging,Individual,Bengaluru,Karnataka,2025-01-09,,Active,
MCH5929,"Natt, Iyengar And Desai",5699,Apparel & Fashion,Sole Proprietor,Delhi,Delhi,2024-02-21,VDBK0710307689723,Active,1050.02
MCH9434,Srinivasan-Savant,5812,Restaurants & Food,Partnership,Chennai,Tamil Nadu,2023-05-01,XXXX0171,Active,
MCH6582,Sagar Group,5912,Pharmacy,Partnership,Kolkata,West Bengal,2023-06-09,,Active,1999.0
MCH5015,"Pall, Mand And Balakrishnan",5812,Restaurants & Food,Sole Proprietor,Lucknow,Uttar Pradesh,2024-12-23,9471379053,Active,2215.59
MCH1706,"Vala, Nagarajan And Saxena",5311,Department Store,Partnership,Mumbai,Maharashtra,2023-08-27,XXXX3189,Inactive,513.27
MCH4296,Varty-Varma,5999,Miscellaneous,Private Limited,Amritsar,Punjab,2026-02-24,,Active,
MCH7105,Saini Plc,5812,Restaurants & Food,Partnership,Kolkata,West Bengal,2023-09-17,,Active,717.73
MCH7105,Mann-Oommen,4814,Telecom,Private Limited,Chennai,Tamil Nadu,2025-11-09,,Active,461.62
MCH3069,Magar Inc,5699,Apparel & Fashion,Individual,Mumbai,Maharashtra,2024-10-18,,Active,5346.85
MCH1815,Saha-Varghese,4131,Transportation,Private Limited,Delhi,Delhi,2024-04-22,XXXX3927,Active,846.74
MCH8165,"Sandhu, Saran And Dhar",5999,Miscellaneous,Sole Proprietor,Chennai,Tamil Nadu,2023-04-09,XXXX2851,Inactive,1269.15
MCH6598,"Banik, Halder And Sabharwal",7011,Hotel & Lodging,Individual,Mumbai,Maharashtra,2025-06-02,XXXX2729,Suspended,230.53
MCH5044,Mahajan-Narasimhan,5812,Books & Stationery,Individual,Chennai,Tamil Nadu,2025-09-04,,Active,1148.0
MCH1941,Bath-Sunder,4814,Telecom,Sole Proprietor,Jaipur,Rajasthan,2024-05-22,,Suspended,
MCH9012,"Bada1, Saxena And Banik",5912,Medical,Sole Proprietor,Chennai,Tamil Nadu,2023-04-06,BQEZ6789281493194,Active,275.88
MCH9565,Subramanian-Bakshi,4814,Telecom,Private Limited,Hyderabad,Telangana,2025-06-26,XXXX4080,Inactive,1964.93
MCH8135,Bhakta Plc,5999,Miscellaneous,Private Limited,Amritsar,Punjab,2024-04-09,,Active,857.0
MCH5399,Agate-Wali,5999,Miscellaneous,Private Limited,Chennai,Tamil Nadu,2025-12-26,,Active,1379.64
MCH9877,"Garde, Sabharwal And Prashad",5942,Books & Stationery,Private Limited,Hyderabad,Telangana,2024-03-02,9136330532,Active,1246.91
MCH5292,Shankar-Dhawan,5411,Grocery,Individual,Delhi,Delhi,,XXXX7847,Active,
MCH2139,"Bali, Mahajan And Oza",5942,Books & Stationery,Sole Proprietor,Bengaluru,Karnataka,2023-02-12,XXXX2161,Active,512.11
MCH1032,Manda-Hayer,7011,Hotel & Lodging,Partnership,Amritsar,Punjab,2025-04-20,XXXX4099,Inactive,674.56
MCH2224,Nadig-Varma,5812,Restaurants & Food,Private Limited,Chennai,Tamil Nadu,2025-10-29,,Active,2261.0
MCH7879,Sawhney-Goda,4814,Telecom,Individual,Jalandhar,Punjab,2023-12-30,,Active,1760.85
MCH8835,"Natarajan, Hegde And Varughese",5999,Miscellaneous,Sole Proprietor,Mumbai,Maharashtra,2025-04-08,FGCL8739381455039,Active,523.96
MCH9356,Waglellc,5411,Grocery,Partnership,Delhi,Delhi,2025-09-15,XXXX8552,Active,862.0
MCH9502,Vyas-Hayre,5942,Books & Stationery,Sole Proprietor,Mumbai,Maharashtra,2023-03-25,,Active,777.19
MCH4009,Batra Inc,5912,Pharmacy,Individual,Bengaluru,Karnataka,2023-01-02,XXXX5230,Inactive,1109.0
MCH9082,"Dutt, Behl And Sant",5311,Department Store,Individual,Hyderabad,Telangana,,6486570374,Active,621.31
MCH1447,Uppal Ltd,5912,Medical,Partnership,Lucknow,Uttar Pradesh,2026-02-20,,Active,236.04
MCH3736,Goyal-Thakur,5411,Grocery,Individual,Bengaluru,Karnataka,2023-12-08,,Active,1865.39
MCH3520,"Kannan, Bail And Sundaram",5699,Apparel & Fashion,Sole Proprietor,Ludhiana,Punjab,2024-09-16,XXXX2156,Active,
MCH4249,Jhaveri Ltd,5812,Restaurants & Food,Sole Proprietor,Bengaluru,Karnataka,2024-01-04,,Active,6385.99
MCH4752,"Chaudhuri, Sampath And Wali",5311,Department Store,Individual,Bengaluru,Karnataka,2024-01-10,13923003,Active,399.3
MCH1779,Char-Karnik,5699,Apparel & Fashion,Private Limited,Jaipur,Rajasthan,,2529504175,Active,6097.01
MCH1314,"Pant, Mammen And Doctor",5699,Apparel & Fashion,Individual,Jaipur,Rajasthan,2023-11-12,,Active,1045.43
MCH6025,Korpal-Mutti,5812,Restaurants & Food,Private Limited,Delhi,Delhi,2024-02-16,,Inactive,3367.31
MCH1683,"Sampath, Anne And Madan",5812,Restaurants & Food,Partnership,Chennai,Tamil Nadu,2026-02-14,XXXX9435,Active,2458.98
MCH3446,Ganesan-Contractor,5411,Grocery,Sole Proprietor,Lucknow,Uttar Pradesh,2026-01-24,7922786735,Inactive,348.14
MCH3614,Morar-Sundaram,5812,Restaurants & Food,Individual,Mumbai,Maharashtra,2023-08-09,XXXX5060,Active,1484.85
MCH5222,"Char, Warrior And Cherian",5699,Apparel & Fashion,Partnership,Chennai,Tamil Nadu,2024-03-19,XXXX0689,Inactive,352.83
MCH8975,"Shanker, Kothari And Balasubramanian",4814,Telecom,Individual,Mumbai,Maharashtra,2025-10-24,,Active,
MCH6023,Datta Plc,5411,Grocery,Partnership,Ludhiana,Punjab,2026-01-27,6184043041,Active,2183.74
MCH7325,Chatterjee-Manda,7011,Miscellaneous,Individual,Kolkata,West Bengal,2023-01-04,8809607607,Active,1420.0
MCH1375,Doctor-Srinivasan,5912,Pharmacy,Private Limited,Chennai,Tamil Nadu,,,Active,300.0
MCH3387,Boase Ltd,4814,Telecom,Sole Proprietor,Chennai,Tamil Nadu,2024-10-20,,Active,4926.8
MCH2766,Lalla Group,4131,Transportation,Private Limited,Jaipur,Rajasthan,2025-02-06,9008298856,Active,2585.61
MCH6824,"Talwar, Ramesh And Hora",,Books & Stationery,Sole Proprietor,Bengaluru,Karnataka,2023-10-09,XXXX8796,Active,3249.65
MCH9226,"Sandhu, Jha And Randhawa",5699,Apparel & Fashion,Individual,Pune,Maharashtra,2024-12-03,SCBS7759924913955,Active,5451.11
MCH8247,"Pandya, Muni And Hora",4814,Telecom,Partnership,Lucknow,Uttar Pradesh,2024-10-24,ODLV2829878275215,Active,1396.47
MCH9428,"Dyal, Varma And Sachdeva",5999,Miscellaneous,Private Limited,Lucknow,Uttar Pradesh,,,Active,1955.23
MCH3677,Toor And Sons,5912,Medical,Sole Proprietor,Amritsar,Punjab,2025-03-03,XXXX6857,Active,4703.03
MCH3452,"Tandon, Oza And Sharma",5411,Grocery,Sole Proprietor,Pune,Maharashtra,2025-08-04,,Inactive,
MCH9994,"Barad, Lall And Shetty",5942,Books & Stationery,Partnership,Delhi,Delhi,2026-01-13,5940602579,Active,1588.48
MCH2839,"Brar, Varughese And Cherian",5411,Grocery,Partnership,Pune,Maharashtra,2025-04-21,,Active,614.31
MCH5196,Sagar-Kohli,4131,Travel,Partnership,Delhi,Delhi,2024-02-14,9496058139,Active,3536.0
MCH3415,Keer Inc,5812,Restaurants & Food,Sole Proprietor,Chennai,Tamil Nadu,2025-06-05,XXXX8129,Active,
MCH7609,"Nagy, Bhat And Chaudhuri",4131,Transportation,Individual,Delhi,Delhi,2024-01-10,XXXX5106,Active,3649.36
MCH6360,Sur Ltd,4814,Telecom,Partnership,Pune,Maharashtra,2024-01-13,,Active,2499.76
MCH1593,Wali-Murthy,5999,Miscellaneous,Sole Proprietor,Bengaluru,Karnataka,2026-02-23,XXXX7216,Active,15388.22
MCH3270,"Chokshi, Dash And Srivastava",4131,Transportation,Partnership,Chennai,Tamil Nadu,2024-10-07,,Active,1910.46
MCH7868,Chander-Ramakrishnan,5311,Department Store,Individual,Pune,Maharashtra,2025-09-21,XXXX9717,Active,563.96
MCH2142,"Banerjee, Ghose And Parekh",5942,Books & Stationery,Sole Proprietor,Delhi,Delhi,2024-08-23,VSPN0134800422309,Active,
MCH4245,Dua Group,4131,Transportation,Partnership,Ludhiana,Punjab,2024-07-25,504410036,Active,323.1
MCH3002,"Dey, Chopra And Vig",5699,Apparel & Fashion,Individual,Ludhiana,Punjab,2024-10-27,7833308029,Active,761.12
MCH5052,Pillay-Bora,5912,Miscellaneous,Partnership,Hyderabad,Telangana,2024-01-04,XXXX9697,Active,1127.0
MCH1134,"Shenoy, Gokhale And Soman",5411,Grocery,Individual,Delhi,Delhi,2024-12-11,KZYJ5215017385369,Active,284.86
MCH2258,Walia Group,5311,Department Store,Sole Proprietor,Jalandhar,Punjab,2025-10-14,XXXX1416,Active,1902.49
MCH1308,Subramaniam-Shankar,5912,Pharmacy,Partnership,Bengaluru,Karnataka,2024-12-28,RSHZ2134290298030,Inactive,2112.78
MCH1770,Prabhu Inc,5411,Grocery,Partnership,Kolkata,West Bengal,2026-02-19,STER3056508036813,Active,1130.22
MCH9683,Pillai Inc,5411,Grocery,Partnership,Bengaluru,Karnataka,2024-11-28,,Suspended,1862.68
MCH3260,Rana And Sons,5311,Retail,Individual,Amritsar,Punjab,2023-09-23,,Active,4589.68
MCH1953,"Banerjee, Maharaj And Rege",7011,Hotel & Lodging,Sole Proprietor,Jalandhar,Punjab,2025-12-14,QMMB6426177933216,Active,1226.94
MCH3630,Chacko Ltd,5812,Restaurants & Food,Partnership,Mumbai,Maharashtra,2023-06-11,,Inactive,2433.39
MCH9471,"Bajaj, Sandal And Barad",5912,Pharmacy,Sole Proprietor,Mumbai,Maharashtra,2025-05-23,XXXX5365,Active,
MCH6570,Venkataraman Ltd,5912,Medical,Private Limited,Delhi,Delhi,2024-01-23,,Active,332.15
MCH4284,Tand0N Inc,5999,Miscellaneous,Partnership,Kolkata,West Bengal,2024-09-16,,Suspended,
MCH2593,Gour Inc,5999,Miscellaneous,Sole Proprietor,Jalandhar,Punjab,2025-10-20,4362658883,Active,1307.82
MCH6028,"Devan, Saha And Nagar",7011,Hotel & Lodging,Partnership,Jalandhar,Punjab,2023-05-02,XXXX4040,Active,2112.02
MCH9638,"Dara, Badami And Sen",5699,Apparel & Fashion,Sole Proprietor,Lucknow,Uttar Pradesh,2026-01-22,,Active,3649.35
MCH9802,Contractor-Keer,5699,Apparel & Fashion,Individual,Delhi,Delhi,2024-04-08,6197117381,Active,1430.48
MCH4503,"Varghese, Hora And Narayanan",7011,Hotel & Lodging,Sole Proprietor,Ludhiana,Punjab,,,Active,1258.0
MCH3842,"Walia, Khatri And Dey",4131,Transportation,Individual,Ludhiana,Punjab,2023-05-20,,Inactive,
MCH8615,Anand Inc,5699,Apparel & Fashion,Partnership,Chennai,Tamil Nadu,2024-11-02,NYLA3280465068444,Inactive,1493.0
MCH2744,"Divan, Narang And Jhaveri",5912,Medical,Partnership,Lucknow,Uttar Pradesh,2025-11-04,2199444279,Suspended,734.64
MCH4209,Garg-Goel,5812,Restaurants & Food,Partnership,Amritsar,Punjab,2025-08-02,VSHI3966663578716,Active,1244.58
MCH3107,Kapoor Inc,,Medical,Partnership,Pune,Maharashtra,2023-10-28,7807494643,Active,
MCH5384,Sibal Inc,5411,Grocery,Private Limited,Jaipur,Rajasthan,,,Active,951.53
MCH6372,"Memon, Master And Oak",5311,Department Store,Partnership,Amritsar,Punjab,2024-02-16,,Active,
MCH9609,Bhatti Inc,5411,Grocery,Individual,Hyderabad,Telangana,2026-01-29,BTIY5631851884644,Suspended,1792.34
MCH8628,"Char, Sastry And Sane",4131,Transportation,Individual,Pune,Maharashtra,2023-08-18,KLDA6853429090498,Active,1108.74
MCH2598,"Dutta, Ramanathan And Date",5912,Hotel & Lodging,Sole Proprietor,Delhi,Delhi,2024-02-04,XXXX9756,Active,168.75
MCH7448,Mittal Inc,4814,Telecom,Private Limited,Hyderabad,Telangana,2024-12-07,9231182109,Inactive,760.79
MCH6391,"Saxena, Sarma And Menon",5411,Grocery,Individual,Hyderabad,Telangana,2023-05-31,,Active,337.0
MCH3686,Prasad Inc,5812,Restaurants & Food,Sole Proprietor,Mumbai,Maharashtra,2024-09-04,GHWB3739951927219,Active,1179.14
MCH1926,Bhattacharyya-Om,5311,Department Store,Individual,Mumbai,Maharashtra,2025-06-16,3013938494,Active,2425.42
MCH5416,Yadav Llc,4131,Transportation,Private Limited,Jalandhar,Punjab,,,Active,898.37
MCH8417,Bhalla-Batta,5311,Department Store,Partnership,Bengaluru,Karnataka,2025-07-07,,Active,544.37
MCH2994,Ratta Group,4131,Transportation,Partnership,Ludhiana,Punjab,2023-11-14,GYYN8574685496959,Active,2132.38
MCH2344,"Purohit, Rege And Patil",7011,Apparel & Fashion,Private Limited,Jaipur,Rajasthan,,,Active,
MCH9623,Subramanian Llc,5912,Medical,Individual,Hyderabad,Telangana,2025-07-06,XXXX2659,Active,1226.76
MCH7804,Choudhry And Sons,5942,Books & Stationery,Sole Proprietor,Ludhiana,Punjab,2024-02-04,XXXX6038,Active,586.0
MCH3935,Natarajan-Karnik,4814,Telecom,Sole Proprietor,Delhi,Delhi,2025-04-23,,Active,461.4
MCH1353,Lata Llc,5999,Miscellaneous,Individual,Kolkata,West Bengal,,,Suspended,1213.36
MCH6514,Lalla-Palan,5812,Restaurants & Food,Individual,Kolkata,West Bengal,2025-03-26,XXXX0164,Active,
MCH6379,Chana-Mahajan,5942,Books & Stationery,Private Limited,Bengaluru,Karnataka,2025-08-08,XXXX7525,Active,2923.98
MCH9587,Krishnamurthy-Contractor,4814,Telecom,Sole Proprietor,Kolkata,West Bengal,2024-12-09,XXXX7878,Active,211.86
MCH5133,Sawhney Group,5411,Grocery,Individual,Hyderabad,Telangana,2024-12-10,959364769,Active,1388.77
MCH5038,"Din, Som And Bahl",5411,Pharmacy,Partnership,Lucknow,Uttar Pradesh,2024-10-20,DJBJ3245727756471,Active,1056.12
MCH4158,Sastry Inc,,Books & Stationery,Partnership,Delhi,Delhi,2024-08-15,DAYK8556309990572,Inactive,480.93
MCH7885,Sura Llc,5699,Apparel & Fashion,Partnership,Lucknow,Uttar Pradesh,2025-04-15,XXXX8127,Active,2999.12
MCH8475,"Karpe, Iyer And Gole",5942,Books & Stationery,Private Limited,Bengaluru,Karnataka,2025-04-20,,Active,2426.04
MCH7297,Kala-Sibal,5311,Department Store,Partnership,Chennai,Tamil Nadu,2024-09-02,UMLP7890709268939,Active,2004.49
MCH6131,"Dhar, Dada And Bakshi",,Apparel & Fashion,Partnership,Bengaluru,Karnataka,2024-03-10,4600930161,Inactive,1921.0
MCH5226,Tiwari-Pau,5999,Miscellaneous,Individual,Lucknow,Uttar Pradesh,2023-12-24,6912933947,Active,271.33
MCH2074,"Kaur, Minhas And Ramakrishnan",5411,Grocery,Sole Proprietor,Hyderabad,Telangana,2023-02-08,4592290564,Active,5123.0
MCH8767,Golla Group,5699,Apparel & Fashion,Sole Proprietor,Hyderabad,Telangana,2023-11-05,,Active,397.99
MCH2510,Kakar Group,5411,Grocery,Sole Proprietor,Hyderabad,Telangana,2024-03-29,XXXX3606,Active,744.85
MCH8565,"Mammen, Modi And Sankar",5812,Restaurants & Food,Sole Proprietor,Jaipur,Rajasthan,2024-07-27,,Active,609.89
MCH8003,Tank Ltd,5311,Department Store,Sole Proprietor,Hyderabad,Telangana,2023-12-14,RVNR6882512785280,Active,614.4
MCH5629,Dixit Llc,5311,Retail,Private Limited,Amritsar,Punjab,2023-09-16,OIIO2318495567735,Active,1084.28
MCH7379,Tella-Mahal,5699,Apparel & Fashion,Partnership,Jaipur,Rajasthan,2024-03-06,OFAG5218783703549,Active,
MCH6861,Venkataraman Ltd,5999,Miscellaneous,Private Limited,Mumbai,Maharashtra,2023-07-24,2685186379,Active,810.0
MCH1202,Koshy-Borde,5311,Retail,Partnership,Ludhiana,Punjab,2023-04-27,QMOB6262370066772,Active,1998.99
MCH9110,Barad Llc,7011,Hotel & Lodging,Individual,Lucknow,Uttar Pradesh,2024-08-01,XXXX8331,Inactive,1477.89
MCH6593,"Bajaj, Kha1Sa And Wab1E",5699,Apparel & Fashion,Partnership,Mumbai,Maharashtra,2024-10-27,XXXX6331,Active,
MCH7156,"Sathe, Patla And Tailor",,Department Store,Individual,Jaipur,Rajasthan,2023-04-07,3942092126,Active,2168.89
MCH6585,Bansal Ltd,5411,Grocery,Private Limited,Mumbai,Maharashtra,2025-01-25,WOEP4190245385925,Inactive,729.86
MCH4073,Gopal Plc,5812,Restaurants & Food,Individual,Jaipur,Rajasthan,2024-12-27,XXXX0031,Active,
MCH4112,Sodhi-Desai,4131,Department Store,Sole Proprietor,Hyderabad,Telangana,2023-06-06,,Inactive,3193.0
MCH7932,Kaur-De,,Grocery,Sole Proprietor,Delhi,Delhi,2024-06-20,EEPU7483825861961,Active,883.0
MCH6889,Vala Plc,5311,Department Store,Sole Proprietor,Ludhiana,Punjab,2024-07-03,XXXX2033,Active,2028.13
MCH3254,Maharaj-Sharaf,5942,Books & Stationery,Partnership,Amritsar,Punjab,2024-12-03,7494346991,Active,958.41
MCH4859,Vasa-Raju,5812,Restaurants & Food,Sole Proprietor,Hyderabad,Telangana,2025-03-17,XXXX9523,Suspended,214.0
MCH6935,"Sagar,Badalandjha",5912,Pharmacy,Private Limited,Delhi,Delhi,2025-11-06,,Active,319.7
MCH1829,Ramaswamy Group,4131,Transportation,Sole Proprietor,Kolkata,West Bengal,2024-03-15,,Active,2351.23
MCH2725,"Sridhar, Jayaraman And Rajagopalan",,Hotel & Lodging,Private Limited,Lucknow,Uttar Pradesh,,5996031822,Suspended,1550.81
MCH3285,"Prasad, Luthra And Suri",5311,Retail,Partnership,Bengaluru,Karnataka,2023-02-22,3068852550,Active,669.58
MCH5009,Arora-Wagle,5699,Apparel & Fashion,Individual,Hyderabad,Telangana,2024-11-06,XXXX1307,Inactive,1125.91
MCH1033,Virk Plc,7011,Hotel & Lodging,Individual,Amritsar,Punjab,2023-07-08,XXXX6158,Inactive,
MCH1128,Srinivasan Group,,Grocery,Private Limited,Chennai,Tamil Nadu,2024-04-19,,Active,
MCH1587,Srivastava-Saha,5912,Pharmacy,Private Limited,Kolkata,West Bengal,,XXXX9260,Active,1502.0
MCH9914,"Parmar, Sekhon And Kakar",4131,Transportation,Private Limited,Amritsar,Punjab,2025-12-15,1204552607,Active,1356.48
MCH9548,Sur Plc,5912,Pharmacy,Sole Proprietor,Bengaluru,Karnataka,2024-08-14,,Active,
MCH7146,Bali Plc,4814,Telecom,Private Limited,Hyderabad,Telangana,2025-02-14,6264736894,Active,8255.11
MCH6338,Dutta Plc,5311,Department Store,Individual,Kolkata,West Bengal,2024-06-29,,Active,1835.5
MCH3780,"Dass, Bath And Halder",5311,Department Store,Sole Proprietor,Chennai,Tamil Nadu,2024-02-11,,Active,2876.39
MCH1965,Chawla-Sawhney,4814,Telecom,Individual,Bengaluru,Karnataka,2025-08-21,,Active,4592.95
MCH9955,Nori-Nazareth,5699,Apparel & Fashion,Sole Proprietor,Delhi,Delhi,2024-05-22,,On Hold,673.27
MCH1200,Vora And Sons,,Apparel & Fashion,Private Limited,Pune,Maharashtra,2023-02-08,MQRX2052089170910,Active,1072.0
MCH6543,Goswami-Ray,5699,Apparel & Fashion,Partnership,Chennai,Tamil Nadu,2025-04-04,XXXX9238,Active,2501.19
MCH1115,Nadkarni Llc,4131,Transportation,Partnership,Jalandhar,Punjab,,,Active,6943.0
MCH9853,Dhar-Raval,5912,Pharmacy,Sole Proprietor,Kolkata,West Bengal,,,Active,795.17
MCH9942,Choudhry-Shenoy,4814,Telecom,Partnership,Amritsar,Punjab,2024-09-08,JYCX6599095859245,Active,1359.79
MCH4353,"Sha, Thaman And Bhasin",5699,Apparel & Fashion,Partnership,Lucknow,Uttar Pradesh,2024-05-02,XXXX4052,Inactive,
MCH3675,Soman Llc,5999,Miscellaneous,Individual,Hyderabad,Telangana,2026-02-13,,Inactive,223.0
MCH8054,"Kant, Gara And Grewal",4131,Transportation,Sole Proprietor,Chennai,Tamil Nadu,2024-12-12,RGWT7200559316561,Active,
MCH9757,Venkataraman-Vig,5311,Department Store,Sole Proprietor,Amritsar,Punjab,2025-03-26,,Active,
MCH7919,Majumdar-Chandran,4131,Transportation,Partnership,Jaipur,Rajasthan,2025-12-09,ZYZN0297509951145,Active,4626.02
MCH9145,"Naik, Bhargava And Cherian",5912,Pharmacy,Partnership,Lucknow,Uttar Pradesh,2024-06-13,EJTD8248302454682,Active,1754.6
MCH3111,Cherian-G0Swami,,Telecom,Private Limited,Bengaluru,Karnataka,,,Active,1311.29
MCH1973,Pau-H0Ra,5311,Department Store,Individual,Amritsar,Punjab,2023-02-23,,Active,1264.21
MCH9755,Anand Inc,5311,Department Store,Private Limited,Lucknow,Uttar Pradesh,2024-10-09,EWFI4945547358021,Active,2048.19
MCH9050,"Oza, Shukla And Chandra",7011,Hotel & Lodging,Individual,Jalandhar,Punjab,2024-05-12,XXXX1789,Active,2974.94
MCH3563,Shan Inc,5912,Pharmacy,Sole Proprietor,Bengaluru,Karnataka,2024-04-01,XXXX8095,Active,335.55
MCH2392,Shetty And Sons,5912,Grocery,Individual,Amritsar,Punjab,2025-12-18,XXXX1862,Active,655.01
MCH9565,"Dhar, Shukla And Chaudhary",5942,Books & Stationery,Individual,Chennai,Tamil Nadu,2025-08-22,6503799014,Active,2205.09
MCH1153,"Johal, Suri And Rama",5999,Miscellaneous,Sole Proprietor,Kolkata,West Bengal,2023-05-08,XXXX9937,Active,153.84
MCH9483,"Yohannan, Ghose And Pal",5699,Apparel & Fashion,Partnership,Hyderabad,Telangana,2023-03-21,,Active,4425.5
MCH5665,"Parikh, Ray And Lall",5942,Books & Stationery,Partnership,Jaipur,Rajasthan,2023-09-12,XXXX1393,Active,1428.0
MCH1233,"Upadhyay, Lall And Kala",5942,Books & Stationery,Private Limited,Pune,Maharashtra,2024-07-19,,Active,
MCH4331,"Wali, Buch And Nagi",5699,Apparel & Fashion,Sole Proprietor,Amritsar,Punjab,2025-07-31,5107486763,Inactive,1154.33
MCH3061,Krishnamurthy-Tandon,4131,Transportation,Partnership,Pune,Maharashtra,2024-07-26,,Active,431.86
MCH9935,Sahni-Barad,5999,Miscellaneous,Partnership,Delhi,Delhi,2023-06-12,,Active,1444.0
MCH4342,S0M Plc,4814,Telecom,Private Limited,Jaipur,Rajasthan,2025-11-08,,Inactive,337.31
MCH1786,"Tank, Nadkarni And Srinivasan",4131,Travel,Private Limited,Amritsar,Punjab,2024-03-15,DQUX6492697797570,Active,353.77
MCH4115,"Bandi, Rau And Hayre",4131,Transportation,Sole Proprietor,Jaipur,Rajasthan,2025-03-05,YBME5428003718558,Suspended,748.37
MCH8864,Lala-Ben,5912,Pharmacy,Individual,Ludhiana,Punjab,2025-12-28,,Active,869.2
MCH8007,Hans Group,4131,Transportation,Sole Proprietor,Chennai,Tamil Nadu,2023-11-09,2894393423,Suspended,2825.02
MCH1480,Bala-Magar,5999,Miscellaneous,Individual,Hyderabad,Telangana,,,Active,
MCH2674,Rajagopalan Inc,5912,Pharmacy,Partnership,Amritsar,Punjab,2023-03-08,,Active,1499.0
MCH9094,"Yadav, Zacharia And Dutt",5912,Pharmacy,Sole Proprietor,Ludhiana,Punjab,2023-09-24,2133770313,Suspended,1081.32
MCH9423,Apte Group,7011,Hotel & Lodging,Sole Proprietor,Chennai,Tamil Nadu,2025-10-24,HHBU3998361677128,Active,3132.43
MCH9165,Batta Plc,,Transportation,Private Limited,Chennai,Tamil Nadu,2023-11-06,8743490607,Suspended,
MCH6930,Dave And Sons,,Apparel & Fashion,Private Limited,Delhi,Delhi,2025-01-17,3789755588,Active,
MCH8616,Ratti-Jha,5699,Apparel & Fashion,Sole Proprietor,Pune,Maharashtra,2025-05-30,,Active,
MCH2470,Mutti-Bawa,,Pharmacy,Individual,Jalandhar,Punjab,2025-12-13,XXXX5194,Suspended,444.91
MCH2710,"Sami, Sibal And Sabharwal",4814,Telecom,Sole Proprietor,Ludhiana,Punjab,2024-02-08,AKLL1339623695675,Active,1319.1
MCH3722,Jhaveri Ltd,5912,Pharmacy,Private Limited,Ludhiana,Punjab,2024-06-29,6603889131,Active,4309.0
MCH4382,Modi-Sengupta,5912,Pharmacy,Individual,Mumbai,Maharashtra,2025-02-15,9182714411,Active,650.1
MCH7191,Bhargava Ltd,5942,Books & Stationery,Sole Proprietor,Hyderabad,Telangana,2023-07-26,XXXX5061,Inactive,528.97
MCH6101,Dora-Bajwa,5912,Medical,Private Limited,Pune,Maharashtra,2025-07-28,2854493333,Active,3328.35
MCH6511,"Doctor, Sur And Badal",5411,Grocery,Sole Proprietor,Pune,Maharashtra,2024-07-27,XXXX9778,Active,778.51
MCH2903,Swamy-Parsa,5699,Apparel & Fashion,Individual,Mumbai,Maharashtra,2023-04-14,,Inactive,1218.16
MCH1443,Swamy Plc,5999,Miscellaneous,Private Limited,Lucknow,Uttar Pradesh,2023-06-10,,Inactive,209.63
MCH8703,Mody Group,,Miscellaneous,Partnership,Hyderabad,Telangana,2023-04-09,XXXX1194,Suspended,2908.51
MCH8574,Vohra Group,5912,Medical,Individual,Jaipur,Rajasthan,2026-04-02,NSHE9263060444640,Inactive,
MCH4096,Raman Inc,,Apparel & Fashion,Private Limited,Chennai,Tamil Nadu,,6736501272,Active,2014.0
MCH2060,Grover-Dugar,5411,Hotel & Lodging,Individual,Chennai,Tamil Nadu,2025-10-02,DZGT5983407724510,Active,540.0
MCH9190,"Dugar, Babu And Ba1A",5812,Restaurants & Food,Individual,Chennai,Tamil Nadu,2025-01-24,,Active,471.43
MCH5441,Sur Group,5411,Grocery,Private Limited,Ludhiana,Punjab,2023-02-08,UQUC6317470493069,Active,1094.34
MCH8119,Subramanianandsons,,Transportation,Sole Proprietor,Amritsar,Punjab,2023-06-14,,Active,1285.93
MCH1144,Morar-Rattan,5699,Apparel & Fashion,Sole Proprietor,Jaipur,Rajasthan,2025-01-20,,Active,1182.28
MCH4428,Raja-Kapadia,5942,Books & Stationery,Private Limited,Pune,Maharashtra,2023-01-21,4361145093,Active,3396.0
MCH8209,"Cheema, Bansal And Comar",5699,Apparel & Fashion,Sole Proprietor,Ludhiana,Punjab,2023-12-27,WBQV3675439647595,Active,6788.0
MCH6555,Tata-Bajwa,5311,Retail,Partnership,Lucknow,Uttar Pradesh,2023-12-24,,On Hold,3890.0
MCH8456,Srinivasan And Sons,5411,Grocery,Individual,Jalandhar,Punjab,2023-03-04,XXXX9275,Active,3454.0
MCH4656,Purohit-Sinha,4131,Transportation,Sole Proprietor,Lucknow,Uttar Pradesh,,9508093837,Active,1533.86
MCH7236,Bhasin Llc,5699,Apparel & Fashion,Partnership,Jalandhar,Punjab,2025-01-31,XXXX8980,Active,1228.0
MCH6554,Vora Llc,7011,Hotel & Lodging,Individual,Bengaluru,Karnataka,2024-10-06,,Inactive,3625.66
MCH9032,Johal-Vaidya,5311,Department Store,Partnership,Mumbai,Maharashtra,2023-06-07,,Active,821.89
MCH2671,Mohanty-Chakrabarti,5999,Miscellaneous,Partnership,Jalandhar,Punjab,2023-05-08,,Active,1187.55
MCH6331,"Varughese, Sandhu And Issac",,Books & Stationery,Individual,Hyderabad,Telangana,2025-01-09,,Active,868.0
MCH2126,Golla And Sons,5311,Department Store,Partnership,Hyderabad,Telangana,2024-04-15,VOOP9800619907319,Active,342.0
MCH1391,"Kale, Shroff And Barad",7011,Hotel & Lodging,Individual,Kolkata,West Bengal,2025-10-31,,Suspended,2757.0
MCH4303,"Dhingra, Khurana And Zachariah",4814,Telecom,Partnership,Mumbai,Maharashtra,2023-08-25,,Active,2476.0
MCH9881,Kalla-Tara,5411,Grocery,Private Limited,Delhi,Delhi,2025-04-10,,Active,1174.86
MCH7384,Ahuja Group,4131,Department Store,Individual,Delhi,Delhi,2023-05-18,XXXX3860,Active,1058.0
MCH4593,Dube-Ravel,7011,Hotel & Lodging,Partnership,Hyderabad,Telangana,2025-08-30,,Active,1285.0
MCH5656,Narayanan Group,4814,Telecom,Partnership,Lucknow,Uttar Pradesh,2023-11-12,SICD4237260629825,Active,509.12
MCH2297,Mutti And Sons,5942,Books & Stationery,Partnership,Ludhiana,Punjab,2026-01-15,,Active,1134.74
MCH9319,Cherian And Sons,5699,Apparel & Fashion,Individual,Jaipur,Rajasthan,2025-07-03,XXXX4972,Active,1697.03
MCH9442,Issac-Batra,7011,Hotel & Lodging,Partnership,Delhi,Delhi,2025-08-12,,Active,1049.17
MCH5622,"Biswas, Shetty And Nazareth",5912,Pharmacy,Partnership,Lucknow,Uttar Pradesh,2025-11-13,,Active,1250.67
MCH2037,"Kaul, Peri And Viswanathan",5311,Department Store,Private Limited,Kolkata,West Bengal,2023-09-23,,Active,1457.35
MCH1878,Narula Group,7011,Hotel & Lodging,Private Limited,Delhi,Delhi,2025-02-26,XXXX5015,Active,
MCH2588,"Kala, Mahajan And Kumar",5912,Pharmacy,Individual,Jalandhar,Punjab,2023-08-15,,Active,641.02
MCH6397,Tella-Lad,5912,Pharmacy,Private Limited,Lucknow,Uttar Pradesh,2025-10-10,,Active,872.0
MCH7001,Das Llc,4814,Telecom,Private Limited,Kolkata,West Bengal,2025-09-02,,Active,3255.38
MCH4263,Kari And Sons,4814,Telecom,Private Limited,Kolkata,West Bengal,2023-11-27,,Active,
MCH1089,Randhawa-Barad,5942,Books & Stationery,Individual,Jalandhar,Punjab,2025-06-12,,Active,8714.78
MCH6167,"Chawla, Andra And Varty",4814,Telecom,Partnership,Hyderabad,Telangana,2023-05-08,6258351219,Active,2407.62
MCH7192,Nanda And Sons,4131,Hotel & Lodging,Private Limited,Bengaluru,Karnataka,2025-02-01,4205108918,Active,650.92
MCH6422,Dayal-Kapur,7011,Hotel & Lodging,Individual,Lucknow,Uttar Pradesh,2023-11-17,XXXX3524,Inactive,869.0
MCH2279,Sarma Inc,5912,Pharmacy,Private Limited,Mumbai,Maharashtra,2024-07-29,CIPY5229888115398,Active,2197.82
MCH3911,Bera-Pingle,5912,Pharmacy,Private Limited,Hyderabad,Telangana,2023-09-13,,Inactive,1548.45
MCH2107,"Wali, Srinivas And Vyas",5912,Pharmacy,Private Limited,Chennai,Tamil Nadu,2023-08-29,KNZL1450578164711,Active,679.27
MCH8445,Chand Inc,5999,Miscellaneous,Partnership,Jaipur,Rajasthan,2025-12-27,,Active,2873.41
MCH3094,Bali Inc,4814,Telecom,Sole Proprietor,Jalandhar,Punjab,,REUR1699185299963,Active,
MCH9117,"Kale, Kohli And Chhabra",5942,Books & Stationery,Sole Proprietor,Jalandhar,Punjab,,,On Hold,206.51
MCH7343,Dixit Ltd,5912,Pharmacy,Partnership,Jaipur,Rajasthan,,XXXX6255,Active,3142.0
MCH6377,Balasubramanianllc,5912,Medical,Individual,Mumbai,Maharashtra,2025-12-06,LULW1753905866525,Active,1259.93
MCH9580,"Murthy, Virk And Lad",,Department Store,Partnership,Ludhiana,Punjab,2025-09-20,,Active,1520.62
MCH5205,"Yogi, Minhas And Goda",5311,Department Store,Partnership,Ludhiana,Punjab,2025-01-06,,Inactive,455.0
MCH8416,Kha1Sa-Prashad,5411,Grocery,Private Limited,Delhi,Delhi,2023-12-02,8760894033,Active,478.64
MCH5245,Aggarwal Inc,5411,Grocery,Sole Proprietor,Kolkata,West Bengal,2024-07-15,,Active,
MCH6451,Cheema Ltd,4814,Telecom,Partnership,Mumbai,Maharashtra,,,Active,
MCH5611,Walia-Lad,7011,Hotel & Lodging,Partnership,Lucknow,Uttar Pradesh,2025-07-01,XXXX6019,Active,269.25
MCH9627,Randhawa Gr0Up,7011,Hotel & Lodging,Private Limited,Chennai,Tamil Nadu,2023-08-31,,Active,
MCH9246,"Krishna, Wable And Kanda",4814,Telecom,Sole Proprietor,Pune,Maharashtra,2023-01-03,XXXX5813,Active,859.77
MCH2398,"Nagarajan, Radhakrishnan And Amble",5311,Department Store,Individual,Kolkata,West Bengal,2023-08-10,UTUF0431950842048,Active,3317.39
MCH8036,"Sarma, Madan And Pandey",5912,Medical,Partnership,Mumbai,Maharashtra,2025-07-12,,Active,2055.77
MCH5678,Bhat-Borra,5912,Medical,Private Limited,Amritsar,Punjab,2024-06-08,5991796313,Active,677.93
MCH3607,Va1A-D0Ra,5812,Restaurants & Food,Individual,Ludhiana,Punjab,2024-11-09,,Active,1953.09
MCH3232,Shroff-Bobal,5812,Restaurants & Food,Partnership,Kolkata,West Bengal,2024-04-26,,Active,613.79
MCH5835,"Kanda, Saraf And Prashad",5699,Apparel & Fashion,Sole Proprietor,Jalandhar,Punjab,2023-03-06,,Active,622.64
MCH7810,Bora-Chawla,,Books & Stationery,Individual,Amritsar,Punjab,2023-04-11,WADW8907156741077,Active,631.58
MCH5204,Gokhale Ltd,5411,Grocery,Sole Proprietor,Hyderabad,Telangana,,IWXN3869048789492,Active,955.33
MCH8941,Mutti-Sharaf,7011,Hotel & Lodging,Sole Proprietor,Bengaluru,Karnataka,2025-01-26,,Active,153.27
MCH4947,"Dada, Shroff And Lall",5411,Apparel & Fashion,Individual,Hyderabad,Telangana,2023-03-17,,Active,1747.23
MCH1944,Srinivas-Singh,,Hotel & Lodging,Individual,Mumbai,Maharashtra,2025-08-27,SBWS9188089804745,Active,1161.95
MCH6866,Shroff Plc,5912,Medical,Partnership,Ludhiana,Punjab,2023-01-16,4290543649,Active,1819.8
MCH2971,"Garg, Merchant And Kuruvilla",5699,Apparel & Fashion,Individual,Ludhiana,Punjab,2024-08-28,,Active,
MCH9263,"Chatterjee, Anand And Mani",5999,Miscellaneous,Partnership,Kolkata,West Bengal,2024-05-05,,Active,628.47
MCH3061,Bansal Inc,5311,Department Store,Private Limited,Chennai,Tamil Nadu,2024-09-02,XXXX4596,Active,2114.75
MCH6524,Chaudry-Lall,7011,Hotel & Lodging,Sole Proprietor,Delhi,Delhi,2023-12-25,RGKG5701905439053,Inactive,
MCH5001,Prabhakar-Badami,5699,Apparel & Fashion,Sole Proprietor,Kolkata,West Bengal,2023-03-12,GTJY4648425755583,Active,4621.27
MCH6530,Yogi-D’Alia,4131,Transportation,Private Limited,Jaipur,Rajasthan,2024-06-16,,Inactive,828.59
MCH5944,Dave-Bal,4131,Transportation,Private Limited,Mumbai,Maharashtra,2024-12-18,ETMK1453170948286,Active,
MCH3264,"Narayanan, Krishnan And Bail",5411,Grocery,Sole Proprietor,Jaipur,Rajasthan,2025-03-25,XXXX4525,Active,3885.91
MCH5966,"Bala, Tandon And Keer",,Grocery,Individual,Lucknow,Uttar Pradesh,2023-06-02,,Active,255.77
MCH7200,Madan Plc,5699,Apparel & Fashion,Individual,Delhi,Delhi,2025-02-03,4050915455,Active,190.57
MCH1249,"Garg, Saha And Rattan",5999,Miscellaneous,Partnership,Jalandhar,Punjab,2023-08-21,,Active,
MCH8988,"Ratti, Rattan And Menon",5942,Books & Stationery,Private Limited,Chennai,Tamil Nadu,2026-02-21,XXXX5339,Active,1897.88
MCH4326,Morar-Jani,7011,Hotel & Lodging,Partnership,Lucknow,Uttar Pradesh,2025-12-14,,Active,9768.01
MCH5567,"Apte, Sanghvi And Varkey",5812,Restaurants & Food,Partnership,Chennai,Tamil Nadu,2023-05-06,XXXX9947,Inactive,2121.0
MCH2605,Swamy Inc,5812,Restaurants & Food,Individual,Chennai,Tamil Nadu,2026-01-22,,Inactive,1335.82
MCH7865,Rout Inc,7011,Department Store,Individual,Hyderabad,Telangana,2023-11-13,XXXX3299,Active,2187.26
MCH1340,"Dash, Saxena And Kara",4131,Transportation,Private Limited,Hyderabad,Telangana,2024-03-04,,Inactive,4203.63
