merchant_key,merchant_id,merchant_name,mcc,merchant_category,business_type,city,state,onboarding_date,settlement_account,merchant_status,declared_avg_ticket_size
1,MCH1001,Anand-Kothari,,Grocery,Partnership,Pune,Maharashtra,2026-02-17,7962506762,Active,332.55
2,MCH1002,"Apte, Saha And Edwin",5812.0,Restaurants & Food,Private Limited,Bengaluru,Karnataka,2026-01-07,XXXX8596,Active,1671.2
3,MCH1003,"Nayar, Batta And Barad",5699.0,Apparel & Fashion,Private Limited,Chennai,Tamil Nadu,,,Active,792.91
4,MCH1004,Pillai-Mohan,4131.0,Travel,Sole Proprietor,Lucknow,Uttar Pradesh,2023-08-04,3448414449,Active,342.7
5,MCH1005,Sagar And Sons,5912.0,Medical,Partnership,Ludhiana,Punjab,2024-06-02,IPTY9767700049775,Active,967.53
6,MCH1007,"Sunder, Wason And Pau",5812.0,Restaurants & Food,Partnership,Jaipur,Rajasthan,2023-11-19,,Active,164.45
7,MCH1009,Bha11A-Dave,5812.0,Transportation,Individual,Mumbai,Maharashtra,2024-08-01,BAVP5007663773178,Active,1496.0
8,MCH1010,Menon-Andra,,Grocery,Private Limited,Delhi,Delhi,2024-11-17,XXXX4837,Active,678.36
9,MCH1011,Wable And Sons,5411.0,Grocery,Private Limited,Ludhiana,Punjab,2023-11-02,,Active,6536.07
10,MCH1014,"Agate, Saxena And Pandit",5311.0,Department Store,Partnership,Jalandhar,Punjab,2023-12-21,3851769270,Active,1096.96
11,MCH1015,Mannan-Subramaniam,7011.0,Hotel & Lodging,Individual,Hyderabad,Telangana,2024-05-19,,Active,
12,MCH1016,"Mangat, Som And Deshmukh",5942.0,Books & Stationery,Individual,Pune,Maharashtra,2025-02-08,OOIR2591293670615,Suspended,756.28
13,MCH1018,Kannan-Khatri,5311.0,Department Store,Individual,Jalandhar,Punjab,2023-03-19,,Active,1791.0
14,MCH1019,Iyer-Thaker,5699.0,Apparel & Fashion,Partnership,Kolkata,West Bengal,2025-05-23,XXXX9462,Active,
15,MCH1020,Garg-Kale,4131.0,Transportation,Sole Proprietor,Amritsar,Punjab,2023-09-05,,Active,1015.68
16,MCH1021,Naik-Karpe,5411.0,Grocery,Sole Proprietor,Mumbai,Maharashtra,2025-11-16,BPUY6277335937444,Active,2341.57
17,MCH1022,Ramesh-Bhat,,Miscellaneous,Private Limited,Hyderabad,Telangana,,,Active,3026.17
18,MCH1032,Nori-Nigam,7011.0,Hotel & Lodging,Sole Proprietor,Pune,Maharashtra,2025-09-21,DXHQ1859405929058,Active,652.29
19,MCH1033,Sidhu And Sons,4814.0,Telecom,Individual,Jalandhar,Punjab,2023-09-11,WXKC0706100279623,Active,1871.48
20,MCH1034,Devi-Chaudhari,7011.0,Hotel & Lodging,Private Limited,Delhi,Delhi,2024-06-17,XXXX9097,Active,243.38
21,MCH1035,Minhas-Khatri,5812.0,Restaurants & Food,Sole Proprietor,Mumbai,Maharashtra,2024-01-24,LDCT0604920639781,Active,5777.68
22,MCH1039,Lal-Barad,4814.0,Telecom,Sole Proprietor,Lucknow,Uttar Pradesh,2025-07-28,,Active,3062.03
23,MCH1040,Krishnan And S0Ns,5411.0,Grocery,Sole Proprietor,Jalandhar,Punjab,2023-01-06,5805252531,Active,1030.03
24,MCH1041,Pat1A-S0M,,Apparel & Fashion,Private Limited,Kolkata,West Bengal,2024-04-21,,Active,3701.53
25,MCH1044,"Jha, Salvi And Setty",5311.0,Retail,Partnership,Hyderabad,Telangana,2024-10-28,VZSQ7155957356020,Active,1084.93
26,MCH1047,Rana-Aurora,4814.0,Telecom,Partnership,Bengaluru,Karnataka,2023-08-20,BJXS0430805448675,Active,1003.46
27,MCH1050,Trivedi-Zachariah,5699.0,Apparel & Fashion,Sole Proprietor,Jaipur,Rajasthan,2025-01-30,368449602,Active,2479.88
28,MCH1053,"Gera, Grover And Sehgal",4814.0,Telecom,Individual,Amritsar,Punjab,2025-02-22,,Active,
29,MCH1054,Cheema Ltd,5311.0,Department Store,Private Limited,Pune,Maharashtra,2023-05-27,,Active,868.09
30,MCH1055,Dhingra-Kapoor,5311.0,Retail,Partnership,Bengaluru,Karnataka,2024-12-30,6794786904,Active,
31,MCH1056,Mital-Jhaveri,5311.0,Department Store,Partnership,Amritsar,Punjab,2023-09-10,6820698589,Active,5938.05
32,MCH1058,"Vyas,Virkanddatta",5311.0,Department Store,Partnership,Pune,Maharashtra,2023-01-20,XXXX0826,Active,1504.39
33,MCH1059,Prasad Ltd,4814.0,Telecom,Partnership,Hyderabad,Telangana,2023-03-18,XXXX9900,Active,4187.75
34,MCH1060,"Subramaniam, Rama And Contractor",4131.0,Transportation,Individual,Hyderabad,Telangana,2024-05-02,FXHY9362967598468,Active,480.0
35,MCH1063,"Samra, Sur And Venkataraman",5999.0,Miscellaneous,Private Limited,Chennai,Tamil Nadu,2023-06-13,2476053551,Active,1297.7
36,MCH1064,Nanda Ltd,5812.0,Restaurants & Food,Individual,Amritsar,Punjab,2025-09-09,,Active,1182.15
37,MCH1068,Mall-Palan,,Miscellaneous,Sole Proprietor,Jaipur,Rajasthan,2026-02-09,PKRN8629349498422,Active,663.04
38,MCH1070,Pandya Plc,5999.0,Miscellaneous,Private Limited,Chennai,Tamil Nadu,2024-09-03,,Active,1259.2
39,MCH1071,"Keer, Roy And Narayanan",,Medical,Sole Proprietor,Jaipur,Rajasthan,2025-04-17,4373595007,Active,619.21
40,MCH1072,Kalla-Khalsa,5812.0,Restaurants & Food,Private Limited,Mumbai,Maharashtra,2025-11-10,,Inactive,422.23
41,MCH1073,"Dasgupta,Rayanddara",,Medical,Partnership,Lucknow,Uttar Pradesh,2024-09-22,XXXX7293,Suspended,1002.63
42,MCH1075,Pingle-Mohan,5912.0,Medical,Sole Proprietor,Ludhiana,Punjab,2025-02-24,XXXX2118,Active,1639.19
43,MCH1077,Taneja-Nagar,5411.0,Grocery,Individual,Amritsar,Punjab,2026-02-27,QQWI6101172213624,Active,358.21
44,MCH1079,Sharaf And Sons,,Telecom,Sole Proprietor,Pune,Maharashtra,2023-10-20,,Active,455.39
45,MCH1081,Mistry Group,5812.0,Restaurants & Food,Private Limited,Mumbai,Maharashtra,2025-05-27,XXXX5682,Active,2299.04
46,MCH1082,Oommen Inc,7011.0,Hotel & Lodging,Partnership,Amritsar,Punjab,,6717543820,Active,833.19
47,MCH1083,Chaudhry-Bhat,5812.0,Restaurants & Food,Sole Proprietor,Jalandhar,Punjab,2025-04-30,DSMZ2555394666399,Inactive,730.39
48,MCH1084,Krishnamurthy Inc,5999.0,Miscellaneous,Private Limited,Jalandhar,Punjab,2025-04-21,7207827487,Active,4469.21
49,MCH1086,Agrawal-Sule,,Apparel & Fashion,Individual,Ludhiana,Punjab,2023-11-13,,Active,1355.59
50,MCH1087,"Mitter, Sawhney And Luthra",7011.0,Hotel & Lodging,Partnership,Chennai,Tamil Nadu,2025-04-19,,Suspended,2381.71
51,MCH1089,Randhawa-Barad,5942.0,Books & Stationery,Individual,Jalandhar,Punjab,2025-06-12,,Active,8714.78
52,MCH1093,"Dubey, Uppal And Bhatt",5812.0,Restaurants & Food,Private Limited,Pune,Maharashtra,2025-04-26,,Inactive,4005.67
53,MCH1095,Mander Group,4814.0,Telecom,Partnership,Kolkata,West Bengal,2023-01-30,XXXX5510,Active,1277.94
54,MCH1096,Subramanian-Prasad,5699.0,Apparel & Fashion,Individual,Hyderabad,Telangana,2025-03-07,,Active,8373.82
55,MCH1097,"Narayan, Datta And Chowdhury",5999.0,Miscellaneous,Individual,Lucknow,Uttar Pradesh,2025-09-05,,Active,343.8
56,MCH1098,"Raval, Yadav And Yogi",7011.0,Hotel & Lodging,Private Limited,Jaipur,Rajasthan,2023-12-01,XXXX3614,Active,181.0
57,MCH1100,Swamy Inc,5311.0,Retail,Partnership,Ludhiana,Punjab,2024-08-17,9084083237,Inactive,2008.22
58,MCH1101,Mangal Inc,5912.0,Medical,Individual,Chennai,Tamil Nadu,2023-06-19,XXXX7862,Active,2025.16
59,MCH1104,Chander Llc,4814.0,Telecom,Private Limited,Delhi,Delhi,2024-09-05,,Active,778.62
60,MCH1106,"Agrawal, Ganguly And Kalla",5411.0,Grocery,Private Limited,Delhi,Delhi,2024-08-25,ZKGK4764088745020,Active,1100.28
61,MCH1107,Sen-Das,,Telecom,Private Limited,Chennai,Tamil Nadu,2024-09-16,VDXT6754486241555,Active,
62,MCH1109,Solanki Ltd,5311.0,Department Store,Partnership,Mumbai,Maharashtra,2023-07-23,XXXX9384,Active,1262.18
63,MCH1115,Nadkarni Llc,4131.0,Transportation,Partnership,Jalandhar,Punjab,,,Active,6943.0
64,MCH1118,Chokshiinc,4131.0,Transportation,Partnership,Jalandhar,Punjab,2025-07-26,XXXX1304,Active,590.75
65,MCH1122,"Rana, Choudhury And Garde",5912.0,Medical,Partnership,Ludhiana,Punjab,2024-11-30,XXXX6047,Active,4792.92
66,MCH1124,"Hayre, Chana And Bhasin",5699.0,Apparel & Fashion,Sole Proprietor,Jaipur,Rajasthan,2024-05-10,,Active,843.01
67,MCH1126,"Nayak, Dhaliwal And Soman",5411.0,Grocery,Partnership,Jalandhar,Punjab,2026-12-02,,Active,564.83
68,MCH1128,Natt-Keer,5999.0,Miscellaneous,Sole Proprietor,Hyderabad,Telangana,2026-01-10,XXXX1918,Active,1028.32
69,MCH1130,Bhargava-Dara,5311.0,Department Store,Individual,Amritsar,Punjab,2025-06-14,8689036086,Active,2188.62
70,MCH1132,Cheema Inc,5999.0,Miscellaneous,Sole Proprietor,Ludhiana,Punjab,2023-09-10,3299217122,Active,
71,MCH1133,Shere Ltd,5912.0,Pharmacy,Partnership,Bengaluru,Karnataka,2025-06-10,,Active,11501.53
72,MCH1134,"Shenoy, Gokhale And Soman",5411.0,Grocery,Individual,Delhi,Delhi,2024-12-11,KZYJ5215017385369,Active,284.86
73,MCH1136,"Bahri, Kanda And Seth",5942.0,Books & Stationery,Private Limited,Chennai,Tamil Nadu,2023-07-17,XXXX4885,Active,896.84
74,MCH1138,"Shan,Buchandtank",5942.0,Books & Stationery,Sole Proprietor,Bengaluru,Karnataka,2024-07-03,XXXX0724,Active,1369.64
75,MCH1142,"Master, Soni And Kapadia",4814.0,Telecom,Sole Proprietor,Chennai,Tamil Nadu,2024-10-06,4563871051,Active,252.13
76,MCH1143,Arya-Khanna,4131.0,Transportation,Sole Proprietor,Jalandhar,Punjab,2023-08-16,9953530102,Active,486.39
77,MCH1144,Morar-Rattan,5699.0,Apparel & Fashion,Sole Proprietor,Jaipur,Rajasthan,2025-01-20,,Active,1182.28
78,MCH1147,Dayal-Sabharwal,4814.0,Telecom,Individual,Kolkata,West Bengal,2023-11-23,XXXX2380,Inactive,939.97
79,MCH1148,Deep-Manda,4131.0,Transportation,Individual,Amritsar,Punjab,2025-06-15,,Active,3461.0
80,MCH1152,Raman-Choudhury,5411.0,Grocery,Partnership,Chennai,Tamil Nadu,2025-12-19,XXXX0685,Active,233.0
81,MCH1153,"Oommen, Sastry And Varty",5311.0,Department Store,Private Limited,Amritsar,Punjab,2024-06-17,XXXX3616,Active,873.51
82,MCH1154,Saran And Sons,5912.0,Pharmacy,Private Limited,Pune,Maharashtra,2023-12-26,TCTB2753134775657,Active,871.24
83,MCH1155,Sha Llc,4131.0,Transportation,Sole Proprietor,Amritsar,Punjab,2024-03-08,,Inactive,1753.08
84,MCH1159,De Ltd,5942.0,Books & Stationery,Individual,Kolkata,West Bengal,2025-12-05,,Active,1672.61
85,MCH1161,"Kuruvilla, Pall And Ravel",5411.0,Grocery,Private Limited,Jalandhar,Punjab,2023-12-29,,Active,549.82
86,MCH1162,"Anand, Mistry And Khare",5999.0,Miscellaneous,Private Limited,Delhi,Delhi,2025-02-12,XXXX2346,Active,1311.0
87,MCH1163,"Gour, Comar And Palan",4814.0,Telecom,Partnership,Ludhiana,Punjab,2025-10-25,BYWD2962302915002,Inactive,5449.73
88,MCH1164,Goda Plc,4131.0,Transportation,Partnership,Ludhiana,Punjab,2025-10-27,,Active,953.0
89,MCH1168,"Seshadri, Borah And Sachdeva",,Pharmacy,Individual,Pune,Maharashtra,2026-01-04,CWXA5916653675162,Active,4780.41
90,MCH1169,Dey-Gupta,5812.0,Restaurants & Food,Individual,Bengaluru,Karnataka,2023-03-17,295503532,Active,1427.7
91,MCH1170,"Wali, Bala And Sanghvi",5311.0,Department Store,Sole Proprietor,Bengaluru,Karnataka,2023-04-01,,Inactive,1109.65
92,MCH1171,Sampath-Shroff,5912.0,Medical,Partnership,Delhi,Delhi,2026-01-19,,Active,393.94
93,MCH1174,Mander-Kari,5411.0,Grocery,Partnership,Jalandhar,Punjab,2023-05-01,,Active,1013.97
94,MCH1177,"Mistry, Savant And Jha",4131.0,Transportation,Sole Proprietor,Amritsar,Punjab,2025-08-29,,Active,1663.99
95,MCH1179,Suresh-Chand,5942.0,Books & Stationery,Partnership,Chennai,Tamil Nadu,2025-11-19,,Active,
96,MCH1180,Sangha And Sons,5411.0,Grocery,Individual,Hyderabad,Telangana,2023-03-11,VUOK6265318074983,Active,993.08
97,MCH1183,Rajan Llc,5812.0,Restaurants & Food,Private Limited,Bengaluru,Karnataka,2023-02-02,,Active,1717.84
98,MCH1185,"Buch, Barad And Toor",5999.0,Miscellaneous,Partnership,Jalandhar,Punjab,2024-06-16,6769671490,Active,2955.34
99,MCH1188,M0Rar Ltd,5912.0,Pharmacy,Individual,Hyderabad,Telangana,2024-02-19,3674511273,Active,1156.7
100,MCH1189,"Rai, Doctor And Dar",5699.0,Apparel & Fashion,Sole Proprietor,Mumbai,Maharashtra,2024-11-13,8075572970,Active,1513.0
101,MCH1191,Raval Ltd,4814.0,Telecom,Individual,Kolkata,West Bengal,2023-01-19,,Inactive,1670.52
102,MCH1193,"Padmanabhan, Sekhon And Dhawan",5812.0,Restaurants & Food,Partnership,Lucknow,Uttar Pradesh,2025-01-16,,Active,1712.05
103,MCH1195,Cherian-Rana,4131.0,Transportation,Sole Proprietor,Jalandhar,Punjab,2025-09-09,,Active,364.17
104,MCH1197,"Gaba, Wadhwa And Sahni",5411.0,Grocery,Private Limited,Mumbai,Maharashtra,2024-08-01,8143796682,Active,488.96
105,MCH1199,Chad-Grewal,5812.0,Restaurants & Food,Sole Proprietor,Hyderabad,Telangana,2024-11-22,8520358001,Active,187.18
106,MCH1200,Vora And Sons,,Apparel & Fashion,Private Limited,Pune,Maharashtra,2023-02-08,MQRX2052089170910,Active,1072.0
107,MCH1202,Koshy-Borde,5311.0,Retail,Partnership,Ludhiana,Punjab,2023-04-27,QMOB6262370066772,Active,1998.99
108,MCH1204,Rana Group,5311.0,Department Store,Private Limited,Jaipur,Rajasthan,2025-05-24,,Active,733.33
109,MCH1207,"Pillai, Oak And Barman",5812.0,Restaurants & Food,Individual,Delhi,Delhi,2024-11-04,,Active,1280.08
110,MCH1210,"Dua, Buch And Kaul",,Books & Stationery,Private Limited,Mumbai,Maharashtra,,9379400368,Suspended,1903.0
111,MCH1211,"Munshi, Pai And Sibal",5311.0,Retail,Sole Proprietor,Delhi,Delhi,2023-01-04,NHYW6672789857023,Active,296.16
112,MCH1213,Ray Llc,5912.0,Pharmacy,Partnership,Pune,Maharashtra,2024-01-07,1805958295,Active,1556.0
113,MCH1214,Patel-Bhatti,5311.0,Department Store,Individual,Jalandhar,Punjab,2024-10-05,XXXX0366,Active,1829.91
114,MCH1216,Mani Ltd,5999.0,Miscellaneous,Sole Proprietor,Amritsar,Punjab,2025-04-05,WWHE9096090604868,Active,228.0
115,MCH1219,Buta1A Ltd,5699.0,Apparel & Fashion,Sole Proprietor,Lucknow,Uttar Pradesh,2025-10-23,1736220262,Active,1046.51
116,MCH1221,Nadig-Ray,5942.0,Books & Stationery,Individual,Delhi,Delhi,2024-12-22,7362492315,Active,618.0
117,MCH1222,Dass-Dugar,5411.0,Grocery,Sole Proprietor,Kolkata,West Bengal,2023-11-07,,Active,
118,MCH1224,Setty-Sami,5942.0,Books & Stationery,Individual,Kolkata,West Bengal,2023-09-02,7626814027,Active,609.48
119,MCH1226,"Apte, Pingle And Pal",,Hotel & Lodging,Private Limited,Hyderabad,Telangana,2024-01-03,,Active,2290.0
120,MCH1227,"Madan, More And Pal",5411.0,Grocery,Sole Proprietor,Hyderabad,Telangana,2025-12-08,3802553962,Active,1078.83
121,MCH1229,"Sen, Dewan And Tripathi",5942.0,Books & Stationery,Private Limited,Amritsar,Punjab,2025-02-19,JECT9983029325791,Active,2028.74
122,MCH1233,"Upadhyay, Lall And Kala",5942.0,Books & Stationery,Private Limited,Pune,Maharashtra,2024-07-19,,Active,
123,MCH1234,Comar-Kari,4131.0,Transportation,Sole Proprietor,Jalandhar,Punjab,,IUGP6821222732474,Active,1120.89
124,MCH1237,Agarwal-Kibe,7011.0,Hotel & Lodging,Partnership,Mumbai,Maharashtra,2023-03-30,CKEI2680343648784,Active,750.84
125,MCH1243,"Buch, Atwal And Roy",5912.0,Medical,Partnership,Ludhiana,Punjab,2025-06-12,,Active,1323.94
126,MCH1245,"Kumer, Varghese And Dhawan",7011.0,Pharmacy,Partnership,Pune,Maharashtra,2023-08-23,,Active,725.32
127,MCH1247,"Nayak, Lala And Pillai",5411.0,Grocery,Sole Proprietor,Bengaluru,Karnataka,2023-01-19,9109437765,Inactive,677.02
128,MCH1249,"Varkey, Kulkarni And More",5311.0,Retail,Sole Proprietor,Bengaluru,Karnataka,2023-07-26,,Active,1049.44
129,MCH1250,Bhardwaj-Wable,4131.0,Transportation,Private Limited,Pune,Maharashtra,2025-11-04,,Active,515.0
130,MCH1254,Pant-Muni,4131.0,Travel,Partnership,Delhi,Delhi,2023-10-21,,Active,781.27
131,MCH1255,"Bose, Memon And Luthra",5942.0,Books & Stationery,Partnership,Pune,Maharashtra,2023-05-27,XXXX6249,Active,1129.38
132,MCH1256,Vala Inc,5912.0,Medical,Sole Proprietor,Kolkata,West Bengal,2025-01-17,,Suspended,1415.24
133,MCH1257,Varma-Maharaj,5942.0,Books & Stationery,Sole Proprietor,Kolkata,West Bengal,2023-04-15,VIAW9051693811302,Active,3059.27
134,MCH1259,"Wagle, Verma And Ramanathan",,Medical,Private Limited,Jaipur,Rajasthan,2025-12-08,,Active,548.2
135,MCH1260,Kothari-Nadkarni,5699.0,Apparel & Fashion,Private Limited,Lucknow,Uttar Pradesh,2026-01-15,6850024093,Active,2375.4
136,MCH1261,"Cheema, Savant And Bakshi",5311.0,Retail,Sole Proprietor,Ludhiana,Punjab,2024-06-03,EXGQ1328686965867,Inactive,
137,MCH1262,Lad And Sons,7011.0,Hotel & Lodging,Individual,Jalandhar,Punjab,2025-11-17,XXXX6412,Active,503.65
138,MCH1263,Memon-Choudhary,5912.0,Pharmacy,Private Limited,Hyderabad,Telangana,2025-11-27,,Active,1888.17
139,MCH1267,Master-Tiwari,4814.0,Telecom,Private Limited,Lucknow,Uttar Pradesh,,,Inactive,1213.17
140,MCH1268,Vyas Ltd,5311.0,Retail,Individual,Amritsar,Punjab,2023-06-28,,Active,
141,MCH1269,Shukla Plc,5699.0,Apparel & Fashion,Individual,Hyderabad,Telangana,2025-03-03,,Active,1758.28
142,MCH1270,Tiwari And Sons,5311.0,Department Store,Private Limited,Hyderabad,Telangana,2023-06-02,,Active,1107.02
143,MCH1272,Garg Inc,4131.0,Transportation,Partnership,Jaipur,Rajasthan,2023-05-28,7553237450,Active,549.87
144,MCH1275,Kata Group,7011.0,Hotel & Lodging,Partnership,Lucknow,Uttar Pradesh,2025-09-11,XXXX0284,Active,252.53
145,MCH1277,Bhatnagar-Borah,5812.0,Restaurants & Food,Individual,Kolkata,West Bengal,,4086473586,Active,3540.87
146,MCH1280,"Ben, Madan And Dey",5942.0,Books & Stationery,Private Limited,Lucknow,Uttar Pradesh,2025-06-13,,Active,1308.81
147,MCH1285,Hayer Plc,5912.0,Medical,Individual,Bengaluru,Karnataka,2023-09-24,,Active,436.7
148,MCH1288,"Jain, Loke And Zacharia",4131.0,Transportation,Sole Proprietor,Bengaluru,Karnataka,2023-07-17,XXXX2041,Active,915.81
149,MCH1292,Gera-Nayak,7011.0,Hotel & Lodging,Sole Proprietor,Chennai,Tamil Nadu,2023-09-25,,Active,267.0
150,MCH1293,"Kohli, Rajan And Nair",5699.0,Apparel & Fashion,Sole Proprietor,Jaipur,Rajasthan,2023-09-04,XXXX7079,Active,915.17
151,MCH1294,Rajagopalan Group,5912.0,Medical,Individual,Amritsar,Punjab,2024-08-29,XXXX1888,Active,539.82
152,MCH1296,Gaba-Rama,5912.0,Medical,Individual,Delhi,Delhi,2023-01-16,6728414996,Active,2547.8
153,MCH1297,Luthra And Sons,5411.0,Grocery,Private Limited,Delhi,Delhi,2023-06-12,5942366474,Active,381.86
154,MCH1298,"Raghavan,Reddyandsangha",5942.0,Books & Stationery,Sole Proprietor,Hyderabad,Telangana,2025-04-28,XXXX0353,Active,364.92
155,MCH1299,Mutti Plc,5699.0,Apparel & Fashion,Partnership,Jaipur,Rajasthan,2023-06-27,8421728078,Active,605.64
156,MCH1304,Sama Ltd,5912.0,Medical,Individual,Bengaluru,Karnataka,2024-02-27,9710613459,Active,4095.57
157,MCH1305,Ghose-Batta,4131.0,Transportation,Individual,Hyderabad,Telangana,2025-12-20,,Inactive,380.06
158,MCH1308,Subramaniam-Shankar,5912.0,Pharmacy,Partnership,Bengaluru,Karnataka,2024-12-28,RSHZ2134290298030,Inactive,2112.78
159,MCH1309,"Jhaveri, Dasgupta And Kata",5699.0,Apparel & Fashion,Individual,Mumbai,Maharashtra,2023-09-20,XXXX1715,Active,929.23
160,MCH1311,"Dugal, Munshi And Kunda",4814.0,Telecom,Individual,Jaipur,Rajasthan,2025-03-27,XXXX7230,Active,1605.92
161,MCH1314,"Pant, Mammen And Doctor",5699.0,Apparel & Fashion,Individual,Jaipur,Rajasthan,2023-11-12,,Active,1045.43
162,MCH1318,Gupta Llc,4814.0,Telecom,Private Limited,Jaipur,Rajasthan,,618978505,Active,
163,MCH1320,Babu-Khatri,5699.0,Apparel & Fashion,Individual,Kolkata,West Bengal,2023-11-24,XXXX8923,Active,
164,MCH1321,Borah-Dhaliwal,7011.0,Hotel & Lodging,Sole Proprietor,Amritsar,Punjab,2025-12-06,XXXX0908,Active,7973.89
165,MCH1323,Dhar And Sons,5942.0,Books & Stationery,Partnership,Amritsar,Punjab,,BGGB6995281283064,Active,
166,MCH1324,"Edwin, Savant And Tandon",7011.0,Hotel & Lodging,Partnership,Bengaluru,Karnataka,2026-01-26,,Active,1192.31
167,MCH1326,"Chaudhry, Agrawa1 And Sridhar",5942.0,Books & Stationery,Sole Proprietor,Bengaluru,Karnataka,2024-05-20,ZQNQ7613300121760,Active,177.58
168,MCH1327,Gandhiplc,5699.0,Apparel & Fashion,Sole Proprietor,Lucknow,Uttar Pradesh,2023-11-02,XXXX1458,Active,902.09
169,MCH1328,Buch And Sons,7011.0,Hotel & Lodging,Sole Proprietor,Chennai,Tamil Nadu,2025-03-28,JVTH6188797527471,Active,711.0
170,MCH1331,"Garg, Bobal And Jain",4131.0,Travel,Individual,Kolkata,West Bengal,2024-06-29,,Active,3720.61
171,MCH1333,Sastry Plc,4814.0,Telecom,Individual,Amritsar,Punjab,2025-09-18,DIOZ5944277163234,Inactive,1548.51
172,MCH1334,"Kalita, Sarraf And Bhardwaj",5999.0,Miscellaneous,Individual,Bengaluru,Karnataka,2025-09-28,RPOB8162410396498,Active,1780.83
173,MCH1335,"Wagle, Kamdar And Mallick",7011.0,Hotel & Lodging,Sole Proprietor,Mumbai,Maharashtra,2024-03-05,OQHA9321120180853,Suspended,398.0
174,MCH1336,Tandon-Pant,5311.0,Department Store,Sole Proprietor,Jaipur,Rajasthan,2025-09-04,EOFD1587956050833,Active,991.0
175,MCH1340,"Dash, Saxena And Kara",4131.0,Transportation,Private Limited,Hyderabad,Telangana,2024-03-04,,Inactive,4203.63
176,MCH1343,"Madan,Trivediandganguly",5411.0,Apparel & Fashion,Individual,Bengaluru,Karnataka,2025-10-15,QSCH7195613672769,Active,1927.76
177,MCH1345,Bhat Inc,5311.0,Department Store,Private Limited,Hyderabad,Telangana,2025-01-28,XXXX9759,Active,1702.79
178,MCH1347,D’Alia Group,7011.0,Hotel & Lodging,Private Limited,Chennai,Tamil Nadu,2023-07-02,XXXX4418,Active,1739.0
179,MCH1349,Bahri And Sons,5912.0,Pharmacy,Individual,Hyderabad,Telangana,2025-06-08,BGVV4182827632214,Active,2320.2
180,MCH1350,"Krishnamurthy, Dutt And Sura",4814.0,Telecom,Partnership,Mumbai,Maharashtra,2024-07-25,3860313878,Active,1360.18
181,MCH1352,"Bandi, Soman And Manne",5812.0,Restaurants & Food,Individual,Jalandhar,Punjab,2026-01-28,,Active,4146.0
182,MCH1353,Chada And Sons,4131.0,Transportation,Partnership,Jaipur,Rajasthan,2023-11-25,,Active,2641.0
183,MCH1358,"Chaudry, Baral And Modi",4131.0,Transportation,Individual,Ludhiana,Punjab,2025-06-07,3312553110,Active,2115.38
184,MCH1359,Palan-Minhas,,Apparel & Fashion,Individual,Chennai,Tamil Nadu,2024-08-24,,Active,1891.91
185,MCH1363,Rattan-Shere,7011.0,Hotel & Lodging,Sole Proprietor,Chennai,Tamil Nadu,2025-08-19,,Active,926.5
186,MCH1364,Kumar Llc,5942.0,Books & Stationery,Partnership,Jalandhar,Punjab,2023-04-15,UUOX3735339322838,Active,1017.95
187,MCH1365,Ahluwalia-Choudhary,5311.0,Retail,Private Limited,Ludhiana,Punjab,2023-10-03,XXXX5844,Active,4292.21
188,MCH1366,"Shah, Roy And Srinivasan",,Grocery,Sole Proprietor,Kolkata,West Bengal,2023-08-03,5320028837,Active,935.11
189,MCH1370,Wable Llc,4814.0,Telecom,Private Limited,Jalandhar,Punjab,2023-11-19,6802604838,Active,3898.88
190,MCH1375,"Sahota, Johal And Shanker",5411.0,Grocery,Individual,Jalandhar,Punjab,2025-03-02,PHOZ2706415438619,Suspended,1836.94
191,MCH1377,"Taneja, Din And Kaul",5812.0,Restaurants & Food,Sole Proprietor,Delhi,Delhi,2025-10-05,QWQZ7332733729369,Active,767.08
192,MCH1378,Patil-Deshmukh,5311.0,Department Store,Private Limited,Chennai,Tamil Nadu,2023-10-09,HYZE0588457086111,Active,387.99
193,MCH1379,Chokshi Ltd,5912.0,Medical,Individual,Chennai,Tamil Nadu,2024-01-23,XXXX4340,Active,2729.5
194,MCH1380,Mahal-Khare,5999.0,Miscellaneous,Private Limited,Mumbai,Maharashtra,2025-02-23,TLPQ4078335945068,Active,3004.0
195,MCH1383,Dubey Group,4131.0,Grocery,Individual,Hyderabad,Telangana,2023-09-03,JDGO5125225131187,Active,
196,MCH1384,Naidu-Bhatti,5812.0,Restaurants & Food,Individual,Ludhiana,Punjab,2024-04-03,,Active,3910.34
197,MCH1387,Handa-Talwar,4131.0,Travel,Sole Proprietor,Lucknow,Uttar Pradesh,2023-10-05,,Active,754.0
198,MCH1388,"Kala, Kunda And Pandit",5912.0,Medical,Sole Proprietor,Bengaluru,Karnataka,2025-07-22,PZDL0297294331143,Active,3155.43
199,MCH1389,Munshi-Behl,5411.0,Grocery,Individual,Pune,Maharashtra,2023-06-17,,Active,3913.0
200,MCH1391,"Kale, Shroff And Barad",7011.0,Hotel & Lodging,Individual,Kolkata,West Bengal,2025-10-31,,Suspended,2757.0
201,MCH1392,Johal-Gaba,5912.0,Medical,Private Limited,Pune,Maharashtra,2024-02-20,XXXX9354,Inactive,4352.7
202,MCH1393,Hegde-Bahri,5912.0,Medical,Partnership,Ludhiana,Punjab,2024-11-15,BAUM6641100955450,Active,6478.07
203,MCH1395,Venkatesh Llc,5812.0,Restaurants & Food,Partnership,Lucknow,Uttar Pradesh,2023-04-16,2640758547,Active,641.0
204,MCH1397,Memon Llc,4131.0,Books & Stationery,Private Limited,Bengaluru,Karnataka,2025-04-18,XXXX0515,Active,1062.38
205,MCH1400,Kapoor-Bhalla,5699.0,Apparel & Fashion,Partnership,Chennai,Tamil Nadu,2023-05-17,,Active,913.08
206,MCH1401,Din And Sons,5411.0,Grocery,Individual,Amritsar,Punjab,2025-07-20,2717124397,Active,286.09
207,MCH1405,Chandra Inc,5311.0,Department Store,Partnership,Ludhiana,Punjab,2026-02-10,4121935460,Inactive,1248.0
208,MCH1406,Parmer-Goswami,7011.0,Hotel & Lodging,Private Limited,Bengaluru,Karnataka,2024-07-11,XXXX3050,Active,2632.53
209,MCH1409,Baral Llc,5912.0,Medical,Individual,Hyderabad,Telangana,2023-03-06,,Active,
210,MCH1417,"Sekhon, Parsa And Bandi",4814.0,Telecom,Sole Proprietor,Mumbai,Maharashtra,2026-01-26,,Active,1501.66
211,MCH1420,Aggarwal-Garde,4131.0,Transportation,Sole Proprietor,Mumbai,Maharashtra,2024-03-18,XXXX4337,Active,830.85
212,MCH1422,Merchant And Sons,5912.0,Pharmacy,Individual,Hyderabad,Telangana,2023-04-25,,Active,4074.0
213,MCH1424,"Goel, Balay And Dua",7011.0,Hotel & Lodging,Private Limited,Jalandhar,Punjab,2025-10-19,,Active,5339.46
214,MCH1428,De-Natarajan,4131.0,Transportation,Individual,Mumbai,Maharashtra,2025-12-30,IPNL0786549644750,Active,1289.0
215,MCH1429,Pal Ltd,5411.0,Grocery,Individual,Jaipur,Rajasthan,2024-10-13,YBSQ5701995451285,Active,258.0
216,MCH1430,"Bhavsar, Dora And Singh",5812.0,Restaurants & Food,Private Limited,Delhi,Delhi,2024-03-07,,Active,238.76
217,MCH1434,Kale And Sons,5812.0,Restaurants & Food,Private Limited,Jalandhar,Punjab,2023-04-25,258989067,Active,985.73
218,MCH1438,Pandit-Menon,5999.0,Miscellaneous,Partnership,Bengaluru,Karnataka,2023-11-22,ZQNR3407194415594,Active,409.59
219,MCH1439,Chawla Ltd,,Transportation,Individual,Chennai,Tamil Nadu,2023-05-10,OYZO1535504454366,Active,6190.53
220,MCH1441,"Kakar, Parsa And Sodhi",5999.0,Miscellaneous,Partnership,Lucknow,Uttar Pradesh,2024-06-09,SBUL4886955523512,Active,1723.15
221,MCH1442,Wadhwa-Walla,7011.0,Hotel & Lodging,Private Limited,Pune,Maharashtra,2025-12-13,,Active,1483.74
222,MCH1443,Swamy Plc,5999.0,Miscellaneous,Private Limited,Lucknow,Uttar Pradesh,2023-06-10,,Inactive,209.63
223,MCH1445,Wali Plc,5411.0,Grocery,Sole Proprietor,Hyderabad,Telangana,2023-11-09,8128323198,Active,1200.0
224,MCH1446,Sunder-Sathe,5311.0,Department Store,Sole Proprietor,Chennai,Tamil Nadu,2024-11-18,XXXX0028,Active,3885.08
225,MCH1447,Uppal Ltd,5912.0,Medical,Partnership,Lucknow,Uttar Pradesh,2026-02-20,,Active,236.04
226,MCH1448,Tak And Sons,5999.0,Miscellaneous,Sole Proprietor,Mumbai,Maharashtra,2024-03-30,XXXX9348,Active,2897.23
227,MCH1449,"Chadha, Ramakrishnan And Badami",7011.0,Hotel & Lodging,Partnership,Hyderabad,Telangana,2023-09-28,,Suspended,1634.83
228,MCH1450,"Hora, Kunda And Dani",5311.0,Department Store,Sole Proprietor,Ludhiana,Punjab,2023-10-30,XXXX1537,Inactive,1853.9
229,MCH1454,Mishra-Batra,5999.0,Miscellaneous,Sole Proprietor,Hyderabad,Telangana,2025-12-02,ARMV5646544388660,Active,163.44
230,MCH1456,Madan-Ganesh,5699.0,Apparel & Fashion,Individual,Amritsar,Punjab,2025-11-01,,Active,
231,MCH1457,Shetty Group,5999.0,Miscellaneous,Individual,Jalandhar,Punjab,2025-07-11,7979475554,Active,1159.43
232,MCH1458,Chatterjee-Saran,5912.0,Department Store,Sole Proprietor,Jalandhar,Punjab,2025-05-09,XXXX1187,Inactive,658.54
233,MCH1459,"Palla, Saini And Date",7011.0,Hotel & Lodging,Individual,Ludhiana,Punjab,2024-02-20,,Suspended,1582.79
234,MCH1462,Swamy Inc,5912.0,Pharmacy,Private Limited,Jalandhar,Punjab,2023-09-13,CPHK2049802773880,Inactive,1411.0
235,MCH1465,"Garg, Mallick And Chadha",5812.0,Restaurants & Food,Private Limited,Delhi,Delhi,2024-03-24,AINO3925620579339,Active,443.93
236,MCH1469,"Choudhury, Jani And Ramaswamy",5942.0,Books & Stationery,Sole Proprietor,Bengaluru,Karnataka,2025-03-28,XXXX9996,Active,416.0
237,MCH1473,Lata-Khurana,4131.0,Medical,Partnership,Hyderabad,Telangana,,,Inactive,326.76
238,MCH1474,"Sami, Sur And Tank",4131.0,Transportation,Private Limited,Pune,Maharashtra,,XXXX6224,Active,1645.61
239,MCH1475,"Bora, Bhakta And Aurora",,Department Store,Private Limited,Kolkata,West Bengal,2024-06-11,8871048979,Active,1652.87
240,MCH1477,Ahluwalia-Devan,5912.0,Medical,Partnership,Jaipur,Rajasthan,2024-04-15,XXXX2364,Active,551.17
241,MCH1478,Sah0Ta Llc,5912.0,Pharmacy,Individual,Jaipur,Rajasthan,2024-09-12,1321864172,Inactive,2037.0
242,MCH1479,"Mandal, Barad And Srinivasan",5942.0,Books & Stationery,Partnership,Kolkata,West Bengal,2025-07-27,XXXX4686,Active,
243,MCH1480,Bala-Magar,5999.0,Miscellaneous,Individual,Hyderabad,Telangana,,,Active,
244,MCH1482,"Bahri,Sarinandhora",5999.0,Miscellaneous,Partnership,Hyderabad,Telangana,2024-01-26,2731738944,On Hold,1651.0
245,MCH1483,Mohan-Kari,5942.0,Books & Stationery,Private Limited,Amritsar,Punjab,2026-11-02,XXXX3338,Active,1901.08
246,MCH1484,"Uppal, Butala And Tata",7011.0,Hotel & Lodging,Individual,Bengaluru,Karnataka,2025-02-18,,Active,
247,MCH1488,"Chada, Gopal And Rajagopal",4814.0,Telecom,Sole Proprietor,Jaipur,Rajasthan,2026-01-02,,Active,1905.0
248,MCH1491,"Sarna, Chand And Goda",4814.0,Telecom,Sole Proprietor,Ludhiana,Punjab,2026-01-27,,Active,1075.6
249,MCH1492,Ganesan Llc,5999.0,Miscellaneous,Partnership,Hyderabad,Telangana,2023-08-19,1007001196,Active,3316.76
250,MCH1493,"Kar, Nath And Koshy",5942.0,Books & Stationery,Individual,Bengaluru,Karnataka,2023-01-28,XXXX9866,Active,
251,MCH1494,Joshi-Bala,5311.0,Retail,Sole Proprietor,Mumbai,Maharashtra,2023-12-07,QLRF2864130155210,Active,997.33
252,MCH1497,Lanka Plc,5912.0,Medical,Private Limited,Amritsar,Punjab,2025-09-24,,Active,1817.0
253,MCH1498,Deo-Mand,5999.0,Miscellaneous,Sole Proprietor,Chennai,Tamil Nadu,2025-03-01,,Active,1460.33
254,MCH1501,Anand-Bhatt,4814.0,Telecom,Partnership,Hyderabad,Telangana,2025-11-07,XXXX2933,Active,4185.6
255,MCH1506,Gandhi-Loke,5912.0,Pharmacy,Partnership,Chennai,Tamil Nadu,2024-06-13,,Active,967.0
256,MCH1509,"Rajan, Dash And Bora",,Transportation,Private Limited,Amritsar,Punjab,2025-04-26,,Inactive,806.0
257,MCH1514,"Lata, Raja And Parsa",5311.0,Retail,Private Limited,Jalandhar,Punjab,2024-06-14,XXXX1457,Active,553.18
258,MCH1515,"Mall, Kara And Sastry",5699.0,Apparel & Fashion,Partnership,Hyderabad,Telangana,2024-07-19,9073071658,Active,
259,MCH1516,Loyal And Sons,5999.0,Miscellaneous,Private Limited,Ludhiana,Punjab,2023-01-12,XXXX1307,Active,1471.99
260,MCH1518,Saini-Gole,5999.0,Miscellaneous,Private Limited,Jalandhar,Punjab,2023-07-08,,Active,957.31
261,MCH1522,Mody Inc,5912.0,Pharmacy,Sole Proprietor,Jaipur,Rajasthan,2024-08-04,,Active,631.57
262,MCH1525,Sant-Bhavsar,5942.0,Books & Stationery,Individual,Jaipur,Rajasthan,2023-09-10,XXXX7524,Active,754.82
263,MCH1526,Chowdhury And Sons,4814.0,Telecom,Sole Proprietor,Bengaluru,Karnataka,2023-07-14,HWTS1273017978357,Active,2697.93
264,MCH1529,"Sangha,Banerjeeandsengupta",7011.0,Hotel & Lodging,Private Limited,Ludhiana,Punjab,2023-02-06,,Inactive,1257.59
265,MCH1530,Parmer-Bath,5699.0,Apparel & Fashion,Individual,Lucknow,Uttar Pradesh,2024-04-29,JMXE9195425616055,Active,375.02
266,MCH1531,Savant And Sons,7011.0,Hotel & Lodging,Private Limited,Delhi,Delhi,2026-02-10,,Inactive,1019.94
267,MCH1532,Sarna-Kota,5999.0,Miscellaneous,Private Limited,Delhi,Delhi,2024-10-21,,Active,4843.68
268,MCH1533,Wason And Sons,5812.0,Restaurants & Food,Partnership,Amritsar,Punjab,2025-03-27,,Inactive,419.64
269,MCH1534,"Merchant, Sarna And Korpal",5912.0,Pharmacy,Private Limited,Hyderabad,Telangana,2023-04-02,,Inactive,3752.5
270,MCH1537,Goswami-Sibal,5812.0,Restaurants & Food,Partnership,Hyderabad,Telangana,2023-05-04,VFGD4255370364176,Active,360.35
271,MCH1540,Dave Llc,5942.0,Books & Stationery,Sole Proprietor,Mumbai,Maharashtra,2024-05-21,,Active,525.0
272,MCH1541,Bhattacharyya-Hans,7011.0,Hotel & Lodging,Private Limited,Kolkata,West Bengal,2024-03-24,XXXX2848,Active,621.01
273,MCH1543,Parmer Group,4131.0,Travel,Individual,Hyderabad,Telangana,2025-02-04,,Active,1064.76
274,MCH1551,Malhotra-Subramanian,5812.0,Restaurants & Food,Partnership,Pune,Maharashtra,2024-06-13,,Active,1909.07
275,MCH1552,Uppal Plc,4131.0,Transportation,Sole Proprietor,Hyderabad,Telangana,,,Active,1136.0
276,MCH1553,Basu-Varma,5942.0,Books & Stationery,Sole Proprietor,Kolkata,West Bengal,,,Active,1630.0
277,MCH1555,Raj Llc,5942.0,Books & Stationery,Individual,Pune,Maharashtra,2023-04-23,,Active,602.0
278,MCH1558,Shroff-Khanna,4814.0,Telecom,Partnership,Bengaluru,Karnataka,2023-01-20,,Active,1953.35
279,MCH1561,Gera-Kota,5942.0,Books & Stationery,Sole Proprietor,Jaipur,Rajasthan,2024-06-15,8921681390,Inactive,530.0
280,MCH1563,Mandal-Biswas,4814.0,Telecom,Partnership,Jaipur,Rajasthan,2023-11-10,5466191568,Suspended,
281,MCH1567,Bhargava-Bora,5812.0,Restaurants & Food,Private Limited,Jalandhar,Punjab,2024-12-20,PRCN9599813480981,Active,101.33
282,MCH1568,Chandran Ltd,7011.0,Hotel & Lodging,Sole Proprietor,Lucknow,Uttar Pradesh,2024-09-04,,Active,3618.31
283,MCH1569,"Bal, Wali And Sheth",4814.0,Telecom,Private Limited,Chennai,Tamil Nadu,2025-10-11,XXXX9971,Active,1678.57
284,MCH1571,"Rao, Viswanathan And Joshi",4131.0,Transportation,Sole Proprietor,Chennai,Tamil Nadu,2023-08-03,,Active,866.2
285,MCH1573,"Tailor, Som And Soni",4814.0,Telecom,Partnership,Jalandhar,Punjab,2023-12-11,,Active,540.2
286,MCH1578,Gala Ltd,5999.0,Miscellaneous,Individual,Bengaluru,Karnataka,2023-04-13,,Active,446.42
287,MCH1580,"Subramaniam, Krishnamurthy And Din",5999.0,Miscellaneous,Sole Proprietor,Kolkata,West Bengal,2025-08-01,IDJM3876425874680,Active,2992.77
288,MCH1581,"Nayak, Verma And Sawhney",5311.0,Department Store,Partnership,Mumbai,Maharashtra,2025-11-01,,Active,3655.93
289,MCH1583,Sarin-More,5812.0,Restaurants & Food,Private Limited,Amritsar,Punjab,2023-10-05,1923155303,Active,1435.48
290,MCH1585,Khalsa-Kulkarni,5311.0,Department Store,Partnership,Delhi,Delhi,2023-05-22,XXXX6587,Active,3398.13
291,MCH1587,Srivastava-Saha,5912.0,Pharmacy,Private Limited,Kolkata,West Bengal,,XXXX9260,Active,1502.0
292,MCH1588,Doctor Ltd,4131.0,Transportation,Individual,Ludhiana,Punjab,2025-07-27,XXXX2866,Suspended,1791.21
293,MCH1591,Ramaswamy-Babu,5311.0,Department Store,Partnership,Amritsar,Punjab,2024-04-18,,Active,1638.46
294,MCH1592,Cherian-Bhavsar,7011.0,Hotel & Lodging,Sole Proprietor,Mumbai,Maharashtra,2024-12-06,7646312300,Active,2941.81
295,MCH1593,Wali-Murthy,5999.0,Miscellaneous,Sole Proprietor,Bengaluru,Karnataka,2026-02-23,XXXX7216,Active,15388.22
296,MCH1594,Bera Inc,5999.0,Miscellaneous,Private Limited,Amritsar,Punjab,2024-09-05,9659925213,Active,2187.43
297,MCH1599,Rastogi-Kumer,5311.0,Department Store,Partnership,Jalandhar,Punjab,2025-12-25,EEOR2299289390848,Active,361.82
298,MCH1600,"Warrior, Anand And Kata",5311.0,Department Store,Individual,Chennai,Tamil Nadu,2025-10-07,DNAN6947992423478,Active,2937.03
299,MCH1605,"Patla, Thaman And Chatterjee",4131.0,Transportation,Partnership,Bengaluru,Karnataka,2025-09-22,XXXX0679,Active,932.8
300,MCH1609,Ram-Palla,4814.0,Telecom,Private Limited,Mumbai,Maharashtra,2023-07-17,8485226822,Active,554.3
301,MCH1610,Sodhi-Parekh,5411.0,Grocery,Partnership,Amritsar,Punjab,,XXXX7277,Active,1488.13
302,MCH1611,Karan-Kibe,5912.0,Grocery,Sole Proprietor,Jalandhar,Punjab,2024-03-06,,Active,343.64
303,MCH1612,Khare-Jha,7011.0,Hotel & Lodging,Sole Proprietor,Pune,Maharashtra,2024-05-07,XXXX6820,Active,3967.18
304,MCH1616,"Suresh, Borra And Ganesh",4814.0,Telecom,Individual,Chennai,Tamil Nadu,2023-11-10,,Active,2818.0
305,MCH1617,Cherian Llc,5311.0,Department Store,Individual,Hyderabad,Telangana,2024-02-09,4300505477,Active,
306,MCH1618,Muni Ltd,5812.0,Restaurants & Food,Individual,Delhi,Delhi,2023-11-01,,Active,1051.73
307,MCH1619,Divan-Bhatti,5912.0,Pharmacy,Sole Proprietor,Delhi,Delhi,2025-12-24,,Active,477.85
308,MCH1621,Pandey-Soni,5812.0,Restaurants & Food,Sole Proprietor,Pune,Maharashtra,2023-11-15,XXXX4420,Inactive,769.0
309,MCH1625,Saran Ltd,4814.0,Telecom,Partnership,Kolkata,West Bengal,2024-10-17,6216492189,Active,1093.54
310,MCH1626,"Pau, Iyengar And Khare",5999.0,Miscellaneous,Sole Proprietor,Delhi,Delhi,2025-07-12,XXXX6353,Active,550.42
311,MCH1627,Dua Ltd,5999.0,Miscellaneous,Private Limited,Lucknow,Uttar Pradesh,2024-07-31,,Active,160.25
312,MCH1628,"Rao, Buch And Kala",5912.0,Pharmacy,Individual,Lucknow,Uttar Pradesh,2025-01-08,,Active,789.95
313,MCH1630,Yogi-Agate,5942.0,Books & Stationery,Partnership,Kolkata,West Bengal,2023-10-31,XXXX1041,Active,444.27
314,MCH1636,"Natt, Mitter And Oza",7011.0,Hotel & Lodging,Sole Proprietor,Delhi,Delhi,2025-01-17,,Active,987.0
315,MCH1639,"Borah, Dhaliwal And Morar",5999.0,Miscellaneous,Partnership,Kolkata,West Bengal,2024-11-14,XXXX3629,Active,7799.0
316,MCH1640,Trivedi-Agrawal,5411.0,Grocery,Private Limited,Jalandhar,Punjab,2025-01-25,WQQD1666405545072,Active,2316.65
317,MCH1641,Bali Llc,5999.0,Miscellaneous,Sole Proprietor,Delhi,Delhi,,,Active,
318,MCH1642,Zacharia-Dhawan,5411.0,Grocery,Partnership,Kolkata,West Bengal,2023-01-02,XXXX3812,Active,363.0
319,MCH1645,Savant-Singha1,5942.0,Books & Stationery,Sole Proprietor,Chennai,Tamil Nadu,2024-04-19,GUUE6743967074534,Active,337.0
320,MCH1646,"Sane, Zacharia And Samra",5912.0,Medical,Individual,Jaipur,Rajasthan,2023-12-31,5847905998,Active,1891.86
321,MCH1647,Narula Llc,5699.0,Apparel & Fashion,Individual,Ludhiana,Punjab,2024-05-10,5628842369,Suspended,1898.14
322,MCH1649,Venkatesh Plc,5812.0,Restaurants & Food,Private Limited,Delhi,Delhi,2024-03-08,6043188789,Suspended,851.41
323,MCH1651,Kumar Inc,5942.0,Books & Stationery,Sole Proprietor,Mumbai,Maharashtra,2024-09-03,XXXX7749,Active,1249.76
324,MCH1652,Tripathi-Vasa,5311.0,Department Store,Private Limited,Amritsar,Punjab,2025-08-03,7462856821,Inactive,1419.63
325,MCH1653,Mitra Inc,7011.0,Hotel & Lodging,Sole Proprietor,Chennai,Tamil Nadu,,XXXX9573,Active,1669.53
326,MCH1654,More Plc,5999.0,Miscellaneous,Individual,Bengaluru,Karnataka,2025-02-18,,Active,2598.19
327,MCH1656,Dhar Plc,5311.0,Department Store,Partnership,Amritsar,Punjab,2025-05-29,OTBM8790953463908,Active,2992.0
328,MCH1657,"Kaur, Sandhu And Shanker",5699.0,Apparel & Fashion,Private Limited,Mumbai,Maharashtra,2025-01-14,,Active,1224.96
329,MCH1658,Khatri-Mohanty,5812.0,Restaurants & Food,Sole Proprietor,Jaipur,Rajasthan,2025-08-08,DGXZ0949885183603,Inactive,2016.79
330,MCH1661,Mani-Jayaraman,5812.0,Restaurants & Food,Private Limited,Hyderabad,Telangana,2024-09-16,XXXX6928,Active,813.04
331,MCH1663,"Edwin, Kala And Barad",4131.0,Transportation,Individual,Chennai,Tamil Nadu,2024-04-07,FGIZ0772949946430,Active,449.21
332,MCH1664,Karan Ltd,4131.0,Travel,Partnership,Chennai,Tamil Nadu,2025-06-02,XXXX0248,Active,
333,MCH1665,Salvi Group,5699.0,Apparel & Fashion,Individual,Bengaluru,Karnataka,2025-11-30,KSUI6181238646481,Active,946.53
334,MCH1667,Prashad-Samra,5812.0,Restaurants & Food,Private Limited,Delhi,Delhi,2025-10-20,XXXX1144,Active,7788.38
335,MCH1674,Kari-Tara,4814.0,Telecom,Partnership,Mumbai,Maharashtra,2024-08-16,XXXX5872,Active,1266.21
336,MCH1675,"Dey, Sathe And Sibal",4131.0,Transportation,Private Limited,Chennai,Tamil Nadu,2025-09-11,DIRY6496511188422,Active,1577.75
337,MCH1676,"Palla, Gupta And Narain",4814.0,Telecom,Sole Proprietor,Jalandhar,Punjab,2025-11-27,,Active,750.53
338,MCH1679,"Chawla, Sura And Pal",4131.0,Transportation,Individual,Lucknow,Uttar Pradesh,2026-01-30,XXXX9878,Suspended,1030.0
339,MCH1680,"Dube, Sekhon And Nagarajan",5699.0,Apparel & Fashion,Sole Proprietor,Ludhiana,Punjab,2025-02-03,,Active,855.0
340,MCH1683,"Sampath, Anne And Madan",5812.0,Restaurants & Food,Partnership,Chennai,Tamil Nadu,2026-02-14,XXXX9435,Active,2458.98
341,MCH1686,Chokshi And Sons,5942.0,Books & Stationery,Individual,Bengaluru,Karnataka,2024-02-02,,Active,1116.34
342,MCH1696,Prakash-Dhar,5411.0,Grocery,Partnership,Bengaluru,Karnataka,2025-09-01,TXHI7483173386178,Active,567.04
343,MCH1697,Sodhi-Ramakrishnan,4814.0,Telecom,Private Limited,Lucknow,Uttar Pradesh,2023-04-13,QYQC0323724202438,Suspended,1234.06
344,MCH1704,"Shukla, Hari And Chopra",4131.0,Transportation,Sole Proprietor,Lucknow,Uttar Pradesh,2023-04-08,,Inactive,2965.45
345,MCH1706,"Vala, Nagarajan And Saxena",5311.0,Department Store,Partnership,Mumbai,Maharashtra,2023-08-27,XXXX3189,Inactive,513.27
346,MCH1709,Sachdeva-Khanna,5999.0,Miscellaneous,Partnership,Chennai,Tamil Nadu,2023-08-25,XXXX5946,Active,481.17
347,MCH1710,"Tara, Dash And Pau",5912.0,Pharmacy,Partnership,Lucknow,Uttar Pradesh,2026-02-26,,Active,804.19
348,MCH1711,"Sastry, Kota And Merchant",5411.0,Grocery,Sole Proprietor,Ludhiana,Punjab,2023-12-17,NEUM7554192097058,Active,1991.22
349,MCH1713,Dubey Inc,5812.0,Restaurants & Food,Sole Proprietor,Kolkata,West Bengal,2025-06-02,XXXX0557,Active,1132.0
350,MCH1714,Sampath Llc,5699.0,Apparel & Fashion,Partnership,Lucknow,Uttar Pradesh,2026-02-17,6074080748,Active,585.92
351,MCH1718,Wason-Vaidya,5311.0,Retail,Private Limited,Jalandhar,Punjab,2025-04-04,,Active,705.66
352,MCH1721,"Mammen, Ka1A And Gara",7011.0,Hotel & Lodging,Individual,Kolkata,West Bengal,2023-10-07,,Active,1736.83
353,MCH1722,Patel-Warrior,7011.0,Hotel & Lodging,Individual,Kolkata,West Bengal,2025-03-15,XXXX3839,Active,420.0
354,MCH1725,"Narayanan, Thaker And Sandhu",5999.0,Miscellaneous,Partnership,Jaipur,Rajasthan,2025-02-15,XXXX2721,Active,385.5
355,MCH1726,Raja And Sons,4131.0,Transportation,Private Limited,Delhi,Delhi,2025-12-13,,Active,639.24
356,MCH1727,Chacko Llc,5999.0,Miscellaneous,Partnership,Amritsar,Punjab,2023-07-23,,Active,1914.68
357,MCH1729,Ganesh Plc,5812.0,Restaurants & Food,Private Limited,Hyderabad,Telangana,2025-05-23,XXXX6365,Active,
358,MCH1730,Buch Ltd,5699.0,Apparel & Fashion,Individual,Kolkata,West Bengal,2023-04-25,,Active,813.32
359,MCH1732,"Bal, Loke And Chadha",5411.0,Grocery,Private Limited,Delhi,Delhi,2024-10-24,9581945425,Active,3477.98
360,MCH1736,Barman Inc,4131.0,Transportation,Partnership,Jaipur,Rajasthan,2025-06-08,,Active,1937.05
361,MCH1739,Keer Group,5999.0,Miscellaneous,Individual,Kolkata,West Bengal,2024-11-02,,Active,2619.15
362,MCH1740,"Dhaliwal, Boase And Walla",7011.0,Hotel & Lodging,Partnership,Pune,Maharashtra,2025-02-09,LCLK0132407508023,Active,903.0
363,MCH1744,"Mani, Tara And Mane",4131.0,Travel,Sole Proprietor,Ludhiana,Punjab,2023-03-20,,Inactive,466.22
364,MCH1747,Ray Inc,5812.0,Restaurants & Food,Sole Proprietor,Pune,Maharashtra,2023-11-04,YGJM1546623351510,Active,115.81
365,MCH1750,Sastry-Chaudhari,5912.0,Apparel & Fashion,Individual,Delhi,Delhi,2024-11-17,XXXX2201,Active,1155.0
366,MCH1751,Bava-Mukherjee,5411.0,Grocery,Sole Proprietor,Jaipur,Rajasthan,2023-05-20,EFFJ4269274300862,Active,1591.0
367,MCH1755,Kulkarni And Sons,4814.0,Telecom,Individual,Mumbai,Maharashtra,2025-12-29,9887027328,Active,
368,MCH1756,Vala-Cheema,5311.0,Retail,Individual,Delhi,Delhi,2023-09-03,XXXX7019,Active,1245.26
369,MCH1763,Dhillon Ltd,5912.0,Department Store,Partnership,Jalandhar,Punjab,2026-02-22,4567982166,Active,231.69
370,MCH1764,"Kurian, Vaidya And Loyal",5999.0,Miscellaneous,Individual,Lucknow,Uttar Pradesh,2025-11-16,QLVG4760642998653,Suspended,419.98
371,MCH1767,Bhatnagar-Ka1A,5411.0,Telecom,Individual,Jalandhar,Punjab,,2537411732,Active,314.16
372,MCH1768,"Mody, Tata And Chatterjee",4131.0,Transportation,Sole Proprietor,Chennai,Tamil Nadu,2024-09-08,,Active,360.87
373,MCH1769,"Sekhon, Goswami And Rajan",4814.0,Telecom,Sole Proprietor,Lucknow,Uttar Pradesh,2025-06-28,DYOJ7653218721893,Active,1009.67
374,MCH1770,Prabhu Inc,5411.0,Grocery,Partnership,Kolkata,West Bengal,2026-02-19,STER3056508036813,Active,1130.22
375,MCH1772,"Thakur, Talwar And Chahal",5912.0,Pharmacy,Partnership,Pune,Maharashtra,2025-11-19,XXXX1519,Active,645.09
376,MCH1773,Prakash-Malhotra,5411.0,Grocery,Individual,Jalandhar,Punjab,,XEKJ5137440988369,Active,1551.73
377,MCH1774,"Sundaram, Dani And Mall",5942.0,Books & Stationery,Partnership,Lucknow,Uttar Pradesh,2024-08-23,XXXX1272,Active,10785.29
378,MCH1775,Karnik Inc,5411.0,Grocery,Private Limited,Lucknow,Uttar Pradesh,2023-04-13,MCRQ9864671908344,Active,313.0
379,MCH1776,Vohra And Sons,5999.0,Miscellaneous,Private Limited,Lucknow,Uttar Pradesh,2023-06-16,XXXX6558,Active,843.8
380,MCH1779,"Maharaj, Jaggi And Reddy",7011.0,Hotel & Lodging,Partnership,Bengaluru,Karnataka,2024-09-02,,Active,1540.91
381,MCH1782,Kari Plc,5411.0,Grocery,Sole Proprietor,Mumbai,Maharashtra,2024-06-26,,Active,
382,MCH1785,Shere-Pall,5311.0,Department Store,Sole Proprietor,Kolkata,West Bengal,2023-08-05,,Active,2271.85
383,MCH1786,"Ganguly, Mammen And Babu",5411.0,Grocery,Sole Proprietor,Pune,Maharashtra,2025-05-22,YNDF5378176701295,Active,1212.0
384,MCH1787,Johal And Sons,5942.0,Books & Stationery,Sole Proprietor,Chennai,Tamil Nadu,2024-09-04,8096098187,Active,1495.88
385,MCH1788,"Dass, Rajagopal And Madan",,Telecom,Private Limited,Pune,Maharashtra,2024-11-12,,Suspended,1479.46
386,MCH1789,Loke-Chanda,5942.0,Books & Stationery,Partnership,Jaipur,Rajasthan,2023-02-25,,Active,15713.68
387,MCH1792,Palan-Naidu,5699.0,Apparel & Fashion,Partnership,Bengaluru,Karnataka,2023-01-28,JXLM1363091809821,Active,443.5
388,MCH1793,Jaggi Plc,7011.0,Hotel & Lodging,Sole Proprietor,Delhi,Delhi,2024-08-21,,Active,2705.89
389,MCH1796,Kohli-Nagar,5942.0,Books & Stationery,Individual,Amritsar,Punjab,2024-07-20,,Active,741.16
390,MCH1800,Mall Plc,5311.0,Department Store,Private Limited,Hyderabad,Telangana,2025-10-24,,Active,1030.0
391,MCH1806,Thaker-Dutt,,Apparel & Fashion,Individual,Ludhiana,Punjab,2024-05-02,1201362088,Active,6418.0
392,MCH1809,Grewal Inc,5311.0,Department Store,Private Limited,Bengaluru,Karnataka,2025-10-31,1597132394,Active,2181.93
393,MCH1811,Varkey Inc,5311.0,Department Store,Sole Proprietor,Bengaluru,Karnataka,2026-02-25,,Active,592.0
394,MCH1812,Om Plc,5812.0,Restaurants & Food,Sole Proprietor,Amritsar,Punjab,2024-11-26,,Active,2079.98
395,MCH1813,Balan-Deo,5311.0,Department Store,Partnership,Pune,Maharashtra,2024-08-28,UAJB1335544875863,Active,
396,MCH1815,Saha-Varghese,4131.0,Transportation,Private Limited,Delhi,Delhi,2024-04-22,XXXX3927,Active,846.74
397,MCH1816,Aurora-Kata,5311.0,Retail,Sole Proprietor,Lucknow,Uttar Pradesh,2025-03-15,,Active,1797.52
398,MCH1817,Wadhwa Group,,Telecom,Partnership,Kolkata,West Bengal,2024-06-30,XZWP2134363743881,Active,200.17
399,MCH1818,Bakshi-Golla,5699.0,Apparel & Fashion,Private Limited,Kolkata,West Bengal,2023-04-10,7575233501,Active,4859.19
400,MCH1823,"Patla, Bhasin And Parsa",5812.0,Hotel & Lodging,Partnership,Lucknow,Uttar Pradesh,2023-06-15,,Active,3003.2
401,MCH1827,Saha Ltd,5999.0,Miscellaneous,Partnership,Pune,Maharashtra,2026-01-12,GFSK2439344528128,Active,790.89
402,MCH1828,Goel Plc,5699.0,Apparel & Fashion,Private Limited,Chennai,Tamil Nadu,2025-10-15,XXXX2989,Active,4227.93
403,MCH1829,Ramaswamy Group,4131.0,Transportation,Sole Proprietor,Kolkata,West Bengal,2024-03-15,,Active,2351.23
404,MCH1830,Shan Llc,7011.0,Hotel & Lodging,Private Limited,Lucknow,Uttar Pradesh,,8821748714,Active,405.35
405,MCH1832,Mistry-Chaudhary,5999.0,Miscellaneous,Individual,Hyderabad,Telangana,2024-12-11,,Inactive,448.33
406,MCH1833,"Sabharwal, Chopra And Nayar",4131.0,Transportation,Private Limited,Pune,Maharashtra,2023-07-26,8483394590,Active,1391.53
407,MCH1836,"Nazareth, Bahl And Manda",5411.0,Grocery,Private Limited,Hyderabad,Telangana,2023-11-15,IUQT6934618863943,Active,
408,MCH1838,Manda-Deshpande,5942.0,Books & Stationery,Partnership,Jalandhar,Punjab,2025-09-04,XYTA4197098019941,Active,2224.32
409,MCH1839,Krish Group,5411.0,Grocery,Sole Proprietor,Jalandhar,Punjab,2024-01-29,,Active,1503.47
410,MCH1840,Chahal And Sons,5942.0,Books & Stationery,Sole Proprietor,Ludhiana,Punjab,2026-06-02,XXXX9616,Active,764.0
411,MCH1841,Kadakia-Rao,7011.0,Hotel & Lodging,Sole Proprietor,Kolkata,West Bengal,2025-01-07,7706295964,Active,532.17
412,MCH1842,Bedi-Vohra,5411.0,Grocery,Private Limited,Lucknow,Uttar Pradesh,,XXXX6666,Active,1241.96
413,MCH1843,Edwin And Sons,5999.0,Miscellaneous,Sole Proprietor,Delhi,Delhi,2024-09-19,,Active,
414,MCH1845,Goel Inc,4131.0,Transportation,Private Limited,Delhi,Delhi,2023-10-17,6579207527,Active,1675.96
415,MCH1846,Kurian-Chad,7011.0,Hotel & Lodging,Partnership,Chennai,Tamil Nadu,2023-03-23,,Active,597.53
416,MCH1848,Acharya-Bail,5311.0,Retail,Partnership,Pune,Maharashtra,2025-09-05,3196162533,Active,3044.0
417,MCH1852,Prabhu Group,5411.0,Grocery,Individual,Mumbai,Maharashtra,2024-03-31,8479119924,Active,786.71
418,MCH1853,Narayanan-Chander,4131.0,Transportation,Sole Proprietor,Amritsar,Punjab,2023-10-10,GGYD8312524893538,Active,13872.38
419,MCH1854,"Sule, Prashad And Balay",,Hotel & Lodging,Partnership,Amritsar,Punjab,2023-09-21,XXXX8005,Active,5318.31
420,MCH1855,Kala-Shan,4131.0,Restaurants & Food,Private Limited,Kolkata,West Bengal,2023-11-13,,On Hold,1474.0
421,MCH1856,Baria-Balay,5311.0,Department Store,Sole Proprietor,Lucknow,Uttar Pradesh,2023-12-26,XXXX1618,Active,2071.73
422,MCH1861,Vora-Balan,5411.0,Grocery,Sole Proprietor,Pune,Maharashtra,2025-10-17,MBHV3858162453364,Inactive,2646.57
423,MCH1862,Puri Inc,4131.0,Transportation,Individual,Mumbai,Maharashtra,2024-11-15,6516098644,Active,1444.68
424,MCH1863,Sachar-Gokhale,5942.0,Books & Stationery,Private Limited,Hyderabad,Telangana,2024-03-24,XXXX8775,Active,760.42
425,MCH1865,Chandra-Pandey,5942.0,Books & Stationery,Individual,Pune,Maharashtra,2025-11-15,,Active,3847.74
426,MCH1872,Chaudry Group,5999.0,Miscellaneous,Private Limited,Bengaluru,Karnataka,2024-02-02,2703911432,Active,1044.41
427,MCH1873,Oak-Ramachandran,,Telecom,Private Limited,Amritsar,Punjab,2024-05-23,XXXX5817,Active,942.83
428,MCH1874,"Bail, Madan And Mahal",5411.0,Grocery,Private Limited,Jalandhar,Punjab,2025-11-03,723751803,Active,928.89
429,MCH1876,"Deol, Sandal And Nagi",5999.0,Miscellaneous,Partnership,Bengaluru,Karnataka,2024-04-29,KRVT6824787386581,Active,603.93
430,MCH1878,Narula Group,7011.0,Hotel & Lodging,Private Limited,Delhi,Delhi,2025-02-26,XXXX5015,Active,
431,MCH1879,Muni-Sachdeva,5999.0,Miscellaneous,Individual,Chennai,Tamil Nadu,2023-12-16,XXXX4876,Active,687.52
432,MCH1881,"Bawa, Ganesan And Oak",5912.0,Medical,Partnership,Chennai,Tamil Nadu,2023-12-14,,On Hold,
433,MCH1882,Kamdar-Banik,5812.0,Restaurants & Food,Partnership,Ludhiana,Punjab,,,Inactive,427.5
434,MCH1883,"Bahl, Kashyap And Sibal",5812.0,Restaurants & Food,Private Limited,Jalandhar,Punjab,2023-04-01,XXXX4248,Active,
435,MCH1884,Nagi Llc,4131.0,Transportation,Private Limited,Bengaluru,Karnataka,2025-01-08,ROSD8740992299086,Active,628.95
436,MCH1885,Mahal Ltd,5999.0,Miscellaneous,Private Limited,Hyderabad,Telangana,2025-11-07,,Active,618.0
437,MCH1887,Peri Inc,5311.0,Department Store,Private Limited,Bengaluru,Karnataka,2023-02-26,,Active,2706.7
438,MCH1889,Bakshi Llc,5999.0,Miscellaneous,Individual,Jalandhar,Punjab,2024-02-13,XXXX2818,Active,2474.04
439,MCH1892,Shanker-De,7011.0,Hotel & Lodging,Private Limited,Mumbai,Maharashtra,2024-02-12,4394256877,Active,987.4
440,MCH1894,Setty-Doshi,5812.0,Restaurants & Food,Partnership,Bengaluru,Karnataka,2025-08-11,1742153273,Active,2961.06
441,MCH1899,Subramaniam-Bedi,,Books & Stationery,Private Limited,Ludhiana,Punjab,2025-09-27,XXXX4698,Active,
442,MCH1904,Sandal Inc,4814.0,Telecom,Individual,Jalandhar,Punjab,2024-03-23,EZBT7024632751925,Active,1398.65
443,MCH1906,"Taneja, Mahajan And Sarna",5311.0,Retail,Individual,Bengaluru,Karnataka,2026-01-16,ZMCC2986180199571,Inactive,2772.0
444,MCH1908,"Raghavan, Badami And Mani",5942.0,Books & Stationery,Partnership,Kolkata,West Bengal,2025-05-29,XXXX6948,Active,856.0
445,MCH1909,Murthy And Sons,5942.0,Books & Stationery,Sole Proprietor,Pune,Maharashtra,2023-11-25,6570869272,Active,823.0
446,MCH1912,Keer-Mitra,4131.0,Transportation,Sole Proprietor,Chennai,Tamil Nadu,2024-10-27,XXXX9508,Active,3259.24
447,MCH1913,"Sandal, Srinivas And Lata",5912.0,Pharmacy,Partnership,Lucknow,Uttar Pradesh,2023-06-09,3453698993,Active,468.17
448,MCH1917,"Bera, Bhakta And Dhillon",5942.0,Books & Stationery,Sole Proprietor,Mumbai,Maharashtra,2023-08-06,9839969668,Active,293.0
449,MCH1921,Raj Llc,5999.0,Miscellaneous,Partnership,Lucknow,Uttar Pradesh,2024-02-12,5917860419,Active,2280.24
450,MCH1922,"Deo, Saraf And Kale",4131.0,Books & Stationery,Sole Proprietor,Lucknow,Uttar Pradesh,,,Active,2507.85
451,MCH1923,Barad-Devan,5699.0,Apparel & Fashion,Private Limited,Hyderabad,Telangana,2025-12-08,,Active,300.28
452,MCH1924,"Choudhary, Iyer And Boase",5912.0,Pharmacy,Partnership,Jaipur,Rajasthan,2024-11-12,XXXX3944,Active,7220.04
453,MCH1926,Bhattacharyya-Om,5311.0,Department Store,Individual,Mumbai,Maharashtra,2025-06-16,3013938494,Active,2425.42
454,MCH1929,"Bahri,Daraandsaran",5942.0,Books & Stationery,Private Limited,Jaipur,Rajasthan,2025-12-26,XXXX4676,Active,
455,MCH1934,"Deol,Dugarandparmer",5942.0,Books & Stationery,Private Limited,Chennai,Tamil Nadu,2025-06-26,,Active,2520.96
456,MCH1936,"Batra, Ramanathan And Din",5912.0,Pharmacy,Sole Proprietor,Hyderabad,Telangana,2024-07-16,XXXX3173,Active,143.98
457,MCH1939,"Lal,Sahniandchopra",7011.0,Hotel & Lodging,Private Limited,Ludhiana,Punjab,2026-02-05,XXXX8735,Active,509.0
458,MCH1940,Anne Group,4131.0,Transportation,Sole Proprietor,Hyderabad,Telangana,2025-01-16,XXXX3192,Active,2525.67
459,MCH1941,Bath-Sunder,4814.0,Telecom,Sole Proprietor,Jaipur,Rajasthan,2024-05-22,,Suspended,
460,MCH1944,Morar Ltd,5812.0,Restaurants & Food,Individual,Pune,Maharashtra,2023-04-23,XXXX8672,Active,1207.98
461,MCH1946,Sibal Llc,7011.0,Hotel & Lodging,Sole Proprietor,Jalandhar,Punjab,2026-01-24,QGEZ9290048707008,Active,2804.71
462,MCH1947,"Batra, Kar And Sodhi",5699.0,Apparel & Fashion,Partnership,Bengaluru,Karnataka,2025-08-24,QPJE6965990436721,Active,3015.23
463,MCH1948,"Sundaram, Sami And Jha",4814.0,Telecom,Private Limited,Jaipur,Rajasthan,2024-07-17,4160009756,Active,634.29
464,MCH1952,Madan Inc,5942.0,Books & Stationery,Partnership,Chennai,Tamil Nadu,2024-06-28,7688662215,Inactive,1643.17
465,MCH1953,"Banerjee, Maharaj And Rege",7011.0,Hotel & Lodging,Sole Proprietor,Jalandhar,Punjab,2025-12-14,QMMB6426177933216,Active,1226.94
466,MCH1954,"Kunda, Kata And Shetty",7011.0,Telecom,Individual,Pune,Maharashtra,2025-10-19,79661036,Active,923.81
467,MCH1955,"Srinivas, Khurana And Choudhry",5999.0,Miscellaneous,Private Limited,Jalandhar,Punjab,2025-01-18,XXXX5304,Active,883.05
468,MCH1956,Sodhi Plc,5912.0,Pharmacy,Individual,Amritsar,Punjab,2025-09-28,TLKU2109519549509,Active,1459.74
469,MCH1959,Khatri-Kumar,5912.0,Pharmacy,Private Limited,Mumbai,Maharashtra,2025-09-01,VKRC9106963270153,Active,622.0
470,MCH1960,Bail-Chand,5411.0,Grocery,Partnership,Hyderabad,Telangana,2024-08-26,XXXX7716,Active,613.0
471,MCH1965,Chawla-Sawhney,4814.0,Telecom,Individual,Bengaluru,Karnataka,2025-08-21,,Active,4592.95
472,MCH1966,Munshi-Bath,4131.0,Travel,Private Limited,Bengaluru,Karnataka,2026-01-27,,Suspended,1858.12
473,MCH1968,Shroff-Mani,,Grocery,Partnership,Mumbai,Maharashtra,2024-04-10,FIQR5425866491953,Active,1674.0
474,MCH1969,Narain-Menon,5311.0,Retail,Individual,Delhi,Delhi,2025-11-16,FJVW1497261653850,Active,453.33
475,MCH1971,Khanna And Sons,4814.0,Telecom,Partnership,Mumbai,Maharashtra,2026-02-06,XXXX1386,Active,2326.17
476,MCH1973,"Walia, Khatri And Saha",5942.0,Books & Stationery,Sole Proprietor,Lucknow,Uttar Pradesh,2025-11-16,2944514975,Active,
477,MCH1974,Kap00R Llc,4131.0,Transportation,Partnership,Chennai,Tamil Nadu,2024-05-12,5931788473,Active,
478,MCH1976,"Mutti, Sastry And Jha",5942.0,Books & Stationery,Private Limited,Amritsar,Punjab,2023-04-08,,Active,2928.73
479,MCH1977,Chahal-Kumer,5942.0,Books & Stationery,Sole Proprietor,Kolkata,West Bengal,2025-09-01,XXXX3479,Active,897.0
480,MCH1982,"Behl, Jayaraman And Divan",5699.0,Apparel & Fashion,Sole Proprietor,Mumbai,Maharashtra,2025-10-09,,Active,298.94
481,MCH1983,Jayaraman Plc,5912.0,Pharmacy,Sole Proprietor,Hyderabad,Telangana,2024-12-13,6619790480,Active,657.32
482,MCH1984,"Lala, Wagle And Bal",5699.0,Apparel & Fashion,Partnership,Chennai,Tamil Nadu,2025-01-08,,Active,5244.88
483,MCH1986,Vaidya-Roy,5699.0,Apparel & Fashion,Individual,Bengaluru,Karnataka,2026-01-19,,Active,1981.5
484,MCH1987,"Dora, Sarma And Biswas",4814.0,Telecom,Partnership,Mumbai,Maharashtra,2023-01-31,NNVG3490646202999,Active,3268.84
485,MCH1990,Mitra Plc,7011.0,Hotel & Lodging,Partnership,Amritsar,Punjab,2024-12-04,5026245001,Active,1251.23
486,MCH1993,Dhaliwal Plc,4814.0,Telecom,Sole Proprietor,Amritsar,Punjab,,8690977818,Active,428.65
487,MCH1994,"Naik, Bhasin And Virk",7011.0,Hotel & Lodging,Sole Proprietor,Amritsar,Punjab,2024-09-24,3176426647,Active,886.83
488,MCH1995,"Mand, Halder And Rajagopalan",5942.0,Books & Stationery,Partnership,Jaipur,Rajasthan,2024-04-04,COIS3057851068966,Inactive,158.78
489,MCH2003,Rajagopalan Inc,5311.0,Department Store,Individual,Pune,Maharashtra,2023-06-16,3428467704,Active,567.0
490,MCH2007,"Mahal, Divan And Sharaf",5999.0,Miscellaneous,Sole Proprietor,Jalandhar,Punjab,2023-02-02,4814016835,Active,435.32
491,MCH2009,"Tiwari, Naidu And Muni",5699.0,Apparel & Fashion,Partnership,Pune,Maharashtra,2024-04-05,NVFX6549311428381,Active,732.0
492,MCH2013,"Nanda, Saraf And Halder",5411.0,Grocery,Individual,Kolkata,West Bengal,2025-04-22,,Active,
493,MCH2014,Sundaram And Sons,5999.0,Miscellaneous,Private Limited,Ludhiana,Punjab,2024-01-27,XXXX5436,Active,4199.0
494,MCH2015,Gulati Llc,4814.0,Telecom,Private Limited,Jaipur,Rajasthan,2023-06-22,,Active,17945.28
495,MCH2016,"Amble, Yadav And Dube",5999.0,Miscellaneous,Partnership,Kolkata,West Bengal,2025-03-18,XXXX3614,On Hold,10324.69
496,MCH2019,Walla-Ranganathan,5999.0,Miscellaneous,Partnership,Bengaluru,Karnataka,2024-05-22,,Active,1915.39
497,MCH2020,Prabhu-Kar,5699.0,Apparel & Fashion,Private Limited,Jalandhar,Punjab,2025-03-15,XXXX1985,Suspended,2649.5
498,MCH2021,Shenoy-Wable,5912.0,Pharmacy,Sole Proprietor,Delhi,Delhi,2025-06-05,BNOS2436378037599,Active,2287.51
499,MCH2022,Nagi-Gala,5999.0,Miscellaneous,Individual,Chennai,Tamil Nadu,2024-04-08,,Active,3182.35
500,MCH2024,"Ram, Manda And Chopra",4131.0,Transportation,Sole Proprietor,Pune,Maharashtra,2025-07-24,,Active,
501,MCH2027,"Boase, Ghosh And Manda",5311.0,Department Store,Partnership,Chennai,Tamil Nadu,2023-12-16,XXXX6284,Active,1163.7
502,MCH2028,Viswanathan Llc,,Telecom,Individual,Pune,Maharashtra,2024-05-23,XXXX2833,Active,634.0
503,MCH2029,Bhalla-Brahmbhatt,5999.0,Miscellaneous,Sole Proprietor,Jalandhar,Punjab,2023-06-20,,Active,276.02
504,MCH2030,Singh-Banerjee,4131.0,Transportation,Individual,Ludhiana,Punjab,2023-02-25,,Active,3976.0
505,MCH2032,"Doshi, Sur And Sarna",5411.0,Restaurants & Food,Private Limited,Pune,Maharashtra,2023-07-15,,Active,771.07
506,MCH2033,"Munshi, Sundaram And Bhasin",5699.0,Apparel & Fashion,Private Limited,Pune,Maharashtra,2025-09-30,XXXX3680,Active,294.83
507,MCH2035,Hora-Grover,4131.0,Transportation,Sole Proprietor,Delhi,Delhi,2026-01-07,,Active,212.97
508,MCH2037,Kadakia Llc,,Grocery,Partnership,Delhi,Delhi,2024-10-13,ZTLJ8328872113925,Active,426.54
509,MCH2038,Dara-Sama,7011.0,Hotel & Lodging,Individual,Hyderabad,Telangana,2023-08-20,1467343581,Active,801.94
510,MCH2040,Goel-Dewan,,Miscellaneous,Individual,Delhi,Delhi,2025-12-07,EFTH2141412119625,Active,320.83
511,MCH2041,"Sagar, Chakraborty And Kurian",4131.0,Travel,Sole Proprietor,Ludhiana,Punjab,2024-03-22,,Inactive,
512,MCH2042,"Rai, Das And Bava",5311.0,Retail,Partnership,Pune,Maharashtra,2023-12-17,ZYCY1593553139876,Active,1564.88
513,MCH2044,"Upadhyay, Kapoor And Nazareth",7011.0,Hotel & Lodging,Individual,Lucknow,Uttar Pradesh,2023-01-02,3913922043,Active,368.05
514,MCH2045,Nadig-Bal,5699.0,Apparel & Fashion,Private Limited,Pune,Maharashtra,2024-02-05,,Active,
515,MCH2046,Konda-Garde,5411.0,Grocery,Sole Proprietor,Lucknow,Uttar Pradesh,2026-01-28,,Active,1405.98
516,MCH2047,Ghose-Kannan,5942.0,Books & Stationery,Sole Proprietor,Lucknow,Uttar Pradesh,2025-05-24,,Active,1609.08
517,MCH2051,Deshpande Plc,5912.0,Medical,Private Limited,Chennai,Tamil Nadu,2024-10-06,6948597427,Active,625.93
518,MCH2052,"Saraf, Maharaj And Kakar",5999.0,Miscellaneous,Individual,Pune,Maharashtra,2025-01-30,XXXX8291,Active,3476.81
519,MCH2056,"Kadakia, Nagi And Ramakrishnan",5699.0,Apparel & Fashion,Sole Proprietor,Mumbai,Maharashtra,2023-02-23,XXXX6025,Active,2168.0
520,MCH2060,Grover-Dugar,5411.0,Hotel & Lodging,Individual,Chennai,Tamil Nadu,2025-10-02,DZGT5983407724510,Active,540.0
521,MCH2063,Bhavsar Gr0Up,4131.0,Transportation,Private Limited,Chennai,Tamil Nadu,2025-10-10,,Active,2405.73
522,MCH2064,Date And Sons,5812.0,Restaurants & Food,Private Limited,Delhi,Delhi,2025-08-05,,Active,1715.0
523,MCH2067,"Barad, Rai And Kapur",5411.0,Grocery,Private Limited,Jaipur,Rajasthan,2023-03-04,5177364796,Active,999.18
524,MCH2071,Dube-Kapadia,4131.0,Telecom,Sole Proprietor,Amritsar,Punjab,2024-08-19,5736154750,Active,1392.0
525,MCH2074,D’Alia Inc,5699.0,Apparel & Fashion,Partnership,Jaipur,Rajasthan,2025-10-22,VRCT7941741947399,Active,1616.2
526,MCH2075,"Dhar,Deoandrau",5912.0,Pharmacy,Individual,Delhi,Delhi,2024-09-01,32289516,Active,1584.12
527,MCH2076,Chad Ltd,5942.0,Books & Stationery,Sole Proprietor,Jalandhar,Punjab,2024-07-03,7969775416,Active,579.16
528,MCH2077,Kara Plc,5812.0,Restaurants & Food,Individual,Amritsar,Punjab,2025-11-15,XXXX1473,Active,239.1
529,MCH2078,Chada-Dubey,5311.0,Department Store,Individual,Bengaluru,Karnataka,2025-03-14,,Active,1915.85
530,MCH2081,Date Plc,5311.0,Department Store,Private Limited,Lucknow,Uttar Pradesh,2023-04-01,XXXX3660,Active,275.64
531,MCH2083,Patla-Basak,5912.0,Medical,Individual,Kolkata,West Bengal,2024-10-08,,Suspended,556.93
532,MCH2084,"Murthy, Dutt And Bakshi",4131.0,Travel,Private Limited,Mumbai,Maharashtra,2024-04-03,,Active,659.75
533,MCH2085,Kala-Shah,4131.0,Transportation,Private Limited,Pune,Maharashtra,2024-07-22,XXXX7338,Active,3590.82
534,MCH2087,Dubey-Doctor,5999.0,Miscellaneous,Individual,Amritsar,Punjab,2025-04-17,974736100,Active,4751.6
535,MCH2090,Upadhyay Plc,5812.0,Restaurants & Food,Sole Proprietor,Delhi,Delhi,2026-01-05,KZDI9850791739312,Active,439.31
536,MCH2092,"Dubey, Tara And Thaker",4131.0,Transportation,Individual,Kolkata,West Bengal,2023-11-09,6682311847,Active,1262.97
537,MCH2093,Ghosh-Gaba,5411.0,Miscellaneous,Sole Proprietor,Ludhiana,Punjab,2024-02-05,IJYU8161082317804,Active,2389.0
538,MCH2094,Ratti Ltd,5411.0,Grocery,Sole Proprietor,Bengaluru,Karnataka,,2357394958,Active,4897.48
539,MCH2096,"Taneja, Basu And Bal",4814.0,Telecom,Private Limited,Pune,Maharashtra,2024-09-28,6426260442,Active,1660.3
540,MCH2098,Ranganathan-Chopra,4131.0,Transportation,Private Limited,Chennai,Tamil Nadu,2023-05-13,,Active,4538.04
541,MCH2099,"Tara, Date And Thakur",4131.0,Transportation,Sole Proprietor,Chennai,Tamil Nadu,2023-06-28,BFBY2666613604973,Active,1054.15
542,MCH2100,"Jani, Bobal And Singhal",7011.0,Hotel & Lodging,Individual,Bengaluru,Karnataka,,,Active,1281.0
543,MCH2102,"Mand, Bobal And Saini",5812.0,Restaurants & Food,Individual,Ludhiana,Punjab,2024-04-25,,Active,
544,MCH2104,Iyengar Plc,5411.0,Apparel & Fashion,Private Limited,Lucknow,Uttar Pradesh,2025-03-20,,Suspended,1344.05
545,MCH2105,Nagar-Misra,5912.0,Pharmacy,Private Limited,Jaipur,Rajasthan,2024-03-17,DJMK6141720098442,Active,1101.76
546,MCH2106,"Doctor, Karnik And Sridhar",5999.0,Miscellaneous,Partnership,Bengaluru,Karnataka,2023-08-16,XXXX6082,Inactive,871.69
547,MCH2107,"Wali, Srinivas And Vyas",5912.0,Pharmacy,Private Limited,Chennai,Tamil Nadu,2023-08-29,KNZL1450578164711,Active,679.27
548,MCH2108,Sankar-Desai,5912.0,Pharmacy,Sole Proprietor,Ludhiana,Punjab,2023-10-30,9695114754,Suspended,1535.43
549,MCH2111,Dubey-Oommen,7011.0,Hotel & Lodging,Individual,Ludhiana,Punjab,2023-07-26,,Active,5111.16
550,MCH2115,Kohli-Doshi,4131.0,Travel,Sole Proprietor,Chennai,Tamil Nadu,2024-05-24,XXXX7245,Active,8526.65
551,MCH2116,Chaudhari And Sons,5699.0,Apparel & Fashion,Individual,Jaipur,Rajasthan,2023-09-02,XXXX7517,Active,947.14
552,MCH2117,Lal Group,7011.0,Hotel & Lodging,Partnership,Jaipur,Rajasthan,2025-10-28,,Active,2615.21
553,MCH2118,Jani-Subramaniam,5942.0,Books & Stationery,Partnership,Ludhiana,Punjab,2024-05-30,TOPO3167206929855,Active,1546.09
554,MCH2119,Kashyap Ltd,5699.0,Apparel & Fashion,Individual,Chennai,Tamil Nadu,2023-07-23,QOGH2854636021780,Inactive,1155.58
555,MCH2120,Vohra-Kashyap,4814.0,Telecom,Individual,Jaipur,Rajasthan,2023-02-23,5716928716,Active,2514.21
556,MCH2122,"Bava, Bal And Mittal",,Medical,Individual,Pune,Maharashtra,2024-01-04,,Active,1119.03
557,MCH2123,"Pandey, Swamy And Desai",5912.0,Pharmacy,Private Limited,Hyderabad,Telangana,2024-03-31,1343743370,Active,2367.0
558,MCH2124,"Chander, Kohli And Dube",4131.0,Transportation,Individual,Delhi,Delhi,2024-02-15,XXXX2531,Active,1551.09
559,MCH2126,Golla And Sons,5311.0,Department Store,Partnership,Hyderabad,Telangana,2024-04-15,VOOP9800619907319,Active,342.0
560,MCH2128,Ghosh-Sharaf,5812.0,Restaurants & Food,Partnership,Amritsar,Punjab,2023-12-21,6688236722,Active,3157.17
561,MCH2129,Bhavsar-De,5912.0,Pharmacy,Sole Proprietor,Hyderabad,Telangana,,2500999511,Active,4898.0
562,MCH2131,Boase-Varghese,5699.0,Apparel & Fashion,Sole Proprietor,Pune,Maharashtra,2025-03-29,,Active,2157.11
563,MCH2133,Bose-Saraf,5999.0,Miscellaneous,Sole Proprietor,Mumbai,Maharashtra,2024-09-19,6035698626,Active,
564,MCH2135,"Singh, Talwar And Sur",5411.0,Grocery,Private Limited,Jalandhar,Punjab,2025-01-15,,Suspended,704.34
565,MCH2137,Saran And Sons,5699.0,Apparel & Fashion,Private Limited,Delhi,Delhi,2023-11-10,,Active,2376.86
566,MCH2139,"Bali, Mahajan And Oza",5942.0,Books & Stationery,Sole Proprietor,Bengaluru,Karnataka,2023-02-12,XXXX2161,Active,512.11
567,MCH2142,"Banerjee, Ghose And Parekh",5942.0,Books & Stationery,Sole Proprietor,Delhi,Delhi,2024-08-23,VSPN0134800422309,Active,
568,MCH2144,Choudhary-Kashyap,5942.0,Books & Stationery,Partnership,Ludhiana,Punjab,2024-08-13,XXXX3571,Active,350.72
569,MCH2148,Dora Ltd,5912.0,Pharmacy,Private Limited,Amritsar,Punjab,2024-05-30,,Active,343.34
570,MCH2149,"Doctor, Varughese And Hans",5942.0,Books & Stationery,Individual,Bengaluru,Karnataka,2025-05-07,XXXX2634,Active,3778.33
571,MCH2152,"Choudhry, Chauhan And Dayal",5942.0,Books & Stationery,Private Limited,Pune,Maharashtra,2025-11-28,6428134605,Active,1507.67
572,MCH2153,"Dara, Vala And Venkatesh",5699.0,Apparel & Fashion,Partnership,Chennai,Tamil Nadu,2023-06-21,,Active,
573,MCH2154,"Badal, Yadav And Mane",5999.0,Miscellaneous,Sole Proprietor,Lucknow,Uttar Pradesh,2023-08-02,XXXX9820,Active,
574,MCH2155,Vig-Bobal,4814.0,Telecom,Private Limited,Delhi,Delhi,2023-03-05,XXXX5202,Active,8483.0
575,MCH2157,Parmer-Sinha,5912.0,Pharmacy,Partnership,Delhi,Delhi,2023-10-22,,Active,1536.42
576,MCH2159,Sawhney Llc,5812.0,Restaurants & Food,Sole Proprietor,Jalandhar,Punjab,2024-05-16,MGFR5989061568022,Active,1420.0
577,MCH2165,Venkataraman-Seshadri,5912.0,Medical,Sole Proprietor,Pune,Maharashtra,2024-06-26,,Active,137.68
578,MCH2166,Sant-Venkatesh,5912.0,Pharmacy,Individual,Amritsar,Punjab,2024-09-20,9608426270,Active,789.14
579,MCH2169,"Yogi, Bhakta And Suresh",5812.0,Restaurants & Food,Private Limited,Hyderabad,Telangana,2023-04-25,XXXX3751,Active,5225.51
580,MCH2172,"Taneja, Raj And Vora",7011.0,Hotel & Lodging,Sole Proprietor,Hyderabad,Telangana,2025-06-15,,Active,466.45
581,MCH2174,"Sood, Chowdhury And Chacko",7011.0,Hotel & Lodging,Private Limited,Delhi,Delhi,2024-03-13,8824000729,Inactive,1287.16
582,MCH2177,Ramakrishnan Inc,5411.0,Grocery,Individual,Jaipur,Rajasthan,2023-10-13,UGOR9246572099156,Active,1755.18
583,MCH2179,Chanda-Sura,5699.0,Apparel & Fashion,Private Limited,Jalandhar,Punjab,2026-01-07,XXXX4523,Active,1281.24
584,MCH2180,Chaudry-Sidhu,5812.0,Apparel & Fashion,Private Limited,Pune,Maharashtra,,4033666419,Active,3354.42
585,MCH2183,Savant Llc,4131.0,Travel,Sole Proprietor,Delhi,Delhi,,XXXX8842,Active,
586,MCH2185,Wagle Inc,,Medical,Private Limited,Pune,Maharashtra,,XXXX8242,Suspended,828.0
587,MCH2186,Venkatesh And Sons,5912.0,Medical,Sole Proprietor,Lucknow,Uttar Pradesh,2025-11-23,,Active,661.82
588,MCH2187,Balan And Sons,5999.0,Miscellaneous,Sole Proprietor,Bengaluru,Karnataka,2024-10-22,,Active,1340.0
589,MCH2188,"Sundaram, Prakash And Sheth",5699.0,Apparel & Fashion,Sole Proprietor,Hyderabad,Telangana,2025-11-02,,Active,
590,MCH2189,"Mammen, Balakrishnan And Prakash",5311.0,Retail,Sole Proprietor,Jaipur,Rajasthan,2025-05-14,,Active,2363.97
591,MCH2191,"Raval, Halder And Brahmbhatt",5999.0,Miscellaneous,Sole Proprietor,Bengaluru,Karnataka,2023-09-15,,Active,2745.45
592,MCH2196,Badal-Ghosh,4131.0,Transportation,Individual,Delhi,Delhi,2024-04-07,XXXX7232,Active,188.84
593,MCH2197,Palan-Bhatti,5311.0,Department Store,Partnership,Delhi,Delhi,,YPNI1403413664050,Active,2800.25
594,MCH2198,"Arya, Dalal And Keer",5812.0,Restaurants & Food,Private Limited,Jaipur,Rajasthan,2023-09-08,,Active,2776.31
595,MCH2199,Subramanian Inc,5311.0,Department Store,Private Limited,Bengaluru,Karnataka,2024-01-14,,Suspended,369.25
596,MCH2200,Choudhry-Vig,4814.0,Telecom,Private Limited,Jaipur,Rajasthan,2023-04-21,JBNG6240536039384,Active,207.14
597,MCH2201,"Date, Muni And Dasgupta",5999.0,Miscellaneous,Individual,Kolkata,West Bengal,2023-07-12,EYWQ3550445400883,Active,238.32
598,MCH2202,"Dass, Vala And Goda",5912.0,Pharmacy,Private Limited,Hyderabad,Telangana,2023-06-19,EGTB4563622891580,On Hold,
599,MCH2203,"Dar, Khurana And Vasa",5812.0,Restaurants & Food,Sole Proprietor,Jaipur,Rajasthan,2024-07-05,,Active,14312.42
600,MCH2205,Parmer-Lad,5311.0,Department Store,Individual,Delhi,Delhi,2023-07-01,QDLE8658067283923,Active,986.0
601,MCH2211,Krishnan-Sibal,5942.0,Books & Stationery,Individual,Bengaluru,Karnataka,2023-05-28,,Active,1189.37
602,MCH2212,Parmar Group,,Transportation,Private Limited,Jalandhar,Punjab,2025-02-01,,Active,4432.56
603,MCH2213,"Dash,Soniandpalla",7011.0,Hotel & Lodging,Individual,Kolkata,West Bengal,2023-04-30,,Active,4392.08
604,MCH2214,Varkey-Seshadri,4131.0,Transportation,Partnership,Delhi,Delhi,2024-12-18,9016212995,Active,
605,MCH2215,Maharaj-Kale,7011.0,Hotel & Lodging,Individual,Kolkata,West Bengal,2024-08-03,,Active,3526.35
606,MCH2217,"Rai, Bala And Shenoy",5411.0,Grocery,Individual,Mumbai,Maharashtra,2023-08-15,2506258510,Active,728.77
607,MCH2218,"Upadhyay, Sharma And Kothari",7011.0,Hotel & Lodging,Partnership,Lucknow,Uttar Pradesh,2024-04-23,VZAG9844318169851,Active,
608,MCH2220,Tailor And Sons,5311.0,Department Store,Sole Proprietor,Mumbai,Maharashtra,2025-06-23,,Active,940.64
609,MCH2222,"Mani, Ravel And Agrawal",,Apparel & Fashion,Sole Proprietor,Lucknow,Uttar Pradesh,2023-10-01,,Active,815.84
610,MCH2223,Dhaliwal Llc,4814.0,Telecom,Individual,Mumbai,Maharashtra,2024-07-14,XXXX3669,Active,543.88
611,MCH2224,Nadig-Varma,5812.0,Restaurants & Food,Private Limited,Chennai,Tamil Nadu,2025-10-29,,Active,2261.0
612,MCH2229,"Kala, Baral And Subramanian",5311.0,Department Store,Private Limited,Mumbai,Maharashtra,2025-12-21,,Active,577.0
613,MCH2231,"Goyal, Balakrishnan And Patla",7011.0,Hotel & Lodging,Private Limited,Bengaluru,Karnataka,2024-11-10,,Inactive,1360.71
614,MCH2232,Borde-Sule,5311.0,Department Store,Partnership,Hyderabad,Telangana,2025-02-24,9040784909,Active,642.26
615,MCH2236,Yohannan-Chada,5311.0,Department Store,Private Limited,Kolkata,West Bengal,2023-01-24,3926948531,Inactive,5340.64
616,MCH2237,Chatterjee-Din,4814.0,Telecom,Sole Proprietor,Lucknow,Uttar Pradesh,2023-01-23,4350832934,Active,
617,MCH2238,Chakrabarti-Lata,5699.0,Apparel & Fashion,Individual,Amritsar,Punjab,2024-10-19,636957365,Active,1650.0
618,MCH2240,"Shenoy, Tara And Kala",5912.0,Medical,Partnership,Chennai,Tamil Nadu,2023-03-25,,Active,1500.77
619,MCH2241,Patla-Prabhakar,5942.0,Books & Stationery,Partnership,Kolkata,West Bengal,2026-01-15,,Active,868.0
620,MCH2244,Master Plc,5912.0,Pharmacy,Private Limited,Jalandhar,Punjab,2024-06-10,,Inactive,2383.0
621,MCH2248,Mutti-Manne,5812.0,Restaurants & Food,Partnership,Ludhiana,Punjab,2023-11-22,,Inactive,1021.0
622,MCH2249,Bahri-Nagarajan,7011.0,Hotel & Lodging,Sole Proprietor,Ludhiana,Punjab,2024-11-17,364290572,Active,590.8
623,MCH2250,Borra And Sons,5942.0,Books & Stationery,Individual,Hyderabad,Telangana,2024-07-18,XXXX4935,Active,
624,MCH2255,Lal Ltd,5311.0,Department Store,Individual,Jaipur,Rajasthan,2023-05-29,6674150314,Active,1404.67
625,MCH2257,Mandal-Sankaran,5311.0,Department Store,Individual,Mumbai,Maharashtra,2024-04-18,,Active,4831.04
626,MCH2258,Walia Group,5311.0,Department Store,Sole Proprietor,Jalandhar,Punjab,2025-10-14,XXXX1416,Active,1902.49
627,MCH2261,Gr0Ver Inc,5812.0,Restaurants & Food,Sole Proprietor,Mumbai,Maharashtra,2025-11-25,,Active,1519.0
628,MCH2263,Puri-D’Alia,5311.0,Department Store,Private Limited,Amritsar,Punjab,2024-08-29,CMUQ0128896673333,Active,2781.79
629,MCH2264,"Sule, Sarma And Sur",5311.0,Retail,Individual,Delhi,Delhi,2025-10-21,HGHS4575612385959,Suspended,4017.0
630,MCH2265,"Bail, Gopal And Khare",,Pharmacy,Partnership,Lucknow,Uttar Pradesh,2024-04-08,VZCP3787385327453,Inactive,
631,MCH2266,Natarajan And Sons,5912.0,Pharmacy,Individual,Chennai,Tamil Nadu,2025-04-17,NABB6271790214696,Active,447.78
632,MCH2267,Bobal And Sons,7011.0,Hotel & Lodging,Partnership,Delhi,Delhi,2023-01-03,NKYD4958921832559,Active,2114.71
633,MCH2268,"Verma, Aurora And De",5999.0,Miscellaneous,Private Limited,Jalandhar,Punjab,,NBDA6083922141930,Active,995.42
634,MCH2269,"Dalal, Samra And Kala",7011.0,Hotel & Lodging,Sole Proprietor,Pune,Maharashtra,2025-10-08,,Active,
635,MCH2274,"Kunda, Vig And Parsa",5999.0,Miscellaneous,Sole Proprietor,Mumbai,Maharashtra,2023-06-06,XXXX2871,Active,3028.0
636,MCH2278,"Mohanty, Bobal And Minhas",7011.0,Hotel & Lodging,Sole Proprietor,Pune,Maharashtra,2023-08-25,2573696997,Active,4540.82
637,MCH2279,Sarma Inc,5912.0,Pharmacy,Private Limited,Mumbai,Maharashtra,2024-07-29,CIPY5229888115398,Active,2197.82
638,MCH2282,Mall Group,5411.0,Retail,Partnership,Jalandhar,Punjab,2024-02-08,935990033,Active,654.0
639,MCH2283,"Dhawan, Pa11A And Krishnan",7011.0,Hotel & Lodging,Partnership,Hyderabad,Telangana,,2734680306,Active,954.74
640,MCH2284,Nayak Group,5699.0,Apparel & Fashion,Private Limited,Mumbai,Maharashtra,2025-10-01,XXXX8146,Suspended,998.2
641,MCH2287,Baral Inc,5912.0,Medical,Individual,Delhi,Delhi,2025-06-11,,Active,920.82
642,MCH2289,Tank-Datta,5812.0,Restaurants & Food,Private Limited,Hyderabad,Telangana,2025-10-26,2288122436,Active,372.03
643,MCH2293,"Pandit, Bhavsar And Barman",4814.0,Telecom,Private Limited,Pune,Maharashtra,2023-03-20,,Active,792.61
644,MCH2296,Buch Ltd,4131.0,Transportation,Partnership,Ludhiana,Punjab,2023-06-19,XXXX9780,Active,8012.35
645,MCH2297,Mutti And Sons,5942.0,Books & Stationery,Partnership,Ludhiana,Punjab,2026-01-15,,Active,1134.74
646,MCH2299,Ahluwalia Inc,4131.0,Travel,Partnership,Ludhiana,Punjab,2024-12-02,,Active,2936.54
647,MCH2302,"Sekhon, Tak And Dhingra",5942.0,Books & Stationery,Sole Proprietor,Amritsar,Punjab,2023-11-11,8509370195,Active,852.28
648,MCH2306,Goswami Inc,7011.0,Hotel & Lodging,Sole Proprietor,Bengaluru,Karnataka,,4771057298,Active,1562.95
649,MCH2308,Bhattacharyya Llc,5311.0,Department Store,Sole Proprietor,Jalandhar,Punjab,2023-10-14,,Inactive,4753.89
650,MCH2309,"Bajaj, Chakraborty And Malhotra",5311.0,Department Store,Individual,Amritsar,Punjab,2026-01-24,RUZB5463334435942,Active,355.13
651,MCH2310,Raj Ltd,5411.0,Grocery,Partnership,Jaipur,Rajasthan,2026-02-13,,Inactive,681.98
652,MCH2313,Gulati Llc,5999.0,Miscellaneous,Private Limited,Kolkata,West Bengal,2024-06-09,PWIA0473863869043,Inactive,
653,MCH2314,"Tank, Bera And Dash",,Restaurants & Food,Sole Proprietor,Kolkata,West Bengal,2023-02-01,,Active,2905.93
654,MCH2327,Kibe-Char,5812.0,Restaurants & Food,Partnership,Hyderabad,Telangana,2025-10-09,XXXX0303,Active,848.32
655,MCH2332,Toor Inc,7011.0,Hotel & Lodging,Individual,Ludhiana,Punjab,2023-04-20,PKCI7470482397105,Active,
656,MCH2335,Ganeshltd,5999.0,Miscellaneous,Private Limited,Pune,Maharashtra,2025-03-03,,Active,
657,MCH2336,Narasimhan Inc,,Grocery,Sole Proprietor,Jalandhar,Punjab,2025-06-18,,Inactive,791.05
658,MCH2344,"Purohit, Rege And Patil",7011.0,Apparel & Fashion,Private Limited,Jaipur,Rajasthan,,,Active,
659,MCH2345,"Kibe, Verma And Koshy",4814.0,Telecom,Individual,Bengaluru,Karnataka,2024-06-28,2126684184,Active,808.61
660,MCH2346,Palla-Mannan,5699.0,Apparel & Fashion,Partnership,Chennai,Tamil Nadu,2025-04-29,XXXX3607,Active,468.76
661,MCH2347,"Dara, Ravel And Soni",5912.0,Pharmacy,Sole Proprietor,Amritsar,Punjab,2023-12-09,LYBJ8156884625938,Active,3169.93
662,MCH2350,"Gill, Sura And Doshi",5812.0,Restaurants & Food,Individual,Pune,Maharashtra,2026-02-19,,Active,668.0
663,MCH2353,Sood-Vasa,5411.0,Grocery,Sole Proprietor,Mumbai,Maharashtra,2026-01-24,,Active,2728.11
664,MCH2354,"Toor, Nagi And Dara",5912.0,Medical,Sole Proprietor,Pune,Maharashtra,2024-04-12,AIXG4946165098881,Active,1954.79
665,MCH2356,"Vyas, Chhabra And Kala",,Hotel & Lodging,Private Limited,Chennai,Tamil Nadu,2024-08-07,,Active,2064.97
666,MCH2357,Shan Ltd,5999.0,Miscellaneous,Individual,Jalandhar,Punjab,2025-06-16,XXXX8144,Active,945.26
667,MCH2360,Bhakta-Nazareth,5942.0,Books & Stationery,Private Limited,Jaipur,Rajasthan,2024-06-21,,Inactive,755.69
668,MCH2368,Chadha-Barman,5912.0,Pharmacy,Individual,Jalandhar,Punjab,2025-11-27,7857705450,Suspended,3326.29
669,MCH2370,Mutti-Sarma,5699.0,Apparel & Fashion,Individual,Delhi,Delhi,2024-03-08,,Active,6053.56
670,MCH2376,"Lata, Krishnamurthy And Lal",5311.0,Retail,Partnership,Jalandhar,Punjab,2025-12-05,,Active,113.0
671,MCH2378,"Rau, Pradhan And Bansa1",5411.0,Grocery,Individual,Lucknow,Uttar Pradesh,2024-02-09,8007526864,Active,6158.0
672,MCH2382,Parsa-Mandal,4814.0,Telecom,Individual,Jalandhar,Punjab,2026-01-30,,Suspended,16892.62
673,MCH2383,Dewan-Misra,4814.0,Telecom,Sole Proprietor,Ludhiana,Punjab,2023-05-09,,Active,923.06
674,MCH2384,Sarkar-Aur0Ra,5912.0,Pharmacy,Sole Proprietor,Jaipur,Rajasthan,2025-01-22,,Active,4909.55
675,MCH2387,Dar-Dass,5912.0,Pharmacy,Partnership,Lucknow,Uttar Pradesh,,,Active,1022.15
676,MCH2390,Bandi-Sidhu,5311.0,Retail,Sole Proprietor,Jaipur,Rajasthan,,XXXX9688,Active,1091.1
677,MCH2392,Shetty And Sons,5912.0,Grocery,Individual,Amritsar,Punjab,2025-12-18,XXXX1862,Active,655.01
678,MCH2394,Rajagopalan Llc,5812.0,Restaurants & Food,Partnership,Kolkata,West Bengal,,XXXX3997,Active,2001.35
679,MCH2395,Sathe-Dixit,4131.0,Transportation,Private Limited,Chennai,Tamil Nadu,2023-12-24,,Active,941.52
680,MCH2398,Kapur-Dani,5311.0,Department Store,Individual,Chennai,Tamil Nadu,2023-09-15,IWCQ2998069556193,Active,711.05
681,MCH2402,Dhillon Group,5912.0,Pharmacy,Individual,Mumbai,Maharashtra,2024-02-12,IEQW6694363532348,Active,1477.89
682,MCH2403,Chana-Yohannan,5411.0,Grocery,Partnership,Kolkata,West Bengal,2025-07-28,,Active,574.13
683,MCH2404,Mutti-Seshadri,5411.0,Grocery,Individual,Ludhiana,Punjab,2026-01-13,,Active,233.4
684,MCH2407,Chaudhry Plc,7011.0,Pharmacy,Private Limited,Pune,Maharashtra,,4475713369,Active,5215.07
685,MCH2408,"Kumar, Din And Sule",5999.0,Miscellaneous,Sole Proprietor,Bengaluru,Karnataka,,,Active,
686,MCH2411,Saraf-Gola,4131.0,Transportation,Individual,Jaipur,Rajasthan,2023-02-09,,Active,2300.71
687,MCH2412,Nadig Inc,5942.0,Books & Stationery,Individual,Hyderabad,Telangana,2024-12-08,XXXX9581,Active,144.12
688,MCH2416,"Gokhale, Dua And Murty",5411.0,Grocery,Sole Proprietor,Delhi,Delhi,2024-09-15,489469400,Active,4341.41
689,MCH2417,"Reddy, Patel And Manda",5912.0,Pharmacy,Individual,Bengaluru,Karnataka,2025-03-13,XXXX5551,Active,1553.29
690,MCH2418,Doctor Group,4131.0,Transportation,Sole Proprietor,Bengaluru,Karnataka,2023-03-25,8132788390,Active,523.42
691,MCH2419,Suri Ltd,5999.0,Miscellaneous,Individual,Mumbai,Maharashtra,2024-02-05,2248391109,Active,
692,MCH2421,Chanda Plc,4131.0,Transportation,Partnership,Lucknow,Uttar Pradesh,2023-10-11,VAVC3668026777539,Active,146.0
693,MCH2422,Sampath-Balasubramanian,7011.0,Telecom,Private Limited,Bengaluru,Karnataka,2025-06-25,7967511719,Active,2352.58
694,MCH2423,Ratti-Gupta,4131.0,Travel,Private Limited,Hyderabad,Telangana,2023-02-09,8487553058,Active,1549.78
695,MCH2424,Patil Ltd,5912.0,Pharmacy,Partnership,Chennai,Tamil Nadu,2023-10-08,,Active,737.41
696,MCH2425,Suri-Kurian,5411.0,Grocery,Partnership,Ludhiana,Punjab,2023-06-06,,Active,1800.35
697,MCH2428,Suresh-Varma,4814.0,Telecom,Private Limited,Hyderabad,Telangana,2024-05-31,XXXX3635,Active,949.0
698,MCH2430,Bora Group,4814.0,Telecom,Individual,Amritsar,Punjab,2026-01-27,2955352677,Active,827.43
699,MCH2432,Parmar-Parmer,4131.0,Transportation,Individual,Kolkata,West Bengal,,,Active,2557.63
700,MCH2435,"Badal, Chada And Narang",5699.0,Apparel & Fashion,Private Limited,Ludhiana,Punjab,,219895854,Active,2576.23
701,MCH2436,"Bhagat, Amble And Dixit",4131.0,Transportation,Individual,Lucknow,Uttar Pradesh,2024-07-27,XXXX8612,Active,2085.74
702,MCH2438,Saxena-Sagar,5999.0,Miscellaneous,Sole Proprietor,Amritsar,Punjab,2025-06-21,TOND5392493573658,Active,1010.25
703,MCH2440,Hans-Master,7011.0,Hotel & Lodging,Sole Proprietor,Ludhiana,Punjab,2023-02-15,IUZN5055483856054,Active,1395.0
704,MCH2441,Bhatnagar Plc,4814.0,Telecom,Individual,Jaipur,Rajasthan,2024-05-04,4907126528,Active,1789.0
705,MCH2442,Gole Plc,5812.0,Restaurants & Food,Partnership,Mumbai,Maharashtra,2024-08-28,7767111670,Active,625.13
706,MCH2444,"Sachar, Das And Deo",4131.0,Transportation,Sole Proprietor,Jalandhar,Punjab,2025-05-12,,Active,563.27
707,MCH2445,Khare-Sane,5311.0,Miscellaneous,Sole Proprietor,Jaipur,Rajasthan,2023-12-05,3925528828,Active,6063.97
708,MCH2447,Anand Llc,4131.0,Transportation,Sole Proprietor,Jaipur,Rajasthan,,,Inactive,1803.52
709,MCH2448,Shan Ltd,5699.0,Apparel & Fashion,Private Limited,Delhi,Delhi,2023-03-22,,Active,331.32
710,MCH2450,Bail Plc,5812.0,Restaurants & Food,Private Limited,Hyderabad,Telangana,2024-04-25,XXXX3279,Active,3923.0
711,MCH2451,"Halder, Kannan And Dixit",7011.0,Hotel & Lodging,Private Limited,Kolkata,West Bengal,2025-11-20,NIXX7228219214941,Inactive,610.7
712,MCH2459,Gala And Sons,4131.0,Transportation,Sole Proprietor,Jaipur,Rajasthan,2025-04-16,OKFD4897091413997,Active,789.05
713,MCH2463,"Pillai, Tank And Das",7011.0,Hotel & Lodging,Sole Proprietor,Chennai,Tamil Nadu,2025-08-13,1687933229,Active,1834.3
714,MCH2470,Chadha Llc,,Miscellaneous,Individual,Lucknow,Uttar Pradesh,2025-01-28,DYBS8259485877528,Active,144.47
715,MCH2471,Das Group,5942.0,Books & Stationery,Individual,Jalandhar,Punjab,2024-05-30,SVRE3169162150744,Active,3177.16
716,MCH2473,Lanka Inc,5942.0,Books & Stationery,Individual,Bengaluru,Karnataka,2025-01-20,7620940119,Active,1883.19
717,MCH2474,"Setty, Reddy And Singh",4131.0,Medical,Sole Proprietor,Kolkata,West Bengal,2023-12-11,XXXX1604,Active,3043.1
718,MCH2475,Bains-Sahota,5411.0,Grocery,Individual,Bengaluru,Karnataka,2023-08-16,XXXX6630,Active,
719,MCH2476,Choudhary-Borah,7011.0,Hotel & Lodging,Private Limited,Kolkata,West Bengal,2025-10-15,PXIN8486080746921,Active,1108.38
720,MCH2478,"Bala, Sane And Som",5699.0,Apparel & Fashion,Sole Proprietor,Hyderabad,Telangana,2023-02-15,QRPZ8741280654685,Active,911.53
721,MCH2480,Banik-Nagar,5812.0,Restaurants & Food,Private Limited,Jaipur,Rajasthan,2025-07-27,XXXX7952,Active,3594.0
722,MCH2486,"Mohanty, Iyer And Sharma",7011.0,Hotel & Lodging,Individual,Chennai,Tamil Nadu,2023-10-23,FCPB2927426048520,Active,2266.0
723,MCH2487,Venkatesh Ltd,7011.0,Hotel & Lodging,Partnership,Ludhiana,Punjab,,MCTW2396874836471,Active,2913.12
724,MCH2492,"Dhawan, Salvi And Dara",5812.0,Restaurants & Food,Partnership,Lucknow,Uttar Pradesh,2025-08-07,XXXX8560,Inactive,3500.9
725,MCH2493,"Tella, Lata And Tripathi",4814.0,Telecom,Individual,Jaipur,Rajasthan,2023-10-28,ROFA2679305641354,Active,
726,MCH2494,Sane Ltd,5699.0,Apparel & Fashion,Partnership,Amritsar,Punjab,,8156434201,Active,582.0
727,MCH2495,"Sibal, Shankar And Malhotra",5699.0,Apparel & Fashion,Individual,Bengaluru,Karnataka,2025-07-20,,Active,529.0
728,MCH2498,Peri-Sachdeva,7011.0,Hotel & Lodging,Individual,Lucknow,Uttar Pradesh,2024-07-22,7968546113,Active,1576.69
729,MCH2501,Ravel Inc,,Pharmacy,Partnership,Ludhiana,Punjab,2024-08-13,XXXX9432,Active,2494.94
730,MCH2503,Ravel Plc,4814.0,Telecom,Individual,Kolkata,West Bengal,2025-03-10,5029689598,Active,858.0
731,MCH2504,Mittal Ltd,5999.0,Miscellaneous,Individual,Pune,Maharashtra,2024-12-29,XXXX5857,Inactive,1689.96
732,MCH2506,"Sarna, Vora And Seth",4131.0,Transportation,Individual,Jaipur,Rajasthan,2024-06-13,,Active,222.33
733,MCH2510,Kakar Group,5411.0,Grocery,Sole Proprietor,Hyderabad,Telangana,2024-03-29,XXXX3606,Active,744.85
734,MCH2513,Bhallainc,,Apparel & Fashion,Partnership,Amritsar,Punjab,2023-11-09,6553818868,Active,5544.37
735,MCH2514,"Dua, Peri And Sani",5912.0,Telecom,Sole Proprietor,Kolkata,West Bengal,,VHRN8113044559744,Active,937.87
736,MCH2516,Ben-Varghese,,Grocery,Sole Proprietor,Chennai,Tamil Nadu,2023-08-04,,Suspended,398.68
737,MCH2522,Savant-Sangha,5311.0,Retail,Partnership,Mumbai,Maharashtra,2024-03-01,1167145374,Active,702.03
738,MCH2523,Sarma Inc,5999.0,Miscellaneous,Individual,Kolkata,West Bengal,2025-05-09,,Active,2146.62
739,MCH2525,Narayan-Mallick,5912.0,Medical,Sole Proprietor,Amritsar,Punjab,2025-03-17,,Active,1084.48
740,MCH2528,Cherian Ltd,5999.0,Miscellaneous,Private Limited,Jalandhar,Punjab,2024-03-08,,Active,830.85
741,MCH2529,Sheth-Pal,5942.0,Books & Stationery,Individual,Lucknow,Uttar Pradesh,2023-08-23,2709901385,Active,1398.37
742,MCH2530,Bal-Sant,5999.0,Miscellaneous,Partnership,Kolkata,West Bengal,2023-08-06,XXXX3441,Active,372.49
743,MCH2532,Chad Inc,5999.0,Miscellaneous,Partnership,Jaipur,Rajasthan,2023-01-11,SDKV0929160095786,Inactive,351.38
744,MCH2533,"Chhabra, Shah And Tella",5912.0,Medical,Sole Proprietor,Jaipur,Rajasthan,2025-05-03,,Active,2439.28
745,MCH2534,Shetty-Sundaram,5411.0,Grocery,Private Limited,Pune,Maharashtra,2025-03-10,,Active,709.87
746,MCH2535,Mody-Grewal,5699.0,Apparel & Fashion,Sole Proprietor,Mumbai,Maharashtra,2026-02-11,XXXX4471,Active,1997.41
747,MCH2536,Divan-Radhakrishnan,4131.0,Transportation,Private Limited,Pune,Maharashtra,2025-07-09,NWSY9894058484946,Active,
748,MCH2542,Thakur Group,5411.0,Grocery,Sole Proprietor,Kolkata,West Bengal,2023-12-15,7251186427,Inactive,3711.74
749,MCH2546,Kant Group,5411.0,Medical,Sole Proprietor,Amritsar,Punjab,2025-04-04,VVGC5802490491946,Active,4120.12
750,MCH2548,Anne Llc,5812.0,Restaurants & Food,Partnership,Kolkata,West Bengal,2024-03-28,,Active,2367.01
751,MCH2550,"Basu, Madan And Chaudry",5999.0,Miscellaneous,Private Limited,Pune,Maharashtra,2024-10-23,,Active,1412.55
752,MCH2551,"Krishnamurthy, Murthy And Savant",5699.0,Apparel & Fashion,Private Limited,Pune,Maharashtra,2023-09-27,XXXX9848,Active,3427.0
753,MCH2552,"Mukherjee, Iyengar And Deo",5942.0,Books & Stationery,Partnership,Pune,Maharashtra,2025-03-15,ZRKN1235329280179,Active,3414.98
754,MCH2556,"Zachariah, Manne And Bedi",5942.0,Books & Stationery,Partnership,Kolkata,West Bengal,2024-10-05,8663284555,Active,1248.82
755,MCH2559,"Sastry, Dhar And Kibe",7011.0,Hotel & Lodging,Partnership,Pune,Maharashtra,2023-08-05,777710681,Active,1827.84
756,MCH2564,Bumb And Sons,7011.0,Hotel & Lodging,Private Limited,Hyderabad,Telangana,2025-04-18,XXXX0675,Active,1155.71
757,MCH2566,Oommen Inc,5999.0,Miscellaneous,Private Limited,Delhi,Delhi,,XXXX9507,Active,2200.23
758,MCH2567,"Magar, Hora And Khare",4131.0,Transportation,Sole Proprietor,Delhi,Delhi,2024-09-30,TLMQ4688047179537,Active,572.7
759,MCH2568,"Dhaliwal, Bhat And Sarin",5411.0,Grocery,Partnership,Mumbai,Maharashtra,2023-04-28,3925852137,Active,803.0
760,MCH2571,Deep-Chakraborty,5812.0,Restaurants & Food,Partnership,Delhi,Delhi,2024-07-31,,Suspended,3828.75
761,MCH2574,Bala And Sons,5699.0,Apparel & Fashion,Individual,Delhi,Delhi,,HZFE1194010260924,Suspended,197.23
762,MCH2575,Rast0Gi-Verma,5912.0,Pharmacy,Individual,Pune,Maharashtra,2025-04-09,XXXX2986,Active,549.08
763,MCH2576,"Shan,Semandpau",5311.0,Department Store,Partnership,Hyderabad,Telangana,2023-12-03,3390811191,Active,472.21
764,MCH2577,Dua Inc,5812.0,Restaurants & Food,Sole Proprietor,Bengaluru,Karnataka,2023-11-23,,Active,23536.65
765,MCH2579,More Inc,,Books & Stationery,Partnership,Jaipur,Rajasthan,2024-05-06,,Active,4068.74
766,MCH2580,Rajag0Pa1An-S0Man,5812.0,Restaurants & Food,Private Limited,Jaipur,Rajasthan,2023-07-17,XXXX4205,Active,7864.69
767,MCH2582,Lal Plc,5912.0,Pharmacy,Sole Proprietor,Delhi,Delhi,2025-09-13,,Active,1344.48
768,MCH2583,Gole-Prabhakar,4814.0,Telecom,Private Limited,Bengaluru,Karnataka,2025-04-21,XXXX1523,Active,323.0
769,MCH2585,Roy Llc,,Grocery,Sole Proprietor,Jaipur,Rajasthan,2025-10-13,2320667701,Active,2233.97
770,MCH2588,Datta Inc,5699.0,Apparel & Fashion,Private Limited,Jaipur,Rajasthan,2024-09-28,XXXX7714,Active,311.95
771,MCH2589,Dhawan-Thaker,5311.0,Department Store,Sole Proprietor,Hyderabad,Telangana,2025-12-01,XXXX8775,Inactive,
772,MCH2590,Goyal Group,7011.0,Hotel & Lodging,Individual,Delhi,Delhi,2025-06-22,XXXX8497,Active,531.43
773,MCH2591,"Deol, Palla And Goel",4131.0,Grocery,Individual,Hyderabad,Telangana,2025-08-22,2241068743,Active,468.59
774,MCH2592,"Garg, Saha And Sampath",5999.0,Miscellaneous,Private Limited,Hyderabad,Telangana,2024-03-28,,Active,3945.98
775,MCH2593,Gour Inc,5999.0,Miscellaneous,Sole Proprietor,Jalandhar,Punjab,2025-10-20,4362658883,Active,1307.82
776,MCH2596,Vasa Plc,4131.0,Transportation,Sole Proprietor,Hyderabad,Telangana,2025-08-20,,Active,
777,MCH2598,Sani Gr0Up,5912.0,Apparel & Fashion,Partnership,Pune,Maharashtra,2025-11-27,1059212674,Active,489.0
778,MCH2600,Prabhakar And Sons,5699.0,Apparel & Fashion,Partnership,Kolkata,West Bengal,2024-12-17,1873277155,Active,
779,MCH2601,"Mangal, Lalla And Desai",4131.0,Transportation,Private Limited,Ludhiana,Punjab,2025-02-19,XXXX7238,Active,1601.46
780,MCH2604,Sharaf-Kaur,4131.0,Transportation,Private Limited,Lucknow,Uttar Pradesh,2023-10-30,CYOT7406673710255,Active,1813.01
781,MCH2605,Gera-Karpe,5699.0,Apparel & Fashion,Individual,Mumbai,Maharashtra,2026-02-25,ZUZI7142150561628,Active,1371.0
782,MCH2607,"Deep, Prasad And Dass",4131.0,Apparel & Fashion,Private Limited,Hyderabad,Telangana,2023-05-29,4668596918,Inactive,1570.82
783,MCH2608,"Loyal, Ghosh And Gaba",5999.0,Miscellaneous,Individual,Hyderabad,Telangana,2025-03-21,ZBIP4363265097456,Active,869.47
784,MCH2610,"Dhar, Mahajan And Sarkar",5912.0,Pharmacy,Private Limited,Delhi,Delhi,2025-08-09,GLOR5725383010765,Active,
785,MCH2612,Vala Ltd,7011.0,Hotel & Lodging,Sole Proprietor,Lucknow,Uttar Pradesh,2023-11-08,,Active,
786,MCH2613,"Grewal, Gade And Bhattacharyya",4814.0,Telecom,Private Limited,Kolkata,West Bengal,2023-06-04,,On Hold,1066.15
787,MCH2617,Mander-Parmar,4814.0,Telecom,Private Limited,Kolkata,West Bengal,2023-08-05,5203670066,Active,5191.58
788,MCH2618,"Loyal, Nadkarni And Mangal",5942.0,Books & Stationery,Partnership,Bengaluru,Karnataka,2026-01-27,NZSX7829638547170,Active,816.0
789,MCH2623,"Oak, Nadig And Doshi",5411.0,Grocery,Sole Proprietor,Jalandhar,Punjab,2025-03-18,SGLM9352062021997,Active,1380.47
790,MCH2624,Pandya Group,5311.0,Department Store,Individual,Mumbai,Maharashtra,2023-12-09,3278618323,On Hold,606.95
791,MCH2627,Gupta And Sons,5699.0,Apparel & Fashion,Individual,Delhi,Delhi,2025-04-01,UVIS7862723743155,Active,1249.33
792,MCH2628,Muni Plc,,Department Store,Individual,Pune,Maharashtra,2024-07-13,1524505804,Active,
793,MCH2632,Agate-Gandhi,5311.0,Department Store,Partnership,Chennai,Tamil Nadu,2026-01-14,ZCSO2053232739383,Active,
794,MCH2634,"Karnik, Bains And Ratti",5311.0,Retail,Individual,Bengaluru,Karnataka,2025-03-20,3474601890,Active,581.71
795,MCH2636,Rau Plc,5311.0,Department Store,Partnership,Delhi,Delhi,2024-04-06,,Active,5739.27
796,MCH2637,Joshi Group,5999.0,Miscellaneous,Partnership,Chennai,Tamil Nadu,2025-02-20,,Active,
797,MCH2639,Sunder-Keer,5411.0,Grocery,Partnership,Jaipur,Rajasthan,2025-04-19,,Active,
798,MCH2641,Varma-Saha,5999.0,Miscellaneous,Individual,Bengaluru,Karnataka,2024-10-09,,Inactive,5621.28
799,MCH2646,Parsa-Gole,5999.0,Miscellaneous,Private Limited,Hyderabad,Telangana,2025-12-18,JJBK8920317843679,Active,450.19
800,MCH2647,Saha Inc,5999.0,Miscellaneous,Private Limited,Lucknow,Uttar Pradesh,2023-06-04,,Active,1551.4
801,MCH2648,Batta Llc,5999.0,Miscellaneous,Partnership,Jaipur,Rajasthan,2024-10-10,,Active,416.94
802,MCH2649,Pandya Plc,,Grocery,Individual,Pune,Maharashtra,2025-05-31,XXXX1050,Active,6206.32
803,MCH2650,Choudhary Ltd,5942.0,Books & Stationery,Individual,Delhi,Delhi,2024-09-22,,Inactive,1197.2
804,MCH2654,Saxena-Sarkar,4814.0,Telecom,Sole Proprietor,Pune,Maharashtra,2026-01-10,,Active,3080.46
805,MCH2655,"Brahmbhatt, Desai And Sangha",4814.0,Telecom,Sole Proprietor,Amritsar,Punjab,2026-01-04,4532869649,Active,3102.0
806,MCH2656,"Patla, Deo And Babu",5912.0,Pharmacy,Partnership,Jaipur,Rajasthan,2026-02-02,2362196367,Active,1217.69
807,MCH2658,"Parmar, Purohit And Bhasin",5812.0,Restaurants & Food,Sole Proprietor,Bengaluru,Karnataka,,8958415885,Active,548.82
808,MCH2665,"Goswami, Savant And Kar",5311.0,Department Store,Sole Proprietor,Hyderabad,Telangana,2024-03-23,XXXX6615,Active,1516.75
809,MCH2671,Mohanty-Chakrabarti,5999.0,Miscellaneous,Partnership,Jalandhar,Punjab,2023-05-08,,Active,1187.55
810,MCH2674,Rajagopalan Inc,5912.0,Pharmacy,Partnership,Amritsar,Punjab,2023-03-08,,Active,1499.0
811,MCH2675,Venkataraman-Rastogi,5942.0,Books & Stationery,Private Limited,Amritsar,Punjab,2025-06-23,YXGI4135701284971,Active,877.85
812,MCH2676,Subramanian Inc,5912.0,Medical,Partnership,Kolkata,West Bengal,2025-04-01,2515678335,Active,1679.3
813,MCH2679,"Barman, Bains And Shan",5912.0,Pharmacy,Private Limited,Mumbai,Maharashtra,2024-12-25,2613968880,Active,1334.82
814,MCH2681,Upadhyay-Bava,7011.0,Hotel & Lodging,Individual,Pune,Maharashtra,2024-02-16,YHMW6591611383032,Active,230.72
815,MCH2684,Barad-Jaggi,5942.0,Books & Stationery,Sole Proprietor,Delhi,Delhi,2024-04-13,VFSV6228720846838,Active,518.0
816,MCH2690,Nagarajan Inc,5912.0,Medical,Sole Proprietor,Lucknow,Uttar Pradesh,2023-06-22,LDEV4758391652112,Suspended,3091.83
817,MCH2691,Pathak And Sons,,Hotel & Lodging,Private Limited,Lucknow,Uttar Pradesh,2024-09-06,,Active,5340.32
818,MCH2693,Tandon-Kaur,5311.0,Retail,Individual,Chennai,Tamil Nadu,2025-06-04,3068123352,Active,1966.59
819,MCH2694,Misra Plc,5699.0,Apparel & Fashion,Individual,Pune,Maharashtra,,,Inactive,2669.29
820,MCH2695,Patil Inc,5411.0,Grocery,Partnership,Pune,Maharashtra,2024-06-26,9565066028,Active,792.09
821,MCH2696,"Dave, Chaudhari And Bhatti",5411.0,Grocery,Individual,Delhi,Delhi,2024-11-25,XXXX0248,Active,
822,MCH2697,Shan-Warrior,4131.0,Transportation,Private Limited,Bengaluru,Karnataka,2024-02-08,,Inactive,1199.93
823,MCH2698,Kalallc,7011.0,Hotel & Lodging,Individual,Lucknow,Uttar Pradesh,2023-08-19,YXNF3515433387898,Active,3590.19
824,MCH2701,"Prabhakar, Saraf And Mand",7011.0,Hotel & Lodging,Private Limited,Hyderabad,Telangana,2023-01-25,1250735780,Active,2599.41
825,MCH2704,Sengupta-Sarin,5699.0,Apparel & Fashion,Private Limited,Pune,Maharashtra,2023-03-08,TSWF3138170868556,Active,2593.67
826,MCH2708,"Mand, Zacharia And Vora",4131.0,Travel,Sole Proprietor,Chennai,Tamil Nadu,2026-01-20,XXXX2440,Active,363.56
827,MCH2709,"Iyengar, Dugar And Chacko",7011.0,Hotel & Lodging,Private Limited,Jaipur,Rajasthan,2023-09-16,XXXX4012,Active,2413.11
828,MCH2710,"Batta, Shetty And Ka1Ita",5699.0,Apparel & Fashion,Individual,Hyderabad,Telangana,2025-08-17,2640797887,Active,109.84
829,MCH2712,"Rai, Ghose And Wadhwa",5411.0,Grocery,Private Limited,Amritsar,Punjab,2023-09-30,XXXX9691,Active,2957.32
830,MCH2713,Dayal Group,5699.0,Apparel & Fashion,Individual,Pune,Maharashtra,2024-08-10,1734751668,On Hold,1199.07
831,MCH2718,"Krishna, Prabhu And Kara",7011.0,Hotel & Lodging,Individual,Bengaluru,Karnataka,2024-12-20,VEWG4998867762324,Active,529.14
832,MCH2719,"Ranganathan, Mall And Aggarwal",5812.0,Restaurants & Food,Partnership,Lucknow,Uttar Pradesh,2024-05-24,,Active,2283.24
833,MCH2723,Purohit-Dani,,Restaurants & Food,Individual,Amritsar,Punjab,2024-04-16,XXXX6527,Active,1384.67
834,MCH2724,Aggarwal Group,5812.0,Restaurants & Food,Individual,Bengaluru,Karnataka,,2736138598,Active,
835,MCH2725,Varma-Loke,5812.0,Restaurants & Food,Partnership,Kolkata,West Bengal,2023-12-21,,Inactive,4486.37
836,MCH2726,"Rastogi, Behl And Purohit",5942.0,Books & Stationery,Sole Proprietor,Mumbai,Maharashtra,2025-04-04,XYEE0098710788916,Active,1692.27
837,MCH2727,Ahluwalia And Sons,5942.0,Books & Stationery,Partnership,Bengaluru,Karnataka,2023-07-24,FLWS4381228751020,Active,133.58
838,MCH2730,Nayar And Sons,7011.0,Hotel & Lodging,Sole Proprietor,Jaipur,Rajasthan,2023-06-30,,Active,1113.62
839,MCH2731,Krishna-Kumar,5311.0,Department Store,Private Limited,Ludhiana,Punjab,2025-12-18,XXXX8549,Active,1031.53
840,MCH2733,Chauhan Ltd,5411.0,Grocery,Sole Proprietor,Delhi,Delhi,2024-12-27,,Active,872.28
841,MCH2737,"Sani, Chowdhury And Ganesan",5999.0,Miscellaneous,Partnership,Bengaluru,Karnataka,2023-05-01,1105547451,Active,610.07
842,MCH2738,Yadav Group,5999.0,Miscellaneous,Individual,Pune,Maharashtra,2024-11-03,8802607832,Active,1282.34
843,MCH2741,"Palan, Bhalla And Srinivasan",5812.0,Restaurants & Food,Individual,Jaipur,Rajasthan,2025-12-19,XXXX0289,Active,1319.0
844,MCH2742,"Manne, Patil And Mukhopadhyay",5942.0,Books & Stationery,Sole Proprietor,Pune,Maharashtra,2025-10-03,JAUF9449397976214,Active,1389.0
845,MCH2743,Joshi Plc,,Pharmacy,Private Limited,Kolkata,West Bengal,2024-12-02,,Active,
846,MCH2744,"Divan, Narang And Jhaveri",5912.0,Medical,Partnership,Lucknow,Uttar Pradesh,2025-11-04,2199444279,Suspended,734.64
847,MCH2746,"Tella, Mane And Pillai",7011.0,Hotel & Lodging,Private Limited,Ludhiana,Punjab,2023-03-12,851637180,Inactive,395.56
848,MCH2748,"Banerjee, Wason And Dyal",5812.0,Restaurants & Food,Private Limited,Pune,Maharashtra,2023-11-16,XXXX5034,Active,1037.44
849,MCH2749,Borde Plc,7011.0,Hotel & Lodging,Partnership,Jalandhar,Punjab,2025-11-15,AKGD7711918524900,Active,299.85
850,MCH2750,Rao-Narayanan,5942.0,Books & Stationery,Individual,Ludhiana,Punjab,2024-05-13,,Active,
851,MCH2752,Palla Llc,4131.0,Travel,Sole Proprietor,Lucknow,Uttar Pradesh,2023-01-13,XXXX1787,Active,69.28
852,MCH2753,"Karan, Ganguly And Desai",5999.0,Miscellaneous,Private Limited,Amritsar,Punjab,2023-03-31,,Active,1254.6
853,MCH2754,Chahal Group,5812.0,Restaurants & Food,Sole Proprietor,Amritsar,Punjab,2023-09-27,,Active,1452.51
854,MCH2755,Chaudhuri And S0Ns,5942.0,Books & Stationery,Individual,Mumbai,Maharashtra,2025-11-29,,Active,440.0
855,MCH2757,Chhabra-Dugar,5699.0,Apparel & Fashion,Sole Proprietor,Kolkata,West Bengal,2025-11-16,XXXX2280,Active,1214.2
856,MCH2761,Sabharwa1-Pati1,5999.0,Miscellaneous,Private Limited,Hyderabad,Telangana,2025-04-04,,Inactive,2607.92
857,MCH2763,Thaman-Virk,5912.0,Pharmacy,Private Limited,Bengaluru,Karnataka,2025-07-23,XXXX7625,Active,563.88
858,MCH2764,"Yogi, Jani And Choudhry",4814.0,Telecom,Individual,Ludhiana,Punjab,2024-04-19,3163531350,Active,516.18
859,MCH2765,Mukhopadhyay Inc,5311.0,Department Store,Sole Proprietor,Lucknow,Uttar Pradesh,2024-11-19,XXXX9677,Active,3568.4
860,MCH2766,Kanda-Brahmbhatt,5311.0,Department Store,Sole Proprietor,Chennai,Tamil Nadu,2025-06-18,5339281473,Active,1540.08
861,MCH2767,"Munshi, Kohli And Pai",7011.0,Apparel & Fashion,Private Limited,Lucknow,Uttar Pradesh,2026-02-28,6694122395,Active,1994.09
862,MCH2769,Sehgal Plc,4814.0,Telecom,Private Limited,Amritsar,Punjab,2023-09-19,3613137952,Active,131.0
863,MCH2770,"Deep, Ganguly And Solanki",5699.0,Apparel & Fashion,Individual,Chennai,Tamil Nadu,2025-07-31,,Active,660.0
864,MCH2772,Rajagopalan-Lal,5699.0,Apparel & Fashion,Partnership,Jalandhar,Punjab,2025-05-03,YDTF9778396986125,Suspended,594.07
865,MCH2776,Datta Ltd,4814.0,Telecom,Partnership,Jaipur,Rajasthan,2024-11-09,QUCG6914808410390,Active,1643.13
866,MCH2778,Madan Plc,5912.0,Medical,Sole Proprietor,Amritsar,Punjab,2024-03-25,XXXX3934,Active,4029.72
867,MCH2786,Gola Inc,5699.0,Apparel & Fashion,Partnership,Chennai,Tamil Nadu,2024-12-19,XXXX8423,Active,576.47
868,MCH2788,"Dash, Mallick And Sachdev",5812.0,Restaurants & Food,Individual,Bengaluru,Karnataka,2025-04-06,WZXG3956270476463,Active,3989.94
869,MCH2789,Peri-Panchal,5311.0,Department Store,Partnership,Jalandhar,Punjab,,,Active,1044.19
870,MCH2791,"Rastogi, Mannan And Sabharwal",4131.0,Pharmacy,Sole Proprietor,Delhi,Delhi,2025-08-21,,Active,
871,MCH2792,"Varkey, Uppal And Mitter",,Transportation,Partnership,Delhi,Delhi,2024-11-06,4127542367,Active,130.0
872,MCH2797,Sandhu-Singh,7011.0,Hotel & Lodging,Partnership,Bengaluru,Karnataka,2025-05-27,XXXX2336,Active,1083.54
873,MCH2799,Kadakia-Nayak,5812.0,Restaurants & Food,Sole Proprietor,Delhi,Delhi,2025-05-04,LDOE2045126421896,Active,
874,MCH2800,Raja-Naik,5311.0,Department Store,Private Limited,Bengaluru,Karnataka,2024-04-18,9493307388,Inactive,1096.85
875,MCH2801,"Khurana, Oza And Divan",4814.0,Telecom,Private Limited,Delhi,Delhi,2025-10-14,,Active,406.76
876,MCH2806,"Raman, Aggarwal And Salvi",5999.0,Miscellaneous,Partnership,Hyderabad,Telangana,2024-10-16,,Active,2271.51
877,MCH2813,"Sha, Bhatia And Vig",,Department Store,Individual,Chennai,Tamil Nadu,2024-10-24,5399147177,Active,3821.16
878,MCH2814,"Sani, Khare And Ramachandran",5912.0,Medical,Partnership,Jalandhar,Punjab,2024-02-24,XXXX1070,Active,1581.52
879,MCH2816,Behl Group,5812.0,Restaurants & Food,Sole Proprietor,Amritsar,Punjab,2023-02-17,UHYF4970596803050,Inactive,5297.33
880,MCH2817,"Hayre, Ramesh And Parikh",4814.0,Telecom,Individual,Kolkata,West Bengal,2025-04-23,HCIS1374268781822,Active,1790.3
881,MCH2818,Sibal Inc,5411.0,Grocery,Sole Proprietor,Jalandhar,Punjab,2025-06-03,HHRP3016788161129,Active,600.04
882,MCH2825,Ku1Karni Inc,4814.0,Telecom,Individual,Ludhiana,Punjab,2023-07-18,QGWN3520325181186,Active,1291.01
883,MCH2827,Bala-Bhatti,5999.0,Miscellaneous,Individual,Bengaluru,Karnataka,2024-05-10,5191749246,Inactive,381.0
884,MCH2829,Narain Ltd,5999.0,Miscellaneous,Sole Proprietor,Bengaluru,Karnataka,2023-02-15,,Active,1912.36
885,MCH2830,"Joshi,Chaudhariandtoor",5411.0,Grocery,Individual,Bengaluru,Karnataka,2023-04-15,,Active,756.0
886,MCH2831,Rastogi-Devi,,Miscellaneous,Private Limited,Delhi,Delhi,2023-10-20,XXXX4746,Active,501.88
887,MCH2832,Parmer Inc,5311.0,Retail,Private Limited,Pune,Maharashtra,2025-10-26,,Active,831.48
888,MCH2833,Kapoor-Shankar,7011.0,Hotel & Lodging,Sole Proprietor,Jalandhar,Punjab,,VEQH1532066637768,Active,474.69
889,MCH2836,Rai And Sons,5912.0,Pharmacy,Private Limited,Chennai,Tamil Nadu,2024-07-15,XXXX2773,Inactive,3262.99
890,MCH2838,Bose-Bir,4814.0,Telecom,Sole Proprietor,Chennai,Tamil Nadu,2024-07-25,,Active,3409.39
891,MCH2839,"Brar, Varughese And Cherian",5411.0,Grocery,Partnership,Pune,Maharashtra,2025-04-21,,Active,614.31
892,MCH2841,"Memon, Samra And Rajagopal",5942.0,Books & Stationery,Sole Proprietor,Mumbai,Maharashtra,2024-06-13,,Active,
893,MCH2842,Anne Ltd,5699.0,Apparel & Fashion,Partnership,Delhi,Delhi,2023-03-04,,Active,1642.14
894,MCH2844,Misra-Seth,4131.0,Transportation,Individual,Amritsar,Punjab,2023-05-24,XXXX4860,Active,162.5
895,MCH2845,Narasimhan Llc,5999.0,Miscellaneous,Partnership,Amritsar,Punjab,2024-01-10,2844893176,Active,5926.94
896,MCH2846,"Sha, Ramanathan And Kota",5411.0,Grocery,Individual,Jaipur,Rajasthan,2025-09-30,2763596998,Inactive,2995.95
897,MCH2849,"Bhavsar, Kota And Zacharia",7011.0,Hotel & Lodging,Private Limited,Ludhiana,Punjab,2025-09-23,,Active,2432.18
898,MCH2850,Reddy-Kara,4131.0,Transportation,Private Limited,Jaipur,Rajasthan,2024-04-22,XXXX7186,Active,
899,MCH2851,Kalla-Jain,7011.0,Hotel & Lodging,Individual,Mumbai,Maharashtra,2025-11-29,XXXX3740,Active,3022.0
900,MCH2857,Bhattacharyya Inc,4131.0,Transportation,Private Limited,Jalandhar,Punjab,2025-07-13,AFIK7241528245690,Active,4557.38
901,MCH2859,"Doctor, Bir And Lanka",5411.0,Grocery,Private Limited,Hyderabad,Telangana,2025-04-03,,Active,2296.45
902,MCH2860,Ahluwalia Ltd,7011.0,Hotel & Lodging,Private Limited,Bengaluru,Karnataka,2026-01-27,EAAS5526551207941,Active,250.0
903,MCH2861,Hayer Inc,5311.0,Department Store,Private Limited,Pune,Maharashtra,2024-11-09,XXXX6916,Active,676.0
904,MCH2862,Bhasin Group,5699.0,Apparel & Fashion,Partnership,Jaipur,Rajasthan,2023-07-20,FHYX9050690414655,Active,544.8
905,MCH2870,"Loyal, Buch And Ghose",5812.0,Restaurants & Food,Sole Proprietor,Delhi,Delhi,2025-05-27,,Active,2213.61
906,MCH2875,Chander-Parmer,5311.0,Department Store,Partnership,Ludhiana,Punjab,2024-11-12,XXXX0207,Active,351.55
907,MCH2879,"Pillay, Vora And Karnik",5812.0,Restaurants & Food,Individual,Ludhiana,Punjab,2024-05-20,9486638654,Active,
908,MCH2881,J0Ha1 Plc,,Restaurants & Food,Partnership,Amritsar,Punjab,2023-05-16,WTST5086684279337,Active,807.63
909,MCH2884,Malhotra-Sarin,5942.0,Books & Stationery,Sole Proprietor,Pune,Maharashtra,2025-02-27,,Active,683.54
910,MCH2885,"Varkey, Goda And Bala",5812.0,Restaurants & Food,Private Limited,Mumbai,Maharashtra,2023-01-23,317882844,Active,4853.92
911,MCH2886,"Raja, Hayre And Deshmukh",5912.0,Medical,Private Limited,Kolkata,West Bengal,2024-07-04,,Active,511.0
912,MCH2887,Rau-Saha,5699.0,Apparel & Fashion,Sole Proprietor,Delhi,Delhi,2023-08-17,XXXX7555,Active,
913,MCH2888,Chahal Llc,5912.0,Pharmacy,Private Limited,Mumbai,Maharashtra,2023-04-21,XXXX3951,Active,631.05
914,MCH2894,Rege-Baria,5699.0,Apparel & Fashion,Private Limited,Delhi,Delhi,2024-12-22,XXXX3813,Active,2107.84
915,MCH2896,Jayaraman-Nazareth,5912.0,Medical,Private Limited,Kolkata,West Bengal,2025-07-30,,Active,1312.79
916,MCH2897,Bath Ltd,5999.0,Miscellaneous,Private Limited,Hyderabad,Telangana,2025-07-23,,Active,2239.12
917,MCH2899,Golla Ltd,4131.0,Transportation,Partnership,Jaipur,Rajasthan,,EGFZ1016369573887,Active,5018.99
918,MCH2902,Samra-Kapur,5411.0,Grocery,Individual,Chennai,Tamil Nadu,2024-04-24,XXXX9404,Active,
919,MCH2903,Swamy-Parsa,5699.0,Apparel & Fashion,Individual,Mumbai,Maharashtra,2023-04-14,,Inactive,1218.16
920,MCH2904,Iyengar-Comar,5999.0,Miscellaneous,Private Limited,Delhi,Delhi,2026-01-05,XXXX7160,Active,1147.91
921,MCH2905,Goyal-Gopal,5912.0,Medical,Individual,Delhi,Delhi,2024-02-13,,Suspended,2312.5
922,MCH2907,Varughese-Mani,5912.0,Medical,Sole Proprietor,Chennai,Tamil Nadu,2023-04-25,,Active,1106.0
923,MCH2910,"Mall, Sankaran And Mittal",4131.0,Transportation,Private Limited,Delhi,Delhi,2025-09-28,XXXX0107,Active,3631.28
924,MCH2912,Natt-Kohli,4131.0,Grocery,Private Limited,Jalandhar,Punjab,2024-07-09,XXXX0399,Inactive,1895.43
925,MCH2914,Sharaf-Tara,5311.0,Retail,Individual,Kolkata,West Bengal,2025-02-07,,Active,542.0
926,MCH2915,"Chakrabarti, Hora And Sha",4814.0,Telecom,Partnership,Chennai,Tamil Nadu,2024-03-15,1253622214,Active,18355.56
927,MCH2917,"Deol, Kibe And Khanna",5999.0,Miscellaneous,Private Limited,Delhi,Delhi,2024-07-23,XXXX8419,Active,356.58
928,MCH2919,Menon-Vaidya,7011.0,Pharmacy,Sole Proprietor,Delhi,Delhi,2023-03-20,,Active,3825.85
929,MCH2921,Bakshi-Narayanan,7011.0,Hotel & Lodging,Private Limited,Lucknow,Uttar Pradesh,2024-06-18,XXXX0910,Active,
930,MCH2922,Chhabra-Jha,5999.0,Miscellaneous,Sole Proprietor,Mumbai,Maharashtra,2024-10-10,FAIS4263479017973,Active,
931,MCH2923,Bahri Plc,5912.0,Pharmacy,Sole Proprietor,Bengaluru,Karnataka,2024-11-11,,Active,1195.19
932,MCH2924,Chaudhary-Dugar,5942.0,Books & Stationery,Individual,Mumbai,Maharashtra,2024-12-26,2683760099,Active,770.99
933,MCH2926,Sule-Thaker,5942.0,Books & Stationery,Partnership,Bengaluru,Karnataka,2024-12-16,XXXX3557,Active,1590.53
934,MCH2928,"Hans, Parmer And Buch",5812.0,Restaurants & Food,Private Limited,Ludhiana,Punjab,2025-12-04,,Inactive,1903.0
935,MCH2934,Sama Plc,,Department Store,Individual,Jalandhar,Punjab,2023-10-13,6130921180,Active,1759.02
936,MCH2938,"Babu, Lata And Zacharia",5411.0,Grocery,Private Limited,Pune,Maharashtra,2024-09-06,ZZOP9174222804228,Active,823.9
937,MCH2941,Sengroup,5311.0,Department Store,Sole Proprietor,Mumbai,Maharashtra,2024-09-22,XXXX4390,Active,1783.76
938,MCH2943,Kh0S1A Llc,5812.0,Restaurants & Food,Private Limited,Mumbai,Maharashtra,2024-03-29,XXXX8006,Active,2741.64
939,MCH2945,Agarwa1-Cherian,5912.0,Telecom,Sole Proprietor,Jalandhar,Punjab,2025-10-06,XXXX2889,Inactive,1759.15
940,MCH2946,Divan Inc,4814.0,Telecom,Private Limited,Jaipur,Rajasthan,2024-09-22,XXXX7575,Active,1246.97
941,MCH2949,"Mahal, Natt And Ghosh",5999.0,Miscellaneous,Partnership,Jaipur,Rajasthan,2024-07-19,6197525290,Active,
942,MCH2950,"Rastogi, Bhavsar And Varghese",5942.0,Books & Stationery,Private Limited,Bengaluru,Karnataka,2024-11-26,6783380146,Active,2370.66
943,MCH2951,"Thakur, Subramaniam And Agrawal",7011.0,Hotel & Lodging,Partnership,Mumbai,Maharashtra,2026-02-06,506591392,Active,
944,MCH2954,Gour Group,5912.0,Medical,Partnership,Kolkata,West Bengal,2024-02-13,,Active,1398.0
945,MCH2956,"Wali, Khatri And Mistry",4814.0,Telecom,Sole Proprietor,Lucknow,Uttar Pradesh,2025-06-02,3651063150,Inactive,4934.63
946,MCH2959,Kanda Llc,5812.0,Restaurants & Food,Private Limited,Kolkata,West Bengal,2023-10-08,,Active,6588.76
947,MCH2960,Malhotra-Buch,4131.0,Transportation,Private Limited,Chennai,Tamil Nadu,2023-06-01,XXXX6660,Active,2348.07
948,MCH2962,"Naik, Ranganathan And Sahota",4814.0,Telecom,Partnership,Pune,Maharashtra,2024-08-23,XXXX5665,Active,174.64
949,MCH2964,Bala-Sarkar,4814.0,Telecom,Individual,Jalandhar,Punjab,2025-06-20,4343067882,Active,1298.45
950,MCH2965,Shroff-Prabhakar,5411.0,Grocery,Partnership,Amritsar,Punjab,,FISH8890557164281,Active,2028.0
951,MCH2969,Randhawa-Karnik,7011.0,Hotel & Lodging,Sole Proprietor,Bengaluru,Karnataka,2023-07-27,,Active,310.59
952,MCH2970,Golla-Vora,5699.0,Apparel & Fashion,Individual,Kolkata,West Bengal,2025-02-01,,Active,326.25
953,MCH2971,"Garg, Merchant And Kuruvilla",5699.0,Apparel & Fashion,Individual,Ludhiana,Punjab,2024-08-28,,Active,
954,MCH2973,"Bhargava, Dani And Krishnamurthy",4131.0,Transportation,Partnership,Ludhiana,Punjab,2023-08-30,,Active,3748.31
955,MCH2975,"Bora, Mander And Dalal",5942.0,Books & Stationery,Sole Proprietor,Chennai,Tamil Nadu,2023-09-05,,Inactive,3477.51
956,MCH2978,Deshpande Llc,7011.0,Hotel & Lodging,Private Limited,Lucknow,Uttar Pradesh,2023-02-01,XXXX0228,Active,194.6
957,MCH2979,"Kurian, Guha And Gaba",5999.0,Miscellaneous,Individual,Chennai,Tamil Nadu,2023-03-11,XXXX6692,Active,7883.21
958,MCH2980,Mander And Sons,5411.0,Grocery,Sole Proprietor,Kolkata,West Bengal,2023-04-03,,Active,1129.72
959,MCH2981,"Rastogi, Varma And Sarraf",5999.0,Miscellaneous,Partnership,Lucknow,Uttar Pradesh,2023-10-07,XXXX3025,Active,1266.61
960,MCH2986,Kade-Anne,4131.0,Travel,Partnership,Amritsar,Punjab,2025-11-29,,Suspended,736.81
961,MCH2988,"Mangal, Gokhale And Malhotra",5812.0,Restaurants & Food,Sole Proprietor,Mumbai,Maharashtra,2023-10-10,,Active,3595.96
962,MCH2990,Rout And Sons,7011.0,Hotel & Lodging,Sole Proprietor,Ludhiana,Punjab,2025-08-30,XXXX7294,Active,1050.53
963,MCH2993,"Dube, Yadav And Konda",5942.0,Books & Stationery,Individual,Jaipur,Rajasthan,2025-07-14,WWQW1736251351915,Active,2422.76
964,MCH2994,Ratta Group,4131.0,Transportation,Partnership,Ludhiana,Punjab,2023-11-14,GYYN8574685496959,Active,2132.38
965,MCH2995,Patil Ltd,7011.0,Hotel & Lodging,Private Limited,Amritsar,Punjab,2025-12-25,2612684538,Active,492.36
966,MCH2996,Rege-Khanna,5411.0,Grocery,Individual,Lucknow,Uttar Pradesh,2023-10-15,,Inactive,
967,MCH2997,Mohanty Ltd,7011.0,Hotel & Lodging,Individual,Bengaluru,Karnataka,2024-10-16,AVZS8243524193975,Active,2948.35
968,MCH3002,"Dey, Chopra And Vig",5699.0,Apparel & Fashion,Individual,Ludhiana,Punjab,2024-10-27,7833308029,Active,761.12
969,MCH3005,"Saxena, Narain And Mander",5699.0,Apparel & Fashion,Private Limited,Kolkata,West Bengal,2024-03-25,RIGO9314848159457,Inactive,1149.79
970,MCH3006,Biswas-Ram,5999.0,Miscellaneous,Individual,Lucknow,Uttar Pradesh,2023-08-14,XXXX8226,Active,638.0
971,MCH3008,"Datta, Sarkar And Nori",5311.0,Department Store,Partnership,Ludhiana,Punjab,2024-11-11,,Active,
972,MCH3011,"Ahluwalia, Contractor And Comar",5311.0,Department Store,Sole Proprietor,Delhi,Delhi,2023-11-30,XXXX1217,Inactive,2626.62
973,MCH3012,Sathe Llc,,Grocery,Private Limited,Chennai,Tamil Nadu,2024-10-23,,On Hold,448.76
974,MCH3014,Nagarajan-Bandi,5311.0,Retail,Individual,Delhi,Delhi,2025-06-09,XXXX4761,Active,3013.17
975,MCH3017,Ramanathan And Sons,5311.0,Department Store,Partnership,Delhi,Delhi,2024-07-06,,Active,
976,MCH3021,"Gupta, Mukherjee And Setty",4131.0,Transportation,Sole Proprietor,Mumbai,Maharashtra,2026-02-14,XXXX2366,Active,614.86
977,MCH3023,Raj-Bajwa,4131.0,Transportation,Partnership,Lucknow,Uttar Pradesh,2024-10-11,YYPA0272541440376,Active,6135.0
978,MCH3024,Kade-Bhatia,5812.0,Restaurants & Food,Partnership,Delhi,Delhi,2025-09-22,,Active,2093.0
979,MCH3025,"Sachdeva, Bora And Hegde",4131.0,Transportation,Private Limited,Pune,Maharashtra,2024-08-15,3805315664,Active,611.84
980,MCH3029,Sarma Plc,4131.0,Transportation,Sole Proprietor,Mumbai,Maharashtra,2024-06-15,1403660080,Active,163.28
981,MCH3030,"Sengupta, Bhagat And Kota",5942.0,Books & Stationery,Private Limited,Chennai,Tamil Nadu,2025-07-09,,Active,194.19
982,MCH3031,Morar And Sons,5411.0,Grocery,Individual,Pune,Maharashtra,2025-04-23,,Active,4053.43
983,MCH3037,Wagle Ltd,5411.0,Grocery,Individual,Hyderabad,Telangana,2026-01-30,XXXX1382,Active,2391.24
984,MCH3039,Murty Inc,5411.0,Grocery,Individual,Delhi,Delhi,2023-12-03,SVKA2268543185915,Active,1465.47
985,MCH3040,"Dhar, Kunda And Desai",5411.0,Grocery,Partnership,Jaipur,Rajasthan,2025-03-05,,Active,267.0
986,MCH3044,Gupta Plc,5942.0,Books & Stationery,Sole Proprietor,Bengaluru,Karnataka,2023-04-27,,Inactive,582.54
987,MCH3046,Walla Plc,5942.0,Books & Stationery,Private Limited,Jalandhar,Punjab,2023-03-12,DJCZ8193007555479,On Hold,6756.54
988,MCH3048,Kala Group,7011.0,Hotel & Lodging,Private Limited,Jaipur,Rajasthan,2023-11-11,,Active,613.58
989,MCH3051,Hora-Mahajan,5699.0,Apparel & Fashion,Private Limited,Jaipur,Rajasthan,2023-03-04,,Active,3699.21
990,MCH3055,"Batta, Sha And Dugar",7011.0,Hotel & Lodging,Private Limited,Chennai,Tamil Nadu,2025-08-18,XXXX2455,Active,262.1
991,MCH3057,Nagy-Banik,5311.0,Department Store,Partnership,Kolkata,West Bengal,2024-03-15,PCQH3034924487610,Active,764.15
992,MCH3058,Patla-Padmanabhan,5942.0,Books & Stationery,Individual,Pune,Maharashtra,2024-10-18,OBXD4944464643223,Active,974.77
993,MCH3060,Deep-Tata,5311.0,Department Store,Individual,Amritsar,Punjab,2023-04-17,,Active,
994,MCH3061,Bansal Inc,5311.0,Department Store,Private Limited,Chennai,Tamil Nadu,2024-09-02,XXXX4596,Active,2114.75
995,MCH3063,Bansal Inc,4131.0,Transportation,Individual,Jaipur,Rajasthan,2025-07-02,,Inactive,282.67
996,MCH3069,Magar Inc,5699.0,Apparel & Fashion,Individual,Mumbai,Maharashtra,2024-10-18,,Active,5346.85
997,MCH3070,"Patel, Sandal And Sinha",4814.0,Telecom,Individual,Hyderabad,Telangana,2025-09-18,XXXX6846,Active,1706.27
998,MCH3071,Misra-Padmanabhan,5812.0,Restaurants & Food,Sole Proprietor,Ludhiana,Punjab,2024-07-24,IJYT4830685989652,Active,
999,MCH3072,Vora-Soman,5699.0,Apparel & Fashion,Individual,Amritsar,Punjab,2026-02-13,DNMO7101498768595,Active,1993.93
1000,MCH3075,Bedi-Ramanathan,4131.0,Transportation,Individual,Jalandhar,Punjab,2023-09-29,XXXX7029,Active,1301.0
1001,MCH3077,Warrior Ltd,4131.0,Transportation,Partnership,Kolkata,West Bengal,2023-02-04,,Active,1448.69
1002,MCH3078,"Gandhi, Rout And Sankaran",7011.0,Hotel & Lodging,Sole Proprietor,Bengaluru,Karnataka,2023-07-10,,Active,752.09
1003,MCH3079,"Bobal, Balay And Batra",7011.0,Hotel & Lodging,Private Limited,Bengaluru,Karnataka,,XXXX1002,Active,486.3
1004,MCH3080,Lad-Soman,5411.0,Grocery,Sole Proprietor,Jalandhar,Punjab,2024-12-01,,Active,
1005,MCH3081,"Anne, Choudhry And Nanda",5912.0,Medical,Partnership,Hyderabad,Telangana,2024-12-23,4317690840,Active,590.0
1006,MCH3084,Mani-Chowdhury,5699.0,Apparel & Fashion,Partnership,Hyderabad,Telangana,2023-09-27,,Active,1594.62
1007,MCH3085,Reddy-Wagle,7011.0,Hotel & Lodging,Sole Proprietor,Bengaluru,Karnataka,2025-05-27,,Active,258.0
1008,MCH3086,Pant Inc,5812.0,Restaurants & Food,Private Limited,Chennai,Tamil Nadu,2023-10-13,XXXX6152,Active,287.52
1009,MCH3088,Suresh Llc,5411.0,Grocery,Partnership,Chennai,Tamil Nadu,2024-03-08,,Active,4739.6
1010,MCH3089,Tata Plc,5942.0,Books & Stationery,Sole Proprietor,Jalandhar,Punjab,2025-08-30,XXXX2474,Active,
1011,MCH3092,"Dutta, Vasa And Jayaraman",5999.0,Miscellaneous,Private Limited,Amritsar,Punjab,,4110907056,Active,1605.55
1012,MCH3093,"Dube, Venkatesh And Jha",5999.0,Miscellaneous,Private Limited,Kolkata,West Bengal,2024-10-22,PHHT2563139884519,Active,1107.0
1013,MCH3094,Wag1E-Thakkar,5699.0,Apparel & Fashion,Individual,Bengaluru,Karnataka,2024-12-30,UIBH7195313053410,Active,1038.48
1014,MCH3095,Hans-Shan,5999.0,Miscellaneous,Partnership,Kolkata,West Bengal,2024-05-28,9222512011,Active,1208.82
1015,MCH3096,"Pradhan, Anne And Dhillon",5812.0,Restaurants & Food,Individual,Kolkata,West Bengal,2025-02-25,XXXX9447,Active,
1016,MCH3099,Peri-Parmer,5699.0,Apparel & Fashion,Partnership,Delhi,Delhi,2024-06-22,,Active,2046.1
1017,MCH3105,Bandi Plc,5311.0,Department Store,Sole Proprietor,Mumbai,Maharashtra,2026-01-05,1280850023,Active,1578.41
1018,MCH3107,Kapoor Inc,,Medical,Partnership,Pune,Maharashtra,2023-10-28,7807494643,Active,
1019,MCH3111,Cherian-G0Swami,,Telecom,Private Limited,Bengaluru,Karnataka,,,Active,1311.29
1020,MCH3119,Chana-Deshmukh,5311.0,Department Store,Private Limited,Hyderabad,Telangana,2024-12-02,,Active,4993.0
1021,MCH3122,"Toor, Kunda And Munshi",5942.0,Books & Stationery,Partnership,Mumbai,Maharashtra,2025-04-14,3432360123,Active,797.24
1022,MCH3123,"Hegde, Bahl And Comar",,Travel,Private Limited,Delhi,Delhi,2023-06-01,540867962,Active,2133.64
1023,MCH3125,Din-Dara,5699.0,Apparel & Fashion,Partnership,Delhi,Delhi,2025-11-15,NBXZ1237892442741,Active,3672.47
1024,MCH3129,"Ghose,Hariandgarde",5411.0,Grocery,Sole Proprietor,Ludhiana,Punjab,2025-06-27,GWXI4589298577824,Active,1908.27
1025,MCH3130,"Arora, Karnik And Sarraf",5942.0,Books & Stationery,Sole Proprietor,Kolkata,West Bengal,2023-07-10,,Inactive,1573.29
1026,MCH3134,Rajan Plc,5311.0,Department Store,Individual,Jaipur,Rajasthan,2024-09-30,YYBA4456378455566,Active,993.0
1027,MCH3139,"Chaudhry, Barman And Choudhury",5942.0,Books & Stationery,Sole Proprietor,Bengaluru,Karnataka,2024-01-12,5767179524,Active,4138.0
1028,MCH3140,"Zachariah,Rajagopalandsamra",4814.0,Telecom,Private Limited,Amritsar,Punjab,2023-09-04,,Active,363.21
1029,MCH3142,"Dugar, Merchant And Kala",5942.0,Books & Stationery,Private Limited,Jaipur,Rajasthan,2024-01-01,CUQS1241290775925,Active,619.08
1030,MCH3143,"Zacharia, Buch And Yadav",5311.0,Department Store,Partnership,Hyderabad,Telangana,2023-03-13,UMIZ4082572641807,Active,4822.0
1031,MCH3144,Raval-Korpal,7011.0,Hotel & Lodging,Partnership,Delhi,Delhi,,,Active,1879.74
1032,MCH3145,Chaudry And Sons,5311.0,Department Store,Individual,Bengaluru,Karnataka,2026-01-29,,Active,
1033,MCH3146,Batta-Sharaf,4131.0,Transportation,Individual,Pune,Maharashtra,2024-10-02,MHGR0082109008102,Active,898.04
1034,MCH3147,Acharya-Uppal,4131.0,Travel,Individual,Chennai,Tamil Nadu,2024-02-10,1420771239,Active,343.0
1035,MCH3148,Raoltd,4814.0,Telecom,Individual,Delhi,Delhi,2023-01-16,,Active,1684.65
1036,MCH3154,Bhardwaj Ltd,4131.0,Transportation,Individual,Mumbai,Maharashtra,2024-10-28,XXXX9089,Inactive,633.37
1037,MCH3155,Agarwal Ltd,5311.0,Department Store,Partnership,Chennai,Tamil Nadu,2023-11-23,,Active,1414.89
1038,MCH3156,"Bal, Deo And Kala",5999.0,Miscellaneous,Partnership,Lucknow,Uttar Pradesh,,8908434715,Active,2486.0
1039,MCH3161,Mittal-Bawa,5999.0,Miscellaneous,Private Limited,Jalandhar,Punjab,2023-04-01,,Active,2703.14
1040,MCH3163,Dada-Kalita,5912.0,Pharmacy,Partnership,Hyderabad,Telangana,2026-01-16,,Active,963.91
1041,MCH3167,"Grewal, Biswas And Naidu",5411.0,Grocery,Sole Proprietor,Jaipur,Rajasthan,2024-02-19,,Active,2704.22
1042,MCH3172,Soni-Varty,4814.0,Telecom,Sole Proprietor,Bengaluru,Karnataka,2025-07-10,XXXX7710,Active,3097.6
1043,MCH3176,Gera Inc,4814.0,Telecom,Private Limited,Lucknow,Uttar Pradesh,2024-03-10,RGRY9601657474373,Active,1047.58
1044,MCH3177,"Ping1E, Ra0 And Varty",4131.0,Travel,Individual,Kolkata,West Bengal,2025-04-19,XXXX0077,Suspended,1840.14
1045,MCH3178,Ganesangroup,5699.0,Apparel & Fashion,Individual,Delhi,Delhi,2025-12-01,,Active,136.0
1046,MCH3179,"Din,Mukhopadhyayandbawa",5999.0,Miscellaneous,Sole Proprietor,Chennai,Tamil Nadu,2023-10-31,UQUU0653302527343,Suspended,1687.99
1047,MCH3180,Sanghvi And S0Ns,5912.0,Pharmacy,Private Limited,Delhi,Delhi,2023-03-06,XXXX6774,Active,2608.0
1048,MCH3181,"Kothari, Sengupta And Sandal",4131.0,Transportation,Private Limited,Lucknow,Uttar Pradesh,2025-12-06,,Active,9001.75
1049,MCH3184,"Sane, Dhawan And Prabhakar",4814.0,Telecom,Individual,Mumbai,Maharashtra,2023-12-09,,Active,1192.54
1050,MCH3187,"Mand, Singhal And Raman",5912.0,Pharmacy,Sole Proprietor,Kolkata,West Bengal,2023-07-11,ZOEN9168175383897,Active,4276.66
1051,MCH3189,Kapoor-Hegde,5411.0,Grocery,Partnership,Hyderabad,Telangana,2023-02-01,XXXX4992,Active,3153.88
1052,MCH3191,Dhawan-Warrior,4131.0,Transportation,Sole Proprietor,Hyderabad,Telangana,2024-09-12,,Active,1885.9
1053,MCH3199,Deshmukh-Karnik,5311.0,Department Store,Partnership,Jaipur,Rajasthan,2023-08-10,GHWA0359999214011,Active,2251.19
1054,MCH3201,Bahl And Sons,5942.0,Books & Stationery,Sole Proprietor,Amritsar,Punjab,2024-05-27,4264935431,Active,576.96
1055,MCH3203,Randhawa-Pant,5311.0,Retail,Partnership,Jaipur,Rajasthan,2024-12-16,XXXX9443,Active,
1056,MCH3206,Ahuja-Din,5311.0,Retail,Sole Proprietor,Hyderabad,Telangana,2026-01-11,XXXX4117,Active,1244.0
1057,MCH3207,"Gala, Khatri And Khalsa",5912.0,Pharmacy,Partnership,Amritsar,Punjab,2024-04-23,7398854821,Active,929.51
1058,MCH3211,"Mani, Hora And Hayer",5912.0,Pharmacy,Private Limited,Bengaluru,Karnataka,2026-01-31,SYDI3812560844687,Active,3678.27
1059,MCH3212,Merchant Llc,5999.0,Miscellaneous,Private Limited,Bengaluru,Karnataka,2023-07-06,9377229545,Active,980.37
1060,MCH3214,Dubey Inc,4131.0,Transportation,Individual,Bengaluru,Karnataka,2024-07-24,1238686450,Active,2052.0
1061,MCH3216,K0Thari-Bhatia,5411.0,Grocery,Sole Proprietor,Hyderabad,Telangana,2025-01-28,3754349166,Active,1987.15
1062,MCH3218,"Keer, Soni And Deshpande",5912.0,Pharmacy,Sole Proprietor,Mumbai,Maharashtra,2024-10-03,8214766650,Active,3727.56
1063,MCH3219,Aggarwal Group,5311.0,Department Store,Partnership,Lucknow,Uttar Pradesh,2025-08-29,RNPG2912069741191,Active,1058.64
1064,MCH3221,Baria-Dube,7011.0,Hotel & Lodging,Sole Proprietor,Kolkata,West Bengal,,CKDG4069954350716,Inactive,338.34
1065,MCH3229,Keer-Kale,5912.0,Pharmacy,Sole Proprietor,Mumbai,Maharashtra,2024-02-28,UDDZ7214972649948,Active,276.23
1066,MCH3231,Gokhale Group,5411.0,Grocery,Individual,Jalandhar,Punjab,,,Active,205.0
1067,MCH3232,Shroff-Bobal,5812.0,Restaurants & Food,Partnership,Kolkata,West Bengal,2024-04-26,,Active,613.79
1068,MCH3233,"Dada, Pingle And Date",5699.0,Apparel & Fashion,Individual,Pune,Maharashtra,2025-11-23,,Inactive,5434.84
1069,MCH3234,Lad Inc,,Telecom,Individual,Kolkata,West Bengal,2024-02-21,LTGH4419649542857,Active,
1070,MCH3237,Gaba Inc,5999.0,Miscellaneous,Sole Proprietor,Delhi,Delhi,2023-03-06,YPVB7296650386869,Active,
1071,MCH3240,"Roy, Dash And Bobal",5411.0,Grocery,Partnership,Pune,Maharashtra,2023-11-13,CMDO7903517998811,Active,1077.02
1072,MCH3242,"Upadhyay, Dash And Vaidya",5999.0,Miscellaneous,Partnership,Jaipur,Rajasthan,,,Active,1731.73
1073,MCH3244,Murthy Group,5912.0,Medical,Private Limited,Jalandhar,Punjab,2025-03-07,,Active,3366.47
1074,MCH3247,Nagarajan-Shan,,Pharmacy,Individual,Chennai,Tamil Nadu,2025-04-07,5730507447,Inactive,2666.23
1075,MCH3250,Bose-Kalita,5311.0,Department Store,Sole Proprietor,Mumbai,Maharashtra,,,Inactive,1514.47
1076,MCH3251,Balan-Kunda,5411.0,Grocery,Individual,Ludhiana,Punjab,2024-12-14,,Active,3266.06
1077,MCH3252,"Patel, Saran And Bala",5699.0,Apparel & Fashion,Individual,Pune,Maharashtra,2023-06-18,4243165999,Active,1917.91
1078,MCH3253,Khatri-Krishnamurthy,5942.0,Books & Stationery,Partnership,Lucknow,Uttar Pradesh,2023-12-19,,Active,2086.58
1079,MCH3254,"Chanda, Maharaj And Chandra",4131.0,Transportation,Partnership,Hyderabad,Telangana,2025-11-03,TXWB1746078464859,Active,1842.04
1080,MCH3255,"Shah, Kala And Sarraf",7011.0,Hotel & Lodging,Private Limited,Jalandhar,Punjab,2024-09-06,XXXX8773,Active,807.0
1081,MCH3256,"Patil, Tripathi And Seshadri",5942.0,Books & Stationery,Partnership,Ludhiana,Punjab,2025-02-11,74721461,Active,4035.32
1082,MCH3259,Bajaj-Mann,4131.0,Transportation,Individual,Amritsar,Punjab,2024-05-09,VUFB9274060732272,Active,426.0
1083,MCH3260,Rana And Sons,5311.0,Retail,Individual,Amritsar,Punjab,2023-09-23,,Active,4589.68
1084,MCH3263,Sarna-Chauhan,5812.0,Restaurants & Food,Sole Proprietor,Lucknow,Uttar Pradesh,2025-05-18,4897875203,Active,2348.1
1085,MCH3264,"Narayanan, Krishnan And Bail",5411.0,Grocery,Sole Proprietor,Jaipur,Rajasthan,2025-03-25,XXXX4525,Active,3885.91
1086,MCH3265,Mittal Ltd,5942.0,Books & Stationery,Private Limited,Hyderabad,Telangana,2024-08-15,GNXO4175681425980,Active,4170.98
1087,MCH3266,"Lalla, Baral And Pau",5311.0,Department Store,Private Limited,Chennai,Tamil Nadu,2025-09-17,ZAAY3109374136824,Active,1627.34
1088,MCH3267,Balasubramanian-Butala,4814.0,Apparel & Fashion,Individual,Chennai,Tamil Nadu,2025-10-20,XXXX4438,Active,1843.39
1089,MCH3268,Kadakia-Rajan,5699.0,Apparel & Fashion,Sole Proprietor,Pune,Maharashtra,2024-11-16,,Active,2055.32
1090,MCH3269,Kara-Ramaswamy,,Restaurants & Food,Partnership,Pune,Maharashtra,2023-12-07,,Active,1481.0
1091,MCH3270,"Chokshi, Dash And Srivastava",4131.0,Transportation,Partnership,Chennai,Tamil Nadu,2024-10-07,,Active,1910.46
1092,MCH3272,Gera Group,5699.0,Apparel & Fashion,Sole Proprietor,Chennai,Tamil Nadu,2023-03-04,EMXM6349169987807,Active,2272.01
1093,MCH3274,Sen-Chawla,5311.0,Department Store,Private Limited,Chennai,Tamil Nadu,2023-02-25,8919947096,Active,
1094,MCH3275,Sridhar And Sons,5699.0,Apparel & Fashion,Partnership,Delhi,Delhi,2024-04-15,,On Hold,
1095,MCH3277,Issac-Lata,,Telecom,Partnership,Delhi,Delhi,2025-09-22,RPRG9004987881265,Active,1571.63
1096,MCH3279,"Zachariah, Gill And Palla",5812.0,Restaurants & Food,Individual,Pune,Maharashtra,2025-12-25,,Active,
1097,MCH3280,"Vohra, Bora And Vasa",5411.0,Grocery,Private Limited,Pune,Maharashtra,2023-10-16,,Suspended,412.76
1098,MCH3281,Ranganathan And Sons,5311.0,Retail,Partnership,Kolkata,West Bengal,2024-03-01,XXXX9655,Active,
1099,MCH3284,Lal And Sons,,Telecom,Private Limited,Ludhiana,Punjab,2024-02-18,XXXX5805,Inactive,3943.29
1100,MCH3285,"Prasad, Luthra And Suri",5311.0,Retail,Partnership,Bengaluru,Karnataka,2023-02-22,3068852550,Active,669.58
1101,MCH3287,"Dave, Ganesan And Biswas",5311.0,Retail,Individual,Bengaluru,Karnataka,,7925995111,Active,1007.0
1102,MCH3288,Kuruvilla-Kala,4814.0,Telecom,Partnership,Kolkata,West Bengal,2025-07-17,HFDT8427341893769,Active,
1103,MCH3289,Tripathi-Mandal,4814.0,Telecom,Individual,Chennai,Tamil Nadu,2024-12-29,XXXX2012,Active,1368.37
1104,MCH3291,Sanghvi-Nair,7011.0,Hotel & Lodging,Private Limited,Bengaluru,Karnataka,2023-09-25,,Active,3917.0
1105,MCH3292,Sehgal-Kapur,5912.0,Medical,Private Limited,Jalandhar,Punjab,2025-06-03,,Active,751.44
1106,MCH3294,"Murty, Vala And Pall",4131.0,Transportation,Individual,Ludhiana,Punjab,2024-12-10,7450449470,Active,822.03
1107,MCH3296,Sampath-Chopra,5999.0,Miscellaneous,Individual,Bengaluru,Karnataka,2025-11-18,XXXX2813,Active,1074.2
1108,MCH3298,"Kurian, Sheth And Bains",5699.0,Apparel & Fashion,Individual,Delhi,Delhi,2025-04-20,XXXX3758,Active,3789.0
1109,MCH3299,"Varghese, Tripathi And Ganesh",5999.0,Miscellaneous,Sole Proprietor,Bengaluru,Karnataka,2023-07-12,,Inactive,2177.34
1110,MCH3301,Reddy And Sons,5942.0,Books & Stationery,Partnership,Jaipur,Rajasthan,2023-06-25,5060880178,Active,2571.65
1111,MCH3307,Uppal And Sons,7011.0,Hotel & Lodging,Private Limited,Pune,Maharashtra,2023-07-03,WQAU2336118593269,Active,1033.39
1112,MCH3308,"Dhawan, Ranganathan And Luthra",5699.0,Apparel & Fashion,Partnership,Amritsar,Punjab,2026-01-09,XXXX7835,Inactive,2438.38
1113,MCH3311,Sule Ltd,5942.0,Books & Stationery,Sole Proprietor,Pune,Maharashtra,2026-01-30,XXXX2539,Active,1079.15
1114,MCH3313,Comar-Sidhu,5311.0,Department Store,Sole Proprietor,Lucknow,Uttar Pradesh,2023-07-30,GKCY1460435380907,Inactive,408.55
1115,MCH3319,"Jani, Tailor And Radhakrishnan",5699.0,Apparel & Fashion,Sole Proprietor,Jalandhar,Punjab,2024-08-26,IUQF4655993827398,Active,
1116,MCH3321,Barad-Trivedi,7011.0,Transportation,Sole Proprietor,Amritsar,Punjab,2025-09-19,,Active,2096.6
1117,MCH3323,Dey Plc,4814.0,Telecom,Sole Proprietor,Jaipur,Rajasthan,2024-12-24,XXXX2284,Inactive,559.08
1118,MCH3324,Char-Gera,5699.0,Apparel & Fashion,Partnership,Pune,Maharashtra,2026-02-20,DLMI3626046968894,Suspended,2076.73
1119,MCH3325,Varty-Vig,5912.0,Pharmacy,Partnership,Kolkata,West Bengal,2023-10-29,XXXX1753,Active,4212.0
1120,MCH3327,Balay Ltd,5912.0,Medical,Partnership,Amritsar,Punjab,2024-06-10,4132109142,Active,799.92
1121,MCH3328,"Narang, Lal And Bhalla",5942.0,Books & Stationery,Sole Proprietor,Kolkata,West Bengal,2024-10-20,XXXX6467,Active,3697.78
1122,MCH3330,"Keer, Gupta And Som",5311.0,Department Store,Private Limited,Jalandhar,Punjab,2025-11-26,LOCM5644673929837,Active,3134.69
1123,MCH3331,"Shukla, Kadakia And Kata",5699.0,Apparel & Fashion,Private Limited,Ludhiana,Punjab,2025-03-18,,Active,1008.43
1124,MCH3333,Dada Plc,5999.0,Miscellaneous,Private Limited,Mumbai,Maharashtra,2024-03-18,,Active,668.0
1125,MCH3334,Majumdar-Raja,4814.0,Telecom,Private Limited,Hyderabad,Telangana,2023-09-02,7204878806,Active,2941.2
1126,MCH3335,Choudhary Ltd,5699.0,Apparel & Fashion,Partnership,Lucknow,Uttar Pradesh,2025-08-11,,Active,413.6
1127,MCH3338,"Mistry, Majumdar And Ghosh",4814.0,Telecom,Individual,Ludhiana,Punjab,2024-04-26,KYYU5062619258958,Active,1989.0
1128,MCH3340,Varty-Chokshi,5999.0,Miscellaneous,Partnership,Chennai,Tamil Nadu,2023-04-07,,Active,311.76
1129,MCH3341,Ramesh Inc,5912.0,Pharmacy,Individual,Mumbai,Maharashtra,2024-11-15,,Active,1745.15
1130,MCH3348,"Chauhan, Chowdhury And Dhillon",5942.0,Books & Stationery,Individual,Amritsar,Punjab,2023-12-16,MCSB8481417353125,Active,
1131,MCH3351,"Loke, Narasimhan And Gandhi",5912.0,Pharmacy,Partnership,Amritsar,Punjab,2023-06-22,,Suspended,1029.99
1132,MCH3353,Sachar Ltd,5942.0,Books & Stationery,Private Limited,Jalandhar,Punjab,2023-06-06,,Inactive,446.0
1133,MCH3354,"Barad, Ahluwalia And Mahal",5942.0,Books & Stationery,Partnership,Lucknow,Uttar Pradesh,2026-02-06,XXXX7924,Active,906.14
1134,MCH3357,"Sundaram, Kara And Sibal",7011.0,Hotel & Lodging,Partnership,Amritsar,Punjab,2025-11-14,XVJC4162540658234,Active,246.81
1135,MCH3358,Suri-Dhillon,4131.0,Travel,Individual,Kolkata,West Bengal,2023-09-22,3713072949,Inactive,665.29
1136,MCH3361,Sabharwal-Shah,,Transportation,Partnership,Jalandhar,Punjab,2024-01-06,KQNB2621280715561,Inactive,887.23
1137,MCH3362,Chander-Sangha,5411.0,Grocery,Private Limited,Amritsar,Punjab,2026-02-26,,Suspended,12795.59
1138,MCH3369,"Yadav, Deep And Bassi",5999.0,Miscellaneous,Individual,Lucknow,Uttar Pradesh,2024-05-16,407364103,Active,786.0
1139,MCH3371,Raju Inc,4131.0,Transportation,Partnership,Hyderabad,Telangana,2025-04-19,ENEX5677212292143,Active,4057.11
1140,MCH3376,Sama-Gaba,5411.0,Grocery,Individual,Hyderabad,Telangana,,XXXX4890,Active,732.24
1141,MCH3379,Sura Inc,5411.0,Grocery,Sole Proprietor,Chennai,Tamil Nadu,2023-11-28,,Active,851.53
1142,MCH3382,"Patla, Thakur And Kaur",4131.0,Transportation,Private Limited,Pune,Maharashtra,2025-02-06,,Active,470.22
1143,MCH3383,Muni Inc,5999.0,Miscellaneous,Sole Proprietor,Delhi,Delhi,2023-04-21,XXXX2845,Active,5804.6
1144,MCH3384,Gill-Bakshi,5999.0,Miscellaneous,Partnership,Kolkata,West Bengal,2023-06-27,8993037640,Active,1223.35
1145,MCH3386,"Balay, Chacko And Dani",5311.0,Department Store,Private Limited,Jaipur,Rajasthan,2025-10-27,XXXX2339,Active,2775.53
1146,MCH3387,Boase Ltd,4814.0,Telecom,Sole Proprietor,Chennai,Tamil Nadu,2024-10-20,,Active,4926.8
1147,MCH3388,"Ha1Der, Chander And Krishnamurthy",5311.0,Department Store,Individual,Ludhiana,Punjab,2025-03-23,FTJO6113858465780,Inactive,447.14
1148,MCH3389,"Barad, Murthy And Muni",5812.0,Pharmacy,Individual,Amritsar,Punjab,2025-03-19,,Active,234.09
1149,MCH3391,Dass Inc,4131.0,Transportation,Partnership,Lucknow,Uttar Pradesh,,XXXX1148,Active,1298.0
1150,MCH3393,"Panchal, Mistry And Sawhney",,Grocery,Sole Proprietor,Amritsar,Punjab,,,Active,612.0
1151,MCH3395,Merchant-Johal,4131.0,Transportation,Individual,Lucknow,Uttar Pradesh,,MDBK0638673035972,Active,2176.33
1152,MCH3398,Chaudhary Ltd,5699.0,Apparel & Fashion,Sole Proprietor,Chennai,Tamil Nadu,2023-11-18,5865246306,Inactive,1864.25
1153,MCH3399,Rana-Talwar,5912.0,Medical,Private Limited,Mumbai,Maharashtra,2024-03-30,6585786984,Active,575.9
1154,MCH3401,Chana Llc,5411.0,Grocery,Individual,Chennai,Tamil Nadu,,XXXX4048,Active,3703.23
1155,MCH3402,"Lala, Loyal And Trivedi",5999.0,Miscellaneous,Partnership,Pune,Maharashtra,2025-12-14,4812392751,Inactive,1152.61
1156,MCH3404,"Parekh, Lad And Soman",5311.0,Department Store,Individual,Mumbai,Maharashtra,2023-02-16,PSMJ2500672647390,Active,
1157,MCH3405,"Dara, Boase And Chada",5999.0,Miscellaneous,Partnership,Pune,Maharashtra,2024-03-06,XXXX5690,Active,210.2
1158,MCH3406,"Swamy, Borah And Sampath",5311.0,Retail,Individual,Mumbai,Maharashtra,2024-05-22,XXXX9630,Inactive,438.79
1159,MCH3407,Lal Llc,,Miscellaneous,Private Limited,Jalandhar,Punjab,2023-09-27,XXXX9006,Active,3232.78
1160,MCH3409,Badami And Sons,7011.0,Hotel & Lodging,Sole Proprietor,Bengaluru,Karnataka,2024-05-31,,Active,1179.18
1161,MCH3410,Mutti Plc,7011.0,Hotel & Lodging,Sole Proprietor,Chennai,Tamil Nadu,2023-05-23,5994810528,Active,4042.64
1162,MCH3412,Tak And Sons,7011.0,Hotel & Lodging,Sole Proprietor,Jaipur,Rajasthan,2024-10-31,XXXX3873,Active,4884.39
1163,MCH3414,Sahota Ltd,4814.0,Telecom,Private Limited,Amritsar,Punjab,2025-12-29,4026065439,Active,1607.54
1164,MCH3415,Keer Inc,5812.0,Restaurants & Food,Sole Proprietor,Chennai,Tamil Nadu,2025-06-05,XXXX8129,Active,
1165,MCH3416,"Rau, Baral And Karan",4814.0,Telecom,Private Limited,Ludhiana,Punjab,2024-02-02,,Active,894.0
1166,MCH3418,Parsa-Parikh,5912.0,Pharmacy,Partnership,Hyderabad,Telangana,2024-07-15,CWGO5653761986608,Active,8725.31
1167,MCH3419,"Bansal, Naidu And Baria",5912.0,Pharmacy,Private Limited,Pune,Maharashtra,2024-03-26,,Active,357.64
1168,MCH3420,"Mani, Kota And Deol",4131.0,Travel,Individual,Jaipur,Rajasthan,2024-01-18,,Inactive,453.43
1169,MCH3421,"Sandhu, Saxena And Talwar",5942.0,Books & Stationery,Sole Proprietor,Delhi,Delhi,,XXXX6543,Suspended,1117.58
1170,MCH3423,Sant-Singh,7011.0,Hotel & Lodging,Partnership,Delhi,Delhi,2023-01-01,9051549967,Active,11283.23
1171,MCH3424,Tandon-Raja,5411.0,Grocery,Private Limited,Pune,Maharashtra,2023-09-08,LJDU7390595746498,Inactive,1643.97
1172,MCH3426,"Morar, Dar And Raja",5311.0,Department Store,Individual,Jalandhar,Punjab,2023-10-25,XXXX0393,Inactive,1252.0
1173,MCH3431,Ghosh And Sons,,Restaurants & Food,Sole Proprietor,Mumbai,Maharashtra,2025-11-24,LTDQ5015892785519,Suspended,1904.92
1174,MCH3433,"Pathak, Sathe And Rama",5411.0,Grocery,Private Limited,Kolkata,West Bengal,2025-12-22,XXXX0746,Inactive,3697.0
1175,MCH3435,"Mitter, Chakrabarti And Swaminathan",5812.0,Restaurants & Food,Individual,Ludhiana,Punjab,2023-04-23,XXXX3745,Active,1050.63
1176,MCH3438,Murty-Parmar,4131.0,Telecom,Private Limited,Amritsar,Punjab,2024-04-10,LRSK8249071074897,Active,621.11
1177,MCH3439,"Palan, Bora And Puri",5411.0,Grocery,Private Limited,Ludhiana,Punjab,2024-03-05,AHWJ3061043363701,Active,1840.58
1178,MCH3440,"Sahni, Thakur And Kale",5411.0,Grocery,Partnership,Hyderabad,Telangana,2024-10-14,SWXL8005196412661,Active,797.0
1179,MCH3441,"Naidu, Nayar And Chand",5942.0,Books & Stationery,Partnership,Ludhiana,Punjab,2023-05-29,1623488849,Active,817.0
1180,MCH3442,Choudhry-Ravi,5699.0,Apparel & Fashion,Partnership,Mumbai,Maharashtra,2025-09-09,XXXX0565,Active,3189.0
1181,MCH3445,"Madan, Naidu And Andra",7011.0,Hotel & Lodging,Private Limited,Jaipur,Rajasthan,2023-07-09,2270103966,Active,983.3
1182,MCH3446,Ganesan-Contractor,5411.0,Grocery,Sole Proprietor,Lucknow,Uttar Pradesh,2026-01-24,7922786735,Inactive,348.14
1183,MCH3447,Andra-Edwin,5699.0,Apparel & Fashion,Individual,Hyderabad,Telangana,2023-10-09,XXXX8236,Active,1619.69
1184,MCH3449,Nigam-Agate,5999.0,Miscellaneous,Partnership,Mumbai,Maharashtra,2026-02-13,UOSM0726239882457,Active,236.02
1185,MCH3451,Amble-Nair,5912.0,Pharmacy,Sole Proprietor,Amritsar,Punjab,2025-06-10,XXXX8569,Suspended,
1186,MCH3452,"Tandon, Oza And Sharma",5411.0,Grocery,Sole Proprietor,Pune,Maharashtra,2025-08-04,,Inactive,
1187,MCH3453,"Sangha, Minhas And Patil",7011.0,Hotel & Lodging,Private Limited,Jaipur,Rajasthan,2023-11-15,5047749653,Active,
1188,MCH3454,Rajagopal-Wason,5812.0,Restaurants & Food,Partnership,Hyderabad,Telangana,2024-08-22,XXXX7731,Active,
1189,MCH3455,Singhal Llc,5311.0,Department Store,Individual,Jalandhar,Punjab,2026-01-06,,Active,11222.95
1190,MCH3459,Nagi-Saini,4814.0,Telecom,Sole Proprietor,Hyderabad,Telangana,2023-09-03,CIPH7138178222112,Active,2617.26
1191,MCH3460,Chand-Bora,5411.0,Grocery,Individual,Kolkata,West Bengal,2025-02-05,,Active,
1192,MCH3461,"Balakrishnan, Sachdeva And Sekhon",5999.0,Miscellaneous,Individual,Mumbai,Maharashtra,2025-09-23,QTCR6301966166012,Active,1049.37
1193,MCH3465,"Patla, Tiwari And Bobal",4814.0,Telecom,Private Limited,Amritsar,Punjab,2024-09-10,BMXM3313589371926,Active,662.0
1194,MCH3468,Aurora-Ben,,Hotel & Lodging,Private Limited,Hyderabad,Telangana,2025-03-16,,Active,199.0
1195,MCH3469,Ha1Der-Bains,,Telecom,Private Limited,Ludhiana,Punjab,,AHBB0158183764134,Active,943.76
1196,MCH3470,Chopra-Garde,4814.0,Telecom,Individual,Bengaluru,Karnataka,2025-02-03,,Active,509.62
1197,MCH3473,"Mahal, Butala And Shenoy",4131.0,Travel,Individual,Amritsar,Punjab,2025-11-20,9906876351,Inactive,456.8
1198,MCH3475,"Wadhwa, Banik And Prakash",5812.0,Restaurants & Food,Private Limited,Jaipur,Rajasthan,2025-01-16,4792307270,Active,335.53
1199,MCH3477,"Mangal, Comar And Krish",5311.0,Department Store,Sole Proprietor,Mumbai,Maharashtra,2025-03-30,,Active,13897.21
1200,MCH3481,"Raja, Brar And Nagar",7011.0,Grocery,Private Limited,Delhi,Delhi,2023-03-13,XXXX8620,Active,1791.83
1201,MCH3483,"Puri, Sachdeva And Jhaveri",5812.0,Restaurants & Food,Private Limited,Jaipur,Rajasthan,2025-08-15,XXXX0583,Inactive,1128.9
1202,MCH3484,Sidhu Llc,5999.0,Miscellaneous,Individual,Ludhiana,Punjab,,,Active,
1203,MCH3487,Soni And Sons,5912.0,Medical,Sole Proprietor,Lucknow,Uttar Pradesh,2023-05-16,XXXX5287,Active,1671.71
1204,MCH3488,Sarna-Ramaswamy,5699.0,Apparel & Fashion,Private Limited,Kolkata,West Bengal,2025-12-10,XXXX7182,Active,1118.6
1205,MCH3489,Bahl-Bhavsar,4131.0,Transportation,Partnership,Delhi,Delhi,,XXXX6898,Active,908.03
1206,MCH3490,Sachdev-Din,5411.0,Grocery,Individual,Delhi,Delhi,2023-02-21,VNMY8994386086089,Suspended,570.0
1207,MCH3491,"Chawla, Tella And Madan",,Telecom,Sole Proprietor,Lucknow,Uttar Pradesh,2025-05-23,,Active,1044.7
1208,MCH3497,"Gokhale, Parmer And Contractor",,Transportation,Individual,Jalandhar,Punjab,2023-11-03,,Active,
1209,MCH3498,Agate And Sons,4814.0,Telecom,Individual,Chennai,Tamil Nadu,,,Active,1499.04
1210,MCH3499,"Mand, Munshi And Bali",5311.0,Retail,Sole Proprietor,Chennai,Tamil Nadu,2026-02-01,,Active,1115.88
1211,MCH3501,Chandran-Tripathi,5999.0,Miscellaneous,Private Limited,Mumbai,Maharashtra,,1873775978,Active,1658.21
1212,MCH3502,"Bail, Sawhney And Majumdar",,Restaurants & Food,Individual,Hyderabad,Telangana,2024-02-05,,Active,4792.39
1213,MCH3504,"Ram, Dora And Bhatti",5942.0,Books & Stationery,Individual,Pune,Maharashtra,2025-05-08,OOSJ0277155475198,Inactive,520.17
1214,MCH3506,Peri Group,7011.0,Hotel & Lodging,Individual,Bengaluru,Karnataka,,PINF7358781184682,Active,3808.09
1215,MCH3507,"Sundaram, Shan And Subramanian",7011.0,Hotel & Lodging,Individual,Amritsar,Punjab,2023-01-28,7115308153,Active,950.31
1216,MCH3508,Prabhu And Sons,4131.0,Travel,Private Limited,Delhi,Delhi,2024-07-26,,Active,1850.0
1217,MCH3509,Tandon-Thakur,5999.0,Miscellaneous,Private Limited,Pune,Maharashtra,2024-03-27,TBRS8526244076916,Active,253.7
1218,MCH3510,Sankaran Inc,5699.0,Apparel & Fashion,Individual,Hyderabad,Telangana,2026-02-18,9848495819,Inactive,2317.0
1219,MCH3511,"Konda, Venkatesh And Jha",5411.0,Grocery,Individual,Lucknow,Uttar Pradesh,2025-06-28,BGWP5416829581598,Active,
1220,MCH3512,"Bhatti, Khosla And Chhabra",4131.0,Telecom,Private Limited,Amritsar,Punjab,2023-05-04,,Active,1112.0
1221,MCH3513,"Gade, Raghavan And Ben",5942.0,Books & Stationery,Individual,Chennai,Tamil Nadu,2024-07-21,EGJQ8131249829529,Inactive,1116.95
1222,MCH3518,Borah And Sons,4131.0,Transportation,Sole Proprietor,Mumbai,Maharashtra,2026-02-06,GCBI5958315675126,Active,451.33
1223,MCH3520,Jhaveri And Sons,7011.0,Hotel & Lodging,Individual,Bengaluru,Karnataka,2023-03-22,2637882357,Active,1231.0
1224,MCH3523,"Khare, Radhakrishnan And Gala",5812.0,Restaurants & Food,Individual,Jaipur,Rajasthan,2025-04-12,,Active,
1225,MCH3530,Dugar Plc,5699.0,Apparel & Fashion,Individual,Ludhiana,Punjab,2024-10-08,,Active,
1226,MCH3533,Tiwari-Gulati,7011.0,Hotel & Lodging,Private Limited,Mumbai,Maharashtra,2025-10-07,SWEX6777199199579,Active,709.41
1227,MCH3535,Kaur Llc,7011.0,Hotel & Lodging,Individual,Ludhiana,Punjab,2023-04-22,XXXX4614,Active,438.79
1228,MCH3536,Shankar Group,5942.0,Books & Stationery,Partnership,Kolkata,West Bengal,2024-11-03,,Active,1640.82
1229,MCH3539,"Korpal, Nair And Chana",5699.0,Apparel & Fashion,Sole Proprietor,Mumbai,Maharashtra,2024-05-29,QRQK3185986773369,Inactive,2681.05
1230,MCH3541,"Srivastava, Tella And Konda",4814.0,Telecom,Private Limited,Delhi,Delhi,2024-10-31,XXXX6960,Active,2341.43
1231,MCH3545,"Chacko, Oza And Jaggi",7011.0,Hotel & Lodging,Sole Proprietor,Hyderabad,Telangana,2023-09-30,,Active,867.82
1232,MCH3547,Ramanathan-Dada,5812.0,Restaurants & Food,Private Limited,Delhi,Delhi,2025-02-03,,Active,5262.6
1233,MCH3548,"Bhakta, Dhaliwal And Comar",4814.0,Telecom,Individual,Jaipur,Rajasthan,,VZDR7391504338268,Active,1931.09
1234,MCH3549,Khalsa And Sons,5812.0,Restaurants & Food,Individual,Amritsar,Punjab,2025-01-07,AXNC2296857054867,Active,1756.73
1235,MCH3551,"Chaudry, Toor And Lala",4814.0,Telecom,Sole Proprietor,Bengaluru,Karnataka,2023-12-15,,Active,941.64
1236,MCH3552,"Morar, Ahuja And Ravel",5942.0,Books & Stationery,Sole Proprietor,Pune,Maharashtra,2024-03-08,4264827743,Active,8846.0
1237,MCH3553,"Bajwa, Tata And Narula",5912.0,Medical,Private Limited,Lucknow,Uttar Pradesh,2023-01-02,7783034910,Active,
1238,MCH3554,"Chowdhury, Mann And Mitter",4131.0,Transportation,Individual,Jalandhar,Punjab,2025-04-27,XXXX2146,Active,893.92
1239,MCH3555,Chaudhari-Dutta,5311.0,Department Store,Partnership,Kolkata,West Bengal,2023-03-31,FYRB6292482908836,Active,712.21
1240,MCH3556,Andra-Nagar,5999.0,Miscellaneous,Sole Proprietor,Pune,Maharashtra,2025-05-04,,Active,1107.13
1241,MCH3558,"Bhattacharyya, Mahal And Setty",4131.0,Transportation,Partnership,Jaipur,Rajasthan,2023-07-28,7325110455,Active,4448.97
1242,MCH3559,Chokshi Inc,5812.0,Restaurants & Food,Private Limited,Bengaluru,Karnataka,2024-12-23,XXXX5330,Active,
1243,MCH3561,Kumar Llc,5812.0,Restaurants & Food,Partnership,Chennai,Tamil Nadu,2025-10-18,9204267445,Active,715.0
1244,MCH3563,Shan Inc,5912.0,Pharmacy,Sole Proprietor,Bengaluru,Karnataka,2024-04-01,XXXX8095,Active,335.55
1245,MCH3564,Chadha-Sarin,5812.0,Restaurants & Food,Individual,Lucknow,Uttar Pradesh,2024-06-09,XXXX4527,Active,506.02
1246,MCH3567,Kala Ltd,4814.0,Telecom,Sole Proprietor,Amritsar,Punjab,2023-05-15,120134197,Active,1794.62
1247,MCH3568,"Choudhury, Trivedi And Bhatnagar",5311.0,Department Store,Private Limited,Ludhiana,Punjab,2025-04-10,XXXX4927,Active,1208.3
1248,MCH3569,Choudhury-Prashad,5942.0,Books & Stationery,Sole Proprietor,Lucknow,Uttar Pradesh,2025-02-17,,Active,1411.0
1249,MCH3570,Sura-Barman,5999.0,Miscellaneous,Private Limited,Jalandhar,Punjab,2023-05-22,5640847872,Inactive,1099.0
1250,MCH3571,"Aurora, Kamdar And Vasa",5411.0,Grocery,Private Limited,Lucknow,Uttar Pradesh,2023-02-03,,Active,583.65
1251,MCH3572,"V0Hra, Chander And Padmanabhan",5812.0,Restaurants & Food,Sole Proprietor,Hyderabad,Telangana,2024-05-16,,Active,793.52
1252,MCH3574,Sodhi-Shan,4131.0,Transportation,Partnership,Pune,Maharashtra,2025-05-31,YFPD1472473488670,Inactive,4407.0
1253,MCH3577,"Ratta, Mane And Kapadia",5812.0,Restaurants & Food,Individual,Amritsar,Punjab,,XXXX9384,Active,1820.36
1254,MCH3578,"Badal, Gopal And Walla",4131.0,Transportation,Individual,Amritsar,Punjab,2024-05-19,CBPY2495238962575,Active,14795.0
1255,MCH3581,"Chadha, Sankaran And Pau",5699.0,Apparel & Fashion,Partnership,Kolkata,West Bengal,2024-05-07,,Active,
1256,MCH3586,Dayal-Nagar,5411.0,Pharmacy,Partnership,Hyderabad,Telangana,2026-01-28,1143347480,Active,2093.13
1257,MCH3587,Sagar-Raval,7011.0,Hotel & Lodging,Partnership,Jalandhar,Punjab,2024-07-31,,Active,1064.25
1258,MCH3591,"Panchal, Balasubramanian And Dey",5942.0,Books & Stationery,Private Limited,Kolkata,West Bengal,2025-03-15,9832386733,Active,2193.61
1259,MCH3592,"Sem, Chandran And Dara",5999.0,Miscellaneous,Sole Proprietor,Delhi,Delhi,2023-11-15,8281028913,Inactive,
1260,MCH3593,"Kara,Brarandapte",4814.0,Telecom,Private Limited,Mumbai,Maharashtra,2023-12-04,,Active,474.6
1261,MCH3594,Khalsa Inc,5999.0,Miscellaneous,Partnership,Chennai,Tamil Nadu,,7162144056,Active,381.0
1262,MCH3595,"Srivastava, Merchant And Kota",5311.0,Retail,Private Limited,Ludhiana,Punjab,2025-01-03,3018831600,Inactive,1153.0
1263,MCH3596,Choudhry Ltd,4131.0,Transportation,Private Limited,Lucknow,Uttar Pradesh,2024-11-11,NDFD6315987877623,Active,311.69
1264,MCH3598,Kapur-Sahni,4814.0,Telecom,Private Limited,Bengaluru,Karnataka,2024-12-07,759983753,Active,7252.05
1265,MCH3600,Bhat-Naik,5999.0,Miscellaneous,Private Limited,Amritsar,Punjab,,307550331,Active,3889.22
1266,MCH3601,Deshpande-Nigam,4131.0,Transportation,Partnership,Bengaluru,Karnataka,2024-12-06,7464108463,Active,2765.11
1267,MCH3602,"Panchal, Karpe And Bhatti",7011.0,Hotel & Lodging,Partnership,Amritsar,Punjab,2023-08-29,NJWF8221387776765,Active,754.95
1268,MCH3604,"Shetty, Bali And Sama",5411.0,Grocery,Partnership,Ludhiana,Punjab,2023-01-04,IQHJ3383226507557,Active,394.0
1269,MCH3605,Bhasin Ltd,4131.0,Travel,Partnership,Ludhiana,Punjab,2023-11-15,,Active,1858.98
1270,MCH3607,Va1A-D0Ra,5812.0,Restaurants & Food,Individual,Ludhiana,Punjab,2024-11-09,,Active,1953.09
1271,MCH3608,"Raj, Sarin And Sibal",4814.0,Telecom,Partnership,Jaipur,Rajasthan,2024-12-08,XXXX8045,Inactive,1956.65
1272,MCH3610,"Deo, Krish And Lanka",5699.0,Apparel & Fashion,Private Limited,Chennai,Tamil Nadu,2025-01-07,3505089399,Active,
1273,MCH3611,"Ratti, Sunder And Kapoor",4131.0,Travel,Private Limited,Bengaluru,Karnataka,,XXXX2260,Active,787.19
1274,MCH3612,Kala Inc,5812.0,Restaurants & Food,Sole Proprietor,Mumbai,Maharashtra,2025-08-17,GCWT7054433892701,Active,577.0
1275,MCH3613,Lad-Chacko,4814.0,Telecom,Private Limited,Jaipur,Rajasthan,2025-02-04,XXXX9897,Active,466.16
1276,MCH3614,Morar-Sundaram,5812.0,Restaurants & Food,Individual,Mumbai,Maharashtra,2023-08-09,XXXX5060,Active,1484.85
1277,MCH3616,Dua Group,5942.0,Books & Stationery,Private Limited,Lucknow,Uttar Pradesh,2026-02-24,CYIZ1339742109891,Active,
1278,MCH3618,"Narang, Atwal And Merchant",5812.0,Medical,Sole Proprietor,Mumbai,Maharashtra,2023-07-25,LZII0053942814377,Active,1728.22
1279,MCH3619,"Mody, Sami And Batta",5999.0,Miscellaneous,Sole Proprietor,Kolkata,West Bengal,2026-01-27,7469875023,Inactive,3456.23
1280,MCH3625,Singhal Ltd,5812.0,Restaurants & Food,Sole Proprietor,Mumbai,Maharashtra,2025-10-28,XXXX0908,Active,10079.36
1281,MCH3627,"Chandra, Venkataraman And Palla",5912.0,Medical,Sole Proprietor,Jaipur,Rajasthan,2025-10-09,1981451941,Active,379.66
1282,MCH3628,Mitra Ltd,5699.0,Apparel & Fashion,Sole Proprietor,Delhi,Delhi,2023-08-05,,Active,3214.64
1283,MCH3630,Chacko Ltd,5812.0,Restaurants & Food,Partnership,Mumbai,Maharashtra,2023-06-11,,Inactive,2433.39
1284,MCH3637,"Lalla, Deep And Sama",5699.0,Apparel & Fashion,Individual,Pune,Maharashtra,2023-05-27,GKWZ9818461335290,Active,560.03
1285,MCH3640,Parikh-Raghavan,7011.0,Hotel & Lodging,Sole Proprietor,Hyderabad,Telangana,2023-04-11,58678829,Active,400.1
1286,MCH3641,"Khurana, Barman And Suresh",5699.0,Apparel & Fashion,Individual,Delhi,Delhi,2025-08-06,XXXX0826,Active,2224.44
1287,MCH3642,Prabhu-Pai,5411.0,Grocery,Sole Proprietor,Kolkata,West Bengal,2025-11-24,,Active,3223.63
1288,MCH3649,"Jain, Sama And Sarma",5999.0,Miscellaneous,Partnership,Mumbai,Maharashtra,2025-06-08,XXXX8840,Active,671.85
1289,MCH3652,Varghese Plc,5912.0,Miscellaneous,Partnership,Ludhiana,Punjab,,,Active,2254.0
1290,MCH3654,Ganesan Ltd,5812.0,Restaurants & Food,Sole Proprietor,Jalandhar,Punjab,2024-02-11,XXXX6762,Active,286.1
1291,MCH3655,Batra Llc,5912.0,Medical,Sole Proprietor,Pune,Maharashtra,2024-08-17,,Active,
1292,MCH3656,"Sani, Rajagopalan And Sachar",5411.0,Grocery,Individual,Chennai,Tamil Nadu,2024-11-26,EFFS9159320721097,Active,901.19
1293,MCH3659,Samra Inc,5812.0,Restaurants & Food,Individual,Chennai,Tamil Nadu,2023-04-11,3971816049,Active,2958.27
1294,MCH3661,"Deshmukh, Patla And Goel",4131.0,Transportation,Individual,Ludhiana,Punjab,2023-11-17,XXXX0412,Suspended,1439.0
1295,MCH3662,"Mand, Walia And Bhalla",5411.0,Grocery,Private Limited,Chennai,Tamil Nadu,2023-04-08,KFML5342009384721,Active,677.63
1296,MCH3663,Saini-Gaba,5699.0,Apparel & Fashion,Sole Proprietor,Jaipur,Rajasthan,2025-02-03,,Active,377.05
1297,MCH3666,Gera-Ranganathan,4131.0,Transportation,Partnership,Jaipur,Rajasthan,2023-04-12,,Active,243.55
1298,MCH3668,Pandey-Uppal,4131.0,Transportation,Sole Proprietor,Pune,Maharashtra,2024-09-03,XXXX9816,Active,795.26
1299,MCH3669,"Dutta, Banerjee And Saini",5999.0,Miscellaneous,Private Limited,Lucknow,Uttar Pradesh,2024-09-03,9041253658,Active,2883.4
1300,MCH3671,"Vala, Dhar And Wason",5912.0,Medical,Individual,Chennai,Tamil Nadu,,,Active,2167.0
1301,MCH3672,Ramaswamy Plc,4131.0,Books & Stationery,Private Limited,Kolkata,West Bengal,2025-01-24,XXXX8500,Active,9848.33
1302,MCH3674,Wason And Sons,5812.0,Restaurants & Food,Individual,Delhi,Delhi,2025-07-19,6823891084,Active,
1303,MCH3675,Grewal And Sons,4814.0,Telecom,Private Limited,Pune,Maharashtra,2025-10-19,YCGE0713459513460,Inactive,263.38
1304,MCH3677,Toor And Sons,5912.0,Medical,Sole Proprietor,Amritsar,Punjab,2025-03-03,XXXX6857,Active,4703.03
1305,MCH3678,"Ramanathan, Oza And Aggarwal",5699.0,Apparel & Fashion,Partnership,Jalandhar,Punjab,2023-04-03,9191196267,Active,1617.86
1306,MCH3679,Kumer Llc,4814.0,Telecom,Private Limited,Hyderabad,Telangana,2025-12-15,1741377762,Active,587.47
1307,MCH3680,Pradhan Ltd,4131.0,Travel,Private Limited,Hyderabad,Telangana,2025-11-22,HAKD1990878179577,Active,519.26
1308,MCH3682,"Dash, Kashyap And Goda",5311.0,Department Store,Private Limited,Amritsar,Punjab,2025-12-01,UMOT0203540180050,Inactive,1702.0
1309,MCH3683,Mander Group,5411.0,Grocery,Individual,Mumbai,Maharashtra,2023-10-09,3019047562,Active,4247.99
1310,MCH3684,Chahal-Reddy,,Grocery,Partnership,Delhi,Delhi,,,Active,629.48
1311,MCH3686,Prasad Inc,5812.0,Restaurants & Food,Sole Proprietor,Mumbai,Maharashtra,2024-09-04,GHWB3739951927219,Active,1179.14
1312,MCH3688,"Nayak, Brar And Sahni",4814.0,Telecom,Individual,Chennai,Tamil Nadu,2025-08-20,,On Hold,2787.88
1313,MCH3689,"Palla, Gara And Malhotra",5942.0,Books & Stationery,Partnership,Bengaluru,Karnataka,2025-02-04,JSVI9099789537273,Inactive,1319.27
1314,MCH3690,Aurora Inc,4131.0,Travel,Partnership,Bengaluru,Karnataka,2025-04-26,XXXX3060,Active,915.55
1315,MCH3693,"Rajagopal, Savant And Ganesan",4814.0,Telecom,Individual,Jalandhar,Punjab,2025-02-26,XXXX6831,Active,893.17
1316,MCH3694,"Date, Naidu And Raja",5912.0,Pharmacy,Partnership,Jalandhar,Punjab,2024-11-22,GPTO7610757270352,Active,4933.54
1317,MCH3696,"Pandya, Maharaj And Sundaram",5942.0,Books & Stationery,Individual,Pune,Maharashtra,2025-08-07,,On Hold,416.04
1318,MCH3697,Cherian Llc,7011.0,Hotel & Lodging,Individual,Chennai,Tamil Nadu,2023-11-04,,Active,2525.65
1319,MCH3698,"Prashad, Viswanathan And Sama",5311.0,Retail,Partnership,Amritsar,Punjab,2026-09-02,,Active,514.0
1320,MCH3699,Lal Ltd,5999.0,Miscellaneous,Private Limited,Jaipur,Rajasthan,2023-06-25,MSXL7767787846316,Active,479.97
1321,MCH3700,"Sinha, Purohit And Shetty",5912.0,Pharmacy,Individual,Bengaluru,Karnataka,2025-04-01,2727095091,Inactive,1238.03
1322,MCH3701,Mand-Bhat,5999.0,Miscellaneous,Sole Proprietor,Lucknow,Uttar Pradesh,2024-05-07,3078444164,Inactive,231.29
1323,MCH3703,Khatri-Shuk1A,5812.0,Restaurants & Food,Private Limited,Jalandhar,Punjab,,,Suspended,3523.05
1324,MCH3705,"Prakash, Korpal And Narasimhan",5812.0,Restaurants & Food,Sole Proprietor,Jaipur,Rajasthan,2025-11-10,,Active,753.96
1325,MCH3712,Narain-Vaidya,7011.0,Hotel & Lodging,Individual,Hyderabad,Telangana,2025-07-05,PUJI3728932216325,Active,333.0
1326,MCH3715,Bansal Inc,5942.0,Books & Stationery,Individual,Lucknow,Uttar Pradesh,2024-11-27,,Suspended,2025.81
1327,MCH3718,"S0M, Barman And Bhavsar",5411.0,Grocery,Sole Proprietor,Pune,Maharashtra,,2345441898,Active,312.19
1328,MCH3720,"Bedi, Sanghvi And Balakrishnan",5411.0,Grocery,Individual,Delhi,Delhi,2024-04-14,ECCR6940813795514,Active,610.0
1329,MCH3722,Jhaveri Ltd,5912.0,Pharmacy,Private Limited,Ludhiana,Punjab,2024-06-29,6603889131,Active,4309.0
1330,MCH3723,Wagle-Dugar,5411.0,Grocery,Individual,Bengaluru,Karnataka,2023-05-31,970612973,Active,1906.51
1331,MCH3725,Balan Inc,5912.0,Medical,Sole Proprietor,Kolkata,West Bengal,2024-10-04,XXXX4682,Active,2579.6
1332,MCH3726,Varughese Plc,4814.0,Telecom,Individual,Lucknow,Uttar Pradesh,2024-11-13,,Active,3572.06
1333,MCH3732,"Bhat, Sarin And Wag1E",,Hotel & Lodging,Sole Proprietor,Lucknow,Uttar Pradesh,2025-06-23,,Active,604.0
1334,MCH3733,Ramakrishnan-Chaudhuri,7011.0,Hotel & Lodging,Sole Proprietor,Amritsar,Punjab,2025-03-15,,Active,1213.25
1335,MCH3736,Goyal-Thakur,5411.0,Grocery,Individual,Bengaluru,Karnataka,2023-12-08,,Active,1865.39
1336,MCH3737,Raval-Kurian,5812.0,Restaurants & Food,Individual,Mumbai,Maharashtra,2026-01-23,,Active,
1337,MCH3739,Murty Ltd,5311.0,Department Store,Private Limited,Chennai,Tamil Nadu,2025-09-15,XXXX2052,Active,571.15
1338,MCH3742,"Mall, Sarma And Merchant",5999.0,Miscellaneous,Partnership,Jalandhar,Punjab,2025-06-19,,Active,330.87
1339,MCH3743,Doctor Ltd,5912.0,Pharmacy,Sole Proprietor,Hyderabad,Telangana,2023-01-16,BRVO9557812490695,Active,12417.3
1340,MCH3748,Bedi-Cherian,5311.0,Retail,Individual,Mumbai,Maharashtra,2025-03-19,XXXX2002,On Hold,1343.58
1341,MCH3753,Vohra-Din,5699.0,Apparel & Fashion,Private Limited,Kolkata,West Bengal,2025-03-30,8109513390,Active,754.9
1342,MCH3754,Dugal-Chawla,5812.0,Restaurants & Food,Partnership,Kolkata,West Bengal,2025-01-18,MIWY6996336112119,Active,
1343,MCH3755,Hayer And Sons,5812.0,Restaurants & Food,Private Limited,Pune,Maharashtra,2025-08-02,1710186455,Active,1098.64
1344,MCH3757,Chokshi Plc,4814.0,Telecom,Private Limited,Jaipur,Rajasthan,2025-10-23,KUIQ2748561079701,Active,2492.69
1345,MCH3758,Dube Ltd,5999.0,Miscellaneous,Sole Proprietor,Delhi,Delhi,2023-09-10,7052831071,Active,1607.42
1346,MCH3760,Das-Ahuja,5812.0,Restaurants & Food,Sole Proprietor,Lucknow,Uttar Pradesh,2023-01-13,QOFI2681256583657,Active,755.0
1347,MCH3761,"Bal,Mittalandprabhakar",5999.0,Miscellaneous,Private Limited,Pune,Maharashtra,2025-06-11,,Active,6900.33
1348,MCH3764,Tandon And Sons,5912.0,Medical,Partnership,Mumbai,Maharashtra,2025-12-30,,Active,3428.0
1349,MCH3765,Mohanty Llc,5311.0,Department Store,Partnership,Hyderabad,Telangana,2023-06-20,770998127,Active,1911.75
1350,MCH3771,Bumb Inc,5999.0,Miscellaneous,Partnership,Lucknow,Uttar Pradesh,2024-06-11,,Active,2602.75
1351,MCH3776,"Kapadia, Sathe And Shenoy",5311.0,Department Store,Partnership,Delhi,Delhi,,2896927884,Active,1854.99
1352,MCH3778,"Bhagat, Sama And Murthy",,Telecom,Individual,Amritsar,Punjab,2026-01-18,ETOX8271252256292,Inactive,2790.66
1353,MCH3779,Aggarwal-Hans,5311.0,Department Store,Private Limited,Kolkata,West Bengal,2024-12-04,VKLU5024337304270,Active,
1354,MCH3780,Hegde Group,5311.0,Department Store,Private Limited,Lucknow,Uttar Pradesh,2026-02-27,XXXX3079,Active,315.62
1355,MCH3786,Ratta-Bhasin,5999.0,Miscellaneous,Partnership,Bengaluru,Karnataka,2023-08-22,,Active,1037.97
1356,MCH3787,"Boase, Mand And Khatri",5411.0,Grocery,Partnership,Pune,Maharashtra,2025-03-21,4292433603,Active,1436.68
1357,MCH3788,Bhargava And Sons,4131.0,Transportation,Partnership,Bengaluru,Karnataka,2025-12-18,SFPS7075877461991,Active,2495.65
1358,MCH3793,"Sankar, Parsa And Shere",7011.0,Hotel & Lodging,Sole Proprietor,Ludhiana,Punjab,2025-03-30,3431564371,Active,6906.85
1359,MCH3795,Sinha-Ramesh,4814.0,Telecom,Partnership,Hyderabad,Telangana,2024-06-19,XXXX9092,Active,1083.1
1360,MCH3796,Mani-Saha,,Restaurants & Food,Individual,Chennai,Tamil Nadu,2023-08-06,GQAE5409560780073,Active,860.72
1361,MCH3797,"Dhaliwal, Parekh And Dey",7011.0,Hotel & Lodging,Partnership,Jalandhar,Punjab,2024-11-02,XXXX1096,Suspended,
1362,MCH3801,"Arya, Sachar And Khanna",5912.0,Pharmacy,Partnership,Bengaluru,Karnataka,2024-01-03,XXXX2457,Suspended,639.86
1363,MCH3803,"Tara, Wali And Sachdev",5942.0,Books & Stationery,Individual,Lucknow,Uttar Pradesh,2025-10-14,,Active,2461.72
1364,MCH3804,"Pingle, Choudhry And Sastry",5942.0,Books & Stationery,Sole Proprietor,Delhi,Delhi,2025-10-13,,Active,729.5
1365,MCH3805,Issac-Munshi,5999.0,Miscellaneous,Private Limited,Bengaluru,Karnataka,2023-02-19,2364539164,Active,7651.0
1366,MCH3806,Parmerllc,5411.0,Grocery,Sole Proprietor,Jaipur,Rajasthan,2024-11-04,6810844450,Active,1939.0
1367,MCH3810,Mallick-Lall,5411.0,Grocery,Private Limited,Lucknow,Uttar Pradesh,2025-12-07,XXXX7137,Suspended,630.92
1368,MCH3811,"Bhat, Anand And Bakshi",,Hotel & Lodging,Individual,Bengaluru,Karnataka,,4680162216,Active,563.14
1369,MCH3817,Subramanian Group,5311.0,Department Store,Sole Proprietor,Ludhiana,Punjab,,XXXX6376,Active,3916.72
1370,MCH3818,Gopal-Khalsa,4814.0,Telecom,Partnership,Amritsar,Punjab,,,Active,200.35
1371,MCH3819,Butala-Patla,5999.0,Miscellaneous,Individual,Delhi,Delhi,2023-04-08,XXXX5729,Active,2466.12
1372,MCH3820,Behl Llc,5311.0,Department Store,Partnership,Jalandhar,Punjab,2023-05-30,8600214749,Inactive,983.06
1373,MCH3822,Anne And Sons,5411.0,Grocery,Private Limited,Amritsar,Punjab,2026-01-21,,Active,2115.91
1374,MCH3824,Chand-Sarna,5812.0,Restaurants & Food,Sole Proprietor,Kolkata,West Bengal,2025-08-24,,Active,733.85
1375,MCH3829,Bansal Ltd,7011.0,Hotel & Lodging,Private Limited,Pune,Maharashtra,2024-12-04,XXXX7846,Active,2565.33
1376,MCH3835,"Pillai, Ratti And Chaudhuri",4814.0,Telecom,Partnership,Ludhiana,Punjab,2023-01-15,4590776710,Inactive,6901.65
1377,MCH3837,"Char, Naik And Sachdev",5999.0,Miscellaneous,Private Limited,Delhi,Delhi,2026-01-25,XXXX8517,Active,5233.0
1378,MCH3841,"Sandhu, Khosla And Guha",5999.0,Miscellaneous,Partnership,Bengaluru,Karnataka,2024-09-16,7616513593,Active,2207.18
1379,MCH3842,"Rao, Rajagopal And Ratti",4131.0,Transportation,Private Limited,Jaipur,Rajasthan,2024-01-27,,Active,444.1
1380,MCH3845,Hora-Bath,4131.0,Transportation,Individual,Bengaluru,Karnataka,2024-08-16,8760940800,Active,2098.39
1381,MCH3846,Khanna-Badal,5311.0,Retail,Private Limited,Delhi,Delhi,2025-04-18,9124984839,Active,3521.78
1382,MCH3847,Nair Plc,5311.0,Retail,Sole Proprietor,Pune,Maharashtra,,,Active,660.47
1383,MCH3849,Das-Ratta,4814.0,Telecom,Individual,Chennai,Tamil Nadu,2024-06-13,MLDH2446114366761,Active,4368.0
1384,MCH3853,Bhat-Dutt,5411.0,Grocery,Sole Proprietor,Hyderabad,Telangana,2023-03-05,,Active,
1385,MCH3854,"Was0N, Chauhan And Gh0Se",5812.0,Restaurants & Food,Private Limited,Hyderabad,Telangana,2025-09-01,FZNK7723155067265,Active,528.0
1386,MCH3856,"Sankaran, Anne And Buch",5812.0,Restaurants & Food,Individual,Kolkata,West Bengal,2025-05-06,XXXX0835,Active,454.0
1387,MCH3859,"Mall, Bassi And Seshadri",5411.0,Grocery,Partnership,Mumbai,Maharashtra,,,Active,610.0
1388,MCH3860,Sama Group,5699.0,Apparel & Fashion,Sole Proprietor,Chennai,Tamil Nadu,2023-10-03,,Active,448.66
1389,MCH3869,Hegde Ltd,5411.0,Department Store,Partnership,Pune,Maharashtra,2026-01-28,,Active,
1390,MCH3872,Krish Group,5699.0,Apparel & Fashion,Partnership,Amritsar,Punjab,2024-03-14,,Active,3660.6
1391,MCH3873,"Dugal, Thakur And Puri",7011.0,Hotel & Lodging,Private Limited,Jalandhar,Punjab,2023-07-02,,Active,1499.22
1392,MCH3874,"Dora,Deshpandeandseth",4131.0,Telecom,Private Limited,Jalandhar,Punjab,2024-05-18,XXXX2093,Active,1119.69
1393,MCH3875,Natt Ltd,5812.0,Restaurants & Food,Private Limited,Jalandhar,Punjab,2025-04-07,,Active,4372.03
1394,MCH3880,Sankaran-M0Dy,4131.0,Transportation,Sole Proprietor,Hyderabad,Telangana,2026-02-26,XXXX4851,Active,794.44
1395,MCH3882,Kannan Plc,5912.0,Medical,Individual,Pune,Maharashtra,2024-06-08,4780136395,Active,1470.9
1396,MCH3883,Vohra And Sons,7011.0,Hotel & Lodging,Individual,Mumbai,Maharashtra,2023-11-17,1962011949,Active,
1397,MCH3885,Thakur Inc,4131.0,Transportation,Private Limited,Chennai,Tamil Nadu,,8680968188,Active,618.81
1398,MCH3886,Gandhi Inc,5812.0,Restaurants & Food,Sole Proprietor,Kolkata,West Bengal,2025-12-18,XXXX0009,Active,
1399,MCH3887,Pa11A-Sah0Ta,7011.0,Hotel & Lodging,Partnership,Kolkata,West Bengal,2025-11-19,EUVX7549332799238,Inactive,1596.95
1400,MCH3888,"Gandhi, Cherian And Chhabra",4814.0,Telecom,Partnership,Hyderabad,Telangana,2025-02-27,8744798624,Active,
1401,MCH3889,Bhagat-Sarna,7011.0,Hotel & Lodging,Sole Proprietor,Kolkata,West Bengal,2024-06-21,XXXX2885,Active,2088.06
1402,MCH3890,Tata-Bal,,Pharmacy,Individual,Pune,Maharashtra,2026-02-22,,Active,668.0
1403,MCH3893,Dhingra-Chaudhuri,5912.0,Medical,Sole Proprietor,Chennai,Tamil Nadu,2025-08-03,XXXX2466,Active,2445.5
1404,MCH3895,Wable-Sarna,5812.0,Hotel & Lodging,Private Limited,Jaipur,Rajasthan,2024-06-20,,Inactive,797.39
1405,MCH3896,"Bansal, Thakkar And Dar",5942.0,Books & Stationery,Sole Proprietor,Bengaluru,Karnataka,2023-04-20,HRLW3110428710394,Active,
1406,MCH3898,Wadhwa-Sahni,5699.0,Apparel & Fashion,Private Limited,Ludhiana,Punjab,2025-08-05,,Active,
1407,MCH3899,Goswami-Bath,4131.0,Transportation,Sole Proprietor,Hyderabad,Telangana,2023-01-14,,Active,
1408,MCH3900,Mand-Bedi,5812.0,Restaurants & Food,Private Limited,Kolkata,West Bengal,2025-02-20,XXXX1674,Active,1036.74
1409,MCH3903,"Khare, Balasubramanian And Mital",5942.0,Books & Stationery,Sole Proprietor,Jaipur,Rajasthan,2024-08-25,7400031518,Active,3531.21
1410,MCH3907,"Goswami, Chaudhary And Nanda",4814.0,Telecom,Individual,Ludhiana,Punjab,2025-06-13,,Active,552.22
1411,MCH3908,Kanda Llc,5999.0,Miscellaneous,Sole Proprietor,Pune,Maharashtra,2024-05-07,2653904246,Active,
1412,MCH3911,"Majumdar, Sane And Raval",5812.0,Restaurants & Food,Sole Proprietor,Pune,Maharashtra,2025-09-05,2993218520,On Hold,2093.32
1413,MCH3913,Tank-Pathak,5311.0,Department Store,Individual,Jalandhar,Punjab,,,Active,2215.86
1414,MCH3916,"Parmer, Chakrabarti And Sibal",4131.0,Transportation,Individual,Jaipur,Rajasthan,2025-01-03,XXXX6443,Active,794.0
1415,MCH3917,Chowdhury-Pandit,,Apparel & Fashion,Private Limited,Hyderabad,Telangana,2023-02-04,XXXX2174,Active,
1416,MCH3920,Sharmallc,7011.0,Books & Stationery,Private Limited,Lucknow,Uttar Pradesh,2024-06-23,1753085069,Suspended,1885.7
1417,MCH3925,Buch-Zachariah,5999.0,Miscellaneous,Partnership,Amritsar,Punjab,2025-03-01,BUKN1515786567969,Active,
1418,MCH3926,Master-Sarin,5999.0,Miscellaneous,Individual,Hyderabad,Telangana,2025-05-08,,Active,1913.5
1419,MCH3927,Basak-Shukla,4814.0,Telecom,Private Limited,Jalandhar,Punjab,2023-03-18,KBJY1537538735375,Inactive,980.64
1420,MCH3930,Kashyap-Rastogi,5699.0,Apparel & Fashion,Individual,Lucknow,Uttar Pradesh,,XXXX4709,Active,510.04
1421,MCH3935,Majumdar-Aggarwal,5311.0,Department Store,Private Limited,Delhi,Delhi,2024-07-07,5282295543,Active,3614.23
1422,MCH3936,Bath Inc,5411.0,Grocery,Individual,Lucknow,Uttar Pradesh,2023-06-13,,Active,879.38
1423,MCH3938,Acharya Group,7011.0,Hotel & Lodging,Sole Proprietor,Kolkata,West Bengal,2024-10-17,,Active,2349.37
1424,MCH3940,Chad-Dara,,Grocery,Partnership,Chennai,Tamil Nadu,2024-11-09,XXXX0176,Active,
1425,MCH3941,Bassi-Deshmukh,4814.0,Telecom,Individual,Amritsar,Punjab,2025-10-25,,Active,979.98
1426,MCH3945,Mukhopadhyay-Raghavan,4131.0,Transportation,Sole Proprietor,Mumbai,Maharashtra,2023-03-05,XXXX6774,Active,942.71
1427,MCH3946,Dhar-Buch,5812.0,Restaurants & Food,Partnership,Delhi,Delhi,2025-07-02,YGDI8437831559376,Active,1451.62
1428,MCH3953,"Ray, Minhas And Yohannan",5411.0,Grocery,Sole Proprietor,Kolkata,West Bengal,2023-03-18,XXXX6303,Active,8126.93
1429,MCH3955,"Dutta, Boase And Jha",5812.0,Restaurants & Food,Partnership,Jaipur,Rajasthan,,7839475828,Active,935.24
1430,MCH3956,Kota Ltd,5311.0,Department Store,Private Limited,Hyderabad,Telangana,2023-11-14,,Active,656.81
1431,MCH3959,"Kant, Goel And Pradhan",5999.0,Miscellaneous,Individual,Hyderabad,Telangana,2025-03-19,XXXX9762,Active,1214.73
1432,MCH3964,"Bala, Chanda And Loyal",5942.0,Books & Stationery,Partnership,Jaipur,Rajasthan,2023-09-05,CFOS0283411374388,Active,2002.33
1433,MCH3966,Nath-Dixit,5411.0,Grocery,Partnership,Pune,Maharashtra,2023-08-21,XXXX2614,Active,1005.47
1434,MCH3968,"Peri, Sane And Mohanty",5812.0,Restaurants & Food,Individual,Mumbai,Maharashtra,2024-06-10,,Active,1174.15
1435,MCH3970,"Chawla, Sami And Mani",5942.0,Books & Stationery,Sole Proprietor,Pune,Maharashtra,2023-04-25,XXXX3871,Active,2506.67
1436,MCH3971,Sura Plc,7011.0,Hotel & Lodging,Individual,Delhi,Delhi,2024-04-17,,Active,748.82
1437,MCH3974,"Mishra, Baral And Char",5942.0,Books & Stationery,Sole Proprietor,Chennai,Tamil Nadu,2026-02-22,XXXX0042,On Hold,2017.65
1438,MCH3980,Chadha-Raval,5699.0,Apparel & Fashion,Partnership,Bengaluru,Karnataka,2023-04-14,XXXX9643,Active,1323.06
1439,MCH3983,"Magar, Tara And Gera",5912.0,Medical,Sole Proprietor,Amritsar,Punjab,2024-12-15,XXXX1963,Active,511.0
1440,MCH3984,"Wadhwa, Sunder And Bobal",7011.0,Hotel & Lodging,Private Limited,Chennai,Tamil Nadu,2023-08-10,QUQR5120846966545,Active,1305.55
1441,MCH3987,"Dubey, Aggarwa1 And Mangat",5942.0,Books & Stationery,Individual,Hyderabad,Telangana,2024-04-20,OTRE9764440633575,Active,474.5
1442,MCH3988,Barad-Bawa,7011.0,Hotel & Lodging,Individual,Amritsar,Punjab,2023-11-20,XXXX1285,Active,602.31
1443,MCH3989,Madan Llc,5411.0,Grocery,Partnership,Jaipur,Rajasthan,2023-09-18,9575202686,Active,238.33
1444,MCH3990,Dey-Chaudhari,5912.0,Pharmacy,Individual,Chennai,Tamil Nadu,2025-03-14,IPYG2797181414167,Active,
1445,MCH3993,Vaidya Ltd,5999.0,Miscellaneous,Partnership,Chennai,Tamil Nadu,2023-12-23,YBKO6037061844125,Active,372.73
1446,MCH3997,Bhatia Inc,4814.0,Telecom,Partnership,Kolkata,West Bengal,2025-01-19,XXXX8184,Inactive,
1447,MCH3998,"Krish, Tak And Peri",4814.0,Telecom,Partnership,Ludhiana,Punjab,2023-08-16,,Active,1019.25
1448,MCH4000,"Dewan, Sunder And Bhakta",5411.0,Grocery,Private Limited,Kolkata,West Bengal,2023-06-25,KUHA3646516215943,Active,
1449,MCH4002,"Bora, Kant And Chauhan",5411.0,Grocery,Individual,Bengaluru,Karnataka,2023-06-16,7171127147,Active,
1450,MCH4006,"Guha, Bumb And Bora",5411.0,Transportation,Sole Proprietor,Jaipur,Rajasthan,2023-02-05,KYVL1514303273723,Active,2379.0
1451,MCH4008,"Deep, Rajagopal And Tandon",,Telecom,Private Limited,Hyderabad,Telangana,2024-06-02,,Active,1196.0
1452,MCH4009,Deo Plc,4814.0,Telecom,Sole Proprietor,Kolkata,West Bengal,2025-10-10,,Active,1937.0
1453,MCH4010,"Barad, Mukherjee And Joshi",5411.0,Grocery,Sole Proprietor,Amritsar,Punjab,2024-01-28,,Active,992.35
1454,MCH4021,"Balakrishnan, Mistry And Vig",5912.0,Pharmacy,Individual,Hyderabad,Telangana,2025-04-12,4335587264,Active,1395.91
1455,MCH4022,Varughese-Taneja,5699.0,Apparel & Fashion,Individual,Bengaluru,Karnataka,2025-12-12,SVSY3016666927119,Suspended,724.48
1456,MCH4023,"Dhaliwal, Dugar And Vasa",5942.0,Books & Stationery,Partnership,Chennai,Tamil Nadu,2023-01-02,7015726404,Active,
1457,MCH4024,Choudhury Ltd,5999.0,Miscellaneous,Individual,Ludhiana,Punjab,2025-03-28,XSWD9540302475782,Active,
1458,MCH4025,Hegde-Sule,5311.0,Retail,Individual,Hyderabad,Telangana,,XXXX6804,Inactive,1108.29
1459,MCH4026,Nagy Ltd,5812.0,Restaurants & Food,Private Limited,Kolkata,West Bengal,,,Active,1027.0
1460,MCH4027,"Hegde, Ratti And Gera",5411.0,Grocery,Private Limited,Hyderabad,Telangana,2025-02-08,,Active,
1461,MCH4028,Taneja-Bhattacharyya,4131.0,Transportation,Partnership,Lucknow,Uttar Pradesh,2023-07-14,,Active,2673.0
1462,MCH4029,Kuruvilla And Sons,5411.0,Grocery,Private Limited,Pune,Maharashtra,,DGMS6783095939908,Active,55.43
1463,MCH4030,Nayar Plc,,Books & Stationery,Private Limited,Amritsar,Punjab,2023-08-02,,Active,1079.32
1464,MCH4031,"Mitra, Bali And Rai",5942.0,Books & Stationery,Private Limited,Lucknow,Uttar Pradesh,2026-01-12,,Active,9089.26
1465,MCH4033,Kota Plc,5699.0,Apparel & Fashion,Individual,Ludhiana,Punjab,2025-02-23,5691989399,Active,
1466,MCH4034,Tiwari-Lad,5999.0,Miscellaneous,Individual,Ludhiana,Punjab,2023-12-13,XXXX6100,Suspended,2041.77
1467,MCH4037,Chaudhuri Llc,5311.0,Department Store,Individual,Hyderabad,Telangana,2024-11-23,677487191,Active,
1468,MCH4040,"Bahri, Solanki And Magar",5311.0,Department Store,Private Limited,Chennai,Tamil Nadu,2025-01-28,DNQF3989342164675,Active,1173.0
1469,MCH4041,Salvi-Mishra,5812.0,Restaurants & Food,Sole Proprietor,Amritsar,Punjab,,IIMZ0020327103815,Inactive,1291.58
1470,MCH4042,Rout-Maharaj,5999.0,Miscellaneous,Partnership,Amritsar,Punjab,2024-12-01,LYKH2325135629245,Active,696.23
1471,MCH4043,Choudhry And Sons,5912.0,Pharmacy,Private Limited,Bengaluru,Karnataka,2024-02-05,XXXX3422,Active,367.6
1472,MCH4047,Kaul-Barad,5311.0,Department Store,Sole Proprietor,Mumbai,Maharashtra,2025-05-13,XXXX0729,Active,986.5
1473,MCH4048,"Lall, Kara And Uppal",5812.0,Restaurants & Food,Partnership,Jalandhar,Punjab,2024-06-14,,Inactive,1748.0
1474,MCH4050,"Sur, N0Ri And G011A",5699.0,Apparel & Fashion,Sole Proprietor,Mumbai,Maharashtra,2024-07-04,PQHJ7829698736069,Active,577.94
1475,MCH4051,Desai-Tank,5812.0,Restaurants & Food,Partnership,Lucknow,Uttar Pradesh,2025-02-21,XXXX7388,Active,389.0
1476,MCH4052,Bal-Choudhary,5812.0,Restaurants & Food,Partnership,Jalandhar,Punjab,,XXXX5480,Active,2217.99
1477,MCH4055,Rai Plc,5812.0,Restaurants & Food,Private Limited,Ludhiana,Punjab,2023-08-12,XXXX0097,Active,283.42
1478,MCH4061,Mody-Vig,5999.0,Miscellaneous,Individual,Amritsar,Punjab,2024-07-28,,Active,2007.74
1479,MCH4062,Rana Group,5999.0,Miscellaneous,Individual,Mumbai,Maharashtra,2023-09-20,XXXX3317,Inactive,1544.23
1480,MCH4064,"Sidhu, Kunda And Hayre",7011.0,Hotel & Lodging,Individual,Pune,Maharashtra,2025-02-05,XXXX9354,Active,1462.39
1481,MCH4066,Swaminathan And Sons,5311.0,Department Store,Partnership,Hyderabad,Telangana,2025-05-24,,Active,972.63
1482,MCH4068,Balakrishnan Inc,4814.0,Telecom,Individual,Jalandhar,Punjab,2024-11-23,,Active,1322.89
1483,MCH4072,Singhal-Natarajan,5812.0,Restaurants & Food,Sole Proprietor,Chennai,Tamil Nadu,,XXXX4620,Active,2593.54
1484,MCH4073,Gopal Plc,5812.0,Restaurants & Food,Individual,Jaipur,Rajasthan,2024-12-27,XXXX0031,Active,
1485,MCH4075,Sankar-Mandal,5812.0,Restaurants & Food,Partnership,Ludhiana,Punjab,,XXXX6718,Active,1056.32
1486,MCH4077,Verma-Dugar,5812.0,Restaurants & Food,Private Limited,Kolkata,West Bengal,2023-07-31,7415298015,Active,1359.17
1487,MCH4080,Shenoy-Kashyap,4814.0,Telecom,Private Limited,Jaipur,Rajasthan,2025-10-04,YPYY3780350945436,Active,2043.03
1488,MCH4081,Srinivasan-Bahri,4814.0,Telecom,Sole Proprietor,Delhi,Delhi,2025-06-07,,Active,2928.84
1489,MCH4082,Khurana Inc,5999.0,Miscellaneous,Private Limited,Delhi,Delhi,2023-06-02,MAKF1380226043660,Inactive,288.7
1490,MCH4083,"Loyal, Dara And Sharaf",4814.0,Telecom,Individual,Chennai,Tamil Nadu,2024-02-15,,Active,1752.1
1491,MCH4084,Mitra Plc,5311.0,Department Store,Individual,Jalandhar,Punjab,2023-12-15,XXXX5719,Active,973.94
1492,MCH4086,"Kannan, Varghese And Lalla",5311.0,Retail,Private Limited,Mumbai,Maharashtra,2024-08-12,493830742,Active,1459.96
1493,MCH4087,"Basak, Lal And Tailor",4814.0,Telecom,Private Limited,Pune,Maharashtra,2025-10-03,,Active,298.11
1494,MCH4089,Mistry And Sons,5411.0,Grocery,Sole Proprietor,Mumbai,Maharashtra,2024-07-20,FZNP2052339077080,Active,1563.22
1495,MCH4090,Dada Llc,5999.0,Miscellaneous,Individual,Chennai,Tamil Nadu,2025-02-27,EOAQ0943270820101,Active,1538.0
1496,MCH4092,Mukhopadhyay Group,5812.0,Restaurants & Food,Private Limited,Hyderabad,Telangana,2025-12-24,XXXX3479,Active,504.84
1497,MCH4093,Krishnamurthy Plc,7011.0,Hotel & Lodging,Private Limited,Lucknow,Uttar Pradesh,2024-03-15,XXXX5675,Inactive,1291.9
1498,MCH4094,Thakur-Shah,5311.0,Department Store,Individual,Chennai,Tamil Nadu,2024-12-25,8582719146,Active,1848.8
1499,MCH4096,"Bhat, Kapoor And Borah",5999.0,Miscellaneous,Private Limited,Hyderabad,Telangana,2024-11-27,474814059,Active,2092.25
1500,MCH4097,Venkataraman Plc,5912.0,Pharmacy,Sole Proprietor,Bengaluru,Karnataka,2025-05-25,,Active,405.21
1501,MCH4099,"Dewan, Rastogi And Jayaraman",,Retail,Individual,Ludhiana,Punjab,2025-08-06,,Active,1926.0
1502,MCH4100,Raja-Vasa,7011.0,Hotel & Lodging,Sole Proprietor,Jalandhar,Punjab,2025-06-28,7806774171,Active,479.15
1503,MCH4101,"Sani, Ben And Subramaniam",5311.0,Department Store,Private Limited,Pune,Maharashtra,2025-10-20,XXXX9217,Active,1377.51
1504,MCH4102,Dass Llc,5912.0,Pharmacy,Partnership,Kolkata,West Bengal,2026-02-19,XXXX9287,Active,375.32
1505,MCH4104,Sawhney-Suri,4814.0,Telecom,Individual,Hyderabad,Telangana,2023-12-15,8776394591,Inactive,295.0
1506,MCH4106,Dey And Sons,5411.0,Grocery,Private Limited,Hyderabad,Telangana,2026-01-31,XXXX0072,Active,4216.77
1507,MCH4107,Pandey-Sastry,5699.0,Apparel & Fashion,Sole Proprietor,Jalandhar,Punjab,2025-09-30,,Inactive,319.0
1508,MCH4109,"Lal, Handa And Mammen",5942.0,Books & Stationery,Individual,Kolkata,West Bengal,2024-07-01,,Active,1181.07
1509,MCH4110,Suresh-Bassi,5942.0,Books & Stationery,Individual,Mumbai,Maharashtra,2024-09-18,,Inactive,1527.43
1510,MCH4111,Brahmbhatt Llc,5999.0,Miscellaneous,Partnership,Lucknow,Uttar Pradesh,,,Suspended,682.69
1511,MCH4112,Sodhi-Desai,4131.0,Department Store,Sole Proprietor,Hyderabad,Telangana,2023-06-06,,Inactive,3193.0
1512,MCH4113,"Anand,Choudharyandcontractor",5912.0,Pharmacy,Individual,Chennai,Tamil Nadu,2023-09-07,6952372771,Active,
1513,MCH4114,"Pandya, Jayaraman And Ray",4814.0,Telecom,Sole Proprietor,Hyderabad,Telangana,2025-01-15,SSMR5889038460894,Inactive,436.15
1514,MCH4115,"Bandi, Rau And Hayre",4131.0,Transportation,Sole Proprietor,Jaipur,Rajasthan,2025-03-05,YBME5428003718558,Suspended,748.37
1515,MCH4118,Upadhyay Llc,4131.0,Transportation,Private Limited,Kolkata,West Bengal,2024-03-16,,Active,
1516,MCH4122,"Lata, Magar And Savant",5999.0,Miscellaneous,Partnership,Bengaluru,Karnataka,2025-12-03,7547242898,Active,3699.77
1517,MCH4123,"Parekh, Patla And Kar",5942.0,Books & Stationery,Partnership,Jalandhar,Punjab,2024-11-09,5310260642,Active,2764.76
1518,MCH4124,"Dara, Salvi And Sawhney",5411.0,Grocery,Sole Proprietor,Bengaluru,Karnataka,2025-10-12,INFT7849125820167,Active,2121.35
1519,MCH4126,"Wali, Mahal And Prabhu",4131.0,Transportation,Individual,Hyderabad,Telangana,2023-12-09,RAIS4512083077234,Active,1593.0
1520,MCH4127,Subramaniam-Jhaveri,4131.0,Transportation,Sole Proprietor,Jaipur,Rajasthan,2024-05-22,XXXX1628,Active,5333.88
1521,MCH4129,"Lad, Raja And Sachdev",7011.0,Hotel & Lodging,Partnership,Mumbai,Maharashtra,2023-09-11,929537946,Active,954.07
1522,MCH4131,"Goyal, Krishnamurthy And Dewan",4131.0,Transportation,Individual,Jaipur,Rajasthan,2023-10-24,4282467745,Inactive,319.32
1523,MCH4133,"Nayak, Prabhu And Som",4131.0,Transportation,Individual,Mumbai,Maharashtra,2023-12-20,,Active,570.23
1524,MCH4135,Sunder Ltd,5411.0,Grocery,Partnership,Ludhiana,Punjab,2025-01-28,,Active,6745.05
1525,MCH4136,Sehgal Plc,5699.0,Apparel & Fashion,Partnership,Mumbai,Maharashtra,2024-07-30,,Active,2564.97
1526,MCH4141,Sarkar And Sons,4814.0,Telecom,Partnership,Bengaluru,Karnataka,2023-06-10,,Active,1485.34
1527,MCH4145,"Dalal, Dass And Vaidya",5942.0,Books & Stationery,Sole Proprietor,Pune,Maharashtra,2025-09-16,PZMX8375142166938,Suspended,
1528,MCH4148,"Wali, Babu And Tank",4814.0,Telecom,Partnership,Jaipur,Rajasthan,2023-01-08,PUUF6382776692306,Active,2368.62
1529,MCH4153,Shroff Ltd,5999.0,Miscellaneous,Sole Proprietor,Kolkata,West Bengal,2025-07-11,,Active,3578.7
1530,MCH4157,Minhas-Saran,4814.0,Telecom,Partnership,Mumbai,Maharashtra,2025-11-02,,Active,
1531,MCH4158,Sastry Inc,,Books & Stationery,Partnership,Delhi,Delhi,2024-08-15,DAYK8556309990572,Inactive,480.93
1532,MCH4163,Rajag0Pa1An-Hans,5812.0,Restaurants & Food,Sole Proprietor,Pune,Maharashtra,2023-06-29,GQKM7843504448024,Active,
1533,MCH4164,Iyengar Llc,5999.0,Miscellaneous,Sole Proprietor,Jaipur,Rajasthan,,LSYR7261669987207,Active,440.0
1534,MCH4165,"Dhar,Pallaandkorpal",4814.0,Telecom,Private Limited,Pune,Maharashtra,2024-05-29,EWYW3013882760872,On Hold,
1535,MCH4167,"Thakur, Purohit And Gade",5311.0,Retail,Individual,Lucknow,Uttar Pradesh,2024-08-06,XXXX3875,Active,642.28
1536,MCH4168,"Chad, Dyal And Golla",5999.0,Miscellaneous,Partnership,Pune,Maharashtra,2023-06-10,XXXX8341,Active,1194.41
1537,MCH4169,"Vaidya, Vasa And Palan",4814.0,Telecom,Individual,Hyderabad,Telangana,2024-11-15,,Active,1965.48
1538,MCH4170,Bassi Group,5999.0,Miscellaneous,Sole Proprietor,Ludhiana,Punjab,2024-10-13,7567135746,Active,591.58
1539,MCH4172,"Khosla, Tak And Mahajan",5912.0,Medical,Partnership,Kolkata,West Bengal,2024-03-23,,Active,1964.28
1540,MCH4176,Sani-Bhalla,,Hotel & Lodging,Individual,Delhi,Delhi,2024-07-22,XXXX6805,Active,1216.13
1541,MCH4179,"Choudhry, Bera And Pandit",5699.0,Apparel & Fashion,Partnership,Kolkata,West Bengal,2025-08-14,ABQY2242292056782,Active,1930.08
1542,MCH4180,"Iyer, Saha And Kumar",7011.0,Hotel & Lodging,Partnership,Lucknow,Uttar Pradesh,2025-04-16,2796320001,Active,3864.5
1543,MCH4182,"More, Sarma And Baria",4814.0,Telecom,Individual,Mumbai,Maharashtra,2026-01-01,XXXX3295,Active,4102.61
1544,MCH4184,Sachdeva-Kara,5812.0,Restaurants & Food,Partnership,Jaipur,Rajasthan,2025-02-02,,Active,704.96
1545,MCH4185,Nath-Chaudhuri,4814.0,Telecom,Private Limited,Jaipur,Rajasthan,2024-08-14,EQFV9212095030396,Active,587.44
1546,MCH4187,"Tella, Hayre And Patla",5812.0,Restaurants & Food,Sole Proprietor,Jaipur,Rajasthan,2023-09-08,,Suspended,2332.84
1547,MCH4191,"Mangal, Seshadri And Kakar",5699.0,Apparel & Fashion,Private Limited,Pune,Maharashtra,2024-01-26,,Active,1192.21
1548,MCH4194,Srinivasan-Lala,4131.0,Transportation,Individual,Ludhiana,Punjab,2025-08-15,,Active,2059.54
1549,MCH4197,Chaudry Group,5912.0,Pharmacy,Private Limited,Pune,Maharashtra,,UHGU5811611698099,Active,4814.44
1550,MCH4200,"Sood, Kurian And Raghavan",5699.0,Apparel & Fashion,Individual,Jaipur,Rajasthan,2024-08-18,4567697450,Active,2010.35
1551,MCH4205,Behl-Narula,5311.0,Department Store,Sole Proprietor,Kolkata,West Bengal,2023-11-27,,Active,4442.0
1552,MCH4208,Devi-Mangal,5942.0,Books & Stationery,Sole Proprietor,Ludhiana,Punjab,2025-08-27,,Active,1564.41
1553,MCH4209,Garg-Goel,5812.0,Restaurants & Food,Partnership,Amritsar,Punjab,2025-08-02,VSHI3966663578716,Active,1244.58
1554,MCH4211,Amb1E-Saha,,Grocery,Sole Proprietor,Delhi,Delhi,2023-06-27,,Active,525.0
1555,MCH4212,Raman-Kohli,5411.0,Grocery,Partnership,Ludhiana,Punjab,2024-10-27,AIWO1178745904405,Active,3361.0
1556,MCH4214,"Mitra, Oak And Keer",5699.0,Apparel & Fashion,Individual,Bengaluru,Karnataka,2024-02-12,,Active,1159.46
1557,MCH4216,Ratta And Sons,5942.0,Books & Stationery,Partnership,Jalandhar,Punjab,2023-10-07,XXXX5580,Active,1337.5
1558,MCH4218,Srivastava Ltd,5942.0,Books & Stationery,Sole Proprietor,Mumbai,Maharashtra,2023-11-20,LFAP5704533731300,Active,1744.69
1559,MCH4220,Gopal-Dara,5699.0,Apparel & Fashion,Individual,Bengaluru,Karnataka,2025-10-02,,Active,532.47
1560,MCH4221,"Rastogi, Goda And Naidu",5999.0,Miscellaneous,Individual,Jalandhar,Punjab,,,Active,745.75
1561,MCH4223,"Bajwa, Khurana And Sinha",5912.0,Retail,Sole Proprietor,Bengaluru,Karnataka,2025-03-15,,Active,585.1
1562,MCH4225,Karnik Llc,5699.0,Apparel & Fashion,Individual,Ludhiana,Punjab,2025-02-05,5426893917,Active,537.99
1563,MCH4227,Panchal Plc,5999.0,Miscellaneous,Sole Proprietor,Kolkata,West Bengal,2025-01-09,,Active,1533.36
1564,MCH4228,"Singhal, Bhasin And Kaul",5699.0,Apparel & Fashion,Private Limited,Amritsar,Punjab,2025-05-23,6707310647,Active,896.57
1565,MCH4230,Jha Group,5912.0,Pharmacy,Private Limited,Jaipur,Rajasthan,,XXXX6774,Active,911.06
1566,MCH4232,Sehgal-Rama,5411.0,Grocery,Partnership,Kolkata,West Bengal,2023-03-31,XXXX1805,Active,4112.72
1567,MCH4233,Padmanabhan And Sons,5999.0,Miscellaneous,Sole Proprietor,Ludhiana,Punjab,2025-02-04,4395615588,Active,1697.48
1568,MCH4235,Nagar-Sharma,5311.0,Retail,Sole Proprietor,Kolkata,West Bengal,2024-02-10,,Active,1671.65
1569,MCH4236,"Sinha, Shukla And Lad",5699.0,Apparel & Fashion,Sole Proprietor,Delhi,Delhi,2025-07-08,OZWZ6142696689139,Active,844.0
1570,MCH4237,"Deshmukh, Ghose And Chhabra",,Restaurants & Food,Sole Proprietor,Pune,Maharashtra,2024-02-12,,Suspended,5905.65
1571,MCH4243,"Ramesh, Venkatesh And Ravel",5311.0,Retail,Sole Proprietor,Amritsar,Punjab,2025-06-24,,Active,133.28
1572,MCH4244,"Doctor, Pillay And Nori",5311.0,Department Store,Individual,Ludhiana,Punjab,2026-02-22,8115439991,Active,2111.57
1573,MCH4245,Dua Group,4131.0,Transportation,Partnership,Ludhiana,Punjab,2024-07-25,504410036,Active,323.1
1574,MCH4246,Rama-Dasgupta,5311.0,Retail,Individual,Amritsar,Punjab,2025-01-05,,Active,2336.28
1575,MCH4248,"Bahl, Prashad And Reddy",5311.0,Department Store,Sole Proprietor,Lucknow,Uttar Pradesh,2025-06-30,,Active,4921.5
1576,MCH4249,"Narasimhan, Natt And Chada",7011.0,Hotel & Lodging,Sole Proprietor,Pune,Maharashtra,2023-12-28,8565095769,Active,1048.88
1577,MCH4250,"Mani, Roy And Manne",4131.0,Transportation,Private Limited,Bengaluru,Karnataka,2023-12-04,,Active,77.0
1578,MCH4253,Mander-Sagar,,Miscellaneous,Individual,Ludhiana,Punjab,2024-12-12,,Active,348.43
1579,MCH4260,"Kalla, Banerjee And Choudhary",4814.0,Telecom,Partnership,Ludhiana,Punjab,,,Active,389.14
1580,MCH4261,Swaminathan Ltd,5411.0,Hotel & Lodging,Private Limited,Lucknow,Uttar Pradesh,2025-06-08,XXXX1395,Active,965.51
1581,MCH4263,Kari And Sons,4814.0,Telecom,Private Limited,Kolkata,West Bengal,2023-11-27,,Active,
1582,MCH4273,Bava Group,5999.0,Miscellaneous,Private Limited,Ludhiana,Punjab,2024-12-28,OCKK9490643242644,Inactive,2773.64
1583,MCH4274,Walia Group,4131.0,Transportation,Private Limited,Mumbai,Maharashtra,2025-10-29,OSZC0719397300693,Active,1705.04
1584,MCH4275,"Boase, Chanda And Bajaj",5311.0,Department Store,Individual,Delhi,Delhi,2025-06-29,XXXX6193,Active,684.1
1585,MCH4277,Khalsa Inc,5311.0,Department Store,Individual,Amritsar,Punjab,2023-01-31,FHSK9777802879372,Active,1332.99
1586,MCH4278,Thakkar-Gupta,5311.0,Department Store,Private Limited,Amritsar,Punjab,2025-05-31,,Inactive,703.48
1587,MCH4282,Pingle Ltd,5311.0,Retail,Sole Proprietor,Amritsar,Punjab,2023-05-26,,Active,816.0
1588,MCH4283,Joshi-Srinivas,5411.0,Grocery,Partnership,Amritsar,Punjab,2023-09-01,,Active,1135.0
1589,MCH4284,Chawla Llc,4131.0,Travel,Sole Proprietor,Ludhiana,Punjab,2026-02-13,XXXX7941,Active,385.0
1590,MCH4285,Bhatnagar-Atwal,5942.0,Books & Stationery,Partnership,Jalandhar,Punjab,,,Inactive,988.9
1591,MCH4287,"Kuruvilla, Chanda And Sood",4131.0,Transportation,Individual,Jalandhar,Punjab,2025-04-01,,Active,1244.04
1592,MCH4288,Kashyap-Purohit,5699.0,Apparel & Fashion,Private Limited,Jaipur,Rajasthan,2025-10-08,,Active,262.02
1593,MCH4289,Singhal-Dasgupta,,Apparel & Fashion,Partnership,Bengaluru,Karnataka,2025-02-17,ZEDE0222029565689,Active,
1594,MCH4290,Venkataraman-Wadhwa,5999.0,Miscellaneous,Individual,Lucknow,Uttar Pradesh,2023-04-16,NGRS4293634400913,Active,1056.0
1595,MCH4296,Varty-Varma,5999.0,Miscellaneous,Private Limited,Amritsar,Punjab,2026-02-24,,Active,
1596,MCH4298,Jain Group,4814.0,Telecom,Private Limited,Delhi,Delhi,2024-06-01,6571920723,Inactive,316.99
1597,MCH4299,Master Plc,5699.0,Apparel & Fashion,Private Limited,Delhi,Delhi,2023-05-31,XXXX0419,Active,3539.65
1598,MCH4301,Thakur Inc,5942.0,Books & Stationery,Partnership,Delhi,Delhi,2023-04-29,,Active,4449.0
1599,MCH4303,"Dhingra, Khurana And Zachariah",4814.0,Telecom,Partnership,Mumbai,Maharashtra,2023-08-25,,Active,2476.0
1600,MCH4305,Padmanabhan-Thaker,4131.0,Transportation,Individual,Ludhiana,Punjab,2024-10-17,,Active,572.69
1601,MCH4306,"Narula, Hegde And Minhas",5411.0,Grocery,Private Limited,Bengaluru,Karnataka,2025-08-03,,Active,
1602,MCH4308,Natt Group,5912.0,Medical,Partnership,Delhi,Delhi,2023-01-16,3010499558,Active,2114.37
1603,MCH4312,Dada-Hari,5699.0,Apparel & Fashion,Sole Proprietor,Ludhiana,Punjab,2024-02-17,XXXX5151,Active,2174.33
1604,MCH4314,Deshmukh Ltd,5699.0,Apparel & Fashion,Private Limited,Jalandhar,Punjab,,3021439858,Inactive,986.05
1605,MCH4318,Nagar And Sons,4131.0,Transportation,Sole Proprietor,Lucknow,Uttar Pradesh,2023-12-20,3039905093,Active,1159.12
1606,MCH4319,"Setty, Sarkar And Mahajan",5311.0,Retail,Private Limited,Mumbai,Maharashtra,2025-02-01,5750964403,Active,1351.02
1607,MCH4320,Vala And Sons,4814.0,Telecom,Private Limited,Mumbai,Maharashtra,2024-10-14,NNFD4351390281416,Inactive,
1608,MCH4322,Patla Plc,4814.0,Telecom,Private Limited,Pune,Maharashtra,2025-10-17,XXXX9948,Active,274.0
1609,MCH4323,"Ben, Wagle And Shan",5812.0,Restaurants & Food,Sole Proprietor,Chennai,Tamil Nadu,2023-05-11,4367668757,Suspended,
1610,MCH4324,Choudhury Group,5311.0,Department Store,Individual,Chennai,Tamil Nadu,2024-11-02,ZMED4163796029617,Active,10680.0
1611,MCH4325,Choudhry Llc,7011.0,Hotel & Lodging,Private Limited,Jaipur,Rajasthan,2023-07-06,,Inactive,
1612,MCH4326,Morar-Jani,7011.0,Hotel & Lodging,Partnership,Lucknow,Uttar Pradesh,2025-12-14,,Active,9768.01
1613,MCH4330,"Viswanathan, Morar And Barad",4131.0,Transportation,Individual,Jalandhar,Punjab,2023-10-04,,Active,151.73
1614,MCH4331,"Wali, Buch And Nagi",5699.0,Apparel & Fashion,Sole Proprietor,Amritsar,Punjab,2025-07-31,5107486763,Inactive,1154.33
1615,MCH4332,Varma Plc,5942.0,Books & Stationery,Individual,Mumbai,Maharashtra,2025-01-22,XXXX6546,Active,229.07
1616,MCH4334,"Nazareth, Loyal And Dhar",5311.0,Department Store,Individual,Ludhiana,Punjab,2025-11-09,6420363344,Active,6505.28
1617,MCH4336,"Prasad, Bhagat And De",5411.0,Grocery,Partnership,Hyderabad,Telangana,2023-05-22,FQWT9362753717033,Active,614.99
1618,MCH4337,Sethi Ltd,4814.0,Telecom,Individual,Jalandhar,Punjab,2026-01-28,NBXU8148602683458,Inactive,3672.22
1619,MCH4338,Johal-Dara,7011.0,Hotel & Lodging,Individual,Jaipur,Rajasthan,2025-07-06,XXXX8581,Suspended,3419.42
1620,MCH4340,"Nadig, Kothari And Khalsa",7011.0,Hotel & Lodging,Partnership,Mumbai,Maharashtra,,,Active,1756.35
1621,MCH4342,S0M Plc,4814.0,Telecom,Private Limited,Jaipur,Rajasthan,2025-11-08,,Inactive,337.31
1622,MCH4349,Atwal-Sura,,Books & Stationery,Sole Proprietor,Pune,Maharashtra,2025-12-21,ZQKH6444366746348,Active,463.78
1623,MCH4352,Suri Ltd,5912.0,Medical,Individual,Lucknow,Uttar Pradesh,2023-08-21,,Active,
1624,MCH4353,"Sha, Thaman And Bhasin",5699.0,Apparel & Fashion,Partnership,Lucknow,Uttar Pradesh,2024-05-02,XXXX4052,Inactive,
1625,MCH4354,Natarajan-Lad,7011.0,Hotel & Lodging,Partnership,Amritsar,Punjab,2023-08-18,XXXX6382,Active,703.43
1626,MCH4355,Sur-Pandit,5699.0,Apparel & Fashion,Partnership,Lucknow,Uttar Pradesh,2023-04-18,234156737,Active,
1627,MCH4356,"Guha, Sheth And Ravi",5912.0,Medical,Partnership,Kolkata,West Bengal,2024-07-06,3427547300,Active,2725.51
1628,MCH4357,Som And Sons,5311.0,Retail,Individual,Ludhiana,Punjab,,XXXX0823,Active,
1629,MCH4359,Mistry-Parekh,5912.0,Pharmacy,Private Limited,Mumbai,Maharashtra,2023-06-10,YQCO7150849658211,Suspended,684.0
1630,MCH4360,Khurana Ltd,5699.0,Apparel & Fashion,Partnership,Jaipur,Rajasthan,,7767895451,Active,507.91
1631,MCH4361,"Dugal, Barad And Nagi",5411.0,Grocery,Private Limited,Pune,Maharashtra,2025-10-27,XXXX1186,Active,4047.59
1632,MCH4362,Sura Llc,7011.0,Hotel & Lodging,Individual,Jaipur,Rajasthan,2023-04-23,2143307806,Suspended,218.0
1633,MCH4363,Bhagatinc,5912.0,Pharmacy,Private Limited,Jalandhar,Punjab,2023-07-22,2625500394,Active,1657.41
1634,MCH4364,Sastry-Shetty,4131.0,Transportation,Sole Proprietor,Kolkata,West Bengal,2024-06-14,BYKR5512266480306,Active,1128.0
1635,MCH4367,Sankaran-Bhattacharyya,5699.0,Apparel & Fashion,Partnership,Chennai,Tamil Nadu,2023-12-13,PBSG5651430183192,Active,1153.81
1636,MCH4369,"Gupta,Maneandbhasin",5812.0,Restaurants & Food,Individual,Hyderabad,Telangana,2025-03-03,,Active,950.76
1637,MCH4370,Kuruvilla And Sons,5999.0,Miscellaneous,Individual,Mumbai,Maharashtra,2023-08-18,,Active,
1638,MCH4371,Chahal-Chaudhari,4814.0,Telecom,Sole Proprietor,Ludhiana,Punjab,2025-01-20,,Suspended,219.82
1639,MCH4373,Raman-Karnik,5942.0,Books & Stationery,Partnership,Delhi,Delhi,2023-08-09,IPHA4538122781630,Active,
1640,MCH4374,Venkatesh Llc,7011.0,Hotel & Lodging,Individual,Jalandhar,Punjab,2025-01-15,,Active,418.37
1641,MCH4375,"Mani, Pillai And Soman",5311.0,Department Store,Sole Proprietor,Lucknow,Uttar Pradesh,2024-08-03,,Active,1050.41
1642,MCH4377,Kale-Krishnan,5942.0,Books & Stationery,Partnership,Bengaluru,Karnataka,2023-12-10,,Inactive,2218.12
1643,MCH4382,Modi-Sengupta,5912.0,Pharmacy,Individual,Mumbai,Maharashtra,2025-02-15,9182714411,Active,650.1
1644,MCH4383,Vala Llc,5311.0,Department Store,Sole Proprietor,Lucknow,Uttar Pradesh,2025-06-15,,Active,219.66
1645,MCH4385,Bera-S0M,4131.0,Grocery,Private Limited,Jalandhar,Punjab,2023-05-08,XXXX8868,Active,2548.67
1646,MCH4389,"Bobal, Chakrabarti And Dash",5912.0,Pharmacy,Sole Proprietor,Pune,Maharashtra,2026-02-04,,Active,445.95
1647,MCH4390,Ar0Ra Llc,5812.0,Restaurants & Food,Sole Proprietor,Hyderabad,Telangana,2025-07-06,XXXX2296,Active,1372.0
1648,MCH4395,Ramakrishnan-Rastogi,5999.0,Miscellaneous,Private Limited,Chennai,Tamil Nadu,2025-11-19,,Active,
1649,MCH4397,Tailor-Pandey,5912.0,Pharmacy,Private Limited,Pune,Maharashtra,2024-10-24,,Active,
1650,MCH4398,"Bose, Dhar And Oza",5812.0,Restaurants & Food,Individual,Jalandhar,Punjab,2024-03-06,VPBZ3389716321736,Active,580.38
1651,MCH4401,Bedi And Sons,5699.0,Apparel & Fashion,Partnership,Kolkata,West Bengal,2024-05-16,HWLG9372836696223,Active,557.79
1652,MCH4406,"Chand, Ahuja And Behl",7011.0,Hotel & Lodging,Private Limited,Pune,Maharashtra,2023-06-09,,Active,3629.0
1653,MCH4408,Dhar-Shetty,5912.0,Medical,Individual,Amritsar,Punjab,2023-12-19,XXXX8510,Inactive,425.49
1654,MCH4411,"Kale, Issac And Sibal",5999.0,Miscellaneous,Private Limited,Mumbai,Maharashtra,2025-12-23,GYAZ8851086848708,Active,566.46
1655,MCH4413,"Parekh,Kadeandtalwar",5699.0,Apparel & Fashion,Sole Proprietor,Lucknow,Uttar Pradesh,2025-12-11,9207485110,Active,
1656,MCH4414,"Manne, Arora And Goel",5411.0,Grocery,Private Limited,Hyderabad,Telangana,2025-07-15,,Active,
1657,MCH4416,Raju And S0Ns,5999.0,Miscellaneous,Individual,Bengaluru,Karnataka,2025-10-04,6909361511,Inactive,3955.0
1658,MCH4417,Nair-Bhavsar,5942.0,Books & Stationery,Private Limited,Jalandhar,Punjab,2024-10-26,XXXX2826,Active,291.65
1659,MCH4419,Gill-Ratta,5912.0,Medical,Sole Proprietor,Jaipur,Rajasthan,2024-09-15,ETZF4377515836271,Active,1442.51
1660,MCH4421,Sani Llc,5999.0,Miscellaneous,Sole Proprietor,Ludhiana,Punjab,2023-05-15,7724162998,Active,901.69
1661,MCH4424,"Date, Soman And Lall",5311.0,Department Store,Private Limited,Chennai,Tamil Nadu,2024-02-01,GBLD6739471452450,Active,
1662,MCH4427,Deshpande Llc,5812.0,Restaurants & Food,Private Limited,Mumbai,Maharashtra,2023-02-05,253333340,Active,1587.13
1663,MCH4428,Raja-Kapadia,5942.0,Books & Stationery,Private Limited,Pune,Maharashtra,2023-01-21,4361145093,Active,3396.0
1664,MCH4431,"Wali, Zachariah And Toor",5411.0,Grocery,Sole Proprietor,Mumbai,Maharashtra,2023-05-13,,Suspended,3595.68
1665,MCH4433,"Patil, Subramanian And Madan",7011.0,Hotel & Lodging,Partnership,Kolkata,West Bengal,2023-01-23,KNSD2742017347383,Active,830.16
1666,MCH4434,Andra And Sons,5999.0,Miscellaneous,Private Limited,Ludhiana,Punjab,2025-02-21,,Active,233.0
1667,MCH4435,"Shere, Jain And Luthra",5999.0,Miscellaneous,Private Limited,Chennai,Tamil Nadu,2024-06-23,PJOC4178398535690,Active,894.0
1668,MCH4438,Vasa-Divan,5311.0,Department Store,Partnership,Kolkata,West Bengal,2025-09-10,DDPR9154239625573,Active,1288.65
1669,MCH4439,Deshpande Ltd,5812.0,Restaurants & Food,Partnership,Bengaluru,Karnataka,2025-04-02,XXXX4378,Active,
1670,MCH4440,"Krishna, Bora And Swaminathan",5699.0,Apparel & Fashion,Private Limited,Jalandhar,Punjab,2023-04-29,5872380651,On Hold,749.44
1671,MCH4441,"Sachdev, Doctor And Subramanian",5311.0,Department Store,Partnership,Chennai,Tamil Nadu,2023-06-08,6376514375,Inactive,3222.79
1672,MCH4443,Sachar-Banik,5942.0,Books & Stationery,Partnership,Jaipur,Rajasthan,2024-06-12,BADT3910512012474,Active,2375.86
1673,MCH4444,Khalsa Plc,5999.0,Miscellaneous,Partnership,Ludhiana,Punjab,2023-05-25,XXXX2938,Active,2332.61
1674,MCH4447,"Sodhi, Dalal And Iyengar",5311.0,Department Store,Private Limited,Bengaluru,Karnataka,,XXXX0235,Active,208.51
1675,MCH4448,Gara And Sons,5999.0,Miscellaneous,Individual,Chennai,Tamil Nadu,2025-09-24,XXXX6028,Suspended,1524.31
1676,MCH4450,Zachariah-Batra,5311.0,Retail,Sole Proprietor,Amritsar,Punjab,2023-09-17,,Active,1045.82
1677,MCH4451,Bansal-Tak,7011.0,Hotel & Lodging,Individual,Amritsar,Punjab,,,Active,
1678,MCH4454,"Raman, Mukherjee And Sinha",5942.0,Books & Stationery,Sole Proprietor,Kolkata,West Bengal,2024-12-26,NRFQ4744687183200,Active,567.26
1679,MCH4455,Iyer Llc,5411.0,Grocery,Individual,Bengaluru,Karnataka,,JMHS4435674556652,Active,586.02
1680,MCH4456,Krish-Panchal,5411.0,Grocery,Individual,Lucknow,Uttar Pradesh,2024-05-11,,Active,1642.08
1681,MCH4457,"Chanda, Parikh And Hayre",5999.0,Miscellaneous,Private Limited,Amritsar,Punjab,,,Active,
1682,MCH4458,"Gola, Dixit And Banik",5411.0,Grocery,Sole Proprietor,Amritsar,Punjab,2023-08-25,XXXX8441,Active,991.85
1683,MCH4459,Agate-Majumdar,4131.0,Transportation,Sole Proprietor,Chennai,Tamil Nadu,2025-07-29,XXXX8386,Active,210.85
1684,MCH4460,Bumb Plc,5942.0,Books & Stationery,Private Limited,Chennai,Tamil Nadu,,XXXX4424,Active,696.95
1685,MCH4462,"Koshy, Badal And Nayar",5699.0,Apparel & Fashion,Individual,Hyderabad,Telangana,2025-01-17,XXXX9292,Active,937.0
1686,MCH4463,"Choudhry, Sahni And Chaudhry",5699.0,Apparel & Fashion,Individual,Ludhiana,Punjab,2025-01-09,XXXX3118,Active,402.0
1687,MCH4469,Mane And Sons,4131.0,Transportation,Partnership,Hyderabad,Telangana,2025-05-18,ZELA9978143221753,Active,1447.11
1688,MCH4474,Ram Ltd,4814.0,Telecom,Partnership,Jalandhar,Punjab,2024-07-13,,Active,1082.17
1689,MCH4475,"Ray, Kulkarni And Suresh",5311.0,Department Store,Private Limited,Ludhiana,Punjab,2024-03-03,XXXX5127,Active,3417.23
1690,MCH4476,Parikh Group,5912.0,Medical,Partnership,Kolkata,West Bengal,2025-09-10,,Active,
1691,MCH4477,"Ray, Agate And Som",4814.0,Telecom,Partnership,Amritsar,Punjab,2025-01-27,3942164768,Active,3504.19
1692,MCH4478,Shenoy Inc,4131.0,Transportation,Private Limited,Pune,Maharashtra,2024-04-19,,Active,3749.72
1693,MCH4481,Nagi Inc,5699.0,Apparel & Fashion,Partnership,Pune,Maharashtra,2023-11-28,,Active,2759.79
1694,MCH4482,Sawhney-Raman,7011.0,Hotel & Lodging,Private Limited,Ludhiana,Punjab,,8584867343,Active,246.88
1695,MCH4484,"Mukherjee, Tella And Malhotra",5812.0,Restaurants & Food,Partnership,Bengaluru,Karnataka,2025-10-02,8422535984,Active,2091.93
1696,MCH4485,Nazarethinc,5999.0,Miscellaneous,Individual,Pune,Maharashtra,2023-11-07,6008302979,On Hold,1928.18
1697,MCH4486,"Bumb, Kibe And Saraf",4814.0,Telecom,Private Limited,Chennai,Tamil Nadu,2026-02-14,XXXX9655,Active,2112.84
1698,MCH4487,Maharaj-Murthy,5912.0,Medical,Individual,Amritsar,Punjab,2024-04-23,TWRO4245073175794,Active,1455.08
1699,MCH4490,"Doshi, Raj And Bumb",5411.0,Grocery,Partnership,Ludhiana,Punjab,2025-07-28,XXXX2409,Active,748.4
1700,MCH4495,"Nadig, Gade And Jha",5942.0,Books & Stationery,Partnership,Hyderabad,Telangana,2024-05-10,,Active,1329.61
1701,MCH4496,"Pandya, Bhalla And Malhotra",4814.0,Telecom,Partnership,Jaipur,Rajasthan,2025-07-23,6668375188,Active,
1702,MCH4497,Padmanabhan Group,5812.0,Restaurants & Food,Individual,Mumbai,Maharashtra,,,Active,2142.62
1703,MCH4501,Barman And Sons,5812.0,Restaurants & Food,Private Limited,Delhi,Delhi,2025-04-24,,Active,523.04
1704,MCH4503,Sunder Plc,7011.0,Hotel & Lodging,Partnership,Mumbai,Maharashtra,2024-01-03,MTQA2966873504692,Active,540.93
1705,MCH4507,Bassi-Merchant,5812.0,Restaurants & Food,Sole Proprietor,Chennai,Tamil Nadu,2024-05-30,XXXX7969,Active,3598.7
1706,MCH4508,Prakash Ltd,5812.0,Restaurants & Food,Private Limited,Mumbai,Maharashtra,2023-12-12,9822144537,On Hold,1744.61
1707,MCH4509,"Shanker, Sem And Varughese",4131.0,Transportation,Sole Proprietor,Pune,Maharashtra,2023-08-16,,Active,
1708,MCH4510,Bora Ltd,4814.0,Telecom,Individual,Chennai,Tamil Nadu,2024-04-16,XXXX0375,Active,1583.66
1709,MCH4511,"Walla, Kala And Devi",4131.0,Transportation,Sole Proprietor,Hyderabad,Telangana,2025-03-12,8103217288,Active,1448.32
1710,MCH4515,Memon-Upadhyay,4131.0,Transportation,Sole Proprietor,Lucknow,Uttar Pradesh,2024-04-03,,Active,2435.25
1711,MCH4517,"Madan, Gola And Srivastava",5812.0,Restaurants & Food,Sole Proprietor,Kolkata,West Bengal,2025-05-07,,Active,
1712,MCH4521,Raman Plc,5699.0,Apparel & Fashion,Private Limited,Hyderabad,Telangana,2023-04-02,,Active,4397.68
1713,MCH4524,Tara Ltd,5999.0,Miscellaneous,Private Limited,Hyderabad,Telangana,2025-07-23,,Active,1296.94
1714,MCH4526,"Mittal, Saha And Puri",5699.0,Apparel & Fashion,Sole Proprietor,Bengaluru,Karnataka,2025-06-19,,Active,893.38
1715,MCH4527,Bansalinc,5411.0,Grocery,Private Limited,Lucknow,Uttar Pradesh,2025-10-29,BWHM6431375051395,Active,3449.0
1716,MCH4528,Memon Llc,5912.0,Medical,Partnership,Hyderabad,Telangana,2023-01-05,VOFY4004091833640,Active,490.99
1717,MCH4529,Varkey-Pant,,Apparel & Fashion,Private Limited,Ludhiana,Punjab,2024-06-01,6768398433,Active,1710.62
1718,MCH4530,"Bhandari, Ramakrishnan And Srinivasan",5812.0,Restaurants & Food,Partnership,Pune,Maharashtra,2023-10-12,8219848716,Active,669.95
1719,MCH4531,Bail-Ramachandran,4814.0,Telecom,Private Limited,Jaipur,Rajasthan,2025-05-11,XXXX9300,Active,597.69
1720,MCH4534,Bumb-Ganguly,5699.0,Apparel & Fashion,Partnership,Chennai,Tamil Nadu,2025-11-12,YNBM1819285405206,Active,1225.88
1721,MCH4536,Gulati And Sons,5311.0,Retail,Individual,Delhi,Delhi,2024-12-06,,Active,951.8
1722,MCH4538,Lad Ltd,5699.0,Apparel & Fashion,Private Limited,Delhi,Delhi,2023-12-30,,Active,449.9
1723,MCH4540,Nadig Llc,5699.0,Apparel & Fashion,Partnership,Mumbai,Maharashtra,2024-02-03,,Active,7331.0
1724,MCH4544,"Som, Deshmukh And Narang",5411.0,Grocery,Partnership,Bengaluru,Karnataka,2023-04-28,,Active,4619.33
1725,MCH4547,Rout Inc,5812.0,Restaurants & Food,Private Limited,Bengaluru,Karnataka,2026-01-28,4666460002,Active,307.37
1726,MCH4548,"Butala, Som And Modi",4131.0,Transportation,Private Limited,Bengaluru,Karnataka,,6510148022,Suspended,568.11
1727,MCH4551,Sura Group,5699.0,Apparel & Fashion,Sole Proprietor,Jalandhar,Punjab,2023-01-06,XXXX0235,Active,3287.63
1728,MCH4552,"Palla, Mutti And Jayaraman",4131.0,Transportation,Sole Proprietor,Jaipur,Rajasthan,2025-07-21,ZNQK3499547364876,Active,912.53
1729,MCH4553,Zachariah-Dara,5812.0,Restaurants & Food,Private Limited,Jalandhar,Punjab,2024-07-03,,Active,343.99
1730,MCH4556,Bhakta Inc,5942.0,Books & Stationery,Private Limited,Mumbai,Maharashtra,2026-02-03,,Active,881.89
1731,MCH4560,Shankar Ltd,4814.0,Telecom,Individual,Bengaluru,Karnataka,2025-06-12,,Active,1403.88
1732,MCH4567,Bhatti Inc,7011.0,Hotel & Lodging,Partnership,Hyderabad,Telangana,2023-03-29,XXXX2555,Active,1514.65
1733,MCH4573,"Borde, Patil And Taneja",4814.0,Telecom,Individual,Chennai,Tamil Nadu,2023-10-27,KZVD4103515080767,Active,642.81
1734,MCH4574,Cherian And Sons,5311.0,Department Store,Individual,Lucknow,Uttar Pradesh,2024-08-31,XXXX0148,Active,789.16
1735,MCH4577,"Atwal, Sura And Bhatti",5812.0,Restaurants & Food,Partnership,Hyderabad,Telangana,2026-01-03,PWDW0230553443063,Active,316.9
1736,MCH4578,Khare-Warrior,5912.0,Pharmacy,Private Limited,Amritsar,Punjab,2023-01-11,4489355946,Active,504.9
1737,MCH4581,"Tailor, Ganesh And Menon",5812.0,Restaurants & Food,Partnership,Mumbai,Maharashtra,2025-02-11,,Inactive,1137.0
1738,MCH4582,Pai-Shenoy,5411.0,Telecom,Individual,Pune,Maharashtra,2025-03-18,XXXX2537,Active,1857.0
1739,MCH4583,Krish-Dar,5812.0,Restaurants & Food,Sole Proprietor,Mumbai,Maharashtra,2025-11-23,5472564311,Active,4726.0
1740,MCH4587,Karnik And Sons,5311.0,Retail,Partnership,Jaipur,Rajasthan,2025-07-02,,Active,2493.1
1741,MCH4588,"Gole, Raval And Hans",,Restaurants & Food,Sole Proprietor,Bengaluru,Karnataka,2025-03-14,2064667231,Active,1061.34
1742,MCH4589,"Sathe, Bumb And Shankar",5699.0,Apparel & Fashion,Sole Proprietor,Amritsar,Punjab,2024-10-27,XXXX1983,Active,76.99
1743,MCH4593,Dube-Ravel,7011.0,Hotel & Lodging,Partnership,Hyderabad,Telangana,2025-08-30,,Active,1285.0
1744,MCH4599,Majumdar-Choudhary,,Grocery,Private Limited,Mumbai,Maharashtra,2023-03-05,5607530943,Inactive,1341.81
1745,MCH4600,Devi Group,5311.0,Department Store,Individual,Delhi,Delhi,2024-02-17,2508192627,Inactive,1126.47
1746,MCH4604,"Som, Kalla And Dada",5699.0,Apparel & Fashion,Sole Proprietor,Chennai,Tamil Nadu,2024-07-02,,Active,1478.97
1747,MCH4605,Barad Plc,5942.0,Books & Stationery,Sole Proprietor,Pune,Maharashtra,2025-06-02,XXXX1001,Active,5165.18
1748,MCH4606,Vyas-Mukhopadhyay,7011.0,Hotel & Lodging,Private Limited,Hyderabad,Telangana,2025-09-29,XXXX6697,Active,745.57
1749,MCH4608,Chandran Group,5699.0,Apparel & Fashion,Sole Proprietor,Lucknow,Uttar Pradesh,2023-05-09,ZPZS9153819912287,Active,950.53
1750,MCH4610,"Barad,Chandaandrana",5942.0,Books & Stationery,Private Limited,Hyderabad,Telangana,2024-12-23,3247180851,Active,2989.03
1751,MCH4613,"Kapadia, Sankar And Nadig",5311.0,Retail,Individual,Lucknow,Uttar Pradesh,2023-09-02,ALEY9883118921328,Active,1451.15
1752,MCH4614,Badami Llc,5942.0,Books & Stationery,Partnership,Jaipur,Rajasthan,2025-04-02,3429375766,Active,4687.53
1753,MCH4621,Ravel-Chaudhuri,5942.0,Books & Stationery,Private Limited,Delhi,Delhi,2024-08-04,RGWL4221508668071,Active,
1754,MCH4622,Toor-Rajan,7011.0,Hotel & Lodging,Private Limited,Ludhiana,Punjab,2024-06-20,,Active,2524.16
1755,MCH4623,"Gokhale, Ranganathan And Shenoy",5999.0,Miscellaneous,Private Limited,Hyderabad,Telangana,2025-08-17,347099856,Active,171.0
1756,MCH4624,"Krishnamurthy, Mandal And Luthra",5999.0,Miscellaneous,Individual,Chennai,Tamil Nadu,2025-06-08,5143404041,Active,784.01
1757,MCH4626,"Lalla, Handa And Ahuja",5999.0,Miscellaneous,Private Limited,Bengaluru,Karnataka,2023-07-31,,Active,1497.15
1758,MCH4627,Barman-Kashyap,5699.0,Apparel & Fashion,Partnership,Pune,Maharashtra,2026-01-10,,Active,1852.01
1759,MCH4630,Jhaveri Plc,5999.0,Miscellaneous,Sole Proprietor,Ludhiana,Punjab,2025-07-11,2284002392,Active,1285.49
1760,MCH4636,Sura And Sons,5699.0,Apparel & Fashion,Partnership,Mumbai,Maharashtra,2023-12-17,8723730767,Active,
1761,MCH4637,Mitter-Pandya,5411.0,Grocery,Individual,Chennai,Tamil Nadu,2023-05-09,XXXX4099,Active,2198.28
1762,MCH4639,Chaudhry-Bath,5912.0,Medical,Partnership,Jalandhar,Punjab,2023-05-11,XXXX7667,Active,295.45
1763,MCH4640,Choudhary-Joshi,5699.0,Apparel & Fashion,Partnership,Jaipur,Rajasthan,,GOPL6469934819715,Active,857.62
1764,MCH4641,Karnikllc,5311.0,Retail,Sole Proprietor,Ludhiana,Punjab,2025-02-02,,Active,
1765,MCH4642,Jaggi Ltd,5411.0,Grocery,Partnership,Delhi,Delhi,2024-04-16,XXXX5243,Suspended,1180.53
1766,MCH4643,Barad And Sons,5942.0,Books & Stationery,Individual,Ludhiana,Punjab,2025-05-18,5063903908,Suspended,3490.79
1767,MCH4648,Tara-Pandya,5699.0,Apparel & Fashion,Partnership,Chennai,Tamil Nadu,2026-01-02,TEXQ3961216144905,Active,852.19
1768,MCH4649,"Mand,Dattaandsanghvi",7011.0,Hotel & Lodging,Partnership,Ludhiana,Punjab,2024-10-16,,Active,666.8
1769,MCH4651,Bhat-Kamdar,5999.0,Miscellaneous,Sole Proprietor,Hyderabad,Telangana,2024-06-05,9030856078,Active,718.3
1770,MCH4652,Mistry Inc,5812.0,Restaurants & Food,Private Limited,Ludhiana,Punjab,2024-07-25,761661593,Active,3458.11
1771,MCH4656,"Verma,Sanghaandvora",5942.0,Books & Stationery,Private Limited,Delhi,Delhi,2024-02-07,,Active,431.25
1772,MCH4658,Kapadia Inc,5311.0,Retail,Individual,Hyderabad,Telangana,2023-05-21,OORB1075233391671,Active,2693.95
1773,MCH4667,Kapur-Gara,5812.0,Restaurants & Food,Private Limited,Delhi,Delhi,2025-10-30,9822186565,Active,1043.72
1774,MCH4669,Bail Plc,4131.0,Transportation,Sole Proprietor,Lucknow,Uttar Pradesh,2023-09-17,XXXX4093,Inactive,1960.77
1775,MCH4672,Sandhu Llc,5942.0,Books & Stationery,Partnership,Bengaluru,Karnataka,,,Active,456.49
1776,MCH4674,Sachar-Loke,5699.0,Apparel & Fashion,Private Limited,Jalandhar,Punjab,,,Active,1222.52
1777,MCH4675,"Minhas, Narayan And Bandi",,Books & Stationery,Sole Proprietor,Jalandhar,Punjab,2023-06-15,,Active,
1778,MCH4676,Shan Inc,5999.0,Miscellaneous,Sole Proprietor,Mumbai,Maharashtra,2026-01-20,DCZB8927650142403,Active,2805.31
1779,MCH4677,"Sethi, Bora And Karpe",5942.0,Books & Stationery,Individual,Pune,Maharashtra,,,Inactive,5089.5
1780,MCH4678,"Yogi, Goel And Chaudry",5912.0,Pharmacy,Sole Proprietor,Amritsar,Punjab,2025-10-11,8030844375,Active,1363.28
1781,MCH4681,"Sengupta,Venkataramanandkonda",5411.0,Grocery,Individual,Pune,Maharashtra,2026-01-10,,Active,526.79
1782,MCH4682,Dora-Chander,4814.0,Telecom,Individual,Mumbai,Maharashtra,2023-03-08,,Active,1036.09
1783,MCH4685,Mukhopadhyay-Cheema,,Books & Stationery,Private Limited,Chennai,Tamil Nadu,2023-07-22,3857368814,Suspended,
1784,MCH4687,Goel Llc,5942.0,Books & Stationery,Individual,Lucknow,Uttar Pradesh,2023-01-30,BTTJ6615272024781,Active,820.0
1785,MCH4688,Venkatesh Group,5942.0,Books & Stationery,Sole Proprietor,Delhi,Delhi,2024-08-24,TBOZ2931559768114,Suspended,2933.52
1786,MCH4690,"Dutt, Mukhopadhyay And Dara",5999.0,Miscellaneous,Sole Proprietor,Amritsar,Punjab,2023-04-24,HYJC1967089654932,On Hold,
1787,MCH4691,"Deshmukh, Pant And Garg",7011.0,Hotel & Lodging,Sole Proprietor,Bengaluru,Karnataka,2025-05-10,,Active,2116.48
1788,MCH4692,"Bhargava, Rajagopal And Karan",7011.0,Hotel & Lodging,Private Limited,Delhi,Delhi,2024-08-06,6021368633,Active,
1789,MCH4693,Dhingra-Bava,7011.0,Hotel & Lodging,Private Limited,Mumbai,Maharashtra,2024-12-28,,Active,3445.16
1790,MCH4695,Patel-Halder,5812.0,Restaurants & Food,Sole Proprietor,Pune,Maharashtra,2026-02-11,,Active,652.55
1791,MCH4699,Setty Inc,7011.0,Hotel & Lodging,Private Limited,Pune,Maharashtra,2025-06-04,XXXX2833,Active,632.27
1792,MCH4700,"Rajan, Garg And Ray",,Apparel & Fashion,Individual,Chennai,Tamil Nadu,,ZNYW6274259007166,Active,805.94
1793,MCH4701,Bhagat And Sons,4131.0,Transportation,Individual,Hyderabad,Telangana,2025-03-17,FBYF6895567808971,Active,493.82
1794,MCH4702,Nath Group,5311.0,Retail,Sole Proprietor,Lucknow,Uttar Pradesh,2024-08-15,,Active,584.0
1795,MCH4706,"Varughese, Mani And Ch0Udhary",5311.0,Department Store,Individual,Bengaluru,Karnataka,2025-11-11,3980025472,Active,
1796,MCH4708,Loke-Ganesan,5999.0,Miscellaneous,Sole Proprietor,Jalandhar,Punjab,2024-02-22,,Active,1266.56
1797,MCH4709,Ramakrishnan-Palla,4814.0,Telecom,Individual,Bengaluru,Karnataka,2026-02-15,AMXA0608566091033,Active,1190.3
1798,MCH4712,"Zacharia, Shere And Dhar",5912.0,Medical,Private Limited,Jalandhar,Punjab,2023-04-27,XXXX2361,Active,2235.26
1799,MCH4713,Sura-Boase,4131.0,Apparel & Fashion,Sole Proprietor,Amritsar,Punjab,2023-04-12,,Active,1694.6
1800,MCH4716,Goda-Agate,5411.0,Grocery,Sole Proprietor,Delhi,Delhi,2026-07-01,5226052062,Active,1438.61
1801,MCH4717,Bir Ltd,4131.0,Transportation,Private Limited,Chennai,Tamil Nadu,2025-11-14,JKIU5676140711543,Active,7107.16
1802,MCH4720,Sha Ltd,5411.0,Grocery,Partnership,Chennai,Tamil Nadu,2024-05-04,136765801,Active,874.68
1803,MCH4723,Kanda Ltd,5999.0,Miscellaneous,Individual,Chennai,Tamil Nadu,2024-08-27,XXXX1287,Active,649.83
1804,MCH4725,Joshi Plc,5311.0,Department Store,Private Limited,Amritsar,Punjab,2023-05-23,UNBB3297911061225,Active,639.24
1805,MCH4727,Dua-Mishra,5311.0,Department Store,Sole Proprietor,Pune,Maharashtra,2024-05-18,9730998246,Active,1242.0
1806,MCH4729,"Karpe, Dhaliwal And Subramanian",7011.0,Hotel & Lodging,Partnership,Amritsar,Punjab,2024-01-14,XMOP1907956771131,Active,2525.97
1807,MCH4732,"Ramanathan, Kanda And Karnik",5812.0,Restaurants & Food,Private Limited,Lucknow,Uttar Pradesh,2025-08-13,,Active,3954.51
1808,MCH4733,Sankar Inc,5411.0,Grocery,Sole Proprietor,Jaipur,Rajasthan,2023-01-25,XXXX7201,Active,1176.53
1809,MCH4736,Suresh-Gola,5942.0,Books & Stationery,Partnership,Mumbai,Maharashtra,2023-08-24,OCLG6376733151298,Active,885.16
1810,MCH4737,"Aurora, Mallick And Dugar",5942.0,Books & Stationery,Individual,Jalandhar,Punjab,2024-08-27,XXXX5003,Inactive,489.0
1811,MCH4738,Jha Plc,,Miscellaneous,Sole Proprietor,Bengaluru,Karnataka,2024-05-24,,Inactive,1636.42
1812,MCH4739,Karpe-Doshi,5411.0,Grocery,Individual,Lucknow,Uttar Pradesh,2023-10-20,DQQT0527144866471,Active,
1813,MCH4741,Kara And Sons,,Miscellaneous,Partnership,Jaipur,Rajasthan,2023-02-13,XXXX2970,Active,2009.21
1814,MCH4743,Ahluwalia-Bansal,5812.0,Pharmacy,Private Limited,Ludhiana,Punjab,2023-08-23,KIYE1462195754397,Inactive,486.29
1815,MCH4744,Tiwari-Bedi,5942.0,Books & Stationery,Sole Proprietor,Pune,Maharashtra,2024-07-13,85843923,Inactive,1636.0
1816,MCH4745,Divan-Rao,5311.0,Department Store,Sole Proprietor,Jalandhar,Punjab,2023-05-12,9446528330,Active,778.92
1817,MCH4746,"Srivastava, Bhattacharyya And Morar",5999.0,Miscellaneous,Sole Proprietor,Chennai,Tamil Nadu,2025-07-29,,Inactive,402.85
1818,MCH4747,Issac Plc,4131.0,Travel,Private Limited,Mumbai,Maharashtra,2023-07-07,3874952784,Inactive,
1819,MCH4749,Sane-Kota,7011.0,Hotel & Lodging,Partnership,Ludhiana,Punjab,2025-08-28,XXXX8682,Active,2066.82
1820,MCH4752,"Chaudhuri, Sampath And Wali",5311.0,Department Store,Individual,Bengaluru,Karnataka,2024-01-10,13923003,Active,399.3
1821,MCH4754,"Chhabra, Setty And Srinivasan",5699.0,Apparel & Fashion,Private Limited,Hyderabad,Telangana,2023-12-04,LSCG0121828291549,Inactive,2016.37
1822,MCH4760,"Kalla, Mammen And Purohit",4814.0,Telecom,Individual,Delhi,Delhi,2024-10-27,,Active,964.0
1823,MCH4761,Khalsa Plc,5912.0,Pharmacy,Individual,Jaipur,Rajasthan,2025-01-17,DXWD4550992976599,Inactive,4970.84
1824,MCH4765,Madan-Pandey,5699.0,Apparel & Fashion,Sole Proprietor,Hyderabad,Telangana,2025-03-12,XXXX6725,Active,1004.95
1825,MCH4767,Prasad Inc,,Telecom,Private Limited,Pune,Maharashtra,2023-06-20,,Inactive,789.87
1826,MCH4769,"Venkataraman, Dey And Patil",7011.0,Hotel & Lodging,Partnership,Ludhiana,Punjab,2023-11-01,,Active,145.49
1827,MCH4770,Mahal-Sood,5411.0,Grocery,Sole Proprietor,Jaipur,Rajasthan,2024-12-17,5162215595,Inactive,489.82
1828,MCH4774,Wadhwa Plc,5311.0,Department Store,Partnership,Jalandhar,Punjab,2026-01-09,4049174087,Active,374.94
1829,MCH4775,"Divan, Buch And Kunda",4814.0,Telecom,Sole Proprietor,Lucknow,Uttar Pradesh,2025-07-07,1956916316,Inactive,562.44
1830,MCH4776,Bobal-Dutta,5411.0,Grocery,Individual,Hyderabad,Telangana,2026-02-26,1427903652,Active,831.82
1831,MCH4777,Babu-Choudhry,4814.0,Telecom,Individual,Delhi,Delhi,2026-01-10,,Active,373.4
1832,MCH4778,Wali Llc,4131.0,Transportation,Private Limited,Lucknow,Uttar Pradesh,2025-01-02,DJNF3001962539740,Active,1242.33
1833,MCH4781,"Mohan, Sharaf And Narula",,Retail,Sole Proprietor,Delhi,Delhi,2024-01-08,3603337866,Active,482.6
1834,MCH4782,Salvi-Comar,7011.0,Hotel & Lodging,Sole Proprietor,Jalandhar,Punjab,2025-07-13,XXXX1728,Active,876.5
1835,MCH4786,Edwin Plc,5699.0,Apparel & Fashion,Individual,Ludhiana,Punjab,2024-12-15,4903394968,Active,3435.22
1836,MCH4788,Chauhan-Kh0S1A,5699.0,Apparel & Fashion,Individual,Bengaluru,Karnataka,,651098523,Active,109.29
1837,MCH4790,Date Plc,,Hotel & Lodging,Individual,Amritsar,Punjab,2025-12-11,XXXX3526,Suspended,199.0
1838,MCH4792,Agrawal-Prabhu,5812.0,Restaurants & Food,Sole Proprietor,Chennai,Tamil Nadu,2025-11-02,,Inactive,1844.0
1839,MCH4794,Borra-Dutt,7011.0,Hotel & Lodging,Private Limited,Jaipur,Rajasthan,2024-09-19,XRGH9133437458010,Active,1006.04
1840,MCH4801,Bhargava-Basak,5311.0,Retail,Sole Proprietor,Lucknow,Uttar Pradesh,2025-11-18,XXXX3111,Active,2920.36
1841,MCH4802,"Mistry, Roy And Salvi",5411.0,Department Store,Sole Proprietor,Chennai,Tamil Nadu,2024-08-23,2812418940,Inactive,468.0
1842,MCH4804,Swamy Plc,,Apparel & Fashion,Partnership,Lucknow,Uttar Pradesh,2025-01-12,,Suspended,207.24
1843,MCH4805,Joshi Plc,5999.0,Miscellaneous,Sole Proprietor,Hyderabad,Telangana,2023-08-26,,Active,4206.25
1844,MCH4807,"Dutt, Pandey And Tella",5912.0,Pharmacy,Individual,Chennai,Tamil Nadu,2024-05-14,RXUW0906720577178,Active,1458.0
1845,MCH4808,Padmanabhan-Pathak,5699.0,Apparel & Fashion,Sole Proprietor,Lucknow,Uttar Pradesh,2024-05-07,HSVX5052815662312,Inactive,
1846,MCH4809,Viswanathan Plc,7011.0,Hotel & Lodging,Individual,Kolkata,West Bengal,2023-07-12,,Active,1713.6
1847,MCH4811,Chaudhry-Majumdar,5912.0,Pharmacy,Private Limited,Delhi,Delhi,2024-06-26,XXXX5566,Active,615.9
1848,MCH4812,Rai-Aurora,7011.0,Hotel & Lodging,Private Limited,Jaipur,Rajasthan,2025-07-09,IKZY9727785883400,Active,1732.91
1849,MCH4815,"Karan, Bhattacharyya And Saran",5912.0,Pharmacy,Private Limited,Kolkata,West Bengal,2025-04-10,4505912973,Active,1152.86
1850,MCH4818,Deol Inc,5999.0,Miscellaneous,Individual,Delhi,Delhi,2024-04-29,RIGL0488107049334,Active,316.0
1851,MCH4821,"Kade, Dhawan And Kadakia",5411.0,Grocery,Private Limited,Mumbai,Maharashtra,2024-03-14,,Active,2277.0
1852,MCH4822,Sama-Keer,4131.0,Transportation,Private Limited,Hyderabad,Telangana,2025-07-08,,Active,736.6
1853,MCH4827,"Deol, Rastogi And Khatri",4814.0,Telecom,Sole Proprietor,Lucknow,Uttar Pradesh,2024-05-10,,Active,810.0
1854,MCH4831,"Raja, Rout And Singh",5411.0,Grocery,Individual,Kolkata,West Bengal,2023-09-01,XXXX4829,Active,1885.15
1855,MCH4835,Hari Inc,5912.0,Medical,Individual,Hyderabad,Telangana,2024-06-10,XXXX3222,Active,348.86
1856,MCH4836,"Sidhu, Krish And Wadhwa",5812.0,Restaurants & Food,Individual,Pune,Maharashtra,2025-11-15,OUBF1585452700403,Active,431.0
1857,MCH4838,Srinivasan Ltd,5699.0,Apparel & Fashion,Partnership,Ludhiana,Punjab,2023-11-05,PWKI0930308328537,Active,193.54
1858,MCH4839,Sura-Mall,5411.0,Transportation,Private Limited,Ludhiana,Punjab,2025-12-08,,Active,682.13
1859,MCH4841,"Soman, Chhabra And Rau",5812.0,Restaurants & Food,Individual,Hyderabad,Telangana,2025-04-06,7481277314,Active,611.25
1860,MCH4842,Pa11A Llc,5942.0,Books & Stationery,Individual,Kolkata,West Bengal,2024-12-19,XXXX0707,Active,3127.0
1861,MCH4843,Dugar-Master,5912.0,Medical,Sole Proprietor,Hyderabad,Telangana,2024-05-18,4521971795,Active,1023.41
1862,MCH4844,Trivedi-De01,7011.0,Hotel & Lodging,Individual,Bengaluru,Karnataka,2024-06-23,,Active,798.53
1863,MCH4846,Arora-Raghavan,5999.0,Miscellaneous,Private Limited,Jaipur,Rajasthan,2025-09-12,XXXX5049,Active,
1864,MCH4847,Dhillon-Pillay,7011.0,Hotel & Lodging,Private Limited,Lucknow,Uttar Pradesh,2023-12-10,5738051147,Active,2178.15
1865,MCH4848,"Borra, Balakrishnan And Chad",5699.0,Apparel & Fashion,Partnership,Delhi,Delhi,2024-06-18,5183213301,Active,3072.49
1866,MCH4856,Gera-Nanda,5311.0,Retail,Private Limited,Pune,Maharashtra,2024-08-02,2286237129,Active,711.0
1867,MCH4857,Sethi-Soni,4131.0,Transportation,Individual,Ludhiana,Punjab,2026-02-28,,Active,278.84
1868,MCH4858,Malhotra-Doctor,4814.0,Telecom,Individual,Ludhiana,Punjab,2024-11-20,4066282320,Active,7460.92
1869,MCH4859,Vasa-Raju,5812.0,Restaurants & Food,Sole Proprietor,Hyderabad,Telangana,2025-03-17,XXXX9523,Active,214.0
1870,MCH4863,Gill Plc,5812.0,Restaurants & Food,Individual,Hyderabad,Telangana,2024-07-01,5619003847,Active,552.87
1871,MCH4864,Date Ltd,5411.0,Grocery,Private Limited,Bengaluru,Karnataka,2023-12-06,XXXX6587,Active,4042.64
1872,MCH4867,"Nath, Taneja And Dey",5812.0,Restaurants & Food,Partnership,Bengaluru,Karnataka,2024-08-05,7096325090,Active,726.56
1873,MCH4870,Rana Inc,4814.0,Telecom,Individual,Amritsar,Punjab,2024-07-12,,Suspended,1127.0
1874,MCH4871,Kunda Ltd,5812.0,Restaurants & Food,Partnership,Lucknow,Uttar Pradesh,2024-09-02,,Suspended,648.87
1875,MCH4874,"Chanda, Bahl And Kohli",5699.0,Apparel & Fashion,Sole Proprietor,Mumbai,Maharashtra,2024-12-02,,Active,709.03
1876,MCH4875,"Sangha, Sodhi And Banik",5999.0,Miscellaneous,Sole Proprietor,Kolkata,West Bengal,2023-03-12,,Inactive,303.18
1877,MCH4876,"Dugar, Prasad And Pal",5812.0,Restaurants & Food,Partnership,Chennai,Tamil Nadu,2023-09-09,XXXX5946,Active,1346.64
1878,MCH4881,"Wadhwa, Morar And Kara",5912.0,Pharmacy,Sole Proprietor,Jalandhar,Punjab,2023-08-26,XXXX1836,Active,367.72
1879,MCH4884,"Reddy, Wason And Magar",4131.0,Transportation,Private Limited,Kolkata,West Bengal,2023-05-16,,Inactive,2421.0
1880,MCH4886,Mangat-Gh0Se,5999.0,Miscellaneous,Sole Proprietor,Pune,Maharashtra,2023-03-11,8646245603,Active,551.0
1881,MCH4888,Saha-Jani,4814.0,Telecom,Sole Proprietor,Ludhiana,Punjab,2025-11-20,,Active,308.77
1882,MCH4889,Bhatti-Kapoor,5999.0,Miscellaneous,Individual,Jalandhar,Punjab,2025-01-26,,Active,2464.23
1883,MCH4893,Jani-Verma,4131.0,Transportation,Partnership,Jalandhar,Punjab,2023-08-11,,Active,1601.52
1884,MCH4897,Bahl Plc,4131.0,Transportation,Partnership,Amritsar,Punjab,2024-03-09,,Active,6953.87
1885,MCH4900,Karpe Plc,5411.0,Grocery,Sole Proprietor,Jalandhar,Punjab,2025-04-02,,Active,2695.78
1886,MCH4902,"Pingle, Choudhary And Raghavan",7011.0,Hotel & Lodging,Sole Proprietor,Bengaluru,Karnataka,2023-03-31,,Active,482.41
1887,MCH4903,Khatri Gr0Up,5311.0,Department Store,Individual,Delhi,Delhi,2024-07-07,,Active,
1888,MCH4904,"Vohra, Lanka And Bumb",4814.0,Telecom,Partnership,Chennai,Tamil Nadu,2023-09-25,XXXX8030,Active,1946.13
1889,MCH4906,Gaba Llc,5812.0,Restaurants & Food,Private Limited,Jaipur,Rajasthan,2024-01-31,,Active,1902.8
1890,MCH4909,"Sharaf, Lalla And Rattan",,Books & Stationery,Sole Proprietor,Kolkata,West Bengal,2025-02-16,5725440715,Active,650.04
1891,MCH4911,"Nigam, Mahajan And Misra",5411.0,Grocery,Individual,Bengaluru,Karnataka,2025-06-14,,Active,689.3
1892,MCH4912,Devi Group,7011.0,Grocery,Sole Proprietor,Kolkata,West Bengal,2025-07-07,DTHN1330740328006,Active,1738.86
1893,MCH4913,Baral-Bhattacharyya,4131.0,Transportation,Individual,Amritsar,Punjab,2023-05-19,MXBT0588021899874,Inactive,697.03
1894,MCH4914,Bora Inc,,Department Store,Sole Proprietor,Jaipur,Rajasthan,2024-12-05,,Active,4227.85
1895,MCH4916,Rama-Patel,5942.0,Books & Stationery,Individual,Delhi,Delhi,2025-06-24,XXXX0402,Active,
1896,MCH4917,"Bhat, Saha And Wable",4131.0,Travel,Private Limited,Jaipur,Rajasthan,2025-04-14,XXXX6979,Active,6159.51
1897,MCH4918,Ganesh Inc,,Hotel & Lodging,Individual,Lucknow,Uttar Pradesh,2023-12-09,XXXX3579,Active,651.04
1898,MCH4922,Cheema Group,5999.0,Miscellaneous,Partnership,Hyderabad,Telangana,2024-03-20,,Active,324.81
1899,MCH4926,Shankar Ltd,5812.0,Restaurants & Food,Individual,Hyderabad,Telangana,2024-12-28,6804229881,Active,
1900,MCH4927,Mohan Plc,5699.0,Apparel & Fashion,Individual,Jaipur,Rajasthan,2025-03-04,MQQO7446373111287,Active,1972.99
1901,MCH4928,"Narang, Bedi And Sachar",5699.0,Apparel & Fashion,Private Limited,Jalandhar,Punjab,2025-09-25,,Active,3146.1
1902,MCH4930,Dasgupta-Dua,4131.0,Restaurants & Food,Partnership,Jaipur,Rajasthan,2025-06-25,,Active,
1903,MCH4932,Khosla And Sons,5812.0,Restaurants & Food,Sole Proprietor,Jalandhar,Punjab,2024-09-08,QSCW5400259337785,Inactive,340.55
1904,MCH4934,Shroff Inc,5912.0,Pharmacy,Private Limited,Amritsar,Punjab,2025-12-08,OBRZ2207838983000,Active,1471.24
1905,MCH4936,"Bhalla, Gour And Khare",5411.0,Grocery,Individual,Jalandhar,Punjab,2025-10-14,586737361,Active,739.83
1906,MCH4937,Mand And Sons,5912.0,Pharmacy,Partnership,Kolkata,West Bengal,,FBXP3192759861569,Inactive,2054.97
1907,MCH4939,Bath-Kumer,4814.0,Telecom,Partnership,Delhi,Delhi,2023-06-10,XXXX8414,Active,1620.24
1908,MCH4943,Sawhney-Dugar,7011.0,Hotel & Lodging,Sole Proprietor,Chennai,Tamil Nadu,2023-07-16,,Inactive,470.52
1909,MCH4944,"Pillai, Kurian And Sunder",,Grocery,Sole Proprietor,Mumbai,Maharashtra,2023-04-08,XXXX3249,Active,907.45
1910,MCH4947,M0Han-Sah0Ta,4131.0,Transportation,Individual,Mumbai,Maharashtra,2025-04-22,QAWO0072726316755,Active,1906.18
1911,MCH4948,Dass-Dhaliwal,5812.0,Restaurants & Food,Partnership,Jalandhar,Punjab,2024-06-25,XXXX1800,Active,
1912,MCH4951,"Natt, Dyal And Gill",5411.0,Grocery,Private Limited,Pune,Maharashtra,2026-02-01,,Active,430.18
1913,MCH4952,"Anne,Choudhryandbhattacharyya",5812.0,Restaurants & Food,Individual,Delhi,Delhi,,XAPW5259361506192,Active,4302.0
1914,MCH4956,Kant-Setty,5411.0,Grocery,Sole Proprietor,Jaipur,Rajasthan,2025-01-22,DOXB7877644685999,Active,6450.59
1915,MCH4957,Natt Ltd,5699.0,Apparel & Fashion,Individual,Lucknow,Uttar Pradesh,,5191776924,Active,1324.11
1916,MCH4958,Dara Inc,4814.0,Telecom,Partnership,Pune,Maharashtra,2025-03-30,XXXX0462,Active,
1917,MCH4962,Venkataraman-Mannan,5942.0,Books & Stationery,Private Limited,Chennai,Tamil Nadu,2025-07-15,8238766790,Active,266.61
1918,MCH4963,Atwalltd,5912.0,Pharmacy,Sole Proprietor,Hyderabad,Telangana,2024-09-17,,Active,
1919,MCH4964,Sarkar-Goda,5311.0,Department Store,Private Limited,Pune,Maharashtra,2025-07-14,,Active,1517.0
1920,MCH4965,"Shukla, Brahmbhatt And Natarajan",5699.0,Apparel & Fashion,Individual,Pune,Maharashtra,2024-11-20,3036734144,Active,168.46
1921,MCH4967,Mallick Plc,4131.0,Transportation,Partnership,Amritsar,Punjab,2025-08-22,XXXX4798,Active,
1922,MCH4968,Choudhry Inc,4814.0,Telecom,Partnership,Jaipur,Rajasthan,,7588932286,Active,1122.44
1923,MCH4969,"Bobal, Garde And Upadhyay",4814.0,Telecom,Sole Proprietor,Chennai,Tamil Nadu,2023-11-01,XXXX2131,Active,817.93
1924,MCH4971,"Gopal, Jayaraman And Narayan",5942.0,Books & Stationery,Individual,Lucknow,Uttar Pradesh,2024-11-20,,Active,650.74
1925,MCH4972,Seshadri-Dalal,5311.0,Department Store,Partnership,Pune,Maharashtra,2025-10-03,8465114405,Active,
1926,MCH4973,Vala-Raval,7011.0,Hotel & Lodging,Private Limited,Chennai,Tamil Nadu,2024-04-05,XXXX2841,Active,859.46
1927,MCH4974,Krishna Plc,5699.0,Apparel & Fashion,Individual,Kolkata,West Bengal,2023-04-18,3596123048,Suspended,1458.56
1928,MCH4975,"Nagy, Kuruvilla And Saxena",7011.0,Hotel & Lodging,Sole Proprietor,Delhi,Delhi,2025-05-25,,Active,621.98
1929,MCH4976,Walla And Sons,5942.0,Books & Stationery,Sole Proprietor,Bengaluru,Karnataka,2025-10-21,XKET6356016924037,Active,929.0
1930,MCH4977,Arora-Nayak,5999.0,Miscellaneous,Individual,Ludhiana,Punjab,2025-03-05,,Active,1505.38
1931,MCH4980,Batra Llc,5411.0,Grocery,Individual,Pune,Maharashtra,,XXXX6176,Active,2806.42
1932,MCH4982,Upadhyay-Thaker,5699.0,Apparel & Fashion,Private Limited,Pune,Maharashtra,2023-10-04,XXXX3001,Active,
1933,MCH4983,"Magar, Ratta And Choudhary",5411.0,Grocery,Partnership,Ludhiana,Punjab,2023-07-05,ZMSE7382357273196,Active,617.98
1934,MCH4984,"Aurora, Mohan And Jain",4814.0,Telecom,Sole Proprietor,Jaipur,Rajasthan,2024-07-02,XXLT9593960471643,Active,
1935,MCH4985,Hayre And Sons,5942.0,Books & Stationery,Partnership,Lucknow,Uttar Pradesh,2023-01-08,PXAE0911368692866,Active,1981.89
1936,MCH4989,Din-Bhatia,5912.0,Pharmacy,Sole Proprietor,Amritsar,Punjab,2024-07-22,8027810029,Active,2169.45
1937,MCH4990,"Ramakrishnan, Dey And Thakkar",5411.0,Grocery,Private Limited,Mumbai,Maharashtra,,OWGO7691795560125,Active,
1938,MCH4992,Viswanathan-Pandey,7011.0,Hotel & Lodging,Individual,Jalandhar,Punjab,2024-02-19,,Suspended,918.79
1939,MCH4994,"Uppal, Bawa And Gera",5812.0,Restaurants & Food,Sole Proprietor,Delhi,Delhi,2023-04-21,,Active,1710.0
1940,MCH4998,"Sura, Kanda And Chopra",5411.0,Grocery,Partnership,Pune,Maharashtra,2023-12-11,6601172673,Inactive,
1941,MCH5000,Lad Group,5999.0,Miscellaneous,Private Limited,Kolkata,West Bengal,2025-01-05,,Active,
1942,MCH5001,Narayan Llc,5812.0,Restaurants & Food,Partnership,Pune,Maharashtra,2023-06-17,JVBH8016822587770,Active,1893.51
1943,MCH5009,Arora-Wagle,5699.0,Apparel & Fashion,Individual,Hyderabad,Telangana,2024-11-06,XXXX1307,Inactive,1125.91
1944,MCH5015,"Pall, Mand And Balakrishnan",5812.0,Restaurants & Food,Sole Proprietor,Lucknow,Uttar Pradesh,2024-12-23,9471379053,Active,2215.59
1945,MCH5017,"Datta, Sinha And Pat1A",7011.0,Hotel & Lodging,Sole Proprietor,Kolkata,West Bengal,2024-11-25,6167636642,Active,617.0
1946,MCH5019,"Sah0Ta, Rama And Rama",5912.0,Pharmacy,Partnership,Lucknow,Uttar Pradesh,2025-07-27,XXXX3502,Active,955.0
1947,MCH5020,Sarna-Sarraf,5411.0,Grocery,Individual,Lucknow,Uttar Pradesh,2023-02-27,,Active,3351.89
1948,MCH5021,Dora Group,5912.0,Hotel & Lodging,Partnership,Jaipur,Rajasthan,2024-10-01,2704643767,Active,843.0
1949,MCH5023,Rastogi Ltd,5411.0,Grocery,Individual,Ludhiana,Punjab,2024-09-22,6206604276,Active,532.62
1950,MCH5027,Mukhopadhyay-Brar,5999.0,Miscellaneous,Partnership,Ludhiana,Punjab,2023-10-17,CWYO9756460575495,Active,3103.67
1951,MCH5028,"Chhabra, Deo And Chakrabarti",7011.0,Hotel & Lodging,Partnership,Ludhiana,Punjab,2024-03-14,RQQO5337522783830,Inactive,716.94
1952,MCH5036,Buch Inc,5942.0,Books & Stationery,Partnership,Chennai,Tamil Nadu,2023-02-02,9320708690,Active,1529.39
1953,MCH5037,Chadha Llc,5311.0,Department Store,Private Limited,Jaipur,Rajasthan,2025-05-03,5877889834,Active,
1954,MCH5038,"Din, Som And Bahl",5411.0,Pharmacy,Partnership,Lucknow,Uttar Pradesh,2024-10-20,DJBJ3245727756471,Active,1056.12
1955,MCH5040,Nayar-Khatri,4814.0,Telecom,Individual,Pune,Maharashtra,2025-04-30,,Active,1055.33
1956,MCH5042,Nagi-Raja,,Pharmacy,Individual,Kolkata,West Bengal,2024-04-25,3533096055,Active,3524.4
1957,MCH5043,"Chakraborty, Gour And Kothari",4131.0,Travel,Private Limited,Kolkata,West Bengal,2025-03-17,ROSR2212738533894,Inactive,614.63
1958,MCH5044,Mahajan-Narasimhan,5812.0,Books & Stationery,Individual,Chennai,Tamil Nadu,2025-09-04,,Active,1148.0
1959,MCH5045,More-Doctor,,Department Store,Individual,Bengaluru,Karnataka,2025-09-15,,Suspended,145.75
1960,MCH5050,Subramanian-Dua,5942.0,Books & Stationery,Partnership,Pune,Maharashtra,2025-08-28,,Active,1506.0
1961,MCH5052,Pillay-Bora,5912.0,Miscellaneous,Partnership,Hyderabad,Telangana,2024-01-04,XXXX9697,Active,1127.0
1962,MCH5054,"Kara, Mandal And Mitra",5812.0,Restaurants & Food,Sole Proprietor,Kolkata,West Bengal,2024-01-29,,Suspended,5895.31
1963,MCH5055,Aggarwal-Doctor,5912.0,Medical,Private Limited,Hyderabad,Telangana,2024-07-04,,Active,3805.08
1964,MCH5056,Subramaniam Plc,5411.0,Grocery,Partnership,Bengaluru,Karnataka,,WHRV5412713701234,Suspended,473.92
1965,MCH5061,Natarajan Inc,5699.0,Apparel & Fashion,Sole Proprietor,Ludhiana,Punjab,2025-10-10,3155448560,Active,1265.19
1966,MCH5064,Pandey-Sangha,5699.0,Apparel & Fashion,Sole Proprietor,Bengaluru,Karnataka,2023-12-31,XXXX3296,Active,2028.77
1967,MCH5067,Mangat-Pant,4814.0,Telecom,Individual,Pune,Maharashtra,2024-02-27,NOGU4869470784091,Active,1263.65
1968,MCH5070,Rau-Nagar,5999.0,Miscellaneous,Private Limited,Chennai,Tamil Nadu,2024-12-04,,Active,11139.0
1969,MCH5072,Shroff-Sangha,5999.0,Miscellaneous,Private Limited,Jaipur,Rajasthan,2024-12-08,XXXX4443,Active,3955.29
1970,MCH5077,"Chauhan, Thakur And Chacko",5411.0,Grocery,Individual,Jaipur,Rajasthan,2023-11-12,9740262322,Inactive,250.88
1971,MCH5079,Ramaswamy-Trivedi,5311.0,Department Store,Private Limited,Bengaluru,Karnataka,2024-07-01,MSIB5848944508855,On Hold,549.02
1972,MCH5080,"Shere, Jha And Sarma",5912.0,Medical,Sole Proprietor,Kolkata,West Bengal,2025-02-22,,Active,2711.51
1973,MCH5081,"Bhatia, Srinivasan And Sampath",5912.0,Medical,Private Limited,Chennai,Tamil Nadu,2024-01-19,6512242126,Active,869.22
1974,MCH5084,Doshi Llc,5942.0,Books & Stationery,Individual,Jalandhar,Punjab,2025-06-11,5224325531,Active,182.0
1975,MCH5086,Balan Llc,5999.0,Miscellaneous,Private Limited,Amritsar,Punjab,2023-12-19,XXXX8174,Active,575.58
1976,MCH5089,Korpal-Parmer,5311.0,Retail,Private Limited,Jaipur,Rajasthan,2024-06-14,,Active,3730.0
1977,MCH5090,Chacko-Dora,5411.0,Grocery,Sole Proprietor,Hyderabad,Telangana,2023-12-27,DVGQ3463891046958,Active,
1978,MCH5091,Rau-Ratta,5812.0,Restaurants & Food,Partnership,Kolkata,West Bengal,2024-03-24,ZHRH0362265719965,Active,755.0
1979,MCH5092,Dubey-Gade,4814.0,Telecom,Partnership,Kolkata,West Bengal,2023-07-01,,Active,730.73
1980,MCH5093,Khatri-Kata,5411.0,Grocery,Partnership,Jaipur,Rajasthan,2024-10-28,,Inactive,1344.37
1981,MCH5097,Sathe Inc,5311.0,Department Store,Sole Proprietor,Jaipur,Rajasthan,2023-07-05,XXXX5532,Active,997.33
1982,MCH5100,Garde-Mody,5411.0,Grocery,Sole Proprietor,Hyderabad,Telangana,2023-02-12,HBWM0411273165352,Active,347.68
1983,MCH5103,"Morar, Kannan And Purohit",7011.0,Hotel & Lodging,Individual,Lucknow,Uttar Pradesh,2023-12-11,8919993904,Suspended,
1984,MCH5106,Luthra Llc,5942.0,Books & Stationery,Private Limited,Jalandhar,Punjab,2023-12-01,XXXX6321,Active,411.0
1985,MCH5108,Bora Llc,5411.0,Grocery,Private Limited,Jalandhar,Punjab,2025-03-16,DLNH5334244521006,Active,
1986,MCH5110,"Anne, Nayak And Chada",5311.0,Department Store,Private Limited,Amritsar,Punjab,2023-04-26,6381447674,Active,478.0
1987,MCH5111,Ramachandran Group,,Department Store,Private Limited,Ludhiana,Punjab,2026-01-05,9740232667,Active,541.94
1988,MCH5112,Agarwa1 Ltd,5311.0,Retail,Private Limited,Chennai,Tamil Nadu,2026-02-18,,Active,782.67
1989,MCH5113,Mani-Buch,5699.0,Apparel & Fashion,Partnership,Pune,Maharashtra,2025-04-11,XXXX7200,Active,2132.66
1990,MCH5114,Sarraf-Iyengar,5912.0,Pharmacy,Individual,Delhi,Delhi,2025-02-26,XRZF4644234669872,Active,452.11
1991,MCH5117,Bava-Sani,5311.0,Department Store,Private Limited,Amritsar,Punjab,2023-05-07,ICYL7735321082205,Active,557.72
1992,MCH5119,Raghavan-Shere,5812.0,Restaurants & Food,Sole Proprietor,Chennai,Tamil Nadu,2025-09-14,,Active,1149.0
1993,MCH5121,Ramakrishnan Inc,4131.0,Transportation,Sole Proprietor,Ludhiana,Punjab,2023-11-27,,Active,3794.33
1994,MCH5122,K0Ta-R0Y,5699.0,Apparel & Fashion,Individual,Delhi,Delhi,2025-08-20,XXXX7270,Active,390.64
1995,MCH5125,Dave And Sons,5812.0,Restaurants & Food,Private Limited,Ludhiana,Punjab,2025-06-15,XXXX1925,Active,838.15
1996,MCH5127,Sankar Group,7011.0,Hotel & Lodging,Partnership,Delhi,Delhi,2024-09-06,3303273399,Active,2034.47
1997,MCH5129,"Kant, Chaudhari And Sarna",4131.0,Transportation,Sole Proprietor,Chennai,Tamil Nadu,2025-07-19,QYZU2715177783366,Active,4873.16
1998,MCH5133,Sawhney Group,5411.0,Grocery,Individual,Hyderabad,Telangana,2024-12-10,959364769,Active,1388.77
1999,MCH5135,Kapoor Ltd,5699.0,Apparel & Fashion,Partnership,Chennai,Tamil Nadu,2024-02-25,XXXX2733,Active,1221.22
2000,MCH5136,Thakur And Sons,4131.0,Transportation,Sole Proprietor,Jaipur,Rajasthan,2025-10-02,8466988688,Suspended,2681.3
2001,MCH5137,Bath-Keer,4814.0,Telecom,Private Limited,Bengaluru,Karnataka,2024-06-11,XXXX5840,Suspended,634.0
2002,MCH5141,Gera-Kashyap,4814.0,Telecom,Partnership,Ludhiana,Punjab,2024-08-01,,Active,2000.07
2003,MCH5144,Johal Ltd,7011.0,Hotel & Lodging,Sole Proprietor,Jalandhar,Punjab,2024-02-01,XXXX0257,Inactive,490.7
2004,MCH5146,Wadhwa-Swamy,5311.0,Department Store,Partnership,Jalandhar,Punjab,2023-11-05,,Active,
2005,MCH5147,"Rao, Mahal And Wable",5999.0,Miscellaneous,Private Limited,Jalandhar,Punjab,2024-09-16,8569345830,Active,687.0
2006,MCH5148,"Bose, Ranganathan And Bose",5411.0,Grocery,Individual,Amritsar,Punjab,2024-10-20,,Active,
2007,MCH5151,Sachar-Lad,4131.0,Travel,Partnership,Mumbai,Maharashtra,2025-04-09,7481974508,Active,703.87
2008,MCH5154,Dhingra-Sunder,5999.0,Miscellaneous,Sole Proprietor,Pune,Maharashtra,2025-06-14,1153641874,Active,2001.0
2009,MCH5156,"Bumb, Buch And R0Ut",7011.0,Hotel & Lodging,Private Limited,Mumbai,Maharashtra,2025-10-11,,Active,1483.33
2010,MCH5159,"Boase, Nadkarni And Kala",4131.0,Transportation,Private Limited,Jaipur,Rajasthan,2025-05-18,DDIU4780752450137,Active,214.1
2011,MCH5160,Subramanian Inc,7011.0,Hotel & Lodging,Partnership,Amritsar,Punjab,2025-11-17,,Active,1435.76
2012,MCH5162,Srinivas-Sule,5311.0,Retail,Individual,Jaipur,Rajasthan,2025-02-20,3127556904,Active,1145.33
2013,MCH5163,"Pandit, Lad And V0Ra",4814.0,Telecom,Individual,Kolkata,West Bengal,2023-05-31,XXXX7995,Active,1014.92
2014,MCH5164,"Yohannan,Sahniandbasak",5411.0,Department Store,Individual,Mumbai,Maharashtra,2023-09-01,8938397659,Inactive,830.61
2015,MCH5166,Rastogi Ltd,,Grocery,Individual,Hyderabad,Telangana,2025-11-10,XXXX4606,Active,1432.96
2016,MCH5167,Bose And Sons,5942.0,Books & Stationery,Private Limited,Jalandhar,Punjab,2025-08-20,,Inactive,1269.25
2017,MCH5169,Kurian-Narayan,5942.0,Books & Stationery,Individual,Jalandhar,Punjab,2024-06-01,7935605737,Active,1621.49
2018,MCH5171,"Pandya, Bawa And Kibe",4131.0,Transportation,Partnership,Jaipur,Rajasthan,2024-11-18,XXXX5385,Active,1895.53
2019,MCH5176,"Samra,Sampathandchaudhuri",4131.0,Travel,Individual,Jalandhar,Punjab,2025-03-18,,Active,905.0
2020,MCH5180,Varkey Inc,5699.0,Apparel & Fashion,Individual,Lucknow,Uttar Pradesh,2025-09-26,XXXX1928,Active,1047.37
2021,MCH5182,"Kadakia, Raman And Badal",4131.0,Transportation,Sole Proprietor,Amritsar,Punjab,2023-07-15,5073008487,Inactive,932.0
2022,MCH5183,Chandra Llc,5942.0,Books & Stationery,Individual,Jaipur,Rajasthan,2023-10-16,,Active,578.29
2023,MCH5186,Dey-Bansal,5912.0,Medical,Sole Proprietor,Chennai,Tamil Nadu,2025-09-21,,Active,365.0
2024,MCH5188,"Dube, Nair And Datta",4131.0,Transportation,Individual,Jalandhar,Punjab,2023-03-22,4717131081,Active,2008.92
2025,MCH5190,Karpe Inc,5942.0,Books & Stationery,Sole Proprietor,Delhi,Delhi,2024-06-07,AIVF4646117807271,Active,2042.93
2026,MCH5193,Shetty Inc,5912.0,Pharmacy,Partnership,Amritsar,Punjab,2025-07-13,QQWR4601081024609,Active,
2027,MCH5196,Sagar-Kohli,4131.0,Travel,Partnership,Delhi,Delhi,2024-02-14,9496058139,Active,3536.0
2028,MCH5197,Acharyainc,4131.0,Transportation,Private Limited,Jalandhar,Punjab,,XXXX5691,Active,699.94
2029,MCH5200,Saha Plc,4131.0,Transportation,Private Limited,Ludhiana,Punjab,2025-10-11,,Active,913.24
2030,MCH5203,"Goel, Mishra And Ram",4814.0,Telecom,Sole Proprietor,Bengaluru,Karnataka,2023-04-28,,Active,3326.82
2031,MCH5204,Gokhale Ltd,5411.0,Grocery,Sole Proprietor,Hyderabad,Telangana,,IWXN3869048789492,Active,955.33
2032,MCH5205,"Yogi, Minhas And Goda",5311.0,Department Store,Partnership,Ludhiana,Punjab,2025-01-06,,Inactive,455.0
2033,MCH5208,Mann Inc,5411.0,Grocery,Private Limited,Hyderabad,Telangana,2023-04-10,,Suspended,1269.59
2034,MCH5210,Rege-Sridhar,5942.0,Books & Stationery,Private Limited,Jalandhar,Punjab,2024-05-10,VHMQ6214837340223,Active,1199.73
2035,MCH5213,Keer-Yadav,7011.0,Hotel & Lodging,Private Limited,Jalandhar,Punjab,2023-09-04,NHOQ3812159504524,Active,2157.19
2036,MCH5215,Tank-Golla,5999.0,Miscellaneous,Individual,Hyderabad,Telangana,2024-06-08,XXXX4115,Active,1953.0
2037,MCH5217,Swamy Ltd,5411.0,Grocery,Private Limited,Kolkata,West Bengal,2023-02-22,5295856120,Active,1618.62
2038,MCH5219,Pillay Group,4814.0,Telecom,Partnership,Jalandhar,Punjab,,XXXX0337,Active,834.97
2039,MCH5222,"Char, Warrior And Cherian",5699.0,Apparel & Fashion,Partnership,Chennai,Tamil Nadu,2024-03-19,XXXX0689,Inactive,352.83
2040,MCH5223,"Dua, Raj And Aurora",5812.0,Restaurants & Food,Private Limited,Ludhiana,Punjab,2024-08-06,XXXX3071,Active,986.86
2041,MCH5224,Prabhakar-Baral,5999.0,Miscellaneous,Sole Proprietor,Delhi,Delhi,2024-02-06,VAHS1051982392955,Active,873.18
2042,MCH5225,"Bera, Guha And Narayan",5942.0,Books & Stationery,Individual,Hyderabad,Telangana,2025-08-16,AJUQ5177176562909,Active,
2043,MCH5226,Tiwari-Pau,5999.0,Miscellaneous,Individual,Lucknow,Uttar Pradesh,2023-12-24,6912933947,Active,271.33
2044,MCH5227,"Yogi, Varghese And Balay",5812.0,Restaurants & Food,Individual,Mumbai,Maharashtra,2024-02-10,,Active,2005.26
2045,MCH5230,Bajaj Ltd,,Transportation,Partnership,Delhi,Delhi,2024-02-01,8842729592,Active,3959.52
2046,MCH5231,Om-Shah,5912.0,Pharmacy,Individual,Jaipur,Rajasthan,2023-04-29,2208124689,Active,165.39
2047,MCH5233,Raghavan-Mall,4814.0,Telecom,Partnership,Bengaluru,Karnataka,2026-02-11,,Active,3087.5
2048,MCH5235,Palla Inc,5942.0,Books & Stationery,Partnership,Bengaluru,Karnataka,2024-10-27,,Active,3807.5
2049,MCH5236,"More, Luthra And Deol",5999.0,Miscellaneous,Partnership,Amritsar,Punjab,2023-02-11,,Active,1110.58
2050,MCH5237,Deep-Raja,5999.0,Miscellaneous,Individual,Mumbai,Maharashtra,2025-02-13,XXXX0515,Active,986.24
2051,MCH5239,Saha Inc,5999.0,Miscellaneous,Individual,Lucknow,Uttar Pradesh,2025-09-29,,Active,6907.0
2052,MCH5242,Mishra-Dua,5311.0,Department Store,Individual,Mumbai,Maharashtra,2024-06-08,XXXX0138,Active,
2053,MCH5245,"Bhatt, Kakar And Boase",5311.0,Retail,Individual,Jalandhar,Punjab,2025-06-27,4405470614,Active,2923.74
2054,MCH5247,Nagi Ltd,4814.0,Telecom,Partnership,Amritsar,Punjab,2025-06-06,,On Hold,632.92
2055,MCH5249,Tak Inc,7011.0,Hotel & Lodging,Private Limited,Lucknow,Uttar Pradesh,2025-03-10,,Active,
2056,MCH5250,Virk-Nadkarni,5999.0,Miscellaneous,Partnership,Pune,Maharashtra,2023-07-16,,Suspended,759.43
2057,MCH5251,Sehgal-Yadav,5411.0,Grocery,Sole Proprietor,Bengaluru,Karnataka,2024-11-18,XUHW6533831586352,Active,625.43
2058,MCH5253,Balakrishnan Plc,5912.0,Pharmacy,Sole Proprietor,Mumbai,Maharashtra,2025-07-23,3588777363,Active,
2059,MCH5256,Ghoshllc,4131.0,Transportation,Individual,Chennai,Tamil Nadu,,ASNK4892862388041,Active,429.35
2060,MCH5257,Kara-Sibal,4814.0,Telecom,Individual,Bengaluru,Karnataka,,WHEV2991802850485,Active,1601.92
2061,MCH5258,Kibe-Ramanathan,,Books & Stationery,Partnership,Delhi,Delhi,2024-08-15,IIKD1145736850427,Active,3143.33
2062,MCH5260,"Memon, Ben And Sant",5912.0,Medical,Sole Proprietor,Jalandhar,Punjab,2024-07-25,XXXX7324,Active,1467.0
2063,MCH5261,M0Dy Gr0Up,5942.0,Books & Stationery,Individual,Jaipur,Rajasthan,2025-11-12,,Active,345.16
2064,MCH5263,"Narang, Kata And Pillai",5311.0,Department Store,Private Limited,Ludhiana,Punjab,2024-08-12,,Active,
2065,MCH5265,Natt-Munshi,5411.0,Grocery,Private Limited,Pune,Maharashtra,2024-07-22,4213217107,Active,2606.12
2066,MCH5267,"Chandra, Som And Grewal",4131.0,Transportation,Individual,Hyderabad,Telangana,2025-11-30,2585843766,Active,999.83
2067,MCH5268,Nagy-Ravel,5999.0,Miscellaneous,Sole Proprietor,Kolkata,West Bengal,2025-10-23,AMOJ0905717120034,Suspended,4125.6
2068,MCH5269,"Lala, Raval And Sahni",5942.0,Books & Stationery,Partnership,Jalandhar,Punjab,2024-10-21,1738664466,Active,873.0
2069,MCH5270,"Kannan, Goda And Kade",7011.0,Hotel & Lodging,Individual,Lucknow,Uttar Pradesh,2023-10-13,,Inactive,469.0
2070,MCH5271,Choudhary-Chaudhry,5812.0,Restaurants & Food,Partnership,Ludhiana,Punjab,2025-11-30,1480455412,Active,
2071,MCH5274,"Nair, Dave And Hayre",4131.0,Travel,Individual,Bengaluru,Karnataka,2023-04-08,AJZR1927630901873,Active,598.65
2072,MCH5277,Kannan-Deshmukh,5942.0,Books & Stationery,Private Limited,Lucknow,Uttar Pradesh,2025-09-26,,Inactive,4638.51
2073,MCH5278,"Sarraf, Peri And Ratti",5999.0,Miscellaneous,Private Limited,Kolkata,West Bengal,2025-04-27,,Active,1446.64
2074,MCH5280,Mani-Chada,4131.0,Transportation,Sole Proprietor,Chennai,Tamil Nadu,2025-03-18,XXXX6717,Active,1112.24
2075,MCH5281,Rajagopalan Ltd,7011.0,Hotel & Lodging,Sole Proprietor,Bengaluru,Karnataka,2024-04-02,,Active,939.26
2076,MCH5283,"Ganesh, Parekh And Subramanian",5912.0,Medical,Partnership,Hyderabad,Telangana,2025-03-02,,Active,307.25
2077,MCH5285,"Yadav, Dhawan And Bahri",5311.0,Retail,Individual,Bengaluru,Karnataka,2025-03-08,XXXX3759,Active,220.0
2078,MCH5287,Sachdeva Plc,4131.0,Travel,Partnership,Hyderabad,Telangana,2024-02-06,XXXX8293,Active,823.34
2079,MCH5288,"Thaman, Muni And Om",5999.0,Miscellaneous,Sole Proprietor,Pune,Maharashtra,2023-07-08,7391241084,Active,1015.84
2080,MCH5292,Nori-Dugal,5999.0,Miscellaneous,Sole Proprietor,Pune,Maharashtra,,DLCF1511984552623,Inactive,542.0
2081,MCH5293,Pingle Plc,5999.0,Miscellaneous,Individual,Delhi,Delhi,2023-09-03,XXXX2228,Active,1088.29
2082,MCH5294,Bhakta Group,4814.0,Telecom,Private Limited,Jaipur,Rajasthan,2023-12-27,XXXX2441,Active,765.13
2083,MCH5295,"Goda, Prashad And Narain",,Medical,Individual,Lucknow,Uttar Pradesh,2024-10-27,,Active,888.39
2084,MCH5298,Keer And Sons,5999.0,Miscellaneous,Partnership,Bengaluru,Karnataka,,,Inactive,600.45
2085,MCH5303,Walla Inc,5311.0,Department Store,Private Limited,Chennai,Tamil Nadu,,,Active,1019.0
2086,MCH5305,Taneja Inc,7011.0,Hotel & Lodging,Sole Proprietor,Chennai,Tamil Nadu,2024-01-06,XXXX9718,Active,1731.48
2087,MCH5307,"Balan, Varughese And Dave",5812.0,Restaurants & Food,Partnership,Pune,Maharashtra,,SMCN8377573336751,Active,204.07
2088,MCH5308,Shukla-Trivedi,,Restaurants & Food,Individual,Jaipur,Rajasthan,2025-06-11,7037226511,Active,
2089,MCH5312,Choudhary Inc,5411.0,Grocery,Partnership,Kolkata,West Bengal,2023-07-27,,Active,1438.2
2090,MCH5316,Madan Ltd,5311.0,Department Store,Individual,Kolkata,West Bengal,2023-05-11,,Active,706.61
2091,MCH5317,Seth Plc,7011.0,Hotel & Lodging,Sole Proprietor,Bengaluru,Karnataka,2023-03-01,,Active,2738.46
2092,MCH5320,Ramaswamy-Sarma,4814.0,Telecom,Sole Proprietor,Hyderabad,Telangana,2025-02-11,9234288178,Active,750.06
2093,MCH5321,Maharaj Ltd,5912.0,Pharmacy,Sole Proprietor,Mumbai,Maharashtra,2024-08-29,9534555078,Inactive,
2094,MCH5322,Parsa Llc,5912.0,Pharmacy,Individual,Jalandhar,Punjab,2023-03-26,XXXX3422,Active,2329.55
2095,MCH5328,Dhaliwal Inc,5812.0,Restaurants & Food,Private Limited,Kolkata,West Bengal,2025-04-19,,Active,375.06
2096,MCH5333,Rajagopal-Agate,4814.0,Telecom,Sole Proprietor,Amritsar,Punjab,,,Inactive,15510.71
2097,MCH5335,Shroff And Sons,5311.0,Department Store,Sole Proprietor,Chennai,Tamil Nadu,,XXXX4486,Inactive,1166.0
2098,MCH5339,"Vaidya, Hari And Mistry",5999.0,Miscellaneous,Individual,Delhi,Delhi,2024-08-07,5298779846,Active,514.42
2099,MCH5343,Sangha-Pillay,5411.0,Grocery,Individual,Lucknow,Uttar Pradesh,,4912596257,Inactive,1724.67
2100,MCH5354,Datta-Vala,5812.0,Restaurants & Food,Partnership,Ludhiana,Punjab,2023-02-16,XXXX9615,Active,2213.0
2101,MCH5355,"Sundaram, Gara And Bajwa",5812.0,Restaurants & Food,Sole Proprietor,Kolkata,West Bengal,2023-08-03,,Active,3350.71
2102,MCH5356,"Solanki, Kala And Loke",4814.0,Telecom,Partnership,Hyderabad,Telangana,2023-01-03,TUAH3044152488223,Active,
2103,MCH5360,Pillai And Sons,5912.0,Pharmacy,Individual,Lucknow,Uttar Pradesh,2025-05-07,,Active,745.28
2104,MCH5361,"Baria,Santandmunshi",5942.0,Books & Stationery,Private Limited,Delhi,Delhi,2025-02-01,XXXX6510,Active,
2105,MCH5362,"Kunda, Tiwari And Nagi",5912.0,Medical,Private Limited,Jaipur,Rajasthan,2024-08-09,,Active,1922.99
2106,MCH5366,Bali Ltd,5311.0,Department Store,Private Limited,Lucknow,Uttar Pradesh,2024-02-25,XXXX6307,Inactive,1551.58
2107,MCH5367,Reddy-Chakraborty,5699.0,Apparel & Fashion,Sole Proprietor,Mumbai,Maharashtra,2025-03-01,WHOV7357855523116,Active,1679.09
2108,MCH5370,Shenoy Ltd,5912.0,Medical,Private Limited,Hyderabad,Telangana,2023-06-26,XXXX5771,Active,1465.66
2109,MCH5371,Tailor Ltd,,Department Store,Sole Proprietor,Jalandhar,Punjab,2024-10-08,3819002392,Active,2851.53
2110,MCH5375,"Zacharia, Krishnamurthy And Talwar",5699.0,Apparel & Fashion,Individual,Pune,Maharashtra,2023-02-04,6686840480,Active,
2111,MCH5376,"Narayanan, Palla And Tripathi",4814.0,Telecom,Sole Proprietor,Ludhiana,Punjab,2025-08-14,IUFK0088105725528,Active,2169.37
2112,MCH5378,Biswas-Seshadri,4131.0,Grocery,Sole Proprietor,Kolkata,West Bengal,2025-05-11,,Active,815.52
2113,MCH5381,Jaggi And Sons,5311.0,Department Store,Private Limited,Delhi,Delhi,2025-06-11,,Active,550.97
2114,MCH5383,Ray-Dara,7011.0,Hotel & Lodging,Private Limited,Delhi,Delhi,2025-04-11,8306637821,Active,2541.0
2115,MCH5384,Sibal Inc,5411.0,Grocery,Private Limited,Jaipur,Rajasthan,,,Active,951.53
2116,MCH5386,"Hari, Handa And Madan",4814.0,Telecom,Private Limited,Bengaluru,Karnataka,2023-09-27,,Active,682.57
2117,MCH5387,Khatri Group,7011.0,Hotel & Lodging,Sole Proprietor,Delhi,Delhi,2025-10-06,6200633333,Active,1172.0
2118,MCH5388,Mann-Oza,5942.0,Books & Stationery,Private Limited,Hyderabad,Telangana,,,Active,1696.0
2119,MCH5389,Sem Llc,4131.0,Transportation,Partnership,Jaipur,Rajasthan,2024-06-16,XXXX3272,Active,342.38
2120,MCH5390,Pall-Vig,4131.0,Transportation,Private Limited,Amritsar,Punjab,2024-02-18,9048380759,Active,6624.25
2121,MCH5391,Nagi-Pandya,5411.0,Grocery,Partnership,Kolkata,West Bengal,2025-12-24,,Suspended,1471.0
2122,MCH5395,"Dada, Jani And Kaul",5942.0,Books & Stationery,Partnership,Chennai,Tamil Nadu,2025-03-06,,Active,
2123,MCH5396,Manda-Seth,4131.0,Transportation,Sole Proprietor,Delhi,Delhi,2023-01-11,,Active,439.03
2124,MCH5399,Agate-Wali,5999.0,Miscellaneous,Private Limited,Chennai,Tamil Nadu,2025-12-26,,Active,1379.64
2125,MCH5401,Dave Plc,5311.0,Department Store,Partnership,Mumbai,Maharashtra,2023-06-03,,Active,3231.0
2126,MCH5402,"Mandal, Chada And Deshpande",5411.0,Grocery,Sole Proprietor,Delhi,Delhi,2025-11-08,,Suspended,
2127,MCH5404,Cherian Group,7011.0,Hotel & Lodging,Sole Proprietor,Pune,Maharashtra,2025-04-05,DZIB4073572435126,Active,1440.0
2128,MCH5405,Balan-Sabharwal,5812.0,Restaurants & Food,Individual,Bengaluru,Karnataka,2023-04-07,,Active,2280.95
2129,MCH5408,"Setty, Mangal And Dhar",5411.0,Grocery,Individual,Mumbai,Maharashtra,2026-01-31,XXXX4132,Active,1231.49
2130,MCH5409,Buch Inc,5699.0,Apparel & Fashion,Sole Proprietor,Amritsar,Punjab,2023-03-04,VIYX5305249313484,Active,922.0
2131,MCH5410,Ganesh Llc,7011.0,Hotel & Lodging,Partnership,Delhi,Delhi,2023-01-13,,Active,1114.19
2132,MCH5411,Kale Inc,5411.0,Grocery,Partnership,Pune,Maharashtra,2024-06-21,,Active,708.0
2133,MCH5413,"K0Shy, Batra And K0H1I",5311.0,Department Store,Sole Proprietor,Lucknow,Uttar Pradesh,2023-09-04,,Active,608.0
2134,MCH5414,Bhandari Ltd,7011.0,Hotel & Lodging,Private Limited,Delhi,Delhi,2025-03-26,VQLO7234241275182,Active,155.88
2135,MCH5416,Upadhyay Llc,5942.0,Books & Stationery,Individual,Chennai,Tamil Nadu,2024-07-24,XXXX2133,Active,
2136,MCH5420,Sahni-Ghosh,7011.0,Hotel & Lodging,Sole Proprietor,Kolkata,West Bengal,2025-09-26,1296057901,Active,1993.6
2137,MCH5422,Sawhney Llc,,Apparel & Fashion,Sole Proprietor,Kolkata,West Bengal,2024-08-08,MLTB5743748396701,Active,866.35
2138,MCH5423,"Chanda, Mallick And Butala",5311.0,Department Store,Sole Proprietor,Jaipur,Rajasthan,2024-08-25,XXXX3345,Active,458.56
2139,MCH5425,"Bora, Kibe And Yadav",4814.0,Telecom,Individual,Delhi,Delhi,,3599725292,Suspended,810.1
2140,MCH5426,"Dora, Sehgal And Choudhury",4131.0,Transportation,Individual,Delhi,Delhi,2025-11-14,6432706759,Active,598.49
2141,MCH5430,Thakkar And Sons,5699.0,Apparel & Fashion,Private Limited,Amritsar,Punjab,2023-01-19,,Inactive,4264.84
2142,MCH5433,Subramanian Plc,5699.0,Apparel & Fashion,Partnership,Ludhiana,Punjab,2024-06-07,XXXX5051,Active,673.68
2143,MCH5438,"Krishna, Vohra And Ghose",5912.0,Pharmacy,Sole Proprietor,Chennai,Tamil Nadu,2023-12-11,XXXX0401,Active,1326.9
2144,MCH5441,Sur Group,5411.0,Grocery,Private Limited,Ludhiana,Punjab,2023-02-08,UQUC6317470493069,Active,1094.34
2145,MCH5442,"Ray, Bajaj And Shetty",5411.0,Grocery,Individual,Pune,Maharashtra,2024-11-01,9826997670,Active,448.9
2146,MCH5443,Loyal-Narasimhan,7011.0,Hotel & Lodging,Individual,Kolkata,West Bengal,2023-09-12,VCRF1570737200411,Active,1593.65
2147,MCH5444,Pradhan-Nair,5999.0,Miscellaneous,Sole Proprietor,Lucknow,Uttar Pradesh,2024-07-27,7036093641,Active,372.0
2148,MCH5445,Ganesan Ltd,5311.0,Retail,Partnership,Delhi,Delhi,2025-10-19,BVDS4788304098373,Active,2186.0
2149,MCH5447,Chhabra-Bajaj,,Grocery,Sole Proprietor,Hyderabad,Telangana,2025-04-08,3031826064,Active,363.53
2150,MCH5448,"Bala, Sha And Bera",5311.0,Department Store,Private Limited,Bengaluru,Karnataka,2025-12-08,,Active,523.59
2151,MCH5450,"Karnik, Karan And Boase",4131.0,Books & Stationery,Partnership,Kolkata,West Bengal,2024-09-09,,Active,852.07
2152,MCH5451,Divan Llc,5411.0,Grocery,Partnership,Jaipur,Rajasthan,2025-05-14,,Active,2492.35
2153,MCH5457,Deol Plc,5942.0,Books & Stationery,Sole Proprietor,Jaipur,Rajasthan,2024-12-30,XXXX0292,Active,1085.1
2154,MCH5458,"Korpal, Venkatesh And Choudhary",7011.0,Hotel & Lodging,Individual,Jaipur,Rajasthan,2024-03-17,,Active,
2155,MCH5459,Sachdev Ltd,5699.0,Apparel & Fashion,Sole Proprietor,Bengaluru,Karnataka,,HQPJ1613148200279,On Hold,1804.28
2156,MCH5465,"Keer, Gill And Tank",4814.0,Telecom,Individual,Jaipur,Rajasthan,2023-10-23,WBGT3042878113023,Active,3170.0
2157,MCH5467,"Kurian, Anne And Borra",4814.0,Telecom,Individual,Ludhiana,Punjab,2024-05-17,3367286055,Active,940.0
2158,MCH5472,Dua Group,5942.0,Books & Stationery,Private Limited,Ludhiana,Punjab,2024-09-23,2328427852,Active,778.0
2159,MCH5476,Buch Group,,Pharmacy,Private Limited,Delhi,Delhi,2024-08-03,,Active,1311.87
2160,MCH5477,Mahajan Ltd,5699.0,Apparel & Fashion,Individual,Bengaluru,Karnataka,2025-09-01,CBRP2025489889025,Active,3690.89
2161,MCH5478,"Prashad, Tripathi And Bala",4814.0,Telecom,Private Limited,Jaipur,Rajasthan,2024-06-14,XXXX3083,Active,3789.33
2162,MCH5479,"Mukherjee, Nazareth And Palla",5812.0,Restaurants & Food,Sole Proprietor,Ludhiana,Punjab,2024-02-19,XXXX2442,Active,
2163,MCH5482,"Baral, Tak And Rajan",5812.0,Restaurants & Food,Individual,Kolkata,West Bengal,2025-06-23,XXXX1905,Inactive,710.53
2164,MCH5483,Khare Inc,5311.0,Retail,Sole Proprietor,Jalandhar,Punjab,2025-04-28,5460112584,Active,827.39
2165,MCH5484,Vasa Plc,7011.0,Hotel & Lodging,Individual,Lucknow,Uttar Pradesh,2023-01-06,KFFT4078081558704,Active,
2166,MCH5488,Chaudry-Garde,5411.0,Grocery,Individual,Kolkata,West Bengal,2023-03-31,,Active,405.0
2167,MCH5489,Nath Ltd,5311.0,Department Store,Individual,Jaipur,Rajasthan,2025-01-22,XXXX9871,Active,3788.36
2168,MCH5490,"Bahl, Kakar And Dara",5699.0,Apparel & Fashion,Individual,Hyderabad,Telangana,2025-12-28,JQDE2976951081698,Active,1917.65
2169,MCH5493,Roy Group,5812.0,Restaurants & Food,Partnership,Lucknow,Uttar Pradesh,2024-05-11,8876014777,Active,
2170,MCH5494,Raja Ltd,5942.0,Books & Stationery,Partnership,Ludhiana,Punjab,2025-07-19,XXXX2189,Active,209.91
2171,MCH5496,Bhagat And Sons,5912.0,Medical,Partnership,Lucknow,Uttar Pradesh,2024-08-13,DOMQ3055982121356,Active,
2172,MCH5497,Dayal And Sons,5999.0,Miscellaneous,Private Limited,Delhi,Delhi,2024-04-28,XXXX0595,Active,1767.24
2173,MCH5498,"Gera, Narayan And Sankaran",5311.0,Department Store,Partnership,Kolkata,West Bengal,2025-11-10,8296349363,Active,849.49
2174,MCH5500,"Dubey, Tandon And Batta",4814.0,Telecom,Sole Proprietor,Lucknow,Uttar Pradesh,2024-06-06,8963304371,Active,2211.38
2175,MCH5502,Kaul-Nayar,5912.0,Pharmacy,Sole Proprietor,Chennai,Tamil Nadu,2024-10-18,267393457,Active,716.0
2176,MCH5503,Suri Ltd,4131.0,Transportation,Private Limited,Kolkata,West Bengal,2024-08-30,,Active,2446.68
2177,MCH5505,Korpal Inc,4814.0,Telecom,Individual,Mumbai,Maharashtra,2025-05-05,,Active,1908.25
2178,MCH5511,"Pandya, Dugar And Dube",5999.0,Miscellaneous,Individual,Delhi,Delhi,2025-02-09,,Active,997.89
2179,MCH5516,Muni Llc,5699.0,Apparel & Fashion,Individual,Kolkata,West Bengal,2025-11-17,,Active,1139.0
2180,MCH5518,Bhalla-Chaudhuri,5812.0,Restaurants & Food,Individual,Lucknow,Uttar Pradesh,2025-04-19,,Active,1038.42
2181,MCH5523,Behl Inc,5699.0,Apparel & Fashion,Individual,Lucknow,Uttar Pradesh,2025-06-15,GIRV9312114208892,Active,2946.06
2182,MCH5524,"Mangat, Sanghvi And Shah",5942.0,Books & Stationery,Partnership,Jalandhar,Punjab,2024-09-30,XXXX2255,Active,6188.2
2183,MCH5525,Nagy And Sons,7011.0,Hotel & Lodging,Partnership,Bengaluru,Karnataka,2026-01-29,EFCT6045045841970,Active,1141.1
2184,MCH5528,"Bhagat, Sathe And Iyengar",5411.0,Grocery,Sole Proprietor,Pune,Maharashtra,2026-02-13,,Active,668.43
2185,MCH5529,"Ganguly, Mukherjee And Boase",,Grocery,Private Limited,Chennai,Tamil Nadu,2025-04-01,EMNT5419387001495,Active,879.0
2186,MCH5531,"Dhingra, Sangha And Sidhu",5411.0,Grocery,Partnership,Mumbai,Maharashtra,2025-04-25,878189587,Inactive,
2187,MCH5538,Barad-Nigam,,Telecom,Partnership,Pune,Maharashtra,2025-01-10,,Active,2223.97
2188,MCH5541,Sheth And Sons,5812.0,Restaurants & Food,Individual,Bengaluru,Karnataka,2024-07-13,,Active,548.54
2189,MCH5545,Parikh-Raja,5942.0,Books & Stationery,Sole Proprietor,Lucknow,Uttar Pradesh,2023-06-04,,Active,1144.37
2190,MCH5546,B0Rde Inc,5311.0,Retail,Individual,Ludhiana,Punjab,2024-09-27,JPIE0555435223526,Active,1430.97
2191,MCH5547,Raju Group,5411.0,Grocery,Partnership,Bengaluru,Karnataka,2025-04-15,,Active,915.94
2192,MCH5549,Bahri Ltd,5812.0,Restaurants & Food,Partnership,Chennai,Tamil Nadu,2023-10-06,XXXX0036,Active,1045.04
2193,MCH5551,Narain-Goda,5699.0,Apparel & Fashion,Private Limited,Mumbai,Maharashtra,2026-01-09,,Active,817.05
2194,MCH5553,Salvi-Contractor,5411.0,Grocery,Individual,Kolkata,West Bengal,2024-03-21,,Active,3894.89
2195,MCH5555,Prabhu Ltd,4131.0,Transportation,Private Limited,Bengaluru,Karnataka,2024-12-16,,Active,1663.56
2196,MCH5556,Pau-Kale,5912.0,Medical,Private Limited,Mumbai,Maharashtra,2023-10-31,FLTM9160494360696,Active,513.95
2197,MCH5558,"Rao, Sidhu And Barad",7011.0,Hotel & Lodging,Partnership,Amritsar,Punjab,2024-09-14,,Active,626.0
2198,MCH5559,Muni-Raval,5411.0,Grocery,Private Limited,Jalandhar,Punjab,2026-01-21,,Active,723.26
2199,MCH5560,"D’Alia, Dasgupta And Chakrabarti",4131.0,Transportation,Sole Proprietor,Jalandhar,Punjab,2023-02-09,,Inactive,1247.75
2200,MCH5562,Savant-Narayan,4131.0,Travel,Private Limited,Hyderabad,Telangana,2025-11-18,1333760731,Active,2799.21
2201,MCH5563,"Dubey, Wali And Yadav",,Apparel & Fashion,Sole Proprietor,Kolkata,West Bengal,2024-01-28,5163059320,Active,2198.0
2202,MCH5565,Chatterjee And Sons,5411.0,Grocery,Sole Proprietor,Pune,Maharashtra,2025-11-12,NMWT6772454974745,Active,1083.09
2203,MCH5567,D’Alia Ltd,7011.0,Hotel & Lodging,Individual,Bengaluru,Karnataka,2025-09-09,XXXX2596,Active,271.02
2204,MCH5569,"Thaman, Kar And Dass",5999.0,Miscellaneous,Sole Proprietor,Mumbai,Maharashtra,2026-01-27,3302815921,Inactive,3592.34
2205,MCH5570,"Sahni, Bala And Sharma",5999.0,Miscellaneous,Individual,Delhi,Delhi,2025-11-28,,Suspended,1506.33
2206,MCH5573,"Guha, Dayal And Mutti",5411.0,Grocery,Sole Proprietor,Chennai,Tamil Nadu,,XXXX9546,Active,2684.58
2207,MCH5575,Sandal Llc,5411.0,Grocery,Partnership,Chennai,Tamil Nadu,2024-02-13,XXXX5528,Active,5255.72
2208,MCH5576,Oza Plc,4131.0,Transportation,Sole Proprietor,Bengaluru,Karnataka,2024-07-27,XXXX6114,Active,
2209,MCH5580,Chatterjee-Andra,4131.0,Travel,Private Limited,Lucknow,Uttar Pradesh,2026-01-01,2440958731,Active,512.38
2210,MCH5583,"Sama, Thaman And Bakshi",4814.0,Telecom,Individual,Pune,Maharashtra,2023-07-21,XXXX8722,Active,2696.94
2211,MCH5586,Andra-Sha,5699.0,Apparel & Fashion,Private Limited,Amritsar,Punjab,2023-07-03,4565854983,Suspended,
2212,MCH5587,Pau-Gour,5812.0,Restaurants & Food,Private Limited,Pune,Maharashtra,2025-10-13,AIKN3298712438615,Active,246.08
2213,MCH5588,Divan-Yohannan,4131.0,Transportation,Individual,Hyderabad,Telangana,,,Active,203.0
2214,MCH5590,"Bhandari, M0Re And Bhatti",4131.0,Travel,Partnership,Pune,Maharashtra,2024-10-07,CXPI7064872826114,Inactive,2034.57
2215,MCH5594,Anne Ltd,4814.0,Telecom,Private Limited,Hyderabad,Telangana,2024-03-16,7934234539,Active,1557.37
2216,MCH5595,"Menon, Ahluwalia And Mistry",7011.0,Hotel & Lodging,Sole Proprietor,Jaipur,Rajasthan,2026-02-10,,Active,376.55
2217,MCH5596,Biswas Group,5311.0,Retail,Partnership,Bengaluru,Karnataka,2024-02-12,MQQQ6004896266330,Suspended,
2218,MCH5597,"Shankar, Pandey And Sridhar",5812.0,Restaurants & Food,Private Limited,Lucknow,Uttar Pradesh,,,Active,380.65
2219,MCH5598,"Thakur, Verma And Venkataraman",5912.0,Pharmacy,Individual,Jalandhar,Punjab,2023-09-13,,Active,2948.79
2220,MCH5599,Peri-Bhatti,5942.0,Books & Stationery,Individual,Mumbai,Maharashtra,2023-06-06,,Active,8103.17
2221,MCH5601,Raj-Gopal,7011.0,Hotel & Lodging,Private Limited,Jalandhar,Punjab,2024-05-17,6301334461,Active,
2222,MCH5602,Kaul Plc,5411.0,Grocery,Private Limited,Hyderabad,Telangana,2023-05-17,2312889197,Inactive,469.06
2223,MCH5603,Saha-Sahota,,Restaurants & Food,Partnership,Mumbai,Maharashtra,2025-09-12,XXXX8202,Active,1242.85
2224,MCH5606,Sunder Inc,5411.0,Hotel & Lodging,Partnership,Ludhiana,Punjab,2023-06-25,TYTS3020219689289,Active,965.69
2225,MCH5607,Sengupta-Murty,5942.0,Books & Stationery,Sole Proprietor,Delhi,Delhi,2023-10-05,GVNH6755841589954,Active,2739.15
2226,MCH5608,Raman-Behl,5812.0,Restaurants & Food,Individual,Amritsar,Punjab,2023-10-05,,Active,251.88
2227,MCH5611,Walia-Lad,7011.0,Hotel & Lodging,Partnership,Lucknow,Uttar Pradesh,2025-07-01,XXXX6019,Active,269.25
2228,MCH5618,Biswas And Sons,5912.0,Pharmacy,Partnership,Delhi,Delhi,2024-04-03,XXXX7039,Active,833.5
2229,MCH5619,"Iyer, Lata And Bhatnagar",4131.0,Transportation,Partnership,Bengaluru,Karnataka,2025-07-09,XXXX4930,Active,5962.0
2230,MCH5622,Solanki And Sons,5942.0,Books & Stationery,Individual,Bengaluru,Karnataka,2023-08-13,4391498742,Active,252.61
2231,MCH5626,"Borah, Bedi And Khalsa",7011.0,Hotel & Lodging,Sole Proprietor,Hyderabad,Telangana,2026-02-25,,On Hold,1422.38
2232,MCH5627,"Sridhar, Yogi And Panchal",5411.0,Grocery,Sole Proprietor,Jaipur,Rajasthan,2025-09-23,,Active,483.0
2233,MCH5629,Dixit Llc,5311.0,Retail,Private Limited,Amritsar,Punjab,2023-09-16,OIIO2318495567735,Active,1084.28
2234,MCH5630,Srinivas-Doshi,7011.0,Hotel & Lodging,Sole Proprietor,Amritsar,Punjab,2023-04-28,BCPS7283289501457,Inactive,2338.55
2235,MCH5631,"Bhattacharyya, Behl And Barad",5699.0,Apparel & Fashion,Sole Proprietor,Bengaluru,Karnataka,2025-08-30,XXXX1656,Active,857.0
2236,MCH5632,Tandon Ltd,5311.0,Department Store,Sole Proprietor,Bengaluru,Karnataka,2025-05-29,,Active,270.52
2237,MCH5637,Pandit-Bail,5311.0,Retail,Private Limited,Lucknow,Uttar Pradesh,2024-09-15,XXXX5250,Active,905.79
2238,MCH5639,"Viswanathan, Gupta And Varghese",7011.0,Hotel & Lodging,Sole Proprietor,Mumbai,Maharashtra,2023-09-02,,Active,2712.0
2239,MCH5641,Thaker And Sons,4131.0,Transportation,Partnership,Chennai,Tamil Nadu,2024-02-20,4665430270,Active,1143.48
2240,MCH5642,Ganguly-Kalla,5912.0,Pharmacy,Private Limited,Jalandhar,Punjab,2025-11-19,9623880565,Active,
2241,MCH5644,Prabhu-Chaudhry,5699.0,Apparel & Fashion,Individual,Hyderabad,Telangana,2025-05-09,ZHTO8764288741052,Active,
2242,MCH5645,Dey Ltd,4814.0,Telecom,Private Limited,Jalandhar,Punjab,2025-12-18,9437173245,Active,1164.31
2243,MCH5646,Badal-Anand,4814.0,Telecom,Private Limited,Mumbai,Maharashtra,2025-06-05,XXXX0079,Active,4606.04
2244,MCH5648,Morar And Sons,7011.0,Hotel & Lodging,Individual,Pune,Maharashtra,2023-08-06,DHOL8937164342491,Active,
2245,MCH5652,"Borde, Bhasin And Dua",5411.0,Grocery,Individual,Mumbai,Maharashtra,2023-12-10,XXXX7597,Active,
2246,MCH5656,Narayanan Group,4814.0,Telecom,Partnership,Lucknow,Uttar Pradesh,2023-11-12,SICD4237260629825,Active,509.12
2247,MCH5657,Natt-Goel,5999.0,Miscellaneous,Individual,Delhi,Delhi,,,Active,1355.0
2248,MCH5660,Goda-Goda,5812.0,Restaurants & Food,Partnership,Ludhiana,Punjab,,XXXX9971,Active,
2249,MCH5662,Buch Plc,4131.0,Travel,Partnership,Delhi,Delhi,2023-01-18,9769098268,Active,2776.96
2250,MCH5663,"Goyal, Brahmbhatt And Raja",5912.0,Medical,Individual,Ludhiana,Punjab,2023-05-31,,On Hold,2417.27
2251,MCH5664,"Om, Kari And Pandit",5812.0,Restaurants & Food,Partnership,Hyderabad,Telangana,2024-07-15,7995815997,Inactive,6853.27
2252,MCH5665,"Parikh, Ray And Lall",5942.0,Books & Stationery,Partnership,Jaipur,Rajasthan,2023-09-12,XXXX1393,Active,1428.0
2253,MCH5669,"Sodhi, Luthra And Batta",5812.0,Restaurants & Food,Private Limited,Jalandhar,Punjab,2025-10-08,XXXX1040,Active,1557.34
2254,MCH5671,Bava-Arya,5699.0,Apparel & Fashion,Private Limited,Hyderabad,Telangana,2023-11-18,SNRX5730951285773,Active,2123.47
2255,MCH5673,Palan-Memon,4131.0,Transportation,Sole Proprietor,Delhi,Delhi,2023-09-16,5428187851,Active,414.92
2256,MCH5674,"Chhabra, Samra And Ghosh",4131.0,Transportation,Partnership,Mumbai,Maharashtra,,,Active,1727.77
2257,MCH5676,"Bhatti, Chahal And Mishra",5311.0,Retail,Individual,Jalandhar,Punjab,2025-07-15,9996182575,Active,744.63
2258,MCH5678,Bhat-Borra,5912.0,Medical,Private Limited,Amritsar,Punjab,2024-06-08,5991796313,Active,677.93
2259,MCH5683,Subramanian Group,5311.0,Department Store,Private Limited,Lucknow,Uttar Pradesh,2024-10-24,XUFZ9750077803623,Active,774.44
2260,MCH5684,Arora Plc,5699.0,Apparel & Fashion,Sole Proprietor,Kolkata,West Bengal,2023-11-15,XXXX4030,Active,898.89
2261,MCH5687,"Prasad, Tank And Char",4131.0,Transportation,Individual,Ludhiana,Punjab,,XXXX6544,Active,487.38
2262,MCH5695,Divan Inc,5699.0,Apparel & Fashion,Individual,Hyderabad,Telangana,2025-08-20,6474425874,Active,
2263,MCH5696,Mittal Group,5411.0,Grocery,Private Limited,Chennai,Tamil Nadu,2024-05-18,,Active,2595.13
2264,MCH5697,"Kapadia, Sharma And Maharaj",,Miscellaneous,Partnership,Pune,Maharashtra,2023-08-27,IHYO1132265068472,Active,4565.23
2265,MCH5698,Rana Ltd,5942.0,Books & Stationery,Private Limited,Chennai,Tamil Nadu,2025-01-07,,Active,2808.27
2266,MCH5701,"Lad, Thakkar And Nazareth",4131.0,Transportation,Private Limited,Kolkata,West Bengal,,XXXX7572,Active,1254.73
2267,MCH5704,Bhardwaj And Sons,5942.0,Books & Stationery,Sole Proprietor,Delhi,Delhi,2024-03-09,XXXX2621,Active,885.73
2268,MCH5705,"Palan, Bhargava And Jaggi",4131.0,Transportation,Individual,Lucknow,Uttar Pradesh,2026-02-05,,Active,1360.45
2269,MCH5707,De01 Gr0Up,5411.0,Grocery,Partnership,Hyderabad,Telangana,2023-09-19,NRWL7844875974966,Active,666.58
2270,MCH5709,Shroff-Mukherjee,4814.0,Telecom,Private Limited,Jaipur,Rajasthan,2024-11-10,FPQT8539252763493,Active,668.22
2271,MCH5710,Karnik Ltd,5942.0,Books & Stationery,Partnership,Jaipur,Rajasthan,2025-12-24,4751773025,Active,2156.34
2272,MCH5712,Goda-Kashyap,5942.0,Books & Stationery,Private Limited,Amritsar,Punjab,2025-01-12,ILKC7960163227117,Active,
2273,MCH5715,"Bansal,Aryaandbhat",5912.0,Pharmacy,Private Limited,Bengaluru,Karnataka,2025-01-20,,Active,1290.0
2274,MCH5716,Nadig Inc,4814.0,Telecom,Individual,Chennai,Tamil Nadu,2025-06-26,,Active,1811.84
2275,MCH5717,"Kuruvilla, Deol And Rama",5942.0,Books & Stationery,Sole Proprietor,Jaipur,Rajasthan,2023-05-16,,Active,8901.44
2276,MCH5720,Karnik Group,5942.0,Books & Stationery,Partnership,Amritsar,Punjab,2023-10-28,9007561693,Active,6186.34
2277,MCH5722,Kant-Gara,7011.0,Hotel & Lodging,Partnership,Lucknow,Uttar Pradesh,2024-12-16,3048409027,Active,1451.76
2278,MCH5723,Doctor Llc,,Grocery,Private Limited,Kolkata,West Bengal,2023-04-08,XXXX6555,Active,
2279,MCH5727,"Sandal, Deshmukh And Lata",5699.0,Apparel & Fashion,Partnership,Bengaluru,Karnataka,2024-04-21,9631209751,Active,411.34
2280,MCH5734,Balan Inc,5311.0,Department Store,Private Limited,Jalandhar,Punjab,2025-05-20,,Active,2000.53
2281,MCH5736,Agate Llc,4131.0,Transportation,Sole Proprietor,Delhi,Delhi,2023-04-16,XXXX7731,Active,3557.14
2282,MCH5737,"Chaudhary, Raghavan And Brahmbhatt",5912.0,Pharmacy,Individual,Amritsar,Punjab,2026-02-25,,Active,1419.52
2283,MCH5740,Dayal-Desai,5699.0,Apparel & Fashion,Sole Proprietor,Chennai,Tamil Nadu,2025-04-10,,Active,4887.0
2284,MCH5741,Rajagopalan Plc,5942.0,Books & Stationery,Individual,Hyderabad,Telangana,2025-10-29,2788746336,Inactive,1562.28
2285,MCH5744,Dalal-Lall,7011.0,Hotel & Lodging,Private Limited,Chennai,Tamil Nadu,2023-05-31,XXXX1007,Active,3350.6
2286,MCH5745,"Bahri, Dutta And Narang",4131.0,Transportation,Individual,Bengaluru,Karnataka,2024-03-27,GWGG2673614762721,Active,955.1
2287,MCH5747,"Narasimhan, Doshi And Pall",5812.0,Restaurants & Food,Private Limited,Kolkata,West Bengal,2025-08-05,XXXX9034,Active,4280.12
2288,MCH5749,"Bir, Sibal And Arya",5942.0,Books & Stationery,Partnership,Mumbai,Maharashtra,2024-05-10,,Active,1490.24
2289,MCH5753,Handa Inc,5812.0,Restaurants & Food,Sole Proprietor,Hyderabad,Telangana,2025-11-04,XXXX3053,Active,3518.1
2290,MCH5758,"Aggarwal, Hayer And Nayar",5999.0,Miscellaneous,Individual,Amritsar,Punjab,2023-09-22,XXXX0401,Active,3630.79
2291,MCH5762,Hayre And Sons,5942.0,Books & Stationery,Sole Proprietor,Kolkata,West Bengal,2024-01-05,XXXX2767,Active,823.98
2292,MCH5765,Murty Inc,4131.0,Transportation,Partnership,Mumbai,Maharashtra,2025-07-18,,Active,2715.83
2293,MCH5766,Varkey-Datta,4814.0,Telecom,Private Limited,Mumbai,Maharashtra,2024-02-18,,Active,
2294,MCH5767,Pandya Inc,4814.0,Telecom,Individual,Jaipur,Rajasthan,2024-01-09,6172553008,Active,793.79
2295,MCH5768,Brar Inc,5812.0,Restaurants & Food,Sole Proprietor,Hyderabad,Telangana,2023-04-04,PTPO3474925086916,Active,1354.3
2296,MCH5770,Kari Llc,5912.0,Medical,Private Limited,Hyderabad,Telangana,2025-01-29,,Active,573.41
2297,MCH5775,Srinivas Ltd,5311.0,Department Store,Individual,Kolkata,West Bengal,2025-11-01,AIEV2153769743983,Active,7152.05
2298,MCH5776,Varma-Bahri,5699.0,Apparel & Fashion,Individual,Mumbai,Maharashtra,2025-10-04,509545143,Inactive,807.85
2299,MCH5777,Dubey And Sons,5999.0,Miscellaneous,Individual,Bengaluru,Karnataka,2025-12-01,,Inactive,4320.83
2300,MCH5780,Tara-Palan,5699.0,Apparel & Fashion,Individual,Bengaluru,Karnataka,2024-11-01,,Active,1736.15
2301,MCH5781,Bava And Sons,7011.0,Hotel & Lodging,Partnership,Hyderabad,Telangana,2024-03-24,,Active,2364.14
2302,MCH5784,"Kakar, Palla And Vyas",5699.0,Apparel & Fashion,Private Limited,Jalandhar,Punjab,2024-06-01,,Active,220.77
2303,MCH5785,Vohra Inc,5699.0,Apparel & Fashion,Partnership,Mumbai,Maharashtra,2023-06-25,6460565959,Active,1694.59
2304,MCH5786,"Bhasin, Manda1 And Tank",4131.0,Transportation,Individual,Kolkata,West Bengal,2025-08-02,2599782072,Inactive,1913.26
2305,MCH5787,Bassi Inc,7011.0,Hotel & Lodging,Sole Proprietor,Mumbai,Maharashtra,2025-06-24,XXXX0298,Active,555.97
2306,MCH5790,Devi And Sons,5942.0,Books & Stationery,Partnership,Jaipur,Rajasthan,2024-06-03,LANA4621044039956,Active,8961.2
2307,MCH5792,"Bava, Krish And Ghose",4131.0,Transportation,Partnership,Amritsar,Punjab,2024-07-09,878817279,On Hold,1136.54
2308,MCH5793,Pathak Group,4131.0,Transportation,Individual,Mumbai,Maharashtra,2025-04-27,5675595225,Active,1570.7
2309,MCH5794,Gulati And Sons,5999.0,Miscellaneous,Private Limited,Bengaluru,Karnataka,2024-07-18,,Active,614.67
2310,MCH5795,"Sunder, Bera And Srinivas",7011.0,Hotel & Lodging,Private Limited,Kolkata,West Bengal,2023-05-19,,Active,167.0
2311,MCH5797,Sami Ltd,5942.0,Books & Stationery,Individual,Jalandhar,Punjab,2024-03-05,YJXP8191139167716,Active,651.76
2312,MCH5798,Divan-Mahal,5812.0,Restaurants & Food,Individual,Jaipur,Rajasthan,2023-02-19,1492699438,Active,110.98
2313,MCH5799,Nagar Inc,7011.0,Hotel & Lodging,Private Limited,Jalandhar,Punjab,2026-02-16,RWJB2008792112548,Active,209.08
2314,MCH5801,"Narasimhan, Grewal And Vora",4131.0,Transportation,Private Limited,Delhi,Delhi,2023-08-08,,Active,1697.55
2315,MCH5805,Natarajan-Walla,4131.0,Transportation,Partnership,Ludhiana,Punjab,2025-06-03,XXXX1704,Active,449.15
2316,MCH5807,Madan Ltd,5311.0,Department Store,Sole Proprietor,Jalandhar,Punjab,2023-11-06,XXXX1600,Active,1974.14
2317,MCH5809,Buch Plc,4131.0,Transportation,Individual,Bengaluru,Karnataka,2025-01-22,,Active,461.99
2318,MCH5812,Aurora And Sons,7011.0,Hotel & Lodging,Sole Proprietor,Hyderabad,Telangana,2024-03-03,7984668048,Active,410.12
2319,MCH5813,Nair Inc,4814.0,Telecom,Sole Proprietor,Chennai,Tamil Nadu,,,Active,1408.29
2320,MCH5822,Gandhi-Krish,5311.0,Retail,Sole Proprietor,Bengaluru,Karnataka,2023-02-10,7874103727,Active,1268.39
2321,MCH5823,Sen Llc,4814.0,Telecom,Sole Proprietor,Pune,Maharashtra,2024-08-30,,Active,7119.48
2322,MCH5825,Bhardwaj-Sachdeva,5942.0,Books & Stationery,Partnership,Bengaluru,Karnataka,2024-05-17,,Active,
2323,MCH5829,Batta Ltd,5812.0,Restaurants & Food,Sole Proprietor,Jalandhar,Punjab,2024-07-11,SFSR8195478520780,Suspended,690.13
2324,MCH5831,Kibe Inc,4814.0,Telecom,Sole Proprietor,Ludhiana,Punjab,2024-01-21,,Active,2267.19
2325,MCH5833,Deep And Sons,5411.0,Grocery,Partnership,Jaipur,Rajasthan,2024-04-04,,Active,4335.22
2326,MCH5834,Sundaram-Sarkar,5812.0,Restaurants & Food,Partnership,Hyderabad,Telangana,2025-07-27,XXXX6821,Active,1502.09
2327,MCH5835,"Kanda, Saraf And Prashad",5699.0,Apparel & Fashion,Sole Proprietor,Jalandhar,Punjab,2023-03-06,,Active,622.64
2328,MCH5841,Nori Group,5912.0,Medical,Sole Proprietor,Mumbai,Maharashtra,2023-01-11,,Active,466.44
2329,MCH5842,"Dutt, Trivedi And Dhingra",5942.0,Books & Stationery,Partnership,Amritsar,Punjab,2024-01-21,XXXX5651,Active,182.55
2330,MCH5843,Wason And Sons,4814.0,Telecom,Individual,Hyderabad,Telangana,2023-05-30,,Inactive,1023.46
2331,MCH5845,Buch Plc,5311.0,Retail,Sole Proprietor,Ludhiana,Punjab,2025-09-25,8892986940,Active,1603.87
2332,MCH5847,"Kar, Gupta And Choudhry",7011.0,Hotel & Lodging,Sole Proprietor,Kolkata,West Bengal,2023-05-20,8964900216,Active,
2333,MCH5849,Balakrishnan Ltd,5699.0,Apparel & Fashion,Private Limited,Lucknow,Uttar Pradesh,2025-04-06,,Active,6558.56
2334,MCH5850,Virk-Loke,5699.0,Apparel & Fashion,Partnership,Mumbai,Maharashtra,,QOYF2667573006038,Active,3558.0
2335,MCH5851,"Chakrabarti, Sen And Misra",5411.0,Grocery,Sole Proprietor,Pune,Maharashtra,2026-02-15,XXXX3366,Active,1867.35
2336,MCH5855,"Rajagopalan,Muniandprasad",5411.0,Apparel & Fashion,Partnership,Jalandhar,Punjab,2023-09-08,,Active,115.41
2337,MCH5856,"Wason, Savant And Bahl",,Miscellaneous,Individual,Mumbai,Maharashtra,2026-02-11,,Active,944.06
2338,MCH5857,"Varughese, Vora And Chokshi",4814.0,Telecom,Individual,Lucknow,Uttar Pradesh,2025-11-21,,Inactive,687.33
2339,MCH5861,Manne-Chatterjee,5812.0,Restaurants & Food,Sole Proprietor,Delhi,Delhi,2024-10-28,,Active,174.45
2340,MCH5870,Deol Group,4131.0,Transportation,Sole Proprietor,Chennai,Tamil Nadu,2023-04-02,,On Hold,1911.31
2341,MCH5872,Sandal Ltd,5411.0,Grocery,Private Limited,Bengaluru,Karnataka,,,Active,2434.63
2342,MCH5873,"Kade, Srivastava And Iyengar",5999.0,Miscellaneous,Partnership,Lucknow,Uttar Pradesh,2023-10-06,,Active,3185.85
2343,MCH5874,Mann-Ma11Ick,7011.0,Hotel & Lodging,Partnership,Delhi,Delhi,2023-11-29,7898379818,Active,1160.0
2344,MCH5879,"Sridhar, Sani And Ma11",4814.0,Telecom,Individual,Hyderabad,Telangana,2025-12-30,XXXX4907,Active,
2345,MCH5880,"Varty, Ratta And Venkataraman",5699.0,Apparel & Fashion,Sole Proprietor,Amritsar,Punjab,2023-06-11,620802937,Active,1913.84
2346,MCH5881,"Bandi, Krishnamurthy And Saran",5411.0,Grocery,Partnership,Amritsar,Punjab,2025-12-13,XXXX6576,Active,345.76
2347,MCH5882,"Barad, Kara And Gokhale",5812.0,Telecom,Sole Proprietor,Chennai,Tamil Nadu,2024-09-25,8200004171,Inactive,626.5
2348,MCH5883,Pillai Ltd,,Books & Stationery,Partnership,Pune,Maharashtra,2024-10-18,ELEN4323090043469,Active,2102.56
2349,MCH5884,Raman And Sons,4131.0,Transportation,Individual,Chennai,Tamil Nadu,,1966210053,Active,743.19
2350,MCH5890,Apte-Sant,5311.0,Department Store,Partnership,Amritsar,Punjab,2026-01-27,BNKX3894227656030,Inactive,2687.77
2351,MCH5892,"Dara, Goswami And Purohit",5812.0,Restaurants & Food,Individual,Bengaluru,Karnataka,2025-02-21,,Active,1175.0
2352,MCH5894,Borra-Tiwari,5311.0,Retail,Partnership,Bengaluru,Karnataka,2025-05-24,,Active,239.64
2353,MCH5895,Dey Llc,4131.0,Travel,Individual,Chennai,Tamil Nadu,2024-05-08,,Active,693.85
2354,MCH5896,Kale Group,5942.0,Books & Stationery,Individual,Hyderabad,Telangana,2023-07-21,3922466271,Active,533.74
2355,MCH5897,Mutti-Doshi,5912.0,Medical,Private Limited,Amritsar,Punjab,2026-01-06,,Active,1302.0
2356,MCH5898,Virk-Mani,5699.0,Apparel & Fashion,Partnership,Delhi,Delhi,2025-08-23,1987474945,Active,2502.05
2357,MCH5900,Sarraf-Nagar,5912.0,Pharmacy,Sole Proprietor,Kolkata,West Bengal,2024-03-23,859371893,Active,380.94
2358,MCH5902,"Iyer, Pal And Kaur",5311.0,Department Store,Private Limited,Pune,Maharashtra,2024-08-14,,Active,441.19
2359,MCH5904,Karan Ltd,5699.0,Apparel & Fashion,Sole Proprietor,Bengaluru,Karnataka,2023-11-29,,Active,1441.0
2360,MCH5905,Karnik Ltd,5812.0,Restaurants & Food,Individual,Pune,Maharashtra,2026-05-02,XXXX6996,Active,653.53
2361,MCH5911,Chacko-Kota,5311.0,Retail,Partnership,Hyderabad,Telangana,2023-09-07,,Active,797.25
2362,MCH5912,"Raman, Viswanathan And Garg",4814.0,Telecom,Individual,Bengaluru,Karnataka,2023-12-01,3092091837,Active,4153.0
2363,MCH5914,Ku1Karni-Deshmukh,5699.0,Apparel & Fashion,Individual,Jaipur,Rajasthan,2025-04-24,,Active,386.71
2364,MCH5915,"Solanki, Banik And Badal",4131.0,Transportation,Individual,Jalandhar,Punjab,2024-10-22,XXXX8472,Active,1488.9
2365,MCH5917,"Tara, Bhasin And Singh",5912.0,Pharmacy,Sole Proprietor,Pune,Maharashtra,2023-08-26,6037353463,Suspended,443.4
2366,MCH5918,Bora-Rege,5699.0,Apparel & Fashion,Partnership,Pune,Maharashtra,2024-09-23,USII8978521648386,Active,
2367,MCH5921,Saraf-Saraf,7011.0,Hotel & Lodging,Individual,Jaipur,Rajasthan,2025-05-31,XXXX9547,Inactive,352.95
2368,MCH5923,"Banik, Yogi And Seth",4814.0,Telecom,Individual,Delhi,Delhi,,CKTY3945451387681,Inactive,378.2
2369,MCH5924,Chana-Thaman,4814.0,Telecom,Sole Proprietor,Delhi,Delhi,2025-09-27,XXXX2862,Active,1054.56
2370,MCH5927,"Hayer, Palla And Ganesh",5699.0,Apparel & Fashion,Private Limited,Lucknow,Uttar Pradesh,2024-06-16,,Active,3764.09
2371,MCH5929,Chaudry-Pal,7011.0,Hotel & Lodging,Private Limited,Chennai,Tamil Nadu,2024-12-11,RXEM4030982599966,Active,705.57
2372,MCH5932,Jani-Sathe,4814.0,Telecom,Partnership,Ludhiana,Punjab,2024-10-09,,Inactive,2383.64
2373,MCH5933,"Natarajan, Swaminathan And Dugar",5999.0,Miscellaneous,Partnership,Kolkata,West Bengal,2025-09-26,XXXX6381,Active,
2374,MCH5934,Krish-Doshi,4131.0,Transportation,Individual,Jaipur,Rajasthan,2024-02-24,2184684980,Active,2895.4
2375,MCH5937,"Babu, Contractor And Sem",5411.0,Grocery,Private Limited,Hyderabad,Telangana,2023-01-04,,Inactive,415.88
2376,MCH5938,Prabhu Llc,5999.0,Miscellaneous,Sole Proprietor,Jalandhar,Punjab,2024-10-16,,Active,590.79
2377,MCH5939,"Mohan, Varughese And Johal",5411.0,Grocery,Partnership,Bengaluru,Karnataka,2024-12-20,XXXX0991,Active,4307.34
2378,MCH5941,G0Ur Ltd,5942.0,Books & Stationery,Private Limited,Lucknow,Uttar Pradesh,2023-04-30,XXXX2222,Inactive,1448.04
2379,MCH5944,Jayaraman-Bhattacharyya,4131.0,Transportation,Private Limited,Hyderabad,Telangana,2023-04-09,BTLX3994335719192,Active,545.7
2380,MCH5950,Dey-Raj,5999.0,Miscellaneous,Sole Proprietor,Amritsar,Punjab,2025-11-29,371217445,Active,
2381,MCH5951,"Sahni, Gour And Sama",5311.0,Department Store,Private Limited,Pune,Maharashtra,2024-05-13,,Active,2353.06
2382,MCH5953,"Sandhu, Srinivas And Thakur",5699.0,Apparel & Fashion,Private Limited,Amritsar,Punjab,2023-09-10,TMUQ0408880729796,Active,3101.03
2383,MCH5954,"Chand, Dora And Dey",4131.0,Restaurants & Food,Private Limited,Chennai,Tamil Nadu,2025-08-28,,Active,1159.45
2384,MCH5955,"Rana, Mangat And De",4814.0,Telecom,Sole Proprietor,Kolkata,West Bengal,2025-05-02,XXXX7902,Active,1491.64
2385,MCH5957,Bose Plc,5942.0,Books & Stationery,Partnership,Jaipur,Rajasthan,2023-09-22,,Inactive,1309.17
2386,MCH5958,"Panchal, Krishnan And Thakkar",5812.0,Restaurants & Food,Private Limited,Chennai,Tamil Nadu,2025-06-16,1176480578,Inactive,999.64
2387,MCH5959,Nigam Group,5942.0,Books & Stationery,Private Limited,Mumbai,Maharashtra,2025-06-14,TOMC3445782175803,Inactive,2495.0
2388,MCH5961,Batra Ltd,5812.0,Restaurants & Food,Individual,Jalandhar,Punjab,2024-05-24,CHMJ2049480871128,Active,608.0
2389,MCH5963,Goyal-Sur,5812.0,Restaurants & Food,Private Limited,Chennai,Tamil Nadu,2025-09-14,XXXX6740,Active,3785.0
2390,MCH5965,Wason Llc,4814.0,Telecom,Partnership,Hyderabad,Telangana,2025-06-03,,Active,2365.0
2391,MCH5966,"Bala, Tandon And Keer",,Grocery,Individual,Lucknow,Uttar Pradesh,2023-06-02,,Active,255.77
2392,MCH5968,"Soman, Issac And Goswami",5311.0,Department Store,Private Limited,Jalandhar,Punjab,2025-10-16,2039525092,Active,5598.75
2393,MCH5970,Babu And Sons,5699.0,Apparel & Fashion,Private Limited,Amritsar,Punjab,2025-01-14,,Inactive,2060.67
2394,MCH5972,Mane Ltd,5942.0,Books & Stationery,Individual,Amritsar,Punjab,2024-06-03,XXXX0204,Active,644.97
2395,MCH5973,Biswas-Dass,5699.0,Apparel & Fashion,Sole Proprietor,Lucknow,Uttar Pradesh,2025-11-25,XXXX1507,Active,
2396,MCH5974,Padmanabhan Llc,5812.0,Restaurants & Food,Individual,Lucknow,Uttar Pradesh,2023-03-11,XXXX9484,Active,1194.0
2397,MCH5979,Mani Group,4131.0,Travel,Private Limited,Bengaluru,Karnataka,2024-07-15,,Suspended,4686.23
2398,MCH5980,Misra-Ganguly,4131.0,Transportation,Individual,Kolkata,West Bengal,2025-08-13,XXXX2799,Active,2762.0
2399,MCH5983,"Morar, Memon And Kala",5311.0,Department Store,Sole Proprietor,Pune,Maharashtra,2025-05-06,4976019828,Active,
2400,MCH5984,Acharya-Badal,5999.0,Miscellaneous,Sole Proprietor,Kolkata,West Bengal,2023-01-03,,Active,515.0
2401,MCH5992,"Anne, Gole And Bhatnagar",5912.0,Pharmacy,Private Limited,Ludhiana,Punjab,2025-12-31,QOVD2358529671548,Active,1637.97
2402,MCH5995,Bassi Ltd,5812.0,Restaurants & Food,Private Limited,Lucknow,Uttar Pradesh,2024-02-01,XXXX5294,Active,2631.68
2403,MCH5997,"Kothari,Basuandkothari",5912.0,Medical,Sole Proprietor,Delhi,Delhi,2025-09-07,4059468429,Inactive,2459.46
2404,MCH5998,Joshi Inc,5411.0,Grocery,Private Limited,Chennai,Tamil Nadu,2024-08-30,,Active,1152.74
2405,MCH5999,Nori Inc,5999.0,Miscellaneous,Private Limited,Jalandhar,Punjab,2026-01-02,XXXX4498,Active,629.41
2406,MCH6001,Murthy-Batra,7011.0,Hotel & Lodging,Sole Proprietor,Jalandhar,Punjab,2024-08-31,DRAQ5734718978671,Active,1116.47
2407,MCH6002,Bal Group,5912.0,Medical,Partnership,Delhi,Delhi,2025-05-14,,Active,718.0
2408,MCH6004,Raval And Sons,5812.0,Restaurants & Food,Partnership,Bengaluru,Karnataka,2025-10-20,,Active,477.72
2409,MCH6009,"Nagar, Chowdhury And Raghavan",,Books & Stationery,Private Limited,Pune,Maharashtra,,XXXX6864,Active,1266.03
2410,MCH6010,"Tak, Sani And Jaggi",5912.0,Pharmacy,Individual,Jaipur,Rajasthan,2024-01-20,TXCH9949373918886,Active,1022.54
2411,MCH6013,Date Ltd,5699.0,Apparel & Fashion,Individual,Mumbai,Maharashtra,2025-11-12,9831248184,Inactive,138.89
2412,MCH6016,Goda Inc,,Books & Stationery,Sole Proprietor,Kolkata,West Bengal,2025-07-21,FWRQ5490581831729,Active,1254.1
2413,MCH6017,"Loyal, Sidhu And Balay",4814.0,Telecom,Sole Proprietor,Amritsar,Punjab,2025-08-01,,Inactive,985.33
2414,MCH6019,Chatterjee Ltd,5411.0,Restaurants & Food,Private Limited,Delhi,Delhi,2026-01-25,UFWO7733965180914,Active,100.27
2415,MCH6020,Goda Ltd,5942.0,Books & Stationery,Sole Proprietor,Lucknow,Uttar Pradesh,2025-01-09,XXXX5529,Active,2555.72
2416,MCH6023,Datta Plc,5411.0,Grocery,Partnership,Ludhiana,Punjab,2026-01-27,6184043041,Active,2183.74
2417,MCH6024,"Saran, Sinha And Barman",5812.0,Restaurants & Food,Sole Proprietor,Jalandhar,Punjab,2026-01-18,XXXX8830,Active,1185.95
2418,MCH6025,Wable And Sons,4814.0,Telecom,Sole Proprietor,Pune,Maharashtra,2026-01-14,,Active,2018.15
2419,MCH6026,Narayanan-Bhatt,5942.0,Books & Stationery,Partnership,Hyderabad,Telangana,2025-09-14,1281831300,Active,746.02
2420,MCH6028,"Devan, Saha And Nagar",7011.0,Hotel & Lodging,Partnership,Jalandhar,Punjab,2023-05-02,XXXX4040,Active,2112.02
2421,MCH6030,"Dhillon, Sunder And Sodhi",5999.0,Miscellaneous,Partnership,Jaipur,Rajasthan,2025-02-19,FIPF1132011620068,Active,884.98
2422,MCH6031,Chauhan Group,5699.0,Apparel & Fashion,Individual,Hyderabad,Telangana,2024-12-13,XXXX4944,Active,654.0
2423,MCH6033,"Sama, Basak And Majumdar",5999.0,Miscellaneous,Private Limited,Hyderabad,Telangana,2025-03-05,665928024,Active,365.0
2424,MCH6034,Sane Inc,5912.0,Medical,Private Limited,Jaipur,Rajasthan,2025-10-18,5791425986,Active,1353.34
2425,MCH6035,Radhakrishnan-Chad,5812.0,Restaurants & Food,Partnership,Delhi,Delhi,2026-01-25,,Active,706.81
2426,MCH6036,Chhabra Group,5699.0,Apparel & Fashion,Sole Proprietor,Amritsar,Punjab,2024-10-01,XXXX4226,Active,
2427,MCH6039,Padmanabhan-Bora,4814.0,Telecom,Sole Proprietor,Lucknow,Uttar Pradesh,,,Active,6727.69
2428,MCH6043,Saran-Rai,5411.0,Grocery,Private Limited,Jaipur,Rajasthan,2025-11-17,,Active,2845.67
2429,MCH6044,Narain-Srivastava,7011.0,Hotel & Lodging,Sole Proprietor,Hyderabad,Telangana,2026-02-11,,Active,141.65
2430,MCH6045,"Bajwa, Wali And Walla",5912.0,Pharmacy,Private Limited,Bengaluru,Karnataka,2023-09-28,2003662760,Active,2897.0
2431,MCH6046,"Palla, Yadav And Bhatnagar",5999.0,Miscellaneous,Individual,Bengaluru,Karnataka,2024-03-27,,Active,2396.76
2432,MCH6050,"Choudhary, Shanker And Rajan",5812.0,Restaurants & Food,Individual,Ludhiana,Punjab,2024-03-26,1328212555,Active,
2433,MCH6051,"Prashad, Date And Sodhi",5311.0,Department Store,Private Limited,Jalandhar,Punjab,2026-01-18,,Active,
2434,MCH6052,Nayak-Wadhwa,5912.0,Pharmacy,Private Limited,Jaipur,Rajasthan,2023-07-12,XXXX8602,Active,600.38
2435,MCH6053,Barad-Sen,5999.0,Miscellaneous,Individual,Kolkata,West Bengal,2025-10-20,4325467547,Active,2730.09
2436,MCH6056,Iyengar-Hegde,4131.0,Transportation,Partnership,Amritsar,Punjab,2025-03-23,,Active,1004.69
2437,MCH6058,Loke Llc,5942.0,Books & Stationery,Sole Proprietor,Amritsar,Punjab,,TMOY5327017538734,Active,317.07
2438,MCH6059,Bhargava Plc,7011.0,Hotel & Lodging,Private Limited,Jaipur,Rajasthan,2025-07-16,XXXX7802,On Hold,333.57
2439,MCH6060,Chacko-Sundaram,4131.0,Transportation,Individual,Jaipur,Rajasthan,2023-03-25,XXXX2924,Inactive,2026.75
2440,MCH6061,Kaur Llc,5912.0,Medical,Individual,Chennai,Tamil Nadu,2025-12-20,PCHM7779378281911,Active,1323.16
2441,MCH6062,Kata Plc,5699.0,Apparel & Fashion,Sole Proprietor,Mumbai,Maharashtra,2025-09-10,3065314778,Active,9045.0
2442,MCH6064,"Wable, Virk And Gaba",5812.0,Restaurants & Food,Private Limited,Amritsar,Punjab,2025-06-09,328512355,Active,5256.61
2443,MCH6067,Chaw1A-Gangu1Y,,Hotel & Lodging,Sole Proprietor,Mumbai,Maharashtra,2025-12-03,FNQE1460028710860,Inactive,700.95
2444,MCH6069,Krish-Joshi,7011.0,Apparel & Fashion,Private Limited,Amritsar,Punjab,2024-07-30,XXXX1701,Active,252.19
2445,MCH6071,Nagy Inc,5311.0,Department Store,Private Limited,Delhi,Delhi,,XXXX2349,Active,
2446,MCH6072,"Bassi, Sarma And Yohannan",,Miscellaneous,Sole Proprietor,Chennai,Tamil Nadu,2024-01-14,OFUG5890068758335,Active,1959.53
2447,MCH6075,"Lad, Menon And Tiwari",4814.0,Telecom,Private Limited,Bengaluru,Karnataka,2023-08-06,3853486592,Active,709.64
2448,MCH6078,Oza-Srinivasan,4814.0,Telecom,Individual,Mumbai,Maharashtra,2023-10-15,,Active,4379.06
2449,MCH6079,Gulati Inc,4131.0,Transportation,Sole Proprietor,Pune,Maharashtra,2023-01-29,XXXX5091,Active,2029.26
2450,MCH6080,"Kanda, Krishnan And Chaudry",5411.0,Grocery,Private Limited,Chennai,Tamil Nadu,2023-02-27,,Inactive,1675.16
2451,MCH6083,"Shah, Deep And Swaminathan",5411.0,Grocery,Partnership,Amritsar,Punjab,2025-06-28,,Active,1417.0
2452,MCH6084,Gera-Patla,,Transportation,Sole Proprietor,Lucknow,Uttar Pradesh,2026-01-26,59005491,Active,3360.46
2453,MCH6090,Bahl-Ramanathan,7011.0,Hotel & Lodging,Sole Proprietor,Jalandhar,Punjab,2025-03-10,3270315873,Active,1685.43
2454,MCH6091,Ratti-Kalita,5942.0,Books & Stationery,Sole Proprietor,Ludhiana,Punjab,2023-09-06,XXXX4886,Active,458.92
2455,MCH6095,"Sahota, Misra And Kata",,Books & Stationery,Partnership,Hyderabad,Telangana,2024-11-29,,Active,665.0
2456,MCH6097,Mannan Plc,5812.0,Restaurants & Food,Partnership,Lucknow,Uttar Pradesh,2025-02-13,XXXX8307,Active,258.41
2457,MCH6099,Yadav Llc,4814.0,Telecom,Partnership,Bengaluru,Karnataka,2025-06-16,7606007756,Active,4726.0
2458,MCH6100,"Pillay, Merchant And Sem",5942.0,Books & Stationery,Private Limited,Jalandhar,Punjab,2023-09-05,672030590,Active,1374.95
2459,MCH6101,Dora-Bajwa,5912.0,Medical,Private Limited,Pune,Maharashtra,2025-07-28,2854493333,Active,3328.35
2460,MCH6102,"Hayre, Peri And Sura",7011.0,Hotel & Lodging,Private Limited,Ludhiana,Punjab,2024-01-26,FLWX5559304020457,Active,
2461,MCH6104,Keer-Gade,5311.0,Department Store,Individual,Kolkata,West Bengal,2023-01-01,DQNV8530720672123,Inactive,935.82
2462,MCH6105,Upadhyay Plc,7011.0,Hotel & Lodging,Sole Proprietor,Kolkata,West Bengal,2024-02-07,,Active,527.81
2463,MCH6107,Pillay Llc,5999.0,Miscellaneous,Sole Proprietor,Jalandhar,Punjab,2024-06-27,COEO9019476576214,Active,1844.34
2464,MCH6109,Sampath Ltd,4814.0,Telecom,Individual,Ludhiana,Punjab,2026-01-15,6737069990,Active,399.08
2465,MCH6112,Luthra-Grover,5942.0,Books & Stationery,Partnership,Jaipur,Rajasthan,2024-06-22,,Active,1366.0
2466,MCH6113,"Shen0Y, Kapadia And Pradhan",5942.0,Books & Stationery,Individual,Amritsar,Punjab,2025-05-21,OAOW4206990585455,Active,8727.62
2467,MCH6114,"Khurana, Chowdhury And Chaudhary",,Telecom,Private Limited,Chennai,Tamil Nadu,,XXXX2122,Active,1212.0
2468,MCH6115,Padmanabhan-Chahal,,Retail,Private Limited,Mumbai,Maharashtra,2024-03-01,XXXX5769,Inactive,266.65
2469,MCH6116,Keer-Shukla,4131.0,Transportation,Individual,Delhi,Delhi,2025-02-18,5115475557,Active,3651.0
2470,MCH6118,"Radhakrishnan, Lala And Devi",5311.0,Department Store,Sole Proprietor,Delhi,Delhi,2024-01-06,6215610983,Active,11547.0
2471,MCH6119,Hayerltd,5912.0,Pharmacy,Individual,Amritsar,Punjab,2025-12-11,,Active,1262.04
2472,MCH6121,Madan Plc,5311.0,Retail,Private Limited,Bengaluru,Karnataka,2023-07-09,2257947989,Active,1208.86
2473,MCH6122,Rai Ltd,4131.0,Transportation,Private Limited,Jalandhar,Punjab,2024-11-02,JNKS9651802205909,Inactive,2198.19
2474,MCH6131,"Dhar, Dada And Bakshi",,Apparel & Fashion,Partnership,Bengaluru,Karnataka,2024-03-10,4600930161,Active,1921.0
2475,MCH6137,"Sidhu, Ahuja And Kumar",5812.0,Restaurants & Food,Partnership,Bengaluru,Karnataka,,510702134,Active,1574.67
2476,MCH6143,Baral Plc,5411.0,Grocery,Partnership,Kolkata,West Bengal,2024-12-05,7112045329,Active,1054.97
2477,MCH6144,Ravi-Dhingra,5912.0,Pharmacy,Private Limited,Hyderabad,Telangana,2023-04-28,,Active,2686.0
2478,MCH6146,Handa Llc,5912.0,Medical,Individual,Amritsar,Punjab,2023-01-01,BIZN7645519547179,Active,
2479,MCH6147,Singhal-Murthy,4131.0,Transportation,Partnership,Mumbai,Maharashtra,2023-06-01,,Active,
2480,MCH6148,Ganesan-Johal,4814.0,Telecom,Partnership,Mumbai,Maharashtra,2023-10-08,XXXX8688,Active,778.99
2481,MCH6150,Nagarajan-Peri,4814.0,Telecom,Sole Proprietor,Delhi,Delhi,2024-04-19,XXXX0784,Active,414.2
2482,MCH6152,Mukhopadhyay Plc,5942.0,Books & Stationery,Individual,Jaipur,Rajasthan,2025-12-20,OXKW4550087815999,Active,1642.16
2483,MCH6155,"Mukhopadhyay, Doshi And Gopal",5411.0,Grocery,Sole Proprietor,Jalandhar,Punjab,2025-10-03,XXXX5418,Active,
2484,MCH6158,"Dhingra, Ratti And Palla",4131.0,Transportation,Sole Proprietor,Amritsar,Punjab,2023-04-26,VDGT0468038681462,Active,1443.6
2485,MCH6161,Sura-Wadhwa,,Telecom,Individual,Bengaluru,Karnataka,2025-04-22,QWHT6526941757258,Active,490.18
2486,MCH6162,"Naik, Kade And Singh",4131.0,Transportation,Partnership,Amritsar,Punjab,2025-03-21,XXXX4537,Active,2176.24
2487,MCH6163,Mani Ltd,5942.0,Books & Stationery,Partnership,Hyderabad,Telangana,2025-10-30,RJUA0543412555773,Active,2298.3
2488,MCH6164,"Bir, Patil And Chahal",5411.0,Pharmacy,Sole Proprietor,Mumbai,Maharashtra,2023-03-01,4503250362,Active,1451.0
2489,MCH6165,"Chandran, Dey And Dalal",,Apparel & Fashion,Private Limited,Delhi,Delhi,2025-08-29,CFEB4939576870397,Active,1513.56
2490,MCH6167,"Chawla, Andra And Varty",4814.0,Telecom,Partnership,Hyderabad,Telangana,2023-05-08,6258351219,Active,2407.62
2491,MCH6168,"Raj, Sharma And Panchal",4131.0,Transportation,Private Limited,Ludhiana,Punjab,2025-08-19,,Active,1123.84
2492,MCH6170,Gh0Se-Mann,5999.0,Miscellaneous,Private Limited,Lucknow,Uttar Pradesh,2023-09-05,5980501724,Active,1120.12
2493,MCH6171,Naik And Sons,5812.0,Restaurants & Food,Individual,Amritsar,Punjab,2023-09-08,,Inactive,4084.17
2494,MCH6172,Raja Inc,5812.0,Restaurants & Food,Sole Proprietor,Hyderabad,Telangana,2024-11-09,,Active,1050.0
2495,MCH6176,"Tandon, Badal And Natarajan",4131.0,Travel,Private Limited,Hyderabad,Telangana,2025-10-12,XXXX9488,Active,2925.84
2496,MCH6180,Thakur And Sons,5699.0,Apparel & Fashion,Private Limited,Lucknow,Uttar Pradesh,2025-05-24,MWYN7782824521830,Active,699.96
2497,MCH6183,"Goel, Swaminathan And Padmanabhan",5411.0,Grocery,Private Limited,Amritsar,Punjab,2025-06-03,4104440790,Active,817.0
2498,MCH6184,Peri-R0Ut,4131.0,Transportation,Sole Proprietor,Mumbai,Maharashtra,,XXXX1239,Active,1637.73
2499,MCH6187,"Shanker, Sastry And Rattan",4131.0,Travel,Individual,Delhi,Delhi,2025-11-17,,Active,327.19
2500,MCH6188,"Batta, Choudhary And Bhalla",4131.0,Transportation,Private Limited,Kolkata,West Bengal,2026-01-09,3109651401,Active,163.0
2501,MCH6190,Pal Ltd,5699.0,Apparel & Fashion,Private Limited,Ludhiana,Punjab,2023-03-01,,Active,376.59
2502,MCH6197,"Koshy, Shah And Ratta",4131.0,Transportation,Partnership,Bengaluru,Karnataka,2024-03-20,AGMV2642641861544,Active,1491.79
2503,MCH6198,Rana-Sabharwal,5311.0,Retail,Individual,Mumbai,Maharashtra,,,Active,410.5
2504,MCH6200,"Kapadia, Bail And Badal",4131.0,Travel,Private Limited,Chennai,Tamil Nadu,2023-09-12,,Active,1183.13
2505,MCH6205,Munshi Inc,4814.0,Telecom,Sole Proprietor,Ludhiana,Punjab,2026-01-01,JWPM8696907638772,Active,230.73
2506,MCH6206,"Sanghvi, Dugar And Rajagopal",4814.0,Telecom,Individual,Chennai,Tamil Nadu,2025-03-31,5473942096,Active,683.76
2507,MCH6207,"Ganesan, Bajwa And Reddy",5912.0,Pharmacy,Partnership,Jaipur,Rajasthan,2023-03-21,1318873894,Active,391.96
2508,MCH6208,Tak-Parmar,4814.0,Telecom,Private Limited,Lucknow,Uttar Pradesh,2024-03-16,XXXX8227,Suspended,
2509,MCH6210,Sem Group,5812.0,Restaurants & Food,Private Limited,Amritsar,Punjab,2024-01-03,,Active,2370.64
2510,MCH6213,Sangha Llc,,Miscellaneous,Private Limited,Delhi,Delhi,2025-12-03,,Active,722.0
2511,MCH6216,"Bhatti, Dass And Deshpande",5411.0,Grocery,Individual,Ludhiana,Punjab,2024-09-08,XXXX5234,Active,1325.06
2512,MCH6218,Chad-Bhakta,5411.0,Grocery,Sole Proprietor,Chennai,Tamil Nadu,2023-12-23,TDSR2442651102267,Active,218.0
2513,MCH6219,"Morar, Walla And Behl",5912.0,Medical,Partnership,Delhi,Delhi,2024-06-24,,Active,4347.57
2514,MCH6221,Shukla And Sons,4131.0,Transportation,Sole Proprietor,Chennai,Tamil Nadu,2025-01-25,,Active,1793.34
2515,MCH6223,Ramanathan-Dhingra,4131.0,Travel,Individual,Lucknow,Uttar Pradesh,2023-03-10,4296850394,Active,306.0
2516,MCH6224,La1-Anand,5912.0,Pharmacy,Private Limited,Delhi,Delhi,2025-07-28,3453251138,Active,3823.0
2517,MCH6225,"Loyal, Mander And Agrawal",5411.0,Grocery,Sole Proprietor,Kolkata,West Bengal,2023-12-17,,Active,859.91
2518,MCH6228,"Kar, Agarwal And Karpe",5812.0,Restaurants & Food,Private Limited,Bengaluru,Karnataka,2024-08-05,,Active,1145.75
2519,MCH6231,"Chand, Johal And Chawla",5812.0,Restaurants & Food,Private Limited,Jalandhar,Punjab,2023-06-26,1062018479,Active,919.0
2520,MCH6233,Vohra Ltd,5942.0,Books & Stationery,Partnership,Delhi,Delhi,2026-02-26,,Active,2389.79
2521,MCH6239,Varkey-More,5699.0,Apparel & Fashion,Private Limited,Lucknow,Uttar Pradesh,2025-08-20,,Active,849.3
2522,MCH6240,"Dutta, Aggarwal And Devan",5812.0,Restaurants & Food,Sole Proprietor,Amritsar,Punjab,2025-09-04,,Active,905.07
2523,MCH6242,Som Inc,5311.0,Department Store,Sole Proprietor,Jaipur,Rajasthan,2023-06-27,ELTM3518126936690,Active,
2524,MCH6244,Memon And Sons,5311.0,Retail,Individual,Mumbai,Maharashtra,2025-11-24,,Inactive,
2525,MCH6246,Kota Inc,5699.0,Apparel & Fashion,Private Limited,Mumbai,Maharashtra,2023-09-17,NSCU9760012397000,Active,1586.1
2526,MCH6247,Dhar-Ram,4814.0,Telecom,Individual,Jaipur,Rajasthan,2026-01-14,,Active,468.52
2527,MCH6251,"Sodhi, Handa And Venkatesh",5411.0,Grocery,Sole Proprietor,Lucknow,Uttar Pradesh,2025-09-18,2729847488,Suspended,291.55
2528,MCH6254,Murthy Group,4814.0,Telecom,Partnership,Amritsar,Punjab,2025-07-05,7655418410,Inactive,
2529,MCH6255,"Gupta, Kibe And Aurora",7011.0,Hotel & Lodging,Partnership,Lucknow,Uttar Pradesh,2023-10-31,5876602681,Active,3182.0
2530,MCH6256,Rana-Walia,5812.0,Restaurants & Food,Sole Proprietor,Ludhiana,Punjab,2025-02-27,XXXX5533,Inactive,330.34
2531,MCH6257,"Parsa, Rana And Raja",5812.0,Restaurants & Food,Partnership,Bengaluru,Karnataka,2023-03-28,948269604,Active,2744.98
2532,MCH6258,"Mitra, Nori And Venkataraman",,Pharmacy,Private Limited,Hyderabad,Telangana,2025-02-10,,Active,353.34
2533,MCH6260,Mittal Plc,5912.0,Pharmacy,Private Limited,Lucknow,Uttar Pradesh,2025-01-27,XXXX9807,Active,
2534,MCH6262,Saran Ltd,5311.0,Department Store,Partnership,Mumbai,Maharashtra,2025-08-04,XXXX7596,Inactive,6560.0
2535,MCH6263,"Bahri, Bajaj And Mander",5942.0,Books & Stationery,Individual,Chennai,Tamil Nadu,2025-09-10,,Inactive,667.85
2536,MCH6267,Mandal-Badal,4814.0,Telecom,Partnership,Mumbai,Maharashtra,2024-12-10,,Active,
2537,MCH6268,"Yogi, Sachar And Mammen",5411.0,Grocery,Sole Proprietor,Jalandhar,Punjab,2025-11-05,XXXX1380,Active,1773.0
2538,MCH6273,"Dubey, Narula And Jhaveri",5311.0,Department Store,Private Limited,Pune,Maharashtra,2025-05-06,,Active,754.63
2539,MCH6274,Mall Inc,7011.0,Hotel & Lodging,Partnership,Amritsar,Punjab,2025-06-21,XXXX1310,Active,1700.39
2540,MCH6275,Tank Plc,4814.0,Telecom,Sole Proprietor,Chennai,Tamil Nadu,2024-08-26,XXXX8300,Active,781.0
2541,MCH6277,"Mangat, Kaur And Guha",7011.0,Hotel & Lodging,Partnership,Delhi,Delhi,2024-04-07,,Active,1786.0
2542,MCH6278,"Keer, Sha And Sama",5912.0,Medical,Partnership,Kolkata,West Bengal,2025-08-23,2867105387,Active,8713.68
2543,MCH6280,Khanna-Kanda,5699.0,Apparel & Fashion,Sole Proprietor,Pune,Maharashtra,,1584508627,Active,243.27
2544,MCH6282,"Chacko, Chakrabarti And Suresh",5411.0,Grocery,Private Limited,Jaipur,Rajasthan,2024-06-16,XXXX6827,Active,1078.0
2545,MCH6284,Ta1War Ltd,7011.0,Hotel & Lodging,Partnership,Amritsar,Punjab,2025-11-27,6681997576,Active,
2546,MCH6285,Kumer-Mane,7011.0,Hotel & Lodging,Private Limited,Bengaluru,Karnataka,2024-10-01,,Active,567.98
2547,MCH6290,Chaudhry-Agarwal,5999.0,Miscellaneous,Partnership,Ludhiana,Punjab,2023-09-01,,Inactive,5757.0
2548,MCH6291,"Bal, Divan And Natt",7011.0,Hotel & Lodging,Private Limited,Amritsar,Punjab,2023-01-18,9816350407,Active,908.0
2549,MCH6293,Bora-Nigam,5311.0,Department Store,Partnership,Jalandhar,Punjab,,,Active,
2550,MCH6296,"Goyal, Vora And Loke",5411.0,Grocery,Private Limited,Lucknow,Uttar Pradesh,,,Active,538.0
2551,MCH6299,Pathak-Mukherjee,5999.0,Miscellaneous,Individual,Delhi,Delhi,2025-02-02,,Active,256.83
2552,MCH6300,Kumar Plc,5699.0,Apparel & Fashion,Partnership,Jaipur,Rajasthan,2025-04-17,,Active,1647.52
2553,MCH6301,"Apte, Vohra And Gade",4814.0,Telecom,Partnership,Jalandhar,Punjab,2023-03-30,,Active,2355.49
2554,MCH6302,Gour-Rattan,4131.0,Transportation,Individual,Hyderabad,Telangana,2024-09-29,HNZM4152862016158,Active,966.01
2555,MCH6305,"Chakraborty,Hansandsahota",4131.0,Transportation,Individual,Mumbai,Maharashtra,2025-10-20,,Active,1075.82
2556,MCH6306,"Ramesh, Viswanathan And Kalita",4131.0,Transportation,Private Limited,Chennai,Tamil Nadu,2026-05-01,XXXX8991,Active,302.6
2557,MCH6308,Seshadri Llc,5699.0,Apparel & Fashion,Private Limited,Delhi,Delhi,2025-10-03,,Active,422.55
2558,MCH6313,Ramanathan Plc,,Grocery,Sole Proprietor,Mumbai,Maharashtra,,THOM0066375833437,Active,3430.73
2559,MCH6314,"Kuruvilla, Lalla And Mallick",5699.0,Apparel & Fashion,Private Limited,Lucknow,Uttar Pradesh,2026-01-05,,Active,697.89
2560,MCH6315,"Pal, Zacharia And Narayan",7011.0,Hotel & Lodging,Sole Proprietor,Mumbai,Maharashtra,2023-04-01,5478307805,Active,529.2
2561,MCH6321,Chander Ltd,5999.0,Miscellaneous,Private Limited,Jaipur,Rajasthan,,,Active,380.1
2562,MCH6325,Mannan-Rattan,5311.0,Department Store,Private Limited,Kolkata,West Bengal,2023-12-29,XXXX9688,Active,1405.47
2563,MCH6326,"Barad,Murtyandtella",5942.0,Books & Stationery,Private Limited,Chennai,Tamil Nadu,2024-06-22,LQXK9607455160094,Active,
2564,MCH6328,"Ray, Pandit And Bala",4814.0,Telecom,Private Limited,Chennai,Tamil Nadu,2025-11-27,GCWI4729638964155,Active,644.89
2565,MCH6329,Srinivas-Banerjee,,Medical,Individual,Kolkata,West Bengal,2024-05-12,XXXX2718,Active,199.46
2566,MCH6331,Wagle-Sinha,5912.0,Medical,Sole Proprietor,Bengaluru,Karnataka,2024-05-10,IOKV1240109633121,Active,2605.3
2567,MCH6332,Shuk1A-Hayre,5311.0,Department Store,Sole Proprietor,Lucknow,Uttar Pradesh,2026-01-12,,Active,788.91
2568,MCH6333,"Kumer, Butala And Sawhney",5699.0,Apparel & Fashion,Individual,Chennai,Tamil Nadu,2024-09-08,HRFV9386173143650,Active,831.77
2569,MCH6336,"Kunda, Kumar And Gulati",,Transportation,Private Limited,Chennai,Tamil Nadu,2024-03-16,XXXX8337,Active,772.78
2570,MCH6337,Chander Llc,5912.0,Pharmacy,Individual,Kolkata,West Bengal,2025-12-28,,Active,1428.08
2571,MCH6338,Dutta Plc,5311.0,Department Store,Individual,Kolkata,West Bengal,2024-06-29,,Active,1835.5
2572,MCH6343,Bains Plc,4814.0,Telecom,Partnership,Mumbai,Maharashtra,2024-07-10,,Active,4598.19
2573,MCH6345,Mani Group,5999.0,Miscellaneous,Partnership,Ludhiana,Punjab,,,Active,1339.21
2574,MCH6351,Mahal-Padmanabhan,5812.0,Restaurants & Food,Partnership,Bengaluru,Karnataka,2025-03-30,IXWO1858083433710,Active,3129.06
2575,MCH6352,Chadhagroup,5411.0,Grocery,Private Limited,Chennai,Tamil Nadu,2024-05-19,QWFC2198127321151,Suspended,419.41
2576,MCH6354,"Gulati, Khosla And Peri",5812.0,Restaurants & Food,Partnership,Lucknow,Uttar Pradesh,2025-08-14,,Active,122.8
2577,MCH6355,Dutt Plc,5699.0,Apparel & Fashion,Private Limited,Bengaluru,Karnataka,2025-04-01,4977061313,Active,495.94
2578,MCH6356,"Pandit, Wagle And Kata",7011.0,Hotel & Lodging,Private Limited,Amritsar,Punjab,2024-08-03,XXXX6397,Inactive,499.8
2579,MCH6359,Pai-Dada,5812.0,Travel,Individual,Jaipur,Rajasthan,2025-05-27,XFLS9466066220965,Active,484.0
2580,MCH6360,"Garg, Char And Sharaf",5912.0,Medical,Sole Proprietor,Mumbai,Maharashtra,2024-02-14,DELE6172573272913,Active,242.87
2581,MCH6361,"Saran, Dhar And Chaudhry",7011.0,Hotel & Lodging,Sole Proprietor,Delhi,Delhi,2023-04-18,9705258117,Active,701.89
2582,MCH6365,Raghavan Llc,4131.0,Transportation,Partnership,Hyderabad,Telangana,2023-10-28,,Active,2729.02
2583,MCH6366,"Hora, Edwin And Zacharia",4814.0,Telecom,Sole Proprietor,Ludhiana,Punjab,2025-03-29,8367872742,Active,780.59
2584,MCH6369,"Chaudhry, Batra And Rama",4131.0,Transportation,Partnership,Jalandhar,Punjab,2024-04-15,3514628122,Inactive,612.29
2585,MCH6370,"Dass, Hegde And Viswanathan",5812.0,Restaurants & Food,Partnership,Jaipur,Rajasthan,2023-03-24,PUYW3534134349316,Active,2201.27
2586,MCH6372,G0Da And S0Ns,5699.0,Apparel & Fashion,Individual,Chennai,Tamil Nadu,2024-05-14,WEUJ5834386997769,Active,515.6
2587,MCH6376,"Naik, Dhillon And Sama",5942.0,Books & Stationery,Partnership,Jalandhar,Punjab,2024-01-20,KHDL5323426037616,Active,2593.39
2588,MCH6377,Balasubramanianllc,5912.0,Medical,Individual,Mumbai,Maharashtra,2025-12-06,LULW1753905866525,Active,1259.93
2589,MCH6379,Chana-Mahajan,5942.0,Books & Stationery,Private Limited,Bengaluru,Karnataka,2025-08-08,XXXX7525,Active,2923.98
2590,MCH6380,Naik-Kalla,5999.0,Miscellaneous,Individual,Pune,Maharashtra,2026-01-02,6290942991,Suspended,
2591,MCH6383,Char Plc,4814.0,Telecom,Sole Proprietor,Bengaluru,Karnataka,2023-10-28,,Active,266.0
2592,MCH6384,"Rave1, Mane And Madan",5912.0,Pharmacy,Partnership,Delhi,Delhi,2023-04-26,8497490345,Active,334.08
2593,MCH6386,Mahajan Inc,5311.0,Retail,Individual,Amritsar,Punjab,2025-03-02,,Active,
2594,MCH6388,Pillai-Subramaniam,5699.0,Apparel & Fashion,Sole Proprietor,Jalandhar,Punjab,2023-04-28,XXXX3833,Inactive,2418.46
2595,MCH6390,Barman Plc,,Medical,Individual,Kolkata,West Bengal,2023-11-24,XXXX9714,Active,
2596,MCH6391,"Bhatti, Keer And Gupta",4814.0,Telecom,Individual,Mumbai,Maharashtra,2025-08-22,,Active,684.0
2597,MCH6392,Thaman Ltd,7011.0,Hotel & Lodging,Partnership,Kolkata,West Bengal,2023-08-03,1989029067,Active,691.37
2598,MCH6394,Yogiinc,5699.0,Apparel & Fashion,Private Limited,Kolkata,West Bengal,2023-10-20,,Active,1717.76
2599,MCH6396,Mani-Puri,5999.0,Miscellaneous,Individual,Lucknow,Uttar Pradesh,2025-04-21,XXXX7558,Active,4113.97
2600,MCH6397,Tella-Lad,5912.0,Pharmacy,Private Limited,Lucknow,Uttar Pradesh,2025-10-10,,Active,872.0
2601,MCH6400,Sem-Keer,5411.0,Grocery,Partnership,Ludhiana,Punjab,2025-12-21,4217077300,Active,13683.2
2602,MCH6401,Ramachandran-Borah,4814.0,Telecom,Private Limited,Bengaluru,Karnataka,2023-07-16,BIIV8391883916775,Active,371.0
2603,MCH6403,"Sahni, Kapur And Ganesh",,Apparel & Fashion,Private Limited,Chennai,Tamil Nadu,2024-05-30,,Active,344.49
2604,MCH6404,Tailor Group,5999.0,Miscellaneous,Private Limited,Jaipur,Rajasthan,2026-02-04,,Suspended,792.4
2605,MCH6405,Jaggi Ltd,5411.0,Grocery,Partnership,Delhi,Delhi,2024-01-26,XXXX6470,Active,4074.0
2606,MCH6408,Gade And Sons,5942.0,Books & Stationery,Sole Proprietor,Chennai,Tamil Nadu,2024-06-11,,Active,4374.58
2607,MCH6409,Wason And Sons,5699.0,Apparel & Fashion,Private Limited,Bengaluru,Karnataka,2024-07-10,TVOP0202048560476,Suspended,1111.14
2608,MCH6410,Dua-Kara,5699.0,Apparel & Fashion,Individual,Delhi,Delhi,,,Active,1003.3
2609,MCH6418,Doctor Ltd,7011.0,Hotel & Lodging,Sole Proprietor,Jalandhar,Punjab,,,Active,1362.45
2610,MCH6419,"Bhalla, Dubey And Salvi",5411.0,Medical,Sole Proprietor,Jaipur,Rajasthan,2024-01-15,,Active,3881.01
2611,MCH6420,Wadhwa And Sons,5912.0,Medical,Partnership,Bengaluru,Karnataka,,724197412,Active,160.44
2612,MCH6421,Wadhwaltd,5699.0,Apparel & Fashion,Sole Proprietor,Bengaluru,Karnataka,2024-01-30,,Active,1782.12
2613,MCH6422,"Bhatnagar, Bora And Venkataraman",5912.0,Pharmacy,Sole Proprietor,Pune,Maharashtra,2025-05-11,,Active,1587.75
2614,MCH6425,Pall-Kanda,5942.0,Books & Stationery,Sole Proprietor,Delhi,Delhi,,,Active,
2615,MCH6427,Bose Inc,5999.0,Miscellaneous,Private Limited,Ludhiana,Punjab,2025-02-07,UHFS8061607261976,Inactive,1949.7
2616,MCH6429,Doshi Group,5699.0,Apparel & Fashion,Sole Proprietor,Amritsar,Punjab,2025-10-15,YIYE8202990184325,Active,369.26
2617,MCH6430,Prakash Group,4814.0,Telecom,Individual,Hyderabad,Telangana,2025-08-05,,Suspended,5278.71
2618,MCH6431,"Batra, Pant And Devan",7011.0,Hotel & Lodging,Partnership,Bengaluru,Karnataka,2026-01-31,XXXX1013,Inactive,1564.0
2619,MCH6433,Bhattacharyya Ltd,4814.0,Telecom,Partnership,Bengaluru,Karnataka,2024-12-31,,Inactive,1248.03
2620,MCH6440,Taneja-Mahajan,5311.0,Department Store,Individual,Jalandhar,Punjab,2025-04-17,2419488462,Active,6682.66
2621,MCH6441,Boase Group,5942.0,Books & Stationery,Sole Proprietor,Amritsar,Punjab,2024-10-18,XXXX1328,Active,4755.4
2622,MCH6445,Shere And Sons,5912.0,Medical,Individual,Ludhiana,Punjab,2025-01-28,,Active,766.0
2623,MCH6446,Contractor Llc,5311.0,Department Store,Individual,Jaipur,Rajasthan,2024-09-23,,Active,1356.41
2624,MCH6447,"Mody, Dara And Ray",5812.0,Restaurants & Food,Individual,Kolkata,West Bengal,2023-05-19,XXXX4551,Active,860.24
2625,MCH6448,Pal Llc,4814.0,Telecom,Partnership,Mumbai,Maharashtra,2024-07-09,XXXX5021,Active,1680.84
2626,MCH6449,Chakraborty-Hans,5812.0,Restaurants & Food,Sole Proprietor,Hyderabad,Telangana,2024-03-01,XXXX5646,Active,1506.6
2627,MCH6450,"Goel, Madan And Gola",5942.0,Books & Stationery,Individual,Chennai,Tamil Nadu,2025-10-15,,Active,855.0
2628,MCH6451,Chandran Group,5311.0,Department Store,Individual,Jalandhar,Punjab,2025-10-07,5694147499,Inactive,165.95
2629,MCH6454,Nagi-Ch0Udhury,5699.0,Apparel & Fashion,Private Limited,Bengaluru,Karnataka,2024-03-28,XXXX1525,Inactive,3116.0
2630,MCH6455,Luthra-Wable,5999.0,Miscellaneous,Partnership,Mumbai,Maharashtra,2023-09-04,7955476293,Active,1528.51
2631,MCH6460,Deol-Narayanan,5311.0,Retail,Partnership,Mumbai,Maharashtra,2026-01-19,XXXX8283,Active,878.73
2632,MCH6462,"Vaidya, Kunda And Bhavsar",5311.0,Retail,Private Limited,Lucknow,Uttar Pradesh,2025-12-19,5665285252,Active,1652.23
2633,MCH6464,Date Llc,5699.0,Apparel & Fashion,Private Limited,Bengaluru,Karnataka,2025-12-03,XXXX4137,Active,3772.0
2634,MCH6465,Chadha-Char,5912.0,Medical,Partnership,Kolkata,West Bengal,2023-04-22,5666974983,Active,749.37
2635,MCH6466,Randhawa Llc,5311.0,Retail,Individual,Pune,Maharashtra,2024-03-06,WUJF6073785687916,Active,3082.9
2636,MCH6468,Golla-Murty,4131.0,Transportation,Partnership,Hyderabad,Telangana,2024-06-20,,Active,
2637,MCH6469,"Bahl, Barad And Dhillon",5311.0,Department Store,Private Limited,Chennai,Tamil Nadu,2025-02-10,,Active,
2638,MCH6473,Tata Group,5812.0,Restaurants & Food,Private Limited,Lucknow,Uttar Pradesh,2023-04-09,3128582685,Suspended,2924.69
2639,MCH6474,Bakshi Ltd,5912.0,Medical,Private Limited,Lucknow,Uttar Pradesh,2025-09-06,UIQO0757463991116,Active,3871.85
2640,MCH6477,Gopal-Dewan,5699.0,Apparel & Fashion,Sole Proprietor,Mumbai,Maharashtra,2025-12-20,GNKM1008209861483,Active,1828.26
2641,MCH6480,Sundaram And S0Ns,5699.0,Apparel & Fashion,Partnership,Mumbai,Maharashtra,2023-11-13,XXXX8936,Active,680.72
2642,MCH6481,Kalita Inc,4131.0,Transportation,Private Limited,Mumbai,Maharashtra,2024-11-29,BFCN8370004846639,Active,1389.63
2643,MCH6482,Mitra-Agate,5311.0,Department Store,Individual,Amritsar,Punjab,2024-06-04,,Inactive,1340.0
2644,MCH6488,"Cheema, Dubey And Kala",5812.0,Apparel & Fashion,Private Limited,Mumbai,Maharashtra,2024-11-14,,Active,1180.07
2645,MCH6492,Peri Llc,5912.0,Pharmacy,Individual,Mumbai,Maharashtra,2025-08-20,,Active,3574.25
2646,MCH6493,"Subramaniam, Prashad And Parmer",,Transportation,Sole Proprietor,Mumbai,Maharashtra,2025-04-13,XXXX8820,Inactive,
2647,MCH6498,Peri-Saran,,Miscellaneous,Private Limited,Kolkata,West Bengal,2025-01-08,XXXX0646,Active,7077.96
2648,MCH6501,Ka1A-Garg,7011.0,Apparel & Fashion,Sole Proprietor,Ludhiana,Punjab,2023-05-07,5422601773,Active,471.98
2649,MCH6502,Mall Plc,5999.0,Miscellaneous,Sole Proprietor,Chennai,Tamil Nadu,2025-05-10,,Inactive,1695.37
2650,MCH6504,"Wagle, Choudhry And Patla",5942.0,Books & Stationery,Private Limited,Jalandhar,Punjab,2025-11-14,,Active,1748.0
2651,MCH6507,"Ba1Akrishnan, Shr0Ff And Tank",4131.0,Transportation,Individual,Ludhiana,Punjab,2024-10-28,XEKQ6062690527278,Active,1269.14
2652,MCH6508,Varty Inc,5912.0,Pharmacy,Individual,Jalandhar,Punjab,2025-09-18,,Active,3434.37
2653,MCH6511,"Doctor, Sur And Badal",5411.0,Grocery,Sole Proprietor,Pune,Maharashtra,2024-07-27,XXXX9778,Active,778.51
2654,MCH6512,"Sagar, Deep And Rao",,Telecom,Sole Proprietor,Hyderabad,Telangana,2025-11-01,1702999144,Active,
2655,MCH6513,"Krishna, Deshpande And Kar",5311.0,Department Store,Individual,Mumbai,Maharashtra,2025-08-13,XXXX3471,Active,2622.03
2656,MCH6514,Lalla-Palan,5812.0,Restaurants & Food,Individual,Kolkata,West Bengal,2025-03-26,XXXX0164,Active,
2657,MCH6517,"Vig, Sen And Kumar",5699.0,Apparel & Fashion,Sole Proprietor,Delhi,Delhi,2023-05-05,,Active,1024.93
2658,MCH6519,"Dhar, Morar And Malhotra",5699.0,Apparel & Fashion,Private Limited,Pune,Maharashtra,2023-05-15,XXXX0332,Active,445.06
2659,MCH6520,Manda-Shah,5912.0,Medical,Individual,Kolkata,West Bengal,2024-08-01,,Active,1457.02
2660,MCH6523,Ramanathan-Wali,5999.0,Miscellaneous,Private Limited,Bengaluru,Karnataka,2024-08-27,CTGF7705622759501,Active,2272.75
2661,MCH6524,Chaudry-Lall,7011.0,Hotel & Lodging,Sole Proprietor,Delhi,Delhi,2023-12-25,RGKG5701905439053,Inactive,
2662,MCH6527,"Lalla, Bhandari And Mane",5411.0,Grocery,Sole Proprietor,Pune,Maharashtra,2025-09-07,AWSX7915320511081,Active,
2663,MCH6530,Muni-Rout,5699.0,Apparel & Fashion,Individual,Pune,Maharashtra,2023-10-15,3811526471,Active,938.29
2664,MCH6535,Nagy And Sons,5411.0,Grocery,Sole Proprietor,Hyderabad,Telangana,2023-11-24,,Active,291.26
2665,MCH6541,"Mahal, Panchal And Doshi",5912.0,Pharmacy,Individual,Mumbai,Maharashtra,2024-06-12,XXXX5174,Active,307.0
2666,MCH6542,Saraf-Dhingra,5311.0,Retail,Sole Proprietor,Mumbai,Maharashtra,2023-12-16,UBFA1146451633512,Active,321.72
2667,MCH6543,Goswami-Ray,5699.0,Apparel & Fashion,Partnership,Chennai,Tamil Nadu,2025-04-04,XXXX9238,Active,2501.19
2668,MCH6545,Garg Plc,5699.0,Apparel & Fashion,Partnership,Ludhiana,Punjab,2024-02-20,,Active,1653.52
2669,MCH6547,"Gupta,Dewanandnadig",5942.0,Books & Stationery,Individual,Hyderabad,Telangana,2023-05-27,,Inactive,974.14
2670,MCH6548,"Kaur, Puri And Agate",4814.0,Telecom,Partnership,Hyderabad,Telangana,2023-09-24,487365346,Active,1154.74
2671,MCH6551,Oza Llc,7011.0,Hotel & Lodging,Private Limited,Lucknow,Uttar Pradesh,2023-07-11,,Active,578.45
2672,MCH6554,Vora Llc,7011.0,Hotel & Lodging,Individual,Bengaluru,Karnataka,2024-10-06,,Inactive,3625.66
2673,MCH6555,Tata-Bajwa,5311.0,Retail,Partnership,Lucknow,Uttar Pradesh,2023-12-24,,On Hold,3890.0
2674,MCH6556,Chana-Barad,5999.0,Miscellaneous,Private Limited,Jalandhar,Punjab,2024-06-09,XXXX3130,Active,1172.0
2675,MCH6559,Patla Ltd,7011.0,Hotel & Lodging,Sole Proprietor,Bengaluru,Karnataka,2025-12-18,,Active,922.45
2676,MCH6560,"Pandit, Jayaraman And Chokshi",4814.0,Telecom,Individual,Hyderabad,Telangana,2023-05-29,3945566171,Active,11930.97
2677,MCH6562,Kant Inc,7011.0,Hotel & Lodging,Sole Proprietor,Chennai,Tamil Nadu,2024-10-14,XXXX2723,Active,2590.35
2678,MCH6563,Naik Plc,4131.0,Travel,Individual,Jalandhar,Punjab,2025-04-04,,Active,1376.0
2679,MCH6565,Parmer-Datta,4814.0,Telecom,Sole Proprietor,Hyderabad,Telangana,2023-07-28,XXXX1044,Active,2464.68
2680,MCH6566,"Purohit, Chacko And Kadakia",4814.0,Telecom,Private Limited,Chennai,Tamil Nadu,2024-03-10,YAOU8203503390794,Inactive,1923.82
2681,MCH6568,Minhas Plc,7011.0,Hotel & Lodging,Sole Proprietor,Amritsar,Punjab,2024-04-10,8442730412,Active,1486.0
2682,MCH6570,Venkataraman Ltd,5912.0,Medical,Private Limited,Delhi,Delhi,2024-01-23,,Active,332.15
2683,MCH6572,Naidu Plc,5311.0,Department Store,Private Limited,Pune,Maharashtra,2025-03-17,HNFH7484368794581,Active,402.0
2684,MCH6574,"Thaman, Gupta And Barad",4814.0,Telecom,Private Limited,Pune,Maharashtra,2024-03-03,2887690427,Active,1371.71
2685,MCH6575,Sanghvi Plc,5942.0,Books & Stationery,Individual,Lucknow,Uttar Pradesh,2025-02-15,JZFS4748636238917,Active,819.0
2686,MCH6577,D’Alia Inc,5699.0,Apparel & Fashion,Partnership,Bengaluru,Karnataka,2023-08-05,,Active,1979.76
2687,MCH6578,Lal-Sachdeva,4131.0,Transportation,Partnership,Jalandhar,Punjab,2026-01-04,2444694216,Active,1965.27
2688,MCH6582,Sagar Group,5912.0,Pharmacy,Partnership,Kolkata,West Bengal,2023-06-09,,Active,1999.0
2689,MCH6583,Raval-Badal,5912.0,Pharmacy,Individual,Kolkata,West Bengal,2025-11-07,6285750236,Active,2083.0
2690,MCH6585,Bansal Ltd,5411.0,Grocery,Private Limited,Mumbai,Maharashtra,2025-01-25,WOEP4190245385925,Inactive,729.86
2691,MCH6586,Pandya Plc,5999.0,Miscellaneous,Individual,Bengaluru,Karnataka,2024-04-29,ADLW1268933500473,Active,520.0
2692,MCH6590,Handainc,5699.0,Apparel & Fashion,Individual,Kolkata,West Bengal,2024-04-07,IRLC4441881574347,Active,2071.46
2693,MCH6593,Sharma-Ahuja,5411.0,Grocery,Sole Proprietor,Jalandhar,Punjab,2025-06-27,RJHM5836701029342,Active,3094.86
2694,MCH6594,Varkey-Bhatti,5411.0,Grocery,Partnership,Pune,Maharashtra,2025-01-24,7425361686,Active,1271.0
2695,MCH6595,More-Sharma,7011.0,Hotel & Lodging,Sole Proprietor,Jalandhar,Punjab,2023-11-12,,Active,308.54
2696,MCH6598,"Sachar, Thakkar And Sachar",5699.0,Apparel & Fashion,Private Limited,Amritsar,Punjab,2024-01-26,FGUE5705085368360,Active,421.0
2697,MCH6600,Raju Inc,7011.0,Hotel & Lodging,Individual,Bengaluru,Karnataka,2025-04-18,IHUG8298515768880,Active,484.58
2698,MCH6602,Thakkar Ltd,4131.0,Travel,Partnership,Mumbai,Maharashtra,2023-01-03,XXXX6968,Active,483.25
2699,MCH6603,Atwal Plc,7011.0,Hotel & Lodging,Sole Proprietor,Jaipur,Rajasthan,2024-08-20,GWCP5106034968553,Active,694.88
2700,MCH6607,Bedi-Bhandari,5812.0,Restaurants & Food,Sole Proprietor,Ludhiana,Punjab,2023-12-30,,Active,1203.0
2701,MCH6608,"Puri, Dar And Mann",,Grocery,Private Limited,Delhi,Delhi,2024-02-10,,Active,
2702,MCH6611,Mand Plc,5411.0,Grocery,Private Limited,Chennai,Tamil Nadu,2023-01-01,,Active,
2703,MCH6612,Sule-Pillay,5812.0,Restaurants & Food,Partnership,Pune,Maharashtra,2025-09-09,ATSN3885757440400,Active,2010.07
2704,MCH6615,Pillay Group,5942.0,Books & Stationery,Individual,Hyderabad,Telangana,2025-09-12,3204013146,Suspended,
2705,MCH6617,Buch Group,5699.0,Apparel & Fashion,Sole Proprietor,Hyderabad,Telangana,2024-09-01,,Active,1759.15
2706,MCH6623,Kakar And Sons,5912.0,Pharmacy,Individual,Pune,Maharashtra,,8474818927,Active,1424.35
2707,MCH6626,Zacharia-Kapadia,5912.0,Pharmacy,Private Limited,Lucknow,Uttar Pradesh,2024-07-25,,Inactive,2864.89
2708,MCH6628,Thakur-Kunda,5912.0,Telecom,Private Limited,Delhi,Delhi,2025-05-13,XXXX4289,Active,1718.0
2709,MCH6630,"Kalla, Vyas And Lanka",5942.0,Books & Stationery,Sole Proprietor,Jaipur,Rajasthan,,,Active,257.87
2710,MCH6632,"Om, Mall And Sandhu",,Transportation,Partnership,Lucknow,Uttar Pradesh,2023-07-28,XXXX3092,On Hold,996.13
2711,MCH6634,"Bobal, Randhawa And Guha",,Miscellaneous,Sole Proprietor,Delhi,Delhi,2024-07-17,4957341463,Active,3780.75
2712,MCH6635,Sehgal Inc,5812.0,Restaurants & Food,Private Limited,Bengaluru,Karnataka,,,Active,1810.23
2713,MCH6637,Sagar Group,5311.0,Retail,Sole Proprietor,Jaipur,Rajasthan,2023-08-16,,Active,
2714,MCH6639,Sandal Group,5812.0,Restaurants & Food,Sole Proprietor,Amritsar,Punjab,2024-05-29,7230745501,Active,3334.16
2715,MCH6641,Sunder-Taneja,5411.0,Grocery,Individual,Kolkata,West Bengal,2025-12-24,,Active,126.11
2716,MCH6643,"Bala, Palla And Srinivas",5942.0,Books & Stationery,Private Limited,Jalandhar,Punjab,2023-06-13,3868687292,Active,1698.35
2717,MCH6645,Buch Llc,4131.0,Transportation,Private Limited,Amritsar,Punjab,2024-09-25,,Active,102.32
2718,MCH6650,Reddy Llc,4131.0,Grocery,Sole Proprietor,Pune,Maharashtra,2024-02-28,XXXX5775,Active,3251.25
2719,MCH6651,"Choudhry, Sarma And Seshadri",7011.0,Hotel & Lodging,Sole Proprietor,Delhi,Delhi,2024-10-05,SMUJ2866206053187,Active,2606.0
2720,MCH6654,Cheema-Dara,7011.0,Hotel & Lodging,Partnership,Mumbai,Maharashtra,2023-12-26,ETTT3125962256169,Active,581.25
2721,MCH6656,Uppal Llc,5812.0,Restaurants & Food,Individual,Ludhiana,Punjab,2023-10-11,XXXX4591,Active,488.8
2722,MCH6657,Atwal-Sarraf,5411.0,Grocery,Partnership,Hyderabad,Telangana,,,Active,804.0
2723,MCH6660,N0Ri Gr0Up,4814.0,Telecom,Sole Proprietor,Chennai,Tamil Nadu,2023-05-26,XXXX4499,Active,3030.0
2724,MCH6662,Din-Gour,5999.0,Miscellaneous,Individual,Pune,Maharashtra,2024-02-26,XXXX2767,Active,3959.93
2725,MCH6665,Wadhwainc,5311.0,Department Store,Private Limited,Delhi,Delhi,2025-07-05,,Active,1714.72
2726,MCH6666,Baral Inc,5699.0,Apparel & Fashion,Individual,Bengaluru,Karnataka,2025-12-22,DXHD9016941179950,Active,381.87
2727,MCH6667,Konda-Jain,5912.0,Pharmacy,Sole Proprietor,Hyderabad,Telangana,2024-10-16,,Active,2831.62
2728,MCH6670,Sawhney Inc,5411.0,Grocery,Individual,Bengaluru,Karnataka,2026-01-17,XXXX5717,Active,
2729,MCH6671,Chandran-Dada,5699.0,Apparel & Fashion,Partnership,Amritsar,Punjab,2023-04-12,6648722960,Active,2579.5
2730,MCH6672,"Mittal, Bajwa And Guha",5812.0,Restaurants & Food,Individual,Delhi,Delhi,2023-08-09,XXXX4811,Active,3663.66
2731,MCH6675,Vora And Sons,,Apparel & Fashion,Partnership,Ludhiana,Punjab,2025-07-31,XXXX5119,Active,769.28
2732,MCH6676,Balakrishnan-Baral,4131.0,Transportation,Partnership,Chennai,Tamil Nadu,2025-08-02,,Active,1126.87
2733,MCH6677,"Deshmukh, Choudhry And Lad",5912.0,Medical,Private Limited,Jalandhar,Punjab,2024-12-05,,Inactive,2949.0
2734,MCH6680,Vaidya-Agrawal,5999.0,Miscellaneous,Partnership,Delhi,Delhi,2025-05-28,,Active,
2735,MCH6681,Baria Plc,4131.0,Transportation,Individual,Delhi,Delhi,2026-02-17,443076547,Inactive,1343.0
2736,MCH6683,Pai Inc,5411.0,Grocery,Individual,Chennai,Tamil Nadu,2025-11-29,XSXE7944444672498,Active,
2737,MCH6692,Parekh Group,5942.0,Books & Stationery,Partnership,Amritsar,Punjab,2023-12-23,XXXX5642,Active,3070.0
2738,MCH6697,"Chanda, Chakraborty And Mand",4814.0,Telecom,Individual,Pune,Maharashtra,2025-09-29,4744924569,Active,706.35
2739,MCH6700,Ravi Ltd,4814.0,Telecom,Partnership,Pune,Maharashtra,,,Active,219.11
2740,MCH6707,Kari Ltd,,Books & Stationery,Sole Proprietor,Bengaluru,Karnataka,2025-06-21,8891593046,Active,1949.47
2741,MCH6708,Soman And Sons,5912.0,Medical,Private Limited,Ludhiana,Punjab,2025-06-03,9694442119,Active,957.0
2742,MCH6711,Loyal-Srinivasan,5411.0,Grocery,Partnership,Hyderabad,Telangana,2025-06-15,XXXX4153,Inactive,931.24
2743,MCH6716,Shan Plc,5699.0,Apparel & Fashion,Partnership,Amritsar,Punjab,2025-09-07,XXXX2064,Active,1208.93
2744,MCH6718,Chaudry-Ramachandran,4814.0,Telecom,Individual,Lucknow,Uttar Pradesh,2024-07-19,XXXX5658,Active,1635.83
2745,MCH6720,"Dhingra, Shukla And Edwin",5912.0,Medical,Partnership,Amritsar,Punjab,2025-08-07,XXXX5057,Active,638.0
2746,MCH6721,"Saran, Varughese And Savant",5912.0,Pharmacy,Individual,Ludhiana,Punjab,2025-11-11,EEDF3505931890281,Active,1696.94
2747,MCH6722,Khalsa-Kapadia,5912.0,Medical,Partnership,Bengaluru,Karnataka,2023-06-03,4686133127,Active,2042.78
2748,MCH6726,Boase-Chatterjee,7011.0,Hotel & Lodging,Individual,Chennai,Tamil Nadu,2024-04-10,,Suspended,1583.09
2749,MCH6729,Sharma And Sons,5311.0,Retail,Partnership,Amritsar,Punjab,2023-01-27,,Active,442.47
2750,MCH6730,"Babu, Sarma And Setty",5912.0,Pharmacy,Partnership,Lucknow,Uttar Pradesh,2023-10-28,XXXX4738,Active,1118.53
2751,MCH6731,Thakurplc,5812.0,Restaurants & Food,Individual,Hyderabad,Telangana,2025-10-25,,Active,305.3
2752,MCH6737,Kohli Inc,5942.0,Books & Stationery,Partnership,Ludhiana,Punjab,2023-07-06,7394942754,Active,675.29
2753,MCH6738,"Jain, Kothari And Subramanian",4814.0,Telecom,Individual,Delhi,Delhi,2025-12-06,MCPW5267667383117,Inactive,1846.61
2754,MCH6741,Parikh-Bhatt,7011.0,Hotel & Lodging,Partnership,Delhi,Delhi,2025-06-20,,On Hold,664.53
2755,MCH6742,Mammen Gr0Up,4814.0,Telecom,Private Limited,Kolkata,West Bengal,2024-03-20,XXXX8463,Active,6284.1
2756,MCH6743,Zacharia Inc,5411.0,Grocery,Individual,Delhi,Delhi,2024-03-31,XXXX6034,Active,1075.68
2757,MCH6744,Grewal Inc,5999.0,Miscellaneous,Private Limited,Hyderabad,Telangana,2023-01-12,,Active,1886.71
2758,MCH6745,Chaudry Plc,7011.0,Hotel & Lodging,Individual,Lucknow,Uttar Pradesh,2023-05-16,,Inactive,2605.91
2759,MCH6746,"Tank, Chanda And Kothari",5411.0,Grocery,Private Limited,Ludhiana,Punjab,2024-02-04,2882499145,Active,2445.51
2760,MCH6748,Sathe Inc,5411.0,Grocery,Sole Proprietor,Kolkata,West Bengal,2023-05-07,,Inactive,1451.17
2761,MCH6751,Jhaveri-Rege,5942.0,Books & Stationery,Private Limited,Jalandhar,Punjab,2023-07-30,,Active,1649.91
2762,MCH6755,Subramaniam Inc,7011.0,Hotel & Lodging,Partnership,Delhi,Delhi,2024-03-23,,Active,1535.05
2763,MCH6756,Mangal Plc,5812.0,Restaurants & Food,Individual,Kolkata,West Bengal,2024-12-21,XXXX7752,Active,689.85
2764,MCH6757,Brar-Saha,5942.0,Books & Stationery,Sole Proprietor,Ludhiana,Punjab,2024-05-09,NTTY4243627390116,Active,602.25
2765,MCH6758,"Kaul, Vyas And Bobal",5912.0,Pharmacy,Sole Proprietor,Jaipur,Rajasthan,,OLOU3337406191926,Active,1560.09
2766,MCH6764,Rama-Vora,4131.0,Transportation,Partnership,Hyderabad,Telangana,2025-08-22,XXXX1624,Active,892.82
2767,MCH6765,Sengupta-Keer,5912.0,Pharmacy,Individual,Delhi,Delhi,2025-11-17,XXXX7076,Active,1250.47
2768,MCH6770,Chaudhari-Dewan,5942.0,Books & Stationery,Sole Proprietor,Jaipur,Rajasthan,,,Active,1139.41
2769,MCH6772,"Sarin,Kaleandbava",5411.0,Grocery,Individual,Amritsar,Punjab,2024-03-12,4810020944,Inactive,893.58
2770,MCH6773,"Parmar, Sahota And Rajagopalan",5999.0,Miscellaneous,Sole Proprietor,Pune,Maharashtra,2024-02-23,GSZT9943608461358,Active,3042.0
2771,MCH6774,Parsa Ltd,5699.0,Apparel & Fashion,Private Limited,Amritsar,Punjab,2023-01-17,,Active,2007.14
2772,MCH6775,La11 Gr0Up,5999.0,Miscellaneous,Private Limited,Chennai,Tamil Nadu,,WEWN8816151774902,Inactive,196.61
2773,MCH6776,Hari-Tak,4131.0,Transportation,Sole Proprietor,Jalandhar,Punjab,2025-05-25,MRFF6144887569600,Inactive,1189.41
2774,MCH6777,Lall-Date,5411.0,Grocery,Partnership,Lucknow,Uttar Pradesh,2023-12-20,XXXX6676,Active,1143.87
2775,MCH6780,"Bhatia, Dalal And Kapur",5999.0,Miscellaneous,Private Limited,Jalandhar,Punjab,2025-05-24,,Active,
2776,MCH6782,Jani-Bhakta,7011.0,Hotel & Lodging,Private Limited,Delhi,Delhi,2024-10-29,1624647213,Active,289.03
2777,MCH6783,"Deep, Pall And Suri",5912.0,Medical,Individual,Lucknow,Uttar Pradesh,2025-11-28,,Active,1131.0
2778,MCH6785,Rai Llc,7011.0,Hotel & Lodging,Sole Proprietor,Chennai,Tamil Nadu,2024-12-01,,Active,2498.92
2779,MCH6789,Sanghvi-Garg,5699.0,Apparel & Fashion,Individual,Kolkata,West Bengal,,XXXX2367,Active,8043.93
2780,MCH6795,"Hans, Majumdar And Mangat",5999.0,Miscellaneous,Individual,Hyderabad,Telangana,2023-06-05,,Active,1573.9
2781,MCH6802,"Deo, Vohra And Palla",5311.0,Department Store,Private Limited,Delhi,Delhi,2024-11-04,,Active,1823.92
2782,MCH6803,Babu-Aggarwal,5942.0,Books & Stationery,Partnership,Pune,Maharashtra,2025-05-24,KCIX8411550946242,Active,2653.94
2783,MCH6804,Johal And Sons,5699.0,Apparel & Fashion,Sole Proprietor,Chennai,Tamil Nadu,2025-10-13,9253208573,Inactive,4018.13
2784,MCH6805,Dora Ltd,5311.0,Department Store,Private Limited,Mumbai,Maharashtra,2025-09-17,4896284694,Active,371.73
2785,MCH6806,Virk-Batra,7011.0,Hotel & Lodging,Sole Proprietor,Jaipur,Rajasthan,2024-01-04,1113737217,Active,687.46
2786,MCH6809,Reddy-Bhatt,,Apparel & Fashion,Partnership,Bengaluru,Karnataka,2024-08-05,,Active,2382.0
2787,MCH6812,"Gade, Badami And Choudhary",4814.0,Telecom,Sole Proprietor,Amritsar,Punjab,2023-12-21,,Active,
2788,MCH6814,Gara-Seth,4814.0,Telecom,Private Limited,Jaipur,Rajasthan,2024-02-07,2121833537,Active,
2789,MCH6815,"Borra, Talwar And Jha",4814.0,Telecom,Partnership,Jalandhar,Punjab,,561076238,Active,750.82
2790,MCH6816,Muni-Bakshi,5912.0,Books & Stationery,Private Limited,Mumbai,Maharashtra,2025-10-19,3427916602,Suspended,1412.92
2791,MCH6818,"Halder, Tata And Chand",7011.0,Hotel & Lodging,Sole Proprietor,Kolkata,West Bengal,2025-04-20,,Active,233.0
2792,MCH6819,"Krishnan, Pal And Nayar",5812.0,Restaurants & Food,Sole Proprietor,Hyderabad,Telangana,2025-10-17,,Active,499.0
2793,MCH6822,"Sankar, Deol And Goswami",4814.0,Telecom,Sole Proprietor,Jaipur,Rajasthan,2025-03-31,XXXX2270,Inactive,
2794,MCH6824,"Talwar, Ramesh And Hora",,Books & Stationery,Sole Proprietor,Bengaluru,Karnataka,2023-10-09,XXXX8796,Active,3249.65
2795,MCH6825,Viswanathan Ltd,5912.0,Pharmacy,Partnership,Mumbai,Maharashtra,2023-10-01,7090133493,Active,1083.22
2796,MCH6827,Mangat And Sons,5912.0,Pharmacy,Sole Proprietor,Jalandhar,Punjab,,4120235225,Active,1859.4
2797,MCH6828,Warrior-Bhardwaj,4814.0,Telecom,Partnership,Lucknow,Uttar Pradesh,2023-06-01,NTMS5038197940684,Active,2500.44
2798,MCH6829,"Natarajan, Thaker And Aggarwal",5912.0,Medical,Sole Proprietor,Mumbai,Maharashtra,2024-01-24,,Active,1746.05
2799,MCH6831,Kurian And Sons,4131.0,Transportation,Private Limited,Pune,Maharashtra,2024-09-08,,Active,350.65
2800,MCH6832,"Chaudry, Barman And Patla",5812.0,Restaurants & Food,Sole Proprietor,Lucknow,Uttar Pradesh,2024-09-03,3762925357,Inactive,617.14
2801,MCH6836,Gola-Rout,5999.0,Miscellaneous,Sole Proprietor,Bengaluru,Karnataka,2025-12-03,6402935239,Suspended,2040.92
2802,MCH6837,Oommen-Thaker,5912.0,Books & Stationery,Individual,Jalandhar,Punjab,2025-10-11,6324216769,Active,1750.4
2803,MCH6838,Wali-Nair,5912.0,Pharmacy,Private Limited,Delhi,Delhi,2023-12-11,3622849709,Active,1461.29
2804,MCH6839,Saha Llc,5411.0,Grocery,Individual,Chennai,Tamil Nadu,2025-07-20,XXXX2777,Active,1531.04
2805,MCH6840,Saini Group,5411.0,Grocery,Private Limited,Bengaluru,Karnataka,2024-09-15,4326022170,Active,
2806,MCH6843,"Thakkar, Date And Balasubramanian",5699.0,Apparel & Fashion,Individual,Mumbai,Maharashtra,2024-06-19,CATP2399171338860,Active,2750.74
2807,MCH6844,"Bedi, Gill And Dube",7011.0,Hotel & Lodging,Partnership,Kolkata,West Bengal,2025-06-11,MUIE3650763763562,Active,713.58
2808,MCH6848,Dora Llc,5311.0,Department Store,Partnership,Chennai,Tamil Nadu,2025-09-20,DUSD7272281625368,Active,1272.49
2809,MCH6851,Chaudhary And S0Ns,4131.0,Transportation,Individual,Kolkata,West Bengal,2023-03-04,XXXX0557,Active,4509.31
2810,MCH6852,Swamy-Srinivas,4814.0,Telecom,Private Limited,Chennai,Tamil Nadu,,SOKG3294393943682,Active,
2811,MCH6853,Prashad Plc,7011.0,Hotel & Lodging,Private Limited,Delhi,Delhi,2024-06-13,KVIV4494971706487,Active,410.64
2812,MCH6854,Singh-Pandya,5942.0,Books & Stationery,Partnership,Amritsar,Punjab,2023-07-22,,Active,353.0
2813,MCH6855,"Soman, Ravel And Anand",5411.0,Grocery,Private Limited,Kolkata,West Bengal,2026-02-06,XXXX2710,Active,1385.58
2814,MCH6856,"Dalal, Morar And Gala",7011.0,Hotel & Lodging,Private Limited,Chennai,Tamil Nadu,2025-11-18,XXXX3477,Active,
2815,MCH6857,Barad And Sons,7011.0,Hotel & Lodging,Partnership,Jalandhar,Punjab,2025-09-24,8351493566,Active,2452.63
2816,MCH6860,Buch Plc,5699.0,Apparel & Fashion,Private Limited,Kolkata,West Bengal,2025-01-09,,Active,364.0
2817,MCH6861,Venkataraman Ltd,5999.0,Miscellaneous,Private Limited,Mumbai,Maharashtra,2023-07-24,2685186379,Active,810.0
2818,MCH6862,Misra-Dada,4814.0,Telecom,Private Limited,Kolkata,West Bengal,2025-08-12,XXXX0069,Active,736.0
2819,MCH6863,Mani Group,5311.0,Department Store,Individual,Jaipur,Rajasthan,2024-05-30,EJVY0425294699404,Active,2985.0
2820,MCH6865,Mander-Chakrabarti,7011.0,Hotel & Lodging,Private Limited,Mumbai,Maharashtra,2023-04-20,,Active,
2821,MCH6866,Shroff Plc,5912.0,Medical,Partnership,Ludhiana,Punjab,2023-01-16,4290543649,Active,1819.8
2822,MCH6868,Tara Group,5311.0,Retail,Partnership,Pune,Maharashtra,2024-02-04,,Active,323.93
2823,MCH6869,"Oak, Kalla And Chand",4131.0,Transportation,Private Limited,Pune,Maharashtra,2025-01-21,XXXX1495,Active,2412.44
2824,MCH6870,Basak Group,4814.0,Telecom,Sole Proprietor,Pune,Maharashtra,2025-04-03,5001363774,Active,2497.95
2825,MCH6873,Dar And Sons,5311.0,Department Store,Sole Proprietor,Jalandhar,Punjab,,XXXX7759,Active,75.71
2826,MCH6875,Anand-Bajwa,7011.0,Hotel & Lodging,Private Limited,Pune,Maharashtra,2025-06-15,5856572593,Active,1892.34
2827,MCH6877,Nadkarni And Sons,5812.0,Grocery,Individual,Ludhiana,Punjab,2025-12-10,,Active,1757.0
2828,MCH6882,"Thaker, Hans And Chandra",4131.0,Transportation,Private Limited,Lucknow,Uttar Pradesh,2025-02-10,XXXX2452,Inactive,274.11
2829,MCH6889,Vala Plc,5311.0,Department Store,Sole Proprietor,Ludhiana,Punjab,2024-07-03,XXXX2033,Active,2028.13
2830,MCH6890,Pandit-Narasimhan,7011.0,Hotel & Lodging,Private Limited,Kolkata,West Bengal,2024-04-21,XXXX8046,Inactive,525.87
2831,MCH6892,Chacko-Gaba,5912.0,Pharmacy,Sole Proprietor,Bengaluru,Karnataka,2025-05-07,XXXX0824,Active,684.73
2832,MCH6896,Padmanabhan-Purohit,4814.0,Telecom,Private Limited,Kolkata,West Bengal,2025-10-09,9931095643,Active,1862.46
2833,MCH6903,Sanghvi-Suresh,5912.0,Medical,Sole Proprietor,Pune,Maharashtra,2024-12-01,XXXX6921,Active,3930.65
2834,MCH6904,"Dora, Buch And Dara",5411.0,Grocery,Individual,Lucknow,Uttar Pradesh,2026-01-27,3574033912,Active,
2835,MCH6907,Dhillon-Sama,5812.0,Restaurants & Food,Private Limited,Jalandhar,Punjab,2024-12-21,,Active,4335.88
2836,MCH6917,"Deshmukh, Parmar And Lad",4814.0,Telecom,Sole Proprietor,Jaipur,Rajasthan,2023-07-29,KZXC7074900980989,Active,1543.47
2837,MCH6918,Sant Ltd,4131.0,Transportation,Private Limited,Chennai,Tamil Nadu,2023-01-15,,Active,472.0
2838,MCH6919,Mander Ltd,5999.0,Miscellaneous,Partnership,Jalandhar,Punjab,2024-05-02,6597659461,Active,2549.85
2839,MCH6920,"Bhagat, Nadkarni And Dyal",5311.0,Department Store,Individual,Kolkata,West Bengal,2026-01-01,JTIZ3629800274600,Active,410.54
2840,MCH6922,"Bassi, Dara And Dutt",5699.0,Apparel & Fashion,Private Limited,Bengaluru,Karnataka,2023-04-01,XXXX6999,Active,1736.93
2841,MCH6923,"Kumar, Hayre And Grover",5942.0,Books & Stationery,Partnership,Lucknow,Uttar Pradesh,2024-03-12,RIOW5493044350343,Inactive,937.24
2842,MCH6926,Bhattacharyya And S0Ns,,Medical,Private Limited,Jaipur,Rajasthan,2025-08-28,,Active,3997.27
2843,MCH6928,Tata-Wagle,5912.0,Pharmacy,Partnership,Bengaluru,Karnataka,2023-12-31,RIXU6958241048195,Active,1008.0
2844,MCH6930,Dhingra Plc,4131.0,Transportation,Sole Proprietor,Kolkata,West Bengal,2025-12-26,573344250,Active,
2845,MCH6935,"Sagar,Badalandjha",5912.0,Pharmacy,Private Limited,Delhi,Delhi,2025-11-06,,Active,319.7
2846,MCH6939,Sampath Ltd,5999.0,Miscellaneous,Sole Proprietor,Lucknow,Uttar Pradesh,2025-07-01,XXXX8052,Active,2962.51
2847,MCH6940,Koshy Inc,4131.0,Transportation,Private Limited,Chennai,Tamil Nadu,2024-06-25,,Active,5556.5
2848,MCH6943,Vyas Group,5699.0,Apparel & Fashion,Individual,Amritsar,Punjab,2023-04-11,KIUE4469872424797,Active,
2849,MCH6944,Amb1E-Duga1,4131.0,Transportation,Individual,Mumbai,Maharashtra,2023-02-22,YQIS3275286791151,Active,1017.42
2850,MCH6945,Barad Llc,5311.0,Retail,Partnership,Ludhiana,Punjab,2025-09-13,,Active,3350.77
2851,MCH6947,Sen Llc,5912.0,Medical,Individual,Hyderabad,Telangana,2025-05-29,155753762,Active,820.37
2852,MCH6948,"Kala,Lokeandsinghal",4814.0,Telecom,Individual,Bengaluru,Karnataka,2025-07-16,,Active,
2853,MCH6949,"Dada, Suri And Chhabra",7011.0,Hotel & Lodging,Sole Proprietor,Pune,Maharashtra,2024-01-26,2829880140,Active,333.77
2854,MCH6950,"Bal, Swaminathan And Desai",5912.0,Pharmacy,Partnership,Jaipur,Rajasthan,2025-04-10,XXXX4795,Active,1101.05
2855,MCH6953,Khurana-Prabhakar,4131.0,Books & Stationery,Partnership,Hyderabad,Telangana,2024-10-03,,Active,
2856,MCH6959,"Agrawal, Bhatt And Babu",7011.0,Hotel & Lodging,Partnership,Lucknow,Uttar Pradesh,2024-05-24,,Active,611.31
2857,MCH6960,Das-Dhawan,,Restaurants & Food,Partnership,Jaipur,Rajasthan,2023-01-22,,Active,1832.0
2858,MCH6965,Lala Group,5912.0,Medical,Private Limited,Pune,Maharashtra,2023-08-26,,Active,256.0
2859,MCH6966,"Wali, Mand And Prabhakar",5942.0,Books & Stationery,Partnership,Amritsar,Punjab,2023-10-16,,Active,2789.87
2860,MCH6970,Mani-Sankaran,5411.0,Grocery,Partnership,Delhi,Delhi,2024-09-25,8930276730,Active,511.17
2861,MCH6972,Badal-Kamdar,7011.0,Hotel & Lodging,Private Limited,Pune,Maharashtra,2023-12-20,,Active,1516.57
2862,MCH6974,Ramaswamy Ltd,5311.0,Department Store,Individual,Delhi,Delhi,2026-01-01,XXXX1883,Active,1499.0
2863,MCH6977,Sathe-Jha,5942.0,Books & Stationery,Individual,Lucknow,Uttar Pradesh,2023-08-06,XXXX2950,Active,
2864,MCH6979,Nadig Ltd,,Pharmacy,Sole Proprietor,Chennai,Tamil Nadu,2023-05-18,SYHI9438066539953,Active,640.32
2865,MCH6980,Sarna-Rajagopal,5999.0,Miscellaneous,Partnership,Jalandhar,Punjab,2024-02-13,,Active,5229.33
2866,MCH6982,"Baral, Ramachandran And Keer",5942.0,Books & Stationery,Partnership,Lucknow,Uttar Pradesh,2025-09-13,IVWY4612352669313,On Hold,5234.31
2867,MCH6983,Barman-Chand,5311.0,Department Store,Partnership,Delhi,Delhi,2024-10-07,,Active,3713.18
2868,MCH6984,Wadhwa Llc,5411.0,Grocery,Individual,Pune,Maharashtra,2025-01-23,3976512741,Active,542.76
2869,MCH6985,Devi-Radhakrishnan,5942.0,Books & Stationery,Individual,Jalandhar,Punjab,2023-01-20,VEKB0627444661101,Active,694.07
2870,MCH6986,"Joshi, Chacko And Sawhney",5411.0,Grocery,Individual,Mumbai,Maharashtra,2025-11-05,3156013270,Active,606.88
2871,MCH6989,Raju Llc,5699.0,Apparel & Fashion,Individual,Jaipur,Rajasthan,2023-11-03,4351608402,Inactive,1427.8
2872,MCH6990,Apte-Choudhary,4131.0,Transportation,Partnership,Bengaluru,Karnataka,2023-05-05,,Active,3342.47
2873,MCH6991,Dani Ltd,,Transportation,Partnership,Bengaluru,Karnataka,2025-07-16,5759081808,Active,
2874,MCH6992,"Srivastava, Sha And Natarajan",5812.0,Restaurants & Food,Partnership,Amritsar,Punjab,2026-01-21,5921074250,Active,893.0
2875,MCH6998,Jani-Nayak,5311.0,Department Store,Individual,Delhi,Delhi,2026-01-27,,Active,3349.13
2876,MCH6999,Solanki Plc,7011.0,Hotel & Lodging,Partnership,Chennai,Tamil Nadu,2024-02-26,,Active,926.71
2877,MCH7001,Das Llc,4814.0,Telecom,Private Limited,Kolkata,West Bengal,2025-09-02,,Active,3255.38
2878,MCH7003,"Dutt, Sachdeva And Sridhar",5999.0,Miscellaneous,Individual,Lucknow,Uttar Pradesh,2025-04-30,7336401497,Inactive,418.71
2879,MCH7007,Sastry-Soni,7011.0,Hotel & Lodging,Sole Proprietor,Chennai,Tamil Nadu,2024-11-01,XXXX4092,Inactive,
2880,MCH7010,Kuruvilla-Shanker,5411.0,Grocery,Sole Proprietor,Delhi,Delhi,2023-07-22,,Suspended,524.4
2881,MCH7013,"Batra,Narangandgala",5912.0,Medical,Sole Proprietor,Delhi,Delhi,2025-03-02,XXXX0133,Active,2875.47
2882,MCH7016,Ratti Plc,4131.0,Travel,Partnership,Lucknow,Uttar Pradesh,2025-10-18,HWTR3220006102269,Active,319.94
2883,MCH7017,"Roy, Khosla And Oak",,Miscellaneous,Sole Proprietor,Lucknow,Uttar Pradesh,2025-09-14,XXXX0409,Active,952.71
2884,MCH7020,Dalal Llc,5311.0,Department Store,Partnership,Chennai,Tamil Nadu,2023-10-01,,Active,1105.4
2885,MCH7021,"Dewan, Banerjee And Purohit",7011.0,Hotel & Lodging,Sole Proprietor,Bengaluru,Karnataka,2024-07-01,XXXX8572,Active,969.81
2886,MCH7023,Walla-Raj,5311.0,Department Store,Individual,Delhi,Delhi,2023-03-16,,Active,1307.24
2887,MCH7024,Gandhi-Kunda,5942.0,Books & Stationery,Private Limited,Lucknow,Uttar Pradesh,2024-04-22,,Active,184.56
2888,MCH7025,"Shanker, Bandi And Bala",5999.0,Miscellaneous,Individual,Bengaluru,Karnataka,2025-01-26,XXXX6482,Active,4575.03
2889,MCH7026,Ganesan-Manda,7011.0,Hotel & Lodging,Sole Proprietor,Mumbai,Maharashtra,2025-09-30,6953234378,Active,1364.0
2890,MCH7027,"Vyas, Ghose And Narasimhan",5311.0,Department Store,Sole Proprietor,Hyderabad,Telangana,2023-05-04,GJGE7959201596190,Active,860.0
2891,MCH7028,Jain-Merchant,5912.0,Medical,Partnership,Lucknow,Uttar Pradesh,2025-10-16,,Active,542.31
2892,MCH7029,"Vasa, Zachariah And Narula",5812.0,Restaurants & Food,Private Limited,Kolkata,West Bengal,2025-01-15,6099382833,Active,2526.83
2893,MCH7030,Shan Ltd,5311.0,Department Store,Individual,Ludhiana,Punjab,,,Suspended,466.83
2894,MCH7031,Chander Inc,4814.0,Telecom,Private Limited,Pune,Maharashtra,2025-09-28,XXXX5142,Active,1538.5
2895,MCH7032,"Mangat, Naik And Kakar",7011.0,Hotel & Lodging,Private Limited,Amritsar,Punjab,2023-09-01,,Active,
2896,MCH7033,Mani And Sons,5699.0,Apparel & Fashion,Partnership,Mumbai,Maharashtra,2023-07-06,,Active,2767.54
2897,MCH7034,Kohli Inc,5812.0,Grocery,Partnership,Bengaluru,Karnataka,2023-03-27,2103247749,Active,4369.0
2898,MCH7038,Mannan-Singh,5942.0,Books & Stationery,Individual,Bengaluru,Karnataka,2025-05-25,KOWX5085991997722,Inactive,620.0
2899,MCH7040,Bhasin-Lala,5942.0,Books & Stationery,Individual,Mumbai,Maharashtra,2025-10-11,FTZP5237157996499,Suspended,2406.66
2900,MCH7042,Barad-Raman,4814.0,Telecom,Sole Proprietor,Chennai,Tamil Nadu,2023-01-07,XXXX5012,Active,986.23
2901,MCH7044,Chanda-Gaba,5812.0,Restaurants & Food,Private Limited,Bengaluru,Karnataka,2023-06-04,SOPQ0539518853543,Active,402.62
2902,MCH7047,Batta-Bhavsar,4814.0,Telecom,Individual,Lucknow,Uttar Pradesh,,DJKB0646172113081,Active,691.03
2903,MCH7048,Manda Inc,5942.0,Books & Stationery,Sole Proprietor,Kolkata,West Bengal,2024-02-17,1555117689,Active,776.0
2904,MCH7050,Chand And Sons,5912.0,Pharmacy,Private Limited,Bengaluru,Karnataka,2025-02-04,XXXX7630,Active,781.34
2905,MCH7051,Ramachandran-Rajan,5812.0,Restaurants & Food,Partnership,Mumbai,Maharashtra,2023-12-26,XXXX3526,Active,1183.53
2906,MCH7057,"Lad, Kala And Bhagat",4814.0,Telecom,Partnership,Jaipur,Rajasthan,2026-02-10,,Active,1333.8
2907,MCH7058,"Barad,Palandboase",5311.0,Department Store,Individual,Kolkata,West Bengal,2025-12-06,XXXX2802,Active,1284.51
2908,MCH7060,"Nayak, Parmer And Anand",7011.0,Pharmacy,Private Limited,Kolkata,West Bengal,2023-05-26,,Active,1299.1
2909,MCH7061,Grover And Sons,7011.0,Hotel & Lodging,Individual,Jaipur,Rajasthan,2023-06-12,,Active,462.72
2910,MCH7062,"Karpe, Sekhon And Memon",5999.0,Miscellaneous,Partnership,Chennai,Tamil Nadu,2024-07-18,ERAF1958847105569,Active,2267.0
2911,MCH7063,"Garg, Bawa And Hans",4814.0,Telecom,Private Limited,Lucknow,Uttar Pradesh,2025-12-28,,Active,2717.9
2912,MCH7074,Chakrabarti-Rama,4131.0,Travel,Individual,Pune,Maharashtra,2025-08-06,3727290380,Active,843.0
2913,MCH7075,D’Alia Group,7011.0,Hotel & Lodging,Partnership,Chennai,Tamil Nadu,2024-05-03,1415999033,Inactive,1262.21
2914,MCH7076,Bava-Shroff,5999.0,Miscellaneous,Sole Proprietor,Chennai,Tamil Nadu,2025-09-03,,Active,875.99
2915,MCH7077,Raman And Sons,5942.0,Books & Stationery,Partnership,Chennai,Tamil Nadu,2023-07-12,YGME2321336279700,Active,359.0
2916,MCH7078,"Vasa, Gade And Viswanathan",5699.0,Apparel & Fashion,Individual,Mumbai,Maharashtra,2025-08-17,XXXX5209,Active,660.73
2917,MCH7087,Prashad Llc,5311.0,Department Store,Partnership,Chennai,Tamil Nadu,2023-05-29,,Active,955.0
2918,MCH7088,Prabhu-Agarwal,5311.0,Department Store,Sole Proprietor,Mumbai,Maharashtra,2025-11-30,1353265918,Inactive,5426.05
2919,MCH7089,"Reddy, Dua And Trivedi",5912.0,Medical,Private Limited,Kolkata,West Bengal,2023-08-03,LAWF4141310421548,Inactive,819.59
2920,MCH7093,Pai-Pau,7011.0,Hotel & Lodging,Individual,Mumbai,Maharashtra,2025-03-19,,Suspended,1636.89
2921,MCH7094,Narasimhan And Sons,5411.0,Grocery,Partnership,Lucknow,Uttar Pradesh,2023-04-03,5172263250,Active,
2922,MCH7095,"Sachdev, Sunder And Dalal",5812.0,Books & Stationery,Partnership,Mumbai,Maharashtra,2025-07-20,6394590196,Active,3937.6
2923,MCH7096,Mukhopadhyay-Din,5812.0,Restaurants & Food,Private Limited,Delhi,Delhi,2023-09-21,8048297168,Active,616.51
2924,MCH7098,Patla Plc,4131.0,Transportation,Individual,Jaipur,Rajasthan,2024-11-14,,Active,926.0
2925,MCH7100,Sanghvi-Pandit,5699.0,Apparel & Fashion,Individual,Pune,Maharashtra,2024-07-09,,Active,
2926,MCH7104,Kothari Llc,4814.0,Telecom,Partnership,Jalandhar,Punjab,2023-07-12,XXXX8714,Active,810.17
2927,MCH7105,"Palan, Doctor And Arora",5942.0,Books & Stationery,Sole Proprietor,Hyderabad,Telangana,2025-04-18,1349306323,Active,969.67
2928,MCH7106,Mody-Mitter,5699.0,Apparel & Fashion,Individual,Bengaluru,Karnataka,2023-06-11,ZNDK0366125245871,Active,574.51
2929,MCH7108,Krishnan Group,5411.0,Grocery,Sole Proprietor,Delhi,Delhi,2023-05-14,,Active,567.27
2930,MCH7111,Kohli-Zachariah,5411.0,Grocery,Partnership,Ludhiana,Punjab,2025-08-04,XXXX9398,Active,585.6
2931,MCH7113,"Jain,Bhattiandsha",5942.0,Books & Stationery,Partnership,Chennai,Tamil Nadu,2025-07-30,XXXX9585,Suspended,1921.99
2932,MCH7118,Chaudhry Ltd,5311.0,Retail,Sole Proprietor,Hyderabad,Telangana,2025-05-15,XXXX9631,Active,6144.18
2933,MCH7121,"Narasimhan, Anand And Gaba",5999.0,Miscellaneous,Private Limited,Pune,Maharashtra,2025-07-25,,Active,2139.0
2934,MCH7126,"Shankar, Dave And Mahajan",4131.0,Transportation,Individual,Pune,Maharashtra,2025-05-29,XXXX9486,Active,2564.94
2935,MCH7127,"Chhabra, Dayal And Sood",5699.0,Apparel & Fashion,Individual,Amritsar,Punjab,2024-06-05,7467986775,Active,1738.0
2936,MCH7128,Agarwal Group,5912.0,Pharmacy,Private Limited,Jalandhar,Punjab,2023-06-06,,Active,6405.9
2937,MCH7133,Dininc,5411.0,Grocery,Private Limited,Pune,Maharashtra,2023-05-05,,Inactive,
2938,MCH7137,Krishna-Palan,4814.0,Telecom,Partnership,Ludhiana,Punjab,2025-09-29,GJTY8331565779502,Active,
2939,MCH7138,Shere-Shankar,5411.0,Grocery,Sole Proprietor,Chennai,Tamil Nadu,2024-03-07,CDLC2524893044250,Active,1960.27
2940,MCH7144,"Char, Kapadia And Palla",5999.0,Miscellaneous,Private Limited,Mumbai,Maharashtra,2025-03-23,8545782179,Inactive,4555.85
2941,MCH7145,Ratti And Sons,7011.0,Grocery,Sole Proprietor,Pune,Maharashtra,2025-07-01,9050093816,Active,1161.56
2942,MCH7146,Bali Plc,4814.0,Telecom,Private Limited,Hyderabad,Telangana,2025-02-14,6264736894,Active,8255.11
2943,MCH7149,Shanker-Kala,5942.0,Books & Stationery,Sole Proprietor,Amritsar,Punjab,2023-07-09,,Active,1819.0
2944,MCH7152,"Bedi, Patil And Rana",5311.0,Retail,Private Limited,Chennai,Tamil Nadu,2026-02-01,2453620033,Inactive,1076.99
2945,MCH7154,"Raj, Ram And Chokshi",5812.0,Restaurants & Food,Private Limited,Chennai,Tamil Nadu,2023-11-05,,Active,242.8
2946,MCH7156,"Sathe, Patla And Tailor",,Department Store,Individual,Jaipur,Rajasthan,2023-04-07,3942092126,Active,2168.89
2947,MCH7157,Bir Inc,4131.0,Telecom,Private Limited,Lucknow,Uttar Pradesh,2023-04-16,,Active,906.12
2948,MCH7162,Ranganathan-Chakraborty,5699.0,Apparel & Fashion,Private Limited,Pune,Maharashtra,2025-02-17,LGPC8265918729531,Active,1830.64
2949,MCH7163,"Chowdhury, Goyal And Pradhan",4131.0,Transportation,Sole Proprietor,Pune,Maharashtra,2023-11-08,5098805593,Active,
2950,MCH7164,"Tata, Sachdeva And Palan",4131.0,Transportation,Individual,Jalandhar,Punjab,2023-08-10,FKFD7859864387581,Active,519.18
2951,MCH7165,Kulkarni-Ramanathan,4814.0,Telecom,Private Limited,Amritsar,Punjab,2025-01-28,8142627827,Active,284.68
2952,MCH7167,"Bir, Kunda And Manne",5942.0,Books & Stationery,Partnership,Hyderabad,Telangana,2023-05-26,DXXE7335968012539,Active,397.0
2953,MCH7172,Chandran-Palla,5311.0,Department Store,Partnership,Pune,Maharashtra,2025-09-23,XXXX0145,Active,1177.65
2954,MCH7176,"Sachar, Wali And Saha",4131.0,Travel,Individual,Kolkata,West Bengal,2026-02-13,7683191787,Active,980.72
2955,MCH7178,Devan And Sons,5411.0,Grocery,Sole Proprietor,Kolkata,West Bengal,2023-11-11,,Inactive,758.21
2956,MCH7181,"Dar, Dada And Kala",4131.0,Transportation,Partnership,Kolkata,West Bengal,2023-04-14,XXXX4833,Active,859.59
2957,MCH7184,Dara Inc,4131.0,Grocery,Sole Proprietor,Mumbai,Maharashtra,2023-08-31,,Active,1095.25
2958,MCH7185,Agarwal Plc,7011.0,Hotel & Lodging,Individual,Pune,Maharashtra,2025-08-26,,Active,1255.08
2959,MCH7187,Sandhu Inc,5812.0,Restaurants & Food,Individual,Amritsar,Punjab,,356861723,Active,4006.56
2960,MCH7190,Som-Kibe,5699.0,Apparel & Fashion,Private Limited,Lucknow,Uttar Pradesh,2023-04-09,,Active,2254.41
2961,MCH7191,Bhargava Ltd,5942.0,Books & Stationery,Sole Proprietor,Hyderabad,Telangana,2023-07-26,XXXX5061,Inactive,528.97
2962,MCH7192,Nanda And Sons,4131.0,Hotel & Lodging,Private Limited,Bengaluru,Karnataka,2025-02-01,4205108918,Active,650.92
2963,MCH7194,Shan And S0Ns,4131.0,Transportation,Individual,Ludhiana,Punjab,,,Active,983.19
2964,MCH7195,Som And Sons,5999.0,Miscellaneous,Sole Proprietor,Chennai,Tamil Nadu,2024-10-15,,Active,1440.74
2965,MCH7196,Kurian-Trivedi,4814.0,Telecom,Partnership,Jaipur,Rajasthan,2023-06-09,,Active,1000.33
2966,MCH7197,Raval-Chadha,5812.0,Restaurants & Food,Individual,Mumbai,Maharashtra,2023-09-25,,Active,218.4
2967,MCH7198,Dar-Sani,7011.0,Hotel & Lodging,Private Limited,Hyderabad,Telangana,2023-06-27,HWWD0144016589581,Active,1840.43
2968,MCH7199,Manda And Sons,5942.0,Books & Stationery,Sole Proprietor,Delhi,Delhi,2026-02-10,,Active,1077.86
2969,MCH7200,Madan Plc,5699.0,Apparel & Fashion,Individual,Delhi,Delhi,2025-02-03,4050915455,Active,190.57
2970,MCH7201,"Patil, Mahajan And Issac",5999.0,Miscellaneous,Private Limited,Mumbai,Maharashtra,2025-03-16,796859598,Active,282.54
2971,MCH7202,Uppal Plc,4131.0,Transportation,Individual,Jaipur,Rajasthan,2023-01-03,INKB4884883910397,Inactive,
2972,MCH7203,Sani-Memon,,Retail,Sole Proprietor,Amritsar,Punjab,2023-03-25,OFZD1453201567778,Active,
2973,MCH7204,Thaman Ltd,4131.0,Books & Stationery,Individual,Jalandhar,Punjab,2023-09-05,,Active,937.0
2974,MCH7205,Dara Plc,5912.0,Pharmacy,Sole Proprietor,Ludhiana,Punjab,2023-09-26,,Active,1778.94
2975,MCH7206,Srivastava And Sons,5411.0,Grocery,Private Limited,Lucknow,Uttar Pradesh,2025-08-18,1550287427,Active,1434.41
2976,MCH7211,"Apte, Vasa And Batta",5942.0,Books & Stationery,Sole Proprietor,Mumbai,Maharashtra,2024-11-18,,Active,1841.0
2977,MCH7215,"Kau1, Pur0Hit And Ar0Ra",5311.0,Retail,Private Limited,Hyderabad,Telangana,2023-10-07,8944621322,Active,2403.84
2978,MCH7216,Pillai And Sons,4814.0,Telecom,Individual,Amritsar,Punjab,2025-02-12,,Active,356.0
2979,MCH7218,Varghese-Arya,7011.0,Hotel & Lodging,Private Limited,Lucknow,Uttar Pradesh,2025-12-25,VAFX9362941506530,Active,2725.82
2980,MCH7219,Dhawan-Saha,7011.0,Hotel & Lodging,Individual,Delhi,Delhi,2026-06-01,HJFW5603026154965,Inactive,2354.94
2981,MCH7220,Rege-Sharaf,5812.0,Restaurants & Food,Private Limited,Amritsar,Punjab,2023-12-15,RRUP8952328372225,Active,978.47
2982,MCH7222,Verma And Sons,4814.0,Telecom,Individual,Delhi,Delhi,2023-07-11,,Inactive,
2983,MCH7225,Apte-Wadhwa,5812.0,Restaurants & Food,Individual,Jalandhar,Punjab,2025-03-07,XXXX2773,Active,
2984,MCH7226,"Peri, Barad And Panchal",5942.0,Books & Stationery,Sole Proprietor,Delhi,Delhi,2024-11-30,VDWB1270434840968,Active,4237.0
2985,MCH7228,Swaminathanltd,5411.0,Telecom,Partnership,Ludhiana,Punjab,2024-03-13,XXXX9584,Active,
2986,MCH7229,"Salvi, Kale And Sunder",4814.0,Telecom,Private Limited,Pune,Maharashtra,2025-12-23,,Active,606.62
2987,MCH7233,Arora Llc,5699.0,Apparel & Fashion,Individual,Ludhiana,Punjab,2025-10-11,1141889916,Active,2703.6
2988,MCH7236,Bhasin Llc,5699.0,Apparel & Fashion,Partnership,Jalandhar,Punjab,2025-01-31,XXXX8980,Active,1228.0
2989,MCH7237,Reddy-Majumdar,5411.0,Restaurants & Food,Partnership,Delhi,Delhi,2024-12-13,,Active,987.48
2990,MCH7239,Tata-Hayer,7011.0,Hotel & Lodging,Individual,Chennai,Tamil Nadu,2025-06-09,MPZF9929757844428,Active,1929.61
2991,MCH7244,Nadig-Kata,,Transportation,Partnership,Bengaluru,Karnataka,2024-08-02,1173278568,Active,1686.67
2992,MCH7246,Lata Ltd,5699.0,Apparel & Fashion,Partnership,Chennai,Tamil Nadu,2024-03-17,XXXX2358,Active,1315.04
2993,MCH7248,Rajagopalan Group,7011.0,Hotel & Lodging,Partnership,Hyderabad,Telangana,2024-05-22,,Active,859.24
2994,MCH7249,Prakash Group,5812.0,Restaurants & Food,Sole Proprietor,Mumbai,Maharashtra,2024-11-30,4410967035,Active,1855.0
2995,MCH7252,"Krishnamurthy, Pandit And Mukherjee",5942.0,Books & Stationery,Sole Proprietor,Hyderabad,Telangana,2025-01-08,285621980,Active,1234.51
2996,MCH7256,Arora-Raman,4131.0,Transportation,Sole Proprietor,Lucknow,Uttar Pradesh,2026-02-14,,Active,449.65
2997,MCH7257,"Nagi, Gera And Bedi",5999.0,Miscellaneous,Sole Proprietor,Jaipur,Rajasthan,2023-10-29,,Active,786.7
2998,MCH7258,"Om, Swaminathan And Ray",5699.0,Apparel & Fashion,Private Limited,Jaipur,Rajasthan,2024-07-16,ARZZ7929473227025,Inactive,472.89
2999,MCH7260,Kunda Inc,7011.0,Hotel & Lodging,Private Limited,Jalandhar,Punjab,2024-06-20,,Active,391.11
3000,MCH7262,Loke Llc,4814.0,Telecom,Partnership,Mumbai,Maharashtra,2023-12-13,XXXX0516,Active,3675.05
3001,MCH7266,Sule Plc,5812.0,Restaurants & Food,Partnership,Jaipur,Rajasthan,2025-08-30,XXXX3283,Active,
3002,MCH7268,Mand-Char,5912.0,Pharmacy,Private Limited,Mumbai,Maharashtra,2025-06-20,,Active,1359.5
3003,MCH7269,La11-Raman,4814.0,Telecom,Private Limited,Lucknow,Uttar Pradesh,2023-10-25,4846136502,Active,1031.92
3004,MCH7270,Subramanian Llc,7011.0,Hotel & Lodging,Private Limited,Amritsar,Punjab,2025-01-15,,Active,1469.96
3005,MCH7272,Bansal-Das,5912.0,Pharmacy,Sole Proprietor,Ludhiana,Punjab,2023-12-20,XXXX6496,Active,391.71
3006,MCH7273,De-Gokhale,4131.0,Transportation,Sole Proprietor,Jalandhar,Punjab,2024-05-23,NXVM2607916550138,Active,654.26
3007,MCH7276,Talwar-Kant,4131.0,Transportation,Partnership,Jaipur,Rajasthan,2023-06-23,,Active,692.16
3008,MCH7279,Das Plc,5999.0,Miscellaneous,Partnership,Jaipur,Rajasthan,,WTVS1342257023005,Active,1157.26
3009,MCH7280,"Sathe, Shan And Oommen",5411.0,Grocery,Individual,Ludhiana,Punjab,2025-10-21,XXXX0221,Active,466.99
3010,MCH7281,Kalita-Mistry,4814.0,Telecom,Private Limited,Hyderabad,Telangana,2024-11-24,XXXX5201,Active,2941.71
3011,MCH7282,Chopra Llc,5411.0,Grocery,Partnership,Amritsar,Punjab,2025-12-14,XXXX9513,Active,1111.0
3012,MCH7288,"Lalla, Sant And Mutti",5411.0,Grocery,Private Limited,Delhi,Delhi,2025-10-18,XXXX5071,Active,
3013,MCH7289,Nayar-Dara,5699.0,Apparel & Fashion,Individual,Pune,Maharashtra,2025-12-28,AFIS6620860774027,Active,4510.0
3014,MCH7290,"Subramanian, B0Rde And Ba1Akrishnan",5699.0,Apparel & Fashion,Individual,Lucknow,Uttar Pradesh,2023-03-17,IRWT0239440992204,Active,2695.0
3015,MCH7294,"Kuruvilla, Ahluwalia And Gole",5912.0,Medical,Partnership,Pune,Maharashtra,2023-06-11,FATQ4333129690113,Active,1573.98
3016,MCH7295,Palan-Ray,7011.0,Hotel & Lodging,Partnership,Bengaluru,Karnataka,2023-02-02,,Active,1161.77
3017,MCH7297,Kala-Sibal,5311.0,Department Store,Partnership,Chennai,Tamil Nadu,2024-09-02,UMLP7890709268939,Active,2004.49
3018,MCH7298,"Sangha, Sangha And Kulkarni",5411.0,Grocery,Individual,Delhi,Delhi,2024-01-28,VEZZ6158628097451,Active,1661.92
3019,MCH7302,Murthy And Sons,5411.0,Grocery,Partnership,Bengaluru,Karnataka,2025-01-23,,Active,3381.11
3020,MCH7305,Iyer-Nagi,5699.0,Apparel & Fashion,Individual,Mumbai,Maharashtra,2023-08-23,,Active,1967.89
3021,MCH7306,Devi-Narang,4131.0,Transportation,Individual,Delhi,Delhi,2024-10-20,XXXX6412,Active,539.76
3022,MCH7309,"Loke, Chada And Badal",,Apparel & Fashion,Sole Proprietor,Ludhiana,Punjab,2023-07-26,9268725800,Active,3465.02
3023,MCH7310,Mander Group,5699.0,Apparel & Fashion,Partnership,Lucknow,Uttar Pradesh,2025-09-08,WNOZ8918272123966,Inactive,1987.96
3024,MCH7311,Jhaveri-Hans,7011.0,Hotel & Lodging,Sole Proprietor,Mumbai,Maharashtra,2025-12-05,RZUE2319491323812,Active,1009.0
3025,MCH7312,Ramakrishnan-Banerjee,5311.0,Retail,Sole Proprietor,Mumbai,Maharashtra,2024-02-24,CCCL8077324997121,Active,977.96
3026,MCH7313,Comar-Din,4814.0,Telecom,Private Limited,Mumbai,Maharashtra,2026-01-18,8645351517,Active,1884.45
3027,MCH7314,Mahajan-B0Rde,5999.0,Miscellaneous,Partnership,Lucknow,Uttar Pradesh,2023-01-05,3772469001,Active,1003.0
3028,MCH7316,Tak Ltd,,Books & Stationery,Sole Proprietor,Jaipur,Rajasthan,2024-05-26,AICM4314076152252,Active,688.43
3029,MCH7318,Keer-Rao,5411.0,Telecom,Partnership,Pune,Maharashtra,2023-11-27,RIME5549722708025,Active,502.45
3030,MCH7321,"Krishna, Saraf And Pant",4131.0,Miscellaneous,Partnership,Kolkata,West Bengal,2024-02-28,,Active,954.48
3031,MCH7323,Mital Inc,5812.0,Restaurants & Food,Individual,Lucknow,Uttar Pradesh,2025-03-01,1221388018,Active,1194.36
3032,MCH7324,Grover-Murty,5942.0,Books & Stationery,Partnership,Jalandhar,Punjab,2025-02-12,,Suspended,1077.62
3033,MCH7325,Chatterjee-Manda,7011.0,Miscellaneous,Individual,Kolkata,West Bengal,2023-01-04,8809607607,Active,1420.0
3034,MCH7326,"Mandal, Behl And Bhattacharyya",7011.0,Hotel & Lodging,Sole Proprietor,Chennai,Tamil Nadu,2024-10-26,,Active,1119.05
3035,MCH7327,"Krish, Dhar And Choudhury",4814.0,Telecom,Individual,Kolkata,West Bengal,2023-05-22,KDMG5541225124685,Active,440.0
3036,MCH7331,Kala-Loyal,5311.0,Retail,Sole Proprietor,Hyderabad,Telangana,2024-05-20,6553174901,Active,
3037,MCH7332,"Mutti, Reddy And Guha",5311.0,Department Store,Private Limited,Kolkata,West Bengal,2025-05-04,XXXX9186,Active,1708.81
3038,MCH7335,"Narayan, Cheema And Chana",5812.0,Restaurants & Food,Private Limited,Chennai,Tamil Nadu,2025-03-18,EHXK3209295259680,Active,699.42
3039,MCH7336,Krishnan And Sons,5812.0,Restaurants & Food,Partnership,Jalandhar,Punjab,2024-09-03,2456383296,Active,1122.92
3040,MCH7337,Nath-Narayan,5699.0,Apparel & Fashion,Individual,Hyderabad,Telangana,2024-07-28,,Active,3029.85
3041,MCH7338,"Verma, Rai And Patla",,Medical,Private Limited,Bengaluru,Karnataka,2024-06-05,XXXX7454,Active,2235.57
3042,MCH7339,"Purohit, Dhingra And Barman",5411.0,Grocery,Individual,Chennai,Tamil Nadu,2023-08-16,IUQD2113343232449,Active,2247.46
3043,MCH7340,Devi And Sons,7011.0,Apparel & Fashion,Partnership,Kolkata,West Bengal,2024-09-01,1367853568,Active,1101.37
3044,MCH7341,Varughese Inc,7011.0,Hotel & Lodging,Partnership,Kolkata,West Bengal,2023-04-24,,Active,
3045,MCH7343,Dixit Ltd,5912.0,Pharmacy,Partnership,Jaipur,Rajasthan,,XXXX6255,Active,3142.0
3046,MCH7344,Rama-Shukla,5699.0,Apparel & Fashion,Sole Proprietor,Hyderabad,Telangana,2023-10-11,,Active,1447.45
3047,MCH7350,Toor-Sachar,4814.0,Telecom,Partnership,Bengaluru,Karnataka,2023-10-29,8049687567,Active,1079.19
3048,MCH7353,Nadig Llc,4814.0,Telecom,Individual,Hyderabad,Telangana,2025-11-12,XXXX4294,Active,1097.0
3049,MCH7354,"Chatterjee, Sarna And Handa",,Apparel & Fashion,Sole Proprietor,Bengaluru,Karnataka,2023-10-13,,Active,728.0
3050,MCH7355,"Raval, Goswami And Sem",4814.0,Telecom,Private Limited,Pune,Maharashtra,2023-12-29,,Active,2675.45
3051,MCH7356,"Divan, Rastogi And Prabhu",5942.0,Books & Stationery,Partnership,Lucknow,Uttar Pradesh,2025-07-22,8041409071,Active,
3052,MCH7357,Varkey Llc,7011.0,Hotel & Lodging,Private Limited,Kolkata,West Bengal,2025-08-05,,Active,665.88
3053,MCH7358,Basak-Patla,5999.0,Miscellaneous,Sole Proprietor,Delhi,Delhi,2025-12-19,1781542230,Active,3053.41
3054,MCH7359,Chacko-Dugar,5942.0,Books & Stationery,Private Limited,Mumbai,Maharashtra,,1437980069,Active,654.0
3055,MCH7360,Rajan-Sahni,,Telecom,Partnership,Kolkata,West Bengal,2023-11-05,HKWU3873449938871,Inactive,1218.43
3056,MCH7362,Kothari Plc,5942.0,Books & Stationery,Private Limited,Pune,Maharashtra,2026-02-11,XXXX4121,Active,478.42
3057,MCH7363,Babu-Acharya,5999.0,Miscellaneous,Sole Proprietor,Kolkata,West Bengal,2024-03-03,,Active,1983.77
3058,MCH7364,Vig-Bala,7011.0,Hotel & Lodging,Sole Proprietor,Mumbai,Maharashtra,2024-08-29,XXXX1900,Active,1242.0
3059,MCH7366,Bora-Nadkarni,5411.0,Grocery,Partnership,Bengaluru,Karnataka,2024-03-17,,Suspended,2024.0
3060,MCH7370,Peri Llc,4131.0,Transportation,Private Limited,Kolkata,West Bengal,2023-09-28,713043152,Active,1188.42
3061,MCH7371,"Ghose, Handa And Golla",5912.0,Medical,Individual,Chennai,Tamil Nadu,2025-04-08,DGYJ0066359514769,Active,456.21
3062,MCH7379,"Doctor, Dyal And Vaidya",5912.0,Medical,Partnership,Jalandhar,Punjab,2023-03-07,XXXX4037,Active,198.46
3063,MCH7380,"Gour, Jani And Mital",5999.0,Miscellaneous,Individual,Chennai,Tamil Nadu,2024-11-06,,Inactive,688.41
3064,MCH7383,Mander Llc,5812.0,Miscellaneous,Sole Proprietor,Hyderabad,Telangana,2025-03-25,,Active,2244.22
3065,MCH7384,Ahuja Group,4131.0,Department Store,Individual,Delhi,Delhi,2023-05-18,XXXX3860,Active,1058.0
3066,MCH7386,Thaman Group,7011.0,Hotel & Lodging,Sole Proprietor,Jalandhar,Punjab,,3740809096,Active,3859.08
3067,MCH7387,Lad-Comar,5812.0,Restaurants & Food,Sole Proprietor,Jalandhar,Punjab,2025-02-25,DFES3088920437736,Active,4968.31
3068,MCH7389,Basu-Bedi,5812.0,Restaurants & Food,Partnership,Bengaluru,Karnataka,2023-04-07,XXXX3335,Active,
3069,MCH7391,"Vora, Lad And Sekhon",5411.0,Grocery,Partnership,Pune,Maharashtra,2023-07-08,,Inactive,4971.16
3070,MCH7394,Brahmbhatt Plc,5812.0,Restaurants & Food,Private Limited,Delhi,Delhi,2024-07-29,IKKI3369443713209,Active,3620.77
3071,MCH7395,Bose And Sons,7011.0,Hotel & Lodging,Individual,Bengaluru,Karnataka,2024-01-07,XXXX9489,Active,431.0
3072,MCH7398,Bhavsar And Sons,5311.0,Department Store,Sole Proprietor,Chennai,Tamil Nadu,2025-04-24,,Active,6060.9
3073,MCH7400,"Kunda, Ramachandran And Khurana",5942.0,Books & Stationery,Private Limited,Pune,Maharashtra,2024-11-02,,Inactive,9167.75
3074,MCH7403,Prabhakar Group,5942.0,Books & Stationery,Sole Proprietor,Chennai,Tamil Nadu,2025-12-29,XXXX4472,Inactive,657.74
3075,MCH7408,Bala Group,,Miscellaneous,Private Limited,Hyderabad,Telangana,2026-01-13,CMJA0173542788867,Active,1032.22
3076,MCH7411,"Bhasin, Soman And Savant",4814.0,Telecom,Sole Proprietor,Chennai,Tamil Nadu,,,Active,2298.88
3077,MCH7412,Chand-Bada1,5812.0,Restaurants & Food,Private Limited,Mumbai,Maharashtra,2025-08-15,,Inactive,539.2
3078,MCH7413,Uppal-Chaudhry,,Department Store,Private Limited,Bengaluru,Karnataka,2024-09-13,3706152456,Active,3645.54
3079,MCH7419,Minhas Inc,5699.0,Apparel & Fashion,Individual,Bengaluru,Karnataka,2023-05-03,IRMQ2437668083455,Active,
3080,MCH7422,Divan-Vaidya,5942.0,Books & Stationery,Individual,Jaipur,Rajasthan,2024-07-26,7661131218,Suspended,170.31
3081,MCH7428,Chand Inc,5699.0,Apparel & Fashion,Individual,Bengaluru,Karnataka,2025-10-11,XXXX8001,Active,1254.86
3082,MCH7429,"Sandal, Raja And Gopal",7011.0,Hotel & Lodging,Sole Proprietor,Bengaluru,Karnataka,2023-12-15,,Active,1419.21
3083,MCH7430,Pingle-Lata,5311.0,Department Store,Individual,Lucknow,Uttar Pradesh,2024-09-07,XXXX3604,Active,2426.91
3084,MCH7431,Nagarajan And Sons,7011.0,Hotel & Lodging,Sole Proprietor,Jaipur,Rajasthan,2023-04-01,XXXX7904,Active,1657.0
3085,MCH7432,Agate Plc,5812.0,Restaurants & Food,Individual,Chennai,Tamil Nadu,2024-06-11,OKRJ7586561022456,Active,88.41
3086,MCH7433,"Sahota, Desai And Sarma",5999.0,Miscellaneous,Individual,Pune,Maharashtra,2024-02-24,,Active,867.14
3087,MCH7435,"Puri, Biswas And Roy",5912.0,Medical,Partnership,Jaipur,Rajasthan,2023-12-11,XXXX1625,Suspended,
3088,MCH7436,Mane-Trivedi,5912.0,Medical,Individual,Bengaluru,Karnataka,2024-09-14,,Active,
3089,MCH7439,Jayaraman Plc,7011.0,Hotel & Lodging,Private Limited,Kolkata,West Bengal,2024-04-07,,Active,7697.49
3090,MCH7440,Rastogi-Manne,5699.0,Apparel & Fashion,Sole Proprietor,Lucknow,Uttar Pradesh,2025-10-27,,Active,2334.42
3091,MCH7442,"Tand0N, Tak And Mane",5699.0,Apparel & Fashion,Partnership,Chennai,Tamil Nadu,2024-09-12,,Active,1620.41
3092,MCH7443,Chander-Manda,4131.0,Transportation,Private Limited,Delhi,Delhi,2024-03-27,,Active,1371.0
3093,MCH7444,Lanka-Shukla,5699.0,Apparel & Fashion,Private Limited,Mumbai,Maharashtra,2023-03-13,7637285335,Active,2750.67
3094,MCH7446,"Sami, Narayan And Roy",5942.0,Books & Stationery,Partnership,Ludhiana,Punjab,2023-02-08,,Inactive,6191.17
3095,MCH7448,Mittal Inc,4814.0,Telecom,Private Limited,Hyderabad,Telangana,2024-12-07,9231182109,Inactive,760.79
3096,MCH7449,"Brahmbhatt, Nagarajan And Kaul",5311.0,Department Store,Sole Proprietor,Amritsar,Punjab,,,Active,397.32
3097,MCH7452,Kala Llc,5311.0,Department Store,Sole Proprietor,Bengaluru,Karnataka,2025-07-07,4973608976,Active,1838.62
3098,MCH7455,"Mody, Bhattacharyya And Palla",4814.0,Telecom,Individual,Delhi,Delhi,2024-04-11,XXXX4231,Active,113.99
3099,MCH7458,"Hans, Som And Krish",,Restaurants & Food,Sole Proprietor,Bengaluru,Karnataka,2025-09-20,,Active,8448.66
3100,MCH7459,"Gara, Agarwal And Anne",7011.0,Hotel & Lodging,Individual,Ludhiana,Punjab,2023-04-14,2572840529,Active,2650.18
3101,MCH7462,"Malhotra, Sachdeva And Sant",5411.0,Grocery,Sole Proprietor,Hyderabad,Telangana,2025-11-11,EIQX3043472487822,Active,1601.35
3102,MCH7463,Chaudry-Natarajan,5912.0,Medical,Partnership,Chennai,Tamil Nadu,2025-07-05,VIFS4477584866493,Active,
3103,MCH7464,Duttallc,4131.0,Travel,Private Limited,Lucknow,Uttar Pradesh,2024-09-18,,Active,270.92
3104,MCH7465,Bhatt Group,,Miscellaneous,Individual,Pune,Maharashtra,2023-04-10,XXXX7739,Active,3040.67
3105,MCH7469,Dua Llc,5812.0,Restaurants & Food,Sole Proprietor,Pune,Maharashtra,,464385224,Inactive,1848.0
3106,MCH7470,Venkatesh Ltd,,Apparel & Fashion,Sole Proprietor,Lucknow,Uttar Pradesh,2025-04-29,DLXM0557851330372,Active,787.0
3107,MCH7471,Dass Llc,5812.0,Restaurants & Food,Sole Proprietor,Lucknow,Uttar Pradesh,2023-02-14,XXXX4634,Active,390.54
3108,MCH7473,"Nair, Ramachandran And Mane",5311.0,Retail,Sole Proprietor,Hyderabad,Telangana,2023-09-07,3598989275,Inactive,
3109,MCH7476,Sundaram Ltd,5411.0,Grocery,Sole Proprietor,Ludhiana,Punjab,2025-07-09,MKAI7735339239141,Active,1389.53
3110,MCH7478,"Sami, Brahmbhatt And Khurana",5699.0,Apparel & Fashion,Private Limited,Mumbai,Maharashtra,2024-08-19,,Inactive,
3111,MCH7479,"Wadhwa, Bhatia And Gade",5311.0,Retail,Partnership,Chennai,Tamil Nadu,2024-09-14,8868630340,Active,998.0
3112,MCH7482,"Bail, Verma And Sur",5699.0,Apparel & Fashion,Private Limited,Jalandhar,Punjab,2024-02-06,,Active,249.45
3113,MCH7489,Sridhar Plc,5999.0,Miscellaneous,Individual,Bengaluru,Karnataka,2024-09-15,,Active,990.64
3114,MCH7490,Datta Ltd,5912.0,Pharmacy,Sole Proprietor,Kolkata,West Bengal,2023-11-12,,Active,1590.69
3115,MCH7493,Sachdeva-Pillai,5699.0,Apparel & Fashion,Private Limited,Kolkata,West Bengal,2026-01-18,1151514873,Inactive,203.44
3116,MCH7495,"Subramaniam, Radhakrishnan And Bahri",5411.0,Grocery,Individual,Amritsar,Punjab,2023-05-14,XXXX3800,Inactive,1584.42
3117,MCH7501,Jayaraman Inc,5311.0,Department Store,Partnership,Kolkata,West Bengal,2024-10-03,XXXX9347,Active,2898.16
3118,MCH7502,Gokhale Llc,5311.0,Department Store,Individual,Amritsar,Punjab,2024-06-07,5976838930,Active,1185.45
3119,MCH7503,Raval Llc,5411.0,Grocery,Partnership,Delhi,Delhi,2025-10-30,6775545242,Active,1167.54
3120,MCH7504,Balay Plc,7011.0,Hotel & Lodging,Individual,Chennai,Tamil Nadu,2025-10-24,1818420938,Active,1030.01
3121,MCH7508,Garg-Deo,5942.0,Books & Stationery,Partnership,Amritsar,Punjab,2024-11-15,XXXX5011,Active,1956.49
3122,MCH7509,Narasimhan-Naidu,5699.0,Apparel & Fashion,Sole Proprietor,Kolkata,West Bengal,2025-07-29,RUXH2213582281170,Active,1271.23
3123,MCH7513,Buch Inc,5812.0,Restaurants & Food,Individual,Kolkata,West Bengal,2024-09-02,MLTA1304721995984,Active,584.0
3124,MCH7514,Ahuja-Bobal,5311.0,Retail,Sole Proprietor,Lucknow,Uttar Pradesh,2024-04-19,,Active,1943.52
3125,MCH7517,"Banik, Kamdar And Dada",5699.0,Apparel & Fashion,Individual,Amritsar,Punjab,2025-07-20,YYXV9001319720217,Active,2046.69
3126,MCH7519,"Sarkar, Garg And Kumar",4131.0,Transportation,Partnership,Lucknow,Uttar Pradesh,2025-06-01,6307100507,Inactive,771.94
3127,MCH7521,Boase Plc,4131.0,Transportation,Sole Proprietor,Kolkata,West Bengal,2026-01-27,WKCL3458708850629,Active,880.0
3128,MCH7523,Venkataraman-Hans,4131.0,Transportation,Sole Proprietor,Pune,Maharashtra,2025-04-28,6156184588,Active,6157.65
3129,MCH7524,"Sarna, Mital And Deo",7011.0,Hotel & Lodging,Private Limited,Bengaluru,Karnataka,2025-07-13,XXXX6292,Active,1847.0
3130,MCH7525,Char-Narayanan,5942.0,Books & Stationery,Individual,Lucknow,Uttar Pradesh,2025-03-31,,Active,424.34
3131,MCH7533,"Boase, Krishnan And Tiwari",5411.0,Apparel & Fashion,Partnership,Lucknow,Uttar Pradesh,2025-04-06,YYIV1816207811981,Active,1221.0
3132,MCH7536,Kalla-Deo,5311.0,Department Store,Partnership,Kolkata,West Bengal,2024-08-29,5654813293,Active,803.42
3133,MCH7539,"Kalita, Din And Ganesh",5311.0,Retail,Private Limited,Chennai,Tamil Nadu,2024-01-05,5865236657,Active,
3134,MCH7540,Solanki Inc,5999.0,Miscellaneous,Partnership,Jalandhar,Punjab,2024-08-04,XXXX7550,Active,579.73
3135,MCH7544,Ganesh And S0Ns,4131.0,Transportation,Sole Proprietor,Ludhiana,Punjab,2025-03-22,FWAU1672608587886,Inactive,2329.09
3136,MCH7546,Koshy Llc,5912.0,Pharmacy,Individual,Delhi,Delhi,2024-11-17,XXXX1749,Active,356.0
3137,MCH7548,Dhillon Inc,4814.0,Telecom,Private Limited,Hyderabad,Telangana,2025-08-24,XXXX6625,Suspended,4170.0
3138,MCH7549,Narayan Plc,7011.0,Hotel & Lodging,Sole Proprietor,Kolkata,West Bengal,2023-02-22,8324142833,Inactive,2720.0
3139,MCH7552,Som And Sons,4814.0,Telecom,Sole Proprietor,Pune,Maharashtra,2025-07-21,4455888078,Active,1934.0
3140,MCH7554,"J0Ha1, K0Thari And Nagar",4131.0,Transportation,Individual,Jalandhar,Punjab,2023-02-05,,Active,572.11
3141,MCH7556,Hayer-Saini,5942.0,Books & Stationery,Individual,Chennai,Tamil Nadu,2024-01-24,,Active,
3142,MCH7558,Nair-Tandon,7011.0,Hotel & Lodging,Individual,Delhi,Delhi,2025-09-24,WDIO8859498666425,Active,2209.65
3143,MCH7560,Chakraborty And Sons,,Department Store,Partnership,Pune,Maharashtra,,WVEJ5381131962008,Active,2097.03
3144,MCH7563,Anne And Sons,7011.0,Hotel & Lodging,Private Limited,Amritsar,Punjab,2023-05-16,XXXX7430,Active,300.06
3145,MCH7564,"Mahal, Thaman And Dani",5411.0,Books & Stationery,Sole Proprietor,Jalandhar,Punjab,2023-12-23,7935535958,Active,503.13
3146,MCH7566,Minhas Group,5912.0,Pharmacy,Partnership,Mumbai,Maharashtra,2024-03-08,,Active,880.25
3147,MCH7567,Badal-Tripathi,5699.0,Apparel & Fashion,Partnership,Delhi,Delhi,2023-01-23,,Active,581.85
3148,MCH7568,"Chokshi, Lall And Subramaniam",4131.0,Transportation,Individual,Amritsar,Punjab,2025-11-15,XXXX4056,Active,
3149,MCH7572,"Nori, Kibe And Das",5699.0,Apparel & Fashion,Sole Proprietor,Lucknow,Uttar Pradesh,2023-11-28,BLHB3138092170893,Active,870.0
3150,MCH7574,"Saini, Dubey And Bava",,Department Store,Private Limited,Pune,Maharashtra,2024-09-28,,Active,1109.44
3151,MCH7576,Ramanathan-Menon,7011.0,Hotel & Lodging,Partnership,Jalandhar,Punjab,2024-10-14,,Active,757.61
3152,MCH7577,"Gandhi, Golla And Arora",5699.0,Apparel & Fashion,Private Limited,Amritsar,Punjab,2023-01-26,XXXX6249,Active,
3153,MCH7580,Dhaliwal-Shankar,4814.0,Telecom,Sole Proprietor,Mumbai,Maharashtra,2023-07-04,XXXX8286,Active,1155.73
3154,MCH7581,"Deshpande, Butala And Jain",5699.0,Apparel & Fashion,Private Limited,Lucknow,Uttar Pradesh,2024-08-13,5640516477,Active,
3155,MCH7582,Gola Ltd,4131.0,Transportation,Individual,Kolkata,West Bengal,2024-07-31,,Active,1056.25
3156,MCH7585,Rattan-Ratti,5699.0,Apparel & Fashion,Partnership,Pune,Maharashtra,2026-10-02,,Active,
3157,MCH7586,"Hayer, Savant And Tiwari",5311.0,Department Store,Partnership,Pune,Maharashtra,2024-03-31,ODJU9409130463225,Active,765.1
3158,MCH7589,"Parekh, Dugal And Bumb",4131.0,Transportation,Private Limited,Pune,Maharashtra,2025-01-17,1086489702,Active,437.44
3159,MCH7591,Gour-Hora,5812.0,Restaurants & Food,Sole Proprietor,Amritsar,Punjab,2023-07-12,XXXX5661,Active,1230.68
3160,MCH7595,Subramaniam-Balasubramanian,,Grocery,Individual,Ludhiana,Punjab,2026-01-07,4323936215,Active,3392.31
3161,MCH7596,Bajwa-Luthra,4814.0,Telecom,Private Limited,Hyderabad,Telangana,2024-04-20,,Suspended,
3162,MCH7597,Vohra-Mitter,,Transportation,Sole Proprietor,Pune,Maharashtra,2025-07-31,BWIV7516426838159,Active,2111.86
3163,MCH7600,"Minhas, Rattan And Oak",5311.0,Retail,Sole Proprietor,Ludhiana,Punjab,2023-10-13,XXXX9742,Active,10025.0
3164,MCH7604,"Varkey, Hayer And Ratti",5411.0,Grocery,Partnership,Chennai,Tamil Nadu,2025-02-17,XXXX6093,Active,868.52
3165,MCH7605,Kakar-Dhi110N,5311.0,Retail,Private Limited,Bengaluru,Karnataka,2025-07-21,XXXX1255,Inactive,1126.42
3166,MCH7606,Chaudhari-Raman,5999.0,Miscellaneous,Private Limited,Bengaluru,Karnataka,2024-08-27,,Active,296.04
3167,MCH7607,"Vyas, Ramakrishnan And Narayanan",,Books & Stationery,Sole Proprietor,Amritsar,Punjab,2025-01-02,2925658717,Active,7039.03
3168,MCH7609,"Nagy, Bhat And Chaudhuri",4131.0,Transportation,Individual,Delhi,Delhi,2024-01-10,XXXX5106,Active,3649.36
3169,MCH7613,"Parekh, Ch0Kshi And Das",5699.0,Apparel & Fashion,Private Limited,Jaipur,Rajasthan,2024-11-23,VJFK9617718212331,Active,419.26
3170,MCH7614,Waliltd,5699.0,Apparel & Fashion,Individual,Mumbai,Maharashtra,2023-07-03,BEBD9243619313229,Active,969.0
3171,MCH7615,"Dar, Parekh And De",5812.0,Restaurants & Food,Sole Proprietor,Lucknow,Uttar Pradesh,,4443349499,Inactive,2530.9
3172,MCH7618,"Thaman, Parikh And Dubey",7011.0,Hotel & Lodging,Private Limited,Delhi,Delhi,2025-11-22,SGHB3691205385794,Active,244.24
3173,MCH7619,"Ranganathan, Kumer And Pandya",5311.0,Department Store,Private Limited,Kolkata,West Bengal,2023-02-11,XXXX7479,Active,
3174,MCH7620,Narain-Balasubramanian,5942.0,Books & Stationery,Private Limited,Chennai,Tamil Nadu,2025-02-14,2629867303,Active,2086.1
3175,MCH7621,Iyer-Mangal,5411.0,Grocery,Sole Proprietor,Jalandhar,Punjab,2023-09-14,9620926226,Active,1096.69
3176,MCH7622,Banerjee-Raman,5812.0,Restaurants & Food,Sole Proprietor,Pune,Maharashtra,2023-11-24,,Active,1374.5
3177,MCH7623,Pandya Llc,,Books & Stationery,Partnership,Mumbai,Maharashtra,2026-01-23,XXXX7491,Active,701.06
3178,MCH7627,Lata-Ray,4131.0,Transportation,Individual,Mumbai,Maharashtra,2025-05-17,3611125475,Active,1169.55
3179,MCH7628,"Mander, Guha And Varty",4814.0,Telecom,Sole Proprietor,Mumbai,Maharashtra,2026-12-01,845621446,Suspended,8496.25
3180,MCH7629,Taneja-Vyas,5999.0,Miscellaneous,Individual,Pune,Maharashtra,2023-01-01,70872652,Active,1413.56
3181,MCH7630,"Rama, Kalita And Jha",4131.0,Transportation,Individual,Mumbai,Maharashtra,2025-10-01,2315692507,Active,2393.0
3182,MCH7631,Chawla-Ganesh,4131.0,Travel,Individual,Pune,Maharashtra,2023-07-12,1532003029,Active,6757.26
3183,MCH7635,Pant And Sons,7011.0,Hotel & Lodging,Individual,Jalandhar,Punjab,2023-03-04,7323981612,Active,4941.43
3184,MCH7636,Bir Plc,5699.0,Apparel & Fashion,Sole Proprietor,Jalandhar,Punjab,2025-05-03,XXXX9076,Active,178.0
3185,MCH7639,Brar-Chana,5999.0,Miscellaneous,Sole Proprietor,Mumbai,Maharashtra,2025-02-20,XXXX2309,Active,4805.68
3186,MCH7644,Mital Plc,7011.0,Hotel & Lodging,Sole Proprietor,Chennai,Tamil Nadu,2024-03-07,,Active,602.59
3187,MCH7645,Majumdar-Nagarajan,5912.0,Medical,Sole Proprietor,Amritsar,Punjab,2024-09-21,7530870851,Active,1396.81
3188,MCH7647,"Bala, Mody And Kumer",5912.0,Medical,Partnership,Mumbai,Maharashtra,2025-12-30,XXXX0768,Inactive,3285.0
3189,MCH7648,"Trivedi, Ramachandran And Keer",5912.0,Miscellaneous,Private Limited,Hyderabad,Telangana,2024-11-12,7503405109,Suspended,1840.11
3190,MCH7651,Sur Inc,5912.0,Medical,Sole Proprietor,Jalandhar,Punjab,2025-07-24,VAPP7301302357942,Active,1138.07
3191,MCH7653,Mishra Llc,5699.0,Apparel & Fashion,Individual,Jalandhar,Punjab,2025-04-30,CZKM6825233537936,Active,7064.16
3192,MCH7654,Chakraborty Inc,5699.0,Apparel & Fashion,Sole Proprietor,Lucknow,Uttar Pradesh,,,Active,1250.0
3193,MCH7659,"Pandya, Bakshi And Chaudhary",4131.0,Transportation,Private Limited,Chennai,Tamil Nadu,2023-04-16,FNTE9764699509957,Active,1564.19
3194,MCH7661,Pal-Atwal,7011.0,Hotel & Lodging,Partnership,Kolkata,West Bengal,2024-06-20,LQAC5434478012412,Active,1304.11
3195,MCH7664,Datta Ltd,5812.0,Travel,Partnership,Kolkata,West Bengal,,XXXX7337,Active,990.98
3196,MCH7667,Solanki Llc,4814.0,Telecom,Sole Proprietor,Lucknow,Uttar Pradesh,2024-06-28,,Active,1620.69
3197,MCH7675,Suresh-Tandon,4131.0,Transportation,Partnership,Pune,Maharashtra,2025-01-24,,Active,1022.55
3198,MCH7679,Sama And Sons,5912.0,Pharmacy,Partnership,Bengaluru,Karnataka,2026-02-25,2230627789,Active,3295.19
3199,MCH7681,"Aggarwal, Raj And Mand",5311.0,Retail,Individual,Amritsar,Punjab,2023-07-26,6309524938,Active,148.0
3200,MCH7685,"Badal, Khurana And Bansal",5311.0,Department Store,Individual,Jalandhar,Punjab,2025-05-06,XXXX6889,Inactive,
3201,MCH7687,Devan Inc,5699.0,Apparel & Fashion,Individual,Lucknow,Uttar Pradesh,2024-11-25,,Active,2148.82
3202,MCH7688,"Kata, Bobal And Basu",5912.0,Medical,Sole Proprietor,Ludhiana,Punjab,2025-07-29,7749062073,Active,3346.0
3203,MCH7692,Ratti-Patla,5311.0,Department Store,Individual,Amritsar,Punjab,2025-07-10,XXXX7379,Active,2270.3
3204,MCH7698,Bhatnagar Inc,5999.0,Miscellaneous,Individual,Lucknow,Uttar Pradesh,2023-08-24,8131154936,Active,1276.92
3205,MCH7699,Mammen Ltd,4814.0,Telecom,Individual,Jalandhar,Punjab,2024-10-16,XXXX5219,Active,
3206,MCH7700,"Lanka, Setty And Muni",5812.0,Restaurants & Food,Partnership,Delhi,Delhi,2025-06-14,,Inactive,
3207,MCH7701,Ravel-Lala,5411.0,Grocery,Private Limited,Ludhiana,Punjab,2025-05-12,XXXX7294,Active,1411.44
3208,MCH7702,Ahuja-Nayar,5411.0,Grocery,Private Limited,Ludhiana,Punjab,2024-10-04,,Suspended,
3209,MCH7709,"Jani, Sidhu And Tripathi",4131.0,Transportation,Partnership,Jaipur,Rajasthan,2025-06-05,KEWA6292181807133,Active,451.31
3210,MCH7712,Sehgal Ltd,5411.0,Grocery,Partnership,Lucknow,Uttar Pradesh,,XXXX7167,Active,2215.59
3211,MCH7714,"Koshy, Dani And Barad",4814.0,Telecom,Private Limited,Jalandhar,Punjab,2023-10-27,,Active,669.74
3212,MCH7715,Tata-Borah,5999.0,Miscellaneous,Private Limited,Kolkata,West Bengal,2025-10-06,XXXX1003,Inactive,1652.04
3213,MCH7720,Agate-Krishnamurthy,7011.0,Hotel & Lodging,Private Limited,Chennai,Tamil Nadu,2025-10-12,,Active,475.0
3214,MCH7723,"Pandya, Barman And Biswas",5699.0,Apparel & Fashion,Private Limited,Ludhiana,Punjab,2025-01-06,MLMI7440738115367,Active,3268.86
3215,MCH7724,"Johal, Khatri And Sant",5411.0,Grocery,Individual,Jalandhar,Punjab,2026-02-18,BSAD5422938420269,Active,3132.9
3216,MCH7726,Modi Ltd,5311.0,Department Store,Individual,Lucknow,Uttar Pradesh,2025-05-17,XXXX3760,Active,1955.14
3217,MCH7728,"Banerjee, Iyengar And Ganguly",7011.0,Hotel & Lodging,Individual,Jaipur,Rajasthan,2024-11-10,XXXX5198,Active,750.16
3218,MCH7729,"Jain, Bail And Rattan",5411.0,Grocery,Private Limited,Pune,Maharashtra,2023-03-04,,Active,2571.4
3219,MCH7731,Dalalplc,7011.0,Hotel & Lodging,Individual,Chennai,Tamil Nadu,2024-05-25,,Active,2899.19
3220,MCH7733,Bora Inc,,Telecom,Private Limited,Lucknow,Uttar Pradesh,2024-01-22,XXXX3762,Active,5028.38
3221,MCH7735,Garg-Balan,5999.0,Miscellaneous,Sole Proprietor,Ludhiana,Punjab,2024-01-24,7094886442,Active,
3222,MCH7736,Kara Plc,5699.0,Apparel & Fashion,Individual,Amritsar,Punjab,2024-01-02,,Active,778.45
3223,MCH7737,Pal-Rama,5311.0,Department Store,Partnership,Ludhiana,Punjab,2023-09-01,XXXX1213,Active,1196.31
3224,MCH7744,Nath Plc,5311.0,Retail,Individual,Amritsar,Punjab,2026-02-08,,Active,
3225,MCH7746,Luthra Group,5699.0,Apparel & Fashion,Private Limited,Jaipur,Rajasthan,2025-10-08,4338266840,Active,1244.49
3226,MCH7748,Chhabra Group,5812.0,Restaurants & Food,Individual,Pune,Maharashtra,2025-12-26,225226630,Active,1602.16
3227,MCH7749,"Dhaliwal, Chaudhari And Lad",4131.0,Transportation,Private Limited,Lucknow,Uttar Pradesh,2023-03-28,,Active,472.27
3228,MCH7750,"Rama, Garde And Ravi",,Travel,Partnership,Bengaluru,Karnataka,2025-01-22,XXXX7708,Active,1271.38
3229,MCH7751,"Vig, Iyer And Andra",5311.0,Retail,Partnership,Pune,Maharashtra,2024-06-28,6513543497,Suspended,590.58
3230,MCH7757,"Uppal, Kota And Ramaswamy",4814.0,Telecom,Individual,Delhi,Delhi,2024-09-02,XXXX2473,Active,669.43
3231,MCH7758,"Memon, Agate And Deshpande",5699.0,Apparel & Fashion,Partnership,Mumbai,Maharashtra,2023-12-27,KYBY5368849904131,Active,362.28
3232,MCH7759,"Sankaran, Patel And Narain",5699.0,Apparel & Fashion,Sole Proprietor,Kolkata,West Bengal,2025-10-15,EADV1032511266518,Active,
3233,MCH7763,"Choudhury, Mody And Tank",5912.0,Medical,Individual,Chennai,Tamil Nadu,2023-03-11,,Active,777.85
3234,MCH7765,Dyal Llc,5812.0,Restaurants & Food,Individual,Amritsar,Punjab,2025-02-27,XXXX8941,Active,3067.55
3235,MCH7767,Nadkarni-Pathak,7011.0,Hotel & Lodging,Individual,Chennai,Tamil Nadu,2025-07-10,,Active,3595.48
3236,MCH7768,Sahota-Walia,4131.0,Transportation,Partnership,Delhi,Delhi,2025-06-19,,On Hold,1097.55
3237,MCH7769,"Atwal, Loke And Prasad",4814.0,Telecom,Partnership,Mumbai,Maharashtra,2024-07-21,,Active,232.38
3238,MCH7772,"Chatterjee, Wason And Nadkarni",5311.0,Department Store,Partnership,Mumbai,Maharashtra,2026-01-02,XXXX1871,Active,541.48
3239,MCH7773,Nath-Parikh,5699.0,Apparel & Fashion,Individual,Jaipur,Rajasthan,2025-09-08,XXXX0128,Active,544.16
3240,MCH7779,"Mane, Bassi And Samra",5699.0,Apparel & Fashion,Partnership,Lucknow,Uttar Pradesh,2024-12-12,UAHK2726212156650,Active,
3241,MCH7780,Jain Plc,5912.0,Medical,Sole Proprietor,Lucknow,Uttar Pradesh,2025-07-19,,Active,
3242,MCH7784,Dave-Babu,5912.0,Medical,Partnership,Ludhiana,Punjab,2023-03-16,XXXX3111,Active,643.0
3243,MCH7790,Barman-Roy,5942.0,Books & Stationery,Sole Proprietor,Chennai,Tamil Nadu,2025-05-28,3171421828,Active,1525.46
3244,MCH7794,Kalita Plc,5912.0,Medical,Partnership,Delhi,Delhi,2025-01-05,GLZI3360162189324,Active,622.63
3245,MCH7795,"Samra, Venkataraman And Bhatti",4131.0,Travel,Private Limited,Amritsar,Punjab,2024-03-08,XXXX1904,Active,723.93
3246,MCH7796,"Kari, Sridhar And J0Ha1",5411.0,Grocery,Partnership,Pune,Maharashtra,2024-12-09,5623137802,Active,489.31
3247,MCH7802,Venkatesh Llc,5912.0,Medical,Partnership,Lucknow,Uttar Pradesh,2024-04-12,5184855438,Active,1493.43
3248,MCH7803,Mukherjee-Sha,4814.0,Telecom,Private Limited,Jaipur,Rajasthan,2023-02-16,7883892457,Active,763.0
3249,MCH7804,Choudhry And Sons,5942.0,Books & Stationery,Sole Proprietor,Ludhiana,Punjab,2024-02-04,XXXX6038,Active,586.0
3250,MCH7806,"Sahni, Bhavsar And Kaul",4131.0,Transportation,Private Limited,Hyderabad,Telangana,2023-04-17,XXXX2487,Active,1046.19
3251,MCH7810,Bora-Chawla,,Books & Stationery,Individual,Amritsar,Punjab,2023-04-11,WADW8907156741077,Active,631.58
3252,MCH7814,Mallick-Puri,5812.0,Restaurants & Food,Sole Proprietor,Jaipur,Rajasthan,2024-03-01,,Active,
3253,MCH7817,Lata Plc,5812.0,Restaurants & Food,Private Limited,Chennai,Tamil Nadu,2025-07-27,,Inactive,3090.66
3254,MCH7821,Deshmukh Inc,4131.0,Miscellaneous,Partnership,Bengaluru,Karnataka,2026-01-26,3967998762,Active,1463.63
3255,MCH7828,Jhaveri And Sons,5699.0,Apparel & Fashion,Individual,Kolkata,West Bengal,2026-02-23,3888843924,Active,3105.54
3256,MCH7829,Hora Ltd,4131.0,Travel,Partnership,Jaipur,Rajasthan,2025-05-06,XXXX7292,Active,422.0
3257,MCH7830,Narayanan-Barad,5912.0,Pharmacy,Private Limited,Jaipur,Rajasthan,2025-12-14,9447863643,Suspended,1497.41
3258,MCH7832,"Sodhi, Venkataraman And Kohli",5999.0,Miscellaneous,Individual,Delhi,Delhi,2025-06-02,XXXX9396,Active,4116.49
3259,MCH7833,"Chopra, Baral And Hayre",5942.0,Books & Stationery,Sole Proprietor,Hyderabad,Telangana,2023-02-10,,Suspended,648.0
3260,MCH7835,"Dugar, Dhawan And De",7011.0,Hotel & Lodging,Private Limited,Lucknow,Uttar Pradesh,2023-12-26,,Suspended,1744.59
3261,MCH7837,Wali Group,5812.0,Miscellaneous,Individual,Kolkata,West Bengal,2023-06-03,,Active,803.03
3262,MCH7838,"Yohannan, Sethi And Khare",5812.0,Restaurants & Food,Sole Proprietor,Amritsar,Punjab,2024-03-25,,Active,974.3
3263,MCH7839,Mahajan-Bhasin,5699.0,Apparel & Fashion,Partnership,Amritsar,Punjab,2023-06-03,XXXX8814,Active,4413.06
3264,MCH7840,Sood Llc,5311.0,Department Store,Individual,Pune,Maharashtra,2023-09-26,XXXX2181,Active,394.0
3265,MCH7841,Manda Group,5942.0,Books & Stationery,Sole Proprietor,Pune,Maharashtra,2024-10-01,8517196401,Active,14164.49
3266,MCH7842,J0Ha1 Ltd,5812.0,Restaurants & Food,Private Limited,Kolkata,West Bengal,2025-06-02,XXXX0929,Inactive,1856.0
3267,MCH7843,Rastogi-Das,5812.0,Restaurants & Food,Partnership,Amritsar,Punjab,2025-04-03,XXXX7401,Active,
3268,MCH7844,Singh-Mane,5812.0,Grocery,Sole Proprietor,Ludhiana,Punjab,2024-10-31,,Active,1309.0
3269,MCH7845,Bhasin-Dubey,4814.0,Telecom,Private Limited,Ludhiana,Punjab,2024-08-22,8372327074,Active,994.0
3270,MCH7846,Chad-Gole,,Miscellaneous,Individual,Mumbai,Maharashtra,2023-08-24,XXXX4268,Active,228.0
3271,MCH7847,Ramakrishnan-Misra,5411.0,Grocery,Individual,Mumbai,Maharashtra,2025-12-04,,Active,2108.0
3272,MCH7849,Lal-Wagle,5311.0,Department Store,Sole Proprietor,Jaipur,Rajasthan,2025-02-12,XXXX0377,Active,4061.65
3273,MCH7850,Reddy Inc,5699.0,Apparel & Fashion,Partnership,Chennai,Tamil Nadu,2024-05-16,,Active,1378.0
3274,MCH7851,"Warrior, Hora And Dayal",4814.0,Telecom,Individual,Jalandhar,Punjab,2024-02-07,6337984791,Active,
3275,MCH7852,"Kapadia, K0Nda And Luthra",7011.0,Hotel & Lodging,Sole Proprietor,Chennai,Tamil Nadu,2023-05-12,XXXX7199,On Hold,4401.63
3276,MCH7856,"Sood, Dalal And Butala",7011.0,Hotel & Lodging,Private Limited,Delhi,Delhi,2025-11-06,1705220103,Active,2048.0
3277,MCH7860,"Pall, Som And Dalal",5999.0,Miscellaneous,Private Limited,Amritsar,Punjab,2024-11-11,1164754239,Active,
3278,MCH7862,Pandit-Ratti,5912.0,Medical,Individual,Amritsar,Punjab,2023-04-23,,Active,558.23
3279,MCH7863,"Lal, Hegde And Hora",5812.0,Restaurants & Food,Partnership,Lucknow,Uttar Pradesh,2024-11-18,BRCS2990278425539,Active,673.1
3280,MCH7864,"Kumer, Iyer And Bhavsar",4131.0,Travel,Private Limited,Amritsar,Punjab,2024-12-30,9319227409,Active,611.66
3281,MCH7865,Rout Inc,7011.0,Department Store,Individual,Hyderabad,Telangana,2023-11-13,XXXX3299,Active,2187.26
3282,MCH7866,Bhattacharyya And Sons,5311.0,Department Store,Partnership,Delhi,Delhi,2025-10-31,QKIU3712061004002,Active,2522.0
3283,MCH7868,Chander-Ramakrishnan,5311.0,Department Store,Individual,Pune,Maharashtra,2025-09-21,XXXX9717,Active,563.96
3284,MCH7870,"Kalla,Moreandswamy",5912.0,Pharmacy,Private Limited,Jaipur,Rajasthan,2025-03-04,JRSV4497187312439,Active,681.25
3285,MCH7871,"Mital, Palla And Saraf",5699.0,Apparel & Fashion,Sole Proprietor,Hyderabad,Telangana,2026-02-17,QSZR3521803060698,Active,
3286,MCH7875,Narasimhan Plc,5411.0,Grocery,Private Limited,Amritsar,Punjab,2025-03-01,,Active,585.43
3287,MCH7876,"Deshpande, Nagar And Parsa",5812.0,Telecom,Individual,Jaipur,Rajasthan,2024-08-22,,Active,502.95
3288,MCH7877,Parekh-Borra,5942.0,Books & Stationery,Private Limited,Mumbai,Maharashtra,2024-02-29,XXXX5911,Active,
3289,MCH7879,Sawhney-Goda,4814.0,Telecom,Individual,Jalandhar,Punjab,2023-12-30,,Active,1760.85
3290,MCH7880,Ben-Khare,4131.0,Transportation,Individual,Chennai,Tamil Nadu,2024-01-20,,Active,3857.41
3291,MCH7881,Menon Plc,5311.0,Department Store,Partnership,Pune,Maharashtra,2024-02-04,1137446678,Active,1357.1
3292,MCH7885,Sura Llc,5699.0,Apparel & Fashion,Partnership,Lucknow,Uttar Pradesh,2025-04-15,XXXX8127,Active,2999.12
3293,MCH7890,Contractor Plc,7011.0,Hotel & Lodging,Partnership,Chennai,Tamil Nadu,2024-07-21,KQNM1742343730851,Inactive,
3294,MCH7891,Bakshi Plc,5411.0,Grocery,Individual,Bengaluru,Karnataka,2024-03-02,5025889978,Active,3419.67
3295,MCH7895,Pau Plc,,Miscellaneous,Individual,Amritsar,Punjab,2023-06-08,,Active,583.0
3296,MCH7896,Samra Llc,7011.0,Hotel & Lodging,Private Limited,Kolkata,West Bengal,2023-10-16,SGTY6881761008390,On Hold,2276.65
3297,MCH7900,Basu-Sami,4131.0,Transportation,Individual,Delhi,Delhi,2025-04-24,CGXR1652716099772,Active,1035.61
3298,MCH7901,Bala Group,5812.0,Restaurants & Food,Partnership,Jaipur,Rajasthan,2023-03-02,VXJE9106968913579,Active,
3299,MCH7902,Deol Inc,4131.0,Transportation,Partnership,Ludhiana,Punjab,2025-05-07,,Active,
3300,MCH7904,Kapadia-Pandya,5942.0,Books & Stationery,Partnership,Chennai,Tamil Nadu,2023-09-20,XXXX8842,Active,6260.03
3301,MCH7906,"Ganesan, Gopal And Ratta",5912.0,Pharmacy,Individual,Jaipur,Rajasthan,2023-08-04,6930056996,Active,733.85
3302,MCH7910,Shenoy Llc,5812.0,Restaurants & Food,Partnership,Hyderabad,Telangana,2024-03-25,5996954160,Inactive,741.5
3303,MCH7912,Sarma-Arya,5699.0,Apparel & Fashion,Private Limited,Lucknow,Uttar Pradesh,2025-01-01,ZNNS3870382152945,Active,1318.64
3304,MCH7913,Khare Inc,5912.0,Medical,Partnership,Pune,Maharashtra,2025-02-22,QFFQ8944942522196,Active,
3305,MCH7914,Grover-Karnik,4814.0,Telecom,Sole Proprietor,Jaipur,Rajasthan,2023-11-30,,Active,1922.54
3306,MCH7917,Parsa-Madan,5411.0,Grocery,Sole Proprietor,Pune,Maharashtra,2023-04-02,XXXX8810,Inactive,
3307,MCH7918,Purohit Llc,5942.0,Books & Stationery,Private Limited,Kolkata,West Bengal,2024-09-06,XXXX2495,Active,1204.0
3308,MCH7919,Majumdar-Chandran,4131.0,Transportation,Partnership,Jaipur,Rajasthan,2025-12-09,ZYZN0297509951145,Active,4626.02
3309,MCH7922,Dara Llc,,Restaurants & Food,Partnership,Mumbai,Maharashtra,2024-05-13,4216494567,Active,1260.96
3310,MCH7925,"Bedi, Shroff And Nadkarni",4131.0,Transportation,Sole Proprietor,Lucknow,Uttar Pradesh,2023-07-07,BECU4208184850705,Active,2480.62
3311,MCH7930,"Boase, Barman And Virk",5812.0,Restaurants & Food,Private Limited,Amritsar,Punjab,2025-05-02,,Active,1076.5
3312,MCH7932,Sethi Ltd,4814.0,Telecom,Private Limited,Bengaluru,Karnataka,2025-04-20,AUYT1495828220876,Active,4410.18
3313,MCH7933,Baradinc,5812.0,Restaurants & Food,Individual,Amritsar,Punjab,2025-07-26,,Inactive,1177.0
3314,MCH7934,Srinivasan-Maharaj,5812.0,Restaurants & Food,Partnership,Chennai,Tamil Nadu,2023-02-23,,Inactive,1154.88
3315,MCH7938,Chander Ltd,,Telecom,Sole Proprietor,Bengaluru,Karnataka,2023-09-22,,Active,
3316,MCH7939,Mand Llc,5812.0,Restaurants & Food,Private Limited,Bengaluru,Karnataka,2025-01-23,,Active,2096.4
3317,MCH7942,Parmar-Oza,5912.0,Medical,Sole Proprietor,Hyderabad,Telangana,2024-08-10,,Active,1133.78
3318,MCH7943,Chaudhary-Rana,5912.0,Pharmacy,Individual,Kolkata,West Bengal,2024-12-27,IEWV4741965388466,Active,3927.63
3319,MCH7944,Bassi-Dyal,4131.0,Transportation,Sole Proprietor,Kolkata,West Bengal,2025-11-04,YDDT9877099170196,Active,1227.24
3320,MCH7945,"Barad, Wagle And Raju",5912.0,Pharmacy,Individual,Ludhiana,Punjab,2023-01-24,EHNZ2779616653327,Active,268.67
3321,MCH7947,Padmanabhan-Kale,4814.0,Telecom,Private Limited,Mumbai,Maharashtra,2023-09-08,,Active,3921.35
3322,MCH7948,Sachdeva-Buch,5311.0,Department Store,Partnership,Mumbai,Maharashtra,2025-07-03,XXXX0532,Active,656.76
3323,MCH7949,Vohra-Chaudhary,4131.0,Transportation,Private Limited,Mumbai,Maharashtra,2023-10-14,,Active,265.37
3324,MCH7950,Om-Andra,5411.0,Grocery,Individual,Ludhiana,Punjab,,,Active,3471.68
3325,MCH7951,Peri Group,7011.0,Hotel & Lodging,Sole Proprietor,Jaipur,Rajasthan,2024-02-21,,Active,
3326,MCH7953,Deep Group,5411.0,Grocery,Sole Proprietor,Mumbai,Maharashtra,2025-08-07,4208218333,Active,1668.75
3327,MCH7954,Sur Inc,7011.0,Hotel & Lodging,Private Limited,Hyderabad,Telangana,2025-01-04,,Active,2803.0
3328,MCH7955,"Andra, Oommen And Salvi",5699.0,Apparel & Fashion,Partnership,Amritsar,Punjab,2023-02-02,XXXX5039,Active,
3329,MCH7957,Keer-Khalsa,5411.0,Retail,Sole Proprietor,Amritsar,Punjab,2025-11-21,,Active,1690.94
3330,MCH7960,Comar-Ramesh,5411.0,Grocery,Sole Proprietor,Amritsar,Punjab,2023-05-01,XXXX2411,Active,
3331,MCH7965,Magar-Kant,5311.0,Department Store,Sole Proprietor,Pune,Maharashtra,2024-05-13,XXXX3832,Active,567.32
3332,MCH7967,Datta Llc,4814.0,Telecom,Individual,Amritsar,Punjab,2025-09-04,,Active,
3333,MCH7969,"Karan,Balandkhurana",4131.0,Travel,Individual,Lucknow,Uttar Pradesh,2025-04-16,,Active,836.32
3334,MCH7972,Lata Inc,5411.0,Grocery,Partnership,Bengaluru,Karnataka,2024-12-16,6873256015,Active,
3335,MCH7973,"Dhar, Som And Mane",7011.0,Hotel & Lodging,Sole Proprietor,Kolkata,West Bengal,2023-01-17,GEUZ7160822941996,Active,1422.91
3336,MCH7974,"Verma, Koshy And Bhardwaj",5411.0,Grocery,Individual,Jaipur,Rajasthan,2023-10-04,7985944544,Active,460.5
3337,MCH7977,"Kohli, Vaidya And Nagar",7011.0,Hotel & Lodging,Sole Proprietor,Chennai,Tamil Nadu,2025-07-23,PYMW1543762535071,Active,4790.0
3338,MCH7978,"Ganesan, Kohli And Savant",5999.0,Miscellaneous,Individual,Jaipur,Rajasthan,2023-02-15,XXXX8648,Active,2414.03
3339,MCH7981,"Singhal, Manne And Ray",5699.0,Apparel & Fashion,Private Limited,Jalandhar,Punjab,2023-11-02,IOCQ7344534204502,Active,234.87
3340,MCH7982,De0 Ltd,5311.0,Department Store,Partnership,Ludhiana,Punjab,2023-01-14,KDBH6204467913349,Active,579.0
3341,MCH7983,Karpe-Raval,5311.0,Department Store,Individual,Lucknow,Uttar Pradesh,2024-01-11,XXXX7464,Active,3843.3
3342,MCH7985,"Ba1Ay, Mammen And Raman",5812.0,Restaurants & Food,Partnership,Lucknow,Uttar Pradesh,2023-12-16,,Active,2429.67
3343,MCH7986,Pathak Inc,,Miscellaneous,Individual,Chennai,Tamil Nadu,2024-05-30,,Inactive,1602.91
3344,MCH7987,Mangat-Sundaram,5912.0,Medical,Individual,Chennai,Tamil Nadu,2023-02-25,XXXX1113,Active,
3345,MCH7991,Rastogi Plc,5942.0,Books & Stationery,Partnership,Mumbai,Maharashtra,,,Active,1076.7
3346,MCH7992,Goel Group,4814.0,Telecom,Individual,Bengaluru,Karnataka,2023-10-18,UIMY5187810690637,Active,609.52
3347,MCH7993,Garde Inc,4814.0,Telecom,Partnership,Kolkata,West Bengal,2023-04-23,4099690978,Active,1024.0
3348,MCH7996,Bhargava Llc,5912.0,Medical,Private Limited,Amritsar,Punjab,2024-12-18,BYTJ9061277350740,Inactive,
3349,MCH7997,"Rattan, Naik And Singh",5999.0,Miscellaneous,Individual,Pune,Maharashtra,2024-05-31,MFLT0388804537888,Active,
3350,MCH8003,Tank Ltd,5311.0,Department Store,Sole Proprietor,Hyderabad,Telangana,2023-12-14,RVNR6882512785280,Active,614.4
3351,MCH8004,Hayre-Agate,5999.0,Miscellaneous,Individual,Amritsar,Punjab,2025-10-01,2751341092,Inactive,934.62
3352,MCH8005,"Kumar, Ahluwalia And Thaman",4131.0,Transportation,Sole Proprietor,Bengaluru,Karnataka,2025-06-30,,Active,
3353,MCH8007,Chaudhari Inc,5699.0,Apparel & Fashion,Sole Proprietor,Pune,Maharashtra,2025-11-26,KFYF9189766472754,Active,1165.41
3354,MCH8013,Thakkar-Vohra,5942.0,Books & Stationery,Sole Proprietor,Bengaluru,Karnataka,2024-08-06,8058369632,Active,
3355,MCH8014,Mukherjee Inc,5912.0,Pharmacy,Sole Proprietor,Jaipur,Rajasthan,2026-01-25,,Active,702.0
3356,MCH8018,Lad Plc,5411.0,Grocery,Private Limited,Kolkata,West Bengal,2025-03-27,XXXX3019,Active,655.7
3357,MCH8019,Chaudhry-Naidu,5942.0,Books & Stationery,Private Limited,Jaipur,Rajasthan,,,Active,888.78
3358,MCH8023,Char-Gala,5699.0,Apparel & Fashion,Individual,Chennai,Tamil Nadu,2024-04-04,PWFC1818550515264,Active,837.35
3359,MCH8024,Banik Plc,5411.0,Grocery,Individual,Jalandhar,Punjab,2026-02-02,OAOZ8994715452448,Active,1100.96
3360,MCH8025,"Karnik, Hayer And Khalsa",4814.0,Telecom,Partnership,Lucknow,Uttar Pradesh,2023-08-14,4642162943,Active,1781.41
3361,MCH8029,"Gokhale, Varughese And Dube",5311.0,Retail,Sole Proprietor,Hyderabad,Telangana,2025-12-21,GRPS2021500015035,Active,973.0
3362,MCH8031,Chokshi Ltd,7011.0,Hotel & Lodging,Individual,Hyderabad,Telangana,2025-07-26,3288481391,Active,2110.06
3363,MCH8032,Roy-Ramesh,5699.0,Apparel & Fashion,Partnership,Mumbai,Maharashtra,2025-05-24,,Active,1773.07
3364,MCH8033,"Kala, Mahal And Dash",5311.0,Department Store,Individual,Hyderabad,Telangana,2025-12-02,XXXX2251,Active,1390.13
3365,MCH8035,"Munshi, Mani And Taneja",5999.0,Miscellaneous,Individual,Mumbai,Maharashtra,2025-02-08,5547624355,Active,
3366,MCH8036,"Sarma, Madan And Pandey",5912.0,Medical,Partnership,Mumbai,Maharashtra,2025-07-12,,Active,2055.77
3367,MCH8037,Patla-Balakrishnan,4814.0,Telecom,Sole Proprietor,Pune,Maharashtra,2025-09-19,4862107137,Active,327.35
3368,MCH8038,"Singh, Baria And Kakar",5912.0,Pharmacy,Private Limited,Lucknow,Uttar Pradesh,2024-12-20,5855829731,Active,1174.3
3369,MCH8039,"Kibe,Brahmbhattandjaggi",5699.0,Apparel & Fashion,Sole Proprietor,Pune,Maharashtra,2024-10-28,,Active,2282.53
3370,MCH8043,Lalla Group,5311.0,Department Store,Private Limited,Ludhiana,Punjab,2024-07-31,,Active,1064.0
3371,MCH8044,"Sant, Nadkarni And Rajan",5912.0,Department Store,Individual,Bengaluru,Karnataka,2024-10-13,,Active,
3372,MCH8046,Muni Llc,7011.0,Pharmacy,Partnership,Mumbai,Maharashtra,2024-12-11,GNMM4947998232253,Active,401.9
3373,MCH8048,"Kaul, Master And Deo",4814.0,Telecom,Individual,Hyderabad,Telangana,2025-02-15,XXXX6691,Active,2683.93
3374,MCH8049,Balan-Shah,5699.0,Apparel & Fashion,Private Limited,Lucknow,Uttar Pradesh,2024-09-04,,Active,
3375,MCH8050,Bora-Oommen,5311.0,Department Store,Individual,Jalandhar,Punjab,2023-12-16,YBIM5056880883544,Active,587.46
3376,MCH8051,"Saxena, Kamdar And Kannan",5942.0,Books & Stationery,Partnership,Delhi,Delhi,2024-10-17,,Active,598.72
3377,MCH8052,Mangat-Ganesh,4131.0,Transportation,Sole Proprietor,Kolkata,West Bengal,2024-01-05,,Active,527.34
3378,MCH8053,Chhabra Inc,4814.0,Telecom,Individual,Hyderabad,Telangana,2023-03-29,XXXX7777,Active,1235.44
3379,MCH8054,"Kant, Gara And Grewal",4131.0,Transportation,Sole Proprietor,Chennai,Tamil Nadu,2024-12-12,RGWT7200559316561,Active,
3380,MCH8055,Sankaran-Sachar,5999.0,Miscellaneous,Private Limited,Ludhiana,Punjab,2023-11-11,UKDK6406633609762,Active,1036.97
3381,MCH8056,"Pai, Doshi And Nath",4814.0,Telecom,Private Limited,Lucknow,Uttar Pradesh,2024-05-26,YMRE9652845311736,Active,581.34
3382,MCH8057,Kalla Group,5912.0,Medical,Sole Proprietor,Mumbai,Maharashtra,2025-08-29,,Active,437.01
3383,MCH8058,"Jayaraman, Pall And Goel",5912.0,Pharmacy,Partnership,Kolkata,West Bengal,2023-06-25,DJCR4230820318730,Active,1476.23
3384,MCH8059,Kapadia Plc,4814.0,Telecom,Sole Proprietor,Mumbai,Maharashtra,2023-06-05,,Inactive,263.96
3385,MCH8060,"Bal, Garde And Puri",5699.0,Apparel & Fashion,Private Limited,Kolkata,West Bengal,2024-12-06,XXXX9739,Active,1604.68
3386,MCH8062,Randhawa-Kata,,Miscellaneous,Individual,Mumbai,Maharashtra,2024-03-31,,Active,1473.0
3387,MCH8065,Gandhi-Shanker,4131.0,Transportation,Individual,Lucknow,Uttar Pradesh,2024-07-19,9755596598,Inactive,674.4
3388,MCH8066,Sane-Shukla,5411.0,Grocery,Partnership,Amritsar,Punjab,2023-03-08,222417187,Active,
3389,MCH8068,Narula-Nadkarni,4131.0,Transportation,Private Limited,Bengaluru,Karnataka,2025-06-08,ATPT6936183619498,Active,
3390,MCH8069,Memon Inc,,Hotel & Lodging,Individual,Amritsar,Punjab,2023-09-09,XXXX8900,Active,557.54
3391,MCH8073,"Chaudhary, Nori And Aggarwal",4814.0,Telecom,Private Limited,Mumbai,Maharashtra,2023-08-04,UFCA0209377639619,Active,2535.65
3392,MCH8074,Prakash-Bera,4814.0,Telecom,Individual,Jalandhar,Punjab,2024-12-04,2437188894,Active,439.79
3393,MCH8076,"Sani, Sanghvi And Butala",5311.0,Department Store,Individual,Ludhiana,Punjab,2024-07-02,9096281984,Active,470.52
3394,MCH8078,Thaman-Ganguly,5912.0,Pharmacy,Sole Proprietor,Mumbai,Maharashtra,2023-07-12,7715038972,Active,1158.31
3395,MCH8080,Brar Plc,4814.0,Telecom,Individual,Pune,Maharashtra,2025-02-02,,Active,1241.0
3396,MCH8082,Contractor And Sons,7011.0,Hotel & Lodging,Sole Proprietor,Amritsar,Punjab,2025-02-20,XXXX4733,Active,4480.58
3397,MCH8085,Verma-Ramachandran,5942.0,Books & Stationery,Individual,Pune,Maharashtra,2025-10-22,7310237630,Active,
3398,MCH8086,Kala Llc,,Grocery,Partnership,Jalandhar,Punjab,2024-12-29,XXXX1156,Active,1335.85
3399,MCH8091,"Trivedi, Vohra And Dash",5812.0,Restaurants & Food,Sole Proprietor,Ludhiana,Punjab,2023-03-26,XXXX3774,Active,1507.11
3400,MCH8093,"Seth, Bassi And Raman",7011.0,Hotel & Lodging,Partnership,Hyderabad,Telangana,2024-05-15,XXXX3618,Active,1629.96
3401,MCH8095,Saxena Llc,5699.0,Apparel & Fashion,Private Limited,Jaipur,Rajasthan,2024-08-16,7415423811,Active,304.22
3402,MCH8096,Srinivas-Verma,,Telecom,Partnership,Mumbai,Maharashtra,,,Active,2241.14
3403,MCH8098,"Sahni, Bahri And Apte",5912.0,Pharmacy,Individual,Pune,Maharashtra,2025-08-27,XXXX6599,Active,1970.0
3404,MCH8101,"Jani, Varghese And Barman",,Apparel & Fashion,Sole Proprietor,Delhi,Delhi,,ZAGS9531645948920,Inactive,734.89
3405,MCH8104,Chacko Group,7011.0,Hotel & Lodging,Private Limited,Bengaluru,Karnataka,2024-01-02,4591497253,Active,
3406,MCH8107,Ramachandran Ltd,5999.0,Miscellaneous,Partnership,Jaipur,Rajasthan,,XXXX9786,Active,
3407,MCH8109,"Nadkarni, Sawhney And Singh",5912.0,Pharmacy,Partnership,Delhi,Delhi,2024-04-28,836014923,Active,5729.0
3408,MCH8110,Kamdar-Raval,5999.0,Miscellaneous,Partnership,Lucknow,Uttar Pradesh,2023-07-13,,Inactive,768.59
3409,MCH8114,"Raman, Sandal And Bedi",4814.0,Telecom,Individual,Jalandhar,Punjab,2024-02-08,LFZC4951241506007,Active,1612.23
3410,MCH8119,Subramanianandsons,,Transportation,Sole Proprietor,Amritsar,Punjab,2023-06-14,,Active,1285.93
3411,MCH8125,"Jaggi, Samra And Narula",4131.0,Transportation,Sole Proprietor,Chennai,Tamil Nadu,2023-10-19,XXXX6695,Active,983.23
3412,MCH8126,"Saxena, Mitra And Chada",5912.0,Pharmacy,Individual,Lucknow,Uttar Pradesh,2025-03-12,XXXX5937,Suspended,844.44
3413,MCH8129,"Devan, Ramesh And 0Ak",5311.0,Department Store,Individual,Kolkata,West Bengal,2025-03-22,XXXX5824,Active,2940.0
3414,MCH8130,"Kale, Kumer And Chand",,Department Store,Partnership,Ludhiana,Punjab,2026-02-05,GYEV9276514828192,Active,419.61
3415,MCH8131,Sekhon-Agrawal,5999.0,Miscellaneous,Private Limited,Kolkata,West Bengal,2023-05-15,,Inactive,5430.66
3416,MCH8132,Sami-Balay,5699.0,Apparel & Fashion,Private Limited,Bengaluru,Karnataka,2025-08-20,XXXX7576,Active,4139.52
3417,MCH8135,Bhakta Plc,5999.0,Miscellaneous,Private Limited,Amritsar,Punjab,2024-04-09,,Active,857.0
3418,MCH8136,Bora Inc,7011.0,Hotel & Lodging,Sole Proprietor,Amritsar,Punjab,2025-10-27,XXXX8920,Inactive,635.0
3419,MCH8137,G0Pa1-Mahajan,4131.0,Travel,Partnership,Bengaluru,Karnataka,2024-01-30,XXXX2908,Active,561.1
3420,MCH8138,Chaudhuri-Varma,5311.0,Department Store,Individual,Chennai,Tamil Nadu,2025-05-12,,Active,1502.0
3421,MCH8139,"Mani, Kala And Verma",5311.0,Department Store,Individual,Amritsar,Punjab,2024-07-02,6294042962,Active,2137.68
3422,MCH8140,"Chokshi, Johal And Sachdeva",5812.0,Restaurants & Food,Sole Proprietor,Kolkata,West Bengal,2024-08-24,,Active,1136.04
3423,MCH8142,Mane And Sons,5912.0,Medical,Private Limited,Ludhiana,Punjab,2025-08-25,WMPI8979622395583,Active,5955.63
3424,MCH8145,Dhi110N Llc,7011.0,Hotel & Lodging,Private Limited,Chennai,Tamil Nadu,2025-12-10,,Active,180.43
3425,MCH8146,Bath-Purohit,5942.0,Books & Stationery,Sole Proprietor,Delhi,Delhi,2025-04-28,XXXX1421,Active,5566.64
3426,MCH8148,Sehgal-Banik,4131.0,Transportation,Sole Proprietor,Bengaluru,Karnataka,2024-01-27,,Active,406.0
3427,MCH8149,"Chandran, Mander And Parmar",5812.0,Restaurants & Food,Partnership,Kolkata,West Bengal,,,Active,1378.0
3428,MCH8150,Hegde-Doctor,5912.0,Pharmacy,Partnership,Pune,Maharashtra,2023-02-11,MNHK7085418913677,Active,1430.0
3429,MCH8151,Dalal Plc,5699.0,Apparel & Fashion,Individual,Jalandhar,Punjab,2024-08-01,WQMC9295186993346,Active,1200.0
3430,MCH8152,Chaudhari Plc,5912.0,Pharmacy,Sole Proprietor,Jalandhar,Punjab,2023-07-24,,Active,1648.01
3431,MCH8154,Yohannan Plc,,Transportation,Sole Proprietor,Jalandhar,Punjab,2023-06-26,,Suspended,998.6
3432,MCH8157,Lall-Char,5411.0,Books & Stationery,Private Limited,Jalandhar,Punjab,2023-07-08,CLWX6992397328584,Active,3861.94
3433,MCH8159,"Gade, Gala And Bhatti",5812.0,Restaurants & Food,Individual,Jaipur,Rajasthan,2024-01-31,,Active,1186.29
3434,MCH8160,Amble And Sons,5699.0,Apparel & Fashion,Individual,Jaipur,Rajasthan,2023-05-18,XXXX4907,Active,5769.95
3435,MCH8163,"Sama, Pant And Tara",,Books & Stationery,Private Limited,Lucknow,Uttar Pradesh,2025-06-13,,Active,
3436,MCH8164,"Devan, Basu And Buch",5812.0,Restaurants & Food,Private Limited,Delhi,Delhi,2023-04-26,KRTZ4526793978232,Active,3036.35
3437,MCH8165,"Sandhu, Saran And Dhar",5999.0,Miscellaneous,Sole Proprietor,Chennai,Tamil Nadu,2023-04-09,XXXX2851,Inactive,1269.15
3438,MCH8169,"Kapur, Prashad And Srinivasan",5999.0,Miscellaneous,Individual,Jaipur,Rajasthan,2024-03-11,XXXX1277,Active,1294.0
3439,MCH8170,"Dyal, Chadha And Shenoy",4814.0,Telecom,Partnership,Hyderabad,Telangana,2024-12-15,4344277649,Active,589.07
3440,MCH8174,Bera Group,5311.0,Department Store,Private Limited,Pune,Maharashtra,2023-12-23,XXXX5992,Active,1502.14
3441,MCH8176,Bala Plc,5311.0,Department Store,Sole Proprietor,Hyderabad,Telangana,,,Active,3488.0
3442,MCH8177,Soman Inc,5812.0,Restaurants & Food,Private Limited,Kolkata,West Bengal,2024-03-04,XXXX3095,Active,2423.6
3443,MCH8181,Mall-Chatterjee,4131.0,Transportation,Individual,Amritsar,Punjab,,6803575158,Active,
3444,MCH8187,"Chada, Mammen And Lanka",4131.0,Travel,Sole Proprietor,Ludhiana,Punjab,2025-06-03,3255945345,Active,671.0
3445,MCH8188,"Ram, Krish And Pai",5999.0,Miscellaneous,Partnership,Lucknow,Uttar Pradesh,2025-02-16,XXXX6724,Inactive,734.28
3446,MCH8189,Bajaj-Sura,4131.0,Transportation,Sole Proprietor,Delhi,Delhi,2023-01-31,,Active,1010.26
3447,MCH8192,"Oza, Sant And Loke",5411.0,Grocery,Private Limited,Kolkata,West Bengal,2024-05-11,XXXX6524,Inactive,408.0
3448,MCH8197,Virk-Venkataraman,5912.0,Pharmacy,Sole Proprietor,Kolkata,West Bengal,2024-03-01,,Active,964.03
3449,MCH8198,Buch-Sengupta,5311.0,Department Store,Individual,Kolkata,West Bengal,2023-01-18,,Active,2004.67
3450,MCH8200,Rai-Bhargava,5942.0,Books & Stationery,Sole Proprietor,Amritsar,Punjab,2023-07-19,,Active,
3451,MCH8203,Lad-Suresh,4131.0,Miscellaneous,Partnership,Ludhiana,Punjab,2024-10-16,YJQR4818378164787,Active,937.0
3452,MCH8204,Bumb-Bansal,7011.0,Hotel & Lodging,Private Limited,Jalandhar,Punjab,2025-10-13,190035504,Active,1083.04
3453,MCH8208,Tak-Shankar,7011.0,Hotel & Lodging,Individual,Mumbai,Maharashtra,2024-03-18,,Active,1309.39
3454,MCH8209,"Cheema, Bansal And Comar",5699.0,Apparel & Fashion,Sole Proprietor,Ludhiana,Punjab,2023-12-27,WBQV3675439647595,Active,6788.0
3455,MCH8210,Bains Group,5912.0,Medical,Partnership,Delhi,Delhi,2025-05-06,4433554214,Active,2128.0
3456,MCH8211,Parekh-Atwal,5411.0,Grocery,Private Limited,Jaipur,Rajasthan,2025-05-22,9728363988,Active,
3457,MCH8212,Taneja Ltd,5311.0,Department Store,Private Limited,Chennai,Tamil Nadu,2023-03-07,,Inactive,2159.07
3458,MCH8215,"Brar, Ramesh And Kaul",5411.0,Grocery,Partnership,Chennai,Tamil Nadu,2023-05-23,DOZI8655958280664,Inactive,1544.34
3459,MCH8219,Devi Group,4814.0,Telecom,Individual,Ludhiana,Punjab,2023-01-06,,Active,1980.0
3460,MCH8220,Sarkar Plc,5411.0,Grocery,Private Limited,Pune,Maharashtra,2024-06-11,,Active,142.34
3461,MCH8221,Kala-Bajaj,5942.0,Books & Stationery,Sole Proprietor,Bengaluru,Karnataka,,5133526509,Inactive,1133.63
3462,MCH8225,Bedi-Date,,Miscellaneous,Private Limited,Pune,Maharashtra,2024-02-28,6820537783,Active,2289.3
3463,MCH8226,Das-Subramanian,5999.0,Miscellaneous,Partnership,Jaipur,Rajasthan,2024-03-26,6578658444,Active,789.74
3464,MCH8233,Patel Ltd,5411.0,Grocery,Partnership,Jalandhar,Punjab,2024-12-28,,Active,1942.94
3465,MCH8235,Konda-Pillai,5942.0,Books & Stationery,Private Limited,Chennai,Tamil Nadu,2025-08-29,XXXX2371,Active,
3466,MCH8238,"Lala, Seth And Tak",5699.0,Apparel & Fashion,Partnership,Jaipur,Rajasthan,2024-07-22,XXXX3627,Active,952.06
3467,MCH8239,"Brahmbhatt, 0Ak And Dhar",5411.0,Grocery,Partnership,Jaipur,Rajasthan,2025-05-19,,Active,266.0
3468,MCH8240,Sur Llc,5912.0,Pharmacy,Partnership,Lucknow,Uttar Pradesh,2025-08-10,641477724,Active,1777.69
3469,MCH8241,"Mane, Wagle And Ganesan",5311.0,Department Store,Partnership,Kolkata,West Bengal,2024-09-22,GUGG0514416234988,Active,814.25
3470,MCH8242,Choudhary-Pall,7011.0,Hotel & Lodging,Private Limited,Ludhiana,Punjab,2023-06-27,XXXX7286,Active,607.04
3471,MCH8245,"Dhillon, Saran And Kalita",7011.0,Hotel & Lodging,Partnership,Ludhiana,Punjab,2025-09-06,,Active,2778.0
3472,MCH8247,"Pandya, Muni And Hora",4814.0,Telecom,Partnership,Lucknow,Uttar Pradesh,2024-10-24,ODLV2829878275215,Active,1396.47
3473,MCH8253,Dutt-Narain,5411.0,Grocery,Sole Proprietor,Hyderabad,Telangana,2024-04-15,XXXX4097,Active,1104.19
3474,MCH8255,"Yadav, Goyal And Sem",5699.0,Apparel & Fashion,Individual,Jalandhar,Punjab,2023-11-02,3847429821,Active,2733.83
3475,MCH8259,Lall Group,5942.0,Books & Stationery,Sole Proprietor,Jalandhar,Punjab,2023-04-13,,Active,2667.52
3476,MCH8261,"Sridhar, Manda And Arora",5812.0,Restaurants & Food,Sole Proprietor,Jaipur,Rajasthan,2023-12-02,,Suspended,8032.44
3477,MCH8262,Sanghvi Ltd,5411.0,Grocery,Sole Proprietor,Bengaluru,Karnataka,2024-06-10,,Active,4676.0
3478,MCH8263,"Gara, Kar And Raval",5699.0,Apparel & Fashion,Sole Proprietor,Chennai,Tamil Nadu,2025-07-21,XLDI5037601996445,Active,1443.08
3479,MCH8264,"Hayer, Pant And Suresh",4131.0,Transportation,Private Limited,Jaipur,Rajasthan,2025-01-03,WKHI8476650778332,Active,2906.17
3480,MCH8268,Krishnamurthy-Chopra,5942.0,Books & Stationery,Private Limited,Chennai,Tamil Nadu,2025-09-13,9959196450,Active,1218.95
3481,MCH8271,Konda-Bawa,5699.0,Apparel & Fashion,Sole Proprietor,Chennai,Tamil Nadu,2023-10-05,WSNV9244788716456,Active,1087.99
3482,MCH8272,"Kaur, Barad And Sengupta",5411.0,Grocery,Partnership,Amritsar,Punjab,2023-04-11,5098196386,Active,2250.0
3483,MCH8276,"Kakar, Handa And Sachdeva",5812.0,Restaurants & Food,Sole Proprietor,Mumbai,Maharashtra,2025-09-23,XXXX1898,Active,2410.37
3484,MCH8277,"Patil, Goyal And Sarin",5912.0,Pharmacy,Individual,Amritsar,Punjab,2025-07-04,XXXX6940,Inactive,1542.69
3485,MCH8279,Lala Plc,5411.0,Grocery,Sole Proprietor,Chennai,Tamil Nadu,,,Active,416.0
3486,MCH8281,Tara-Mander,4131.0,Transportation,Private Limited,Pune,Maharashtra,2023-11-03,TEPW4553100153492,Active,3216.91
3487,MCH8283,Nadkarni Llc,4131.0,Travel,Private Limited,Kolkata,West Bengal,2023-10-26,XXXX9874,Active,731.97
3488,MCH8286,"Chadha, Chaudhari And Edwin",5912.0,Medical,Private Limited,Hyderabad,Telangana,2023-08-09,XXXX2952,Active,1828.46
3489,MCH8288,Kakar-Sood,5311.0,Department Store,Private Limited,Bengaluru,Karnataka,2024-05-04,1654192370,Active,1556.66
3490,MCH8289,"Ch0Udhury, Chakrabarti And Kha1Sa",4131.0,Transportation,Sole Proprietor,Lucknow,Uttar Pradesh,2023-10-06,1750486763,Active,954.52
3491,MCH8291,Walia Inc,7011.0,Hotel & Lodging,Private Limited,Ludhiana,Punjab,2023-01-04,,Active,1898.37
3492,MCH8295,Mammen Llc,5999.0,Miscellaneous,Private Limited,Chennai,Tamil Nadu,2024-04-11,XXXX0713,Active,1554.58
3493,MCH8296,Gara Inc,5411.0,Grocery,Partnership,Jalandhar,Punjab,2025-07-16,MFEL4687001236835,Active,
3494,MCH8297,Rai And Sons,5942.0,Books & Stationery,Partnership,Chennai,Tamil Nadu,2024-07-20,EMJO2764357164899,Active,618.85
3495,MCH8299,Garde Plc,5812.0,Restaurants & Food,Partnership,Jaipur,Rajasthan,2023-01-06,,Active,1496.13
3496,MCH8306,"Wason, Saraf And Dube",,Hotel & Lodging,Partnership,Bengaluru,Karnataka,2025-02-15,2587742511,Active,67.35
3497,MCH8308,Thakkar Plc,4131.0,Hotel & Lodging,Sole Proprietor,Mumbai,Maharashtra,2023-06-06,LHVQ2811292052937,Active,1612.0
3498,MCH8310,Chakraborty Ltd,4131.0,Travel,Individual,Delhi,Delhi,2026-01-02,5355342816,Active,1287.03
3499,MCH8312,"Ramanathan, Andra And Sarma",5912.0,Medical,Partnership,Lucknow,Uttar Pradesh,2023-02-20,XXXX8360,Active,
3500,MCH8314,Chawla-Mander,4131.0,Transportation,Partnership,Kolkata,West Bengal,2024-09-07,PBDO0323494203428,Active,93.33
3501,MCH8316,Nagi Plc,5812.0,Restaurants & Food,Private Limited,Chennai,Tamil Nadu,2023-09-23,XXXX1199,Active,1504.17
3502,MCH8324,Golla-Chaudhuri,7011.0,Hotel & Lodging,Private Limited,Jalandhar,Punjab,2025-06-04,,Active,
3503,MCH8325,Sarin Inc,5999.0,Miscellaneous,Individual,Amritsar,Punjab,2025-03-19,1450425498,Active,1640.03
3504,MCH8326,"Bassi, Lalla And Sastry",5411.0,Grocery,Individual,Amritsar,Punjab,2025-12-30,XXXX1031,Active,1031.0
3505,MCH8327,Men0N Ltd,,Miscellaneous,Individual,Bengaluru,Karnataka,2023-06-18,,Inactive,1670.04
3506,MCH8328,Raman-Dass,,Grocery,Partnership,Jalandhar,Punjab,2024-09-29,,Active,2484.83
3507,MCH8329,"Halder, Panchal And Pandit",5411.0,Miscellaneous,Individual,Lucknow,Uttar Pradesh,2025-07-10,XXXX8898,Active,422.0
3508,MCH8330,Trivedi-Shan,,Restaurants & Food,Partnership,Hyderabad,Telangana,2024-11-05,2548494928,Active,4115.86
3509,MCH8331,Yogi Inc,5999.0,Miscellaneous,Sole Proprietor,Bengaluru,Karnataka,2025-05-07,,Inactive,1372.86
3510,MCH8332,"Sethi, Buch And Sachdeva",7011.0,Hotel & Lodging,Individual,Hyderabad,Telangana,2025-05-04,,Active,1666.61
3511,MCH8334,"Rai,Bandiandjayaraman",5411.0,Transportation,Partnership,Kolkata,West Bengal,2024-08-17,MJDT6229880746794,Active,3117.64
3512,MCH8335,Bhatti-Keer,,Retail,Sole Proprietor,Hyderabad,Telangana,2024-03-06,,Inactive,1335.83
3513,MCH8337,Padmanabhan-Nanda,5999.0,Miscellaneous,Individual,Bengaluru,Karnataka,2024-08-20,OIGZ3615629643358,Active,694.67
3514,MCH8338,Basu Ltd,5812.0,Restaurants & Food,Private Limited,Pune,Maharashtra,2025-06-21,XXXX2977,Active,279.5
3515,MCH8341,Jha Ltd,4814.0,Telecom,Private Limited,Chennai,Tamil Nadu,2023-02-07,XXXX7449,Active,2211.95
3516,MCH8344,Purohit-Ravi,5311.0,Department Store,Private Limited,Pune,Maharashtra,2023-09-04,,Active,337.58
3517,MCH8345,"Srinivas, Bali And Bhatt",7011.0,Hotel & Lodging,Sole Proprietor,Jalandhar,Punjab,2023-02-08,,Inactive,1909.16
3518,MCH8346,Sane-Ben,5999.0,Miscellaneous,Private Limited,Kolkata,West Bengal,2024-04-03,IXCA8152224460445,Active,2955.96
3519,MCH8352,Tailor And Sons,7011.0,Hotel & Lodging,Sole Proprietor,Lucknow,Uttar Pradesh,2024-11-06,,Active,1393.59
3520,MCH8355,"Virk, Sarna And Sangha",5812.0,Restaurants & Food,Individual,Mumbai,Maharashtra,2023-10-09,702210119,Active,3279.0
3521,MCH8358,Tripathi-Borah,5912.0,Pharmacy,Private Limited,Kolkata,West Bengal,2025-06-12,BKSI3267781366733,Active,1758.66
3522,MCH8363,Salvi Group,7011.0,Hotel & Lodging,Sole Proprietor,Lucknow,Uttar Pradesh,2024-11-20,,Active,833.32
3523,MCH8364,Kataplc,5912.0,Pharmacy,Individual,Mumbai,Maharashtra,2023-11-21,,Active,753.31
3524,MCH8365,Banik Plc,5999.0,Miscellaneous,Private Limited,Jalandhar,Punjab,2024-11-01,XXXX2609,Active,3523.0
3525,MCH8369,Samra-Radhakrishnan,5699.0,Apparel & Fashion,Sole Proprietor,Bengaluru,Karnataka,2024-03-18,IECA0291676472161,Active,2175.82
3526,MCH8370,Tandon-Khosla,4131.0,Transportation,Partnership,Hyderabad,Telangana,2024-09-15,2595692413,Active,574.0
3527,MCH8372,Parsa-Chokshi,4814.0,Telecom,Private Limited,Amritsar,Punjab,2023-02-10,XXXX0623,Active,714.9
3528,MCH8374,Nadig-Batra,5699.0,Apparel & Fashion,Partnership,Amritsar,Punjab,2024-02-21,VELJ0567478440820,Active,831.77
3529,MCH8377,"Agate, Suresh And Bahri",5311.0,Department Store,Individual,Hyderabad,Telangana,2024-02-05,XXXX2261,Active,1519.49
3530,MCH8379,Deep Group,5942.0,Books & Stationery,Private Limited,Kolkata,West Bengal,2026-01-29,XXXX9737,Suspended,469.0
3531,MCH8380,Chaudhari-Behl,7011.0,Hotel & Lodging,Partnership,Mumbai,Maharashtra,2024-05-18,XXXX2808,Active,780.2
3532,MCH8384,"Tella, Batra And Baral",5311.0,Department Store,Individual,Jalandhar,Punjab,2023-04-08,,Active,
3533,MCH8385,Thaker-Hegde,5812.0,Restaurants & Food,Partnership,Amritsar,Punjab,2024-05-14,,Active,2913.48
3534,MCH8389,Thaman Group,,Restaurants & Food,Individual,Mumbai,Maharashtra,2024-02-17,XXXX0828,Inactive,1716.78
3535,MCH8390,"Thakkar, Babu And Nagi",4131.0,Transportation,Private Limited,Hyderabad,Telangana,2024-03-25,XXXX7354,Active,2159.57
3536,MCH8391,Talwar-Bhasin,4131.0,Apparel & Fashion,Individual,Ludhiana,Punjab,2025-10-21,9793728885,Active,2052.0
3537,MCH8393,Salvi Llc,7011.0,Hotel & Lodging,Partnership,Jalandhar,Punjab,2024-10-18,XXXX4953,Active,1230.0
3538,MCH8399,"La11A, Wadhwa And Bhardwaj",,Restaurants & Food,Private Limited,Kolkata,West Bengal,2025-09-05,XXXX6906,Active,1773.81
3539,MCH8400,Banerjee Inc,5812.0,Restaurants & Food,Sole Proprietor,Lucknow,Uttar Pradesh,,,Active,
3540,MCH8401,Pandey Plc,,Hotel & Lodging,Partnership,Chennai,Tamil Nadu,2025-09-09,328253862,Active,625.0
3541,MCH8405,Roy Ltd,,Apparel & Fashion,Private Limited,Kolkata,West Bengal,2023-02-13,MAGL2579020752689,Inactive,1147.53
3542,MCH8407,Dey Group,4131.0,Transportation,Individual,Lucknow,Uttar Pradesh,2024-07-10,,Active,2726.27
3543,MCH8409,"Dua, Naidu And Agate",4131.0,Travel,Individual,Mumbai,Maharashtra,2024-09-05,,Active,1474.83
3544,MCH8410,Kade Llc,5411.0,Grocery,Partnership,Lucknow,Uttar Pradesh,2024-11-08,5959501337,Active,893.08
3545,MCH8411,Chopra Group,5411.0,Restaurants & Food,Private Limited,Jalandhar,Punjab,2023-01-01,,Inactive,1067.4
3546,MCH8412,Sachdeva-Mutti,5311.0,Department Store,Private Limited,Bengaluru,Karnataka,2023-03-01,,Active,2327.41
3547,MCH8413,"Mammen,Parmerandchandra",4814.0,Telecom,Sole Proprietor,Bengaluru,Karnataka,2024-03-19,,Active,
3548,MCH8416,"Bal, Kant And Gola",5411.0,Grocery,Private Limited,Chennai,Tamil Nadu,2025-03-31,XXXX9605,Active,5069.39
3549,MCH8417,Bhalla-Batta,5311.0,Department Store,Partnership,Bengaluru,Karnataka,2025-07-07,,Active,544.37
3550,MCH8418,Jaggi Inc,7011.0,Hotel & Lodging,Individual,Pune,Maharashtra,2023-12-01,5753448100,Inactive,
3551,MCH8419,Nigam Inc,4814.0,Telecom,Sole Proprietor,Amritsar,Punjab,2025-01-10,WLCE4900884368712,Active,462.51
3552,MCH8421,"Wali, Chowdhury And Barman",5812.0,Restaurants & Food,Private Limited,Bengaluru,Karnataka,2023-10-08,7007867420,Active,966.94
3553,MCH8422,Kakar-Bera,5699.0,Apparel & Fashion,Sole Proprietor,Amritsar,Punjab,2025-03-10,XXXX1336,Active,661.76
3554,MCH8423,Balasubramanian And Sons,5411.0,Grocery,Private Limited,Mumbai,Maharashtra,2025-01-26,5080169849,Active,1838.16
3555,MCH8425,"Bhatnagar,Comarandhans",7011.0,Hotel & Lodging,Individual,Jalandhar,Punjab,2025-06-12,NAVX0262232106872,Active,637.53
3556,MCH8427,Sankaran-Rai,5942.0,Books & Stationery,Sole Proprietor,Hyderabad,Telangana,2023-10-17,ZQGR3907039607264,Active,302.0
3557,MCH8428,"Keer, Batra And Kapadia",7011.0,Hotel & Lodging,Partnership,Jalandhar,Punjab,2024-08-19,,Active,2475.47
3558,MCH8431,Bala Group,4131.0,Transportation,Individual,Ludhiana,Punjab,2025-05-02,XXXX7030,Active,964.23
3559,MCH8432,Lad Inc,5942.0,Books & Stationery,Private Limited,Delhi,Delhi,2024-10-07,FRLI9065794513387,Active,394.7
3560,MCH8433,"Gill, Taneja And Bhardwaj",5411.0,Grocery,Individual,Lucknow,Uttar Pradesh,2023-05-12,9035895384,Suspended,5465.01
3561,MCH8435,Bajwa-Sandhu,5699.0,Apparel & Fashion,Individual,Jaipur,Rajasthan,2024-08-11,XRHA7493996842867,Active,
3562,MCH8436,"Seshadri, Minhas And Subramanian",4814.0,Telecom,Individual,Delhi,Delhi,2025-12-21,XXXX8739,Active,1427.93
3563,MCH8437,"Kurian, Yadav And Sidhu",5812.0,Restaurants & Food,Partnership,Amritsar,Punjab,2024-09-09,,Active,1382.63
3564,MCH8439,Bala And Sons,5912.0,Pharmacy,Individual,Jalandhar,Punjab,2024-09-14,,Active,1591.75
3565,MCH8440,"Chacko, Natarajan And Menon",5999.0,Miscellaneous,Individual,Mumbai,Maharashtra,2025-01-19,,Active,775.41
3566,MCH8445,Chand Inc,5999.0,Miscellaneous,Partnership,Jaipur,Rajasthan,2025-12-27,,Active,2873.41
3567,MCH8446,Kuruvi11A Gr0Up,5999.0,Miscellaneous,Sole Proprietor,Chennai,Tamil Nadu,2025-07-07,,Active,979.24
3568,MCH8448,"Roy, Parekh And Ratti",7011.0,Hotel & Lodging,Private Limited,Jaipur,Rajasthan,2024-07-25,,Active,364.74
3569,MCH8449,Mani-Ramachandran,5912.0,Pharmacy,Partnership,Delhi,Delhi,2024-12-27,XXXX6183,Active,461.73
3570,MCH8450,Singhal Llc,,Miscellaneous,Private Limited,Jaipur,Rajasthan,2023-07-18,HPUX4362247724149,Active,2472.47
3571,MCH8451,"Kala, Pradhan And Hayre",5812.0,Restaurants & Food,Partnership,Hyderabad,Telangana,2024-06-14,9996900448,Active,1874.56
3572,MCH8453,"Jaggi, Saxena And Ratta",5411.0,Grocery,Partnership,Amritsar,Punjab,2023-11-19,,Active,599.17
3573,MCH8455,Chauhan-Raju,5311.0,Department Store,Private Limited,Pune,Maharashtra,2023-03-29,5585488676,Active,1832.78
3574,MCH8456,Srinivasan And Sons,5411.0,Grocery,Individual,Jalandhar,Punjab,2023-03-04,XXXX9275,Active,3454.0
3575,MCH8460,Luthra Plc,5411.0,Department Store,Private Limited,Jaipur,Rajasthan,2023-03-10,XXXX0930,Active,2927.81
3576,MCH8464,"Kapadia, Sarin And Bhargava",5411.0,Grocery,Sole Proprietor,Ludhiana,Punjab,2024-07-19,,Active,1536.1
3577,MCH8466,Dani Plc,5999.0,Miscellaneous,Sole Proprietor,Lucknow,Uttar Pradesh,2024-11-20,971517189,Active,1946.42
3578,MCH8467,Gara-Sarkar,5912.0,Medical,Individual,Pune,Maharashtra,2025-12-03,,Active,826.0
3579,MCH8470,Munshi-Reddy,,Transportation,Sole Proprietor,Pune,Maharashtra,2025-12-29,,Active,1203.0
3580,MCH8472,Guha-Sandhu,4814.0,Telecom,Partnership,Amritsar,Punjab,,,Active,1828.57
3581,MCH8473,"Tella, Dara And Krish",4814.0,Telecom,Private Limited,Mumbai,Maharashtra,2025-06-21,,Active,320.84
3582,MCH8475,"Karpe, Iyer And Gole",5942.0,Books & Stationery,Private Limited,Bengaluru,Karnataka,2025-04-20,,Active,2426.04
3583,MCH8480,Doshi-Sarin,4131.0,Transportation,Individual,Pune,Maharashtra,2023-07-02,,Active,
3584,MCH8481,"Dixit,Geraandgara",4131.0,Transportation,Sole Proprietor,Jaipur,Rajasthan,,COTV7157526007969,Active,1730.88
3585,MCH8484,"Grover, Swamy And Johal",5912.0,Medical,Private Limited,Kolkata,West Bengal,2023-08-17,,Suspended,1273.08
3586,MCH8489,Mand And Sons,7011.0,Hotel & Lodging,Individual,Pune,Maharashtra,2025-08-24,XXXX8251,Active,2744.11
3587,MCH8490,Sekhon-Chadha,5699.0,Apparel & Fashion,Sole Proprietor,Delhi,Delhi,2024-06-28,XXXX6195,Inactive,
3588,MCH8492,Narayan Gr0Up,4814.0,Telecom,Individual,Kolkata,West Bengal,,XXXX3928,Inactive,
3589,MCH8493,Buch Inc,5912.0,Medical,Individual,Chennai,Tamil Nadu,2025-01-17,YMCT2319815382495,Active,2394.24
3590,MCH8496,Sandhu Plc,5942.0,Books & Stationery,Partnership,Hyderabad,Telangana,2025-01-10,PCDO3725942171870,Inactive,
3591,MCH8497,"Pandey, Dutta And Thakkar",5812.0,Restaurants & Food,Private Limited,Delhi,Delhi,2025-09-18,266895023,Active,802.0
3592,MCH8501,Koshy-Mukherjee,7011.0,Hotel & Lodging,Partnership,Hyderabad,Telangana,2023-08-21,,Active,3180.8
3593,MCH8504,Kohli Plc,5411.0,Grocery,Sole Proprietor,Chennai,Tamil Nadu,2025-05-05,5858195769,Active,977.26
3594,MCH8505,Kamdar-Ghosh,5942.0,Books & Stationery,Private Limited,Jaipur,Rajasthan,2023-08-02,XXXX4333,Active,517.98
3595,MCH8506,"Handa, Sahni And Sawhney",4814.0,Telecom,Partnership,Hyderabad,Telangana,2026-12-01,,Active,339.0
3596,MCH8508,"Iyengar,Gillandtella",5999.0,Miscellaneous,Private Limited,Chennai,Tamil Nadu,2023-12-12,,Active,1985.47
3597,MCH8509,Merchant-Kalita,5411.0,Grocery,Private Limited,Hyderabad,Telangana,2025-02-11,5703041030,Active,329.11
3598,MCH8511,Bhattacharyya Llc,4131.0,Travel,Sole Proprietor,Kolkata,West Bengal,2025-09-13,5718101424,Active,1377.4
3599,MCH8512,Luthra-Bhasin,4131.0,Transportation,Sole Proprietor,Lucknow,Uttar Pradesh,2025-07-22,,Active,2579.73
3600,MCH8517,"Bandi, Bir And Buch",5912.0,Pharmacy,Individual,Delhi,Delhi,2025-05-12,XXXX8958,Active,2544.34
3601,MCH8518,Srivastava-Parsa,5699.0,Apparel & Fashion,Individual,Jaipur,Rajasthan,2024-09-11,,Active,191.84
3602,MCH8521,"Sankaran, Mangat And Gaba",5311.0,Department Store,Sole Proprietor,Delhi,Delhi,2024-11-24,MNDO2443340838612,Active,1028.11
3603,MCH8525,Bah1-Mangat,7011.0,Hotel & Lodging,Individual,Mumbai,Maharashtra,2025-03-27,,Inactive,444.54
3604,MCH8527,"Varkey, Chacko And Sarraf",5411.0,Grocery,Private Limited,Delhi,Delhi,2025-07-20,,Active,128.48
3605,MCH8529,Pradhan Plc,5942.0,Books & Stationery,Sole Proprietor,Delhi,Delhi,2025-07-13,,Active,476.91
3606,MCH8530,Chopra-Khanna,5311.0,Department Store,Partnership,Hyderabad,Telangana,,,Active,442.28
3607,MCH8536,Boase Plc,,Telecom,Partnership,Mumbai,Maharashtra,2024-10-23,,Active,3149.45
3608,MCH8537,Sunder Llc,4131.0,Travel,Private Limited,Chennai,Tamil Nadu,2025-09-16,FNGX1491502830694,Active,1072.34
3609,MCH8539,Arya-Char,5699.0,Apparel & Fashion,Sole Proprietor,Chennai,Tamil Nadu,2025-10-07,XXXX4751,Active,3012.9
3610,MCH8540,Tiwari Ltd,5999.0,Miscellaneous,Sole Proprietor,Jaipur,Rajasthan,2024-06-27,,Active,
3611,MCH8545,Taneja And Sons,5411.0,Grocery,Private Limited,Jaipur,Rajasthan,2025-07-06,,Active,1926.0
3612,MCH8546,Jani Plc,5311.0,Department Store,Partnership,Kolkata,West Bengal,2024-09-21,,Active,1691.74
3613,MCH8548,Karpe Ltd,5812.0,Restaurants & Food,Partnership,Delhi,Delhi,,,Active,699.0
3614,MCH8549,"Amb1E, Sangha And C0Mar",4814.0,Telecom,Individual,Ludhiana,Punjab,2026-01-12,XXXX7799,Active,1130.69
3615,MCH8550,Nayar Ltd,5912.0,Telecom,Partnership,Jalandhar,Punjab,2024-01-09,CEPK3792011478067,Active,1649.78
3616,MCH8551,Sule-Ganesh,5699.0,Apparel & Fashion,Individual,Kolkata,West Bengal,2023-03-15,ILTD6256269158206,Active,1452.12
3617,MCH8552,"Manne, Manda And Toor",4131.0,Travel,Sole Proprietor,Pune,Maharashtra,2023-08-19,,Active,
3618,MCH8553,Kumar And Sons,5411.0,Grocery,Partnership,Jalandhar,Punjab,2025-11-15,,Active,1412.27
3619,MCH8554,Mangat Plc,5999.0,Miscellaneous,Sole Proprietor,Mumbai,Maharashtra,2023-04-03,,Inactive,
3620,MCH8555,Ar0Ra Plc,5999.0,Miscellaneous,Private Limited,Delhi,Delhi,2023-04-15,9465965379,Active,1643.0
3621,MCH8556,"Rout, Dhillon And Sinha",5942.0,Books & Stationery,Sole Proprietor,Jaipur,Rajasthan,2023-05-04,,Active,
3622,MCH8558,Dutt-Tailor,5311.0,Retail,Sole Proprietor,Amritsar,Punjab,2024-12-29,,Active,857.14
3623,MCH8559,"Gokhale, Dugal And Pradhan",5812.0,Restaurants & Food,Private Limited,Pune,Maharashtra,2023-07-09,,Suspended,2171.47
3624,MCH8561,"Swaminathan, Sa1Vi And Kant",5699.0,Apparel & Fashion,Private Limited,Mumbai,Maharashtra,2025-04-19,PNGX7339881598856,Active,4447.81
3625,MCH8562,Radhakrishnan-Apte,5812.0,Restaurants & Food,Private Limited,Chennai,Tamil Nadu,2023-12-04,,Active,1647.0
3626,MCH8563,"Sen, Saxena And Chopra",5411.0,Grocery,Sole Proprietor,Pune,Maharashtra,2025-12-18,XXXX7720,Active,1384.68
3627,MCH8565,"Mammen, Modi And Sankar",5812.0,Restaurants & Food,Sole Proprietor,Jaipur,Rajasthan,2024-07-27,,Active,609.89
3628,MCH8566,Magar-Kota,4131.0,Transportation,Partnership,Amritsar,Punjab,2026-01-03,,Active,1353.18
3629,MCH8568,Krishna-Agrawal,4814.0,Telecom,Partnership,Kolkata,West Bengal,2024-10-25,7283032727,Inactive,412.1
3630,MCH8569,Tara Ltd,5812.0,Restaurants & Food,Individual,Lucknow,Uttar Pradesh,2025-11-18,,Active,1022.19
3631,MCH8570,Reddy Ltd,5942.0,Books & Stationery,Partnership,Hyderabad,Telangana,2023-03-28,4219980172,Active,528.1
3632,MCH8571,"Garde, Toor And Malhotra",4814.0,Telecom,Partnership,Amritsar,Punjab,2023-05-31,,Active,266.55
3633,MCH8572,"Sheth,Sethandkulkarni",4814.0,Telecom,Individual,Jaipur,Rajasthan,2026-01-15,AQKO8183766323405,Active,4326.0
3634,MCH8574,Vohra Group,5912.0,Medical,Individual,Jaipur,Rajasthan,2026-04-02,NSHE9263060444640,Inactive,
3635,MCH8575,"Doctor, Merchant And Bhatti",4814.0,Telecom,Partnership,Kolkata,West Bengal,2024-04-18,,Active,2693.45
3636,MCH8578,Bhatt Llc,4131.0,Transportation,Sole Proprietor,Pune,Maharashtra,2023-08-26,QYMF1422119480722,Inactive,2462.04
3637,MCH8579,Om Llc,5311.0,Department Store,Sole Proprietor,Bengaluru,Karnataka,2024-10-05,IKJV1180612753786,Active,3034.67
3638,MCH8581,"Sundaram, Sekhon And Andra",7011.0,Hotel & Lodging,Partnership,Jalandhar,Punjab,2024-11-14,,Active,953.97
3639,MCH8588,"Kala, Kant And Gola",,Transportation,Individual,Chennai,Tamil Nadu,2025-11-24,5957904984,Active,
3640,MCH8591,Dutta And Sons,5999.0,Miscellaneous,Individual,Kolkata,West Bengal,2025-02-02,XXXX4892,Active,2731.17
3641,MCH8592,Venkatesh-Brahmbhatt,5942.0,Books & Stationery,Private Limited,Bengaluru,Karnataka,2023-11-29,XXXX8568,Active,2914.59
3642,MCH8597,Hayre-Badami,5812.0,Restaurants & Food,Private Limited,Amritsar,Punjab,2023-05-26,XXXX4723,Active,1847.81
3643,MCH8598,"Raghavan, Nadig And Karpe",5812.0,Restaurants & Food,Sole Proprietor,Pune,Maharashtra,2024-06-16,XXXX2019,Active,1385.16
3644,MCH8600,"Kalita, Bains And Gandhi",5812.0,Restaurants & Food,Sole Proprietor,Delhi,Delhi,2024-07-06,RRYJ6587686551997,Active,855.0
3645,MCH8601,Chahal-Parekh,5812.0,Restaurants & Food,Private Limited,Amritsar,Punjab,2025-02-20,SPNT7219401023773,Active,
3646,MCH8602,Raghavan-Ah1Uwa1Ia,5411.0,Grocery,Individual,Chennai,Tamil Nadu,2023-01-19,,Active,
3647,MCH8603,Mane Ltd,5812.0,Restaurants & Food,Sole Proprietor,Ludhiana,Punjab,2023-04-01,9861979521,Active,258.46
3648,MCH8606,Prabhakar Ltd,5942.0,Books & Stationery,Partnership,Mumbai,Maharashtra,2024-11-25,,Active,602.72
3649,MCH8607,Sachdeva-Dutta,4814.0,Telecom,Partnership,Jalandhar,Punjab,2026-02-16,HBCE1328673504211,Active,699.07
3650,MCH8610,Pandey And Sons,5999.0,Miscellaneous,Sole Proprietor,Bengaluru,Karnataka,,LZLP7648523257090,Active,1014.0
3651,MCH8612,Kurian-Goda,5812.0,Restaurants & Food,Sole Proprietor,Mumbai,Maharashtra,2023-07-18,XXXX5561,Active,1133.93
3652,MCH8613,Comar-Tata,5812.0,Restaurants & Food,Individual,Lucknow,Uttar Pradesh,2023-09-05,,Suspended,2485.09
3653,MCH8614,Basu-Gola,4131.0,Travel,Partnership,Pune,Maharashtra,2026-01-08,XXXX7777,Active,1454.86
3654,MCH8615,Devi-Narasimhan,5942.0,Books & Stationery,Sole Proprietor,Kolkata,West Bengal,2024-11-18,8648906197,Active,722.58
3655,MCH8616,Ratti-Jha,5699.0,Apparel & Fashion,Sole Proprietor,Pune,Maharashtra,2025-05-30,,Active,
3656,MCH8619,Salvi-Nazareth,5411.0,Grocery,Sole Proprietor,Delhi,Delhi,2024-07-25,,Active,860.21
3657,MCH8622,Choudhry-Krishna,7011.0,Hotel & Lodging,Partnership,Pune,Maharashtra,2025-03-18,,Active,196.86
3658,MCH8624,Kannan-Mital,5912.0,Pharmacy,Sole Proprietor,Pune,Maharashtra,2023-05-20,BFXZ1340418444371,Active,1202.33
3659,MCH8628,"Char, Sastry And Sane",4131.0,Transportation,Individual,Pune,Maharashtra,2023-08-18,KLDA6853429090498,Active,1108.74
3660,MCH8631,Chaudhari-Chhabra,5699.0,Apparel & Fashion,Sole Proprietor,Lucknow,Uttar Pradesh,2024-02-17,7902410971,Active,1011.95
3661,MCH8632,"Koshy, Suri And Dey",5812.0,Restaurants & Food,Individual,Delhi,Delhi,2025-11-14,BRHB3883781562442,Active,3705.21
3662,MCH8633,Pillai-Lata,5912.0,Medical,Individual,Amritsar,Punjab,2025-04-02,6437885672,Active,1325.55
3663,MCH8634,Palla-Brar,5912.0,Medical,Partnership,Jalandhar,Punjab,2023-06-13,FVKP3398609583042,Active,843.2
3664,MCH8636,Ghosh-Dash,5942.0,Books & Stationery,Partnership,Amritsar,Punjab,2023-09-06,8172688665,Active,3699.41
3665,MCH8638,Ramanathan-Apte,5942.0,Books & Stationery,Partnership,Chennai,Tamil Nadu,2025-04-16,XXXX4259,Active,985.8
3666,MCH8639,"Sodhi, Kala And Ramaswamy",5411.0,Grocery,Partnership,Pune,Maharashtra,2023-09-18,,Active,1544.0
3667,MCH8640,"Vasa, Nanda And Bhat",5311.0,Department Store,Sole Proprietor,Pune,Maharashtra,2025-05-03,,Active,347.11
3668,MCH8641,Rai And Sons,4131.0,Travel,Individual,Ludhiana,Punjab,2024-01-10,,Active,
3669,MCH8643,"Kota, Aurora And Dugal",5699.0,Apparel & Fashion,Sole Proprietor,Delhi,Delhi,2024-04-15,GITM5447907663864,Active,1011.23
3670,MCH8644,M0Re-L0Ke,4131.0,Transportation,Individual,Ludhiana,Punjab,2025-07-20,,Active,1294.91
3671,MCH8645,"Desai, Agarwal And Handa",4814.0,Telecom,Individual,Ludhiana,Punjab,2024-03-31,,Active,1177.09
3672,MCH8648,"Kumer, Pradhan And Pai",5912.0,Pharmacy,Sole Proprietor,Jalandhar,Punjab,2023-12-17,CPHP6408157927970,Active,2147.87
3673,MCH8650,Konda Ltd,5999.0,Miscellaneous,Sole Proprietor,Ludhiana,Punjab,2024-05-27,XXXX1884,Active,578.35
3674,MCH8654,Bhavsar-Subramanian,5912.0,Grocery,Individual,Mumbai,Maharashtra,2025-12-15,,Active,714.58
3675,MCH8656,"Sarma, Krish And Ranganathan",5942.0,Books & Stationery,Sole Proprietor,Kolkata,West Bengal,2025-04-02,ZBCP7467206635740,Active,
3676,MCH8659,Sha Ltd,7011.0,Hotel & Lodging,Partnership,Mumbai,Maharashtra,2024-10-23,6929887204,Active,
3677,MCH8660,"Ben, Guha And Sabharwa1",5812.0,Restaurants & Food,Sole Proprietor,Lucknow,Uttar Pradesh,2025-07-22,XXXX9591,Active,
3678,MCH8661,Kapoor And Sons,,Transportation,Partnership,Mumbai,Maharashtra,,,Active,1762.47
3679,MCH8663,Khalsa Group,,Books & Stationery,Partnership,Jalandhar,Punjab,2023-04-05,CZSI5545012134696,Inactive,338.0
3680,MCH8672,"Ganguly, Sarin And Merchant",5311.0,Retail,Individual,Jalandhar,Punjab,2025-06-09,3398230728,Inactive,1816.05
3681,MCH8673,Goswami And Sons,5812.0,Restaurants & Food,Private Limited,Delhi,Delhi,2026-02-25,1774013903,Active,979.86
3682,MCH8674,"Mani, Dutta And Issac",5812.0,Restaurants & Food,Private Limited,Chennai,Tamil Nadu,2023-05-05,1748773482,Active,
3683,MCH8678,Dani-Talwar,7011.0,Hotel & Lodging,Partnership,Lucknow,Uttar Pradesh,2024-07-07,XXXX8500,Inactive,393.54
3684,MCH8679,Dutt-Goel,4814.0,Telecom,Private Limited,Kolkata,West Bengal,2024-08-14,XXXX4631,Active,423.15
3685,MCH8680,Bhatt-Toor,5311.0,Department Store,Private Limited,Jaipur,Rajasthan,2025-12-02,,Active,1399.6
3686,MCH8681,Suri Ltd,5699.0,Apparel & Fashion,Partnership,Jalandhar,Punjab,2025-07-19,TFNO3503811861510,Active,1034.26
3687,MCH8692,Singhal-Mane,5999.0,Miscellaneous,Partnership,Jalandhar,Punjab,2025-07-24,1479687132,Active,1884.81
3688,MCH8693,Mukhopadhyay-Rama,,Grocery,Individual,Lucknow,Uttar Pradesh,2024-10-07,XXXX9284,Active,406.79
3689,MCH8697,Karnik Ltd,5999.0,Miscellaneous,Sole Proprietor,Hyderabad,Telangana,2023-01-19,ELBE1390395985700,Active,353.31
3690,MCH8698,"Boase, Bal And Mand",5311.0,Department Store,Private Limited,Kolkata,West Bengal,2025-06-13,,Active,3054.52
3691,MCH8703,Mody Group,,Miscellaneous,Partnership,Hyderabad,Telangana,2023-04-09,XXXX1194,Suspended,2908.51
3692,MCH8705,"Sahota, Kale And Patil",4131.0,Transportation,Private Limited,Delhi,Delhi,2024-11-10,XXXX9019,Active,1127.21
3693,MCH8708,"Mukherjee, Sami And Purohit",5999.0,Miscellaneous,Sole Proprietor,Hyderabad,Telangana,2026-01-28,,Suspended,2919.92
3694,MCH8713,"Shere, Loke And Butala",4814.0,Telecom,Private Limited,Delhi,Delhi,,,Inactive,
3695,MCH8714,Guptagroup,5912.0,Pharmacy,Sole Proprietor,Pune,Maharashtra,2023-10-08,XXXX2445,Inactive,569.38
3696,MCH8715,"Raju,Lokeandvora",5999.0,Miscellaneous,Partnership,Hyderabad,Telangana,2025-09-14,,Active,1332.26
3697,MCH8716,"Naik, Chada And Divan",5999.0,Miscellaneous,Private Limited,Ludhiana,Punjab,2023-01-11,EDPS0799008597487,Active,225.43
3698,MCH8718,Chaudhari-Bhalla,5812.0,Restaurants & Food,Individual,Pune,Maharashtra,2024-07-23,,Active,
3699,MCH8719,Kala Llc,5311.0,Department Store,Individual,Kolkata,West Bengal,2025-10-25,,Active,2779.32
3700,MCH8721,Bera-Chhabra,4131.0,Travel,Sole Proprietor,Lucknow,Uttar Pradesh,2024-09-08,,Active,2543.82
3701,MCH8724,"Ganesh, Sarin And Gera",5411.0,Grocery,Partnership,Delhi,Delhi,2024-11-20,8119568584,Active,639.73
3702,MCH8725,Gala Group,7011.0,Hotel & Lodging,Private Limited,Jaipur,Rajasthan,2024-08-14,PIMP1040686768002,Active,7512.0
3703,MCH8726,Rast0Gi-Saini,5999.0,Miscellaneous,Partnership,Ludhiana,Punjab,,5579571324,Active,4900.29
3704,MCH8727,Vig-Mann,5999.0,Miscellaneous,Partnership,Delhi,Delhi,,PYLB7387354028266,Active,157.65
3705,MCH8729,"Chowdhury, Krishnamurthy And Parekh",5942.0,Books & Stationery,Private Limited,Kolkata,West Bengal,2024-02-07,7331970917,Active,870.42
3706,MCH8730,"Bhasin, Mall And Sarraf",5999.0,Miscellaneous,Private Limited,Jalandhar,Punjab,2025-02-13,XXXX3406,Active,937.7
3707,MCH8733,"Dhillon, Goel And Dar",4814.0,Telecom,Sole Proprietor,Kolkata,West Bengal,2024-03-27,XXXX9551,Active,
3708,MCH8734,"Ganguly, Hayre And Choudhury",4814.0,Telecom,Sole Proprietor,Lucknow,Uttar Pradesh,2023-05-05,8075659044,Active,4276.72
3709,MCH8735,"Chhabra, Kunda And Sem",4814.0,Telecom,Partnership,Jalandhar,Punjab,2025-09-18,DZIA5449518052658,Active,1589.68
3710,MCH8736,Dora-Sachar,5311.0,Department Store,Private Limited,Mumbai,Maharashtra,2024-10-11,XXXX8019,Active,2228.33
3711,MCH8741,Swaminathan-Kakar,4814.0,Telecom,Sole Proprietor,Kolkata,West Bengal,2024-08-17,7135208273,Active,8897.16
3712,MCH8744,Prashad Llc,5942.0,Books & Stationery,Individual,Jalandhar,Punjab,2025-03-31,WWJH8069949347893,Active,3282.54
3713,MCH8746,Kari Inc,5912.0,Medical,Partnership,Pune,Maharashtra,2024-10-11,XXXX5648,Active,
3714,MCH8749,"Tara, Parmer And Walla",4131.0,Travel,Private Limited,Kolkata,West Bengal,2025-06-19,BWRP8229942592433,Inactive,584.1
3715,MCH8750,"Bawa, Chatterjee And Sathe",7011.0,Hotel & Lodging,Individual,Ludhiana,Punjab,2025-11-30,2442042302,Active,3120.06
3716,MCH8753,"Bhandari, Trivedi And Bora",4131.0,Travel,Partnership,Hyderabad,Telangana,2024-12-27,,Inactive,718.79
3717,MCH8755,"Biswas, Divan And Sachdeva",7011.0,Hotel & Lodging,Private Limited,Chennai,Tamil Nadu,2025-07-25,1014752136,On Hold,2277.32
3718,MCH8756,Warrior Inc,5699.0,Apparel & Fashion,Private Limited,Jalandhar,Punjab,2023-04-10,9910438985,Active,1476.03
3719,MCH8761,Chokshi Llc,7011.0,Hotel & Lodging,Individual,Hyderabad,Telangana,2025-12-01,9822762385,Active,963.43
3720,MCH8762,Dani-Saha,4131.0,Transportation,Partnership,Kolkata,West Bengal,,,Active,778.15
3721,MCH8765,"Kamdar, Sehgal And Tata",5411.0,Grocery,Partnership,Delhi,Delhi,2025-06-01,XXXX8883,Active,4863.17
3722,MCH8766,Shanker Ltd,5912.0,Medical,Sole Proprietor,Chennai,Tamil Nadu,2025-07-02,LBCS6149751072464,Active,801.0
3723,MCH8767,Golla Group,5699.0,Apparel & Fashion,Sole Proprietor,Hyderabad,Telangana,2023-11-05,,Active,397.99
3724,MCH8768,Kata-Bajwa,5999.0,Miscellaneous,Partnership,Chennai,Tamil Nadu,2023-09-16,7445884693,Active,1033.9
3725,MCH8769,Dara-Keer,5912.0,Pharmacy,Private Limited,Jaipur,Rajasthan,2024-12-29,,Active,637.83
3726,MCH8770,Mani-Mutti,5999.0,Miscellaneous,Sole Proprietor,Delhi,Delhi,2023-04-07,XXXX8061,Active,379.0
3727,MCH8775,Bakshi-Shah,5699.0,Apparel & Fashion,Partnership,Delhi,Delhi,2025-07-09,,Active,480.13
3728,MCH8777,Kibe Plc,7011.0,Hotel & Lodging,Partnership,Mumbai,Maharashtra,2023-06-16,3399976956,Inactive,1945.67
3729,MCH8779,Tak-Wali,5812.0,Restaurants & Food,Individual,Bengaluru,Karnataka,2024-01-24,3182666424,Active,206.0
3730,MCH8781,Gade Plc,5912.0,Pharmacy,Private Limited,Mumbai,Maharashtra,2023-02-27,,Active,714.3
3731,MCH8782,Swamy-Khurana,5699.0,Apparel & Fashion,Sole Proprietor,Amritsar,Punjab,2025-04-29,,Active,1314.55
3732,MCH8784,"Iyengar, Savant And Sehgal",4131.0,Transportation,Private Limited,Mumbai,Maharashtra,2024-01-12,,Active,575.0
3733,MCH8789,"Pingle,Nadigandnarula",5812.0,Restaurants & Food,Individual,Ludhiana,Punjab,2025-07-02,3828234177,Active,
3734,MCH8790,Thaman-Singh,5912.0,Pharmacy,Individual,Kolkata,West Bengal,2024-02-04,,Active,
3735,MCH8792,Nagarllc,5411.0,Grocery,Sole Proprietor,Jaipur,Rajasthan,2025-01-22,4320527012,Active,
3736,MCH8794,Mani-Zachariah,5411.0,Grocery,Partnership,Bengaluru,Karnataka,2026-01-04,AKYW5964261838493,Inactive,6393.53
3737,MCH8795,Basak-Bhavsar,5942.0,Books & Stationery,Sole Proprietor,Jaipur,Rajasthan,2024-03-15,XXXX0185,Inactive,243.16
3738,MCH8798,Ch0Wdhury-Su1E,5311.0,Department Store,Individual,Jalandhar,Punjab,2024-12-28,CPUC4526229447155,Active,207.92
3739,MCH8799,"Dada, Ramaswamy And Dugal",5942.0,Books & Stationery,Private Limited,Hyderabad,Telangana,2023-09-04,STYQ1453146869201,Suspended,2080.34
3740,MCH8801,Bedi Inc,5912.0,Pharmacy,Sole Proprietor,Lucknow,Uttar Pradesh,2024-08-11,XXXX1264,Active,3479.49
3741,MCH8805,Bose Inc,5699.0,Apparel & Fashion,Individual,Ludhiana,Punjab,2024-07-10,,Active,6022.98
3742,MCH8808,"Kothari, Bansal And Gupta",,Books & Stationery,Individual,Bengaluru,Karnataka,2025-09-19,9868014892,Active,380.0
3743,MCH8809,"Doshi, Ghose And Amble",5411.0,Grocery,Individual,Mumbai,Maharashtra,,,Active,3965.67
3744,MCH8811,Bobal Llc,5999.0,Miscellaneous,Partnership,Hyderabad,Telangana,2023-12-18,4729552126,Active,1645.76
3745,MCH8813,Dey-Dua,5812.0,Restaurants & Food,Partnership,Hyderabad,Telangana,2023-11-10,7101082372,Active,1432.39
3746,MCH8817,Sawhneyltd,7011.0,Hotel & Lodging,Individual,Pune,Maharashtra,,,Inactive,495.07
3747,MCH8819,Acharyainc,5912.0,Medical,Private Limited,Ludhiana,Punjab,2024-02-27,XXXX4379,Active,2075.22
3748,MCH8820,Mistry Group,5812.0,Restaurants & Food,Partnership,Kolkata,West Bengal,2025-10-19,VDFR2877623309973,Active,1132.45
3749,MCH8821,Mukhopadhyay-Cherian,5812.0,Restaurants & Food,Sole Proprietor,Jalandhar,Punjab,2023-11-26,2404954167,Active,703.03
3750,MCH8823,Subramanian Inc,5699.0,Apparel & Fashion,Partnership,Mumbai,Maharashtra,2024-01-31,XXXX6614,Suspended,523.43
3751,MCH8824,Mani Plc,5999.0,Miscellaneous,Individual,Hyderabad,Telangana,2024-02-22,602443496,Active,1314.9
3752,MCH8825,"Mandal, Chaudhari And Savant",5699.0,Apparel & Fashion,Individual,Jalandhar,Punjab,2025-07-27,8501342789,Active,1817.3
3753,MCH8826,Mallick-Dasgupta,5311.0,Department Store,Private Limited,Jalandhar,Punjab,2023-02-09,2382228031,Active,1719.24
3754,MCH8828,Ranganathan And Sons,4131.0,Travel,Individual,Amritsar,Punjab,2026-01-02,,Active,
3755,MCH8832,"Korpal, Dugar And Grover",5411.0,Grocery,Individual,Ludhiana,Punjab,2025-10-27,XXXX3528,Active,2140.7
3756,MCH8835,"Natarajan, Hegde And Varughese",5999.0,Miscellaneous,Sole Proprietor,Mumbai,Maharashtra,2025-04-08,FGCL8739381455039,Active,523.96
3757,MCH8837,Tata-Rajagopal,5411.0,Grocery,Partnership,Ludhiana,Punjab,2023-09-03,,Suspended,2586.19
3758,MCH8838,"Kala, Sidhu And Kuruvilla",5912.0,Pharmacy,Partnership,Chennai,Tamil Nadu,2023-02-11,,Inactive,593.62
3759,MCH8840,Chatterjee And Sons,5311.0,Retail,Individual,Pune,Maharashtra,2024-09-26,,Active,1208.62
3760,MCH8842,"Bala, Pillai And Kala",5999.0,Miscellaneous,Partnership,Amritsar,Punjab,2023-04-23,XXXX1658,Suspended,
3761,MCH8844,"Lad, Walia And Raj",5912.0,Pharmacy,Individual,Ludhiana,Punjab,2025-11-26,5044649266,Active,
3762,MCH8845,Varkey-Jha,,Miscellaneous,Partnership,Kolkata,West Bengal,2024-03-01,,Active,5630.04
3763,MCH8850,"Sachdev, Nayar And Arora",5411.0,Grocery,Partnership,Ludhiana,Punjab,2025-04-07,,Suspended,
3764,MCH8851,"Kanda, Kohli And Thaman",5812.0,Restaurants & Food,Sole Proprietor,Jalandhar,Punjab,,,Suspended,5573.07
3765,MCH8852,Bali-Hora,5411.0,Pharmacy,Individual,Delhi,Delhi,2024-09-07,,Active,2821.74
3766,MCH8854,Kohli-Aurora,4131.0,Transportation,Private Limited,Chennai,Tamil Nadu,2023-12-04,XXXX8113,Active,
3767,MCH8855,"Rau, Dua And Nadkarni",5411.0,Grocery,Private Limited,Ludhiana,Punjab,2025-06-06,5829674472,Active,2893.79
3768,MCH8861,Prashad And Sons,5999.0,Miscellaneous,Individual,Chennai,Tamil Nadu,,XXXX5366,Active,
3769,MCH8863,Sastry Plc,4814.0,Telecom,Individual,Pune,Maharashtra,2024-08-03,,Active,
3770,MCH8864,Lala-Ben,5912.0,Pharmacy,Individual,Ludhiana,Punjab,2025-12-28,,Active,869.2
3771,MCH8865,Wali-Yogi,5942.0,Books & Stationery,Partnership,Pune,Maharashtra,,ADDY9100060907565,Active,1783.0
3772,MCH8869,Tella-Roy,5912.0,Medical,Sole Proprietor,Ludhiana,Punjab,2025-05-17,3757131975,Active,618.72
3773,MCH8870,Solanki-Cherian,4131.0,Transportation,Partnership,Kolkata,West Bengal,2025-07-04,HJDK9008014525015,Active,1597.0
3774,MCH8873,"Pathak, Bath And Kant",4131.0,Transportation,Partnership,Pune,Maharashtra,2025-06-11,,Active,2212.3
3775,MCH8876,Rai Llc,4131.0,Travel,Sole Proprietor,Mumbai,Maharashtra,2025-02-17,MDBH5898755219705,Active,1825.17
3776,MCH8878,Kashyap-Behl,7011.0,Hotel & Lodging,Sole Proprietor,Kolkata,West Bengal,2023-07-21,,Active,228.35
3777,MCH8879,Raju And Sons,,Medical,Sole Proprietor,Lucknow,Uttar Pradesh,2023-08-30,,Active,906.0
3778,MCH8880,Hayer-Walia,4131.0,Transportation,Partnership,Jalandhar,Punjab,2023-04-08,,Active,2616.91
3779,MCH8884,"Dubey, Srinivasan And Pillai",,Books & Stationery,Sole Proprietor,Chennai,Tamil Nadu,2023-07-03,,Active,
3780,MCH8885,"Dhawan,Devanandchokshi",5699.0,Apparel & Fashion,Individual,Delhi,Delhi,2025-09-12,,Active,
3781,MCH8889,"Mahal, Edwin And Dasgupta",5699.0,Apparel & Fashion,Sole Proprietor,Pune,Maharashtra,2023-03-26,,Suspended,
3782,MCH8890,Halder Inc,7011.0,Hotel & Lodging,Private Limited,Lucknow,Uttar Pradesh,2026-01-15,XXXX3843,Suspended,2352.14
3783,MCH8891,"Natt,Maneandpau",,Telecom,Private Limited,Mumbai,Maharashtra,2025-03-13,6087577130,Active,1140.0
3784,MCH8893,Anand-Dada,5411.0,Grocery,Private Limited,Delhi,Delhi,2023-02-15,,Active,598.72
3785,MCH8895,Chakraborty-Apte,7011.0,Hotel & Lodging,Sole Proprietor,Jalandhar,Punjab,2023-05-04,8501954276,Active,2412.11
3786,MCH8896,Yadav-Padmanabhan,4131.0,Transportation,Private Limited,Hyderabad,Telangana,2024-02-05,XXXX8367,Active,1243.9
3787,MCH8899,Bedi And Sons,5699.0,Apparel & Fashion,Private Limited,Kolkata,West Bengal,2025-02-25,XXXX6442,Suspended,
3788,MCH8900,Murthy-Vala,5699.0,Apparel & Fashion,Partnership,Kolkata,West Bengal,2024-09-27,PZJY7011608000971,Active,314.81
3789,MCH8901,Narasimhan And Sons,4814.0,Telecom,Private Limited,Amritsar,Punjab,2024-01-04,3421072904,Active,772.61
3790,MCH8902,Sabharwal Ltd,5411.0,Grocery,Sole Proprietor,Amritsar,Punjab,2024-12-27,8958186574,Active,
3791,MCH8903,Keer-Sagar,5411.0,Grocery,Partnership,Lucknow,Uttar Pradesh,2024-09-16,,Active,841.61
3792,MCH8909,"Palan, Wali And Wagle",5999.0,Miscellaneous,Individual,Delhi,Delhi,,AMLI0055772138931,Active,1366.3
3793,MCH8910,Varkey Group,5912.0,Pharmacy,Individual,Ludhiana,Punjab,2025-02-07,XXXX9985,Active,9929.86
3794,MCH8911,Bava Llc,5942.0,Books & Stationery,Sole Proprietor,Hyderabad,Telangana,2025-06-14,,Active,3342.77
3795,MCH8912,Chada Ltd,5411.0,Grocery,Partnership,Amritsar,Punjab,2023-09-12,MSHJ5068707529037,Active,1015.47
3796,MCH8915,Sur Ltd,5812.0,Restaurants & Food,Individual,Mumbai,Maharashtra,2025-08-04,2079428373,Inactive,665.18
3797,MCH8918,Solanki And Sons,5912.0,Apparel & Fashion,Private Limited,Bengaluru,Karnataka,2025-05-17,ITGT2090730500760,Active,
3798,MCH8919,Parmar Ltd,5411.0,Transportation,Private Limited,Bengaluru,Karnataka,2023-12-24,,Active,2228.63
3799,MCH8920,"Parekh, Srivastava And Choudhury",5311.0,Department Store,Private Limited,Delhi,Delhi,2023-12-15,XXXX5523,Active,19788.99
3800,MCH8921,"Palla, Kanda And Kohli",5411.0,Grocery,Individual,Jaipur,Rajasthan,2023-04-01,,Inactive,1560.65
3801,MCH8923,Choudhury Group,5912.0,Pharmacy,Individual,Jaipur,Rajasthan,2024-06-12,WVVA0613994696185,Inactive,2880.15
3802,MCH8926,Ramesh-Mukhopadhyay,5912.0,Medical,Sole Proprietor,Delhi,Delhi,2024-01-16,3730788940,Active,5318.08
3803,MCH8927,Raj-Kala,5999.0,Miscellaneous,Individual,Delhi,Delhi,2024-04-22,XXXX1023,Active,261.67
3804,MCH8928,Deo Plc,4131.0,Transportation,Partnership,Chennai,Tamil Nadu,2024-10-18,XXXX5889,Active,1547.93
3805,MCH8929,Nagi-Bala,5311.0,Department Store,Sole Proprietor,Kolkata,West Bengal,2024-12-17,XXXX2967,Active,232.0
3806,MCH8931,"Pau, Chatterjee And Deol",7011.0,Hotel & Lodging,Partnership,Pune,Maharashtra,2024-03-02,,Active,1739.01
3807,MCH8932,"Venkatesh, Nayak And Ravel",5411.0,Miscellaneous,Private Limited,Lucknow,Uttar Pradesh,2023-01-01,STLO0893921270298,Active,1585.03
3808,MCH8933,Magar Inc,7011.0,Hotel & Lodging,Sole Proprietor,Lucknow,Uttar Pradesh,2025-03-08,XXXX1861,Active,1568.46
3809,MCH8934,Kakar Group,5812.0,Restaurants & Food,Sole Proprietor,Ludhiana,Punjab,,WUVU9130782874849,Active,1507.45
3810,MCH8935,Tella-Bawa,4131.0,Transportation,Individual,Jaipur,Rajasthan,2024-01-13,JHDG3104790925076,Active,997.56
3811,MCH8937,"Mand, Bhatt And Pathak",7011.0,Hotel & Lodging,Individual,Amritsar,Punjab,2023-06-10,OPXS5269399322215,Active,2746.33
3812,MCH8939,"Dhawan, Kamdar And Dalal",5812.0,Restaurants & Food,Individual,Bengaluru,Karnataka,2023-01-06,807622113,Active,729.0
3813,MCH8941,Mutti-Sharaf,7011.0,Hotel & Lodging,Sole Proprietor,Bengaluru,Karnataka,2025-01-26,,Active,153.27
3814,MCH8943,Bassi-Dhingra,5942.0,Books & Stationery,Private Limited,Chennai,Tamil Nadu,2024-09-09,,Active,774.62
3815,MCH8944,"Zachariah, Ratta And Contractor",5311.0,Department Store,Private Limited,Hyderabad,Telangana,2024-07-16,653764901,Active,2179.0
3816,MCH8945,"Sankar, Swamy And Char",5411.0,Grocery,Sole Proprietor,Kolkata,West Bengal,2026-02-26,XXXX4564,Active,1329.0
3817,MCH8949,"Srinivasan,Saxenaandkant",5942.0,Books & Stationery,Private Limited,Bengaluru,Karnataka,,XXXX6857,Inactive,1726.82
3818,MCH8950,Handa Inc,4131.0,Travel,Partnership,Mumbai,Maharashtra,2024-07-31,XXXX9807,Active,3860.38
3819,MCH8951,Golla-Venkataraman,4814.0,Telecom,Individual,Mumbai,Maharashtra,2023-09-02,2811788004,Active,436.83
3820,MCH8952,"Varghese, Korpal And Dora",5912.0,Medical,Sole Proprietor,Chennai,Tamil Nadu,2024-08-10,,Active,987.96
3821,MCH8953,Narayan-Uppal,5912.0,Pharmacy,Private Limited,Ludhiana,Punjab,2025-06-28,AXNQ2993996148384,Active,2726.98
3822,MCH8955,"Gade, Venkatesh And Bedi",5912.0,Miscellaneous,Sole Proprietor,Bengaluru,Karnataka,2023-05-13,LWFG7573237346886,Active,455.69
3823,MCH8957,Madan-Kothari,5699.0,Apparel & Fashion,Sole Proprietor,Ludhiana,Punjab,,XXXX2329,Active,934.34
3824,MCH8958,Verma-Biswas,5699.0,Apparel & Fashion,Partnership,Amritsar,Punjab,2023-03-06,,Active,7196.61
3825,MCH8963,"Aggarwal,Nagiandborde",5411.0,Grocery,Sole Proprietor,Ludhiana,Punjab,2024-08-01,UGNI2119725168826,Active,474.91
3826,MCH8965,Bajaj Ltd,5942.0,Books & Stationery,Individual,Chennai,Tamil Nadu,2025-01-30,XXXX4056,Active,326.0
3827,MCH8966,Talwar Plc,5999.0,Miscellaneous,Sole Proprietor,Chennai,Tamil Nadu,2023-07-23,LXSL0666403926452,Active,432.95
3828,MCH8967,"Kakar, Mandal And Sehgal",4814.0,Telecom,Private Limited,Delhi,Delhi,2024-01-26,XXXX8902,Active,
3829,MCH8968,"Mukherjee,Moraranddesai",5411.0,Grocery,Individual,Amritsar,Punjab,2023-04-09,,Active,8122.94
3830,MCH8972,Vig Inc,5411.0,Grocery,Partnership,Kolkata,West Bengal,2024-08-17,,Active,835.08
3831,MCH8974,"Shukla, Gaba And Sani",5912.0,Pharmacy,Sole Proprietor,Delhi,Delhi,2026-02-15,EPWM9547022186249,Active,438.78
3832,MCH8975,"Shanker, Kothari And Balasubramanian",4814.0,Telecom,Individual,Mumbai,Maharashtra,2025-10-24,,Active,
3833,MCH8976,Prakash Plc,5699.0,Apparel & Fashion,Sole Proprietor,Jalandhar,Punjab,2023-02-15,YWYW3270588037167,Suspended,1358.57
3834,MCH8978,Talwarandsons,5942.0,Books & Stationery,Sole Proprietor,Mumbai,Maharashtra,2023-05-23,,Active,4704.55
3835,MCH8980,"Peri, Karpe And Saraf",,Apparel & Fashion,Sole Proprietor,Jalandhar,Punjab,2024-10-24,XXXX9158,Active,277.5
3836,MCH8981,Tara-Sinha,5999.0,Miscellaneous,Individual,Bengaluru,Karnataka,2025-10-02,1533662903,Active,3617.0
3837,MCH8982,Deo-Nath,5812.0,Restaurants & Food,Private Limited,Amritsar,Punjab,2023-07-18,,Active,1840.43
3838,MCH8984,Sharma Group,5812.0,Restaurants & Food,Private Limited,Ludhiana,Punjab,2023-06-21,,Active,590.58
3839,MCH8987,Mander Llc,5942.0,Books & Stationery,Private Limited,Pune,Maharashtra,2024-02-02,7115831556,Active,881.75
3840,MCH8988,"Ratti, Rattan And Menon",5942.0,Books & Stationery,Private Limited,Chennai,Tamil Nadu,2026-02-21,XXXX5339,Active,1897.88
3841,MCH8990,Konda-Comar,4131.0,Transportation,Private Limited,Bengaluru,Karnataka,2023-05-12,,Active,273.69
3842,MCH8994,Shukla-Manne,5912.0,Telecom,Partnership,Kolkata,West Bengal,2025-11-22,AOKV6829664383303,Active,2951.22
3843,MCH8995,Mahajan Group,5999.0,Miscellaneous,Partnership,Jalandhar,Punjab,2023-09-12,XXXX2606,Active,2967.0
3844,MCH8996,Bala-Bhalla,5812.0,Miscellaneous,Private Limited,Lucknow,Uttar Pradesh,2025-08-18,,Active,1146.92
3845,MCH8999,Babu And Sons,7011.0,Hotel & Lodging,Private Limited,Jaipur,Rajasthan,2023-02-19,6301987055,Active,1204.0
3846,MCH9001,Mangat-Sachar,4814.0,Telecom,Individual,Kolkata,West Bengal,2023-09-11,MHGZ0836129052576,Active,805.62
3847,MCH9002,Manne Ltd,,Department Store,Partnership,Amritsar,Punjab,2023-04-11,XXXX2471,Active,2336.66
3848,MCH9004,Kaurinc,5699.0,Apparel & Fashion,Partnership,Bengaluru,Karnataka,2023-10-07,XXXX9308,Active,1124.44
3849,MCH9006,Chopra-Sandhu,5699.0,Apparel & Fashion,Partnership,Lucknow,Uttar Pradesh,2024-04-03,XXXX5629,Active,1365.03
3850,MCH9008,"Gour, Amble And Bakshi",5411.0,Grocery,Sole Proprietor,Amritsar,Punjab,2024-12-18,NUSH9143769186873,Active,1167.35
3851,MCH9009,Badami-Sani,5411.0,Grocery,Individual,Mumbai,Maharashtra,2024-03-31,XXXX8465,Active,1732.46
3852,MCH9012,"Bada1, Saxena And Banik",5912.0,Medical,Sole Proprietor,Chennai,Tamil Nadu,2023-04-06,BQEZ6789281493194,Active,275.88
3853,MCH9014,Konda-Ram,4814.0,Telecom,Sole Proprietor,Ludhiana,Punjab,2025-08-15,,Active,485.94
3854,MCH9015,Prashad Inc,5812.0,Restaurants & Food,Sole Proprietor,Chennai,Tamil Nadu,2025-08-05,ZMCX8700350444666,Active,787.45
3855,MCH9016,Upadhyay-Sethi,4814.0,Telecom,Partnership,Mumbai,Maharashtra,2025-07-27,XXXX7823,Active,764.46
3856,MCH9018,Zacharia And Sons,5942.0,Books & Stationery,Individual,Bengaluru,Karnataka,2024-03-06,,Active,594.92
3857,MCH9021,Dubey Plc,4814.0,Telecom,Private Limited,Jaipur,Rajasthan,2023-03-10,DCIU7751773884205,Inactive,214.99
3858,MCH9022,"Kunda,Dugarandkari",5699.0,Apparel & Fashion,Individual,Amritsar,Punjab,2026-01-24,,Active,1439.0
3859,MCH9027,"Dani, Soni And Nagy",7011.0,Hotel & Lodging,Partnership,Jalandhar,Punjab,2023-10-26,XXXX0115,Active,
3860,MCH9029,Hayre And Sons,5311.0,Retail,Individual,Amritsar,Punjab,2025-11-19,,Active,
3861,MCH9032,Johal-Vaidya,5311.0,Department Store,Partnership,Mumbai,Maharashtra,2023-06-07,,Active,821.89
3862,MCH9035,Merchant Plc,5411.0,Grocery,Private Limited,Jaipur,Rajasthan,2023-02-04,UCPE5658691269773,Active,
3863,MCH9036,Cherian Llc,5699.0,Apparel & Fashion,Sole Proprietor,Ludhiana,Punjab,2023-05-17,XXXX5926,Active,928.81
3864,MCH9037,Varty-Vaidya,4131.0,Transportation,Private Limited,Jalandhar,Punjab,2023-04-17,XXXX4749,Active,2383.02
3865,MCH9038,Dargroup,5942.0,Books & Stationery,Sole Proprietor,Amritsar,Punjab,2024-02-06,PWGC8781462428260,Active,1037.27
3866,MCH9040,Sharma-Dubey,,Books & Stationery,Sole Proprietor,Jaipur,Rajasthan,2023-06-25,XXXX1697,Active,573.1
3867,MCH9041,Kade-Sahota,4131.0,Transportation,Individual,Pune,Maharashtra,,8030172107,Active,2738.21
3868,MCH9043,Setty And Sons,7011.0,Hotel & Lodging,Partnership,Pune,Maharashtra,2024-10-02,,Active,3323.0
3869,MCH9045,"Kaul, Sethi And Vaidya",4814.0,Telecom,Partnership,Bengaluru,Karnataka,,6906668934,Inactive,1488.0
3870,MCH9048,Kalla Plc,5812.0,Restaurants & Food,Partnership,Jalandhar,Punjab,2023-09-18,,Active,544.22
3871,MCH9049,Babu-Bali,5812.0,Restaurants & Food,Individual,Bengaluru,Karnataka,2023-07-02,4401897773,Active,2337.3
3872,MCH9050,"Oza, Shukla And Chandra",7011.0,Hotel & Lodging,Individual,Jalandhar,Punjab,2024-05-12,XXXX1789,Active,2974.94
3873,MCH9051,"Gara, Keer And Padmanabhan",4814.0,Telecom,Sole Proprietor,Bengaluru,Karnataka,2023-07-16,XXXX6304,Active,1715.14
3874,MCH9052,Ramaswamy-Chhabra,,Books & Stationery,Partnership,Mumbai,Maharashtra,2024-11-10,,Active,
3875,MCH9056,"Misra, Kalita And Kapur",5942.0,Books & Stationery,Private Limited,Lucknow,Uttar Pradesh,2023-06-17,830352688,Active,497.59
3876,MCH9057,Dayal Ltd,,Books & Stationery,Partnership,Jaipur,Rajasthan,2024-11-10,TJAX1540713634286,Active,728.46
3877,MCH9059,Shroff Ltd,5311.0,Department Store,Private Limited,Jalandhar,Punjab,2023-07-18,,Active,399.71
3878,MCH9060,"Ramaswamy, Singhal And Deep",5999.0,Miscellaneous,Individual,Mumbai,Maharashtra,2023-01-01,,Active,1011.0
3879,MCH9063,"Bhatt, Sabharwal And Devi",5699.0,Apparel & Fashion,Sole Proprietor,Kolkata,West Bengal,2023-09-10,XXXX6663,Inactive,
3880,MCH9067,Boase-Sule,5942.0,Books & Stationery,Individual,Jalandhar,Punjab,2025-06-09,,Active,1045.82
3881,MCH9068,Halder Plc,5699.0,Apparel & Fashion,Private Limited,Jalandhar,Punjab,2023-10-08,3161253540,Active,5193.72
3882,MCH9070,"Buch, Samra And Tata",5912.0,Medical,Partnership,Lucknow,Uttar Pradesh,2023-11-19,6049785311,Active,5075.53
3883,MCH9074,Sa1Vi-Tata,7011.0,Hotel & Lodging,Partnership,Chennai,Tamil Nadu,2025-04-24,XXXX6816,Active,1227.0
3884,MCH9075,Bhakta Inc,4814.0,Telecom,Partnership,Delhi,Delhi,2023-10-20,,Inactive,1186.46
3885,MCH9080,Jani And Sons,5699.0,Apparel & Fashion,Partnership,Lucknow,Uttar Pradesh,2025-05-13,XXXX8347,Suspended,672.43
3886,MCH9081,Patil-Hans,4814.0,Telecom,Individual,Mumbai,Maharashtra,2025-06-12,8795015116,Active,
3887,MCH9082,Seshadri Group,5812.0,Restaurants & Food,Sole Proprietor,Jaipur,Rajasthan,2025-11-24,,Active,862.0
3888,MCH9083,"Gera, Varghese And Karpe",5311.0,Department Store,Private Limited,Jaipur,Rajasthan,2025-05-19,9824715725,Active,3755.09
3889,MCH9088,Bhardwaj-Bala,5999.0,Miscellaneous,Partnership,Chennai,Tamil Nadu,2025-06-26,UMVD8641404072198,Active,4130.0
3890,MCH9091,"Dewan, Hayre And Kala",4131.0,Transportation,Sole Proprietor,Amritsar,Punjab,,VGTR9380587606414,Inactive,4267.28
3891,MCH9092,Mall-Deshpande,7011.0,Hotel & Lodging,Partnership,Delhi,Delhi,2025-12-26,JMDU2866891583451,Inactive,1485.1
3892,MCH9094,"Yadav, Zacharia And Dutt",5912.0,Pharmacy,Sole Proprietor,Ludhiana,Punjab,2023-09-24,2133770313,Suspended,1081.32
3893,MCH9095,Mital-Reddy,4814.0,Telecom,Partnership,Lucknow,Uttar Pradesh,2025-07-12,,Suspended,1105.17
3894,MCH9096,Tandon-Thaman,5999.0,Miscellaneous,Individual,Delhi,Delhi,2023-09-03,3351065613,Active,2658.35
3895,MCH9098,Manda And Sons,5812.0,Restaurants & Food,Partnership,Bengaluru,Karnataka,2024-03-03,XXXX2826,Active,870.0
3896,MCH9100,Dey-Bandi,5999.0,Miscellaneous,Sole Proprietor,Mumbai,Maharashtra,2023-01-23,XLOL4843036264872,Active,707.08
3897,MCH9101,Pal-Ramesh,,Transportation,Partnership,Pune,Maharashtra,2024-05-29,XXXX0762,Active,1223.0
3898,MCH9102,Sastry-Wali,5942.0,Books & Stationery,Private Limited,Pune,Maharashtra,2025-06-30,WUTS6822135925592,Active,1846.0
3899,MCH9104,Goel Plc,5311.0,Department Store,Private Limited,Bengaluru,Karnataka,2025-06-30,,Active,2640.29
3900,MCH9107,"Devi, Chhabra And Sharaf",5699.0,Apparel & Fashion,Sole Proprietor,Pune,Maharashtra,2026-02-22,5670845997,Active,637.0
3901,MCH9109,"Som, Mittal And Wable",5699.0,Apparel & Fashion,Partnership,Amritsar,Punjab,2024-08-11,XXXX6670,Active,553.0
3902,MCH9110,Barad Llc,7011.0,Hotel & Lodging,Individual,Lucknow,Uttar Pradesh,2024-08-01,XXXX8331,Inactive,1477.89
3903,MCH9111,"Dhar, Thaker And Madan",5999.0,Miscellaneous,Private Limited,Kolkata,West Bengal,2024-11-08,IKTX4120845617487,Active,1785.1
3904,MCH9112,Saini-Sinha,5699.0,Apparel & Fashion,Private Limited,Pune,Maharashtra,2024-08-03,,Active,1129.73
3905,MCH9114,Narayan-Kalita,5699.0,Apparel & Fashion,Individual,Bengaluru,Karnataka,2025-03-08,PHUX7313608770713,Active,2471.0
3906,MCH9117,"Kale, Kohli And Chhabra",5942.0,Books & Stationery,Sole Proprietor,Jalandhar,Punjab,,,On Hold,206.51
3907,MCH9119,Dyal-Salvi,4814.0,Telecom,Partnership,Chennai,Tamil Nadu,2023-04-20,,Active,6428.96
3908,MCH9120,Sood Ltd,7011.0,Hotel & Lodging,Sole Proprietor,Mumbai,Maharashtra,2025-09-24,,Active,680.9
3909,MCH9121,Divan-Char,5942.0,Books & Stationery,Partnership,Amritsar,Punjab,2025-02-18,YDYC9354203967320,Inactive,
3910,MCH9125,"Mallick, Walia And Kanda",5311.0,Department Store,Partnership,Chennai,Tamil Nadu,2023-10-21,,Active,3007.21
3911,MCH9126,Anne-Chahal,5411.0,Grocery,Partnership,Hyderabad,Telangana,2023-03-05,,Active,
3912,MCH9128,"Vig, Menon And Prabhakar",5942.0,Books & Stationery,Sole Proprietor,Delhi,Delhi,2023-08-30,ROAG7230893964425,Active,594.0
3913,MCH9129,"Sinha, Chauhan And Sathe",5411.0,Grocery,Partnership,Kolkata,West Bengal,2025-07-06,VXNZ5598805748177,Active,914.12
3914,MCH9130,Chhabra Llc,5812.0,Restaurants & Food,Private Limited,Jalandhar,Punjab,2024-12-09,,Active,1786.29
3915,MCH9131,"Arya, Narang And Maharaj",7011.0,Hotel & Lodging,Individual,Jaipur,Rajasthan,2024-04-19,,Active,6588.75
3916,MCH9132,Shankar-Bahl,4814.0,Telecom,Individual,Pune,Maharashtra,2023-12-04,LXEB0419516326153,Suspended,2278.28
3917,MCH9133,"Rai, Nadig And Karpe",4131.0,Transportation,Private Limited,Ludhiana,Punjab,2025-09-03,,Active,
3918,MCH9134,Edwin-Viswanathan,5699.0,Apparel & Fashion,Sole Proprietor,Jalandhar,Punjab,,,Active,1602.69
3919,MCH9135,"Nath, Samra And Chopra",4814.0,Telecom,Sole Proprietor,Kolkata,West Bengal,2026-02-04,7899898758,Active,387.53
3920,MCH9136,Mody Ltd,5411.0,Grocery,Individual,Chennai,Tamil Nadu,2024-07-10,MHEB9502738400073,Active,1976.5
3921,MCH9137,Chakrabarti Plc,4131.0,Transportation,Private Limited,Jaipur,Rajasthan,2023-11-19,XXXX6117,Active,347.82
3922,MCH9140,Raghavan-Batta,4814.0,Telecom,Individual,Bengaluru,Karnataka,2024-11-04,HHIC1764468874406,Active,755.01
3923,MCH9143,Prakash Inc,5812.0,Restaurants & Food,Partnership,Lucknow,Uttar Pradesh,2023-02-03,XXXX9977,Active,1791.89
3924,MCH9145,Chad-Karpe,5699.0,Apparel & Fashion,Partnership,Jaipur,Rajasthan,2024-11-08,XQWX8871352480351,Active,359.12
3925,MCH9147,Bedi-Dugar,5912.0,Pharmacy,Sole Proprietor,Bengaluru,Karnataka,2024-05-31,,Active,1264.98
3926,MCH9148,Venkatesh And Sons,7011.0,Hotel & Lodging,Sole Proprietor,Hyderabad,Telangana,2023-07-16,XXXX2774,Active,503.0
3927,MCH9149,Varghese Plc,5411.0,Grocery,Individual,Jaipur,Rajasthan,2025-12-26,,Active,3708.64
3928,MCH9151,Ravi Ltd,4131.0,Transportation,Partnership,Jalandhar,Punjab,2025-06-26,,Inactive,779.12
3929,MCH9152,Kara-Parikh,4814.0,Telecom,Sole Proprietor,Lucknow,Uttar Pradesh,2024-01-12,,Active,5009.29
3930,MCH9153,Amble And Sons,4131.0,Transportation,Sole Proprietor,Amritsar,Punjab,2025-04-11,RQJV0029687316825,Active,
3931,MCH9154,"Pal, Dara And Yadav",5999.0,Miscellaneous,Private Limited,Jaipur,Rajasthan,2025-07-12,XXXX2752,Active,3887.81
3932,MCH9158,"Sachdeva, Va1A And Bedi",5812.0,Restaurants & Food,Sole Proprietor,Lucknow,Uttar Pradesh,,8244922873,Inactive,6181.65
3933,MCH9160,Som Ltd,4814.0,Telecom,Partnership,Ludhiana,Punjab,2025-01-29,9756179537,Active,722.22
3934,MCH9161,Patla Group,5311.0,Retail,Individual,Pune,Maharashtra,2024-10-25,XXXX6366,Active,
3935,MCH9162,Shankar-Shah,5999.0,Miscellaneous,Private Limited,Bengaluru,Karnataka,2023-02-22,BRKF3158800571527,Active,
3936,MCH9164,Mital And Sons,,Apparel & Fashion,Private Limited,Delhi,Delhi,2025-12-08,,Active,4681.79
3937,MCH9165,"Iyengar, Raja And Bhasin",5411.0,Grocery,Private Limited,Lucknow,Uttar Pradesh,2024-03-01,XXXX0194,Active,1898.13
3938,MCH9173,Bumb-Bandi,5999.0,Miscellaneous,Sole Proprietor,Pune,Maharashtra,2023-06-26,,Active,450.27
3939,MCH9174,"Chander, Goswami And Butala",7011.0,Hotel & Lodging,Partnership,Jalandhar,Punjab,2024-06-14,1722137543,Active,914.67
3940,MCH9175,Bhatt Ltd,7011.0,Hotel & Lodging,Sole Proprietor,Bengaluru,Karnataka,2025-04-27,2467254885,Active,567.73
3941,MCH9176,Jayaraman Plc,5311.0,Department Store,Private Limited,Jalandhar,Punjab,2025-08-16,,Suspended,609.42
3942,MCH9180,Ramaswamyplc,5699.0,Apparel & Fashion,Individual,Pune,Maharashtra,2025-08-08,,Active,
3943,MCH9185,Om Ltd,5812.0,Restaurants & Food,Partnership,Kolkata,West Bengal,2025-09-22,RKEJ2980134292377,Inactive,311.59
3944,MCH9187,Mane And Sons,5812.0,Restaurants & Food,Individual,Hyderabad,Telangana,2025-12-18,,Active,508.01
3945,MCH9188,Randhawa Plc,4814.0,Telecom,Partnership,Jalandhar,Punjab,2024-09-11,XXXX7941,Active,
3946,MCH9190,"Dugar, Babu And Ba1A",5812.0,Restaurants & Food,Individual,Chennai,Tamil Nadu,2025-01-24,,Active,471.43
3947,MCH9192,Gandhi Llc,5912.0,Pharmacy,Individual,Jaipur,Rajasthan,2025-03-01,,Active,1758.06
3948,MCH9193,Ramachandran-Rao,5699.0,Apparel & Fashion,Individual,Bengaluru,Karnataka,2024-04-07,XXXX3147,Active,1693.53
3949,MCH9195,"Manne, Parsa And Ratta",5311.0,Department Store,Individual,Kolkata,West Bengal,2025-01-08,XXXX4221,Active,1304.69
3950,MCH9196,"Dani, Palla And Ramachandran",7011.0,Hotel & Lodging,Sole Proprietor,Hyderabad,Telangana,2023-02-04,5171234438,Active,403.86
3951,MCH9199,Goda-Patel,4814.0,Telecom,Partnership,Lucknow,Uttar Pradesh,2024-12-23,3404405124,Active,992.24
3952,MCH9201,Ramachandran Plc,4814.0,Telecom,Private Limited,Jaipur,Rajasthan,2024-10-02,,Active,1064.13
3953,MCH9203,Patel-Bhasin,7011.0,Hotel & Lodging,Partnership,Delhi,Delhi,2025-04-14,XXXX4448,Active,1305.76
3954,MCH9205,Lala Ltd,4131.0,Transportation,Private Limited,Kolkata,West Bengal,2024-11-26,XXXX6473,Suspended,569.25
3955,MCH9207,"Gola, Prabhu And Sood",5311.0,Department Store,Private Limited,Kolkata,West Bengal,2025-02-14,YDIJ7187856499079,Active,1107.16
3956,MCH9208,Lala-Tiwari,5942.0,Books & Stationery,Partnership,Amritsar,Punjab,2023-05-17,,Inactive,338.09
3957,MCH9211,Dubey-Kurian,7011.0,Hotel & Lodging,Individual,Jalandhar,Punjab,2023-01-08,XXXX5476,Active,2981.74
3958,MCH9216,Amble-Thaman,5411.0,Pharmacy,Partnership,Ludhiana,Punjab,2025-02-10,TRSX1584484080188,Active,2329.15
3959,MCH9219,Baria Inc,4814.0,Telecom,Sole Proprietor,Jaipur,Rajasthan,2024-07-29,7495991370,Active,1931.0
3960,MCH9220,"Agate,Boaseandkurian",4131.0,Travel,Sole Proprietor,Delhi,Delhi,,XXXX4686,Inactive,
3961,MCH9223,D’Alia-Hans,5699.0,Apparel & Fashion,Partnership,Chennai,Tamil Nadu,2024-12-09,IGRU6773049024506,Active,376.0
3962,MCH9226,"Sandhu, Jha And Randhawa",5699.0,Apparel & Fashion,Individual,Pune,Maharashtra,2024-12-03,SCBS7759924913955,Active,5451.11
3963,MCH9228,Ram Inc,5999.0,Miscellaneous,Individual,Hyderabad,Telangana,2025-10-19,XXXX4276,Active,1661.79
3964,MCH9229,Anne-Parikh,7011.0,Books & Stationery,Private Limited,Jaipur,Rajasthan,2025-10-23,,Inactive,173.81
3965,MCH9231,Kala-Dugar,4131.0,Transportation,Partnership,Pune,Maharashtra,,7817631283,Active,228.82
3966,MCH9232,Ahuja-Chaudhry,4131.0,Transportation,Individual,Hyderabad,Telangana,2023-04-20,XXXX7963,Active,361.11
3967,MCH9234,"Jhaveri, Chandran And Shukla",7011.0,Hotel & Lodging,Partnership,Lucknow,Uttar Pradesh,2024-07-26,XXXX3221,Active,762.04
3968,MCH9237,Gokhale Inc,5912.0,Medical,Private Limited,Ludhiana,Punjab,2025-09-28,LPZT4038353121229,Active,1901.54
3969,MCH9239,Balakrishnan-Das,5411.0,Grocery,Partnership,Bengaluru,Karnataka,2025-12-11,EHOI0009201922607,Active,
3970,MCH9242,"Kadakia, Yadav And Seshadri",7011.0,Hotel & Lodging,Partnership,Hyderabad,Telangana,2023-03-10,XXXX4049,Suspended,1024.36
3971,MCH9245,Zachariah-Suri,5311.0,Retail,Individual,Jalandhar,Punjab,2023-05-03,ZBKQ5898737738506,Active,328.18
3972,MCH9246,"Krishna, Wable And Kanda",4814.0,Telecom,Sole Proprietor,Pune,Maharashtra,2023-01-03,XXXX5813,Active,859.77
3973,MCH9249,"Aggarwal, Agarwal And Naidu",5699.0,Apparel & Fashion,Partnership,Chennai,Tamil Nadu,2025-12-23,XXXX8648,Active,
3974,MCH9251,"Venkatesh, Randhawa And Lal",4131.0,Transportation,Sole Proprietor,Lucknow,Uttar Pradesh,2026-01-02,6838955230,Active,621.25
3975,MCH9253,Gole Llc,5699.0,Apparel & Fashion,Sole Proprietor,Amritsar,Punjab,2024-05-09,XXXX9261,Active,1349.23
3976,MCH9255,"Hegde, Dass And Sehgal",5699.0,Apparel & Fashion,Private Limited,Amritsar,Punjab,2023-07-19,,Active,1054.61
3977,MCH9257,Deep-Venkataraman,7011.0,Hotel & Lodging,Partnership,Amritsar,Punjab,2023-12-17,AYAD9422325940628,Active,705.83
3978,MCH9258,Edwin Inc,5942.0,Books & Stationery,Partnership,Lucknow,Uttar Pradesh,2024-09-26,28974564,Active,1647.77
3979,MCH9261,Gupta-Manne,5812.0,Restaurants & Food,Individual,Jaipur,Rajasthan,2025-07-10,,Active,2734.0
3980,MCH9263,"Chatterjee, Anand And Mani",5999.0,Miscellaneous,Partnership,Kolkata,West Bengal,2024-05-05,,Active,628.47
3981,MCH9266,"Badami, Pathak And Nanda",5699.0,Apparel & Fashion,Private Limited,Pune,Maharashtra,2024-09-10,3246654174,Active,157.82
3982,MCH9271,"Bera, Contractor And Trivedi",4131.0,Transportation,Sole Proprietor,Delhi,Delhi,2025-02-20,KHLJ8243266357655,Active,
3983,MCH9276,Trivedi-Kunda,5699.0,Apparel & Fashion,Individual,Delhi,Delhi,2025-12-31,XXXX9182,Active,2310.01
3984,MCH9277,Pa1-R0Ut,5942.0,Books & Stationery,Individual,Amritsar,Punjab,2026-02-10,,Active,963.33
3985,MCH9278,Pant Plc,5942.0,Books & Stationery,Partnership,Bengaluru,Karnataka,2024-06-25,MCZF8391507084286,Active,822.0
3986,MCH9279,Choudhury Llc,5411.0,Grocery,Sole Proprietor,Kolkata,West Bengal,2024-11-18,970198759,Active,644.81
3987,MCH9287,"Datta, Virk And Arya",5999.0,Miscellaneous,Individual,Amritsar,Punjab,2025-09-21,XXXX9129,Active,636.69
3988,MCH9289,Lall Llc,7011.0,Hotel & Lodging,Private Limited,Kolkata,West Bengal,2025-12-08,PFKV1152289254196,Active,3024.28
3989,MCH9290,"Gole, Viswanathan And Brahmbhatt",7011.0,Hotel & Lodging,Partnership,Ludhiana,Punjab,,,Inactive,1704.51
3990,MCH9291,"Mukhopadhyay, Dua And Dada",5699.0,Apparel & Fashion,Sole Proprietor,Delhi,Delhi,2023-12-24,4794994318,Active,875.0
3991,MCH9296,Bhakta-Sen,5699.0,Apparel & Fashion,Private Limited,Delhi,Delhi,2024-12-29,CFXN3327085441809,Active,453.57
3992,MCH9298,Jain Ltd,5942.0,Books & Stationery,Sole Proprietor,Bengaluru,Karnataka,2024-02-03,XXXX4996,Active,8519.11
3993,MCH9299,Pathak-Menon,5812.0,Restaurants & Food,Sole Proprietor,Ludhiana,Punjab,2024-04-28,,Active,3015.0
3994,MCH9302,Savant-Dave,5311.0,Department Store,Partnership,Bengaluru,Karnataka,2025-08-17,,Active,543.56
3995,MCH9304,Char Ltd,4814.0,Telecom,Individual,Bengaluru,Karnataka,2024-01-05,,Active,531.14
3996,MCH9306,Zachariah-Anne,5942.0,Books & Stationery,Partnership,Mumbai,Maharashtra,2026-10-02,JLTB4031924458479,Active,1250.09
3997,MCH9307,"Bajwa, Dhawan And Guha",,Restaurants & Food,Sole Proprietor,Jalandhar,Punjab,2024-07-03,,Active,468.19
3998,MCH9310,Ganguly-Tella,7011.0,Hotel & Lodging,Individual,Pune,Maharashtra,2024-03-29,XXXX9831,Active,
3999,MCH9311,"Dyal, Mohan And Patla",5942.0,Books & Stationery,Sole Proprietor,Bengaluru,Karnataka,2025-02-16,8480146699,Active,1774.56
4000,MCH9316,Bandi Ltd,5411.0,Grocery,Sole Proprietor,Ludhiana,Punjab,2025-08-21,9331997992,Active,1198.18
4001,MCH9319,Ladinc,5699.0,Apparel & Fashion,Sole Proprietor,Jalandhar,Punjab,2025-07-20,XXXX7774,Active,839.54
4002,MCH9320,Char Inc,5411.0,Grocery,Private Limited,Hyderabad,Telangana,2025-11-22,OFHR1997447322569,Active,695.0
4003,MCH9322,"Khosla, Walia And Deep",5311.0,Department Store,Partnership,Kolkata,West Bengal,2024-07-15,BPNH2377464616036,Active,1060.15
4004,MCH9325,"Patel, Parikh And Kaul",4814.0,Telecom,Private Limited,Lucknow,Uttar Pradesh,2023-03-13,9323786200,Active,1538.45
4005,MCH9332,Gala Inc,5699.0,Apparel & Fashion,Private Limited,Amritsar,Punjab,2023-03-21,XXXX9903,Active,1348.88
4006,MCH9335,Shenoy Group,5699.0,Apparel & Fashion,Partnership,Lucknow,Uttar Pradesh,2024-07-07,,Active,1203.23
4007,MCH9338,D’Alia-Mitter,,Books & Stationery,Partnership,Mumbai,Maharashtra,2025-01-07,,Active,604.36
4008,MCH9340,Mallick-Konda,5999.0,Miscellaneous,Individual,Bengaluru,Karnataka,2025-01-24,,Inactive,1550.33
4009,MCH9342,Dua-Lala,5999.0,Miscellaneous,Sole Proprietor,Bengaluru,Karnataka,2025-04-17,BUXU5026475055431,Suspended,1698.37
4010,MCH9343,Sridhar-Sarna,7011.0,Hotel & Lodging,Partnership,Chennai,Tamil Nadu,2025-08-16,XXXX5274,Active,287.96
4011,MCH9345,Mahal Inc,4814.0,Telecom,Private Limited,Amritsar,Punjab,2025-11-30,5557853955,Active,4834.52
4012,MCH9348,"Toor, Parekh And Agate",5942.0,Books & Stationery,Private Limited,Amritsar,Punjab,2025-03-30,HCSS6943242832650,Active,4472.44
4013,MCH9349,"Bhat, Suri And Khalsa",5999.0,Miscellaneous,Individual,Hyderabad,Telangana,2023-07-15,7591595714,Active,2394.34
4014,MCH9350,Singh-Sane,5411.0,Grocery,Private Limited,Ludhiana,Punjab,2023-04-13,1346716181,Active,840.43
4015,MCH9352,Ramanathan-Lala,4131.0,Transportation,Partnership,Bengaluru,Karnataka,2026-02-09,ICJY2091662937472,Active,1121.19
4016,MCH9353,Ray-Gaba,5812.0,Restaurants & Food,Private Limited,Pune,Maharashtra,2023-09-21,4567108215,Active,1357.72
4017,MCH9354,"Srinivasan, Bhargava And Sathe",7011.0,Hotel & Lodging,Private Limited,Pune,Maharashtra,2025-12-26,MCIS2962837592027,Active,272.4
4018,MCH9355,Vig Plc,5912.0,Pharmacy,Partnership,Jalandhar,Punjab,2024-01-11,KRTG3596169904435,Active,1697.72
4019,MCH9356,Waglellc,5411.0,Grocery,Partnership,Delhi,Delhi,2025-09-15,XXXX8552,Active,862.0
4020,MCH9358,Shroff Ltd,5311.0,Department Store,Sole Proprietor,Kolkata,West Bengal,2023-05-21,RLLU5222765967468,Active,1856.54
4021,MCH9359,"Ramanathan, Parekh And Agrawal",4131.0,Transportation,Partnership,Ludhiana,Punjab,2023-04-08,FQHN0033426656652,Active,3245.01
4022,MCH9362,"Lala, Oza And Chahal",5912.0,Pharmacy,Sole Proprietor,Delhi,Delhi,2024-04-25,XXXX6427,Active,1820.41
4023,MCH9363,Mannan Group,4131.0,Transportation,Private Limited,Mumbai,Maharashtra,2024-07-29,,Active,
4024,MCH9366,"Parsa, Walia And Viswanathan",5699.0,Apparel & Fashion,Individual,Jalandhar,Punjab,2024-11-13,XXXX5233,Active,7891.78
4025,MCH9367,Luthra And Sons,,Books & Stationery,Private Limited,Amritsar,Punjab,2023-05-31,,Active,1752.0
4026,MCH9369,Kara Group,7011.0,Hotel & Lodging,Sole Proprietor,Kolkata,West Bengal,2024-07-06,,Active,2036.0
4027,MCH9370,Mallick-Gola,5999.0,Miscellaneous,Private Limited,Jaipur,Rajasthan,2023-02-20,LVKV0562210759080,Active,4284.71
4028,MCH9371,Mand-Oommen,5912.0,Grocery,Private Limited,Chennai,Tamil Nadu,2023-11-11,,Active,284.42
4029,MCH9375,"Bhalla, Koshy And Sule",,Books & Stationery,Individual,Ludhiana,Punjab,2023-07-28,XXXX7795,Inactive,924.32
4030,MCH9377,Chaudhuri Plc,5699.0,Apparel & Fashion,Sole Proprietor,Delhi,Delhi,2023-04-14,6784208248,Active,1583.18
4031,MCH9379,Nazareth And Sons,5999.0,Miscellaneous,Individual,Kolkata,West Bengal,,XXXX1135,Inactive,242.0
4032,MCH9380,Chakrabarti Group,5812.0,Restaurants & Food,Private Limited,Ludhiana,Punjab,2023-11-23,ECMM7078142170981,Active,199.0
4033,MCH9383,"Sekhon,Padmanabhanandrege",5942.0,Books & Stationery,Individual,Chennai,Tamil Nadu,2026-01-24,4786143604,Suspended,2841.0
4034,MCH9385,"Ray, Gu1Ati And Gi11",4814.0,Telecom,Sole Proprietor,Amritsar,Punjab,2024-02-17,,Active,1178.44
4035,MCH9386,"Kothari,Santandloyal",5699.0,Apparel & Fashion,Individual,Bengaluru,Karnataka,2023-01-04,XXXX0692,Active,2792.0
4036,MCH9388,"Mahajan, Dixit And Memon",7011.0,Hotel & Lodging,Partnership,Kolkata,West Bengal,2024-11-21,,Active,1507.31
4037,MCH9390,"Minhas,Pauandnarayanan",4131.0,Travel,Individual,Ludhiana,Punjab,,,Active,2246.12
4038,MCH9391,Vasa-Mitra,4814.0,Telecom,Individual,Jalandhar,Punjab,2024-10-30,XXXX6623,Active,1456.23
4039,MCH9393,"Sehgal, Chawla And Korpal",5812.0,Restaurants & Food,Individual,Amritsar,Punjab,2025-09-03,XXXX8440,Active,896.96
4040,MCH9394,Balay Group,5311.0,Department Store,Sole Proprietor,Chennai,Tamil Nadu,2023-08-08,,Active,279.0
4041,MCH9395,Bhagat-Chana,5699.0,Apparel & Fashion,Private Limited,Jaipur,Rajasthan,2024-12-12,,Active,2768.73
4042,MCH9396,"Solanki, Kara And Saha",7011.0,Hotel & Lodging,Sole Proprietor,Bengaluru,Karnataka,2024-07-08,XXXX6974,Active,1428.59
4043,MCH9397,Ramaswamy-Goel,5411.0,Grocery,Private Limited,Jalandhar,Punjab,2025-12-20,3711511693,Active,1519.0
4044,MCH9398,"Soman, Murthy And Mangat",5411.0,Grocery,Partnership,Bengaluru,Karnataka,2026-02-21,,Active,5429.9
4045,MCH9400,"Dara, Desai And Sethi",5999.0,Miscellaneous,Partnership,Mumbai,Maharashtra,2025-08-23,,Active,2120.88
4046,MCH9401,Ravi Llc,7011.0,Hotel & Lodging,Sole Proprietor,Pune,Maharashtra,2025-11-14,1215375647,Active,1824.72
4047,MCH9402,Vyas-Nath,5812.0,Restaurants & Food,Private Limited,Lucknow,Uttar Pradesh,2023-09-18,,Active,
4048,MCH9403,"Bains,Banerjeeandbansal",7011.0,Hotel & Lodging,Partnership,Mumbai,Maharashtra,2025-02-22,,Inactive,1838.83
4049,MCH9404,Baral And Sons,4131.0,Travel,Private Limited,Kolkata,West Bengal,2025-02-10,,Active,
4050,MCH9406,Randhawa And Sons,5912.0,Restaurants & Food,Individual,Lucknow,Uttar Pradesh,2025-08-11,XXXX6795,Active,2159.94
4051,MCH9408,Arya-Vig,4131.0,Transportation,Individual,Bengaluru,Karnataka,2023-12-24,6291585633,Active,
4052,MCH9410,Sagar-Chawla,5699.0,Apparel & Fashion,Individual,Jalandhar,Punjab,2026-01-24,XXXX0534,Active,820.0
4053,MCH9412,Nayak-Guha,4131.0,Transportation,Individual,Amritsar,Punjab,,XXXX5639,Active,2887.33
4054,MCH9413,Kala-Sarkar,5912.0,Pharmacy,Sole Proprietor,Hyderabad,Telangana,2023-10-25,XXXX4409,Active,869.76
4055,MCH9414,Banik-Garde,5812.0,Restaurants & Food,Individual,Jalandhar,Punjab,2025-01-16,VESW9193556812149,Active,942.13
4056,MCH9415,Krishnamurthy-Warrior,7011.0,Hotel & Lodging,Sole Proprietor,Ludhiana,Punjab,2023-02-21,,Active,438.69
4057,MCH9416,Kulkarni And Sons,5411.0,Grocery,Partnership,Mumbai,Maharashtra,2024-12-13,558936473,Active,755.0
4058,MCH9418,"Bora, Venkatesh And Loke",5411.0,Grocery,Individual,Bengaluru,Karnataka,2024-05-22,ZTOW0641939254087,Suspended,1520.21
4059,MCH9423,Apte Group,7011.0,Hotel & Lodging,Sole Proprietor,Chennai,Tamil Nadu,2025-10-24,HHBU3998361677128,Active,3132.43
4060,MCH9424,Sur-Bajaj,5311.0,Department Store,Sole Proprietor,Bengaluru,Karnataka,2025-04-18,XXXX3219,Active,1902.79
4061,MCH9426,Puri-Soman,5699.0,Apparel & Fashion,Individual,Bengaluru,Karnataka,2023-10-28,EDMP4232010731701,Active,333.54
4062,MCH9428,"Dyal, Varma And Sachdeva",5999.0,Miscellaneous,Private Limited,Lucknow,Uttar Pradesh,,,Active,1955.23
4063,MCH9429,Varghese-Mitter,7011.0,Hotel & Lodging,Partnership,Hyderabad,Telangana,2024-12-16,ICYM9819940442894,Active,1566.55
4064,MCH9430,"Shetty, Pau And Chhabra",4814.0,Telecom,Partnership,Pune,Maharashtra,2023-10-31,,Active,927.24
4065,MCH9431,Madan-Kota,4131.0,Travel,Private Limited,Bengaluru,Karnataka,2023-05-02,1678744111,Active,436.79
4066,MCH9433,Chhabra-Naik,5912.0,Medical,Individual,Jalandhar,Punjab,2023-12-14,CQOU4085851260723,Active,4629.09
4067,MCH9434,Srinivasan-Savant,5812.0,Restaurants & Food,Partnership,Chennai,Tamil Nadu,2023-05-01,XXXX0171,Active,
4068,MCH9439,Jani Llc,5411.0,Grocery,Sole Proprietor,Bengaluru,Karnataka,2024-02-24,2073250929,Active,275.02
4069,MCH9440,Ratti Llc,5311.0,Retail,Individual,Jalandhar,Punjab,,MAUW1308281422202,Active,186.6
4070,MCH9442,Issac-Batra,7011.0,Hotel & Lodging,Partnership,Delhi,Delhi,2025-08-12,,Active,1049.17
4071,MCH9443,"Bumb, Sama And Prashad",4131.0,Transportation,Sole Proprietor,Lucknow,Uttar Pradesh,2024-03-28,,Active,712.16
4072,MCH9444,Sachdeva-Khatri,4131.0,Travel,Partnership,Jalandhar,Punjab,2024-01-13,2308250236,Active,345.26
4073,MCH9447,Sundaram Llc,5999.0,Miscellaneous,Individual,Hyderabad,Telangana,2026-01-30,XXXX5917,Active,974.62
4074,MCH9448,"Sant, Manda And Khurana",,Apparel & Fashion,Partnership,Jalandhar,Punjab,2023-08-10,XXXX3103,Inactive,522.0
4075,MCH9450,"Bahl, Varughese And Char",4814.0,Telecom,Partnership,Pune,Maharashtra,2023-06-22,RGOX3327381847596,Active,260.0
4076,MCH9452,Kapoor-Kara,5999.0,Miscellaneous,Private Limited,Kolkata,West Bengal,,TTFV4828934746515,Inactive,
4077,MCH9456,Anne Group,5999.0,Miscellaneous,Sole Proprietor,Chennai,Tamil Nadu,2024-05-16,,Active,896.81
4078,MCH9457,"Grover, Deep And Subramaniam",4131.0,Travel,Partnership,Bengaluru,Karnataka,2026-01-19,XXXX7189,Active,276.66
4079,MCH9458,Raja Ltd,5311.0,Retail,Partnership,Amritsar,Punjab,2025-12-15,XXXX6323,Active,480.87
4080,MCH9459,Batta-Handa,4131.0,Transportation,Partnership,Hyderabad,Telangana,2025-06-03,,Active,11281.97
4081,MCH9460,"Oza, Balakrishnan And Kapoor",5942.0,Books & Stationery,Individual,Chennai,Tamil Nadu,,XXXX5842,Active,481.26
4082,MCH9463,Boase And Sons,5942.0,Books & Stationery,Private Limited,Amritsar,Punjab,2025-06-01,8867615299,Active,835.0
4083,MCH9467,"Pall, Lala And Dhar",4131.0,Transportation,Individual,Chennai,Tamil Nadu,2024-09-03,,Active,1206.07
4084,MCH9471,Sarma Ltd,5699.0,Apparel & Fashion,Partnership,Hyderabad,Telangana,2023-10-26,XXXX5808,Active,2136.82
4085,MCH9472,Sankaran-Om,5699.0,Apparel & Fashion,Private Limited,Delhi,Delhi,2023-03-06,OYDX9439754020828,Inactive,4710.1
4086,MCH9474,"Bajwa, Bhandari And Parmar",5912.0,Pharmacy,Sole Proprietor,Kolkata,West Bengal,2024-03-16,765979563,Active,1464.0
4087,MCH9476,Sama Plc,5812.0,Restaurants & Food,Private Limited,Hyderabad,Telangana,,XXXX6830,Active,165.93
4088,MCH9478,"Desai, Borah And Dugar",,Miscellaneous,Private Limited,Kolkata,West Bengal,,,Suspended,1333.54
4089,MCH9481,Kata Llc,4814.0,Telecom,Partnership,Amritsar,Punjab,2025-11-25,,Active,1054.88
4090,MCH9482,"Vasa, Chada And Iyengar",5411.0,Grocery,Partnership,Hyderabad,Telangana,,XXXX4559,Active,600.13
4091,MCH9483,"Yohannan, Ghose And Pal",5699.0,Apparel & Fashion,Partnership,Hyderabad,Telangana,2023-03-21,,Active,4425.5
4092,MCH9484,"Bail, Sen And Bava",5411.0,Medical,Sole Proprietor,Jalandhar,Punjab,2024-11-30,,Active,1401.0
4093,MCH9489,Badal-Sankaran,4131.0,Transportation,Sole Proprietor,Chennai,Tamil Nadu,2026-02-03,,Active,1437.06
4094,MCH9492,Mitra Gr0Up,5912.0,Pharmacy,Private Limited,Kolkata,West Bengal,2024-07-13,8155802263,Active,1049.0
4095,MCH9494,Sama Group,4814.0,Telecom,Individual,Bengaluru,Karnataka,2023-11-01,9680001784,Active,
4096,MCH9502,Vyas-Hayre,5942.0,Books & Stationery,Sole Proprietor,Mumbai,Maharashtra,2023-03-25,,Active,777.19
4097,MCH9503,Kulkarni Llc,4131.0,Transportation,Individual,Hyderabad,Telangana,2026-01-22,FRMH0087238544779,Inactive,1312.52
4098,MCH9506,"Savant, Bains And Bali",5912.0,Medical,Partnership,Pune,Maharashtra,2025-01-12,XXXX0299,Active,353.01
4099,MCH9510,Warri0R-Thakkar,4131.0,Transportation,Sole Proprietor,Bengaluru,Karnataka,2024-09-15,,Active,1261.0
4100,MCH9514,Prakash Gr0Up,5912.0,Pharmacy,Partnership,Lucknow,Uttar Pradesh,2024-10-06,XXXX7878,Inactive,2338.36
4101,MCH9516,"Sule, Borra And Rattan",5812.0,Restaurants & Food,Partnership,Amritsar,Punjab,2023-01-19,,Active,
4102,MCH9517,Menon Inc,,Hotel & Lodging,Sole Proprietor,Mumbai,Maharashtra,2023-09-23,XXXX3518,Active,
4103,MCH9519,Shere-Banik,5699.0,Apparel & Fashion,Sole Proprietor,Lucknow,Uttar Pradesh,2025-04-07,,Active,889.4
4104,MCH9521,"Soni, Bal And Thaman",5699.0,Apparel & Fashion,Partnership,Ludhiana,Punjab,2023-05-04,,Inactive,155.0
4105,MCH9523,"Tank, Uppal And Malhotra",5912.0,Pharmacy,Partnership,Pune,Maharashtra,2025-10-25,,Active,5060.01
4106,MCH9528,Kibe-Memon,5699.0,Apparel & Fashion,Sole Proprietor,Delhi,Delhi,2025-12-07,XXXX9874,Active,5399.84
4107,MCH9529,Dubey Inc,4814.0,Telecom,Private Limited,Pune,Maharashtra,2024-04-26,XXXX3556,Active,1801.0
4108,MCH9530,B0Rah Plc,5411.0,Restaurants & Food,Individual,Hyderabad,Telangana,2023-01-11,,Suspended,999.86
4109,MCH9531,Lad Ltd,5411.0,Grocery,Private Limited,Ludhiana,Punjab,2025-12-02,CDSZ2178272638566,Suspended,545.56
4110,MCH9534,Deshmukh-Yadav,7011.0,Hotel & Lodging,Individual,Hyderabad,Telangana,2024-08-13,XXXX7810,Active,1143.6
4111,MCH9537,Chakrab0Rty Plc,5942.0,Books & Stationery,Individual,Amritsar,Punjab,2025-01-02,XXXX8422,Active,
4112,MCH9541,"Grover, Bhatia And Tandon",,Restaurants & Food,Partnership,Lucknow,Uttar Pradesh,2025-07-02,,Active,2401.33
4113,MCH9542,"Singh, Johal And Khalsa",5942.0,Books & Stationery,Individual,Hyderabad,Telangana,2025-06-18,XXXX3154,Active,2463.46
4114,MCH9543,Khanna-Som,5942.0,Books & Stationery,Sole Proprietor,Bengaluru,Karnataka,2023-11-13,XXXX7044,Active,1143.19
4115,MCH9546,"Mohan, Tak And Dhingra",5999.0,Miscellaneous,Sole Proprietor,Amritsar,Punjab,2024-11-20,XXXX5350,Active,1645.26
4116,MCH9547,Anne-Narasimhan,5311.0,Department Store,Individual,Delhi,Delhi,2025-04-11,,Active,823.12
4117,MCH9548,Raja Plc,4131.0,Transportation,Partnership,Jaipur,Rajasthan,2026-02-22,XXXX5841,Active,1649.0
4118,MCH9550,Chandra-Sangha,5942.0,Books & Stationery,Sole Proprietor,Hyderabad,Telangana,2025-12-18,,Active,674.9
4119,MCH9551,Chaudhari-Dugar,5942.0,Books & Stationery,Individual,Lucknow,Uttar Pradesh,2023-08-11,XXXX6470,Active,2156.36
4120,MCH9554,Kale Ltd,4814.0,Telecom,Partnership,Kolkata,West Bengal,2025-12-07,,On Hold,696.0
4121,MCH9555,"Nadig, Kumer And Nath",5912.0,Medical,Partnership,Lucknow,Uttar Pradesh,2023-02-01,9648467253,Active,
4122,MCH9556,"Hari, Dave And Ahluwalia",4131.0,Transportation,Sole Proprietor,Chennai,Tamil Nadu,2025-12-06,LIFR2342836809377,Active,4820.97
4123,MCH9559,Randhawa-Mody,5699.0,Apparel & Fashion,Sole Proprietor,Amritsar,Punjab,2025-06-08,XXXX2517,Inactive,543.84
4124,MCH9560,Puri-Ahluwalia,5999.0,Miscellaneous,Partnership,Ludhiana,Punjab,2025-06-21,XXXX3305,Active,1176.68
4125,MCH9563,"Singh, Issac And Murty",4131.0,Travel,Private Limited,Kolkata,West Bengal,2023-01-02,,Active,1366.02
4126,MCH9565,"Dhar, Shukla And Chaudhary",5942.0,Books & Stationery,Individual,Chennai,Tamil Nadu,2025-08-22,6503799014,Active,2205.09
4127,MCH9566,Batra-Kaul,5311.0,Department Store,Private Limited,Delhi,Delhi,2025-11-28,LYAO0984012362521,Active,1260.75
4128,MCH9567,"Dar, Gera And Sane",5812.0,Restaurants & Food,Private Limited,Delhi,Delhi,2026-01-09,,Active,850.48
4129,MCH9569,Parekh-Kalita,5311.0,Retail,Individual,Amritsar,Punjab,2025-12-07,XXXX5054,Active,1617.31
4130,MCH9571,Buch Inc,5812.0,Restaurants & Food,Individual,Hyderabad,Telangana,,DKEU4746665718428,Active,1270.83
4131,MCH9580,"Murthy, Virk And Lad",,Department Store,Partnership,Ludhiana,Punjab,2025-09-20,,Active,1520.62
4132,MCH9582,"Aggarwal, Morar And Vohra",4814.0,Telecom,Private Limited,Chennai,Tamil Nadu,2026-02-02,1610482956,Active,2012.0
4133,MCH9583,Khurana-Johal,5411.0,Grocery,Partnership,Delhi,Delhi,2024-04-30,9658176597,Active,5627.6
4134,MCH9584,"Bhat, Shukla And Bajaj",5311.0,Department Store,Private Limited,Mumbai,Maharashtra,2025-02-04,XXXX2185,Inactive,4140.74
4135,MCH9586,Ghose Plc,7011.0,Hotel & Lodging,Private Limited,Chennai,Tamil Nadu,2023-03-30,,Active,2522.89
4136,MCH9587,Krishnamurthy-Contractor,4814.0,Telecom,Sole Proprietor,Kolkata,West Bengal,2024-12-09,XXXX7878,Active,211.86
4137,MCH9591,Bali Group,5999.0,Miscellaneous,Sole Proprietor,Ludhiana,Punjab,2026-01-14,,Active,3007.14
4138,MCH9593,Varty-Lala,5942.0,Books & Stationery,Individual,Lucknow,Uttar Pradesh,2024-02-08,DUTM3222823880955,Active,3004.61
4139,MCH9594,Ben Group,5311.0,Department Store,Sole Proprietor,Jaipur,Rajasthan,2023-01-10,3846101369,Active,4070.31
4140,MCH9595,Kapur Inc,5999.0,Miscellaneous,Private Limited,Chennai,Tamil Nadu,2023-10-26,FKYL3305691122715,Active,
4141,MCH9601,Joshi-Chauhan,4131.0,Transportation,Private Limited,Bengaluru,Karnataka,2023-10-05,GXDF2258830455225,Active,1949.42
4142,MCH9604,Merchant-Johal,5311.0,Retail,Partnership,Pune,Maharashtra,2024-10-11,2871306703,Active,762.2
4143,MCH9605,Chokshi Llc,5812.0,Restaurants & Food,Sole Proprietor,Bengaluru,Karnataka,2026-01-31,,Active,2523.0
4144,MCH9609,Bhatti Inc,5411.0,Grocery,Individual,Hyderabad,Telangana,2026-01-29,BTIY5631851884644,Suspended,1792.34
4145,MCH9613,Tella Group,5912.0,Pharmacy,Partnership,Hyderabad,Telangana,2024-07-29,IJFC0895713811161,Active,
4146,MCH9617,Ranganathan-Ha1Der,5411.0,Grocery,Private Limited,Chennai,Tamil Nadu,2024-12-08,6857352456,Active,904.23
4147,MCH9620,Chad Plc,,Retail,Individual,Ludhiana,Punjab,2025-04-16,HEOY8360949899311,Active,786.55
4148,MCH9623,Subramanian Llc,5912.0,Medical,Individual,Hyderabad,Telangana,2025-07-06,XXXX2659,Active,1226.76
4149,MCH9624,Brar-Chad,5311.0,Department Store,Individual,Amritsar,Punjab,2025-02-04,XXXX6058,Suspended,2595.66
4150,MCH9625,Tripathi Plc,4814.0,Telecom,Private Limited,Amritsar,Punjab,2024-09-11,,Active,
4151,MCH9626,Gu1Ati-Chhabra,4814.0,Telecom,Partnership,Lucknow,Uttar Pradesh,2025-02-21,,Active,880.0
4152,MCH9627,Randhawa Gr0Up,7011.0,Hotel & Lodging,Private Limited,Chennai,Tamil Nadu,2023-08-31,,Active,
4153,MCH9632,Kade-Shere,5311.0,Department Store,Sole Proprietor,Delhi,Delhi,2025-11-28,,Active,895.55
4154,MCH9635,Konda-Verma,5942.0,Books & Stationery,Individual,Chennai,Tamil Nadu,2023-09-10,BAID6365865587003,Active,4885.39
4155,MCH9636,Kibe-Magar,5699.0,Apparel & Fashion,Individual,Bengaluru,Karnataka,2023-08-21,SSYN5165458216497,Active,
4156,MCH9637,Handa-Basu,5699.0,Apparel & Fashion,Partnership,Pune,Maharashtra,2025-09-17,,Active,515.71
4157,MCH9638,"Dara, Badami And Sen",5699.0,Apparel & Fashion,Sole Proprietor,Lucknow,Uttar Pradesh,2026-01-22,,Active,3649.35
4158,MCH9640,Aurora And Sons,4131.0,Travel,Sole Proprietor,Lucknow,Uttar Pradesh,2023-09-09,6211538586,Active,1623.21
4159,MCH9641,Andra Ltd,5912.0,Pharmacy,Private Limited,Kolkata,West Bengal,2025-10-15,2325222758,Active,3323.59
4160,MCH9642,Sarin Group,4814.0,Telecom,Individual,Mumbai,Maharashtra,2025-10-09,LEVP3171266345624,Active,11510.93
4161,MCH9647,"Bhat, Tank And Aurora",7011.0,Hotel & Lodging,Individual,Kolkata,West Bengal,2024-08-18,8968048918,Active,5590.39
4162,MCH9649,Sachdeva-Dey,7011.0,Hotel & Lodging,Sole Proprietor,Amritsar,Punjab,2025-12-06,XRSK3388415827357,Active,
4163,MCH9651,Thakkar-Dass,5311.0,Department Store,Private Limited,Jalandhar,Punjab,2023-03-28,,Active,2535.0
4164,MCH9654,Saini-Bath,5942.0,Books & Stationery,Private Limited,Ludhiana,Punjab,2024-11-10,XXXX5605,Active,2570.91
4165,MCH9659,Gokhale-Bassi,4814.0,Telecom,Sole Proprietor,Mumbai,Maharashtra,2023-09-11,AEKL3434312955275,Active,269.4
4166,MCH9661,Ramanathan Group,7011.0,Hotel & Lodging,Individual,Mumbai,Maharashtra,2023-11-10,,Active,735.62
4167,MCH9662,Basu-Korpal,4814.0,Telecom,Private Limited,Pune,Maharashtra,2023-09-13,WZTV1265477628451,Active,1152.0
4168,MCH9665,Baria And Sons,5699.0,Apparel & Fashion,Sole Proprietor,Chennai,Tamil Nadu,2023-08-09,VFLG7914496362461,Suspended,4561.8
4169,MCH9672,Contractor-Sinha,5311.0,Retail,Individual,Kolkata,West Bengal,2024-11-26,8867559277,Active,1371.8
4170,MCH9675,Mand-Varkey,5912.0,Medical,Individual,Jalandhar,Punjab,2025-11-05,,Inactive,843.13
4171,MCH9679,Raman Ltd,,Hotel & Lodging,Sole Proprietor,Delhi,Delhi,2024-09-07,PIVF1729636161305,Inactive,310.73
4172,MCH9681,Bawa Plc,5699.0,Apparel & Fashion,Private Limited,Pune,Maharashtra,2024-01-09,,Active,1913.04
4173,MCH9683,Pillai Inc,5411.0,Grocery,Partnership,Bengaluru,Karnataka,2024-11-28,,Suspended,1862.68
4174,MCH9684,Bhasin Inc,5912.0,Pharmacy,Private Limited,Delhi,Delhi,2025-01-20,XXXX1695,Inactive,2227.2
4175,MCH9688,Choudhry Llc,5942.0,Books & Stationery,Sole Proprietor,Bengaluru,Karnataka,2023-10-18,,Active,825.43
4176,MCH9690,Bai1-Sarin,7011.0,Hotel & Lodging,Partnership,Amritsar,Punjab,2025-04-11,XXXX0228,Active,3320.22
4177,MCH9692,Pandey-Behl,5812.0,Restaurants & Food,Private Limited,Hyderabad,Telangana,2024-08-31,XXXX3446,Active,522.57
4178,MCH9693,"Babu, Murty And Rao",5942.0,Books & Stationery,Sole Proprietor,Pune,Maharashtra,2023-07-25,SBLA0467817458024,Active,1260.07
4179,MCH9696,D’Alia-Bhardwaj,5999.0,Miscellaneous,Private Limited,Lucknow,Uttar Pradesh,2024-02-17,XXXX0392,Active,3568.12
4180,MCH9697,Walla Ltd,,Telecom,Individual,Bengaluru,Karnataka,2025-07-21,,Active,1081.86
4181,MCH9702,Ranganathan-Madan,7011.0,Hotel & Lodging,Individual,Hyderabad,Telangana,2025-04-10,RTHS3346421176187,Active,1980.13
4182,MCH9704,"Wason, Upadhyay And Palla",5311.0,Retail,Private Limited,Mumbai,Maharashtra,2024-07-11,272024202,Active,
4183,MCH9706,"Mohan, Sahni And Doctor",5699.0,Apparel & Fashion,Partnership,Lucknow,Uttar Pradesh,2023-10-26,,Active,
4184,MCH9710,Trivedi Plc,5411.0,Grocery,Partnership,Ludhiana,Punjab,2025-01-24,,Active,718.83
4185,MCH9713,"Toor, Nayak And Varma",5699.0,Apparel & Fashion,Individual,Jalandhar,Punjab,,,Active,
4186,MCH9714,Issac-Pall,5912.0,Pharmacy,Private Limited,Chennai,Tamil Nadu,2024-07-06,,Inactive,925.43
4187,MCH9715,Desai Plc,7011.0,Hotel & Lodging,Partnership,Kolkata,West Bengal,2023-01-10,5413889015,Inactive,547.82
4188,MCH9716,"Kadakia, Mishra And Ba1I",5812.0,Restaurants & Food,Private Limited,Lucknow,Uttar Pradesh,2023-09-09,4695594803,Active,
4189,MCH9718,Raval And Sons,5812.0,Restaurants & Food,Individual,Bengaluru,Karnataka,2026-01-04,6381850074,Active,3311.57
4190,MCH9720,Hayre Ltd,5942.0,Books & Stationery,Sole Proprietor,Pune,Maharashtra,2024-04-24,,Active,507.94
4191,MCH9722,"Krishna, Saxena And Aurora",4814.0,Telecom,Individual,Lucknow,Uttar Pradesh,,XXXX5150,Active,
4192,MCH9725,Shan Llc,5699.0,Apparel & Fashion,Individual,Lucknow,Uttar Pradesh,2024-12-20,4923079593,Active,2250.85
4193,MCH9728,"Dass, Sengupta And Halder",5411.0,Grocery,Sole Proprietor,Chennai,Tamil Nadu,2024-10-29,,Active,6287.55
4194,MCH9729,Prabhakar Ltd,5812.0,Restaurants & Food,Individual,Bengaluru,Karnataka,2025-12-28,,Active,1127.0
4195,MCH9731,Chaudhry-Pillay,5311.0,Department Store,Individual,Jaipur,Rajasthan,2025-09-19,4390962437,Active,516.39
4196,MCH9732,Pal-Kaur,5699.0,Apparel & Fashion,Individual,Jalandhar,Punjab,2023-06-25,2545195064,Active,1508.45
4197,MCH9733,Sathe-Hari,4131.0,Transportation,Partnership,Bengaluru,Karnataka,2025-09-24,,Active,1033.79
4198,MCH9736,Sant Plc,7011.0,Hotel & Lodging,Sole Proprietor,Lucknow,Uttar Pradesh,2024-12-07,4147851928,Active,1081.26
4199,MCH9738,Barman-Rastogi,5411.0,Grocery,Partnership,Chennai,Tamil Nadu,2024-11-19,XXXX3047,Active,2419.77
4200,MCH9739,"Gupta, Bhatia And Dhillon",4131.0,Transportation,Private Limited,Jaipur,Rajasthan,2025-03-20,,Active,
4201,MCH9740,Jain And Sons,5812.0,Restaurants & Food,Individual,Jaipur,Rajasthan,2025-01-31,BHGC5407337420204,Active,1510.42
4202,MCH9743,Sahota-Krish,5942.0,Books & Stationery,Private Limited,Ludhiana,Punjab,2023-05-22,,Active,873.78
4203,MCH9744,Walia Inc,5942.0,Books & Stationery,Sole Proprietor,Bengaluru,Karnataka,2024-06-24,XXXX8765,Active,574.28
4204,MCH9745,Chaudhuri Plc,,Apparel & Fashion,Sole Proprietor,Pune,Maharashtra,2025-05-26,LAJQ5592021482333,Inactive,475.31
4205,MCH9749,"Vasa, Jha And Babu",7011.0,Hotel & Lodging,Sole Proprietor,Chennai,Tamil Nadu,2025-04-08,KYLU7872860441516,Active,276.87
4206,MCH9751,Memon-Sinha,5812.0,Restaurants & Food,Sole Proprietor,Ludhiana,Punjab,2023-07-16,4462778035,Active,2265.65
4207,MCH9753,Chowdhury And Sons,4814.0,Telecom,Individual,Mumbai,Maharashtra,2023-07-06,XRQC4173107226583,Active,559.33
4208,MCH9754,Khanna Group,5411.0,Grocery,Partnership,Ludhiana,Punjab,2023-11-20,EDBE0893143652084,Active,3682.51
4209,MCH9755,Anand Inc,5311.0,Department Store,Private Limited,Lucknow,Uttar Pradesh,2024-10-09,EWFI4945547358021,Active,2048.19
4210,MCH9756,"Dugal, Virk And Dhaliwal",4131.0,Transportation,Partnership,Jalandhar,Punjab,2023-01-01,SZBM8211536669889,Active,494.0
4211,MCH9757,Venkataraman-Vig,5311.0,Department Store,Sole Proprietor,Amritsar,Punjab,2025-03-26,,Active,
4212,MCH9762,Kara Llc,5999.0,Miscellaneous,Individual,Delhi,Delhi,,9982880458,Active,413.17
4213,MCH9763,Bhatnagar-Ramesh,5699.0,Apparel & Fashion,Individual,Bengaluru,Karnataka,2023-03-24,FAWR8699456284349,Active,2954.71
4214,MCH9764,More-Bhavsar,5912.0,Pharmacy,Sole Proprietor,Pune,Maharashtra,2024-09-06,XXXX9274,Active,3514.68
4215,MCH9769,"Kota, Dara And Sarin",,Travel,Partnership,Ludhiana,Punjab,2025-05-22,XXXX8418,Active,2120.25
4216,MCH9770,Jha-Andra,,Transportation,Sole Proprietor,Chennai,Tamil Nadu,2026-01-22,BRJH7377264204006,Suspended,1847.23
4217,MCH9772,Vyas-Ganguly,5942.0,Books & Stationery,Partnership,Jalandhar,Punjab,2023-12-25,1012219749,Active,1198.91
4218,MCH9774,Trivedi Group,5912.0,Pharmacy,Partnership,Jaipur,Rajasthan,2024-08-03,5443660478,Active,1811.0
4219,MCH9778,"Chandra, Subramanian And Borde",5942.0,Books & Stationery,Private Limited,Bengaluru,Karnataka,2025-05-20,2832098556,Active,2313.1
4220,MCH9779,De0-Agate,4814.0,Telecom,Individual,Kolkata,West Bengal,2024-03-24,,Active,2425.1
4221,MCH9780,"Kibe, Setty And Kaul",5942.0,Books & Stationery,Private Limited,Mumbai,Maharashtra,2024-07-14,EUVJ9352599503304,Active,3251.18
4222,MCH9782,Bhardwaj-Varghese,4131.0,Travel,Individual,Ludhiana,Punjab,2023-02-18,GXDH5697468169226,Active,1522.0
4223,MCH9784,Lal Ltd,5812.0,Restaurants & Food,Partnership,Chennai,Tamil Nadu,2024-12-28,XXXX3001,Active,1442.84
4224,MCH9785,Nagarajan Plc,5699.0,Apparel & Fashion,Individual,Mumbai,Maharashtra,2025-08-06,,Active,2709.78
4225,MCH9786,"Pai, Thakkar And Krish",5311.0,Department Store,Private Limited,Hyderabad,Telangana,,,Active,1876.06
4226,MCH9787,Nigam Llc,7011.0,Hotel & Lodging,Private Limited,Jaipur,Rajasthan,2023-06-18,,Active,717.19
4227,MCH9790,Kumar-Dua,4814.0,Telecom,Sole Proprietor,Kolkata,West Bengal,2024-12-09,XXXX3101,Active,375.28
4228,MCH9793,Brar Ltd,,Apparel & Fashion,Private Limited,Bengaluru,Karnataka,,4222281666,Active,198.68
4229,MCH9797,"Basu, Kota And Hora",7011.0,Hotel & Lodging,Individual,Jaipur,Rajasthan,,,Active,3455.43
4230,MCH9798,Mann-Gera,4131.0,Transportation,Individual,Jalandhar,Punjab,2025-07-15,AQRW3805344799887,Active,952.0
4231,MCH9800,Dasgupta-Sathe,7011.0,Hotel & Lodging,Partnership,Ludhiana,Punjab,2024-06-13,4290574632,Active,
4232,MCH9801,"Manda, Bansal And Devan",5812.0,Restaurants & Food,Partnership,Pune,Maharashtra,2025-09-12,XXXX9062,Suspended,1106.68
4233,MCH9802,Contractor-Keer,5699.0,Apparel & Fashion,Individual,Delhi,Delhi,2024-04-08,6197117381,Active,1430.48
4234,MCH9803,Rastogi Ltd,,Books & Stationery,Partnership,Jaipur,Rajasthan,2025-01-29,,Active,3135.89
4235,MCH9804,Bhasin-Peri,5311.0,Department Store,Sole Proprietor,Chennai,Tamil Nadu,2023-12-21,,Suspended,962.52
4236,MCH9805,Sha-Mitter,5311.0,Retail,Partnership,Jalandhar,Punjab,,6239132906,Active,1993.26
4237,MCH9806,Hari-Kant,5411.0,Grocery,Individual,Amritsar,Punjab,2023-12-26,JKYA8958406507555,Active,1398.42
4238,MCH9807,Pillay-Sule,5912.0,Pharmacy,Partnership,Ludhiana,Punjab,2024-09-17,,Active,3555.86
4239,MCH9811,"Dyal, Ranganathan And Sinha",5812.0,Restaurants & Food,Private Limited,Delhi,Delhi,2025-11-04,RQQY2365576077878,Active,972.81
4240,MCH9813,"Padmanabhan,Brahmbhattandtrivedi",5411.0,Grocery,Private Limited,Ludhiana,Punjab,2025-01-27,XXXX5772,Active,2491.37
4241,MCH9814,Sekhon-Luthra,5411.0,Grocery,Individual,Hyderabad,Telangana,2023-06-12,,Active,2338.35
4242,MCH9815,"Narasimhan, Vasa And Goswami",5942.0,Books & Stationery,Individual,Delhi,Delhi,2025-11-10,MZNM1643262942719,Active,
4243,MCH9820,"Rai, Saha And Lalla",7011.0,Hotel & Lodging,Individual,Amritsar,Punjab,2024-10-13,,Active,3129.0
4244,MCH9821,Natt-Kibe,5699.0,Apparel & Fashion,Private Limited,Chennai,Tamil Nadu,2025-05-03,XXXX1748,Active,4072.48
4245,MCH9822,Thaman-Parsa,5311.0,Department Store,Private Limited,Bengaluru,Karnataka,,500860031,Active,534.71
4246,MCH9823,Kunda-Parekh,5812.0,Restaurants & Food,Individual,Mumbai,Maharashtra,2023-10-04,YIKU2339191619475,Active,1308.28
4247,MCH9824,Memon-Mistry,4814.0,Telecom,Partnership,Ludhiana,Punjab,2024-08-16,,On Hold,837.47
4248,MCH9826,Rana And Sons,,Grocery,Private Limited,Bengaluru,Karnataka,2023-07-07,ZBMZ7199667891551,Active,739.28
4249,MCH9827,Chaudry And Sons,5311.0,Department Store,Private Limited,Bengaluru,Karnataka,2025-04-02,WKDN2531235762305,Active,1686.75
4250,MCH9831,Deep-Kanda,4814.0,Telecom,Sole Proprietor,Pune,Maharashtra,2025-07-29,XXXX7811,Active,796.02
4251,MCH9834,Handa-Chaudhari,5411.0,Grocery,Private Limited,Lucknow,Uttar Pradesh,2025-04-27,XXXX0961,Active,3989.9
4252,MCH9835,Mahajan-Pingle,7011.0,Hotel & Lodging,Private Limited,Jaipur,Rajasthan,2025-09-22,,Active,2477.71
4253,MCH9836,"Nori, Malhotra And Deep",7011.0,Hotel & Lodging,Sole Proprietor,Chennai,Tamil Nadu,,XXXX5684,Active,3007.0
4254,MCH9837,Raval-Aurora,5812.0,Restaurants & Food,Sole Proprietor,Kolkata,West Bengal,2023-04-26,,Active,2990.0
4255,MCH9839,Natarajan-Keer,5812.0,Restaurants & Food,Individual,Delhi,Delhi,2025-03-03,XXXX6434,Active,2189.15
4256,MCH9840,"Gara, Bedi And Dua",5942.0,Books & Stationery,Private Limited,Amritsar,Punjab,2025-12-09,4627903528,Active,369.0
4257,MCH9843,"Banerjee, Singh And Anne",5942.0,Books & Stationery,Individual,Chennai,Tamil Nadu,2025-04-07,,Active,8077.21
4258,MCH9844,Menon And Sons,4131.0,Transportation,Sole Proprietor,Mumbai,Maharashtra,2024-04-14,,Active,1083.0
4259,MCH9845,Misra-Varghese,5912.0,Pharmacy,Sole Proprietor,Ludhiana,Punjab,2025-12-30,,Active,186.59
4260,MCH9846,Mukherjee Ltd,5812.0,Restaurants & Food,Sole Proprietor,Chennai,Tamil Nadu,2024-09-15,XXXX2201,Active,1799.62
4261,MCH9847,Dube And Sons,4814.0,Telecom,Partnership,Delhi,Delhi,2023-06-06,6626610678,Active,918.47
4262,MCH9848,B0Rde Inc,,Retail,Private Limited,Hyderabad,Telangana,2024-02-03,308046800,Active,1173.29
4263,MCH9849,Jayaraman Inc,5942.0,Books & Stationery,Individual,Kolkata,West Bengal,2026-02-11,8602198402,Active,1659.94
4264,MCH9853,Dhar-Raval,5912.0,Pharmacy,Sole Proprietor,Kolkata,West Bengal,,,Active,795.17
4265,MCH9855,Samra-Manda,4814.0,Telecom,Private Limited,Chennai,Tamil Nadu,2025-02-01,PEIX9794404707965,Active,1167.22
4266,MCH9856,"Gala, Nadig And Borra",5411.0,Grocery,Partnership,Lucknow,Uttar Pradesh,2025-10-13,DZVT3507500653540,Active,1744.37
4267,MCH9857,Mitra-Bala,5311.0,Department Store,Partnership,Bengaluru,Karnataka,2024-01-15,7322976024,Active,507.74
4268,MCH9858,"Memon, Mohanty And Ghosh",4131.0,Transportation,Sole Proprietor,Mumbai,Maharashtra,2025-12-11,WBRG3053362542372,Active,911.0
4269,MCH9859,Mukherjee-Agate,5999.0,Miscellaneous,Sole Proprietor,Jalandhar,Punjab,,,Active,158.0
4270,MCH9861,"Mukherjee, Murthy And Jani",4131.0,Transportation,Private Limited,Ludhiana,Punjab,2025-06-22,,Active,719.77
4271,MCH9865,Minhas Plc,5942.0,Books & Stationery,Private Limited,Delhi,Delhi,2025-11-29,,Active,334.0
4272,MCH9866,Sane-Dar,4814.0,Telecom,Partnership,Lucknow,Uttar Pradesh,2024-04-11,,Active,910.27
4273,MCH9867,Tripathiltd,5942.0,Books & Stationery,Individual,Hyderabad,Telangana,2024-11-01,,Active,936.0
4274,MCH9868,"Bedi, Konda And Kant",5912.0,Medical,Individual,Jaipur,Rajasthan,2023-01-02,XXXX9285,Active,444.97
4275,MCH9877,"Garde, Sabharwal And Prashad",5942.0,Books & Stationery,Private Limited,Hyderabad,Telangana,2024-03-02,9136330532,Active,1246.91
4276,MCH9879,Venkataraman-Tata,4814.0,Telecom,Individual,Ludhiana,Punjab,2024-01-04,5404250897,Inactive,2839.66
4277,MCH9881,Kalla-Tara,5411.0,Grocery,Private Limited,Delhi,Delhi,2025-04-10,,Active,1174.86
4278,MCH9882,Joshi Plc,4814.0,Telecom,Sole Proprietor,Jaipur,Rajasthan,,,Active,320.23
4279,MCH9883,Modi Plc,5411.0,Grocery,Sole Proprietor,Delhi,Delhi,2024-08-25,XXXX9460,Active,492.1
4280,MCH9884,Sidhu Group,7011.0,Hotel & Lodging,Partnership,Chennai,Tamil Nadu,2023-10-27,PILQ9149941231060,Active,1570.58
4281,MCH9888,"Contractor, Mohanty And Devi",5912.0,Pharmacy,Sole Proprietor,Chennai,Tamil Nadu,2025-09-23,XXXX3253,Active,1367.96
4282,MCH9896,Dave-Vasa,5311.0,Retail,Partnership,Pune,Maharashtra,2023-09-30,XXXX8599,Active,3148.67
4283,MCH9897,Modi Plc,5699.0,Apparel & Fashion,Individual,Delhi,Delhi,2023-01-06,,Active,
4284,MCH9901,Oommen Ltd,7011.0,Hotel & Lodging,Sole Proprietor,Hyderabad,Telangana,2025-10-01,XXXX3340,Inactive,538.3
4285,MCH9905,Pate1-S00D,7011.0,Hotel & Lodging,Sole Proprietor,Jaipur,Rajasthan,2025-11-21,ZWIP5852637363100,Active,
4286,MCH9906,"Raj, Goda And Rastogi",5912.0,Pharmacy,Private Limited,Pune,Maharashtra,2025-01-31,2812012011,Active,543.33
4287,MCH9909,"Gade, Tiwari And Solanki",5699.0,Apparel & Fashion,Individual,Pune,Maharashtra,2024-08-23,XXXX1254,Active,2922.02
4288,MCH9910,"Karan, Ram And Sengupta",5311.0,Department Store,Individual,Delhi,Delhi,2025-10-14,IIRT4821012999661,Active,191.17
4289,MCH9911,"Pal, Dash And Nagi",4131.0,Transportation,Individual,Mumbai,Maharashtra,2024-11-28,XXXX9114,Active,1474.73
4290,MCH9912,"Gade, Bajaj And Zachariah",7011.0,Hotel & Lodging,Sole Proprietor,Ludhiana,Punjab,2023-02-22,,Active,564.0
4291,MCH9913,Das Ltd,4814.0,Telecom,Partnership,Lucknow,Uttar Pradesh,2024-08-10,,Active,442.64
4292,MCH9914,"Parmar, Sekhon And Kakar",4131.0,Transportation,Private Limited,Amritsar,Punjab,2025-12-15,1204552607,Active,1356.48
4293,MCH9916,"Sur, Palla And Goyal",4814.0,Telecom,Private Limited,Pune,Maharashtra,2023-09-04,7186592814,Active,282.0
4294,MCH9918,"Jha, Kumer And Srivastava",5699.0,Apparel & Fashion,Sole Proprietor,Bengaluru,Karnataka,2024-01-16,UOAA2292690080709,Inactive,902.09
4295,MCH9919,"Ramaswamy,Pallandbahri",5912.0,Pharmacy,Private Limited,Mumbai,Maharashtra,2026-02-09,,Active,1346.24
4296,MCH9920,Oommen-Mitra,5411.0,Grocery,Private Limited,Jaipur,Rajasthan,2024-01-17,7684049085,Active,767.57
4297,MCH9921,"Datta, Chatterjee And Khalsa",4131.0,Transportation,Private Limited,Bengaluru,Karnataka,2024-02-22,XXXX9256,Active,2964.42
4298,MCH9922,Chand-Jain,5411.0,Grocery,Partnership,Chennai,Tamil Nadu,2023-09-10,XXXX1121,Active,1800.0
4299,MCH9927,"Lall, Bali And Varughese",5812.0,Restaurants & Food,Sole Proprietor,Lucknow,Uttar Pradesh,2025-09-12,IDZP0771497763313,Active,1410.0
4300,MCH9928,Krishnaninc,,Hotel & Lodging,Private Limited,Jaipur,Rajasthan,2025-05-06,8263891927,Active,477.53
4301,MCH9930,Kale Llc,5699.0,Apparel & Fashion,Sole Proprietor,Jaipur,Rajasthan,,,Active,1917.92
4302,MCH9931,Ray Ltd,5912.0,Medical,Private Limited,Chennai,Tamil Nadu,2023-06-28,8013465643,Active,7044.3
4303,MCH9933,Bali-Zachariah,5411.0,Grocery,Sole Proprietor,Jaipur,Rajasthan,2023-06-07,TWPF4694358713410,Active,1549.0
4304,MCH9935,Sahni-Barad,5999.0,Miscellaneous,Partnership,Delhi,Delhi,2023-06-12,,Active,1444.0
4305,MCH9937,"Sant, Dada And Biswas",4814.0,Telecom,Partnership,Hyderabad,Telangana,2023-09-08,,Inactive,663.0
4306,MCH9940,"Thakur, Chokshi And Char",5699.0,Apparel & Fashion,Sole Proprietor,Jalandhar,Punjab,2023-01-16,,Active,1656.0
4307,MCH9941,Bava And Sons,5999.0,Miscellaneous,Private Limited,Hyderabad,Telangana,2024-12-02,8632655432,Active,
4308,MCH9942,Choudhry-Shenoy,4814.0,Telecom,Partnership,Amritsar,Punjab,2024-09-08,JYCX6599095859245,Active,1359.79
4309,MCH9943,Mukhopadhyay-Kale,5699.0,Apparel & Fashion,Private Limited,Amritsar,Punjab,2025-11-30,HLRA9462438432419,Active,2114.46
4310,MCH9944,"Parikh, Mutti And Saha",4131.0,Transportation,Partnership,Jalandhar,Punjab,2025-08-03,YTTI1528625741410,Active,1826.64
4311,MCH9945,"Pant, Hayre And Pathak",4814.0,Telecom,Private Limited,Jalandhar,Punjab,2025-07-14,XXXX5088,Active,789.57
4312,MCH9946,Jain Llc,5912.0,Medical,Partnership,Pune,Maharashtra,2024-12-10,WESP3308956963595,Active,1421.0
4313,MCH9947,Sarkar Ltd,5311.0,Department Store,Individual,Ludhiana,Punjab,2023-06-25,GOFP4316530582610,Active,
4314,MCH9949,Balan Llc,5411.0,Grocery,Private Limited,Amritsar,Punjab,2024-06-27,XXXX7461,Active,2493.77
4315,MCH9951,Natt Group,5912.0,Pharmacy,Partnership,Chennai,Tamil Nadu,2024-02-05,TSMH8783182679043,Active,1765.37
4316,MCH9952,Vig-Doctor,,Travel,Private Limited,Lucknow,Uttar Pradesh,2024-10-27,XXXX8487,Active,856.86
4317,MCH9954,"Dutta, J0Ha1 And Char",5699.0,Apparel & Fashion,Sole Proprietor,Delhi,Delhi,2025-12-23,ERMO2255417001428,Active,3148.72
4318,MCH9955,Nori-Nazareth,5699.0,Apparel & Fashion,Sole Proprietor,Delhi,Delhi,2024-05-22,,On Hold,673.27
4319,MCH9956,"Sanghvi, Ghose And Din",5311.0,Department Store,Private Limited,Delhi,Delhi,2025-11-29,,Active,2309.81
4320,MCH9957,"Chatterjee, Goda And Saraf",4814.0,Telecom,Sole Proprietor,Ludhiana,Punjab,2025-05-10,XXXX6546,Active,533.81
4321,MCH9963,Mahajan And S0Ns,5942.0,Books & Stationery,Partnership,Jaipur,Rajasthan,2025-01-19,7503956758,Active,7342.46
4322,MCH9964,Dua Inc,4131.0,Transportation,Sole Proprietor,Mumbai,Maharashtra,2023-02-06,,Inactive,794.67
4323,MCH9966,Toor Group,5812.0,Miscellaneous,Partnership,Kolkata,West Bengal,2024-03-11,1428945380,Active,681.04
4324,MCH9967,Kaul Llc,5812.0,Restaurants & Food,Individual,Lucknow,Uttar Pradesh,2023-12-23,HXGW3877013830442,Active,4200.0
4325,MCH9968,Kata-Bawa,5311.0,Department Store,Private Limited,Lucknow,Uttar Pradesh,2025-09-01,,Active,2070.31
4326,MCH9969,Tiwari And Sons,5942.0,Books & Stationery,Private Limited,Ludhiana,Punjab,2023-01-15,3536281860,Inactive,1542.28
4327,MCH9972,"Bakshi, Tata And Parmer",5311.0,Department Store,Sole Proprietor,Hyderabad,Telangana,2024-08-14,ATOC5117985834296,Active,1398.48
4328,MCH9973,"Parsa, Loyal And Pai",4814.0,Telecom,Partnership,Lucknow,Uttar Pradesh,2024-04-19,VRDN2962805644016,Active,1836.29
4329,MCH9975,Nadkarni-Sane,5999.0,Miscellaneous,Sole Proprietor,Delhi,Delhi,2025-08-02,XXXX7415,Active,4465.19
4330,MCH9977,Mohanty-Desai,4814.0,Telecom,Sole Proprietor,Mumbai,Maharashtra,2023-02-13,69594001,Active,845.52
4331,MCH9979,"Bandi, Gupta And Sarma",4131.0,Transportation,Private Limited,Ludhiana,Punjab,2023-04-13,,Suspended,
4332,MCH9983,Bhagat Group,5411.0,Grocery,Individual,Pune,Maharashtra,2025-11-27,XXXX2568,Active,3669.57
4333,MCH9984,"Dash, Radhakrishnan And Singh",4131.0,Transportation,Sole Proprietor,Amritsar,Punjab,2025-11-01,4065235597,Active,956.87
4334,MCH9986,Tak Ltd,4131.0,Transportation,Partnership,Delhi,Delhi,2025-01-21,PVFQ1310778139722,Active,
4335,MCH9988,"Johal, Padmanabhan And Sagar",4131.0,Medical,Individual,Delhi,Delhi,2026-02-02,,Active,1620.14
4336,MCH9990,Mishra Inc,5912.0,Medical,Private Limited,Mumbai,Maharashtra,2023-02-18,XXXX3137,Active,970.05
4337,MCH9992,Rajagopalan Plc,7011.0,Hotel & Lodging,Sole Proprietor,Bengaluru,Karnataka,2024-02-07,5652803993,Active,577.93
4338,MCH9993,Chadha-Tailor,5942.0,Books & Stationery,Private Limited,Ludhiana,Punjab,2026-01-05,,Inactive,2368.65
4339,MCH9994,"Barad, Lall And Shetty",5942.0,Books & Stationery,Partnership,Delhi,Delhi,2026-01-13,5940602579,Active,1588.48
4340,MCH9995,Ben-Krish,4131.0,Retail,Sole Proprietor,Pune,Maharashtra,2025-09-11,FLBG6350605755281,Active,2919.94
4341,MCH9996,Kala-Nadkarni,5699.0,Apparel & Fashion,Private Limited,Delhi,Delhi,2023-01-03,XXXX7769,Active,628.11
4342,MCH9997,"Kalita, Dass And Balay",5999.0,Miscellaneous,Individual,Ludhiana,Punjab,2023-12-07,XXXX2557,Active,2233.91
4343,MCH9999,"Konda, Subramanian And Rau",5999.0,Miscellaneous,Individual,Mumbai,Maharashtra,2024-01-16,,Active,510.0
