complaint_id,txn_id,user_id,merchant_id,transaction_timestamp,reported_timestamp,disputed_amount,reason_code,complaint_text,resolution_status,bank_response_timestamp,severity,channel,customer_match_status,merchant_match_status,transaction_match_status,transaction_user_id,transaction_merchant_id,user_consistency_status,merchant_consistency_status
CBK0002082,TXN00004325,USR97580,MCH1127,2026-01-28 00:00:00,2026-01-02 00:00:00,,Merchant Not Delivered,customer says amount was debited twice.,Closed,2026-10-02 03:19:10,Critical,IVR,Matched,Unmatched,Matched,USR48198,MCH9866,Mismatch,Mismatch
CBK0001941,TXN00003720,USR54113,MCH3835,2026-02-25 10:24:00,2026-03-05 06:24:15,414.69,Account Compromised,user reports money deducted but merchant denies receiving payment.,In Progress,2026-03-12 06:24:00,High,Call Center,Unmatched,Matched,Matched,USR19443,MCH8424,Mismatch,Mismatch
CBK0001799,TXN00012539,USR17980,MCH3700,2026-04-02 00:00:00,2026-05-02 00:00:00,7039.0,Customer Dispute,merchant service was not delivered after payment.,Open,2026-03-06 00:00:00,Low,IVR,Unmatched,Matched,Matched,USR99547,MCH6553,Mismatch,Mismatch
CBK0002465,TXN00017802,USR76148,MCH4534,2026-03-30 00:00:00,2026-04-01 00:00:00,1303.05,Merchant Not Delivered,suspicious high-value payment disputed by customer. pls check asap,Rejected,2026-04-07 00:00:00,High,IVR,Unmatched,Matched,Matched,USR63502,MCH5142,Mismatch,Mismatch
CBK0001870,TXN00015944,USR24660,MCH1686,2026-01-09 00:00:00,2026-01-14 21:01:41,1459.42,Merchant Not Delivered,merchant service was not delivered after payment.,In Progress,2026-01-26 00:00:00,Low,App,Unmatched,Matched,Matched,USR35339,MCH9649,Mismatch,Mismatch
CBK0002663,TXN00009741,USR40631,MCH9584,2026-05-02 00:00:00,2026-06-02 00:00:00,548.0,Service Failed,complaint received after multiple failed attempts. urgent,Closed,2026-02-23 00:00:00,Low,Branch,Unmatched,Matched,Matched,USR26919,MCH1247,Mismatch,Mismatch
CBK0000782,TXN00015086,USR58789,MCH6008,2026-02-05 00:00:00,2026-10-02 00:00:00,1949.6,Incorrect Amount,user says upi pin was not entered by them.,In Progress,2026-03-03 00:00:00,Medium,Chatbot,Matched,Unmatched,Matched,USR79526,MCH4011,Mismatch,Mismatch
CBK0001838,TXN00014426,USR30157,MCH4526,2026-03-26 10:17:08,2026-06-04 04:17:08,4193.52,Merchant Not Delivered,merchant service was not delivered after payment. details missing,Open,2026-04-18 00:00:00,Medium,Chatbot,Unmatched,Matched,Matched,USR55594,MCH4220,Mismatch,Mismatch
CBK0001095,TXN00015316,USR86750,MCH5980,2026-12-01 00:00:00,2026-01-13 00:00:00,930.83,Customer Dispute,customer complaint text unclear due to poor call center notes.,Open,2026-01-14 00:00:00,High,Branch,Unmatched,Matched,Matched,USR10923,MCH9944,Mismatch,Mismatch
CBK0002541,TXN00002822,USR11987,MCH3992,2026-03-18 10:04:06,2026-03-23 00:00:00,,Unauthorized Transaction,user claims account was compromised before transaction.,Open,2026-03-30 00:00:00,High,IVR,Matched,Unmatched,Matched,USR72065,MCH5025,Mismatch,Mismatch
CBK0001147,TXN00002456,USR89588,MCH2614,2026-10-02 03:16:00,2026-02-12 00:00:00,1805.23,Duplicate Debit,customer says amount was debited twice.,In Progress,2026-03-12 14:16:00,Low,Chatbot,Unmatched,Unmatched,Matched,USR91688,MCH1530,Mismatch,Mismatch
CBK0001137,TXN00015627,USR35882,MCH8913,2026-01-21 01:07:00,2026-01-21 00:00:00,4853.7,Customer Dispute,customer says amount was debited twice.,Resolved,2026-06-02 08:07:54,Medium,Chatbot,Unmatched,Unmatched,Matched,USR67372,MCH4068,Mismatch,Mismatch
CBK0002213,TXN00009870,USR79046,MCH8457,2026-01-02 00:00:00,2026-02-17 00:00:00,12334.0,Merchant Not Delivered,merchant service was not delivered after payment.,In Progress,,Medium,IVR,Matched,Unmatched,Matched,USR94755,MCH4350,Mismatch,Mismatch
CBK0000946,TXN00013141,USR22644,MCH9193,2026-01-26 00:00:00,2026-01-31 14:01:41,7638.7,Fraud,merchant service was not delivered after payment.,In Progress,,Critical,Email,Matched,Matched,Matched,USR57357,MCH4297,Mismatch,Mismatch
CBK0002366,TXN00012165,USR98915,MCH6399,2026-02-20 00:00:00,2026-02-20 00:00:00,,Fraud,customer says transaction was not authorized.,In Progress,2026-02-23 21:48:00,Low,Call Center,Unmatched,Unmatched,Matched,USR25527,MCH8279,Mismatch,Mismatch
CBK0002026,TXN00019737,USR27262,MCH4852,2026-01-13 00:00:00,2026-01-23 00:00:00,174.11,Duplicate Debit,merchant service was not delivered after payment.,Resolved,2026-02-11 19:25:13,Medium,IVR,Matched,Unmatched,Matched,USR22518,MCH3557,Mismatch,Mismatch
CBK0001099,TXN00011289,USR94570,MCH4545,2026-01-30 04:49:00,2026-04-02 00:00:00,305.0,Account Compromised,payment made to unknown merchant as per customer statement.,Closed,2026-02-28 00:00:00,Critical,IVR,Unmatched,Unmatched,Matched,USR34760,MCH2523,Mismatch,Mismatch
CBK0001197,TXN00006253,USR19220,MCH7286,2026-08-01 00:00:00,2026-10-01 00:00:00,4952.0,Customer Dispute,complaint received after multiple failed attempts.,Rejected,2026-01-20 14:43:26,Medium,Chatbot,Unmatched,Unmatched,Matched,USR69852,MCH5556,Mismatch,Mismatch
CBK0002347,TXN00010961,USR55439,MCH7581,2026-02-13 00:00:00,2026-03-15 00:00:00,1126.18,Incorrect Amount,customer says transaction was not authorized.,Rejected,,Low,Branch,Matched,Matched,Matched,USR48343,MCH2000,Mismatch,Mismatch
CBK0000289,TXN00005764,USR38028,MCH6758,2026-03-12 23:03:00,,513.84,Fraud,user claims account was compromised before transaction.,Rejected,,Medium,Chatbot,Matched,Matched,Matched,USR13009,MCH9737,Mismatch,Mismatch
CBK0002002,TXN00010298,USR97772,MCH5269,2026-03-01 00:00:00,2026-08-01 00:00:00,534.44,Service Failed,merchant service was not delivered after payment. urgent,In Progress,2026-03-02 23:32:04,Critical,Chatbot,Matched,Matched,Matched,USR46932,MCH8645,Mismatch,Mismatch
CBK0000512,TXN00014054,USR27947,MCH7667,2026-01-21 00:00:00,2026-01-26 00:00:00,4010.97,Unauthorized Transaction,customer says amount was debited twice.,Closed,2026-01-30 00:00:00,Low,Chatbot,Matched,Matched,Matched,USR19303,MCH7408,Mismatch,Mismatch
CBK0001155,TXN00010146,USR94690,MCH3957,2026-09-02 19:16:42,,2637.93,Unauthorized Transaction,payment made to unknown merchant as per customer statement.,In Progress,2026-02-23 06:16:42,Medium,IVR,Matched,Unmatched,Matched,USR43735,MCH7890,Mismatch,Mismatch
CBK0001330,TXN00005940,USR67471,MCH8738,2026-03-14 00:34:00,2026-03-15 12:34:00,1360.01,Duplicate Debit,suspicious high-value payment disputed by customer.,Pending Bank,2026-03-27 00:00:00,Medium,Chatbot,Unmatched,Unmatched,Matched,USR31098,MCH1421,Mismatch,Mismatch
CBK0000259,TXN00017504,USR24872,MCH9291,2026-01-22 00:00:00,2026-01-30 09:27:00,12647.35,Unauthorized Transaction,merchant service was not delivered after payment.,In Progress,2026-02-13 00:00:00,Low,Chatbot,Matched,Matched,Matched,USR98841,MCH4476,Mismatch,Mismatch
CBK0000164,TXN00010786,USR79443,MCH3729,2026-08-01 02:00:24,2026-01-18 00:00:00,,Duplicate Debit,payment made to unknown merchant as per customer statement.,Closed,2026-01-23 04:00:24,Medium,IVR,Unmatched,Unmatched,Matched,USR32376,MCH5569,Mismatch,Mismatch
CBK0000681,TXN00006290,USR89588,MCH9105,2026-01-28 00:00:00,2026-02-02 00:00:00,,Incorrect Amount,merchant service was not delivered after payment.,Rejected,2026-02-28 00:00:00,Low,IVR,Unmatched,Unmatched,Matched,USR81589,MCH8162,Mismatch,Mismatch
CBK0002683,TXN00004094,USR73891,MCH8154,2026-01-08 00:00:00,2026-01-06 00:00:00,2519.45,Incorrect Amount,suspicious high-value payment disputed by customer.,In Progress,2026-01-21 00:00:00,High,IVR,Unmatched,Matched,Matched,USR15311,MCH9189,Mismatch,Mismatch
CBK0002792,TXN00005061,USR22154,MCH9022,2026-02-28 13:16:03,2026-02-03 00:00:00,1535.65,Account Compromised,customer says amount was debited twice.,Rejected,2026-03-30 00:00:00,High,Chatbot,Matched,Matched,Matched,USR21627,MCH9592,Mismatch,Mismatch
CBK0000594,TXN00065742,USR32980,MCH7020,2026-02-19 00:00:00,,470.0,Merchant Not Delivered,suspicious high-value payment disputed by customer.,Closed,2026-02-24 00:00:00,Medium,Email,Unmatched,Matched,Unmatched,,,Not Applicable,Not Applicable
CBK0001247,TXN00003165,USR41524,MCH2342,2026-04-01 00:00:00,2026-01-09 00:00:00,2714.54,Fraud,suspicious high-value payment disputed by customer.,Resolved,2026-02-03 00:00:00,Medium,Call Center,Unmatched,Unmatched,Matched,USR69890,MCH3877,Mismatch,Mismatch
CBK0000566,TXN00000086,USR11727,MCH4948,2026-02-23 00:00:00,2026-02-24 02:13:00,411.83,Unauthorized Transaction,user says upi pin was not entered by them.,Rejected,2026-03-15 00:00:00,High,Chatbot,Unmatched,Matched,Matched,USR25429,MCH3099,Mismatch,Mismatch
CBK0002764,TXN00014418,USR71468,MCH6403,2026-03-03 00:00:00,2026-03-05 00:00:00,1393.43,Merchant Not Delivered,customer complaint text unclear due to poor call center notes.,Pending Bank,,Medium,Email,Matched,Matched,Matched,USR83064,MCH4070,Mismatch,Mismatch
CBK0000023,TXN00001464,USR92751,MCH2757,2026-03-14 00:00:00,2026-04-13 00:00:00,1112.83,Merchant Not Delivered,merchant service was not delivered after payment.,Resolved,2026-04-16 00:00:00,Medium,IVR,Unmatched,Matched,Matched,USR54217,MCH6682,Mismatch,Mismatch
CBK0000361,TXN00012527,USR24926,MCH7438,2026-02-14 00:00:00,2026-02-16 18:13:57,2311.0,Duplicate Debit,user claims account was compromised before transaction.,Closed,,Low,IVR,Matched,Unmatched,Matched,USR77658,MCH5009,Mismatch,Mismatch
CBK0002544,TXN00018727,USR27888,MCH5076,2026-03-20 01:26:11,2026-03-25 00:00:00,10161.06,Merchant Not Delivered,merchant service was not delivered after payment.,Open,2026-04-24 20:26:11,High,Chatbot,Unmatched,Unmatched,Matched,USR38370,MCH3532,Mismatch,Mismatch
CBK0000430,TXN00018881,USR47299,MCH3382,2026-02-11 03:20:31,2026-02-26 00:00:00,2108.9,Fraud,merchant service was not delivered after payment. urgent,In Progress,2026-03-23 06:20:31,High,IVR,Matched,Matched,Matched,USR65839,MCH4067,Mismatch,Mismatch
CBK0001264,TXN00008143,USR92737,MCH4183,2026-03-22 17:21:29,2026-03-25 22:21:00,240.64,Unauthorized Transaction,merchant service was not delivered after payment.,Open,,Low,IVR,Matched,Unmatched,Matched,USR49678,MCH7933,Mismatch,Mismatch
CBK0001919,TXN00005826,USR72795,MCH2259,2026-01-31 00:00:00,2026-02-04 14:03:00,1770.58,Account Compromised,merchant service was not delivered after payment.,Rejected,2026-08-02 00:00:00,Critical,IVR,Matched,Unmatched,Matched,USR92621,MCH5875,Mismatch,Mismatch
CBK0000069,TXN00002744,USR21384,MCH4252,2026-01-15 01:24:40,,840.07,Merchant Not Delivered,user claims account was compromised before transaction.,In Progress,2026-02-11 00:00:00,Critical,Email,Unmatched,Unmatched,Matched,USR64997,MCH9444,Mismatch,Mismatch
CBK0001760,TXN00017025,USR79110,MCH1320,,2026-03-24 23:17:18,,Fraud,user says upi pin was not entered by them.,Resolved,,Low,IVR,Unmatched,Matched,Matched,USR82580,MCH6022,Mismatch,Mismatch
CBK0002232,TXN00009269,USR99886,MCH1941,2026-01-26 19:24:45,2026-01-29 17:24:45,385.53,Merchant Not Delivered,payment made to unknown merchant as per customer statement.,Closed,,Medium,Chatbot,Matched,Matched,Matched,USR26753,MCH9221,Mismatch,Mismatch
CBK0002798,TXN00066039,USR24087,MCH6965,2026-01-14 00:00:00,2026-01-22 06:27:51,1372.0,Merchant Not Delivered,user reports money deducted but merchant denies receiving payment.,Resolved,2026-09-02 00:00:00,Low,Chatbot,Unmatched,Matched,Unmatched,,,Not Applicable,Not Applicable
CBK0000080,TXN00007630,USR70905,MCH7833,2026-01-11 19:35:00,2026-01-12 06:35:00,963.14,Duplicate Debit,user claims account was compromised before transaction.,In Progress,2026-01-24 00:00:00,Low,Branch,Unmatched,Matched,Matched,USR84869,MCH7595,Mismatch,Mismatch
CBK0000789,TXN00006632,USR56899,MCH7296,2026-03-28 00:00:00,2026-04-03 00:00:00,4124.85,Fraud,merchant service was not delivered after payment.,In Progress,,Low,Email,Unmatched,Unmatched,Matched,USR85582,MCH3403,Mismatch,Mismatch
CBK0002564,TXN00013473,USR78994,MCH2383,2026-02-16 02:17:00,2026-02-26 00:00:00,2485.28,Customer Dispute,customer says amount was debited twice.,Pending Bank,2026-03-04 00:00:00,Medium,Chatbot,Matched,Matched,Matched,USR36784,MCH4042,Mismatch,Mismatch
CBK0000359,TXN00014970,USR35935,MCH3100,,2026-02-20 00:00:00,3336.7,Account Compromised,user reports money deducted but merchant denies receiving payment.,In Progress,2026-12-03 18:19:47,Medium,Chatbot,Unmatched,Unmatched,Matched,USR77147,MCH7497,Mismatch,Mismatch
CBK0002003,TXN00015085,USR71636,MCH4256,2026-01-16 00:00:00,2026-01-18 06:11:00,956.46,Merchant Not Delivered,suspicious high-value payment disputed by customer.,In Progress,2026-09-02 00:00:00,Medium,App,Matched,Unmatched,Matched,USR56369,MCH4665,Mismatch,Mismatch
CBK0002463,TXN00014364,USR87498,MCH4089,2026-01-19 00:00:00,2026-01-21 17:18:16,2489.04,Fraud,customer says amount was debited twice.,Resolved,2026-02-11 00:00:00,Low,Chatbot,Unmatched,Matched,Matched,USR41097,MCH5623,Mismatch,Mismatch
CBK0001171,TXN00006955,USR26685,MCH3901,,2026-02-16 16:57:27,1336.86,Account Compromised,payment made to unknown merchant as per customer statement.,Open,2026-02-19 00:00:00,Low,Chatbot,Unmatched,Unmatched,Matched,USR24029,MCH2105,Mismatch,Mismatch
CBK0002716,TXN00003119,USR34955,MCH8691,,2026-02-24 21:58:58,1198.29,Fraud,payment made to unknown merchant as per customer statement.,Closed,,Low,Email,Unmatched,Unmatched,Matched,USR52907,MCH7013,Mismatch,Mismatch
CBK0001839,TXN00004638,USR67862,MCH8953,2026-02-12 09:49:00,2026-02-12 11:49:00,1651.94,Incorrect Amount,user reports money deducted but merchant denies receiving payment.,In Progress,2026-02-17 00:00:00,High,Email,Unmatched,Matched,Matched,USR58348,MCH9413,Mismatch,Mismatch
CBK0002314,TXN00014145,USR21162,MCH2383,2026-03-09 00:00:00,2026-03-10 21:03:16,3888.0,Fraud,complaint received after multiple failed attempts.,Closed,2026-04-07 00:00:00,Low,IVR,Unmatched,Matched,Matched,USR42221,MCH6068,Mismatch,Mismatch
CBK0000406,TXN00007974,USR33394,MCH3064,,2026-03-11 00:00:00,4101.89,Incorrect Amount,user claims account was compromised before transaction.,Open,2026-03-20 06:27:39,Low,IVR,Unmatched,Unmatched,Matched,USR60585,MCH7695,Mismatch,Mismatch
CBK0002718,TXN00013934,USR84084,MCH7370,2026-02-20 00:00:00,2026-03-22 23:15:17,7727.87,Account Compromised,user claims account was compromised before transaction.,Open,2026-04-04 00:00:00,Low,IVR,Unmatched,Matched,Matched,USR77709,MCH5422,Mismatch,Mismatch
CBK0002400,TXN00015733,USR87357,MCH9878,2026-01-22 00:00:00,2026-01-25 00:00:00,2313.86,Unauthorized Transaction,customer complaint text unclear due to poor call center notes.,Closed,2026-02-22 00:00:00,Medium,IVR,Unmatched,Unmatched,Matched,USR73203,MCH4921,Mismatch,Mismatch
CBK0002758,,USR60667,MCH2383,2026-03-23 06:19:08,2026-03-25 00:00:00,1225.29,Fraud,payment made to unknown merchant as per customer statement.,In Progress,2026-04-13 00:00:00,Medium,Branch,Matched,Matched,Unmatched,,,Not Applicable,Not Applicable
CBK0002250,TXN00008645,USR60783,MCH8613,2026-12-01 12:57:11,2026-01-19 00:00:00,5443.5,Unauthorized Transaction,payment made to unknown merchant as per customer statement.,Closed,,High,Call Center,Unmatched,Matched,Matched,USR84883,MCH5530,Mismatch,Mismatch
CBK0000661,TXN00012553,USR87727,MCH8876,2026-01-21 17:03:00,2026-01-23 00:00:00,901.62,Merchant Not Delivered,user claims account was compromised before transaction.,Resolved,2026-02-15 06:03:00,Low,IVR,Unmatched,Matched,Matched,USR89133,MCH5491,Mismatch,Mismatch
CBK0001020,TXN00084758,USR36590,MCH1368,2026-02-23 00:00:00,2026-02-26 00:00:00,,Merchant Not Delivered,user says upi pin was not entered by them.,Open,2026-03-15 00:00:00,High,IVR,Unmatched,Unmatched,Unmatched,,,Not Applicable,Not Applicable
CBK0002104,TXN00006293,USR48479,MCH8779,2026-08-01 00:00:00,2026-01-19 00:00:00,2214.27,Duplicate Debit,complaint received after multiple failed attempts.,Rejected,,Low,Branch,Unmatched,Matched,Matched,USR54588,MCH3362,Mismatch,Mismatch
CBK0002572,TXN00002760,USR49176,MCH2925,2026-01-15 14:26:16,2026-01-30 00:00:00,1345.79,Unauthorized Transaction,user says upi pin was not entered by them.,Resolved,2026-09-02 00:00:00,Low,IVR,Matched,Unmatched,Matched,USR38441,MCH2180,Mismatch,Mismatch
CBK0000929,TXN00014710,USR38547,MCH5541,2026-01-23 13:11:04,2026-02-03 12:11:04,3089.13,Unauthorized Transaction,merchant service was not delivered after payment.,Open,2026-02-04 12:11:00,Medium,IVR,Matched,Matched,Matched,USR53916,MCH6593,Mismatch,Mismatch
CBK0002608,TXN00012654,USR13367,MCH8076,2026-03-29 04:01:37,,326.32,Account Compromised,user claims account was compromised before transaction.,Resolved,2026-04-24 19:01:00,Low,App,Unmatched,Matched,Matched,USR24944,MCH8269,Mismatch,Mismatch
CBK0002430,TXN00019681,USR37650,MCH5655,2026-01-29 00:00:00,2026-02-04 00:00:00,9661.7,Merchant Not Delivered,customer says amount was debited twice.,Resolved,2026-02-15 00:00:00,High,IVR,Matched,Unmatched,Matched,USR30390,MCH2169,Mismatch,Mismatch
CBK0002156,TXN00013206,USR11987,MCH6665,2026-01-24 09:52:00,2026-01-25 04:52:00,26477.69,Customer Dispute,complaint received after multiple failed attempts.,In Progress,,High,Email,Matched,Matched,Matched,USR36199,MCH4948,Mismatch,Mismatch
CBK0000366,TXN00002078,USR73403,MCH5076,2026-03-02 18:29:32,2026-04-03 00:00:00,6907.46,Incorrect Amount,customer says transaction was not authorized.,Closed,,Low,Call Center,Unmatched,Unmatched,Matched,USR65878,MCH2784,Mismatch,Mismatch
CBK0000432,TXN00094213,USR96958,MCH7286,2026-01-29 00:00:00,2026-02-01 00:00:00,1411.26,Unauthorized Transaction,user reports money deducted but merchant denies receiving payment.,Resolved,2026-02-02 00:00:00,High,Email,Unmatched,Unmatched,Unmatched,,,Not Applicable,Not Applicable
CBK0001972,TXN00001376,USR12133,MCH6555,2026-02-01 02:24:08,2026-06-02 04:24:08,1261.15,Merchant Not Delivered,merchant service was not delivered after payment.,Closed,,Medium,Chatbot,Unmatched,Matched,Matched,USR27616,MCH4871,Mismatch,Mismatch
CBK0001250,TXN00015587,USR11697,MCH8741,2026-02-02 00:00:00,2026-02-05 00:00:00,11364.57,Merchant Not Delivered,complaint received after multiple failed attempts.,Pending Bank,,Low,App,Unmatched,Matched,Matched,USR13875,MCH6858,Mismatch,Mismatch
CBK0001283,TXN00002013,USR31545,MCH5974,,2026-04-03 02:59:29,439.0,Unauthorized Transaction,suspicious high-value payment disputed by customer.,Rejected,2026-03-28 00:00:00,Medium,Call Center,Unmatched,Matched,Matched,USR91537,MCH5761,Mismatch,Mismatch
CBK0000973,TXN00016040,USR25345,MCH3851,2026-02-04 00:00:00,2026-02-06 00:00:00,3127.0,Unauthorized Transaction,complaint received after multiple failed attempts.,Pending Bank,2026-03-07 00:00:00,Low,IVR,Unmatched,Unmatched,Matched,USR91958,MCH2151,Mismatch,Mismatch
CBK0000578,TXN00006468,USR71457,MCH6810,2026-01-09 11:52:43,2026-11-01 20:52:43,7884.04,Unauthorized Transaction,suspicious high-value payment disputed by customer.,In Progress,2026-01-13 00:00:00,Low,IVR,Matched,Unmatched,Matched,USR20876,MCH8850,Mismatch,Mismatch
CBK0001696,TXN00019601,USR19556,MCH5844,2026-03-08 00:00:00,2026-03-09 13:14:00,9956.85,Account Compromised,suspicious high-value payment disputed by customer.,Closed,2026-03-04 00:00:00,High,Chatbot,Unmatched,Unmatched,Matched,USR88644,MCH3297,Mismatch,Mismatch
CBK0002333,TXN00002832,USR10042,MCH1611,2026-03-02 13:26:00,2026-03-05 00:00:00,8214.17,Account Compromised,merchant service was not delivered after payment.,Rejected,2026-04-04 00:00:00,Medium,IVR,Unmatched,Matched,Matched,USR50964,MCH6848,Mismatch,Mismatch
CBK0001122,TXN00015275,USR61052,MCH8979,2026-07-03 00:00:00,2026-03-13 16:27:48,320.53,Merchant Not Delivered,complaint received after multiple failed attempts.,Rejected,2026-04-11 16:27:48,Medium,IVR,Unmatched,Unmatched,Matched,USR36917,MCH8646,Mismatch,Mismatch
CBK0000959,TXN00011129,USR50320,MCH6319,2026-07-02 00:00:00,2026-03-09 11:52:00,4888.42,Unauthorized Transaction,user reports money deducted but merchant denies receiving payment.,Closed,,Medium,Email,Unmatched,Unmatched,Matched,USR38968,MCH8894,Mismatch,Mismatch
CBK0001968,,USR46599,MCH1320,2026-03-21 00:00:00,2026-03-23 00:00:00,2799.09,Customer Dispute,customer says amount was debited twice.,Pending Bank,2026-04-13 03:36:00,Medium,Email,Unmatched,Matched,Unmatched,,,Not Applicable,Not Applicable
CBK0001828,TXN00016623,USR59679,MCH8755,2026-05-01 00:00:00,2026-01-15 08:21:37,818.66,Account Compromised,customer says amount was debited twice. pls check asap,Pending Bank,2026-03-02 08:21:37,High,Branch,Unmatched,Matched,Matched,USR82423,MCH6637,Mismatch,Mismatch
CBK0001654,TXN00012039,USR76792,MCH6492,2026-05-02 00:00:00,2026-07-02 05:28:28,966.0,Incorrect Amount,user reports money deducted but merchant denies receiving payment.,In Progress,2026-02-22 05:28:00,High,Call Center,Unmatched,Matched,Matched,USR61378,MCH9621,Mismatch,Mismatch
CBK0002440,TXN00014010,USR71922,MCH6703,2026-01-31 08:39:15,2026-02-01 08:39:00,1883.55,Unauthorized Transaction,complaint received after multiple failed attempts.,In Progress,,High,IVR,Matched,Unmatched,Matched,USR48060,MCH7579,Mismatch,Mismatch
CBK0001278,TXN00008385,USR17657,MCH3542,2026-02-20 00:00:00,2026-06-04 00:00:00,1944.27,Customer Dispute,payment made to unknown merchant as per customer statement.,Resolved,,Low,Chatbot,Unmatched,Unmatched,Matched,USR35589,MCH3818,Mismatch,Mismatch
CBK0002370,TXN00001816,USR24664,MCH3992,2026-03-25 00:00:00,2026-03-26 19:41:41,6501.45,Duplicate Debit,payment made to unknown merchant as per customer statement.,Pending Bank,2026-04-13 00:00:00,Low,Call Center,Unmatched,Unmatched,Matched,USR41939,MCH6518,Mismatch,Mismatch
CBK0001105,TXN00019695,USR34180,MCH6310,2026-03-04 00:00:00,,1782.96,Duplicate Debit,user reports money deducted but merchant denies receiving payment.,Open,,Medium,Chatbot,Unmatched,Unmatched,Matched,USR50308,MCH1966,Mismatch,Mismatch
CBK0000180,TXN00019503,USR70812,MCH3936,2026-01-18 00:00:00,2026-01-22 00:00:00,1537.27,Merchant Not Delivered,user claims account was compromised before transaction.,In Progress,2026-02-02 00:00:00,Low,Branch,Matched,Matched,Matched,USR41382,MCH4223,Mismatch,Mismatch
CBK0000369,TXN00008758,USR86274,MCH3418,2026-03-18 04:15:38,2026-03-20 15:15:38,11352.0,Unauthorized Transaction,user says upi pin was not entered by them.,In Progress,,Medium,IVR,Unmatched,Matched,Matched,USR71662,MCH2796,Mismatch,Mismatch
CBK0002303,TXN00016593,USR96415,MCH1320,2026-01-11 00:00:00,2026-01-13 00:00:00,6511.97,Unauthorized Transaction,customer complaint text unclear due to poor call center notes.,Resolved,2026-01-22 01:23:48,Medium,IVR,Matched,Matched,Matched,USR39264,MCH3148,Mismatch,Mismatch
CBK0001525,TXN00004103,USR18453,MCH7793,,2026-01-28 00:00:00,4864.83,Account Compromised,user claims account was compromised before transaction.,Closed,2026-02-01 00:00:00,Medium,Email,Unmatched,Unmatched,Matched,USR11449,MCH5600,Mismatch,Mismatch
CBK0000316,TXN00016400,USR40842,MCH3815,2026-03-18 00:00:00,2026-04-18 00:00:00,1616.81,Incorrect Amount,complaint received after multiple failed attempts.,Resolved,2026-03-05 00:00:00,Medium,Chatbot,Unmatched,Unmatched,Matched,USR65826,MCH4243,Mismatch,Mismatch
CBK0001238,TXN00006193,USR35817,MCH7061,2026-03-12 00:00:00,2026-03-13 00:00:00,26207.56,Fraud,customer says amount was debited twice.,In Progress,2026-10-04 00:00:00,Low,App,Matched,Matched,Matched,USR61183,MCH2441,Mismatch,Mismatch
CBK0002585,TXN00018187,USR23937,MCH4560,2026-03-24 00:00:00,2026-03-27 00:00:00,,Account Compromised,customer complaint text unclear due to poor call center notes.,Resolved,2026-04-14 14:38:55,Medium,Chatbot,Matched,Matched,Matched,USR96090,MCH1973,Mismatch,Mismatch
CBK0001427,TXN00019824,USR76289,MCH5563,2026-01-06 00:00:00,2026-05-02 00:00:00,755.08,Merchant Not Delivered,suspicious high-value payment disputed by customer.,Rejected,2026-03-03 08:07:00,Critical,Email,Matched,Matched,Matched,USR23317,MCH6831,Mismatch,Mismatch
CBK0002514,TXN00001801,USR99493,MCH3992,2026-03-12 14:53:38,,4455.8,Merchant Not Delivered,customer says transaction was not authorized.,Pending Bank,2026-03-19 00:00:00,Low,Branch,Unmatched,Unmatched,Matched,USR30317,MCH8669,Mismatch,Mismatch
CBK0001680,TXN00009645,USR11085,MCH7073,2026-01-31 16:31:00,2026-02-02 00:00:00,3937.19,Merchant Not Delivered,complaint received after multiple failed attempts.,Open,,Medium,Chatbot,Unmatched,Unmatched,Matched,USR36986,MCH4067,Mismatch,Mismatch
CBK0002041,TXN00015934,USR69637,MCH2240,,2026-03-24 00:00:00,1508.23,Customer Dispute,customer complaint text unclear due to poor call center notes.,Closed,2026-04-17 00:00:00,High,Chatbot,Matched,Matched,Matched,USR89876,MCH5553,Mismatch,Mismatch
CBK0002780,TXN00040959,USR75376,MCH4293,2026-02-26 00:00:00,2026-03-13 00:00:00,823.15,Merchant Not Delivered,user says upi pin was not entered by them.,In Progress,,High,Chatbot,Unmatched,Unmatched,Unmatched,,,Not Applicable,Not Applicable
CBK0000294,TXN00019876,USR55690,MCH6739,,,2134.32,Duplicate Debit,customer complaint text unclear due to poor call center notes.,Pending Bank,2026-03-20 23:37:00,Low,IVR,Unmatched,Unmatched,Matched,USR50032,MCH2363,Mismatch,Mismatch
CBK0002617,TXN00016671,USR60544,MCH7838,2026-09-02 00:00:00,2026-02-24 00:00:00,1587.1,Customer Dispute,user claims account was compromised before transaction.,Rejected,2026-03-17 23:17:16,Low,Call Center,Unmatched,Matched,Matched,USR22220,MCH5625,Mismatch,Mismatch
CBK0001175,TXN00061071,USR22543,MCH3116,2026-02-04 15:43:17,2026-02-10 00:00:00,,Customer Dispute,customer says amount was debited twice.,In Progress,2026-02-22 11:43:00,Critical,Chatbot,Unmatched,Unmatched,Unmatched,,,Not Applicable,Not Applicable
CBK0001087,TXN00014733,USR20889,MCH5264,2026-06-02 00:00:00,2026-02-06 00:00:00,1558.23,Merchant Not Delivered,suspicious high-value payment disputed by customer.,In Progress,,High,Call Center,Unmatched,Unmatched,Matched,USR72028,MCH4121,Mismatch,Mismatch
CBK0002077,TXN00005419,USR55970,MCH9128,2026-01-22 00:00:00,2026-01-30 00:00:00,8383.0,Fraud,payment made to unknown merchant as per customer statement.,Rejected,2026-02-25 00:00:00,Low,Call Center,Unmatched,Matched,Matched,USR62858,MCH4236,Mismatch,Mismatch
CBK0001820,TXN00007866,USR51854,MCH1450,2026-02-21 00:00:00,2026-02-22 00:00:00,2477.45,Incorrect Amount,complaint received after multiple failed attempts.,Rejected,2026-03-23 19:57:00,Low,Email,Unmatched,Matched,Matched,USR17010,MCH1142,Mismatch,Mismatch
CBK0001018,TXN00018348,USR13510,MCH1320,2026-01-28 00:00:00,2026-02-13 05:26:28,1207.49,Unauthorized Transaction,complaint received after multiple failed attempts.,Resolved,2026-02-17 00:00:00,Low,App,Unmatched,Matched,Matched,USR27368,MCH3078,Mismatch,Mismatch
CBK0001949,TXN00000319,USR60096,MCH4998,2026-02-19 00:00:00,2026-02-24 00:00:00,2189.0,Customer Dispute,customer says amount was debited twice.,Pending Bank,2026-03-21 00:00:00,Medium,Email,Matched,Matched,Matched,USR20127,MCH8472,Mismatch,Mismatch
CBK0000860,TXN00007296,USR97580,MCH3701,2026-04-02 00:00:00,,1425.61,Merchant Not Delivered,suspicious high-value payment disputed by customer.,Pending Bank,,Medium,Chatbot,Matched,Matched,Matched,USR33570,MCH1112,Mismatch,Mismatch
CBK0000879,TXN00018041,USR59366,MCH6145,2026-03-14 00:00:00,2026-03-24 00:00:00,479.19,Fraud,customer complaint text unclear due to poor call center notes.,Pending Bank,2026-03-25 00:00:00,Low,IVR,Unmatched,Unmatched,Matched,USR59914,MCH5940,Mismatch,Mismatch
CBK0001383,TXN00005315,USR50648,MCH2822,2026-03-06 00:00:00,2026-12-03 00:00:00,819.89,Customer Dispute,user reports money deducted but merchant denies receiving payment.,Open,2026-03-27 05:23:46,Low,Chatbot,Unmatched,Unmatched,Matched,USR52158,MCH4981,Mismatch,Mismatch
CBK0001532,,USR52450,MCH6244,,2026-03-12 00:00:00,3174.58,Customer Dispute,user reports money deducted but merchant denies receiving payment.,Rejected,2026-03-30 00:00:00,Low,IVR,Unmatched,Matched,Unmatched,,,Not Applicable,Not Applicable
CBK0000448,TXN00013063,USR62513,MCH8391,2026-02-14 00:00:00,,395.16,Merchant Not Delivered,suspicious high-value payment disputed by customer.,Rejected,2026-02-17 10:59:00,Medium,Email,Unmatched,Matched,Matched,USR52026,MCH4235,Mismatch,Mismatch
CBK0002336,TXN00014456,USR56287,MCH4473,,2026-10-01 09:07:37,4534.17,Merchant Not Delivered,merchant service was not delivered after payment.,Pending Bank,2026-02-05 00:00:00,Low,Email,Unmatched,Unmatched,Matched,USR50579,MCH6621,Mismatch,Mismatch
CBK0001121,TXN00005396,USR14769,MCH8455,2026-01-23 08:19:00,,2926.18,Fraud,customer says transaction was not authorized.,Open,,Medium,Email,Unmatched,Matched,Matched,USR41813,MCH8361,Mismatch,Mismatch
CBK0001266,TXN00017098,USR19427,MCH5980,2026-01-30 00:00:00,2026-02-02 14:20:47,1358.37,Duplicate Debit,complaint received after multiple failed attempts.,Rejected,2026-03-02 00:00:00,Medium,Chatbot,Unmatched,Matched,Matched,USR52859,MCH8232,Mismatch,Mismatch
CBK0001732,TXN00007456,USR17657,MCH3806,2026-03-17 00:00:00,2026-03-17 00:00:00,2655.0,Fraud,user claims account was compromised before transaction.,Closed,,Critical,Branch,Unmatched,Matched,Matched,USR43359,MCH1176,Mismatch,Mismatch
CBK0000575,TXN00009966,USR40897,MCH9575,2026-02-23 00:00:00,2026-02-23 00:00:00,606.33,Merchant Not Delivered,merchant service was not delivered after payment.,Rejected,,Critical,Email,Unmatched,Unmatched,Matched,USR48797,MCH2347,Mismatch,Mismatch
CBK0002268,TXN00008063,USR89588,MCH1457,2026-03-08 00:00:00,2026-03-19 00:00:00,2296.42,Customer Dispute,user says upi pin was not entered by them.,Open,2026-03-28 00:00:00,High,Branch,Unmatched,Matched,Matched,USR52458,MCH1847,Mismatch,Mismatch
CBK0001126,TXN00007982,USR35882,MCH4473,2026-03-28 21:42:00,,3415.3,Unauthorized Transaction,merchant service was not delivered after payment.,Closed,,High,Email,Unmatched,Unmatched,Matched,USR92756,MCH7006,Mismatch,Mismatch
CBK0002517,TXN00011567,USR30157,MCH1130,2026-01-26 00:00:00,2026-01-26 22:31:00,7727.83,Customer Dispute,customer says transaction was not authorized. urgent,Closed,2026-01-30 22:31:46,Medium,Call Center,Unmatched,Matched,Matched,USR13270,MCH2059,Mismatch,Mismatch
CBK0001815,TXN00017040,USR53591,MCH4590,2026-03-11 16:43:08,,2935.06,Merchant Not Delivered,payment made to unknown merchant as per customer statement.,In Progress,2026-05-04 00:00:00,Medium,IVR,Matched,Unmatched,Matched,USR46017,MCH2907,Mismatch,Mismatch
CBK0000752,TXN00012584,USR47668,MCH3678,2026-01-17 00:00:00,2026-02-16 00:00:00,397.91,Customer Dispute,complaint received after multiple failed attempts.,Closed,,Low,App,Matched,Matched,Matched,USR72162,MCH6969,Mismatch,Mismatch
CBK0000688,TXN00018235,USR63160,MCH6399,2026-02-17 08:49:47,2026-02-19 00:00:00,5681.16,Customer Dispute,user says upi pin was not entered by them.,Rejected,2026-03-18 00:00:00,High,App,Unmatched,Unmatched,Matched,USR49903,MCH1416,Mismatch,Mismatch
CBK0001827,TXN00003656,USR60742,MCH3472,2026-03-26 00:00:00,2026-11-04 00:00:00,1011.36,Customer Dispute,complaint received after multiple failed attempts.,Rejected,,Low,Branch,Unmatched,Unmatched,Matched,USR42976,MCH4667,Mismatch,Mismatch
CBK0001798,TXN00017706,USR24802,MCH9650,2026-01-22 20:39:26,2026-01-24 00:00:00,1159.44,Account Compromised,user says upi pin was not entered by them.,Closed,2026-02-18 20:39:00,Low,Branch,Unmatched,Unmatched,Matched,USR14943,MCH5611,Mismatch,Mismatch
CBK0001588,TXN00006200,USR71373,MCH4370,2026-01-25 00:00:00,2026-01-28 00:00:00,5233.09,Merchant Not Delivered,customer says transaction was not authorized.,In Progress,,High,Email,Unmatched,Matched,Matched,USR90685,MCH2769,Mismatch,Mismatch
CBK0001960,TXN00008459,USR48339,MCH3765,2026-01-07 05:57:00,2026-12-01 00:00:00,3145.24,Account Compromised,customer complaint text unclear due to poor call center notes.,In Progress,2026-09-02 00:00:00,Medium,Call Center,Unmatched,Matched,Matched,USR45133,MCH9509,Mismatch,Mismatch
CBK0000227,TXN00013273,USR34180,MCH1485,2026-02-07 00:00:00,2026-02-09 08:37:14,465.76,Account Compromised,user claims account was compromised before transaction.,Pending Bank,,High,Email,Unmatched,Unmatched,Matched,USR34744,MCH9739,Mismatch,Mismatch
CBK0001487,TXN00015922,USR41135,MCH5982,2026-02-23 00:00:00,2026-02-25 00:00:00,759.33,Customer Dispute,complaint received after multiple failed attempts.,In Progress,2026-03-16 00:00:00,High,IVR,Matched,Unmatched,Matched,USR63965,MCH6086,Mismatch,Mismatch
CBK0002403,TXN00000926,USR32749,MCH6945,2026-03-17 00:00:00,2026-03-19 13:26:00,486.0,Merchant Not Delivered,suspicious high-value payment disputed by customer.,In Progress,2026-04-17 13:26:01,Medium,Chatbot,Unmatched,Matched,Matched,USR86246,MCH7347,Mismatch,Mismatch
CBK0001606,TXN00006400,USR91446,MCH8696,2026-01-29 00:00:00,2026-01-02 00:00:00,3582.55,Unauthorized Transaction,suspicious high-value payment disputed by customer. call dropped,In Progress,2026-02-13 00:00:00,High,Email,Matched,Unmatched,Matched,USR24300,MCH6575,Mismatch,Mismatch
CBK0002158,TXN00015104,USR76750,MCH6228,2026-01-19 00:00:00,2026-01-25 00:00:00,2517.56,Customer Dispute,user claims account was compromised before transaction.,Rejected,2026-01-30 00:00:00,Low,Branch,Unmatched,Matched,Matched,USR70271,MCH8171,Mismatch,Mismatch
CBK0000247,TXN00019340,USR75302,MCH7286,2026-04-01 20:29:59,2026-04-01 00:00:00,1486.0,Service Failed,customer says transaction was not authorized.,Resolved,2026-01-18 00:00:00,High,Call Center,Matched,Unmatched,Matched,USR77780,MCH7519,Mismatch,Mismatch
CBK0002588,TXN00008732,USR22039,MCH2374,2026-03-22 00:00:00,2026-01-04 00:00:00,3491.72,Duplicate Debit,user says upi pin was not entered by them.,Closed,,High,Chatbot,Unmatched,Unmatched,Matched,USR78738,MCH6664,Mismatch,Mismatch
CBK0001636,TXN00012003,USR66224,MCH3992,2026-02-20 00:00:00,2026-02-27 00:00:00,1641.33,Incorrect Amount,suspicious high-value payment disputed by customer.,In Progress,,Medium,App,Unmatched,Unmatched,Matched,USR13296,MCH9610,Mismatch,Mismatch
CBK0001542,TXN00007849,USR68559,MCH4064,2026-01-21 03:43:00,2026-01-23 03:43:00,1413.0,Merchant Not Delivered,complaint received after multiple failed attempts.,Pending Bank,2026-02-15 03:43:00,Medium,Branch,Matched,Matched,Matched,USR67742,MCH8755,Mismatch,Mismatch
CBK0000088,TXN00002716,USR62830,MCH4381,2026-01-22 00:00:00,2026-01-25 00:00:00,8825.16,Incorrect Amount,merchant service was not delivered after payment.,Rejected,2026-02-15 00:00:00,Medium,Call Center,Matched,Unmatched,Matched,USR44398,MCH5662,Mismatch,Mismatch
CBK0002664,TXN00008946,USR84093,MCH1298,2026-01-06 13:57:53,2026-09-01 07:57:53,815.57,Unauthorized Transaction,suspicious high-value payment disputed by customer. details missing,Rejected,2026-02-08 07:57:00,Medium,IVR,Matched,Matched,Matched,USR35735,MCH2424,Mismatch,Mismatch
CBK0001415,TXN00018932,USR90778,MCH1764,2026-03-29 04:23:47,2026-03-31 10:23:00,1825.0,Unauthorized Transaction,complaint received after multiple failed attempts.,Open,2026-04-15 10:23:47,High,IVR,Unmatched,Matched,Matched,USR30201,MCH3522,Mismatch,Mismatch
CBK0000390,TXN00006356,USR12919,MCH6810,2026-03-23 00:00:00,2026-07-05 00:00:00,344.33,Customer Dispute,user says upi pin was not entered by them.,Resolved,2026-06-03 00:00:00,Low,Call Center,Unmatched,Unmatched,Matched,USR88512,MCH3158,Mismatch,Mismatch
CBK0000693,TXN00018137,USR29306,MCH7744,2026-02-15 00:00:00,2026-02-18 00:00:00,7022.75,Incorrect Amount,customer says txn was not authorized.,In Progress,2026-02-18 00:00:00,Medium,IVR,Unmatched,Matched,Matched,USR97419,MCH2322,Mismatch,Mismatch
CBK0002485,TXN00010063,USR21384,MCH6470,2026-03-03 00:00:00,2026-05-03 00:00:00,1603.64,Merchant Not Delivered,complaint received after multiple failed attempts.,In Progress,,Medium,Branch,Unmatched,Unmatched,Matched,USR39561,MCH5188,Mismatch,Mismatch
CBK0002258,TXN00014019,USR41320,MCH3992,2026-03-09 00:00:00,2026-03-11 00:00:00,1550.0,Account Compromised,user claims account was compromised before transaction.,Resolved,2026-03-31 00:00:00,Low,Email,Matched,Unmatched,Matched,USR51679,MCH6445,Mismatch,Mismatch
CBK0002045,TXN00002711,USR57231,MCH4181,2026-01-23 00:00:00,2026-01-31 00:00:00,3969.0,Merchant Not Delivered,customer complaint text unclear due to poor call center notes.,Closed,2026-02-12 00:00:00,Low,Chatbot,Matched,Unmatched,Matched,USR99270,MCH1140,Mismatch,Mismatch
CBK0000122,TXN00015011,USR79150,MCH7474,2026-02-25 00:00:00,2026-03-07 00:00:00,1339.61,Unauthorized Transaction,user reports money deducted but merchant denies receiving payment.,In Progress,2026-03-18 00:00:00,Low,Email,Unmatched,Unmatched,Matched,USR80080,MCH5705,Mismatch,Mismatch
CBK0002239,TXN00004673,USR82373,MCH4473,2026-02-13 09:50:18,2026-02-19 00:00:00,1272.25,Customer Dispute,customer says amount was debited twice.,Resolved,2026-02-26 04:50:18,Low,Chatbot,Matched,Unmatched,Matched,USR93634,MCH5953,Mismatch,Mismatch
CBK0001382,,USR57424,MCH4684,2026-01-02 00:00:00,2026-01-03 00:00:00,678.56,Unauthorized Transaction,customer complaint text unclear due to poor call center notes.,Pending Bank,2026-02-01 00:00:00,Low,IVR,Unmatched,Unmatched,Unmatched,,,Not Applicable,Not Applicable
CBK0002315,TXN00012331,USR91192,MCH2718,,2026-02-14 00:00:00,1246.25,Fraud,customer complaint text unclear due to poor call center notes.,Pending Bank,,Medium,Branch,Matched,Matched,Matched,USR12611,MCH7892,Mismatch,Mismatch
CBK0001978,TXN00012089,USR83284,MCH4334,2026-03-31 04:45:00,2026-04-04 00:00:00,1931.29,Unauthorized Transaction,user reports money deducted but merchant denies receiving payment.,Open,2026-04-28 00:00:00,Low,IVR,Unmatched,Matched,Matched,USR29970,MCH5785,Mismatch,Mismatch
CBK0001151,TXN00002195,USR98362,MCH1468,2026-03-30 22:38:33,2026-04-05 01:38:00,4960.35,Unauthorized Transaction,complaint received after multiple failed attempts.,Rejected,,Low,App,Unmatched,Unmatched,Matched,USR18716,MCH5134,Mismatch,Mismatch
CBK0000424,TXN00095161,USR40061,MCH1589,2026-03-22 09:02:49,2026-03-24 00:00:00,4157.35,Incorrect Amount,payment made to unknown merchant as per customer statement.,Open,2026-04-20 00:00:00,Low,IVR,Matched,Unmatched,Unmatched,,,Not Applicable,Not Applicable
CBK0002543,TXN00001628,USR11727,MCH7286,2026-09-02 00:00:00,,,Incorrect Amount,payment made to unknown merchant as per customer statement.,Pending Bank,2026-02-20 00:00:00,Medium,IVR,Unmatched,Unmatched,Matched,USR88518,MCH8505,Mismatch,Mismatch
CBK0000371,TXN00002374,USR58639,MCH5954,2026-03-31 00:00:00,2026-03-04 04:13:08,1428.93,Unauthorized Transaction,customer complaint text unclear due to poor call center notes.,Resolved,,High,App,Unmatched,Matched,Matched,USR36989,MCH8471,Mismatch,Mismatch
CBK0001586,TXN00001182,USR80241,MCH7734,2026-03-30 00:00:00,2026-04-04 00:00:00,261.51,Service Failed,user says upi pin was not entered by them. pls check asap,Pending Bank,,Medium,Branch,Matched,Unmatched,Matched,USR94913,MCH3204,Mismatch,Mismatch
CBK0002553,TXN00012590,USR41260,MCH4089,2026-03-16 00:00:00,2026-03-31 00:00:00,8645.0,Customer Dispute,complaint received after multiple failed attempts.,Closed,2026-04-17 00:00:00,Critical,IVR,Unmatched,Matched,Matched,USR88142,MCH5542,Mismatch,Mismatch
CBK0002432,TXN00013381,USR11036,MCH9344,2026-03-31 00:00:00,2026-04-02 05:19:00,738.73,Incorrect Amount,user claims account was compromised before transaction.,Pending Bank,2026-04-15 00:00:00,Medium,IVR,Unmatched,Unmatched,Matched,USR99055,MCH2893,Mismatch,Mismatch
CBK0001998,TXN00000406,USR93650,MCH2266,2026-01-31 22:47:03,2026-01-02 00:00:00,2066.08,Fraud,customer says amount was debited twice.,In Progress,2026-02-06 01:47:00,High,Chatbot,Matched,Matched,Matched,USR15222,MCH5170,Mismatch,Mismatch
CBK0002566,TXN00000405,USR64878,MCH8953,2026-03-13 09:18:13,2026-03-24 00:00:00,3060.38,Merchant Not Delivered,suspicious high-value payment disputed by customer.,In Progress,2026-04-08 00:00:00,Low,App,Matched,Matched,Matched,USR46924,MCH7574,Mismatch,Mismatch
CBK0001756,TXN00005028,USR40684,MCH7978,2026-02-22 00:00:00,,1800.13,Account Compromised,user reports money deducted but merchant denies receiving payment.,Pending Bank,2026-10-03 00:00:00,High,Chatbot,Unmatched,Matched,Matched,USR43614,MCH9951,Mismatch,Mismatch
CBK0002645,TXN00004392,USR43033,MCH3019,2026-02-18 00:00:00,2026-02-21 12:13:00,272.46,Merchant Not Delivered,user claims account was compromised before transaction.,Rejected,2026-09-03 12:13:05,Low,Chatbot,Unmatched,Unmatched,Matched,USR49655,MCH3624,Mismatch,Mismatch
CBK0002230,TXN00009287,USR50434,MCH1683,2026-01-10 00:00:00,2026-01-13 00:00:00,1407.0,Fraud,merchant service was not delivered after payment.,In Progress,2026-03-02 00:00:00,Medium,Chatbot,Matched,Matched,Matched,USR89681,MCH4722,Mismatch,Mismatch
CBK0000526,TXN00006600,USR65622,MCH3129,2026-01-28 00:00:00,2026-01-31 21:13:00,,Merchant Not Delivered,customer complaint text unclear due to poor call center notes.,Open,2026-02-05 00:00:00,Medium,App,Unmatched,Matched,Matched,USR76968,MCH1537,Mismatch,Mismatch
CBK0001449,TXN00008116,USR21449,MCH7397,2026-03-27 00:00:00,2026-03-29 15:23:00,19544.3,Account Compromised,customer says amount was debited twice.,Resolved,2026-03-29 00:00:00,Medium,Email,Unmatched,Unmatched,Matched,USR58627,MCH8540,Mismatch,Mismatch
CBK0002686,TXN00017656,USR69648,MCH9430,,2026-01-03 03:37:00,447.83,Unauthorized Transaction,customer complaint text unclear due to poor call center notes.,Resolved,2026-01-08 00:00:00,Medium,Chatbot,Matched,Matched,Matched,USR31816,MCH2303,Mismatch,Mismatch
CBK0000533,TXN00001047,USR30500,MCH9291,2026-01-19 06:20:45,2026-01-21 00:00:00,518.0,Merchant Not Delivered,suspicious high-value payment disputed by customer.,Resolved,,Low,Chatbot,Unmatched,Matched,Matched,USR58952,MCH5056,Mismatch,Mismatch
CBK0001709,TXN00014343,USR26622,MCH8668,2026-02-04 00:00:00,2026-02-02 00:00:00,2893.0,Merchant Not Delivered,user says upi pin was not entered by them.,Open,2026-02-17 00:00:00,Medium,Branch,Unmatched,Unmatched,Matched,USR26943,MCH1760,Mismatch,Mismatch
CBK0001509,TXN00011866,USR37594,MCH9858,2026-02-16 12:27:00,2026-02-27 00:00:00,628.55,Service Failed,customer says transaction was not authorized.,Resolved,,Low,Chatbot,Unmatched,Matched,Matched,USR42818,MCH1592,Mismatch,Mismatch
CBK0000303,TXN00015469,USR54853,MCH2556,2026-01-11 14:40:00,2026-02-26 00:00:00,,Duplicate Debit,customer complaint text unclear due to poor call center notes.,In Progress,,Medium,Chatbot,Unmatched,Matched,Matched,USR56539,MCH2620,Mismatch,Mismatch
CBK0001911,TXN00009220,USR30497,MCH8391,2026-02-23 14:29:24,2026-02-27 00:00:00,914.0,Merchant Not Delivered,user says upi pin was not entered by them.,Open,2026-03-14 00:00:00,Medium,App,Unmatched,Matched,Matched,USR13318,MCH8306,Mismatch,Mismatch
CBK0000626,TXN00018979,USR61349,MCH5687,2026-02-02 04:41:35,,2995.87,Fraud,customer says transaction was not authorized.,In Progress,2026-02-28 00:00:00,Medium,Chatbot,Unmatched,Matched,Matched,USR88356,MCH6772,Mismatch,Mismatch
CBK0000415,TXN00009182,USR26627,MCH9291,2026-03-28 00:00:00,2026-03-29 12:42:00,4153.73,Incorrect Amount,user claims account was compromised before transaction.,Rejected,2026-04-16 12:42:25,Medium,IVR,Unmatched,Matched,Matched,USR79341,MCH7233,Mismatch,Mismatch
CBK0002793,TXN00005174,USR39885,MCH8673,2026-02-06 00:00:00,2026-12-02 00:00:00,1679.19,Unauthorized Transaction,user reports money deducted but merchant denies receiving payment.,Resolved,2026-12-02 00:00:00,High,Chatbot,Unmatched,Matched,Matched,USR86108,MCH8892,Mismatch,Mismatch
CBK0001629,TXN00012665,USR52097,MCH2757,2026-03-16 00:00:00,2026-03-19 00:00:00,3223.69,Merchant Not Delivered,complaint received after multiple failed attempts.,In Progress,,Critical,Email,Unmatched,Matched,Matched,USR23574,MCH7631,Mismatch,Mismatch
CBK0001065,TXN00018250,USR21407,MCH5172,2026-01-11 00:00:00,2026-01-14 23:22:45,4835.58,Unauthorized Transaction,customer complaint text unclear due to poor call center notes.,Closed,2026-01-19 00:00:00,Low,IVR,Unmatched,Unmatched,Matched,USR69720,MCH6423,Mismatch,Mismatch
CBK0002087,TXN00011160,USR29051,MCH4590,2026-03-17 00:00:00,2026-03-18 00:00:00,1773.89,Merchant Not Delivered,customer says amount was debited twice.,Rejected,2026-04-03 09:26:00,Low,Branch,Unmatched,Unmatched,Matched,USR27616,MCH6481,Mismatch,Mismatch
CBK0001063,TXN00000271,USR23350,MCH6258,2026-03-17 03:29:28,2026-03-18 00:00:00,16937.48,Account Compromised,customer says amount was debited twice.,Pending Bank,,Medium,IVR,Unmatched,Matched,Matched,USR99746,MCH5897,Mismatch,Mismatch
CBK0002348,TXN00012938,USR62273,MCH3100,2026-09-03 00:00:00,2026-03-19 00:00:00,3749.0,Account Compromised,user claims account was compromised before transaction.,Open,2026-03-20 00:00:00,Low,App,Unmatched,Unmatched,Matched,USR62531,MCH4765,Mismatch,Mismatch
CBK0002447,TXN00012629,USR35956,MCH8605,2026-02-13 00:00:00,2026-03-16 00:00:00,3056.74,Merchant Not Delivered,customer says transaction was not authorized. na,Open,2026-04-04 00:00:00,Medium,Call Center,Matched,Unmatched,Matched,USR33077,MCH4118,Mismatch,Mismatch
CBK0001531,TXN00018893,USR98962,MCH8250,2026-02-28 21:20:00,2026-03-01 00:00:00,3450.22,Duplicate Debit,user claims account was compromised before transaction. pls check asap,Pending Bank,,Medium,Email,Matched,Unmatched,Matched,USR41729,MCH3277,Mismatch,Mismatch
CBK0000921,TXN00009757,USR21384,MCH6474,2026-12-02 02:48:37,2026-02-17 09:48:37,,Incorrect Amount,merchant service was not delivered after payment.,Rejected,2026-06-03 00:00:00,Low,Branch,Unmatched,Matched,Matched,USR54129,MCH5767,Mismatch,Mismatch
CBK0002660,TXN00015268,USR84844,MCH9709,2026-03-23 00:00:00,2026-03-25 00:00:00,4086.0,Merchant Not Delivered,suspicious high-value payment disputed by customer.,Open,2026-04-20 10:49:25,Medium,Email,Matched,Unmatched,Matched,USR37537,MCH2529,Mismatch,Mismatch
CBK0000513,TXN00003962,USR43455,MCH5580,2026-02-16 00:00:00,2026-02-21 00:00:00,12077.97,Incorrect Amount,complaint received after multiple failed attempts. urgent,Resolved,2026-03-16 12:04:00,Critical,Chatbot,Matched,Matched,Matched,USR79986,MCH5803,Mismatch,Mismatch
CBK0000969,TXN00014162,USR45011,MCH6383,2026-02-18 00:00:00,2026-06-03 00:00:00,4363.63,Merchant Not Delivered,payment made to unknown merchant as per customer statement.,In Progress,2026-03-19 11:52:22,Low,Branch,Unmatched,Matched,Matched,USR99256,MCH9657,Mismatch,Mismatch
CBK0000468,TXN00004108,USR22727,MCH3160,2026-02-25 00:00:00,2026-03-01 01:25:00,5763.03,Fraud,user says upi pin was not entered by them.,Resolved,2026-03-18 00:00:00,High,Chatbot,Matched,Unmatched,Matched,USR17849,MCH1469,Mismatch,Mismatch
CBK0002014,TXN00016742,USR94725,MCH8212,2026-01-24 00:00:00,,1163.64,Fraud,complaint received after multiple failed attempts.,Open,,Low,Email,Unmatched,Matched,Matched,USR59653,MCH3320,Mismatch,Mismatch
CBK0000951,TXN00000025,USR43827,MCH5400,,2026-03-28 00:00:00,1302.18,Merchant Not Delivered,suspicious high-value payment disputed by customer. details missing,Closed,2026-10-04 00:00:00,Low,App,Unmatched,Unmatched,Matched,USR72055,MCH5253,Mismatch,Mismatch
CBK0001507,TXN00014680,USR38336,MCH1475,2026-01-29 00:00:00,2026-02-28 00:00:00,6017.37,Incorrect Amount,payment made to unknown merchant as per customer statement.,Rejected,2026-03-25 00:00:00,Low,Chatbot,Unmatched,Matched,Matched,USR30280,MCH8881,Mismatch,Mismatch
CBK0000470,TXN00016736,USR95074,MCH2822,2026-08-02 00:00:00,2026-02-10 17:51:46,15548.64,Fraud,user claims account was compromised before transaction.,Rejected,2026-12-03 00:00:00,Medium,Chatbot,Unmatched,Unmatched,Matched,USR86671,MCH1318,Mismatch,Mismatch
CBK0000453,TXN00008829,USR76027,MCH5301,2026-03-25 17:00:00,2026-03-29 00:00:00,19778.02,Merchant Not Delivered,customer complaint text unclear due to poor call center notes.,In Progress,2026-04-13 13:00:00,Critical,Branch,Unmatched,Unmatched,Matched,USR11709,MCH4468,Mismatch,Mismatch
CBK0000183,TXN00018275,USR61083,MCH2383,2026-03-29 06:16:45,2026-04-08 07:16:00,894.24,Incorrect Amount,suspicious high-value payment disputed by customer.,Rejected,2026-04-29 00:00:00,Low,Call Center,Matched,Matched,Matched,USR76999,MCH1704,Mismatch,Mismatch
CBK0000309,TXN00008361,USR59660,MCH3485,2026-12-02 00:00:00,2026-02-23 00:00:00,5163.82,Customer Dispute,user claims account was compromised before transaction.,Open,2026-12-03 00:00:00,Low,Email,Matched,Unmatched,Matched,USR67389,MCH2997,Mismatch,Mismatch
CBK0001243,TXN00018079,USR63150,MCH6850,2026-03-25 00:00:00,2026-03-29 00:00:00,8988.28,Duplicate Debit,complaint received after multiple failed attempts.,Resolved,2026-04-07 02:25:00,Medium,Chatbot,Unmatched,Unmatched,Matched,USR57830,MCH6920,Mismatch,Mismatch
CBK0000692,TXN00005181,USR70317,MCH3740,2026-03-01 13:57:00,2026-03-05 00:00:00,1107.86,Merchant Not Delivered,merchant service was not delivered after payment.,Open,2026-03-15 00:57:00,Low,Chatbot,Unmatched,Unmatched,Matched,USR26571,MCH2880,Mismatch,Mismatch
CBK0000685,TXN00011648,USR24719,MCH5852,2026-02-08 00:00:00,2026-11-02 00:00:00,2218.94,Duplicate Debit,user claims account was compromised before transaction.,Rejected,,Medium,Email,Unmatched,Unmatched,Matched,USR14856,MCH6209,Mismatch,Mismatch
CBK0000550,TXN00015783,USR50831,MCH8921,2026-03-27 00:00:00,,2852.68,Account Compromised,customer complaint text unclear due to poor call center notes.,In Progress,2026-04-07 00:00:00,High,IVR,Unmatched,Matched,Matched,USR22071,MCH3937,Mismatch,Mismatch
CBK0000201,TXN00011466,USR99920,MCH9344,2026-02-06 00:00:00,2026-02-09 00:00:00,860.0,Unauthorized Transaction,user reports money deducted but merchant denies receiving payment.,In Progress,2026-03-04 00:00:00,High,Email,Unmatched,Unmatched,Matched,USR36828,MCH6285,Mismatch,Mismatch
CBK0001657,TXN00002770,USR79332,MCH7033,2026-03-19 00:00:00,2026-03-22 00:00:00,1004.64,Account Compromised,customer says transaction was not authorized.,Open,2026-03-28 17:25:00,Medium,Email,Unmatched,Matched,Matched,USR75185,MCH1930,Mismatch,Mismatch
CBK0002790,TXN00005364,USR44424,MCH3678,2026-02-03 00:00:00,2026-02-05 00:00:00,,Merchant Not Delivered,payment made to unknown merchant as per customer statement.,Closed,2026-04-03 00:00:00,Critical,Email,Unmatched,Matched,Matched,USR72081,MCH4050,Mismatch,Mismatch
CBK0001692,TXN00054083,USR37452,MCH4658,2026-02-02 00:00:00,2026-02-05 00:00:00,664.5,Unauthorized Transaction,customer says transaction was not authorized.,Rejected,2026-02-12 08:27:52,Medium,Call Center,Unmatched,Matched,Unmatched,,,Not Applicable,Not Applicable
CBK0000389,TXN00015997,USR38082,MCH5891,,2026-02-27 01:44:30,1370.91,Unauthorized Transaction,customer says amount was debited twice.,Pending Bank,2026-03-04 01:44:00,Low,IVR,Unmatched,Unmatched,Matched,USR38727,MCH7468,Mismatch,Mismatch
CBK0001599,TXN00018048,USR45408,MCH4590,2026-02-03 07:57:00,2026-02-05 16:57:00,2467.08,Merchant Not Delivered,customer complaint text unclear due to poor call center notes.,Pending Bank,,High,Chatbot,Unmatched,Unmatched,Matched,USR56391,MCH4598,Mismatch,Mismatch
CBK0000152,TXN00056695,USR13925,MCH6810,2026-03-24 11:00:00,2026-03-19 11:00:00,3475.46,Unauthorized Transaction,suspicious high-value payment disputed by customer.,Open,2026-04-13 11:00:46,Critical,Email,Matched,Unmatched,Unmatched,,,Not Applicable,Not Applicable
CBK0001688,TXN00015571,USR42338,MCH6498,2026-03-02 00:00:00,2026-02-07 00:00:00,722.56,Account Compromised,merchant service was not delivered after payment.,Closed,2026-02-15 13:16:00,Medium,Call Center,Matched,Matched,Matched,USR13385,MCH7119,Mismatch,Mismatch
CBK0002187,TXN00007012,USR73010,MCH4473,2026-01-01 00:00:00,,1064.0,Customer Dispute,payment made to unknown merchant as per customer statement.,Closed,2026-01-25 00:00:00,High,App,Unmatched,Unmatched,Matched,USR82593,MCH4776,Mismatch,Mismatch
CBK0001704,TXN00005100,USR11419,MCH1320,2026-11-03 00:00:00,2026-03-19 18:04:00,3671.61,Account Compromised,user reports money deducted but merchant denies receiving payment.,In Progress,2026-03-22 18:04:40,Low,Chatbot,Unmatched,Matched,Matched,USR25450,MCH9045,Mismatch,Mismatch
CBK0002113,TXN00002480,USR12658,MCH3815,2026-03-27 00:00:00,2026-02-04 00:00:00,5722.09,Fraud,merchant service was not delivered after payment.,Rejected,2026-04-13 15:09:41,High,Chatbot,Matched,Unmatched,Matched,USR46861,MCH4783,Mismatch,Mismatch
CBK0001594,TXN00004839,USR23350,MCH9444,2026-03-25 14:10:57,2026-04-24 00:00:00,955.91,Merchant Not Delivered,customer says amount was debited twice.,Closed,2026-04-24 21:10:57,High,Chatbot,Unmatched,Matched,Matched,USR38591,MCH4660,Mismatch,Mismatch
CBK0000893,TXN00017214,USR89151,MCH7710,2026-06-03 00:00:00,2026-03-08 00:00:00,1267.1,Fraud,user reports money deducted but merchant denies receiving payment.,Pending Bank,2026-03-21 00:00:00,Medium,Email,Unmatched,Unmatched,Matched,USR98564,MCH1113,Mismatch,Mismatch
CBK0002372,TXN00037348,USR79864,MCH6026,2026-01-04 00:00:00,2026-05-01 18:15:09,2069.0,Incorrect Amount,customer says transaction was not authorized.,Open,,Medium,Chatbot,Unmatched,Matched,Unmatched,,,Not Applicable,Not Applicable
CBK0002491,TXN00019091,USR41955,MCH3954,2026-02-20 18:20:01,2026-02-24 00:00:00,11124.0,Merchant Not Delivered,user reports money deducted but merchant denies receiving payment.,In Progress,2026-03-15 00:00:00,Medium,Email,Unmatched,Unmatched,Matched,USR85491,MCH6263,Mismatch,Mismatch
CBK0000133,TXN00011403,USR18453,MCH9291,2026-01-14 00:00:00,2026-01-19 00:00:00,3000.84,Customer Dispute,suspicious high-value payment disputed by customer.,Open,2026-02-17 16:25:35,High,Call Center,Unmatched,Matched,Matched,USR13039,MCH6257,Mismatch,Mismatch
CBK0002280,TXN00002173,USR47525,MCH1015,2026-03-05 03:02:00,2026-06-03 00:00:00,856.42,Incorrect Amount,merchant service was not delivered after payment.,Pending Bank,2026-03-15 22:02:04,Low,Branch,Unmatched,Matched,Matched,USR64511,MCH6278,Mismatch,Mismatch
CBK0002322,TXN00009493,USR71348,MCH1425,2026-02-26 00:00:00,2026-03-13 11:10:29,270.77,Merchant Not Delivered,user claims account was compromised before transaction.,Resolved,,Medium,IVR,Unmatched,Unmatched,Matched,USR27819,MCH3900,Mismatch,Mismatch
CBK0002139,TXN00012172,USR85655,MCH2375,2026-01-01 00:00:00,2026-01-02 15:32:47,,Fraud,customer says transaction was not authorized.,Rejected,2026-01-24 00:00:00,Low,App,Unmatched,Unmatched,Matched,USR10549,MCH8898,Mismatch,Mismatch
CBK0001864,,USR51310,MCH8220,2026-03-17 12:10:45,2026-03-23 00:00:00,464.81,Fraud,merchant service was not delivered after payment.,Closed,2026-07-04 00:00:00,Low,Chatbot,Matched,Matched,Unmatched,,,Not Applicable,Not Applicable
CBK0002285,TXN00005474,USR53527,MCH4473,2026-01-29 00:00:00,2026-01-30 00:00:00,271.69,Customer Dispute,user claims account was compromised before transaction.,Closed,,Medium,IVR,Unmatched,Unmatched,Matched,USR26014,MCH3734,Mismatch,Mismatch
CBK0000840,TXN00018717,USR16257,MCH3019,2026-02-20 08:58:00,2026-03-02 15:58:44,4563.14,Merchant Not Delivered,user claims account was compromised before transaction.,Pending Bank,2026-03-13 00:00:00,Low,IVR,Matched,Unmatched,Matched,USR60895,MCH6442,Mismatch,Mismatch
CBK0000783,,USR96677,MCH2556,2026-02-23 00:00:00,2026-02-23 00:00:00,4726.95,Account Compromised,user says upi pin was not entered by them.,Closed,,Medium,Chatbot,Unmatched,Matched,Unmatched,,,Not Applicable,Not Applicable
CBK0002629,TXN00010196,USR41172,MCH4588,2026-02-21 00:00:00,2026-02-18 02:42:14,852.0,Fraud,user says upi pin was not entered by them.,Rejected,,High,IVR,Matched,Matched,Matched,USR51647,MCH1834,Mismatch,Mismatch
CBK0001589,TXN00088540,USR96555,MCH2757,2026-01-30 00:47:43,2026-01-31 00:00:00,221.01,Fraud,merchant service was not delivered after payment.,Rejected,2026-02-24 20:47:43,High,IVR,Unmatched,Matched,Unmatched,,,Not Applicable,Not Applicable
CBK0000809,TXN00013144,USR51720,MCH9790,2026-03-09 00:00:00,2026-03-19 23:09:00,688.92,Unauthorized Transaction,customer says transaction was not authorized.,Pending Bank,,High,Call Center,Unmatched,Matched,Matched,USR34262,MCH6678,Mismatch,Mismatch
CBK0000654,TXN00013810,USR50022,MCH5980,2026-07-03 00:00:00,2026-08-03 07:44:45,4552.67,Account Compromised,complaint received after multiple failed attempts.,Closed,,Low,IVR,Unmatched,Matched,Matched,USR63885,MCH4302,Mismatch,Mismatch
CBK0001614,TXN00017424,USR36509,MCH1316,2026-02-18 00:00:00,2026-02-19 00:00:00,9374.52,Merchant Not Delivered,customer says transaction was not authorized.,Pending Bank,2026-03-21 00:00:00,Medium,Chatbot,Unmatched,Unmatched,Matched,USR36528,MCH1614,Mismatch,Mismatch
CBK0000291,TXN00003485,USR79977,MCH3900,2026-10-02 00:00:00,,485.1,Merchant Not Delivered,user reports money deducted but merchant denies receiving payment.,Open,,Low,Branch,Unmatched,Matched,Matched,USR81235,MCH5694,Mismatch,Mismatch
CBK0002114,TXN00004014,USR25900,MCH4717,2026-03-12 00:00:00,2026-03-19 00:00:00,4940.23,Merchant Not Delivered,customer complaint text unclear due to poor call center notes. urgent,Resolved,2026-04-17 22:25:36,High,Chatbot,Matched,Matched,Matched,USR80971,MCH9501,Mismatch,Mismatch
CBK0000739,TXN00017315,USR29561,MCH5980,2026-01-04 00:00:00,,704.73,Account Compromised,user says upi pin was not entered by them.,In Progress,2026-01-24 06:45:30,High,IVR,Matched,Matched,Matched,USR11575,MCH4980,Mismatch,Mismatch
CBK0002251,TXN00017472,USR79175,MCH4488,2026-02-23 08:37:00,2026-03-10 13:37:56,14012.62,Customer Dispute,suspicious high-value payment disputed by customer.,Resolved,2026-01-04 00:00:00,Critical,IVR,Unmatched,Unmatched,Matched,USR71491,MCH9585,Mismatch,Mismatch
CBK0001438,TXN00008449,USR22964,MCH2194,2026-03-22 00:00:00,2026-03-26 00:00:00,653.0,Customer Dispute,complaint received after multiple failed attempts. urgent,Resolved,2026-04-07 00:00:00,Medium,App,Unmatched,Unmatched,Matched,USR17075,MCH6092,Mismatch,Mismatch
CBK0001884,TXN00019164,USR22644,MCH9648,2026-08-02 00:00:00,2026-02-12 07:08:18,1364.5,Fraud,suspicious high-value payment disputed by customer.,In Progress,2026-02-14 00:00:00,Low,Chatbot,Matched,Unmatched,Matched,USR12128,MCH2632,Mismatch,Mismatch
CBK0001771,TXN00011619,USR17315,MCH2722,2026-01-25 21:15:13,2026-01-26 00:00:00,893.52,Service Failed,merchant service was not delivered after payment. call dropped,In Progress,,Low,Email,Matched,Unmatched,Matched,USR98395,MCH7099,Mismatch,Mismatch
CBK0001406,TXN00010864,USR66856,MCH7459,,2026-03-23 04:34:25,2891.42,Unauthorized Transaction,customer complaint text unclear due to poor call center notes. pls check asap,Open,2026-04-20 04:34:25,Critical,Chatbot,Matched,Matched,Matched,USR22156,MCH1058,Mismatch,Mismatch
CBK0001268,TXN00004622,USR97580,MCH1348,2026-01-24 00:00:00,2026-01-24 17:29:00,1330.95,Merchant Not Delivered,merchant service was not delivered after payment.,Rejected,2026-01-31 00:00:00,Medium,IVR,Matched,Unmatched,Matched,USR37834,MCH5213,Mismatch,Mismatch
CBK0001693,TXN00009578,USR55777,MCH8533,2026-01-02 00:00:00,2026-02-04 17:25:23,5287.35,Incorrect Amount,complaint received after multiple failed attempts.,Closed,2026-03-01 17:25:00,Medium,App,Unmatched,Unmatched,Matched,USR45689,MCH4843,Mismatch,Mismatch
CBK0002368,TXN00004923,USR50207,MCH8391,2026-01-27 00:00:00,,1673.05,Incorrect Amount,merchant service was not delivered after payment.,Closed,,Low,IVR,Unmatched,Matched,Matched,USR40726,MCH5176,Mismatch,Mismatch
CBK0000452,TXN00002107,USR52224,MCH4529,2026-02-28 04:18:55,2026-03-10 00:00:00,6251.19,Service Failed,merchant service was not delivered after payment.,Rejected,2026-03-27 12:18:55,High,IVR,Unmatched,Matched,Matched,USR51111,MCH3494,Mismatch,Mismatch
CBK0001628,TXN00008857,USR61151,MCH4796,2026-03-19 00:00:00,2026-03-22 09:53:18,5937.26,Duplicate Debit,payment made to unknown merchant as per cust statement.,Rejected,2026-04-04 09:53:18,Low,Call Center,Unmatched,Unmatched,Matched,USR61887,MCH7768,Mismatch,Mismatch
CBK0000543,TXN00001593,USR30157,MCH9787,2026-03-27 00:00:00,2026-03-28 00:00:00,759.56,Merchant Not Delivered,user claims account was compromised before transaction.,Pending Bank,2026-04-01 00:00:00,High,Call Center,Unmatched,Matched,Matched,USR78238,MCH9568,Mismatch,Mismatch
CBK0002740,TXN00013424,USR71939,MCH4819,2026-02-13 22:58:37,2026-02-16 00:00:00,3989.1,Merchant Not Delivered,user reports money deducted but merchant denies receiving payment.,Pending Bank,2026-03-04 13:58:00,Low,Chatbot,Matched,Unmatched,Matched,USR68223,MCH4714,Mismatch,Mismatch
CBK0001471,TXN00003290,USR25087,MCH3815,2026-03-08 00:00:00,2026-09-03 00:00:00,991.51,Merchant Not Delivered,customer complaint text unclear due to poor call center notes. na,Closed,2026-03-20 00:00:00,High,Email,Unmatched,Unmatched,Matched,USR78100,MCH3537,Mismatch,Mismatch
CBK0001808,TXN00004140,USR30844,MCH8779,,2026-02-14 00:00:00,378.0,Customer Dispute,user says upi pin was not entered by them.,In Progress,2026-03-04 00:00:00,Critical,Branch,Unmatched,Matched,Matched,USR30097,MCH2393,Mismatch,Mismatch
CBK0002225,TXN00011962,USR12961,MCH8953,2026-03-02 02:36:15,2026-03-03 23:36:15,6403.5,Unauthorized Transaction,payment made to unknown merchant as per customer statement.,Closed,,Low,IVR,Matched,Matched,Matched,USR78468,MCH4775,Mismatch,Mismatch
CBK0000353,TXN00017372,USR56234,MCH7986,2026-02-02 18:14:36,2026-05-02 01:14:36,1275.74,Unauthorized Transaction,customer complaint text unclear due to poor call center notes.,Rejected,2026-02-25 00:00:00,High,IVR,Unmatched,Matched,Matched,USR13681,MCH7815,Mismatch,Mismatch
CBK0002065,TXN00010646,USR10669,MCH3100,2026-01-27 00:00:00,2026-01-29 00:00:00,5027.32,Incorrect Amount,customer says transaction was not authorized. na,In Progress,2026-02-10 00:00:00,Critical,IVR,Unmatched,Unmatched,Matched,USR34897,MCH9352,Mismatch,Mismatch
CBK0000833,TXN00007902,USR66726,MCH6087,2026-02-26 00:00:00,2026-03-09 00:00:00,5099.0,Duplicate Debit,merchant service was not delivered after payment. na,In Progress,2026-03-28 04:34:00,High,IVR,Unmatched,Unmatched,Matched,USR86850,MCH8112,Mismatch,Mismatch
CBK0002388,TXN00018528,USR77072,MCH5954,,2026-03-14 00:00:00,3336.11,Account Compromised,complaint received after multiple failed attempts.,Resolved,2026-03-21 00:00:00,Medium,IVR,Unmatched,Matched,Matched,USR50698,MCH4657,Mismatch,Mismatch
CBK0001420,TXN00010436,USR26201,MCH9908,2026-03-16 06:56:10,2026-03-21 13:56:00,509.15,Merchant Not Delivered,user says upi pin was not entered by them.,Rejected,2026-04-16 00:00:00,Medium,IVR,Unmatched,Unmatched,Matched,USR19749,MCH3526,Mismatch,Mismatch
CBK0001795,TXN00017402,USR78513,MCH4226,2026-01-23 04:47:03,2026-01-31 00:47:03,2837.81,Account Compromised,complaint received after multiple failed attempts.,Rejected,2026-11-02 00:47:03,Low,IVR,Matched,Unmatched,Matched,USR60842,MCH8420,Mismatch,Mismatch
CBK0001315,TXN00005438,USR68023,MCH5877,2026-02-16 00:00:00,2026-02-22 07:46:00,1581.74,Incorrect Amount,merchant service was not delivered after payment. urgent,Open,,High,Branch,Unmatched,Unmatched,Matched,USR77237,MCH5335,Mismatch,Mismatch
CBK0000115,TXN00000541,USR20121,MCH8779,2026-02-20 00:00:00,2026-03-23 03:31:09,1346.0,Customer Dispute,customer says amount was debited twice.,Resolved,2026-04-05 00:00:00,Low,Email,Unmatched,Matched,Matched,USR54951,MCH1772,Mismatch,Mismatch
CBK0000627,TXN00003619,USR39542,MCH7650,2026-03-22 00:00:00,2026-03-22 00:00:00,4189.62,Incorrect Amount,suspicious high-value payment disputed by customer.,Open,,Medium,Call Center,Unmatched,Unmatched,Matched,USR29079,MCH6771,Mismatch,Mismatch
CBK0000510,TXN00007774,USR73010,MCH1407,2026-07-03 00:00:00,2026-09-03 00:00:00,1443.57,Unauthorized Transaction,user claims account was compromised before txn.,Rejected,2026-04-04 00:00:00,Medium,IVR,Unmatched,Unmatched,Matched,USR95486,MCH2235,Mismatch,Mismatch
CBK0001979,TXN00007772,USR77274,MCH7833,2026-03-24 00:00:00,2026-03-31 00:00:00,1320.83,Incorrect Amount,customer complaint text unclear due to poor call center notes.,Pending Bank,2026-04-17 10:47:26,Critical,IVR,Unmatched,Matched,Matched,USR58159,MCH3106,Mismatch,Mismatch
CBK0001738,TXN00010457,USR59679,MCH9291,2026-05-03 00:00:00,2026-06-03 00:00:00,2161.39,Fraud,merchant service was not delivered after payment.,Open,2026-03-17 18:20:16,Critical,Call Center,Unmatched,Matched,Matched,USR72504,MCH9996,Mismatch,Mismatch
CBK0002680,TXN00009041,USR82433,MCH4594,2026-02-07 00:00:00,2026-02-10 00:00:00,865.19,Duplicate Debit,user says upi pin was not entered by them.,Open,2026-02-16 00:00:00,Low,Email,Unmatched,Unmatched,Matched,USR61171,MCH8714,Mismatch,Mismatch
CBK0001521,TXN00010065,USR51069,MCH8953,2026-02-14 00:00:00,2026-03-17 18:07:42,4146.46,Merchant Not Delivered,user reports money deducted but merchant denies receiving payment.,Closed,2026-04-10 00:00:00,Low,Chatbot,Matched,Matched,Matched,USR29798,MCH1152,Mismatch,Mismatch
CBK0000013,TXN00019943,USR42818,MCH6838,2026-01-02 14:58:54,2026-01-05 00:00:00,728.13,Customer Dispute,user says upi pin was not entered by them. call dropped,In Progress,,Low,App,Unmatched,Matched,Matched,USR85095,MCH4060,Mismatch,Mismatch
CBK0002262,TXN00088490,USR30627,MCH2594,,2026-03-17 00:00:00,4274.13,Merchant Not Delivered,user reports money deducted but merchant denies receiving payment. na,In Progress,,High,Chatbot,Unmatched,Unmatched,Unmatched,,,Not Applicable,Not Applicable
CBK0000718,TXN00011539,USR60803,MCH7874,2026-03-09 18:51:51,2026-03-10 00:00:00,1528.98,Unauthorized Transaction,customer complaint text unclear due to poor call center notes.,In Progress,2026-03-31 00:00:00,High,Chatbot,Matched,Unmatched,Matched,USR13407,MCH4803,Mismatch,Mismatch
CBK0000446,TXN00010750,USR17864,MCH4002,2026-01-12 00:00:00,2026-01-15 00:00:00,2928.89,Merchant Not Delivered,payment made to unknown merchant as per customer statement.,Rejected,2026-01-31 20:48:17,Medium,Call Center,Unmatched,Matched,Matched,USR67172,MCH9100,Mismatch,Mismatch
CBK0000258,TXN00017642,USR41056,MCH9394,2026-02-26 00:19:00,2026-03-01 00:00:00,1505.96,Customer Dispute,customer says amount was debited twice.,Resolved,2026-03-24 00:00:00,High,Chatbot,Unmatched,Matched,Matched,USR28180,MCH8957,Mismatch,Mismatch
CBK0000449,TXN00007492,USR66286,MCH2383,2026-02-19 00:00:00,2026-02-20 00:00:00,2062.69,Customer Dispute,merchant service was not delivered after payment.,Open,2026-02-25 00:00:00,Low,App,Unmatched,Matched,Matched,USR87928,MCH3181,Mismatch,Mismatch
CBK0000486,TXN00002729,USR58335,MCH6810,,2026-01-14 19:40:25,1526.62,Incorrect Amount,payment made to unknown merchant as per customer statement.,In Progress,2026-01-30 19:40:00,Low,Call Center,Unmatched,Unmatched,Matched,USR86969,MCH7980,Mismatch,Mismatch
CBK0000888,TXN00015372,USR10047,MCH6850,2026-12-02 00:00:00,2026-02-14 00:00:00,1341.86,Incorrect Amount,payment made to unknown merchant as per customer statement.,Pending Bank,2026-03-02 00:00:00,Critical,Chatbot,Matched,Unmatched,Matched,USR53158,MCH1141,Mismatch,Mismatch
CBK0000711,TXN00015632,USR47206,MCH3217,2026-03-05 00:00:00,2026-06-03 00:00:00,386.01,Customer Dispute,user says upi pin was not entered by them.,In Progress,2026-01-04 23:17:35,Low,Branch,Unmatched,Unmatched,Matched,USR73992,MCH6294,Mismatch,Mismatch
CBK0001690,TXN00011230,USR60327,MCH9976,2026-02-15 00:00:00,,2395.8,Customer Dispute,complaint received after multiple failed attempts.,In Progress,2026-03-13 00:00:00,Low,Chatbot,Unmatched,Unmatched,Matched,USR34371,MCH1077,Mismatch,Mismatch
CBK0001395,TXN00016017,USR47363,MCH9787,2026-02-23 00:00:00,2026-02-27 00:00:00,849.31,Customer Dispute,user claims account was compromised before transaction.,Open,2026-03-24 05:41:00,High,Chatbot,Unmatched,Matched,Matched,USR93072,MCH5865,Mismatch,Mismatch
CBK0002728,TXN00014794,USR60133,MCH9291,2026-03-03 15:24:00,2026-03-04 11:24:00,975.44,Customer Dispute,payment made to unknown merchant as per customer statement.,In Progress,2026-12-03 00:00:00,Medium,Chatbot,Unmatched,Matched,Matched,USR37202,MCH2497,Mismatch,Mismatch
CBK0001237,TXN00015341,USR87558,MCH4264,2026-01-10 19:48:33,2026-12-01 14:48:33,6901.63,Merchant Not Delivered,complaint received after multiple failed attempts.,Pending Bank,,Critical,IVR,Unmatched,Unmatched,Matched,USR96684,MCH5451,Mismatch,Mismatch
CBK0002749,TXN00019208,USR22131,MCH6084,2026-03-08 00:00:00,2026-03-10 01:16:17,1146.96,Customer Dispute,suspicious high-value payment disputed by customer.,Rejected,2026-03-12 00:00:00,Medium,Chatbot,Unmatched,Matched,Matched,USR47260,MCH3141,Mismatch,Mismatch
CBK0001101,TXN00002219,USR11618,MCH1518,2026-03-15 00:00:00,2026-03-17 00:00:00,3127.19,Merchant Not Delivered,complaint received after multiple failed attempts.,Open,2026-12-04 00:00:00,High,Chatbot,Unmatched,Matched,Matched,USR14678,MCH9670,Mismatch,Mismatch
CBK0000963,TXN00003306,USR42884,MCH8953,2026-01-04 00:00:00,,2280.54,Duplicate Debit,payment made to unknown merchant as per customer statement.,In Progress,2026-02-01 00:48:55,Medium,Email,Unmatched,Matched,Matched,USR61768,MCH5618,Mismatch,Mismatch
CBK0000772,TXN00010034,USR25196,MCH1320,2026-06-01 00:00:00,2026-01-08 09:22:06,305.0,Customer Dispute,customer says amount was debited twice.,Open,2026-05-02 00:00:00,Critical,Chatbot,Matched,Matched,Matched,USR34592,MCH6869,Mismatch,Mismatch
CBK0002005,,USR66391,MCH8391,2026-03-16 13:33:00,2026-03-24 00:00:00,1171.4,Merchant Not Delivered,customer says amount was debited twice.,Resolved,2026-04-16 00:00:00,Low,Chatbot,Unmatched,Matched,Unmatched,,,Not Applicable,Not Applicable
CBK0000345,TXN00007052,USR24877,MCH7863,2026-03-07 06:24:54,2026-03-09 00:00:00,,Customer Dispute,payment made to unknown merchant as per customer statement.,Pending Bank,2026-03-22 22:24:54,Low,Chatbot,Unmatched,Matched,Matched,USR16265,MCH3905,Mismatch,Mismatch
CBK0000194,TXN00009105,USR80813,MCH3548,2026-03-10 07:37:00,2026-03-12 03:37:00,,Merchant Not Delivered,customer complaint text unclear due to poor call center notes.,Rejected,2026-03-25 00:00:00,Low,App,Unmatched,Matched,Matched,USR58226,MCH5769,Mismatch,Mismatch
CBK0002591,TXN00004763,USR40127,MCH4473,2026-03-10 00:00:00,2026-12-03 23:20:31,2865.75,Duplicate Debit,customer says transaction was not authorized.,Pending Bank,2026-03-19 23:20:31,Medium,Chatbot,Unmatched,Unmatched,Matched,USR83556,MCH7443,Mismatch,Mismatch
CBK0001957,TXN00009699,USR64159,MCH2134,2026-02-03 10:47:22,2026-02-06 00:00:00,3917.9,Duplicate Debit,merchant service was not delivered after payment.,In Progress,2026-03-03 00:00:00,High,Chatbot,Unmatched,Unmatched,Matched,USR41779,MCH8156,Mismatch,Mismatch
CBK0000922,TXN00018185,USR61372,MCH8331,2026-02-27 00:00:00,2026-02-28 00:00:00,660.0,Merchant Not Delivered,user reports money deducted but merchant denies receiving payment.,Open,,Critical,Email,Matched,Matched,Matched,USR28643,MCH3594,Mismatch,Mismatch
CBK0000118,TXN00008970,USR64312,MCH2858,2026-01-26 00:00:00,,450.63,Fraud,payment made to unknown merchant as per customer statement.,Closed,,Low,IVR,Unmatched,Unmatched,Matched,USR48734,MCH6090,Mismatch,Mismatch
CBK0002416,TXN00007831,USR38240,MCH6533,2026-01-06 01:46:00,2026-01-07 00:00:00,905.66,Account Compromised,suspicious high-value payment disputed by customer.,Open,2026-01-28 08:46:41,Low,Email,Unmatched,Unmatched,Matched,USR40086,MCH1495,Mismatch,Mismatch
CBK0000075,TXN00014086,USR84007,MCH8154,2026-03-18 00:00:00,2026-03-25 00:00:00,1493.94,Fraud,user reports money deducted but merchant denies receiving payment.,Resolved,2026-03-26 00:00:00,Medium,App,Unmatched,Matched,Matched,USR71660,MCH1371,Mismatch,Mismatch
CBK0001584,TXN00016151,USR53727,MCH3815,2026-02-03 00:00:00,2026-02-04 08:28:07,1236.73,Account Compromised,merchant service was not delivered after payment.,In Progress,2026-03-06 00:00:00,Low,Call Center,Matched,Unmatched,Matched,USR97155,MCH1916,Mismatch,Mismatch
CBK0001958,TXN00018222,USR46902,MCH5561,2026-03-08 00:00:00,2026-03-10 18:32:00,1611.0,Merchant Not Delivered,customer complaint text unclear due to poor call center notes.,Closed,,Low,Branch,Matched,Unmatched,Matched,USR92827,MCH8424,Mismatch,Mismatch
CBK0001192,,USR17450,MCH6659,2026-03-24 09:19:34,2026-03-31 00:00:00,4315.76,Fraud,customer says amount was debited twice.,Rejected,2026-04-30 20:19:34,Low,IVR,Matched,Unmatched,Unmatched,,,Not Applicable,Not Applicable
CBK0002096,TXN00008557,USR89656,MCH4345,2026-03-14 00:00:00,2026-03-20 00:00:00,752.0,Fraud,payment made to unknown merchant as per customer statement.,Rejected,,High,Chatbot,Matched,Unmatched,Matched,USR84328,MCH4331,Mismatch,Mismatch
CBK0000989,TXN00012972,USR33348,MCH5173,2026-03-03 18:36:37,2026-03-14 13:36:37,1647.57,Unauthorized Transaction,customer says amount was debited twice.,Resolved,2026-03-20 00:00:00,Critical,IVR,Matched,Unmatched,Matched,USR31786,MCH6810,Mismatch,Mismatch
CBK0002306,TXN00008650,USR32641,MCH1565,2026-02-18 00:00:00,2026-02-19 00:00:00,1166.57,Merchant Not Delivered,user claims account was compromised before transaction.,Open,2026-03-12 00:00:00,Medium,Chatbot,Matched,Unmatched,Matched,USR16081,MCH6142,Mismatch,Mismatch
CBK0001387,TXN00008870,USR26871,MCH3687,2026-01-20 19:35:20,2026-01-23 00:00:00,4628.47,Unauthorized Transaction,suspicious high-value payment disputed by customer.,Rejected,,Medium,Chatbot,Unmatched,Unmatched,Matched,USR86619,MCH4342,Mismatch,Mismatch
CBK0000996,TXN00000021,USR22644,MCH4473,2026-01-07 00:00:00,2026-01-17 19:42:38,1284.05,Customer Dispute,complaint received after multiple failed attempts. pls check asap,Rejected,2026-02-11 00:00:00,Low,Chatbot,Matched,Unmatched,Matched,USR92868,MCH9274,Mismatch,Mismatch
CBK0001421,TXN00015594,USR50434,MCH6889,2026-01-26 00:00:00,2026-01-30 00:00:00,1421.26,Account Compromised,customer complaint text unclear due to poor call center notes.,Open,2026-02-17 10:08:54,Low,Email,Matched,Matched,Matched,USR83115,MCH8510,Mismatch,Mismatch
CBK0000238,TXN00008222,USR40061,MCH2274,2026-02-19 00:00:00,2026-02-22 00:00:00,4360.22,Customer Dispute,user reports money deducted but merchant denies receiving payment.,In Progress,,Low,App,Matched,Matched,Matched,USR92853,MCH9814,Mismatch,Mismatch
CBK0001241,TXN00019245,USR99206,MCH4590,2026-03-11 00:00:00,2026-12-03 00:00:00,2987.16,Fraud,customer complaint text unclear due to poor call center notes.,Closed,2026-04-06 00:00:00,Medium,Branch,Unmatched,Unmatched,Matched,USR52299,MCH6960,Mismatch,Mismatch
CBK0000558,TXN00006037,USR26658,MCH7509,2026-02-13 00:00:00,2026-02-14 00:00:00,739.74,Customer Dispute,user reports money deducted but merchant denies receiving payment.,Closed,2026-02-22 03:45:00,Low,Email,Unmatched,Matched,Matched,USR19853,MCH7671,Mismatch,Mismatch
CBK0001977,TXN00000225,USR94159,MCH5655,2026-07-03 00:00:00,2026-03-07 22:21:00,666.0,Customer Dispute,payment made to unknown merchant as per customer statement.,Resolved,,High,Branch,Unmatched,Unmatched,Matched,USR40710,MCH9518,Mismatch,Mismatch
CBK0000076,TXN00001158,USR27355,MCH5963,2026-01-04 00:00:00,2026-05-01 22:59:45,461.85,Merchant Not Delivered,customer says transaction was not authorized.,Rejected,2026-01-09 22:59:00,Low,IVR,Unmatched,Matched,Matched,USR84095,MCH9758,Mismatch,Mismatch
CBK0002083,TXN00014640,USR17657,MCH2822,2026-03-25 00:00:00,2026-03-27 00:00:00,5247.0,Merchant Not Delivered,suspicious high-value payment disputed by customer. na,Closed,2026-03-04 14:05:27,Low,Email,Unmatched,Unmatched,Matched,USR37842,MCH1490,Mismatch,Mismatch
CBK0001948,TXN00014225,USR73728,MCH8953,2026-02-17 00:00:00,2026-02-18 00:00:00,,Unauthorized Transaction,payment made to unknown merchant as per customer statement.,Open,,Medium,Call Center,Unmatched,Matched,Matched,USR88575,MCH8513,Mismatch,Mismatch
CBK0002583,TXN00016902,USR33856,MCH4131,2026-01-15 15:10:59,2026-01-17 22:10:59,1595.05,Unauthorized Transaction,customer says amount was debited twice.,Pending Bank,2026-10-02 00:00:00,Low,Branch,Unmatched,Matched,Matched,USR25501,MCH4059,Mismatch,Mismatch
CBK0002069,TXN00019571,USR23992,MCH5315,,2026-05-03 00:00:00,475.0,Unauthorized Transaction,user claims account was compromised before transaction.,Open,2026-04-04 21:12:20,Medium,Branch,Matched,Unmatched,Matched,USR57901,MCH5968,Mismatch,Mismatch
CBK0000924,TXN00003076,USR28031,MCH8603,2026-01-01 00:00:00,,342.0,Customer Dispute,user says upi pin was not entered by them.,Pending Bank,2026-01-24 01:31:00,Medium,App,Unmatched,Matched,Matched,USR95257,MCH6483,Mismatch,Mismatch
CBK0002449,TXN00010509,USR57946,MCH4966,2026-02-26 06:53:00,2026-02-28 00:00:00,1835.21,Service Failed,suspicious high-value payment disputed by customer.,Open,2026-03-25 00:00:00,Medium,IVR,Unmatched,Unmatched,Matched,USR58318,MCH9112,Mismatch,Mismatch
CBK0000169,TXN00084777,USR83541,MCH9196,2026-02-03 00:00:00,,1091.87,Fraud,payment made to unknown merchant as per customer statement.,Open,2026-03-22 00:00:00,Medium,App,Matched,Matched,Unmatched,,,Not Applicable,Not Applicable
CBK0001675,TXN00007698,USR30500,MCH1290,2026-03-25 00:00:00,2026-03-27 00:00:00,1746.55,Duplicate Debit,merchant service was not delivered after payment.,Resolved,2026-04-10 05:50:27,Medium,Branch,Unmatched,Unmatched,Matched,USR17860,MCH5278,Mismatch,Mismatch
CBK0002129,TXN00005777,USR99787,MCH8779,2026-05-03 00:00:00,2026-03-21 00:00:00,891.95,Fraud,customer says amount was debited twice.,Open,2026-02-04 00:00:00,High,Call Center,Unmatched,Matched,Matched,USR38299,MCH4216,Mismatch,Mismatch
CBK0000286,TXN00017361,USR62049,MCH6810,2026-02-01 02:57:51,2026-11-02 00:00:00,1755.45,Unauthorized Transaction,user claims account was compromised before transaction.,In Progress,2026-02-28 00:00:00,Low,IVR,Unmatched,Unmatched,Matched,USR85909,MCH8351,Mismatch,Mismatch
CBK0002438,TXN00006364,USR79500,MCH2963,2026-02-17 00:00:00,2026-02-18 21:05:00,2678.39,Merchant Not Delivered,complaint received after multiple failed attempts.,Closed,2026-03-16 00:00:00,Low,Email,Unmatched,Unmatched,Matched,USR40935,MCH7786,Mismatch,Mismatch
CBK0002365,TXN00000567,USR77716,MCH2387,2026-03-15 16:57:45,2026-03-19 00:00:00,1015.09,Fraud,suspicious high-value payment disputed by customer.,Open,2026-04-12 05:57:00,Low,Chatbot,Unmatched,Matched,Matched,USR58390,MCH3512,Mismatch,Mismatch
CBK0002224,TXN00008421,USR39089,MCH2822,2026-01-06 00:00:00,2026-01-11 00:00:00,964.56,Unauthorized Transaction,user claims account was compromised before transaction.,Closed,2026-01-17 00:00:00,Low,Call Center,Matched,Unmatched,Matched,USR80889,MCH9979,Mismatch,Mismatch
CBK0000686,TXN00000850,USR54783,MCH8420,2026-01-23 00:00:00,2026-01-20 00:00:00,1203.18,Unauthorized Transaction,customer says txn was not authorized.,Pending Bank,,Medium,Branch,Matched,Unmatched,Matched,USR75377,MCH5241,Mismatch,Mismatch
CBK0002291,TXN00000916,USR59058,MCH4473,2026-01-01 00:19:40,2026-01-03 00:00:00,577.0,Unauthorized Transaction,merchant service was not delivered after payment. details missing,Open,,High,IVR,Unmatched,Unmatched,Matched,USR35873,MCH5750,Mismatch,Mismatch
CBK0000999,TXN00009812,USR25934,MCH4473,2026-11-03 14:54:18,2026-03-15 00:00:00,2069.51,Customer Dispute,user reports money deducted but merchant denies receiving payment. details missing,Open,2026-04-01 00:00:00,Low,Call Center,Unmatched,Unmatched,Matched,USR43996,MCH8869,Mismatch,Mismatch
CBK0002761,TXN00017387,USR73413,MCH2266,2026-03-09 00:00:00,2026-12-03 11:20:23,303.26,Unauthorized Transaction,user says upi pin was not entered by them.,Open,2026-03-30 00:00:00,Medium,App,Matched,Matched,Matched,USR67636,MCH4593,Mismatch,Mismatch
CBK0002125,TXN00011157,USR38625,MCH3327,2026-01-26 03:53:00,2026-02-10 00:00:00,2138.06,Customer Dispute,customer says transaction was not authorized. urgent,Pending Bank,2026-02-16 06:53:00,Medium,IVR,Unmatched,Matched,Matched,USR85170,MCH9374,Mismatch,Mismatch
CBK0002511,TXN00014471,USR91311,MCH8100,2026-02-21 00:00:00,2026-02-27 00:00:00,2509.27,Account Compromised,complaint received after multiple failed attempts.,Open,,High,IVR,Unmatched,Unmatched,Matched,USR56310,MCH4410,Mismatch,Mismatch
CBK0002548,TXN00003431,USR51725,MCH1320,2026-01-01 00:00:00,2026-01-09 00:00:00,3242.15,Merchant Not Delivered,user reports money deducted but merchant denies receiving payment.,Open,2026-01-09 00:08:00,Medium,Chatbot,Unmatched,Matched,Matched,USR95682,MCH2026,Mismatch,Mismatch
CBK0002220,TXN00018020,USR89284,MCH2757,2026-03-15 13:36:00,2026-03-18 00:00:00,1238.72,Merchant Not Delivered,payment made to unknown merchant as per customer statement.,Closed,2026-04-10 01:36:14,Low,Call Center,Unmatched,Matched,Matched,USR88323,MCH4980,Mismatch,Mismatch
CBK0000131,,USR16031,MCH4997,2026-02-21 20:10:28,2026-02-23 00:00:00,1424.0,Unauthorized Transaction,customer complaint text unclear due to poor call center notes.,In Progress,2026-03-21 00:00:00,High,Call Center,Matched,Unmatched,Unmatched,,,Not Applicable,Not Applicable
CBK0001441,TXN00017441,USR80479,MCH2733,2026-12-01 00:00:00,2026-01-15 00:00:00,766.94,Unauthorized Transaction,customer says amount was debited twice.,In Progress,,High,Call Center,Unmatched,Matched,Matched,USR51504,MCH6453,Mismatch,Mismatch
CBK0001641,TXN00012030,USR59679,MCH5954,2026-03-30 18:54:00,,,Service Failed,customer complaint text unclear due to poor call center notes.,Rejected,2026-04-23 00:00:00,Low,Call Center,Unmatched,Matched,Matched,USR99048,MCH7037,Mismatch,Mismatch
CBK0002766,TXN00011236,USR61715,MCH4062,2026-02-17 00:00:00,2026-02-19 00:00:00,,Fraud,customer says amount was debited twice.,Resolved,2026-02-26 00:00:00,Low,IVR,Unmatched,Matched,Matched,USR48034,MCH7588,Mismatch,Mismatch
CBK0001084,TXN00017437,USR13933,MCH2265,2026-01-17 10:41:08,2026-01-18 00:00:00,1311.0,Customer Dispute,customer complaint text unclear due to poor call center notes.,Pending Bank,2026-02-09 00:00:00,Medium,Chatbot,Unmatched,Matched,Matched,USR83423,MCH2974,Mismatch,Mismatch
CBK0001109,TXN00008405,USR77137,MCH8779,2026-02-18 00:00:00,2026-02-20 00:00:00,1327.89,Duplicate Debit,suspicious high-value payment disputed by customer.,Closed,2026-02-28 01:12:00,Medium,App,Unmatched,Matched,Matched,USR61573,MCH5236,Mismatch,Mismatch
CBK0001142,TXN00013418,USR55881,MCH1320,2026-01-13 19:02:00,2026-01-15 00:00:00,6925.85,Merchant Not Delivered,user claims account was compromised before transaction.,Closed,,Medium,IVR,Unmatched,Matched,Matched,USR66151,MCH2265,Mismatch,Mismatch
CBK0000777,,USR41853,MCH3327,2026-01-03 00:00:00,,7674.18,Unauthorized Transaction,customer says amount was debited twice.,In Progress,,Low,Chatbot,Unmatched,Matched,Unmatched,,,Not Applicable,Not Applicable
CBK0002610,TXN00011255,USR62673,MCH3100,2026-01-06 00:00:00,2026-01-21 17:51:37,2068.22,Account Compromised,merchant service was not delivered after payment.,Open,2026-01-25 17:51:37,Low,Call Center,Unmatched,Unmatched,Matched,USR95217,MCH9572,Mismatch,Mismatch
CBK0000938,TXN00011273,USR80424,MCH1874,2026-02-16 00:00:00,2026-02-21 00:00:00,1062.27,Merchant Not Delivered,customer says amount was debited twice.,Resolved,2026-02-28 00:00:00,Critical,Branch,Unmatched,Matched,Matched,USR23741,MCH4427,Mismatch,Mismatch
CBK0000720,TXN00009292,USR62461,MCH8044,2026-01-16 00:00:00,2026-01-21 00:00:00,2299.02,Fraud,payment made to unknown merchant as per cust statement.,In Progress,,Low,Chatbot,Unmatched,Matched,Matched,USR72086,MCH5818,Mismatch,Mismatch
CBK0000534,TXN00009187,USR89514,MCH5319,2026-01-18 00:00:00,2026-01-19 00:00:00,3008.39,Merchant Not Delivered,user says upi pin was not entered by them. details missing,Closed,2026-02-07 00:00:00,Low,Email,Unmatched,Unmatched,Matched,USR68288,MCH3915,Mismatch,Mismatch
CBK0001713,TXN00019900,USR24117,MCH3622,2026-01-19 00:00:00,2026-01-27 00:00:00,4072.76,Merchant Not Delivered,complaint received after multiple failed attempts. call dropped,In Progress,,Medium,Branch,Unmatched,Unmatched,Matched,USR64965,MCH1949,Mismatch,Mismatch
CBK0002694,TXN00017451,USR11727,MCH6810,2026-04-03 00:00:00,2026-06-03 17:47:56,1007.69,Merchant Not Delivered,customer says transaction was not authorized.,Pending Bank,2026-03-25 00:00:00,Low,IVR,Unmatched,Unmatched,Matched,USR49298,MCH3651,Mismatch,Mismatch
CBK0002018,TXN00005542,USR80304,MCH8953,2026-01-31 00:00:00,2026-02-01 10:25:53,236.16,Duplicate Debit,complaint received after multiple failed attempts.,In Progress,,Medium,App,Unmatched,Matched,Matched,USR47178,MCH2222,Mismatch,Mismatch
CBK0002775,TXN00018203,USR60939,MCH9570,,2026-12-02 08:26:59,1403.54,Unauthorized Transaction,complaint received after multiple failed attempts.,Closed,2026-02-15 08:26:00,Low,App,Unmatched,Unmatched,Matched,USR34009,MCH9040,Mismatch,Mismatch
CBK0002030,TXN00019111,USR11036,MCH5122,2026-01-15 00:00:00,2026-01-19 03:25:00,1094.0,Unauthorized Transaction,payment made to unknown merchant as per customer statement.,Rejected,2026-01-22 00:00:00,High,Email,Unmatched,Matched,Matched,USR22234,MCH7133,Mismatch,Mismatch
CBK0002007,TXN00018681,USR53356,MCH5076,2026-03-06 00:00:00,2026-03-06 00:00:00,5525.44,Incorrect Amount,merchant service was not delivered after payment.,Pending Bank,,Medium,Chatbot,Matched,Unmatched,Matched,USR59972,MCH5840,Mismatch,Mismatch
CBK0001825,TXN00000995,USR60939,MCH9788,,2026-02-22 00:00:00,,Fraud,customer says amount was debited twice.,In Progress,2026-06-03 00:00:00,Medium,App,Unmatched,Unmatched,Matched,USR89891,MCH5132,Mismatch,Mismatch
CBK0000191,TXN00016165,USR22024,MCH5684,2026-10-02 00:00:00,2026-02-16 00:00:00,4335.54,Merchant Not Delivered,merchant service was not delivered after payment. urgent,Closed,2026-02-19 00:00:00,High,Branch,Matched,Matched,Matched,USR69178,MCH6973,Mismatch,Mismatch
CBK0001412,TXN00007645,USR75440,MCH4862,2026-02-23 00:00:00,2026-02-23 00:00:00,1667.95,Merchant Not Delivered,customer says transaction was not authorized.,In Progress,2026-03-21 10:58:05,Critical,Email,Unmatched,Unmatched,Matched,USR59972,MCH9549,Mismatch,Mismatch
CBK0000015,TXN00003408,USR88037,MCH7845,,,895.1,Merchant Not Delivered,suspicious high-value payment disputed by cust.,In Progress,2026-01-04 14:30:26,Medium,IVR,Matched,Matched,Matched,USR50607,MCH7205,Mismatch,Mismatch
CBK0001722,TXN00001041,USR72483,MCH9013,2026-01-06 00:00:00,2026-08-01 00:00:00,1977.08,Incorrect Amount,customer says amount was debited twice.,Pending Bank,2026-01-18 00:00:00,Low,Branch,Unmatched,Unmatched,Matched,USR12553,MCH6735,Mismatch,Mismatch
CBK0000826,TXN00002919,USR50535,MCH2014,2026-01-11 00:00:00,2026-01-13 00:00:00,4331.37,Fraud,customer says amount was debited twice.,Pending Bank,,High,IVR,Unmatched,Matched,Matched,USR58317,MCH4010,Mismatch,Mismatch
CBK0001912,TXN00004776,USR25848,MCH1193,2026-01-17 01:51:00,2026-01-22 00:00:00,2319.55,Merchant Not Delivered,complaint received after multiple failed attempts.,Rejected,2026-01-30 21:51:51,High,Chatbot,Unmatched,Matched,Matched,USR26601,MCH4058,Mismatch,Mismatch
CBK0002561,TXN00002204,USR14039,MCH6810,2026-03-04 00:00:00,2026-08-03 00:00:00,455.59,Unauthorized Transaction,user says upi pin was not entered by them.,In Progress,2026-11-03 00:00:00,High,IVR,Unmatched,Unmatched,Matched,USR80288,MCH3292,Mismatch,Mismatch
CBK0000224,TXN00019488,USR33856,MCH7833,,2026-01-11 04:59:00,6544.91,Unauthorized Transaction,user says upi pin was not entered by them. urgent,Closed,,Medium,Chatbot,Unmatched,Matched,Matched,USR15392,MCH1430,Mismatch,Mismatch
CBK0000554,TXN00016199,USR58457,MCH2818,2026-03-03 00:00:00,2026-03-13 00:00:00,4366.91,Account Compromised,payment made to unknown merchant as per customer statement.,In Progress,2026-03-20 00:00:00,High,Chatbot,Unmatched,Matched,Matched,USR38238,MCH7978,Mismatch,Mismatch
CBK0001687,TXN00003168,USR79935,MCH8154,2026-02-26 00:00:00,2026-01-03 00:00:00,2132.64,Fraud,merchant service was not delivered after payment.,Pending Bank,2026-03-11 03:30:00,Medium,Chatbot,Unmatched,Matched,Matched,USR93454,MCH1195,Mismatch,Mismatch
CBK0001186,TXN00018221,USR54313,MCH9511,2026-01-30 00:00:00,2026-03-17 00:00:00,119.0,Incorrect Amount,user claims account was compromised before transaction. pls check asap,Open,2026-04-03 00:00:00,Low,Branch,Unmatched,Unmatched,Matched,USR44018,MCH9051,Mismatch,Mismatch
CBK0000923,TXN00094657,USR35229,MCH1505,2026-03-23 00:00:00,2026-04-23 00:00:00,2556.0,Incorrect Amount,merchant service was not delivered after payment.,Closed,2026-04-26 00:00:00,High,Branch,Unmatched,Unmatched,Unmatched,,,Not Applicable,Not Applicable
CBK0000322,TXN00019719,USR68594,MCH8391,2026-03-23 00:00:00,2026-02-04 20:20:18,4373.83,Merchant Not Delivered,merchant service was not delivered after payment.,Closed,2026-04-18 20:20:18,High,Branch,Unmatched,Matched,Matched,USR12187,MCH2896,Mismatch,Mismatch
CBK0000056,TXN00002715,USR49193,MCH9467,2026-01-23 00:00:00,2026-02-03 08:44:00,,Service Failed,merchant service was not delivered after payment.,Rejected,,High,Chatbot,Unmatched,Matched,Matched,USR84606,MCH9133,Mismatch,Mismatch
CBK0000778,TXN00004797,USR73637,MCH1026,2026-01-12 03:41:00,2026-02-27 00:00:00,3784.33,Unauthorized Transaction,customer says transaction was not authorized.,Resolved,,Medium,Call Center,Matched,Unmatched,Matched,USR35227,MCH5909,Mismatch,Mismatch
CBK0001904,TXN00006057,USR27947,MCH5098,2026-01-23 08:43:00,2026-01-26 00:00:00,378.18,Incorrect Amount,merchant service was not delivered after payment.,Pending Bank,2026-02-15 09:43:00,High,Call Center,Matched,Unmatched,Matched,USR89494,MCH3499,Mismatch,Mismatch
CBK0001858,TXN00019309,USR57601,MCH7194,2026-01-10 00:00:00,2026-01-11 00:00:00,6862.58,Customer Dispute,user claims account was compromised before transaction.,In Progress,,High,App,Unmatched,Matched,Matched,USR72971,MCH9140,Mismatch,Mismatch
CBK0001327,TXN00010704,USR57352,MCH9854,2026-01-15 20:40:00,2026-01-21 00:00:00,2880.65,Fraud,complaint received after multiple failed attempts.,In Progress,,Low,Branch,Unmatched,Unmatched,Matched,USR12556,MCH8624,Mismatch,Mismatch
CBK0000612,TXN00008353,USR59073,MCH2016,2026-04-03 00:00:00,2026-03-06 18:57:42,1208.71,Fraud,customer says transaction was not authorized.,Rejected,2026-03-11 18:57:00,Medium,Branch,Unmatched,Matched,Matched,USR39069,MCH5932,Mismatch,Mismatch
CBK0001251,TXN00007334,USR34180,MCH8904,2026-05-03 00:00:00,2026-03-08 00:00:00,903.47,Service Failed,payment made to unknown merchant as per customer statement.,Closed,2026-03-19 00:00:00,Low,Chatbot,Unmatched,Unmatched,Matched,USR25455,MCH6364,Mismatch,Mismatch
CBK0000036,TXN00007642,USR23143,MCH2032,2026-01-14 00:00:00,2026-01-17 16:21:03,1258.0,Customer Dispute,customer says transaction was not authorized. na,Rejected,2026-02-05 16:21:03,Critical,Email,Matched,Matched,Matched,USR58434,MCH7698,Mismatch,Mismatch
CBK0001074,TXN00016035,USR30137,MCH4252,2026-03-18 00:00:00,2026-03-20 00:00:00,2162.74,Duplicate Debit,customer complaint text unclear due to poor call center notes.,Open,,Medium,Branch,Unmatched,Unmatched,Matched,USR94011,MCH3701,Mismatch,Mismatch
CBK0000045,TXN00018877,USR30701,MCH8391,,2026-03-10 00:00:00,2653.61,Service Failed,payment made to unknown merchant as per customer statement.,Open,,Critical,Chatbot,Unmatched,Matched,Matched,USR94279,MCH4458,Mismatch,Mismatch
CBK0002044,TXN00012234,USR38814,MCH2495,2026-02-25 00:00:00,2026-11-04 00:00:00,1786.57,Unauthorized Transaction,customer says amount was debited twice.,Pending Bank,2026-04-17 00:00:00,Critical,IVR,Matched,Matched,Matched,USR25791,MCH9562,Mismatch,Mismatch
CBK0002390,TXN00008564,USR53527,MCH1450,2026-03-14 00:00:00,2026-03-20 12:52:19,7520.47,Merchant Not Delivered,user claims account was compromised before transaction.,Resolved,2026-04-18 00:00:00,Medium,Chatbot,Unmatched,Matched,Matched,USR14359,MCH8601,Mismatch,Mismatch
CBK0000991,TXN00016978,USR85967,MCH9642,2026-03-28 06:01:00,2026-12-04 20:01:14,3895.0,Fraud,customer says amount was debited twice.,Closed,2026-12-04 00:00:00,Medium,IVR,Unmatched,Matched,Matched,USR47287,MCH5032,Mismatch,Mismatch
CBK0001740,TXN00009712,USR32707,MCH4181,2026-01-28 00:00:00,2026-01-29 00:00:00,803.59,Customer Dispute,user reports money deducted but merchant denies receiving payment.,Closed,2026-02-28 00:00:00,Medium,App,Matched,Unmatched,Matched,USR98607,MCH4423,Mismatch,Mismatch
CBK0000182,TXN00013078,USR91108,MCH4931,2026-02-06 21:01:00,2026-06-02 00:00:00,3943.46,Merchant Not Delivered,suspicious high-value payment disputed by customer.,Open,2026-01-03 00:00:00,Critical,App,Unmatched,Unmatched,Matched,USR57502,MCH3171,Mismatch,Mismatch
CBK0002641,TXN00005655,USR10307,MCH4859,2026-02-27 00:00:00,2026-03-03 00:00:00,5976.8,Incorrect Amount,merchant service was not delivered after payment.,Open,,High,Chatbot,Unmatched,Matched,Matched,USR83580,MCH6715,Mismatch,Mismatch
CBK0001106,TXN00081951,USR84942,MCH2073,2026-02-12 01:12:00,,3816.43,Account Compromised,customer says transaction was not authorized. call dropped,Pending Bank,2026-03-12 00:00:00,Medium,Branch,Unmatched,Unmatched,Unmatched,,,Not Applicable,Not Applicable
CBK0002466,TXN00013029,USR16995,MCH7040,2026-01-13 05:39:00,2026-01-15 19:39:00,1491.88,Merchant Not Delivered,customer says transaction was not authorized.,Rejected,2026-01-25 19:39:06,Medium,Email,Unmatched,Matched,Matched,USR60096,MCH4102,Mismatch,Mismatch
CBK0001305,TXN00017826,USR89617,MCH5076,2026-01-18 23:38:00,2026-02-03 00:00:00,5617.04,Account Compromised,payment made to unknown merchant as per customer statement.,In Progress,2026-02-24 00:00:00,Low,IVR,Unmatched,Unmatched,Matched,USR97136,MCH9861,Mismatch,Mismatch
CBK0002675,TXN00007158,USR38065,MCH6195,2026-10-02 00:00:00,2026-02-25 18:38:29,1520.53,Merchant Not Delivered,user reports money deducted but merchant denies receiving payment.,In Progress,2026-02-25 00:00:00,High,IVR,Matched,Unmatched,Matched,USR88372,MCH6114,Mismatch,Mismatch
CBK0002337,TXN00008947,USR74187,MCH2877,2026-01-05 00:00:00,2026-01-08 00:00:00,4079.0,Customer Dispute,customer says amount was debited twice.,Resolved,2026-01-14 00:00:00,Low,IVR,Matched,Unmatched,Matched,USR99765,MCH6007,Mismatch,Mismatch
CBK0000211,TXN00019098,USR76655,MCH2383,2026-02-12 00:00:00,2026-02-27 00:00:00,536.94,Account Compromised,complaint received after multiple failed attempts.,Pending Bank,2026-03-14 00:00:00,Medium,Email,Matched,Matched,Matched,USR91395,MCH6219,Mismatch,Mismatch
CBK0000042,TXN00001246,USR48537,MCH2700,2026-08-02 00:00:00,,702.0,Customer Dispute,customer says transaction was not authorized.,Closed,2026-02-25 00:00:00,High,IVR,Unmatched,Unmatched,Matched,USR59166,MCH7750,Mismatch,Mismatch
CBK0002778,TXN00034155,USR63286,MCH5795,2026-03-31 00:00:00,2026-05-15 00:00:00,736.99,Merchant Not Delivered,suspicious high-value payment disputed by customer.,Pending Bank,,Medium,Chatbot,Unmatched,Matched,Unmatched,,,Not Applicable,Not Applicable
CBK0002652,TXN00008454,USR79705,MCH2757,,2026-02-27 00:00:00,268.0,Account Compromised,suspicious high-value payment disputed by customer.,Pending Bank,2026-03-14 00:00:00,Medium,Chatbot,Matched,Matched,Matched,USR63231,MCH9044,Mismatch,Mismatch
CBK0000226,TXN00015815,USR35149,MCH8971,2026-02-11 01:43:00,2026-02-26 00:00:00,458.03,Customer Dispute,customer complaint text unclear due to poor call center notes.,In Progress,,Low,Email,Unmatched,Unmatched,Matched,USR94189,MCH5540,Mismatch,Mismatch
CBK0001226,TXN00014655,USR64776,MCH4837,2026-01-19 00:00:00,2026-01-29 00:00:00,290.31,Duplicate Debit,customer complaint text unclear due to poor call center notes.,Pending Bank,2026-02-08 00:00:00,High,Chatbot,Unmatched,Unmatched,Matched,USR21023,MCH4690,Mismatch,Mismatch
CBK0001961,TXN00004780,USR62254,MCH9817,2026-02-05 00:00:00,2026-02-06 00:00:00,673.13,Fraud,customer says transaction was not authorized.,Pending Bank,,High,IVR,Matched,Unmatched,Matched,USR41272,MCH1527,Mismatch,Mismatch
CBK0001650,TXN00007842,USR43371,MCH9291,2026-03-24 00:00:00,2026-03-27 00:00:00,5443.0,Incorrect Amount,customer says amount was debited twice.,In Progress,2026-04-21 00:00:00,Low,IVR,Unmatched,Matched,Matched,USR11548,MCH6909,Mismatch,Mismatch
CBK0002294,TXN00004771,USR12753,MCH9267,2026-02-03 00:00:00,2026-02-19 00:00:00,5005.08,Customer Dispute,complaint received after multiple failed attempts.,Pending Bank,,Critical,Chatbot,Matched,Unmatched,Matched,USR23614,MCH9657,Mismatch,Mismatch
CBK0000256,TXN00001617,USR63778,MCH6614,2026-01-29 00:00:00,2026-01-30 00:00:00,14278.2,Merchant Not Delivered,user reports money deducted but merchant denies receiving payment.,In Progress,2026-02-17 00:00:00,Low,IVR,Unmatched,Unmatched,Matched,USR71148,MCH1197,Mismatch,Mismatch
CBK0000634,TXN00003160,USR20310,MCH5168,2026-03-14 00:00:00,2026-03-14 07:16:00,11376.0,Incorrect Amount,user says upi pin was not entered by them.,Rejected,,Low,Email,Matched,Unmatched,Matched,USR14586,MCH6701,Mismatch,Mismatch
CBK0001898,TXN00012370,USR72048,MCH5535,2026-03-29 00:00:00,2026-02-04 00:00:00,9690.23,Duplicate Debit,user claims account was compromised before transaction.,Open,,Medium,Call Center,Unmatched,Unmatched,Matched,USR39115,MCH4194,Mismatch,Mismatch
CBK0001953,TXN00002867,USR48061,MCH8600,2026-01-15 00:00:00,2026-01-16 10:12:56,4361.29,Customer Dispute,suspicious high-value payment disputed by customer.,Pending Bank,2026-01-24 00:00:00,Low,Email,Unmatched,Matched,Matched,USR18772,MCH2693,Mismatch,Mismatch
CBK0000414,TXN00071282,USR51465,MCH8403,2026-03-05 00:00:00,2026-03-21 02:45:00,4105.21,Account Compromised,user claims account was compromised before transaction.,In Progress,2026-03-30 02:45:00,Critical,Call Center,Unmatched,Unmatched,Unmatched,,,Not Applicable,Not Applicable
CBK0000229,TXN00011498,USR25152,MCH5516,2026-03-10 08:33:00,2026-03-13 00:00:00,1209.77,Fraud,user says upi pin was not entered by them.,In Progress,2026-03-18 16:33:39,Low,Chatbot,Unmatched,Matched,Matched,USR72244,MCH8616,Mismatch,Mismatch
CBK0002621,TXN00013196,USR25302,MCH2285,2026-01-05 00:00:00,2026-01-08 00:00:00,4814.0,Merchant Not Delivered,merchant service was not delivered after payment.,Pending Bank,2026-06-02 00:00:00,Medium,Branch,Unmatched,Unmatched,Matched,USR38624,MCH2953,Mismatch,Mismatch
CBK0002599,TXN00015427,USR46465,MCH3243,2026-04-03 00:00:00,2026-04-04 00:00:00,1089.6,Fraud,customer says transaction was not authorized. na,Open,2026-04-18 00:00:00,Medium,Chatbot,Matched,Unmatched,Matched,USR86386,MCH8217,Mismatch,Mismatch
CBK0001385,TXN00015532,USR43241,MCH2822,2026-02-02 21:47:00,2026-02-03 00:00:00,90.26,Account Compromised,customer says transaction was not authorized.,Pending Bank,2026-02-15 00:00:00,Critical,App,Matched,Unmatched,Matched,USR20791,MCH1594,Mismatch,Mismatch
CBK0001645,TXN00004849,USR87914,MCH2065,2026-03-31 15:04:00,2026-03-04 00:00:00,1212.0,Merchant Not Delivered,payment made to unknown merchant as per customer statement.,In Progress,2026-04-04 09:04:41,Medium,Branch,Unmatched,Unmatched,Matched,USR24018,MCH9497,Mismatch,Mismatch
CBK0000995,TXN00005999,USR40639,MCH1381,2026-01-11 20:47:00,2026-01-13 00:00:00,3530.1,Merchant Not Delivered,complaint received after multiple failed attempts.,In Progress,,Low,Chatbot,Unmatched,Unmatched,Matched,USR97539,MCH2613,Mismatch,Mismatch
CBK0000553,TXN00001388,USR38124,MCH8462,2026-03-07 00:00:00,2026-03-09 16:59:00,5809.0,Merchant Not Delivered,merchant service was not delivered after payment.,Closed,2026-03-18 00:00:00,High,Email,Matched,Unmatched,Matched,USR57917,MCH8426,Mismatch,Mismatch
CBK0000812,TXN00003721,USR76959,MCH8190,,2026-05-03 00:00:00,3807.76,Fraud,user says upi pin was not entered by them.,Closed,,High,Branch,Unmatched,Unmatched,Matched,USR43100,MCH9676,Mismatch,Mismatch
CBK0000841,TXN00007967,USR49028,MCH7643,2026-03-31 00:00:00,2026-11-04 00:00:00,,Merchant Not Delivered,customer says transaction was not authorized. call dropped,Rejected,2026-04-12 01:44:00,High,IVR,Unmatched,Unmatched,Matched,USR34263,MCH4418,Mismatch,Mismatch
CBK0000266,TXN00006755,USR13301,MCH5226,2026-07-01 00:00:00,2026-07-01 00:00:00,1874.0,Incorrect Amount,customer complaint text unclear due to poor call center notes. call dropped,Closed,2026-02-02 18:44:26,Medium,Call Center,Unmatched,Matched,Matched,USR40970,MCH6502,Mismatch,Mismatch
CBK0002431,TXN00015350,USR95800,MCH4448,2026-03-26 01:08:15,2026-03-28 03:08:15,676.77,Account Compromised,customer complaint text unclear due to poor call center notes.,In Progress,2026-04-10 03:08:00,Low,Call Center,Unmatched,Matched,Matched,USR74334,MCH8501,Mismatch,Mismatch
CBK0000907,TXN00018961,USR73332,MCH5096,2026-03-24 00:00:00,,409.0,Account Compromised,merchant service was not delivered after payment.,Resolved,,Low,IVR,Matched,Unmatched,Matched,USR44225,MCH7982,Mismatch,Mismatch
CBK0000568,TXN00005915,USR19528,MCH9192,,2026-02-24 00:00:00,215.32,Fraud,customer says transaction was not authorized. urgent,Pending Bank,,Medium,Chatbot,Matched,Matched,Matched,USR74915,MCH1618,Mismatch,Mismatch
CBK0002248,TXN00018611,USR80560,MCH1043,2026-02-11 00:00:00,2026-02-13 00:00:00,1143.89,Duplicate Debit,customer says amount was debited twice.,Open,2026-02-28 00:00:00,Medium,Branch,Unmatched,Unmatched,Matched,USR20551,MCH5701,Mismatch,Mismatch
CBK0001578,TXN00008775,USR61019,MCH8496,2026-03-30 13:32:00,2026-03-31 00:00:00,8304.41,Account Compromised,customer says amount was debited twice.,Resolved,2026-04-22 00:00:00,Low,Email,Unmatched,Matched,Matched,USR89777,MCH7415,Mismatch,Mismatch
CBK0001548,TXN00000463,USR79013,MCH7615,,2026-01-05 20:53:00,,Merchant Not Delivered,user says upi pin was not entered by them.,Resolved,2026-10-01 00:00:00,High,Branch,Unmatched,Matched,Matched,USR89869,MCH5765,Mismatch,Mismatch
CBK0002013,TXN00007063,USR45520,MCH1320,2026-01-03 06:39:21,2026-03-02 00:00:00,370.32,Account Compromised,user says upi pin was not entered by them.,In Progress,2026-03-17 00:00:00,Low,Chatbot,Unmatched,Matched,Matched,USR35762,MCH9431,Mismatch,Mismatch
CBK0001094,TXN00017457,USR13306,MCH4473,2026-03-07 08:44:00,2026-03-10 00:00:00,,Duplicate Debit,merchant service was not delivered after payment. na,Pending Bank,,Low,Call Center,Unmatched,Unmatched,Matched,USR71225,MCH5981,Mismatch,Mismatch
CBK0001077,TXN00009149,USR88897,MCH5127,2026-02-02 00:00:00,2026-04-02 00:00:00,2970.62,Fraud,payment made to unknown merchant as per cust statement.,Rejected,,Critical,Email,Matched,Matched,Matched,USR25761,MCH7106,Mismatch,Mismatch
CBK0001003,TXN00006075,USR31466,MCH8516,2026-02-07 03:40:00,2026-02-12 09:40:00,1413.0,Merchant Not Delivered,user claims account was compromised before transaction.,In Progress,,Critical,Email,Unmatched,Unmatched,Matched,USR68935,MCH8329,Mismatch,Mismatch
CBK0002093,TXN00017223,USR95193,MCH2383,2026-03-25 00:00:00,2026-03-20 21:23:30,711.68,Account Compromised,customer says transaction was not authorized.,Closed,2026-04-14 00:00:00,Low,Call Center,Unmatched,Matched,Matched,USR75374,MCH2834,Mismatch,Mismatch
CBK0001520,TXN00005376,USR68623,MCH8701,2026-03-31 00:00:00,2026-04-03 00:00:00,6375.04,Merchant Not Delivered,user claims account was compromised before transaction.,Pending Bank,2026-04-18 00:00:00,Medium,App,Unmatched,Unmatched,Matched,USR41749,MCH9607,Mismatch,Mismatch
CBK0002269,TXN00002609,USR70968,MCH6810,2026-06-03 00:00:00,2026-04-05 00:00:00,3155.0,Incorrect Amount,merchant service was not delivered after payment.,In Progress,2026-04-22 00:00:00,Medium,Email,Unmatched,Unmatched,Matched,USR19884,MCH8715,Mismatch,Mismatch
CBK0001060,TXN00004377,USR65291,MCH5076,2026-08-01 00:00:00,2026-01-12 13:45:00,6954.75,Customer Dispute,payment made to unknown merchant as per customer statement.,In Progress,2026-02-06 00:00:00,Low,Chatbot,Matched,Unmatched,Matched,USR19626,MCH8778,Mismatch,Mismatch
CBK0000878,TXN00017227,USR23617,MCH9290,2026-02-28 16:25:00,2026-03-08 13:25:00,2799.72,Duplicate Debit,user claims account was compromised before transaction. urgent,In Progress,2026-03-09 00:00:00,High,Chatbot,Unmatched,Matched,Matched,USR59963,MCH9029,Mismatch,Mismatch
CBK0002419,TXN00008154,USR61213,MCH1320,2026-02-25 14:30:00,2026-12-04 00:00:00,1654.89,Merchant Not Delivered,suspicious high-value payment disputed by customer.,Open,,Medium,App,Unmatched,Matched,Matched,USR76911,MCH2588,Mismatch,Mismatch
CBK0000142,TXN00017373,USR22644,MCH2266,,2026-03-17 00:00:00,4758.01,Fraud,merchant service was not delivered after payment.,In Progress,2026-04-15 15:50:00,Medium,Email,Matched,Matched,Matched,USR53625,MCH4084,Mismatch,Mismatch
CBK0000028,TXN00005785,USR15008,MCH4604,2026-02-03 15:28:00,2026-03-06 00:28:00,222.95,Duplicate Debit,payment made to unknown merchant as per cust statement.,Closed,2026-03-28 00:00:00,Medium,IVR,Unmatched,Matched,Matched,USR97837,MCH6266,Mismatch,Mismatch
CBK0000090,TXN00018546,USR70795,MCH3992,2026-02-26 00:00:00,2026-02-23 00:00:00,7492.62,Merchant Not Delivered,merchant service was not delivered after payment.,Closed,2026-03-03 00:00:00,High,IVR,Unmatched,Unmatched,Matched,USR98095,MCH8661,Mismatch,Mismatch
CBK0000644,TXN00007288,USR97139,MCH2822,2026-03-02 00:00:00,2026-02-06 00:00:00,320.6,Unauthorized Transaction,suspicious high-value payment disputed by customer.,Open,2026-02-12 15:55:43,Low,Branch,Unmatched,Unmatched,Matched,USR80791,MCH2325,Mismatch,Mismatch
CBK0000171,TXN00003032,USR85839,MCH4965,2026-02-02 06:26:00,2026-03-04 00:00:00,988.93,Merchant Not Delivered,user says upi pin was not entered by them.,Rejected,,High,Chatbot,Unmatched,Matched,Matched,USR74517,MCH9969,Mismatch,Mismatch
CBK0002288,TXN00001620,USR79613,MCH2822,2026-03-07 00:00:00,2026-07-03 00:00:00,650.47,Duplicate Debit,user reports money deducted but merchant denies receiving payment.,Closed,,High,Chatbot,Unmatched,Unmatched,Matched,USR32079,MCH8999,Mismatch,Mismatch
CBK0000236,TXN00015982,USR78462,MCH5980,2026-02-19 02:15:55,2026-03-21 00:00:00,3445.69,Customer Dispute,suspicious high-value payment disputed by customer.,Open,2026-04-14 00:00:00,Low,IVR,Matched,Matched,Matched,USR61129,MCH4843,Mismatch,Mismatch
CBK0001256,TXN00012543,USR97472,MCH2266,2026-03-26 00:00:00,2026-03-29 00:00:00,5621.9,Duplicate Debit,payment made to unknown merchant as per customer statement. na,Closed,2026-04-12 01:21:00,Low,Chatbot,Matched,Matched,Matched,USR18860,MCH8810,Mismatch,Mismatch
CBK0002263,TXN00017565,USR25091,MCH2757,2026-03-25 00:00:00,,3265.92,Merchant Not Delivered,user claims account was compromised before transaction.,Open,2026-04-08 00:00:00,Medium,App,Unmatched,Matched,Matched,USR91758,MCH4857,Mismatch,Mismatch
CBK0000491,TXN00012981,USR53356,MCH3100,2026-02-28 00:00:00,2026-03-01 00:00:00,1168.0,Merchant Not Delivered,merchant service was not delivered after payment.,Pending Bank,2026-03-09 00:00:00,High,IVR,Matched,Unmatched,Matched,USR22332,MCH8394,Mismatch,Mismatch
CBK0000790,TXN00010376,USR31294,MCH2721,2026-02-21 00:00:00,2026-02-21 00:00:00,3789.0,Incorrect Amount,suspicious high-value payment disputed by customer.,Pending Bank,,Medium,App,Matched,Unmatched,Matched,USR52174,MCH5530,Mismatch,Mismatch
CBK0002734,TXN00086247,USR30500,MCH9900,2026-02-01 00:00:00,2026-01-04 00:00:00,1425.14,Unauthorized Transaction,suspicious high-value payment disputed by customer.,Open,,High,Chatbot,Unmatched,Unmatched,Unmatched,,,Not Applicable,Not Applicable
CBK0000108,TXN00012720,USR63044,MCH3342,2026-01-03 07:04:00,2026-01-05 00:00:00,1297.0,Unauthorized Transaction,user reports money deducted but merchant denies receiving payment.,Resolved,2026-01-05 00:00:00,Low,Chatbot,Matched,Unmatched,Matched,USR30959,MCH1744,Mismatch,Mismatch
CBK0000228,TXN00001207,USR43461,MCH2457,2026-02-10 00:00:00,2026-02-06 21:57:00,5779.34,Account Compromised,complaint received after multiple failed attempts.,Rejected,2026-02-17 21:57:00,Medium,IVR,Matched,Unmatched,Matched,USR69998,MCH2952,Mismatch,Mismatch
CBK0002532,TXN00014807,USR72152,MCH4189,2026-03-26 00:00:00,2026-03-30 00:00:00,,Fraud,customer says amount was debited twice.,In Progress,2026-04-25 00:00:00,Critical,Chatbot,Unmatched,Unmatched,Matched,USR27139,MCH1714,Mismatch,Mismatch
CBK0000489,TXN00009790,USR14874,MCH3965,2026-02-24 00:00:00,2026-02-25 23:38:39,1114.59,Merchant Not Delivered,customer says txn was not authorized.,Resolved,,Medium,Chatbot,Matched,Unmatched,Matched,USR87975,MCH6939,Mismatch,Mismatch
CBK0001085,TXN00007125,USR27848,MCH8555,2026-03-14 00:00:00,2026-03-16 00:00:00,1467.82,Merchant Not Delivered,user reports money deducted but merchant denies receiving payment.,In Progress,,Critical,Chatbot,Unmatched,Matched,Matched,USR97364,MCH2977,Mismatch,Mismatch
CBK0002462,TXN00017340,USR67399,MCH8154,2026-02-10 00:00:00,2026-03-28 00:00:00,1945.77,Unauthorized Transaction,payment made to unknown merchant as per customer statement.,Pending Bank,2026-04-17 00:00:00,Low,IVR,Unmatched,Matched,Matched,USR94651,MCH2269,Mismatch,Mismatch
CBK0002197,TXN00006372,USR66647,MCH5779,2026-02-17 13:16:55,2026-02-21 00:00:00,5763.76,Unauthorized Transaction,user reports money deducted but merchant denies receiving payment.,In Progress,,Medium,Chatbot,Matched,Unmatched,Matched,USR21561,MCH5183,Mismatch,Mismatch
CBK0000814,TXN00017418,USR91623,MCH6810,,2026-03-01 02:57:39,1350.91,Duplicate Debit,merchant service was not delivered after payment.,Pending Bank,2026-01-29 00:00:00,Low,Email,Matched,Unmatched,Matched,USR66066,MCH5778,Mismatch,Mismatch
CBK0001792,TXN00002522,USR78192,MCH5237,2026-01-23 04:37:11,2026-01-24 00:00:00,877.59,Merchant Not Delivered,user reports money deducted but merchant denies receiving payment. pls check asap,Closed,,Medium,IVR,Unmatched,Matched,Matched,USR52034,MCH9955,Mismatch,Mismatch
CBK0001103,TXN00006537,USR64942,MCH8349,2026-02-25 00:00:00,2026-12-03 23:58:49,418.0,Customer Dispute,user says upi pin was not entered by them.,Pending Bank,2026-03-21 23:58:00,Medium,IVR,Unmatched,Unmatched,Matched,USR19121,MCH1126,Mismatch,Mismatch
CBK0000208,TXN00011412,USR90908,MCH1460,2026-05-01 00:00:00,,1142.95,Merchant Not Delivered,user says upi pin was not entered by them.,Rejected,2026-02-04 00:00:00,Low,IVR,Unmatched,Unmatched,Matched,USR15179,MCH5182,Mismatch,Mismatch
CBK0002160,TXN00003789,USR91387,MCH3992,2026-09-03 00:00:00,2026-03-13 00:02:43,1061.09,Customer Dispute,complaint received after multiple failed attempts.,Pending Bank,2026-03-31 00:00:00,Medium,Call Center,Unmatched,Unmatched,Matched,USR13008,MCH7662,Mismatch,Mismatch
CBK0002355,TXN00010287,USR83793,MCH2036,2026-02-28 07:09:59,2026-03-03 00:00:00,852.14,Merchant Not Delivered,user says upi pin was not entered by them.,Resolved,,Critical,Chatbot,Unmatched,Unmatched,Matched,USR67965,MCH7767,Mismatch,Mismatch
CBK0001555,TXN00010998,USR55626,MCH3270,2026-03-23 00:00:00,2026-03-23 23:29:00,1074.0,Unauthorized Transaction,merchant service was not delivered after payment. na,Closed,2026-04-03 00:00:00,Critical,Call Center,Unmatched,Matched,Matched,USR88063,MCH3992,Mismatch,Mismatch
CBK0000947,TXN00013726,USR83095,MCH5410,2026-03-28 00:00:00,2026-03-29 11:05:48,6019.31,Duplicate Debit,suspicious high-value payment disputed by customer.,In Progress,,High,Branch,Matched,Matched,Matched,USR60002,MCH6365,Mismatch,Mismatch
CBK0002261,TXN00000527,USR82246,MCH6318,2026-01-18 00:00:00,2026-01-20 00:00:00,3784.42,Duplicate Debit,customer complaint text unclear due to poor call center notes.,In Progress,2026-01-29 03:15:21,Low,Branch,Unmatched,Unmatched,Matched,USR90135,MCH9748,Mismatch,Mismatch
CBK0001921,TXN00018097,USR29054,MCH8796,,2026-02-27 00:00:00,2522.66,Merchant Not Delivered,complaint received after multiple failed attempts.,Closed,2026-03-03 02:06:00,High,IVR,Unmatched,Unmatched,Matched,USR41962,MCH9753,Mismatch,Mismatch
CBK0000150,TXN00004153,USR21449,MCH8072,2026-03-21 00:00:00,2026-03-22 00:00:00,3630.27,Fraud,suspicious high-value payment disputed by customer.,In Progress,2026-03-24 09:18:00,High,App,Unmatched,Unmatched,Matched,USR46144,MCH9645,Mismatch,Mismatch
CBK0001255,,USR63146,MCH9614,2026-02-21 00:00:00,2026-02-27 00:00:00,1677.54,Merchant Not Delivered,customer says transaction was not authorized.,In Progress,2026-02-27 00:00:00,Low,Chatbot,Unmatched,Unmatched,Unmatched,,,Not Applicable,Not Applicable
CBK0002165,TXN00011788,USR69706,MCH3368,2026-04-01 00:00:00,2026-07-01 00:00:00,4428.67,Duplicate Debit,customer says amount was debited twice. details missing,Rejected,2026-01-16 00:00:00,Low,IVR,Matched,Unmatched,Matched,USR99851,MCH1844,Mismatch,Mismatch
CBK0001143,TXN00010812,USR29995,MCH2068,2026-02-11 00:00:00,2026-02-13 00:00:00,752.91,Duplicate Debit,user says upi pin was not entered by them.,Pending Bank,2026-03-14 00:00:00,Low,Chatbot,Unmatched,Unmatched,Matched,USR71905,MCH3632,Mismatch,Mismatch
CBK0001369,TXN00016708,USR40818,MCH6534,,,2567.69,Fraud,customer says amount was debited twice.,Pending Bank,2026-02-27 00:00:00,Medium,IVR,Matched,Unmatched,Matched,USR34141,MCH4326,Mismatch,Mismatch
CBK0001216,TXN00002147,USR51748,MCH7793,2026-01-25 00:00:00,2026-01-28 00:00:00,1064.06,Unauthorized Transaction,complaint received after multiple failed attempts.,Rejected,,High,Branch,Unmatched,Unmatched,Matched,USR41508,MCH7078,Mismatch,Mismatch
CBK0000495,TXN00010199,USR31808,MCH4590,2026-01-17 00:00:00,2026-01-27 00:00:00,3450.0,Merchant Not Delivered,customer says transaction was not authorized.,In Progress,2026-07-02 00:00:00,High,IVR,Unmatched,Unmatched,Matched,USR86226,MCH7368,Mismatch,Mismatch
CBK0002274,TXN00008466,USR84517,MCH6508,2026-01-21 00:00:00,2026-01-23 00:00:00,494.63,Fraud,user claims account was compromised before transaction.,Pending Bank,,Medium,IVR,Matched,Matched,Matched,USR27725,MCH8668,Mismatch,Mismatch
CBK0000001,TXN00000797,USR85565,MCH8779,2026-04-02 20:55:03,2026-03-02 00:00:00,1020.66,Service Failed,suspicious high-value payment disputed by customer. details missing,Resolved,2026-02-13 00:00:00,Low,Email,Matched,Matched,Matched,USR89619,MCH7183,Mismatch,Mismatch
CBK0000101,TXN00010812,USR81116,MCH4055,,2026-04-04 00:00:00,3506.0,Duplicate Debit,payment made to unknown merchant as per customer statement.,In Progress,2026-05-04 00:00:00,Low,Chatbot,Matched,Matched,Matched,USR71905,MCH3632,Mismatch,Mismatch
CBK0001075,TXN00013358,USR12571,MCH7477,,2026-02-27 00:00:00,2097.39,Merchant Not Delivered,customer says transaction was not authorized.,Rejected,2026-03-16 00:00:00,Low,Chatbot,Unmatched,Unmatched,Matched,USR22302,MCH7550,Mismatch,Mismatch
CBK0000412,TXN00007488,USR50260,MCH1591,2026-01-14 05:30:00,2026-02-13 00:00:00,384.26,Incorrect Amount,user reports money deducted but merchant denies receiving payment.,Pending Bank,2026-02-19 00:00:00,High,IVR,Matched,Matched,Matched,USR18563,MCH7002,Mismatch,Mismatch
CBK0001587,TXN00016352,USR29556,MCH9289,2026-01-14 00:00:00,2026-01-18 00:00:00,6616.61,Merchant Not Delivered,complaint received after multiple failed attempts.,Open,2026-01-18 00:00:00,Medium,Chatbot,Matched,Matched,Matched,USR29890,MCH6342,Mismatch,Mismatch
CBK0001232,TXN00009374,USR51626,MCH6929,2026-03-01 00:00:00,2026-06-01 09:58:50,,Duplicate Debit,user says upi pin was not entered by them.,Rejected,2026-01-28 00:00:00,Low,IVR,Unmatched,Unmatched,Matched,USR92750,MCH5495,Mismatch,Mismatch
CBK0000381,TXN00014178,USR27107,MCH3113,2026-01-05 17:14:00,2026-11-01 00:00:00,431.5,Duplicate Debit,customer says transaction was not authorized.,Rejected,2026-01-27 00:00:00,Low,IVR,Matched,Unmatched,Matched,USR12757,MCH6181,Mismatch,Mismatch
CBK0002726,TXN00003733,USR34851,MCH8714,2026-10-01 00:00:00,2026-01-12 06:21:00,,Fraud,customer says amount was debited twice.,Rejected,2026-02-09 00:00:00,Low,Chatbot,Matched,Matched,Matched,USR86491,MCH9051,Mismatch,Mismatch
CBK0000805,TXN00009314,USR13620,MCH3239,2026-01-21 00:00:00,2026-01-24 00:00:00,766.0,Customer Dispute,user says upi pin was not entered by them.,In Progress,,Low,Email,Unmatched,Unmatched,Matched,USR89578,MCH4870,Mismatch,Mismatch
CBK0000901,TXN00012155,USR12240,MCH4226,2026-02-27 00:00:00,2026-03-04 15:39:00,348.42,Customer Dispute,customer says amount was debited twice.,In Progress,2026-12-03 15:39:05,Medium,App,Unmatched,Unmatched,Matched,USR31102,MCH4369,Mismatch,Mismatch
CBK0002226,TXN00005923,USR15487,MCH2547,2026-01-26 00:00:00,2026-02-06 03:51:00,1759.97,Unauthorized Transaction,customer says transaction was not authorized.,Resolved,2026-02-20 00:00:00,Medium,Email,Matched,Unmatched,Matched,USR68854,MCH5028,Mismatch,Mismatch
CBK0000630,TXN00019233,USR41212,MCH3129,2026-01-03 00:00:00,2026-03-08 15:33:27,1007.91,Fraud,user reports money deducted but merchant denies receiving payment.,Rejected,2026-03-28 00:00:00,Low,Email,Matched,Matched,Matched,USR45648,MCH1744,Mismatch,Mismatch
CBK0000965,TXN00009897,USR16439,MCH2212,2026-01-11 00:00:00,2026-01-12 00:00:00,1827.19,Incorrect Amount,user claims account was compromised before transaction.,Rejected,2026-01-14 00:00:00,High,Call Center,Unmatched,Matched,Matched,USR33746,MCH5017,Mismatch,Mismatch
CBK0001952,TXN00013367,USR59329,MCH3526,2026-01-08 00:00:00,2026-11-01 00:00:00,18514.67,Fraud,user claims account was compromised before transaction.,In Progress,2026-01-20 01:50:10,Low,Email,Unmatched,Unmatched,Matched,USR69904,MCH5589,Mismatch,Mismatch
CBK0001962,TXN00008141,USR88930,MCH5655,2026-01-21 00:00:00,2026-01-27 00:00:00,4306.86,Fraud,customer complaint text unclear due to poor call center notes.,Pending Bank,2026-06-02 06:00:00,Medium,App,Unmatched,Unmatched,Matched,USR59825,MCH9408,Mismatch,Mismatch
CBK0000785,TXN00012403,USR98061,MCH9923,2026-03-24 00:00:00,2026-03-29 08:53:42,,Customer Dispute,user claims account was compromised before transaction. details missing,Pending Bank,2026-03-29 00:00:00,Critical,Branch,Unmatched,Unmatched,Matched,USR97522,MCH3472,Mismatch,Mismatch
CBK0000492,TXN00008504,USR51736,MCH8181,2026-01-12 00:00:00,2026-01-15 03:05:53,303.99,Duplicate Debit,customer complaint text unclear due to poor call center notes.,In Progress,,Low,IVR,Matched,Matched,Matched,USR82187,MCH4111,Mismatch,Mismatch
CBK0001072,TXN00006554,USR20930,MCH7833,2026-01-11 00:00:00,2026-02-11 00:00:00,4172.97,Merchant Not Delivered,merchant service was not delivered after payment.,In Progress,2026-04-03 00:59:16,Medium,Email,Matched,Matched,Matched,USR91797,MCH4319,Mismatch,Mismatch
CBK0002427,TXN00003973,USR79707,MCH2266,,2026-03-23 01:55:27,2121.87,Incorrect Amount,user reports money deducted but merchant denies receiving payment.,Pending Bank,2026-04-14 01:55:27,Low,Email,Matched,Matched,Matched,USR52661,MCH4055,Mismatch,Mismatch
CBK0000433,TXN00046623,USR96958,MCH2105,2026-03-03 11:55:57,2026-03-05 12:55:00,6432.0,Fraud,user claims account was compromised before transaction.,Open,,High,Chatbot,Unmatched,Matched,Unmatched,,,Not Applicable,Not Applicable
CBK0001685,TXN00009635,USR26009,MCH8203,2026-01-29 11:05:25,2026-02-13 00:00:00,1538.91,Duplicate Debit,user reports money deducted but merchant denies receiving payment.,Pending Bank,2026-02-13 00:00:00,Low,Chatbot,Unmatched,Matched,Matched,USR24406,MCH6217,Mismatch,Mismatch
CBK0001581,TXN00096928,USR33856,MCH8779,2026-01-06 00:00:00,2026-08-01 02:03:43,2456.94,Customer Dispute,payment made to unknown merchant as per customer statement.,In Progress,2026-01-20 00:00:00,Low,Call Center,Unmatched,Matched,Unmatched,,,Not Applicable,Not Applicable
CBK0002730,TXN00004070,USR84719,MCH4590,2026-02-15 00:00:00,2026-02-16 00:00:00,3047.23,Account Compromised,complaint received after multiple failed attempts.,Pending Bank,2026-02-26 00:00:00,Medium,Chatbot,Matched,Unmatched,Matched,USR36829,MCH1508,Mismatch,Mismatch
CBK0000523,TXN00014885,USR52281,MCH1833,2026-01-16 00:00:00,2026-01-26 00:00:00,573.0,Customer Dispute,complaint received after multiple failed attempts.,In Progress,2026-02-10 00:00:00,High,Chatbot,Unmatched,Matched,Matched,USR99056,MCH8900,Mismatch,Mismatch
CBK0000301,TXN00016908,USR68915,MCH4590,,2026-03-26 00:00:00,2938.45,Account Compromised,payment made to unknown merchant as per customer statement.,In Progress,2026-03-29 02:20:18,Low,App,Unmatched,Unmatched,Matched,USR90514,MCH9057,Mismatch,Mismatch
CBK0000742,TXN00007076,USR36630,MCH5264,2026-02-26 00:00:00,2026-02-28 00:00:00,533.33,Service Failed,customer complaint text unclear due to poor call center notes.,Pending Bank,2026-03-23 11:58:36,Medium,App,Matched,Unmatched,Matched,USR66293,MCH8122,Mismatch,Mismatch
CBK0002215,TXN00007143,USR62254,MCH6359,,2026-01-29 00:00:00,2415.01,Customer Dispute,customer complaint text unclear due to poor call center notes.,Pending Bank,2026-02-28 00:00:00,Medium,App,Matched,Matched,Matched,USR51293,MCH6963,Mismatch,Mismatch
CBK0000062,TXN00012210,USR39698,MCH5302,2026-01-22 10:10:40,2026-01-25 00:00:00,1467.32,Incorrect Amount,customer says amount was debited twice.,Closed,,High,IVR,Unmatched,Unmatched,Matched,USR82715,MCH9199,Mismatch,Mismatch
CBK0002222,TXN00017740,USR92520,MCH5264,2026-02-18 17:42:00,2026-02-19 04:42:00,2328.0,Service Failed,user claims account was compromised before transaction.,In Progress,2026-02-20 04:42:36,Medium,Chatbot,Unmatched,Unmatched,Matched,USR38917,MCH4919,Mismatch,Mismatch
CBK0001068,TXN00011141,USR85237,MCH9377,2026-01-13 20:39:53,2026-01-14 00:00:00,1466.29,Merchant Not Delivered,user says upi pin was not entered by them.,Closed,2026-01-26 00:00:00,Medium,IVR,Unmatched,Matched,Matched,USR51735,MCH1430,Mismatch,Mismatch
CBK0000903,TXN00009145,USR87189,MCH8391,2026-01-14 00:00:00,2026-01-14 00:00:00,1922.11,Unauthorized Transaction,customer says transaction was not authorized.,In Progress,2026-01-19 18:38:44,Low,IVR,Matched,Matched,Matched,USR79576,MCH4583,Mismatch,Mismatch
CBK0001360,TXN00018073,USR38459,MCH1267,2026-01-17 05:43:30,2026-01-18 00:00:00,171.37,Merchant Not Delivered,user claims account was compromised before transaction.,Pending Bank,2026-01-30 00:00:00,Low,Call Center,Matched,Matched,Matched,USR41501,MCH8302,Mismatch,Mismatch
CBK0002773,TXN00003172,USR63475,MCH3441,2026-02-09 00:00:00,2026-02-11 00:00:00,3809.65,Incorrect Amount,user reports money deducted but merchant denies receiving payment.,Open,2026-03-03 00:00:00,Low,Chatbot,Unmatched,Matched,Matched,USR32882,MCH8755,Mismatch,Mismatch
CBK0001595,TXN00019657,USR11057,MCH7114,2026-03-10 01:00:24,2026-03-20 14:00:00,18735.0,Customer Dispute,merchant service was not delivered after payment.,Closed,2026-04-13 00:00:00,Medium,App,Unmatched,Unmatched,Matched,USR94135,MCH3215,Mismatch,Mismatch
CBK0001556,TXN00003293,USR34180,MCH4663,2026-03-09 21:48:00,,2045.0,Duplicate Debit,user reports money deducted but merchant denies receiving payment.,Resolved,2026-03-22 00:00:00,Medium,Email,Unmatched,Unmatched,Matched,USR10529,MCH3199,Mismatch,Mismatch
CBK0001298,TXN00007668,USR64776,MCH6492,2026-02-13 00:00:00,2026-02-16 00:00:00,872.83,Account Compromised,complaint received after multiple failed attempts.,Rejected,2026-03-02 00:00:00,Low,IVR,Unmatched,Matched,Matched,USR32925,MCH4783,Mismatch,Mismatch
CBK0002671,TXN00018559,USR95364,MCH3979,2026-02-16 00:00:00,2026-02-17 02:27:10,9404.0,Account Compromised,user says upi pin was not entered by them.,Rejected,2026-03-14 02:27:10,Low,Call Center,Unmatched,Unmatched,Matched,USR97499,MCH2090,Mismatch,Mismatch
CBK0000319,,USR75218,MCH7937,2026-03-23 19:09:00,2026-03-25 00:00:00,659.11,Incorrect Amount,user reports money deducted but merchant denies receiving payment.,Rejected,2026-01-04 00:00:00,Low,IVR,Matched,Unmatched,Unmatched,,,Not Applicable,Not Applicable
CBK0000794,TXN00013962,USR28913,MCH9984,2026-01-12 10:51:00,2026-01-28 00:00:00,1826.0,Merchant Not Delivered,user claims account was compromised before transaction.,Closed,,Medium,Email,Unmatched,Matched,Matched,USR17289,MCH1249,Mismatch,Mismatch
CBK0000484,TXN00005084,USR96003,MCH8682,2026-06-03 05:20:24,2026-08-03 00:00:00,12351.07,Merchant Not Delivered,customer says amount was debited twice.,Pending Bank,2026-03-30 23:20:24,Low,IVR,Unmatched,Unmatched,Matched,USR40699,MCH4107,Mismatch,Mismatch
CBK0002284,TXN00019560,USR71503,MCH7874,2026-01-17 12:10:09,2026-01-19 00:00:00,4923.1,Merchant Not Delivered,complaint received after multiple failed attempts.,In Progress,2026-02-05 00:00:00,Critical,App,Matched,Unmatched,Matched,USR29662,MCH6454,Mismatch,Mismatch
CBK0001920,TXN00011275,USR18736,MCH4473,2026-02-21 00:00:00,2026-02-17 00:00:00,10469.69,Account Compromised,user claims account was compromised before txn.,In Progress,2026-02-23 12:13:00,High,App,Unmatched,Unmatched,Matched,USR70532,MCH4937,Mismatch,Mismatch
CBK0000338,TXN00014545,USR52948,MCH4069,2026-02-28 00:00:00,2026-06-03 00:00:00,1623.27,Customer Dispute,customer says amount was debited twice.,Closed,,Critical,Chatbot,Unmatched,Unmatched,Matched,USR40808,MCH6316,Mismatch,Mismatch
CBK0002530,TXN00008558,USR71564,MCH4848,2026-01-29 00:00:00,2026-02-01 06:28:44,1053.3,Unauthorized Transaction,user says upi pin was not entered by them. call dropped,Closed,2026-02-17 06:28:44,High,IVR,Unmatched,Matched,Matched,USR54625,MCH9890,Mismatch,Mismatch
CBK0002211,TXN00013107,USR37685,MCH8309,2026-01-17 04:52:50,2026-01-18 00:00:00,2345.09,Duplicate Debit,customer complaint text unclear due to poor call center notes.,In Progress,2026-01-24 00:00:00,High,IVR,Matched,Unmatched,Matched,USR34733,MCH9675,Mismatch,Mismatch
CBK0000646,TXN00018578,USR49324,MCH3174,2026-01-03 01:31:22,2026-02-03 00:00:00,4970.0,Account Compromised,user says upi pin was not entered by them.,In Progress,2026-11-03 00:00:00,Medium,Chatbot,Unmatched,Unmatched,Matched,USR15602,MCH5256,Mismatch,Mismatch
CBK0002328,TXN00016836,USR20310,MCH6341,2026-02-12 16:33:00,2026-02-14 00:00:00,,Duplicate Debit,customer says transaction was not authorized.,In Progress,,Medium,App,Matched,Unmatched,Matched,USR41373,MCH6523,Mismatch,Mismatch
CBK0001817,TXN00010816,USR54649,MCH5999,2026-01-20 00:00:00,2026-01-21 00:00:00,1622.49,Customer Dispute,customer complaint text unclear due to poor call center notes.,In Progress,2026-01-27 00:00:00,Critical,Chatbot,Matched,Matched,Matched,USR93008,MCH5111,Mismatch,Mismatch
CBK0000700,TXN00001244,USR88147,MCH2972,2026-02-13 00:00:00,2026-03-31 00:00:00,1404.94,Service Failed,user claims account was compromised before transaction.,In Progress,2026-04-04 00:00:00,Medium,Chatbot,Unmatched,Unmatched,Matched,USR67624,MCH8663,Mismatch,Mismatch
CBK0000223,TXN00005582,USR74418,MCH4130,2026-02-19 15:03:20,,16352.81,Fraud,user claims account was compromised before transaction.,Resolved,2026-02-25 03:03:20,High,Call Center,Unmatched,Unmatched,Matched,USR89504,MCH6961,Mismatch,Mismatch
CBK0000775,TXN00004439,USR27107,MCH7732,2026-01-21 00:00:00,2026-01-24 00:00:00,1706.04,Merchant Not Delivered,merchant service was not delivered after payment.,Rejected,,High,IVR,Matched,Unmatched,Matched,USR15039,MCH8618,Mismatch,Mismatch
CBK0000625,TXN00000101,USR93581,MCH5578,2026-02-16 00:00:00,2026-02-19 00:00:00,703.07,Merchant Not Delivered,customer says transaction was not authorized.,Resolved,,Critical,App,Unmatched,Unmatched,Matched,USR92132,MCH9364,Mismatch,Mismatch
CBK0001883,TXN00014046,USR51538,MCH5600,2026-03-18 00:00:00,2026-03-20 13:07:18,4405.58,Merchant Not Delivered,user says upi pin was not entered by them.,Pending Bank,2026-03-25 00:00:00,Low,App,Unmatched,Unmatched,Matched,USR96932,MCH5698,Mismatch,Mismatch
CBK0000292,,USR21921,MCH4375,2026-03-15 21:06:18,2026-03-21 00:00:00,,Incorrect Amount,complaint received after multiple failed attempts. details missing,In Progress,2026-03-27 00:00:00,Low,Branch,Unmatched,Matched,Unmatched,,,Not Applicable,Not Applicable
CBK0001167,TXN00007185,USR30821,MCH4473,2026-03-14 00:00:00,2026-03-15 00:00:00,,Unauthorized Transaction,customer says amount was debited twice.,Closed,2026-03-28 06:08:16,Medium,IVR,Unmatched,Unmatched,Matched,USR73564,MCH3054,Mismatch,Mismatch
CBK0001821,TXN00015418,USR40538,MCH3027,2026-09-02 00:00:00,2026-07-02 19:59:09,2520.29,Incorrect Amount,payment made to unknown merchant as per customer statement.,Pending Bank,,Medium,IVR,Unmatched,Unmatched,Matched,USR68191,MCH6764,Mismatch,Mismatch
CBK0001959,TXN00011213,USR97266,MCH6311,2026-03-23 11:07:04,,1071.93,Account Compromised,customer complaint text unclear due to poor call center notes.,Resolved,,Low,Email,Unmatched,Unmatched,Matched,USR66387,MCH5314,Mismatch,Mismatch
CBK0001011,TXN00016394,USR71985,MCH8514,2026-02-24 05:25:21,2026-11-03 17:25:21,,Merchant Not Delivered,user reports money deducted but merchant denies receiving payment.,Open,,High,Chatbot,Matched,Unmatched,Matched,USR88277,MCH8539,Mismatch,Mismatch
CBK0001468,TXN00016367,USR57411,MCH5305,2026-03-12 10:03:31,2026-03-11 00:00:00,6490.82,Customer Dispute,payment made to unknown merchant as per customer statement.,In Progress,,Medium,Email,Matched,Matched,Matched,USR66799,MCH6690,Mismatch,Mismatch
CBK0002451,TXN00008228,USR86411,MCH8154,2026-01-13 05:23:00,2026-01-18 00:00:00,443.81,Unauthorized Transaction,customer complaint text unclear due to poor call center notes.,Resolved,2026-01-29 09:23:00,Low,Email,Unmatched,Matched,Matched,USR16925,MCH2187,Mismatch,Mismatch
CBK0000026,TXN00001919,USR39089,MCH5042,2026-03-03 00:00:00,2026-05-03 00:00:00,1859.77,Merchant Not Delivered,complaint received after multiple failed attempts.,Rejected,2026-03-27 22:56:15,Low,IVR,Matched,Matched,Matched,USR25687,MCH1036,Mismatch,Mismatch
CBK0002558,TXN00011898,USR64312,MCH7218,2026-01-14 19:22:13,2026-01-18 00:00:00,2771.91,Duplicate Debit,customer complaint text unclear due to poor call center notes.,Rejected,2026-02-04 00:00:00,Low,Branch,Unmatched,Matched,Matched,USR14414,MCH4865,Mismatch,Mismatch
CBK0001307,TXN00008095,USR42956,MCH9637,2026-11-03 05:18:57,2026-03-15 03:18:57,,Customer Dispute,user claims account was compromised before transaction.,In Progress,2026-03-26 00:00:00,High,Branch,Matched,Matched,Matched,USR12021,MCH8824,Mismatch,Mismatch
CBK0001225,TXN00015094,USR34566,MCH5674,2026-03-03 00:00:00,2026-05-03 00:00:00,12640.85,Duplicate Debit,customer complaint text unclear due to poor call center notes.,Pending Bank,,Low,App,Unmatched,Matched,Matched,USR71426,MCH7058,Mismatch,Mismatch
CBK0000822,TXN00005564,USR76792,MCH6388,2026-03-15 00:00:00,2026-03-16 02:35:00,1858.07,Merchant Not Delivered,customer says amount was debited twice.,Pending Bank,2026-04-08 02:35:00,Medium,IVR,Unmatched,Matched,Matched,USR47596,MCH8565,Mismatch,Mismatch
CBK0000596,TXN00006654,USR37722,MCH4208,2026-01-02 00:00:00,2026-01-08 17:27:00,2733.0,Unauthorized Transaction,user reports money deducted but merchant denies receiving payment.,Closed,,Low,Chatbot,Unmatched,Matched,Matched,USR57669,MCH7202,Mismatch,Mismatch
CBK0001259,TXN00012199,USR39404,MCH2849,2026-03-30 00:00:00,2026-06-04 00:00:00,879.0,Customer Dispute,user claims account was compromised before transaction.,Open,2026-04-13 00:00:00,Low,Chatbot,Matched,Matched,Matched,USR37506,MCH8775,Mismatch,Mismatch
CBK0001764,TXN00007180,USR97480,MCH8142,2026-01-31 00:00:00,2026-02-01 00:00:00,671.37,Service Failed,user reports money deducted but merchant denies receiving payment.,Pending Bank,2026-02-10 00:00:00,High,Email,Unmatched,Matched,Matched,USR63855,MCH5748,Mismatch,Mismatch
CBK0002513,TXN00003753,USR11110,MCH5076,2026-03-01 00:00:00,2026-06-01 09:06:26,691.4,Customer Dispute,suspicious high-value payment disputed by customer.,Pending Bank,2026-01-29 09:06:00,Medium,Call Center,Unmatched,Unmatched,Matched,USR26110,MCH4089,Mismatch,Mismatch
CBK0001370,TXN00017169,USR14813,MCH6201,2026-03-05 07:45:00,2026-12-03 00:00:00,696.63,Incorrect Amount,complaint received after multiple failed attempts.,Rejected,2026-03-14 07:45:00,Low,Branch,Matched,Unmatched,Matched,USR35305,MCH8764,Mismatch,Mismatch
CBK0002247,TXN00013006,USR65627,MCH4411,2026-02-19 23:35:31,2026-02-21 00:00:00,1637.49,Fraud,user says upi pin was not entered by them.,Resolved,2026-03-21 00:00:00,Medium,App,Unmatched,Matched,Matched,USR27208,MCH7061,Mismatch,Mismatch
CBK0000563,TXN00011206,USR97772,MCH7503,2026-02-17 00:00:00,2026-02-19 20:32:51,,Duplicate Debit,complaint received after multiple failed attempts.,Rejected,2026-02-28 00:00:00,Low,Chatbot,Matched,Matched,Matched,USR91091,MCH3213,Mismatch,Mismatch
CBK0000347,TXN00015951,USR35882,MCH6839,2026-03-01 00:00:00,2026-03-02 22:57:12,607.62,Fraud,customer says amount was debited twice.,Pending Bank,2026-03-10 00:00:00,Medium,Call Center,Unmatched,Matched,Matched,USR67313,MCH9874,Mismatch,Mismatch
CBK0002509,TXN00002022,USR85958,MCH7739,,2026-02-22 16:14:00,7834.45,Unauthorized Transaction,merchant service was not delivered after payment.,Resolved,2026-03-15 00:00:00,High,Call Center,Unmatched,Unmatched,Matched,USR33647,MCH5134,Mismatch,Mismatch
CBK0002177,TXN00018087,USR50619,MCH1160,2026-07-01 00:00:00,2026-01-15 00:00:00,2152.04,Merchant Not Delivered,customer says transaction was not authorized.,Rejected,2026-01-22 00:00:00,Low,Call Center,Unmatched,Unmatched,Matched,USR30849,MCH7873,Mismatch,Mismatch
CBK0001158,TXN00016429,USR80809,MCH9349,2026-01-10 00:00:00,2026-01-12 05:11:00,276.59,Merchant Not Delivered,payment made to unknown merchant as per customer statement.,Resolved,2026-01-17 05:11:04,Medium,Branch,Unmatched,Matched,Matched,USR21327,MCH9841,Mismatch,Mismatch
CBK0000277,TXN00013423,USR88037,MCH4048,2026-11-01 00:00:00,2026-01-14 07:32:19,498.7,Merchant Not Delivered,customer says amount was debited twice.,Pending Bank,,Medium,App,Matched,Matched,Matched,USR42503,MCH7530,Mismatch,Mismatch
CBK0001620,TXN00013592,USR47384,MCH9347,,2026-02-08 00:00:00,1528.43,Merchant Not Delivered,user says upi pin was not entered by them.,Closed,2026-02-27 09:15:00,Low,App,Matched,Unmatched,Matched,USR46429,MCH2042,Mismatch,Mismatch
CBK0000264,TXN00012389,USR77084,MCH4475,2026-01-23 11:24:20,2026-01-28 00:00:00,1247.52,Duplicate Debit,customer complaint text unclear due to poor call center notes. call dropped,In Progress,,Low,Email,Matched,Matched,Matched,USR16140,MCH5920,Mismatch,Mismatch
CBK0000105,TXN00004321,USR86889,MCH1166,,2026-03-27 00:00:00,2032.79,Merchant Not Delivered,customer complaint text unclear due to poor call center notes.,Open,2026-01-04 06:28:32,Low,App,Unmatched,Unmatched,Matched,USR74272,MCH7649,Mismatch,Mismatch
CBK0001461,,USR21469,MCH3425,2026-02-26 00:00:00,2026-02-28 21:04:00,1041.71,Account Compromised,user reports money deducted but merchant denies receiving payment.,In Progress,2026-03-24 00:00:00,Low,Branch,Unmatched,Unmatched,Unmatched,,,Not Applicable,Not Applicable
CBK0000459,TXN00018065,USR75856,MCH6850,2026-02-11 19:04:00,2026-02-14 14:04:54,4568.57,Fraud,merchant service was not delivered after payment.,Open,2026-03-01 14:04:00,Low,IVR,Matched,Unmatched,Matched,USR64590,MCH4060,Mismatch,Mismatch
CBK0001462,TXN00002045,USR58805,MCH2842,2026-03-02 00:00:00,2026-01-03 00:00:00,3144.27,Unauthorized Transaction,suspicious high-value payment disputed by customer.,In Progress,2026-03-21 12:45:23,Medium,Email,Unmatched,Matched,Matched,USR28531,MCH8276,Mismatch,Mismatch
CBK0002257,TXN00041888,USR36095,MCH2102,2026-02-17 00:00:00,,3064.59,Merchant Not Delivered,customer says transaction was not authorized.,Rejected,2026-03-15 00:00:00,High,Branch,Unmatched,Matched,Unmatched,,,Not Applicable,Not Applicable
CBK0002657,TXN00017047,USR97927,MCH9426,2026-01-26 00:00:00,2026-05-02 00:00:00,1731.53,Fraud,complaint received after multiple failed attempts.,In Progress,2026-03-04 00:00:00,Low,Call Center,Unmatched,Matched,Matched,USR61500,MCH8566,Mismatch,Mismatch
CBK0000483,,USR36499,MCH5954,2026-03-28 16:40:00,2026-03-31 00:00:00,2047.0,Merchant Not Delivered,user reports money deducted but merchant denies receiving payment.,Pending Bank,2026-04-19 15:40:00,Low,App,Unmatched,Matched,Unmatched,,,Not Applicable,Not Applicable
CBK0001914,TXN00009715,USR93782,MCH5614,2026-02-12 00:00:00,2026-02-13 03:25:21,1483.0,Fraud,suspicious high-value payment disputed by customer.,Open,2026-02-24 00:00:00,Critical,App,Unmatched,Unmatched,Matched,USR32457,MCH8119,Mismatch,Mismatch
CBK0002052,TXN00019589,USR55253,MCH4612,2026-03-16 00:00:00,2026-03-17 00:00:00,2150.0,Customer Dispute,user says upi pin was not entered by them.,Resolved,,High,Email,Matched,Unmatched,Matched,USR84792,MCH7951,Mismatch,Mismatch
CBK0002592,TXN00003766,USR79094,MCH8315,2026-01-17 13:54:40,2026-01-21 00:00:00,587.08,Account Compromised,suspicious high-value payment disputed by customer.,Pending Bank,2026-01-28 00:00:00,Medium,Email,Unmatched,Unmatched,Matched,USR36855,MCH5744,Mismatch,Mismatch
CBK0001281,TXN00018888,USR76747,MCH3704,,2026-04-17 00:00:00,,Incorrect Amount,user reports money deducted but merchant denies receiving payment.,Rejected,2026-05-04 06:27:57,Medium,IVR,Matched,Unmatched,Matched,USR60989,MCH6651,Mismatch,Mismatch
CBK0001484,TXN00014252,USR18345,MCH7982,2026-03-15 00:00:00,2026-10-03 00:00:00,5943.18,Customer Dispute,payment made to unknown merchant as per customer statement.,Open,,Critical,App,Unmatched,Matched,Matched,USR34441,MCH2102,Mismatch,Mismatch
CBK0001969,TXN00002091,USR88037,MCH7819,2026-03-21 00:00:00,2026-03-29 07:59:18,497.48,Account Compromised,payment made to unknown merchant as per customer statement.,Rejected,,High,IVR,Matched,Unmatched,Matched,USR60961,MCH6701,Mismatch,Mismatch
CBK0000333,TXN00009429,USR43447,MCH6659,2026-03-06 05:06:00,2026-03-13 17:06:24,1275.75,Merchant Not Delivered,complaint received after multiple failed attempts.,In Progress,2026-03-30 00:00:00,Low,App,Unmatched,Unmatched,Matched,USR62336,MCH3861,Mismatch,Mismatch
CBK0001285,TXN00011614,USR22620,MCH8730,2026-01-25 15:04:08,2026-01-26 00:00:00,459.43,Duplicate Debit,customer says amount was debited twice.,Resolved,2026-02-13 00:00:00,Medium,Chatbot,Unmatched,Matched,Matched,USR33631,MCH8267,Mismatch,Mismatch
CBK0001834,TXN00009538,USR93486,MCH1097,2026-03-25 23:42:00,2026-03-28 00:00:00,1124.0,Fraud,merchant service was not delivered after payment. call dropped,Closed,2026-12-04 00:00:00,Medium,Email,Matched,Matched,Matched,USR95032,MCH7014,Mismatch,Mismatch
CBK0000834,TXN00006801,USR60701,MCH8625,2026-01-04 16:40:24,2026-01-19 00:00:00,1623.25,Duplicate Debit,customer says amount was debited twice.,Closed,,High,IVR,Unmatched,Unmatched,Matched,USR29029,MCH5294,Mismatch,Mismatch
CBK0001644,TXN00015953,USR99110,MCH2723,,2026-03-20 00:00:00,,Merchant Not Delivered,merchant service was not delivered after payment.,Rejected,2026-03-31 12:00:12,Low,Chatbot,Unmatched,Matched,Matched,USR93447,MCH6727,Mismatch,Mismatch
CBK0002357,TXN00009106,USR64172,MCH7722,2026-05-03 00:00:00,2026-09-03 07:38:31,1104.0,Account Compromised,merchant service was not delivered after payment.,Rejected,2026-05-04 07:38:31,Medium,Chatbot,Unmatched,Unmatched,Matched,USR87136,MCH1079,Mismatch,Mismatch
CBK0001454,TXN00011270,USR25463,MCH7713,2026-12-01 23:29:29,2026-02-12 00:00:00,2315.0,Account Compromised,complaint received after multiple failed attempts.,Pending Bank,2026-03-14 00:00:00,Medium,IVR,Unmatched,Unmatched,Matched,USR64029,MCH4768,Mismatch,Mismatch
CBK0002467,TXN00018324,USR12011,MCH6969,2026-03-09 02:28:51,2026-03-11 00:00:00,1624.65,Incorrect Amount,customer says amount was debited twice.,In Progress,,Low,Call Center,Matched,Unmatched,Matched,USR75808,MCH4688,Mismatch,Mismatch
CBK0001570,TXN00015345,USR50434,MCH4720,2026-03-14 05:36:46,2026-03-21 13:36:00,891.13,Unauthorized Transaction,payment made to unknown merchant as per customer statement.,Resolved,,Low,Branch,Matched,Matched,Matched,USR16058,MCH5177,Mismatch,Mismatch
CBK0000899,TXN00019564,USR29187,MCH8779,2026-03-19 00:00:00,2026-03-20 00:00:00,17075.88,Duplicate Debit,user reports money deducted but merchant denies receiving payment.,In Progress,2026-04-04 08:18:37,Low,Email,Matched,Matched,Matched,USR55010,MCH2692,Mismatch,Mismatch
CBK0001181,TXN00009419,USR39500,MCH9291,2026-03-06 15:17:00,2026-04-21 00:00:00,16164.46,Merchant Not Delivered,complaint received after multiple failed attempts.,In Progress,,Low,IVR,Unmatched,Matched,Matched,USR19402,MCH6788,Mismatch,Mismatch
CBK0002788,TXN00007182,USR38163,MCH5980,2026-11-03 00:00:00,2026-03-13 01:58:00,7942.83,Customer Dispute,customer says transaction was not authorized.,In Progress,2026-03-24 00:00:00,Low,Branch,Unmatched,Matched,Matched,USR23051,MCH9898,Mismatch,Mismatch
CBK0000419,TXN00018842,USR61484,MCH8719,2026-03-13 16:46:00,2026-03-29 08:46:00,1397.32,Incorrect Amount,payment made to unknown merchant as per customer statement.,Closed,,Medium,Email,Matched,Matched,Matched,USR22336,MCH6678,Mismatch,Mismatch
CBK0001389,TXN00013530,USR54156,MCH6601,2026-09-01 13:45:32,2026-01-15 00:00:00,11913.51,Duplicate Debit,customer says transaction was not authorized.,In Progress,,Low,IVR,Unmatched,Unmatched,Matched,USR25728,MCH5796,Mismatch,Mismatch
CBK0000747,TXN00015384,USR91399,MCH3815,2026-02-21 00:00:00,2026-03-04 07:27:02,452.46,Customer Dispute,user claims account was compromised before transaction.,Closed,,Low,Chatbot,Matched,Unmatched,Matched,USR22270,MCH9642,Mismatch,Mismatch
CBK0002757,TXN00002386,USR65855,MCH2446,2026-07-01 14:37:01,2026-03-01 14:37:01,4215.68,Service Failed,customer says amount was debited twice.,Pending Bank,,Low,Call Center,Unmatched,Unmatched,Matched,USR59127,MCH3626,Mismatch,Mismatch
CBK0000332,TXN00005378,USR88270,MCH4590,2026-03-31 00:00:00,2026-05-16 14:52:28,1274.1,Merchant Not Delivered,complaint received after multiple failed attempts.,Open,2026-05-16 14:52:28,Medium,Call Center,Unmatched,Unmatched,Matched,USR98211,MCH7493,Mismatch,Mismatch
CBK0002051,TXN00008348,USR53527,MCH2721,,2026-01-25 00:00:00,7413.72,Duplicate Debit,user claims account was compromised before transaction.,Rejected,2026-02-23 23:19:00,Critical,Email,Unmatched,Unmatched,Matched,USR56110,MCH4054,Mismatch,Mismatch
CBK0002634,TXN00017469,USR67399,MCH4047,2026-02-04 00:00:00,2026-05-02 00:00:00,1016.01,Incorrect Amount,user reports money deducted but merchant denies receiving payment.,Rejected,2026-02-20 00:00:00,Low,IVR,Unmatched,Matched,Matched,USR31878,MCH6226,Mismatch,Mismatch
CBK0000497,TXN00001489,USR78501,MCH8779,2026-03-22 14:52:27,2026-05-07 01:52:00,6345.72,Merchant Not Delivered,merchant service was not delivered after payment.,Resolved,2026-05-19 00:00:00,High,App,Unmatched,Matched,Matched,USR25765,MCH5901,Mismatch,Mismatch
CBK0001504,TXN00058280,USR46847,MCH9988,,2026-01-31 00:00:00,834.87,Duplicate Debit,user says upi pin was not entered by them.,Open,2026-02-09 22:09:00,Medium,Branch,Matched,Matched,Unmatched,,,Not Applicable,Not Applicable
CBK0000746,TXN00006761,USR27533,MCH9632,2026-09-01 00:00:00,2026-01-16 00:00:00,1870.83,Duplicate Debit,customer complaint text unclear due to poor call center notes.,Open,2026-01-25 23:15:33,Medium,Chatbot,Matched,Matched,Matched,USR52039,MCH9042,Mismatch,Mismatch
CBK0000073,TXN00007186,USR55692,MCH9079,2026-02-14 01:49:22,2026-02-21 00:00:00,7193.48,Incorrect Amount,customer says amount was debited twice.,Rejected,2026-02-21 00:00:00,Medium,Email,Unmatched,Unmatched,Matched,USR47572,MCH3417,Mismatch,Mismatch
CBK0001239,,USR43165,MCH9882,,2026-02-28 00:00:00,8059.65,Incorrect Amount,customer says amount was debited twice.,Rejected,2026-02-28 00:00:00,Medium,App,Unmatched,Matched,Unmatched,,,Not Applicable,Not Applicable
CBK0000454,TXN00010362,USR13559,MCH3717,2026-01-02 00:00:00,2026-02-04 00:00:00,721.17,Duplicate Debit,payment made to unknown merchant as per customer statement.,Open,2026-10-02 00:00:00,Medium,Chatbot,Unmatched,Unmatched,Matched,USR10279,MCH9877,Mismatch,Mismatch
CBK0000202,TXN00003879,USR22628,MCH4977,2026-01-14 00:00:00,2026-01-20 00:00:00,2999.94,Duplicate Debit,customer says transaction was not authorized.,Pending Bank,2026-02-05 00:00:00,Low,IVR,Unmatched,Matched,Matched,USR83834,MCH4374,Mismatch,Mismatch
CBK0000384,TXN00007704,USR74500,MCH5267,2026-07-02 00:00:00,2026-02-09 00:00:00,1568.0,Incorrect Amount,customer says amount was debited twice.,Closed,,Low,Chatbot,Unmatched,Matched,Matched,USR87176,MCH5628,Mismatch,Mismatch
CBK0002015,TXN00003845,USR71348,MCH6074,2026-01-20 00:00:00,2026-01-23 00:00:00,2182.0,Account Compromised,customer says amount was debited twice.,Resolved,2026-02-18 00:40:34,High,Chatbot,Unmatched,Unmatched,Matched,USR67232,MCH1591,Mismatch,Mismatch
CBK0002359,TXN00004169,USR59679,MCH4473,2026-01-03 08:56:00,2026-01-08 00:00:00,13744.99,Fraud,customer complaint text unclear due to poor call center notes.,Closed,2026-01-16 14:56:06,Critical,Email,Unmatched,Unmatched,Matched,USR84473,MCH6822,Mismatch,Mismatch
CBK0001364,TXN00018217,USR92659,MCH6674,,,1300.73,Customer Dispute,user claims account was compromised before transaction.,Pending Bank,2026-01-06 00:00:00,High,Chatbot,Matched,Unmatched,Matched,USR55686,MCH2004,Mismatch,Mismatch
CBK0002379,TXN00008645,USR61509,MCH1914,2026-03-27 00:00:00,2026-03-29 00:00:00,3501.28,Account Compromised,complaint received after multiple failed attempts.,Rejected,,Medium,IVR,Matched,Unmatched,Matched,USR84883,MCH5530,Mismatch,Mismatch
CBK0000039,TXN00010340,USR89475,MCH2478,2026-01-07 12:28:00,2026-12-01 00:00:00,8382.0,Unauthorized Transaction,payment made to unknown merchant as per customer statement.,In Progress,2026-01-31 00:00:00,Medium,Chatbot,Matched,Matched,Matched,USR87087,MCH8343,Mismatch,Mismatch
CBK0002254,TXN00016982,USR48692,MCH4326,2026-01-08 00:00:00,2026-10-01 00:00:00,662.25,Fraud,user says upi pin was not entered by them.,Open,2026-01-27 22:58:49,Medium,App,Matched,Matched,Matched,USR64274,MCH6527,Mismatch,Mismatch
CBK0000443,TXN00003234,USR48070,MCH7286,2026-02-25 00:00:00,2026-02-26 00:00:00,8014.91,Fraud,suspicious high-value payment disputed by customer.,Rejected,2026-03-21 00:00:00,High,IVR,Unmatched,Unmatched,Matched,USR96324,MCH4464,Mismatch,Mismatch
CBK0001214,TXN00084117,USR58335,MCH8999,2026-02-06 00:00:00,2026-02-11 21:36:27,3956.74,Merchant Not Delivered,user reports money deducted but merchant denies receiving payment.,Closed,2026-02-27 00:00:00,High,Branch,Unmatched,Matched,Unmatched,,,Not Applicable,Not Applicable
CBK0002038,TXN00005021,USR23918,MCH2822,2026-02-15 01:06:00,2026-02-17 05:06:57,7640.62,Merchant Not Delivered,customer says transaction was not authorized.,Resolved,2026-01-03 00:00:00,Low,Email,Unmatched,Unmatched,Matched,USR27789,MCH3157,Mismatch,Mismatch
CBK0000298,TXN00003788,USR83977,MCH4437,2026-03-02 23:13:39,2026-02-05 03:13:00,5092.34,Merchant Not Delivered,merchant service was not delivered after payment.,Pending Bank,2026-02-24 00:00:00,Low,Chatbot,Unmatched,Unmatched,Matched,USR29884,MCH5955,Mismatch,Mismatch
CBK0001464,TXN00032619,USR22277,MCH4473,2026-01-02 00:00:00,2026-01-05 19:21:00,2826.04,Merchant Not Delivered,user claims account was compromised before transaction.,Resolved,2026-01-30 00:00:00,Medium,Email,Unmatched,Unmatched,Unmatched,,,Not Applicable,Not Applicable
CBK0001736,TXN00006569,USR82594,MCH5200,2026-03-07 00:00:00,2026-09-03 00:00:00,3352.04,Merchant Not Delivered,merchant service was not delivered after payment. details missing,Resolved,,High,App,Unmatched,Matched,Matched,USR55220,MCH6420,Mismatch,Mismatch
CBK0000761,TXN00001654,USR73010,MCH6154,2026-05-02 00:00:00,2026-08-02 03:55:59,11920.81,Fraud,suspicious high-value payment disputed by cust.,Pending Bank,2026-02-10 00:00:00,Low,IVR,Unmatched,Unmatched,Matched,USR74877,MCH5263,Mismatch,Mismatch
CBK0002190,TXN00074121,USR68897,MCH4316,2026-03-13 12:21:29,2026-03-19 00:00:00,1678.99,Unauthorized Transaction,customer says transaction was not authorized.,Pending Bank,2026-03-26 00:00:00,Medium,Chatbot,Matched,Unmatched,Unmatched,,,Not Applicable,Not Applicable
CBK0001234,TXN00011425,USR22130,MCH7915,2026-02-07 06:14:00,2026-02-07 00:00:00,3369.42,Fraud,customer says transaction was not authorized.,Open,2026-01-03 00:00:00,Medium,IVR,Matched,Unmatched,Matched,USR27557,MCH1739,Mismatch,Mismatch
CBK0000307,TXN00010177,USR34955,MCH8749,2026-02-22 00:00:00,2026-02-23 16:33:27,690.45,Incorrect Amount,customer complaint text unclear due to poor call center notes.,Open,2026-03-23 16:33:27,High,IVR,Unmatched,Matched,Matched,USR28580,MCH3380,Mismatch,Mismatch
CBK0000368,TXN00005138,USR72854,MCH3135,2026-03-03 00:00:00,2026-03-08 18:14:00,1597.23,Service Failed,customer says amount was debited twice.,Pending Bank,2026-03-19 18:14:00,Medium,Chatbot,Unmatched,Unmatched,Matched,USR69382,MCH6414,Mismatch,Mismatch
CBK0001276,TXN00003403,USR85655,MCH1234,2026-03-14 00:00:00,2026-03-13 00:00:00,,Customer Dispute,merchant service was not delivered after payment.,Open,,Medium,Call Center,Unmatched,Matched,Matched,USR41637,MCH9494,Mismatch,Mismatch
CBK0002659,TXN00003213,USR61306,MCH7286,2026-03-25 00:00:00,2026-03-28 00:00:00,1246.38,Incorrect Amount,customer says transaction was not authorized.,Open,2026-04-13 00:00:00,High,IVR,Matched,Unmatched,Matched,USR40778,MCH1078,Mismatch,Mismatch
CBK0000061,TXN00010949,USR32546,MCH9169,2026-06-01 00:00:00,2026-01-07 06:45:00,2673.31,Merchant Not Delivered,user says upi pin was not entered by them. call dropped,Closed,2026-01-12 00:00:00,Medium,App,Matched,Unmatched,Matched,USR73259,MCH5652,Mismatch,Mismatch
CBK0000987,TXN00003201,USR35236,MCH3555,2026-03-02 15:38:55,2026-03-05 23:38:00,993.95,Unauthorized Transaction,suspicious high-value payment disputed by customer. pls check asap,Rejected,,Low,Chatbot,Unmatched,Matched,Matched,USR15771,MCH4074,Mismatch,Mismatch
CBK0001927,TXN00011359,USR71316,MCH5954,2026-03-14 00:00:00,2026-03-22 14:50:33,6170.83,Account Compromised,customer says amount was debited twice.,Closed,2026-09-04 14:50:33,Medium,Chatbot,Matched,Matched,Matched,USR82456,MCH1525,Mismatch,Mismatch
CBK0001093,,USR43765,MCH9369,2026-02-20 06:25:08,2026-02-21 00:00:00,1407.25,Incorrect Amount,customer says transaction was not authorized.,Open,2026-03-19 00:00:00,Medium,IVR,Unmatched,Matched,Unmatched,,,Not Applicable,Not Applicable
CBK0000217,TXN00010428,USR35582,MCH8391,,2026-03-17 00:00:00,2580.03,Fraud,user claims account was compromised before transaction.,Pending Bank,,High,Email,Matched,Matched,Matched,USR69621,MCH4412,Mismatch,Mismatch
CBK0000902,TXN00019180,USR18416,MCH3100,2026-02-28 00:00:00,2026-03-04 08:02:37,163.0,Merchant Not Delivered,complaint received after multiple failed attempts.,Pending Bank,,High,Branch,Unmatched,Unmatched,Matched,USR34618,MCH4401,Mismatch,Mismatch
CBK0000652,TXN00015166,USR42412,MCH2811,2026-01-06 00:00:00,2026-01-09 00:00:00,732.38,Service Failed,user says upi pin was not entered by them.,Open,2026-01-26 00:00:00,High,IVR,Matched,Unmatched,Matched,USR96140,MCH4361,Mismatch,Mismatch
CBK0001358,TXN00013107,USR31479,MCH2757,2026-01-20 00:15:51,,1035.74,Account Compromised,payment made to unknown merchant as per customer statement.,Closed,2026-02-26 00:00:00,Low,IVR,Unmatched,Matched,Matched,USR34733,MCH9675,Mismatch,Mismatch
CBK0001023,TXN00007154,USR60699,MCH6910,2026-01-24 02:08:45,2026-01-29 13:08:00,3092.99,Duplicate Debit,user claims account was compromised before transaction.,Rejected,,Low,Chatbot,Unmatched,Unmatched,Matched,USR14967,MCH8488,Mismatch,Mismatch
CBK0001630,TXN00011150,USR97781,MCH4684,2026-03-04 21:59:00,2026-03-07 00:00:00,3344.0,Duplicate Debit,customer says transaction was not authorized.,Resolved,,Medium,Call Center,Matched,Unmatched,Matched,USR41605,MCH1766,Mismatch,Mismatch
CBK0002123,TXN00015926,USR65059,MCH5703,,2026-03-12 14:21:21,851.0,Merchant Not Delivered,user claims account was compromised before transaction.,In Progress,2026-04-07 00:00:00,Medium,Chatbot,Unmatched,Unmatched,Matched,USR26546,MCH2884,Mismatch,Mismatch
CBK0000421,TXN00010803,USR72422,MCH2757,2026-02-24 00:00:00,2026-02-27 00:00:00,7913.77,Fraud,payment made to unknown merchant as per customer statement.,In Progress,,Medium,Branch,Unmatched,Matched,Matched,USR17386,MCH3722,Mismatch,Mismatch
CBK0002771,TXN00003740,USR43341,MCH4181,2026-02-07 00:00:00,2026-02-08 09:22:00,6434.35,Customer Dispute,user says upi pin was not entered by them.,In Progress,2026-03-08 00:00:00,Low,Branch,Matched,Unmatched,Matched,USR16683,MCH1661,Mismatch,Mismatch
CBK0002424,TXN00002184,USR26661,MCH1213,2026-01-02 15:21:00,,3019.75,Fraud,payment made to unknown merchant as per customer statement.,Closed,2026-01-24 00:00:00,Medium,Email,Matched,Matched,Matched,USR15478,MCH2820,Mismatch,Mismatch
CBK0000631,TXN00004185,USR21843,MCH5007,2026-01-16 00:00:00,,7433.73,Incorrect Amount,user reports money deducted but merchant denies receiving payment.,Open,2026-01-26 00:00:00,Low,Chatbot,Unmatched,Unmatched,Matched,USR20481,MCH9200,Mismatch,Mismatch
CBK0001390,TXN00017748,USR66250,MCH1711,2026-03-04 16:20:03,2026-03-19 19:20:03,8160.0,Account Compromised,user says upi pin was not entered by them.,Resolved,2026-03-20 00:00:00,Low,App,Matched,Matched,Matched,USR61630,MCH9572,Mismatch,Mismatch
CBK0002141,TXN00009768,USR20378,MCH9291,2026-03-20 00:00:00,2026-03-30 17:28:30,2335.0,Unauthorized Transaction,user says upi pin was not entered by them.,Open,2026-03-04 00:00:00,Medium,App,Matched,Matched,Matched,USR84276,MCH3140,Mismatch,Mismatch
CBK0002126,TXN00010837,USR17697,MCH6219,2026-03-15 07:18:08,2026-03-16 11:18:08,3555.94,Incorrect Amount,user reports money deducted but merchant denies receiving payment.,Resolved,,Low,Chatbot,Matched,Matched,Matched,USR97633,MCH2479,Mismatch,Mismatch
CBK0000494,TXN00017891,USR29919,MCH9291,2026-01-01 08:32:31,2026-12-01 00:00:00,3343.99,Merchant Not Delivered,merchant service was not delivered after payment.,Rejected,2026-01-31 00:00:00,Critical,App,Unmatched,Matched,Matched,USR83012,MCH8335,Mismatch,Mismatch
CBK0000727,TXN00008469,USR71348,MCH9319,2026-01-03 19:11:00,2026-11-01 00:00:00,604.81,Duplicate Debit,user says upi pin was not entered by them.,Rejected,2026-04-02 00:00:00,Medium,App,Unmatched,Matched,Matched,USR51123,MCH5519,Mismatch,Mismatch
CBK0000531,TXN00014058,USR49275,MCH9836,2026-01-24 00:00:00,2026-01-30 00:00:07,1009.36,Incorrect Amount,user claims account was compromised before transaction.,Pending Bank,2026-02-20 00:00:00,Critical,IVR,Matched,Matched,Matched,USR73475,MCH5891,Mismatch,Mismatch
CBK0001139,TXN00009825,USR93426,MCH6856,2026-03-03 00:00:00,2026-03-06 14:42:00,6446.22,Duplicate Debit,customer says amount was debited twice. urgent,In Progress,2026-03-23 14:42:18,Critical,App,Unmatched,Matched,Matched,USR48879,MCH4671,Mismatch,Mismatch
CBK0001402,TXN00004276,USR93581,MCH2383,2026-01-22 09:19:32,2026-01-28 05:19:32,3192.45,Fraud,user reports money deducted but merchant denies receiving payment.,Open,2026-02-22 00:00:00,Medium,IVR,Unmatched,Matched,Matched,USR30865,MCH7575,Mismatch,Mismatch
CBK0002461,TXN00017240,USR28613,MCH1420,2026-12-02 06:09:18,2026-02-18 00:00:00,7674.03,Merchant Not Delivered,merchant service was not delivered after payment.,Pending Bank,2026-03-03 00:00:00,Low,App,Matched,Matched,Matched,USR58558,MCH8985,Mismatch,Mismatch
CBK0000246,TXN00019885,USR90720,MCH8625,2026-02-22 05:29:58,2026-02-23 00:00:00,2738.74,Duplicate Debit,payment made to unknown merchant as per customer statement.,Pending Bank,,Medium,IVR,Unmatched,Unmatched,Matched,USR28528,MCH5078,Mismatch,Mismatch
CBK0001110,TXN00013301,USR82155,MCH9291,2026-03-27 08:05:22,2026-03-30 06:05:00,,Unauthorized Transaction,complaint received after multiple failed attempts.,Resolved,,High,Chatbot,Matched,Matched,Matched,USR11412,MCH7517,Mismatch,Mismatch
CBK0000372,TXN00010170,USR38969,MCH7294,2026-03-01 19:40:32,2026-01-18 00:00:00,,Customer Dispute,payment made to unknown merchant as per customer statement.,Resolved,,Medium,App,Unmatched,Matched,Matched,USR12298,MCH3434,Mismatch,Mismatch
CBK0002016,TXN00007362,USR90209,MCH9344,2026-03-23 00:00:00,2026-04-03 14:15:00,3269.55,Merchant Not Delivered,customer says transaction was not authorized.,In Progress,2026-04-17 00:00:00,Low,Chatbot,Unmatched,Unmatched,Matched,USR94040,MCH9136,Mismatch,Mismatch
CBK0002498,TXN00009704,USR26525,MCH4212,2026-01-24 00:00:00,2026-01-26 03:33:00,2595.11,Merchant Not Delivered,customer says amount was debited twice.,Resolved,2026-01-26 00:00:00,Low,Call Center,Unmatched,Matched,Matched,USR47367,MCH4762,Mismatch,Mismatch
CBK0001481,TXN00001735,USR85139,MCH3100,2026-02-26 00:00:00,2026-03-28 00:00:00,3084.74,Service Failed,merchant service was not delivered after payment.,Closed,2026-03-28 00:00:00,Medium,IVR,Unmatched,Unmatched,Matched,USR56111,MCH9126,Mismatch,Mismatch
CBK0002392,TXN00006668,USR61084,MCH2875,2026-01-28 00:00:00,2026-01-30 00:00:00,1736.0,Customer Dispute,payment made to unknown merchant as per customer statement.,Resolved,2026-02-17 12:08:01,High,Email,Matched,Matched,Matched,USR74631,MCH2375,Mismatch,Mismatch
CBK0000614,TXN00000040,USR94585,MCH8779,2026-01-20 00:00:00,2026-01-25 00:00:00,1389.07,Account Compromised,complaint received after multiple failed attempts. call dropped,Resolved,2026-02-10 00:00:00,Low,App,Unmatched,Matched,Matched,USR68114,MCH8254,Mismatch,Mismatch
CBK0002520,TXN00006276,USR55226,MCH7826,2026-01-21 00:00:00,2026-01-22 00:00:00,1890.0,Duplicate Debit,merchant service was not delivered after payment.,Pending Bank,2026-01-24 16:37:21,Critical,Branch,Unmatched,Unmatched,Matched,USR90135,MCH6097,Mismatch,Mismatch
CBK0000593,TXN00013111,USR25826,MCH9808,2026-02-26 00:00:00,2026-03-05 18:10:06,,Account Compromised,customer says transaction was not authorized.,Open,2026-03-15 00:00:00,High,IVR,Matched,Unmatched,Matched,USR94688,MCH7663,Mismatch,Mismatch
CBK0000551,TXN00012467,USR71976,MCH4344,2026-01-02 10:46:36,2026-05-02 08:46:36,1654.78,Customer Dispute,suspicious high-value payment disputed by customer.,Pending Bank,2026-03-07 00:00:00,Low,Chatbot,Unmatched,Unmatched,Matched,USR65423,MCH6651,Mismatch,Mismatch
CBK0000138,TXN00003017,USR74855,MCH9944,2026-01-12 10:06:13,2026-01-18 08:06:13,707.43,Account Compromised,customer complaint text unclear due to poor call center notes.,Rejected,2026-02-13 00:00:00,Low,Email,Unmatched,Matched,Matched,USR15528,MCH7989,Mismatch,Mismatch
CBK0000100,TXN00017882,USR54020,MCH3381,2026-01-17 00:00:00,2026-01-20 00:00:00,732.66,Duplicate Debit,user reports money deducted but merchant denies receiving payment.,Open,2026-02-17 00:00:00,High,App,Unmatched,Unmatched,Matched,USR66863,MCH6385,Mismatch,Mismatch
CBK0000620,TXN00014536,USR49473,MCH9291,2026-01-08 10:01:00,2026-10-01 00:00:00,12058.7,Duplicate Debit,suspicious high-value payment disputed by customer.,In Progress,,Medium,IVR,Matched,Matched,Matched,USR49366,MCH9681,Mismatch,Mismatch
CBK0000787,TXN00015064,USR33856,MCH8652,2026-02-03 00:00:00,2026-03-20 00:00:00,981.9,Duplicate Debit,user reports money deducted but merchant denies receiving payment.,In Progress,2026-03-25 00:00:00,Medium,IVR,Unmatched,Unmatched,Matched,USR42927,MCH4436,Mismatch,Mismatch
CBK0002134,TXN00009374,USR27878,MCH5264,2026-03-30 13:34:53,2026-02-04 15:34:53,50.0,Customer Dispute,customer says amount was debited twice.,Pending Bank,,Medium,IVR,Matched,Unmatched,Matched,USR92750,MCH5495,Mismatch,Mismatch
CBK0001981,TXN00014392,USR72048,MCH4590,2026-03-17 00:00:00,2026-03-20 00:00:00,4520.19,Duplicate Debit,user claims account was compromised before transaction.,Rejected,2026-03-23 00:00:00,Low,App,Unmatched,Unmatched,Matched,USR66411,MCH6594,Mismatch,Mismatch
CBK0001249,TXN00003498,USR73675,MCH3822,2026-03-31 00:00:00,2026-04-08 14:29:36,3661.3,Fraud,user reports money deducted but merchant denies receiving payment.,Resolved,2026-04-20 00:00:00,Medium,Email,Unmatched,Matched,Matched,USR97123,MCH3745,Mismatch,Mismatch
CBK0002554,TXN00000914,USR21146,MCH2266,2026-02-08 11:30:00,2026-03-25 00:00:00,1207.28,Merchant Not Delivered,user claims account was compromised before txn.,Open,2026-04-02 00:00:00,High,Branch,Unmatched,Matched,Matched,USR20929,MCH8365,Mismatch,Mismatch
CBK0002602,TXN00012801,USR20795,MCH5787,2026-02-11 00:00:00,2026-02-18 00:00:00,2374.29,Merchant Not Delivered,suspicious high-value payment disputed by customer.,Resolved,2026-09-03 12:23:30,Medium,Call Center,Unmatched,Matched,Matched,USR32235,MCH9227,Mismatch,Mismatch
CBK0002797,TXN00013910,USR34880,MCH1320,2026-01-21 11:46:59,2026-01-27 08:46:00,877.44,Unauthorized Transaction,user reports money deducted but merchant denies receiving payment.,In Progress,,High,Chatbot,Unmatched,Matched,Matched,USR18716,MCH9506,Mismatch,Mismatch
CBK0000521,TXN00019385,USR20822,MCH6549,2026-03-19 19:31:42,2026-03-21 00:00:00,1082.82,Unauthorized Transaction,suspicious high-value payment disputed by customer.,In Progress,2026-11-04 11:31:42,High,Branch,Unmatched,Unmatched,Matched,USR92468,MCH3650,Mismatch,Mismatch
CBK0001422,TXN00013883,USR59251,MCH7833,2026-01-13 00:00:00,2026-01-15 11:58:51,3588.0,Unauthorized Transaction,payment made to unknown merchant as per customer statement.,Open,2026-01-21 00:00:00,Medium,Chatbot,Matched,Matched,Matched,USR66862,MCH5569,Mismatch,Mismatch
CBK0000458,TXN00016719,USR26895,MCH4723,2026-01-16 00:00:00,2026-01-19 00:00:00,2956.42,Customer Dispute,user claims account was compromised before txn.,Resolved,2026-03-02 00:00:00,Low,Chatbot,Unmatched,Matched,Matched,USR20487,MCH7797,Mismatch,Mismatch
CBK0000085,TXN00004176,USR35280,MCH8030,2026-08-01 00:00:00,2026-01-09 21:57:00,1105.82,Account Compromised,customer complaint text unclear due to poor call center notes.,Closed,2026-01-27 21:57:00,High,Branch,Unmatched,Unmatched,Matched,USR44800,MCH3264,Mismatch,Mismatch
CBK0000376,TXN00010928,USR62685,MCH9719,2026-02-26 00:00:00,2026-01-03 05:50:00,1538.0,Duplicate Debit,customer says transaction was not authorized. urgent,Closed,2026-03-17 05:50:00,High,Chatbot,Unmatched,Unmatched,Matched,USR72287,MCH2278,Mismatch,Mismatch
CBK0002059,,USR69096,MCH6070,2026-02-03 00:00:00,2026-02-06 07:00:00,599.01,Account Compromised,user says upi pin was not entered by them.,Resolved,,Low,Branch,Unmatched,Unmatched,Unmatched,,,Not Applicable,Not Applicable
CBK0002759,TXN00003778,USR65783,MCH3028,2026-06-02 00:00:00,2026-07-02 12:51:27,7597.0,Incorrect Amount,user claims account was compromised before transaction.,Pending Bank,2026-02-25 00:00:00,Medium,Call Center,Unmatched,Unmatched,Matched,USR41546,MCH2001,Mismatch,Mismatch
CBK0000425,TXN00019652,USR51854,MCH4908,2026-06-03 00:00:00,,1289.49,Fraud,payment made to unknown merchant as per customer statement.,In Progress,2026-03-25 08:31:28,Critical,App,Unmatched,Unmatched,Matched,USR88695,MCH2299,Mismatch,Mismatch
CBK0000473,TXN00006355,USR15888,MCH5561,2026-01-12 00:00:00,2026-01-14 00:00:00,1211.72,Merchant Not Delivered,customer says transaction was not authorized.,Resolved,2026-01-18 13:37:06,Medium,Branch,Unmatched,Unmatched,Matched,USR73074,MCH2099,Mismatch,Mismatch
CBK0002609,TXN00005872,USR71348,MCH9291,2026-03-31 04:58:00,2026-04-16 00:00:00,2023.21,Unauthorized Transaction,customer complaint text unclear due to poor call center notes.,Resolved,2026-11-05 00:00:00,Low,Chatbot,Unmatched,Matched,Matched,USR76047,MCH5297,Mismatch,Mismatch
CBK0002781,TXN00007463,USR88712,MCH4226,2026-02-08 10:50:00,2026-02-09 00:00:00,540.0,Merchant Not Delivered,merchant service was not delivered after payment.,In Progress,,Medium,IVR,Unmatched,Unmatched,Matched,USR12874,MCH9119,Mismatch,Mismatch
CBK0000437,TXN00008304,USR31182,MCH7390,2026-03-17 00:00:00,2026-03-19 00:00:00,6321.44,Unauthorized Transaction,merchant service was not delivered after payment. na,Pending Bank,,Medium,Chatbot,Unmatched,Unmatched,Matched,USR95674,MCH5401,Mismatch,Mismatch
CBK0001434,TXN00014276,USR37196,MCH2407,2026-03-27 00:00:00,2026-03-30 00:00:00,637.61,Duplicate Debit,payment made to unknown merchant as per customer statement.,Pending Bank,2026-04-08 00:00:00,Medium,IVR,Unmatched,Matched,Matched,USR57626,MCH4844,Mismatch,Mismatch
CBK0002012,TXN00012346,USR40998,MCH3992,2026-01-07 00:00:00,2026-01-10 15:42:32,1010.1,Account Compromised,customer says amount was debited twice.,In Progress,,High,Call Center,Unmatched,Unmatched,Matched,USR52186,MCH2104,Mismatch,Mismatch
CBK0000297,TXN00019269,USR53731,MCH9458,2026-08-02 09:15:08,2026-11-02 00:00:00,2732.12,Unauthorized Transaction,customer says transaction was not authorized.,Closed,2026-02-15 00:00:00,Medium,IVR,Unmatched,Matched,Matched,USR46014,MCH8188,Mismatch,Mismatch
CBK0002058,TXN00010832,USR29952,MCH6418,2026-02-22 21:09:00,2026-02-28 00:00:00,1882.0,Account Compromised,user says upi pin was not entered by them. urgent,In Progress,2026-03-16 00:00:00,Low,Chatbot,Unmatched,Matched,Matched,USR82632,MCH4100,Mismatch,Mismatch
CBK0000267,,USR13313,MCH9823,2026-02-09 00:00:00,2026-02-12 00:00:00,1878.56,Account Compromised,complaint received after multiple failed attempts.,Closed,2026-03-03 00:00:00,Medium,Chatbot,Unmatched,Matched,Unmatched,,,Not Applicable,Not Applicable
CBK0000035,TXN00004120,USR53171,MCH6920,2026-07-03 00:00:00,2026-05-03 00:00:00,5701.53,Duplicate Debit,user reports money deducted but merchant denies receiving payment.,In Progress,2026-04-02 00:00:00,Low,IVR,Unmatched,Matched,Matched,USR70331,MCH9563,Mismatch,Mismatch
CBK0002020,TXN00019784,USR89588,MCH8760,2026-08-03 00:00:00,2026-03-10 00:00:00,2591.32,Unauthorized Transaction,customer says amount was debited twice.,Resolved,,Low,IVR,Unmatched,Unmatched,Matched,USR78003,MCH9941,Mismatch,Mismatch
CBK0001016,TXN00018653,USR39211,MCH1376,2026-02-19 00:00:00,2026-02-22 00:00:00,2423.45,Account Compromised,user reports money deducted but merchant denies receiving payment.,Rejected,2026-05-03 00:00:00,Low,Chatbot,Unmatched,Unmatched,Matched,USR60027,MCH9025,Mismatch,Mismatch
CBK0000905,TXN00003495,USR37693,MCH8091,2026-01-08 00:00:00,2026-02-08 00:07:18,2983.97,Merchant Not Delivered,complaint received after multiple failed attempts.,Pending Bank,,Low,Email,Unmatched,Matched,Matched,USR18542,MCH9853,Mismatch,Mismatch
CBK0000394,TXN00000779,USR64440,MCH8614,2026-02-03 13:21:00,2026-06-03 00:00:00,4511.29,Duplicate Debit,user claims account was compromised before txn.,In Progress,2026-03-28 00:00:00,Medium,Chatbot,Matched,Matched,Matched,USR13400,MCH7030,Mismatch,Mismatch
CBK0000059,TXN00011102,USR87051,MCH4693,2026-06-03 00:00:00,2026-03-07 00:00:00,1825.45,Account Compromised,complaint received after multiple failed attempts.,Open,2026-03-09 00:00:00,Low,Call Center,Unmatched,Matched,Matched,USR89921,MCH6367,Mismatch,Mismatch
CBK0001956,TXN00004350,USR48482,MCH1641,2026-03-16 00:00:00,2026-03-22 00:00:00,2131.37,Unauthorized Transaction,user claims account was compromised before transaction.,In Progress,2026-03-30 00:00:00,Low,Chatbot,Unmatched,Matched,Matched,USR69311,MCH9522,Mismatch,Mismatch
CBK0002439,TXN00009347,USR87914,MCH6751,,2026-03-12 20:47:00,1704.94,Incorrect Amount,suspicious high-value payment disputed by customer.,In Progress,2026-03-24 00:00:00,Low,IVR,Unmatched,Matched,Matched,USR72714,MCH1803,Mismatch,Mismatch
CBK0002733,TXN00015766,USR87074,MCH6810,2026-03-26 15:10:36,2026-04-05 00:00:00,198.26,Account Compromised,user reports money deducted but merchant denies receiving payment.,Open,,Low,Chatbot,Unmatched,Unmatched,Matched,USR35469,MCH8466,Mismatch,Mismatch
CBK0000344,TXN00018344,USR11559,MCH4841,2026-02-05 00:00:00,2026-03-07 00:00:00,9060.0,Fraud,merchant service was not delivered after payment.,Closed,2026-03-08 22:10:00,High,IVR,Unmatched,Matched,Matched,USR41135,MCH7517,Mismatch,Mismatch
CBK0000704,TXN00015091,USR45203,MCH9864,2026-03-28 00:00:00,2026-04-03 18:18:00,20286.73,Merchant Not Delivered,suspicious high-value payment disputed by customer. na,Open,2026-01-05 00:00:00,High,Chatbot,Unmatched,Unmatched,Matched,USR46748,MCH6910,Mismatch,Mismatch
CBK0001841,TXN00005953,USR96307,MCH1423,2026-03-28 00:00:00,2026-03-29 00:00:00,1742.0,Merchant Not Delivered,payment made to unknown merchant as per customer statement.,Rejected,2026-04-18 00:00:00,Low,IVR,Matched,Unmatched,Matched,USR36009,MCH9711,Mismatch,Mismatch
CBK0000305,TXN00002303,USR21074,MCH1320,2026-04-02 00:00:00,2026-09-02 00:00:00,1712.22,Merchant Not Delivered,customer says amount was debited twice.,In Progress,2026-02-22 00:00:00,Low,App,Unmatched,Matched,Matched,USR60793,MCH6064,Mismatch,Mismatch
CBK0002157,TXN00010666,USR74780,MCH6850,2026-07-02 00:00:00,2026-03-09 00:00:00,1349.33,Incorrect Amount,payment made to unknown merchant as per customer statement.,Closed,2026-03-27 00:00:00,Low,Branch,Unmatched,Unmatched,Matched,USR29579,MCH8357,Mismatch,Mismatch
CBK0000219,TXN00076688,USR63208,MCH6288,2026-03-31 00:00:00,2026-04-06 00:00:00,355.19,Merchant Not Delivered,user claims account was compromised before transaction.,Resolved,2026-05-05 00:00:00,Low,Branch,Unmatched,Unmatched,Unmatched,,,Not Applicable,Not Applicable
CBK0000503,TXN00009139,USR87033,MCH8779,2026-05-03 00:00:00,2026-03-08 00:00:00,1518.49,Unauthorized Transaction,payment made to unknown merchant as per customer statement.,Closed,2026-03-29 10:48:07,Critical,Email,Unmatched,Matched,Matched,USR13930,MCH3853,Mismatch,Mismatch
CBK0002098,TXN00012193,USR22644,MCH5980,2026-03-19 04:04:00,2026-03-20 00:00:00,1913.11,Fraud,merchant service was not delivered after payment.,Closed,2026-03-24 00:00:00,High,Call Center,Matched,Matched,Matched,USR16487,MCH5328,Mismatch,Mismatch
CBK0002395,TXN00010795,USR24347,MCH3677,2026-03-30 00:00:00,2026-04-14 00:00:00,933.13,Duplicate Debit,user reports money deducted but merchant denies receiving payment.,In Progress,2026-05-10 12:23:00,Low,Chatbot,Unmatched,Matched,Matched,USR27980,MCH9691,Mismatch,Mismatch
CBK0001580,TXN00004779,USR38912,MCH6908,2026-01-12 10:59:00,2026-01-13 09:59:00,1565.13,Fraud,customer says amount was debited twice.,Open,2026-01-16 00:00:00,Medium,Email,Matched,Unmatched,Matched,USR76805,MCH7371,Mismatch,Mismatch
CBK0000388,TXN00000433,USR50784,MCH6968,2026-02-18 00:00:00,2026-02-23 19:00:44,979.0,Incorrect Amount,user says upi pin was not entered by them.,Open,2026-03-19 00:00:00,Low,Branch,Matched,Unmatched,Matched,USR88089,MCH6933,Mismatch,Mismatch
CBK0000891,TXN00017408,USR10307,MCH7766,2026-03-23 00:00:00,2026-03-23 00:00:00,836.19,Merchant Not Delivered,user reports money deducted but merchant denies receiving payment.,In Progress,,Low,Email,Unmatched,Unmatched,Matched,USR73173,MCH5531,Mismatch,Mismatch
CBK0000501,TXN00019009,USR96611,MCH3763,2026-01-10 00:00:00,2026-01-15 00:00:00,1552.99,Incorrect Amount,customer complaint text unclear due to poor call center notes.,Pending Bank,2026-01-27 15:33:00,High,App,Matched,Unmatched,Matched,USR95308,MCH6486,Mismatch,Mismatch
CBK0002227,TXN00097124,USR21632,MCH9291,2026-02-25 20:48:05,2026-04-12 00:00:00,1596.33,Duplicate Debit,user reports money deducted but merchant denies receiving payment.,Resolved,2026-04-26 00:00:00,High,App,Unmatched,Matched,Unmatched,,,Not Applicable,Not Applicable
CBK0000060,TXN00004672,USR95647,MCH3815,,2026-09-01 00:00:00,985.98,Merchant Not Delivered,suspicious high-value payment disputed by customer.,Resolved,2026-04-02 00:00:00,High,IVR,Matched,Unmatched,Matched,USR14257,MCH1170,Mismatch,Mismatch
CBK0002174,,USR75213,MCH2779,2026-02-28 00:00:00,2026-04-14 23:11:36,484.07,Account Compromised,user reports money deducted but merchant denies receiving payment.,Closed,2026-10-05 00:00:00,Medium,Branch,Unmatched,Unmatched,Unmatched,,,Not Applicable,Not Applicable
CBK0000869,TXN00011061,USR71557,MCH8342,2026-03-03 00:00:00,2026-03-14 00:00:00,211.84,Customer Dispute,merchant service was not delivered after payment.,Closed,2026-04-11 00:00:00,Low,Call Center,Unmatched,Unmatched,Matched,USR49221,MCH6567,Mismatch,Mismatch
CBK0001381,TXN00011623,USR99837,MCH8765,2026-01-28 09:27:00,2026-01-30 21:27:00,3487.78,Merchant Not Delivered,customer says amount was debited twice. na,Closed,,High,IVR,Matched,Matched,Matched,USR91986,MCH6165,Mismatch,Mismatch
CBK0002396,TXN00000711,USR70575,MCH1910,2026-02-25 00:00:00,,,Customer Dispute,user says upi pin was not entered by them. na,Resolved,,High,IVR,Unmatched,Unmatched,Matched,USR10902,MCH4705,Mismatch,Mismatch
CBK0000723,TXN00001222,USR96458,MCH9291,2026-01-14 00:00:00,2026-01-16 04:31:14,,Merchant Not Delivered,payment made to unknown merchant as per customer statement.,Resolved,,Low,Email,Matched,Matched,Matched,USR79916,MCH2689,Mismatch,Mismatch
CBK0000504,TXN00008435,USR93535,MCH7466,,2026-02-06 00:00:00,755.82,Merchant Not Delivered,customer says amount was debited twice.,Rejected,2026-03-03 09:34:59,Medium,Email,Matched,Unmatched,Matched,USR20922,MCH8094,Mismatch,Mismatch
CBK0002746,TXN00015136,USR57117,MCH5167,2026-02-24 00:00:00,2026-02-26 00:00:00,661.74,Merchant Not Delivered,customer complaint text unclear due to poor call center notes.,Open,2026-03-27 08:47:00,Low,Call Center,Unmatched,Matched,Matched,USR65087,MCH8746,Mismatch,Mismatch
CBK0002737,TXN00005881,USR91565,MCH2757,2026-03-02 19:55:07,2026-02-07 00:00:00,2284.0,Incorrect Amount,merchant service was not delivered after payment.,Rejected,2026-02-13 08:55:00,Medium,Email,Matched,Matched,Matched,USR16280,MCH8400,Mismatch,Mismatch
CBK0002270,TXN00000045,USR73010,MCH6294,2026-03-01 00:00:03,2026-01-05 22:00:00,1101.8,Account Compromised,customer says transaction was not authorized.,Closed,2026-01-11 22:00:03,Medium,Call Center,Unmatched,Unmatched,Matched,USR81314,MCH2213,Mismatch,Mismatch
CBK0001994,TXN00000296,USR71624,MCH4650,2026-03-29 00:00:00,2026-03-29 17:25:00,512.0,Account Compromised,complaint received after multiple failed attempts.,Resolved,2026-03-30 00:00:00,High,App,Unmatched,Unmatched,Matched,USR98440,MCH2463,Mismatch,Mismatch
CBK0002612,TXN00010607,USR32830,MCH9346,2026-03-01 00:00:00,2026-03-17 00:00:00,397.65,Account Compromised,customer says amount was debited twice.,Resolved,2026-04-07 00:00:00,High,Branch,Unmatched,Unmatched,Matched,USR51423,MCH5045,Mismatch,Mismatch
CBK0001950,TXN00002053,USR33960,MCH5223,2026-03-26 00:00:00,2026-03-27 11:08:07,2130.67,Duplicate Debit,customer complaint text unclear due to poor call center notes.,Pending Bank,2026-04-08 11:08:00,Medium,Email,Unmatched,Matched,Matched,USR72970,MCH1853,Mismatch,Mismatch
CBK0000757,TXN00010601,USR53404,MCH4311,2026-03-20 14:22:47,2026-03-26 10:22:00,1363.12,Merchant Not Delivered,user says upi pin was not entered by them.,Closed,2026-04-22 00:00:00,Medium,IVR,Matched,Unmatched,Matched,USR48399,MCH3972,Mismatch,Mismatch
CBK0000159,TXN00001671,USR51888,MCH8727,2026-02-19 00:00:00,2026-02-24 00:00:00,2605.0,Incorrect Amount,user says upi pin was not entered by them.,Pending Bank,2026-02-24 00:00:00,High,IVR,Unmatched,Matched,Matched,USR88861,MCH7962,Mismatch,Mismatch
CBK0001270,TXN00015781,USR60184,MCH5412,2026-02-22 00:00:00,2026-02-25 18:53:25,6433.23,Incorrect Amount,customer says transaction was not authorized.,Open,2026-02-25 18:53:25,High,Chatbot,Unmatched,Unmatched,Matched,USR21050,MCH8270,Mismatch,Mismatch
CBK0001833,TXN00009923,USR24660,MCH3434,2026-01-04 12:15:00,2025-12-30 12:15:20,2940.0,Customer Dispute,merchant service was not delivered after payment.,Open,2025-12-31 00:00:00,Medium,Call Center,Unmatched,Unmatched,Matched,USR43244,MCH4936,Mismatch,Mismatch
CBK0000148,,USR37395,MCH3992,2026-02-25 00:00:00,2026-02-28 00:00:00,,Customer Dispute,suspicious high-value payment disputed by customer.,Closed,2026-03-09 00:00:00,Critical,IVR,Unmatched,Unmatched,Unmatched,,,Not Applicable,Not Applicable
CBK0002188,TXN00011115,USR83988,MCH3113,,2026-03-01 00:00:00,3037.16,Customer Dispute,user reports money deducted but merchant denies receiving payment.,Pending Bank,2026-01-14 02:37:33,Low,Chatbot,Unmatched,Unmatched,Matched,USR31879,MCH6986,Mismatch,Mismatch
CBK0000906,TXN00009979,USR59679,MCH6645,2026-02-02 22:05:54,2026-02-04 00:00:00,876.91,Account Compromised,user claims account was compromised before transaction.,Rejected,2026-02-13 00:00:00,Medium,App,Unmatched,Matched,Matched,USR58929,MCH5102,Mismatch,Mismatch
CBK0001190,TXN00017091,USR51699,MCH7327,2026-02-17 00:00:00,2026-02-28 00:00:00,2254.1,Account Compromised,user says upi pin was not entered by them.,Open,2026-11-03 02:20:08,High,App,Unmatched,Matched,Matched,USR51274,MCH1121,Mismatch,Mismatch
CBK0000325,TXN00011027,USR51987,MCH6810,2026-04-01 03:24:27,2026-06-01 00:00:00,3285.5,Unauthorized Transaction,customer says txn was not authorized.,In Progress,2026-01-16 00:00:00,Medium,App,Matched,Unmatched,Matched,USR91166,MCH2247,Mismatch,Mismatch
CBK0002358,TXN00012958,USR45319,MCH4022,2026-02-23 16:54:56,2026-03-03 00:00:00,1142.21,Duplicate Debit,customer complaint text unclear due to poor call center notes. call dropped,Pending Bank,2026-03-20 03:54:56,Low,IVR,Unmatched,Matched,Matched,USR39958,MCH2830,Mismatch,Mismatch
CBK0001443,TXN00003853,USR70317,MCH6921,2026-02-19 00:00:00,2026-02-22 00:00:00,2342.78,Merchant Not Delivered,payment made to unknown merchant as per customer statement.,Closed,2026-02-26 00:00:00,Medium,IVR,Unmatched,Unmatched,Matched,USR60842,MCH4389,Mismatch,Mismatch
CBK0001944,TXN00005059,USR14388,MCH5076,2026-10-03 22:25:51,2026-04-25 00:00:00,4128.34,Incorrect Amount,customer says amount was debited twice.,Open,2026-04-26 05:25:51,Critical,IVR,Unmatched,Unmatched,Matched,USR53351,MCH9116,Mismatch,Mismatch
CBK0000097,TXN00014288,USR75999,MCH4226,2026-03-14 12:10:00,2026-03-13 00:00:00,4255.52,Customer Dispute,payment made to unknown merchant as per customer statement.,Pending Bank,,Medium,IVR,Unmatched,Unmatched,Matched,USR68168,MCH5172,Mismatch,Mismatch
CBK0000609,TXN00001796,USR77277,MCH2970,2026-06-01 00:00:00,2026-11-01 00:00:00,,Merchant Not Delivered,user reports money deducted but merchant denies receiving payment.,Closed,,Low,Branch,Unmatched,Matched,Matched,USR39468,MCH4677,Mismatch,Mismatch
CBK0000920,TXN00000546,USR20076,MCH2383,2026-02-03 00:00:00,2026-04-17 13:17:00,427.33,Incorrect Amount,complaint received after multiple failed attempts.,Pending Bank,2026-04-27 00:00:00,Low,App,Unmatched,Matched,Matched,USR29893,MCH6075,Mismatch,Mismatch
CBK0001945,TXN00015576,USR59679,MCH5013,2026-02-28 04:17:48,2026-03-03 00:00:00,2182.01,Duplicate Debit,merchant service was not delivered after payment.,Open,2026-07-03 00:00:00,High,IVR,Unmatched,Unmatched,Matched,USR63093,MCH1968,Mismatch,Mismatch
CBK0002769,TXN00003447,USR76233,MCH8735,2026-02-19 00:00:00,2026-02-21 00:00:00,1984.96,Incorrect Amount,payment made to unknown merchant as per cust statement.,Rejected,2026-03-03 00:00:00,Medium,Chatbot,Matched,Matched,Matched,USR24375,MCH6225,Mismatch,Mismatch
CBK0002138,TXN00000295,USR86497,MCH2786,2026-10-01 00:00:00,2026-01-16 00:00:00,731.69,Fraud,customer says amount was debited twice.,In Progress,2026-01-30 00:00:00,Low,Chatbot,Unmatched,Matched,Matched,USR47118,MCH3273,Mismatch,Mismatch
CBK0001973,TXN00013275,USR71371,MCH9810,2026-03-19 00:00:00,2026-03-27 00:00:00,666.32,Merchant Not Delivered,complaint received after multiple failed attempts.,Pending Bank,2026-04-19 00:00:00,Medium,Chatbot,Unmatched,Unmatched,Matched,USR49292,MCH7860,Mismatch,Mismatch
CBK0000440,TXN00019212,USR83469,MCH7067,,2026-01-20 03:57:35,2786.25,Account Compromised,customer says transaction was not authorized.,Open,2026-01-28 03:57:35,Low,Call Center,Matched,Unmatched,Matched,USR60294,MCH6994,Mismatch,Mismatch
CBK0001313,TXN00002015,USR70926,MCH8374,2026-03-24 00:00:00,2026-03-26 22:40:05,2615.98,Account Compromised,merchant service was not delivered after payment.,Open,2026-04-11 22:40:00,Critical,Chatbot,Unmatched,Matched,Matched,USR80462,MCH7553,Mismatch,Mismatch
CBK0001519,TXN00000459,USR36461,MCH6850,2026-05-01 01:52:09,2026-02-20 00:52:09,8278.26,Customer Dispute,customer says amount was debited twice.,Pending Bank,2026-03-19 00:00:00,High,Call Center,Matched,Unmatched,Matched,USR52806,MCH5169,Mismatch,Mismatch
CBK0001153,TXN00007272,USR23407,MCH9088,2026-03-13 04:40:00,2026-03-14 00:00:00,928.0,Account Compromised,merchant service was not delivered after payment.,Pending Bank,2026-03-19 23:40:22,High,Chatbot,Matched,Matched,Matched,USR69151,MCH8833,Mismatch,Mismatch
CBK0000490,TXN00019708,USR89588,MCH9291,2026-02-23 01:22:04,,1943.24,Customer Dispute,customer says amount was debited twice.,Open,2026-04-18 23:22:00,Low,Call Center,Unmatched,Matched,Matched,USR69664,MCH9555,Mismatch,Mismatch
CBK0000306,TXN00000680,USR62254,MCH5980,2026-01-26 00:00:00,2026-02-02 00:00:00,589.63,Fraud,user says upi pin was not entered by them.,In Progress,2026-02-21 12:35:42,High,Chatbot,Matched,Matched,Matched,USR70000,MCH8135,Mismatch,Mismatch
CBK0001088,TXN00012038,USR14244,MCH5655,2026-01-19 00:00:00,2026-01-23 00:00:00,,Duplicate Debit,customer complaint text unclear due to poor call center notes.,Closed,,Low,Email,Unmatched,Unmatched,Matched,USR76766,MCH3910,Mismatch,Mismatch
CBK0002181,TXN00014627,USR41247,MCH7342,2026-03-02 00:00:00,2026-03-04 00:00:00,4363.55,Customer Dispute,customer says amount was debited twice.,Pending Bank,,Medium,Chatbot,Unmatched,Unmatched,Matched,USR22310,MCH8477,Mismatch,Mismatch
CBK0000863,TXN00016767,USR90880,MCH2841,2026-06-03 00:00:00,2026-07-03 21:23:05,1273.0,Merchant Not Delivered,customer says transaction was not authorized.,Closed,2026-03-04 00:00:00,High,Email,Unmatched,Matched,Matched,USR28258,MCH1960,Mismatch,Mismatch
CBK0000178,TXN00004134,USR75133,MCH1949,2026-02-24 00:00:00,,794.23,Fraud,customer complaint text unclear due to poor call center notes.,Open,2026-06-03 06:12:04,High,IVR,Unmatched,Unmatched,Matched,USR14739,MCH6322,Mismatch,Mismatch
CBK0000340,TXN00006753,USR93690,MCH7199,2026-01-18 00:00:00,2026-01-15 19:42:11,6262.28,Merchant Not Delivered,suspicious high-value payment disputed by customer.,In Progress,2026-01-16 00:00:00,Low,App,Matched,Matched,Matched,USR46455,MCH2647,Mismatch,Mismatch
CBK0001772,TXN00010231,USR49951,MCH4775,2026-01-29 11:52:47,2026-01-30 00:00:00,,Unauthorized Transaction,payment made to unknown merchant as per customer statement.,Rejected,2026-02-08 00:00:00,Medium,App,Unmatched,Matched,Matched,USR24020,MCH1072,Mismatch,Mismatch
CBK0002100,TXN00012645,USR65267,MCH1601,2026-03-30 00:00:00,2026-04-03 00:00:00,1273.59,Fraud,customer says transaction was not authorized.,Closed,,Low,IVR,Unmatched,Unmatched,Matched,USR23973,MCH9245,Mismatch,Mismatch
CBK0001757,TXN00018643,USR46650,MCH2383,2026-02-16 00:00:00,2026-02-19 16:58:00,,Merchant Not Delivered,user reports money deducted but merchant denies receiving payment.,Open,2026-03-16 00:00:00,Low,Chatbot,Matched,Matched,Matched,USR64430,MCH5102,Mismatch,Mismatch
CBK0000314,TXN00017581,USR74438,MCH2757,2026-04-01 00:00:00,2026-01-08 21:56:24,1299.7,Fraud,customer says transaction was not authorized.,Closed,2026-11-01 00:00:00,Critical,Chatbot,Matched,Matched,Matched,USR24980,MCH5725,Mismatch,Mismatch
CBK0002107,TXN00013202,USR27107,MCH9715,2026-03-29 00:00:00,2026-04-01 00:00:00,1331.0,Account Compromised,customer says amount was debited twice.,In Progress,2026-04-21 00:00:00,Critical,IVR,Matched,Matched,Matched,USR52672,MCH2179,Mismatch,Mismatch
CBK0001444,TXN00003678,USR50434,MCH5076,2026-01-01 07:55:22,2026-04-01 00:00:00,8722.75,Merchant Not Delivered,user claims account was compromised before transaction.,Closed,,High,Chatbot,Matched,Unmatched,Matched,USR88349,MCH3118,Mismatch,Mismatch
CBK0001899,TXN00000835,USR11194,MCH1631,2026-03-27 15:04:48,2026-03-29 00:00:00,,Customer Dispute,suspicious high-value payment disputed by customer.,Rejected,,Low,IVR,Unmatched,Unmatched,Matched,USR11865,MCH3122,Mismatch,Mismatch
CBK0001951,TXN00007053,USR17824,MCH8057,2026-03-26 16:44:00,2026-05-10 00:00:00,3545.44,Incorrect Amount,user claims account was compromised before transaction.,Closed,2026-06-09 00:00:00,High,Branch,Unmatched,Matched,Matched,USR47712,MCH1007,Mismatch,Mismatch
CBK0000193,TXN00011628,USR15884,MCH9002,2026-01-10 00:00:00,2026-01-13 11:20:14,6328.27,Customer Dispute,customer complaint text unclear due to poor call center notes.,In Progress,2026-01-30 11:20:14,Critical,IVR,Matched,Matched,Matched,USR27111,MCH6698,Mismatch,Mismatch
CBK0001867,TXN00017191,USR13167,MCH3106,2026-03-28 20:09:00,2026-04-01 06:09:00,13889.45,Merchant Not Delivered,customer complaint text unclear due to poor call center notes.,Resolved,2026-04-22 00:00:00,Medium,Email,Unmatched,Unmatched,Matched,USR65881,MCH2074,Mismatch,Mismatch
CBK0001712,TXN00007450,USR20950,MCH4523,2026-03-24 11:00:00,2026-04-23 00:00:00,1985.25,Merchant Not Delivered,merchant service was not delivered after payment.,Pending Bank,2026-04-24 00:00:00,High,Chatbot,Unmatched,Unmatched,Matched,USR63429,MCH8300,Mismatch,Mismatch
CBK0000165,TXN00013500,USR82240,MCH3046,2026-01-23 09:33:00,2026-09-03 00:00:00,3214.54,Duplicate Debit,user reports money deducted but merchant denies receiving payment.,Open,2026-03-16 19:33:00,Low,IVR,Unmatched,Matched,Matched,USR20190,MCH6523,Mismatch,Mismatch
CBK0002719,TXN00016715,USR73639,MCH6051,2026-09-01 00:00:00,2026-01-14 00:00:00,1128.27,Fraud,payment made to unknown merchant as per customer statement.,Rejected,,Medium,IVR,Matched,Matched,Matched,USR77146,MCH2529,Mismatch,Mismatch
CBK0001706,TXN00012764,USR22644,MCH1401,2026-10-03 00:00:00,2026-03-18 08:08:27,9737.34,Service Failed,complaint received after multiple failed attempts.,Closed,,Medium,Chatbot,Matched,Matched,Matched,USR66261,MCH4345,Mismatch,Mismatch
CBK0000945,TXN00003565,USR46365,MCH4473,2026-03-14 00:00:00,2026-03-14 00:00:00,1723.81,Account Compromised,merchant service was not delivered after payment.,Rejected,2026-08-04 03:51:15,High,Branch,Unmatched,Unmatched,Matched,USR19295,MCH4614,Mismatch,Mismatch
CBK0001335,TXN00016756,USR44060,MCH7471,2026-03-14 00:00:00,2026-03-14 00:00:00,455.72,Incorrect Amount,customer complaint text unclear due to poor call center notes.,Rejected,2026-03-18 00:00:00,Medium,Call Center,Unmatched,Matched,Matched,USR54294,MCH1089,Mismatch,Mismatch
CBK0000852,TXN00010668,USR81745,MCH4420,2026-06-03 00:00:00,2026-04-06 15:52:29,1305.45,Unauthorized Transaction,customer says amount was debited twice. na,Pending Bank,2026-04-25 00:00:00,Medium,App,Matched,Unmatched,Matched,USR58569,MCH8410,Mismatch,Mismatch
CBK0002796,TXN00001679,USR97772,MCH2029,2026-02-27 08:22:56,2026-03-04 14:22:56,705.52,Account Compromised,complaint received after multiple failed attempts.,In Progress,2026-03-17 00:00:00,Medium,IVR,Matched,Matched,Matched,USR41275,MCH4395,Mismatch,Mismatch
CBK0000318,TXN00001878,USR10693,MCH5303,2026-08-03 00:00:00,2026-03-15 00:00:00,3834.0,Merchant Not Delivered,suspicious high-value payment disputed by customer.,In Progress,,High,IVR,Unmatched,Matched,Matched,USR83268,MCH1104,Mismatch,Mismatch
CBK0001790,TXN00000533,USR46536,MCH5535,2026-01-18 17:59:52,2026-02-03 00:00:00,6055.78,Fraud,customer says transaction was not authorized.,Open,2026-02-13 00:00:00,Medium,Email,Matched,Unmatched,Matched,USR93200,MCH4776,Mismatch,Mismatch
CBK0000283,TXN00017871,USR39576,MCH3354,2026-01-17 10:50:06,2026-02-01 00:00:00,,Fraud,payment made to unknown merchant as per cust statement.,Rejected,,High,IVR,Matched,Matched,Matched,USR84134,MCH7932,Mismatch,Mismatch
CBK0001613,TXN00012902,USR20076,MCH8345,2026-02-18 00:00:00,2026-02-20 00:00:00,586.88,Merchant Not Delivered,customer says transaction was not authorized.,Pending Bank,2026-03-21 05:15:27,Low,Email,Unmatched,Matched,Matched,USR75065,MCH5059,Mismatch,Mismatch
CBK0002598,TXN00012208,USR54794,MCH2336,2026-06-01 00:00:00,2026-09-01 00:00:00,5802.45,Fraud,payment made to unknown merchant as per cust statement.,Closed,2026-10-01 00:00:00,Medium,Branch,Unmatched,Matched,Matched,USR71162,MCH7390,Mismatch,Mismatch
CBK0001754,TXN00006873,USR95486,MCH1520,2026-02-12 00:00:00,2026-02-14 11:52:00,,Merchant Not Delivered,customer says amount was debited twice. call dropped,Rejected,2026-03-12 00:00:00,Critical,Branch,Unmatched,Unmatched,Matched,USR54191,MCH4227,Mismatch,Mismatch
CBK0000642,TXN00009627,USR88037,MCH4516,2026-04-02 00:00:00,2026-02-07 00:00:00,10535.8,Customer Dispute,merchant service was not delivered after payment.,In Progress,2026-09-02 00:00:00,Low,Call Center,Matched,Unmatched,Matched,USR45703,MCH5362,Mismatch,Mismatch
CBK0000637,TXN00005214,USR91453,MCH6014,2026-02-06 00:00:00,2026-02-07 00:00:00,,Merchant Not Delivered,suspicious high-value payment disputed by customer.,In Progress,2026-03-06 00:00:00,Medium,Chatbot,Matched,Unmatched,Matched,USR19363,MCH4493,Mismatch,Mismatch
CBK0001718,TXN00033788,USR58639,MCH2757,2026-01-06 14:14:30,2026-01-07 00:00:00,664.74,Incorrect Amount,user reports money deducted but merchant denies receiving payment.,Open,2026-01-26 16:14:30,Low,Branch,Unmatched,Matched,Unmatched,,,Not Applicable,Not Applicable
CBK0002437,TXN00007105,USR45914,MCH3247,2026-03-27 00:00:00,2026-03-27 21:16:00,,Incorrect Amount,payment made to unknown merchant as per customer statement. details missing,Pending Bank,2026-04-10 00:00:00,Medium,Call Center,Unmatched,Matched,Matched,USR72259,MCH5429,Mismatch,Mismatch
CBK0000245,TXN00010561,USR45218,MCH8515,2026-05-02 03:39:40,2026-06-02 00:00:00,865.55,Incorrect Amount,customer says amount was debited twice.,Resolved,,Low,Chatbot,Unmatched,Unmatched,Matched,USR83719,MCH9128,Mismatch,Mismatch
CBK0001410,TXN00012186,USR14130,MCH6048,2026-01-04 00:00:00,2026-06-01 00:00:00,4466.44,Fraud,user says upi pin was not entered by them.,In Progress,,Low,IVR,Unmatched,Unmatched,Matched,USR23767,MCH3987,Mismatch,Mismatch
CBK0001558,TXN00018011,USR70587,MCH9995,2026-12-02 15:33:24,2026-12-02 00:00:00,550.29,Incorrect Amount,user claims account was compromised before transaction. na,Pending Bank,2026-03-07 00:00:00,Low,Email,Unmatched,Matched,Matched,USR13261,MCH1276,Mismatch,Mismatch
CBK0000610,TXN00014090,USR65211,MCH6850,2026-03-24 17:38:00,2026-01-04 06:38:00,848.3,Account Compromised,user says upi pin was not entered by them.,Open,,Medium,IVR,Unmatched,Unmatched,Matched,USR89731,MCH1183,Mismatch,Mismatch
CBK0002304,TXN00005004,USR24536,MCH6507,2026-02-25 16:37:09,,1095.0,Unauthorized Transaction,customer says transaction was not authorized.,Resolved,2026-03-23 00:00:00,Medium,Branch,Unmatched,Matched,Matched,USR12153,MCH2674,Mismatch,Mismatch
CBK0000205,TXN00009947,USR49302,MCH7335,2026-01-24 11:39:04,2026-02-04 04:39:04,,Unauthorized Transaction,complaint received after multiple failed attempts.,In Progress,2026-03-05 00:00:00,Critical,App,Matched,Matched,Matched,USR58522,MCH5097,Mismatch,Mismatch
CBK0002199,TXN00083913,USR69345,MCH1289,2026-03-17 20:54:58,2026-03-20 07:54:58,732.0,Duplicate Debit,payment made to unknown merchant as per customer statement.,Pending Bank,2026-03-21 00:00:00,High,Branch,Unmatched,Unmatched,Unmatched,,,Not Applicable,Not Applicable
CBK0000096,TXN00015289,USR24926,MCH9472,2026-03-29 09:32:00,2026-05-04 00:00:00,2649.1,Service Failed,payment made to unknown merchant as per customer statement.,Closed,2026-04-26 00:00:00,Low,IVR,Matched,Matched,Matched,USR24257,MCH3848,Mismatch,Mismatch
CBK0001480,TXN00010969,USR40561,MCH9717,2026-02-17 00:00:00,2026-02-20 00:00:00,1918.05,Merchant Not Delivered,customer says amount was debited twice. call dropped,Open,2026-03-04 00:00:00,Low,Call Center,Matched,Unmatched,Matched,USR31310,MCH3354,Mismatch,Mismatch
CBK0001125,TXN00011934,USR25357,MCH8928,2026-02-18 00:00:00,,,Service Failed,user claims account was compromised before transaction.,Closed,2026-06-03 11:31:18,Medium,Call Center,Unmatched,Matched,Matched,USR19102,MCH5547,Mismatch,Mismatch
CBK0000842,TXN00002437,USR58147,MCH1299,2026-01-27 09:34:13,2026-02-02 00:00:00,1368.83,Fraud,suspicious high-value payment disputed by customer.,Pending Bank,2026-03-01 00:00:00,High,Call Center,Unmatched,Matched,Matched,USR92324,MCH5151,Mismatch,Mismatch
CBK0002364,TXN00001342,USR61151,MCH5245,2026-02-23 23:42:23,2026-03-03 00:00:00,2534.0,Incorrect Amount,customer complaint text unclear due to poor call center notes.,In Progress,2026-03-24 09:42:23,High,IVR,Unmatched,Matched,Matched,USR62907,MCH6378,Mismatch,Mismatch
CBK0000474,TXN00009795,USR24690,MCH8976,2026-03-27 00:00:00,2026-03-27 09:12:31,1506.67,Duplicate Debit,suspicious high-value payment disputed by customer.,Resolved,2026-04-22 00:00:00,Low,IVR,Unmatched,Matched,Matched,USR54221,MCH5128,Mismatch,Mismatch
CBK0001677,TXN00005417,USR53957,MCH2848,2026-01-02 00:00:00,,2380.3,Merchant Not Delivered,payment made to unknown merchant as per customer statement.,Closed,2026-02-02 00:00:00,Medium,App,Matched,Unmatched,Matched,USR15546,MCH4530,Mismatch,Mismatch
CBK0002352,TXN00009981,USR92382,MCH2075,2026-03-11 00:00:00,2026-12-03 00:00:00,1850.41,Fraud,customer says transaction was not authorized.,Closed,2026-03-28 10:00:00,High,Call Center,Matched,Matched,Matched,USR67586,MCH8080,Mismatch,Mismatch
CBK0000055,TXN00017357,USR15485,MCH3992,2026-03-27 00:00:00,2026-03-29 00:00:00,3043.82,Customer Dispute,user claims account was compromised before txn.,In Progress,,Critical,Chatbot,Matched,Unmatched,Matched,USR71606,MCH6402,Mismatch,Mismatch
CBK0002441,TXN00007492,USR71182,MCH9948,,2026-12-03 00:00:00,1969.45,Duplicate Debit,customer says transaction was not authorized.,Open,,Low,Chatbot,Unmatched,Unmatched,Matched,USR87928,MCH3181,Mismatch,Mismatch
CBK0001193,TXN00014849,USR27328,MCH4912,2026-01-19 00:00:00,2026-01-30 00:00:00,2302.0,Duplicate Debit,merchant service was not delivered after payment.,Rejected,2026-09-02 00:04:06,High,Branch,Matched,Matched,Matched,USR75691,MCH7413,Mismatch,Mismatch
CBK0002705,TXN00005717,USR91772,MCH2757,2026-01-19 17:45:15,2026-01-22 00:00:00,2449.38,Incorrect Amount,customer complaint text unclear due to poor call center notes.,Pending Bank,2026-01-24 00:00:00,Low,IVR,Unmatched,Matched,Matched,USR85066,MCH4578,Mismatch,Mismatch
CBK0001851,TXN00006293,USR95875,MCH2065,2026-02-27 00:00:00,2026-03-07 00:00:00,2387.22,Merchant Not Delivered,merchant service was not delivered after payment.,Pending Bank,2026-03-30 00:00:00,Medium,IVR,Matched,Unmatched,Matched,USR54588,MCH3362,Mismatch,Mismatch
CBK0002384,TXN00005874,USR26867,MCH5264,,2026-06-03 03:25:03,,Duplicate Debit,user says upi pin was not entered by them.,Resolved,2026-03-22 00:00:00,Medium,Email,Unmatched,Unmatched,Matched,USR19837,MCH8851,Mismatch,Mismatch
CBK0001729,TXN00002228,USR56148,MCH6141,2026-02-09 09:11:00,2026-02-13 00:00:00,378.3,Incorrect Amount,user claims account was compromised before transaction.,Pending Bank,2026-01-03 00:00:00,High,Chatbot,Unmatched,Unmatched,Matched,USR20958,MCH2150,Mismatch,Mismatch
CBK0001485,TXN00000921,USR25087,MCH2266,2026-03-03 18:48:32,2026-08-03 00:00:00,1585.45,Service Failed,user claims account was compromised before transaction.,Closed,,Low,Email,Unmatched,Matched,Matched,USR88419,MCH3455,Mismatch,Mismatch
CBK0002550,TXN00001381,USR44152,MCH1993,,2026-09-03 00:00:00,1001.43,Incorrect Amount,user claims account was compromised before transaction.,In Progress,,Low,IVR,Matched,Matched,Matched,USR72422,MCH4322,Mismatch,Mismatch
CBK0001475,TXN00017932,USR30591,MCH4204,2026-01-28 00:00:00,,4452.54,Merchant Not Delivered,suspicious high-value payment disputed by customer. details missing,Open,2026-02-23 12:38:55,Critical,Branch,Matched,Unmatched,Matched,USR34069,MCH5959,Mismatch,Mismatch
CBK0000033,TXN00009708,USR97772,MCH5076,2026-01-18 00:00:00,2026-01-24 11:33:49,3007.22,Incorrect Amount,merchant service was not delivered after payment.,Rejected,2026-02-18 00:00:00,High,IVR,Matched,Unmatched,Matched,USR63728,MCH9174,Mismatch,Mismatch
CBK0001804,TXN00008462,USR37261,MCH2030,2026-04-03 19:34:51,2026-03-06 00:00:00,884.33,Unauthorized Transaction,customer says amount was debited twice.,Rejected,2026-11-03 01:34:51,Low,Email,Matched,Matched,Matched,USR33216,MCH3201,Mismatch,Mismatch
CBK0000724,TXN00001310,USR27947,MCH2065,2026-02-13 06:58:57,2026-02-16 00:00:00,2026.3,Unauthorized Transaction,merchant service was not delivered after payment.,Open,2026-02-17 00:00:00,Low,Branch,Matched,Unmatched,Matched,USR33246,MCH5718,Mismatch,Mismatch
CBK0002240,TXN00000019,USR40246,MCH4062,2026-02-26 00:00:00,2026-03-01 01:49:00,377.11,Fraud,customer says amount was debited twice.,In Progress,2026-08-03 01:49:15,High,Chatbot,Unmatched,Matched,Matched,USR71709,MCH2366,Mismatch,Mismatch
CBK0001379,TXN00010182,USR52335,MCH5954,2026-03-31 00:00:00,2026-02-04 00:00:00,1252.47,Account Compromised,user says upi pin was not entered by them.,Closed,2026-04-26 00:00:00,Low,Branch,Matched,Matched,Matched,USR58350,MCH8964,Mismatch,Mismatch
CBK0000668,TXN00011231,USR61576,MCH7063,2026-03-19 00:00:00,2026-03-15 00:00:00,4533.6,Unauthorized Transaction,user reports money deducted but merchant denies receiving payment. details missing,Pending Bank,2026-03-04 00:00:00,Medium,IVR,Unmatched,Matched,Matched,USR56801,MCH6015,Mismatch,Mismatch
CBK0000799,TXN00012446,USR75853,MCH2771,2026-02-02 22:34:00,2026-02-03 21:34:00,1105.07,Unauthorized Transaction,customer says transaction was not authorized.,Rejected,,Medium,IVR,Unmatched,Unmatched,Matched,USR22905,MCH5844,Mismatch,Mismatch
CBK0000762,TXN00003810,USR65062,MCH5911,2026-01-23 00:00:00,2026-01-25 00:00:00,861.41,Merchant Not Delivered,user reports money deducted but merchant denies receiving payment.,In Progress,2026-02-12 00:00:00,Medium,IVR,Unmatched,Matched,Matched,USR38963,MCH2428,Mismatch,Mismatch
CBK0002241,TXN00009947,USR75572,MCH3262,2026-01-01 00:00:00,2026-03-01 00:00:00,,Account Compromised,merchant service was not delivered after payment. pls check asap,Open,2026-07-01 00:00:00,High,Branch,Unmatched,Unmatched,Matched,USR58522,MCH5097,Mismatch,Mismatch
CBK0000120,TXN00005470,USR35882,MCH5805,2026-03-24 00:00:00,2026-03-25 00:00:00,881.56,Customer Dispute,complaint received after multiple failed attempts.,Open,,Medium,Chatbot,Unmatched,Matched,Matched,USR78971,MCH6728,Mismatch,Mismatch
CBK0001486,TXN00012555,USR32962,MCH5076,2026-01-08 00:00:00,,2740.59,Customer Dispute,user says upi pin was not entered by them.,Pending Bank,2026-01-09 00:00:00,Low,IVR,Matched,Unmatched,Matched,USR38559,MCH8456,Mismatch,Mismatch
CBK0000278,TXN00018188,USR33934,MCH1639,2026-01-03 00:00:00,2026-01-05 00:00:00,609.57,Customer Dispute,payment made to unknown merchant as per customer statement.,In Progress,2026-03-02 00:00:00,Critical,Branch,Matched,Matched,Matched,USR56215,MCH9065,Mismatch,Mismatch
CBK0001433,TXN00011103,USR93242,MCH9047,2026-02-01 23:19:14,2026-02-02 00:00:00,5968.43,Duplicate Debit,suspicious high-value payment disputed by cust.,Resolved,2026-02-25 04:19:00,Low,Branch,Matched,Unmatched,Matched,USR74446,MCH1934,Mismatch,Mismatch
CBK0000423,TXN00012405,USR33721,MCH8247,2026-01-26 21:04:00,2026-11-02 00:00:00,1837.0,Duplicate Debit,user claims account was compromised before transaction.,Rejected,2026-12-03 00:00:00,Medium,Branch,Unmatched,Matched,Matched,USR53253,MCH5020,Mismatch,Mismatch
CBK0001435,TXN00004594,USR40538,MCH1070,2026-01-16 00:00:00,2026-01-16 21:36:00,262.38,Fraud,merchant service was not delivered after payment.,In Progress,2026-02-02 00:00:00,Low,IVR,Unmatched,Matched,Matched,USR22062,MCH5879,Mismatch,Mismatch
CBK0001616,TXN00009207,USR49823,MCH8953,2026-04-02 00:00:00,2026-02-06 00:00:00,4915.0,Incorrect Amount,suspicious high-value payment disputed by customer.,Open,,High,Chatbot,Matched,Matched,Matched,USR56807,MCH8656,Mismatch,Mismatch
CBK0001552,TXN00014793,USR10598,MCH1855,2026-01-21 18:47:00,2026-01-23 00:00:00,641.02,Merchant Not Delivered,user claims account was compromised before transaction.,In Progress,2026-02-02 00:00:00,High,Chatbot,Matched,Matched,Matched,USR96748,MCH5746,Mismatch,Mismatch
CBK0002116,TXN00018024,USR18423,MCH9655,2026-02-26 02:31:01,2026-02-28 00:00:00,,Merchant Not Delivered,user says upi pin was not entered by them.,Closed,2026-03-21 21:31:01,Medium,Chatbot,Unmatched,Unmatched,Matched,USR75016,MCH1441,Mismatch,Mismatch
CBK0001293,TXN00010530,USR99535,MCH4181,2026-03-21 18:14:15,2026-03-24 20:14:15,7652.76,Duplicate Debit,user claims account was compromised before transaction.,Pending Bank,2026-04-21 00:00:00,High,App,Matched,Unmatched,Matched,USR39296,MCH9115,Mismatch,Mismatch
CBK0000110,TXN00005150,USR19275,MCH7578,2026-01-03 00:00:00,2026-01-01 00:00:00,2477.97,Account Compromised,customer complaint text unclear due to poor call center notes.,Rejected,2026-01-20 18:56:14,Medium,Call Center,Unmatched,Unmatched,Matched,USR46592,MCH5721,Mismatch,Mismatch
CBK0000851,TXN00015265,USR52830,MCH1188,2026-02-01 00:00:00,2026-02-05 00:00:00,9117.57,Fraud,user says upi pin was not entered by them.,Closed,2026-02-18 00:00:00,Medium,IVR,Unmatched,Matched,Matched,USR31973,MCH1707,Mismatch,Mismatch
CBK0000664,TXN00014659,USR74769,MCH9010,2026-03-12 13:53:38,2026-03-15 22:53:00,1093.6,Unauthorized Transaction,suspicious high-value payment disputed by customer.,Open,2026-03-21 00:00:00,Critical,App,Matched,Unmatched,Matched,USR26624,MCH1942,Mismatch,Mismatch
CBK0000737,TXN00008826,USR85122,MCH9786,2026-01-14 00:00:00,2026-01-24 00:00:00,1347.43,Account Compromised,complaint received after multiple failed attempts.,Open,,Low,Email,Unmatched,Matched,Matched,USR98228,MCH1710,Mismatch,Mismatch
CBK0001284,TXN00000281,USR46321,MCH9422,2026-10-01 00:00:00,,1426.33,Merchant Not Delivered,user claims account was compromised before transaction.,Rejected,2026-02-11 00:00:00,High,Call Center,Matched,Unmatched,Matched,USR61648,MCH6970,Mismatch,Mismatch
CBK0002010,TXN00008590,USR58106,MCH9878,2026-02-01 00:00:00,2026-02-06 00:00:00,2830.0,Incorrect Amount,user claims account was compromised before transaction.,Open,2026-03-04 16:37:00,Medium,Email,Matched,Unmatched,Matched,USR26424,MCH8496,Mismatch,Mismatch
CBK0002245,,USR77262,MCH9007,,2026-03-13 07:52:00,279.0,Duplicate Debit,payment made to unknown merchant as per cust statement.,In Progress,,Medium,Chatbot,Unmatched,Unmatched,Unmatched,,,Not Applicable,Not Applicable
CBK0002235,TXN00009348,USR81487,MCH6056,2026-03-17 00:00:00,2026-01-05 00:00:00,2309.36,Duplicate Debit,customer says amount was debited twice.,In Progress,,Low,Chatbot,Unmatched,Matched,Matched,USR36254,MCH7436,Mismatch,Mismatch
CBK0001762,TXN00011289,USR14871,MCH4080,2026-02-19 00:00:00,2026-02-27 00:00:00,1035.0,Merchant Not Delivered,user reports money deducted but merchant denies receiving payment.,In Progress,2026-03-22 04:25:49,High,Branch,Matched,Matched,Matched,USR34760,MCH2523,Mismatch,Mismatch
CBK0001604,TXN00019626,USR38245,MCH7973,2026-02-09 00:00:00,2026-02-13 00:00:00,781.0,Fraud,suspicious high-value payment disputed by customer.,Rejected,,Medium,Email,Unmatched,Matched,Matched,USR22190,MCH4052,Mismatch,Mismatch
CBK0002182,TXN00015499,USR22939,MCH5631,2026-03-11 06:34:26,2026-03-14 00:00:00,1792.1,Merchant Not Delivered,customer says transaction was not authorized.,In Progress,,Low,IVR,Unmatched,Matched,Matched,USR32944,MCH1989,Mismatch,Mismatch
CBK0000904,,USR46902,MCH9120,2026-03-24 00:00:00,2026-03-26 19:54:00,,Incorrect Amount,suspicious high-value payment disputed by customer.,In Progress,2026-04-10 19:54:00,Low,Chatbot,Matched,Matched,Unmatched,,,Not Applicable,Not Applicable
CBK0002381,TXN00011829,USR54103,MCH7837,,2026-01-19 00:00:00,,Fraud,customer says transaction was not authorized.,Open,2026-01-28 00:00:00,High,Call Center,Matched,Matched,Matched,USR78601,MCH6762,Mismatch,Mismatch
CBK0000835,TXN00016557,USR82094,MCH3363,2026-03-20 00:00:00,2026-03-31 11:25:32,3670.72,Account Compromised,user claims account was compromised before transaction. pls check asap,Pending Bank,,Medium,Call Center,Unmatched,Unmatched,Matched,USR80837,MCH1898,Mismatch,Mismatch
CBK0000403,TXN00014814,USR43455,MCH2055,2026-02-14 16:05:00,,7081.78,Duplicate Debit,payment made to unknown merchant as per customer statement.,In Progress,2026-03-07 11:05:00,Low,Call Center,Matched,Unmatched,Matched,USR19781,MCH7800,Mismatch,Mismatch
CBK0000426,TXN00001222,USR40061,MCH7377,2026-01-13 00:00:00,2026-02-13 02:39:13,10359.87,Service Failed,user reports money deducted but merchant denies receiving payment.,Open,,Medium,Email,Matched,Unmatched,Matched,USR79916,MCH2689,Mismatch,Mismatch
CBK0002539,TXN00001614,USR85040,MCH7599,2026-02-02 01:33:00,2026-02-04 00:00:00,13495.0,Merchant Not Delivered,customer says amount was debited twice.,Pending Bank,,Low,IVR,Unmatched,Unmatched,Matched,USR43482,MCH3885,Mismatch,Mismatch
CBK0000672,TXN00094670,USR23466,MCH2383,,2026-03-19 00:00:00,33780.71,Duplicate Debit,merchant service was not delivered after payment.,In Progress,,Low,Email,Unmatched,Matched,Unmatched,,,Not Applicable,Not Applicable
CBK0000170,TXN00016286,USR62841,MCH6175,2026-01-26 00:00:00,,800.41,Unauthorized Transaction,customer says transaction was not authorized.,In Progress,,Medium,IVR,Unmatched,Unmatched,Matched,USR20464,MCH6904,Mismatch,Mismatch
CBK0000632,TXN00016316,USR44482,MCH7297,2026-10-01 00:00:00,2026-01-13 00:00:00,5742.0,Customer Dispute,user says upi pin was not entered by them.,Resolved,2026-01-27 00:00:00,Low,Call Center,Unmatched,Matched,Matched,USR92837,MCH6924,Mismatch,Mismatch
CBK0002133,TXN00010760,USR68349,MCH2383,,2026-01-17 03:43:00,1471.98,Customer Dispute,customer complaint text unclear due to poor call center notes.,In Progress,2026-04-02 00:00:00,Medium,Branch,Unmatched,Matched,Matched,USR11037,MCH4432,Mismatch,Mismatch
CBK0001183,TXN00017897,USR88749,MCH7263,2026-01-25 00:00:00,2026-01-27 22:56:59,1234.0,Customer Dispute,customer complaint text unclear due to poor call center notes.,Resolved,2026-02-17 22:56:00,Medium,Branch,Matched,Unmatched,Matched,USR19494,MCH6963,Mismatch,Mismatch
CBK0000342,TXN00004782,USR30157,MCH5825,2026-01-23 00:00:00,2026-01-26 00:00:00,779.81,Customer Dispute,customer complaint text unclear due to poor call center notes.,Rejected,2026-07-02 00:00:00,Medium,Call Center,Unmatched,Matched,Matched,USR10692,MCH9264,Mismatch,Mismatch
CBK0001451,TXN00003075,USR13134,MCH6033,2026-01-19 00:00:00,2026-03-02 00:00:00,2267.96,Incorrect Amount,user claims account was compromised before transaction.,Open,2026-12-02 00:00:00,Low,Email,Unmatched,Matched,Matched,USR25619,MCH1545,Mismatch,Mismatch
CBK0002072,TXN00004967,USR42423,MCH8097,2026-02-21 04:46:00,2026-02-24 07:46:00,952.74,Duplicate Debit,suspicious high-value payment disputed by customer.,Resolved,,Low,Call Center,Matched,Unmatched,Matched,USR54734,MCH2884,Mismatch,Mismatch
CBK0002486,TXN00007604,USR66432,MCH6076,2026-02-14 20:40:00,2026-02-20 00:00:00,440.35,Merchant Not Delivered,merchant service was not delivered after payment.,Open,2026-03-22 18:40:38,Medium,Chatbot,Unmatched,Unmatched,Matched,USR48445,MCH5627,Mismatch,Mismatch
CBK0001104,TXN00007230,USR60004,MCH8097,2026-03-21 00:00:00,2026-03-22 00:00:00,4334.18,Fraud,suspicious high-value payment disputed by customer.,Resolved,,Critical,App,Matched,Unmatched,Matched,USR97209,MCH1848,Mismatch,Mismatch
CBK0000824,TXN00078658,USR57147,MCH4226,2026-02-18 00:00:00,2026-03-01 00:00:00,2283.69,Incorrect Amount,user says upi pin was not entered by them.,Closed,2026-03-25 00:00:00,Critical,IVR,Matched,Unmatched,Unmatched,,,Not Applicable,Not Applicable
CBK0000049,TXN00009231,USR41135,MCH3165,2026-11-03 00:00:00,,669.96,Fraud,customer complaint text unclear due to poor call center notes.,In Progress,2026-04-18 00:00:00,Low,Branch,Matched,Unmatched,Matched,USR96844,MCH6240,Mismatch,Mismatch
CBK0000576,TXN00019045,USR84127,MCH4763,2026-02-13 00:00:00,2026-02-16 00:00:00,4841.06,Unauthorized Transaction,customer complaint text unclear due to poor call center notes.,Pending Bank,2026-02-21 00:00:00,Medium,Branch,Matched,Unmatched,Matched,USR63974,MCH1845,Mismatch,Mismatch
CBK0001936,TXN00016714,USR63167,MCH9457,2026-09-01 00:00:00,2026-12-01 00:00:00,,Customer Dispute,suspicious high-value payment disputed by customer.,Pending Bank,2026-02-07 00:00:00,Medium,IVR,Matched,Matched,Matched,USR49515,MCH6069,Mismatch,Mismatch
CBK0000103,TXN00008797,USR69455,MCH2902,2026-03-29 03:22:50,2026-03-31 00:00:00,980.58,Account Compromised,user says upi pin was not entered by them.,Pending Bank,2026-04-02 00:00:00,Medium,IVR,Unmatched,Matched,Matched,USR38016,MCH1122,Mismatch,Mismatch
CBK0001724,TXN00001257,USR18577,MCH5237,2026-06-02 00:00:00,2026-07-02 03:04:41,2576.33,Fraud,customer says transaction was not authorized.,Closed,2026-01-03 00:00:00,Low,IVR,Unmatched,Matched,Matched,USR59873,MCH5921,Mismatch,Mismatch
CBK0000243,TXN00006922,USR46902,MCH2461,2026-02-13 00:00:00,2026-02-15 00:00:00,1272.25,Fraud,user claims account was compromised before transaction.,Closed,2026-02-17 00:00:00,Low,App,Matched,Unmatched,Matched,USR30469,MCH3587,Mismatch,Mismatch
CBK0000515,TXN00005131,USR30157,MCH8694,,2026-02-09 07:20:00,9968.68,Customer Dispute,payment made to unknown merchant as per customer statement.,Open,,Medium,Chatbot,Unmatched,Unmatched,Matched,USR78191,MCH6930,Mismatch,Mismatch
CBK0002691,TXN00002791,USR22598,MCH2822,2026-01-27 20:56:14,2026-02-11 00:00:00,15201.89,Service Failed,customer says transaction was not authorized.,Open,2026-02-23 20:56:14,Critical,IVR,Unmatched,Unmatched,Matched,USR72482,MCH6268,Mismatch,Mismatch
CBK0001254,TXN00015085,USR72505,MCH4244,2026-03-23 07:03:00,2026-03-26 22:03:00,3569.92,Duplicate Debit,complaint received after multiple failed attempts.,Open,,Low,Branch,Unmatched,Matched,Matched,USR56369,MCH4665,Mismatch,Mismatch
CBK0002569,TXN00012026,USR10288,MCH8779,2026-12-01 00:00:00,,4655.0,Account Compromised,payment made to unknown merchant as per customer statement.,Rejected,2026-01-25 00:00:00,Low,App,Matched,Matched,Matched,USR32161,MCH5675,Mismatch,Mismatch
CBK0000912,TXN00017717,USR72474,MCH8508,2026-02-19 00:00:00,2026-02-21 00:00:00,24414.54,Fraud,complaint received after multiple failed attempts.,Open,2026-11-03 00:00:00,Low,Email,Unmatched,Matched,Matched,USR24936,MCH5917,Mismatch,Mismatch
CBK0000379,TXN00005013,USR11871,MCH1785,2026-09-02 22:37:06,2026-12-02 17:37:06,1946.17,Incorrect Amount,user claims account was compromised before transaction.,Open,2026-03-10 00:00:00,Low,App,Matched,Matched,Matched,USR71221,MCH6773,Mismatch,Mismatch
CBK0000529,TXN00016687,USR79572,MCH6500,2026-01-10 12:15:27,2026-11-01 00:00:00,15660.34,Merchant Not Delivered,user reports money deducted but merchant denies receiving payment.,Closed,,Medium,IVR,Unmatched,Unmatched,Matched,USR46746,MCH3163,Mismatch,Mismatch
CBK0001805,TXN00007244,USR76141,MCH3777,2026-03-25 00:00:00,2026-03-27 22:50:39,3040.89,Account Compromised,user claims account was compromised before transaction.,In Progress,2026-04-19 00:00:00,High,Chatbot,Matched,Unmatched,Matched,USR84915,MCH5530,Mismatch,Mismatch
CBK0000881,TXN00009647,USR95891,MCH5076,2026-03-28 00:00:00,2026-01-04 00:00:00,,Merchant Not Delivered,user reports money deducted but merchant denies receiving payment.,In Progress,2026-04-03 01:09:00,Medium,IVR,Unmatched,Unmatched,Matched,USR58622,MCH3704,Mismatch,Mismatch
CBK0001009,TXN00016326,USR34963,MCH9568,2026-03-13 00:00:00,2026-03-15 00:00:00,905.23,Incorrect Amount,user claims account was compromised before transaction.,In Progress,2026-12-04 00:00:00,Low,Chatbot,Matched,Unmatched,Matched,USR76856,MCH6239,Mismatch,Mismatch
CBK0002707,TXN00010218,USR11076,MCH7833,,2026-01-30 06:18:41,694.0,Merchant Not Delivered,user reports money deducted but merchant denies receiving payment.,Closed,2026-03-01 06:18:00,Medium,Branch,Unmatched,Matched,Matched,USR53938,MCH4339,Mismatch,Mismatch
CBK0001445,TXN00003088,USR27045,MCH4407,2026-01-13 00:00:00,2026-01-16 00:00:00,1019.25,Fraud,user says upi pin was not entered by them.,Open,2026-10-02 00:00:00,Medium,App,Unmatched,Unmatched,Matched,USR24770,MCH7024,Mismatch,Mismatch
CBK0001702,TXN00003610,USR66677,MCH8953,2026-01-30 00:00:00,2026-03-02 00:00:00,6753.79,Duplicate Debit,merchant service was not delivered after payment.,Closed,2026-04-02 00:00:00,Low,IVR,Unmatched,Matched,Matched,USR75160,MCH4739,Mismatch,Mismatch
CBK0002518,TXN00001703,USR36969,MCH3491,2026-03-13 00:00:00,2026-03-19 00:00:00,1926.45,Merchant Not Delivered,user reports money deducted but merchant denies receiving payment.,In Progress,,Medium,Email,Unmatched,Matched,Matched,USR92643,MCH4277,Mismatch,Mismatch
CBK0001694,TXN00051122,USR46938,MCH9841,2026-02-03 00:00:00,2026-03-18 00:00:00,348.47,Incorrect Amount,customer says amount was debited twice.,Rejected,2026-03-25 00:00:00,Low,Email,Unmatched,Unmatched,Unmatched,,,Not Applicable,Not Applicable
CBK0000043,TXN00015200,USR15181,MCH4051,2026-12-02 05:01:35,2026-02-15 00:00:00,,Incorrect Amount,complaint received after multiple failed attempts.,Resolved,2026-03-08 00:00:00,Low,IVR,Unmatched,Matched,Matched,USR69023,MCH9750,Mismatch,Mismatch
CBK0002493,TXN00014670,USR79511,MCH9179,2026-03-13 00:00:00,2026-03-19 00:00:00,1969.23,Unauthorized Transaction,merchant service was not delivered after payment.,In Progress,2026-04-17 00:00:00,Medium,IVR,Unmatched,Unmatched,Matched,USR82235,MCH9186,Mismatch,Mismatch
CBK0002402,TXN00015883,USR71704,MCH9745,2026-08-01 00:00:00,2026-01-19 00:00:00,2183.47,Merchant Not Delivered,suspicious high-value payment disputed by customer.,Closed,,Medium,Call Center,Unmatched,Matched,Matched,USR27103,MCH9400,Mismatch,Mismatch
CBK0000530,TXN00013623,USR83977,MCH7491,2026-03-23 13:39:00,2026-03-25 00:00:00,5881.5,Duplicate Debit,customer complaint text unclear due to poor call center notes.,Rejected,2026-04-01 00:00:00,High,Chatbot,Unmatched,Unmatched,Matched,USR43108,MCH4749,Mismatch,Mismatch
CBK0001362,TXN00003264,USR32927,MCH3566,2026-02-25 05:34:00,2026-02-28 00:00:00,1771.56,Merchant Not Delivered,user says upi pin was not entered by them.,In Progress,2026-03-11 00:34:58,High,Email,Matched,Unmatched,Matched,USR94602,MCH9752,Mismatch,Mismatch
CBK0000844,TXN00012434,USR60718,MCH5451,,2026-02-26 16:33:00,2898.89,Merchant Not Delivered,customer says transaction was not authorized.,Rejected,2026-09-03 00:00:00,Medium,Chatbot,Unmatched,Matched,Matched,USR20008,MCH5155,Mismatch,Mismatch
CBK0000560,,USR33142,MCH4991,2026-03-07 20:06:00,2026-08-03 00:00:00,3235.8,Account Compromised,payment made to unknown merchant as per customer statement.,Resolved,2026-03-11 00:00:00,High,Chatbot,Unmatched,Unmatched,Unmatched,,,Not Applicable,Not Applicable
CBK0001906,TXN00005849,USR68355,MCH6716,2026-03-31 00:00:00,2026-04-02 04:29:55,2213.96,Duplicate Debit,customer says amount was debited twice.,Resolved,2026-04-12 00:00:00,Medium,Call Center,Matched,Matched,Matched,USR41536,MCH1586,Mismatch,Mismatch
CBK0001073,TXN00004089,USR33934,MCH1529,2026-01-25 00:00:00,2026-01-30 16:41:27,493.48,Customer Dispute,merchant service was not delivered after payment.,Resolved,2026-12-02 00:00:00,Low,Call Center,Matched,Matched,Matched,USR48528,MCH5043,Mismatch,Mismatch
CBK0000917,TXN00010215,USR71348,MCH2938,2026-01-22 00:00:00,2026-01-02 23:51:18,6899.7,Merchant Not Delivered,user says upi pin was not entered by them.,Pending Bank,2026-02-28 00:00:00,Medium,Chatbot,Unmatched,Matched,Matched,USR66552,MCH2812,Mismatch,Mismatch
CBK0001579,TXN00013935,USR67399,MCH5294,2026-01-30 00:00:00,,1513.85,Incorrect Amount,user reports money deducted but merchant denies receiving payment.,Pending Bank,2026-02-23 00:00:00,Low,App,Unmatched,Matched,Matched,USR85354,MCH9920,Mismatch,Mismatch
CBK0001324,TXN00002901,USR43702,MCH2167,2026-03-19 00:00:00,2026-03-29 00:00:00,668.0,Fraud,suspicious high-value payment disputed by customer.,Open,,Medium,Chatbot,Unmatched,Unmatched,Matched,USR78616,MCH4802,Mismatch,Mismatch
CBK0001788,TXN00016160,USR74134,MCH4181,2026-01-25 00:00:00,2026-05-02 04:45:43,604.17,Duplicate Debit,user says upi pin was not entered by them.,Closed,2026-02-11 04:45:00,Medium,IVR,Matched,Unmatched,Matched,USR84338,MCH9825,Mismatch,Mismatch
CBK0000717,TXN00011204,USR82688,MCH4181,2026-03-04 00:00:00,,,Merchant Not Delivered,customer says transaction was not authorized.,Rejected,2026-03-19 06:54:31,High,App,Unmatched,Unmatched,Matched,USR56298,MCH1080,Mismatch,Mismatch
CBK0002271,TXN00012860,USR27755,MCH6850,2026-01-27 00:00:00,2026-01-30 23:27:37,4626.0,Account Compromised,user reports money deducted but merchant denies receiving payment.,Pending Bank,2026-02-10 23:27:37,Low,App,Unmatched,Unmatched,Matched,USR37282,MCH3257,Mismatch,Mismatch
CBK0002524,TXN00010461,USR72734,MCH2390,2026-03-14 02:52:00,,300.44,Incorrect Amount,suspicious high-value payment disputed by customer.,Open,,Low,IVR,Matched,Matched,Matched,USR73213,MCH1186,Mismatch,Mismatch
CBK0000268,TXN00000069,USR16371,MCH5588,2026-03-21 00:00:00,2026-03-20 00:00:00,985.19,Incorrect Amount,merchant service was not delivered after payment.,Pending Bank,2026-03-20 10:09:00,Critical,Email,Unmatched,Matched,Matched,USR44948,MCH2986,Mismatch,Mismatch
CBK0000025,TXN00018011,USR73468,MCH3488,2026-01-18 21:37:05,2026-01-20 00:00:00,376.33,Customer Dispute,complaint received after multiple failed attempts.,Rejected,2026-02-12 00:00:00,High,IVR,Unmatched,Matched,Matched,USR13261,MCH1276,Mismatch,Mismatch
CBK0002252,TXN00018705,USR30837,MCH4857,2026-02-13 09:40:00,2026-02-18 00:00:00,325.69,Customer Dispute,customer says amount was debited twice.,Pending Bank,2026-02-19 00:00:00,Low,Email,Unmatched,Matched,Matched,USR39722,MCH1133,Mismatch,Mismatch
CBK0001230,TXN00015088,USR49696,MCH6914,2026-10-01 11:58:51,2026-01-18 00:00:00,590.13,Merchant Not Delivered,user reports money deducted but merchant denies receiving payment.,Resolved,2026-05-02 00:00:00,Low,Call Center,Unmatched,Unmatched,Matched,USR28338,MCH7069,Mismatch,Mismatch
CBK0000725,TXN00001816,USR77595,MCH4624,2026-02-03 00:00:00,2026-05-02 00:11:27,506.82,Fraud,customer says transaction was not authorized.,Resolved,2026-02-15 00:00:00,High,Chatbot,Unmatched,Matched,Matched,USR41939,MCH6518,Mismatch,Mismatch
CBK0000871,TXN00014130,USR50013,MCH3815,2026-02-24 14:55:00,2026-03-02 00:00:00,6351.69,Fraud,customer says transaction was not authorized.,Pending Bank,2026-04-03 00:00:00,Medium,Chatbot,Unmatched,Unmatched,Matched,USR57938,MCH5218,Mismatch,Mismatch
CBK0001638,TXN00016806,USR90476,MCH2266,2026-01-23 00:00:00,2026-01-23 08:43:25,754.9,Merchant Not Delivered,suspicious high-value payment disputed by customer.,Closed,2026-02-11 00:00:00,Medium,Call Center,Unmatched,Matched,Matched,USR89183,MCH4215,Mismatch,Mismatch
CBK0001862,TXN00015119,USR29393,MCH2677,2026-01-29 00:00:00,,2069.0,Merchant Not Delivered,customer says transaction was not authorized.,Rejected,2026-02-25 00:00:00,Low,Chatbot,Unmatched,Unmatched,Matched,USR45036,MCH2516,Mismatch,Mismatch
CBK0000953,TXN00011579,USR13025,MCH7570,2026-03-02 00:00:00,2026-03-18 00:00:00,4186.0,Merchant Not Delivered,user claims account was compromised before transaction.,Closed,2026-04-13 00:00:00,Critical,Chatbot,Matched,Unmatched,Matched,USR72123,MCH8193,Mismatch,Mismatch
CBK0001597,TXN00014374,USR80134,MCH4854,2026-02-06 00:00:00,2026-06-02 00:00:00,1445.01,Unauthorized Transaction,complaint received after multiple failed attempts.,Resolved,,Low,Branch,Unmatched,Unmatched,Matched,USR30719,MCH9038,Mismatch,Mismatch
CBK0000870,TXN00013994,USR44954,MCH7833,,2026-11-02 00:00:00,522.4,Duplicate Debit,user says upi pin was not entered by them.,Rejected,2026-02-25 02:46:35,Medium,IVR,Unmatched,Matched,Matched,USR42244,MCH2149,Mismatch,Mismatch
CBK0000954,TXN00009961,USR59679,MCH7079,2026-03-14 09:02:40,2026-03-16 00:00:00,983.39,Customer Dispute,merchant service was not delivered after payment.,Pending Bank,2026-04-12 00:00:00,Low,IVR,Unmatched,Unmatched,Matched,USR45501,MCH9804,Mismatch,Mismatch
CBK0001048,TXN00006989,USR32480,MCH4181,2026-03-31 00:00:00,2026-02-04 00:00:00,1796.19,Fraud,suspicious high-value payment disputed by customer.,Pending Bank,2026-04-27 00:00:00,Medium,IVR,Unmatched,Unmatched,Matched,USR47361,MCH9183,Mismatch,Mismatch
CBK0001910,TXN00015728,USR83310,MCH3536,2026-01-24 00:00:00,2026-01-28 00:00:00,791.9,Fraud,customer complaint text unclear due to poor call center notes.,Rejected,2026-02-06 18:00:46,Low,Email,Matched,Matched,Matched,USR46174,MCH9423,Mismatch,Mismatch
CBK0000098,TXN00003777,USR36855,MCH7866,2026-12-01 00:00:00,2026-01-14 00:00:00,177.16,Merchant Not Delivered,customer complaint text unclear due to poor call center notes.,Pending Bank,2026-01-17 20:23:00,Medium,App,Unmatched,Matched,Matched,USR66335,MCH6193,Mismatch,Mismatch
CBK0002471,TXN00004346,USR67181,MCH1914,2026-01-27 00:00:00,2026-02-02 03:10:00,2582.05,Fraud,suspicious high-value payment disputed by customer.,Rejected,,Low,Call Center,Unmatched,Unmatched,Matched,USR54388,MCH8323,Mismatch,Mismatch
CBK0002636,TXN00019539,USR51854,MCH1037,2026-10-03 00:00:00,2026-03-12 00:00:00,671.14,Customer Dispute,complaint received after multiple failed attempts.,Pending Bank,,Low,Branch,Unmatched,Unmatched,Matched,USR19965,MCH5882,Mismatch,Mismatch
CBK0001913,TXN00010478,USR46902,MCH9912,2026-03-16 00:00:00,2026-03-13 00:00:00,2872.74,Account Compromised,suspicious high-value payment disputed by customer.,In Progress,2026-03-31 00:00:00,Medium,Email,Matched,Matched,Matched,USR44917,MCH6924,Mismatch,Mismatch
CBK0001514,TXN00017992,USR36766,MCH3815,2026-12-02 00:00:00,,1134.77,Incorrect Amount,customer says amount was debited twice.,Rejected,2026-02-25 00:00:00,Low,Chatbot,Unmatched,Unmatched,Matched,USR75336,MCH3548,Mismatch,Mismatch
CBK0000255,TXN00008054,USR91954,MCH2417,2026-03-22 00:00:00,2026-03-24 11:29:00,472.22,Duplicate Debit,suspicious high-value payment disputed by customer.,Rejected,2026-04-07 00:00:00,High,Branch,Matched,Matched,Matched,USR58623,MCH6834,Mismatch,Mismatch
CBK0000802,TXN00019956,USR41434,MCH1767,2026-03-06 00:28:00,2026-09-03 00:00:00,503.49,Merchant Not Delivered,user claims account was compromised before transaction.,Pending Bank,,Low,IVR,Unmatched,Matched,Matched,USR74523,MCH3077,Mismatch,Mismatch
CBK0001917,TXN00019782,USR15741,MCH5222,2026-01-26 00:00:00,2026-01-28 00:00:00,2150.18,Merchant Not Delivered,customer says amount was debited twice.,Rejected,2026-02-19 00:43:29,High,IVR,Unmatched,Matched,Matched,USR53292,MCH6274,Mismatch,Mismatch
CBK0002006,TXN00008821,USR51720,MCH8701,2026-02-21 00:00:00,2026-03-24 00:00:00,2136.49,Fraud,complaint received after multiple failed attempts.,In Progress,2026-04-04 00:00:00,Low,Branch,Unmatched,Unmatched,Matched,USR57173,MCH7097,Mismatch,Mismatch
CBK0002151,TXN00009818,USR97580,MCH2800,2026-01-16 07:14:35,2026-01-17 00:00:00,2614.31,Unauthorized Transaction,user claims account was compromised before transaction. na,In Progress,,Medium,Chatbot,Matched,Matched,Matched,USR19499,MCH4424,Mismatch,Mismatch
CBK0002043,TXN00009451,USR14683,MCH5344,2026-02-26 19:22:00,2026-03-06 01:22:00,3711.97,Customer Dispute,customer says transaction was not authorized.,Pending Bank,,Medium,Chatbot,Matched,Unmatched,Matched,USR21334,MCH5367,Mismatch,Mismatch
CBK0001861,TXN00008377,USR29849,MCH5427,,,1274.95,Unauthorized Transaction,payment made to unknown merchant as per customer statement.,In Progress,2026-03-31 00:00:00,Medium,IVR,Matched,Unmatched,Matched,USR35396,MCH2783,Mismatch,Mismatch
CBK0002295,TXN00011080,USR86500,MCH1485,2026-03-27 00:15:00,2026-03-28 00:00:00,3444.75,Merchant Not Delivered,merchant service was not delivered after payment.,Resolved,2026-04-25 13:15:25,Medium,Chatbot,Matched,Unmatched,Matched,USR65765,MCH3947,Mismatch,Mismatch
CBK0001901,TXN00014122,USR98061,MCH7055,2026-02-28 00:00:00,2026-03-15 16:03:17,440.57,Customer Dispute,customer says transaction was not authorized.,Resolved,2026-11-04 16:03:17,Medium,Call Center,Unmatched,Unmatched,Matched,USR22509,MCH7448,Mismatch,Mismatch
CBK0000699,TXN00035789,USR17657,MCH1670,2026-03-06 00:00:00,2026-03-08 00:00:00,1813.99,Duplicate Debit,suspicious high-value payment disputed by customer.,Resolved,,Low,Chatbot,Unmatched,Unmatched,Unmatched,,,Not Applicable,Not Applicable
CBK0000405,TXN00010731,USR66391,MCH4181,2026-02-26 18:04:00,2026-02-28 00:00:00,1916.0,Fraud,user reports money deducted but merchant denies receiving payment.,Resolved,,Low,Chatbot,Unmatched,Unmatched,Matched,USR73432,MCH2843,Mismatch,Mismatch
CBK0001374,TXN00085698,USR29467,MCH4473,2026-01-20 20:07:30,2026-01-23 03:07:30,551.1,Customer Dispute,complaint received after multiple failed attempts.,Pending Bank,2026-02-15 00:00:00,High,IVR,Unmatched,Unmatched,Unmatched,,,Not Applicable,Not Applicable
CBK0000143,TXN00059408,USR34207,MCH9423,2026-03-20 00:00:00,2026-03-25 00:00:00,8028.0,Unauthorized Transaction,suspicious high-value payment disputed by cust.,Pending Bank,2026-04-20 00:00:00,High,App,Matched,Matched,Unmatched,,,Not Applicable,Not Applicable
CBK0002488,TXN00002926,USR83342,MCH8398,2026-02-17 14:21:10,2026-02-20 00:00:00,407.36,Account Compromised,payment made to unknown merchant as per customer statement.,Closed,2026-03-15 11:21:00,Critical,Branch,Matched,Unmatched,Matched,USR30575,MCH1382,Mismatch,Mismatch
CBK0002319,TXN00011383,USR79596,MCH3966,2026-03-22 00:00:00,2026-03-23 09:22:00,1933.11,Incorrect Amount,user reports money deducted but merchant denies receiving payment.,Closed,2026-04-13 09:22:44,Medium,Branch,Unmatched,Matched,Matched,USR40675,MCH2048,Mismatch,Mismatch
CBK0002720,TXN00010672,USR87829,MCH9344,2026-12-02 21:52:01,2026-02-14 00:00:00,2072.0,Merchant Not Delivered,customer complaint text unclear due to poor call center notes.,Closed,2026-02-18 17:52:00,Medium,Chatbot,Matched,Unmatched,Matched,USR37899,MCH3208,Mismatch,Mismatch
CBK0000144,TXN00006125,USR91671,MCH4943,2026-03-06 23:07:46,2026-03-12 00:00:00,2573.59,Merchant Not Delivered,merchant service was not delivered after payment. pls check asap,Closed,2026-08-04 00:00:00,High,Chatbot,Unmatched,Matched,Matched,USR78529,MCH4233,Mismatch,Mismatch
CBK0002039,TXN00005346,USR68277,MCH2065,2026-01-25 00:00:00,2026-01-27 02:10:02,5067.95,Unauthorized Transaction,complaint received after multiple failed attempts.,In Progress,,Medium,Chatbot,Unmatched,Unmatched,Matched,USR18456,MCH7002,Mismatch,Mismatch
CBK0002476,TXN00056546,USR63172,MCH4667,2026-03-11 00:00:00,2026-03-14 00:00:00,,Incorrect Amount,user says upi pin was not entered by them.,In Progress,2026-03-22 00:00:00,Medium,IVR,Matched,Matched,Unmatched,,,Not Applicable,Not Applicable
CBK0000649,TXN00019659,USR74992,MCH8779,2026-03-04 00:00:00,2026-03-10 00:00:00,2545.52,Merchant Not Delivered,payment made to unknown merchant as per cust statement.,Closed,2026-03-19 13:25:24,Medium,IVR,Unmatched,Matched,Matched,USR18886,MCH5751,Mismatch,Mismatch
CBK0001419,TXN00003304,USR91108,MCH2574,2026-01-07 00:00:00,2026-11-01 00:00:00,6448.11,Account Compromised,payment made to unknown merchant as per cust statement.,Closed,2026-06-02 00:00:00,Medium,Branch,Unmatched,Matched,Matched,USR58932,MCH3308,Mismatch,Mismatch
CBK0000680,TXN00006440,USR32302,MCH2383,2026-11-03 00:00:00,2026-03-16 23:47:02,6058.0,Incorrect Amount,payment made to unknown merchant as per customer statement.,Open,2026-03-17 00:00:00,Low,App,Unmatched,Matched,Matched,USR68953,MCH3079,Mismatch,Mismatch
CBK0001400,TXN00013909,USR85655,MCH5170,2026-03-14 09:46:00,2026-03-14 13:46:00,836.05,Account Compromised,merchant service was not delivered after payment.,Rejected,,Critical,Call Center,Unmatched,Unmatched,Matched,USR10579,MCH8202,Mismatch,Mismatch
CBK0002631,TXN00010422,USR63280,MCH9480,2026-03-21 00:00:00,2026-03-16 00:00:00,2144.03,Fraud,payment made to unknown merchant as per customer statement.,Rejected,2026-04-15 00:00:00,Medium,IVR,Matched,Unmatched,Matched,USR24948,MCH6679,Mismatch,Mismatch
CBK0000134,TXN00007757,USR87362,MCH3332,2026-03-19 00:00:00,2026-03-24 00:00:00,2328.13,Merchant Not Delivered,suspicious high-value payment disputed by customer.,Open,2026-04-15 22:34:56,High,Branch,Unmatched,Unmatched,Matched,USR98047,MCH2088,Mismatch,Mismatch
CBK0002742,TXN00015781,USR70003,MCH5954,2026-02-10 00:00:00,2026-02-20 00:00:00,3126.09,Account Compromised,user says upi pin was not entered by them.,In Progress,2026-03-15 04:14:07,Medium,App,Unmatched,Matched,Matched,USR21050,MCH8270,Mismatch,Mismatch
CBK0001184,TXN00010902,USR62254,MCH4226,2026-03-03 00:00:00,2026-06-03 03:53:28,3801.16,Customer Dispute,complaint received after multiple failed attempts.,Rejected,2026-01-04 00:00:00,Medium,App,Matched,Unmatched,Matched,USR35589,MCH9785,Mismatch,Mismatch
CBK0002704,TXN00013438,USR19231,MCH9625,2026-01-05 00:00:00,2026-01-05 00:00:00,532.41,Account Compromised,customer complaint text unclear due to poor call center notes.,Closed,2026-01-15 00:00:00,Medium,Chatbot,Unmatched,Matched,Matched,USR12916,MCH8354,Mismatch,Mismatch
CBK0001780,TXN00012392,USR78095,MCH8798,2026-03-19 09:14:00,2026-03-22 00:00:00,687.06,Fraud,customer says amount was debited twice.,In Progress,,Medium,Email,Unmatched,Matched,Matched,USR58273,MCH7726,Mismatch,Mismatch
CBK0001081,TXN00019947,USR35882,MCH7833,2026-05-01 00:00:00,2026-01-07 00:00:00,3167.22,Unauthorized Transaction,customer says transaction was not authorized.,In Progress,,Medium,Email,Unmatched,Matched,Matched,USR55254,MCH1584,Mismatch,Mismatch
CBK0001043,TXN00017300,USR36485,MCH4326,2026-02-14 17:44:04,2026-02-16 00:00:00,2554.87,Duplicate Debit,user says upi pin was not entered by them.,Pending Bank,,High,Branch,Unmatched,Matched,Matched,USR45971,MCH1948,Mismatch,Mismatch
CBK0001417,TXN00014359,USR93454,MCH6178,2026-02-23 20:16:08,2026-02-03 00:00:00,3642.0,Account Compromised,payment made to unknown merchant as per customer statement.,Closed,2026-06-03 00:00:00,Low,Chatbot,Unmatched,Unmatched,Matched,USR15741,MCH2401,Mismatch,Mismatch
CBK0001565,TXN00019006,USR76917,MCH2053,2026-03-20 00:00:00,2026-03-17 00:00:00,,Merchant Not Delivered,customer says transaction was not authorized.,Rejected,,Medium,IVR,Unmatched,Unmatched,Matched,USR93368,MCH8903,Mismatch,Mismatch
CBK0000830,TXN00007939,USR55355,MCH2375,2026-01-13 00:00:00,,976.66,Merchant Not Delivered,customer says amount was debited twice.,Open,2026-01-24 00:00:00,Medium,Branch,Matched,Unmatched,Matched,USR40862,MCH9181,Mismatch,Mismatch
CBK0002595,TXN00006136,USR28582,MCH5118,,2026-02-14 00:00:00,3785.87,Merchant Not Delivered,merchant service was not delivered after payment.,In Progress,2026-03-14 00:00:00,Low,IVR,Matched,Unmatched,Matched,USR15168,MCH6553,Mismatch,Mismatch
CBK0000253,TXN00009329,USR58076,MCH4388,2026-01-02 00:00:00,2026-02-02 00:00:00,648.33,Duplicate Debit,payment made to unknown merchant as per customer statement.,Closed,2026-02-25 00:00:00,Critical,App,Unmatched,Unmatched,Matched,USR56428,MCH1508,Mismatch,Mismatch
CBK0001279,TXN00042287,USR83181,MCH2757,2026-02-24 00:00:00,2026-02-27 00:00:00,1318.76,Unauthorized Transaction,user reports money deducted but merchant denies receiving payment.,Rejected,2026-12-03 00:00:00,Medium,App,Unmatched,Matched,Unmatched,,,Not Applicable,Not Applicable
CBK0001955,TXN00018686,USR46407,MCH5510,2026-11-01 17:40:36,2026-01-17 00:00:00,530.01,Unauthorized Transaction,customer says transaction was not authorized.,Pending Bank,2026-01-30 00:00:00,Medium,Chatbot,Unmatched,Unmatched,Matched,USR38627,MCH7894,Mismatch,Mismatch
CBK0000119,TXN00079001,USR68410,MCH1820,2026-03-13 00:00:00,2026-03-15 00:00:00,5620.82,Merchant Not Delivered,user reports money deducted but merchant denies receiving payment.,Resolved,,Low,Chatbot,Matched,Unmatched,Unmatched,,,Not Applicable,Not Applicable
CBK0002049,TXN00047225,USR73797,MCH2065,2026-02-04 00:00:00,2026-05-02 20:41:10,,Incorrect Amount,user says upi pin was not entered by them.,In Progress,,Low,Chatbot,Unmatched,Unmatched,Unmatched,,,Not Applicable,Not Applicable
CBK0001489,TXN00014835,USR25333,MCH5151,2026-02-25 00:00:00,2026-02-28 08:34:00,2565.94,Unauthorized Transaction,customer says amount was debited twice.,Pending Bank,,Medium,IVR,Unmatched,Matched,Matched,USR79606,MCH8194,Mismatch,Mismatch
CBK0002698,TXN00019768,USR65106,MCH2472,2026-03-29 00:00:00,2026-03-31 00:00:00,537.48,Unauthorized Transaction,user claims account was compromised before transaction.,Resolved,2026-04-23 16:54:00,High,Branch,Unmatched,Unmatched,Matched,USR88946,MCH6203,Mismatch,Mismatch
CBK0002529,TXN00012156,USR45756,MCH6446,2026-04-02 00:00:00,2026-02-09 14:09:00,1477.28,Customer Dispute,complaint received after multiple failed attempts.,Rejected,,Medium,Chatbot,Unmatched,Matched,Matched,USR58636,MCH4850,Mismatch,Mismatch
CBK0001652,TXN00018423,USR89267,MCH7879,2026-02-03 00:00:00,2026-02-08 16:45:00,1074.0,Merchant Not Delivered,user reports money deducted but merchant denies receiving payment.,In Progress,2026-02-20 00:00:00,High,IVR,Matched,Matched,Matched,USR87817,MCH2012,Mismatch,Mismatch
CBK0001924,TXN00005199,USR42019,MCH3162,2026-01-09 08:32:40,2026-01-11 00:00:00,2351.11,Unauthorized Transaction,payment made to unknown merchant as per customer statement.,Resolved,2026-01-12 21:32:00,Low,IVR,Unmatched,Unmatched,Matched,USR81946,MCH7691,Mismatch,Mismatch
CBK0001178,TXN00014094,USR27804,MCH3932,2026-02-27 01:30:01,,2999.91,Incorrect Amount,merchant service was not delivered after payment.,Open,2026-03-20 12:30:01,Medium,Chatbot,Unmatched,Unmatched,Matched,USR14471,MCH9840,Mismatch,Mismatch
CBK0002203,TXN00005966,USR98685,MCH9257,2026-02-22 00:00:00,2026-02-27 10:29:49,8500.66,Account Compromised,customer says transaction was not authorized. details missing,Resolved,2026-03-29 00:00:00,Medium,Email,Matched,Matched,Matched,USR71235,MCH6678,Mismatch,Mismatch
CBK0001473,TXN00001160,USR20984,MCH6953,2026-01-02 00:00:00,2026-01-02 00:00:00,2273.54,Duplicate Debit,customer complaint text unclear due to poor call center notes.,Pending Bank,2026-11-01 00:00:00,Low,Email,Unmatched,Matched,Matched,USR83176,MCH5789,Mismatch,Mismatch
CBK0001769,TXN00001679,USR43379,MCH9176,2026-02-21 00:00:00,2026-02-24 11:40:00,3976.0,Customer Dispute,suspicious high-value payment disputed by customer.,Resolved,2026-03-06 00:00:00,Medium,Chatbot,Unmatched,Matched,Matched,USR41275,MCH4395,Mismatch,Mismatch
CBK0001563,TXN00004035,USR38725,MCH4473,2026-01-08 04:46:00,2026-01-13 00:00:00,4064.18,Duplicate Debit,user claims account was compromised before transaction.,Closed,2026-08-02 00:00:00,Medium,IVR,Unmatched,Unmatched,Matched,USR58169,MCH6655,Mismatch,Mismatch
CBK0000763,TXN00005691,USR98061,MCH6850,2026-02-11 00:00:00,2026-02-14 22:00:46,,Incorrect Amount,suspicious high-value payment disputed by customer.,Pending Bank,2026-10-03 00:00:00,High,Email,Unmatched,Unmatched,Matched,USR58570,MCH4537,Mismatch,Mismatch
CBK0001306,TXN00000143,USR63816,MCH4399,2026-03-15 00:00:00,2026-03-26 08:39:16,449.0,Incorrect Amount,user says upi pin was not entered by them.,Pending Bank,2026-04-07 00:00:00,Medium,Call Center,Unmatched,Unmatched,Matched,USR68939,MCH8858,Mismatch,Mismatch
CBK0002421,TXN00008235,USR71538,MCH4564,2026-03-24 15:27:52,2026-03-26 00:00:00,1302.0,Customer Dispute,customer complaint text unclear due to poor call center notes. call dropped,Rejected,2026-04-07 16:27:00,Medium,Branch,Unmatched,Unmatched,Matched,USR33281,MCH6838,Mismatch,Mismatch
CBK0001918,TXN00006549,USR90740,MCH2943,2026-02-05 01:21:00,2026-02-10 00:00:00,905.53,Customer Dispute,user says upi pin was not entered by them.,Rejected,2026-03-02 00:00:00,Low,IVR,Unmatched,Matched,Matched,USR28771,MCH2363,Mismatch,Mismatch
CBK0001928,TXN00018064,USR85507,MCH2857,2026-02-01 01:25:56,2026-01-09 05:25:00,590.0,Customer Dispute,customer says transaction was not authorized.,Resolved,2026-01-30 00:00:00,Medium,Email,Unmatched,Matched,Matched,USR30974,MCH9695,Mismatch,Mismatch
CBK0001721,TXN00013741,USR65211,MCH5954,2026-08-02 00:00:00,2026-02-14 00:34:00,1756.23,Merchant Not Delivered,complaint received after multiple failed attempts.,Closed,2026-03-11 00:34:00,High,Branch,Unmatched,Matched,Matched,USR96759,MCH2104,Mismatch,Mismatch
CBK0001619,TXN00007989,USR21845,MCH1998,2026-02-17 00:00:00,2026-02-17 00:00:00,1245.09,Incorrect Amount,customer complaint text unclear due to poor call center notes.,Closed,2026-02-23 22:05:00,Medium,Chatbot,Unmatched,Unmatched,Matched,USR25951,MCH2301,Mismatch,Mismatch
CBK0000139,TXN00034566,USR29306,MCH4355,2026-01-13 06:24:38,2026-01-15 00:00:00,2696.0,Duplicate Debit,user says upi pin was not entered by them.,Rejected,,Low,IVR,Unmatched,Matched,Unmatched,,,Not Applicable,Not Applicable
CBK0001893,TXN00018872,USR67363,MCH2594,2026-01-31 00:00:00,2026-02-02 00:00:00,4001.57,Unauthorized Transaction,user reports money deducted but merchant denies receiving payment.,Rejected,,Medium,IVR,Matched,Unmatched,Matched,USR79520,MCH1023,Mismatch,Mismatch
CBK0001686,TXN00003833,USR21384,MCH4729,2026-03-18 10:00:38,2026-03-22 00:00:00,1688.18,Customer Dispute,customer says transaction was not authorized.,Open,2026-04-17 00:00:00,Medium,IVR,Unmatched,Matched,Matched,USR68213,MCH1831,Mismatch,Mismatch
CBK0000868,TXN00017012,USR26098,MCH2383,2026-02-07 23:22:53,2026-02-09 00:00:00,990.42,Service Failed,customer says amount was debited twice.,Resolved,,Medium,IVR,Unmatched,Matched,Matched,USR92099,MCH3331,Mismatch,Mismatch
CBK0002309,TXN00012387,USR18453,MCH5452,2026-02-03 00:00:00,2026-03-07 00:00:00,2462.0,Duplicate Debit,customer complaint text unclear due to poor call center notes. na,Rejected,,Medium,Chatbot,Unmatched,Unmatched,Matched,USR51470,MCH6746,Mismatch,Mismatch
CBK0000116,TXN00008116,USR77356,MCH8789,2026-02-13 00:00:00,2026-02-19 00:00:00,841.93,Unauthorized Transaction,suspicious high-value payment disputed by customer.,Closed,2026-03-16 00:00:00,Low,IVR,Unmatched,Matched,Matched,USR58627,MCH8540,Mismatch,Mismatch
CBK0000093,TXN00009196,USR28608,MCH7127,2026-01-20 18:00:00,2026-01-22 00:00:00,,Merchant Not Delivered,suspicious high-value payment disputed by customer.,Pending Bank,2026-02-07 12:00:43,Medium,Email,Matched,Matched,Matched,USR63311,MCH7297,Mismatch,Mismatch
CBK0000064,TXN00019898,USR48525,MCH5257,2026-03-13 04:30:00,2026-03-15 20:30:00,861.86,Incorrect Amount,suspicious high-value payment disputed by customer.,Closed,2026-03-04 20:30:01,Medium,Email,Matched,Matched,Matched,USR23497,MCH7248,Mismatch,Mismatch
CBK0002119,TXN00005222,USR53942,MCH6399,2026-01-21 09:16:49,2026-01-29 00:00:00,1345.55,Account Compromised,complaint received after multiple failed attempts.,Rejected,,Low,IVR,Unmatched,Unmatched,Matched,USR99304,MCH3442,Mismatch,Mismatch
CBK0002412,TXN00003020,USR96958,MCH8779,2026-03-14 00:00:00,2026-03-17 00:00:00,2521.22,Duplicate Debit,user claims account was compromised before transaction.,Closed,2026-03-18 20:13:34,Low,Email,Unmatched,Matched,Matched,USR30005,MCH3549,Mismatch,Mismatch
CBK0000149,TXN00015300,USR25559,MCH8125,2026-03-24 00:00:00,,753.9,Account Compromised,merchant service was not delivered after payment.,In Progress,,Medium,App,Unmatched,Matched,Matched,USR81673,MCH9578,Mismatch,Mismatch
CBK0002702,TXN00010278,USR59665,MCH8977,2026-03-10 00:00:00,2026-03-16 05:57:07,1779.15,Unauthorized Transaction,complaint received after multiple failed attempts.,Closed,2026-04-01 05:57:00,High,IVR,Matched,Unmatched,Matched,USR27506,MCH9435,Mismatch,Mismatch
CBK0002747,TXN00010095,USR18347,MCH9442,2026-03-24 00:00:00,,1820.01,Duplicate Debit,merchant service was not delivered after payment.,Resolved,2026-03-30 00:00:00,Low,Email,Matched,Matched,Matched,USR28919,MCH7936,Mismatch,Mismatch
CBK0002394,TXN00001169,USR60198,MCH6518,2026-02-27 00:00:00,2026-03-03 00:00:00,10453.78,Incorrect Amount,customer says transaction was not authorized.,In Progress,2026-03-16 00:00:00,Medium,Chatbot,Matched,Unmatched,Matched,USR95219,MCH4897,Mismatch,Mismatch
CBK0001574,TXN00019043,USR90528,MCH6885,2026-01-17 00:00:00,2026-01-22 23:10:00,215.0,Fraud,user reports money deducted but merchant denies receiving payment.,Pending Bank,2026-10-02 00:00:00,High,Branch,Matched,Unmatched,Matched,USR40085,MCH4173,Mismatch,Mismatch
CBK0002307,TXN00036574,USR15565,MCH4590,2026-02-08 00:00:00,2026-02-09 00:00:00,676.79,Fraud,user reports money deducted but merchant denies receiving payment.,Resolved,2026-02-15 12:46:00,Medium,Call Center,Unmatched,Unmatched,Unmatched,,,Not Applicable,Not Applicable
CBK0000816,TXN00014266,USR92332,MCH2146,2026-03-21 11:09:00,2026-03-21 00:00:00,,Customer Dispute,customer complaint text unclear due to poor call center notes. details missing,Pending Bank,2026-03-25 00:00:00,Medium,Branch,Unmatched,Unmatched,Matched,USR12371,MCH9687,Mismatch,Mismatch
CBK0001321,TXN00019939,USR87558,MCH3588,2026-02-19 00:00:00,2026-02-20 00:00:00,1954.14,Merchant Not Delivered,user claims account was compromised before transaction. call dropped,Resolved,2026-03-09 00:00:00,Medium,Email,Unmatched,Unmatched,Matched,USR35369,MCH9984,Mismatch,Mismatch
CBK0000821,TXN00001860,USR54089,MCH8467,2026-03-21 00:00:00,2026-03-22 00:00:00,,Account Compromised,user reports money deducted but merchant denies receiving payment.,Open,,Low,IVR,Unmatched,Matched,Matched,USR94536,MCH8569,Mismatch,Mismatch
CBK0002326,TXN00005168,USR42079,MCH6628,2026-01-01 00:00:00,2026-01-02 00:00:00,5074.67,Fraud,customer complaint text unclear due to poor call center notes.,Resolved,2026-05-01 00:00:00,High,Call Center,Unmatched,Matched,Matched,USR79932,MCH8954,Mismatch,Mismatch
CBK0002415,TXN00007375,USR25624,MCH3252,,2026-03-23 00:00:00,4608.0,Customer Dispute,payment made to unknown merchant as per customer statement.,Resolved,2026-04-17 22:41:55,High,Call Center,Unmatched,Matched,Matched,USR81669,MCH4546,Mismatch,Mismatch
CBK0001513,TXN00000653,USR70889,MCH8076,2026-03-15 00:00:00,2026-03-19 00:00:00,4308.0,Merchant Not Delivered,customer says transaction was not authorized.,Pending Bank,2026-01-04 00:00:00,Low,App,Unmatched,Matched,Matched,USR28162,MCH4994,Mismatch,Mismatch
CBK0002048,TXN00015397,USR65030,MCH4270,2026-02-08 00:00:00,,460.42,Account Compromised,user reports money deducted but merchant denies receiving payment. call dropped,Rejected,2026-03-04 09:53:00,Critical,Branch,Unmatched,Unmatched,Matched,USR58187,MCH2275,Mismatch,Mismatch
CBK0002293,TXN00004932,USR18205,MCH1981,2026-02-28 11:31:00,2026-02-24 00:00:00,595.39,Fraud,user reports money deducted but merchant denies receiving payment.,Rejected,,Low,Branch,Unmatched,Unmatched,Matched,USR24394,MCH3151,Mismatch,Mismatch
CBK0000520,TXN00002770,USR60151,MCH8249,2026-02-22 00:00:00,2026-02-24 00:00:00,908.2,Incorrect Amount,customer says amount was debited twice.,In Progress,2026-03-23 00:00:00,Low,Chatbot,Matched,Unmatched,Matched,USR75185,MCH1930,Mismatch,Mismatch
CBK0001708,TXN00009350,USR60818,MCH2906,2026-01-18 00:00:00,,478.75,Incorrect Amount,customer says transaction was not authorized.,Resolved,2026-01-27 00:00:00,Medium,Call Center,Unmatched,Unmatched,Matched,USR68014,MCH9859,Mismatch,Mismatch
CBK0001097,,USR34204,MCH5980,2026-03-11 00:00:00,2026-03-13 00:00:00,2968.29,Incorrect Amount,merchant service was not delivered after payment.,Rejected,2026-03-23 00:00:00,Medium,IVR,Unmatched,Matched,Unmatched,,,Not Applicable,Not Applicable
CBK0000477,TXN00001582,USR30157,MCH7030,2026-01-09 00:00:00,2026-01-10 00:00:00,6740.29,Account Compromised,user says upi pin was not entered by them.,Closed,2026-01-20 00:00:00,Medium,IVR,Unmatched,Matched,Matched,USR98121,MCH9592,Mismatch,Mismatch
CBK0000740,TXN00019738,USR22040,MCH1234,2026-03-20 00:00:00,2026-03-26 03:59:33,584.74,Account Compromised,merchant service was not delivered after payment.,Resolved,2026-07-04 03:59:33,Low,Email,Matched,Matched,Matched,USR36710,MCH2065,Mismatch,Mismatch
CBK0001907,TXN00014905,USR24536,MCH2714,2026-02-23 00:00:00,,797.17,Customer Dispute,merchant service was not delivered after payment.,Open,2026-03-23 00:00:00,Medium,App,Unmatched,Unmatched,Matched,USR16644,MCH3895,Mismatch,Mismatch
CBK0001098,TXN00006667,USR54912,MCH4734,2026-03-16 00:00:00,2026-03-19 00:00:00,4240.52,Merchant Not Delivered,user reports money deducted but merchant denies receiving payment. call dropped,In Progress,2026-04-07 00:00:00,Low,Chatbot,Unmatched,Unmatched,Matched,USR70689,MCH6948,Mismatch,Mismatch
CBK0002034,TXN00014295,USR46599,MCH7669,2026-02-22 00:00:00,2026-04-09 00:23:56,3265.64,Duplicate Debit,customer complaint text unclear due to poor call center notes.,Resolved,2026-05-05 00:23:56,Low,Call Center,Unmatched,Unmatched,Matched,USR54427,MCH5067,Mismatch,Mismatch
CBK0000328,TXN00011489,USR62345,MCH8996,,2026-01-26 04:02:00,1419.0,Account Compromised,customer says transaction was not authorized.,Closed,2026-01-27 04:02:03,Low,Chatbot,Unmatched,Matched,Matched,USR35220,MCH1964,Mismatch,Mismatch
CBK0002510,TXN00049297,USR99880,MCH1439,2026-05-02 04:07:59,,1707.55,Customer Dispute,user says upi pin was not entered by them. na,Pending Bank,,Medium,Email,Unmatched,Matched,Unmatched,,,Not Applicable,Not Applicable
CBK0000819,TXN00008276,USR66046,MCH3941,2026-02-25 00:00:00,2026-12-03 00:00:00,2947.75,Unauthorized Transaction,suspicious high-value payment disputed by customer.,Open,2026-03-28 00:00:00,High,Chatbot,Unmatched,Matched,Matched,USR70794,MCH1079,Mismatch,Mismatch
CBK0001301,TXN00005559,USR98939,MCH5403,2026-01-10 00:00:00,2026-07-01 00:00:00,597.81,Customer Dispute,merchant service was not delivered after payment.,Rejected,,Medium,Chatbot,Unmatched,Unmatched,Matched,USR19294,MCH9688,Mismatch,Mismatch
CBK0000547,TXN00003173,USR42144,MCH9330,2026-03-22 02:40:00,2026-03-24 00:00:00,3014.0,Duplicate Debit,customer complaint text unclear due to poor call center notes.,Rejected,2026-04-14 00:00:00,Low,Email,Matched,Unmatched,Matched,USR11880,MCH5407,Mismatch,Mismatch
CBK0001625,TXN00006214,USR39132,MCH3495,2026-02-13 00:00:00,2026-03-30 23:46:00,4111.68,Customer Dispute,user reports money deducted but merchant denies receiving payment.,Closed,2026-12-04 23:46:08,Medium,Email,Matched,Unmatched,Matched,USR60393,MCH4981,Mismatch,Mismatch
CBK0001515,TXN00000062,USR11366,MCH2992,,2026-03-07 14:01:00,330.73,Merchant Not Delivered,user says upi pin was not entered by them.,Closed,2026-04-05 00:00:00,Low,Branch,Matched,Unmatched,Matched,USR97519,MCH2304,Mismatch,Mismatch
CBK0000788,TXN00003574,USR22284,MCH4473,2026-03-28 00:00:00,2026-03-30 14:07:24,3933.58,Unauthorized Transaction,user says upi pin was not entered by them.,Resolved,2026-04-28 00:00:00,Low,Branch,Unmatched,Unmatched,Matched,USR19514,MCH1684,Mismatch,Mismatch
CBK0000089,TXN00017797,USR85655,MCH8344,2026-01-22 00:00:00,2026-01-23 23:22:08,1590.47,Merchant Not Delivered,complaint received after multiple failed attempts.,Open,2026-07-02 00:00:00,High,IVR,Unmatched,Matched,Matched,USR97459,MCH5965,Mismatch,Mismatch
CBK0002218,TXN00018418,USR35410,MCH7622,2026-03-13 08:55:08,2026-03-16 00:00:00,671.84,Customer Dispute,customer says transaction was not authorized.,In Progress,2026-04-08 00:00:00,High,Branch,Matched,Matched,Matched,USR39961,MCH1493,Mismatch,Mismatch
CBK0001356,TXN00018996,USR61151,MCH3100,2026-01-25 00:00:00,2026-01-27 00:00:00,1863.8,Incorrect Amount,customer says amount was debited twice.,Closed,2026-12-02 00:00:00,Low,IVR,Unmatched,Unmatched,Matched,USR92527,MCH1099,Mismatch,Mismatch
CBK0001028,TXN00007136,USR67087,MCH5446,2026-02-03 03:15:09,2026-05-03 00:00:00,6758.4,Duplicate Debit,customer complaint text unclear due to poor call center notes.,In Progress,2026-03-20 00:15:00,Low,Call Center,Matched,Unmatched,Matched,USR82356,MCH6033,Mismatch,Mismatch
CBK0000407,TXN00008429,USR90727,MCH2989,2026-01-13 11:06:46,2026-01-15 00:00:00,1512.54,Customer Dispute,user claims account was compromised before transaction.,In Progress,2026-01-18 00:00:00,Medium,App,Unmatched,Unmatched,Matched,USR13611,MCH7564,Mismatch,Mismatch
CBK0000386,TXN00017080,USR66286,MCH2441,2026-02-03 00:00:00,2026-03-03 00:00:00,687.73,Duplicate Debit,merchant service was not delivered after payment.,Rejected,,Low,Chatbot,Unmatched,Matched,Matched,USR31585,MCH9306,Mismatch,Mismatch
CBK0002369,TXN00000843,USR72135,MCH4517,2026-01-03 00:00:00,2026-02-03 02:12:47,947.54,Account Compromised,suspicious high-value payment disputed by customer.,Rejected,2026-03-17 02:12:00,Low,Call Center,Unmatched,Matched,Matched,USR29672,MCH9861,Mismatch,Mismatch
CBK0001194,TXN00010450,USR85606,MCH3304,2026-01-20 13:36:47,2026-01-20 19:36:47,1024.0,Account Compromised,suspicious high-value payment disputed by cust.,Pending Bank,2026-01-30 00:00:00,Medium,IVR,Matched,Unmatched,Matched,USR39334,MCH8181,Mismatch,Mismatch
CBK0000299,TXN00010454,USR21651,MCH1397,2026-03-15 00:00:00,2026-03-18 13:17:09,2554.86,Account Compromised,merchant service was not delivered after payment.,In Progress,,Low,Branch,Matched,Matched,Matched,USR88654,MCH1476,Mismatch,Mismatch
CBK0000125,TXN00006063,USR72570,MCH3943,2026-02-14 00:00:00,2026-02-15 11:35:00,2157.0,Account Compromised,user claims account was compromised before transaction.,In Progress,2026-02-18 00:00:00,High,IVR,Unmatched,Unmatched,Matched,USR41854,MCH8405,Mismatch,Mismatch
CBK0000754,TXN00001826,USR35882,MCH3115,2026-02-28 00:00:00,2026-03-10 00:00:00,895.55,Customer Dispute,user claims account was compromised before transaction. urgent,Pending Bank,,Medium,Chatbot,Unmatched,Unmatched,Matched,USR64044,MCH3082,Mismatch,Mismatch
CBK0001655,TXN00016496,USR31906,MCH4225,2026-01-29 00:00:00,2026-02-06 00:00:00,5996.21,Customer Dispute,customer complaint text unclear due to poor call center notes.,Resolved,2026-02-13 00:00:00,Critical,IVR,Unmatched,Matched,Matched,USR32936,MCH4123,Mismatch,Mismatch
CBK0002024,TXN00016207,USR91246,MCH7726,2026-02-01 00:00:00,2026-01-04 00:00:00,628.32,Merchant Not Delivered,suspicious high-value payment disputed by customer.,Closed,2026-01-24 07:10:00,Medium,Email,Unmatched,Matched,Matched,USR45865,MCH8027,Mismatch,Mismatch
CBK0001470,TXN00030234,USR24750,MCH6880,2026-03-24 00:00:00,,1915.5,Fraud,customer complaint text unclear due to poor call center notes.,Closed,2026-04-17 00:00:00,Medium,Branch,Unmatched,Unmatched,Unmatched,,,Not Applicable,Not Applicable
CBK0001499,TXN00016211,USR84128,MCH7738,2026-02-03 00:00:00,2026-03-03 00:00:00,6191.97,Duplicate Debit,payment made to unknown merchant as per customer statement.,Rejected,2026-03-07 00:00:00,High,Chatbot,Unmatched,Unmatched,Matched,USR15975,MCH2684,Mismatch,Mismatch
CBK0002580,TXN00004925,USR73573,MCH6810,,,9977.75,Merchant Not Delivered,user reports money deducted but merchant denies receiving payment.,Rejected,2026-03-25 00:00:00,Medium,App,Matched,Unmatched,Matched,USR73688,MCH1113,Mismatch,Mismatch
CBK0001399,TXN00015053,USR20076,MCH5050,2026-02-05 05:08:00,,3746.75,Duplicate Debit,merchant service was not delivered after payment.,Resolved,2026-03-13 05:08:00,Medium,Email,Unmatched,Matched,Matched,USR74506,MCH1071,Mismatch,Mismatch
CBK0002120,TXN00008067,USR62703,MCH7593,2026-01-17 00:08:00,2026-01-27 01:08:22,14279.05,Merchant Not Delivered,customer complaint text unclear due to poor call center notes.,In Progress,,Critical,Chatbot,Unmatched,Unmatched,Matched,USR87526,MCH8652,Mismatch,Mismatch
CBK0000349,TXN00015766,USR88643,MCH2541,2026-12-02 00:00:00,2026-02-18 02:44:00,2585.25,Unauthorized Transaction,suspicious high-value payment disputed by customer.,Rejected,2026-02-25 02:44:00,High,IVR,Unmatched,Unmatched,Matched,USR35469,MCH8466,Mismatch,Mismatch
CBK0000160,TXN00015230,USR38364,MCH5454,2026-08-02 23:09:47,2026-02-14 02:09:47,2419.56,Customer Dispute,merchant service was not delivered after payment.,Pending Bank,,High,Call Center,Unmatched,Unmatched,Matched,USR92197,MCH6084,Mismatch,Mismatch
CBK0001199,TXN00005512,USR76915,MCH3815,2026-03-07 00:00:00,2026-03-12 00:00:00,2981.85,Duplicate Debit,suspicious high-value payment disputed by customer.,In Progress,2026-04-01 00:00:00,Low,Chatbot,Unmatched,Unmatched,Matched,USR61031,MCH3935,Mismatch,Mismatch
CBK0001976,TXN00004835,USR37357,MCH5772,2026-02-23 04:26:51,2026-02-20 00:00:00,11573.0,Account Compromised,user reports money deducted but merchant denies receiving payment.,In Progress,2026-03-13 04:26:00,Medium,IVR,Unmatched,Unmatched,Matched,USR19463,MCH7815,Mismatch,Mismatch
CBK0001819,TXN00014412,USR27393,MCH9291,2026-01-16 22:17:46,2026-01-24 00:00:00,,Incorrect Amount,suspicious high-value payment disputed by customer.,Rejected,,Medium,IVR,Unmatched,Matched,Matched,USR47396,MCH1374,Mismatch,Mismatch
CBK0001463,TXN00018916,USR92463,MCH4008,2026-03-25 00:00:00,,1889.0,Incorrect Amount,user reports money deducted but merchant denies receiving payment. na,Pending Bank,2026-04-13 00:00:00,Medium,IVR,Matched,Matched,Matched,USR75997,MCH9791,Mismatch,Mismatch
CBK0002435,TXN00015767,USR33671,MCH2699,2026-03-01 00:00:00,2026-02-24 01:38:00,1904.98,Merchant Not Delivered,merchant service was not delivered after payment.,Rejected,2026-03-19 01:38:00,Medium,Chatbot,Matched,Unmatched,Matched,USR16785,MCH1849,Mismatch,Mismatch
CBK0001554,TXN00012362,USR87967,MCH3177,2026-01-02 00:00:00,2026-08-02 02:49:19,1105.15,Account Compromised,merchant service was not delivered after payment.,Resolved,2026-02-23 00:00:00,Low,Email,Matched,Matched,Matched,USR78508,MCH7039,Mismatch,Mismatch
CBK0002443,TXN00017471,USR44213,MCH3992,2026-01-02 00:00:00,2026-04-02 00:00:00,918.63,Unauthorized Transaction,user claims account was compromised before transaction.,Rejected,2026-02-20 00:00:00,High,Email,Unmatched,Unmatched,Matched,USR72274,MCH1248,Mismatch,Mismatch
CBK0000204,TXN00014673,USR21209,MCH8154,2026-01-24 00:00:00,2026-01-26 01:45:00,749.06,Customer Dispute,customer says amount was debited twice.,Closed,2026-02-10 01:45:00,Medium,Call Center,Unmatched,Matched,Matched,USR13860,MCH4029,Mismatch,Mismatch
CBK0002056,TXN00003732,USR18442,MCH1606,2026-03-03 00:00:00,2026-04-03 00:00:00,5678.98,Unauthorized Transaction,customer says transaction was not authorized.,Resolved,,Critical,IVR,Unmatched,Unmatched,Matched,USR82174,MCH7131,Mismatch,Mismatch
CBK0002192,TXN00002316,USR77746,MCH1674,2026-01-12 04:00:55,2026-01-14 00:00:00,20754.36,Fraud,customer says amount was debited twice.,In Progress,,High,IVR,Unmatched,Matched,Matched,USR94513,MCH6471,Mismatch,Mismatch
CBK0002590,TXN00001121,USR43833,MCH4575,2026-03-23 00:00:00,,993.0,Merchant Not Delivered,user says upi pin was not entered by them.,Closed,2026-04-20 10:56:00,Medium,Email,Matched,Unmatched,Matched,USR71384,MCH3410,Mismatch,Mismatch
CBK0001086,TXN00019525,USR21162,MCH3992,2026-01-12 00:00:00,2026-01-14 08:32:01,5874.15,Customer Dispute,customer complaint text unclear due to poor call center notes.,In Progress,2026-01-22 00:00:00,Low,Call Center,Unmatched,Unmatched,Matched,USR29699,MCH8815,Mismatch,Mismatch
CBK0002137,TXN00008657,USR34250,MCH6955,2026-02-23 00:00:00,2026-03-03 03:32:50,4252.24,Fraud,suspicious high-value payment disputed by customer. urgent,Open,2026-03-28 00:00:00,Low,IVR,Unmatched,Unmatched,Matched,USR64264,MCH2004,Mismatch,Mismatch
CBK0002492,TXN00001518,USR20737,MCH5541,2026-03-16 00:00:00,2026-03-18 00:00:00,9039.58,Customer Dispute,complaint received after multiple failed attempts. urgent,In Progress,2026-03-21 00:00:00,High,Email,Unmatched,Matched,Matched,USR57534,MCH6458,Mismatch,Mismatch
CBK0001965,TXN00008205,USR62398,MCH6714,2026-12-02 00:00:00,2026-12-02 00:00:00,1147.39,Account Compromised,customer says amount was debited twice. pls check asap,Resolved,2026-01-03 22:26:43,High,Chatbot,Unmatched,Unmatched,Matched,USR73714,MCH6155,Mismatch,Mismatch
CBK0001409,TXN00014019,USR20076,MCH4751,2026-01-14 00:00:00,2026-01-16 00:00:00,2386.95,Service Failed,user reports money deducted but merchant denies receiving payment.,In Progress,2026-01-29 00:00:00,Medium,Chatbot,Unmatched,Unmatched,Matched,USR51679,MCH6445,Mismatch,Mismatch
CBK0000738,TXN00018812,USR98980,MCH2757,2026-05-01 00:00:00,2026-01-16 00:00:00,15054.0,Fraud,user says upi pin was not entered by them.,Pending Bank,2026-02-14 00:00:00,High,Call Center,Unmatched,Matched,Matched,USR23953,MCH1690,Mismatch,Mismatch
CBK0000293,TXN00016470,USR50092,MCH1879,2026-01-19 00:00:00,2026-01-25 15:05:00,1947.05,Customer Dispute,suspicious high-value payment disputed by customer.,Pending Bank,2026-02-13 00:00:00,High,IVR,Unmatched,Matched,Matched,USR88578,MCH5308,Mismatch,Mismatch
CBK0001585,TXN00082330,USR14591,MCH3928,2026-03-31 00:00:00,2026-04-01 21:31:00,2452.3,Merchant Not Delivered,customer complaint text unclear due to poor call center notes.,Pending Bank,2026-04-21 00:00:00,Critical,IVR,Matched,Unmatched,Unmatched,,,Not Applicable,Not Applicable
CBK0000019,TXN00008321,USR27583,MCH4590,2026-02-22 00:00:00,2026-02-25 00:00:00,699.14,Duplicate Debit,user says upi pin was not entered by them.,In Progress,2026-02-27 00:00:00,High,Chatbot,Matched,Unmatched,Matched,USR85115,MCH7982,Mismatch,Mismatch
CBK0001180,TXN00012133,USR84844,MCH6202,2026-02-01 07:09:49,2026-06-02 00:00:00,7361.16,Customer Dispute,customer says transaction was not authorized.,Pending Bank,2026-02-27 00:00:00,Medium,Chatbot,Matched,Unmatched,Matched,USR47683,MCH3858,Mismatch,Mismatch
CBK0000324,TXN00014492,USR34540,MCH4590,2026-01-02 00:00:00,2026-02-02 13:49:55,,Fraud,user says upi pin was not entered by them.,Resolved,2026-02-25 00:00:00,High,Chatbot,Unmatched,Unmatched,Matched,USR65475,MCH2600,Mismatch,Mismatch
CBK0001005,TXN00006695,USR65902,MCH5655,2026-02-19 11:11:00,2026-02-22 00:00:00,1671.67,Account Compromised,merchant service was not delivered after payment.,Pending Bank,,Medium,App,Matched,Unmatched,Matched,USR17266,MCH7261,Mismatch,Mismatch
CBK0001149,TXN00013355,USR52988,MCH1182,2026-03-27 10:20:15,2026-03-23 10:20:15,6746.58,Customer Dispute,user says upi pin was not entered by them.,Resolved,2026-04-20 00:00:00,Low,Chatbot,Unmatched,Unmatched,Matched,USR94874,MCH5417,Mismatch,Mismatch
CBK0002743,TXN00053543,USR85742,MCH4473,2026-01-25 01:22:37,2026-01-25 00:00:00,299.18,Merchant Not Delivered,user says upi pin was not entered by them.,Rejected,2026-02-23 00:00:00,Low,Email,Unmatched,Unmatched,Unmatched,,,Not Applicable,Not Applicable
CBK0002526,TXN00014583,USR53424,MCH7006,2026-03-20 19:24:00,2026-03-24 00:00:00,6768.55,Incorrect Amount,customer says amount was debited twice.,In Progress,2026-08-04 00:00:00,Low,Chatbot,Unmatched,Unmatched,Matched,USR28829,MCH9627,Mismatch,Mismatch
CBK0000792,TXN00017591,USR59752,MCH2176,2026-02-07 00:00:00,2026-09-02 00:00:00,6180.12,Customer Dispute,customer says amount was debited twice.,Closed,2026-02-26 17:50:00,Medium,Email,Unmatched,Unmatched,Matched,USR11168,MCH5261,Mismatch,Mismatch
CBK0000971,TXN00019356,USR80212,MCH2335,2026-01-07 00:00:00,2026-01-10 06:07:00,6782.66,Unauthorized Transaction,merchant service was not delivered after payment.,Closed,2026-02-04 00:00:00,High,IVR,Unmatched,Matched,Matched,USR27788,MCH5280,Mismatch,Mismatch
CBK0002752,TXN00009074,USR58639,MCH4181,2026-01-05 07:07:09,2026-05-01 00:00:00,611.73,Account Compromised,complaint received after multiple failed attempts.,Open,,Medium,Branch,Unmatched,Unmatched,Matched,USR47427,MCH3215,Mismatch,Mismatch
CBK0002406,TXN00019470,USR71704,MCH3759,2026-02-03 00:00:00,2026-04-03 00:00:00,3505.15,Merchant Not Delivered,merchant service was not delivered after payment. urgent,Closed,,Low,Branch,Unmatched,Unmatched,Matched,USR26257,MCH8951,Mismatch,Mismatch
CBK0000896,TXN00014731,USR29803,MCH7761,2026-03-25 00:00:00,2026-03-29 04:53:24,4988.8,Merchant Not Delivered,suspicious high-value payment disputed by cust.,Rejected,2026-04-13 00:00:00,Medium,App,Unmatched,Unmatched,Matched,USR94935,MCH8895,Mismatch,Mismatch
CBK0000874,TXN00008435,USR43450,MCH8870,2026-03-02 00:00:00,2026-06-02 00:00:00,2126.63,Customer Dispute,user reports money deducted but merchant denies receiving payment.,Resolved,2026-03-03 00:00:00,Medium,Email,Unmatched,Matched,Matched,USR20922,MCH8094,Mismatch,Mismatch
CBK0002644,TXN00006588,USR72024,MCH7102,2026-03-27 00:00:00,,1971.85,Customer Dispute,complaint received after multiple failed attempts.,Rejected,2026-04-20 00:00:00,Critical,Chatbot,Matched,Unmatched,Matched,USR92278,MCH6421,Mismatch,Mismatch
CBK0000057,TXN00005197,USR33934,MCH6452,,,5740.0,Account Compromised,customer says transaction was not authorized.,Pending Bank,2026-08-02 00:00:00,Medium,Email,Matched,Unmatched,Matched,USR44228,MCH6091,Mismatch,Mismatch
CBK0002367,TXN00000803,USR40928,MCH2574,2026-02-10 00:00:00,2026-02-11 17:54:00,1719.0,Customer Dispute,suspicious high-value payment disputed by customer.,Pending Bank,2026-02-17 17:54:00,Medium,Call Center,Matched,Matched,Matched,USR13670,MCH2335,Mismatch,Mismatch
CBK0001703,TXN00014396,USR62221,MCH7833,2026-03-30 00:00:00,2026-04-14 00:00:00,1107.61,Unauthorized Transaction,merchant service was not delivered after payment.,Closed,,High,App,Unmatched,Matched,Matched,USR55720,MCH3630,Mismatch,Mismatch
CBK0001314,TXN00015397,USR25021,MCH8657,2026-10-02 00:00:00,2026-02-17 00:00:00,7499.76,Merchant Not Delivered,customer says transaction was not authorized.,Rejected,,Low,IVR,Matched,Unmatched,Matched,USR58187,MCH2275,Mismatch,Mismatch
CBK0001319,,USR87558,MCH8935,2026-03-28 00:00:00,2026-04-13 00:00:00,1537.87,Customer Dispute,user says upi pin was not entered by them.,Closed,2026-05-12 00:00:00,Medium,Call Center,Unmatched,Matched,Unmatched,,,Not Applicable,Not Applicable
CBK0002004,TXN00016498,USR71282,MCH5954,2026-01-02 14:58:00,2026-01-03 00:00:00,3489.66,Fraud,customer complaint text unclear due to poor call center notes.,Rejected,,High,Chatbot,Matched,Matched,Matched,USR30319,MCH6903,Mismatch,Mismatch
CBK0000030,TXN00002461,USR44431,MCH2413,2026-01-18 06:52:30,2026-01-20 00:00:00,,Unauthorized Transaction,customer says transaction was not authorized.,Resolved,2026-05-02 16:52:30,Low,Branch,Unmatched,Unmatched,Matched,USR54383,MCH5193,Mismatch,Mismatch
CBK0001890,,USR70787,MCH9165,2026-01-19 00:00:00,2026-01-25 00:00:00,594.52,Account Compromised,complaint received after multiple failed attempts.,Closed,2026-02-24 00:00:00,Medium,IVR,Unmatched,Matched,Unmatched,,,Not Applicable,Not Applicable
CBK0001601,TXN00014556,USR51157,MCH7360,2026-02-14 20:36:49,2026-02-17 17:36:49,13308.54,Fraud,customer says amount was debited twice.,Pending Bank,,Medium,Chatbot,Matched,Matched,Matched,USR81688,MCH2222,Mismatch,Mismatch
CBK0002519,TXN00002544,USR91069,MCH4788,2026-02-23 04:34:00,2026-02-23 00:00:00,3839.34,Service Failed,user reports money deducted but merchant denies receiving payment.,Resolved,,Low,IVR,Matched,Matched,Matched,USR95118,MCH6207,Mismatch,Mismatch
CBK0002316,TXN00018781,USR80429,MCH4070,2026-03-14 00:00:00,2026-03-15 00:00:00,428.55,Fraud,user reports money deducted but merchant denies receiving payment.,Resolved,2026-03-21 00:00:00,Low,Chatbot,Unmatched,Unmatched,Matched,USR35241,MCH9260,Mismatch,Mismatch
CBK0000050,TXN00004935,USR75712,MCH2076,2026-01-31 00:00:00,2026-02-01 17:11:00,18552.59,Customer Dispute,suspicious high-value payment disputed by customer.,Resolved,2026-03-03 00:00:00,Low,Call Center,Unmatched,Matched,Matched,USR78423,MCH1975,Mismatch,Mismatch
CBK0002086,TXN00004716,USR14045,MCH9271,2026-01-25 14:59:00,2026-01-30 21:59:00,169.35,Duplicate Debit,customer says amount was debited twice. na,Rejected,2026-02-06 21:59:00,Medium,Call Center,Unmatched,Matched,Matched,USR51721,MCH4830,Mismatch,Mismatch
CBK0002244,,USR64363,MCH2948,2026-03-01 00:00:00,2026-04-01 00:00:00,4378.8,Duplicate Debit,user reports money deducted but merchant denies receiving payment.,Rejected,,Medium,Call Center,Matched,Unmatched,Unmatched,,,Not Applicable,Not Applicable
CBK0000467,TXN00009035,USR66080,MCH9242,2026-02-20 19:44:28,2026-02-21 09:44:28,1224.57,Fraud,customer says amount was debited twice.,Resolved,,Low,Branch,Matched,Matched,Matched,USR63171,MCH3765,Mismatch,Mismatch
CBK0002168,TXN00002821,USR83150,MCH5655,2026-02-10 00:00:00,2026-11-02 00:00:00,4707.47,Unauthorized Transaction,customer says amount was debited twice.,Resolved,,Low,IVR,Unmatched,Unmatched,Matched,USR84098,MCH3096,Mismatch,Mismatch
CBK0000988,TXN00007940,USR74004,MCH2383,2026-03-14 00:00:00,2026-03-22 11:13:00,1608.0,Account Compromised,user claims account was compromised before transaction. na,Closed,,High,Chatbot,Matched,Matched,Matched,USR41230,MCH5335,Mismatch,Mismatch
CBK0001035,TXN00012639,USR38128,MCH9737,2026-01-19 00:00:00,2026-01-20 00:00:00,3681.26,Incorrect Amount,payment made to unknown merchant as per customer statement.,In Progress,2026-02-13 00:00:00,High,Call Center,Matched,Unmatched,Matched,USR95360,MCH8165,Mismatch,Mismatch
CBK0002784,TXN00003041,USR21253,MCH2118,2026-01-18 17:10:46,2026-02-02 17:10:46,4136.0,Merchant Not Delivered,user reports money deducted but merchant denies receiving payment.,Resolved,,Medium,Email,Unmatched,Matched,Matched,USR14719,MCH8840,Mismatch,Mismatch
CBK0001119,TXN00013564,USR13165,MCH8547,2026-04-01 00:00:00,2026-01-04 19:22:27,4295.67,Merchant Not Delivered,complaint received after multiple failed attempts. na,In Progress,2026-01-24 00:00:00,Medium,Call Center,Matched,Unmatched,Matched,USR12526,MCH8561,Mismatch,Mismatch
CBK0002692,TXN00011494,USR52887,MCH1757,2026-01-25 00:00:00,2026-05-02 07:06:20,1084.65,Account Compromised,payment made to unknown merchant as per customer statement.,Rejected,2026-01-03 00:00:00,Low,IVR,Unmatched,Unmatched,Matched,USR23004,MCH2631,Mismatch,Mismatch
CBK0001902,TXN00008905,USR53056,MCH5119,,,1362.36,Incorrect Amount,user claims account was compromised before transaction.,Pending Bank,,Critical,IVR,Matched,Matched,Matched,USR61364,MCH6546,Mismatch,Mismatch
CBK0002606,TXN00018342,USR69706,MCH8779,2026-03-23 00:00:00,2026-03-25 00:00:00,2231.66,Fraud,payment made to unknown merchant as per customer statement.,In Progress,2026-04-04 00:00:00,Critical,IVR,Matched,Matched,Matched,USR82479,MCH4795,Mismatch,Mismatch
CBK0001896,TXN00005799,USR97580,MCH8791,2026-06-01 10:14:34,2026-12-01 00:00:00,674.67,Incorrect Amount,customer complaint text unclear due to poor call center notes.,Closed,2026-01-14 01:14:34,Critical,Chatbot,Matched,Unmatched,Matched,USR63408,MCH8656,Mismatch,Mismatch
CBK0002555,TXN00003972,USR76553,MCH1320,,2026-01-18 07:02:56,4309.44,Merchant Not Delivered,user reports money deducted but merchant denies receiving payment.,Open,,Low,Email,Matched,Matched,Matched,USR11146,MCH9075,Mismatch,Mismatch
CBK0002064,,USR68861,MCH3516,2026-03-29 00:00:00,2026-04-14 00:00:00,1531.2,Customer Dispute,customer says transaction was not authorized.,Pending Bank,2026-07-05 00:00:00,Low,Chatbot,Unmatched,Unmatched,Unmatched,,,Not Applicable,Not Applicable
CBK0002521,TXN00013602,USR98636,MCH1574,,2026-03-15 00:00:00,2090.68,Fraud,merchant service was not delivered after payment.,In Progress,,Critical,Chatbot,Unmatched,Unmatched,Matched,USR64301,MCH2230,Mismatch,Mismatch
CBK0000615,TXN00002775,USR83032,MCH3402,2026-01-07 00:00:00,2026-01-18 06:04:00,1908.8,Fraud,customer says amount was debited twice.,Open,2026-02-16 06:04:00,High,Email,Unmatched,Matched,Matched,USR46394,MCH7355,Mismatch,Mismatch
CBK0002405,TXN00017196,USR45251,MCH2538,2026-03-06 00:00:00,2026-07-03 02:28:07,9937.63,Fraud,complaint received after multiple failed attempts.,In Progress,2026-09-03 02:28:07,Medium,Chatbot,Unmatched,Unmatched,Matched,USR28129,MCH1556,Mismatch,Mismatch
CBK0002453,TXN00013396,USR24527,MCH2822,2026-02-23 00:00:00,,203.0,Merchant Not Delivered,user claims account was compromised before transaction.,Open,2026-03-24 00:00:00,Low,IVR,Unmatched,Unmatched,Matched,USR14398,MCH7891,Mismatch,Mismatch
CBK0001288,TXN00038794,USR82920,MCH5755,2026-03-10 00:00:00,2026-04-10 02:16:42,1144.0,Incorrect Amount,user says upi pin was not entered by them.,Open,2026-04-24 02:16:00,High,Chatbot,Unmatched,Unmatched,Unmatched,,,Not Applicable,Not Applicable
CBK0000696,TXN00007676,USR33564,MCH3259,2026-02-28 00:00:00,2026-02-28 00:00:00,841.13,Customer Dispute,customer says transaction was not authorized.,In Progress,2026-01-03 09:11:30,Critical,IVR,Matched,Matched,Matched,USR72121,MCH4672,Mismatch,Mismatch
CBK0002448,TXN00004698,USR56276,MCH3396,2026-03-15 05:45:53,,1942.99,Customer Dispute,suspicious high-value payment disputed by customer.,Closed,,Low,IVR,Matched,Unmatched,Matched,USR49298,MCH9120,Mismatch,Mismatch
CBK0000897,,USR78326,MCH2266,2026-01-24 00:00:00,2026-01-27 00:00:00,1390.61,Duplicate Debit,user claims account was compromised before transaction.,Closed,,Low,Branch,Unmatched,Matched,Unmatched,,,Not Applicable,Not Applicable
CBK0000464,TXN00001948,USR72135,MCH8274,2026-03-11 00:50:00,2026-04-10 00:00:00,3935.87,Merchant Not Delivered,complaint received after multiple failed attempts.,Resolved,2026-04-24 23:50:00,Low,Chatbot,Unmatched,Unmatched,Matched,USR22564,MCH3050,Mismatch,Mismatch
CBK0002482,TXN00018844,USR39808,MCH5330,2026-01-26 00:00:00,2026-02-02 03:31:15,6620.7,Merchant Not Delivered,payment made to unknown merchant as per customer statement.,Pending Bank,,Medium,Chatbot,Unmatched,Unmatched,Matched,USR88168,MCH1362,Mismatch,Mismatch
CBK0000411,TXN00003133,USR48609,MCH3992,,2026-03-20 00:00:00,3287.47,Unauthorized Transaction,complaint received after multiple failed attempts.,Pending Bank,2026-04-16 00:00:00,Medium,Email,Matched,Unmatched,Matched,USR24058,MCH9977,Mismatch,Mismatch
CBK0000722,TXN00014532,USR42970,MCH9937,2026-02-28 00:00:00,2026-04-03 00:00:00,4825.86,Incorrect Amount,customer says transaction was not authorized.,Rejected,2026-11-03 00:00:00,High,IVR,Matched,Matched,Matched,USR85442,MCH8891,Mismatch,Mismatch
CBK0001545,TXN00005459,USR26201,MCH9867,,2026-02-15 00:00:00,2038.0,Account Compromised,user claims account was compromised before transaction.,Rejected,2026-02-21 00:00:00,Low,App,Unmatched,Matched,Matched,USR14920,MCH8763,Mismatch,Mismatch
CBK0000145,TXN00009456,USR21384,MCH8779,2026-02-23 00:00:00,,3537.13,Customer Dispute,complaint received after multiple failed attempts.,In Progress,2026-03-21 00:00:00,Medium,Chatbot,Unmatched,Matched,Matched,USR84216,MCH6228,Mismatch,Mismatch
CBK0001154,TXN00007949,USR61761,MCH5076,,2026-01-25 17:35:49,2276.53,Account Compromised,complaint received after multiple failed attempts.,Resolved,2026-02-10 00:00:00,Low,IVR,Matched,Unmatched,Matched,USR13943,MCH2900,Mismatch,Mismatch
CBK0002135,TXN00017607,USR62613,MCH1320,2026-02-09 00:00:00,2026-03-11 00:00:00,291.0,Unauthorized Transaction,suspicious high-value payment disputed by customer. details missing,Open,2026-03-21 09:52:20,Low,Email,Matched,Matched,Matched,USR82916,MCH2149,Mismatch,Mismatch
CBK0000048,TXN00003553,USR11419,MCH5833,2026-02-22 00:00:00,2026-02-26 00:00:00,3278.36,Account Compromised,customer says transaction was not authorized.,Pending Bank,2026-03-07 03:45:00,Medium,Email,Unmatched,Matched,Matched,USR97036,MCH1916,Mismatch,Mismatch
CBK0000719,TXN00008362,USR51141,MCH4473,2026-03-23 00:00:00,2026-07-05 11:49:41,716.05,Merchant Not Delivered,payment made to unknown merchant as per customer statement.,In Progress,2026-05-31 11:49:00,Low,App,Matched,Unmatched,Matched,USR43558,MCH9577,Mismatch,Mismatch
CBK0001188,,USR99905,MCH7881,2026-02-10 09:30:00,2026-02-20 00:00:00,6211.43,Unauthorized Transaction,user reports money deducted but merchant denies receiving payment.,Closed,2026-03-05 21:30:45,High,IVR,Unmatched,Matched,Unmatched,,,Not Applicable,Not Applicable
CBK0001540,TXN00018190,USR83597,MCH5264,,2026-02-24 00:00:00,3985.84,Unauthorized Transaction,customer complaint text unclear due to poor call center notes.,Rejected,,Medium,IVR,Unmatched,Unmatched,Matched,USR13826,MCH2138,Mismatch,Mismatch
CBK0002666,TXN00005307,USR63160,MCH3992,2026-02-23 00:09:00,2026-02-24 00:00:00,,Customer Dispute,complaint received after multiple failed attempts.,Closed,2026-03-26 17:09:06,Low,App,Unmatched,Unmatched,Matched,USR83793,MCH4498,Mismatch,Mismatch
CBK0000111,TXN00019912,USR43416,MCH5748,2026-02-28 00:00:00,2026-08-03 00:41:12,2124.72,Merchant Not Delivered,user says upi pin was not entered by them.,Open,2026-03-13 00:00:00,Low,Email,Unmatched,Unmatched,Matched,USR30976,MCH7407,Mismatch,Mismatch
CBK0000561,TXN00011891,USR27107,MCH8154,2026-02-23 00:00:00,,146.7,Unauthorized Transaction,customer complaint text unclear due to poor call center notes.,Open,2026-03-19 00:00:00,High,Chatbot,Matched,Matched,Matched,USR68554,MCH8511,Mismatch,Mismatch
CBK0001938,TXN00010250,USR52258,MCH7697,2026-01-29 00:00:00,2026-01-30 00:00:00,,Unauthorized Transaction,complaint received after multiple failed attempts.,Open,2026-02-09 00:00:00,Low,App,Unmatched,Unmatched,Matched,USR58773,MCH9533,Mismatch,Mismatch
CBK0001070,TXN00006138,USR72463,MCH7131,2026-02-21 00:00:00,2026-02-28 00:00:00,486.96,Unauthorized Transaction,merchant service was not delivered after payment.,Closed,,Low,IVR,Unmatched,Unmatched,Matched,USR87415,MCH6972,Mismatch,Mismatch
CBK0001240,TXN00005144,USR87558,MCH2223,2026-02-17 14:32:16,2026-02-25 00:00:00,1262.32,Unauthorized Transaction,merchant service was not delivered after payment.,Resolved,2026-03-07 00:00:00,Low,IVR,Unmatched,Matched,Matched,USR38257,MCH5459,Mismatch,Mismatch
CBK0001172,TXN00000950,USR35692,MCH2757,2026-03-03 14:07:36,2026-03-05 00:00:00,1749.52,Duplicate Debit,customer says amount was debited twice.,Rejected,2026-03-22 00:00:00,Low,Email,Matched,Matched,Matched,USR49274,MCH7713,Mismatch,Mismatch
CBK0002786,TXN00001975,USR44809,MCH9291,2026-03-11 00:00:00,2026-03-14 00:00:00,1823.8,Unauthorized Transaction,customer says transaction was not authorized.,Resolved,2026-03-16 06:59:19,High,IVR,Unmatched,Matched,Matched,USR99484,MCH5922,Mismatch,Mismatch
CBK0001609,TXN00011210,USR50352,MCH2706,2026-02-20 08:31:54,2026-02-23 00:00:00,1853.91,Unauthorized Transaction,user claims account was compromised before transaction.,Open,2026-02-03 00:00:00,Medium,IVR,Unmatched,Unmatched,Matched,USR53760,MCH1951,Mismatch,Mismatch
CBK0000209,TXN00059223,USR24507,MCH4782,,2026-02-17 00:00:00,902.0,Duplicate Debit,payment made to unknown merchant as per cust statement.,Open,,High,App,Matched,Matched,Unmatched,,,Not Applicable,Not Applicable
CBK0002101,TXN00010055,USR53903,MCH2065,2026-01-22 00:00:00,2026-01-28 00:51:01,3918.28,Incorrect Amount,user reports money deducted but merchant denies receiving payment.,Rejected,2026-02-13 00:00:00,Medium,IVR,Matched,Unmatched,Matched,USR97767,MCH5966,Mismatch,Mismatch
CBK0002166,TXN00005750,USR64580,MCH5980,2026-03-21 07:22:46,2026-03-22 00:00:00,1459.51,Merchant Not Delivered,customer says transaction was not authorized.,In Progress,2026-02-04 00:00:00,Medium,IVR,Unmatched,Matched,Matched,USR32953,MCH2826,Mismatch,Mismatch
CBK0001971,TXN00001893,USR40538,MCH4473,2026-03-25 04:27:22,2026-03-26 00:00:00,1059.97,Duplicate Debit,customer complaint text unclear due to poor call center notes.,Resolved,2026-04-20 00:00:00,Low,Call Center,Unmatched,Unmatched,Matched,USR74331,MCH8965,Mismatch,Mismatch
CBK0000872,TXN00015686,USR41987,MCH4226,2026-02-27 00:00:00,2026-03-04 09:09:00,4354.56,Duplicate Debit,complaint received after multiple failed attempts.,Resolved,2026-04-03 00:00:00,Medium,App,Matched,Unmatched,Matched,USR93802,MCH5057,Mismatch,Mismatch
CBK0002618,TXN00011168,USR44759,MCH5594,2026-06-01 00:00:00,2026-10-01 00:35:07,5239.53,Account Compromised,customer complaint text unclear due to poor call center notes. call dropped,Rejected,2026-01-27 00:00:00,Medium,Chatbot,Matched,Matched,Matched,USR85231,MCH3791,Mismatch,Mismatch
CBK0000176,TXN00001405,USR91859,MCH2900,2026-03-13 00:00:00,2026-03-18 14:11:00,2105.51,Merchant Not Delivered,merchant service was not delivered after payment. call dropped,Closed,2026-05-04 00:00:00,Medium,Chatbot,Unmatched,Unmatched,Matched,USR62931,MCH3047,Mismatch,Mismatch
CBK0001836,TXN00002935,USR58979,MCH4535,2026-01-17 00:00:00,2026-01-19 14:28:40,318.65,Merchant Not Delivered,customer says transaction was not authorized.,Resolved,,Low,IVR,Matched,Unmatched,Matched,USR89500,MCH6583,Mismatch,Mismatch
CBK0000130,TXN00002672,USR96637,MCH4181,2026-01-06 00:00:00,2026-01-13 13:42:00,4547.87,Incorrect Amount,user reports money deducted but merchant denies receiving payment.,Pending Bank,,Low,Email,Unmatched,Unmatched,Matched,USR31289,MCH3128,Mismatch,Mismatch
CBK0001271,TXN00015189,USR33650,MCH4181,2026-10-01 13:57:59,2026-01-13 20:57:59,638.59,Unauthorized Transaction,user claims account was compromised before transaction.,Rejected,2026-01-18 00:00:00,High,IVR,Unmatched,Unmatched,Matched,USR13067,MCH7892,Mismatch,Mismatch
CBK0001593,TXN00015434,USR18724,MCH7728,2026-03-05 10:42:00,2026-03-21 07:42:38,8317.58,Fraud,customer says transaction was not authorized.,Pending Bank,2026-04-07 00:00:00,Medium,Email,Unmatched,Matched,Matched,USR17004,MCH6440,Mismatch,Mismatch
CBK0001879,TXN00007654,USR60131,MCH8887,2026-02-05 01:30:00,2026-02-06 23:30:00,552.24,Incorrect Amount,complaint received after multiple failed attempts.,Resolved,,Low,IVR,Matched,Unmatched,Matched,USR61968,MCH9152,Mismatch,Mismatch
CBK0001717,TXN00005246,USR87318,MCH2104,2026-03-04 12:35:00,2026-08-03 00:35:05,99.96,Duplicate Debit,user says upi pin was not entered by them.,Rejected,,Low,IVR,Unmatched,Matched,Matched,USR17503,MCH9368,Mismatch,Mismatch
CBK0000702,TXN00017072,USR56312,MCH5133,2026-01-18 03:52:25,2026-01-23 00:00:00,15432.0,Incorrect Amount,customer says amount was debited twice.,In Progress,2026-07-02 00:00:00,High,IVR,Unmatched,Matched,Matched,USR44102,MCH6049,Mismatch,Mismatch
CBK0002647,TXN00099966,USR24761,MCH4392,2026-01-24 00:00:00,2026-01-27 09:02:00,841.29,Incorrect Amount,user reports money deducted but merchant denies receiving payment.,Open,2026-02-20 09:02:00,Medium,Branch,Unmatched,Unmatched,Unmatched,,,Not Applicable,Not Applicable
CBK0001723,TXN00000941,USR58335,MCH7616,,2026-01-07 07:32:40,6049.12,Unauthorized Transaction,complaint received after multiple failed attempts.,Closed,2026-01-20 00:00:00,Low,Branch,Unmatched,Unmatched,Matched,USR74566,MCH1186,Mismatch,Mismatch
CBK0002770,TXN00013498,USR24608,MCH3992,2026-01-05 17:13:36,2026-02-05 00:00:00,469.12,Unauthorized Transaction,customer says transaction was not authorized.,Pending Bank,,Low,IVR,Unmatched,Unmatched,Matched,USR83535,MCH2400,Mismatch,Mismatch
CBK0002346,TXN00001292,USR25528,MCH6328,2026-03-24 00:00:00,,33975.77,Service Failed,customer says transaction was not authorized.,Open,2026-05-05 00:00:00,Low,Email,Unmatched,Matched,Matched,USR50629,MCH5863,Mismatch,Mismatch
CBK0002487,TXN00009313,USR32981,MCH1201,2026-02-03 00:00:00,2026-10-02 00:00:00,1561.28,Customer Dispute,payment made to unknown merchant as per customer statement.,Rejected,2026-03-03 00:00:00,Low,IVR,Unmatched,Unmatched,Matched,USR60998,MCH9964,Mismatch,Mismatch
CBK0001909,TXN00015341,USR51939,MCH4348,2026-02-27 00:00:00,2026-04-14 00:00:00,5481.51,Duplicate Debit,merchant service was not delivered after payment.,In Progress,2026-01-05 00:00:00,Medium,Chatbot,Matched,Unmatched,Matched,USR96684,MCH5451,Mismatch,Mismatch
CBK0002234,TXN00016207,USR61715,MCH6850,2026-01-13 00:00:00,2026-01-23 00:00:00,1383.0,Account Compromised,merchant service was not delivered after payment.,Pending Bank,2026-01-29 15:38:41,High,Branch,Unmatched,Unmatched,Matched,USR45865,MCH8027,Mismatch,Mismatch
CBK0000854,TXN00000164,USR17326,MCH7017,2026-01-01 05:32:00,2026-01-08 00:00:00,3086.0,Account Compromised,complaint received after multiple failed attempts.,Open,2026-02-02 00:00:00,Critical,Email,Unmatched,Matched,Matched,USR77275,MCH8493,Mismatch,Mismatch
CBK0002376,TXN00004589,USR76792,MCH5515,2026-01-20 11:45:52,2026-01-30 20:45:00,1100.37,Unauthorized Transaction,suspicious high-value payment disputed by customer.,In Progress,2026-02-08 00:00:00,Medium,IVR,Unmatched,Unmatched,Matched,USR97555,MCH5876,Mismatch,Mismatch
CBK0002540,TXN00010104,USR46321,MCH2065,2026-04-03 00:00:00,2026-03-06 00:00:00,1912.26,Duplicate Debit,merchant service was not delivered after payment.,Open,,High,IVR,Matched,Unmatched,Matched,USR87477,MCH8984,Mismatch,Mismatch
CBK0001666,TXN00018160,USR11659,MCH6810,2026-02-28 00:00:00,2026-01-03 00:00:00,482.0,Merchant Not Delivered,complaint received after multiple failed attempts.,Pending Bank,2026-03-17 08:39:00,Medium,Chatbot,Unmatched,Unmatched,Matched,USR96236,MCH1478,Mismatch,Mismatch
CBK0001340,TXN00001898,USR41763,MCH4190,2026-02-25 08:15:11,2026-03-03 00:00:00,638.96,Unauthorized Transaction,complaint received after multiple failed attempts.,Resolved,2026-06-03 06:15:11,Medium,IVR,Unmatched,Unmatched,Matched,USR96743,MCH1741,Mismatch,Mismatch
CBK0002616,TXN00000806,USR30612,MCH2757,2026-10-02 00:00:00,2026-02-11 03:28:31,3611.11,Merchant Not Delivered,customer says transaction was not authorized.,Resolved,2026-03-05 03:28:00,Low,Chatbot,Unmatched,Matched,Matched,USR49709,MCH2448,Mismatch,Mismatch
CBK0000813,TXN00008478,USR72576,MCH2072,2026-03-03 00:00:00,2026-08-03 22:39:44,2598.96,Duplicate Debit,user claims account was compromised before transaction.,Closed,2026-05-04 00:00:00,Critical,App,Unmatched,Unmatched,Matched,USR51878,MCH3788,Mismatch,Mismatch
CBK0000244,TXN00005487,USR31599,MCH6810,2026-02-26 00:00:00,2026-01-03 00:00:00,,Duplicate Debit,user claims account was compromised before transaction.,Closed,2026-03-08 00:00:00,High,Branch,Matched,Unmatched,Matched,USR16334,MCH9009,Mismatch,Mismatch
CBK0002653,TXN00000675,USR49080,MCH5147,2026-02-24 00:00:00,2026-02-25 18:22:00,3743.54,Merchant Not Delivered,payment made to unknown merchant as per cust statement.,In Progress,2026-03-20 00:00:00,Low,IVR,Unmatched,Matched,Matched,USR61031,MCH8911,Mismatch,Mismatch
CBK0001966,TXN00005813,USR30602,MCH6570,2026-12-03 21:54:53,2026-03-15 02:54:53,1708.0,Customer Dispute,payment made to unknown merchant as per customer statement.,Closed,2026-03-30 00:00:00,High,Call Center,Matched,Matched,Matched,USR81368,MCH3987,Mismatch,Mismatch
CBK0000687,TXN00005195,USR53215,MCH8519,2026-03-06 00:00:00,2026-03-07 00:00:00,4251.73,Customer Dispute,customer complaint text unclear due to poor call center notes.,In Progress,,Low,Call Center,Unmatched,Unmatched,Matched,USR22260,MCH7272,Mismatch,Mismatch
CBK0000836,TXN00003340,USR69581,MCH5218,2026-09-01 19:59:04,2026-01-25 00:00:00,1823.47,Fraud,customer complaint text unclear due to poor call center notes.,Resolved,2026-01-26 00:00:00,Medium,Email,Unmatched,Unmatched,Matched,USR25869,MCH8307,Mismatch,Mismatch
CBK0001498,TXN00017926,USR98061,MCH5655,2026-02-08 06:54:39,2026-02-10 02:54:00,5338.83,Customer Dispute,customer complaint text unclear due to poor call center notes.,In Progress,2026-02-20 00:00:00,Low,IVR,Unmatched,Unmatched,Matched,USR17350,MCH5594,Mismatch,Mismatch
CBK0000710,TXN00012306,USR86472,MCH2032,2026-02-08 00:00:00,2026-09-02 14:17:35,1076.54,Merchant Not Delivered,customer says amount was debited twice.,Pending Bank,,Low,IVR,Matched,Matched,Matched,USR95371,MCH9467,Mismatch,Mismatch
CBK0000444,TXN00014743,USR56564,MCH2369,2026-02-22 00:00:00,2026-02-26 00:00:00,1382.96,Account Compromised,customer says transaction was not authorized.,Pending Bank,,Medium,Chatbot,Unmatched,Unmatched,Matched,USR10317,MCH6444,Mismatch,Mismatch
CBK0002153,TXN00034179,USR47114,MCH8849,,2026-04-07 00:00:00,3258.82,Incorrect Amount,suspicious high-value payment disputed by customer.,Pending Bank,2026-04-15 05:48:00,Critical,Call Center,Unmatched,Unmatched,Unmatched,,,Not Applicable,Not Applicable
CBK0000839,TXN00014620,USR55888,MCH8779,2026-03-20 00:00:00,2026-03-30 00:00:00,501.3,Account Compromised,customer says amount was debited twice.,Resolved,2026-04-14 00:00:00,Medium,Chatbot,Unmatched,Matched,Matched,USR16125,MCH8539,Mismatch,Mismatch
CBK0002121,TXN00013687,USR26337,MCH2065,2026-02-04 00:00:00,2026-02-05 00:00:00,506.18,Merchant Not Delivered,user says upi pin was not entered by them.,Open,2026-02-22 00:00:00,High,IVR,Unmatched,Unmatched,Matched,USR21641,MCH4726,Mismatch,Mismatch
CBK0002600,TXN00095920,USR42158,MCH8602,2026-02-06 12:50:00,2026-02-13 18:50:00,45384.61,Unauthorized Transaction,merchant service was not delivered after payment.,Closed,2026-02-21 18:50:00,High,Chatbot,Unmatched,Matched,Unmatched,,,Not Applicable,Not Applicable
CBK0001527,TXN00044508,USR35882,MCH5076,2026-03-24 00:00:00,2026-04-01 00:00:00,,Account Compromised,customer says transaction was not authorized. details missing,Resolved,,High,App,Unmatched,Unmatched,Unmatched,,,Not Applicable,Not Applicable
CBK0000399,TXN00003924,USR85504,MCH7005,2026-01-08 00:00:00,,2479.92,Unauthorized Transaction,complaint received after multiple failed attempts.,Resolved,2026-01-16 00:00:00,Medium,Email,Unmatched,Unmatched,Matched,USR42819,MCH7536,Mismatch,Mismatch
CBK0000708,TXN00014452,USR24775,MCH2757,2026-02-17 00:00:00,2026-02-20 21:31:31,798.72,Merchant Not Delivered,suspicious high-value payment disputed by customer.,Rejected,2026-03-15 00:00:00,Low,IVR,Unmatched,Matched,Matched,USR63528,MCH6466,Mismatch,Mismatch
CBK0000485,TXN00016648,USR27340,MCH3100,2026-01-16 15:36:13,2026-01-19 00:00:00,1142.0,Customer Dispute,complaint received after multiple failed attempts.,Pending Bank,2026-01-31 00:00:00,Medium,Call Center,Unmatched,Unmatched,Matched,USR81201,MCH2231,Mismatch,Mismatch
CBK0001355,TXN00002926,USR49477,MCH5714,2026-03-08 18:59:00,2026-03-19 00:00:00,6014.84,Merchant Not Delivered,user reports money deducted but merchant denies receiving payment.,Rejected,,High,IVR,Unmatched,Unmatched,Matched,USR30575,MCH1382,Mismatch,Mismatch
CBK0002468,TXN00004673,USR45477,MCH4469,2026-03-14 23:12:19,2026-03-22 16:12:19,3382.78,Fraud,payment made to unknown merchant as per customer statement.,Closed,2026-04-13 00:00:00,Low,Email,Unmatched,Matched,Matched,USR93634,MCH5953,Mismatch,Mismatch
CBK0002672,TXN00014672,USR51854,MCH2993,2026-02-20 00:00:00,2026-02-22 00:00:00,1817.11,Fraud,customer says transaction was not authorized.,Open,2026-03-08 09:32:00,High,Email,Unmatched,Matched,Matched,USR26294,MCH1111,Mismatch,Mismatch
CBK0001013,TXN00096416,USR33841,MCH9291,2026-01-17 07:44:00,2026-01-20 22:44:00,5544.6,Customer Dispute,user reports money deducted but merchant denies receiving payment.,Pending Bank,2026-02-14 00:00:00,Medium,Call Center,Matched,Matched,Unmatched,,,Not Applicable,Not Applicable
CBK0002150,TXN00013524,USR74666,MCH8154,2026-01-31 00:00:00,2026-02-07 00:00:00,2142.84,Fraud,customer says transaction was not authorized.,Open,2026-03-04 00:00:00,Low,IVR,Matched,Matched,Matched,USR20497,MCH2092,Mismatch,Mismatch
CBK0001411,TXN00011455,USR24660,MCH3964,2026-02-02 22:05:00,2026-05-03 00:00:00,3012.1,Fraud,payment made to unknown merchant as per customer statement.,Open,,Low,Call Center,Unmatched,Matched,Matched,USR81301,MCH7682,Mismatch,Mismatch
CBK0002646,TXN00007962,USR17493,MCH3415,2026-01-06 03:01:00,2026-05-02 00:00:00,875.42,Duplicate Debit,user says upi pin was not entered by them.,Closed,2026-02-26 16:01:00,Critical,IVR,Matched,Matched,Matched,USR29097,MCH3376,Mismatch,Mismatch
CBK0001852,TXN00017893,USR27328,MCH3100,2026-03-01 00:00:00,2026-01-04 08:34:57,4556.84,Duplicate Debit,user claims account was compromised before transaction.,In Progress,2026-01-27 00:00:00,Low,IVR,Matched,Unmatched,Matched,USR79756,MCH7196,Mismatch,Mismatch
CBK0001453,TXN00012893,USR52532,MCH2931,2026-06-03 07:48:50,,1558.33,Incorrect Amount,complaint received after multiple failed attempts. details missing,Rejected,2026-03-30 00:00:00,Low,IVR,Unmatched,Unmatched,Matched,USR51032,MCH4861,Mismatch,Mismatch
CBK0002693,,USR66470,MCH7690,2026-02-02 05:38:00,2026-02-17 00:00:00,1231.18,Account Compromised,customer complaint text unclear due to poor call center notes.,Open,2026-02-28 15:38:40,Medium,Chatbot,Matched,Unmatched,Unmatched,,,Not Applicable,Not Applicable
CBK0001695,TXN00007159,USR91996,MCH6645,,2026-03-03 14:25:14,1034.0,Fraud,customer says transaction was not authorized. call dropped,Pending Bank,,Low,App,Unmatched,Matched,Matched,USR75130,MCH5474,Mismatch,Mismatch
CBK0001743,TXN00005081,USR55177,MCH3198,2026-10-01 00:00:00,2026-01-21 00:00:00,782.28,Account Compromised,user says upi pin was not entered by them. na,Resolved,,Low,Chatbot,Matched,Unmatched,Matched,USR35237,MCH7537,Mismatch,Mismatch
CBK0002656,TXN00003111,USR97954,MCH1274,2026-02-01 00:00:00,2026-04-01 00:00:00,1858.78,Account Compromised,customer says transaction was not authorized.,Closed,2026-11-01 00:00:00,Low,App,Matched,Unmatched,Matched,USR50619,MCH1045,Mismatch,Mismatch
CBK0001196,TXN00016378,USR64980,MCH2065,2026-02-28 14:57:09,2026-02-03 21:57:09,403.8,Fraud,complaint received after multiple failed attempts.,Open,,High,Chatbot,Unmatched,Unmatched,Matched,USR52359,MCH8586,Mismatch,Mismatch
CBK0000269,TXN00016915,USR75856,MCH1213,2026-03-25 00:00:00,2026-03-28 00:00:00,886.36,Account Compromised,payment made to unknown merchant as per customer statement.,Closed,2026-04-25 21:01:00,Medium,IVR,Matched,Matched,Matched,USR65144,MCH8358,Mismatch,Mismatch
CBK0000701,TXN00002775,USR31842,MCH7869,2026-01-25 00:00:00,2026-01-30 15:50:18,6779.18,Merchant Not Delivered,merchant service was not delivered after payment.,Pending Bank,2026-02-21 00:00:00,Low,Chatbot,Matched,Unmatched,Matched,USR46394,MCH7355,Mismatch,Mismatch
CBK0001127,TXN00017229,USR16037,MCH3572,,2026-02-28 00:00:00,796.1,Merchant Not Delivered,customer says amount was debited twice.,In Progress,2026-06-03 00:00:00,Medium,Email,Unmatched,Matched,Matched,USR53983,MCH5179,Mismatch,Mismatch
CBK0000665,TXN00012726,USR82229,MCH6230,2026-02-07 00:00:00,2026-02-10 01:03:00,360.49,Merchant Not Delivered,complaint received after multiple failed attempts.,Open,,Low,Branch,Matched,Unmatched,Matched,USR82772,MCH3105,Mismatch,Mismatch
CBK0000569,TXN00016196,USR24538,MCH2336,2026-01-09 00:00:00,2026-10-01 00:00:00,2141.56,Customer Dispute,suspicious high-value payment disputed by customer.,In Progress,2026-01-17 00:00:00,Medium,Email,Unmatched,Matched,Matched,USR40359,MCH1890,Mismatch,Mismatch
CBK0000913,TXN00004115,USR85406,MCH2832,,2026-03-12 00:00:00,1495.6,Unauthorized Transaction,merchant service was not delivered after payment.,Rejected,,Medium,IVR,Matched,Matched,Matched,USR13164,MCH3255,Mismatch,Mismatch
CBK0000380,TXN00000414,USR57745,MCH6126,2026-10-02 00:00:00,2026-02-13 00:00:00,806.29,Account Compromised,user reports money deducted but merchant denies receiving payment.,Rejected,2026-03-13 00:00:00,Low,Call Center,Matched,Unmatched,Matched,USR58404,MCH7447,Mismatch,Mismatch
CBK0002497,TXN00019914,USR48451,MCH6538,2026-01-21 19:23:00,2026-01-22 00:00:00,3065.07,Merchant Not Delivered,user claims account was compromised before transaction.,Pending Bank,2026-01-26 00:00:00,Medium,IVR,Unmatched,Unmatched,Matched,USR42775,MCH4544,Mismatch,Mismatch
CBK0002799,TXN00003221,USR38263,MCH3031,,2026-01-30 00:00:00,574.0,Merchant Not Delivered,merchant service was not delivered after payment.,Resolved,2026-02-17 00:00:00,Medium,Email,Matched,Matched,Matched,USR74032,MCH1760,Mismatch,Mismatch
CBK0000317,TXN00005496,USR91453,MCH1988,2026-02-22 00:00:00,2026-03-25 00:00:00,,Merchant Not Delivered,complaint received after multiple failed attempts.,Resolved,2026-04-15 00:00:00,Medium,IVR,Matched,Unmatched,Matched,USR74563,MCH4434,Mismatch,Mismatch
CBK0000582,TXN00006728,USR32162,MCH1074,2026-02-14 00:00:00,2026-02-17 00:00:00,1002.59,Merchant Not Delivered,customer says transaction was not authorized.,Pending Bank,2026-02-22 00:00:00,Critical,Email,Unmatched,Unmatched,Matched,USR74087,MCH2101,Mismatch,Mismatch
CBK0002571,TXN00011546,USR24926,MCH2822,2026-01-26 00:00:00,2026-02-03 00:00:00,3305.27,Duplicate Debit,complaint received after multiple failed attempts.,Rejected,2026-02-17 00:00:00,Low,IVR,Matched,Unmatched,Matched,USR14536,MCH8905,Mismatch,Mismatch
CBK0001943,TXN00000649,USR47711,MCH1196,2026-03-13 00:00:00,2026-04-13 00:00:00,1174.17,Merchant Not Delivered,user says upi pin was not entered by them.,In Progress,2026-05-11 02:50:07,Medium,IVR,Matched,Unmatched,Matched,USR93416,MCH1457,Mismatch,Mismatch
CBK0001177,TXN00004028,USR95524,MCH7017,2026-06-02 00:00:00,2026-09-02 00:00:00,2255.0,Incorrect Amount,customer says amount was debited twice.,In Progress,2026-01-03 00:00:00,High,IVR,Unmatched,Matched,Matched,USR75949,MCH3134,Mismatch,Mismatch
CBK0002055,TXN00004686,USR87013,MCH3011,2026-01-06 00:33:00,2026-01-07 00:00:00,1634.47,Customer Dispute,user claims account was compromised before transaction.,Closed,2026-01-27 00:00:00,Medium,Call Center,Unmatched,Matched,Matched,USR43853,MCH4239,Mismatch,Mismatch
CBK0000104,TXN00010908,USR70176,MCH5980,2026-02-19 00:00:00,2026-02-22 17:53:00,608.69,Duplicate Debit,customer says transaction was not authorized.,Rejected,2026-09-03 00:00:00,Low,Branch,Unmatched,Matched,Matched,USR18997,MCH8180,Mismatch,Mismatch
CBK0002489,,USR88037,MCH4590,2026-03-13 00:00:00,2026-09-03 00:00:00,1315.92,Duplicate Debit,suspicious high-value payment disputed by customer.,Resolved,2026-03-17 00:00:00,Medium,Chatbot,Matched,Unmatched,Unmatched,,,Not Applicable,Not Applicable
CBK0000154,TXN00011689,USR92364,MCH2569,2026-03-07 00:00:00,2026-03-14 22:06:34,473.27,Merchant Not Delivered,user reports money deducted but merchant denies receiving payment.,Rejected,2026-03-23 00:00:00,Low,IVR,Unmatched,Unmatched,Matched,USR67451,MCH5404,Mismatch,Mismatch
CBK0001635,TXN00008467,USR70836,MCH6914,2026-03-11 00:00:00,2026-03-14 10:21:00,1016.94,Fraud,customer says amount was debited twice.,Closed,2026-03-21 00:00:00,Medium,Call Center,Unmatched,Unmatched,Matched,USR33886,MCH6907,Mismatch,Mismatch
CBK0002756,TXN00003850,USR52907,MCH1919,2026-03-06 00:00:00,2026-04-20 18:06:08,5978.59,Duplicate Debit,suspicious high-value payment disputed by customer.,Rejected,2026-05-12 18:06:08,Low,IVR,Unmatched,Unmatched,Matched,USR75409,MCH4148,Mismatch,Mismatch
CBK0000892,TXN00019345,USR99727,MCH8400,2026-06-03 01:42:03,2026-06-03 00:00:00,393.4,Account Compromised,merchant service was not delivered after payment.,Pending Bank,,Medium,Branch,Unmatched,Matched,Matched,USR12180,MCH3584,Mismatch,Mismatch
CBK0000445,TXN00013230,USR28772,MCH3727,2026-01-18 00:00:00,2026-01-22 00:00:00,1323.41,Merchant Not Delivered,customer complaint text unclear due to poor call center notes.,In Progress,,Low,Chatbot,Matched,Unmatched,Matched,USR36220,MCH1620,Mismatch,Mismatch
CBK0000845,TXN00009880,USR90298,MCH5574,2026-01-25 22:25:35,2026-01-28 00:00:00,731.59,Fraud,user says upi pin was not entered by them.,Closed,2026-02-11 19:25:35,Critical,IVR,Unmatched,Unmatched,Matched,USR49596,MCH8353,Mismatch,Mismatch
CBK0001262,TXN00010454,USR21439,MCH7751,2026-03-15 00:00:00,2026-03-30 22:30:00,470.39,Unauthorized Transaction,customer complaint text unclear due to poor call center notes.,Resolved,2026-04-11 22:30:00,Low,Call Center,Unmatched,Matched,Matched,USR88654,MCH1476,Mismatch,Mismatch
CBK0000862,TXN00002240,USR25056,MCH6810,2026-03-23 00:00:00,2026-03-26 00:00:00,401.02,Incorrect Amount,user claims account was compromised before transaction.,Closed,2026-04-21 10:54:00,Medium,Call Center,Unmatched,Unmatched,Matched,USR76010,MCH9622,Mismatch,Mismatch
CBK0000981,TXN00009791,USR68023,MCH2433,2026-11-01 00:00:00,2026-01-14 00:00:00,807.97,Duplicate Debit,payment made to unknown merchant as per customer statement.,Closed,2026-01-22 00:00:00,Low,IVR,Unmatched,Unmatched,Matched,USR61328,MCH6287,Mismatch,Mismatch
CBK0001975,TXN00019834,USR32424,MCH5954,2026-01-11 00:00:00,2026-01-14 00:00:00,41457.94,Fraud,customer says amount was debited twice.,Resolved,2026-02-06 00:00:00,Low,Branch,Unmatched,Matched,Matched,USR21423,MCH3846,Mismatch,Mismatch
CBK0001523,TXN00010463,USR76129,MCH3006,2026-01-15 00:00:00,2026-01-23 03:12:56,,Unauthorized Transaction,customer says amount was debited twice.,In Progress,,Medium,Call Center,Unmatched,Matched,Matched,USR60546,MCH7488,Mismatch,Mismatch
CBK0000671,TXN00004668,USR54740,MCH4646,,2026-03-18 13:09:02,,Customer Dispute,customer says amount was debited twice.,Closed,2026-03-22 00:00:00,Medium,IVR,Unmatched,Unmatched,Matched,USR82299,MCH1083,Mismatch,Mismatch
CBK0001669,TXN00017590,USR41522,MCH4473,2026-01-27 08:27:52,2026-01-29 00:00:00,740.63,Duplicate Debit,complaint received after multiple failed attempts.,In Progress,2026-02-27 00:00:00,Medium,Call Center,Unmatched,Unmatched,Matched,USR64926,MCH8289,Mismatch,Mismatch
CBK0001823,,USR32406,MCH8595,2026-02-13 04:08:53,2026-02-16 21:08:53,3940.26,Incorrect Amount,customer complaint text unclear due to poor call center notes.,Pending Bank,2026-10-03 00:00:00,Low,Email,Matched,Unmatched,Unmatched,,,Not Applicable,Not Applicable
CBK0001608,TXN00019683,USR20968,MCH4899,2026-02-14 00:00:00,2026-03-02 15:14:00,363.03,Customer Dispute,user reports money deducted but merchant denies receiving payment.,In Progress,2026-03-11 00:00:00,Medium,Email,Matched,Unmatched,Matched,USR43210,MCH3834,Mismatch,Mismatch
CBK0000198,TXN00019042,USR16744,MCH8391,2026-02-22 00:00:00,2026-03-25 15:25:13,1241.09,Fraud,user says upi pin was not entered by them.,Closed,2026-04-24 15:25:13,Medium,IVR,Unmatched,Matched,Matched,USR78840,MCH5825,Mismatch,Mismatch
CBK0000573,TXN00005006,USR65253,MCH5655,2026-04-01 00:00:00,2026-01-07 00:00:00,216.3,Fraud,suspicious high-value payment disputed by customer.,Pending Bank,2026-01-22 00:00:00,Low,Chatbot,Unmatched,Unmatched,Matched,USR23525,MCH1624,Mismatch,Mismatch
CBK0000621,TXN00059284,USR96201,MCH6056,2026-01-12 09:54:00,2026-01-15 00:00:00,1857.0,Fraud,customer says transaction was not authorized.,Rejected,,Medium,Branch,Unmatched,Matched,Unmatched,,,Not Applicable,Not Applicable
CBK0002266,TXN00009068,USR70505,MCH8037,2026-03-25 00:00:00,2026-03-20 00:00:00,1500.0,Unauthorized Transaction,complaint received after multiple failed attempts.,Resolved,2026-03-31 00:00:00,High,IVR,Unmatched,Matched,Matched,USR37344,MCH7472,Mismatch,Mismatch
CBK0000786,TXN00000679,USR22762,MCH2342,2026-03-14 00:00:00,2026-03-15 07:28:00,4474.08,Unauthorized Transaction,payment made to unknown merchant as per customer statement.,Open,2026-02-04 00:00:00,High,IVR,Unmatched,Unmatched,Matched,USR31152,MCH8916,Mismatch,Mismatch
CBK0002074,TXN00000823,USR21224,MCH2266,2026-03-15 05:37:00,2026-03-17 04:37:11,4418.82,Customer Dispute,customer says amount was debited twice.,Open,,Medium,App,Unmatched,Matched,Matched,USR51195,MCH2334,Mismatch,Mismatch
CBK0000463,TXN00017663,USR67399,MCH7286,2026-01-11 00:00:00,2026-01-17 00:24:23,8257.96,Merchant Not Delivered,customer says amount was debited twice.,In Progress,2026-02-03 00:00:00,High,IVR,Unmatched,Unmatched,Matched,USR14506,MCH3165,Mismatch,Mismatch
CBK0001768,,USR27328,MCH9291,2026-01-03 00:00:00,2026-01-09 00:00:00,7478.21,Incorrect Amount,suspicious high-value payment disputed by customer.,Resolved,,Medium,IVR,Matched,Matched,Unmatched,,,Not Applicable,Not Applicable
CBK0002458,TXN00016001,USR25348,MCH7859,2026-02-15 15:36:38,2026-02-20 00:00:00,992.78,Account Compromised,payment made to unknown merchant as per customer statement.,Resolved,2026-06-03 15:36:38,Medium,Chatbot,Unmatched,Unmatched,Matched,USR58610,MCH3281,Mismatch,Mismatch
CBK0002584,TXN00014405,USR78603,MCH8391,2026-01-17 00:00:00,,6441.32,Customer Dispute,customer says amount was debited twice.,Closed,2026-03-02 03:04:42,Low,IVR,Matched,Matched,Matched,USR27965,MCH9315,Mismatch,Mismatch
CBK0000885,TXN00005367,USR25239,MCH2903,,2026-01-29 00:00:00,734.0,Customer Dispute,complaint received after multiple failed attempts.,Resolved,,Low,IVR,Matched,Matched,Matched,USR77589,MCH5326,Mismatch,Mismatch
CBK0000395,TXN00019343,USR25559,MCH6850,2026-02-14 00:00:00,2026-02-17 08:20:00,4178.65,Duplicate Debit,customer says amount was debited twice.,Pending Bank,,Critical,Call Center,Unmatched,Unmatched,Matched,USR46469,MCH3366,Mismatch,Mismatch
CBK0002791,TXN00015597,USR82439,MCH6037,2026-01-19 00:00:00,2026-01-24 00:00:00,5141.83,Account Compromised,complaint received after multiple failed attempts.,Closed,2026-02-20 00:00:00,Low,Call Center,Matched,Unmatched,Matched,USR59428,MCH5017,Mismatch,Mismatch
CBK0002669,TXN00019872,USR24991,MCH4473,2026-02-28 00:00:00,2026-03-10 00:00:00,2597.87,Incorrect Amount,user says upi pin was not entered by them.,In Progress,2026-03-27 12:32:00,Medium,Chatbot,Matched,Unmatched,Matched,USR69849,MCH1881,Mismatch,Mismatch
CBK0001044,TXN00017041,USR46644,MCH2822,2026-03-16 00:00:00,2026-03-17 00:00:00,768.89,Account Compromised,payment made to unknown merchant as per customer statement.,In Progress,,High,Chatbot,Unmatched,Unmatched,Matched,USR97464,MCH6200,Mismatch,Mismatch
CBK0000014,TXN00006433,USR59260,MCH7254,2026-03-17 00:00:00,2026-03-24 00:00:00,468.43,Fraud,user says upi pin was not entered by them.,Resolved,2026-03-30 00:00:00,High,Branch,Unmatched,Unmatched,Matched,USR66118,MCH9280,Mismatch,Mismatch
CBK0000546,TXN00015015,USR64208,MCH3613,2026-03-19 10:37:17,2026-03-21 07:37:17,1247.41,Fraud,user reports money deducted but merchant denies receiving payment.,Closed,2026-12-04 07:37:17,Medium,Chatbot,Unmatched,Matched,Matched,USR46435,MCH1095,Mismatch,Mismatch
CBK0000365,TXN00050079,USR19852,MCH7962,2026-09-01 00:00:00,2026-01-10 21:54:00,2659.07,Fraud,customer complaint text unclear due to poor call center notes.,In Progress,2026-01-26 00:00:00,Low,IVR,Unmatched,Unmatched,Unmatched,,,Not Applicable,Not Applicable
CBK0000052,TXN00002289,USR12120,MCH6097,2026-02-03 19:27:00,2026-06-02 16:27:24,397.0,Duplicate Debit,customer complaint text unclear due to poor call center notes.,Closed,,Low,Branch,Matched,Matched,Matched,USR91079,MCH7790,Mismatch,Mismatch
CBK0002106,TXN00000751,USR78076,MCH4328,2026-02-04 00:00:00,2026-02-06 00:00:00,3107.33,Unauthorized Transaction,complaint received after multiple failed attempts.,Pending Bank,,Medium,App,Unmatched,Unmatched,Matched,USR54542,MCH8575,Mismatch,Mismatch
CBK0001518,TXN00015930,USR24159,MCH7364,2026-10-02 00:00:00,2026-02-11 00:00:00,8611.05,Merchant Not Delivered,user says upi pin was not entered by them.,Resolved,,Low,App,Unmatched,Matched,Matched,USR75614,MCH7297,Mismatch,Mismatch
CBK0001873,TXN00015156,USR14556,MCH4153,2026-03-30 00:00:00,2026-10-04 00:00:00,743.67,Merchant Not Delivered,customer complaint text unclear due to poor call center notes.,Open,,Low,Chatbot,Unmatched,Matched,Matched,USR37497,MCH4255,Mismatch,Mismatch
CBK0002145,TXN00013507,USR12300,MCH1320,2026-03-01 15:18:11,2026-08-01 00:00:00,384.66,Incorrect Amount,user reports money deducted but merchant denies receiving payment.,Pending Bank,2026-01-31 00:00:00,Medium,IVR,Unmatched,Matched,Matched,USR61216,MCH3674,Mismatch,Mismatch
CBK0000346,TXN00019000,USR70482,MCH9834,2026-01-07 00:00:00,,595.88,Service Failed,complaint received after multiple failed attempts.,Rejected,2026-03-01 10:53:00,Low,IVR,Unmatched,Matched,Matched,USR90121,MCH7092,Mismatch,Mismatch
CBK0000518,TXN00019651,USR43011,MCH8391,2026-02-17 08:25:20,2026-02-13 00:00:00,7485.82,Fraud,user says upi pin was not entered by them.,Rejected,2026-03-07 00:00:00,High,IVR,Unmatched,Matched,Matched,USR54969,MCH9588,Mismatch,Mismatch
CBK0001990,TXN00013175,USR40088,MCH2076,2026-03-29 13:19:19,2026-04-13 15:19:00,917.0,Account Compromised,user says upi pin was not entered by them.,In Progress,,High,Email,Matched,Matched,Matched,USR65033,MCH9749,Mismatch,Mismatch
CBK0000392,TXN00012439,USR38698,MCH3682,2026-02-09 00:00:00,2026-02-11 00:00:00,1778.59,Merchant Not Delivered,suspicious high-value payment disputed by customer.,Rejected,,Medium,IVR,Unmatched,Matched,Matched,USR27561,MCH8316,Mismatch,Mismatch
CBK0001163,TXN00015098,USR22550,MCH3992,2026-03-01 07:07:35,2026-01-06 00:00:00,862.23,Incorrect Amount,user reports money deducted but merchant denies receiving payment.,Pending Bank,2026-01-28 08:07:35,Low,Email,Matched,Unmatched,Matched,USR15356,MCH6398,Mismatch,Mismatch
CBK0000271,TXN00002677,USR94094,MCH6810,2026-01-07 08:03:00,,12852.7,Customer Dispute,payment made to unknown merchant as per customer statement.,Pending Bank,2026-01-30 00:00:00,Medium,Email,Unmatched,Unmatched,Matched,USR88846,MCH9123,Mismatch,Mismatch
CBK0001550,TXN00019667,USR69706,MCH1489,2026-03-16 00:00:00,2026-03-17 23:14:00,,Customer Dispute,complaint received after multiple failed attempts.,In Progress,2026-03-30 00:00:00,Medium,Chatbot,Matched,Unmatched,Matched,USR34370,MCH2842,Mismatch,Mismatch
CBK0001538,TXN00007658,USR99769,MCH5655,,2026-03-12 00:00:00,2100.66,Customer Dispute,payment made to unknown merchant as per customer statement.,Pending Bank,2026-03-14 00:00:00,Medium,App,Unmatched,Unmatched,Matched,USR89723,MCH7789,Mismatch,Mismatch
CBK0002298,TXN00017266,USR66122,MCH2822,2026-01-20 01:05:38,2026-01-30 00:00:00,260.19,Fraud,user says upi pin was not entered by them.,Pending Bank,,High,App,Matched,Unmatched,Matched,USR79546,MCH9537,Mismatch,Mismatch
CBK0001034,TXN00017915,USR65211,MCH7357,2026-02-02 00:00:00,2026-08-02 00:00:00,1532.42,Service Failed,customer complaint text unclear due to poor call center notes. urgent,Rejected,2026-03-07 06:28:19,Medium,IVR,Unmatched,Matched,Matched,USR22165,MCH5188,Mismatch,Mismatch
CBK0001526,TXN00000871,USR45479,MCH8259,2026-01-04 07:14:00,2026-11-01 00:00:00,589.34,Customer Dispute,customer says transaction was not authorized.,Resolved,,Critical,Email,Matched,Matched,Matched,USR20413,MCH4699,Mismatch,Mismatch
CBK0002297,TXN00013147,USR10842,MCH2327,2026-03-29 08:55:00,2026-02-04 00:00:00,4819.26,Account Compromised,complaint received after multiple failed attempts.,In Progress,,Low,Call Center,Unmatched,Matched,Matched,USR47360,MCH7607,Mismatch,Mismatch
CBK0001810,TXN00004960,USR99526,MCH3990,2026-03-28 00:00:00,2026-04-27 22:27:53,1327.87,Merchant Not Delivered,user says upi pin was not entered by them.,Closed,2026-05-02 00:00:00,Low,App,Unmatched,Matched,Matched,USR10441,MCH9322,Mismatch,Mismatch
CBK0000684,TXN00017791,USR21714,MCH2319,2026-02-12 00:00:00,2026-02-20 00:00:00,2658.78,Unauthorized Transaction,user claims account was compromised before transaction.,Pending Bank,2026-03-07 00:00:00,Medium,Email,Matched,Unmatched,Matched,USR22407,MCH4961,Mismatch,Mismatch
CBK0002500,TXN00001461,USR25808,MCH6058,2026-03-13 00:00:00,,740.03,Incorrect Amount,merchant service was not delivered after payment. details missing,Pending Bank,2026-03-16 00:00:00,Medium,Chatbot,Matched,Matched,Matched,USR46609,MCH1900,Mismatch,Mismatch
CBK0000962,,USR21384,MCH8160,2026-03-09 00:00:00,2026-12-03 00:00:00,6282.15,Unauthorized Transaction,customer says amount was debited twice. pls check asap,Closed,2026-03-25 00:00:00,Medium,Chatbot,Unmatched,Matched,Unmatched,,,Not Applicable,Not Applicable
CBK0001781,TXN00007749,USR87914,MCH9316,2026-03-31 00:00:00,2026-04-07 00:00:00,1287.86,Duplicate Debit,user reports money deducted but merchant denies receiving payment.,In Progress,,High,Email,Unmatched,Matched,Matched,USR32125,MCH2497,Mismatch,Mismatch
CBK0001231,TXN00001392,USR68023,MCH4246,2026-01-14 05:07:55,2026-01-16 18:07:55,508.21,Merchant Not Delivered,merchant service was not delivered after payment.,In Progress,2026-02-04 00:00:00,Medium,App,Unmatched,Matched,Matched,USR72624,MCH5933,Mismatch,Mismatch
CBK0001832,TXN00095203,USR76886,MCH4590,2026-10-02 00:00:00,2026-02-13 00:00:00,3668.05,Duplicate Debit,complaint received after multiple failed attempts.,Open,2026-02-03 06:18:49,High,IVR,Matched,Unmatched,Unmatched,,,Not Applicable,Not Applicable
CBK0001393,TXN00004549,USR66391,MCH2802,2026-03-10 00:00:00,2026-03-16 00:00:00,1639.85,Incorrect Amount,customer complaint text unclear due to poor call center notes.,Open,2026-02-04 00:00:00,High,Chatbot,Unmatched,Unmatched,Matched,USR12711,MCH9558,Mismatch,Mismatch
CBK0001633,,USR69513,MCH6502,,2026-02-18 00:00:00,2553.0,Unauthorized Transaction,payment made to unknown merchant as per customer statement.,Pending Bank,2026-02-27 00:00:00,High,App,Unmatched,Matched,Unmatched,,,Not Applicable,Not Applicable
CBK0000555,TXN00010709,USR61652,MCH3388,2026-01-03 00:00:00,2026-04-03 00:00:00,372.66,Merchant Not Delivered,customer complaint text unclear due to poor call center notes.,Closed,2026-03-21 00:00:00,Medium,Call Center,Unmatched,Matched,Matched,USR31233,MCH7786,Mismatch,Mismatch
CBK0002452,TXN00016739,USR87040,MCH8521,2026-01-31 00:00:00,2026-02-06 14:44:00,10606.78,Fraud,user reports money deducted but merchant denies receiving payment.,Pending Bank,2026-02-15 14:44:00,Low,Call Center,Unmatched,Matched,Matched,USR32821,MCH5889,Mismatch,Mismatch
CBK0002410,TXN00010646,USR89422,MCH7235,2026-02-06 00:00:00,2026-02-11 00:00:00,12234.17,Merchant Not Delivered,customer complaint text unclear due to poor call center notes.,In Progress,2026-02-11 00:00:00,Low,Chatbot,Unmatched,Unmatched,Matched,USR34897,MCH9352,Mismatch,Mismatch
CBK0001429,TXN00002466,USR67833,MCH9464,2026-03-31 00:00:00,2026-03-04 00:00:00,3099.92,Unauthorized Transaction,user says upi pin was not entered by them.,Resolved,2026-04-22 00:00:00,Critical,Branch,Unmatched,Unmatched,Matched,USR83647,MCH4407,Mismatch,Mismatch
CBK0001612,TXN00014722,USR65193,MCH2065,2026-01-19 00:00:00,2026-01-22 11:17:44,336.91,Fraud,complaint received after multiple failed attempts.,In Progress,2026-02-04 11:17:44,Medium,Chatbot,Matched,Unmatched,Matched,USR93927,MCH2358,Mismatch,Mismatch
CBK0001102,TXN00011957,USR73976,MCH5980,2026-03-24 00:49:47,2026-03-25 15:49:00,3402.48,Account Compromised,customer says amount was debited twice.,Open,,Low,IVR,Unmatched,Matched,Matched,USR17049,MCH2598,Mismatch,Mismatch
CBK0001642,TXN00010479,USR22574,MCH9738,2026-01-16 00:00:00,2026-01-18 02:57:54,3691.3,Unauthorized Transaction,customer says transaction was not authorized.,Closed,2026-02-17 02:57:54,Medium,Email,Unmatched,Matched,Matched,USR42422,MCH7889,Mismatch,Mismatch
CBK0002208,TXN00006710,USR27567,MCH1708,2026-03-03 00:00:00,,12811.39,Duplicate Debit,customer says transaction was not authorized.,Rejected,2026-03-23 12:32:00,High,IVR,Unmatched,Unmatched,Matched,USR78019,MCH3623,Mismatch,Mismatch
CBK0002081,TXN00007014,USR43464,MCH9155,2026-01-12 00:00:00,2026-01-14 11:53:14,1748.13,Customer Dispute,user reports money deducted but merchant denies receiving payment.,In Progress,2026-01-17 00:00:00,Low,IVR,Matched,Unmatched,Matched,USR23156,MCH5106,Mismatch,Mismatch
CBK0002643,TXN00011560,USR74311,MCH9291,2026-06-01 16:33:45,2026-01-22 11:33:45,2932.55,Merchant Not Delivered,complaint received after multiple failed attempts.,Rejected,2026-05-02 00:00:00,High,Chatbot,Matched,Matched,Matched,USR19905,MCH7402,Mismatch,Mismatch
CBK0001100,TXN00058495,USR57427,MCH5101,2026-03-19 00:00:00,2026-04-04 00:00:00,543.72,Duplicate Debit,merchant service was not delivered after payment.,Rejected,,High,Chatbot,Matched,Unmatched,Unmatched,,,Not Applicable,Not Applicable
CBK0000016,TXN00013636,USR71660,MCH4806,2026-03-19 18:06:00,2026-03-22 07:06:10,8898.0,Customer Dispute,payment made to unknown merchant as per customer statement.,Resolved,2026-03-24 00:00:00,Medium,Branch,Matched,Unmatched,Matched,USR72384,MCH9495,Mismatch,Mismatch
CBK0002228,TXN00018314,USR71704,MCH3815,2026-03-20 17:55:00,2026-03-21 12:55:00,1635.13,Merchant Not Delivered,merchant service was not delivered after payment.,Pending Bank,2026-07-04 00:00:00,Medium,Branch,Unmatched,Unmatched,Matched,USR23101,MCH4314,Mismatch,Mismatch
CBK0001211,,USR53527,MCH4848,2026-03-27 00:00:00,2026-03-29 12:22:56,988.08,Fraud,complaint received after multiple failed attempts.,Open,2026-04-11 00:00:00,High,App,Unmatched,Matched,Unmatched,,,Not Applicable,Not Applicable
CBK0001447,TXN00015239,USR59920,MCH4650,2026-02-17 00:00:00,2026-02-19 00:00:00,10770.37,Duplicate Debit,user says upi pin was not entered by them.,In Progress,2026-02-19 00:00:00,Low,Branch,Matched,Unmatched,Matched,USR20144,MCH1657,Mismatch,Mismatch
CBK0001476,TXN00009355,USR74753,MCH9250,,2026-01-17 07:44:00,2786.42,Incorrect Amount,user reports money deducted but merchant denies receiving payment.,Resolved,2026-01-18 00:00:00,Medium,IVR,Matched,Unmatched,Matched,USR38402,MCH7644,Mismatch,Mismatch
CBK0002292,TXN00014118,USR56014,MCH1692,2026-01-06 00:00:00,2026-07-01 00:00:00,3230.0,Incorrect Amount,merchant service was not delivered after payment.,Rejected,2026-01-29 00:00:00,Medium,Chatbot,Unmatched,Unmatched,Matched,USR55129,MCH1157,Mismatch,Mismatch
CBK0001345,TXN00016061,USR71319,MCH7074,2026-02-01 00:00:00,2026-01-05 00:00:00,3106.54,Service Failed,user says upi pin was not entered by them.,Rejected,2026-01-24 00:00:00,Medium,IVR,Unmatched,Matched,Matched,USR29282,MCH6433,Mismatch,Mismatch
CBK0001200,TXN00008369,USR34652,MCH1854,2026-09-03 13:02:31,2026-10-03 00:00:00,690.97,Fraud,payment made to unknown merchant as per cust statement.,Open,2026-03-13 00:00:00,Medium,Call Center,Unmatched,Matched,Matched,USR17926,MCH5490,Mismatch,Mismatch
CBK0000280,TXN00006257,USR14813,MCH5918,,2026-01-05 00:00:00,350.52,Merchant Not Delivered,user says upi pin was not entered by them.,Closed,2026-01-30 01:29:00,Medium,Email,Matched,Matched,Matched,USR98212,MCH5502,Mismatch,Mismatch
CBK0001354,TXN00014155,USR29864,MCH9709,2026-02-01 00:00:00,2026-06-02 00:00:00,2193.93,Duplicate Debit,customer says amount was debited twice.,Resolved,2026-02-19 00:00:00,Medium,Email,Matched,Unmatched,Matched,USR89194,MCH5798,Mismatch,Mismatch
CBK0001015,TXN00016813,USR32994,MCH3718,2026-03-06 17:47:01,,9012.82,Duplicate Debit,user reports money deducted but merchant denies receiving payment.,Open,,High,Branch,Unmatched,Matched,Matched,USR56524,MCH1166,Mismatch,Mismatch
CBK0002601,TXN00008048,USR47942,MCH3036,2026-07-02 03:19:43,2026-10-02 00:00:00,7477.0,Fraud,payment made to unknown merchant as per customer statement.,In Progress,2026-04-03 00:00:00,High,IVR,Unmatched,Unmatched,Matched,USR45215,MCH6917,Mismatch,Mismatch
CBK0001159,TXN00004247,USR78862,MCH9098,2026-01-30 00:00:00,,1908.75,Merchant Not Delivered,merchant service was not delivered after payment. na,In Progress,,Medium,Chatbot,Unmatched,Matched,Matched,USR96885,MCH4409,Mismatch,Mismatch
CBK0000535,TXN00013922,USR57069,MCH3346,2026-02-27 00:00:00,2026-03-04 00:00:00,,Account Compromised,customer complaint text unclear due to poor call center notes.,In Progress,2026-03-12 22:10:12,Medium,App,Matched,Unmatched,Matched,USR95467,MCH9451,Mismatch,Mismatch
CBK0000581,TXN00007551,USR73632,MCH8435,2026-11-01 00:00:00,2026-01-14 00:00:00,1887.02,Duplicate Debit,merchant service was not delivered after payment.,Resolved,2026-01-28 00:00:00,Medium,Chatbot,Unmatched,Matched,Matched,USR99066,MCH7598,Mismatch,Mismatch
CBK0002148,TXN00006250,USR11419,MCH4680,2026-01-28 00:26:31,2026-01-29 00:00:00,836.39,Customer Dispute,payment made to unknown merchant as per customer statement.,In Progress,2026-02-26 00:00:00,Low,Chatbot,Unmatched,Unmatched,Matched,USR91204,MCH8126,Mismatch,Mismatch
CBK0001882,TXN00001309,USR58639,MCH2755,2026-01-27 00:00:00,2026-01-29 03:01:00,,Account Compromised,suspicious high-value payment disputed by customer.,Pending Bank,,High,Email,Unmatched,Matched,Matched,USR42636,MCH3088,Mismatch,Mismatch
CBK0000659,TXN00017737,USR53527,MCH3861,2026-11-02 00:00:00,2026-02-16 00:00:00,1419.1,Customer Dispute,payment made to unknown merchant as per customer statement.,Closed,2026-02-28 23:40:00,Critical,Chatbot,Unmatched,Unmatched,Matched,USR40161,MCH5137,Mismatch,Mismatch
CBK0001128,TXN00007988,USR69706,MCH2973,2026-11-01 00:00:00,2026-01-17 00:00:00,1309.6,Unauthorized Transaction,merchant service was not delivered after payment.,Resolved,,Low,IVR,Matched,Matched,Matched,USR60624,MCH9268,Mismatch,Mismatch
CBK0001019,TXN00010667,USR25121,MCH5175,2026-01-03 00:00:00,2026-03-02 09:12:00,276.61,Customer Dispute,complaint received after multiple failed attempts.,Open,2026-03-16 09:12:00,Low,Email,Unmatched,Unmatched,Matched,USR68599,MCH7651,Mismatch,Mismatch
CBK0002025,TXN00011048,USR73065,MCH3751,2026-02-09 00:00:00,2026-11-02 00:00:00,946.11,Customer Dispute,suspicious high-value payment disputed by customer.,Closed,2026-11-03 00:00:00,Low,App,Matched,Unmatched,Matched,USR33481,MCH7141,Mismatch,Mismatch
CBK0000548,TXN00010219,USR53771,MCH4421,2026-03-03 00:00:00,2026-06-03 00:00:00,9344.29,Unauthorized Transaction,customer says transaction was not authorized.,In Progress,2026-03-23 00:00:00,High,Chatbot,Unmatched,Matched,Matched,USR96932,MCH2768,Mismatch,Mismatch
CBK0001720,TXN00009955,USR71375,MCH7982,2026-03-04 05:18:00,2026-03-11 00:00:00,2132.38,Merchant Not Delivered,user claims account was compromised before transaction.,Pending Bank,,Medium,Chatbot,Unmatched,Matched,Matched,USR43857,MCH4347,Mismatch,Mismatch
CBK0002283,TXN00010523,USR84010,MCH6886,2026-02-22 02:27:40,2026-02-25 00:00:00,907.87,Incorrect Amount,customer complaint text unclear due to poor call center notes.,In Progress,,High,App,Unmatched,Unmatched,Matched,USR90837,MCH3238,Mismatch,Mismatch
CBK0000008,TXN00010497,USR15241,MCH2822,2026-02-10 00:00:00,2026-02-15 00:00:00,1549.8,Account Compromised,merchant service was not delivered after payment.,Pending Bank,2026-02-16 00:00:00,Medium,Chatbot,Unmatched,Unmatched,Matched,USR42368,MCH7407,Mismatch,Mismatch
CBK0000850,TXN00013581,USR49649,MCH8251,2026-01-09 00:00:00,2026-09-01 22:29:08,162.44,Fraud,payment made to unknown merchant as per customer statement.,Closed,2026-01-24 22:29:00,Low,Chatbot,Unmatched,Unmatched,Matched,USR34884,MCH3659,Mismatch,Mismatch
CBK0002122,TXN00015416,USR51198,MCH5655,2026-07-02 00:00:00,2026-09-02 00:00:00,4100.6,Incorrect Amount,merchant service was not delivered after payment.,Rejected,,Low,Email,Unmatched,Unmatched,Matched,USR62506,MCH4703,Mismatch,Mismatch
CBK0002649,TXN00007227,USR18102,MCH8436,2026-03-03 00:00:00,2026-03-06 08:40:00,3120.43,Merchant Not Delivered,payment made to unknown merchant as per customer statement.,Rejected,2026-03-15 00:00:00,Medium,Email,Matched,Matched,Matched,USR17198,MCH6538,Mismatch,Mismatch
CBK0002301,TXN00016200,USR35882,MCH8547,2026-01-20 15:12:31,2026-01-22 03:12:00,1071.38,Merchant Not Delivered,suspicious high-value payment disputed by customer.,Closed,2026-07-02 00:00:00,High,Email,Unmatched,Unmatched,Matched,USR72421,MCH1818,Mismatch,Mismatch
CBK0001793,TXN00004370,USR75457,MCH8779,2026-01-24 00:00:00,2026-01-30 00:00:00,733.59,Unauthorized Transaction,user claims account was compromised before transaction.,Pending Bank,2026-02-16 00:00:00,Medium,IVR,Unmatched,Matched,Matched,USR87028,MCH9860,Mismatch,Mismatch
CBK0002022,TXN00011522,USR85266,MCH4641,,,1768.79,Merchant Not Delivered,user claims account was compromised before transaction.,Pending Bank,2026-01-05 00:00:00,High,App,Unmatched,Matched,Matched,USR86466,MCH9384,Mismatch,Mismatch
CBK0001053,TXN00012989,USR53359,MCH4181,2026-02-22 00:00:00,2026-02-28 09:07:48,2439.31,Customer Dispute,customer says transaction was not authorized.,In Progress,2026-03-21 00:00:00,Low,Branch,Unmatched,Unmatched,Matched,USR49257,MCH2540,Mismatch,Mismatch
CBK0000766,TXN00012205,USR25990,MCH4590,2026-01-08 15:49:00,,2093.79,Merchant Not Delivered,customer complaint text unclear due to poor call center notes.,Pending Bank,2026-02-09 00:00:00,Medium,Branch,Unmatched,Unmatched,Matched,USR75061,MCH5748,Mismatch,Mismatch
CBK0002308,TXN00006966,USR87795,MCH4912,2026-11-02 00:00:00,2026-02-12 20:09:09,645.29,Merchant Not Delivered,customer says transaction was not authorized.,In Progress,2026-02-17 00:00:00,Medium,Email,Unmatched,Matched,Matched,USR14244,MCH2879,Mismatch,Mismatch
CBK0001472,TXN00015404,USR62254,MCH1722,2026-03-29 00:00:00,2026-03-30 00:00:00,1356.41,Customer Dispute,user says upi pin was not entered by them.,Open,2026-03-31 17:46:38,Low,App,Matched,Matched,Matched,USR18374,MCH3253,Mismatch,Mismatch
CBK0001737,TXN00035157,USR51742,MCH3992,2026-01-22 00:00:00,,4673.28,Account Compromised,customer says transaction was not authorized.,Closed,,Critical,App,Unmatched,Unmatched,Unmatched,,,Not Applicable,Not Applicable
CBK0000416,TXN00011455,USR31649,MCH3367,2026-03-15 00:00:00,2026-03-17 00:00:00,5856.29,Fraud,user claims account was compromised before transaction.,Resolved,2026-03-19 00:00:00,Medium,Branch,Unmatched,Unmatched,Matched,USR81301,MCH7682,Mismatch,Mismatch
CBK0001659,TXN00013503,USR75281,MCH8953,2026-03-29 00:00:00,2026-01-04 23:21:32,2276.34,Merchant Not Delivered,customer says transaction was not authorized.,Rejected,,Medium,Call Center,Unmatched,Matched,Matched,USR99495,MCH3105,Mismatch,Mismatch
CBK0001784,TXN00013078,USR21865,MCH5686,,2026-11-03 16:33:33,26923.0,Customer Dispute,complaint received after multiple failed attempts.,In Progress,2026-03-25 00:00:00,High,Call Center,Unmatched,Unmatched,Matched,USR57502,MCH3171,Mismatch,Mismatch
CBK0001450,TXN00009783,USR83126,MCH9291,2026-01-24 22:52:00,2026-01-30 00:00:00,2123.46,Duplicate Debit,user says upi pin was not entered by them.,Closed,2026-02-15 00:00:00,Medium,Chatbot,Matched,Matched,Matched,USR25046,MCH5000,Mismatch,Mismatch
CBK0002715,TXN00004748,USR44569,MCH3100,2026-02-09 00:00:00,2026-09-02 00:00:00,3976.68,Merchant Not Delivered,payment made to unknown merchant as per cust statement.,Closed,2026-02-25 00:00:00,Low,Email,Unmatched,Unmatched,Matched,USR19010,MCH9324,Mismatch,Mismatch
CBK0001083,TXN00012710,USR93300,MCH8278,2026-03-31 09:56:13,2026-04-04 00:00:00,1691.84,Merchant Not Delivered,customer says transaction was not authorized. na,In Progress,,Low,Call Center,Unmatched,Unmatched,Matched,USR64167,MCH8166,Mismatch,Mismatch
CBK0001401,TXN00005811,USR43185,MCH1236,2026-02-17 19:01:40,2026-02-18 20:01:40,636.43,Incorrect Amount,user says upi pin was not entered by them.,Closed,,Medium,Chatbot,Unmatched,Unmatched,Matched,USR87399,MCH2961,Mismatch,Mismatch
CBK0002028,TXN00013363,USR79366,MCH1123,2026-02-15 00:00:00,,740.0,Customer Dispute,user claims account was compromised before transaction.,Rejected,2026-02-27 00:00:00,Low,Chatbot,Unmatched,Unmatched,Matched,USR78491,MCH6740,Mismatch,Mismatch
CBK0001705,TXN00019762,USR21831,MCH4473,2026-01-29 00:00:00,2026-01-02 11:13:12,978.26,Fraud,user claims account was compromised before transaction.,Resolved,2026-02-13 00:00:00,High,Email,Unmatched,Unmatched,Matched,USR57799,MCH7911,Mismatch,Mismatch
CBK0002651,TXN00011973,USR27533,MCH7670,2026-02-16 20:01:15,2026-02-19 15:01:15,50.0,Merchant Not Delivered,payment made to unknown merchant as per customer statement.,Open,2026-02-26 15:01:15,High,Branch,Matched,Unmatched,Matched,USR65996,MCH8680,Mismatch,Mismatch
CBK0000233,TXN00018991,USR98336,MCH7031,2026-02-17 00:00:00,2026-02-23 00:00:00,5661.32,Unauthorized Transaction,customer complaint text unclear due to poor call center notes.,Open,2026-03-23 17:03:00,Medium,IVR,Matched,Matched,Matched,USR57495,MCH5350,Mismatch,Mismatch
CBK0002624,TXN00001580,USR72987,MCH6380,2026-01-18 00:00:00,2026-01-22 00:00:00,19958.58,Unauthorized Transaction,customer complaint text unclear due to poor call center notes.,Pending Bank,2026-01-25 01:58:32,Critical,App,Matched,Matched,Matched,USR26183,MCH8955,Mismatch,Mismatch
CBK0000713,TXN00015731,USR42970,MCH8779,2026-02-08 00:00:00,2026-11-02 00:00:00,,Customer Dispute,user says upi pin was not entered by them.,Open,2026-03-03 18:11:53,High,Email,Matched,Matched,Matched,USR58993,MCH4546,Mismatch,Mismatch
CBK0002349,TXN00003229,USR86279,MCH1006,2026-02-21 00:00:00,2026-02-26 12:36:19,12194.3,Duplicate Debit,user reports money deducted but merchant denies receiving payment.,In Progress,2026-03-25 00:00:00,Medium,Chatbot,Unmatched,Unmatched,Matched,USR69802,MCH5506,Mismatch,Mismatch
CBK0001368,TXN00017555,USR49364,MCH8953,2026-01-24 07:12:30,,2069.43,Unauthorized Transaction,user reports money deducted but merchant denies receiving payment.,Open,2026-02-14 00:00:00,Low,Chatbot,Unmatched,Matched,Matched,USR70148,MCH7442,Mismatch,Mismatch
CBK0002527,TXN00014880,USR22078,MCH5647,2026-01-13 00:00:00,,3936.04,Unauthorized Transaction,payment made to unknown merchant as per customer statement.,Resolved,2026-02-02 00:00:00,Medium,Email,Unmatched,Unmatched,Matched,USR88572,MCH8156,Mismatch,Mismatch
CBK0000355,TXN00010372,USR64774,MCH3196,2026-08-03 13:27:13,2026-03-23 00:00:00,307.0,Unauthorized Transaction,customer says transaction was not authorized.,In Progress,2026-11-04 00:00:00,Critical,IVR,Unmatched,Unmatched,Matched,USR61908,MCH1065,Mismatch,Mismatch
CBK0000500,TXN00002450,USR53546,MCH7357,2026-01-21 00:00:00,2026-01-23 00:00:00,896.7,Incorrect Amount,user claims account was compromised before transaction.,Pending Bank,,Medium,Chatbot,Matched,Matched,Matched,USR36608,MCH6439,Mismatch,Mismatch
CBK0000213,TXN00019537,USR55133,MCH1458,2026-02-15 00:00:00,2026-02-15 13:11:18,613.06,Customer Dispute,user reports money deducted but merchant denies receiving payment. na,Rejected,2026-02-15 00:00:00,Medium,Call Center,Unmatched,Matched,Matched,USR49065,MCH5972,Mismatch,Mismatch
CBK0000214,TXN00000769,USR93581,MCH6844,2026-03-18 00:00:00,,509.24,Incorrect Amount,user claims account was compromised before transaction.,Open,2026-04-06 00:00:00,Medium,IVR,Unmatched,Matched,Matched,USR69031,MCH1410,Mismatch,Mismatch
CBK0000577,,USR81643,MCH3563,2026-11-01 04:14:50,2026-01-11 00:00:00,,Merchant Not Delivered,customer says transaction was not authorized.,Open,2026-01-29 00:00:00,Low,Branch,Unmatched,Matched,Unmatched,,,Not Applicable,Not Applicable
CBK0001437,TXN00009735,USR48653,MCH3671,2026-02-04 00:00:00,2026-02-07 00:00:00,1222.97,Merchant Not Delivered,customer complaint text unclear due to poor call center notes.,Pending Bank,2026-02-15 00:00:00,High,Chatbot,Unmatched,Matched,Matched,USR42660,MCH3185,Mismatch,Mismatch
CBK0000992,TXN00000272,USR31026,MCH2646,2026-01-03 12:44:24,,9250.0,Account Compromised,user claims account was compromised before transaction.,Pending Bank,2026-01-25 00:00:00,Medium,Branch,Unmatched,Matched,Matched,USR82790,MCH2031,Mismatch,Mismatch
CBK0000628,TXN00004074,USR56605,MCH8953,2026-02-24 20:57:00,2026-02-03 00:00:00,3617.74,Merchant Not Delivered,payment made to unknown merchant as per customer statement.,Rejected,2026-03-23 00:00:00,Low,Email,Matched,Matched,Matched,USR16730,MCH2463,Mismatch,Mismatch
CBK0001050,TXN00010429,USR33397,MCH2522,2026-03-18 20:21:00,2026-03-05 00:00:00,4066.0,Duplicate Debit,customer complaint text unclear due to poor call center notes.,In Progress,2026-05-16 04:21:08,Low,IVR,Unmatched,Matched,Matched,USR23730,MCH6973,Mismatch,Mismatch
CBK0000364,TXN00017377,USR55664,MCH9309,2026-02-02 00:00:00,2026-02-08 04:18:41,9493.15,Duplicate Debit,customer complaint text unclear due to poor call center notes. call dropped,Open,2026-02-19 00:00:00,Medium,Branch,Unmatched,Unmatched,Matched,USR34850,MCH7678,Mismatch,Mismatch
CBK0002272,TXN00008542,USR97580,MCH5904,2026-01-12 05:13:00,2026-01-14 00:00:00,,Service Failed,customer says amount was debited twice.,Pending Bank,2026-01-21 00:00:00,Medium,Chatbot,Matched,Matched,Matched,USR92163,MCH6199,Mismatch,Mismatch
CBK0000106,TXN00016875,USR34270,MCH7335,,,570.66,Unauthorized Transaction,payment made to unknown merchant as per customer statement.,Pending Bank,2026-04-19 00:00:00,Low,Chatbot,Matched,Matched,Matched,USR85938,MCH8240,Mismatch,Mismatch
CBK0000848,TXN00000823,USR23460,MCH5954,2026-03-30 00:00:00,2026-04-29 00:00:00,1982.27,Fraud,customer says transaction was not authorized.,Resolved,2026-05-06 00:00:00,Low,IVR,Unmatched,Matched,Matched,USR51195,MCH2334,Mismatch,Mismatch
CBK0000506,TXN00018031,USR67892,MCH2770,2026-01-19 00:00:00,2026-01-22 05:45:24,700.6,Incorrect Amount,user reports money deducted but merchant denies receiving payment.,Rejected,2026-02-18 00:00:00,Medium,Call Center,Unmatched,Matched,Matched,USR57433,MCH7363,Mismatch,Mismatch
CBK0000714,TXN00000238,USR50454,MCH5655,2026-06-02 00:00:00,2026-02-07 00:00:00,2745.21,Unauthorized Transaction,suspicious high-value payment disputed by customer.,Pending Bank,,Medium,Email,Unmatched,Unmatched,Matched,USR49397,MCH2179,Mismatch,Mismatch
CBK0002318,TXN00011955,USR35555,MCH3810,2026-03-22 10:52:40,2026-03-26 00:00:00,918.61,Customer Dispute,suspicious high-value payment disputed by customer. call dropped,Pending Bank,,Low,App,Unmatched,Matched,Matched,USR63529,MCH3224,Mismatch,Mismatch
CBK0000557,TXN00012212,USR36059,MCH7684,2026-02-03 00:00:00,2026-02-03 19:12:00,2586.86,Duplicate Debit,user reports money deducted but merchant denies receiving payment.,Pending Bank,2026-02-09 00:00:00,Low,Branch,Matched,Unmatched,Matched,USR15975,MCH1826,Mismatch,Mismatch
CBK0001877,TXN00098339,USR15575,MCH5651,2026-01-29 20:48:22,2026-01-28 00:00:00,194.24,Fraud,user says upi pin was not entered by them.,In Progress,2026-04-02 00:00:00,Low,Chatbot,Unmatched,Unmatched,Unmatched,,,Not Applicable,Not Applicable
CBK0000601,TXN00017368,USR21789,MCH8779,2026-07-02 00:00:00,2026-02-12 00:00:00,,Merchant Not Delivered,customer complaint text unclear due to poor call center notes.,In Progress,2026-02-26 00:00:00,Medium,Branch,Matched,Matched,Matched,USR18607,MCH8407,Mismatch,Mismatch
CBK0001786,TXN00091289,USR77896,MCH8389,2026-03-08 00:00:00,2026-03-19 00:00:00,954.04,Merchant Not Delivered,complaint received after multiple failed attempts.,Resolved,,Critical,Branch,Matched,Matched,Unmatched,,,Not Applicable,Not Applicable
CBK0000102,TXN00013948,USR79115,MCH3570,2026-01-22 00:00:00,2026-01-29 19:15:57,7171.27,Customer Dispute,payment made to unknown merchant as per customer statement.,In Progress,2026-02-16 19:15:57,Low,App,Unmatched,Matched,Matched,USR94466,MCH4422,Mismatch,Mismatch
CBK0000745,TXN00010462,USR47272,MCH8805,2026-01-13 00:00:00,2026-01-17 00:35:00,4246.38,Account Compromised,user reports money deducted but merchant denies receiving payment.,Closed,2026-02-03 00:35:16,Low,Chatbot,Unmatched,Matched,Matched,USR74619,MCH7994,Mismatch,Mismatch
CBK0000748,TXN00009850,USR16745,MCH7753,2026-06-02 07:19:27,2026-02-04 07:19:27,1130.39,Fraud,customer complaint text unclear due to poor call center notes.,Open,2026-02-21 00:00:00,Low,Email,Matched,Unmatched,Matched,USR64484,MCH7145,Mismatch,Mismatch
CBK0002478,TXN00016308,USR74358,MCH6401,2026-01-14 00:00:00,2026-01-17 21:14:00,3857.22,Fraud,suspicious high-value payment disputed by customer.,Open,2026-01-23 21:14:01,Low,Chatbot,Unmatched,Matched,Matched,USR95878,MCH4452,Mismatch,Mismatch
CBK0002800,TXN00003664,USR55718,MCH3777,2026-08-01 06:03:43,2026-01-10 21:03:00,1000.95,Merchant Not Delivered,customer says amount was debited twice.,Closed,2026-01-31 21:03:00,Medium,IVR,Unmatched,Unmatched,Matched,USR51032,MCH1625,Mismatch,Mismatch
CBK0002115,TXN00015780,USR98420,MCH7025,2026-01-21 00:00:00,2026-02-06 03:02:02,1404.29,Customer Dispute,user says upi pin was not entered by them.,Open,2026-02-27 00:00:00,Medium,IVR,Unmatched,Matched,Matched,USR86322,MCH4039,Mismatch,Mismatch
CBK0000948,TXN00019010,USR39487,MCH7891,2026-02-18 00:00:00,2026-02-13 00:00:00,983.91,Account Compromised,payment made to unknown merchant as per customer statement.,Pending Bank,2026-02-27 00:00:00,Low,Email,Matched,Matched,Matched,USR22182,MCH2735,Mismatch,Mismatch
CBK0002763,TXN00010243,USR96392,MCH8516,2026-03-29 07:29:00,2026-03-29 22:29:48,1043.0,Incorrect Amount,merchant service was not delivered after payment.,Resolved,2026-04-14 00:00:00,Low,Call Center,Matched,Unmatched,Matched,USR94196,MCH6780,Mismatch,Mismatch
CBK0001826,TXN00012615,USR61997,MCH4353,2026-02-02 00:00:00,2026-02-13 14:10:00,2049.68,Unauthorized Transaction,suspicious high-value payment disputed by customer.,Pending Bank,2026-03-03 14:10:36,Medium,App,Unmatched,Matched,Matched,USR13620,MCH3562,Mismatch,Mismatch
CBK0000378,TXN00018467,USR80805,MCH5264,2026-02-14 00:00:00,,688.0,Duplicate Debit,customer says transaction was not authorized.,In Progress,2026-03-15 00:00:00,Medium,Branch,Unmatched,Unmatched,Matched,USR41986,MCH4530,Mismatch,Mismatch
CBK0001134,TXN00017548,USR13243,MCH9359,2026-11-03 00:00:00,2026-03-13 00:00:00,6612.88,Duplicate Debit,user reports money deducted but merchant denies receiving payment.,Resolved,2026-03-29 00:00:00,Medium,IVR,Unmatched,Matched,Matched,USR46903,MCH7341,Mismatch,Mismatch
CBK0001731,TXN00004984,USR87558,MCH9299,2026-03-31 00:00:00,2026-05-04 00:00:00,1369.23,Account Compromised,user reports money deducted but merchant denies receiving payment.,Resolved,,High,Chatbot,Unmatched,Matched,Matched,USR83927,MCH2459,Mismatch,Mismatch
CBK0002574,TXN00017235,USR62800,MCH8945,2026-08-02 05:11:43,2026-12-02 02:11:43,18567.74,Merchant Not Delivered,user says upi pin was not entered by them.,Pending Bank,2026-02-25 02:11:00,Medium,IVR,Unmatched,Matched,Matched,USR66998,MCH4333,Mismatch,Mismatch
CBK0001494,TXN00012935,USR97835,MCH9262,2026-01-26 00:00:00,2026-01-27 01:43:00,7997.0,Customer Dispute,user reports money deducted but merchant denies receiving payment.,Open,2026-02-13 00:00:00,Low,Chatbot,Unmatched,Unmatched,Matched,USR73126,MCH2681,Mismatch,Mismatch
CBK0001678,TXN00013912,USR44975,MCH7114,2026-01-18 00:00:00,2026-01-19 00:00:00,1478.88,Merchant Not Delivered,customer says amount was debited twice.,Open,2026-02-10 00:00:00,High,IVR,Unmatched,Unmatched,Matched,USR48992,MCH8859,Mismatch,Mismatch
CBK0001643,TXN00000106,USR58071,MCH5954,2026-02-11 00:00:00,2026-02-19 08:16:00,7755.19,Unauthorized Transaction,complaint received after multiple failed attempts.,Pending Bank,,Critical,Chatbot,Unmatched,Matched,Matched,USR93616,MCH6435,Mismatch,Mismatch
CBK0000190,TXN00009749,USR32223,MCH5076,2026-01-15 00:00:00,2026-01-23 00:00:00,193.15,Incorrect Amount,customer says transaction was not authorized.,Resolved,2026-02-02 00:00:00,Low,IVR,Unmatched,Unmatched,Matched,USR49499,MCH8965,Mismatch,Mismatch
CBK0000556,TXN00013406,USR49847,MCH4590,2026-08-03 00:00:00,2026-03-24 02:07:00,6052.19,Fraud,customer complaint text unclear due to poor call center notes.,Open,2026-04-16 00:00:00,High,IVR,Unmatched,Unmatched,Matched,USR50378,MCH2484,Mismatch,Mismatch
CBK0000222,TXN00003640,USR39837,MCH5980,2026-01-07 11:53:00,2026-09-01 00:00:00,2301.83,Account Compromised,suspicious high-value payment disputed by customer.,Pending Bank,2026-01-24 12:53:46,Medium,Call Center,Unmatched,Matched,Matched,USR99415,MCH1969,Mismatch,Mismatch
CBK0002310,TXN00008525,USR62313,MCH8146,2026-03-03 00:00:00,2026-05-03 00:00:00,1760.95,Incorrect Amount,suspicious high-value payment disputed by customer.,Closed,,High,Branch,Unmatched,Matched,Matched,USR85887,MCH3186,Mismatch,Mismatch
CBK0001236,TXN00016325,USR50779,MCH1320,2026-03-01 00:00:00,2026-03-07 00:00:00,1085.5,Unauthorized Transaction,suspicious high-value payment disputed by customer.,Rejected,2026-04-06 06:00:50,Medium,Email,Matched,Matched,Matched,USR72447,MCH3733,Mismatch,Mismatch
CBK0001039,TXN00010686,USR79207,MCH7408,2026-02-27 07:41:36,2026-01-03 20:41:36,1379.0,Incorrect Amount,user says upi pin was not entered by them.,Rejected,2026-03-03 00:00:00,Critical,App,Unmatched,Matched,Matched,USR56849,MCH4903,Mismatch,Mismatch
CBK0002425,TXN00014868,USR39427,MCH2383,2026-01-23 23:41:30,2026-01-27 13:41:00,367.0,Merchant Not Delivered,suspicious high-value payment disputed by customer.,Pending Bank,,Medium,IVR,Matched,Matched,Matched,USR16484,MCH9796,Mismatch,Mismatch
CBK0001745,TXN00007273,USR17798,MCH6810,2026-03-02 00:00:00,2026-04-03 00:00:00,673.49,Duplicate Debit,payment made to unknown merchant as per customer statement.,Open,2026-03-25 00:00:00,Medium,Call Center,Unmatched,Unmatched,Matched,USR56668,MCH1650,Mismatch,Mismatch
CBK0000764,TXN00017113,USR98093,MCH8779,2026-03-18 14:56:31,2026-03-21 00:00:00,580.57,Customer Dispute,merchant service was not delivered after payment.,Pending Bank,2026-09-04 00:00:00,Medium,Branch,Unmatched,Matched,Matched,USR40332,MCH4087,Mismatch,Mismatch
CBK0001814,TXN00002883,USR42970,MCH2296,2026-03-03 18:11:00,,19036.69,Duplicate Debit,user says upi pin was not entered by them.,Open,2026-03-26 00:00:00,Critical,Call Center,Matched,Matched,Matched,USR73249,MCH7078,Mismatch,Mismatch
CBK0002536,TXN00009622,USR33596,MCH3032,2026-03-03 00:00:00,,,Account Compromised,user reports money deducted but merchant denies receiving payment.,Open,2026-03-17 00:16:23,Critical,App,Unmatched,Unmatched,Matched,USR71637,MCH7320,Mismatch,Mismatch
CBK0000231,TXN00017060,USR94815,MCH5980,2026-03-25 11:16:26,2026-04-05 00:00:00,575.09,Customer Dispute,user reports money deducted but merchant denies receiving payment.,Closed,2026-04-09 00:00:00,Low,IVR,Matched,Matched,Matched,USR55275,MCH1702,Mismatch,Mismatch
CBK0000462,TXN00018761,USR24660,MCH9291,2026-01-23 00:00:00,2026-01-24 00:00:00,1500.59,Unauthorized Transaction,customer says amount was debited twice.,In Progress,2026-02-17 00:00:00,Low,Email,Unmatched,Matched,Matched,USR18442,MCH6441,Mismatch,Mismatch
CBK0000469,TXN00002630,USR94595,MCH7286,2026-05-03 13:56:13,2026-03-07 00:00:00,7890.76,Unauthorized Transaction,complaint received after multiple failed attempts. call dropped,Pending Bank,,Low,Chatbot,Unmatched,Unmatched,Matched,USR22019,MCH9125,Mismatch,Mismatch
CBK0000889,TXN00015963,USR97266,MCH6752,2026-01-12 00:00:00,2026-01-22 00:00:00,3356.0,Fraud,customer says amount was debited twice.,In Progress,2026-01-28 00:00:00,Medium,IVR,Unmatched,Unmatched,Matched,USR91931,MCH1310,Mismatch,Mismatch
CBK0000604,TXN00008566,USR17861,MCH3597,2026-03-12 00:00:00,2026-03-15 06:08:29,2673.74,Unauthorized Transaction,user claims account was compromised before transaction.,Pending Bank,,Low,Chatbot,Unmatched,Unmatched,Matched,USR63419,MCH3307,Mismatch,Mismatch
CBK0000611,TXN00014367,USR58639,MCH4078,2026-02-17 00:00:00,2026-05-03 00:00:00,996.14,Service Failed,user says upi pin was not entered by them.,Open,,Low,Chatbot,Unmatched,Unmatched,Matched,USR28764,MCH6254,Mismatch,Mismatch
CBK0001017,TXN00085757,USR56228,MCH8964,2026-03-29 00:00:00,2026-02-04 00:00:00,585.8,Duplicate Debit,payment made to unknown merchant as per customer statement.,Rejected,2026-04-19 00:00:00,Critical,Chatbot,Unmatched,Unmatched,Unmatched,,,Not Applicable,Not Applicable
CBK0002108,TXN00013246,USR62233,MCH8714,2026-12-02 00:00:00,2026-02-15 00:00:00,5800.55,Duplicate Debit,customer says amount was debited twice.,Rejected,2026-02-17 00:00:00,Low,App,Matched,Matched,Matched,USR72470,MCH1706,Mismatch,Mismatch
CBK0001742,TXN00000794,USR25428,MCH4105,2026-02-19 00:00:00,2026-02-22 00:00:00,6042.03,Merchant Not Delivered,complaint received after multiple failed attempts.,Open,,High,IVR,Matched,Unmatched,Matched,USR30242,MCH6103,Mismatch,Mismatch
CBK0000082,TXN00013051,USR86387,MCH8735,2026-02-26 00:00:00,2026-02-27 00:00:00,7272.0,Merchant Not Delivered,suspicious high-value payment disputed by customer.,In Progress,,Low,App,Unmatched,Matched,Matched,USR46036,MCH8132,Mismatch,Mismatch
CBK0000597,TXN00012105,USR80223,MCH3594,2026-07-02 00:00:00,2026-03-10 00:00:00,1866.96,Duplicate Debit,user reports money deducted but merchant denies receiving payment.,In Progress,2026-03-25 00:00:00,Low,Chatbot,Matched,Matched,Matched,USR62385,MCH7681,Mismatch,Mismatch
CBK0001220,TXN00001198,USR21945,MCH7467,2026-05-02 16:07:55,2026-03-02 00:00:00,3605.24,Unauthorized Transaction,user says upi pin was not entered by them.,Resolved,2026-02-25 00:00:00,High,App,Unmatched,Unmatched,Matched,USR52255,MCH9132,Mismatch,Mismatch
CBK0001207,TXN00007505,USR33427,MCH5300,2026-01-31 06:45:27,2026-02-02 09:45:27,13713.48,Duplicate Debit,customer complaint text unclear due to poor call center notes.,In Progress,2026-02-21 00:00:00,Low,Chatbot,Matched,Unmatched,Matched,USR22700,MCH2257,Mismatch,Mismatch
CBK0000177,TXN00001663,USR24926,MCH7681,2026-02-08 00:00:00,2026-02-11 00:00:00,2379.68,Service Failed,complaint received after multiple failed attempts.,Resolved,2026-02-17 00:00:00,Low,IVR,Matched,Matched,Matched,USR89513,MCH7846,Mismatch,Mismatch
CBK0001332,TXN00009814,USR65176,MCH2398,2026-01-22 00:00:00,2026-02-01 00:00:00,1195.47,Merchant Not Delivered,customer says transaction was not authorized.,In Progress,2026-02-26 11:15:00,Medium,Branch,Unmatched,Matched,Matched,USR61976,MCH5485,Mismatch,Mismatch
CBK0000021,TXN00013452,USR44435,MCH8391,2026-02-18 00:00:00,2026-06-03 00:25:19,2480.91,Fraud,user reports money deducted but merchant denies receiving payment.,In Progress,,Medium,IVR,Matched,Matched,Matched,USR20653,MCH6451,Mismatch,Mismatch
CBK0001202,TXN00005621,USR59000,MCH3815,2026-03-15 00:00:00,2026-03-19 21:25:48,8601.0,Customer Dispute,customer says transaction was not authorized.,Resolved,,Low,Chatbot,Matched,Unmatched,Matched,USR17259,MCH8770,Mismatch,Mismatch
CBK0002171,TXN00015034,USR73039,MCH1572,2026-03-19 00:00:00,2026-03-22 20:42:00,8134.61,Duplicate Debit,payment made to unknown merchant as per cust statement.,Resolved,,High,Call Center,Unmatched,Unmatched,Matched,USR54123,MCH8659,Mismatch,Mismatch
CBK0001878,TXN00014566,USR75314,MCH2363,2026-03-20 00:00:00,2026-03-24 07:04:16,2311.12,Duplicate Debit,customer says transaction was not authorized.,Pending Bank,2026-09-04 07:04:16,High,App,Unmatched,Unmatched,Matched,USR81049,MCH8266,Mismatch,Mismatch
CBK0002648,TXN00015715,USR23388,MCH7559,2026-10-02 00:00:00,2026-02-12 17:59:00,9730.68,Incorrect Amount,customer complaint text unclear due to poor call center notes.,In Progress,2026-02-15 17:59:00,Low,Email,Matched,Unmatched,Matched,USR33667,MCH6746,Mismatch,Mismatch
CBK0000078,TXN00019392,USR55898,MCH8405,2026-01-21 00:00:00,2026-01-22 00:00:00,16244.17,Customer Dispute,user claims account was compromised before transaction.,Closed,2026-01-27 00:00:00,High,IVR,Unmatched,Matched,Matched,USR42046,MCH5598,Mismatch,Mismatch
CBK0001469,TXN00008274,USR45724,MCH3032,2026-02-25 00:00:00,2026-02-28 00:00:00,1114.45,Merchant Not Delivered,suspicious high-value payment disputed by customer.,Resolved,2026-03-18 11:31:43,High,Call Center,Matched,Unmatched,Matched,USR90008,MCH3528,Mismatch,Mismatch
CBK0001428,TXN00001443,USR74417,MCH7286,2026-01-30 00:00:00,2026-02-02 00:00:00,504.11,Unauthorized Transaction,user claims account was compromised before transaction.,Open,2026-02-05 00:00:00,Low,App,Unmatched,Unmatched,Matched,USR52274,MCH4411,Mismatch,Mismatch
CBK0001501,TXN00010823,USR14938,MCH1880,2026-01-10 21:26:00,2026-11-01 07:26:55,2588.02,Duplicate Debit,complaint received after multiple failed attempts.,Open,,Medium,App,Unmatched,Unmatched,Matched,USR94218,MCH4426,Mismatch,Mismatch
CBK0001566,TXN00004832,USR79325,MCH4041,2026-01-15 00:00:00,2026-01-26 00:00:00,1582.6,Unauthorized Transaction,customer says amount was debited twice.,In Progress,,Medium,Email,Unmatched,Matched,Matched,USR40258,MCH7108,Mismatch,Mismatch
CBK0001806,TXN00003889,USR73653,MCH4226,2026-12-01 01:06:58,2026-01-17 00:00:00,2760.0,Fraud,user says upi pin was not entered by them.,Rejected,2026-02-07 00:00:00,High,IVR,Unmatched,Unmatched,Matched,USR59934,MCH2255,Mismatch,Mismatch
CBK0001668,TXN00013060,USR11531,MCH8697,2026-01-04 00:00:00,2026-01-06 00:00:00,255.73,Incorrect Amount,customer says txn was not authorized.,In Progress,2026-02-04 07:49:01,Medium,Email,Unmatched,Matched,Matched,USR35179,MCH6594,Mismatch,Mismatch
CBK0000755,TXN00002595,USR34052,MCH5808,2026-03-28 00:00:00,2026-03-29 00:00:00,1658.43,Unauthorized Transaction,suspicious high-value payment disputed by customer.,Pending Bank,2026-04-27 22:33:32,High,Chatbot,Matched,Unmatched,Matched,USR76688,MCH1661,Mismatch,Mismatch
CBK0001037,TXN00098409,USR20076,MCH8779,,2026-09-01 22:50:47,645.47,Incorrect Amount,suspicious high-value payment disputed by customer.,Open,2026-11-01 00:00:00,High,Branch,Unmatched,Matched,Unmatched,,,Not Applicable,Not Applicable
CBK0001813,TXN00002689,USR68461,MCH8451,2026-01-26 07:59:00,2026-01-29 00:00:00,2158.72,Merchant Not Delivered,merchant service was not delivered after payment.,Open,2026-02-23 00:00:00,High,Call Center,Unmatched,Matched,Matched,USR95831,MCH1796,Mismatch,Mismatch
CBK0000382,TXN00000312,USR42726,MCH6175,,2026-01-13 00:00:00,545.34,Merchant Not Delivered,user claims account was compromised before transaction.,Pending Bank,2026-02-09 00:00:00,Medium,Chatbot,Matched,Unmatched,Matched,USR57484,MCH1366,Mismatch,Mismatch
CBK0000706,TXN00005543,USR82059,MCH4181,2026-03-03 00:00:00,2026-03-05 15:23:41,1362.67,Incorrect Amount,complaint received after multiple failed attempts.,Open,2026-03-30 15:23:00,Medium,Call Center,Unmatched,Unmatched,Matched,USR88128,MCH5285,Mismatch,Mismatch
CBK0002633,TXN00018827,USR76516,MCH2530,2026-03-07 00:00:00,,2231.59,Merchant Not Delivered,payment made to unknown merchant as per customer statement.,Rejected,2026-04-09 08:35:00,Medium,IVR,Unmatched,Matched,Matched,USR96888,MCH5580,Mismatch,Mismatch
CBK0000549,TXN00011700,USR72892,MCH1046,2026-03-30 11:04:32,2026-04-29 00:00:00,14999.55,Customer Dispute,suspicious high-value payment disputed by customer.,Open,2026-05-05 00:00:00,Low,Branch,Unmatched,Unmatched,Matched,USR84351,MCH5067,Mismatch,Mismatch
CBK0000192,TXN00001285,USR71300,MCH9402,2026-08-01 00:00:00,2026-01-14 00:00:00,420.0,Customer Dispute,user says upi pin was not entered by them.,Open,2026-01-15 00:00:00,Low,App,Unmatched,Matched,Matched,USR10951,MCH1704,Mismatch,Mismatch
CBK0001672,TXN00010193,USR30239,MCH9948,,2026-03-16 00:00:00,1194.2,Customer Dispute,customer complaint text unclear due to poor call center notes.,Closed,2026-03-25 00:00:00,Medium,Email,Unmatched,Unmatched,Matched,USR15510,MCH6693,Mismatch,Mismatch
CBK0002502,TXN00001155,USR59679,MCH6426,2026-09-03 02:37:30,2026-03-09 05:37:30,335.78,Incorrect Amount,payment made to unknown merchant as per customer statement.,In Progress,,Medium,Branch,Unmatched,Unmatched,Matched,USR93148,MCH7524,Mismatch,Mismatch
CBK0000308,TXN00017336,USR23149,MCH8953,2026-03-23 00:00:00,2026-08-04 16:47:26,3087.13,Merchant Not Delivered,user says upi pin was not entered by them.,Resolved,,Critical,Call Center,Unmatched,Matched,Matched,USR63057,MCH9048,Mismatch,Mismatch
CBK0001002,TXN00015644,USR20239,MCH3815,2026-03-27 00:00:00,2026-03-22 07:53:46,4307.19,Fraud,user claims account was compromised before transaction.,Pending Bank,2026-04-05 00:00:00,Medium,Chatbot,Unmatched,Unmatched,Matched,USR49902,MCH3193,Mismatch,Mismatch
CBK0001066,TXN00015023,USR41036,MCH5655,2026-01-31 01:40:40,2026-02-02 00:00:00,946.63,Merchant Not Delivered,merchant service was not delivered after payment.,In Progress,2026-02-15 01:40:00,High,IVR,Matched,Unmatched,Matched,USR66788,MCH9743,Mismatch,Mismatch
CBK0000617,TXN00014515,USR11419,MCH7833,2026-09-02 00:00:00,2026-02-16 21:12:01,181.44,Merchant Not Delivered,user says upi pin was not entered by them.,Open,2026-03-04 00:00:00,Low,Chatbot,Unmatched,Matched,Matched,USR44631,MCH2571,Mismatch,Mismatch
CBK0002721,TXN00017658,USR43499,MCH9765,2026-02-09 16:24:25,2026-10-02 00:00:00,845.38,Customer Dispute,customer says transaction was not authorized.,Pending Bank,2026-02-12 18:24:00,Medium,Email,Matched,Unmatched,Matched,USR97793,MCH8727,Mismatch,Mismatch
CBK0001758,TXN00014222,USR16922,MCH6546,,2026-03-16 00:00:00,2187.0,Incorrect Amount,customer says amount was debited twice.,Rejected,2026-03-17 00:00:00,Low,Chatbot,Unmatched,Unmatched,Matched,USR15377,MCH3560,Mismatch,Mismatch
CBK0002630,TXN00019209,USR61436,MCH9582,2026-12-03 00:00:00,2026-03-28 00:00:00,13306.35,Account Compromised,complaint received after multiple failed attempts.,Open,2026-04-26 00:00:00,Low,Chatbot,Matched,Matched,Matched,USR42648,MCH4243,Mismatch,Mismatch
CBK0000265,TXN00016348,USR10307,MCH4590,2026-02-21 13:58:00,2026-02-18 13:58:34,2797.85,Merchant Not Delivered,user claims account was compromised before transaction.,Rejected,2026-02-18 13:58:34,Low,IVR,Unmatched,Unmatched,Matched,USR47521,MCH1201,Mismatch,Mismatch
CBK0000795,TXN00010007,USR13134,MCH3292,2026-03-14 00:00:00,2026-03-15 00:00:00,2021.11,Incorrect Amount,customer says transaction was not authorized. details missing,In Progress,2026-04-11 00:00:00,Low,IVR,Unmatched,Matched,Matched,USR67764,MCH3855,Mismatch,Mismatch
CBK0000274,TXN00005429,USR12958,MCH5946,2026-01-15 00:00:00,2026-01-18 00:00:00,1860.96,Merchant Not Delivered,customer complaint text unclear due to poor call center notes.,Open,2026-07-02 14:33:08,Low,IVR,Matched,Unmatched,Matched,USR13049,MCH1531,Mismatch,Mismatch
CBK0000779,TXN00000534,USR89996,MCH4842,2026-02-07 00:00:00,2026-02-04 00:00:00,1352.13,Unauthorized Transaction,user reports money deducted but merchant denies receiving payment.,Open,2026-03-03 00:00:00,Low,Call Center,Unmatched,Matched,Matched,USR88018,MCH6659,Mismatch,Mismatch
CBK0001116,TXN00080108,USR56399,MCH3406,2026-02-05 00:00:00,2026-03-22 14:28:00,1189.65,Merchant Not Delivered,user claims account was compromised before transaction.,In Progress,2026-03-31 00:00:00,High,IVR,Matched,Matched,Unmatched,,,Not Applicable,Not Applicable
CBK0000162,TXN00001838,USR56312,MCH5172,2026-02-16 00:00:00,2026-02-19 04:02:59,422.0,Fraud,customer says transaction was not authorized.,Rejected,2026-03-05 00:00:00,Low,IVR,Unmatched,Unmatched,Matched,USR58526,MCH3302,Mismatch,Mismatch
CBK0000758,TXN00015649,USR79175,MCH9344,2026-03-19 00:00:00,2026-03-21 00:00:00,2175.05,Account Compromised,complaint received after multiple failed attempts.,Rejected,2026-04-16 00:00:00,High,IVR,Unmatched,Unmatched,Matched,USR48504,MCH5706,Mismatch,Mismatch
CBK0000235,TXN00006623,USR14727,MCH4226,2026-01-27 00:00:00,2026-12-02 09:53:35,1154.99,Merchant Not Delivered,user claims account was compromised before transaction.,In Progress,2026-02-14 00:00:00,Low,Chatbot,Unmatched,Unmatched,Matched,USR83988,MCH9851,Mismatch,Mismatch
CBK0001865,TXN00006954,USR17902,MCH6053,2026-03-21 00:00:00,2026-03-25 00:00:00,186.51,Merchant Not Delivered,customer says transaction was not authorized.,Closed,2026-04-20 07:07:09,Medium,IVR,Unmatched,Matched,Matched,USR95209,MCH1990,Mismatch,Mismatch
CBK0001534,TXN00017134,USR12661,MCH2383,2026-03-17 01:16:59,2026-03-18 15:16:59,2108.75,Unauthorized Transaction,customer says transaction was not authorized.,Resolved,2026-03-24 15:16:00,Low,Branch,Matched,Matched,Matched,USR29312,MCH4751,Mismatch,Mismatch
CBK0001809,TXN00010916,USR20534,MCH8241,2026-01-11 00:00:00,2026-01-18 00:00:00,2538.37,Customer Dispute,customer complaint text unclear due to poor call center notes.,Rejected,,Low,Chatbot,Unmatched,Matched,Matched,USR14906,MCH3785,Mismatch,Mismatch
CBK0001765,TXN00013993,USR29854,MCH6810,2026-02-06 18:41:00,2026-07-02 18:41:49,2111.63,Account Compromised,user claims account was compromised before txn.,In Progress,2026-02-20 00:00:00,Low,IVR,Unmatched,Unmatched,Matched,USR57775,MCH8610,Mismatch,Mismatch
CBK0001287,TXN00011889,USR22939,MCH9579,2026-03-05 00:00:00,2026-03-06 00:00:00,1592.55,Unauthorized Transaction,user reports money deducted but merchant denies receiving payment.,Rejected,2026-03-29 00:00:00,Low,IVR,Unmatched,Unmatched,Matched,USR39162,MCH7795,Mismatch,Mismatch
CBK0002594,TXN00005908,USR24024,MCH1329,2026-01-20 00:00:00,2026-01-21 00:00:00,1603.01,Duplicate Debit,customer says amount was debited twice.,Closed,2026-04-02 22:51:08,Low,IVR,Matched,Unmatched,Matched,USR16592,MCH3531,Mismatch,Mismatch
CBK0002782,TXN00004814,USR53828,MCH2822,2026-03-09 04:06:54,2026-03-19 07:06:00,,Fraud,payment made to unknown merchant as per cust statement.,Rejected,,Low,Branch,Matched,Unmatched,Matched,USR89332,MCH6538,Mismatch,Mismatch
CBK0000678,TXN00006912,USR67333,MCH9291,2026-02-08 00:00:00,,140.31,Account Compromised,user reports money deducted but merchant denies receiving payment.,In Progress,,Medium,Branch,Unmatched,Matched,Matched,USR52813,MCH5057,Mismatch,Mismatch
CBK0002017,TXN00009156,USR53547,MCH6913,2026-02-18 00:00:00,2026-02-22 12:44:40,1074.12,Duplicate Debit,customer says transaction was not authorized.,In Progress,2026-03-18 12:44:00,Low,Branch,Unmatched,Unmatched,Matched,USR46811,MCH2888,Mismatch,Mismatch
CBK0001396,TXN00008851,USR34889,MCH8779,2026-03-28 00:00:00,2026-04-27 12:50:00,1383.51,Duplicate Debit,user reports money deducted but merchant denies receiving payment.,Rejected,2026-05-16 12:50:00,Medium,Branch,Unmatched,Matched,Matched,USR22260,MCH4548,Mismatch,Mismatch
CBK0000750,TXN00010355,USR45600,MCH5980,2026-02-24 00:33:16,2026-03-03 00:00:00,1284.43,Merchant Not Delivered,complaint received after multiple failed attempts.,Closed,,High,Email,Matched,Matched,Matched,USR17472,MCH2098,Mismatch,Mismatch
CBK0002021,TXN00012401,USR36322,MCH8425,2026-11-03 00:00:00,2026-03-17 00:00:00,13235.72,Merchant Not Delivered,customer says amount was debited twice.,Closed,2026-04-09 00:00:00,Low,Chatbot,Matched,Matched,Matched,USR42121,MCH1554,Mismatch,Mismatch
CBK0000977,TXN00003072,USR68775,MCH5569,2026-03-26 04:29:27,2026-03-29 03:29:27,3800.57,Merchant Not Delivered,customer complaint text unclear due to poor call center notes.,Open,2026-04-24 00:00:00,Low,Branch,Unmatched,Matched,Matched,USR52868,MCH2221,Mismatch,Mismatch
CBK0000640,TXN00012946,USR57297,MCH2401,2026-01-12 00:00:00,2026-01-18 00:00:00,3312.0,Merchant Not Delivered,suspicious high-value payment disputed by customer.,Closed,2026-01-20 00:00:00,Low,Email,Unmatched,Unmatched,Matched,USR76675,MCH1895,Mismatch,Mismatch
CBK0001144,TXN00018387,USR76178,MCH1024,2026-02-15 04:54:00,2026-02-20 00:00:00,741.15,Fraud,user reports money deducted but merchant denies receiving payment.,Open,,Medium,Chatbot,Matched,Unmatched,Matched,USR25558,MCH5764,Mismatch,Mismatch
CBK0002611,TXN00001244,USR27732,MCH4473,2026-01-24 00:00:00,2026-01-27 00:00:00,722.73,Fraud,customer says txn was not authorized.,Rejected,2026-02-19 00:00:00,Medium,IVR,Unmatched,Unmatched,Matched,USR67624,MCH8663,Mismatch,Mismatch
CBK0002124,TXN00002782,USR13215,MCH4702,2026-02-28 00:00:00,2026-03-16 00:00:00,832.0,Merchant Not Delivered,suspicious high-value payment disputed by cust.,Rejected,,High,App,Unmatched,Matched,Matched,USR67030,MCH9320,Mismatch,Mismatch
CBK0001212,TXN00010220,USR14892,MCH2296,2026-03-03 00:00:00,2026-04-03 13:37:27,4146.24,Duplicate Debit,merchant service was not delivered after payment.,Resolved,2026-03-23 00:00:00,Low,IVR,Unmatched,Matched,Matched,USR43975,MCH2482,Mismatch,Mismatch
CBK0000027,TXN00014669,USR36534,MCH6898,2026-10-02 00:00:00,2026-02-21 00:00:00,1596.0,Fraud,customer says amount was debited twice.,Resolved,2026-03-10 06:38:00,Low,Email,Unmatched,Unmatched,Matched,USR36442,MCH1454,Mismatch,Mismatch
CBK0002385,TXN00016200,USR19881,MCH2065,2026-04-01 02:48:11,2026-03-02 00:00:00,2148.76,Merchant Not Delivered,customer says amount was debited twice.,In Progress,2026-02-16 00:00:00,Medium,Email,Unmatched,Unmatched,Matched,USR72421,MCH1818,Mismatch,Mismatch
CBK0001267,TXN00003341,USR56149,MCH6968,2026-02-24 00:00:00,2026-03-26 17:11:59,635.0,Incorrect Amount,customer says transaction was not authorized.,Rejected,2026-04-20 00:00:00,Low,Email,Unmatched,Unmatched,Matched,USR37143,MCH8010,Mismatch,Mismatch
CBK0002560,TXN00010384,USR77352,MCH2786,,2026-01-10 00:00:00,2047.46,Customer Dispute,merchant service was not delivered after payment.,In Progress,2026-01-26 00:00:00,Medium,Branch,Matched,Matched,Matched,USR40794,MCH7552,Mismatch,Mismatch
CBK0001386,TXN00012491,USR83236,MCH4552,2026-01-21 00:00:00,2026-01-22 17:32:00,3187.1,Merchant Not Delivered,user reports money deducted but merchant denies receiving payment.,Closed,2026-06-02 17:32:51,High,Branch,Matched,Matched,Matched,USR73065,MCH8834,Mismatch,Mismatch
CBK0000397,TXN00011692,USR71635,MCH2757,2026-03-03 00:00:00,2026-03-04 07:26:00,3309.0,Duplicate Debit,merchant service was not delivered after payment.,Open,2026-03-05 00:00:00,Medium,IVR,Unmatched,Matched,Matched,USR21609,MCH7499,Mismatch,Mismatch
CBK0002613,TXN00008727,USR47519,MCH3071,2026-03-14 00:00:00,2026-03-17 22:35:31,253.89,Customer Dispute,merchant service was not delivered after payment.,In Progress,,Low,IVR,Matched,Matched,Matched,USR89691,MCH3936,Mismatch,Mismatch
CBK0001869,TXN00000074,USR49567,MCH3266,2026-02-18 00:00:00,2026-02-23 23:56:04,1503.93,Incorrect Amount,customer says transaction was not authorized. urgent,Resolved,2026-03-18 00:00:00,Medium,IVR,Unmatched,Matched,Matched,USR46113,MCH3760,Mismatch,Mismatch
CBK0002654,TXN00013866,USR55262,MCH4226,2026-03-25 00:00:00,2026-09-04 21:53:19,3952.26,Account Compromised,payment made to unknown merchant as per customer statement.,Rejected,2026-04-13 21:53:19,Low,Chatbot,Matched,Unmatched,Matched,USR87068,MCH6253,Mismatch,Mismatch
CBK0002714,TXN00001631,USR87649,MCH3989,2026-02-26 00:00:00,,1405.08,Unauthorized Transaction,suspicious high-value payment disputed by customer.,Resolved,2026-03-25 19:43:59,Low,IVR,Unmatched,Matched,Matched,USR97151,MCH7880,Mismatch,Mismatch
CBK0001562,TXN00018017,USR24710,MCH6971,2026-02-07 03:36:00,2026-02-17 08:36:00,1017.08,Customer Dispute,user claims account was compromised before transaction.,Open,2026-01-03 00:00:00,Medium,Chatbot,Unmatched,Unmatched,Matched,USR49986,MCH1783,Mismatch,Mismatch
CBK0001934,TXN00000863,USR78884,MCH9125,2026-03-11 16:53:00,2026-03-19 13:53:26,2164.0,Merchant Not Delivered,user says upi pin was not entered by them.,Open,2026-03-26 00:00:00,High,Chatbot,Unmatched,Matched,Matched,USR22955,MCH6318,Mismatch,Mismatch
CBK0000041,TXN00001568,USR27328,MCH3518,2026-01-02 00:00:00,2026-01-06 00:00:00,2814.0,Duplicate Debit,merchant service was not delivered after payment.,In Progress,2026-01-02 02:46:29,Low,App,Matched,Matched,Matched,USR94683,MCH9276,Mismatch,Mismatch
CBK0001885,,USR59329,MCH5331,2026-01-26 00:00:00,2026-01-31 00:00:00,1908.88,Fraud,user says upi pin was not entered by them.,Rejected,2026-02-02 00:00:00,High,IVR,Unmatched,Unmatched,Unmatched,,,Not Applicable,Not Applicable
CBK0001719,TXN00009609,USR13864,MCH7474,2026-01-27 05:30:35,2026-02-01 00:00:00,2225.74,Account Compromised,customer says amount was debited twice.,Closed,,High,IVR,Matched,Unmatched,Matched,USR60548,MCH2871,Mismatch,Mismatch
CBK0000006,TXN00007711,USR96033,MCH8372,2026-06-02 00:00:00,2026-11-02 23:37:04,842.88,Incorrect Amount,user reports money deducted but merchant denies receiving payment.,In Progress,2026-02-17 00:00:00,High,Call Center,Unmatched,Matched,Matched,USR35674,MCH9382,Mismatch,Mismatch
CBK0001575,TXN00003257,USR24459,MCH6850,2026-01-30 00:00:00,2026-02-02 00:00:00,198.46,Merchant Not Delivered,merchant service was not delivered after payment.,Resolved,2026-02-04 15:20:00,Low,IVR,Unmatched,Unmatched,Matched,USR66585,MCH2592,Mismatch,Mismatch
CBK0002321,TXN00014977,USR11586,MCH2103,2026-01-19 10:23:00,2026-01-19 00:00:00,683.69,Fraud,user claims account was compromised before transaction.,Rejected,,High,App,Matched,Unmatched,Matched,USR36439,MCH7155,Mismatch,Mismatch
CBK0000487,TXN00004712,USR85655,MCH1072,2026-08-03 07:36:45,2026-03-11 00:00:00,2950.32,Account Compromised,user says upi pin was not entered by them.,Rejected,2026-04-03 00:00:00,Critical,IVR,Unmatched,Matched,Matched,USR24860,MCH5917,Mismatch,Mismatch
CBK0002725,TXN00008319,USR50664,MCH9581,2026-03-01 00:00:00,2026-11-03 00:00:00,,Unauthorized Transaction,user reports money deducted but merchant denies receiving payment.,Closed,2026-03-30 00:00:00,Low,Chatbot,Matched,Unmatched,Matched,USR87738,MCH9164,Mismatch,Mismatch
CBK0002628,TXN00016840,USR73920,MCH4401,2026-01-07 00:00:00,2026-09-01 14:02:55,276.74,Customer Dispute,customer says amount was debited twice.,Open,,High,Branch,Unmatched,Matched,Matched,USR58977,MCH6952,Mismatch,Mismatch
CBK0002130,TXN00010659,USR82224,MCH4086,,2026-03-20 00:00:00,,Duplicate Debit,payment made to unknown merchant as per customer statement.,Closed,2026-04-18 00:00:00,Low,IVR,Unmatched,Matched,Matched,USR44329,MCH2272,Mismatch,Mismatch
CBK0000935,TXN00017209,USR91820,MCH5221,2026-12-03 00:00:00,2026-03-14 22:13:16,1552.09,Duplicate Debit,customer complaint text unclear due to poor call center notes.,Closed,2026-03-29 00:00:00,Medium,Email,Unmatched,Unmatched,Matched,USR36678,MCH8396,Mismatch,Mismatch
CBK0002163,TXN00012741,USR47358,MCH2822,,2026-03-09 00:00:00,863.52,Unauthorized Transaction,customer complaint text unclear due to poor call center notes.,In Progress,2026-03-31 00:00:00,Medium,Chatbot,Unmatched,Unmatched,Matched,USR52604,MCH3549,Mismatch,Mismatch
CBK0000210,TXN00001539,USR60489,MCH7607,2026-02-06 00:00:00,2026-02-08 00:00:00,2117.07,Customer Dispute,customer says transaction was not authorized.,In Progress,2026-02-09 00:00:00,Medium,Chatbot,Unmatched,Matched,Matched,USR62543,MCH9789,Mismatch,Mismatch
CBK0000972,TXN00017157,USR27216,MCH1366,2026-03-26 09:32:21,2026-03-29 00:00:00,738.08,Incorrect Amount,customer says transaction was not authorized. call dropped,Pending Bank,2026-04-04 00:00:00,Medium,Branch,Unmatched,Matched,Matched,USR40169,MCH1226,Mismatch,Mismatch
CBK0001378,TXN00013740,USR53440,MCH5264,2026-02-03 00:00:00,2026-02-06 00:00:00,7287.56,Incorrect Amount,suspicious high-value payment disputed by customer.,In Progress,2026-12-02 00:00:00,Low,Email,Unmatched,Unmatched,Matched,USR48697,MCH9227,Mismatch,Mismatch
CBK0000498,TXN00013816,USR55662,MCH9760,2026-03-16 00:00:00,2026-03-20 05:14:03,734.96,Unauthorized Transaction,customer complaint text unclear due to poor call center notes.,Resolved,2026-04-13 00:00:00,Low,IVR,Unmatched,Unmatched,Matched,USR15038,MCH3947,Mismatch,Mismatch
CBK0002011,TXN00005230,USR24993,MCH5993,2026-01-15 20:42:00,2026-01-18 00:00:00,5154.73,Merchant Not Delivered,user says upi pin was not entered by them.,Rejected,2026-02-16 00:00:00,Medium,App,Unmatched,Unmatched,Matched,USR13172,MCH6356,Mismatch,Mismatch
CBK0002475,TXN00015216,USR46902,MCH4919,2026-02-16 12:45:00,2026-02-19 00:00:00,2997.0,Unauthorized Transaction,suspicious high-value payment disputed by customer.,In Progress,2026-02-23 00:00:00,Critical,Call Center,Matched,Unmatched,Matched,USR81061,MCH9604,Mismatch,Mismatch
CBK0000024,TXN00007464,USR69440,MCH7458,2026-01-18 00:00:00,2026-02-02 03:05:42,2001.83,Incorrect Amount,complaint received after multiple failed attempts.,Rejected,2026-02-14 00:00:00,Medium,Chatbot,Unmatched,Matched,Matched,USR31702,MCH5191,Mismatch,Mismatch
CBK0002300,TXN00009857,USR61606,MCH6632,2026-02-28 00:00:00,2026-05-03 00:00:00,519.97,Merchant Not Delivered,suspicious high-value payment disputed by customer.,Rejected,,Medium,Branch,Unmatched,Matched,Matched,USR14282,MCH6116,Mismatch,Mismatch
CBK0002143,TXN00078938,USR24536,MCH9291,2026-01-15 09:56:06,2026-01-18 00:00:00,2889.21,Incorrect Amount,user claims account was compromised before transaction.,Closed,2026-02-01 00:00:00,Medium,Call Center,Unmatched,Matched,Unmatched,,,Not Applicable,Not Applicable
CBK0000161,TXN00017149,USR60681,MCH8391,2026-01-22 00:00:00,2026-01-24 00:00:00,1317.13,Fraud,suspicious high-value payment disputed by customer.,In Progress,2026-02-21 00:00:00,High,IVR,Unmatched,Matched,Matched,USR25232,MCH9745,Mismatch,Mismatch
CBK0001670,TXN00018666,USR83277,MCH7513,,2026-06-03 00:00:00,1677.0,Unauthorized Transaction,suspicious high-value payment disputed by customer.,Open,2026-03-25 00:00:00,Medium,Branch,Unmatched,Matched,Matched,USR78780,MCH5135,Mismatch,Mismatch
CBK0000931,TXN00005802,USR60098,MCH6474,2026-01-29 19:01:00,,964.98,Fraud,user claims account was compromised before transaction.,Open,2026-02-04 05:01:06,Medium,IVR,Matched,Matched,Matched,USR28672,MCH9648,Mismatch,Mismatch
CBK0001176,TXN00012064,USR50427,MCH3651,2026-03-28 00:00:00,2026-03-29 00:00:00,786.31,Unauthorized Transaction,suspicious high-value payment disputed by customer.,In Progress,2026-04-04 00:00:00,Medium,Email,Unmatched,Unmatched,Matched,USR93769,MCH6334,Mismatch,Mismatch
CBK0001027,TXN00002451,USR57852,MCH2510,2026-03-01 00:00:00,2026-03-07 00:00:00,224.97,Unauthorized Transaction,customer complaint text unclear due to poor call center notes.,Resolved,,Medium,Call Center,Unmatched,Matched,Matched,USR29739,MCH2497,Mismatch,Mismatch
CBK0001490,TXN00003514,USR77962,MCH9344,2026-03-15 00:00:00,2026-03-25 00:00:00,1510.93,Service Failed,user says upi pin was not entered by them.,Pending Bank,2026-04-19 00:00:00,Medium,Chatbot,Unmatched,Unmatched,Matched,USR96489,MCH8003,Mismatch,Mismatch
CBK0000732,TXN00004610,USR32036,MCH3057,2026-01-01 22:58:19,2026-02-16 08:58:00,5879.13,Fraud,suspicious high-value payment disputed by customer.,Resolved,2026-02-18 00:00:00,Medium,Email,Matched,Matched,Matched,USR80098,MCH3767,Mismatch,Mismatch
CBK0000216,TXN00011136,USR94832,MCH2451,,2026-02-10 05:09:00,,Merchant Not Delivered,user reports money deducted but merchant denies receiving payment.,Rejected,,Medium,IVR,Unmatched,Matched,Matched,USR80577,MCH6838,Mismatch,Mismatch
CBK0002070,TXN00002337,USR40538,MCH4812,2026-02-24 00:00:00,2026-03-07 00:00:00,,Fraud,merchant service was not delivered after payment.,Closed,2026-03-11 06:38:28,Critical,Branch,Unmatched,Matched,Matched,USR28927,MCH7757,Mismatch,Mismatch
CBK0001887,TXN00011174,USR84917,MCH4909,,2026-01-03 00:00:00,2412.7,Customer Dispute,user reports money deducted but merchant denies receiving payment.,Pending Bank,,Medium,IVR,Matched,Matched,Matched,USR75835,MCH5733,Mismatch,Mismatch
CBK0001789,TXN00007455,USR44134,MCH3520,2026-02-01 00:00:00,2026-01-05 00:00:00,1002.8,Merchant Not Delivered,merchant service was not delivered after payment.,Open,2026-01-18 00:00:00,High,IVR,Unmatched,Matched,Matched,USR15739,MCH8835,Mismatch,Mismatch
CBK0000641,TXN00007177,USR11036,MCH3177,2026-01-17 00:00:00,2026-01-22 00:00:00,1628.35,Unauthorized Transaction,customer says amount was debited twice.,Closed,2026-01-23 23:48:00,Medium,Branch,Unmatched,Matched,Matched,USR82947,MCH9742,Mismatch,Mismatch
CBK0001964,TXN00002766,USR97332,MCH6356,2026-08-02 00:00:00,2026-02-11 20:51:02,216.49,Customer Dispute,user claims account was compromised before transaction.,Open,2026-03-05 20:51:00,Medium,IVR,Matched,Matched,Matched,USR45506,MCH6023,Mismatch,Mismatch
CBK0001842,TXN00012727,USR63387,MCH2945,2026-03-26 05:18:01,2026-05-04 10:18:01,847.6,Incorrect Amount,customer says amount was debited twice.,Closed,2026-04-25 00:00:00,Critical,IVR,Unmatched,Matched,Matched,USR10698,MCH9761,Mismatch,Mismatch
CBK0000974,TXN00010092,USR70647,MCH6974,2026-03-16 00:00:00,2026-03-18 00:00:00,1533.39,Fraud,merchant service was not delivered after payment.,Open,2026-03-24 00:00:00,Low,IVR,Unmatched,Matched,Matched,USR57279,MCH9114,Mismatch,Mismatch
CBK0001292,TXN00018296,USR56334,MCH1320,2026-11-03 00:00:00,2026-03-11 00:00:00,849.13,Duplicate Debit,user claims account was compromised before transaction.,Closed,2026-03-13 00:56:00,Medium,IVR,Matched,Matched,Matched,USR19667,MCH6726,Mismatch,Mismatch
CBK0002754,TXN00014491,USR40425,MCH1768,2026-01-10 00:00:00,2026-01-13 13:24:00,3840.0,Account Compromised,complaint received after multiple failed attempts.,In Progress,,Low,IVR,Unmatched,Matched,Matched,USR51423,MCH5610,Mismatch,Mismatch
CBK0002287,TXN00004573,USR40925,MCH4181,2026-02-09 08:18:39,2026-02-04 00:00:00,495.68,Incorrect Amount,customer says amount was debited twice.,Closed,2026-02-27 00:00:00,Medium,IVR,Unmatched,Unmatched,Matched,USR25917,MCH6659,Mismatch,Mismatch
CBK0000037,TXN00005659,USR96672,MCH9397,2026-07-03 00:00:00,2026-03-13 00:00:00,2505.44,Customer Dispute,user reports money deducted but merchant denies receiving payment.,In Progress,2026-03-18 14:18:00,Medium,IVR,Matched,Matched,Matched,USR37637,MCH8263,Mismatch,Mismatch
CBK0000726,TXN00016050,USR43040,MCH4578,2026-01-18 00:00:00,2026-01-26 00:00:00,1426.42,Incorrect Amount,user says upi pin was not entered by them.,Resolved,2026-01-27 00:00:00,Medium,IVR,Unmatched,Matched,Matched,USR53060,MCH2827,Mismatch,Mismatch
CBK0002577,TXN00004121,USR90720,MCH8154,2026-01-03 20:31:00,,,Duplicate Debit,complaint received after multiple failed attempts.,In Progress,2026-01-02 00:00:00,High,Chatbot,Unmatched,Matched,Matched,USR55472,MCH7167,Mismatch,Mismatch
CBK0001624,TXN00012795,USR83035,MCH3452,2026-01-26 00:00:00,2026-01-28 16:03:00,4081.84,Merchant Not Delivered,customer says amount was debited twice.,Closed,2026-10-02 16:03:46,Medium,IVR,Matched,Matched,Matched,USR10365,MCH1195,Mismatch,Mismatch
CBK0002259,TXN00013350,USR98061,MCH8037,2026-02-03 00:00:00,2026-09-02 01:39:01,1837.87,Merchant Not Delivered,complaint received after multiple failed attempts.,Pending Bank,2026-02-19 01:39:01,Medium,Chatbot,Unmatched,Matched,Matched,USR98075,MCH9946,Mismatch,Mismatch
CBK0002144,TXN00008909,USR70631,MCH6347,,2026-01-14 00:00:00,660.0,Unauthorized Transaction,customer complaint text unclear due to poor call center notes.,Resolved,,Low,Call Center,Matched,Unmatched,Matched,USR20637,MCH4243,Mismatch,Mismatch
CBK0001300,TXN00009464,USR85148,MCH7648,2026-09-02 00:00:00,,2154.73,Account Compromised,merchant service was not delivered after payment.,Pending Bank,2026-03-06 00:00:00,High,IVR,Unmatched,Matched,Matched,USR97887,MCH7639,Mismatch,Mismatch
CBK0002037,TXN00000736,USR80842,MCH3769,2026-03-15 00:00:00,2026-11-03 00:00:00,,Account Compromised,user reports money deducted but merchant denies receiving payment.,In Progress,2026-03-22 00:00:00,Low,Chatbot,Unmatched,Unmatched,Matched,USR77051,MCH6509,Mismatch,Mismatch
CBK0001277,TXN00010511,USR79673,MCH3992,2026-02-16 11:35:00,2026-02-22 10:35:24,12071.05,Customer Dispute,user says upi pin was not entered by them.,Closed,2026-02-27 00:00:00,Low,Email,Unmatched,Unmatched,Matched,USR79974,MCH1820,Mismatch,Mismatch
CBK0001875,TXN00017156,USR39926,MCH4882,2026-11-02 00:00:00,2026-02-15 05:57:47,1059.67,Account Compromised,user reports money deducted but merchant denies receiving payment.,Rejected,2026-03-12 05:57:00,Medium,App,Matched,Unmatched,Matched,USR36687,MCH1308,Mismatch,Mismatch
CBK0002724,TXN00007282,USR52296,MCH8854,2026-01-22 20:50:32,2026-01-24 00:00:00,9729.28,Incorrect Amount,payment made to unknown merchant as per customer statement.,Pending Bank,2026-02-14 00:00:00,Medium,Branch,Matched,Matched,Matched,USR11511,MCH7016,Mismatch,Mismatch
CBK0002354,TXN00009248,USR72500,MCH5264,2026-01-14 00:00:00,2026-01-17 03:47:00,728.36,Incorrect Amount,user claims account was compromised before transaction.,Resolved,2026-02-07 00:00:00,Critical,Email,Unmatched,Unmatched,Matched,USR14598,MCH8918,Mismatch,Mismatch
CBK0002027,TXN00002894,USR72952,MCH7286,2026-01-10 00:00:00,2026-01-10 21:26:42,,Customer Dispute,customer says amount was debited twice. pls check asap,In Progress,2026-02-08 00:00:00,Medium,Chatbot,Unmatched,Unmatched,Matched,USR34667,MCH1108,Mismatch,Mismatch
CBK0001440,TXN00009124,USR51720,MCH1539,2026-02-06 01:11:28,2026-03-08 00:00:00,253.0,Service Failed,customer says transaction was not authorized.,In Progress,2026-03-18 00:00:00,Medium,IVR,Unmatched,Unmatched,Matched,USR49452,MCH5012,Mismatch,Mismatch
CBK0001493,TXN00006595,USR31543,MCH5575,2026-01-18 00:00:00,2026-01-24 00:00:00,2625.77,Incorrect Amount,user says upi pin was not entered by them.,Pending Bank,2026-01-28 00:00:00,Low,Call Center,Matched,Matched,Matched,USR14285,MCH2061,Mismatch,Mismatch
CBK0002689,TXN00011270,USR88203,MCH3731,2026-05-03 01:07:52,2026-03-08 08:07:00,662.0,Unauthorized Transaction,payment made to unknown merchant as per customer statement.,Open,2026-03-23 08:07:52,Low,Chatbot,Unmatched,Unmatched,Matched,USR64029,MCH4768,Mismatch,Mismatch
CBK0001217,TXN00010449,USR44544,MCH3100,2026-01-21 23:13:16,2026-01-27 02:13:16,1852.3,Service Failed,user claims account was compromised before transaction.,Resolved,2026-02-22 00:00:00,Low,Call Center,Unmatched,Unmatched,Matched,USR76597,MCH1681,Mismatch,Mismatch
CBK0001517,TXN00016968,USR40843,MCH2266,2026-03-06 00:00:00,2026-03-11 23:37:25,1768.72,Account Compromised,merchant service was not delivered after payment.,Rejected,2026-04-04 00:00:00,Medium,App,Unmatched,Matched,Matched,USR26135,MCH6487,Mismatch,Mismatch
CBK0001187,TXN00012133,USR31699,MCH5290,2026-03-08 00:00:00,2026-12-03 04:19:58,1491.37,Account Compromised,complaint received after multiple failed attempts.,Pending Bank,2026-03-19 00:00:00,Low,App,Unmatched,Unmatched,Matched,USR47683,MCH3858,Mismatch,Mismatch
CBK0001516,TXN00013162,USR27947,MCH4181,2026-02-26 00:00:00,2026-03-04 00:00:00,221.35,Service Failed,customer says transaction was not authorized.,Closed,,High,App,Matched,Unmatched,Matched,USR91158,MCH2239,Mismatch,Mismatch
CBK0000320,TXN00014355,USR27329,MCH4446,2026-11-03 07:51:22,2026-07-03 07:51:22,493.43,Duplicate Debit,merchant service was not delivered after payment.,Pending Bank,2026-02-04 07:51:22,Medium,Chatbot,Unmatched,Unmatched,Matched,USR25818,MCH1907,Mismatch,Mismatch
CBK0001107,TXN00044609,USR77130,MCH2757,2026-03-31 00:00:00,,771.44,Customer Dispute,customer complaint text unclear due to poor call center notes.,Resolved,2026-05-16 15:06:00,Medium,App,Unmatched,Matched,Unmatched,,,Not Applicable,Not Applicable
CBK0002375,TXN00011957,USR43004,MCH4590,2026-02-22 00:00:00,2026-09-03 00:00:00,569.94,Account Compromised,user reports money deducted but merchant denies receiving payment.,In Progress,2026-03-10 00:00:00,Medium,Email,Matched,Unmatched,Matched,USR17049,MCH2598,Mismatch,Mismatch
CBK0000151,TXN00005861,USR31659,MCH5954,2026-03-21 00:00:00,2026-03-23 00:00:00,10091.73,Incorrect Amount,user reports money deducted but merchant denies receiving payment.,Rejected,2026-03-29 00:00:00,Low,Email,Unmatched,Matched,Matched,USR10853,MCH4735,Mismatch,Mismatch
CBK0001351,TXN00015779,USR29306,MCH1450,2026-06-01 00:00:00,2026-01-08 20:17:00,3948.0,Account Compromised,customer complaint text unclear due to poor call center notes.,Open,2026-01-17 00:00:00,Low,Chatbot,Unmatched,Matched,Matched,USR37017,MCH4560,Mismatch,Mismatch
CBK0001111,TXN00009206,USR23400,MCH6695,2026-01-09 00:00:00,2026-01-11 07:25:00,1313.0,Merchant Not Delivered,merchant service was not delivered after payment.,Open,2026-04-02 00:00:00,High,Call Center,Unmatched,Unmatched,Matched,USR92483,MCH8154,Mismatch,Mismatch
CBK0000545,TXN00011868,USR25128,MCH3714,2026-02-02 00:00:00,2026-02-04 13:11:50,1080.46,Account Compromised,payment made to unknown merchant as per customer statement.,Pending Bank,,Low,Chatbot,Unmatched,Unmatched,Matched,USR86284,MCH4592,Mismatch,Mismatch
CBK0002717,TXN00010611,USR62341,MCH6810,2026-01-04 00:00:00,2026-01-06 00:00:00,1248.48,Customer Dispute,user says upi pin was not entered by them.,Rejected,2026-01-21 00:19:00,High,Chatbot,Unmatched,Unmatched,Matched,USR96885,MCH8671,Mismatch,Mismatch
CBK0001384,TXN00016135,USR75723,MCH7246,2026-09-02 19:42:43,2026-02-11 00:00:00,830.69,Unauthorized Transaction,merchant service was not delivered after payment.,Open,2026-04-03 00:00:00,Medium,Chatbot,Unmatched,Matched,Matched,USR36884,MCH2083,Mismatch,Mismatch
CBK0002625,TXN00004157,USR67803,MCH8154,2026-01-25 00:00:00,2026-04-02 00:00:00,269.0,Customer Dispute,customer says transaction was not authorized.,Open,2026-02-22 00:00:00,Low,Call Center,Matched,Matched,Matched,USR15768,MCH8763,Mismatch,Mismatch
CBK0002253,TXN00003501,USR85258,MCH4018,2026-01-30 19:42:00,,717.53,Customer Dispute,payment made to unknown merchant as per customer statement.,Resolved,2026-02-13 15:42:37,Medium,Call Center,Matched,Unmatched,Matched,USR62602,MCH1274,Mismatch,Mismatch
CBK0002128,TXN00007497,USR22535,MCH7048,2026-09-02 16:05:34,2026-02-10 15:05:00,5331.95,Fraud,user claims account was compromised before transaction. urgent,In Progress,2026-02-13 00:00:00,High,App,Unmatched,Matched,Matched,USR15482,MCH4801,Mismatch,Mismatch
CBK0000184,TXN00001095,USR35485,MCH7351,2026-03-06 00:00:00,2026-09-03 00:00:00,1383.39,Customer Dispute,user claims account was compromised before transaction.,Rejected,2026-03-25 00:00:00,Medium,IVR,Unmatched,Unmatched,Matched,USR29715,MCH7427,Mismatch,Mismatch
CBK0001646,TXN00008404,USR50087,MCH8857,2026-06-02 00:00:00,2026-02-06 00:00:00,6003.55,Unauthorized Transaction,customer complaint text unclear due to poor call center notes.,In Progress,2026-03-07 00:00:00,Low,IVR,Unmatched,Unmatched,Matched,USR16569,MCH9379,Mismatch,Mismatch
CBK0002445,TXN00087166,USR20310,MCH3100,2026-12-02 00:00:00,2026-02-20 00:00:00,2084.49,Account Compromised,user says upi pin was not entered by them.,Resolved,2026-11-03 01:21:40,Medium,Call Center,Matched,Unmatched,Unmatched,,,Not Applicable,Not Applicable
CBK0001479,TXN00008854,USR96222,MCH8391,2026-12-03 23:27:49,2026-03-18 00:00:00,2299.14,Incorrect Amount,suspicious high-value payment disputed by customer.,Rejected,2026-04-15 13:27:49,Medium,Chatbot,Unmatched,Matched,Matched,USR16164,MCH5702,Mismatch,Mismatch
CBK0002009,TXN00007679,USR85277,MCH4226,2026-02-24 19:29:47,2026-02-28 11:29:00,504.58,Service Failed,user reports money deducted but merchant denies receiving payment.,Open,,High,Branch,Unmatched,Unmatched,Matched,USR27607,MCH5002,Mismatch,Mismatch
CBK0002490,,USR43455,MCH9521,2026-01-09 00:00:00,2026-01-17 00:00:00,1266.0,Merchant Not Delivered,user claims account was compromised before transaction.,Resolved,2026-01-29 00:00:00,High,Chatbot,Matched,Matched,Unmatched,,,Not Applicable,Not Applicable
CBK0001380,TXN00009008,USR35697,MCH7809,2026-03-23 00:00:00,2026-03-25 00:00:00,743.0,Customer Dispute,user says upi pin was not entered by them.,Rejected,2026-04-09 12:19:42,Low,IVR,Unmatched,Unmatched,Matched,USR38914,MCH7764,Mismatch,Mismatch
CBK0002216,TXN00007764,USR83977,MCH3026,2026-03-19 00:00:00,2026-03-25 00:00:00,6398.47,Customer Dispute,user claims account was compromised before transaction.,Open,,Medium,Chatbot,Unmatched,Unmatched,Matched,USR45173,MCH9008,Mismatch,Mismatch
CBK0001727,TXN00016545,USR45053,MCH5655,2026-03-04 18:43:59,2026-03-07 00:00:00,268.66,Unauthorized Transaction,customer complaint text unclear due to poor call center notes.,In Progress,2026-03-14 00:00:00,Medium,App,Matched,Unmatched,Matched,USR93827,MCH2850,Mismatch,Mismatch
CBK0000270,TXN00010202,USR15203,MCH5264,2026-01-23 00:00:00,2026-01-25 00:00:00,1328.22,Fraud,payment made to unknown merchant as per customer statement.,Pending Bank,2026-02-02 00:00:00,Low,Branch,Unmatched,Unmatched,Matched,USR67133,MCH6694,Mismatch,Mismatch
CBK0000511,TXN00018141,USR72986,MCH8779,2026-03-16 00:00:00,2026-03-19 00:00:00,4311.27,Merchant Not Delivered,customer complaint text unclear due to poor call center notes.,Resolved,2026-03-28 00:00:00,Medium,App,Unmatched,Matched,Matched,USR41678,MCH2107,Mismatch,Mismatch
CBK0002731,TXN00000182,USR78938,MCH8953,2026-02-11 00:00:00,2026-02-17 00:00:00,17413.88,Customer Dispute,user claims account was compromised before transaction.,Closed,2026-02-26 00:00:00,High,App,Unmatched,Matched,Matched,USR83894,MCH5394,Mismatch,Mismatch
CBK0001334,TXN00013020,USR94669,MCH6850,,2026-03-11 00:00:00,2027.64,Incorrect Amount,user reports money deducted but merchant denies receiving payment.,In Progress,2026-03-27 00:00:00,Medium,IVR,Unmatched,Unmatched,Matched,USR10973,MCH4591,Mismatch,Mismatch
CBK0000009,TXN00007204,USR51727,MCH4175,2026-03-15 00:00:00,2026-03-17 00:00:00,4713.91,Account Compromised,suspicious high-value payment disputed by customer.,Rejected,,High,Branch,Unmatched,Unmatched,Matched,USR86397,MCH8225,Mismatch,Mismatch
CBK0000733,TXN00012362,USR55838,MCH4181,2026-05-02 12:02:58,2026-06-02 00:00:00,4043.04,Account Compromised,user says upi pin was not entered by them.,Open,2026-02-08 15:02:00,Critical,Branch,Unmatched,Unmatched,Matched,USR78508,MCH7039,Mismatch,Mismatch
CBK0001152,TXN00008504,USR31293,MCH1317,2026-02-15 23:32:00,2026-02-16 13:32:23,588.2,Fraud,user reports money deducted but merchant denies receiving payment.,Pending Bank,2026-03-06 13:32:23,Medium,Branch,Unmatched,Unmatched,Matched,USR82187,MCH4111,Mismatch,Mismatch
CBK0000886,TXN00012882,USR83501,MCH3412,2026-01-13 00:00:00,2026-01-15 10:24:32,1791.89,Fraud,payment made to unknown merchant as per customer statement.,Resolved,2026-01-28 00:00:00,Medium,Chatbot,Unmatched,Matched,Matched,USR26557,MCH3295,Mismatch,Mismatch
CBK0002753,TXN00006756,USR69271,MCH1635,2026-03-28 00:00:00,2026-04-28 00:00:00,988.98,Merchant Not Delivered,payment made to unknown merchant as per customer statement.,Pending Bank,,Medium,Branch,Unmatched,Unmatched,Matched,USR60836,MCH7992,Mismatch,Mismatch
CBK0001224,TXN00008299,USR61715,MCH1151,2026-01-04 00:00:00,2026-01-07 00:00:00,1586.53,Fraud,suspicious high-value payment disputed by customer.,Open,2026-03-02 03:47:20,Medium,Email,Unmatched,Unmatched,Matched,USR99192,MCH7672,Mismatch,Mismatch
CBK0000155,TXN00010068,USR53527,MCH9030,2026-03-12 00:00:00,2026-03-14 00:00:00,2128.78,Unauthorized Transaction,merchant service was not delivered after payment.,Pending Bank,2026-03-17 00:00:00,Low,Chatbot,Unmatched,Unmatched,Matched,USR87038,MCH8699,Mismatch,Mismatch
CBK0001466,TXN00015318,USR91423,MCH3984,2026-02-16 14:22:00,2026-02-19 00:00:00,3397.0,Merchant Not Delivered,suspicious high-value payment disputed by customer.,Closed,2026-03-21 00:00:00,Medium,Chatbot,Unmatched,Matched,Matched,USR60859,MCH8366,Mismatch,Mismatch
CBK0001664,TXN00018525,USR61151,MCH2048,2026-01-18 00:00:00,2026-01-17 00:00:00,263.29,Fraud,user reports money deducted but merchant denies receiving payment.,Pending Bank,2026-02-10 20:54:30,Low,Chatbot,Unmatched,Unmatched,Matched,USR17878,MCH8177,Mismatch,Mismatch
CBK0001452,TXN00008175,USR21384,MCH2062,2026-02-22 00:00:00,2026-03-01 07:14:00,7668.14,Customer Dispute,customer says amount was debited twice.,Open,,Low,App,Unmatched,Unmatched,Matched,USR28960,MCH5719,Mismatch,Mismatch
CBK0002640,TXN00005546,USR34195,MCH2365,2026-02-24 10:34:00,2026-02-25 16:34:00,1518.0,Duplicate Debit,user claims account was compromised before transaction.,Open,,Low,Call Center,Matched,Unmatched,Matched,USR10402,MCH1041,Mismatch,Mismatch
CBK0000867,TXN00019528,USR25296,MCH5076,2026-01-31 00:00:00,2026-01-29 00:00:00,2653.08,Merchant Not Delivered,user claims account was compromised before transaction.,Closed,2026-02-14 14:43:00,Medium,Chatbot,Unmatched,Unmatched,Matched,USR65214,MCH3980,Mismatch,Mismatch
CBK0002768,TXN00068399,USR40977,MCH2404,,2026-01-31 00:00:00,562.25,Unauthorized Transaction,user claims account was compromised before transaction.,Open,2026-02-03 07:38:22,High,Chatbot,Matched,Matched,Unmatched,,,Not Applicable,Not Applicable
CBK0001778,TXN00019856,USR11814,MCH9334,2026-02-02 10:18:46,2026-02-03 21:18:46,,Account Compromised,complaint received after multiple failed attempts. call dropped,Pending Bank,2026-12-02 00:00:00,High,Chatbot,Unmatched,Unmatched,Matched,USR68953,MCH9072,Mismatch,Mismatch
CBK0002238,TXN00002006,USR76792,MCH3459,,2026-01-29 00:00:00,637.05,Merchant Not Delivered,payment made to unknown merchant as per customer statement. details missing,Open,2026-02-20 00:00:00,Medium,Email,Unmatched,Matched,Matched,USR33190,MCH1613,Mismatch,Mismatch
CBK0001923,TXN00016966,USR62899,MCH8181,2026-10-01 00:00:00,2026-01-14 00:00:00,1081.02,Duplicate Debit,customer complaint text unclear due to poor call center notes.,Resolved,2026-01-21 00:00:00,Low,Email,Unmatched,Matched,Matched,USR99647,MCH9535,Mismatch,Mismatch
CBK0000471,TXN00007267,USR46455,MCH8953,2026-01-05 18:57:21,2026-01-20 19:57:21,890.07,Duplicate Debit,merchant service was not delivered after payment.,Rejected,,Low,Chatbot,Matched,Matched,Matched,USR49860,MCH8527,Mismatch,Mismatch
CBK0001626,TXN00049458,USR11987,MCH8783,2026-02-20 00:00:00,2026-02-22 18:45:00,12414.63,Customer Dispute,user claims account was compromised before transaction.,Open,2026-03-03 00:00:00,Critical,Branch,Matched,Unmatched,Unmatched,,,Not Applicable,Not Applicable
CBK0002210,TXN00005430,USR83180,MCH5840,2026-02-28 17:08:00,2026-03-31 13:08:00,1006.88,Unauthorized Transaction,complaint received after multiple failed attempts.,Pending Bank,2026-04-25 13:08:00,Medium,IVR,Matched,Unmatched,Matched,USR97643,MCH5475,Mismatch,Mismatch
CBK0000127,TXN00007654,USR54113,MCH3992,2026-03-06 00:00:00,2026-04-20 00:00:00,1028.53,Duplicate Debit,customer complaint text unclear due to poor call center notes.,Pending Bank,2026-05-05 21:02:00,Medium,Chatbot,Unmatched,Unmatched,Matched,USR61968,MCH9152,Mismatch,Mismatch
CBK0000705,TXN00001152,USR35882,MCH9206,2026-03-27 00:00:00,2026-03-28 00:00:00,1038.46,Duplicate Debit,customer complaint text unclear due to poor call center notes.,Rejected,2026-04-03 06:16:00,Medium,Chatbot,Unmatched,Unmatched,Matched,USR47047,MCH3798,Mismatch,Mismatch
CBK0000507,TXN00012054,USR64199,MCH5589,2026-03-02 13:39:09,,666.76,Fraud,complaint received after multiple failed attempts.,In Progress,2026-03-30 13:39:09,High,Call Center,Matched,Unmatched,Matched,USR45332,MCH8409,Mismatch,Mismatch
CBK0002408,TXN00013519,USR21313,MCH4396,2026-01-07 08:45:00,2026-01-10 14:45:00,4980.8,Merchant Not Delivered,merchant service was not delivered after payment.,In Progress,2026-08-02 00:00:00,High,Chatbot,Matched,Unmatched,Matched,USR86050,MCH8820,Mismatch,Mismatch
CBK0002332,TXN00002710,USR70317,MCH5459,2026-12-02 00:00:00,2026-02-13 00:00:00,2072.0,Merchant Not Delivered,user claims account was compromised before transaction.,Resolved,,Low,Chatbot,Unmatched,Matched,Matched,USR57379,MCH1838,Mismatch,Mismatch
CBK0000698,TXN00005431,USR66398,MCH1320,2026-03-31 13:31:09,2026-04-02 00:00:00,1631.64,Duplicate Debit,customer says transaction was not authorized.,Rejected,2026-04-22 11:31:00,High,Email,Unmatched,Matched,Matched,USR21089,MCH9897,Mismatch,Mismatch
CBK0000383,TXN00013042,USR84199,MCH9709,2026-03-27 00:00:00,2026-03-28 07:14:43,5855.28,Account Compromised,complaint received after multiple failed attempts.,Closed,2026-04-24 00:00:00,Medium,Branch,Unmatched,Unmatched,Matched,USR90938,MCH8960,Mismatch,Mismatch
CBK0001198,TXN00016001,USR34436,MCH2936,,2026-02-05 06:11:00,812.93,Fraud,payment made to unknown merchant as per customer statement.,Open,2026-02-22 00:00:00,High,Chatbot,Unmatched,Unmatched,Matched,USR58610,MCH3281,Mismatch,Mismatch
CBK0002194,,USR21052,MCH3797,2026-03-08 00:00:00,2026-03-12 00:00:00,,Unauthorized Transaction,user reports money deducted but merchant denies receiving payment.,Open,,Critical,App,Matched,Matched,Unmatched,,,Not Applicable,Not Applicable
CBK0001129,TXN00019231,USR32448,MCH5534,2026-02-03 00:00:00,2026-03-07 00:00:00,1213.34,Customer Dispute,user reports money deducted but merchant denies receiving payment.,Pending Bank,2026-03-26 00:00:00,Low,Chatbot,Unmatched,Unmatched,Matched,USR58918,MCH6901,Mismatch,Mismatch
CBK0002586,TXN00016107,USR77915,MCH8391,2026-03-15 00:00:00,2026-04-14 10:20:30,800.72,Customer Dispute,payment made to unknown merchant as per customer statement.,Open,2026-05-12 10:20:00,Low,Branch,Unmatched,Matched,Matched,USR82867,MCH3899,Mismatch,Mismatch
CBK0001794,TXN00009546,USR84804,MCH3045,2026-03-13 00:00:00,2026-03-14 00:00:00,562.28,Customer Dispute,customer says transaction was not authorized.,Open,2026-03-16 10:34:00,Medium,App,Unmatched,Unmatched,Matched,USR99776,MCH3844,Mismatch,Mismatch
CBK0000707,TXN00009174,USR25529,MCH1041,2026-03-28 00:00:00,2026-04-28 00:00:00,3544.0,Merchant Not Delivered,complaint received after multiple failed attempts.,In Progress,2026-04-05 00:00:00,Low,App,Unmatched,Matched,Matched,USR24736,MCH9934,Mismatch,Mismatch
CBK0000675,TXN00002371,USR78353,MCH5277,2026-02-26 00:00:00,2026-03-09 00:00:00,7577.71,Merchant Not Delivered,customer says amount was debited twice.,Rejected,2026-03-10 00:00:00,Medium,Email,Unmatched,Matched,Matched,USR62282,MCH8855,Mismatch,Mismatch
CBK0000461,TXN00013811,USR98133,MCH3815,2026-03-18 22:28:00,2026-03-21 00:00:00,2059.37,Account Compromised,user says upi pin was not entered by them. details missing,Pending Bank,,Medium,App,Matched,Unmatched,Matched,USR29958,MCH6169,Mismatch,Mismatch
CBK0000077,TXN00016365,USR65949,MCH5705,2026-01-17 10:07:00,2026-01-18 13:07:29,287.37,Duplicate Debit,user reports money deducted but merchant denies receiving payment.,Resolved,2026-02-05 00:00:00,Low,App,Unmatched,Matched,Matched,USR88225,MCH4066,Mismatch,Mismatch
CBK0000606,TXN00009406,USR72675,MCH2266,,2026-01-13 16:20:00,2488.0,Merchant Not Delivered,merchant service was not delivered after payment.,Rejected,2026-01-24 16:20:00,Medium,IVR,Unmatched,Matched,Matched,USR73644,MCH6734,Mismatch,Mismatch
CBK0000880,TXN00018703,USR63444,MCH2434,2026-01-31 00:00:00,2026-02-07 00:00:00,1513.0,Merchant Not Delivered,suspicious high-value payment disputed by customer.,In Progress,2026-02-21 16:50:46,Critical,Branch,Matched,Unmatched,Matched,USR48734,MCH1716,Mismatch,Mismatch
CBK0001536,TXN00003677,USR67399,MCH1566,2026-02-23 02:32:00,2026-02-28 15:32:00,1364.35,Merchant Not Delivered,customer says transaction was not authorized. pls check asap,Resolved,,Low,Email,Unmatched,Unmatched,Matched,USR44591,MCH1346,Mismatch,Mismatch
CBK0002472,TXN00013665,USR72656,MCH2756,2026-03-04 14:52:38,2026-03-07 00:00:00,616.17,Incorrect Amount,suspicious high-value payment disputed by customer. pls check asap,Resolved,2026-06-04 10:52:38,High,Chatbot,Unmatched,Unmatched,Matched,USR95364,MCH2574,Mismatch,Mismatch
CBK0002484,TXN00005205,USR19551,MCH5064,2026-02-26 00:00:00,2026-03-04 00:00:00,6694.94,Customer Dispute,complaint received after multiple failed attempts.,Resolved,,High,IVR,Matched,Matched,Matched,USR36909,MCH6447,Mismatch,Mismatch
CBK0002036,TXN00014884,USR50473,MCH6069,2026-02-20 00:00:00,2026-02-24 00:00:00,,Duplicate Debit,customer says amount was debited twice.,In Progress,2026-03-19 00:00:00,Medium,IVR,Unmatched,Matched,Matched,USR13211,MCH8916,Mismatch,Mismatch
CBK0000666,,USR33350,MCH6639,,2026-11-01 03:18:30,8521.71,Customer Dispute,user says upi pin was not entered by them. call dropped,Resolved,2026-01-28 00:00:00,Medium,Chatbot,Matched,Matched,Unmatched,,,Not Applicable,Not Applicable
CBK0002496,TXN00016961,USR12384,MCH4196,2026-02-26 13:00:00,2026-03-14 12:00:58,433.87,Merchant Not Delivered,customer says transaction was not authorized.,Open,2026-10-04 00:00:00,Medium,Branch,Unmatched,Unmatched,Matched,USR53948,MCH9431,Mismatch,Mismatch
CBK0002579,TXN00002668,USR57244,MCH3590,2026-02-02 00:00:00,2026-02-05 00:00:00,551.59,Unauthorized Transaction,user claims account was compromised before transaction.,Rejected,2026-03-03 00:00:00,High,Chatbot,Unmatched,Unmatched,Matched,USR34667,MCH5461,Mismatch,Mismatch
CBK0001621,TXN00006638,USR85507,MCH6644,2026-03-01 00:00:00,2026-01-19 00:00:00,2742.66,Incorrect Amount,user reports money deducted but merchant denies receiving payment.,Open,2026-02-08 00:00:00,Critical,Chatbot,Unmatched,Unmatched,Matched,USR23213,MCH2007,Mismatch,Mismatch
CBK0002033,TXN00018868,USR88284,MCH2152,2026-03-09 12:13:27,2026-03-13 00:00:00,180.66,Account Compromised,merchant service was not delivered after payment.,Closed,2026-04-09 00:00:00,High,Chatbot,Unmatched,Matched,Matched,USR86121,MCH9965,Mismatch,Mismatch
CBK0000887,TXN00005845,USR53491,MCH4767,2026-01-18 10:49:09,2026-01-21 00:00:00,,Customer Dispute,customer says amount was debited twice.,Pending Bank,2026-01-27 00:00:00,Critical,Chatbot,Unmatched,Matched,Matched,USR45002,MCH8001,Mismatch,Mismatch
CBK0002341,TXN00012704,USR27290,MCH3954,2026-01-19 00:00:00,2026-01-22 23:30:00,2025.76,Fraud,user reports money deducted but merchant denies receiving payment.,Closed,2026-02-07 00:00:00,High,Branch,Unmatched,Unmatched,Matched,USR14312,MCH6973,Mismatch,Mismatch
CBK0002499,TXN00012098,USR40113,MCH9719,2026-09-02 05:17:08,,708.0,Service Failed,merchant service was not delivered after payment.,Rejected,2026-02-19 08:17:00,Low,Email,Matched,Unmatched,Matched,USR56698,MCH3020,Mismatch,Mismatch
CBK0002356,TXN00014945,USR84844,MCH5076,2026-03-20 19:35:48,2026-03-21 00:00:00,1720.02,Customer Dispute,suspicious high-value payment disputed by customer.,Rejected,2026-03-25 00:00:00,Medium,App,Matched,Unmatched,Matched,USR60648,MCH2144,Mismatch,Mismatch
CBK0000488,TXN00008670,USR17815,MCH6810,2026-03-03 00:00:00,,992.85,Customer Dispute,user claims account was compromised before transaction.,In Progress,2026-03-27 00:00:00,Low,Chatbot,Matched,Unmatched,Matched,USR90775,MCH5042,Mismatch,Mismatch
CBK0001653,TXN00008030,USR83418,MCH6033,2026-02-02 00:00:00,2026-03-20 00:00:00,1200.17,Merchant Not Delivered,customer says amount was debited twice.,Resolved,2026-03-28 11:43:48,Medium,IVR,Unmatched,Matched,Matched,USR62989,MCH1195,Mismatch,Mismatch
CBK0002360,TXN00016689,USR22630,MCH6419,2026-05-03 00:00:00,2026-11-03 00:00:00,2052.97,Unauthorized Transaction,user claims account was compromised before transaction.,Pending Bank,,Low,Call Center,Unmatched,Matched,Matched,USR72771,MCH2117,Mismatch,Mismatch
CBK0002567,TXN00016286,USR90993,MCH5462,2026-03-13 02:22:00,2026-03-18 09:22:00,1887.01,Merchant Not Delivered,payment made to unknown merchant as per customer statement.,Closed,2026-04-16 00:00:00,Medium,Chatbot,Matched,Unmatched,Matched,USR20464,MCH6904,Mismatch,Mismatch
CBK0002701,TXN00015262,USR47926,MCH5959,2026-01-07 15:19:00,2026-01-08 00:00:00,2260.38,Customer Dispute,customer says amount was debited twice. na,Open,2026-01-29 00:00:00,Low,IVR,Unmatched,Matched,Matched,USR89760,MCH3412,Mismatch,Mismatch
CBK0001076,TXN00014751,USR40036,MCH9461,2026-01-15 00:00:00,2026-01-16 00:00:00,1337.67,Duplicate Debit,customer says amount was debited twice.,Pending Bank,,Medium,Chatbot,Unmatched,Unmatched,Matched,USR76631,MCH3771,Mismatch,Mismatch
CBK0001229,TXN00014638,USR33934,MCH4422,,2026-02-05 03:24:10,1064.0,Merchant Not Delivered,suspicious high-value payment disputed by customer.,Closed,,Low,IVR,Matched,Unmatched,Matched,USR48448,MCH6858,Mismatch,Mismatch
CBK0001253,TXN00048192,USR32413,MCH7724,2026-07-03 00:00:00,2026-09-03 00:00:00,1863.22,Customer Dispute,user claims account was compromised before transaction.,Pending Bank,,Low,IVR,Unmatched,Matched,Unmatched,,,Not Applicable,Not Applicable
CBK0001863,TXN00004455,USR92111,MCH2672,2026-01-24 00:00:00,2026-01-02 00:00:00,559.19,Fraud,payment made to unknown merchant as per customer statement.,Resolved,,Medium,Email,Matched,Unmatched,Matched,USR99175,MCH4180,Mismatch,Mismatch
CBK0000864,TXN00058515,USR41631,MCH1320,2026-01-21 00:00:00,2026-01-31 15:38:00,216.17,Merchant Not Delivered,customer complaint text unclear due to poor call center notes.,Pending Bank,,High,Chatbot,Matched,Matched,Unmatched,,,Not Applicable,Not Applicable
CBK0001853,TXN00008375,USR11036,MCH7833,2026-09-01 13:20:42,,372.08,Duplicate Debit,complaint received after multiple failed attempts.,Resolved,2026-02-10 19:20:42,Low,Branch,Unmatched,Matched,Matched,USR66264,MCH2040,Mismatch,Mismatch
CBK0001308,TXN00016774,USR71704,MCH4590,2026-03-14 00:00:00,2026-03-19 00:00:00,9878.08,Merchant Not Delivered,customer says amount was debited twice.,Pending Bank,2026-03-19 00:00:00,Critical,Branch,Unmatched,Unmatched,Matched,USR28326,MCH3771,Mismatch,Mismatch
CBK0001006,TXN00005755,USR95625,MCH4181,2026-03-29 16:15:15,2026-04-28 00:00:00,740.85,Fraud,suspicious high-value payment disputed by customer.,In Progress,,Medium,App,Unmatched,Unmatched,Matched,USR48591,MCH2143,Mismatch,Mismatch
CBK0001269,TXN00007095,USR24536,MCH8953,2026-06-02 04:54:54,2026-07-02 00:00:00,1816.0,Unauthorized Transaction,user says upi pin was not entered by them.,In Progress,2026-02-17 08:54:00,Medium,IVR,Unmatched,Matched,Matched,USR61593,MCH6393,Mismatch,Mismatch
CBK0000607,TXN00007941,USR62254,MCH1419,2026-01-03 00:00:00,2026-03-05 05:33:21,15519.36,Fraud,user reports money deducted but merchant denies receiving payment.,Rejected,,Low,Chatbot,Matched,Unmatched,Matched,USR84450,MCH7785,Mismatch,Mismatch
CBK0001541,TXN00011858,USR73594,MCH4651,2026-03-08 00:00:00,2026-07-04 00:00:00,7857.66,Duplicate Debit,payment made to unknown merchant as per customer statement. call dropped,Open,,Medium,Email,Unmatched,Matched,Matched,USR63885,MCH2942,Mismatch,Mismatch
CBK0000990,TXN00010883,USR94792,MCH2338,2026-03-01 00:00:00,2026-04-03 00:00:00,2301.28,Fraud,merchant service was not delivered after payment.,Closed,2026-03-07 00:00:00,Critical,IVR,Unmatched,Unmatched,Matched,USR25608,MCH9956,Mismatch,Mismatch
CBK0002713,TXN00016837,USR36321,MCH2065,2026-09-03 00:00:00,2026-03-13 00:00:00,,Customer Dispute,customer complaint text unclear due to poor call center notes.,Rejected,2026-03-25 00:00:00,High,Chatbot,Unmatched,Unmatched,Matched,USR94277,MCH4569,Mismatch,Mismatch
CBK0001590,TXN00014261,USR66321,MCH8391,2026-01-02 02:08:36,2026-01-07 00:00:00,750.7,Merchant Not Delivered,complaint received after multiple failed attempts.,Pending Bank,2026-01-15 00:00:00,Medium,IVR,Unmatched,Matched,Matched,USR69614,MCH8496,Mismatch,Mismatch
CBK0002311,TXN00011525,USR73683,MCH3681,2026-03-29 00:00:00,2026-04-14 00:00:00,3875.84,Customer Dispute,customer complaint text unclear due to poor call center notes.,Pending Bank,2026-11-05 00:00:00,Medium,Chatbot,Unmatched,Unmatched,Matched,USR54428,MCH8980,Mismatch,Mismatch
CBK0001892,TXN00019135,USR46902,MCH3656,2026-02-25 00:00:00,2026-02-28 00:00:00,690.96,Unauthorized Transaction,complaint received after multiple failed attempts.,Open,2026-03-03 00:00:00,Medium,Chatbot,Matched,Matched,Matched,USR93122,MCH4306,Mismatch,Mismatch
CBK0002635,TXN00012235,USR39811,MCH4990,2026-02-22 12:05:00,2026-02-24 16:05:00,10021.84,Duplicate Debit,customer complaint text unclear due to poor call center notes.,Open,,Medium,Call Center,Unmatched,Matched,Matched,USR20097,MCH4669,Mismatch,Mismatch
CBK0000537,TXN00006837,USR35532,MCH7922,2026-01-07 00:00:00,2026-01-09 10:28:51,374.0,Customer Dispute,suspicious high-value payment disputed by customer.,Resolved,,Medium,Chatbot,Unmatched,Matched,Matched,USR67361,MCH7054,Mismatch,Mismatch
CBK0000081,TXN00016937,USR98012,MCH5770,2026-01-25 00:00:00,2026-01-27 00:00:00,6269.03,Incorrect Amount,merchant service was not delivered after payment.,Resolved,2026-05-02 00:00:00,Medium,Email,Matched,Matched,Matched,USR63317,MCH5667,Mismatch,Mismatch
CBK0000117,TXN00008534,USR46501,MCH8277,2026-02-25 00:00:00,2026-08-03 00:00:00,652.86,Customer Dispute,customer says amount was debited twice.,Pending Bank,,High,Email,Matched,Matched,Matched,USR15977,MCH4159,Mismatch,Mismatch
CBK0001244,TXN00059954,USR15501,MCH3432,2026-12-03 11:29:14,2026-03-18 00:00:00,1289.25,Duplicate Debit,customer complaint text unclear due to poor call center notes.,Rejected,2026-03-21 00:00:00,Medium,App,Unmatched,Unmatched,Unmatched,,,Not Applicable,Not Applicable
CBK0001057,TXN00013162,USR95375,MCH1477,2026-03-28 00:00:00,2026-03-30 00:00:00,3182.0,Customer Dispute,customer says transaction was not authorized.,In Progress,2026-04-24 10:56:00,Medium,App,Matched,Matched,Matched,USR91158,MCH2239,Mismatch,Mismatch
CBK0002085,TXN00099329,USR70175,MCH8953,2026-07-03 00:00:00,2026-03-10 00:00:00,2454.92,Fraud,suspicious high-value payment disputed by customer.,In Progress,2026-04-07 21:00:00,Low,Chatbot,Matched,Matched,Unmatched,,,Not Applicable,Not Applicable
CBK0000847,TXN00010448,USR75789,MCH4429,2026-03-26 00:00:00,2026-03-28 00:00:00,387.13,Unauthorized Transaction,user reports money deducted but merchant denies receiving payment.,Rejected,2026-03-28 00:00:00,High,Call Center,Matched,Unmatched,Matched,USR80852,MCH9763,Mismatch,Mismatch
CBK0001388,TXN00008970,USR73474,MCH8142,,2026-04-01 12:45:30,4522.0,Duplicate Debit,customer says transaction was not authorized.,Open,,Low,IVR,Unmatched,Matched,Matched,USR48734,MCH6090,Mismatch,Mismatch
CBK0002155,TXN00016461,USR71348,MCH4824,2026-02-22 18:14:02,2026-02-25 00:00:00,734.05,Merchant Not Delivered,complaint received after multiple failed attempts.,Pending Bank,2026-05-03 00:00:00,High,IVR,Unmatched,Unmatched,Matched,USR77102,MCH4435,Mismatch,Mismatch
CBK0002217,TXN00017718,USR99570,MCH5980,2026-01-20 00:00:00,2026-01-23 00:00:00,1451.78,Customer Dispute,customer says txn was not authorized.,Rejected,2026-04-02 00:00:00,Low,Branch,Unmatched,Matched,Matched,USR10465,MCH5467,Mismatch,Mismatch
CBK0001218,TXN00074714,USR28268,MCH1154,,2026-03-30 00:00:00,2166.47,Merchant Not Delivered,merchant service was not delivered after payment.,Pending Bank,2026-04-03 00:00:00,High,Email,Unmatched,Matched,Unmatched,,,Not Applicable,Not Applicable
CBK0001265,TXN00004057,USR26009,MCH6381,2026-01-29 03:59:00,2026-01-30 00:00:00,1149.72,Duplicate Debit,user reports money deducted but merchant denies receiving payment.,In Progress,2026-02-15 15:59:11,Medium,App,Unmatched,Unmatched,Matched,USR49580,MCH2847,Mismatch,Mismatch
CBK0000087,TXN00008323,USR70375,MCH3815,2026-03-26 04:50:42,2026-03-29 08:50:42,36675.43,Account Compromised,merchant service was not delivered after payment.,Pending Bank,2026-03-29 08:50:42,Medium,IVR,Matched,Unmatched,Matched,USR64018,MCH1407,Mismatch,Mismatch
CBK0001572,TXN00014973,USR69706,MCH9344,2026-11-01 08:59:33,2026-01-11 10:59:00,737.0,Customer Dispute,user says upi pin was not entered by them.,Closed,2026-01-23 00:00:00,Low,Chatbot,Matched,Unmatched,Matched,USR71906,MCH1890,Mismatch,Mismatch
CBK0002221,TXN00016939,USR56378,MCH2383,2026-02-24 00:00:00,2026-03-07 00:00:00,27330.78,Customer Dispute,customer says transaction was not authorized.,Rejected,2026-03-12 00:00:00,Critical,IVR,Unmatched,Matched,Matched,USR19722,MCH5551,Mismatch,Mismatch
CBK0001983,TXN00012545,USR12475,MCH1320,2026-01-05 00:00:00,2026-07-01 21:57:07,886.93,Duplicate Debit,user says upi pin was not entered by them.,Rejected,2026-01-16 00:00:00,High,Call Center,Unmatched,Matched,Matched,USR54336,MCH5549,Mismatch,Mismatch
CBK0001310,TXN00006669,USR64847,MCH4786,,2026-02-18 15:36:00,2766.56,Duplicate Debit,customer complaint text unclear due to poor call center notes.,Closed,2026-03-13 00:00:00,Low,Call Center,Matched,Matched,Matched,USR38687,MCH7200,Mismatch,Mismatch
CBK0002495,TXN00002679,USR24536,MCH8280,2026-01-07 16:01:24,2026-01-15 11:01:00,1214.71,Account Compromised,user reports money deducted but merchant denies receiving payment.,Closed,2026-10-02 00:00:00,Low,Branch,Unmatched,Unmatched,Matched,USR76408,MCH7396,Mismatch,Mismatch
CBK0002000,TXN00006334,USR56042,MCH4130,2026-01-29 15:04:00,2026-02-09 00:00:00,1206.9,Duplicate Debit,customer says amount was debited twice. pls check asap,In Progress,2026-02-09 00:00:00,Medium,App,Matched,Unmatched,Matched,USR83227,MCH9533,Mismatch,Mismatch
CBK0000401,TXN00001653,USR33650,MCH5294,2026-02-04 00:00:00,2026-02-05 12:47:14,4022.0,Unauthorized Transaction,customer complaint text unclear due to poor call center notes.,In Progress,2026-07-02 12:47:14,Medium,IVR,Unmatched,Matched,Matched,USR86779,MCH2301,Mismatch,Mismatch
CBK0001880,TXN00013813,USR85610,MCH6626,2026-01-21 00:00:00,2026-07-03 00:00:00,,Fraud,customer says transaction was not authorized.,Rejected,2026-03-19 00:00:00,Medium,Chatbot,Unmatched,Matched,Matched,USR26668,MCH4809,Mismatch,Mismatch
CBK0000884,TXN00014060,USR97772,MCH9069,2026-02-21 10:06:00,2026-02-26 23:06:00,613.53,Merchant Not Delivered,user reports money deducted but merchant denies receiving payment.,Rejected,2026-03-07 00:00:00,Critical,Chatbot,Matched,Unmatched,Matched,USR37520,MCH5891,Mismatch,Mismatch
CBK0001963,TXN00002490,USR56287,MCH9228,2026-01-21 11:23:07,2026-01-21 12:23:07,1170.0,Account Compromised,customer says amount was debited twice.,Closed,2026-01-27 00:00:00,Low,Branch,Unmatched,Matched,Matched,USR71972,MCH2879,Mismatch,Mismatch
CBK0000203,TXN00002521,USR11015,MCH5051,2026-04-01 00:00:00,2026-06-01 00:00:00,4940.0,Merchant Not Delivered,user claims account was compromised before transaction.,Closed,,High,Call Center,Matched,Unmatched,Matched,USR93128,MCH1501,Mismatch,Mismatch
CBK0002334,TXN00013909,USR61147,MCH6628,2026-10-01 00:00:00,2026-12-01 00:00:00,449.15,Customer Dispute,merchant service was not delivered after payment.,Rejected,2026-01-16 14:42:00,High,IVR,Unmatched,Matched,Matched,USR10579,MCH8202,Mismatch,Mismatch
CBK0002556,TXN00014016,USR85655,MCH2065,2026-01-03 00:00:00,2026-03-04 00:00:00,2538.7,Unauthorized Transaction,customer complaint text unclear due to poor call center notes.,In Progress,2026-07-03 09:29:57,Low,Email,Unmatched,Unmatched,Matched,USR43767,MCH8057,Mismatch,Mismatch
CBK0000337,TXN00013045,USR42531,MCH1288,2026-01-19 00:00:00,2026-01-20 08:51:00,546.9,Merchant Not Delivered,customer complaint text unclear due to poor call center notes.,Rejected,,Low,Chatbot,Unmatched,Matched,Matched,USR54602,MCH6095,Mismatch,Mismatch
CBK0002542,TXN00004045,USR54255,MCH7383,2026-03-24 03:03:18,2026-04-08 20:03:18,14158.32,Account Compromised,merchant service was not delivered after payment.,Pending Bank,2026-04-13 20:03:18,Low,Call Center,Unmatched,Matched,Matched,USR51228,MCH5946,Mismatch,Mismatch
CBK0002678,TXN00074852,USR64694,MCH3676,2026-11-02 00:00:00,,1652.05,Duplicate Debit,payment made to unknown merchant as per customer statement.,In Progress,2026-11-03 16:25:29,Medium,Call Center,Matched,Unmatched,Unmatched,,,Not Applicable,Not Applicable
CBK0001617,TXN00001553,USR68522,MCH7372,2026-08-01 00:00:00,2026-02-08 00:00:00,5796.41,Merchant Not Delivered,payment made to unknown merchant as per customer statement. pls check asap,Pending Bank,2026-02-21 04:46:00,Critical,Call Center,Matched,Unmatched,Matched,USR97571,MCH3520,Mismatch,Mismatch
CBK0002109,TXN00005274,USR70317,MCH7833,2026-02-26 09:34:34,2026-02-27 13:34:00,4290.41,Incorrect Amount,customer says amount was debited twice.,Resolved,2026-03-13 13:34:00,High,Chatbot,Unmatched,Matched,Matched,USR29736,MCH4524,Mismatch,Mismatch
CBK0000136,TXN00000724,USR55205,MCH4226,2026-02-20 00:00:00,2026-02-26 00:00:00,454.0,Customer Dispute,user says upi pin was not entered by them.,Closed,,High,Email,Unmatched,Unmatched,Matched,USR89557,MCH1606,Mismatch,Mismatch
CBK0002243,TXN00019786,USR27947,MCH1674,2026-03-15 00:00:00,2026-03-17 00:00:00,1377.81,Unauthorized Transaction,customer complaint text unclear due to poor call center notes.,Pending Bank,,Critical,Email,Matched,Matched,Matched,USR59386,MCH6257,Mismatch,Mismatch
CBK0000579,TXN00006902,USR30658,MCH8779,,2026-04-09 00:00:00,2179.89,Incorrect Amount,customer says amount was debited twice.,Closed,2026-04-25 00:00:00,Critical,Call Center,Unmatched,Matched,Matched,USR22736,MCH5925,Mismatch,Mismatch
CBK0002191,TXN00005500,USR99576,MCH4473,2026-01-25 00:00:00,2026-01-31 00:00:00,1721.07,Account Compromised,suspicious high-value payment disputed by customer.,Closed,2026-09-02 00:00:00,High,Call Center,Unmatched,Unmatched,Matched,USR94414,MCH4418,Mismatch,Mismatch
CBK0002147,TXN00010700,USR22862,MCH3741,2026-03-21 00:00:00,2026-03-29 00:00:00,393.01,Merchant Not Delivered,payment made to unknown merchant as per customer statement.,In Progress,2026-03-29 00:00:00,Medium,Chatbot,Unmatched,Unmatched,Matched,USR84643,MCH3866,Mismatch,Mismatch
CBK0002214,,USR72691,MCH3098,2026-03-02 00:00:00,2026-02-14 00:01:00,3364.0,Merchant Not Delivered,payment made to unknown merchant as per customer statement.,Closed,,Medium,IVR,Matched,Unmatched,Unmatched,,,Not Applicable,Not Applicable
CBK0002699,TXN00004968,USR63160,MCH2867,2026-09-02 02:29:10,2026-02-19 10:29:00,686.93,Account Compromised,customer says transaction was not authorized.,In Progress,2026-02-27 00:00:00,High,IVR,Unmatched,Unmatched,Matched,USR10191,MCH5661,Mismatch,Mismatch
CBK0000910,TXN00010888,USR26595,MCH8921,2026-01-27 00:00:00,2026-01-31 19:55:18,925.14,Incorrect Amount,user reports money deducted but merchant denies receiving payment.,Closed,2026-08-02 19:55:18,Low,Chatbot,Unmatched,Matched,Matched,USR70222,MCH7989,Mismatch,Mismatch
CBK0002050,TXN00003990,USR78005,MCH8100,2026-01-22 20:54:00,2026-01-27 22:54:00,5710.85,Incorrect Amount,customer says amount was debited twice.,Closed,,Medium,Chatbot,Unmatched,Unmatched,Matched,USR58128,MCH6092,Mismatch,Mismatch
CBK0002501,TXN00074548,USR43280,MCH3768,2026-02-20 00:00:00,2026-02-22 23:25:00,4626.55,Merchant Not Delivered,merchant service was not delivered after payment.,In Progress,2026-02-27 23:25:00,High,Call Center,Unmatched,Unmatched,Unmatched,,,Not Applicable,Not Applicable
CBK0002442,TXN00003496,USR17908,MCH1236,2026-01-12 17:43:35,2026-01-28 00:00:00,1706.49,Service Failed,complaint received after multiple failed attempts.,Rejected,2026-02-24 01:43:00,High,IVR,Matched,Unmatched,Matched,USR21435,MCH8541,Mismatch,Mismatch
CBK0002201,TXN00011553,USR33934,MCH1101,2026-02-07 13:14:25,2026-02-11 00:00:00,1996.81,Account Compromised,user says upi pin was not entered by them.,Open,2026-02-26 06:14:25,Low,App,Matched,Matched,Matched,USR36764,MCH8657,Mismatch,Mismatch
CBK0001113,TXN00011228,USR47724,MCH3600,2026-01-19 04:34:00,2026-01-20 00:00:00,9827.0,Account Compromised,customer complaint text unclear due to poor call center notes.,Pending Bank,2026-02-14 00:00:00,Low,IVR,Unmatched,Matched,Matched,USR73877,MCH9740,Mismatch,Mismatch
CBK0001373,TXN00007769,USR24681,MCH6081,,2026-02-14 19:34:08,813.25,Merchant Not Delivered,suspicious high-value payment disputed by customer.,Resolved,2026-12-03 00:00:00,High,Chatbot,Unmatched,Unmatched,Matched,USR43353,MCH1864,Mismatch,Mismatch
CBK0001206,TXN00014973,USR48430,MCH4479,2026-02-17 19:55:56,2026-02-25 15:55:56,746.85,Merchant Not Delivered,suspicious high-value payment disputed by customer.,Resolved,2026-02-25 00:00:00,High,Call Center,Unmatched,Unmatched,Matched,USR71906,MCH1890,Mismatch,Mismatch
CBK0000759,TXN00018597,USR54822,MCH1382,,2026-02-14 10:59:54,2898.66,Account Compromised,merchant service was not delivered after payment.,Open,2026-02-16 10:59:54,Medium,IVR,Unmatched,Unmatched,Matched,USR97987,MCH8138,Mismatch,Mismatch
CBK0002772,TXN00008116,USR80305,MCH3781,2026-01-18 12:29:06,2026-01-20 00:00:00,1863.17,Duplicate Debit,user reports money deducted but merchant denies receiving payment.,Rejected,2026-02-15 00:00:00,Low,IVR,Matched,Unmatched,Matched,USR58627,MCH8540,Mismatch,Mismatch
CBK0000517,TXN00001323,USR53151,MCH9341,,2026-02-19 00:00:00,7329.0,Merchant Not Delivered,suspicious high-value payment disputed by customer.,Rejected,2026-02-27 21:24:00,Low,Branch,Matched,Unmatched,Matched,USR48415,MCH1869,Mismatch,Mismatch
CBK0001632,TXN00015576,USR12683,MCH9869,2026-03-19 05:30:23,2026-03-30 00:00:00,448.44,Fraud,payment made to unknown merchant as per customer statement.,Pending Bank,,Medium,App,Unmatched,Unmatched,Matched,USR63093,MCH1968,Mismatch,Mismatch
CBK0000927,TXN00014638,USR14035,MCH9573,2026-03-12 17:36:00,2026-03-13 17:36:25,10765.79,Merchant Not Delivered,customer complaint text unclear due to poor call center notes.,Open,2026-04-08 17:36:00,High,Chatbot,Unmatched,Unmatched,Matched,USR48448,MCH6858,Mismatch,Mismatch
CBK0002008,TXN00014274,USR40602,MCH5954,2026-02-14 00:00:00,2026-02-20 00:00:00,3293.82,Merchant Not Delivered,complaint received after multiple failed attempts.,Closed,2026-08-03 10:09:37,Medium,IVR,Unmatched,Matched,Matched,USR72574,MCH5179,Mismatch,Mismatch
CBK0000572,,USR58062,MCH2065,2026-02-18 22:15:46,2026-02-24 10:15:46,1849.53,Unauthorized Transaction,customer says amount was debited twice.,Closed,2026-03-15 00:00:00,Medium,Chatbot,Unmatched,Unmatched,Unmatched,,,Not Applicable,Not Applicable
CBK0002708,TXN00018113,USR17556,MCH8377,2026-02-09 00:00:00,2026-12-02 17:45:31,987.42,Account Compromised,complaint received after multiple failed attempts.,Rejected,2026-10-03 17:45:31,Low,Chatbot,Unmatched,Matched,Matched,USR45276,MCH7559,Mismatch,Mismatch
CBK0002534,TXN00004493,USR76170,MCH3036,2026-01-11 21:56:00,2026-01-27 00:00:00,380.69,Merchant Not Delivered,merchant service was not delivered after payment.,In Progress,,Low,Email,Unmatched,Unmatched,Matched,USR49358,MCH1182,Mismatch,Mismatch
CBK0001209,TXN00009348,USR59740,MCH4686,2026-02-24 00:00:00,2026-02-28 03:03:00,4160.0,Merchant Not Delivered,customer says transaction was not authorized.,In Progress,2026-03-04 03:03:36,High,Email,Unmatched,Unmatched,Matched,USR36254,MCH7436,Mismatch,Mismatch
CBK0000339,TXN00013884,USR60939,MCH3878,2026-03-20 00:00:00,2026-03-27 00:00:00,3072.71,Account Compromised,payment made to unknown merchant as per customer statement.,In Progress,,High,IVR,Unmatched,Unmatched,Matched,USR11619,MCH9606,Mismatch,Mismatch
CBK0002282,TXN00008893,USR74390,MCH7259,2026-05-01 00:00:00,,2546.9,Duplicate Debit,customer says transaction was not authorized.,Open,2026-01-13 13:43:40,Low,IVR,Unmatched,Unmatched,Matched,USR86289,MCH5457,Mismatch,Mismatch
CBK0000767,TXN00010641,USR98061,MCH3815,2026-03-29 20:15:00,2026-02-04 15:15:00,9500.5,Unauthorized Transaction,customer complaint text unclear due to poor call center notes. call dropped,In Progress,2026-08-04 00:00:00,Critical,IVR,Unmatched,Unmatched,Matched,USR10071,MCH1139,Mismatch,Mismatch
CBK0000327,TXN00011503,USR76772,MCH5900,2026-02-27 00:00:00,2026-02-28 02:10:08,1191.08,Merchant Not Delivered,customer says amount was debited twice.,In Progress,2026-03-14 02:10:08,High,Email,Matched,Matched,Matched,USR68805,MCH8173,Mismatch,Mismatch
CBK0001061,TXN00007622,USR22939,MCH5921,2026-03-19 09:34:00,2026-03-24 00:00:00,494.63,Fraud,suspicious high-value payment disputed by customer.,Closed,,Low,IVR,Unmatched,Matched,Matched,USR51254,MCH5542,Mismatch,Mismatch
CBK0002712,TXN00006919,USR19070,MCH8672,2026-02-27 00:00:00,2026-02-28 10:57:53,3151.9,Unauthorized Transaction,complaint received after multiple failed attempts.,In Progress,2026-02-28 00:00:00,Low,Chatbot,Unmatched,Matched,Matched,USR13544,MCH1518,Mismatch,Mismatch
CBK0000480,TXN00086757,USR73796,MCH8391,2026-01-27 05:48:48,2026-02-02 00:00:00,1161.24,Merchant Not Delivered,customer complaint text unclear due to poor call center notes.,In Progress,2026-02-25 00:00:00,Critical,App,Matched,Matched,Unmatched,,,Not Applicable,Not Applicable
CBK0002420,TXN00008321,USR20361,MCH3420,2026-03-01 00:00:00,2026-04-01 00:00:00,535.96,Merchant Not Delivered,user claims account was compromised before transaction.,Open,2026-01-17 02:37:00,Low,Call Center,Matched,Matched,Matched,USR85115,MCH7982,Mismatch,Mismatch
CBK0000958,TXN00001617,USR30500,MCH8058,2026-02-19 00:00:00,2026-02-20 21:55:40,4597.83,Customer Dispute,suspicious high-value payment disputed by customer.,Closed,2026-10-03 00:00:00,High,App,Unmatched,Matched,Matched,USR71148,MCH1197,Mismatch,Mismatch
CBK0001047,TXN00016988,USR13912,MCH5655,2026-02-25 00:00:00,2026-03-07 00:00:00,,Incorrect Amount,user claims account was compromised before transaction.,Rejected,2026-03-15 14:47:00,Medium,Call Center,Unmatched,Unmatched,Matched,USR29952,MCH6716,Mismatch,Mismatch
CBK0001922,TXN00008651,USR68820,MCH5076,2026-01-13 17:01:00,2026-01-18 20:01:00,,Incorrect Amount,user claims account was compromised before transaction. call dropped,In Progress,2026-01-22 00:00:00,Medium,App,Matched,Unmatched,Matched,USR56683,MCH6134,Mismatch,Mismatch
CBK0000900,TXN00012289,USR71316,MCH8769,2026-01-12 18:30:00,2026-01-15 03:30:00,5071.86,Unauthorized Transaction,user reports money deducted but merchant denies receiving payment.,Resolved,,Low,Chatbot,Matched,Matched,Matched,USR64948,MCH8805,Mismatch,Mismatch
CBK0000694,TXN00013258,USR41874,MCH7151,2026-03-28 02:05:31,2026-03-28 09:05:00,6771.0,Account Compromised,customer says amount was debited twice.,Resolved,2026-03-31 00:00:00,Medium,Call Center,Matched,Unmatched,Matched,USR66173,MCH1289,Mismatch,Mismatch
CBK0002470,TXN00016541,USR51854,MCH2925,2026-05-03 00:00:00,2026-03-01 00:00:00,1089.44,Account Compromised,complaint received after multiple failed attempts.,Pending Bank,,Medium,IVR,Unmatched,Unmatched,Matched,USR11003,MCH5456,Mismatch,Mismatch
CBK0002477,TXN00002165,USR81636,MCH5914,2026-01-31 00:00:00,2026-02-03 00:00:00,1048.77,Duplicate Debit,customer complaint text unclear due to poor call center notes. call dropped,Rejected,,Medium,IVR,Unmatched,Matched,Matched,USR84781,MCH3167,Mismatch,Mismatch
CBK0000197,TXN00003861,USR66175,MCH7332,2026-10-01 00:00:00,2026-01-21 00:00:00,792.03,Merchant Not Delivered,customer says amount was debited twice.,Pending Bank,2026-01-26 01:48:00,Critical,IVR,Matched,Matched,Matched,USR99558,MCH1882,Mismatch,Mismatch
CBK0002637,TXN00001839,USR69852,MCH4722,2026-01-07 00:00:00,2026-08-01 00:00:00,1071.92,Incorrect Amount,user reports money deducted but merchant denies receiving payment.,Rejected,2026-01-30 00:00:00,Medium,IVR,Matched,Unmatched,Matched,USR57777,MCH8760,Mismatch,Mismatch
CBK0000189,TXN00016753,USR71099,MCH5189,2026-11-03 00:00:00,2026-03-13 00:00:00,390.5,Unauthorized Transaction,merchant service was not delivered after payment.,In Progress,2026-03-31 00:00:00,Low,IVR,Unmatched,Unmatched,Matched,USR96135,MCH5390,Mismatch,Mismatch
CBK0002413,TXN00012907,USR20360,MCH3281,2026-03-28 23:07:22,2026-04-08 00:00:00,,Fraud,user claims account was compromised before transaction.,Rejected,,Low,IVR,Unmatched,Matched,Matched,USR70265,MCH6848,Mismatch,Mismatch
CBK0002078,TXN00013096,USR13449,MCH5614,2026-03-25 00:00:00,2026-03-26 21:45:47,8307.14,Merchant Not Delivered,user says upi pin was not entered by them. details missing,Rejected,2026-04-25 21:45:47,Critical,Chatbot,Unmatched,Unmatched,Matched,USR34032,MCH8713,Mismatch,Mismatch
CBK0001303,TXN00010018,USR33354,MCH2266,2026-01-05 21:41:53,2026-01-11 00:00:00,,Account Compromised,user says upi pin was not entered by them.,Pending Bank,2026-01-22 00:00:00,Low,Email,Matched,Matched,Matched,USR51504,MCH4750,Mismatch,Mismatch
CBK0000502,TXN00008686,USR99756,MCH7813,2026-01-31 00:00:00,2026-02-08 00:00:00,969.45,Unauthorized Transaction,complaint received after multiple failed attempts. details missing,In Progress,2026-02-12 11:23:00,Low,Chatbot,Unmatched,Unmatched,Matched,USR87780,MCH8933,Mismatch,Mismatch
CBK0001312,TXN00000939,USR61151,MCH2302,2026-03-25 00:00:00,2026-03-26 13:58:00,3776.84,Merchant Not Delivered,user reports money deducted but merchant denies receiving payment.,Pending Bank,2026-03-04 00:00:00,Medium,App,Unmatched,Matched,Matched,USR88820,MCH6715,Mismatch,Mismatch
CBK0002722,TXN00008498,USR48374,MCH8230,2026-01-02 00:00:00,2026-02-16 00:00:00,2342.66,Unauthorized Transaction,payment made to unknown merchant as per customer statement.,Pending Bank,,Low,IVR,Matched,Unmatched,Matched,USR23093,MCH5209,Mismatch,Mismatch
CBK0002180,TXN00006743,USR42798,MCH5884,2026-01-19 09:16:00,2026-01-21 00:00:00,,Service Failed,customer complaint text unclear due to poor call center notes.,Open,2026-02-12 00:00:00,Medium,Chatbot,Unmatched,Matched,Matched,USR56840,MCH9043,Mismatch,Mismatch
CBK0001816,TXN00015001,USR18056,MCH5439,2026-01-28 22:09:00,2026-01-31 00:00:00,,Merchant Not Delivered,user reports money deducted but merchant denies receiving payment.,In Progress,2026-02-24 00:00:00,Critical,Branch,Matched,Unmatched,Matched,USR77199,MCH2921,Mismatch,Mismatch
CBK0002481,TXN00007235,USR46308,MCH7175,2026-02-05 00:00:00,2026-05-02 22:26:56,1820.07,Account Compromised,customer complaint text unclear due to poor call center notes. details missing,Closed,2026-02-27 00:00:00,Low,Branch,Unmatched,Unmatched,Matched,USR92283,MCH7068,Mismatch,Mismatch
CBK0002505,TXN00001789,USR80522,MCH9097,2026-01-29 00:00:00,2026-01-02 00:00:00,3163.91,Unauthorized Transaction,user reports money deducted but merchant denies receiving payment.,Closed,2026-02-14 07:52:00,Low,IVR,Unmatched,Unmatched,Matched,USR60494,MCH1912,Mismatch,Mismatch
CBK0002053,TXN00001807,USR20076,MCH6717,2026-03-03 11:20:09,,,Unauthorized Transaction,complaint received after multiple failed attempts.,In Progress,2026-04-04 22:20:00,Low,Chatbot,Unmatched,Unmatched,Matched,USR38701,MCH7045,Mismatch,Mismatch
CBK0001042,TXN00008638,USR63231,MCH1737,2026-03-30 07:31:00,2026-06-04 00:00:00,1056.33,Merchant Not Delivered,payment made to unknown merchant as per customer statement.,Open,2026-05-01 00:00:00,Low,Branch,Matched,Unmatched,Matched,USR39009,MCH3154,Mismatch,Mismatch
CBK0002382,TXN00016574,USR34643,MCH1066,2026-01-25 00:00:00,2026-02-01 00:00:00,2828.9,Customer Dispute,customer says amount was debited twice.,Resolved,2026-07-02 11:12:20,Medium,Email,Unmatched,Unmatched,Matched,USR95955,MCH2076,Mismatch,Mismatch
CBK0001733,TXN00011566,USR90212,MCH4811,2026-02-22 00:00:00,2026-02-25 00:00:00,248.1,Fraud,merchant service was not delivered after payment.,Pending Bank,2026-03-01 00:00:00,Critical,Chatbot,Matched,Matched,Matched,USR25722,MCH7436,Mismatch,Mismatch
CBK0000660,TXN00008654,USR14580,MCH7394,2026-01-20 00:00:00,2026-01-23 00:00:00,3655.6,Unauthorized Transaction,user claims account was compromised before transaction.,Open,2026-01-25 03:57:35,High,Branch,Unmatched,Matched,Matched,USR93519,MCH2073,Mismatch,Mismatch
CBK0000218,TXN00002930,USR27533,MCH9381,2026-03-28 16:07:00,2026-03-30 00:00:00,1968.12,Customer Dispute,suspicious high-value payment disputed by customer.,Pending Bank,2026-04-13 00:00:00,Low,IVR,Matched,Unmatched,Matched,USR24122,MCH1608,Mismatch,Mismatch
CBK0002688,TXN00016086,USR48363,MCH5076,2026-03-27 10:48:00,2026-06-04 00:00:00,756.07,Unauthorized Transaction,merchant service was not delivered after payment.,Open,2026-10-04 00:00:00,High,Chatbot,Unmatched,Unmatched,Matched,USR21584,MCH1301,Mismatch,Mismatch
CBK0000079,TXN00000789,USR54133,MCH8683,2026-02-23 18:15:33,2026-02-26 00:00:00,7945.0,Account Compromised,payment made to unknown merchant as per customer statement.,Open,2026-03-08 11:15:00,High,IVR,Unmatched,Unmatched,Matched,USR49943,MCH8350,Mismatch,Mismatch
CBK0001734,TXN00004267,USR92771,MCH5698,2026-01-02 00:00:00,2026-02-04 00:00:00,3750.2,Service Failed,customer says amount was debited twice.,Pending Bank,2026-02-22 00:00:00,Low,IVR,Matched,Matched,Matched,USR38053,MCH2195,Mismatch,Mismatch
CBK0000420,TXN00012872,USR39569,MCH7219,2026-01-18 15:00:47,2026-01-19 00:00:00,4857.19,Account Compromised,merchant service was not delivered after payment.,In Progress,2026-01-20 11:00:00,High,App,Matched,Matched,Matched,USR27335,MCH6706,Mismatch,Mismatch
CBK0001750,TXN00009063,USR58335,MCH4473,2026-01-14 00:00:00,2026-01-15 00:00:00,91.6,Fraud,user claims account was compromised before transaction.,In Progress,2026-01-23 00:00:00,Low,Chatbot,Unmatched,Unmatched,Matched,USR87941,MCH9920,Mismatch,Mismatch
CBK0001185,TXN00000818,USR41564,MCH5530,2026-03-30 00:00:00,,1592.73,Merchant Not Delivered,complaint received after multiple failed attempts.,Resolved,2026-12-04 00:00:00,Low,Branch,Unmatched,Unmatched,Matched,USR55116,MCH6552,Mismatch,Mismatch
CBK0002457,TXN00014853,USR16306,MCH6850,2026-02-02 00:00:00,2026-02-10 00:00:00,415.04,Fraud,user reports money deducted but merchant denies receiving payment.,In Progress,2026-02-22 00:00:00,Medium,Chatbot,Matched,Unmatched,Matched,USR36873,MCH6126,Mismatch,Mismatch
CBK0001775,TXN00001597,USR33934,MCH8773,2026-03-15 10:02:06,2026-03-21 05:02:00,13348.89,Service Failed,complaint received after multiple failed attempts.,Pending Bank,2026-04-17 00:00:00,Critical,Chatbot,Matched,Unmatched,Matched,USR92384,MCH8751,Mismatch,Mismatch
CBK0001338,TXN00008410,USR54797,MCH3300,2026-01-20 08:42:27,2026-01-30 00:00:00,896.23,Customer Dispute,customer says amount was debited twice. na,Closed,2026-02-14 10:42:27,Medium,Branch,Matched,Unmatched,Matched,USR56194,MCH2164,Mismatch,Mismatch
CBK0000599,TXN00007573,USR52697,MCH5655,2026-02-24 14:14:20,2026-03-01 16:14:00,10313.56,Incorrect Amount,user says upi pin was not entered by them. details missing,Resolved,,Low,Chatbot,Unmatched,Unmatched,Matched,USR65213,MCH4859,Mismatch,Mismatch
CBK0000865,TXN00005760,USR36182,MCH2554,2026-03-28 00:00:00,2026-03-29 00:00:00,,Incorrect Amount,merchant service was not delivered after payment.,Rejected,,Medium,Email,Unmatched,Unmatched,Matched,USR83380,MCH9015,Mismatch,Mismatch
CBK0000914,TXN00001042,USR12183,MCH7351,2026-02-03 00:00:00,2026-03-05 00:00:00,1526.17,Fraud,payment made to unknown merchant as per customer statement. call dropped,Pending Bank,2026-03-31 00:00:00,High,Branch,Unmatched,Unmatched,Matched,USR36504,MCH6095,Mismatch,Mismatch
CBK0001726,TXN00001821,USR85403,MCH4473,2026-03-10 00:00:00,2026-03-15 00:00:00,12679.09,Customer Dispute,suspicious high-value payment disputed by customer.,Resolved,2026-07-04 15:22:15,Medium,Chatbot,Unmatched,Unmatched,Matched,USR64332,MCH1711,Mismatch,Mismatch
CBK0001477,TXN00009790,USR72887,MCH3200,2026-03-16 00:00:00,2026-01-04 00:00:00,996.46,Merchant Not Delivered,user says upi pin was not entered by them. details missing,Open,,Critical,IVR,Unmatched,Unmatched,Matched,USR87975,MCH6939,Mismatch,Mismatch
CBK0001295,TXN00016726,USR89004,MCH8117,2026-02-21 00:00:00,2026-02-22 00:00:00,2235.82,Duplicate Debit,customer says amount was debited twice.,Resolved,,High,Email,Matched,Unmatched,Matched,USR42322,MCH4691,Mismatch,Mismatch
CBK0002703,TXN00019588,USR14075,MCH4041,2026-01-14 23:39:02,2026-01-25 00:00:00,,Customer Dispute,payment made to unknown merchant as per customer statement.,Closed,2026-10-02 14:39:02,Medium,Chatbot,Unmatched,Matched,Matched,USR13788,MCH4283,Mismatch,Mismatch
CBK0002473,TXN00000154,USR28902,MCH1260,2026-05-02 15:50:37,2026-02-06 00:00:00,2025.66,Fraud,user says upi pin was not entered by them.,Closed,,Low,IVR,Unmatched,Matched,Matched,USR55471,MCH2329,Mismatch,Mismatch
CBK0001392,,USR33175,MCH7321,,2026-03-26 00:00:00,5482.08,Customer Dispute,customer says transaction was not authorized.,Rejected,,Low,Chatbot,Unmatched,Matched,Unmatched,,,Not Applicable,Not Applicable
CBK0002117,TXN00006808,USR74813,MCH2757,2026-02-25 00:00:00,2026-02-26 00:00:00,8430.86,Merchant Not Delivered,complaint received after multiple failed attempts.,In Progress,,High,Call Center,Unmatched,Matched,Matched,USR37164,MCH7124,Mismatch,Mismatch
CBK0001739,TXN00013116,USR38088,MCH8068,,2026-02-22 00:00:00,1464.53,Merchant Not Delivered,customer complaint text unclear due to poor call center notes.,Closed,2026-02-22 20:32:19,Medium,App,Unmatched,Matched,Matched,USR42202,MCH4995,Mismatch,Mismatch
CBK0002665,TXN00001173,USR21421,MCH3004,2026-02-24 16:17:15,2026-03-04 00:00:00,1898.31,Unauthorized Transaction,customer says amount was debited twice.,Closed,2026-08-03 00:00:00,Medium,App,Unmatched,Unmatched,Matched,USR66485,MCH1171,Mismatch,Mismatch
CBK0002276,TXN00012334,USR12381,MCH9291,2026-03-16 09:05:00,2026-03-19 18:05:30,1521.74,Merchant Not Delivered,suspicious high-value payment disputed by customer.,Pending Bank,2026-03-25 18:05:30,High,Call Center,Unmatched,Matched,Matched,USR99422,MCH2054,Mismatch,Mismatch
CBK0002063,,USR49752,MCH9689,,2026-02-08 08:29:00,2009.64,Incorrect Amount,user says upi pin was not entered by them.,In Progress,2026-02-18 08:29:00,Medium,Chatbot,Matched,Unmatched,Unmatched,,,Not Applicable,Not Applicable
CBK0002620,TXN00011524,USR26051,MCH4344,2026-02-11 00:00:00,2026-02-14 00:00:00,3021.0,Incorrect Amount,payment made to unknown merchant as per customer statement.,Resolved,2026-02-14 00:00:00,Low,App,Unmatched,Unmatched,Matched,USR11307,MCH2649,Mismatch,Mismatch
CBK0001539,TXN00060420,USR95104,MCH5264,2026-03-17 00:00:00,2026-03-19 00:00:00,1505.75,Duplicate Debit,payment made to unknown merchant as per customer statement.,In Progress,2026-03-29 02:14:00,Medium,IVR,Unmatched,Unmatched,Unmatched,,,Not Applicable,Not Applicable
CBK0001846,TXN00008496,USR13261,MCH8062,2026-03-13 23:44:00,2026-03-14 00:00:00,2662.81,Merchant Not Delivered,customer says amount was debited twice.,Closed,2026-03-24 00:00:00,Low,Chatbot,Unmatched,Matched,Matched,USR15744,MCH3657,Mismatch,Mismatch
CBK0000072,TXN00004747,USR48250,MCH3100,2026-01-28 00:00:00,2026-01-30 00:00:00,11808.21,Incorrect Amount,suspicious high-value payment disputed by customer.,Pending Bank,2026-02-17 00:00:00,Medium,Call Center,Unmatched,Unmatched,Matched,USR27942,MCH7607,Mismatch,Mismatch
CBK0001511,TXN00013557,USR53356,MCH4473,2026-02-19 00:00:00,2026-02-19 00:00:00,5693.78,Merchant Not Delivered,customer says transaction was not authorized.,Open,2026-03-03 00:00:00,Low,IVR,Matched,Unmatched,Matched,USR21416,MCH5164,Mismatch,Mismatch
CBK0001413,TXN00017513,USR39726,MCH5273,2026-01-22 00:00:00,2026-01-28 00:00:00,24586.31,Unauthorized Transaction,customer complaint text unclear due to poor call center notes.,Closed,2026-02-25 00:00:00,Low,App,Unmatched,Unmatched,Matched,USR91139,MCH6527,Mismatch,Mismatch
CBK0000508,TXN00001829,USR40362,MCH3161,2026-01-09 04:04:00,2026-01-11 00:00:00,3042.0,Account Compromised,user claims account was compromised before txn.,Pending Bank,2026-01-21 00:00:00,High,Call Center,Unmatched,Matched,Matched,USR86139,MCH5815,Mismatch,Mismatch
CBK0001328,TXN00010089,USR22644,MCH2208,2026-03-10 00:00:00,2026-03-13 10:52:00,,Incorrect Amount,customer says amount was debited twice.,In Progress,,Low,Chatbot,Matched,Unmatched,Matched,USR33827,MCH8560,Mismatch,Mismatch
CBK0001995,TXN00000490,USR75856,MCH9865,2026-11-01 00:00:00,2026-01-16 17:52:00,3134.07,Incorrect Amount,customer complaint text unclear due to poor call center notes.,Resolved,,Low,Call Center,Matched,Matched,Matched,USR59051,MCH1577,Mismatch,Mismatch
CBK0001170,TXN00012807,USR97772,MCH1838,2026-03-26 00:00:00,2026-03-27 18:57:00,122.0,Merchant Not Delivered,customer says amount was debited twice.,Open,2026-04-02 00:00:00,Low,IVR,Matched,Matched,Matched,USR84061,MCH6330,Mismatch,Mismatch
CBK0002275,TXN00002106,USR75120,MCH3728,2026-01-24 13:15:51,2026-01-24 00:00:00,3875.59,Unauthorized Transaction,complaint received after multiple failed attempts.,Pending Bank,2026-02-20 00:00:00,Medium,App,Unmatched,Unmatched,Matched,USR94008,MCH9115,Mismatch,Mismatch
CBK0002706,TXN00012918,USR27107,MCH6044,,,2316.9,Unauthorized Transaction,merchant service was not delivered after payment.,Closed,2026-02-04 00:00:00,Medium,Chatbot,Matched,Matched,Matched,USR45153,MCH5941,Mismatch,Mismatch
CBK0001935,TXN00012027,USR97416,MCH5463,2026-01-13 00:00:00,2026-01-15 00:00:00,1274.02,Unauthorized Transaction,payment made to unknown merchant as per customer statement.,Resolved,2026-02-13 00:00:00,Low,Branch,Unmatched,Unmatched,Matched,USR31388,MCH8571,Mismatch,Mismatch
CBK0001749,TXN00000318,USR51808,MCH7982,2026-01-29 15:34:00,2026-03-16 00:00:00,,Customer Dispute,payment made to unknown merchant as per customer statement.,Open,2026-03-25 00:00:00,Low,App,Matched,Matched,Matched,USR62190,MCH2059,Mismatch,Mismatch
CBK0001333,TXN00003302,USR97772,MCH2026,2026-03-23 00:00:00,2026-04-02 16:40:00,1169.68,Duplicate Debit,payment made to unknown merchant as per cust statement.,Closed,,Medium,IVR,Matched,Unmatched,Matched,USR25325,MCH9979,Mismatch,Mismatch
CBK0002118,TXN00008403,USR17197,MCH4473,2026-06-01 00:00:00,2026-01-17 11:54:07,1117.0,Unauthorized Transaction,merchant service was not delivered after payment.,Pending Bank,2026-01-29 11:54:07,Medium,Email,Matched,Unmatched,Matched,USR46267,MCH5474,Mismatch,Mismatch
CBK0002353,TXN00017005,USR93920,MCH5156,2026-03-01 06:38:00,2026-03-31 21:38:30,10880.54,Merchant Not Delivered,customer says amount was debited twice.,Open,2026-04-03 00:00:00,Medium,Chatbot,Unmatched,Matched,Matched,USR37155,MCH5743,Mismatch,Mismatch
CBK0001855,TXN00003379,USR73010,MCH6457,2026-03-26 11:09:24,2026-03-28 11:09:00,5587.77,Duplicate Debit,customer says transaction was not authorized.,Pending Bank,2026-04-20 11:09:24,Critical,App,Unmatched,Unmatched,Matched,USR80650,MCH3509,Mismatch,Mismatch
CBK0001165,TXN00010766,USR24002,MCH2065,2026-01-01 23:56:29,,2510.0,Duplicate Debit,suspicious high-value payment disputed by customer.,In Progress,2026-01-20 00:00:00,Low,Branch,Matched,Unmatched,Matched,USR96495,MCH1991,Mismatch,Mismatch
CBK0001055,TXN00016717,USR80656,MCH8828,2026-01-27 00:00:00,,3272.08,Merchant Not Delivered,suspicious high-value payment disputed by customer.,Open,2026-02-16 15:46:43,Medium,Call Center,Matched,Matched,Matched,USR14182,MCH6537,Mismatch,Mismatch
CBK0001352,TXN00010946,USR94542,MCH6061,2026-03-25 00:00:00,2026-03-29 02:21:00,562.29,Duplicate Debit,user claims account was compromised before transaction.,Closed,,High,IVR,Matched,Matched,Matched,USR37879,MCH6105,Mismatch,Mismatch
CBK0002596,TXN00013632,USR34733,MCH8154,2026-08-01 00:00:00,,1178.89,Fraud,payment made to unknown merchant as per customer statement.,Pending Bank,2026-01-18 15:45:36,Medium,Chatbot,Unmatched,Matched,Matched,USR36176,MCH5287,Mismatch,Mismatch
CBK0000781,TXN00004717,USR34703,MCH2065,2026-11-01 05:47:02,2026-01-21 15:47:02,22390.0,Service Failed,complaint received after multiple failed attempts.,Pending Bank,2026-01-25 00:00:00,High,Email,Unmatched,Unmatched,Matched,USR26217,MCH9840,Mismatch,Mismatch
CBK0000961,TXN00012729,USR13686,MCH2588,2026-02-20 00:00:00,2026-02-23 04:28:02,1232.87,Service Failed,complaint received after multiple failed attempts.,Pending Bank,2026-03-19 00:00:00,Low,Call Center,Matched,Matched,Matched,USR39136,MCH6203,Mismatch,Mismatch
CBK0002281,TXN00016639,USR51332,MCH6850,2026-03-04 00:00:00,2026-04-03 00:00:00,2539.68,Merchant Not Delivered,user says upi pin was not entered by them.,Pending Bank,2026-03-25 21:38:11,High,App,Unmatched,Unmatched,Matched,USR66351,MCH6306,Mismatch,Mismatch
CBK0002131,TXN00005025,USR12936,MCH9937,2026-02-28 00:00:00,2026-03-05 18:25:00,1283.51,Incorrect Amount,user claims account was compromised before transaction. na,Resolved,2026-03-25 00:00:00,Low,IVR,Unmatched,Matched,Matched,USR58611,MCH7526,Mismatch,Mismatch
CBK0001802,TXN00015492,USR31275,MCH4473,2026-01-22 00:00:00,2026-01-25 02:09:52,2618.19,Incorrect Amount,customer says transaction was not authorized.,In Progress,2026-04-02 02:09:52,High,Chatbot,Matched,Unmatched,Matched,USR58272,MCH7933,Mismatch,Mismatch
CBK0002066,TXN00014413,USR86472,MCH3992,2026-03-29 00:00:00,2026-01-04 21:21:33,,Incorrect Amount,user reports money deducted but merchant denies receiving payment.,In Progress,,Low,IVR,Matched,Unmatched,Matched,USR53172,MCH4846,Mismatch,Mismatch
CBK0002774,TXN00007924,USR36664,MCH6959,2026-01-01 00:00:00,2026-02-01 00:00:00,2197.57,Account Compromised,user reports money deducted but merchant denies receiving payment.,Resolved,2026-01-15 00:00:00,Medium,App,Matched,Matched,Matched,USR88409,MCH1962,Mismatch,Mismatch
CBK0000916,TXN00017437,USR25761,MCH9926,2026-11-01 00:00:00,,,Account Compromised,customer says transaction was not authorized.,In Progress,2026-02-03 20:32:00,Medium,App,Unmatched,Unmatched,Matched,USR83423,MCH2974,Mismatch,Mismatch
CBK0001366,TXN00005968,USR64733,MCH3045,2026-03-19 00:00:00,2026-03-21 00:00:00,2917.69,Customer Dispute,customer says transaction was not authorized.,Pending Bank,2026-04-04 04:31:22,Critical,Call Center,Unmatched,Unmatched,Matched,USR20374,MCH9694,Mismatch,Mismatch
CBK0001872,TXN00008853,USR43455,MCH8391,2026-02-15 00:00:00,2026-02-17 13:35:00,6353.75,Merchant Not Delivered,complaint received after multiple failed attempts.,Resolved,,Medium,Call Center,Matched,Matched,Matched,USR53970,MCH4011,Mismatch,Mismatch
CBK0001716,TXN00008167,USR60833,MCH6947,2026-03-17 00:00:00,2026-03-21 11:09:56,2598.82,Duplicate Debit,merchant service was not delivered after payment.,Pending Bank,2026-03-26 00:00:00,Medium,Branch,Unmatched,Matched,Matched,USR88921,MCH8296,Mismatch,Mismatch
CBK0002223,TXN00017647,USR58113,MCH3117,2026-01-21 00:00:00,2026-01-22 00:00:00,3677.06,Merchant Not Delivered,customer complaint text unclear due to poor call center notes.,In Progress,2026-02-05 00:00:00,Medium,Chatbot,Unmatched,Unmatched,Matched,USR29169,MCH6919,Mismatch,Mismatch
CBK0001478,TXN00017175,USR46590,MCH7833,,2026-01-31 03:03:07,2616.12,Merchant Not Delivered,customer says amount was debited twice. pls check asap,Open,2026-02-17 03:03:00,High,App,Matched,Matched,Matched,USR45353,MCH1160,Mismatch,Mismatch
CBK0002587,TXN00001705,USR32842,MCH3100,2026-03-22 23:32:00,2026-03-26 00:00:00,2583.16,Duplicate Debit,customer complaint text unclear due to poor call center notes.,Pending Bank,2026-04-13 15:32:45,Low,IVR,Unmatched,Unmatched,Matched,USR22950,MCH7201,Mismatch,Mismatch
CBK0002581,TXN00015481,USR62660,MCH4181,2026-01-15 00:00:00,2026-01-17 09:49:00,2917.55,Merchant Not Delivered,merchant service was not delivered after payment.,Resolved,2026-01-02 09:49:51,Low,IVR,Unmatched,Unmatched,Matched,USR23691,MCH4582,Mismatch,Mismatch
CBK0000937,TXN00009444,USR22327,MCH5615,2026-02-07 00:00:00,,855.85,Customer Dispute,merchant service was not delivered after payment.,Open,,Medium,App,Unmatched,Unmatched,Matched,USR84537,MCH4202,Mismatch,Mismatch
CBK0000679,TXN00019297,USR35700,MCH4758,2026-02-24 08:24:53,2026-02-24 12:24:00,1314.28,Account Compromised,customer complaint text unclear due to poor call center notes.,Pending Bank,,Low,IVR,Matched,Unmatched,Matched,USR91425,MCH1254,Mismatch,Mismatch
CBK0000493,TXN00001975,USR66286,MCH7546,2026-01-21 09:21:00,2026-05-02 00:00:00,943.72,Incorrect Amount,merchant service was not delivered after payment. details missing,Open,2026-02-17 00:00:00,High,IVR,Unmatched,Matched,Matched,USR99484,MCH5922,Mismatch,Mismatch
CBK0000647,TXN00019004,USR46725,MCH2065,2026-02-07 00:00:00,2026-02-13 17:00:51,3381.39,Fraud,suspicious high-value payment disputed by customer.,In Progress,2026-02-26 17:00:51,Medium,Chatbot,Unmatched,Unmatched,Matched,USR70411,MCH4473,Mismatch,Mismatch
CBK0000855,TXN00013194,USR66001,MCH2030,2026-01-06 00:00:00,2026-02-21 00:00:00,,Account Compromised,user says upi pin was not entered by them.,Pending Bank,,Medium,Branch,Unmatched,Matched,Matched,USR61238,MCH9810,Mismatch,Mismatch
CBK0001233,TXN00034198,USR98515,MCH3927,2026-03-21 00:00:00,2026-03-23 00:00:00,2387.46,Account Compromised,customer complaint text unclear due to poor call center notes.,Pending Bank,2026-03-23 00:00:00,High,Chatbot,Unmatched,Matched,Unmatched,,,Not Applicable,Not Applicable
CBK0000542,TXN00003675,USR92063,MCH3454,2026-01-15 12:53:18,2026-01-18 23:53:18,1047.52,Duplicate Debit,customer complaint text unclear due to poor call center notes.,Pending Bank,2026-04-02 00:00:00,Medium,IVR,Unmatched,Matched,Matched,USR63941,MCH7614,Mismatch,Mismatch
CBK0000623,TXN00012588,USR78593,MCH9191,2026-03-24 00:00:00,2026-03-27 02:42:00,1181.22,Customer Dispute,merchant service was not delivered after payment.,Pending Bank,2026-04-07 00:00:00,Critical,Call Center,Unmatched,Unmatched,Matched,USR20984,MCH2100,Mismatch,Mismatch
CBK0001033,TXN00004562,USR35882,MCH9511,2026-03-02 00:00:00,2026-02-10 00:00:00,2226.56,Incorrect Amount,merchant service was not delivered after payment.,Pending Bank,2026-07-03 00:00:00,High,Chatbot,Unmatched,Unmatched,Matched,USR31483,MCH4566,Mismatch,Mismatch
CBK0000731,TXN00009087,USR31359,MCH1258,2026-02-02 11:18:00,2026-02-18 00:18:00,7838.0,Fraud,complaint received after multiple failed attempts.,Pending Bank,2026-03-14 00:00:00,Medium,App,Unmatched,Unmatched,Matched,USR62310,MCH2569,Mismatch,Mismatch
CBK0001331,,USR92614,MCH9178,,2026-03-16 00:00:00,4117.99,Duplicate Debit,payment made to unknown merchant as per cust statement.,Resolved,2026-04-08 00:00:00,Critical,Call Center,Unmatched,Unmatched,Unmatched,,,Not Applicable,Not Applicable
CBK0002755,TXN00002471,USR90893,MCH8779,2026-01-24 22:24:58,2026-01-25 17:24:58,2207.71,Fraud,user says upi pin was not entered by them.,Closed,2026-02-24 00:00:00,High,IVR,Unmatched,Matched,Matched,USR25524,MCH1175,Mismatch,Mismatch
CBK0000770,TXN00051555,USR56287,MCH8779,2026-03-08 00:00:00,2026-03-11 00:00:00,2417.43,Merchant Not Delivered,user reports money deducted but merchant denies receiving payment.,Closed,,High,Chatbot,Unmatched,Matched,Unmatched,,,Not Applicable,Not Applicable
CBK0001857,TXN00008788,USR99849,MCH3643,2026-03-13 05:35:47,2026-03-15 00:00:00,8276.16,Fraud,customer complaint text unclear due to poor call center notes.,In Progress,2026-02-04 15:35:47,Medium,Chatbot,Matched,Unmatched,Matched,USR77359,MCH5753,Mismatch,Mismatch
CBK0000335,TXN00001134,USR18760,MCH9451,2026-06-03 21:05:23,2026-03-17 05:05:00,1881.35,Customer Dispute,user reports money deducted but merchant denies receiving payment.,Pending Bank,2026-04-09 00:00:00,High,IVR,Matched,Unmatched,Matched,USR94179,MCH9163,Mismatch,Mismatch
CBK0000791,TXN00007791,USR24536,MCH6890,,2026-03-10 00:00:00,1735.16,Fraud,suspicious high-value payment disputed by customer.,In Progress,2026-04-01 00:00:00,Low,IVR,Unmatched,Matched,Matched,USR21123,MCH6122,Mismatch,Mismatch
CBK0000047,TXN00074133,USR46927,MCH2711,2026-03-27 00:00:00,2026-04-26 00:00:00,546.0,Incorrect Amount,user reports money deducted but merchant denies receiving payment.,Open,,Medium,Branch,Unmatched,Unmatched,Unmatched,,,Not Applicable,Not Applicable
CBK0000311,TXN00003364,USR18722,MCH6415,2026-03-29 00:00:00,2026-03-30 00:00:00,2940.2,Merchant Not Delivered,customer complaint text unclear due to poor call center notes.,Closed,2026-04-26 00:00:00,Low,Chatbot,Matched,Unmatched,Matched,USR72710,MCH7814,Mismatch,Mismatch
CBK0001689,TXN00012952,USR63160,MCH8078,2026-09-01 00:00:00,2026-11-01 09:46:20,277.65,Duplicate Debit,user says upi pin was not entered by them.,Pending Bank,2026-01-19 09:46:00,Low,Chatbot,Unmatched,Matched,Matched,USR28594,MCH7698,Mismatch,Mismatch
CBK0000132,TXN00016038,USR11624,MCH5300,2026-03-23 08:28:00,2026-03-23 00:00:00,447.63,Merchant Not Delivered,complaint received after multiple failed attempts.,Closed,,High,App,Unmatched,Unmatched,Matched,USR64833,MCH9040,Mismatch,Mismatch
CBK0002525,TXN00009115,USR60789,MCH3104,2026-03-02 23:08:00,2026-02-14 00:08:00,1575.8,Fraud,customer says amount was debited twice.,Open,,Low,Chatbot,Matched,Unmatched,Matched,USR44704,MCH9999,Mismatch,Mismatch
CBK0001640,TXN00009672,USR72121,MCH4035,2026-01-31 00:00:00,,478.93,Merchant Not Delivered,complaint received after multiple failed attempts.,Closed,,Low,Branch,Matched,Unmatched,Matched,USR84700,MCH2010,Mismatch,Mismatch
CBK0000083,TXN00019136,USR46902,MCH4705,2026-02-10 00:00:00,,264.95,Fraud,suspicious high-value payment disputed by customer.,Open,2026-02-28 00:00:00,High,Email,Matched,Unmatched,Matched,USR32872,MCH3890,Mismatch,Mismatch
CBK0001329,TXN00009229,USR61206,MCH8097,2026-06-03 00:00:00,2026-03-14 00:00:00,1300.37,Customer Dispute,user says upi pin was not entered by them.,Closed,,High,IVR,Unmatched,Unmatched,Matched,USR51915,MCH1115,Mismatch,Mismatch
CBK0001763,TXN00006338,USR58810,MCH7667,2026-02-14 00:00:00,2026-02-24 19:50:25,1656.18,Service Failed,user reports money deducted but merchant denies receiving payment.,Open,2026-02-24 00:00:00,Low,Chatbot,Unmatched,Matched,Matched,USR52000,MCH5007,Mismatch,Mismatch
CBK0000167,TXN00012360,USR86156,MCH2438,2026-02-01 00:00:00,2026-02-05 00:00:00,5341.0,Customer Dispute,user reports money deducted but merchant denies receiving payment.,Closed,2026-02-14 00:00:00,Low,Branch,Matched,Matched,Matched,USR16084,MCH3541,Mismatch,Mismatch
CBK0000505,TXN00000437,USR87914,MCH3324,2026-06-03 00:00:00,2026-03-09 05:21:00,3962.0,Duplicate Debit,user reports money deducted but merchant denies receiving payment.,In Progress,2026-03-30 00:00:00,Low,IVR,Unmatched,Matched,Matched,USR79634,MCH7593,Mismatch,Mismatch
CBK0001168,TXN00005941,USR56021,MCH1185,2026-06-03 00:00:00,2026-03-22 14:23:38,8630.24,Incorrect Amount,suspicious high-value payment disputed by customer.,In Progress,2026-03-29 00:00:00,High,Email,Unmatched,Matched,Matched,USR84110,MCH2924,Mismatch,Mismatch
CBK0000796,TXN00007069,USR87558,MCH3466,2026-02-19 07:25:50,2026-02-14 07:25:50,5834.0,Fraud,merchant service was not delivered after payment.,Resolved,2026-02-22 00:00:00,Medium,Chatbot,Unmatched,Unmatched,Matched,USR55735,MCH9663,Mismatch,Mismatch
CBK0001930,TXN00000462,USR44849,MCH6811,2026-01-07 17:21:00,2026-01-10 00:21:21,9759.54,Customer Dispute,suspicious high-value payment disputed by customer.,In Progress,2026-01-17 00:00:00,Low,IVR,Matched,Unmatched,Matched,USR29234,MCH5023,Mismatch,Mismatch
CBK0001622,TXN00003616,USR88037,MCH2915,2026-01-09 00:00:00,2026-01-09 00:00:00,5374.95,Account Compromised,customer says amount was debited twice.,Resolved,,Low,Call Center,Matched,Matched,Matched,USR18694,MCH5643,Mismatch,Mismatch
CBK0000943,TXN00005379,USR79175,MCH8672,2026-03-13 00:00:00,2026-03-20 00:00:00,318.82,Unauthorized Transaction,customer says amount was debited twice. na,Resolved,2026-04-18 00:00:00,High,Branch,Unmatched,Matched,Matched,USR18589,MCH8591,Mismatch,Mismatch
CBK0000107,TXN00017349,USR51854,MCH2065,2026-03-14 00:00:00,2026-03-15 15:43:00,1441.68,Merchant Not Delivered,customer complaint text unclear due to poor call center notes.,Closed,2026-03-25 00:00:00,Medium,App,Unmatched,Unmatched,Matched,USR61021,MCH4302,Mismatch,Mismatch
CBK0001418,TXN00017042,USR71503,MCH7873,2026-01-14 00:00:00,2026-01-22 12:51:19,1707.0,Merchant Not Delivered,user claims account was compromised before transaction.,Resolved,,Low,Chatbot,Matched,Unmatched,Matched,USR13975,MCH7105,Mismatch,Mismatch
CBK0002054,TXN00014488,USR98293,MCH4980,2026-01-29 03:41:00,2026-01-02 02:41:16,7101.31,Merchant Not Delivered,complaint received after multiple failed attempts.,Closed,2026-02-03 02:41:00,Medium,Email,Unmatched,Matched,Matched,USR65464,MCH8081,Mismatch,Mismatch
CBK0000827,TXN00014268,USR35403,MCH2320,2026-03-26 19:49:23,2026-03-29 00:00:00,1797.0,Merchant Not Delivered,user says upi pin was not entered by them. pls check asap,Open,,Medium,Chatbot,Unmatched,Unmatched,Matched,USR39607,MCH1327,Mismatch,Mismatch
CBK0000915,TXN00012512,USR69408,MCH6683,2026-03-16 00:00:00,2026-03-18 00:00:00,3164.0,Duplicate Debit,merchant service was not delivered after payment.,Rejected,,Medium,Email,Matched,Matched,Matched,USR60242,MCH8140,Mismatch,Mismatch
CBK0000780,TXN00003784,USR91599,MCH2065,2026-03-28 17:20:00,,3118.57,Fraud,customer says transaction was not authorized.,In Progress,2026-04-12 23:20:37,High,Chatbot,Matched,Unmatched,Matched,USR44961,MCH3233,Mismatch,Mismatch
CBK0000261,TXN00003908,USR92765,MCH6368,2026-02-20 00:00:00,2026-02-26 00:00:00,6597.26,Unauthorized Transaction,customer says amount was debited twice.,In Progress,2026-03-06 00:00:00,Critical,IVR,Matched,Unmatched,Matched,USR94542,MCH7461,Mismatch,Mismatch
CBK0000831,TXN00013412,USR57382,MCH1320,,2026-01-21 00:00:00,90.88,Merchant Not Delivered,user says upi pin was not entered by them.,Rejected,2026-08-02 00:00:00,Low,Chatbot,Matched,Matched,Matched,USR60470,MCH8123,Mismatch,Mismatch
CBK0001025,TXN00015661,USR47242,MCH1664,2026-01-20 00:00:00,2026-01-23 11:54:20,1840.53,Duplicate Debit,user reports money deducted but merchant denies receiving payment.,Open,2026-02-06 00:00:00,High,Chatbot,Unmatched,Matched,Matched,USR66922,MCH5832,Mismatch,Mismatch
CBK0002512,,USR17699,MCH1556,2026-03-17 01:32:53,2026-03-17 00:00:00,,Merchant Not Delivered,payment made to unknown merchant as per cust statement.,Resolved,2026-04-14 06:32:00,High,Branch,Unmatched,Unmatched,Unmatched,,,Not Applicable,Not Applicable
CBK0000112,TXN00002800,USR33650,MCH4226,2026-01-02 00:00:00,2026-01-05 00:00:00,9291.46,Merchant Not Delivered,user claims account was compromised before transaction. urgent,Rejected,2026-01-15 09:02:47,Low,Email,Unmatched,Unmatched,Matched,USR74291,MCH1708,Mismatch,Mismatch
CBK0002603,TXN00009920,USR72778,MCH3738,2026-02-25 00:00:00,2026-03-07 00:00:00,1507.51,Fraud,customer complaint text unclear due to poor call center notes.,Pending Bank,2026-03-09 18:15:06,Low,IVR,Unmatched,Unmatched,Matched,USR12879,MCH3594,Mismatch,Mismatch
CBK0000516,TXN00018193,USR63557,MCH3988,2026-01-24 00:00:00,2026-01-27 00:00:00,1923.55,Merchant Not Delivered,customer says transaction was not authorized.,Rejected,2026-02-25 00:00:00,Low,App,Unmatched,Matched,Matched,USR62573,MCH5387,Mismatch,Mismatch
CBK0000005,TXN00018300,USR55340,MCH6657,2026-03-23 18:36:28,2026-07-05 00:00:00,3125.63,Fraud,customer complaint text unclear due to poor call center notes.,In Progress,2026-05-18 00:00:00,Low,Branch,Unmatched,Matched,Matched,USR50732,MCH6688,Mismatch,Mismatch
CBK0001054,TXN00003450,USR95613,MCH4039,2026-03-17 00:00:00,2026-03-19 19:19:00,4925.7,Merchant Not Delivered,payment made to unknown merchant as per customer statement. details missing,Pending Bank,,High,IVR,Unmatched,Unmatched,Matched,USR36099,MCH9366,Mismatch,Mismatch
CBK0001344,TXN00018359,USR13263,MCH6933,2026-03-20 00:00:00,,333.0,Duplicate Debit,customer says transaction was not authorized.,In Progress,2026-04-14 15:20:52,Low,Chatbot,Matched,Unmatched,Matched,USR24444,MCH2552,Mismatch,Mismatch
CBK0002380,TXN00007622,USR55947,MCH7385,2026-03-30 00:00:00,2026-02-04 00:00:00,475.05,Fraud,payment made to unknown merchant as per customer statement.,Open,,Medium,App,Unmatched,Unmatched,Matched,USR51254,MCH5542,Mismatch,Mismatch
CBK0000608,,USR89430,MCH6891,2026-03-03 00:00:00,2026-05-03 00:00:00,947.39,Merchant Not Delivered,customer complaint text unclear due to poor call center notes.,Rejected,,Low,App,Unmatched,Unmatched,Unmatched,,,Not Applicable,Not Applicable
CBK0001080,TXN00014582,USR75735,MCH7856,2026-03-29 00:00:00,2026-02-04 00:00:00,,Unauthorized Transaction,user claims account was compromised before transaction.,In Progress,2026-04-11 00:00:00,High,App,Unmatched,Matched,Matched,USR34858,MCH3809,Mismatch,Mismatch
CBK0000624,TXN00000969,USR81017,MCH1148,2026-03-19 07:40:40,2026-04-19 00:00:00,6622.0,Customer Dispute,customer says amount was debited twice.,In Progress,2026-05-07 00:00:00,Medium,Chatbot,Unmatched,Matched,Matched,USR74983,MCH8275,Mismatch,Mismatch
CBK0002760,TXN00016683,USR85320,MCH2780,2026-03-29 01:37:33,2026-03-31 00:00:00,8248.74,Customer Dispute,user claims account was compromised before transaction.,Closed,,Medium,Chatbot,Unmatched,Unmatched,Matched,USR38829,MCH2835,Mismatch,Mismatch
CBK0002387,TXN00004951,USR76131,MCH1332,2026-03-08 07:51:04,2026-03-09 21:51:00,2386.57,Unauthorized Transaction,customer says amount was debited twice.,In Progress,2026-03-11 00:00:00,High,Call Center,Matched,Unmatched,Matched,USR97614,MCH2989,Mismatch,Mismatch
CBK0000964,TXN00002933,USR15536,MCH3177,,2026-01-27 00:00:00,1870.77,Account Compromised,user says upi pin was not entered by them.,Resolved,2026-02-15 00:00:00,Medium,Branch,Matched,Matched,Matched,USR46169,MCH1389,Mismatch,Mismatch
CBK0000137,TXN00005904,USR86701,MCH6915,2026-03-31 22:33:00,2026-03-31 00:00:00,953.16,Incorrect Amount,user claims account was compromised before txn.,Open,,High,Chatbot,Unmatched,Unmatched,Matched,USR94157,MCH7090,Mismatch,Mismatch
CBK0000230,TXN00008604,USR33056,MCH2822,2026-02-21 03:47:49,2026-02-24 00:00:00,1527.8,Account Compromised,customer complaint text unclear due to poor call center notes.,Pending Bank,2026-03-16 00:00:00,High,Chatbot,Unmatched,Unmatched,Matched,USR70093,MCH4078,Mismatch,Mismatch
CBK0000451,TXN00007457,USR71070,MCH9291,2026-01-10 08:18:00,2026-02-09 13:18:00,838.9,Customer Dispute,customer says transaction was not authorized.,In Progress,2026-03-11 00:00:00,Medium,Chatbot,Matched,Matched,Matched,USR52102,MCH4434,Mismatch,Mismatch
CBK0002674,TXN00007519,USR53527,MCH8779,2026-03-03 00:00:00,2026-06-03 00:00:00,2490.54,Merchant Not Delivered,user claims account was compromised before transaction.,Rejected,2026-03-06 00:00:00,Low,IVR,Unmatched,Matched,Matched,USR59352,MCH2252,Mismatch,Mismatch
CBK0002748,TXN00006778,USR65191,MCH1320,2026-03-22 00:00:00,2026-02-04 00:00:00,1282.1,Merchant Not Delivered,complaint received after multiple failed attempts.,Resolved,2026-05-04 00:00:00,Medium,Chatbot,Unmatched,Matched,Matched,USR13149,MCH5625,Mismatch,Mismatch
CBK0002175,TXN00003542,USR95702,MCH6520,2026-03-18 00:00:00,2026-03-20 20:30:00,1085.0,Fraud,customer says transaction was not authorized.,Closed,2026-03-22 20:30:52,Low,Chatbot,Unmatched,Matched,Matched,USR44850,MCH7033,Mismatch,Mismatch
CBK0001676,TXN00013539,USR90288,MCH8203,2026-09-02 10:20:56,2026-02-24 00:00:00,1619.34,Merchant Not Delivered,complaint received after multiple failed attempts.,Rejected,,Medium,App,Matched,Matched,Matched,USR69970,MCH4340,Mismatch,Mismatch
CBK0000753,TXN00011998,USR26558,MCH3100,2026-01-24 05:54:36,2026-02-09 00:00:00,1184.71,Customer Dispute,merchant service was not delivered after payment.,Rejected,2026-02-17 03:54:36,Low,IVR,Unmatched,Unmatched,Matched,USR64914,MCH6555,Mismatch,Mismatch
CBK0000690,TXN00016173,USR76780,MCH1506,2026-03-20 00:00:00,,8263.92,Customer Dispute,user claims account was compromised before transaction.,Rejected,,Low,Chatbot,Unmatched,Matched,Matched,USR53075,MCH5518,Mismatch,Mismatch
CBK0001492,TXN00008497,USR96797,MCH9634,2026-02-18 00:00:00,2026-02-20 00:00:00,316.81,Duplicate Debit,merchant service was not delivered after payment.,Closed,,Low,App,Unmatched,Unmatched,Matched,USR74528,MCH2437,Mismatch,Mismatch
CBK0001022,TXN00016644,USR60881,MCH7777,2026-01-21 00:00:00,2026-01-26 00:00:00,898.0,Fraud,customer says amount was debited twice.,Resolved,2026-01-27 00:00:00,High,Chatbot,Unmatched,Unmatched,Matched,USR57092,MCH3557,Mismatch,Mismatch
CBK0000930,TXN00014399,USR39029,MCH4790,2026-03-04 14:44:00,2026-03-06 00:00:00,388.39,Merchant Not Delivered,customer says transaction was not authorized.,In Progress,2026-03-27 15:44:00,Medium,App,Matched,Matched,Matched,USR96715,MCH3142,Mismatch,Mismatch
CBK0002331,TXN00009831,USR80038,MCH3995,2026-08-01 00:00:00,2026-09-01 00:00:00,2727.04,Account Compromised,merchant service was not delivered after payment.,In Progress,2026-02-03 00:00:00,Medium,App,Unmatched,Unmatched,Matched,USR27790,MCH1015,Mismatch,Mismatch
CBK0002057,TXN00004888,USR31743,MCH9344,2026-03-31 00:00:00,2026-01-04 00:00:00,1625.15,Merchant Not Delivered,merchant service was not delivered after payment.,Pending Bank,2026-04-28 00:00:00,Critical,Call Center,Unmatched,Unmatched,Matched,USR17810,MCH6098,Mismatch,Mismatch
CBK0001465,TXN00004507,USR77990,MCH9291,2026-01-21 00:00:00,2026-01-21 00:00:00,2320.0,Merchant Not Delivered,merchant service was not delivered after payment.,Open,,Medium,Branch,Matched,Matched,Matched,USR68884,MCH2351,Mismatch,Mismatch
CBK0000658,TXN00005761,USR70617,MCH5954,2026-03-10 21:34:00,2026-03-18 06:34:15,3582.63,Merchant Not Delivered,user claims account was compromised before transaction.,Open,2026-03-18 06:34:15,Low,IVR,Matched,Matched,Matched,USR17179,MCH8146,Mismatch,Mismatch
CBK0000712,TXN00007650,USR28000,MCH5690,2026-03-23 00:00:00,2026-03-25 00:00:00,316.55,Merchant Not Delivered,user reports money deducted but merchant denies receiving payment.,Rejected,2026-06-04 00:03:10,High,Chatbot,Unmatched,Unmatched,Matched,USR54106,MCH8100,Mismatch,Mismatch
CBK0001067,TXN00000175,USR32382,MCH4962,2026-02-23 00:00:00,2026-10-03 00:00:00,1092.58,Incorrect Amount,merchant service was not delivered after payment.,Resolved,2026-07-04 00:00:00,High,IVR,Unmatched,Matched,Matched,USR34435,MCH2971,Mismatch,Mismatch
CBK0001242,TXN00014086,USR37902,MCH3159,2026-03-29 00:00:00,2026-01-04 00:00:00,3184.9,Duplicate Debit,complaint received after multiple failed attempts.,Rejected,2026-04-25 00:00:00,Medium,Email,Unmatched,Unmatched,Matched,USR71660,MCH1371,Mismatch,Mismatch
CBK0000156,TXN00018659,USR96218,MCH5609,2026-02-15 00:00:00,2026-02-21 00:00:00,4959.68,Duplicate Debit,payment made to unknown merchant as per customer statement. details missing,Resolved,2026-03-05 09:55:18,Critical,Branch,Matched,Unmatched,Matched,USR57638,MCH4188,Mismatch,Mismatch
CBK0002682,TXN00000762,USR34180,MCH9565,,2026-02-21 00:00:00,1083.4,Duplicate Debit,payment made to unknown merchant as per customer statement.,Resolved,,High,IVR,Unmatched,Matched,Matched,USR74431,MCH3815,Mismatch,Mismatch
CBK0001336,TXN00004804,USR40908,MCH2509,2026-06-01 06:55:18,2026-01-08 00:00:00,12097.84,Unauthorized Transaction,merchant service was not delivered after payment.,Closed,2026-01-14 01:55:18,High,Chatbot,Unmatched,Unmatched,Matched,USR63941,MCH5525,Mismatch,Mismatch
CBK0002092,TXN00011140,USR70317,MCH3807,2026-01-19 00:00:00,2026-01-19 00:00:00,1790.94,Merchant Not Delivered,user claims account was compromised before transaction.,Pending Bank,,Medium,App,Unmatched,Unmatched,Matched,USR97678,MCH4682,Mismatch,Mismatch
CBK0001282,TXN00032415,USR99611,MCH2266,2026-02-23 00:00:00,2026-02-24 00:00:00,23005.71,Merchant Not Delivered,user says upi pin was not entered by them.,Rejected,2026-03-07 00:00:00,Medium,Chatbot,Unmatched,Matched,Unmatched,,,Not Applicable,Not Applicable
CBK0000168,TXN00010651,USR97772,MCH4642,2026-01-19 00:00:00,2026-03-02 00:00:00,,Unauthorized Transaction,suspicious high-value payment disputed by customer.,Pending Bank,2026-03-03 13:11:35,High,Chatbot,Matched,Matched,Matched,USR49992,MCH6705,Mismatch,Mismatch
CBK0001926,TXN00019983,USR24168,MCH3909,2026-03-16 23:25:39,2026-04-01 00:00:00,8084.93,Duplicate Debit,user says upi pin was not entered by them.,Rejected,2026-05-01 00:00:00,High,Branch,Unmatched,Unmatched,Matched,USR89961,MCH2534,Mismatch,Mismatch
CBK0002727,TXN00004731,USR24341,MCH1965,2026-03-20 00:00:00,2026-03-21 00:00:00,1385.0,Account Compromised,customer says amount was debited twice.,Rejected,2026-03-25 00:00:00,High,Email,Unmatched,Matched,Matched,USR85675,MCH8249,Mismatch,Mismatch
CBK0000532,TXN00006252,USR15564,MCH6116,2026-01-21 15:31:58,2026-01-22 00:00:00,408.0,Incorrect Amount,merchant service was not delivered after payment.,In Progress,,High,Branch,Matched,Matched,Matched,USR99864,MCH8876,Mismatch,Mismatch
CBK0001089,TXN00006872,USR78604,MCH7810,2026-01-05 00:00:00,2026-01-21 00:00:00,,Merchant Not Delivered,payment made to unknown merchant as per customer statement.,In Progress,2026-01-21 00:00:00,Low,IVR,Unmatched,Matched,Matched,USR28430,MCH7606,Mismatch,Mismatch
CBK0000635,TXN00003242,USR34180,MCH2159,2026-03-22 00:00:00,,1561.56,Incorrect Amount,suspicious high-value payment disputed by customer.,Closed,,Low,Branch,Unmatched,Matched,Matched,USR63346,MCH8277,Mismatch,Mismatch
CBK0000650,TXN00004880,USR34311,MCH2209,2026-02-21 00:00:00,2026-02-23 00:00:00,512.66,Unauthorized Transaction,customer complaint text unclear due to poor call center notes.,Rejected,,Critical,Branch,Unmatched,Unmatched,Matched,USR67337,MCH9219,Mismatch,Mismatch
CBK0001889,TXN00013593,USR10480,MCH7251,2026-01-29 11:28:25,2026-01-02 00:00:00,792.99,Account Compromised,user reports money deducted but merchant denies receiving payment. pls check asap,Open,2026-02-01 00:28:00,Medium,IVR,Unmatched,Unmatched,Matched,USR96335,MCH2045,Mismatch,Mismatch
CBK0002662,TXN00001805,USR29306,MCH5624,2026-01-20 00:00:00,2026-01-21 00:00:00,692.55,Customer Dispute,suspicious high-value payment disputed by customer.,Rejected,2026-02-18 00:00:00,Medium,Chatbot,Unmatched,Unmatched,Matched,USR74814,MCH6888,Mismatch,Mismatch
CBK0000123,TXN00016267,USR85507,MCH6810,2026-02-05 00:00:00,2026-03-07 00:00:00,1756.0,Unauthorized Transaction,user claims account was compromised before transaction.,Resolved,,High,Branch,Unmatched,Unmatched,Matched,USR30438,MCH3232,Mismatch,Mismatch
CBK0000629,TXN00003543,USR61351,MCH4181,2026-01-15 11:05:00,2026-01-19 08:05:34,15742.98,Duplicate Debit,user claims account was compromised before transaction.,Resolved,2026-02-09 08:05:00,Low,Chatbot,Matched,Unmatched,Matched,USR86752,MCH8869,Mismatch,Mismatch
CBK0001701,TXN00006191,USR79175,MCH8752,2026-02-25 00:00:00,2026-02-26 19:14:05,426.17,Customer Dispute,customer says amount was debited twice. pls check asap,Pending Bank,2026-03-01 00:00:00,Low,Call Center,Unmatched,Unmatched,Matched,USR62645,MCH6738,Mismatch,Mismatch
CBK0001491,TXN00017193,USR16478,MCH4709,2026-03-31 00:00:00,2026-04-03 00:00:00,2406.17,Unauthorized Transaction,payment made to unknown merchant as per customer statement.,In Progress,2026-04-27 00:00:00,Medium,IVR,Unmatched,Matched,Matched,USR10569,MCH4362,Mismatch,Mismatch
CBK0002256,TXN00009782,USR19885,MCH8154,2026-03-17 00:00:00,2026-03-22 00:00:00,6347.69,Unauthorized Transaction,merchant service was not delivered after payment. na,In Progress,2026-04-21 00:00:00,High,IVR,Unmatched,Matched,Matched,USR27873,MCH5528,Mismatch,Mismatch
CBK0000187,TXN00008581,USR85112,MCH9415,2026-02-25 00:00:00,2026-02-28 07:16:11,562.07,Customer Dispute,payment made to unknown merchant as per customer statement.,In Progress,,Medium,IVR,Unmatched,Matched,Matched,USR67571,MCH7444,Mismatch,Mismatch
CBK0001359,TXN00003338,USR91595,MCH3957,2026-02-16 15:19:43,2026-02-18 08:19:43,8032.32,Account Compromised,payment made to unknown merchant as per customer statement.,In Progress,,Medium,IVR,Unmatched,Unmatched,Matched,USR14076,MCH3964,Mismatch,Mismatch
CBK0002132,TXN00011912,USR73010,MCH4590,,2026-03-29 00:00:00,2559.27,Unauthorized Transaction,user claims account was compromised before transaction.,Closed,2026-04-28 00:00:00,Low,Call Center,Unmatched,Unmatched,Matched,USR63947,MCH3637,Mismatch,Mismatch
CBK0001583,TXN00015176,USR41858,MCH3750,2026-03-19 00:00:00,,519.74,Fraud,customer says amount was debited twice.,In Progress,2026-04-03 11:07:00,Critical,Email,Matched,Unmatched,Matched,USR75621,MCH5704,Mismatch,Mismatch
CBK0001503,TXN00007523,USR30103,MCH7139,2026-02-14 10:06:00,2026-02-20 00:00:00,2702.06,Merchant Not Delivered,merchant service was not delivered after payment.,Resolved,2026-03-12 09:06:00,Medium,App,Unmatched,Unmatched,Matched,USR90801,MCH2376,Mismatch,Mismatch
CBK0000859,TXN00018489,USR33856,MCH5110,2026-10-02 23:21:44,2026-02-14 19:21:00,267.92,Fraud,user claims account was compromised before transaction. na,Resolved,,High,Email,Unmatched,Matched,Matched,USR45677,MCH8598,Mismatch,Mismatch
CBK0002080,TXN00006502,USR17290,MCH6230,2026-01-13 00:00:00,2026-01-16 00:00:00,1120.78,Incorrect Amount,suspicious high-value payment disputed by cust.,Open,,Critical,Chatbot,Unmatched,Unmatched,Matched,USR65795,MCH7737,Mismatch,Mismatch
CBK0002570,TXN00001810,USR35882,MCH8953,2026-02-04 00:00:00,2026-06-02 00:00:00,6930.0,Account Compromised,suspicious high-value payment disputed by cust.,Rejected,2026-03-04 00:00:00,Low,Call Center,Unmatched,Matched,Matched,USR67718,MCH5299,Mismatch,Mismatch
CBK0001989,TXN00003059,USR39665,MCH4473,2026-06-02 23:35:35,2026-02-08 00:00:00,3807.73,Service Failed,customer says amount was debited twice.,Resolved,2026-02-15 00:00:00,High,IVR,Matched,Unmatched,Matched,USR91630,MCH9399,Mismatch,Mismatch
CBK0000603,TXN00004425,USR95812,MCH6075,2026-02-27 02:24:00,2026-03-01 00:00:00,1305.0,Unauthorized Transaction,payment made to unknown merchant as per customer statement.,Resolved,2026-03-12 00:00:00,High,Chatbot,Unmatched,Matched,Matched,USR22218,MCH1540,Mismatch,Mismatch
CBK0000334,TXN00015310,USR19151,MCH8434,2026-03-07 11:51:47,2026-03-17 20:51:47,3904.6,Merchant Not Delivered,suspicious high-value payment disputed by customer.,In Progress,,Low,Chatbot,Unmatched,Unmatched,Matched,USR22883,MCH5362,Mismatch,Mismatch
CBK0001136,TXN00008134,USR44953,MCH2383,2026-02-05 00:00:00,2026-07-02 13:04:31,388.91,Fraud,user reports money deducted but merchant denies receiving payment.,Resolved,2026-02-13 00:00:00,Medium,Chatbot,Unmatched,Matched,Matched,USR56990,MCH3773,Mismatch,Mismatch
CBK0000404,TXN00007870,USR76645,MCH7161,2026-01-28 00:00:00,2026-02-05 18:07:51,1860.61,Duplicate Debit,user reports money deducted but merchant denies receiving payment.,In Progress,2026-02-17 18:07:00,High,Email,Matched,Unmatched,Matched,USR57399,MCH3223,Mismatch,Mismatch
CBK0002404,TXN00001110,USR78155,MCH9798,2026-12-03 00:00:00,2026-03-14 07:44:57,1498.49,Merchant Not Delivered,suspicious high-value payment disputed by customer.,Open,,High,App,Unmatched,Matched,Matched,USR79602,MCH6311,Mismatch,Mismatch
CBK0001323,TXN00006391,USR57255,MCH5076,2026-01-11 00:00:00,2026-01-12 00:11:00,9215.86,Fraud,user says upi pin was not entered by them.,Resolved,2026-01-15 00:00:00,Medium,IVR,Unmatched,Unmatched,Matched,USR65869,MCH3249,Mismatch,Mismatch
CBK0002176,,USR69196,MCH8627,,2026-01-14 00:00:00,1168.54,Service Failed,suspicious high-value payment disputed by cust.,Closed,2026-01-14 12:57:00,High,Email,Unmatched,Unmatched,Unmatched,,,Not Applicable,Not Applicable
CBK0001840,TXN00009647,USR97772,MCH5655,2026-02-07 00:00:00,2026-02-22 00:00:00,878.05,Duplicate Debit,customer says amount was debited twice.,Rejected,2026-02-26 00:00:00,High,Branch,Matched,Unmatched,Matched,USR58622,MCH3704,Mismatch,Mismatch
CBK0001888,TXN00004061,USR77659,MCH4909,2026-10-02 00:00:00,2026-03-12 18:31:00,2090.0,Customer Dispute,customer says transaction was not authorized.,Closed,2026-04-09 00:00:00,Low,IVR,Unmatched,Matched,Matched,USR12146,MCH2121,Mismatch,Mismatch
CBK0001647,TXN00094322,USR55487,MCH7879,2026-03-26 07:27:17,2026-03-29 00:00:00,2530.5,Merchant Not Delivered,customer says transaction was not authorized.,Rejected,2026-03-31 00:00:00,Medium,Email,Unmatched,Matched,Unmatched,,,Not Applicable,Not Applicable
CBK0002578,TXN00001675,USR84061,MCH6798,2026-03-31 00:00:00,2026-04-03 11:48:00,994.02,Service Failed,user reports money deducted but merchant denies receiving payment.,In Progress,,Medium,IVR,Unmatched,Unmatched,Matched,USR22920,MCH1744,Mismatch,Mismatch
CBK0001203,TXN00014456,USR61761,MCH8619,2026-02-20 00:00:00,2026-02-28 02:46:45,14382.17,Merchant Not Delivered,complaint received after multiple failed attempts.,In Progress,2026-05-03 00:00:00,Low,IVR,Matched,Matched,Matched,USR50579,MCH6621,Mismatch,Mismatch
CBK0000749,TXN00006304,USR30630,MCH3257,2026-01-09 00:00:00,2026-02-23 00:00:00,4194.32,Customer Dispute,suspicious high-value payment disputed by customer.,In Progress,,Critical,Chatbot,Unmatched,Unmatched,Matched,USR73347,MCH7853,Mismatch,Mismatch
CBK0001592,TXN00015183,USR24536,MCH2785,2026-07-02 00:00:00,2026-09-02 14:27:41,4195.81,Merchant Not Delivered,suspicious high-value payment disputed by customer.,Resolved,2026-02-27 00:00:00,Medium,Email,Unmatched,Unmatched,Matched,USR83810,MCH4194,Mismatch,Mismatch
CBK0002001,TXN00008475,USR51720,MCH2020,2026-03-03 13:24:10,2026-04-17 00:00:00,877.69,Customer Dispute,user says upi pin was not entered by them.,Closed,,Medium,Call Center,Unmatched,Matched,Matched,USR64746,MCH6927,Mismatch,Mismatch
CBK0002459,TXN00000155,USR35867,MCH6729,2026-08-03 00:00:00,2026-11-03 02:18:17,1535.06,Unauthorized Transaction,merchant service was not delivered after payment.,Pending Bank,2026-03-12 02:18:00,Medium,Chatbot,Unmatched,Matched,Matched,USR94673,MCH8824,Mismatch,Mismatch
CBK0000417,TXN00009167,USR29544,MCH8956,2026-08-01 00:00:00,2026-01-12 00:00:00,239.91,Duplicate Debit,customer complaint text unclear due to poor call center notes.,Open,,Low,Chatbot,Unmatched,Unmatched,Matched,USR44047,MCH1543,Mismatch,Mismatch
CBK0002102,TXN00013496,USR24429,MCH1159,2026-02-21 00:00:00,2026-02-23 03:39:00,3536.59,Merchant Not Delivered,customer says amount was debited twice.,Closed,2026-03-18 00:00:00,Low,IVR,Unmatched,Matched,Matched,USR44388,MCH7016,Mismatch,Mismatch
CBK0000348,TXN00003338,USR78803,MCH4683,2026-01-26 00:00:00,2026-01-29 01:18:00,,Merchant Not Delivered,customer complaint text unclear due to poor call center notes. urgent,Closed,2026-02-22 01:18:55,Medium,Chatbot,Unmatched,Unmatched,Matched,USR14076,MCH3964,Mismatch,Mismatch
CBK0002729,TXN00000967,USR30147,MCH6792,2026-01-22 00:00:00,2026-01-24 00:00:00,1780.33,Account Compromised,suspicious high-value payment disputed by customer.,Open,2026-02-15 00:00:00,Critical,Chatbot,Unmatched,Unmatched,Matched,USR76787,MCH8674,Mismatch,Mismatch
CBK0000196,TXN00005107,USR33769,MCH4914,2026-04-01 00:00:00,2026-12-01 05:57:59,1023.0,Merchant Not Delivered,user claims account was compromised before transaction.,Pending Bank,2026-01-23 00:00:00,Medium,Branch,Unmatched,Matched,Matched,USR18292,MCH3164,Mismatch,Mismatch
CBK0000173,TXN00013826,USR31453,MCH4581,2026-01-24 14:20:26,2026-01-28 04:20:00,1245.39,Customer Dispute,user says upi pin was not entered by them.,Closed,,Low,Branch,Unmatched,Matched,Matched,USR19658,MCH8883,Mismatch,Mismatch
CBK0000457,TXN00009823,USR84334,MCH7202,2026-01-27 16:44:22,2026-01-31 00:00:00,17825.75,Fraud,merchant service was not delivered after payment.,Closed,2026-02-22 03:44:22,Low,Call Center,Unmatched,Matched,Matched,USR16299,MCH3329,Mismatch,Mismatch
CBK0000398,TXN00005767,USR26707,MCH3494,2026-02-22 10:29:35,2026-02-24 00:00:00,3275.35,Fraud,merchant service was not delivered after payment.,Closed,,Low,Chatbot,Unmatched,Unmatched,Matched,USR30316,MCH2883,Mismatch,Mismatch
CBK0001164,TXN00001699,USR11287,MCH1963,2026-02-28 00:00:00,,1995.0,Merchant Not Delivered,user claims account was compromised before transaction.,Closed,,Low,IVR,Matched,Unmatched,Matched,USR38316,MCH8812,Mismatch,Mismatch
CBK0000207,TXN00007495,USR47962,MCH4241,2026-02-12 16:45:00,2026-02-13 00:00:00,1520.0,Fraud,complaint received after multiple failed attempts.,Open,,Low,Chatbot,Unmatched,Unmatched,Matched,USR81646,MCH3404,Mismatch,Mismatch
CBK0002710,TXN00004746,USR68670,MCH1335,2026-03-19 00:00:00,2026-03-22 00:00:00,579.06,Unauthorized Transaction,customer says transaction was not authorized.,Pending Bank,2026-03-26 00:00:00,High,Branch,Unmatched,Matched,Matched,USR16822,MCH1711,Mismatch,Mismatch
CBK0001751,TXN00008083,USR63649,MCH3815,2026-01-05 00:00:00,2026-01-11 00:00:00,2354.56,Customer Dispute,user says upi pin was not entered by them. pls check asap,Open,,High,App,Unmatched,Unmatched,Matched,USR82608,MCH1439,Mismatch,Mismatch
CBK0001150,TXN00007644,USR73279,MCH8154,2026-02-01 00:00:00,2026-02-04 00:00:00,1173.01,Incorrect Amount,suspicious high-value payment disputed by customer.,Pending Bank,2026-02-19 16:53:00,Medium,Call Center,Unmatched,Matched,Matched,USR63010,MCH2340,Mismatch,Mismatch
CBK0001021,TXN00019145,USR95181,MCH9291,2026-03-01 00:00:00,2026-04-16 00:00:00,10111.0,Duplicate Debit,user says upi pin was not entered by them. call dropped,Open,2026-10-05 00:00:00,Medium,Branch,Unmatched,Matched,Matched,USR88636,MCH2270,Mismatch,Mismatch
CBK0000932,TXN00003371,USR26201,MCH2614,,2026-03-26 00:00:00,737.83,Fraud,complaint received after multiple failed attempts.,Pending Bank,,Low,Call Center,Unmatched,Unmatched,Matched,USR14131,MCH2048,Mismatch,Mismatch
CBK0001699,TXN00018943,USR65069,MCH1007,2026-01-27 11:40:00,2026-01-24 11:40:43,2326.89,Merchant Not Delivered,payment made to unknown merchant as per customer statement.,Closed,,Low,App,Unmatched,Matched,Matched,USR83092,MCH4067,Mismatch,Mismatch
CBK0002373,TXN00018837,USR94106,MCH4774,2026-01-19 04:13:46,2026-01-18 04:13:00,1260.53,Incorrect Amount,user says upi pin was not entered by them.,Closed,2026-01-23 00:00:00,High,Chatbot,Matched,Matched,Matched,USR63265,MCH3855,Mismatch,Mismatch
CBK0001046,TXN00007145,USR24536,MCH5712,2026-02-02 00:00:00,2026-02-10 00:00:00,5884.78,Account Compromised,user says upi pin was not entered by them.,Open,2026-02-13 00:00:00,Low,Chatbot,Unmatched,Matched,Matched,USR97518,MCH9908,Mismatch,Mismatch
CBK0002267,TXN00006416,USR70102,MCH2266,2026-02-25 00:00:00,2026-03-01 00:00:00,4872.0,Merchant Not Delivered,user says upi pin was not entered by them.,Rejected,2026-03-13 05:44:47,Medium,Chatbot,Matched,Matched,Matched,USR89307,MCH9203,Mismatch,Mismatch
CBK0001191,TXN00010675,USR42733,MCH1665,2026-01-23 19:46:20,2026-01-27 10:46:20,268.44,Merchant Not Delivered,payment made to unknown merchant as per customer statement.,Pending Bank,2026-07-02 00:00:00,Medium,Email,Unmatched,Matched,Matched,USR55208,MCH1967,Mismatch,Mismatch
CBK0001431,TXN00007758,USR37892,MCH3288,2026-03-31 05:38:00,2026-04-03 00:00:00,1550.0,Unauthorized Transaction,customer complaint text unclear due to poor call center notes.,Rejected,,Low,Chatbot,Matched,Matched,Matched,USR83071,MCH2860,Mismatch,Mismatch
CBK0000890,TXN00081593,USR53996,MCH6810,2026-01-30 00:00:00,2026-02-01 01:35:11,5676.76,Unauthorized Transaction,customer complaint text unclear due to poor call center notes.,Rejected,2026-02-16 00:00:00,Medium,Chatbot,Unmatched,Unmatched,Unmatched,,,Not Applicable,Not Applicable
CBK0000670,TXN00016465,USR33934,MCH8836,2026-01-08 00:00:00,2026-01-11 14:41:00,1819.68,Customer Dispute,merchant service was not delivered after payment.,Closed,2026-02-08 00:00:00,High,IVR,Matched,Unmatched,Matched,USR10449,MCH2231,Mismatch,Mismatch
CBK0001602,TXN00000594,USR37916,MCH4233,2026-03-26 00:00:00,2026-03-31 16:51:28,2315.48,Merchant Not Delivered,customer complaint text unclear due to poor call center notes.,Pending Bank,2026-04-22 00:00:00,Medium,App,Unmatched,Matched,Matched,USR26186,MCH3606,Mismatch,Mismatch
CBK0000279,TXN00010238,USR46321,MCH7943,2026-02-23 00:00:00,2026-02-28 00:00:00,581.0,Customer Dispute,complaint received after multiple failed attempts.,Pending Bank,2026-03-19 13:37:00,Medium,Email,Matched,Matched,Matched,USR85221,MCH4089,Mismatch,Mismatch
CBK0001915,TXN00018105,USR32861,MCH3151,2026-03-24 21:23:09,2026-03-25 03:23:09,2703.6,Merchant Not Delivered,merchant service was not delivered after payment.,Resolved,2026-04-15 00:00:00,Low,IVR,Unmatched,Unmatched,Matched,USR50055,MCH1522,Mismatch,Mismatch
CBK0002444,TXN00009188,USR76636,MCH1089,2026-03-18 00:00:00,2026-03-21 00:00:00,542.9,Incorrect Amount,suspicious high-value payment disputed by customer.,Resolved,,Medium,Chatbot,Unmatched,Matched,Matched,USR70660,MCH5346,Mismatch,Mismatch
CBK0001274,TXN00004896,USR36343,MCH7286,2026-01-03 00:00:00,2026-04-01 15:56:05,1770.17,Customer Dispute,complaint received after multiple failed attempts. na,In Progress,2026-01-02 15:56:05,Low,Chatbot,Matched,Unmatched,Matched,USR28441,MCH7923,Mismatch,Mismatch
CBK0002397,TXN00012053,USR24199,MCH9610,2026-05-01 00:00:00,2026-01-13 16:15:15,1200.13,Unauthorized Transaction,complaint received after multiple failed attempts.,Resolved,2026-01-19 16:15:15,Critical,App,Matched,Unmatched,Matched,USR76930,MCH8292,Mismatch,Mismatch
CBK0000086,TXN00005603,USR63109,MCH4810,2026-02-22 19:09:31,,2652.0,Fraud,customer complaint text unclear due to poor call center notes.,In Progress,2026-03-22 11:09:31,Medium,App,Unmatched,Unmatched,Matched,USR58081,MCH2570,Mismatch,Mismatch
CBK0002277,TXN00018308,USR67602,MCH2667,2026-03-08 00:00:00,2026-03-11 15:45:04,5058.0,Merchant Not Delivered,user reports money deducted but merchant denies receiving payment.,In Progress,2026-03-17 15:45:04,High,Branch,Unmatched,Unmatched,Matched,USR26389,MCH3285,Mismatch,Mismatch
CBK0000252,TXN00019048,USR59747,MCH4772,2026-01-08 00:00:00,2026-01-14 00:00:00,1913.71,Duplicate Debit,user says upi pin was not entered by them.,Closed,,High,App,Unmatched,Unmatched,Matched,USR34225,MCH1041,Mismatch,Mismatch
CBK0001549,TXN00005488,USR93167,MCH5584,2026-01-30 17:57:10,2026-01-02 00:00:00,8967.32,Merchant Not Delivered,user says upi pin was not entered by them.,Resolved,2026-02-15 00:00:00,Medium,Branch,Matched,Unmatched,Matched,USR89489,MCH7549,Mismatch,Mismatch
CBK0001577,TXN00017992,USR54208,MCH5397,2026-03-11 11:07:00,2026-03-22 01:07:00,1697.0,Merchant Not Delivered,customer says transaction was not authorized.,Rejected,2026-03-26 01:07:00,Low,App,Unmatched,Unmatched,Matched,USR75336,MCH3548,Mismatch,Mismatch
CBK0000373,TXN00004759,USR20337,MCH7924,2026-03-15 00:00:00,2026-03-17 00:00:00,1027.78,Merchant Not Delivered,merchant service was not delivered after payment.,Resolved,2026-04-06 00:00:00,Low,Call Center,Unmatched,Unmatched,Matched,USR24010,MCH1738,Mismatch,Mismatch
CBK0002679,,USR57460,MCH6850,2026-02-27 00:00:00,2026-03-05 00:00:00,1271.0,Incorrect Amount,user says upi pin was not entered by them.,Rejected,,High,Chatbot,Matched,Unmatched,Unmatched,,,Not Applicable,Not Applicable
CBK0001318,TXN00018753,USR85507,MCH8154,2026-03-24 02:53:33,2026-03-27 11:53:00,12010.0,Duplicate Debit,customer says amount was debited twice.,In Progress,2026-04-17 00:00:00,Low,IVR,Unmatched,Matched,Matched,USR31976,MCH3078,Mismatch,Mismatch
CBK0001208,TXN00012998,USR22898,MCH2079,2026-11-01 00:00:00,2026-01-13 00:00:00,1570.15,Account Compromised,customer says amount was debited twice.,Rejected,2026-02-08 00:00:00,High,Branch,Unmatched,Unmatched,Matched,USR93586,MCH8336,Mismatch,Mismatch
CBK0001350,TXN00011858,USR37820,MCH2269,2026-09-02 00:00:00,2026-11-02 00:00:00,2135.97,Unauthorized Transaction,user says upi pin was not entered by them.,Rejected,2026-02-25 21:28:08,Low,Branch,Unmatched,Matched,Matched,USR63885,MCH2942,Mismatch,Mismatch
CBK0001845,TXN00012951,USR39002,MCH4473,2026-03-04 14:44:00,2026-03-12 00:00:00,2826.0,Customer Dispute,user reports money deducted but merchant denies receiving payment.,Resolved,2026-05-04 00:00:00,Low,Email,Matched,Unmatched,Matched,USR23485,MCH5278,Mismatch,Mismatch
CBK0002193,TXN00017969,USR83235,MCH2137,2026-03-29 15:46:42,2026-04-09 00:00:00,2501.0,Fraud,suspicious high-value payment disputed by customer.,Open,,Medium,App,Unmatched,Matched,Matched,USR84923,MCH1302,Mismatch,Mismatch
CBK0000773,TXN00045816,USR87981,MCH5252,2026-01-05 00:00:00,2026-09-01 00:00:00,2928.28,Account Compromised,complaint received after multiple failed attempts.,Closed,2026-01-16 00:00:00,High,App,Unmatched,Unmatched,Unmatched,,,Not Applicable,Not Applicable
CBK0002632,TXN00019581,USR34162,MCH8433,2026-03-25 10:24:30,2026-03-30 00:00:00,1017.95,Service Failed,payment made to unknown merchant as per customer statement.,Resolved,,Low,Call Center,Unmatched,Matched,Matched,USR92745,MCH1808,Mismatch,Mismatch
CBK0000242,,USR53192,MCH9729,2026-02-13 09:46:00,2026-02-16 08:46:14,1995.28,Duplicate Debit,merchant service was not delivered after payment.,Resolved,2026-03-04 00:00:00,Medium,App,Unmatched,Matched,Unmatched,,,Not Applicable,Not Applicable
CBK0001747,TXN00019644,USR88037,MCH1186,2026-04-02 00:00:00,2026-03-02 00:00:00,1335.62,Merchant Not Delivered,complaint received after multiple failed attempts.,Open,2026-02-26 00:00:00,Low,Call Center,Matched,Unmatched,Matched,USR29301,MCH9294,Mismatch,Mismatch
CBK0001423,TXN00013720,USR97580,MCH8999,2026-01-15 00:00:00,,4933.23,Fraud,complaint received after multiple failed attempts.,Pending Bank,2026-02-02 00:00:00,Low,Branch,Matched,Matched,Matched,USR44676,MCH4510,Mismatch,Mismatch
CBK0000968,TXN00014316,USR84719,MCH9295,2026-12-03 14:49:08,2026-03-16 06:49:08,1017.0,Merchant Not Delivered,suspicious high-value payment disputed by customer.,Open,2026-03-17 00:00:00,Low,Email,Matched,Unmatched,Matched,USR19656,MCH2337,Mismatch,Mismatch
CBK0001372,TXN00001655,USR64263,MCH2054,2026-03-28 13:08:53,2026-04-07 00:00:00,2589.0,Unauthorized Transaction,customer complaint text unclear due to poor call center notes.,Closed,2026-04-16 00:00:00,Critical,Email,Unmatched,Unmatched,Matched,USR39017,MCH7349,Mismatch,Mismatch
CBK0000157,TXN00016322,USR89473,MCH2014,2026-02-26 00:00:00,2026-02-28 00:37:00,1512.0,Merchant Not Delivered,user reports money deducted but merchant denies receiving payment.,Resolved,2026-03-04 00:00:00,Low,Branch,Unmatched,Matched,Matched,USR89635,MCH2923,Mismatch,Mismatch
CBK0000605,TXN00000166,USR94647,MCH7247,2026-03-17 13:12:37,2026-03-22 00:00:00,913.38,Account Compromised,user claims account was compromised before transaction.,Resolved,2026-03-28 00:00:00,High,App,Unmatched,Unmatched,Matched,USR43844,MCH2425,Mismatch,Mismatch
CBK0001856,TXN00050572,USR56512,MCH3100,2026-01-23 00:00:00,2026-03-02 00:00:00,,Duplicate Debit,complaint received after multiple failed attempts.,In Progress,2026-03-02 12:12:00,Critical,App,Unmatched,Unmatched,Unmatched,,,Not Applicable,Not Applicable
CBK0002401,TXN00013900,USR24536,MCH1762,2026-01-23 04:34:00,2026-01-25 00:00:00,1310.19,Duplicate Debit,merchant service was not delivered after payment.,In Progress,,Medium,Chatbot,Unmatched,Unmatched,Matched,USR79190,MCH1970,Mismatch,Mismatch
CBK0002446,TXN00018937,USR49318,MCH5980,2026-01-03 00:00:00,2026-01-14 00:00:00,1097.4,Merchant Not Delivered,user says upi pin was not entered by them.,Closed,2026-01-23 06:00:00,Critical,Email,Matched,Matched,Matched,USR67402,MCH8810,Mismatch,Mismatch
CBK0002667,TXN00016456,USR42556,MCH5029,2026-03-24 06:26:03,2026-03-26 00:00:00,3977.66,Incorrect Amount,suspicious high-value payment disputed by customer.,Pending Bank,2026-09-04 00:00:00,Low,Chatbot,Matched,Unmatched,Matched,USR94971,MCH5200,Mismatch,Mismatch
CBK0002260,TXN00019490,USR34757,MCH1806,2026-01-04 16:21:04,2026-01-20 00:00:00,1314.21,Fraud,complaint received after multiple failed attempts.,Rejected,2026-01-28 00:00:00,Critical,IVR,Unmatched,Matched,Matched,USR90511,MCH4612,Mismatch,Mismatch
CBK0000002,TXN00016351,USR35605,MCH8953,2026-03-24 13:14:10,2026-03-31 15:14:10,2366.0,Unauthorized Transaction,complaint received after multiple failed attempts.,Closed,2026-04-09 15:14:00,High,IVR,Unmatched,Matched,Matched,USR94071,MCH6336,Mismatch,Mismatch
CBK0001497,TXN00005059,USR56554,MCH6349,2026-02-06 00:00:00,2026-08-02 20:39:40,1316.81,Merchant Not Delivered,customer says amount was debited twice.,Resolved,2026-03-09 20:39:00,High,App,Matched,Unmatched,Matched,USR53351,MCH9116,Mismatch,Mismatch
CBK0000017,TXN00006427,USR30994,MCH6488,2026-01-30 00:00:00,,3608.0,Account Compromised,customer says transaction was not authorized.,Pending Bank,2026-02-20 00:00:00,Medium,Chatbot,Unmatched,Matched,Matched,USR55654,MCH4349,Mismatch,Mismatch
CBK0001986,TXN00005203,USR88037,MCH4181,2026-02-27 00:00:00,2026-02-28 00:00:00,2184.85,Merchant Not Delivered,merchant service was not delivered after payment.,In Progress,2026-03-18 00:00:00,Low,Chatbot,Matched,Unmatched,Matched,USR66062,MCH8130,Mismatch,Mismatch
CBK0000926,TXN00019409,USR27947,MCH3416,2026-02-18 00:00:00,2026-02-19 00:00:00,756.59,Duplicate Debit,customer says transaction was not authorized.,In Progress,,Medium,Branch,Matched,Matched,Matched,USR81994,MCH4100,Mismatch,Mismatch
CBK0001679,TXN00007437,USR11987,MCH2576,2026-03-25 00:00:00,2026-03-27 17:04:00,1171.85,Account Compromised,customer says transaction was not authorized.,Rejected,2026-04-21 00:00:00,Medium,IVR,Matched,Matched,Matched,USR86873,MCH1388,Mismatch,Mismatch
CBK0002765,TXN00004590,USR58546,MCH8779,2026-01-28 23:01:00,2026-02-05 00:00:00,799.39,Account Compromised,suspicious high-value payment disputed by customer.,Pending Bank,,High,Email,Unmatched,Matched,Matched,USR90526,MCH9097,Mismatch,Mismatch
CBK0001436,TXN00011255,USR91425,MCH9243,2026-05-03 00:00:00,2026-07-03 09:19:03,3679.43,Incorrect Amount,suspicious high-value payment disputed by customer.,In Progress,2026-03-30 09:19:03,Medium,Chatbot,Matched,Unmatched,Matched,USR95217,MCH9572,Mismatch,Mismatch
CBK0000994,TXN00004395,USR71348,MCH2469,2026-03-30 00:00:00,2026-01-04 00:00:00,9572.0,Customer Dispute,customer complaint text unclear due to poor call center notes.,In Progress,,Medium,Call Center,Unmatched,Unmatched,Matched,USR96007,MCH8319,Mismatch,Mismatch
CBK0000734,TXN00006117,USR95049,MCH5383,2026-03-27 00:00:00,2026-03-28 00:00:00,3964.0,Merchant Not Delivered,customer complaint text unclear due to poor call center notes.,Resolved,2026-04-14 03:25:05,High,IVR,Unmatched,Matched,Matched,USR80657,MCH3030,Mismatch,Mismatch
CBK0001683,TXN00009432,USR85334,MCH3739,2026-02-19 00:00:00,2026-03-07 12:06:00,5973.59,Customer Dispute,customer says transaction was not authorized.,In Progress,2026-05-04 12:06:35,High,Email,Unmatched,Matched,Matched,USR72066,MCH4115,Mismatch,Mismatch
CBK0001407,TXN00033964,USR59562,MCH1241,2026-03-24 00:00:00,2026-03-25 00:00:00,4254.9,Account Compromised,user claims account was compromised before transaction.,Rejected,2026-04-21 23:40:30,High,Chatbot,Matched,Unmatched,Unmatched,,,Not Applicable,Not Applicable
CBK0002320,TXN00000822,USR51203,MCH5846,2026-02-07 21:10:00,2026-10-02 00:00:00,966.31,Customer Dispute,user says upi pin was not entered by them.,Pending Bank,2026-02-12 20:10:00,Low,Chatbot,Unmatched,Unmatched,Matched,USR75679,MCH9076,Mismatch,Mismatch
CBK0000360,TXN00017688,USR19141,MCH3815,2026-08-02 00:00:00,2026-02-11 00:00:00,433.23,Account Compromised,customer complaint text unclear due to poor call center notes. details missing,Resolved,2026-03-03 12:52:41,Medium,App,Unmatched,Unmatched,Matched,USR62513,MCH7986,Mismatch,Mismatch
CBK0000559,TXN00010792,USR19290,MCH4895,2026-02-09 03:28:00,2026-02-17 00:00:00,923.46,Fraud,user says upi pin was not entered by them.,In Progress,2026-12-03 00:00:00,Low,Chatbot,Unmatched,Unmatched,Matched,USR10800,MCH6190,Mismatch,Mismatch
CBK0001627,TXN00003467,USR98075,MCH7306,2026-02-26 00:00:00,2026-02-28 03:10:00,1472.83,Duplicate Debit,payment made to unknown merchant as per customer statement.,Rejected,2026-03-27 03:10:55,Medium,Email,Matched,Matched,Matched,USR39980,MCH3285,Mismatch,Mismatch
CBK0000602,TXN00015729,USR61700,MCH5980,2026-01-23 05:08:36,2026-02-02 00:00:00,5873.9,Duplicate Debit,complaint received after multiple failed attempts.,Rejected,,High,Chatbot,Matched,Matched,Matched,USR59541,MCH1329,Mismatch,Mismatch
CBK0002325,TXN00013806,USR41923,MCH2214,2026-02-16 05:48:00,2026-02-14 00:00:00,6623.0,Customer Dispute,merchant service was not delivered after payment.,In Progress,2026-03-04 00:00:00,Low,IVR,Matched,Matched,Matched,USR77865,MCH9139,Mismatch,Mismatch
CBK0001967,TXN00004164,USR14349,MCH4226,2026-01-22 12:01:00,2026-02-22 00:00:00,3142.0,Unauthorized Transaction,merchant service was not delivered after payment.,Open,2026-02-26 00:00:00,Medium,Call Center,Matched,Unmatched,Matched,USR35383,MCH6418,Mismatch,Mismatch
CBK0001837,TXN00011621,USR98433,MCH5655,2026-02-22 00:00:00,2026-02-24 20:31:03,,Merchant Not Delivered,user claims account was compromised before txn.,Rejected,2026-03-04 00:00:00,Medium,Branch,Unmatched,Unmatched,Matched,USR65137,MCH7697,Mismatch,Mismatch
CBK0001082,TXN00019971,USR97244,MCH7766,2026-03-04 09:53:00,2026-03-07 03:53:00,8720.88,Unauthorized Transaction,customer complaint text unclear due to poor call center notes.,Closed,2026-01-04 03:53:01,Low,Branch,Unmatched,Unmatched,Matched,USR45039,MCH9269,Mismatch,Mismatch
CBK0000798,TXN00031469,USR47192,MCH2266,2026-01-01 00:00:00,2026-03-01 00:40:11,2300.99,Fraud,merchant service was not delivered after payment.,Open,2026-02-02 00:00:00,Critical,Call Center,Unmatched,Matched,Unmatched,,,Not Applicable,Not Applicable
CBK0000986,TXN00011647,USR82322,MCH8172,2026-03-01 08:39:07,2026-05-01 00:39:07,8725.14,Customer Dispute,merchant service was not delivered after payment.,Pending Bank,2026-01-22 00:00:00,High,IVR,Unmatched,Unmatched,Matched,USR60104,MCH3839,Mismatch,Mismatch
CBK0000966,TXN00008529,USR53527,MCH6984,2026-01-22 01:41:00,2026-01-23 15:41:54,3107.14,Duplicate Debit,user claims account was compromised before transaction.,In Progress,,High,Chatbot,Unmatched,Matched,Matched,USR55640,MCH7433,Mismatch,Mismatch
CBK0000058,TXN00007401,USR21162,MCH8369,2026-02-03 00:00:00,,2284.5,Merchant Not Delivered,suspicious high-value payment disputed by customer.,Resolved,,High,App,Unmatched,Matched,Matched,USR46073,MCH6010,Mismatch,Mismatch
CBK0000849,TXN00010509,USR32787,MCH1253,,2026-02-18 00:00:00,1585.54,Service Failed,user claims account was compromised before transaction.,In Progress,2026-03-13 09:31:00,High,IVR,Matched,Unmatched,Matched,USR58318,MCH9112,Mismatch,Mismatch
CBK0000979,TXN00015234,USR81644,MCH9875,2026-02-07 00:00:00,2026-10-02 00:00:00,10354.45,Merchant Not Delivered,customer complaint text unclear due to poor call center notes.,Pending Bank,2026-02-21 01:07:52,High,Chatbot,Unmatched,Unmatched,Matched,USR51151,MCH7218,Mismatch,Mismatch
CBK0001801,TXN00010702,USR66200,MCH2822,2026-03-11 00:00:00,2026-03-15 00:00:00,3717.71,Merchant Not Delivered,customer says amount was debited twice.,Closed,2026-03-27 08:07:00,Low,Email,Unmatched,Unmatched,Matched,USR75883,MCH6302,Mismatch,Mismatch
CBK0002075,TXN00015779,USR39080,MCH3355,2026-02-16 00:00:00,2026-02-23 00:00:00,1866.0,Customer Dispute,user claims account was compromised before transaction.,In Progress,,High,IVR,Unmatched,Unmatched,Matched,USR37017,MCH4560,Mismatch,Mismatch
CBK0001774,TXN00001371,USR61715,MCH1759,2026-01-23 19:30:54,2026-01-24 00:00:00,1844.6,Unauthorized Transaction,customer says transaction was not authorized.,Rejected,2026-02-08 00:00:00,Low,App,Unmatched,Unmatched,Matched,USR72349,MCH3722,Mismatch,Mismatch
CBK0001800,,USR60863,MCH2534,2026-02-26 00:00:00,2026-02-28 00:00:00,3882.6,Account Compromised,complaint received after multiple failed attempts.,Open,,Medium,IVR,Unmatched,Matched,Unmatched,,,Not Applicable,Not Applicable
CBK0001759,TXN00006922,USR60939,MCH1721,2026-02-07 00:00:00,2026-02-13 00:00:00,1390.01,Account Compromised,payment made to unknown merchant as per customer statement.,In Progress,2026-02-14 00:00:00,Medium,IVR,Unmatched,Matched,Matched,USR30469,MCH3587,Mismatch,Mismatch
CBK0000898,TXN00012927,USR52234,MCH5076,2026-11-03 00:00:00,2026-03-22 00:00:00,10469.4,Unauthorized Transaction,payment made to unknown merchant as per customer statement. call dropped,Rejected,2026-04-10 06:37:00,Medium,Chatbot,Unmatched,Unmatched,Matched,USR86802,MCH2204,Mismatch,Mismatch
CBK0001925,TXN00006637,USR74775,MCH7644,2026-03-16 00:00:00,2026-03-27 00:00:00,4001.0,Merchant Not Delivered,customer complaint text unclear due to poor call center notes.,In Progress,2026-03-04 10:29:43,Low,Call Center,Unmatched,Matched,Matched,USR32438,MCH8222,Mismatch,Mismatch
CBK0000829,TXN00017462,USR94805,MCH5980,2026-03-18 00:00:00,2026-05-03 00:00:00,,Service Failed,merchant service was not delivered after payment.,Resolved,2026-05-29 09:24:00,Low,Chatbot,Matched,Matched,Matched,USR71853,MCH3568,Mismatch,Mismatch
CBK0001166,TXN00043861,USR73010,MCH8793,2026-01-27 00:00:00,2026-03-02 21:00:29,422.31,Incorrect Amount,payment made to unknown merchant as per cust statement.,Open,2026-02-20 00:00:00,High,IVR,Unmatched,Unmatched,Unmatched,,,Not Applicable,Not Applicable
CBK0000716,TXN00013326,USR62901,MCH1320,2026-01-04 00:00:00,,2161.57,Duplicate Debit,suspicious high-value payment disputed by customer. na,In Progress,,Medium,Call Center,Unmatched,Matched,Matched,USR54420,MCH4394,Mismatch,Mismatch
CBK0000541,TXN00009994,USR78285,MCH7286,,2026-01-22 00:00:00,477.68,Incorrect Amount,user claims account was compromised before transaction.,Open,2026-01-31 21:57:00,Medium,App,Unmatched,Unmatched,Matched,USR64253,MCH8823,Mismatch,Mismatch
CBK0001138,TXN00003160,USR93126,MCH7265,2026-02-24 06:39:10,2026-02-26 13:39:10,1452.71,Merchant Not Delivered,customer complaint text unclear due to poor call center notes.,In Progress,2026-03-28 13:39:00,Critical,Branch,Unmatched,Unmatched,Matched,USR14586,MCH6701,Mismatch,Mismatch
CBK0001040,TXN00011260,USR65545,MCH7882,2026-01-21 00:00:00,,292.66,Unauthorized Transaction,user claims account was compromised before transaction.,Rejected,,Medium,Branch,Matched,Unmatched,Matched,USR42685,MCH5286,Mismatch,Mismatch
CBK0002668,,USR19568,MCH9291,2026-01-25 05:32:00,,4776.3,Account Compromised,customer says amount was debited twice.,Rejected,2026-02-16 06:32:00,Low,Chatbot,Matched,Matched,Unmatched,,,Not Applicable,Not Applicable
CBK0001991,TXN00002169,USR33650,MCH7326,2026-01-21 18:37:36,2026-01-25 00:00:00,,Merchant Not Delivered,complaint received after multiple failed attempts.,In Progress,2026-02-07 17:37:00,Low,Email,Unmatched,Matched,Matched,USR95634,MCH7473,Mismatch,Mismatch
CBK0000163,TXN00000976,USR35447,MCH1441,2026-02-17 00:00:00,2026-02-19 10:18:00,1181.91,Customer Dispute,suspicious high-value payment disputed by customer.,Rejected,2026-02-23 00:00:00,Medium,IVR,Matched,Matched,Matched,USR22395,MCH3018,Mismatch,Mismatch
CBK0002278,TXN00014410,USR51041,MCH5836,2026-03-14 00:00:00,2026-03-16 13:41:38,2302.66,Merchant Not Delivered,customer says amount was debited twice.,Pending Bank,2026-04-13 13:41:38,Medium,Branch,Matched,Unmatched,Matched,USR89295,MCH7985,Mismatch,Mismatch
CBK0002205,TXN00013472,USR21566,MCH5972,2026-03-19 00:00:00,2026-03-21 20:47:00,4341.0,Duplicate Debit,customer says transaction was not authorized.,Open,2026-09-04 20:47:43,Low,IVR,Unmatched,Matched,Matched,USR64356,MCH3458,Mismatch,Mismatch
CBK0001275,TXN00014522,USR11090,MCH8336,,,1098.78,Fraud,user reports money deducted but merchant denies receiving payment.,Open,,Low,IVR,Unmatched,Unmatched,Matched,USR86483,MCH7020,Mismatch,Mismatch
CBK0002407,TXN00017251,USR56287,MCH8300,2026-03-02 00:00:00,2026-06-02 17:58:56,6191.71,Customer Dispute,payment made to unknown merchant as per customer statement.,Closed,2026-02-10 00:00:00,Medium,App,Unmatched,Unmatched,Matched,USR22265,MCH1559,Mismatch,Mismatch
CBK0000124,TXN00006207,USR61576,MCH7286,2026-12-02 00:00:00,2026-02-28 00:00:00,5731.89,Merchant Not Delivered,payment made to unknown merchant as per customer statement.,Pending Bank,2026-03-15 00:00:00,Low,Branch,Unmatched,Unmatched,Matched,USR92289,MCH5670,Mismatch,Mismatch
CBK0000391,TXN00017871,USR51854,MCH2822,2026-02-28 00:00:00,2026-03-01 00:00:00,5375.87,Account Compromised,user claims account was compromised before transaction.,In Progress,2026-03-15 00:00:00,High,Chatbot,Unmatched,Unmatched,Matched,USR84134,MCH7932,Mismatch,Mismatch
CBK0000856,TXN00000917,USR40538,MCH8624,2026-03-16 00:00:00,2026-04-16 00:00:00,2601.86,Incorrect Amount,user says upi pin was not entered by them.,Pending Bank,,Low,App,Unmatched,Matched,Matched,USR23090,MCH6752,Mismatch,Mismatch
CBK0002377,TXN00019402,USR94040,MCH1653,2026-01-11 00:00:00,2026-01-19 13:52:07,,Customer Dispute,payment made to unknown merchant as per customer statement. pls check asap,Pending Bank,2026-01-23 00:00:00,Medium,Branch,Matched,Matched,Matched,USR38932,MCH8509,Mismatch,Mismatch
CBK0000410,TXN00007326,USR30157,MCH1136,,,185.0,Customer Dispute,user claims account was compromised before txn.,Open,2026-03-17 15:14:18,Medium,Chatbot,Unmatched,Matched,Matched,USR97108,MCH3668,Mismatch,Mismatch
CBK0001988,TXN00011416,USR93299,MCH5968,2026-02-02 00:00:00,2026-03-05 00:00:00,648.02,Merchant Not Delivered,user reports money deducted but merchant denies receiving payment.,Rejected,2026-03-20 02:07:56,High,App,Unmatched,Matched,Matched,USR32332,MCH6004,Mismatch,Mismatch
CBK0001939,TXN00006912,USR22979,MCH8217,,,1089.06,Merchant Not Delivered,payment made to unknown merchant as per customer statement.,Resolved,2026-05-03 00:00:00,Low,Chatbot,Unmatched,Unmatched,Matched,USR52813,MCH5057,Mismatch,Mismatch
CBK0002735,TXN00012810,USR90720,MCH4590,2026-02-22 05:46:00,2026-02-24 00:00:00,,Account Compromised,customer says transaction was not authorized.,Closed,2026-03-17 00:00:00,Medium,Chatbot,Unmatched,Unmatched,Matched,USR16089,MCH3478,Mismatch,Mismatch
CBK0000084,TXN00012123,USR60939,MCH1438,2026-02-06 00:00:00,2026-02-08 00:00:00,4232.74,Unauthorized Transaction,complaint received after multiple failed attempts.,Closed,2026-02-14 02:34:26,Medium,Branch,Unmatched,Matched,Matched,USR42647,MCH9376,Mismatch,Mismatch
CBK0001830,TXN00015594,USR19921,MCH6395,2026-03-12 00:00:00,2026-03-16 00:00:00,4964.2,Duplicate Debit,customer says amount was debited twice.,Closed,2026-04-02 00:00:00,Critical,Chatbot,Matched,Unmatched,Matched,USR83115,MCH8510,Mismatch,Mismatch
CBK0001367,TXN00014165,USR19110,MCH1811,2026-06-03 00:00:00,2026-03-08 00:00:00,,Fraud,user claims account was compromised before transaction.,Open,2026-03-28 00:00:00,Medium,Chatbot,Unmatched,Matched,Matched,USR60150,MCH9773,Mismatch,Mismatch
CBK0001999,TXN00013752,USR25196,MCH3129,2026-03-02 00:00:00,2026-03-12 00:00:00,1283.33,Merchant Not Delivered,customer says amount was debited twice.,Pending Bank,2026-04-03 00:00:00,High,IVR,Matched,Matched,Matched,USR86751,MCH3816,Mismatch,Mismatch
CBK0000656,TXN00015006,USR77915,MCH7174,2026-02-16 00:00:00,2026-02-23 00:00:00,3732.8,Merchant Not Delivered,user claims account was compromised before transaction.,Open,,Medium,IVR,Unmatched,Unmatched,Matched,USR15927,MCH7381,Mismatch,Mismatch
CBK0000525,TXN00013646,USR86166,MCH9676,2026-03-17 01:18:47,2026-03-16 00:00:00,5986.31,Service Failed,user says upi pin was not entered by them.,In Progress,2026-03-17 00:00:00,Low,Chatbot,Unmatched,Unmatched,Matched,USR36684,MCH3406,Mismatch,Mismatch
CBK0001024,TXN00012992,USR34053,MCH5076,2026-02-16 00:00:00,2026-02-04 00:00:00,1617.78,Unauthorized Transaction,user reports money deducted but merchant denies receiving payment.,In Progress,2026-04-07 15:17:00,Low,Branch,Unmatched,Unmatched,Matched,USR16470,MCH5550,Mismatch,Mismatch
CBK0002067,TXN00011970,USR59147,MCH5954,2026-02-17 00:00:00,2026-02-19 00:00:00,164.3,Merchant Not Delivered,customer says amount was debited twice.,Resolved,,Medium,Email,Matched,Matched,Matched,USR26666,MCH2391,Mismatch,Mismatch
CBK0001634,TXN00016754,USR77208,MCH6810,,2026-02-19 12:19:39,2563.38,Unauthorized Transaction,customer says transaction was not authorized.,Closed,2026-03-17 00:00:00,Low,Chatbot,Unmatched,Unmatched,Matched,USR28926,MCH7411,Mismatch,Mismatch
CBK0001993,TXN00017510,USR45520,MCH5954,2026-03-24 16:04:37,2026-04-04 08:04:37,788.58,Fraud,customer says transaction was not authorized.,Closed,2026-04-16 08:04:37,High,IVR,Unmatched,Matched,Matched,USR68593,MCH6584,Mismatch,Mismatch
CBK0001032,TXN00015474,USR75327,MCH6425,2026-01-02 00:00:00,2026-01-05 00:00:00,879.08,Merchant Not Delivered,customer complaint text unclear due to poor call center notes.,Resolved,,Medium,Chatbot,Unmatched,Matched,Matched,USR30993,MCH9466,Mismatch,Mismatch
CBK0001551,TXN00014584,USR72106,MCH5954,2026-01-17 00:00:00,,25463.16,Unauthorized Transaction,user reports money deducted but merchant denies receiving payment.,Resolved,,Medium,Branch,Matched,Matched,Matched,USR89128,MCH8146,Mismatch,Mismatch
CBK0002236,TXN00017102,USR93581,MCH7162,2026-03-12 00:00:00,2026-03-17 12:49:37,193.64,Fraud,customer says amount was debited twice.,Resolved,2026-03-27 00:00:00,Medium,IVR,Unmatched,Matched,Matched,USR24399,MCH5085,Mismatch,Mismatch
CBK0000509,TXN00004836,USR34955,MCH5954,2026-01-09 09:38:00,,3723.0,Incorrect Amount,customer says transaction was not authorized.,In Progress,2026-01-30 03:38:00,Low,IVR,Unmatched,Matched,Matched,USR99662,MCH7571,Mismatch,Mismatch
CBK0002785,TXN00013530,USR57016,MCH8577,2026-02-21 09:05:58,2026-02-26 00:00:00,1866.63,Incorrect Amount,merchant service was not delivered after payment.,Open,2026-04-03 19:05:58,Critical,Call Center,Unmatched,Unmatched,Matched,USR25728,MCH5796,Mismatch,Mismatch
CBK0000823,TXN00002624,USR25108,MCH8679,2026-12-03 00:00:00,2026-03-15 00:00:00,1274.21,Fraud,user reports money deducted but merchant denies receiving payment.,Closed,2026-03-30 00:00:00,Medium,Email,Unmatched,Matched,Matched,USR25987,MCH6340,Mismatch,Mismatch
CBK0001010,TXN00006755,USR73752,MCH7461,2026-03-14 00:00:00,2026-03-17 00:00:00,627.47,Account Compromised,user claims account was compromised before transaction. call dropped,Pending Bank,2026-04-14 00:00:00,Low,Chatbot,Matched,Unmatched,Matched,USR40970,MCH6502,Mismatch,Mismatch
CBK0000185,TXN00007154,USR85483,MCH4852,2026-01-29 00:00:00,2026-02-05 00:00:00,2770.88,Merchant Not Delivered,customer says amount was debited twice.,Open,2026-02-10 15:57:00,Low,Chatbot,Unmatched,Unmatched,Matched,USR14967,MCH8488,Mismatch,Mismatch
CBK0000715,TXN00007023,USR33914,MCH5238,2026-03-15 01:54:25,2026-03-16 00:00:00,463.5,Customer Dispute,merchant service was not delivered after payment.,Closed,2026-11-04 14:54:25,Medium,Email,Matched,Unmatched,Matched,USR15586,MCH8287,Mismatch,Mismatch
CBK0002196,TXN00010149,USR88130,MCH8556,2026-02-28 00:00:00,2026-03-30 00:00:00,,Unauthorized Transaction,customer says amount was debited twice.,In Progress,,Critical,Email,Matched,Matched,Matched,USR62069,MCH5110,Mismatch,Mismatch
CBK0000820,TXN00054263,USR12102,MCH5265,2026-03-19 09:33:48,2026-03-21 11:33:48,824.86,Incorrect Amount,user claims account was compromised before transaction.,Rejected,2026-04-02 00:00:00,High,IVR,Matched,Matched,Unmatched,,,Not Applicable,Not Applicable
CBK0000765,TXN00007330,USR99392,MCH8540,2026-02-12 00:00:00,2026-02-14 00:00:00,2018.57,Customer Dispute,customer complaint text unclear due to poor call center notes.,Rejected,2026-03-13 00:00:00,Medium,Chatbot,Matched,Matched,Matched,USR15653,MCH2651,Mismatch,Mismatch
CBK0000540,TXN00007501,USR29824,MCH9199,,,,Merchant Not Delivered,suspicious high-value payment disputed by customer. details missing,Open,2026-03-06 01:07:00,Low,Call Center,Unmatched,Matched,Matched,USR62521,MCH3137,Mismatch,Mismatch
CBK0000618,TXN00013129,USR59658,MCH8812,2026-01-14 00:00:00,,1549.0,Incorrect Amount,customer says transaction was not authorized.,Resolved,,Low,Chatbot,Unmatched,Unmatched,Matched,USR61697,MCH3025,Mismatch,Mismatch
CBK0001607,TXN00015175,USR13767,MCH2284,2026-01-10 00:00:00,2026-01-12 05:37:00,381.32,Duplicate Debit,customer says transaction was not authorized.,Pending Bank,,Critical,Email,Unmatched,Matched,Matched,USR80894,MCH7379,Mismatch,Mismatch
CBK0001123,TXN00003494,USR31366,MCH5980,2026-05-02 00:00:00,2026-07-02 20:30:24,342.28,Customer Dispute,user reports money deducted but merchant denies receiving payment.,Resolved,,Low,IVR,Matched,Matched,Matched,USR18773,MCH3745,Mismatch,Mismatch
CBK0000004,TXN00008092,USR65030,MCH5264,2026-02-26 16:21:11,2026-02-25 16:21:00,2596.26,Fraud,complaint received after multiple failed attempts.,Resolved,,Medium,Call Center,Unmatched,Unmatched,Matched,USR60910,MCH3469,Mismatch,Mismatch
CBK0000585,TXN00010811,USR26991,MCH4181,2026-03-31 00:00:00,2026-04-02 18:35:45,1744.0,Unauthorized Transaction,user reports money deducted but merchant denies receiving payment.,Resolved,2026-11-04 00:00:00,High,Call Center,Matched,Unmatched,Matched,USR18911,MCH7384,Mismatch,Mismatch
CBK0002198,TXN00018071,USR65483,MCH6689,2026-03-03 00:00:00,2026-03-06 00:00:00,3289.2,Merchant Not Delivered,customer says transaction was not authorized.,Rejected,2026-08-03 00:00:00,Medium,IVR,Unmatched,Unmatched,Matched,USR77840,MCH9351,Mismatch,Mismatch
CBK0001079,TXN00012253,USR87914,MCH5542,2026-03-07 04:37:00,2026-07-03 00:00:00,1245.84,Merchant Not Delivered,suspicious high-value payment disputed by customer.,In Progress,2026-03-16 16:37:00,Critical,Call Center,Unmatched,Unmatched,Matched,USR71823,MCH6468,Mismatch,Mismatch
CBK0000034,TXN00018948,USR39094,MCH1418,2026-01-27 00:00:00,2026-02-02 06:52:00,959.89,Customer Dispute,user says upi pin was not entered by them.,Open,2026-02-10 06:52:00,Medium,Chatbot,Unmatched,Unmatched,Matched,USR65177,MCH8361,Mismatch,Mismatch
CBK0000343,TXN00016878,USR66196,MCH2822,2026-02-10 12:11:00,2026-02-16 00:00:00,2996.76,Customer Dispute,customer complaint text unclear due to poor call center notes.,Closed,2026-02-20 06:11:14,Low,IVR,Unmatched,Unmatched,Matched,USR39740,MCH4245,Mismatch,Mismatch
CBK0000481,TXN00015109,USR46576,MCH2266,2026-03-27 00:00:00,2026-03-29 15:43:00,287.95,Incorrect Amount,user claims account was compromised before transaction.,Closed,2026-04-16 00:00:00,Medium,Branch,Unmatched,Matched,Matched,USR70329,MCH6921,Mismatch,Mismatch
CBK0001728,TXN00005001,USR63634,MCH6359,2026-03-05 00:00:00,2026-03-08 16:09:12,4713.3,Customer Dispute,customer says transaction was not authorized.,Resolved,,Medium,IVR,Unmatched,Matched,Matched,USR39829,MCH9865,Mismatch,Mismatch
CBK0002237,TXN00001882,USR15350,MCH7351,2026-03-28 00:00:00,2026-04-27 00:00:00,2264.22,Duplicate Debit,user says upi pin was not entered by them.,Closed,2026-01-05 20:04:39,Medium,IVR,Matched,Unmatched,Matched,USR72472,MCH5320,Mismatch,Mismatch
CBK0001058,TXN00008405,USR25902,MCH8556,2026-02-10 00:00:00,2026-02-17 00:00:00,1446.29,Unauthorized Transaction,user says upi pin was not entered by them.,Rejected,,High,Chatbot,Unmatched,Matched,Matched,USR61573,MCH5236,Mismatch,Mismatch
CBK0001933,TXN00005666,USR33656,MCH5076,2026-02-14 07:15:35,2026-02-19 07:15:00,1764.4,Duplicate Debit,suspicious high-value payment disputed by customer.,Pending Bank,2026-10-03 00:00:00,Low,Branch,Matched,Unmatched,Matched,USR49846,MCH6972,Mismatch,Mismatch
CBK0000466,TXN00008559,USR20115,MCH2757,2026-03-21 08:09:20,2026-03-22 00:00:00,876.37,Service Failed,customer says amount was debited twice.,Open,2026-04-18 00:00:00,Medium,IVR,Unmatched,Matched,Matched,USR29203,MCH6822,Mismatch,Mismatch
CBK0001130,TXN00013293,USR64755,MCH3055,2026-02-07 00:00:00,2026-02-13 04:28:39,648.89,Account Compromised,customer says transaction was not authorized.,Open,2026-02-21 00:00:00,Medium,App,Unmatched,Matched,Matched,USR53940,MCH4195,Mismatch,Mismatch
CBK0000736,TXN00001334,USR31979,MCH2101,2026-03-23 11:54:27,2026-03-25 07:54:27,6666.14,Account Compromised,customer says amount was debited twice.,In Progress,,Medium,Chatbot,Unmatched,Unmatched,Matched,USR33804,MCH8538,Mismatch,Mismatch
CBK0000181,TXN00016182,USR66758,MCH1612,2026-01-28 10:33:01,2026-01-30 00:00:00,237.88,Fraud,customer says amount was debited twice.,Rejected,2026-08-02 00:00:00,Low,App,Matched,Matched,Matched,USR55862,MCH6687,Mismatch,Mismatch
CBK0000697,TXN00007023,USR88430,MCH4181,2026-03-25 19:00:00,2026-03-31 14:00:23,10555.32,Incorrect Amount,customer says transaction was not authorized.,Rejected,2026-04-27 00:00:00,Medium,IVR,Unmatched,Unmatched,Matched,USR15586,MCH8287,Mismatch,Mismatch
CBK0001752,TXN00006114,USR22925,MCH5954,2026-11-01 14:56:22,2026-01-27 00:00:00,4938.0,Account Compromised,customer says transaction was not authorized.,Rejected,2026-02-17 00:00:00,High,Call Center,Unmatched,Matched,Matched,USR57977,MCH1341,Mismatch,Mismatch
CBK0002549,TXN00014870,USR48114,MCH3983,2026-01-17 00:00:00,2026-01-18 00:00:00,10657.19,Merchant Not Delivered,user says upi pin was not entered by them.,Open,2026-02-16 00:00:00,Low,Chatbot,Unmatched,Matched,Matched,USR20097,MCH1089,Mismatch,Mismatch
CBK0001488,TXN00015761,USR47459,MCH8883,,2026-02-08 18:43:00,6388.0,Service Failed,user claims account was compromised before transaction.,Open,2026-06-03 00:00:00,Low,IVR,Unmatched,Unmatched,Matched,USR95279,MCH5302,Mismatch,Mismatch
CBK0001651,TXN00010749,USR62848,MCH3729,2026-02-15 00:00:00,2026-02-22 23:37:50,,Fraud,customer says amount was debited twice. call dropped,In Progress,2026-02-26 00:00:00,Low,Branch,Unmatched,Unmatched,Matched,USR88296,MCH7888,Mismatch,Mismatch
CBK0002711,TXN00042233,USR31712,MCH3819,2026-10-03 00:00:00,2026-04-24 16:53:03,,Duplicate Debit,complaint received after multiple failed attempts.,Closed,2026-09-05 16:53:03,High,IVR,Unmatched,Matched,Unmatched,,,Not Applicable,Not Applicable
CBK0001543,TXN00009804,USR90720,MCH4495,,2026-01-24 00:00:00,767.56,Merchant Not Delivered,customer complaint text unclear due to poor call center notes.,Rejected,2026-01-27 03:54:00,Medium,IVR,Unmatched,Matched,Matched,USR89886,MCH7869,Mismatch,Mismatch
CBK0000310,TXN00019838,USR34180,MCH6810,2026-04-02 00:00:00,2026-02-19 00:00:00,2926.76,Unauthorized Transaction,user reports money deducted but merchant denies receiving payment.,In Progress,2026-02-25 00:00:00,Critical,Branch,Unmatched,Unmatched,Matched,USR35774,MCH8102,Mismatch,Mismatch
CBK0001605,TXN00013039,USR38436,MCH5655,,2026-09-01 00:00:00,7884.27,Account Compromised,suspicious high-value payment disputed by cust.,Rejected,2026-01-13 00:00:00,Medium,Call Center,Matched,Unmatched,Matched,USR56437,MCH8786,Mismatch,Mismatch
CBK0002159,TXN00008446,USR75943,MCH5482,2026-08-03 00:00:00,2026-03-08 12:51:00,2807.75,Fraud,customer says transaction was not authorized.,Rejected,2026-03-27 00:00:00,Critical,Email,Unmatched,Matched,Matched,USR68351,MCH6603,Mismatch,Mismatch
CBK0000883,TXN00009806,USR94655,MCH5279,2026-01-19 18:04:00,2026-01-23 00:00:00,3825.17,Fraud,suspicious high-value payment disputed by customer.,Open,,Low,IVR,Unmatched,Unmatched,Matched,USR19015,MCH1841,Mismatch,Mismatch
CBK0000273,TXN00002139,USR80361,MCH6712,2026-03-05 11:26:00,2026-03-16 04:26:00,1116.32,Customer Dispute,customer complaint text unclear due to poor call center notes.,Open,,Low,Branch,Matched,Unmatched,Matched,USR90349,MCH2940,Mismatch,Mismatch
CBK0002172,TXN00011390,USR27533,MCH3479,2026-01-20 00:00:00,2026-01-23 00:41:15,681.66,Unauthorized Transaction,merchant service was not delivered after payment.,Resolved,,High,App,Matched,Unmatched,Matched,USR42908,MCH6484,Mismatch,Mismatch
CBK0000046,TXN00007253,USR97477,MCH1590,2026-02-15 00:00:00,2026-03-03 00:00:00,8599.51,Account Compromised,user reports money deducted but merchant denies receiving payment.,Open,2026-03-09 00:00:00,High,App,Unmatched,Unmatched,Matched,USR68255,MCH3914,Mismatch,Mismatch
CBK0001291,TXN00018053,USR56751,MCH8322,2026-01-26 05:12:55,2026-01-28 00:00:00,1619.1,Service Failed,customer complaint text unclear due to poor call center notes.,Closed,,Low,IVR,Unmatched,Unmatched,Matched,USR76411,MCH2173,Mismatch,Mismatch
CBK0000362,TXN00002263,USR61333,MCH7286,2026-01-20 00:00:00,2026-01-21 00:00:00,9476.14,Incorrect Amount,user reports money deducted but merchant denies receiving payment.,In Progress,2026-01-30 00:00:00,Medium,Branch,Unmatched,Unmatched,Matched,USR34112,MCH8119,Mismatch,Mismatch
CBK0000583,TXN00013098,USR11077,MCH5456,2026-02-01 00:00:00,2026-02-03 00:32:11,,Incorrect Amount,suspicious high-value payment disputed by customer.,Pending Bank,2026-03-02 00:32:11,Medium,Branch,Matched,Unmatched,Matched,USR96990,MCH3478,Mismatch,Mismatch
CBK0001258,TXN00017225,USR40420,MCH1168,2026-02-28 00:00:00,2026-03-11 00:00:00,4972.38,Fraud,user says upi pin was not entered by them.,In Progress,,Low,Chatbot,Matched,Matched,Matched,USR21245,MCH7583,Mismatch,Mismatch
CBK0001309,TXN00001777,USR97380,MCH3684,2026-03-13 00:00:00,2026-04-27 18:23:00,6040.0,Unauthorized Transaction,customer says transaction was not authorized.,Closed,2026-04-29 00:00:00,Medium,IVR,Unmatched,Matched,Matched,USR22237,MCH4189,Mismatch,Mismatch
CBK0000479,TXN00016497,USR12417,MCH8154,2026-03-14 00:00:00,2026-03-12 04:20:00,3794.91,Fraud,payment made to unknown merchant as per customer statement.,In Progress,2026-03-29 00:00:00,Medium,App,Unmatched,Matched,Matched,USR82884,MCH1204,Mismatch,Mismatch
CBK0000022,TXN00012475,USR21946,MCH4181,2026-03-05 23:30:49,2026-03-06 00:00:00,11540.0,Unauthorized Transaction,customer complaint text unclear due to poor call center notes.,In Progress,2026-03-19 00:00:00,Low,Chatbot,Unmatched,Unmatched,Matched,USR23336,MCH5012,Mismatch,Mismatch
CBK0001439,TXN00018123,USR83744,MCH5378,2026-03-13 22:46:01,2026-03-19 00:00:00,3146.39,Customer Dispute,customer says transaction was not authorized.,Closed,2026-04-02 06:46:00,Low,IVR,Matched,Matched,Matched,USR89103,MCH8864,Mismatch,Mismatch
CBK0000976,TXN00002141,USR96958,MCH6498,2026-01-23 00:00:00,2026-01-30 22:01:24,7027.39,Merchant Not Delivered,complaint received after multiple failed attempts.,Rejected,2026-02-09 00:00:00,Medium,Email,Unmatched,Matched,Matched,USR15928,MCH7366,Mismatch,Mismatch
CBK0000639,TXN00017298,USR56287,MCH7134,2026-03-22 00:00:00,2026-03-23 00:00:00,3871.95,Fraud,user reports money deducted but merchant denies receiving payment.,Rejected,,Medium,Chatbot,Unmatched,Unmatched,Matched,USR95790,MCH6389,Mismatch,Mismatch
CBK0000853,TXN00019212,USR43229,MCH3902,2026-03-21 00:27:23,2026-03-26 00:00:00,1395.11,Fraud,customer says txn was not authorized.,Rejected,2026-04-23 00:00:00,Medium,Chatbot,Unmatched,Unmatched,Matched,USR60294,MCH6994,Mismatch,Mismatch
CBK0001985,TXN00005222,USR98253,MCH3611,,2026-02-21 00:00:00,526.0,Fraud,user claims account was compromised before transaction.,Resolved,2026-03-02 00:00:00,Medium,Email,Unmatched,Matched,Matched,USR99304,MCH3442,Mismatch,Mismatch
CBK0000300,TXN00002857,USR92485,MCH7388,,2026-03-21 00:00:00,920.19,Merchant Not Delivered,user reports money deducted but merchant denies receiving payment.,In Progress,2026-04-20 00:00:00,High,Chatbot,Matched,Unmatched,Matched,USR60350,MCH5084,Mismatch,Mismatch
CBK0001326,TXN00017532,USR63876,MCH4629,2026-01-22 00:00:00,2026-01-30 00:00:00,2971.18,Incorrect Amount,suspicious high-value payment disputed by customer.,Rejected,,Low,IVR,Unmatched,Unmatched,Matched,USR15333,MCH8217,Mismatch,Mismatch
CBK0002099,TXN00016911,USR94430,MCH5701,2026-01-10 00:00:00,2026-12-01 00:00:00,1895.66,Account Compromised,customer complaint text unclear due to poor call center notes.,Rejected,,Medium,Email,Unmatched,Matched,Matched,USR97828,MCH1517,Mismatch,Mismatch
CBK0001474,TXN00008578,USR71704,MCH7047,2026-02-05 00:00:00,2026-02-13 00:00:00,3771.28,Unauthorized Transaction,customer complaint text unclear due to poor call center notes.,Open,2026-04-03 00:00:00,Medium,Email,Unmatched,Matched,Matched,USR19658,MCH7896,Mismatch,Mismatch
CBK0001508,TXN00006688,USR56287,MCH2552,2026-02-21 21:29:00,2026-02-25 00:00:00,592.68,Account Compromised,complaint received after multiple failed attempts.,Pending Bank,2026-03-02 04:29:00,High,Email,Unmatched,Matched,Matched,USR10352,MCH3445,Mismatch,Mismatch
CBK0000985,TXN00016633,USR50898,MCH3836,,2026-03-07 00:00:00,3329.74,Unauthorized Transaction,complaint received after multiple failed attempts.,In Progress,,High,Chatbot,Matched,Unmatched,Matched,USR46471,MCH2587,Mismatch,Mismatch
CBK0002762,TXN00012709,USR87422,MCH2383,,2026-01-25 00:00:00,1866.43,Duplicate Debit,complaint received after multiple failed attempts.,Open,2026-01-02 00:00:00,Medium,Branch,Unmatched,Matched,Matched,USR34215,MCH3325,Mismatch,Mismatch
CBK0002695,TXN00009985,USR69511,MCH3100,2026-04-03 00:00:00,2026-03-19 00:00:00,4262.78,Unauthorized Transaction,customer says txn was not authorized.,Open,2026-03-19 00:00:00,Low,App,Unmatched,Unmatched,Matched,USR81626,MCH7316,Mismatch,Mismatch
CBK0002523,TXN00016424,USR39280,MCH4590,2026-02-09 00:00:00,,1444.48,Incorrect Amount,merchant service was not delivered after payment.,Resolved,2026-06-03 00:00:00,High,Call Center,Unmatched,Unmatched,Matched,USR48829,MCH1508,Mismatch,Mismatch
CBK0001776,TXN00003915,USR57281,MCH6934,2026-02-25 00:00:00,2026-02-25 00:00:00,264.64,Duplicate Debit,payment made to unknown merchant as per customer statement.,Rejected,2026-03-24 00:00:00,Medium,App,Matched,Unmatched,Matched,USR57785,MCH1898,Mismatch,Mismatch
CBK0000251,TXN00012937,USR77066,MCH5347,2026-03-17 00:00:00,2026-03-22 00:00:00,2574.17,Merchant Not Delivered,user says upi pin was not entered by them.,Closed,2026-04-10 02:26:00,Medium,Call Center,Unmatched,Unmatched,Matched,USR40424,MCH1291,Mismatch,Mismatch
CBK0000729,TXN00009979,USR43978,MCH6850,2026-01-02 00:00:00,2026-02-17 00:00:00,1801.1,Fraud,user says upi pin was not entered by them.,In Progress,,Medium,Branch,Unmatched,Unmatched,Matched,USR58929,MCH5102,Mismatch,Mismatch
CBK0001430,TXN00003193,USR30157,MCH5404,2026-02-21 00:00:00,2026-02-27 00:00:00,2273.34,Duplicate Debit,payment made to unknown merchant as per customer statement. urgent,Closed,2026-03-09 00:00:00,Critical,Branch,Unmatched,Matched,Matched,USR14870,MCH2851,Mismatch,Mismatch
CBK0001056,TXN00017995,USR83697,MCH7555,2026-03-26 00:00:00,2026-03-27 02:11:24,1918.51,Unauthorized Transaction,user reports money deducted but merchant denies receiving payment.,Resolved,2026-04-17 00:00:00,Medium,IVR,Unmatched,Unmatched,Matched,USR12596,MCH1017,Mismatch,Mismatch
CBK0002533,TXN00002429,USR82871,MCH8050,2026-01-27 20:26:00,2026-02-12 00:00:00,389.54,Unauthorized Transaction,merchant service was not delivered after payment.,In Progress,2026-02-21 00:00:00,Medium,IVR,Unmatched,Matched,Matched,USR71417,MCH1107,Mismatch,Mismatch
CBK0001748,TXN00036584,USR93861,MCH2037,2026-01-01 00:00:00,2026-04-01 00:00:00,3309.31,Account Compromised,user says upi pin was not entered by them.,Pending Bank,2026-01-28 00:00:00,High,IVR,Matched,Matched,Unmatched,,,Not Applicable,Not Applicable
CBK0002154,TXN00019558,USR60770,MCH4307,2026-03-31 00:00:00,2026-04-05 00:00:00,1769.97,Duplicate Debit,customer says transaction was not authorized.,Resolved,2026-04-17 00:00:00,Low,Branch,Unmatched,Unmatched,Matched,USR56801,MCH1011,Mismatch,Mismatch
CBK0001530,TXN00000959,USR38580,MCH7286,2026-08-03 00:00:00,2026-03-11 15:32:00,982.69,Customer Dispute,customer says amount was debited twice.,Open,2026-04-04 00:00:00,Low,Email,Unmatched,Unmatched,Matched,USR50475,MCH8674,Mismatch,Mismatch
CBK0001561,TXN00012655,USR49452,MCH7833,2026-02-02 00:00:00,2026-02-04 00:00:00,5677.69,Merchant Not Delivered,payment made to unknown merchant as per customer statement.,Open,2026-02-14 10:24:28,Medium,Branch,Unmatched,Matched,Matched,USR47873,MCH3301,Mismatch,Mismatch
CBK0002302,TXN00004618,USR69543,MCH8140,,2026-01-23 00:00:00,1142.86,Duplicate Debit,user claims account was compromised before transaction.,Rejected,,Low,IVR,Matched,Matched,Matched,USR66675,MCH5832,Mismatch,Mismatch
CBK0000447,TXN00012764,USR26323,MCH5927,2026-03-15 00:00:00,2026-03-18 00:00:00,1222.0,Fraud,user reports money deducted but merchant denies receiving payment.,In Progress,2026-10-04 00:00:00,Medium,IVR,Matched,Matched,Matched,USR66261,MCH4345,Mismatch,Mismatch
CBK0002090,TXN00008261,USR15888,MCH7075,2026-02-26 07:25:00,2026-03-03 15:25:42,4227.03,Merchant Not Delivered,suspicious high-value payment disputed by cust.,Resolved,,High,Branch,Unmatched,Matched,Matched,USR10818,MCH4613,Mismatch,Mismatch
CBK0001157,TXN00018783,USR89151,MCH3001,2026-01-24 00:00:00,2026-01-29 03:28:31,11640.86,Customer Dispute,user says upi pin was not entered by them.,Pending Bank,,Low,App,Unmatched,Unmatched,Matched,USR21469,MCH8463,Mismatch,Mismatch
CBK0002684,TXN00018518,USR58335,MCH2058,2026-01-02 00:00:00,2026-01-04 00:00:00,2159.7,Unauthorized Transaction,user says upi pin was not entered by them.,Closed,2026-06-01 00:00:00,Low,Call Center,Unmatched,Unmatched,Matched,USR16352,MCH6114,Mismatch,Mismatch
CBK0001929,TXN00003276,USR83918,MCH9291,,2026-03-22 00:00:00,5720.73,Incorrect Amount,complaint received after multiple failed attempts.,Resolved,2026-04-09 00:00:00,Low,IVR,Unmatched,Matched,Matched,USR54780,MCH2929,Mismatch,Mismatch
CBK0001320,TXN00014032,USR46308,MCH5900,2026-02-01 00:00:00,2026-06-02 00:00:00,358.19,Account Compromised,complaint received after multiple failed attempts. urgent,Pending Bank,2026-02-13 00:00:00,Low,IVR,Unmatched,Matched,Matched,USR75038,MCH9075,Mismatch,Mismatch
CBK0001600,TXN00014926,USR22359,MCH4542,,2026-01-22 15:21:40,2332.94,Fraud,suspicious high-value payment disputed by customer.,Closed,2026-09-02 00:00:00,Low,Chatbot,Unmatched,Unmatched,Matched,USR53325,MCH1479,Mismatch,Mismatch
CBK0002391,TXN00013005,USR27779,MCH6850,,2026-04-01 00:00:00,3734.7,Merchant Not Delivered,merchant service was not delivered after payment.,Pending Bank,2026-04-15 18:10:52,Low,App,Unmatched,Unmatched,Matched,USR42941,MCH2716,Mismatch,Mismatch
CBK0001069,TXN00072059,USR75081,MCH7509,2026-02-10 17:04:00,2026-02-14 04:04:39,1209.0,Account Compromised,complaint received after multiple failed attempts.,In Progress,2026-03-16 04:04:00,Medium,Chatbot,Unmatched,Matched,Unmatched,,,Not Applicable,Not Applicable
CBK0000691,TXN00006342,USR46662,MCH8426,2026-03-13 10:45:48,2026-03-19 00:00:00,1546.48,Merchant Not Delivered,merchant service was not delivered after payment.,In Progress,2026-03-20 02:45:00,Medium,IVR,Unmatched,Unmatched,Matched,USR44302,MCH6371,Mismatch,Mismatch
CBK0002454,TXN00012462,USR25682,MCH5954,2026-03-23 00:00:00,2026-03-26 00:00:00,7714.0,Customer Dispute,customer complaint text unclear due to poor call center notes.,Closed,2026-04-10 17:09:36,Low,Call Center,Unmatched,Matched,Matched,USR48749,MCH8051,Mismatch,Mismatch
CBK0002777,TXN00041176,USR83934,MCH9022,2026-01-02 00:00:00,2026-02-06 17:22:00,8162.73,Unauthorized Transaction,user reports money deducted but merchant denies receiving payment. urgent,In Progress,2026-02-21 00:00:00,High,IVR,Unmatched,Matched,Unmatched,,,Not Applicable,Not Applicable
CBK0000263,TXN00006449,USR71316,MCH6236,2026-10-01 00:00:00,2026-01-26 01:59:16,250.0,Account Compromised,user says upi pin was not entered by them.,In Progress,2026-02-15 00:00:00,High,Chatbot,Matched,Unmatched,Matched,USR76874,MCH1342,Mismatch,Mismatch
CBK0000590,TXN00018358,USR73010,MCH2722,2026-12-03 00:00:00,2026-03-20 03:25:00,1889.21,Incorrect Amount,complaint received after multiple failed attempts.,Resolved,2026-04-16 00:00:00,High,Chatbot,Unmatched,Unmatched,Matched,USR18378,MCH9696,Mismatch,Mismatch
CBK0001133,TXN00004481,USR68023,MCH1494,2026-01-06 00:00:00,2026-01-05 00:00:00,1101.44,Incorrect Amount,user claims account was compromised before transaction.,Rejected,2026-05-01 00:00:00,Critical,Branch,Unmatched,Matched,Matched,USR18231,MCH4758,Mismatch,Mismatch
CBK0002414,TXN00000503,USR85650,MCH1590,2026-04-03 16:57:39,2026-04-18 00:00:00,325.93,Duplicate Debit,complaint received after multiple failed attempts.,Open,2026-05-09 18:57:00,High,Call Center,Unmatched,Unmatched,Matched,USR33758,MCH7518,Mismatch,Mismatch
CBK0002627,TXN00001026,USR26564,MCH5899,2026-01-17 09:59:06,2026-01-25 07:59:00,2910.7,Merchant Not Delivered,suspicious high-value payment disputed by customer.,In Progress,2026-02-20 00:00:00,Medium,IVR,Unmatched,Unmatched,Matched,USR68944,MCH5158,Mismatch,Mismatch
CBK0001008,,USR97772,MCH1074,,2026-01-13 00:00:00,1143.88,Duplicate Debit,customer says amount was debited twice.,Resolved,2026-01-23 02:52:41,Medium,IVR,Matched,Unmatched,Unmatched,,,Not Applicable,Not Applicable
CBK0000285,TXN00009133,USR99694,MCH2606,2026-03-19 03:32:00,2026-03-22 00:00:00,1528.27,Service Failed,customer says amount was debited twice.,Open,,Medium,IVR,Unmatched,Unmatched,Matched,USR96217,MCH2723,Mismatch,Mismatch
CBK0001311,TXN00018498,USR40538,MCH7255,2026-03-19 00:00:00,2026-03-23 00:00:00,1779.0,Account Compromised,payment made to unknown merchant as per customer statement.,Resolved,2026-04-06 00:00:00,Low,Call Center,Unmatched,Unmatched,Matched,USR55611,MCH7669,Mismatch,Mismatch
CBK0000220,TXN00009971,USR81170,MCH6607,,2026-03-03 00:00:00,4849.0,Fraud,customer says amount was debited twice. urgent,In Progress,,Low,Email,Unmatched,Matched,Matched,USR21910,MCH9520,Mismatch,Mismatch
CBK0002615,TXN00018536,USR57158,MCH5099,2026-02-22 13:48:57,2026-02-24 00:00:00,1257.97,Fraud,suspicious high-value payment disputed by cust.,Open,2026-03-02 00:00:00,High,App,Unmatched,Unmatched,Matched,USR81683,MCH7444,Mismatch,Mismatch
CBK0001460,TXN00014496,USR33249,MCH4270,2026-03-29 00:00:00,2026-02-04 00:00:00,554.76,Unauthorized Transaction,customer says amount was debited twice.,In Progress,2026-04-04 02:17:31,Low,App,Unmatched,Unmatched,Matched,USR67676,MCH6774,Mismatch,Mismatch
CBK0000068,TXN00019414,USR96148,MCH3815,2026-01-01 03:55:28,2026-01-01 00:00:00,996.0,Account Compromised,suspicious high-value payment disputed by customer.,Pending Bank,2026-01-18 06:55:00,Critical,IVR,Unmatched,Unmatched,Matched,USR21017,MCH7424,Mismatch,Mismatch
CBK0001363,TXN00015121,USR62483,MCH1141,2026-02-15 00:00:00,2026-02-18 00:00:00,1504.76,Customer Dispute,user says upi pin was not entered by them.,Closed,2026-03-05 00:00:00,Medium,Chatbot,Unmatched,Unmatched,Matched,USR30836,MCH2668,Mismatch,Mismatch
CBK0001071,TXN00005413,USR85761,MCH3171,2026-01-29 00:00:00,2026-02-01 00:00:00,,Incorrect Amount,suspicious high-value payment disputed by customer. details missing,Pending Bank,2026-02-14 00:00:00,Medium,Chatbot,Unmatched,Unmatched,Matched,USR30535,MCH8214,Mismatch,Mismatch
CBK0000562,TXN00003828,USR39793,MCH3203,,2026-03-31 19:03:00,1594.84,Unauthorized Transaction,user reports money deducted but merchant denies receiving payment.,Pending Bank,,Low,Chatbot,Unmatched,Matched,Matched,USR37969,MCH5751,Mismatch,Mismatch
CBK0001140,TXN00004922,USR79175,MCH6652,2026-03-28 00:00:00,2026-03-30 00:00:00,,Unauthorized Transaction,user reports money deducted but merchant denies receiving payment.,Closed,2026-10-04 04:32:07,Medium,IVR,Unmatched,Unmatched,Matched,USR12247,MCH8355,Mismatch,Mismatch
CBK0000657,TXN00006919,USR29306,MCH5269,2026-01-14 00:00:00,2026-01-19 00:00:00,2207.79,Incorrect Amount,complaint received after multiple failed attempts.,Closed,2026-02-13 16:01:00,Medium,Chatbot,Unmatched,Matched,Matched,USR13544,MCH1518,Mismatch,Mismatch
CBK0001831,TXN00010938,USR88037,MCH5655,2026-03-15 18:39:00,2026-03-18 00:00:00,4425.22,Incorrect Amount,merchant service was not delivered after payment. details missing,Open,2026-04-15 00:00:00,Low,App,Matched,Unmatched,Matched,USR51085,MCH3583,Mismatch,Mismatch
CBK0001818,TXN00005674,USR54580,MCH5397,2026-03-08 00:00:00,2026-03-15 15:17:35,560.0,Unauthorized Transaction,customer complaint text unclear due to poor call center notes.,In Progress,2026-02-04 00:00:00,High,Chatbot,Matched,Unmatched,Matched,USR41119,MCH7526,Mismatch,Mismatch
CBK0000721,TXN00009064,USR29458,MCH4113,2026-10-02 00:00:00,2026-02-12 00:00:00,1568.17,Duplicate Debit,customer says amount was debited twice.,Resolved,2026-03-03 00:00:00,Critical,Branch,Unmatched,Matched,Matched,USR75901,MCH5056,Mismatch,Mismatch
CBK0000837,TXN00014492,USR59264,MCH1548,2026-04-01 03:46:36,2026-03-02 00:00:00,,Fraud,suspicious high-value payment disputed by customer.,In Progress,2026-11-02 00:00:00,High,Chatbot,Matched,Unmatched,Matched,USR65475,MCH2600,Mismatch,Mismatch
CBK0002597,TXN00008925,USR93425,MCH3339,2026-01-02 07:36:00,2026-01-03 04:36:00,3175.71,Merchant Not Delivered,user reports money deducted but merchant denies receiving payment. pls check asap,Rejected,,Low,IVR,Unmatched,Unmatched,Matched,USR60222,MCH4029,Mismatch,Mismatch
CBK0000876,TXN00010046,USR91274,MCH8960,2026-01-17 07:29:00,2026-01-22 00:00:00,6572.39,Duplicate Debit,user says upi pin was not entered by them.,Rejected,2026-09-02 16:29:48,Medium,Chatbot,Unmatched,Unmatched,Matched,USR70016,MCH6266,Mismatch,Mismatch
CBK0002537,TXN00066991,USR17742,MCH4337,2026-01-07 09:36:06,2026-01-09 00:00:00,1890.93,Customer Dispute,user reports money deducted but merchant denies receiving payment.,Closed,2026-01-22 00:00:00,Low,IVR,Unmatched,Matched,Unmatched,,,Not Applicable,Not Applicable
CBK0002507,TXN00016749,USR55737,MCH5655,2026-03-31 00:00:00,2026-04-03 00:00:00,,Unauthorized Transaction,user claims account was compromised before txn.,Closed,2026-04-14 00:00:00,Medium,Call Center,Unmatched,Unmatched,Matched,USR18052,MCH8053,Mismatch,Mismatch
CBK0002350,TXN00064529,USR90246,MCH9480,2026-02-27 02:51:00,2026-03-09 00:00:00,472.0,Unauthorized Transaction,user says upi pin was not entered by them.,Rejected,,Medium,Email,Matched,Unmatched,Unmatched,,,Not Applicable,Not Applicable
CBK0001416,TXN00018367,USR98309,MCH7233,,2026-01-03 05:05:00,1495.59,Customer Dispute,suspicious high-value payment disputed by customer.,Rejected,2026-01-29 05:05:00,Medium,Chatbot,Matched,Matched,Matched,USR35438,MCH6469,Mismatch,Mismatch
CBK0002483,TXN00019669,USR65795,MCH4328,2026-12-01 00:00:00,2026-01-13 18:43:01,1522.61,Unauthorized Transaction,user reports money deducted but merchant denies receiving payment.,Closed,2026-01-16 00:00:00,Low,Branch,Unmatched,Unmatched,Matched,USR65418,MCH8903,Mismatch,Mismatch
CBK0001553,TXN00004048,USR26051,MCH3235,2026-03-14 00:00:00,,815.95,Merchant Not Delivered,customer says amount was debited twice.,In Progress,2026-03-29 00:00:00,Low,App,Unmatched,Unmatched,Matched,USR12102,MCH2694,Mismatch,Mismatch
CBK0000651,TXN00011527,USR57088,MCH1779,2026-01-25 00:00:00,2026-01-27 00:00:00,1443.54,Unauthorized Transaction,user claims account was compromised before transaction.,Open,2026-01-28 00:00:00,Medium,Chatbot,Unmatched,Matched,Matched,USR72363,MCH8567,Mismatch,Mismatch
CBK0000866,TXN00002719,USR11592,MCH1717,2026-05-03 00:00:00,2026-12-03 23:06:00,2881.81,Unauthorized Transaction,user claims account was compromised before transaction.,Closed,,Low,IVR,Matched,Unmatched,Matched,USR56938,MCH6122,Mismatch,Mismatch
CBK0000260,TXN00006995,USR27185,MCH1715,2026-09-03 00:00:00,2026-03-12 13:45:23,793.0,Account Compromised,user claims account was compromised before transaction.,Resolved,2026-09-04 00:00:00,Low,Chatbot,Unmatched,Unmatched,Matched,USR23949,MCH7481,Mismatch,Mismatch
CBK0001397,TXN00001903,USR40286,MCH8305,2026-03-25 01:49:45,2026-04-01 06:49:00,2512.35,Fraud,user says upi pin was not entered by them.,Rejected,2026-04-01 06:49:45,Critical,IVR,Matched,Unmatched,Matched,USR49932,MCH2527,Mismatch,Mismatch
CBK0000374,TXN00005682,USR46350,MCH7622,2026-02-22 07:20:00,2026-10-03 06:20:48,2014.01,Incorrect Amount,user says upi pin was not entered by them.,Resolved,2026-03-24 00:00:00,High,App,Unmatched,Matched,Matched,USR37782,MCH6724,Mismatch,Mismatch
CBK0001557,TXN00010126,USR26970,MCH8953,2026-01-31 00:00:00,2026-02-11 02:05:00,1107.77,Customer Dispute,customer says amount was debited twice.,In Progress,,Low,Email,Matched,Matched,Matched,USR11539,MCH1855,Mismatch,Mismatch
CBK0001987,TXN00003622,USR56397,MCH9762,2026-03-21 22:28:29,2026-03-23 00:00:00,409.07,Incorrect Amount,merchant service was not delivered after payment.,Open,,Medium,Chatbot,Matched,Matched,Matched,USR58433,MCH8171,Mismatch,Mismatch
CBK0002351,TXN00008276,USR78874,MCH4259,2026-03-08 00:00:00,2026-03-23 00:00:00,3331.49,Account Compromised,customer says txn was not authorized.,Resolved,2026-04-15 11:14:00,Critical,Email,Unmatched,Unmatched,Matched,USR70794,MCH1079,Mismatch,Mismatch
CBK0000980,TXN00014697,USR44745,MCH3674,2026-03-27 00:00:00,2026-03-30 00:00:00,4816.24,Merchant Not Delivered,user claims account was compromised before transaction.,Resolved,2026-02-04 00:00:00,Medium,Chatbot,Unmatched,Matched,Matched,USR62665,MCH4419,Mismatch,Mismatch
CBK0002576,TXN00016892,USR92904,MCH3100,2026-01-23 00:00:00,2026-01-29 01:18:00,1942.12,Customer Dispute,payment made to unknown merchant as per customer statement. urgent,In Progress,2026-01-30 00:00:00,High,App,Matched,Unmatched,Matched,USR19891,MCH6498,Mismatch,Mismatch
CBK0002312,TXN00010316,USR71728,MCH5783,2026-03-12 00:00:00,2026-03-18 00:00:00,1419.0,Unauthorized Transaction,suspicious high-value payment disputed by customer.,Pending Bank,,High,Email,Unmatched,Unmatched,Matched,USR35337,MCH6347,Mismatch,Mismatch
CBK0000422,TXN00008098,USR71316,MCH9344,2026-01-29 00:00:00,2026-01-26 00:00:00,488.38,Incorrect Amount,user reports money deducted but merchant denies receiving payment.,Resolved,2026-02-16 10:30:02,Low,Call Center,Matched,Unmatched,Matched,USR80770,MCH2986,Mismatch,Mismatch
CBK0000600,TXN00012715,USR19311,MCH3325,2026-03-28 00:00:00,2026-05-13 00:00:00,339.58,Merchant Not Delivered,merchant service was not delivered after payment.,Pending Bank,,High,IVR,Unmatched,Matched,Matched,USR59379,MCH8429,Mismatch,Mismatch
CBK0000248,TXN00002141,USR12530,MCH6850,2026-03-18 17:03:00,2026-03-19 23:03:08,816.65,Fraud,merchant service was not delivered after payment.,Pending Bank,2026-08-04 00:00:00,High,App,Matched,Unmatched,Matched,USR15928,MCH7366,Mismatch,Mismatch
CBK0002317,TXN00003637,USR76315,MCH8796,2026-02-18 00:00:00,2026-02-22 00:00:00,4219.82,Customer Dispute,merchant service was not delivered after payment.,Pending Bank,2026-02-28 00:00:00,High,IVR,Unmatched,Unmatched,Matched,USR60606,MCH1393,Mismatch,Mismatch
CBK0001219,TXN00002058,USR11226,MCH3986,2026-01-24 00:00:00,2026-01-27 00:00:00,,Customer Dispute,customer says amount was debited twice.,Rejected,2026-02-13 00:00:00,Low,Branch,Matched,Unmatched,Matched,USR21921,MCH2520,Mismatch,Mismatch
CBK0001145,TXN00081933,USR63160,MCH9899,,2026-02-22 19:21:00,5283.13,Merchant Not Delivered,customer says amount was debited twice. urgent,Closed,,High,IVR,Unmatched,Unmatched,Unmatched,,,Not Applicable,Not Applicable
CBK0000619,TXN00014324,USR68349,MCH5721,2026-03-04 11:05:40,2026-03-05 00:00:00,1724.56,Service Failed,user says upi pin was not entered by them.,Rejected,2026-03-25 00:00:00,Medium,Chatbot,Unmatched,Unmatched,Matched,USR68775,MCH6611,Mismatch,Mismatch
CBK0001424,TXN00014077,USR35882,MCH7435,2026-03-16 19:03:13,2026-03-27 00:00:00,411.2,Unauthorized Transaction,payment made to unknown merchant as per cust statement.,In Progress,,High,Branch,Unmatched,Matched,Matched,USR13364,MCH2960,Mismatch,Mismatch
CBK0001980,TXN00000841,USR85655,MCH5128,2026-01-31 00:00:00,2026-11-02 01:12:41,2083.96,Merchant Not Delivered,customer says transaction was not authorized.,Closed,2026-02-15 00:00:00,Low,App,Unmatched,Unmatched,Matched,USR37057,MCH7425,Mismatch,Mismatch
CBK0000643,,USR85352,MCH4035,2026-03-21 00:00:00,2026-03-20 14:03:45,1167.69,Customer Dispute,user reports money deducted but merchant denies receiving payment.,Rejected,2026-04-15 00:00:00,Medium,IVR,Unmatched,Unmatched,Unmatched,,,Not Applicable,Not Applicable
CBK0000172,TXN00016070,USR32730,MCH2746,2026-02-27 00:00:00,2026-03-03 00:00:00,2123.39,Duplicate Debit,user says upi pin was not entered by them.,Rejected,2026-03-19 00:00:00,Medium,Email,Unmatched,Matched,Matched,USR81614,MCH4321,Mismatch,Mismatch
CBK0002184,TXN00015679,USR87165,MCH1864,2026-01-10 22:44:00,2026-02-25 00:00:00,221.0,Incorrect Amount,user reports money deducted but merchant denies receiving payment.,Rejected,2026-03-13 00:00:00,Low,IVR,Unmatched,Unmatched,Matched,USR59989,MCH1527,Mismatch,Mismatch
CBK0002023,TXN00016636,USR62254,MCH2450,,,6720.23,Merchant Not Delivered,user says upi pin was not entered by them. call dropped,Rejected,2026-02-19 00:00:00,Medium,Email,Matched,Matched,Matched,USR10086,MCH2137,Mismatch,Mismatch
CBK0000825,TXN00017847,USR71122,MCH1632,2026-02-05 04:48:20,2026-02-07 00:00:00,714.0,Merchant Not Delivered,customer says transaction was not authorized.,Closed,,High,IVR,Unmatched,Unmatched,Matched,USR11467,MCH7543,Mismatch,Mismatch
CBK0001339,TXN00012423,USR81981,MCH3013,2026-01-29 00:00:00,2026-01-30 00:00:00,591.32,Incorrect Amount,customer says transaction was not authorized.,Rejected,2026-06-02 00:00:00,High,App,Unmatched,Unmatched,Matched,USR65638,MCH2820,Mismatch,Mismatch
CBK0001160,TXN00003861,USR23561,MCH9505,2026-02-23 00:00:00,2026-01-03 14:14:20,2199.33,Fraud,user claims account was compromised before transaction.,Closed,2026-03-16 14:14:20,High,App,Unmatched,Unmatched,Matched,USR99558,MCH1882,Mismatch,Mismatch
CBK0001665,TXN00007306,USR21049,MCH7578,2026-01-13 20:22:00,2026-01-16 00:00:00,1333.0,Merchant Not Delivered,customer says amount was debited twice.,Pending Bank,,Low,Chatbot,Matched,Unmatched,Matched,USR97553,MCH4241,Mismatch,Mismatch
CBK0001711,TXN00011255,USR65114,MCH6292,2026-03-01 00:00:00,2026-04-01 00:00:00,,Account Compromised,customer complaint text unclear due to poor call center notes.,Resolved,2026-07-01 01:32:03,High,Branch,Unmatched,Unmatched,Matched,USR95217,MCH9572,Mismatch,Mismatch
CBK0000408,TXN00002581,USR97892,MCH9291,,2026-03-31 00:46:50,2926.63,Duplicate Debit,customer says amount was debited twice.,In Progress,2026-04-11 00:00:00,High,Branch,Unmatched,Matched,Matched,USR27346,MCH2897,Mismatch,Mismatch
CBK0002575,TXN00009510,USR82410,MCH1905,2026-02-09 00:00:00,2026-02-10 02:13:08,4843.85,Account Compromised,payment made to unknown merchant as per customer statement. call dropped,Open,2026-02-10 02:13:00,Low,Email,Unmatched,Unmatched,Matched,USR63213,MCH6948,Mismatch,Mismatch
CBK0001908,TXN00018114,USR46902,MCH6850,2026-01-15 00:00:00,2026-01-17 00:00:00,2570.74,Merchant Not Delivered,user claims account was compromised before transaction.,Pending Bank,2026-02-09 19:51:00,Medium,App,Matched,Unmatched,Matched,USR62545,MCH1769,Mismatch,Mismatch
CBK0001346,TXN00008727,USR34157,MCH2836,2026-03-23 22:20:50,2026-03-23 23:20:50,3225.2,Duplicate Debit,user says upi pin was not entered by them.,Closed,2026-04-14 23:20:00,Low,Email,Unmatched,Matched,Matched,USR89691,MCH3936,Mismatch,Mismatch
CBK0001611,TXN00009947,USR19432,MCH1827,2026-03-29 00:00:00,2026-01-04 00:00:00,917.78,Incorrect Amount,customer says amount was debited twice.,In Progress,2026-05-04 00:00:00,Critical,IVR,Matched,Matched,Matched,USR58522,MCH5097,Mismatch,Mismatch
CBK0001426,TXN00002655,USR69481,MCH1140,2026-01-14 00:00:00,2026-02-14 13:03:15,338.23,Duplicate Debit,complaint received after multiple failed attempts.,In Progress,2026-03-10 13:03:15,Medium,Chatbot,Matched,Unmatched,Matched,USR34238,MCH6711,Mismatch,Mismatch
CBK0000121,TXN00006459,USR17577,MCH2566,2026-01-01 00:00:00,2026-02-01 00:00:00,2479.76,Duplicate Debit,merchant service was not delivered after payment.,Closed,2026-01-14 00:00:00,High,Email,Matched,Matched,Matched,USR51592,MCH5750,Mismatch,Mismatch
CBK0000957,TXN00010512,USR11315,MCH7352,2026-01-23 00:00:00,2026-01-24 00:00:00,2568.37,Customer Dispute,suspicious high-value payment disputed by customer.,In Progress,2026-02-17 08:19:00,Medium,App,Unmatched,Unmatched,Matched,USR60393,MCH6796,Mismatch,Mismatch
CBK0002076,TXN00006073,USR96064,MCH3450,2026-02-18 00:00:00,2026-02-22 00:00:00,7404.88,Duplicate Debit,suspicious high-value payment disputed by customer.,In Progress,2026-02-26 00:00:00,Low,Branch,Unmatched,Unmatched,Matched,USR40003,MCH4552,Mismatch,Mismatch
CBK0000428,TXN00008599,USR96496,MCH2065,2026-01-05 00:00:00,2026-01-07 00:00:00,1339.16,Unauthorized Transaction,merchant service was not delivered after payment.,Closed,2026-03-02 00:00:00,Low,Call Center,Matched,Unmatched,Matched,USR39494,MCH2262,Mismatch,Mismatch
CBK0001937,TXN00010035,USR47034,MCH8281,2026-03-13 00:00:00,2026-03-16 00:00:00,7882.54,Duplicate Debit,payment made to unknown merchant as per customer statement. pls check asap,In Progress,,Medium,Call Center,Matched,Matched,Matched,USR69161,MCH2352,Mismatch,Mismatch
CBK0001141,TXN00005079,USR69201,MCH1384,,2026-02-24 11:45:21,1368.67,Duplicate Debit,user reports money deducted but merchant denies receiving payment.,Pending Bank,2026-03-26 00:00:00,High,IVR,Unmatched,Matched,Matched,USR97464,MCH3246,Mismatch,Mismatch
CBK0000393,TXN00010745,USR77915,MCH3095,2026-01-14 19:00:00,2026-02-13 00:00:00,2212.96,Account Compromised,user claims account was compromised before transaction.,Rejected,2026-02-16 23:00:00,Critical,Branch,Unmatched,Matched,Matched,USR25313,MCH6239,Mismatch,Mismatch
CBK0001932,TXN00012671,USR93969,MCH5980,2026-10-01 00:00:00,2026-01-13 00:00:00,739.17,Account Compromised,customer says amount was debited twice.,Closed,2026-01-19 06:39:33,Medium,Branch,Unmatched,Matched,Matched,USR33484,MCH6662,Mismatch,Mismatch
CBK0002696,TXN00011475,USR20908,MCH7180,2026-02-20 13:52:14,2026-02-03 19:52:14,2769.32,Customer Dispute,user reports money deducted but merchant denies receiving payment.,Open,,Medium,IVR,Unmatched,Unmatched,Matched,USR47960,MCH6305,Mismatch,Mismatch
CBK0001946,TXN00002545,USR63194,MCH8735,2026-04-02 00:00:00,2026-02-07 00:00:00,230.58,Duplicate Debit,user claims account was compromised before transaction.,Open,2026-03-06 16:09:00,Medium,App,Unmatched,Matched,Matched,USR41300,MCH1297,Mismatch,Mismatch
CBK0001741,TXN00003351,USR12829,MCH8665,2026-02-16 00:00:00,2026-02-16 00:00:00,1160.82,Duplicate Debit,complaint received after multiple failed attempts.,Pending Bank,,High,Branch,Matched,Unmatched,Matched,USR96715,MCH5567,Mismatch,Mismatch
CBK0000589,TXN00017838,USR43980,MCH2575,2026-03-25 06:56:00,2026-03-26 21:56:00,1201.31,Duplicate Debit,customer complaint text unclear due to poor call center notes.,Resolved,2026-12-04 00:00:00,High,Branch,Matched,Matched,Matched,USR87610,MCH3668,Mismatch,Mismatch
CBK0002494,TXN00001169,USR83883,MCH9848,2026-01-23 11:36:50,2026-02-03 08:36:50,6071.0,Customer Dispute,user reports money deducted but merchant denies receiving payment.,Rejected,2026-03-05 08:36:50,Medium,Chatbot,Matched,Matched,Matched,USR95219,MCH4897,Mismatch,Mismatch
CBK0000539,TXN00006526,USR71316,MCH7840,,2026-01-14 18:16:32,767.36,Merchant Not Delivered,payment made to unknown merchant as per customer statement.,Resolved,2026-02-01 00:00:00,Medium,App,Matched,Matched,Matched,USR94298,MCH3274,Mismatch,Mismatch
CBK0001273,TXN00013925,USR73010,MCH2489,,2026-01-04 00:00:00,3151.89,Duplicate Debit,user reports money deducted but merchant denies receiving payment.,Resolved,,Medium,Chatbot,Unmatched,Unmatched,Matched,USR14424,MCH8313,Mismatch,Mismatch
CBK0002029,TXN00005443,USR24926,MCH5528,2026-01-06 02:23:00,2026-01-08 00:00:00,3291.51,Unauthorized Transaction,user claims account was compromised before transaction.,Pending Bank,2026-01-08 00:00:00,Medium,Email,Matched,Matched,Matched,USR39604,MCH2500,Mismatch,Mismatch
CBK0001361,,USR87714,MCH7560,2026-08-02 00:00:00,2026-02-19 15:31:00,3014.44,Incorrect Amount,complaint received after multiple failed attempts.,In Progress,2026-02-19 00:00:00,Medium,IVR,Unmatched,Matched,Unmatched,,,Not Applicable,Not Applicable
CBK0001341,TXN00001434,USR33704,MCH5584,2026-02-10 00:00:00,2026-02-26 00:00:00,3251.08,Incorrect Amount,customer says transaction was not authorized. call dropped,Closed,2026-03-15 02:39:50,High,IVR,Unmatched,Unmatched,Matched,USR35938,MCH2615,Mismatch,Mismatch
CBK0001854,TXN00017037,USR75046,MCH2266,2026-02-15 20:40:31,2026-02-23 01:40:31,1937.0,Unauthorized Transaction,customer says transaction was not authorized.,Resolved,2026-03-01 00:00:00,High,Chatbot,Unmatched,Matched,Matched,USR15405,MCH4395,Mismatch,Mismatch
CBK0002783,TXN00003505,USR92295,MCH3100,2026-01-31 00:00:00,2026-02-01 00:00:00,1516.67,Incorrect Amount,customer complaint text unclear due to poor call center notes.,In Progress,2026-02-13 00:00:00,Low,IVR,Unmatched,Unmatched,Matched,USR25861,MCH9568,Mismatch,Mismatch
CBK0000158,TXN00015663,USR86472,MCH4826,2026-03-10 00:00:00,2026-03-13 00:00:00,5021.55,Incorrect Amount,user reports money deducted but merchant denies receiving payment.,In Progress,2026-04-07 14:02:00,Medium,Branch,Matched,Unmatched,Matched,USR28364,MCH8445,Mismatch,Mismatch
CBK0000760,TXN00007966,USR83977,MCH8953,2026-11-03 00:00:00,2026-03-13 00:00:00,529.0,Unauthorized Transaction,suspicious high-value payment disputed by customer.,In Progress,2026-03-20 00:00:00,Low,Call Center,Unmatched,Matched,Matched,USR11953,MCH4494,Mismatch,Mismatch
CBK0001448,TXN00006897,USR81435,MCH9291,2026-01-01 14:21:00,2026-03-01 00:00:00,3386.1,Duplicate Debit,customer complaint text unclear due to poor call center notes.,Pending Bank,2026-01-31 00:00:00,Low,Call Center,Unmatched,Matched,Matched,USR55251,MCH8902,Mismatch,Mismatch
CBK0000094,TXN00011368,USR24563,MCH8712,2026-03-04 00:00:00,2026-03-14 22:30:00,3661.74,Account Compromised,customer says amount was debited twice.,Open,2026-03-20 22:30:57,Medium,Call Center,Unmatched,Unmatched,Matched,USR37297,MCH7308,Mismatch,Mismatch
CBK0002690,TXN00005810,USR29306,MCH4473,2026-08-03 00:35:54,2026-03-15 00:00:00,2850.55,Merchant Not Delivered,customer says transaction was not authorized.,Closed,2026-05-04 00:00:00,Medium,IVR,Unmatched,Unmatched,Matched,USR63245,MCH9876,Mismatch,Mismatch
CBK0001173,TXN00009905,USR98061,MCH4181,2026-08-02 01:36:40,2026-02-13 16:36:40,2251.54,Fraud,customer says amount was debited twice.,Resolved,2026-05-03 16:36:40,Medium,App,Unmatched,Unmatched,Matched,USR30095,MCH2422,Mismatch,Mismatch
CBK0000262,TXN00000442,USR95504,MCH6810,2026-03-29 00:00:00,2026-08-04 00:00:00,3270.0,Duplicate Debit,suspicious high-value payment disputed by cust.,Resolved,2026-04-20 00:00:00,Low,Email,Matched,Unmatched,Matched,USR80121,MCH2926,Mismatch,Mismatch
CBK0000065,TXN00007639,USR34880,MCH1812,2026-03-25 00:00:00,2026-03-26 08:18:55,544.0,Incorrect Amount,user reports money deducted but merchant denies receiving payment.,Closed,,Low,IVR,Unmatched,Matched,Matched,USR65725,MCH1376,Mismatch,Mismatch
CBK0000330,TXN00002603,USR33908,MCH3923,2026-02-19 00:11:00,2026-02-20 00:00:00,2150.04,Fraud,suspicious high-value payment disputed by customer.,Open,2026-03-21 16:11:00,Medium,Chatbot,Unmatched,Unmatched,Matched,USR58940,MCH1325,Mismatch,Mismatch
CBK0001903,TXN00010389,USR31084,MCH8801,2026-01-29 00:00:00,2026-01-31 00:00:00,6649.93,Incorrect Amount,merchant service was not delivered after payment.,Rejected,2026-06-02 20:36:40,Low,Branch,Matched,Matched,Matched,USR31212,MCH7781,Mismatch,Mismatch
CBK0002313,TXN00009432,USR22939,MCH5264,2026-03-30 00:00:00,,1466.07,Customer Dispute,user says upi pin was not entered by them.,Open,2026-04-21 06:14:00,Medium,Call Center,Unmatched,Unmatched,Matched,USR72066,MCH4115,Mismatch,Mismatch
CBK0001773,TXN00016920,USR32081,MCH6850,2026-01-20 00:00:00,2026-01-20 00:00:00,2798.0,Merchant Not Delivered,user says upi pin was not entered by them. na,Closed,,Medium,Chatbot,Unmatched,Unmatched,Matched,USR33172,MCH2861,Mismatch,Mismatch
CBK0000808,TXN00006505,USR69795,MCH2065,2026-01-22 00:00:00,2026-01-25 00:00:00,2740.0,Customer Dispute,user claims account was compromised before transaction.,Resolved,2026-02-10 01:06:27,Medium,Chatbot,Unmatched,Unmatched,Matched,USR99390,MCH1708,Mismatch,Mismatch
CBK0002383,TXN00000491,USR82159,MCH4802,2026-02-01 05:37:43,2026-02-01 00:00:00,929.69,Merchant Not Delivered,customer says amount was debited twice.,In Progress,2026-02-13 00:00:00,Medium,Branch,Unmatched,Matched,Matched,USR85148,MCH7278,Mismatch,Mismatch
CBK0001970,TXN00018732,USR27533,MCH1428,2026-02-07 00:00:00,2026-11-02 00:00:00,2042.84,Service Failed,user says upi pin was not entered by them.,Open,2026-02-23 04:55:14,High,Branch,Matched,Matched,Matched,USR10391,MCH2155,Mismatch,Mismatch
CBK0001582,TXN00016057,USR78482,MCH9821,2026-01-18 01:06:00,2026-01-19 00:00:00,3429.16,Customer Dispute,customer says amount was debited twice.,Closed,,High,Chatbot,Matched,Matched,Matched,USR64127,MCH4608,Mismatch,Mismatch
CBK0000241,TXN00009866,USR33877,MCH1509,2026-02-21 16:02:00,2026-02-23 00:00:00,6769.33,Incorrect Amount,payment made to unknown merchant as per customer statement.,Resolved,2026-11-03 23:02:56,Medium,IVR,Unmatched,Matched,Matched,USR16569,MCH3305,Mismatch,Mismatch
CBK0001895,TXN00015855,USR98971,MCH6850,2026-01-20 00:00:00,2026-02-19 00:00:00,3458.58,Customer Dispute,user claims account was compromised before transaction.,Resolved,2026-03-15 22:42:00,Medium,Branch,Matched,Unmatched,Matched,USR63589,MCH7273,Mismatch,Mismatch
CBK0000771,TXN00009466,USR62254,MCH5885,2026-03-29 00:00:00,2026-04-01 00:20:18,11523.08,Merchant Not Delivered,payment made to unknown merchant as per customer statement.,Pending Bank,2026-04-18 00:00:00,Critical,Chatbot,Matched,Unmatched,Matched,USR85527,MCH3548,Mismatch,Mismatch
CBK0002340,TXN00012698,USR17047,MCH3815,2026-03-12 00:00:00,2026-03-14 00:00:00,2283.53,Account Compromised,user reports money deducted but merchant denies receiving payment.,Pending Bank,2026-03-25 05:16:35,High,Email,Unmatched,Unmatched,Matched,USR35430,MCH1117,Mismatch,Mismatch
CBK0001252,TXN00004709,USR59225,MCH8154,2026-01-21 02:55:00,2026-01-22 20:55:00,741.74,Incorrect Amount,user claims account was compromised before transaction.,Pending Bank,2026-01-30 00:00:00,Low,App,Matched,Matched,Matched,USR88583,MCH5454,Mismatch,Mismatch
CBK0001041,TXN00010337,USR26761,MCH7733,2026-05-01 00:00:00,2026-01-13 08:17:17,2203.0,Fraud,merchant service was not delivered after payment.,Pending Bank,2026-05-02 00:00:00,Low,Chatbot,Matched,Matched,Matched,USR68525,MCH5111,Mismatch,Mismatch
CBK0000450,TXN00001983,USR22405,MCH9291,2026-03-01 22:52:22,2026-03-12 00:00:00,1315.22,Unauthorized Transaction,user claims account was compromised before transaction.,Closed,2026-03-23 00:00:00,High,Branch,Unmatched,Matched,Matched,USR52842,MCH8387,Mismatch,Mismatch
CBK0000944,TXN00005837,USR50434,MCH6459,,2026-02-24 00:00:00,438.11,Duplicate Debit,complaint received after multiple failed attempts.,Rejected,,Low,Call Center,Matched,Unmatched,Matched,USR34941,MCH1191,Mismatch,Mismatch
CBK0000402,TXN00002200,USR69672,MCH6960,2026-09-02 08:40:20,2026-02-12 00:00:00,3741.98,Customer Dispute,payment made to unknown merchant as per customer statement.,In Progress,,Low,Call Center,Unmatched,Matched,Matched,USR43619,MCH4784,Mismatch,Mismatch
CBK0001528,TXN00007889,USR97360,MCH4970,2026-03-20 00:00:00,,3625.88,Fraud,customer says transaction was not authorized.,Pending Bank,2026-05-04 00:00:00,Medium,IVR,Unmatched,Unmatched,Matched,USR29278,MCH2987,Mismatch,Mismatch
CBK0001228,TXN00005490,USR81497,MCH2383,2026-03-22 00:00:00,2026-03-25 00:00:00,,Fraud,customer says amount was debited twice.,Open,2026-04-13 00:00:00,Medium,Branch,Matched,Matched,Matched,USR41600,MCH8006,Mismatch,Mismatch
CBK0001342,TXN00000213,USR40195,MCH3586,2026-02-17 07:41:15,2026-02-24 23:41:15,658.27,Customer Dispute,payment made to unknown merchant as per customer statement.,Closed,2026-09-03 00:00:00,Medium,Branch,Unmatched,Matched,Matched,USR62341,MCH3368,Mismatch,Mismatch
CBK0002105,TXN00012640,USR96038,MCH7326,2026-02-19 00:00:00,2026-03-07 00:00:00,3800.84,Duplicate Debit,user reports money deducted but merchant denies receiving payment.,In Progress,2026-03-17 04:15:00,High,Chatbot,Matched,Matched,Matched,USR74237,MCH7304,Mismatch,Mismatch
CBK0002339,TXN00002981,USR58082,MCH2266,2026-02-11 21:42:41,2026-02-13 19:42:41,7275.81,Customer Dispute,suspicious high-value payment disputed by cust.,Rejected,,High,Call Center,Unmatched,Matched,Matched,USR22040,MCH1887,Mismatch,Mismatch
CBK0002209,TXN00007219,USR48423,MCH2383,2026-02-21 00:00:00,2026-02-24 01:52:32,5143.78,Merchant Not Delivered,user reports money deducted but merchant denies receiving payment. call dropped,Resolved,2026-01-03 00:00:00,Low,Chatbot,Unmatched,Matched,Matched,USR16682,MCH1848,Mismatch,Mismatch
CBK0002399,TXN00015080,USR43847,MCH7901,2026-02-15 00:00:00,2026-02-16 00:00:00,17242.91,Duplicate Debit,customer says transaction was not authorized.,Closed,2026-03-17 00:00:00,Medium,Branch,Unmatched,Matched,Matched,USR29285,MCH1043,Mismatch,Mismatch
CBK0000113,TXN00008131,USR37470,MCH4899,2026-03-27 23:37:00,2026-03-31 00:00:00,2367.83,Merchant Not Delivered,suspicious high-value payment disputed by customer.,Resolved,,Low,App,Matched,Unmatched,Matched,USR21400,MCH8616,Mismatch,Mismatch
CBK0001248,TXN00012952,USR21667,MCH2739,2026-02-02 08:39:00,2026-02-18 02:39:13,596.6,Merchant Not Delivered,customer says transaction was not authorized.,Pending Bank,,Low,Chatbot,Matched,Unmatched,Matched,USR28594,MCH7698,Mismatch,Mismatch
CBK0002189,TXN00001962,USR79577,MCH4590,2026-03-19 00:00:00,2026-03-24 13:53:58,,Merchant Not Delivered,user reports money deducted but merchant denies receiving payment.,Resolved,2026-03-26 00:00:00,Medium,Call Center,Unmatched,Unmatched,Matched,USR94833,MCH5231,Mismatch,Mismatch
CBK0002042,TXN00004367,USR27533,MCH4473,2026-03-09 00:00:00,2026-04-24 16:40:44,2126.85,Merchant Not Delivered,user claims account was compromised before transaction.,Resolved,2026-05-23 16:40:00,High,App,Matched,Unmatched,Matched,USR14823,MCH8130,Mismatch,Mismatch
CBK0001782,TXN00014790,USR75856,MCH6661,2026-01-26 00:00:00,2026-01-27 06:56:34,350.19,Account Compromised,merchant service was not delivered after payment.,Rejected,,Medium,Call Center,Matched,Unmatched,Matched,USR11862,MCH1764,Mismatch,Mismatch
CBK0002374,TXN00005973,USR96482,MCH8041,,2026-02-07 00:00:00,10229.48,Unauthorized Transaction,user claims account was compromised before transaction.,Pending Bank,2026-02-22 00:00:00,Medium,App,Unmatched,Unmatched,Matched,USR98871,MCH6880,Mismatch,Mismatch
CBK0000175,TXN00009098,USR33215,MCH3992,2026-01-04 00:23:38,2026-01-01 00:23:00,4947.89,Service Failed,payment made to unknown merchant as per customer statement.,Closed,2026-01-28 00:00:00,Low,IVR,Unmatched,Unmatched,Matched,USR24790,MCH4543,Mismatch,Mismatch
CBK0002088,TXN00008054,USR62622,MCH9449,2026-02-18 13:04:00,2026-02-24 00:00:00,1065.28,Account Compromised,complaint received after multiple failed attempts.,Open,2026-03-22 07:04:00,High,Chatbot,Unmatched,Unmatched,Matched,USR58623,MCH6834,Mismatch,Mismatch
CBK0000524,TXN00015049,USR87914,MCH2893,2026-01-19 00:00:00,2026-01-15 00:00:00,1148.57,Fraud,merchant service was not delivered after payment.,In Progress,2026-01-02 00:00:00,Medium,Email,Unmatched,Unmatched,Matched,USR70822,MCH5307,Mismatch,Mismatch
CBK0000998,TXN00003928,USR14815,MCH1685,2026-01-15 00:00:00,2026-01-17 15:37:13,3481.55,Duplicate Debit,suspicious high-value payment disputed by customer.,In Progress,2026-01-24 00:00:00,Critical,Email,Unmatched,Unmatched,Matched,USR69388,MCH6658,Mismatch,Mismatch
CBK0001030,TXN00015761,USR84665,MCH9176,,2026-02-09 00:00:00,1091.95,Incorrect Amount,customer complaint text unclear due to poor call center notes.,In Progress,2026-02-15 00:00:00,Low,Branch,Unmatched,Matched,Matched,USR95279,MCH5302,Mismatch,Mismatch
CBK0001296,TXN00000132,USR44587,MCH4473,2026-05-02 00:00:00,2026-02-08 02:36:00,548.59,Unauthorized Transaction,payment made to unknown merchant as per customer statement.,In Progress,2026-02-14 02:36:00,Medium,App,Matched,Unmatched,Matched,USR43994,MCH5882,Mismatch,Mismatch
CBK0000703,TXN00008400,USR58377,MCH6418,2026-02-08 00:00:00,2026-11-02 00:00:00,1939.11,Account Compromised,user reports money deducted but merchant denies receiving payment.,Open,,Low,App,Unmatched,Matched,Matched,USR16956,MCH3271,Mismatch,Mismatch
CBK0002094,TXN00005575,USR62840,MCH8723,2026-01-03 14:47:00,2026-01-05 00:00:00,1946.37,Unauthorized Transaction,user reports money deducted but merchant denies receiving payment.,Pending Bank,2026-02-04 00:00:00,Medium,IVR,Unmatched,Unmatched,Matched,USR86881,MCH8505,Mismatch,Mismatch
CBK0002219,TXN00005580,USR84190,MCH8763,2026-01-14 11:35:35,2026-01-25 00:00:00,3654.65,Duplicate Debit,suspicious high-value payment disputed by customer.,Resolved,2026-02-21 00:00:00,High,Branch,Unmatched,Unmatched,Matched,USR30667,MCH3841,Mismatch,Mismatch
CBK0000636,TXN00018402,USR46308,MCH2781,,2026-02-27 00:00:00,1848.85,Account Compromised,user claims account was compromised before transaction. details missing,Closed,2026-07-03 15:34:55,Low,IVR,Unmatched,Unmatched,Matched,USR61095,MCH8526,Mismatch,Mismatch
CBK0000682,TXN00002422,USR74392,MCH7833,2026-03-25 00:00:00,2026-03-29 02:21:00,412.17,Duplicate Debit,customer complaint text unclear due to poor call center notes.,Rejected,2026-04-07 00:00:00,Medium,Branch,Matched,Matched,Matched,USR94048,MCH9925,Mismatch,Mismatch
CBK0002335,TXN00000843,USR66411,MCH2439,2026-03-30 00:00:00,2026-05-04 00:00:00,1440.33,Customer Dispute,user says upi pin was not entered by them.,Open,2026-04-29 00:00:00,Low,Email,Unmatched,Unmatched,Matched,USR29672,MCH9861,Mismatch,Mismatch
CBK0000482,TXN00014460,USR25683,MCH5655,2026-07-02 00:00:00,2026-02-07 21:08:40,651.01,Merchant Not Delivered,payment made to unknown merchant as per customer statement. details missing,Resolved,2026-02-14 21:08:00,High,IVR,Unmatched,Unmatched,Matched,USR68673,MCH2623,Mismatch,Mismatch
CBK0002658,TXN00001412,USR91038,MCH9217,,2026-02-27 07:04:24,2142.0,Incorrect Amount,suspicious high-value payment disputed by customer.,In Progress,2026-03-15 07:04:00,High,Branch,Unmatched,Unmatched,Matched,USR34199,MCH6958,Mismatch,Mismatch
CBK0002744,TXN00012832,USR47729,MCH4521,2026-03-05 03:30:57,2026-04-04 00:00:00,,Unauthorized Transaction,customer says transaction was not authorized.,In Progress,2026-04-29 22:30:57,Low,IVR,Unmatched,Matched,Matched,USR32716,MCH5009,Mismatch,Mismatch
CBK0002582,TXN00016961,USR66391,MCH2476,2026-03-15 00:00:00,2026-03-16 00:00:00,508.34,Fraud,merchant service was not delivered after payment.,Pending Bank,2026-03-30 16:16:00,Critical,App,Unmatched,Matched,Matched,USR53948,MCH9431,Mismatch,Mismatch
CBK0002422,TXN00019169,USR46308,MCH9028,2026-03-26 00:00:00,2026-03-29 00:00:00,8504.48,Unauthorized Transaction,user claims account was compromised before transaction.,In Progress,,High,Call Center,Unmatched,Unmatched,Matched,USR46758,MCH9596,Mismatch,Mismatch
CBK0002389,TXN00013105,USR51442,MCH8389,2026-01-15 00:00:00,,,Account Compromised,complaint received after multiple failed attempts.,Rejected,2026-01-27 14:40:00,Low,Email,Matched,Matched,Matched,USR82413,MCH4471,Mismatch,Mismatch
CBK0002504,TXN00010218,USR72223,MCH9305,2026-02-12 00:00:00,2026-02-14 00:00:00,1320.18,Account Compromised,customer says transaction was not authorized.,Rejected,2026-02-25 20:16:09,Medium,Call Center,Matched,Unmatched,Matched,USR53938,MCH4339,Mismatch,Mismatch
CBK0000413,TXN00014824,USR46130,MCH3100,,2026-01-28 16:44:01,898.64,Customer Dispute,user claims account was compromised before transaction.,In Progress,,Low,IVR,Unmatched,Unmatched,Matched,USR12134,MCH2028,Mismatch,Mismatch
CBK0000735,TXN00011503,USR69437,MCH4181,2026-03-09 00:00:00,2026-12-03 00:00:00,2059.59,Merchant Not Delivered,user claims account was compromised before transaction.,Resolved,2026-03-20 00:00:00,Low,Call Center,Matched,Unmatched,Matched,USR68805,MCH8173,Mismatch,Mismatch
CBK0001131,,USR67135,MCH5078,2026-02-27 00:00:00,2026-03-01 00:00:00,2342.67,Account Compromised,payment made to unknown merchant as per customer statement.,Resolved,2026-03-03 12:32:06,Medium,IVR,Unmatched,Unmatched,Unmatched,,,Not Applicable,Not Applicable
CBK0001289,TXN00014346,USR42041,MCH2938,2026-01-31 00:00:00,2026-02-16 00:00:00,1908.15,Service Failed,user claims account was compromised before transaction.,Pending Bank,2026-04-03 06:21:47,Low,IVR,Unmatched,Matched,Matched,USR21498,MCH8296,Mismatch,Mismatch
CBK0002650,TXN00017156,USR66478,MCH1329,2026-02-17 00:00:00,2026-02-21 00:00:00,2089.48,Customer Dispute,user claims account was compromised before transaction. urgent,Open,2026-03-22 06:13:00,Medium,Branch,Unmatched,Unmatched,Matched,USR36687,MCH1308,Mismatch,Mismatch
CBK0001859,TXN00011491,USR73845,MCH2215,2026-01-14 00:00:00,2026-01-18 00:00:00,1506.11,Account Compromised,customer complaint text unclear due to poor call center notes.,In Progress,2026-02-16 05:51:47,Low,Branch,Matched,Matched,Matched,USR60144,MCH5808,Mismatch,Mismatch
CBK0000993,TXN00007102,USR24926,MCH7286,2026-03-23 00:26:00,2026-03-28 00:00:00,11415.12,Merchant Not Delivered,customer says amount was debited twice.,In Progress,2026-06-04 00:00:00,Medium,App,Matched,Unmatched,Matched,USR78762,MCH2681,Mismatch,Mismatch
CBK0000018,TXN00013395,USR33081,MCH5650,2026-01-08 00:00:00,2026-10-01 00:00:00,6485.64,Account Compromised,merchant service was not delivered after payment.,Closed,,Medium,Chatbot,Unmatched,Unmatched,Matched,USR84875,MCH7140,Mismatch,Mismatch
CBK0001108,TXN00002909,USR19725,MCH3152,2026-03-10 00:00:00,2026-11-03 00:00:00,450.33,Unauthorized Transaction,customer says amount was debited twice.,Closed,2026-05-04 09:32:45,Low,Email,Unmatched,Unmatched,Matched,USR44208,MCH1579,Mismatch,Mismatch
CBK0001698,TXN00015223,USR23621,MCH7119,2026-08-02 05:56:19,2026-09-02 00:00:00,1336.12,Merchant Not Delivered,merchant service was not delivered after payment.,Resolved,,Medium,Email,Unmatched,Unmatched,Matched,USR46774,MCH1443,Mismatch,Mismatch
CBK0001803,TXN00007718,USR33934,MCH1524,2026-03-26 00:00:00,2026-03-28 00:00:00,1496.09,Unauthorized Transaction,user reports money deducted but merchant denies receiving payment.,In Progress,2026-04-18 00:00:00,High,Email,Matched,Unmatched,Matched,USR11785,MCH5330,Mismatch,Mismatch
CBK0002290,TXN00008903,USR27947,MCH7284,2026-02-17 16:33:46,2026-02-24 00:00:00,601.89,Fraud,suspicious high-value payment disputed by customer.,In Progress,2026-01-03 00:00:00,Critical,App,Matched,Unmatched,Matched,USR91276,MCH2516,Mismatch,Mismatch
CBK0001371,TXN00005048,USR43424,MCH1320,2026-09-02 00:00:00,2026-10-02 00:00:00,2992.52,Duplicate Debit,user says upi pin was not entered by them.,Resolved,2026-12-03 00:00:00,High,IVR,Unmatched,Matched,Matched,USR41615,MCH5712,Mismatch,Mismatch
CBK0001482,TXN00002314,USR23329,MCH8420,2026-03-05 14:48:39,2026-03-08 00:00:00,505.0,Merchant Not Delivered,user reports money deducted but merchant denies receiving payment.,Closed,2026-03-27 00:00:00,High,Branch,Matched,Unmatched,Matched,USR72446,MCH8846,Mismatch,Mismatch
CBK0001684,TXN00010572,USR52501,MCH5980,2026-05-01 00:00:00,2026-01-07 00:00:00,1964.0,Account Compromised,customer complaint text unclear due to poor call center notes.,Rejected,2026-01-22 00:00:00,High,Chatbot,Unmatched,Matched,Matched,USR56129,MCH6209,Mismatch,Mismatch
CBK0000960,TXN00012384,USR41135,MCH6810,2026-03-21 00:00:00,,461.01,Unauthorized Transaction,suspicious high-value payment disputed by customer.,Pending Bank,2026-05-06 07:01:38,Medium,IVR,Matched,Unmatched,Matched,USR88733,MCH2701,Mismatch,Mismatch
CBK0001812,TXN00006460,USR29769,MCH9537,,2026-02-09 00:00:00,3745.94,Duplicate Debit,suspicious high-value payment disputed by customer.,Pending Bank,2026-03-01 15:46:53,Medium,IVR,Matched,Matched,Matched,USR90432,MCH4531,Mismatch,Mismatch
CBK0001272,TXN00018901,USR79175,MCH4473,2026-01-12 00:00:00,2026-01-15 00:00:00,2585.0,Incorrect Amount,customer says txn was not authorized.,In Progress,2026-02-12 19:51:00,Low,Chatbot,Unmatched,Unmatched,Matched,USR14801,MCH3610,Mismatch,Mismatch
CBK0000367,TXN00017265,USR30537,MCH6902,2026-01-10 00:00:00,2026-01-25 16:37:52,2120.67,Merchant Not Delivered,user says upi pin was not entered by them.,Resolved,2026-02-18 00:00:00,Low,Chatbot,Unmatched,Unmatched,Matched,USR55217,MCH8758,Mismatch,Mismatch
CBK0001546,TXN00006374,USR50077,MCH5655,2026-01-26 00:00:00,2026-01-29 00:00:00,328.81,Fraud,customer says amount was debited twice.,Open,2026-02-15 05:29:55,Medium,App,Matched,Unmatched,Matched,USR48489,MCH6818,Mismatch,Mismatch
CBK0000287,TXN00015777,USR40538,MCH2822,2026-03-27 00:00:00,2026-04-11 18:19:42,4982.63,Fraud,payment made to unknown merchant as per customer statement.,In Progress,2026-11-05 18:19:42,Low,App,Unmatched,Unmatched,Matched,USR21242,MCH3132,Mismatch,Mismatch
CBK0001822,TXN00010858,USR89549,MCH5264,2026-01-16 00:00:00,2026-01-21 00:00:00,624.0,Account Compromised,payment made to unknown merchant as per customer statement.,In Progress,2026-02-04 07:12:00,Medium,Call Center,Matched,Unmatched,Matched,USR79349,MCH6214,Mismatch,Mismatch
CBK0000728,TXN00018012,USR11036,MCH8256,2026-03-26 00:00:00,2026-03-28 00:00:00,722.5,Incorrect Amount,payment made to unknown merchant as per customer statement.,Closed,,Low,Chatbot,Unmatched,Unmatched,Matched,USR52812,MCH2002,Mismatch,Mismatch
CBK0000662,TXN00001154,USR55160,MCH3733,2026-09-01 00:00:00,2026-01-15 13:39:00,336.21,Merchant Not Delivered,complaint received after multiple failed attempts.,In Progress,2026-01-22 13:39:35,Medium,App,Matched,Matched,Matched,USR53745,MCH4765,Mismatch,Mismatch
CBK0002338,TXN00001443,USR39700,MCH7714,2026-02-24 00:00:00,2026-02-27 22:03:00,1732.28,Duplicate Debit,user reports money deducted but merchant denies receiving payment.,In Progress,2026-03-20 00:00:00,Medium,Chatbot,Matched,Matched,Matched,USR52274,MCH4411,Mismatch,Mismatch
CBK0001467,TXN00008130,USR27544,MCH4226,,2026-01-07 00:00:00,482.6,Merchant Not Delivered,merchant service was not delivered after payment.,Rejected,2026-01-13 00:00:00,Medium,Email,Unmatched,Unmatched,Matched,USR12919,MCH2098,Mismatch,Mismatch
CBK0001290,TXN00009715,USR21449,MCH9881,2026-01-07 22:39:00,2026-01-23 00:00:00,1200.75,Incorrect Amount,payment made to unknown merchant as per customer statement.,Closed,2026-02-04 00:00:00,Low,App,Unmatched,Matched,Matched,USR32457,MCH8119,Mismatch,Mismatch
CBK0002411,TXN00013763,USR34955,MCH8491,2026-03-20 00:00:00,2026-03-23 00:00:00,306.11,Merchant Not Delivered,user claims account was compromised before transaction. details missing,Pending Bank,2026-04-16 00:00:00,Medium,IVR,Unmatched,Unmatched,Matched,USR84694,MCH8994,Mismatch,Mismatch
CBK0001598,TXN00005489,USR33874,MCH6555,2026-03-16 00:00:00,2026-03-17 11:42:00,3170.75,Fraud,user says upi pin was not entered by them.,Closed,2026-03-23 11:42:34,Medium,Call Center,Matched,Matched,Matched,USR36033,MCH8556,Mismatch,Mismatch
CBK0001414,TXN00000954,USR60939,MCH6568,2026-02-01 00:00:00,2026-02-02 00:00:00,12462.99,Account Compromised,user says upi pin was not entered by them.,Resolved,2026-02-18 00:00:00,Medium,Chatbot,Unmatched,Matched,Matched,USR54714,MCH8255,Mismatch,Mismatch
CBK0001223,,USR85507,MCH1883,2026-03-04 00:00:00,2026-04-03 00:00:00,1472.04,Unauthorized Transaction,merchant service was not delivered after payment.,Pending Bank,2026-04-22 00:00:00,Low,Call Center,Unmatched,Matched,Unmatched,,,Not Applicable,Not Applicable
CBK0002142,TXN00001780,USR87262,MCH1774,2026-01-31 00:00:00,2026-02-05 22:35:00,2351.6,Unauthorized Transaction,customer says amount was debited twice.,Open,2026-03-07 00:00:00,High,Chatbot,Unmatched,Matched,Matched,USR96925,MCH9550,Mismatch,Mismatch
CBK0001623,TXN00004018,USR77422,MCH8838,2026-02-13 00:00:00,,11729.72,Merchant Not Delivered,payment made to unknown merchant as per customer statement.,In Progress,2026-01-03 01:02:03,Medium,Chatbot,Unmatched,Matched,Matched,USR94849,MCH5480,Mismatch,Mismatch
CBK0002342,TXN00018954,USR46617,MCH4286,2026-01-21 00:00:00,2026-03-07 18:04:46,3630.2,Merchant Not Delivered,user reports money deducted but merchant denies receiving payment. na,Rejected,2026-03-20 00:00:00,High,App,Unmatched,Unmatched,Matched,USR14891,MCH9338,Mismatch,Mismatch
CBK0001569,TXN00014298,USR48625,MCH4181,2026-01-23 00:00:00,2026-10-03 00:00:00,665.91,Fraud,customer says transaction was not authorized.,In Progress,,Medium,Chatbot,Matched,Unmatched,Matched,USR45690,MCH6744,Mismatch,Mismatch
CBK0001353,TXN00019934,USR64893,MCH1320,,2026-02-21 00:00:00,2640.42,Unauthorized Transaction,complaint received after multiple failed attempts.,Pending Bank,,Low,IVR,Unmatched,Matched,Matched,USR84511,MCH1434,Mismatch,Mismatch
CBK0001894,TXN00013090,USR24730,MCH4226,2026-02-02 17:30:06,2026-05-02 00:00:00,1588.36,Account Compromised,customer complaint text unclear due to poor call center notes.,In Progress,,Medium,App,Unmatched,Unmatched,Matched,USR32624,MCH5487,Mismatch,Mismatch
CBK0001522,TXN00013545,USR75846,MCH9344,2026-02-07 00:00:00,2026-02-12 00:00:00,2483.0,Incorrect Amount,payment made to unknown merchant as per customer statement.,Resolved,2026-02-18 00:00:00,Low,Chatbot,Unmatched,Unmatched,Matched,USR44395,MCH1008,Mismatch,Mismatch
CBK0001502,TXN00006961,USR72785,MCH4196,2026-01-31 00:00:00,2026-03-02 00:00:00,2280.65,Incorrect Amount,suspicious high-value payment disputed by customer. urgent,Open,2026-02-07 00:00:00,Medium,IVR,Unmatched,Unmatched,Matched,USR92802,MCH5267,Mismatch,Mismatch
CBK0000709,TXN00011910,USR78593,MCH3912,2026-08-03 00:00:00,2026-03-15 00:00:00,3498.93,Account Compromised,suspicious high-value payment disputed by customer.,Rejected,2026-04-11 00:00:00,Low,Chatbot,Unmatched,Unmatched,Matched,USR93515,MCH8705,Mismatch,Mismatch
CBK0000010,TXN00006640,USR52772,MCH3725,2026-02-25 23:06:00,2026-02-27 03:06:00,,Account Compromised,user claims account was compromised before transaction.,Closed,,Low,App,Unmatched,Matched,Matched,USR52854,MCH4013,Mismatch,Mismatch
CBK0000091,TXN00014621,USR78310,MCH9002,2026-03-09 00:00:00,2026-03-16 00:00:00,264.51,Merchant Not Delivered,complaint received after multiple failed attempts.,Open,,Medium,IVR,Unmatched,Matched,Matched,USR27912,MCH2675,Mismatch,Mismatch
CBK0002557,TXN00039623,USR35327,MCH3415,2026-02-14 02:29:00,2026-02-21 00:00:00,935.0,Customer Dispute,customer says amount was debited twice.,Resolved,2026-03-14 00:00:00,Critical,Chatbot,Unmatched,Matched,Unmatched,,,Not Applicable,Not Applicable
CBK0000909,TXN00006059,USR60322,MCH5605,2026-02-22 00:00:00,2026-02-23 00:00:00,11598.12,Duplicate Debit,customer complaint text unclear due to poor call center notes.,In Progress,2026-08-03 00:00:00,Medium,Call Center,Matched,Unmatched,Matched,USR40653,MCH8186,Mismatch,Mismatch
CBK0000677,TXN00003443,USR88570,MCH2055,2026-02-05 00:00:00,2026-02-12 00:00:00,7308.16,Fraud,suspicious high-value payment disputed by customer.,Open,2026-02-21 00:00:00,Low,Email,Unmatched,Unmatched,Matched,USR48048,MCH1778,Mismatch,Mismatch
CBK0000435,TXN00009091,USR82248,MCH5691,2026-02-28 11:29:00,2026-03-02 00:00:00,358.42,Incorrect Amount,user reports money deducted but merchant denies receiving payment.,Open,2026-03-21 00:00:00,Medium,App,Unmatched,Unmatched,Matched,USR58655,MCH1509,Mismatch,Mismatch
CBK0001325,TXN00012946,USR82083,MCH7565,2026-03-15 00:00:00,2026-03-22 00:00:00,315.95,Fraud,customer says transaction was not authorized.,Rejected,2026-09-04 00:00:00,High,Branch,Matched,Unmatched,Matched,USR76675,MCH1895,Mismatch,Mismatch
CBK0001746,TXN00015688,USR40061,MCH5969,2026-01-13 00:00:00,2026-01-19 10:27:00,3314.0,Account Compromised,payment made to unknown merchant as per customer statement.,Pending Bank,2026-02-13 00:00:00,Medium,Chatbot,Matched,Unmatched,Matched,USR73696,MCH7213,Mismatch,Mismatch
CBK0000895,TXN00007313,USR93581,MCH5980,2026-01-10 00:00:00,2026-01-12 10:24:00,802.19,Merchant Not Delivered,customer complaint text unclear due to poor call center notes.,In Progress,2026-01-27 00:00:00,High,App,Unmatched,Matched,Matched,USR45443,MCH3052,Mismatch,Mismatch
CBK0000249,TXN00011669,USR26768,MCH8390,2026-03-30 00:00:00,2026-03-04 16:51:59,19475.24,Unauthorized Transaction,user claims account was compromised before transaction.,In Progress,,Medium,Chatbot,Unmatched,Matched,Matched,USR82876,MCH8776,Mismatch,Mismatch
CBK0002573,TXN00007177,USR70317,MCH8645,2026-02-05 17:12:29,2026-02-06 00:00:00,2183.89,Fraud,merchant service was not delivered after payment.,Resolved,2026-02-18 00:00:00,Low,Call Center,Unmatched,Matched,Matched,USR82947,MCH9742,Mismatch,Mismatch
CBK0001564,TXN00001739,USR36402,MCH6953,2026-02-04 00:00:00,2026-03-06 14:33:00,482.37,Duplicate Debit,customer complaint text unclear due to poor call center notes.,In Progress,2026-03-16 00:00:00,Low,Email,Matched,Matched,Matched,USR51488,MCH9526,Mismatch,Mismatch
CBK0001059,TXN00009260,USR29465,MCH3341,2026-01-14 00:00:00,2026-01-21 00:00:00,5136.75,Incorrect Amount,customer says transaction was not authorized.,Open,2026-06-02 23:34:05,Low,Branch,Unmatched,Matched,Matched,USR13511,MCH1993,Mismatch,Mismatch
CBK0001785,TXN00018150,USR30819,MCH3100,2026-12-01 00:00:00,2026-01-09 00:00:00,1285.26,Account Compromised,user claims account was compromised before txn.,In Progress,2026-01-09 00:00:00,Medium,Branch,Unmatched,Unmatched,Matched,USR24409,MCH5139,Mismatch,Mismatch
CBK0000387,TXN00001261,USR11270,MCH4799,2026-03-22 00:00:00,2026-03-23 00:00:00,1010.81,Incorrect Amount,payment made to unknown merchant as per customer statement.,Resolved,,Low,App,Unmatched,Unmatched,Matched,USR32950,MCH8114,Mismatch,Mismatch
CBK0000166,TXN00011027,USR82338,MCH2856,2026-02-06 00:48:39,,1781.0,Duplicate Debit,customer complaint text unclear due to poor call center notes.,Pending Bank,2026-02-09 00:00:00,Medium,Call Center,Matched,Unmatched,Matched,USR91166,MCH2247,Mismatch,Mismatch
CBK0000288,TXN00055417,USR41398,MCH1803,2026-03-23 00:00:00,2026-03-25 07:56:30,9306.13,Unauthorized Transaction,payment made to unknown merchant as per customer statement.,In Progress,,Low,Chatbot,Matched,Unmatched,Unmatched,,,Not Applicable,Not Applicable
CBK0000195,TXN00014413,USR30474,MCH8961,2026-02-01 11:42:38,2026-01-06 09:42:00,2399.47,Merchant Not Delivered,customer says transaction was not authorized.,In Progress,2026-01-11 00:00:00,Medium,IVR,Matched,Unmatched,Matched,USR53172,MCH4846,Mismatch,Mismatch
CBK0001761,TXN00014440,USR24857,MCH1433,2026-01-14 00:00:00,2026-01-16 18:29:00,12244.08,Account Compromised,customer complaint text unclear due to poor call center notes. call dropped,Open,,High,Branch,Unmatched,Unmatched,Matched,USR58627,MCH5195,Mismatch,Mismatch
CBK0001753,TXN00002207,USR56780,MCH9581,,2026-03-28 00:00:00,326.69,Account Compromised,payment made to unknown merchant as per customer statement.,Pending Bank,2026-04-18 00:00:00,High,Chatbot,Unmatched,Unmatched,Matched,USR84725,MCH5963,Mismatch,Mismatch
CBK0000020,TXN00010227,USR97817,MCH7570,2026-02-20 00:00:00,2026-02-24 00:00:00,258.0,Merchant Not Delivered,merchant service was not delivered after payment.,Resolved,2026-03-21 00:00:00,High,Branch,Matched,Unmatched,Matched,USR54517,MCH6944,Mismatch,Mismatch
CBK0000942,TXN00000964,USR78941,MCH3992,2026-03-29 15:18:17,2026-04-06 00:00:00,2761.55,Duplicate Debit,suspicious high-value payment disputed by customer.,Resolved,2026-04-06 02:18:00,Low,IVR,Unmatched,Unmatched,Matched,USR73908,MCH7164,Mismatch,Mismatch
CBK0002736,TXN00017399,USR27913,MCH5980,2026-01-26 19:18:00,2026-01-27 00:00:00,685.65,Merchant Not Delivered,customer complaint text unclear due to poor call center notes.,Rejected,,Critical,Chatbot,Unmatched,Matched,Matched,USR31377,MCH4627,Mismatch,Mismatch
CBK0000940,TXN00012142,USR51720,MCH2099,2026-03-17 12:23:25,2026-03-20 00:00:00,355.28,Duplicate Debit,customer says transaction was not authorized.,Resolved,2026-03-20 00:00:00,High,Email,Unmatched,Matched,Matched,USR65020,MCH4250,Mismatch,Mismatch
CBK0000031,TXN00005788,USR80678,MCH4473,,2026-03-29 00:09:09,372.51,Duplicate Debit,user claims account was compromised before transaction.,Resolved,2026-03-29 00:09:09,Low,IVR,Matched,Unmatched,Matched,USR57422,MCH5416,Mismatch,Mismatch
CBK0001210,TXN00014187,USR80504,MCH2456,2026-03-18 00:00:00,2026-03-20 00:00:00,972.0,Fraud,complaint received after multiple failed attempts.,Resolved,2026-03-25 08:55:00,Low,Chatbot,Unmatched,Unmatched,Matched,USR30637,MCH6429,Mismatch,Mismatch
CBK0002670,TXN00018420,USR34122,MCH3807,,2026-03-12 19:55:00,2274.67,Merchant Not Delivered,payment made to unknown merchant as per customer statement.,Pending Bank,2026-03-28 00:00:00,High,Branch,Unmatched,Unmatched,Matched,USR30397,MCH5342,Mismatch,Mismatch
CBK0001707,TXN00006976,USR91675,MCH3676,2026-01-15 00:00:00,2026-01-16 02:55:00,1752.57,Account Compromised,customer says amount was debited twice.,Pending Bank,2026-02-13 02:55:52,Low,Email,Unmatched,Unmatched,Matched,USR93864,MCH3549,Mismatch,Mismatch
CBK0002073,TXN00007227,USR23350,MCH8136,,2026-02-03 00:00:00,1894.93,Incorrect Amount,customer complaint text unclear due to poor call center notes.,Open,,Medium,Branch,Unmatched,Matched,Matched,USR17198,MCH6538,Mismatch,Mismatch
CBK0001648,TXN00003335,USR96396,MCH5954,2026-03-28 00:00:00,2026-07-04 00:00:00,1426.02,Unauthorized Transaction,customer says transaction was not authorized.,Pending Bank,2026-05-05 00:00:00,High,IVR,Unmatched,Matched,Matched,USR35035,MCH5447,Mismatch,Mismatch
CBK0001755,TXN00008682,USR56480,MCH7833,2026-01-19 03:35:28,2026-01-20 22:35:28,5944.75,Unauthorized Transaction,suspicious high-value payment disputed by customer.,Closed,2026-01-21 00:00:00,Low,Chatbot,Unmatched,Matched,Matched,USR84133,MCH2409,Mismatch,Mismatch
CBK0000952,TXN00013323,USR46902,MCH2064,,2026-04-24 00:00:00,1986.27,Merchant Not Delivered,complaint received after multiple failed attempts.,Open,2026-05-19 00:00:00,Medium,Call Center,Matched,Matched,Matched,USR11584,MCH6409,Mismatch,Mismatch
CBK0002378,TXN00014450,USR74567,MCH5798,2026-03-10 00:00:00,2026-03-13 00:00:00,2438.0,Merchant Not Delivered,complaint received after multiple failed attempts.,In Progress,2026-03-13 23:03:21,Low,Chatbot,Matched,Matched,Matched,USR11582,MCH4162,Mismatch,Mismatch
CBK0001662,TXN00008240,USR43842,MCH7885,2026-06-01 00:00:00,2026-01-08 00:00:00,962.34,Merchant Not Delivered,merchant service was not delivered after payment.,Resolved,2026-01-18 19:29:00,High,Branch,Unmatched,Matched,Matched,USR53004,MCH8185,Mismatch,Mismatch
CBK0000275,TXN00037497,USR31937,MCH9768,2026-02-20 00:00:00,2026-02-23 00:00:00,419.0,Service Failed,complaint received after multiple failed attempts.,Resolved,2026-03-08 00:00:00,Critical,Chatbot,Unmatched,Unmatched,Unmatched,,,Not Applicable,Not Applicable
CBK0002206,TXN00009768,USR52915,MCH7051,,2026-03-16 00:00:00,5082.98,Unauthorized Transaction,payment made to unknown merchant as per customer statement.,Closed,2026-03-17 00:10:00,Critical,Email,Unmatched,Matched,Matched,USR84276,MCH3140,Mismatch,Mismatch
CBK0002687,TXN00017004,USR22471,MCH2822,2026-01-27 00:00:00,2026-01-29 03:06:00,645.98,Customer Dispute,user says upi pin was not entered by them.,In Progress,2026-02-11 00:00:00,Critical,Call Center,Matched,Unmatched,Matched,USR19587,MCH9639,Mismatch,Mismatch
CBK0000843,TXN00014470,USR23820,MCH3842,2026-03-14 00:00:00,2026-03-25 00:04:00,,Merchant Not Delivered,complaint received after multiple failed attempts.,Rejected,,Low,Call Center,Unmatched,Matched,Matched,USR35787,MCH3325,Mismatch,Mismatch
CBK0002212,TXN00010395,USR73737,MCH1395,2026-03-24 02:55:35,2026-03-31 00:00:00,4273.42,Merchant Not Delivered,customer says amount was debited twice. na,In Progress,2026-04-13 06:55:35,High,Chatbot,Unmatched,Matched,Matched,USR90145,MCH7336,Mismatch,Mismatch
CBK0002231,TXN00010167,USR37981,MCH7715,2026-08-03 00:00:00,2026-10-03 09:30:28,3121.8,Customer Dispute,customer says amount was debited twice.,In Progress,2026-08-04 00:00:00,Medium,Chatbot,Unmatched,Matched,Matched,USR57014,MCH7085,Mismatch,Mismatch
CBK0000475,TXN00015106,USR66875,MCH7661,2026-11-02 00:00:00,2026-02-18 00:00:00,4581.94,Duplicate Debit,suspicious high-value payment disputed by customer.,Open,,Medium,Email,Unmatched,Matched,Matched,USR47447,MCH8765,Mismatch,Mismatch
CBK0002741,TXN00016493,USR97428,MCH9290,,,1664.55,Account Compromised,complaint received after multiple failed attempts.,Closed,2026-03-21 00:00:00,Low,IVR,Unmatched,Matched,Matched,USR82379,MCH1937,Mismatch,Mismatch
CBK0001221,TXN00002325,USR19262,MCH7654,2026-03-28 01:43:00,,800.32,Merchant Not Delivered,payment made to unknown merchant as per customer statement.,In Progress,2026-04-26 00:00:00,High,Email,Unmatched,Matched,Matched,USR74298,MCH1854,Mismatch,Mismatch
CBK0000584,TXN00018381,USR66286,MCH3433,2026-01-24 00:00:00,2026-01-26 00:09:00,528.22,Account Compromised,suspicious high-value payment disputed by customer.,Open,2026-02-17 00:09:38,Low,IVR,Unmatched,Matched,Matched,USR95612,MCH9617,Mismatch,Mismatch
CBK0001297,TXN00002610,USR99997,MCH5710,2026-04-01 00:00:00,2026-10-01 07:41:28,784.51,Incorrect Amount,suspicious high-value payment disputed by customer.,Rejected,2026-09-02 07:41:28,Medium,App,Matched,Matched,Matched,USR11264,MCH2928,Mismatch,Mismatch
CBK0001860,TXN00000877,USR24833,MCH8648,2026-10-03 00:00:00,2026-03-11 00:00:00,1251.7,Incorrect Amount,suspicious high-value payment disputed by customer.,Resolved,2026-04-06 00:00:00,Low,IVR,Unmatched,Matched,Matched,USR42072,MCH9189,Mismatch,Mismatch
CBK0001456,TXN00003248,USR30500,MCH2822,2026-02-08 02:56:43,2026-02-09 00:00:00,10277.41,Unauthorized Transaction,suspicious high-value payment disputed by customer.,Pending Bank,2026-02-16 00:00:00,Critical,Call Center,Unmatched,Unmatched,Matched,USR55539,MCH4425,Mismatch,Mismatch
CBK0001261,TXN00001742,USR56247,MCH1220,2026-01-24 00:00:00,2026-02-03 00:00:00,1286.87,Fraud,customer complaint text unclear due to poor call center notes.,In Progress,2026-02-15 00:00:00,Low,IVR,Unmatched,Unmatched,Matched,USR21853,MCH3213,Mismatch,Mismatch
CBK0000638,TXN00006348,USR97580,MCH6624,2026-01-17 00:00:00,2026-01-21 00:00:00,506.14,Customer Dispute,user says upi pin was not entered by them.,In Progress,2026-01-27 00:24:00,Medium,Chatbot,Matched,Unmatched,Matched,USR91681,MCH8542,Mismatch,Mismatch
CBK0000029,TXN00006499,USR14810,MCH1545,2026-02-27 09:13:41,2026-03-01 20:13:00,640.77,Incorrect Amount,user says upi pin was not entered by them.,Closed,,Medium,Chatbot,Matched,Unmatched,Matched,USR36750,MCH3942,Mismatch,Mismatch
CBK0001349,TXN00011307,USR27947,MCH5452,2026-03-31 02:55:00,2026-03-31 19:55:24,4006.77,Account Compromised,user says upi pin was not entered by them.,Pending Bank,2026-04-06 00:00:00,Low,Call Center,Matched,Unmatched,Matched,USR44510,MCH2111,Mismatch,Mismatch
CBK0000751,TXN00008166,USR71704,MCH6694,,,813.72,Unauthorized Transaction,user claims account was compromised before transaction.,Rejected,2026-02-22 08:23:27,Medium,IVR,Unmatched,Unmatched,Matched,USR60475,MCH3096,Mismatch,Mismatch
CBK0001656,TXN00014355,USR49179,MCH9241,2026-03-31 00:00:00,2026-05-15 19:24:00,842.31,Duplicate Debit,customer says transaction was not authorized.,Open,2026-06-09 00:00:00,Low,Branch,Unmatched,Unmatched,Matched,USR25818,MCH1907,Mismatch,Mismatch
CBK0001674,TXN00013171,USR44076,MCH8679,2026-02-27 00:19:00,2026-04-13 00:00:00,1091.17,Account Compromised,customer complaint text unclear due to poor call center notes.,In Progress,2026-04-18 00:00:00,High,Branch,Unmatched,Matched,Matched,USR39123,MCH4986,Mismatch,Mismatch
CBK0000295,TXN00010097,USR30500,MCH3244,2026-02-20 01:27:00,2026-02-22 00:00:00,12885.17,Unauthorized Transaction,complaint received after multiple failed attempts.,Pending Bank,2026-03-19 00:00:00,Low,IVR,Unmatched,Matched,Matched,USR59241,MCH5066,Mismatch,Mismatch
CBK0000054,TXN00015105,USR35239,MCH9077,2026-03-26 00:00:00,2026-03-29 00:00:00,608.31,Customer Dispute,user claims account was compromised before transaction.,Rejected,2026-03-30 00:00:00,Low,IVR,Matched,Unmatched,Matched,USR71756,MCH9358,Mismatch,Mismatch
CBK0001078,TXN00001209,USR19922,MCH6850,2026-02-07 00:00:00,2026-02-13 00:00:00,2704.46,Merchant Not Delivered,user claims account was compromised before transaction.,In Progress,,Medium,Chatbot,Matched,Unmatched,Matched,USR97215,MCH6780,Mismatch,Mismatch
CBK0000768,TXN00002926,USR29277,MCH7998,2026-01-03 00:00:00,2026-02-18 00:00:00,1432.79,Customer Dispute,customer complaint text unclear due to poor call center notes.,Open,2026-02-19 00:00:00,Low,Chatbot,Unmatched,Unmatched,Matched,USR30575,MCH1382,Mismatch,Mismatch
CBK0002700,TXN00018891,USR69797,MCH5713,,2026-06-01 00:00:00,2154.46,Unauthorized Transaction,customer complaint text unclear due to poor call center notes.,Resolved,2026-02-04 20:17:00,High,Email,Unmatched,Unmatched,Matched,USR65258,MCH7441,Mismatch,Mismatch
CBK0002167,TXN00008964,USR58972,MCH9155,2026-01-20 00:00:00,2026-01-22 00:00:00,1646.02,Account Compromised,customer says amount was debited twice.,Pending Bank,,High,Email,Unmatched,Unmatched,Matched,USR32143,MCH8502,Mismatch,Mismatch
CBK0002787,TXN00005483,USR89278,MCH4006,2026-12-01 00:44:38,2026-01-15 00:00:00,2130.14,Merchant Not Delivered,user reports money deducted but merchant denies receiving payment.,In Progress,,Medium,Call Center,Unmatched,Matched,Matched,USR78971,MCH7453,Mismatch,Mismatch
CBK0002552,TXN00011308,USR27300,MCH9291,2026-03-30 00:00:00,2026-04-02 19:18:00,16936.0,Fraud,complaint received after multiple failed attempts.,Open,2026-04-26 00:00:00,Low,Call Center,Unmatched,Matched,Matched,USR93068,MCH6079,Mismatch,Mismatch
CBK0002279,TXN00018603,USR39503,MCH1658,2026-03-23 12:48:07,2026-03-26 00:00:00,3615.07,Duplicate Debit,suspicious high-value payment disputed by customer.,Rejected,2026-03-26 04:48:00,Critical,Call Center,Matched,Matched,Matched,USR38402,MCH6736,Mismatch,Mismatch
CBK0000950,TXN00016469,USR13599,MCH6400,2026-01-29 06:43:12,2026-06-02 00:00:00,1313.4,Account Compromised,complaint received after multiple failed attempts.,In Progress,2026-02-14 00:00:00,High,Chatbot,Unmatched,Matched,Matched,USR80974,MCH4316,Mismatch,Mismatch
CBK0002046,TXN00013381,USR72135,MCH5076,2026-01-08 16:33:00,2026-01-18 21:33:00,1684.52,Merchant Not Delivered,user says upi pin was not entered by them.,Rejected,2026-02-17 21:33:18,Low,Branch,Unmatched,Unmatched,Matched,USR99055,MCH2893,Mismatch,Mismatch
CBK0002547,TXN00009614,USR83314,MCH4007,,2026-02-12 00:00:00,927.07,Fraud,customer complaint text unclear due to poor call center notes.,Pending Bank,2026-03-01 00:00:00,High,IVR,Unmatched,Unmatched,Matched,USR53335,MCH8305,Mismatch,Mismatch
CBK0000941,TXN00016470,USR14844,MCH2266,2026-01-04 00:00:00,2026-01-10 09:49:36,1994.56,Service Failed,customer says amount was debited twice.,Open,2026-10-01 00:00:00,High,Email,Matched,Matched,Matched,USR88578,MCH5308,Mismatch,Mismatch
CBK0001286,TXN00004472,USR83523,MCH5954,2026-10-03 08:35:18,2026-07-03 08:35:18,,Merchant Not Delivered,customer says transaction was not authorized. na,Pending Bank,2026-04-05 08:35:00,Medium,Branch,Matched,Matched,Matched,USR80620,MCH4589,Mismatch,Mismatch
CBK0002170,TXN00017055,USR56789,MCH5954,2026-03-02 00:00:00,2026-03-03 00:00:00,226.51,Duplicate Debit,customer complaint text unclear due to poor call center notes.,Rejected,2026-03-16 00:00:00,High,Chatbot,Unmatched,Matched,Matched,USR28939,MCH4578,Mismatch,Mismatch
CBK0001905,TXN00011981,USR80617,MCH7286,2026-01-08 00:00:00,2026-01-11 00:00:00,17594.04,Merchant Not Delivered,suspicious high-value payment disputed by customer.,Pending Bank,2026-01-23 03:28:28,Low,Email,Unmatched,Unmatched,Matched,USR79776,MCH6316,Mismatch,Mismatch
CBK0000179,TXN00017876,USR49537,MCH5956,2026-03-06 00:00:00,2026-10-03 14:02:56,638.04,Fraud,customer says transaction was not authorized.,In Progress,2026-03-28 00:00:00,High,IVR,Unmatched,Unmatched,Matched,USR54747,MCH8870,Mismatch,Mismatch
CBK0002676,TXN00004927,USR19351,MCH3684,2026-03-05 00:00:00,,1530.6,Service Failed,merchant service was not delivered after payment.,Resolved,,Low,App,Matched,Matched,Matched,USR38688,MCH7544,Mismatch,Mismatch
CBK0001302,TXN00007192,USR80872,MCH2757,2026-08-01 00:00:00,2026-01-16 00:00:00,1195.71,Merchant Not Delivered,suspicious high-value payment disputed by customer.,Pending Bank,2026-02-08 00:00:00,Medium,IVR,Unmatched,Matched,Matched,USR42537,MCH2338,Mismatch,Mismatch
CBK0000591,TXN00011869,USR62847,MCH3840,2026-01-16 05:31:00,2026-03-02 00:00:00,8004.21,Incorrect Amount,user claims account was compromised before transaction.,Closed,2026-03-24 00:00:00,Critical,Call Center,Unmatched,Unmatched,Matched,USR45826,MCH7045,Mismatch,Mismatch
CBK0000460,TXN00001710,USR13062,MCH2803,2026-03-22 00:00:00,2026-04-21 00:00:00,5894.84,Account Compromised,customer complaint text unclear due to poor call center notes.,Resolved,,Medium,IVR,Unmatched,Unmatched,Matched,USR43228,MCH7810,Mismatch,Mismatch
CBK0000570,TXN00006817,USR13134,MCH3815,2026-03-24 00:00:00,2026-03-25 00:00:00,774.67,Account Compromised,customer says transaction was not authorized.,Pending Bank,2026-04-10 00:00:00,Medium,Chatbot,Unmatched,Unmatched,Matched,USR25095,MCH3034,Mismatch,Mismatch
CBK0001161,TXN00004594,USR71825,MCH8679,2026-02-23 00:00:00,2026-02-24 00:00:00,315.15,Fraud,customer complaint text unclear due to poor call center notes.,In Progress,2026-03-24 00:00:00,Medium,App,Unmatched,Matched,Matched,USR22062,MCH5879,Mismatch,Mismatch
CBK0002019,TXN00005409,USR58335,MCH1825,2026-03-27 23:06:21,2026-03-29 14:06:21,504.51,Duplicate Debit,customer says transaction was not authorized.,Resolved,,Critical,App,Unmatched,Unmatched,Matched,USR61142,MCH9801,Mismatch,Mismatch
CBK0002751,TXN00015657,USR59679,MCH3440,2026-02-08 00:00:00,2026-10-02 00:00:00,1966.13,Merchant Not Delivered,user says upi pin was not entered by them.,Rejected,2026-02-25 00:00:00,Low,IVR,Unmatched,Matched,Matched,USR70020,MCH8021,Mismatch,Mismatch
CBK0001766,,USR12686,MCH7267,2026-02-18 00:00:00,2026-02-18 00:00:00,1546.27,Account Compromised,user claims account was compromised before transaction.,Resolved,2026-03-20 10:31:04,High,Chatbot,Unmatched,Unmatched,Unmatched,,,Not Applicable,Not Applicable
CBK0002685,TXN00018738,USR32577,MCH5980,2026-02-10 00:00:00,2026-03-13 00:00:00,1179.22,Duplicate Debit,customer complaint text unclear due to poor call center notes.,Pending Bank,2026-03-29 00:00:00,Low,Chatbot,Unmatched,Matched,Matched,USR99510,MCH3724,Mismatch,Mismatch
CBK0001179,TXN00016521,USR36519,MCH9839,2026-02-25 00:00:00,2026-03-13 00:00:00,2697.0,Fraud,customer says amount was debited twice.,Pending Bank,2026-07-04 00:00:00,Low,Email,Matched,Matched,Matched,USR89343,MCH9606,Mismatch,Mismatch
CBK0002516,TXN00073646,USR57758,MCH1812,2026-01-24 00:00:00,2026-01-31 00:00:00,7863.78,Customer Dispute,payment made to unknown merchant as per customer statement.,Resolved,,High,Email,Matched,Matched,Unmatched,,,Not Applicable,Not Applicable
CBK0002047,TXN00007439,USR65461,MCH3896,2026-03-09 12:57:00,2026-12-03 00:00:00,3333.48,Fraud,user claims account was compromised before transaction.,Rejected,,Low,Chatbot,Unmatched,Matched,Matched,USR56890,MCH2429,Mismatch,Mismatch
CBK0000352,TXN00014436,USR20197,MCH8920,2026-02-02 00:00:00,2026-02-05 18:21:54,5439.35,Account Compromised,suspicious high-value payment disputed by customer.,Pending Bank,2026-02-23 18:21:54,High,Branch,Unmatched,Matched,Matched,USR30565,MCH8834,Mismatch,Mismatch
CBK0001568,TXN00010744,USR28325,MCH2822,2026-02-03 04:06:53,2026-02-04 12:06:53,748.64,Account Compromised,user claims account was compromised before transaction.,Resolved,2026-02-07 12:06:00,Medium,Branch,Unmatched,Unmatched,Matched,USR26521,MCH2221,Mismatch,Mismatch
CBK0001997,TXN00019193,USR39555,MCH8953,2026-10-01 00:00:00,2026-01-13 00:00:00,1004.32,Duplicate Debit,complaint received after multiple failed attempts.,Closed,2026-09-02 00:00:00,High,Chatbot,Unmatched,Matched,Matched,USR37353,MCH3936,Mismatch,Mismatch
CBK0000400,TXN00009596,USR71348,MCH7207,2026-01-21 00:00:00,2026-01-24 00:00:00,5224.53,Duplicate Debit,user claims account was compromised before transaction.,In Progress,,Medium,App,Unmatched,Unmatched,Matched,USR97212,MCH9766,Mismatch,Mismatch
CBK0000982,TXN00011350,USR93171,MCH5785,2026-01-06 00:00:00,2026-01-14 00:00:00,188.6,Merchant Not Delivered,user reports money deducted but merchant denies receiving payment.,Closed,,Medium,IVR,Unmatched,Matched,Matched,USR27797,MCH9295,Mismatch,Mismatch
CBK0001618,TXN00015125,USR77086,MCH1644,2026-03-28 00:00:00,2026-04-28 00:00:00,967.0,Account Compromised,customer says transaction was not authorized.,In Progress,2026-05-22 00:00:00,Medium,Branch,Unmatched,Unmatched,Matched,USR78417,MCH9070,Mismatch,Mismatch
CBK0001730,TXN00006467,USR66854,MCH4352,2026-02-19 12:08:55,2026-02-20 10:08:55,7505.86,Incorrect Amount,customer complaint text unclear due to poor call center notes.,Rejected,2026-03-17 00:00:00,High,Chatbot,Unmatched,Matched,Matched,USR25552,MCH8929,Mismatch,Mismatch
CBK0002249,TXN00005146,USR93984,MCH8154,2026-03-26 00:00:00,2026-03-29 08:57:00,725.45,Unauthorized Transaction,customer says transaction was not authorized.,Pending Bank,2026-04-24 00:00:00,Medium,IVR,Matched,Matched,Matched,USR65690,MCH7778,Mismatch,Mismatch
CBK0001787,TXN00013934,USR50975,MCH4366,2026-03-12 13:58:26,2026-11-04 00:00:00,487.43,Account Compromised,suspicious high-value payment disputed by customer.,In Progress,2026-04-26 00:00:00,High,Email,Unmatched,Unmatched,Matched,USR77709,MCH5422,Mismatch,Mismatch
CBK0000936,TXN00008546,USR92782,MCH9921,2026-07-02 19:28:54,2026-08-02 00:00:00,936.49,Customer Dispute,user says upi pin was not entered by them.,Resolved,2026-02-17 00:00:00,Low,Chatbot,Unmatched,Matched,Matched,USR95713,MCH4272,Mismatch,Mismatch
CBK0001535,TXN00015786,USR49801,MCH2148,2026-03-17 00:00:00,2026-03-20 15:18:00,14485.22,Customer Dispute,user reports money deducted but merchant denies receiving payment.,Pending Bank,,Medium,Call Center,Matched,Matched,Matched,USR39994,MCH3129,Mismatch,Mismatch
CBK0001064,TXN00016822,USR40162,MCH1101,2026-01-19 01:40:00,2026-02-19 00:00:00,3058.22,Unauthorized Transaction,customer says amount was debited twice.,In Progress,2026-02-03 00:00:00,Low,Chatbot,Unmatched,Matched,Matched,USR49592,MCH6560,Mismatch,Mismatch
CBK0002089,TXN00010784,USR61539,MCH5778,2026-01-16 03:49:43,2026-01-16 12:49:43,782.96,Customer Dispute,customer says amount was debited twice.,Open,2026-02-04 00:00:00,High,Branch,Unmatched,Unmatched,Matched,USR67288,MCH6891,Mismatch,Mismatch
CBK0001897,TXN00008189,USR22202,MCH4473,2026-01-10 00:00:00,2026-02-09 09:59:00,577.55,Duplicate Debit,user claims account was compromised before transaction.,In Progress,2026-02-13 00:00:00,Medium,App,Unmatched,Unmatched,Matched,USR53813,MCH5272,Mismatch,Mismatch
CBK0001591,TXN00001778,USR22644,MCH3896,2026-02-20 00:00:00,2026-02-21 20:57:45,2008.0,Unauthorized Transaction,customer complaint text unclear due to poor call center notes.,Rejected,2026-03-23 00:00:00,Low,IVR,Matched,Matched,Matched,USR21867,MCH6885,Mismatch,Mismatch
CBK0001510,TXN00009054,USR40521,MCH8665,2026-01-16 19:29:00,2026-01-18 00:00:00,14177.27,Unauthorized Transaction,customer says transaction was not authorized.,In Progress,2026-02-08 00:00:00,Medium,IVR,Unmatched,Unmatched,Matched,USR57250,MCH2420,Mismatch,Mismatch
CBK0000351,TXN00049383,USR83155,MCH5768,2026-01-30 00:00:00,2026-01-31 19:44:25,614.57,Merchant Not Delivered,suspicious high-value payment disputed by cust.,Open,2026-02-23 19:44:00,Low,Chatbot,Matched,Matched,Unmatched,,,Not Applicable,Not Applicable
CBK0001213,TXN00017444,USR29137,MCH6278,2026-03-24 23:19:43,2026-03-25 00:00:00,252.18,Unauthorized Transaction,user claims account was compromised before txn.,Pending Bank,2026-03-30 00:00:00,Medium,Chatbot,Unmatched,Matched,Matched,USR58624,MCH7520,Mismatch,Mismatch
CBK0001031,TXN00018504,USR95238,MCH8391,2026-02-19 00:00:00,2026-02-23 00:00:00,2887.1,Unauthorized Transaction,merchant service was not delivered after payment. details missing,Resolved,2026-02-23 00:00:00,Low,Call Center,Matched,Matched,Matched,USR41469,MCH3294,Mismatch,Mismatch
CBK0001148,TXN00009676,USR60032,MCH8953,2026-01-18 00:00:00,2026-03-02 00:00:00,,Unauthorized Transaction,user reports money deducted but merchant denies receiving payment.,Resolved,2026-02-03 08:39:23,Low,Chatbot,Unmatched,Matched,Matched,USR55702,MCH5559,Mismatch,Mismatch
CBK0002528,TXN00019669,USR43455,MCH2895,2026-10-03 12:00:49,2026-03-11 00:00:00,2022.82,Fraud,customer says transaction was not authorized. call dropped,In Progress,,Medium,Email,Matched,Unmatched,Matched,USR65418,MCH8903,Mismatch,Mismatch
CBK0002233,TXN00010897,USR48881,MCH3815,2026-01-29 21:07:26,2026-02-14 17:07:26,5022.43,Merchant Not Delivered,user reports money deducted but merchant denies receiving payment.,In Progress,2026-03-03 17:07:26,High,Branch,Unmatched,Unmatched,Matched,USR74006,MCH9593,Mismatch,Mismatch
CBK0000147,TXN00003927,USR94184,MCH2234,2026-09-02 00:00:00,2026-02-17 03:26:55,875.3,Incorrect Amount,customer says transaction was not authorized.,Closed,2026-02-18 00:00:00,Low,IVR,Unmatched,Unmatched,Matched,USR43442,MCH1223,Mismatch,Mismatch
CBK0000527,,USR45627,MCH3427,2026-03-26 11:37:00,2026-03-28 00:00:00,171.98,Fraud,user reports money deducted but merchant denies receiving payment.,In Progress,,Low,IVR,Matched,Unmatched,Unmatched,,,Not Applicable,Not Applicable
CBK0000140,TXN00001801,USR46902,MCH2378,2026-02-26 07:20:00,2026-03-08 07:20:00,2789.99,Customer Dispute,user says upi pin was not entered by them.,In Progress,2026-03-10 07:20:55,Low,Email,Matched,Matched,Matched,USR30317,MCH8669,Mismatch,Mismatch
CBK0000613,TXN00002808,USR82191,MCH9948,2026-02-13 00:00:00,2026-02-20 00:00:00,604.93,Customer Dispute,customer says transaction was not authorized.,Pending Bank,2026-03-02 02:21:00,Medium,Email,Matched,Unmatched,Matched,USR99660,MCH3598,Mismatch,Mismatch
CBK0001796,TXN00014147,USR19352,MCH5990,2026-02-12 00:00:00,2026-02-22 00:00:00,2551.0,Account Compromised,payment made to unknown merchant as per customer statement.,In Progress,2026-03-04 00:00:00,Low,Branch,Unmatched,Unmatched,Matched,USR50826,MCH5216,Mismatch,Mismatch
CBK0000336,TXN00004644,USR14768,MCH8391,2026-03-05 00:00:00,2026-03-08 00:00:00,3662.83,Merchant Not Delivered,user claims account was compromised before transaction.,Resolved,,Low,IVR,Unmatched,Matched,Matched,USR10487,MCH2491,Mismatch,Mismatch
CBK0002179,TXN00002142,USR44124,MCH9291,2026-01-14 00:00:00,2026-01-18 00:00:00,13132.36,Merchant Not Delivered,customer says amount was debited twice.,Closed,2026-01-25 00:00:00,High,Chatbot,Matched,Matched,Matched,USR60002,MCH3232,Mismatch,Mismatch
CBK0002623,,USR80824,MCH3492,2026-01-18 14:41:00,2026-02-03 00:00:00,1057.6,Fraud,suspicious high-value payment disputed by customer.,Rejected,2026-02-21 00:00:00,High,App,Unmatched,Unmatched,Unmatched,,,Not Applicable,Not Applicable
CBK0001375,TXN00001251,USR45344,MCH4473,2026-01-29 00:00:00,2026-01-02 00:00:00,802.62,Customer Dispute,merchant service was not delivered after payment.,Resolved,,High,Chatbot,Matched,Unmatched,Matched,USR16450,MCH2306,Mismatch,Mismatch
CBK0001280,TXN00012568,USR61715,MCH6850,2026-01-16 00:00:00,2026-02-03 14:03:49,15086.0,Customer Dispute,customer says transaction was not authorized.,Open,2026-11-03 00:00:00,Low,Call Center,Unmatched,Unmatched,Matched,USR61561,MCH4619,Mismatch,Mismatch
CBK0002202,TXN00001215,USR26403,MCH5655,2026-01-01 00:00:00,2026-01-07 00:00:00,5146.97,Merchant Not Delivered,merchant service was not delivered after payment.,Closed,,Medium,Chatbot,Unmatched,Unmatched,Matched,USR34752,MCH1061,Mismatch,Mismatch
CBK0002178,TXN00010512,USR39098,MCH1080,2026-01-19 00:00:00,2026-01-22 04:57:56,752.1,Incorrect Amount,customer says amount was debited twice.,Open,,Low,IVR,Unmatched,Unmatched,Matched,USR60393,MCH6796,Mismatch,Mismatch
CBK0002515,TXN00019171,USR95538,MCH5931,2026-03-30 00:00:00,2026-09-04 00:00:00,3429.44,Incorrect Amount,customer says transaction was not authorized.,Resolved,,Low,Call Center,Unmatched,Unmatched,Matched,USR92696,MCH1728,Mismatch,Mismatch
CBK0000099,,USR93290,MCH3558,2026-11-01 00:00:00,2026-01-17 00:00:00,1317.94,Fraud,user claims account was compromised before transaction.,Resolved,,Medium,Email,Matched,Matched,Unmatched,,,Not Applicable,Not Applicable
CBK0002071,TXN00006958,USR61891,MCH7286,2026-02-13 00:00:00,2026-02-13 00:00:00,1162.72,Service Failed,payment made to unknown merchant as per customer statement.,Open,,High,IVR,Unmatched,Unmatched,Matched,USR44217,MCH3390,Mismatch,Mismatch
CBK0000066,TXN00017748,USR86707,MCH8350,,2026-02-12 00:00:00,1855.0,Merchant Not Delivered,customer complaint text unclear due to poor call center notes. call dropped,Rejected,2026-06-03 00:00:00,Low,App,Matched,Unmatched,Matched,USR61630,MCH9572,Mismatch,Mismatch
CBK0002204,TXN00009040,USR97137,MCH3202,2026-05-01 13:37:21,2026-01-16 00:00:00,1600.6,Merchant Not Delivered,customer says transaction was not authorized.,In Progress,2026-02-15 00:00:00,High,Call Center,Unmatched,Unmatched,Matched,USR71198,MCH9548,Mismatch,Mismatch
CBK0001942,TXN00017185,USR88284,MCH9344,2026-08-03 00:00:00,2026-03-16 00:00:00,384.18,Incorrect Amount,payment made to unknown merchant as per customer statement.,Open,2026-04-04 00:00:00,Medium,Branch,Unmatched,Unmatched,Matched,USR63345,MCH5658,Mismatch,Mismatch
CBK0000955,,USR66359,MCH2992,2026-03-04 00:00:00,2026-04-18 12:26:19,1214.33,Merchant Not Delivered,payment made to unknown merchant as per customer statement.,Open,,Low,IVR,Unmatched,Unmatched,Unmatched,,,Not Applicable,Not Applicable
CBK0001156,TXN00010478,USR27893,MCH7475,2026-01-28 07:58:01,2026-01-29 00:00:00,634.0,Account Compromised,merchant service was not delivered after payment.,In Progress,,Low,Chatbot,Unmatched,Unmatched,Matched,USR44917,MCH6924,Mismatch,Mismatch
CBK0001940,TXN00006894,USR19400,MCH3815,,2026-02-26 00:00:00,2016.51,Merchant Not Delivered,customer complaint text unclear due to poor call center notes.,Rejected,2026-03-04 00:00:00,High,IVR,Unmatched,Unmatched,Matched,USR97418,MCH1908,Mismatch,Mismatch
CBK0000135,TXN00013531,USR33763,MCH2483,,2026-01-22 00:00:00,2390.0,Merchant Not Delivered,user reports money deducted but merchant denies receiving payment.,In Progress,2026-02-06 00:00:00,Low,App,Unmatched,Unmatched,Matched,USR83643,MCH9204,Mismatch,Mismatch
CBK0002522,,USR72963,MCH4406,,2026-03-02 00:00:00,584.72,Unauthorized Transaction,user claims account was compromised before transaction.,Rejected,2026-03-23 00:00:00,Low,App,Unmatched,Matched,Unmatched,,,Not Applicable,Not Applicable
CBK0002568,TXN00012990,USR24437,MCH1818,2026-03-01 15:45:08,,3464.25,Unauthorized Transaction,customer says amount was debited twice.,Closed,,High,Chatbot,Unmatched,Matched,Matched,USR41164,MCH7951,Mismatch,Mismatch
CBK0001092,TXN00015253,USR50458,MCH4725,,2026-03-17 00:00:00,1700.27,Merchant Not Delivered,customer complaint text unclear due to poor call center notes.,Pending Bank,,Low,Chatbot,Unmatched,Matched,Matched,USR51996,MCH9248,Mismatch,Mismatch
CBK0001495,TXN00014774,USR47392,MCH8779,2026-03-23 00:00:00,2026-04-03 00:00:00,2478.18,Unauthorized Transaction,payment made to unknown merchant as per customer statement.,Rejected,2026-04-20 00:00:00,Low,Branch,Matched,Matched,Matched,USR99049,MCH7269,Mismatch,Mismatch
CBK0000296,TXN00003112,USR49629,MCH1546,2026-03-27 12:17:00,2026-04-03 00:00:00,4974.0,Merchant Not Delivered,user says upi pin was not entered by them.,Closed,2026-04-09 00:00:00,Medium,Chatbot,Unmatched,Unmatched,Matched,USR11620,MCH2941,Mismatch,Mismatch
CBK0002750,TXN00013670,USR26461,MCH9342,2026-02-11 00:00:00,2026-03-13 00:00:00,4375.63,Duplicate Debit,user says upi pin was not entered by them.,Rejected,2026-03-18 18:50:28,Medium,Branch,Unmatched,Matched,Matched,USR13957,MCH5761,Mismatch,Mismatch
CBK0002535,TXN00009226,USR99720,MCH1211,2026-01-15 00:00:00,2026-01-22 15:05:21,4466.49,Account Compromised,user reports money deducted but merchant denies receiving payment.,Resolved,2026-01-24 00:00:00,Medium,Branch,Matched,Matched,Matched,USR18613,MCH9798,Mismatch,Mismatch
CBK0002545,TXN00010063,USR85767,MCH8999,2026-12-02 07:23:39,2026-02-19 00:00:00,219.86,Account Compromised,user says upi pin was not entered by them.,Open,2026-09-03 00:00:00,Medium,Chatbot,Unmatched,Matched,Matched,USR39561,MCH5188,Mismatch,Mismatch
CBK0002186,TXN00003156,USR24528,MCH4024,2026-02-25 00:00:00,2026-02-26 00:00:00,1072.99,Unauthorized Transaction,customer complaint text unclear due to poor call center notes.,Resolved,2026-03-19 00:00:00,Medium,Email,Unmatched,Matched,Matched,USR64720,MCH1193,Mismatch,Mismatch
CBK0000978,TXN00006792,USR48647,MCH5655,,2026-02-27 00:00:00,1704.54,Incorrect Amount,customer complaint text unclear due to poor call center notes.,Rejected,2026-02-03 00:00:00,Low,Call Center,Unmatched,Unmatched,Matched,USR64471,MCH8747,Mismatch,Mismatch
CBK0001661,TXN00009867,USR15733,MCH8681,2026-03-25 04:28:00,2026-04-09 00:00:00,9736.35,Merchant Not Delivered,user reports money deducted but merchant denies receiving payment.,Rejected,2026-04-16 19:28:49,High,Branch,Unmatched,Matched,Matched,USR30052,MCH1367,Mismatch,Mismatch
CBK0000354,TXN00013742,USR63462,MCH1320,2026-01-16 00:00:00,2026-01-16 00:00:00,3062.43,Merchant Not Delivered,user reports money deducted but merchant denies receiving payment.,In Progress,2026-01-30 00:00:00,High,Chatbot,Unmatched,Matched,Matched,USR96212,MCH9693,Mismatch,Mismatch
CBK0002642,TXN00007026,USR88352,MCH8311,2026-02-13 00:00:00,2026-02-24 05:34:00,,Unauthorized Transaction,suspicious high-value payment disputed by customer.,Closed,,Medium,Chatbot,Matched,Unmatched,Matched,USR77744,MCH4753,Mismatch,Mismatch
CBK0002479,TXN00007945,USR12314,MCH9784,2026-02-24 00:00:00,2026-03-01 09:39:03,2209.68,Duplicate Debit,user says upi pin was not entered by them. call dropped,Resolved,2026-05-03 00:00:00,Medium,Branch,Matched,Matched,Matched,USR94681,MCH6805,Mismatch,Mismatch
CBK0000934,TXN00014323,USR66946,MCH6810,2026-01-22 00:00:00,2026-01-23 00:00:00,8749.79,Merchant Not Delivered,suspicious high-value payment disputed by customer.,Rejected,2026-01-23 08:09:17,Low,IVR,Unmatched,Unmatched,Matched,USR82813,MCH3067,Mismatch,Mismatch
CBK0000499,TXN00011216,USR26571,MCH5954,2026-01-25 00:00:00,2026-01-25 00:00:00,857.98,Fraud,user reports money deducted but merchant denies receiving payment.,Rejected,2026-02-13 00:00:00,Critical,Email,Unmatched,Matched,Matched,USR92951,MCH1109,Mismatch,Mismatch
CBK0000312,TXN00013916,USR29758,MCH5655,2026-01-31 15:10:08,2026-10-02 22:10:08,804.06,Customer Dispute,complaint received after multiple failed attempts.,Closed,2026-03-03 00:00:00,Medium,Chatbot,Unmatched,Unmatched,Matched,USR71133,MCH2828,Mismatch,Mismatch
CBK0000667,TXN00006052,USR54126,MCH2266,2026-01-13 00:00:00,2026-01-15 00:00:00,1664.31,Customer Dispute,complaint received after multiple failed attempts.,Pending Bank,,Critical,Email,Matched,Matched,Matched,USR32494,MCH9368,Mismatch,Mismatch
CBK0001500,TXN00004113,USR65211,MCH5770,2026-03-14 11:50:00,2026-04-14 00:00:00,1173.86,Merchant Not Delivered,user says upi pin was not entered by them.,Closed,2026-04-26 00:00:00,High,Branch,Unmatched,Matched,Matched,USR78300,MCH2519,Mismatch,Mismatch
CBK0001524,TXN00010627,USR65183,MCH5171,2026-02-17 00:00:00,2026-02-18 00:00:00,,Unauthorized Transaction,customer says transaction was not authorized.,Resolved,2026-09-03 00:00:00,Low,Branch,Unmatched,Matched,Matched,USR47994,MCH8555,Mismatch,Mismatch
CBK0000438,TXN00011978,USR99732,MCH7833,2026-03-02 10:00:52,2026-02-04 00:00:00,466.0,Merchant Not Delivered,customer says transaction was not authorized. urgent,Pending Bank,,Low,Email,Unmatched,Matched,Matched,USR13848,MCH5628,Mismatch,Mismatch
CBK0000012,TXN00013740,USR35501,MCH8913,2026-01-25 00:00:00,2026-01-28 19:43:23,650.92,Customer Dispute,suspicious high-value payment disputed by customer.,Pending Bank,,Medium,Chatbot,Unmatched,Unmatched,Matched,USR48697,MCH9227,Mismatch,Mismatch
CBK0001710,TXN00002546,USR96958,MCH4226,2026-06-01 03:50:09,2026-01-13 00:00:00,6642.41,Account Compromised,user reports money deducted but merchant denies receiving payment.,Rejected,,Low,Call Center,Unmatched,Unmatched,Matched,USR50191,MCH7683,Mismatch,Mismatch
CBK0001322,TXN00018670,USR33934,MCH9699,2026-03-09 00:00:00,2026-03-13 00:00:00,3883.93,Incorrect Amount,merchant service was not delivered after payment.,Resolved,2026-03-19 00:00:00,Medium,IVR,Matched,Unmatched,Matched,USR31741,MCH4150,Mismatch,Mismatch
CBK0000894,TXN00015855,USR95334,MCH6372,2026-03-16 00:00:00,2026-03-19 00:00:00,6458.0,Incorrect Amount,user says upi pin was not entered by them.,In Progress,2026-03-21 00:00:00,Low,App,Unmatched,Matched,Matched,USR63589,MCH7273,Mismatch,Mismatch
CBK0000784,TXN00014785,USR41135,MCH7286,2026-01-31 00:00:00,2026-01-31 00:00:00,1176.91,Service Failed,suspicious high-value payment disputed by customer.,In Progress,2026-02-16 09:56:17,Low,Branch,Matched,Unmatched,Matched,USR14506,MCH7578,Mismatch,Mismatch
CBK0001573,TXN00015673,USR29406,MCH4270,2026-02-21 00:00:00,2026-03-01 04:47:00,,Fraud,user says upi pin was not entered by them.,Closed,,Medium,IVR,Matched,Unmatched,Matched,USR38597,MCH2683,Mismatch,Mismatch
CBK0002149,TXN00011510,USR30541,MCH6295,2026-01-13 00:00:00,2026-01-21 11:12:17,7271.24,Fraud,merchant service was not delivered after payment.,Open,2026-01-30 00:00:00,Low,IVR,Unmatched,Unmatched,Matched,USR87929,MCH8044,Mismatch,Mismatch
CBK0001257,,USR74209,MCH6057,2026-03-19 00:00:00,2026-03-25 01:08:00,2346.56,Customer Dispute,complaint received after multiple failed attempts.,Open,2026-04-14 00:00:00,Low,Chatbot,Unmatched,Unmatched,Unmatched,,,Not Applicable,Not Applicable
CBK0000370,,USR68023,MCH2511,2026-02-18 00:00:00,2026-02-26 09:56:26,3719.71,Duplicate Debit,user says upi pin was not entered by them.,Closed,2026-08-03 00:00:00,Medium,App,Unmatched,Unmatched,Unmatched,,,Not Applicable,Not Applicable
CBK0001398,TXN00015787,USR61935,MCH8643,2026-02-06 16:53:00,2026-09-02 16:53:32,8787.96,Unauthorized Transaction,payment made to unknown merchant as per customer statement.,Rejected,2026-02-16 00:00:00,High,IVR,Matched,Matched,Matched,USR66771,MCH8002,Mismatch,Mismatch
CBK0001343,TXN00017045,USR87914,MCH2822,2026-01-20 00:00:00,2026-03-07 00:00:00,1409.0,Unauthorized Transaction,suspicious high-value payment disputed by customer. urgent,In Progress,2026-03-20 00:00:00,Medium,Chatbot,Unmatched,Unmatched,Matched,USR31452,MCH7956,Mismatch,Mismatch
CBK0000769,TXN00010549,USR88037,MCH4590,2026-01-16 00:00:00,2026-01-31 00:00:00,6630.73,Customer Dispute,complaint received after multiple failed attempts.,In Progress,2026-03-02 14:45:00,High,App,Matched,Unmatched,Matched,USR90916,MCH1910,Mismatch,Mismatch
CBK0002111,TXN00019791,USR48202,MCH2383,2026-02-06 06:10:00,2026-08-02 00:00:00,376.0,Incorrect Amount,customer complaint text unclear due to poor call center notes.,Closed,2026-02-17 18:10:00,Low,Chatbot,Matched,Matched,Matched,USR38197,MCH9479,Mismatch,Mismatch
CBK0002589,TXN00001501,USR49236,MCH4590,2026-03-22 00:00:00,,1157.85,Duplicate Debit,payment made to unknown merchant as per customer statement.,Open,2026-04-12 00:00:00,High,IVR,Unmatched,Unmatched,Matched,USR62108,MCH4810,Mismatch,Mismatch
CBK0001391,TXN00008679,USR46067,MCH1887,2026-03-22 00:00:00,2026-03-23 21:04:05,1294.7,Incorrect Amount,complaint received after multiple failed attempts.,Resolved,2026-03-29 21:04:00,Medium,Chatbot,Unmatched,Matched,Matched,USR81176,MCH1064,Mismatch,Mismatch
CBK0000496,TXN00005986,USR21449,MCH1486,,2026-01-23 00:00:00,6879.04,Customer Dispute,user claims account was compromised before transaction. call dropped,Open,2026-02-13 00:00:00,High,Call Center,Unmatched,Unmatched,Matched,USR51648,MCH7139,Mismatch,Mismatch
CBK0000928,TXN00008356,USR74115,MCH9582,2026-02-16 00:00:00,2026-02-21 00:00:00,,Merchant Not Delivered,user claims account was compromised before transaction. na,Closed,2026-03-17 17:43:22,Medium,Chatbot,Unmatched,Matched,Matched,USR19007,MCH5177,Mismatch,Mismatch
CBK0000648,TXN00005486,USR11810,MCH1581,2026-02-02 00:00:00,2026-04-02 00:00:00,1288.0,Fraud,user says upi pin was not entered by them.,Closed,,Low,Branch,Unmatched,Matched,Matched,USR81352,MCH3904,Mismatch,Mismatch
CBK0002136,TXN00005344,USR86525,MCH5753,2026-03-24 00:00:00,2026-04-03 00:00:00,1422.0,Account Compromised,customer complaint text unclear due to poor call center notes.,Closed,2026-04-04 09:48:11,High,Chatbot,Unmatched,Matched,Matched,USR34217,MCH3143,Mismatch,Mismatch
CBK0001658,TXN00004488,USR55710,MCH6850,2026-05-01 13:51:43,2026-01-09 00:00:00,2468.0,Incorrect Amount,complaint received after multiple failed attempts.,Rejected,,Critical,App,Unmatched,Unmatched,Matched,USR51311,MCH4401,Mismatch,Mismatch
CBK0002436,TXN00008330,USR64405,MCH9291,2026-03-03 00:00:00,2026-10-03 00:00:00,1847.49,Unauthorized Transaction,customer complaint text unclear due to poor call center notes.,In Progress,2026-04-01 00:00:00,Medium,Branch,Unmatched,Matched,Matched,USR25147,MCH5055,Mismatch,Mismatch
CBK0002460,TXN00018148,USR68295,MCH2914,2026-01-05 15:46:00,2026-01-07 00:00:00,2197.15,Duplicate Debit,payment made to unknown merchant as per customer statement.,Open,2026-01-14 05:46:54,Low,Branch,Matched,Matched,Matched,USR83281,MCH2179,Mismatch,Mismatch
CBK0001162,TXN00012239,USR22644,MCH5296,2026-01-27 15:49:00,2026-01-29 00:00:00,6796.0,Duplicate Debit,customer complaint text unclear due to poor call center notes.,Closed,,Medium,Chatbot,Matched,Unmatched,Matched,USR39288,MCH5391,Mismatch,Mismatch
CBK0002084,TXN00083297,USR66974,MCH7833,2026-03-30 13:13:00,2026-05-04 00:00:00,,Unauthorized Transaction,payment made to unknown merchant as per cust statement.,In Progress,,Critical,IVR,Matched,Matched,Unmatched,,,Not Applicable,Not Applicable
CBK0000003,TXN00013293,USR91078,MCH6993,2026-07-01 23:12:32,2026-01-09 14:12:00,1290.78,Incorrect Amount,user says upi pin was not entered by them.,Rejected,2026-02-04 00:00:00,High,IVR,Matched,Unmatched,Matched,USR53940,MCH4195,Mismatch,Mismatch
CBK0000669,TXN00018414,USR22639,MCH8836,2026-03-28 14:45:10,2026-03-30 11:45:10,3972.17,Account Compromised,user claims account was compromised before transaction.,In Progress,,High,IVR,Matched,Unmatched,Matched,USR20928,MCH4679,Mismatch,Mismatch
CBK0000439,TXN00016295,USR83930,MCH9092,2026-03-18 00:00:00,2026-03-21 00:00:00,10226.59,Incorrect Amount,suspicious high-value payment disputed by customer.,Open,2026-03-23 00:00:00,Medium,IVR,Unmatched,Matched,Matched,USR22813,MCH4949,Mismatch,Mismatch
CBK0002423,TXN00014966,USR26696,MCH9223,2026-02-13 20:33:40,2026-02-17 00:00:00,10848.72,Merchant Not Delivered,payment made to unknown merchant as per cust statement.,Rejected,2026-03-03 00:00:00,High,IVR,Unmatched,Matched,Matched,USR43644,MCH3485,Mismatch,Mismatch
CBK0000282,TXN00016877,USR87914,MCH5070,2026-03-10 18:14:00,2026-10-04 05:14:49,3046.01,Merchant Not Delivered,customer says transaction was not authorized.,Resolved,,Medium,IVR,Unmatched,Matched,Matched,USR28694,MCH3471,Mismatch,Mismatch
CBK0002195,TXN00004411,USR48054,MCH9844,2026-05-02 23:26:12,2026-02-09 00:00:00,3905.0,Incorrect Amount,user reports money deducted but merchant denies receiving payment.,Open,,Low,Chatbot,Unmatched,Matched,Matched,USR62099,MCH7507,Mismatch,Mismatch
CBK0002767,TXN00014701,USR79411,MCH8154,2026-02-15 00:00:00,2026-02-19 02:41:00,4452.29,Merchant Not Delivered,customer complaint text unclear due to poor call center notes.,Open,,High,Chatbot,Matched,Matched,Matched,USR68058,MCH5422,Mismatch,Mismatch
CBK0000538,TXN00005988,USR84311,MCH2752,2026-10-01 00:00:00,2026-01-26 15:58:00,1345.11,Account Compromised,merchant service was not delivered after payment.,Open,,High,Chatbot,Unmatched,Matched,Matched,USR71306,MCH9778,Mismatch,Mismatch
CBK0001829,TXN00005136,USR58407,MCH5584,2026-03-19 00:00:00,2026-03-22 00:00:00,1719.63,Incorrect Amount,user reports money deducted but merchant denies receiving payment.,Rejected,2026-03-24 00:00:00,Medium,Branch,Unmatched,Unmatched,Matched,USR86758,MCH6897,Mismatch,Mismatch
CBK0000807,TXN00017317,USR77247,MCH5805,,2026-01-13 05:52:57,8056.19,Incorrect Amount,user claims account was compromised before transaction. pls check asap,In Progress,,Medium,Chatbot,Unmatched,Matched,Matched,USR62863,MCH1700,Mismatch,Mismatch
CBK0001204,,USR37435,MCH7058,,,16163.8,Incorrect Amount,merchant service was not delivered after payment.,Rejected,2026-01-22 00:00:00,Medium,IVR,Unmatched,Matched,Unmatched,,,Not Applicable,Not Applicable
CBK0002299,TXN00012406,USR13926,MCH9166,2026-11-01 00:00:00,2026-12-01 05:57:06,2900.07,Merchant Not Delivered,customer says transaction was not authorized. urgent,In Progress,,Low,IVR,Unmatched,Unmatched,Matched,USR40496,MCH2682,Mismatch,Mismatch
CBK0002286,TXN00007923,USR98994,MCH2676,2026-01-30 00:00:00,2026-07-02 13:24:35,2225.43,Merchant Not Delivered,payment made to unknown merchant as per customer statement.,Pending Bank,2026-02-16 00:00:00,Medium,IVR,Unmatched,Matched,Matched,USR21736,MCH7090,Mismatch,Mismatch
CBK0000567,TXN00016408,USR33228,MCH8298,2026-02-16 00:00:00,2026-02-19 00:00:00,5179.58,Incorrect Amount,customer says amount was debited twice.,Closed,2026-02-23 00:13:00,Low,Email,Matched,Unmatched,Matched,USR17648,MCH8271,Mismatch,Mismatch
CBK0001201,TXN00014054,USR85014,MCH7286,2026-03-15 00:00:00,2026-03-15 00:00:00,,Merchant Not Delivered,complaint received after multiple failed attempts.,Closed,2026-03-27 08:14:00,Low,Chatbot,Unmatched,Unmatched,Matched,USR19303,MCH7408,Mismatch,Mismatch
CBK0001779,TXN00006263,USR61731,MCH3837,2026-02-22 00:00:00,2026-04-08 00:00:00,843.91,Customer Dispute,merchant service was not delivered after payment.,Closed,2026-04-20 19:46:00,Low,App,Unmatched,Matched,Matched,USR54909,MCH9108,Mismatch,Mismatch
CBK0000315,TXN00011615,USR67684,MCH9052,2026-01-30 19:19:00,2026-01-31 14:19:59,,Fraud,merchant service was not delivered after payment.,Resolved,,Medium,Chatbot,Matched,Matched,Matched,USR59260,MCH7305,Mismatch,Mismatch
CBK0000683,TXN00017581,USR54113,MCH6129,,2026-02-19 12:11:31,,Merchant Not Delivered,user says upi pin was not entered by them.,Rejected,2026-03-21 00:00:00,Low,Chatbot,Unmatched,Unmatched,Matched,USR24980,MCH5725,Mismatch,Mismatch
CBK0001014,TXN00005083,USR78215,MCH9892,2026-01-29 08:31:00,2026-01-31 14:31:24,448.0,Merchant Not Delivered,payment made to unknown merchant as per customer statement.,Rejected,,Medium,Email,Unmatched,Unmatched,Matched,USR30572,MCH1129,Mismatch,Mismatch
CBK0002450,TXN00005485,USR94055,MCH5437,2026-01-06 19:11:31,2026-01-07 00:00:00,4839.05,Fraud,merchant service was not delivered after payment.,In Progress,2026-01-09 00:00:00,Critical,Branch,Unmatched,Unmatched,Matched,USR26223,MCH9135,Mismatch,Mismatch
CBK0001114,TXN00004265,USR40538,MCH7833,2026-06-03 00:00:00,2026-03-07 00:42:00,330.36,Merchant Not Delivered,payment made to unknown merchant as per cust statement.,In Progress,2026-03-18 00:00:00,Low,Chatbot,Unmatched,Matched,Matched,USR61949,MCH9548,Mismatch,Mismatch
CBK0001947,TXN00018820,USR36913,MCH9291,2026-02-20 00:00:00,2026-03-02 00:00:00,7255.27,Incorrect Amount,user claims account was compromised before transaction.,Resolved,2026-03-27 00:00:00,Low,IVR,Unmatched,Matched,Matched,USR64723,MCH9870,Mismatch,Mismatch
CBK0002503,TXN00013623,USR34012,MCH2141,2026-05-03 13:39:14,,3159.54,Unauthorized Transaction,user says upi pin was not entered by them.,Open,2026-02-04 00:00:00,Low,Email,Unmatched,Unmatched,Matched,USR43108,MCH4749,Mismatch,Mismatch
CBK0002362,TXN00007811,USR20310,MCH8076,2026-02-15 08:01:23,2026-02-18 00:00:00,1224.0,Merchant Not Delivered,payment made to unknown merchant as per customer statement.,In Progress,2026-05-03 13:01:23,High,IVR,Matched,Matched,Matched,USR32245,MCH9746,Mismatch,Mismatch
CBK0002060,TXN00010691,USR71335,MCH8391,2026-01-09 00:00:00,2026-01-13 00:00:00,518.38,Incorrect Amount,user reports money deducted but merchant denies receiving payment.,Rejected,2026-01-20 00:00:00,Medium,App,Matched,Matched,Matched,USR44217,MCH7194,Mismatch,Mismatch
CBK0001135,TXN00011148,USR73600,MCH2913,2026-02-07 00:00:00,2026-02-14 13:33:58,745.95,Customer Dispute,user says upi pin was not entered by them.,Open,2026-03-16 13:33:00,Low,IVR,Unmatched,Unmatched,Matched,USR25972,MCH5027,Mismatch,Mismatch
CBK0001631,TXN00014809,USR76917,MCH2822,2026-02-24 07:09:00,2026-02-25 00:00:00,1458.95,Merchant Not Delivered,customer says amount was debited twice.,Resolved,2026-03-22 00:00:00,High,App,Unmatched,Unmatched,Matched,USR30571,MCH6380,Mismatch,Mismatch
CBK0000363,TXN00014836,USR62092,MCH3992,2026-03-22 00:00:00,2026-04-06 00:00:00,,Customer Dispute,user reports money deducted but merchant denies receiving payment.,Resolved,2026-04-28 12:09:00,Low,Chatbot,Matched,Unmatched,Matched,USR49870,MCH1173,Mismatch,Mismatch
CBK0002324,TXN00016940,USR80407,MCH7916,2026-02-12 00:00:00,2026-02-14 00:00:00,60.71,Merchant Not Delivered,customer complaint text unclear due to poor call center notes.,Closed,2026-03-13 13:19:00,Low,App,Unmatched,Unmatched,Matched,USR91913,MCH7697,Mismatch,Mismatch
CBK0000375,TXN00015798,USR47647,MCH8330,2026-01-10 00:00:00,2026-01-12 00:00:00,5976.69,Incorrect Amount,suspicious high-value payment disputed by customer.,In Progress,2026-01-26 03:31:00,Low,Chatbot,Unmatched,Matched,Matched,USR81931,MCH8885,Mismatch,Mismatch
CBK0002593,TXN00017923,USR87216,MCH8000,2026-02-22 07:31:00,2026-02-24 00:00:00,1055.53,Duplicate Debit,suspicious high-value payment disputed by customer.,Closed,2026-03-03 10:31:06,Medium,Chatbot,Matched,Unmatched,Matched,USR78889,MCH2008,Mismatch,Mismatch
CBK0001120,TXN00004989,USR96958,MCH5208,2026-01-23 00:00:00,2026-01-24 15:03:00,5305.63,Customer Dispute,customer says amount was debited twice.,Pending Bank,2026-02-06 00:00:00,Medium,Chatbot,Unmatched,Matched,Matched,USR91870,MCH7917,Mismatch,Mismatch
CBK0002032,TXN00017675,USR27832,MCH2457,,2026-03-17 08:41:11,,Account Compromised,user says upi pin was not entered by them.,In Progress,2026-03-23 00:00:00,Medium,Chatbot,Matched,Unmatched,Matched,USR59412,MCH3265,Mismatch,Mismatch
CBK0001442,TXN00004821,USR82070,MCH9291,2026-03-08 00:00:00,2026-03-18 00:00:00,165.89,Duplicate Debit,merchant service was not delivered after payment.,Closed,,Low,Chatbot,Unmatched,Matched,Matched,USR43152,MCH9236,Mismatch,Mismatch
CBK0001529,TXN00008099,USR86223,MCH1511,2026-02-22 00:00:00,2026-02-24 00:00:00,4576.69,Merchant Not Delivered,customer says amount was debited twice.,Closed,2026-03-20 00:00:00,Critical,IVR,Matched,Unmatched,Matched,USR66813,MCH9559,Mismatch,Mismatch
CBK0002605,TXN00007342,USR51261,MCH9573,2026-01-06 00:00:00,2026-01-02 14:08:00,9521.14,Merchant Not Delivered,user reports money deducted but merchant denies receiving payment.,In Progress,2026-01-29 00:00:00,Medium,Branch,Unmatched,Unmatched,Matched,USR15769,MCH2797,Mismatch,Mismatch
CBK0000877,TXN00009172,USR96970,MCH9291,2026-02-13 08:27:00,2026-02-15 00:00:00,880.82,Incorrect Amount,merchant service was not delivered after payment.,In Progress,2026-02-18 00:00:00,Medium,IVR,Unmatched,Matched,Matched,USR75281,MCH9514,Mismatch,Mismatch
CBK0001007,TXN00014381,USR51742,MCH7833,2026-01-11 00:00:00,2026-02-10 00:00:00,1523.0,Fraud,user reports money deducted but merchant denies receiving payment.,Resolved,,High,Call Center,Unmatched,Matched,Matched,USR58059,MCH8756,Mismatch,Mismatch
CBK0001118,TXN00063034,USR93926,MCH9036,2026-01-24 09:06:58,2026-01-26 00:00:00,3681.27,Unauthorized Transaction,user claims account was compromised before transaction.,Pending Bank,,High,Chatbot,Matched,Matched,Unmatched,,,Not Applicable,Not Applicable
CBK0002323,,USR71935,MCH3538,2026-02-07 00:00:00,2026-03-09 06:02:09,2538.09,Unauthorized Transaction,suspicious high-value payment disputed by customer. call dropped,In Progress,2026-03-16 00:00:00,Low,Email,Matched,Unmatched,Unmatched,,,Not Applicable,Not Applicable
CBK0001691,TXN00010383,USR15365,MCH4695,2026-02-12 00:00:00,2026-02-22 12:37:00,4163.19,Merchant Not Delivered,customer says amount was debited twice.,Rejected,2026-02-28 00:00:00,Low,IVR,Matched,Matched,Matched,USR79397,MCH5031,Mismatch,Mismatch
CBK0002723,TXN00017184,USR90661,MCH2507,2026-03-11 00:00:00,2026-03-13 12:43:00,3231.22,Duplicate Debit,customer says transaction was not authorized.,Rejected,2026-04-02 12:43:00,Medium,IVR,Unmatched,Unmatched,Matched,USR35838,MCH5608,Mismatch,Mismatch
CBK0000587,TXN00007285,USR87500,MCH1569,,2026-02-01 08:40:00,4196.87,Duplicate Debit,user says upi pin was not entered by them.,Resolved,2026-02-21 00:00:00,High,Chatbot,Unmatched,Matched,Matched,USR18089,MCH2321,Mismatch,Mismatch
CBK0001026,TXN00009371,USR52820,MCH8391,2026-01-02 00:00:00,2026-01-03 00:00:00,,Fraud,suspicious high-value payment disputed by customer.,In Progress,2026-01-25 00:00:00,Critical,IVR,Matched,Matched,Matched,USR30222,MCH2023,Mismatch,Mismatch
CBK0000797,TXN00010208,USR84323,MCH2140,2026-02-23 00:00:00,2026-02-25 00:00:00,687.82,Merchant Not Delivered,user says upi pin was not entered by them.,In Progress,2026-03-12 00:00:00,Low,IVR,Unmatched,Unmatched,Matched,USR63556,MCH1070,Mismatch,Mismatch
CBK0002035,,USR74657,MCH1497,2026-01-25 00:00:00,2026-01-27 00:00:00,,Customer Dispute,customer complaint text unclear due to poor call center notes.,In Progress,,Low,Chatbot,Matched,Matched,Unmatched,,,Not Applicable,Not Applicable
CBK0000676,TXN00010013,USR25470,MCH9984,2026-03-24 17:08:02,2026-03-24 00:00:00,314.65,Merchant Not Delivered,customer says transaction was not authorized.,In Progress,2026-04-15 00:00:00,High,IVR,Matched,Matched,Matched,USR54496,MCH3766,Mismatch,Mismatch
CBK0001459,TXN00007662,USR87831,MCH6142,2026-02-17 00:00:00,2026-02-18 00:00:00,4479.85,Fraud,merchant service was not delivered after payment.,Open,2026-03-01 00:00:00,Medium,IVR,Matched,Unmatched,Matched,USR11200,MCH1256,Mismatch,Mismatch
CBK0000237,TXN00009246,USR24926,MCH2943,,2026-04-12 00:00:00,1644.04,Merchant Not Delivered,suspicious high-value payment disputed by customer.,Pending Bank,2026-02-05 00:00:00,Low,Chatbot,Matched,Matched,Matched,USR74798,MCH5896,Mismatch,Mismatch
CBK0000595,TXN00004517,USR57955,MCH8710,2026-02-22 00:00:00,2026-02-23 00:00:00,676.55,Merchant Not Delivered,suspicious high-value payment disputed by customer.,Pending Bank,2026-02-24 00:00:00,Low,IVR,Unmatched,Unmatched,Matched,USR64624,MCH2655,Mismatch,Mismatch
CBK0002344,TXN00018840,USR45486,MCH8357,2026-02-20 00:00:00,2026-02-26 00:00:00,1901.24,Duplicate Debit,complaint received after multiple failed attempts.,Closed,2026-03-04 00:00:00,High,Branch,Unmatched,Unmatched,Matched,USR63468,MCH9466,Mismatch,Mismatch
CBK0001299,TXN00006246,USR98736,MCH5076,,2026-02-09 00:00:00,1584.81,Duplicate Debit,complaint received after multiple failed attempts.,In Progress,,Medium,Branch,Unmatched,Unmatched,Matched,USR96975,MCH4040,Mismatch,Mismatch
CBK0000774,TXN00000794,USR78569,MCH4590,2026-03-03 00:00:00,2026-05-03 00:00:00,124.85,Merchant Not Delivered,suspicious high-value payment disputed by customer.,Open,2026-04-04 10:25:44,Medium,IVR,Unmatched,Unmatched,Matched,USR30242,MCH6103,Mismatch,Mismatch
CBK0002779,TXN00001284,USR62254,MCH5430,2026-01-04 00:00:00,2026-06-01 22:17:15,141.27,Account Compromised,user claims account was compromised before transaction.,Closed,,Medium,App,Matched,Matched,Matched,USR12116,MCH9495,Mismatch,Mismatch
CBK0001954,TXN00012046,USR82369,MCH6344,2026-03-03 16:22:00,2026-03-06 06:22:00,2431.27,Incorrect Amount,customer complaint text unclear due to poor call center notes.,In Progress,2026-03-12 06:22:00,Medium,IVR,Unmatched,Unmatched,Matched,USR46183,MCH6087,Mismatch,Mismatch
CBK0001697,TXN00015694,USR50776,MCH2822,2026-02-07 23:39:00,2026-09-02 21:39:04,2581.01,Merchant Not Delivered,merchant service was not delivered after payment.,Open,2026-02-14 00:00:00,Low,IVR,Unmatched,Unmatched,Matched,USR49142,MCH3074,Mismatch,Mismatch
CBK0002305,TXN00008366,USR55382,MCH4721,,2026-03-04 00:00:00,1671.34,Fraud,suspicious high-value payment disputed by customer.,Closed,,High,App,Unmatched,Unmatched,Matched,USR29842,MCH9183,Mismatch,Mismatch
CBK0000206,TXN00019710,USR39190,MCH6651,,2026-01-25 16:01:33,739.61,Merchant Not Delivered,payment made to unknown merchant as per customer statement.,Closed,2026-01-02 16:01:33,High,App,Unmatched,Matched,Matched,USR49642,MCH8466,Mismatch,Mismatch
CBK0001744,TXN00009167,USR70912,MCH1602,2026-02-23 00:00:00,2026-02-24 14:21:00,286.26,Merchant Not Delivered,complaint received after multiple failed attempts. pls check asap,Closed,,Medium,Chatbot,Matched,Unmatched,Matched,USR44047,MCH1543,Mismatch,Mismatch
CBK0000128,TXN00012176,USR84571,MCH5742,2026-03-26 00:00:00,2026-04-05 23:32:00,4272.46,Merchant Not Delivered,user says upi pin was not entered by them.,Resolved,,Low,Call Center,Unmatched,Unmatched,Matched,USR23170,MCH2140,Mismatch,Mismatch
CBK0001316,TXN00007966,USR52956,MCH2383,2026-03-29 21:07:00,2026-03-30 00:00:00,4920.19,Unauthorized Transaction,customer says transaction was not authorized.,Rejected,,Critical,IVR,Unmatched,Matched,Matched,USR11953,MCH4494,Mismatch,Mismatch
CBK0002296,TXN00004293,USR72591,MCH3992,2026-05-01 00:00:00,2026-08-01 00:00:00,830.77,Merchant Not Delivered,complaint received after multiple failed attempts.,Closed,2026-01-14 00:00:00,Medium,Branch,Unmatched,Unmatched,Matched,USR16731,MCH9955,Mismatch,Mismatch
CBK0002062,TXN00005459,USR97255,MCH5730,2026-01-02 00:00:00,,10125.57,Customer Dispute,complaint received after multiple failed attempts.,In Progress,,Medium,IVR,Matched,Unmatched,Matched,USR14920,MCH8763,Mismatch,Mismatch
CBK0001537,TXN00001929,USR74377,MCH4082,,2026-01-26 14:10:44,1412.21,Customer Dispute,merchant service was not delivered after payment.,In Progress,2026-02-19 00:00:00,Low,App,Unmatched,Matched,Matched,USR33506,MCH1782,Mismatch,Mismatch
CBK0000983,TXN00059214,USR51720,MCH6740,2026-03-02 00:00:00,2026-03-03 21:54:00,2012.0,Customer Dispute,complaint received after multiple failed attempts.,Pending Bank,,Medium,App,Unmatched,Unmatched,Unmatched,,,Not Applicable,Not Applicable
CBK0002273,TXN00013117,USR27533,MCH4185,2026-02-28 00:00:00,2026-06-03 00:00:00,355.32,Unauthorized Transaction,user reports money deducted but merchant denies receiving payment.,Open,2026-06-03 00:00:00,Critical,App,Matched,Matched,Matched,USR45851,MCH3533,Mismatch,Mismatch
CBK0000522,TXN00009019,USR81185,MCH2065,2026-07-01 00:00:00,2026-11-01 02:56:13,2738.39,Merchant Not Delivered,suspicious high-value payment disputed by customer. call dropped,Closed,2026-08-02 02:56:13,Medium,App,Unmatched,Unmatched,Matched,USR17550,MCH5119,Mismatch,Mismatch
CBK0002162,TXN00001120,USR94046,MCH9160,2026-01-27 00:00:00,2026-01-28 00:00:00,8008.29,Unauthorized Transaction,merchant service was not delivered after payment.,Rejected,,Low,Call Center,Matched,Matched,Matched,USR52109,MCH1347,Mismatch,Mismatch
CBK0002626,TXN00013045,USR87914,MCH6675,2026-01-24 23:00:10,,1342.39,Merchant Not Delivered,merchant service was not delivered after payment.,Rejected,2026-02-21 00:00:00,Low,IVR,Unmatched,Matched,Matched,USR54602,MCH6095,Mismatch,Mismatch
CBK0000257,TXN00015440,USR53356,MCH6943,2026-11-01 00:00:00,2026-01-13 00:00:00,,Incorrect Amount,merchant service was not delivered after payment. pls check asap,Open,2026-01-29 00:00:00,Medium,IVR,Matched,Matched,Matched,USR44997,MCH3275,Mismatch,Mismatch
CBK0000598,TXN00012035,USR93286,MCH1314,2026-02-13 00:00:00,2026-02-14 09:58:00,1897.14,Fraud,user claims account was compromised before transaction.,Open,2026-03-15 09:58:00,Medium,IVR,Unmatched,Matched,Matched,USR61673,MCH1917,Mismatch,Mismatch
CBK0002739,TXN00017191,USR70236,MCH4655,,,2345.0,Account Compromised,customer says amount was debited twice.,In Progress,,Low,Chatbot,Unmatched,Unmatched,Matched,USR65881,MCH2074,Mismatch,Mismatch
CBK0002426,,USR83808,MCH8011,2026-03-30 00:00:00,2026-03-31 00:00:00,540.94,Merchant Not Delivered,customer says transaction was not authorized.,Pending Bank,,Medium,IVR,Unmatched,Unmatched,Unmatched,,,Not Applicable,Not Applicable
CBK0001182,TXN00014058,USR96058,MCH5980,2026-01-09 00:00:00,2026-01-19 00:00:00,581.96,Duplicate Debit,user reports money deducted but merchant denies receiving payment.,Open,,Critical,IVR,Matched,Matched,Matched,USR73475,MCH5891,Mismatch,Mismatch
CBK0002183,TXN00014087,USR46806,MCH4485,2026-04-03 13:46:36,2026-03-19 00:00:00,4901.36,Duplicate Debit,customer complaint text unclear due to poor call center notes.,Rejected,,Low,Call Center,Unmatched,Matched,Matched,USR64203,MCH4836,Mismatch,Mismatch
CBK0000396,TXN00016780,USR34997,MCH1351,,2026-01-14 00:00:00,1017.31,Account Compromised,user claims account was compromised before transaction. details missing,Open,2026-02-12 12:04:00,Low,Call Center,Unmatched,Unmatched,Matched,USR88655,MCH9557,Mismatch,Mismatch
CBK0002371,TXN00007628,USR28839,MCH5264,2026-02-03 00:00:00,2026-09-02 00:00:00,3211.77,Account Compromised,customer complaint text unclear due to poor call center notes.,Resolved,2026-02-10 00:00:00,Low,Chatbot,Unmatched,Unmatched,Matched,USR80453,MCH3847,Mismatch,Mismatch
CBK0000804,TXN00000677,USR35395,MCH8348,2026-01-22 00:00:00,2026-01-22 00:00:00,2773.41,Fraud,user claims account was compromised before transaction.,Rejected,2026-02-17 10:58:31,Low,App,Matched,Unmatched,Matched,USR77021,MCH1173,Mismatch,Mismatch
CBK0001112,TXN00013744,USR34212,MCH5076,,2026-04-02 00:00:00,1223.91,Unauthorized Transaction,customer says transaction was not authorized.,Closed,,High,Call Center,Unmatched,Unmatched,Matched,USR49093,MCH8322,Mismatch,Mismatch
CBK0000053,TXN00017140,USR93610,MCH8296,2026-01-12 00:00:00,2026-12-01 11:37:03,589.03,Account Compromised,user claims account was compromised before transaction.,Closed,,Medium,App,Unmatched,Matched,Matched,USR97573,MCH6717,Mismatch,Mismatch
CBK0002604,TXN00015102,USR10831,MCH8980,2026-03-22 00:00:00,2026-03-23 20:33:00,1038.0,Fraud,user says upi pin was not entered by them.,Open,,Medium,IVR,Unmatched,Matched,Matched,USR67674,MCH2320,Mismatch,Mismatch
CBK0001984,TXN00006529,USR67661,MCH7003,2026-01-26 00:00:00,2026-02-01 00:00:00,5747.29,Unauthorized Transaction,customer says transaction was not authorized.,Pending Bank,2026-02-18 03:01:00,Low,Chatbot,Unmatched,Matched,Matched,USR10834,MCH7638,Mismatch,Mismatch
CBK0001246,TXN00007847,USR79175,MCH4181,2026-03-29 17:35:00,2026-04-14 00:00:00,,Incorrect Amount,customer says amount was debited twice.,Open,2026-05-14 11:35:52,High,Chatbot,Unmatched,Unmatched,Matched,USR19060,MCH3962,Mismatch,Mismatch
CBK0001124,TXN00018122,USR11419,MCH9594,,2026-03-05 00:00:00,5694.69,Duplicate Debit,complaint received after multiple failed attempts.,Pending Bank,2026-05-27 02:01:00,Medium,App,Unmatched,Matched,Matched,USR32572,MCH5118,Mismatch,Mismatch
CBK0001317,TXN00016188,USR28015,MCH2822,2026-01-23 00:00:00,2026-01-30 11:51:00,1305.41,Merchant Not Delivered,user claims account was compromised before transaction.,Pending Bank,2026-02-02 00:00:00,High,Call Center,Unmatched,Unmatched,Matched,USR84407,MCH5177,Mismatch,Mismatch
CBK0002614,TXN00006336,USR70866,MCH8906,2026-02-14 00:00:00,2026-02-18 05:26:57,846.13,Incorrect Amount,user reports money deducted but merchant denies receiving payment.,Open,2026-02-22 00:00:00,Medium,Chatbot,Matched,Unmatched,Matched,USR12048,MCH9122,Mismatch,Mismatch
CBK0002164,TXN00001135,USR53527,MCH5076,2026-02-07 00:00:00,2026-02-22 00:00:00,2731.02,Account Compromised,payment made to unknown merchant as per customer statement.,Closed,,High,Chatbot,Unmatched,Unmatched,Matched,USR63841,MCH3252,Mismatch,Mismatch
CBK0001777,TXN00006951,USR81327,MCH9661,2026-02-02 07:12:00,2026-02-05 07:12:00,3359.61,Account Compromised,customer says transaction was not authorized.,Rejected,2026-03-06 07:12:00,Medium,IVR,Matched,Matched,Matched,USR26578,MCH5466,Mismatch,Mismatch
CBK0000616,TXN00006990,USR38951,MCH8779,2026-03-10 00:00:00,2026-03-09 11:42:44,1208.16,Incorrect Amount,user says upi pin was not entered by them.,Rejected,2026-03-28 11:42:00,Medium,App,Unmatched,Matched,Matched,USR65727,MCH1615,Mismatch,Mismatch
CBK0000385,TXN00014076,USR11828,MCH8154,2026-01-23 13:23:28,2026-01-26 22:23:00,1915.56,Incorrect Amount,complaint received after multiple failed attempts.,Open,2026-02-08 00:00:00,Low,IVR,Matched,Matched,Matched,USR66525,MCH8227,Mismatch,Mismatch
CBK0002097,TXN00065627,USR14083,MCH5177,,2026-02-13 00:00:00,3428.7,Customer Dispute,complaint received after multiple failed attempts.,Rejected,2026-03-14 08:43:00,High,Chatbot,Unmatched,Unmatched,Unmatched,,,Not Applicable,Not Applicable
CBK0001900,TXN00012829,USR86138,MCH3815,2026-03-20 18:15:11,2026-05-04 07:15:11,4506.23,Duplicate Debit,user reports money deducted but merchant denies receiving payment.,Resolved,2026-05-05 07:15:11,High,Chatbot,Unmatched,Unmatched,Matched,USR35221,MCH1971,Mismatch,Mismatch
CBK0001029,TXN00007595,USR85146,MCH5954,,2026-04-03 06:18:10,1638.0,Duplicate Debit,user claims account was compromised before txn.,Open,,Medium,Chatbot,Unmatched,Matched,Matched,USR85025,MCH4045,Mismatch,Mismatch
CBK0001052,TXN00015908,USR77900,MCH5264,2026-01-21 00:00:00,2026-01-31 09:49:28,540.0,Customer Dispute,customer says amount was debited twice.,Pending Bank,,Medium,Branch,Matched,Unmatched,Matched,USR39861,MCH2256,Mismatch,Mismatch
CBK0000908,TXN00002368,USR71714,MCH9717,2026-02-22 00:00:00,2026-02-23 00:00:00,4581.54,Merchant Not Delivered,customer complaint text unclear due to poor call center notes.,In Progress,2026-03-07 19:24:52,Low,Chatbot,Unmatched,Unmatched,Matched,USR54276,MCH2398,Mismatch,Mismatch
CBK0000272,TXN00011208,USR31719,MCH5754,2026-01-28 00:00:00,,729.47,Account Compromised,user claims account was compromised before transaction.,Resolved,2026-02-07 00:00:00,High,IVR,Unmatched,Unmatched,Matched,USR10932,MCH7451,Mismatch,Mismatch
CBK0001049,TXN00019810,USR21832,MCH3020,,,2801.1,Unauthorized Transaction,payment made to unknown merchant as per customer statement.,Resolved,2026-04-17 00:00:00,High,Email,Unmatched,Unmatched,Matched,USR43962,MCH2872,Mismatch,Mismatch
CBK0000221,TXN00004354,USR82244,MCH2757,2026-03-03 18:42:43,2026-06-03 00:00:00,1370.0,Duplicate Debit,complaint received after multiple failed attempts.,In Progress,2026-03-22 00:00:00,Medium,IVR,Unmatched,Matched,Matched,USR48489,MCH7830,Mismatch,Mismatch
CBK0001615,TXN00001397,USR23350,MCH9727,2026-02-06 00:00:00,2026-09-02 00:00:00,2972.0,Customer Dispute,user claims account was compromised before transaction.,In Progress,2026-02-20 00:00:00,High,Email,Unmatched,Unmatched,Matched,USR38745,MCH5086,Mismatch,Mismatch
CBK0002732,TXN00007712,USR86991,MCH7765,2026-01-02 00:00:00,2026-02-04 17:09:00,1151.15,Service Failed,customer says transaction was not authorized.,In Progress,2026-12-02 17:09:22,Medium,App,Unmatched,Matched,Matched,USR20372,MCH7979,Mismatch,Mismatch
CBK0000571,TXN00018357,USR74628,MCH4473,2026-08-02 02:15:15,2026-02-10 05:15:00,13142.13,Merchant Not Delivered,payment made to unknown merchant as per customer statement.,In Progress,2026-04-03 00:00:00,Medium,IVR,Unmatched,Unmatched,Matched,USR89905,MCH1012,Mismatch,Mismatch
CBK0001992,TXN00012094,USR97149,MCH2503,2026-02-11 20:34:00,2026-12-02 00:00:00,878.0,Account Compromised,user reports money deducted but merchant denies receiving payment.,Rejected,,Low,IVR,Unmatched,Matched,Matched,USR93518,MCH3518,Mismatch,Mismatch
CBK0002152,TXN00005346,USR43944,MCH6429,2026-03-05 00:00:00,2026-03-07 00:00:00,3376.98,Merchant Not Delivered,user reports money deducted but merchant denies receiving payment.,Open,2026-03-28 00:00:00,Low,Email,Unmatched,Matched,Matched,USR18456,MCH7002,Mismatch,Mismatch
CBK0002386,TXN00014331,USR72448,MCH7602,2026-01-20 00:00:00,2026-02-04 00:00:00,678.63,Account Compromised,suspicious high-value payment disputed by customer.,Open,2026-02-06 00:00:00,High,Call Center,Matched,Unmatched,Matched,USR53338,MCH9699,Mismatch,Mismatch
CBK0000126,TXN00009782,USR75241,MCH8503,2026-03-22 00:00:00,2026-04-06 19:49:00,718.61,Incorrect Amount,customer says transaction was not authorized.,Resolved,2026-04-20 00:00:00,Medium,IVR,Unmatched,Unmatched,Matched,USR27873,MCH5528,Mismatch,Mismatch
CBK0000552,TXN00001358,USR59496,MCH5588,2026-01-21 00:00:00,2026-01-23 00:00:00,6742.91,Service Failed,suspicious high-value payment disputed by customer.,In Progress,2026-02-02 00:00:00,Critical,Branch,Unmatched,Matched,Matched,USR59418,MCH3587,Mismatch,Mismatch
CBK0002681,TXN00008227,USR87558,MCH3815,2026-01-07 00:00:00,2026-01-10 12:14:00,2758.76,Customer Dispute,complaint received after multiple failed attempts.,Rejected,2026-01-10 00:00:00,High,Email,Unmatched,Unmatched,Matched,USR46059,MCH1858,Mismatch,Mismatch
CBK0001091,TXN00003670,USR12026,MCH4593,2026-07-01 00:00:00,2026-02-06 00:00:00,2583.29,Duplicate Debit,customer says transaction was not authorized.,Rejected,2026-03-02 00:00:00,Low,Email,Matched,Matched,Matched,USR50153,MCH4386,Mismatch,Mismatch
CBK0000174,TXN00013432,USR44848,MCH4003,2026-01-28 00:00:00,2026-01-28 00:00:00,616.19,Customer Dispute,user says upi pin was not entered by them.,Rejected,,Low,Branch,Unmatched,Unmatched,Matched,USR61951,MCH4117,Mismatch,Mismatch
CBK0000949,,USR50783,MCH9233,2026-01-14 00:00:00,2026-01-25 01:55:00,7400.39,Merchant Not Delivered,suspicious high-value payment disputed by customer.,In Progress,,Medium,IVR,Unmatched,Unmatched,Unmatched,,,Not Applicable,Not Applicable
CBK0000519,TXN00010998,USR69938,MCH7992,2026-01-29 23:14:08,,1567.73,Unauthorized Transaction,merchant service was not delivered after payment.,In Progress,2026-02-04 00:00:00,Low,Chatbot,Unmatched,Matched,Matched,USR88063,MCH3992,Mismatch,Mismatch
CBK0000645,TXN00016469,USR59482,MCH1792,2026-03-13 13:03:25,,12115.08,Incorrect Amount,customer says transaction was not authorized.,Pending Bank,,Critical,Chatbot,Matched,Matched,Matched,USR80974,MCH4316,Mismatch,Mismatch
CBK0000063,TXN00017905,USR73461,MCH3216,2026-01-30 00:00:00,2026-01-30 00:00:00,2185.09,Customer Dispute,customer says transaction was not authorized.,Resolved,2026-02-02 00:00:00,Low,Chatbot,Unmatched,Matched,Matched,USR82277,MCH9759,Mismatch,Mismatch
CBK0001394,TXN00009340,USR39542,MCH1320,2026-02-18 13:01:11,2026-02-23 00:00:00,1180.9,Duplicate Debit,user reports money deducted but merchant denies receiving payment.,Open,,Critical,Chatbot,Unmatched,Matched,Matched,USR97322,MCH2083,Mismatch,Mismatch
CBK0001496,TXN00012480,USR39700,MCH9284,2026-02-09 02:52:00,2026-02-19 00:00:00,2178.0,Fraud,payment made to unknown merchant as per customer statement.,Closed,2026-02-20 00:00:00,High,Call Center,Matched,Unmatched,Matched,USR75541,MCH3696,Mismatch,Mismatch
CBK0002246,TXN00009997,USR96095,MCH6849,2026-03-28 00:00:00,2026-04-03 00:00:00,,Merchant Not Delivered,merchant service was not delivered after payment.,Rejected,2026-04-14 12:51:03,Medium,Chatbot,Unmatched,Unmatched,Matched,USR88737,MCH2759,Mismatch,Mismatch
CBK0001245,TXN00014601,USR50737,MCH1920,2026-03-17 00:00:00,2026-03-27 20:30:00,689.0,Customer Dispute,payment made to unknown merchant as per customer statement.,Pending Bank,2026-04-20 00:00:00,Low,IVR,Matched,Unmatched,Matched,USR61745,MCH7179,Mismatch,Mismatch
CBK0000329,TXN00014927,USR30489,MCH4948,2026-01-29 17:56:00,2026-03-16 00:00:00,,Fraud,suspicious high-value payment disputed by customer.,Open,2026-04-08 00:00:00,Medium,App,Unmatched,Matched,Matched,USR75439,MCH2484,Mismatch,Mismatch
CBK0001974,TXN00002369,USR83393,MCH3463,2026-03-30 17:27:58,2026-01-04 15:27:58,1718.0,Customer Dispute,customer says transaction was not authorized.,In Progress,2026-04-20 00:00:00,Low,Branch,Matched,Unmatched,Matched,USR52730,MCH2204,Mismatch,Mismatch
CBK0002363,TXN00002125,USR78593,MCH2757,2026-04-03 00:00:00,2026-03-07 00:00:00,2711.0,Account Compromised,payment made to unknown merchant as per customer statement.,Closed,2026-03-22 00:00:00,Low,Branch,Unmatched,Matched,Matched,USR99277,MCH8890,Mismatch,Mismatch
CBK0001357,TXN00015990,USR49195,MCH1203,2026-01-08 00:00:00,2026-01-23 03:20:00,1640.31,Account Compromised,payment made to unknown merchant as per customer statement.,Open,2026-02-01 00:00:00,Critical,App,Unmatched,Unmatched,Matched,USR64598,MCH6606,Mismatch,Mismatch
CBK0002677,TXN00009096,USR31537,MCH8779,2026-02-27 00:00:00,2026-02-28 00:00:00,6781.52,Incorrect Amount,suspicious high-value payment disputed by cust.,Pending Bank,2026-10-03 08:17:01,Medium,Branch,Unmatched,Matched,Matched,USR68547,MCH6960,Mismatch,Mismatch
CBK0000586,TXN00007590,USR26821,MCH8953,2026-11-03 00:00:00,,1023.96,Customer Dispute,complaint received after multiple failed attempts. call dropped,Rejected,2026-04-02 02:24:43,Low,Call Center,Matched,Matched,Matched,USR16442,MCH2223,Mismatch,Mismatch
CBK0000776,TXN00010920,USR19006,MCH4590,2026-03-12 23:55:00,2026-03-13 02:55:07,5019.03,Unauthorized Transaction,complaint received after multiple failed attempts.,Pending Bank,,Medium,IVR,Unmatched,Unmatched,Matched,USR80116,MCH3901,Mismatch,Mismatch
CBK0000873,TXN00002853,USR33226,MCH2822,2026-02-13 11:31:49,2026-02-20 00:00:00,1650.21,Merchant Not Delivered,complaint received after multiple failed attempts.,Open,2026-02-26 12:31:49,Medium,Email,Unmatched,Unmatched,Matched,USR12542,MCH7416,Mismatch,Mismatch
CBK0000358,TXN00015992,USR12248,MCH1013,2026-02-28 00:00:00,2026-10-03 00:00:00,6937.41,Account Compromised,user says upi pin was not entered by them. na,Rejected,2026-03-10 00:00:00,High,Branch,Unmatched,Unmatched,Matched,USR49340,MCH7201,Mismatch,Mismatch
CBK0002265,TXN00008431,USR11987,MCH5922,,2026-07-02 23:51:35,1831.96,Incorrect Amount,customer says transaction was not authorized.,Rejected,2026-03-09 23:51:00,Medium,Chatbot,Matched,Unmatched,Matched,USR88654,MCH8374,Mismatch,Mismatch
CBK0001115,TXN00018481,USR96362,MCH8953,2026-01-31 00:00:00,2026-02-03 00:00:00,776.76,Merchant Not Delivered,merchant service was not delivered after payment.,Rejected,2026-05-02 00:00:00,Medium,IVR,Unmatched,Matched,Matched,USR75929,MCH5076,Mismatch,Mismatch
CBK0000323,TXN00019162,USR85655,MCH7346,2026-03-03 02:18:00,2026-03-03 10:18:01,2538.07,Duplicate Debit,user says upi pin was not entered by them.,Pending Bank,,Low,Branch,Unmatched,Unmatched,Matched,USR89800,MCH3520,Mismatch,Mismatch
CBK0000234,TXN00001948,USR69297,MCH8977,2026-03-29 04:03:44,2026-03-30 00:00:00,8296.18,Incorrect Amount,suspicious high-value payment disputed by customer.,Resolved,2026-04-25 00:00:00,Low,IVR,Matched,Unmatched,Matched,USR22564,MCH3050,Mismatch,Mismatch
CBK0001576,TXN00012979,USR85329,MCH1945,2026-01-07 00:00:00,2026-07-01 10:12:22,21185.86,Fraud,complaint received after multiple failed attempts.,Closed,2026-08-01 00:00:00,Low,Chatbot,Unmatched,Unmatched,Matched,USR11301,MCH1981,Mismatch,Mismatch
CBK0002169,TXN00011212,USR87637,MCH5655,2026-01-25 00:00:00,2026-01-28 23:45:00,,Incorrect Amount,user says upi pin was not entered by them.,Rejected,,Medium,Branch,Unmatched,Unmatched,Matched,USR52173,MCH8699,Mismatch,Mismatch
CBK0000803,,USR28353,MCH9017,2026-01-28 20:41:02,2026-02-13 00:00:00,6400.05,Merchant Not Delivered,complaint received after multiple failed attempts. pls check asap,Resolved,2026-02-23 00:00:00,High,IVR,Unmatched,Unmatched,Unmatched,,,Not Applicable,Not Applicable
CBK0001770,TXN00001025,USR97417,MCH7480,2026-02-24 23:35:00,2026-03-07 00:00:00,5150.06,Merchant Not Delivered,complaint received after multiple failed attempts.,Closed,,Medium,IVR,Unmatched,Unmatched,Matched,USR51333,MCH5340,Mismatch,Mismatch
CBK0000956,TXN00001028,USR76271,MCH9801,2026-03-30 00:00:00,2026-04-15 11:18:00,,Merchant Not Delivered,user claims account was compromised before transaction.,Open,2026-04-26 00:00:00,Medium,Branch,Matched,Matched,Matched,USR65744,MCH6510,Mismatch,Mismatch
CBK0001559,TXN00003513,USR15980,MCH9291,2026-03-13 00:00:00,2026-03-13 00:00:00,754.13,Merchant Not Delivered,user says upi pin was not entered by them.,Resolved,2026-05-04 00:00:00,Medium,Chatbot,Unmatched,Matched,Matched,USR68471,MCH3231,Mismatch,Mismatch
CBK0002745,TXN00003727,USR54113,MCH7888,2026-12-03 20:17:03,2026-03-18 00:00:00,1284.94,Incorrect Amount,payment made to unknown merchant as per customer statement.,Rejected,2026-03-29 11:17:03,Medium,IVR,Unmatched,Unmatched,Matched,USR18722,MCH2577,Mismatch,Mismatch
CBK0002455,TXN00001275,USR69706,MCH5076,2026-01-20 00:00:00,2026-01-23 00:00:00,2210.2,Duplicate Debit,customer says amount was debited twice.,Resolved,2026-02-17 00:00:00,Low,IVR,Matched,Unmatched,Matched,USR37568,MCH3699,Mismatch,Mismatch
CBK0000925,TXN00001097,USR67142,MCH4883,2026-02-14 15:47:00,2026-02-18 01:47:00,4816.91,Merchant Not Delivered,merchant service was not delivered after payment.,Resolved,,Medium,IVR,Unmatched,Unmatched,Matched,USR49171,MCH5922,Mismatch,Mismatch
CBK0002531,TXN00018059,USR46902,MCH1737,2026-03-06 00:00:00,2026-03-12 00:00:00,,Unauthorized Transaction,payment made to unknown merchant as per customer statement.,Rejected,,Medium,Chatbot,Matched,Unmatched,Matched,USR56291,MCH9330,Mismatch,Mismatch
CBK0001365,TXN00011080,USR44053,MCH1613,2026-02-10 00:00:00,2026-02-17 00:00:00,1709.82,Merchant Not Delivered,user reports money deducted but merchant denies receiving payment. details missing,Rejected,2026-02-20 16:56:29,Medium,App,Unmatched,Unmatched,Matched,USR65765,MCH3947,Mismatch,Mismatch
CBK0000254,TXN00005010,USR40538,MCH5940,,2026-03-08 00:00:00,1290.35,Account Compromised,user claims account was compromised before transaction.,Open,2026-03-28 00:00:00,Medium,App,Unmatched,Unmatched,Matched,USR63835,MCH6335,Mismatch,Mismatch
CBK0000919,TXN00004956,USR26890,MCH9891,2026-03-15 09:36:34,2026-03-18 00:00:00,1752.77,Fraud,merchant service was not delivered after payment.,Rejected,2026-03-22 19:36:34,Medium,IVR,Matched,Unmatched,Matched,USR33979,MCH1971,Mismatch,Mismatch
CBK0002474,TXN00014618,USR24726,MCH2638,2026-02-18 00:00:00,2026-02-20 05:43:41,1047.67,Unauthorized Transaction,suspicious high-value payment disputed by customer.,Rejected,2026-03-07 00:00:00,Medium,Branch,Matched,Unmatched,Matched,USR95420,MCH2269,Mismatch,Mismatch
CBK0002776,TXN00013127,USR40874,MCH5212,2026-03-19 00:00:00,2026-03-21 14:17:37,1935.98,Account Compromised,customer says transaction was not authorized.,Open,,High,Chatbot,Matched,Unmatched,Matched,USR95868,MCH9300,Mismatch,Mismatch
CBK0001195,TXN00001271,USR48486,MCH5327,2026-01-21 00:00:00,2026-01-23 00:00:00,1190.0,Merchant Not Delivered,merchant service was not delivered after payment.,Pending Bank,2026-02-19 00:00:00,High,Call Center,Unmatched,Unmatched,Matched,USR56974,MCH5985,Mismatch,Mismatch
CBK0002506,TXN00002955,USR68934,MCH7020,2026-03-28 00:00:00,2026-04-28 00:00:00,4857.63,Unauthorized Transaction,suspicious high-value payment disputed by customer.,Resolved,,Low,IVR,Unmatched,Matched,Matched,USR66919,MCH4788,Mismatch,Mismatch
CBK0000832,TXN00014106,USR26145,MCH1012,2026-01-21 23:25:00,2026-01-31 23:25:00,1547.17,Unauthorized Transaction,complaint received after multiple failed attempts.,Open,2026-02-27 00:00:00,Low,Call Center,Unmatched,Unmatched,Matched,USR45125,MCH4038,Mismatch,Mismatch
CBK0000564,TXN00005945,USR21384,MCH1809,2026-02-03 00:00:00,2026-04-02 00:00:00,848.15,Merchant Not Delivered,user reports money deducted but merchant denies receiving payment.,In Progress,2026-02-04 00:00:00,High,Email,Unmatched,Matched,Matched,USR12979,MCH2530,Mismatch,Mismatch
CBK0000744,TXN00001703,USR53423,MCH6565,2026-05-01 14:34:29,,2240.0,Duplicate Debit,user says upi pin was not entered by them.,Resolved,2026-01-19 00:00:00,Medium,Email,Matched,Matched,Matched,USR92643,MCH4277,Mismatch,Mismatch
CBK0001649,TXN00018989,USR90653,MCH2436,2026-03-30 02:11:00,2026-04-02 00:00:00,2703.0,Duplicate Debit,merchant service was not delivered after payment.,Pending Bank,,High,Chatbot,Unmatched,Matched,Matched,USR96717,MCH6720,Mismatch,Mismatch
CBK0000455,TXN00012649,USR42432,MCH9748,,2026-02-25 00:00:00,2202.7,Account Compromised,merchant service was not delivered after payment.,In Progress,2026-03-11 21:41:19,High,Chatbot,Unmatched,Unmatched,Matched,USR48604,MCH1905,Mismatch,Mismatch
CBK0000302,TXN00016585,USR38429,MCH2943,2026-03-17 00:00:00,,,Duplicate Debit,complaint received after multiple failed attempts.,Pending Bank,2026-03-18 00:00:00,Medium,Call Center,Unmatched,Matched,Matched,USR14772,MCH7331,Mismatch,Mismatch
CBK0002738,TXN00000947,USR89588,MCH2960,2026-02-13 08:30:44,2026-02-13 11:30:44,2075.0,Unauthorized Transaction,customer says amount was debited twice.,Resolved,2026-02-18 11:30:44,Medium,Email,Unmatched,Matched,Matched,USR77397,MCH4579,Mismatch,Mismatch
CBK0000153,TXN00000546,USR92746,MCH7824,2026-03-01 00:00:00,2026-03-03 19:44:09,,Merchant Not Delivered,suspicious high-value payment disputed by customer.,Closed,2026-03-03 19:44:00,Medium,IVR,Matched,Unmatched,Matched,USR29893,MCH6075,Mismatch,Mismatch
CBK0000304,TXN00013266,USR84318,MCH5916,2026-02-22 00:00:00,2026-02-28 00:00:00,6391.92,Merchant Not Delivered,complaint received after multiple failed attempts.,Pending Bank,2026-08-03 00:00:00,High,Email,Unmatched,Unmatched,Matched,USR67852,MCH4013,Mismatch,Mismatch
CBK0000114,TXN00002182,USR85475,MCH8779,2026-08-02 13:27:52,2026-09-02 13:27:52,,Incorrect Amount,user says upi pin was not entered by them.,Resolved,2026-02-28 00:00:00,Low,Email,Unmatched,Matched,Matched,USR92121,MCH1784,Mismatch,Mismatch
CBK0001506,TXN00002381,USR81570,MCH3815,2026-02-04 00:00:00,2026-07-02 00:00:00,3182.0,Account Compromised,customer says transaction was not authorized.,In Progress,,Medium,Chatbot,Unmatched,Unmatched,Matched,USR91117,MCH7438,Mismatch,Mismatch
CBK0000588,TXN00003990,USR48652,MCH5552,2026-02-13 00:00:00,2026-02-19 00:00:00,702.0,Merchant Not Delivered,customer complaint text unclear due to poor call center notes.,Rejected,2026-02-26 00:00:00,Low,App,Unmatched,Unmatched,Matched,USR58128,MCH6092,Mismatch,Mismatch
CBK0000857,TXN00018599,USR52095,MCH3652,2026-03-19 00:00:00,2026-03-25 04:34:33,576.0,Customer Dispute,user claims account was compromised before transaction.,Closed,,Medium,Email,Unmatched,Matched,Matched,USR89515,MCH9116,Mismatch,Mismatch
CBK0002327,TXN00011877,USR69584,MCH5183,2026-06-03 00:00:00,2026-03-06 21:56:02,728.14,Unauthorized Transaction,customer says transaction was not authorized.,Open,2026-03-22 00:00:00,Medium,IVR,Unmatched,Matched,Matched,USR82159,MCH9941,Mismatch,Mismatch
CBK0000858,TXN00015040,USR95176,MCH1146,2026-03-29 00:00:00,,1568.41,Incorrect Amount,customer says amount was debited twice.,Pending Bank,,Low,Email,Unmatched,Unmatched,Matched,USR57523,MCH8698,Mismatch,Mismatch
CBK0000429,TXN00019661,USR97772,MCH3992,2026-02-19 22:56:00,2026-02-21 09:56:09,,Incorrect Amount,user reports money deducted but merchant denies receiving payment.,Rejected,2026-03-06 00:00:00,High,App,Matched,Unmatched,Matched,USR31505,MCH1151,Mismatch,Mismatch
CBK0000817,TXN00002301,USR71836,MCH3815,2026-05-02 00:00:00,2026-02-21 00:00:00,769.17,Account Compromised,payment made to unknown merchant as per customer statement.,Open,2026-07-03 12:29:12,Low,App,Unmatched,Unmatched,Matched,USR83755,MCH2902,Mismatch,Mismatch
CBK0000011,TXN00006805,USR14951,MCH5380,2026-02-20 00:00:00,2026-02-22 00:00:00,1087.14,Incorrect Amount,suspicious high-value payment disputed by customer.,Closed,2026-01-03 00:00:00,Medium,IVR,Unmatched,Unmatched,Matched,USR29782,MCH9177,Mismatch,Mismatch
CBK0000250,TXN00002574,USR73010,MCH1320,2026-02-25 03:11:33,2026-03-02 00:00:00,660.0,Merchant Not Delivered,suspicious high-value payment disputed by customer.,Open,2026-07-03 09:11:33,Low,IVR,Unmatched,Matched,Matched,USR59170,MCH3856,Mismatch,Mismatch
CBK0001404,TXN00003881,USR61151,MCH8634,,2026-03-23 06:15:00,,Unauthorized Transaction,customer says transaction was not authorized.,In Progress,2026-03-30 00:00:00,Medium,Call Center,Unmatched,Matched,Matched,USR94603,MCH1375,Mismatch,Mismatch
CBK0000574,TXN00011825,USR78873,MCH9713,2026-01-26 18:02:00,2026-03-12 00:00:00,3123.85,Duplicate Debit,complaint received after multiple failed attempts.,In Progress,2026-03-17 00:00:00,Low,Email,Matched,Matched,Matched,USR42023,MCH5762,Mismatch,Mismatch
CBK0002429,TXN00015653,USR50125,MCH2266,2026-03-31 00:00:00,2026-04-01 00:00:00,3491.1,Duplicate Debit,suspicious high-value payment disputed by customer.,Closed,2026-04-25 00:00:00,Medium,Chatbot,Unmatched,Matched,Matched,USR37694,MCH6064,Mismatch,Mismatch
CBK0001916,TXN00005518,USR18198,MCH5954,,2026-03-25 00:00:00,4245.22,Fraud,merchant service was not delivered after payment.,Rejected,2026-04-04 16:01:06,Low,Branch,Unmatched,Matched,Matched,USR78743,MCH1212,Mismatch,Mismatch
CBK0001132,TXN00019555,USR87956,MCH5062,2026-01-24 13:53:56,2026-01-26 00:00:00,15606.92,Incorrect Amount,user claims account was compromised before transaction.,In Progress,2026-02-02 00:00:00,Low,IVR,Matched,Unmatched,Matched,USR63613,MCH3234,Mismatch,Mismatch
CBK0000528,TXN00003808,USR46923,MCH2685,2026-02-19 14:29:00,2026-02-22 00:00:00,476.92,Duplicate Debit,payment made to unknown merchant as per customer statement.,Closed,,Critical,IVR,Unmatched,Unmatched,Matched,USR42269,MCH9959,Mismatch,Mismatch
CBK0002091,TXN00006681,USR26140,MCH5655,2026-01-27 00:00:00,2026-01-28 00:00:00,946.45,Account Compromised,merchant service was not delivered after payment. na,Rejected,2026-02-24 00:00:00,Medium,IVR,Unmatched,Unmatched,Matched,USR90112,MCH5222,Mismatch,Mismatch
CBK0001235,TXN00010356,USR82947,MCH6407,2026-02-23 00:00:00,2026-02-26 00:00:00,2359.0,Incorrect Amount,customer says transaction was not authorized.,Rejected,2026-12-03 04:52:03,High,App,Unmatched,Unmatched,Matched,USR38749,MCH3061,Mismatch,Mismatch
CBK0001096,TXN00019163,USR72047,MCH3308,2026-02-17 00:00:00,2026-03-04 00:00:00,1202.2,Incorrect Amount,complaint received after multiple failed attempts.,Resolved,,High,IVR,Unmatched,Matched,Matched,USR98710,MCH4367,Mismatch,Mismatch
CBK0001038,TXN00005386,USR82091,MCH1514,2026-01-24 00:00:00,2026-04-02 04:50:27,2597.6,Customer Dispute,payment made to unknown merchant as per customer statement.,In Progress,2026-02-11 00:00:00,Medium,App,Matched,Matched,Matched,USR78383,MCH8520,Mismatch,Mismatch
CBK0000653,TXN00007307,USR58692,MCH2298,2026-01-15 00:00:00,2026-01-30 00:00:00,2349.32,Unauthorized Transaction,user says upi pin was not entered by them. call dropped,Closed,2026-02-26 15:09:16,Medium,Call Center,Unmatched,Unmatched,Matched,USR21014,MCH6677,Mismatch,Mismatch
CBK0000456,TXN00009180,USR83586,MCH8928,2026-01-19 01:14:49,,,Fraud,user reports money deducted but merchant denies receiving payment.,In Progress,2026-05-02 00:00:00,High,Call Center,Unmatched,Matched,Matched,USR98697,MCH3748,Mismatch,Mismatch
CBK0000818,TXN00015972,USR83126,MCH2616,2026-01-19 00:00:00,2026-01-21 23:22:51,8836.22,Merchant Not Delivered,payment made to unknown merchant as per customer statement.,Rejected,2026-02-19 00:00:00,Critical,Chatbot,Matched,Unmatched,Matched,USR53857,MCH2264,Mismatch,Mismatch
CBK0002103,TXN00005039,USR38720,MCH9523,2026-01-24 00:00:00,2026-01-24 18:26:47,1582.19,Merchant Not Delivered,user reports money deducted but merchant denies receiving payment.,Resolved,2026-02-19 00:00:00,High,IVR,Unmatched,Matched,Matched,USR54671,MCH5757,Mismatch,Mismatch
CBK0001868,TXN00015884,USR34835,MCH3992,2026-03-04 00:00:00,2026-06-03 00:00:00,247.02,Customer Dispute,payment made to unknown merchant as per customer statement.,In Progress,2026-02-04 00:00:00,High,Branch,Unmatched,Unmatched,Matched,USR34142,MCH1875,Mismatch,Mismatch
CBK0001455,TXN00007357,USR62254,MCH5655,2026-10-01 04:54:03,2026-02-09 00:00:00,161.0,Incorrect Amount,customer says amount was debited twice.,In Progress,,Medium,Branch,Matched,Unmatched,Matched,USR24025,MCH1498,Mismatch,Mismatch
CBK0002565,TXN00003516,USR18591,MCH5076,,2026-01-18 00:00:00,585.31,Incorrect Amount,user claims account was compromised before txn.,Pending Bank,2026-02-12 12:15:00,High,App,Unmatched,Unmatched,Matched,USR58931,MCH6536,Mismatch,Mismatch
CBK0002508,TXN00015520,USR78921,MCH1369,2026-01-24 00:42:06,2026-02-23 00:00:00,578.15,Duplicate Debit,customer says txn was not authorized.,Pending Bank,,Critical,Branch,Unmatched,Unmatched,Matched,USR71727,MCH1515,Mismatch,Mismatch
CBK0002546,TXN00041980,USR82793,MCH1094,2026-03-17 00:00:00,2026-03-19 15:57:00,565.73,Unauthorized Transaction,suspicious high-value payment disputed by customer. call dropped,Open,2026-03-19 00:00:00,High,Email,Matched,Unmatched,Unmatched,,,Not Applicable,Not Applicable
CBK0000212,TXN00010499,USR18345,MCH6823,2026-03-13 03:19:00,2026-03-16 20:19:36,4579.0,Account Compromised,complaint received after multiple failed attempts.,Open,2026-03-27 00:00:00,Low,Branch,Unmatched,Unmatched,Matched,USR49178,MCH4296,Mismatch,Mismatch
CBK0002200,TXN00017653,USR80376,MCH5600,2026-01-16 00:00:00,2026-01-23 00:00:00,4402.84,Account Compromised,user reports money deducted but merchant denies receiving payment.,In Progress,2026-01-24 19:11:00,Medium,App,Matched,Unmatched,Matched,USR53656,MCH8855,Mismatch,Mismatch
CBK0001408,TXN00007170,USR49478,MCH8391,2026-03-30 20:56:21,2026-03-31 00:00:00,468.0,Customer Dispute,merchant service was not delivered after payment.,Open,2026-04-01 00:00:00,Medium,Chatbot,Unmatched,Matched,Matched,USR87374,MCH9476,Mismatch,Mismatch
CBK0000377,TXN00038189,USR50661,MCH5076,2026-08-01 00:00:00,,754.07,Fraud,complaint received after multiple failed attempts.,Pending Bank,,Medium,IVR,Unmatched,Unmatched,Unmatched,,,Not Applicable,Not Applicable
CBK0001891,TXN00001071,USR11526,MCH9122,2026-03-13 00:00:00,2026-03-17 00:00:00,2117.2,Merchant Not Delivered,complaint received after multiple failed attempts. na,Closed,2026-03-31 00:00:00,Medium,Branch,Unmatched,Unmatched,Matched,USR61126,MCH1560,Mismatch,Mismatch
CBK0001866,TXN00008011,USR63376,MCH6063,2026-01-16 00:00:00,2026-01-19 00:00:00,1770.2,Unauthorized Transaction,suspicious high-value payment disputed by customer.,Resolved,2026-02-15 00:00:00,Medium,Call Center,Unmatched,Unmatched,Matched,USR73253,MCH3991,Mismatch,Mismatch
CBK0000970,TXN00082870,USR36118,MCH1738,2026-01-29 00:00:00,2026-01-30 00:00:00,543.0,Incorrect Amount,merchant service was not delivered after payment.,Closed,2026-01-30 19:36:00,Low,Call Center,Matched,Unmatched,Unmatched,,,Not Applicable,Not Applicable
CBK0002242,TXN00084424,USR30262,MCH6806,2026-03-18 00:38:07,2026-03-18 00:00:00,1535.24,Service Failed,user reports money deducted but merchant denies receiving payment.,In Progress,2026-03-18 00:00:00,Low,Call Center,Unmatched,Matched,Unmatched,,,Not Applicable,Not Applicable
CBK0001560,TXN00001620,USR85566,MCH6810,,2026-03-23 00:00:00,1347.82,Fraud,suspicious high-value payment disputed by customer.,Resolved,,Low,Chatbot,Unmatched,Unmatched,Matched,USR32079,MCH8999,Mismatch,Mismatch
CBK0000409,TXN00006280,USR91269,MCH4181,2026-02-18 22:17:11,2026-02-22 14:17:00,1032.66,Account Compromised,user claims account was compromised before transaction.,Rejected,2026-03-21 14:17:11,Medium,App,Matched,Unmatched,Matched,USR42325,MCH2446,Mismatch,Mismatch
CBK0001847,TXN00012093,USR36399,MCH7286,2026-02-21 10:24:33,2026-02-28 00:00:00,3867.32,Account Compromised,merchant service was not delivered after payment.,Resolved,2026-03-22 00:00:00,Critical,IVR,Unmatched,Unmatched,Matched,USR54076,MCH8842,Mismatch,Mismatch
CBK0001673,TXN00017039,USR32436,MCH9055,2026-01-03 00:00:00,2026-01-06 00:00:00,1306.0,Merchant Not Delivered,user reports money deducted but merchant denies receiving payment.,Resolved,2026-01-21 15:04:59,Low,Chatbot,Unmatched,Unmatched,Matched,USR22892,MCH5025,Mismatch,Mismatch
CBK0000284,TXN00032709,USR91199,MCH7235,2026-01-29 00:00:00,,4152.0,Unauthorized Transaction,user claims account was compromised before transaction.,Closed,2026-02-13 00:00:00,Medium,Email,Matched,Unmatched,Unmatched,,,Not Applicable,Not Applicable
CBK0001681,TXN00013474,USR44690,MCH1928,2026-08-03 17:42:18,2026-07-04 00:00:00,3303.95,Merchant Not Delivered,payment made to unknown merchant as per customer statement.,Open,,Low,IVR,Matched,Unmatched,Matched,USR49935,MCH9638,Mismatch,Mismatch
CBK0001146,TXN00006160,USR11770,MCH4871,2026-03-07 00:00:00,2026-03-14 00:00:00,384.6,Fraud,customer complaint text unclear due to poor call center notes.,In Progress,2026-04-07 00:00:00,Medium,Branch,Unmatched,Matched,Matched,USR88410,MCH5940,Mismatch,Mismatch
CBK0000431,TXN00011403,USR76792,MCH3707,2026-03-16 00:00:00,2026-03-17 00:00:00,88.39,Account Compromised,user reports money deducted but merchant denies receiving payment.,Closed,2026-03-22 00:00:00,Low,Branch,Unmatched,Unmatched,Matched,USR13039,MCH6257,Mismatch,Mismatch
CBK0000038,TXN00016138,USR75856,MCH5345,2026-02-15 00:00:00,2026-03-18 00:00:00,2973.45,Duplicate Debit,payment made to unknown merchant as per customer statement.,Pending Bank,2026-04-13 00:00:00,Low,IVR,Matched,Unmatched,Matched,USR24271,MCH9776,Mismatch,Mismatch
CBK0001051,TXN00007915,USR14299,MCH2383,2026-02-10 03:04:00,2026-03-13 00:00:00,1789.71,Unauthorized Transaction,payment made to unknown merchant as per customer statement.,Resolved,2026-03-18 00:00:00,Critical,Call Center,Matched,Matched,Matched,USR45945,MCH8813,Mismatch,Mismatch
CBK0000442,TXN00007729,USR34645,MCH5076,2026-01-05 00:00:00,2026-09-01 00:00:00,819.04,Customer Dispute,user claims account was compromised before transaction.,Closed,2026-01-29 00:00:00,Low,Email,Matched,Unmatched,Matched,USR24536,MCH8776,Mismatch,Mismatch
CBK0002207,TXN00015126,USR62875,MCH2383,2026-01-06 00:00:00,2026-06-01 00:00:00,2119.11,Duplicate Debit,customer complaint text unclear due to poor call center notes.,In Progress,2026-01-23 00:00:00,Low,Chatbot,Unmatched,Matched,Matched,USR26926,MCH5231,Mismatch,Mismatch
CBK0000536,TXN00017414,USR39006,MCH5032,2026-10-01 00:00:00,2026-08-01 00:00:00,12249.71,Merchant Not Delivered,complaint received after multiple failed attempts.,Closed,2026-02-06 04:32:02,High,Email,Unmatched,Unmatched,Matched,USR53286,MCH9777,Mismatch,Mismatch
CBK0000633,TXN00013693,USR72322,MCH8732,2026-03-19 17:11:52,2026-03-21 00:00:00,1899.73,Merchant Not Delivered,merchant service was not delivered after payment.,Resolved,,High,IVR,Unmatched,Unmatched,Matched,USR87638,MCH5644,Mismatch,Mismatch
CBK0002622,TXN00018833,USR92174,MCH4861,2026-05-02 00:00:00,2026-02-13 13:09:19,451.83,Unauthorized Transaction,customer says transaction was not authorized.,Resolved,2026-02-19 00:00:00,Critical,Chatbot,Unmatched,Unmatched,Matched,USR37690,MCH5431,Mismatch,Mismatch
CBK0001117,TXN00012679,USR13963,MCH3522,2026-02-07 00:00:00,2026-02-09 00:00:00,1851.93,Duplicate Debit,complaint received after multiple failed attempts.,Pending Bank,,Medium,App,Unmatched,Unmatched,Matched,USR22537,MCH6754,Mismatch,Mismatch
CBK0000939,TXN00009825,USR24660,MCH9618,2026-03-26 00:00:00,2026-03-29 06:03:00,3080.0,Customer Dispute,complaint received after multiple failed attempts.,Resolved,2026-04-25 00:00:00,Low,Branch,Unmatched,Unmatched,Matched,USR48879,MCH4671,Mismatch,Mismatch
CBK0001090,TXN00016195,USR85787,MCH4442,2026-11-03 00:00:00,2026-03-22 01:33:06,471.0,Merchant Not Delivered,user says upi pin was not entered by them.,Open,2026-04-13 00:00:00,Low,Branch,Matched,Unmatched,Matched,USR39677,MCH9763,Mismatch,Mismatch
CBK0001682,TXN00010834,USR67399,MCH8675,2026-03-12 15:00:00,2026-03-23 00:00:00,1750.36,Duplicate Debit,customer complaint text unclear due to poor call center notes.,In Progress,,Medium,Chatbot,Unmatched,Unmatched,Matched,USR32409,MCH3539,Mismatch,Mismatch
CBK0001294,TXN00019221,USR67336,MCH7286,2026-03-10 08:05:58,2026-03-17 00:00:00,596.6,Customer Dispute,customer says txn was not authorized.,Closed,2026-04-04 21:05:58,Medium,Branch,Unmatched,Unmatched,Matched,USR36765,MCH3321,Mismatch,Mismatch
CBK0001189,TXN00015243,USR90963,MCH4871,2026-02-14 13:48:33,2026-02-14 00:00:00,448.21,Customer Dispute,merchant service was not delivered after payment.,Rejected,2026-03-05 14:48:33,Medium,Chatbot,Matched,Matched,Matched,USR99848,MCH1701,Mismatch,Mismatch
CBK0000070,TXN00019236,USR39755,MCH6038,2026-03-26 13:55:00,2026-04-10 23:55:00,3160.25,Unauthorized Transaction,payment made to unknown merchant as per customer statement.,Resolved,2026-05-08 00:00:00,High,Email,Unmatched,Unmatched,Matched,USR11082,MCH2899,Mismatch,Mismatch
CBK0000476,TXN00076059,USR36575,MCH1929,2026-03-29 00:00:00,2026-04-01 00:00:00,1726.97,Incorrect Amount,payment made to unknown merchant as per customer statement.,In Progress,,High,IVR,Matched,Matched,Unmatched,,,Not Applicable,Not Applicable
CBK0000092,TXN00019596,USR96380,MCH3161,2026-02-23 05:30:01,,2991.63,Duplicate Debit,customer says amount was debited twice.,Resolved,,High,Chatbot,Unmatched,Matched,Matched,USR97251,MCH1384,Mismatch,Mismatch
CBK0000095,TXN00006584,USR85655,MCH1599,2026-03-03 21:45:00,2026-03-04 00:00:00,1087.37,Merchant Not Delivered,merchant service was not delivered after payment.,In Progress,2026-03-18 00:00:00,Medium,Call Center,Unmatched,Matched,Matched,USR52054,MCH5342,Mismatch,Mismatch
CBK0000861,TXN00016940,USR83977,MCH1995,2026-01-05 00:00:00,2026-01-07 01:02:00,7669.97,Duplicate Debit,payment made to unknown merchant as per customer statement.,Resolved,2026-01-24 00:00:00,Medium,Branch,Unmatched,Matched,Matched,USR91913,MCH7697,Mismatch,Mismatch
CBK0000040,TXN00009861,USR84241,MCH1811,2026-02-05 00:00:00,2026-08-02 00:00:00,883.5,Service Failed,user reports money deducted but merchant denies receiving payment.,Resolved,2026-02-15 15:27:00,High,Email,Unmatched,Matched,Matched,USR28463,MCH1356,Mismatch,Mismatch
CBK0001663,TXN00008414,USR40891,MCH1873,2026-02-23 00:00:00,2026-03-01 13:21:00,1523.73,Merchant Not Delivered,user says upi pin was not entered by them.,In Progress,,High,Chatbot,Matched,Matched,Matched,USR30900,MCH8612,Mismatch,Mismatch
CBK0001483,TXN00004890,USR15275,MCH1320,2026-01-06 00:00:00,2026-02-01 00:00:00,,Duplicate Debit,suspicious high-value payment disputed by customer.,Closed,,Low,IVR,Unmatched,Matched,Matched,USR78718,MCH4342,Mismatch,Mismatch
CBK0002538,TXN00018880,USR86824,MCH3870,2026-01-13 00:00:00,2026-01-29 12:17:00,2224.0,Account Compromised,user reports money deducted but merchant denies receiving payment.,Rejected,2026-02-18 00:00:00,Low,Branch,Unmatched,Unmatched,Matched,USR20074,MCH5476,Mismatch,Mismatch
CBK0000838,TXN00002790,USR38178,MCH9291,2026-01-30 05:36:28,,870.0,Incorrect Amount,user reports money deducted but merchant denies receiving payment.,Closed,2026-09-02 00:00:00,Medium,Chatbot,Matched,Matched,Matched,USR52373,MCH9209,Mismatch,Mismatch
CBK0000514,TXN00091755,USR83157,MCH3365,2026-03-24 11:00:58,,3762.83,Fraud,complaint received after multiple failed attempts.,Open,2026-04-22 00:00:00,Critical,App,Unmatched,Unmatched,Unmatched,,,Not Applicable,Not Applicable
CBK0001432,TXN00014015,USR84470,MCH4732,2026-07-02 00:00:00,2026-12-02 00:00:00,1855.84,Duplicate Debit,merchant service was not delivered after payment.,Open,2026-10-03 00:00:00,Medium,IVR,Matched,Matched,Matched,USR74323,MCH2131,Mismatch,Mismatch
CBK0000434,TXN00002783,USR21986,MCH9344,2026-10-01 02:14:17,2026-01-25 00:00:00,447.3,Fraud,customer says amount was debited twice.,Closed,2026-02-19 10:14:17,Medium,IVR,Unmatched,Unmatched,Matched,USR30948,MCH9758,Mismatch,Mismatch
CBK0002619,TXN00000071,USR86538,MCH2766,2026-01-25 00:00:00,2026-01-27 18:40:21,3311.22,Unauthorized Transaction,suspicious high-value payment disputed by customer. urgent,Pending Bank,,Medium,Call Center,Unmatched,Matched,Matched,USR32621,MCH9536,Mismatch,Mismatch
CBK0001446,TXN00017598,USR51720,MCH4274,2026-01-22 19:24:28,,819.3,Customer Dispute,customer says amount was debited twice.,Closed,2026-02-27 00:00:00,Medium,Branch,Unmatched,Matched,Matched,USR83469,MCH8375,Mismatch,Mismatch
CBK0002673,TXN00017755,USR27181,MCH6810,2026-02-02 22:47:32,2026-02-06 08:47:00,3261.84,Duplicate Debit,customer says amount was debited twice.,Closed,2026-02-14 00:00:00,Medium,Email,Unmatched,Unmatched,Matched,USR28393,MCH8521,Mismatch,Mismatch
CBK0000313,TXN00000248,USR50945,MCH5264,2026-01-25 01:32:00,2026-01-26 05:32:05,1984.03,Customer Dispute,customer says amount was debited twice.,Closed,2026-02-01 00:00:00,Low,Chatbot,Unmatched,Unmatched,Matched,USR21848,MCH2709,Mismatch,Mismatch
CBK0000911,TXN00002114,USR52444,MCH1797,2026-01-26 14:20:00,2026-02-26 00:00:00,4126.61,Account Compromised,customer says amount was debited twice.,Rejected,,Low,Branch,Unmatched,Unmatched,Matched,USR34672,MCH3513,Mismatch,Mismatch
CBK0001457,TXN00004271,USR60321,MCH2200,2026-03-06 15:12:38,2026-03-13 23:12:00,2672.78,Merchant Not Delivered,user reports money deducted but merchant denies receiving payment.,Open,,Low,App,Unmatched,Matched,Matched,USR47547,MCH2900,Mismatch,Mismatch
CBK0000071,TXN00008538,USR89774,MCH8569,2026-08-02 00:00:00,2026-02-10 14:50:39,2850.0,Fraud,customer complaint text unclear due to poor call center notes.,Rejected,,Medium,Chatbot,Matched,Matched,Matched,USR18442,MCH6676,Mismatch,Mismatch
CBK0001767,TXN00003813,USR78593,MCH3210,2026-09-01 14:05:22,2026-11-01 00:00:00,5758.61,Unauthorized Transaction,payment made to unknown merchant as per customer statement.,Resolved,,Low,Email,Unmatched,Unmatched,Matched,USR89902,MCH4919,Mismatch,Mismatch
CBK0002661,TXN00015325,USR25636,MCH1585,,2026-02-20 00:00:00,5464.95,Service Failed,merchant service was not delivered after payment.,Rejected,2026-02-21 00:00:00,Medium,Call Center,Matched,Matched,Matched,USR27295,MCH1137,Mismatch,Mismatch
CBK0002127,TXN00007220,USR63182,MCH9060,2026-01-05 00:00:00,2026-08-01 00:00:00,4676.01,Fraud,customer complaint text unclear due to poor call center notes.,Open,2026-01-12 00:00:00,Medium,Branch,Unmatched,Matched,Matched,USR77576,MCH9832,Mismatch,Mismatch
CBK0002697,TXN00004642,USR90463,MCH5765,2026-03-13 01:00:19,2026-03-14 00:00:00,1778.23,Unauthorized Transaction,suspicious high-value payment disputed by customer.,Open,,Medium,IVR,Unmatched,Matched,Matched,USR69363,MCH1877,Mismatch,Mismatch
CBK0001263,TXN00002462,USR87914,MCH6026,2026-03-01 00:00:00,2026-04-01 13:43:14,2723.0,Duplicate Debit,user says upi pin was not entered by them.,Resolved,2026-07-01 00:00:00,High,Call Center,Unmatched,Matched,Matched,USR32966,MCH3111,Mismatch,Mismatch
CBK0002161,TXN00005572,USR72135,MCH4577,2026-01-26 00:00:00,,1181.23,Unauthorized Transaction,customer says amount was debited twice.,Rejected,2026-02-02 04:34:00,Low,Email,Unmatched,Matched,Matched,USR72566,MCH1738,Mismatch,Mismatch
CBK0001347,TXN00016394,USR93953,MCH3886,2026-03-27 07:12:43,2026-03-30 00:00:00,1503.32,Merchant Not Delivered,user says upi pin was not entered by them.,Pending Bank,2026-03-31 04:12:00,Low,App,Matched,Matched,Matched,USR88277,MCH8539,Mismatch,Mismatch
CBK0002140,TXN00013237,USR59679,MCH1712,2026-01-23 00:00:00,2026-01-24 20:01:00,405.0,Account Compromised,user claims account was compromised before transaction.,Open,,Medium,Call Center,Unmatched,Unmatched,Matched,USR35772,MCH3159,Mismatch,Mismatch
CBK0000743,TXN00005962,USR43455,MCH1477,2026-03-16 00:00:00,2026-03-22 00:00:00,354.48,Fraud,suspicious high-value payment disputed by customer.,Open,,Medium,IVR,Matched,Matched,Matched,USR36557,MCH3038,Mismatch,Mismatch
CBK0001876,,USR39217,MCH8156,2026-03-06 00:00:00,2026-03-21 00:00:00,927.0,Duplicate Debit,user claims account was compromised before transaction.,Resolved,,Low,Chatbot,Matched,Unmatched,Unmatched,,,Not Applicable,Not Applicable
CBK0001874,TXN00004675,USR30340,MCH7982,2026-03-21 00:00:00,2026-04-06 22:58:00,258.2,Merchant Not Delivered,complaint received after multiple failed attempts.,Pending Bank,,High,Chatbot,Unmatched,Matched,Matched,USR42248,MCH9509,Mismatch,Mismatch
CBK0001715,TXN00010566,USR83077,MCH9707,2026-02-21 00:00:00,2026-02-24 00:00:00,3265.07,Unauthorized Transaction,payment made to unknown merchant as per cust statement.,Rejected,2026-03-01 19:01:00,Medium,IVR,Unmatched,Unmatched,Matched,USR50238,MCH1531,Mismatch,Mismatch
CBK0000544,TXN00016205,USR41135,MCH4873,2026-03-21 00:00:00,2026-03-20 00:00:00,3052.0,Account Compromised,suspicious high-value payment disputed by customer.,Resolved,2026-04-13 00:00:00,Low,Chatbot,Matched,Unmatched,Matched,USR36885,MCH6051,Mismatch,Mismatch
CBK0000007,TXN00017412,USR26201,MCH8154,2026-02-16 22:23:08,2026-02-17 00:00:00,1505.0,Merchant Not Delivered,complaint received after multiple failed attempts.,Open,2026-02-18 05:23:00,Low,App,Unmatched,Matched,Matched,USR18720,MCH7782,Mismatch,Mismatch
CBK0002040,TXN00019376,USR95000,MCH8391,,2026-01-09 18:31:00,439.77,Incorrect Amount,merchant service was not delivered after payment.,In Progress,2026-10-01 00:00:00,High,Branch,Unmatched,Matched,Matched,USR80636,MCH5337,Mismatch,Mismatch
CBK0002551,TXN00011968,USR52233,MCH3341,2026-02-12 00:00:00,2026-03-14 00:00:00,4809.04,Unauthorized Transaction,user says upi pin was not entered by them.,In Progress,2026-03-18 00:00:00,Medium,Chatbot,Matched,Matched,Matched,USR33039,MCH7459,Mismatch,Mismatch
CBK0000800,TXN00008407,USR54047,MCH8953,2026-03-29 00:00:00,2026-03-29 00:00:00,2017.17,Fraud,customer says transaction was not authorized. urgent,Closed,2026-04-22 00:00:00,Medium,IVR,Matched,Matched,Matched,USR68849,MCH7879,Mismatch,Mismatch
CBK0001603,TXN00007165,USR26534,MCH2266,2026-03-03 00:00:00,2026-03-06 00:00:00,676.0,Duplicate Debit,suspicious high-value payment disputed by customer.,Closed,2026-03-09 18:27:00,Low,App,Matched,Matched,Matched,USR39318,MCH1416,Mismatch,Mismatch
CBK0002563,TXN00004512,USR79645,MCH1381,2026-02-11 00:00:00,2026-02-13 00:00:00,1358.0,Duplicate Debit,merchant service was not delivered after payment.,Open,2026-02-25 14:14:00,Low,Email,Unmatched,Unmatched,Matched,USR16260,MCH1207,Mismatch,Mismatch
CBK0001982,TXN00003383,USR14096,MCH7078,2026-01-03 00:00:00,2026-07-03 00:00:00,1589.0,Unauthorized Transaction,complaint received after multiple failed attempts.,Resolved,2026-03-08 10:23:47,Low,App,Matched,Matched,Matched,USR91295,MCH5826,Mismatch,Mismatch
CBK0001850,TXN00000410,USR29306,MCH9778,2026-01-23 00:00:00,2026-01-29 00:00:00,388.0,Unauthorized Transaction,user claims account was compromised before transaction.,In Progress,2026-02-02 05:21:02,High,App,Unmatched,Matched,Matched,USR58117,MCH5429,Mismatch,Mismatch
CBK0000810,TXN00008813,USR55160,MCH9104,2026-03-15 00:00:00,,825.92,Customer Dispute,user says upi pin was not entered by them.,In Progress,,Low,Call Center,Matched,Matched,Matched,USR46537,MCH9935,Mismatch,Mismatch
CBK0000188,TXN00001256,USR74352,MCH1724,2026-01-20 03:59:31,2026-01-21 00:00:00,,Incorrect Amount,payment made to unknown merchant as per customer statement.,Resolved,2026-02-01 22:59:00,High,Email,Matched,Unmatched,Matched,USR36952,MCH3913,Mismatch,Mismatch
CBK0000806,TXN00010423,USR91337,MCH8154,,2026-02-25 04:33:00,1285.39,Merchant Not Delivered,user reports money deducted but merchant denies receiving payment.,Rejected,2026-03-03 00:00:00,Low,App,Unmatched,Matched,Matched,USR92720,MCH7558,Mismatch,Mismatch
CBK0001458,TXN00002805,USR85655,MCH1702,2026-02-18 00:00:00,2026-05-03 00:00:00,1623.96,Duplicate Debit,user claims account was compromised before transaction. call dropped,Closed,2026-03-28 00:00:00,Medium,Branch,Unmatched,Unmatched,Matched,USR54378,MCH7432,Mismatch,Mismatch
CBK0001348,TXN00006710,USR80160,MCH8221,2026-03-28 11:14:00,2026-03-30 00:00:00,2194.0,Unauthorized Transaction,user claims account was compromised before transaction.,Open,2026-04-07 00:00:00,High,IVR,Unmatched,Matched,Matched,USR78019,MCH3623,Mismatch,Mismatch
CBK0002428,TXN00009714,USR79175,MCH8542,2026-02-15 22:57:47,2026-03-03 00:00:00,807.62,Duplicate Debit,customer says transaction was not authorized.,Closed,2026-04-02 00:00:00,Low,Branch,Unmatched,Unmatched,Matched,USR83578,MCH8267,Mismatch,Mismatch
CBK0002255,TXN00008016,USR72981,MCH7286,2026-01-01 23:32:29,2026-01-02 00:00:00,1364.41,Unauthorized Transaction,customer says amount was debited twice. na,In Progress,,Low,Chatbot,Matched,Unmatched,Matched,USR28121,MCH4555,Mismatch,Mismatch
CBK0001215,TXN00007445,USR46899,MCH9910,2026-01-24 18:17:00,2026-01-27 00:00:00,3055.0,Account Compromised,user says upi pin was not entered by them. pls check asap,Resolved,,Medium,IVR,Unmatched,Matched,Matched,USR63396,MCH7924,Mismatch,Mismatch
CBK0002709,TXN00003581,USR40538,MCH8057,2026-01-27 00:00:00,2026-02-26 10:26:00,3616.02,Unauthorized Transaction,merchant service was not delivered after payment.,In Progress,2026-03-08 00:00:00,Medium,IVR,Unmatched,Matched,Matched,USR57411,MCH9539,Mismatch,Mismatch
CBK0001714,TXN00019200,USR10307,MCH3670,2026-01-23 04:45:00,2026-01-24 13:45:28,1186.0,Customer Dispute,complaint received after multiple failed attempts.,Open,2026-02-20 00:00:00,Medium,Chatbot,Unmatched,Unmatched,Matched,USR90254,MCH2550,Mismatch,Mismatch
CBK0000074,TXN00018905,USR67079,MCH5054,2026-02-09 00:00:00,2026-10-02 00:00:00,547.94,Customer Dispute,suspicious high-value payment disputed by customer. pls check asap,In Progress,,High,Branch,Unmatched,Matched,Matched,USR17377,MCH8936,Mismatch,Mismatch
CBK0002061,TXN00000123,USR25645,MCH1279,2026-01-26 00:00:00,2026-01-30 00:00:00,4808.45,Account Compromised,user says upi pin was not entered by them.,Open,,High,Email,Unmatched,Unmatched,Matched,USR84060,MCH7119,Mismatch,Mismatch
CBK0000846,TXN00018851,USR98606,MCH9609,2026-03-18 00:00:00,2026-04-17 14:56:00,2087.83,Customer Dispute,user says upi pin was not entered by them.,Pending Bank,,High,App,Unmatched,Matched,Matched,USR23547,MCH8484,Mismatch,Mismatch
CBK0000427,TXN00013526,USR91283,MCH5276,,2026-03-29 00:00:00,1210.19,Unauthorized Transaction,payment made to unknown merchant as per customer statement.,Resolved,,Critical,Chatbot,Unmatched,Unmatched,Matched,USR84271,MCH3662,Mismatch,Mismatch
CBK0001036,TXN00015494,USR80517,MCH8983,,2026-01-29 00:00:00,1459.8,Account Compromised,customer complaint text unclear due to poor call center notes.,Rejected,2026-01-31 00:00:00,Critical,IVR,Matched,Unmatched,Matched,USR49885,MCH7902,Mismatch,Mismatch
CBK0001174,TXN00005857,USR50126,MCH4181,2026-02-17 00:00:00,2026-03-20 00:00:00,244.97,Incorrect Amount,customer says amount was debited twice.,In Progress,2026-04-12 00:00:00,Low,Chatbot,Unmatched,Unmatched,Matched,USR31527,MCH5405,Mismatch,Mismatch
CBK0000225,TXN00000007,USR30925,MCH5655,2026-07-02 05:47:09,2026-09-02 00:00:00,2231.72,Account Compromised,user reports money deducted but merchant denies receiving payment.,In Progress,2026-02-12 18:47:00,High,Email,Matched,Unmatched,Matched,USR94832,MCH1209,Mismatch,Mismatch
CBK0000472,TXN00001422,USR49251,MCH7171,2026-02-20 00:00:00,2026-02-21 00:00:00,2080.17,Fraud,user claims account was compromised before transaction.,Closed,2026-02-26 02:45:57,Low,IVR,Unmatched,Unmatched,Matched,USR44960,MCH4473,Mismatch,Mismatch
CBK0000673,TXN00006799,USR90390,MCH2514,2026-01-04 00:00:00,2026-01-19 00:00:00,7272.77,Fraud,customer complaint text unclear due to poor call center notes.,Rejected,2026-02-09 00:00:00,Medium,Email,Unmatched,Matched,Matched,USR89783,MCH9029,Mismatch,Mismatch
CBK0001783,TXN00003103,USR31416,MCH8794,2026-01-24 15:01:00,2026-01-26 00:00:00,7765.0,Merchant Not Delivered,suspicious high-value payment disputed by customer.,Resolved,2026-03-02 00:00:00,Low,IVR,Unmatched,Matched,Matched,USR94912,MCH7535,Mismatch,Mismatch
CBK0000232,TXN00019245,USR86563,MCH2065,2026-01-01 00:00:00,2026-01-11 00:00:00,2823.84,Customer Dispute,user claims account was compromised before transaction.,Resolved,,Low,Email,Unmatched,Unmatched,Matched,USR52299,MCH6960,Mismatch,Mismatch
CBK0001610,TXN00008090,USR29627,MCH9644,2026-03-28 23:39:25,2026-03-31 00:00:00,3349.24,Incorrect Amount,merchant service was not delivered after payment.,Pending Bank,,Medium,Call Center,Unmatched,Unmatched,Matched,USR63117,MCH1963,Mismatch,Mismatch
CBK0002361,TXN00010080,USR53138,MCH7137,2026-03-08 00:00:00,2026-03-14 08:24:12,824.94,Account Compromised,customer says transaction was not authorized.,Closed,2026-11-04 00:00:00,Medium,App,Matched,Matched,Matched,USR33003,MCH3347,Mismatch,Mismatch
CBK0000281,TXN00017953,USR13544,MCH2334,2026-01-04 01:24:00,2026-01-06 19:24:02,6427.42,Service Failed,complaint received after multiple failed attempts.,Resolved,,Medium,App,Unmatched,Unmatched,Matched,USR12361,MCH9375,Mismatch,Mismatch
CBK0001871,TXN00009076,USR67496,MCH3100,2026-03-30 00:00:00,2026-03-31 11:44:40,1552.98,Account Compromised,customer complaint text unclear due to poor call center notes.,Open,2026-04-28 00:00:00,High,Branch,Unmatched,Unmatched,Matched,USR12900,MCH9093,Mismatch,Mismatch
CBK0000436,TXN00012192,USR93581,MCH4547,2026-02-24 00:00:00,2026-11-04 00:00:00,5520.5,Merchant Not Delivered,customer says transaction was not authorized. pls check asap,Pending Bank,2026-07-05 00:00:00,Medium,Branch,Unmatched,Matched,Matched,USR89218,MCH8886,Mismatch,Mismatch
CBK0001824,TXN00016562,USR59778,MCH2822,2026-10-01 00:00:00,2026-01-15 13:06:53,709.53,Account Compromised,customer says transaction was not authorized.,Closed,,Low,Call Center,Unmatched,Unmatched,Matched,USR23412,MCH4943,Mismatch,Mismatch
CBK0002068,TXN00009416,USR13134,MCH9782,2026-03-07 00:00:00,2026-03-09 13:28:00,4883.77,Unauthorized Transaction,payment made to unknown merchant as per cust statement.,In Progress,2026-03-17 00:00:00,Low,IVR,Unmatched,Matched,Matched,USR29463,MCH4106,Mismatch,Mismatch
CBK0000756,TXN00017864,USR17657,MCH1702,2026-01-03 00:00:00,2026-05-03 00:00:00,2911.37,Merchant Not Delivered,customer says amount was debited twice.,Pending Bank,,High,IVR,Unmatched,Unmatched,Matched,USR10088,MCH6132,Mismatch,Mismatch
CBK0002112,TXN00002782,USR94403,MCH2757,2026-02-14 18:10:29,2026-02-17 00:00:00,3648.19,Unauthorized Transaction,customer says txn was not authorized.,Pending Bank,2026-03-19 12:10:29,High,Call Center,Matched,Matched,Matched,USR67030,MCH9320,Mismatch,Mismatch
CBK0001881,TXN00008840,USR73167,MCH4857,2026-01-13 00:00:00,2026-01-18 00:00:00,1257.85,Duplicate Debit,customer says amount was debited twice.,In Progress,,High,Branch,Matched,Matched,Matched,USR67528,MCH7769,Mismatch,Mismatch
CBK0002343,TXN00015911,USR29306,MCH9294,2026-02-16 00:00:00,2026-04-02 00:00:00,1701.23,Duplicate Debit,user claims account was compromised before transaction.,Rejected,2026-04-29 00:00:00,High,App,Unmatched,Unmatched,Matched,USR57660,MCH5262,Mismatch,Mismatch
CBK0002173,TXN00013107,USR82940,MCH2266,2026-03-28 00:00:00,2026-12-04 00:00:00,2242.79,Unauthorized Transaction,customer says transaction was not authorized. details missing,In Progress,2026-04-15 00:00:00,Low,Email,Unmatched,Matched,Matched,USR34733,MCH9675,Mismatch,Mismatch
CBK0002433,TXN00013653,USR85471,MCH6459,2026-02-02 03:05:01,2026-02-17 22:05:01,555.33,Incorrect Amount,customer says amount was debited twice.,In Progress,,Medium,Chatbot,Matched,Unmatched,Matched,USR93967,MCH4085,Mismatch,Mismatch
CBK0000129,TXN00009368,USR60939,MCH4143,2026-03-01 00:00:00,2026-03-03 00:00:00,2931.23,Service Failed,merchant service was not delivered after payment.,Rejected,2026-03-11 20:10:00,Low,Email,Unmatched,Unmatched,Matched,USR83428,MCH9886,Mismatch,Mismatch
CBK0000801,TXN00000284,USR94447,MCH5873,2026-03-06 06:58:00,2026-03-21 12:58:56,2676.58,Unauthorized Transaction,customer says amount was debited twice.,Resolved,2026-04-20 00:00:00,Medium,IVR,Unmatched,Matched,Matched,USR97613,MCH2400,Mismatch,Mismatch
CBK0001337,TXN00011351,USR28182,MCH2065,2026-01-05 00:00:00,2026-08-01 00:00:00,4601.18,Duplicate Debit,customer says transaction was not authorized.,Pending Bank,,Medium,Email,Unmatched,Unmatched,Matched,USR74351,MCH8579,Mismatch,Mismatch
CBK0001544,TXN00010606,USR12233,MCH9344,2026-03-21 23:56:00,,13028.67,Service Failed,customer complaint text unclear due to poor call center notes.,Resolved,2026-04-16 09:56:11,High,Chatbot,Unmatched,Unmatched,Matched,USR48012,MCH3285,Mismatch,Mismatch
CBK0002110,TXN00019908,USR76321,MCH5838,2026-03-02 00:00:00,2026-02-18 00:00:00,14932.0,Account Compromised,customer complaint text unclear due to poor call center notes.,Open,2026-02-22 00:00:00,Low,Chatbot,Unmatched,Unmatched,Matched,USR17716,MCH4921,Mismatch,Mismatch
CBK0001660,TXN00002347,USR11036,MCH2383,2026-08-03 00:42:06,2026-09-03 00:00:00,1200.09,Merchant Not Delivered,suspicious high-value payment disputed by customer.,Rejected,2026-01-04 00:00:00,Medium,IVR,Unmatched,Matched,Matched,USR49302,MCH5865,Mismatch,Mismatch
CBK0000341,TXN00009379,USR68432,MCH6606,2026-03-20 14:08:47,2026-03-23 00:00:00,578.72,Duplicate Debit,suspicious high-value payment disputed by customer.,Closed,2026-03-31 06:08:47,High,IVR,Matched,Unmatched,Matched,USR17492,MCH8614,Mismatch,Mismatch
CBK0001304,TXN00017396,USR40538,MCH9984,,2026-03-18 00:00:00,642.07,Fraud,user reports money deducted but merchant denies receiving payment.,In Progress,2026-03-18 05:40:59,High,Call Center,Unmatched,Matched,Matched,USR96000,MCH9309,Mismatch,Mismatch
CBK0001062,TXN00012810,USR43890,MCH7683,2026-01-26 00:00:00,2026-02-10 16:43:00,,Incorrect Amount,user reports money deducted but merchant denies receiving payment.,Open,2026-10-03 00:00:00,Low,IVR,Unmatched,Unmatched,Matched,USR16089,MCH3478,Mismatch,Mismatch
CBK0002330,TXN00007824,USR15414,MCH7186,2026-03-24 00:00:00,2026-03-27 06:06:46,1375.65,Merchant Not Delivered,suspicious high-value payment disputed by cust.,Rejected,,Medium,Call Center,Unmatched,Unmatched,Matched,USR43414,MCH9375,Mismatch,Mismatch
CBK0001222,TXN00004174,USR60027,MCH2402,2026-02-22 00:00:00,2026-03-10 00:00:00,26842.07,Unauthorized Transaction,customer complaint text unclear due to poor call center notes.,Rejected,2026-03-24 00:40:00,Critical,Chatbot,Unmatched,Matched,Matched,USR31416,MCH6395,Mismatch,Mismatch
CBK0000815,TXN00014312,USR67696,MCH5671,2026-01-16 00:00:00,2026-01-17 00:00:00,4063.03,Fraud,user says upi pin was not entered by them.,In Progress,2026-10-02 00:00:00,Low,Call Center,Unmatched,Matched,Matched,USR40420,MCH8086,Mismatch,Mismatch
CBK0001725,TXN00007324,USR35882,MCH8337,2026-02-03 09:39:26,2026-02-06 00:00:00,175.45,Customer Dispute,customer says transaction was not authorized.,Closed,2026-02-13 00:00:00,High,App,Unmatched,Matched,Matched,USR97854,MCH5553,Mismatch,Mismatch
CBK0000186,TXN00016957,USR98066,MCH1945,2026-03-17 00:00:00,2026-04-16 00:00:00,1444.28,Account Compromised,user reports money deducted but merchant denies receiving payment.,Resolved,2026-11-05 20:04:57,Low,Branch,Unmatched,Unmatched,Matched,USR72629,MCH6835,Mismatch,Mismatch
CBK0000290,TXN00000426,USR31371,MCH4811,2026-10-03 00:00:00,2026-10-04 00:00:00,,Customer Dispute,customer complaint text unclear due to poor call center notes.,Rejected,2026-04-28 12:40:00,Medium,IVR,Unmatched,Matched,Matched,USR64664,MCH7109,Mismatch,Mismatch
CBK0000141,TXN00006360,USR82731,MCH8970,2026-02-25 00:00:00,2026-02-27 00:00:00,1731.1,Duplicate Debit,complaint received after multiple failed attempts. details missing,Pending Bank,2026-03-14 00:00:00,Low,Chatbot,Unmatched,Unmatched,Matched,USR36102,MCH5278,Mismatch,Mismatch
CBK0000882,TXN00018975,USR38277,MCH9872,2026-11-01 00:00:00,,701.39,Customer Dispute,payment made to unknown merchant as per customer statement.,Closed,2026-01-19 00:00:00,High,IVR,Unmatched,Unmatched,Matched,USR89050,MCH1840,Mismatch,Mismatch
CBK0001227,TXN00007552,USR61339,MCH4281,2026-01-01 00:00:00,2026-01-09 00:00:00,12509.66,Service Failed,payment made to unknown merchant as per customer statement.,Closed,,Low,Email,Unmatched,Unmatched,Matched,USR33669,MCH6106,Mismatch,Mismatch
CBK0000730,TXN00009351,USR52558,MCH2688,2026-03-04 00:00:00,2026-03-06 14:47:30,1026.98,Merchant Not Delivered,merchant service was not delivered after payment.,Open,2026-03-25 00:00:00,Medium,App,Matched,Unmatched,Matched,USR44426,MCH6761,Mismatch,Mismatch
CBK0002607,TXN00010699,USR18453,MCH9441,2026-03-27 21:25:00,2026-03-30 02:25:11,428.88,Account Compromised,user says upi pin was not entered by them.,In Progress,2026-04-15 00:00:00,Critical,IVR,Unmatched,Unmatched,Matched,USR68828,MCH8735,Mismatch,Mismatch
CBK0002456,TXN00015278,USR97030,MCH7914,2026-03-29 13:39:54,2026-08-04 19:39:54,1070.58,Incorrect Amount,complaint received after multiple failed attempts. urgent,Resolved,2026-04-23 19:39:54,Medium,App,Matched,Matched,Matched,USR30388,MCH9579,Mismatch,Mismatch
CBK0001405,TXN00032094,USR48929,MCH2565,2026-02-16 00:00:00,2026-02-20 00:00:00,1381.95,Duplicate Debit,user reports money deducted but merchant denies receiving payment.,In Progress,2026-03-22 19:28:00,Medium,Chatbot,Unmatched,Unmatched,Unmatched,,,Not Applicable,Not Applicable
CBK0001843,TXN00015367,USR17315,MCH1269,,2026-01-28 00:00:00,3023.77,Unauthorized Transaction,suspicious high-value payment disputed by customer.,In Progress,2026-02-22 00:00:00,Critical,Chatbot,Matched,Matched,Matched,USR32388,MCH5975,Mismatch,Mismatch
CBK0000565,TXN00007016,USR34955,MCH4574,2026-02-05 00:00:00,2026-02-15 00:00:00,1144.6,Account Compromised,customer complaint text unclear due to poor call center notes.,Rejected,2026-03-15 12:45:03,High,App,Unmatched,Matched,Matched,USR62250,MCH3779,Mismatch,Mismatch
CBK0001797,TXN00007084,USR14626,MCH7878,2026-07-02 00:00:00,2026-10-02 00:00:00,2000.05,Customer Dispute,complaint received after multiple failed attempts.,Resolved,,Low,IVR,Unmatched,Unmatched,Matched,USR10716,MCH6386,Mismatch,Mismatch
CBK0000441,TXN00002216,USR58639,MCH4339,,2026-12-03 00:00:00,5160.27,Duplicate Debit,user claims account was compromised before transaction.,Rejected,2026-04-08 00:00:00,Low,IVR,Unmatched,Unmatched,Matched,USR36317,MCH2005,Mismatch,Mismatch
CBK0001791,TXN00002382,USR91799,MCH9069,2026-01-02 22:06:00,2026-04-01 02:06:30,44046.77,Incorrect Amount,complaint received after multiple failed attempts.,Closed,2026-01-31 00:00:00,Low,App,Unmatched,Unmatched,Matched,USR57633,MCH8586,Mismatch,Mismatch
CBK0000240,TXN00014390,USR75856,MCH4429,2026-12-01 00:00:00,2026-01-15 10:39:00,793.04,Incorrect Amount,customer says transaction was not authorized.,Open,2026-01-29 00:00:00,Low,Chatbot,Matched,Unmatched,Matched,USR91694,MCH6471,Mismatch,Mismatch
CBK0000051,TXN00015825,USR97494,MCH6181,2026-03-19 00:00:00,2026-04-03 00:00:00,272.77,Account Compromised,payment made to unknown merchant as per customer statement.,Resolved,2026-04-24 00:00:00,Critical,Chatbot,Matched,Unmatched,Matched,USR19450,MCH3712,Mismatch,Mismatch
CBK0002095,TXN00004933,USR43455,MCH2566,2026-01-26 00:00:00,2026-02-06 00:00:00,4720.79,Merchant Not Delivered,suspicious high-value payment disputed by customer.,Closed,2026-08-03 00:00:00,Low,Chatbot,Matched,Matched,Matched,USR45084,MCH1537,Mismatch,Mismatch
CBK0001001,TXN00011430,USR72135,MCH4504,2026-03-23 13:00:00,2026-03-25 00:00:00,1138.68,Incorrect Amount,customer says transaction was not authorized.,Resolved,2026-03-27 23:00:00,Medium,Email,Unmatched,Unmatched,Matched,USR12579,MCH7927,Mismatch,Mismatch
CBK0000199,TXN00014454,USR65385,MCH9061,2026-01-01 00:00:00,,752.03,Unauthorized Transaction,user says upi pin was not entered by them. call dropped,Closed,,Low,App,Unmatched,Unmatched,Matched,USR65050,MCH8712,Mismatch,Mismatch
CBK0002434,TXN00017925,USR13134,MCH5284,2026-01-07 02:25:00,,1402.12,Customer Dispute,user claims account was compromised before transaction.,In Progress,2026-01-27 00:00:00,Medium,Email,Unmatched,Unmatched,Matched,USR15161,MCH9874,Mismatch,Mismatch
CBK0000200,TXN00015054,USR51506,MCH5954,2026-03-20 00:00:00,2026-05-04 00:00:00,6049.12,Unauthorized Transaction,user reports money deducted but merchant denies receiving payment.,In Progress,2026-05-09 20:49:00,Medium,IVR,Matched,Matched,Matched,USR49210,MCH1782,Mismatch,Mismatch
CBK0000674,TXN00095066,USR27533,MCH5993,2026-01-03 00:00:00,,731.0,Unauthorized Transaction,customer says amount was debited twice.,Resolved,2026-10-03 00:00:00,Medium,App,Matched,Unmatched,Unmatched,,,Not Applicable,Not Applicable
CBK0001886,TXN00004693,USR44959,MCH7728,2026-01-27 00:00:00,2026-01-29 00:00:00,3249.99,Incorrect Amount,user says upi pin was not entered by them.,Open,,Low,App,Unmatched,Matched,Matched,USR79594,MCH8935,Mismatch,Mismatch
CBK0000793,TXN00006175,USR62254,MCH4226,2026-02-27 00:00:00,2026-02-28 09:53:08,709.86,Merchant Not Delivered,suspicious high-value payment disputed by cust.,Pending Bank,,Low,IVR,Matched,Unmatched,Matched,USR21011,MCH3599,Mismatch,Mismatch
CBK0001639,TXN00005636,USR63938,MCH1320,2026-02-02 00:00:00,2026-02-03 00:00:00,1118.0,Incorrect Amount,user claims account was compromised before transaction.,Closed,2026-12-02 11:56:31,Medium,Email,Matched,Matched,Matched,USR37899,MCH7269,Mismatch,Mismatch
CBK0000875,TXN00007782,USR71887,MCH4181,,2026-01-16 00:00:00,647.02,Fraud,user claims account was compromised before transaction.,In Progress,2026-01-27 00:00:00,Low,IVR,Unmatched,Unmatched,Matched,USR35368,MCH4279,Mismatch,Mismatch
CBK0001931,TXN00002531,USR10307,MCH4473,2026-02-16 00:00:00,,1017.5,Duplicate Debit,customer complaint text unclear due to poor call center notes.,Open,,Medium,IVR,Unmatched,Unmatched,Matched,USR64753,MCH7671,Mismatch,Mismatch
CBK0001735,TXN00017962,USR81878,MCH2822,2026-01-13 03:38:00,2026-02-27 00:00:00,2741.61,Incorrect Amount,payment made to unknown merchant as per customer statement.,Pending Bank,2026-03-16 23:38:14,Low,App,Unmatched,Unmatched,Matched,USR76476,MCH5215,Mismatch,Mismatch
CBK0000478,TXN00014062,USR69966,MCH2822,2026-02-25 19:59:11,2026-02-26 00:00:00,1078.9,Account Compromised,user claims account was compromised before transaction.,In Progress,2026-03-25 15:59:00,Low,Branch,Matched,Unmatched,Matched,USR15284,MCH5423,Mismatch,Mismatch
CBK0001505,TXN00001496,USR40061,MCH3765,2026-04-03 00:00:00,2026-08-03 11:54:46,5669.05,Customer Dispute,user says upi pin was not entered by them.,Rejected,2026-03-13 11:54:46,Low,IVR,Matched,Matched,Matched,USR67168,MCH7083,Mismatch,Mismatch
CBK0002469,TXN00002314,USR99748,MCH7621,2026-02-22 00:00:00,2026-02-23 18:44:31,725.65,Incorrect Amount,user reports money deducted but merchant denies receiving payment.,In Progress,2026-03-24 00:00:00,High,IVR,Unmatched,Matched,Matched,USR72446,MCH8846,Mismatch,Mismatch
CBK0002480,TXN00007980,USR87914,MCH7383,2026-02-02 00:00:00,2026-06-02 15:03:23,1231.74,Account Compromised,customer says transaction was not authorized.,Pending Bank,,Medium,IVR,Unmatched,Matched,Matched,USR13906,MCH7380,Mismatch,Mismatch
CBK0002264,TXN00001289,USR79175,MCH4181,2026-02-26 00:00:00,2026-03-28 17:35:00,201.03,Merchant Not Delivered,user claims account was compromised before transaction. call dropped,Pending Bank,2026-04-26 00:00:00,Critical,Branch,Unmatched,Unmatched,Matched,USR23115,MCH5427,Mismatch,Mismatch
CBK0000032,TXN00001691,USR43171,MCH8182,2026-08-01 00:00:00,2026-09-01 00:00:00,875.81,Duplicate Debit,user claims account was compromised before transaction.,In Progress,2026-01-26 09:44:49,Medium,App,Matched,Unmatched,Matched,USR85149,MCH6726,Mismatch,Mismatch
CBK0000967,TXN00016890,USR11933,MCH4841,2026-03-28 00:00:00,2026-03-29 00:00:00,2406.47,Duplicate Debit,suspicious high-value payment disputed by customer.,In Progress,2026-04-04 00:00:00,Low,Chatbot,Matched,Matched,Matched,USR71010,MCH6947,Mismatch,Mismatch
CBK0002345,TXN00010920,USR70736,MCH8559,2026-11-03 00:00:00,2026-03-13 00:00:00,822.8,Customer Dispute,user claims account was compromised before transaction.,Closed,2026-03-24 03:54:00,Low,Call Center,Unmatched,Matched,Matched,USR80116,MCH3901,Mismatch,Mismatch
CBK0001835,TXN00066186,USR21162,MCH2549,2026-02-25 20:33:49,2026-02-28 00:00:00,5546.22,Account Compromised,customer says transaction was not authorized.,Closed,2026-03-17 20:33:49,High,Chatbot,Unmatched,Unmatched,Unmatched,,,Not Applicable,Not Applicable
CBK0000622,TXN00007356,USR81916,MCH6117,2026-02-25 00:00:00,2026-03-12 00:00:00,4608.17,Duplicate Debit,payment made to unknown merchant as per customer statement.,Pending Bank,2026-03-19 13:11:32,Low,Chatbot,Unmatched,Unmatched,Matched,USR56405,MCH6491,Mismatch,Mismatch
CBK0000580,TXN00008617,USR62748,MCH9878,,2026-04-03 00:00:00,4101.67,Duplicate Debit,merchant service was not delivered after payment.,Closed,,Critical,IVR,Unmatched,Unmatched,Matched,USR37854,MCH3810,Mismatch,Mismatch
CBK0000997,TXN00004554,USR64865,MCH4157,2026-02-19 00:00:00,2026-01-03 20:11:18,2266.29,Duplicate Debit,customer says amount was debited twice.,Open,2026-03-21 00:00:00,Medium,Email,Unmatched,Matched,Matched,USR96174,MCH3175,Mismatch,Mismatch
CBK0002559,TXN00014011,USR19313,MCH4037,2026-01-04 10:10:00,,1125.73,Incorrect Amount,user says upi pin was not entered by them.,Pending Bank,,Low,Branch,Unmatched,Matched,Matched,USR10881,MCH4492,Mismatch,Mismatch
CBK0001205,TXN00000084,USR11916,MCH6850,,2026-02-08 00:00:00,958.61,Unauthorized Transaction,complaint received after multiple failed attempts.,Rejected,,Low,Chatbot,Matched,Unmatched,Matched,USR83473,MCH6040,Mismatch,Mismatch
CBK0001045,TXN00010810,USR65507,MCH7833,2026-07-03 00:00:00,2026-03-08 00:00:00,541.11,Merchant Not Delivered,customer says amount was debited twice.,Open,2026-03-04 00:00:00,Medium,IVR,Unmatched,Matched,Matched,USR21980,MCH9607,Mismatch,Mismatch
CBK0000357,TXN00002320,USR38540,MCH5330,2026-01-02 00:00:00,2026-01-12 00:00:00,911.59,Merchant Not Delivered,user claims account was compromised before transaction.,Pending Bank,2026-01-16 00:00:00,Medium,Email,Unmatched,Unmatched,Matched,USR90746,MCH7367,Mismatch,Mismatch
CBK0002031,TXN00001568,USR46045,MCH7468,2026-01-01 00:00:00,2026-03-01 00:00:00,13654.34,Duplicate Debit,complaint received after multiple failed attempts.,Resolved,2026-01-20 00:00:00,Medium,Chatbot,Matched,Unmatched,Matched,USR94683,MCH9276,Mismatch,Mismatch
CBK0002393,TXN00003575,USR73909,MCH7833,2026-02-01 00:00:00,,1311.04,Account Compromised,customer says txn was not authorized.,Pending Bank,,Low,App,Matched,Matched,Matched,USR84207,MCH3496,Mismatch,Mismatch
CBK0002464,TXN00000389,USR51316,MCH2059,2026-02-08 06:31:54,2026-02-06 06:31:54,2566.03,Merchant Not Delivered,user reports money deducted but merchant denies receiving payment.,Resolved,2026-02-19 06:31:00,High,Call Center,Matched,Unmatched,Matched,USR79692,MCH8452,Mismatch,Mismatch
CBK0002639,TXN00016579,USR53527,MCH8073,2026-03-02 00:00:00,2026-03-05 00:00:00,1345.55,Merchant Not Delivered,user reports money deducted but merchant denies receiving payment.,Closed,2026-04-04 08:22:00,Medium,App,Unmatched,Matched,Matched,USR63738,MCH3721,Mismatch,Mismatch
CBK0000663,TXN00002699,USR94333,MCH8975,,2026-11-03 00:00:00,422.45,Account Compromised,complaint received after multiple failed attempts.,Closed,,High,Email,Matched,Matched,Matched,USR17917,MCH6988,Mismatch,Mismatch
CBK0001571,TXN00006558,USR78593,MCH4215,2026-03-26 00:00:00,2026-04-26 00:00:00,673.61,Customer Dispute,suspicious high-value payment disputed by customer.,Resolved,2026-07-05 03:33:21,Medium,Chatbot,Unmatched,Unmatched,Matched,USR11063,MCH4074,Mismatch,Mismatch
CBK0000984,TXN00019434,USR68023,MCH4473,2026-01-11 23:06:15,2026-01-15 00:00:00,7211.97,Merchant Not Delivered,customer says amount was debited twice.,Open,2026-01-20 16:06:15,Medium,Email,Unmatched,Unmatched,Matched,USR64388,MCH5775,Mismatch,Mismatch
CBK0001547,TXN00019722,USR58117,MCH9568,2026-07-02 20:23:00,2026-02-17 00:00:00,11641.0,Incorrect Amount,user claims account was compromised before transaction.,In Progress,,High,IVR,Unmatched,Unmatched,Matched,USR39613,MCH5339,Mismatch,Mismatch
CBK0001848,TXN00016662,USR91934,MCH8779,2026-01-13 00:00:00,2026-01-13 00:00:00,4341.13,Fraud,customer says amount was debited twice.,In Progress,2026-01-27 00:00:00,Low,Call Center,Matched,Matched,Matched,USR58661,MCH4870,Mismatch,Mismatch
CBK0001004,TXN00001391,USR43520,MCH6140,2026-01-19 06:14:05,2026-01-22 04:14:00,1852.28,Fraud,customer complaint text unclear due to poor call center notes.,Open,,Low,Branch,Matched,Unmatched,Matched,USR22635,MCH6107,Mismatch,Mismatch
CBK0002185,TXN00001072,USR78593,MCH4473,2026-01-23 00:00:00,,893.6,Unauthorized Transaction,customer says transaction was not authorized.,Open,2026-02-11 00:00:00,Medium,Chatbot,Unmatched,Unmatched,Matched,USR73837,MCH2524,Mismatch,Mismatch
CBK0000418,TXN00003628,USR35882,MCH4473,,2026-04-04 06:41:27,2430.89,Unauthorized Transaction,user says upi pin was not entered by them.,Pending Bank,2026-04-06 06:41:00,Medium,Chatbot,Unmatched,Unmatched,Matched,USR54758,MCH5288,Mismatch,Mismatch
CBK0002417,TXN00005056,USR27928,MCH8953,2026-01-29 00:00:00,2026-01-31 00:00:00,6278.49,Merchant Not Delivered,user claims account was compromised before transaction.,In Progress,,Critical,Call Center,Unmatched,Matched,Matched,USR74166,MCH2568,Mismatch,Mismatch
CBK0000356,TXN00001423,USR36629,MCH4418,2026-03-22 00:00:00,2026-02-04 00:00:00,6009.85,Unauthorized Transaction,payment made to unknown merchant as per customer statement.,Open,2026-04-11 13:31:00,Medium,IVR,Unmatched,Unmatched,Matched,USR27263,MCH4001,Mismatch,Mismatch
CBK0001169,TXN00012596,USR40747,MCH2822,,2026-03-14 00:00:00,1692.85,Fraud,customer says amount was debited twice.,Pending Bank,2026-03-23 00:00:00,Low,Email,Unmatched,Unmatched,Matched,USR35146,MCH8689,Mismatch,Mismatch
CBK0001000,,USR21798,MCH5980,2026-09-03 00:00:00,2026-03-24 00:00:00,725.0,Customer Dispute,user reports money deducted but merchant denies receiving payment.,In Progress,2026-03-28 17:53:00,Critical,Chatbot,Unmatched,Matched,Unmatched,,,Not Applicable,Not Applicable
CBK0000146,TXN00008795,USR87406,MCH4568,2026-02-22 00:00:00,,1052.0,Account Compromised,payment made to unknown merchant as per customer statement.,Open,,Medium,Call Center,Matched,Unmatched,Matched,USR33282,MCH3414,Mismatch,Mismatch
CBK0001807,TXN00002417,USR50995,MCH1244,2026-03-20 13:07:59,,3188.13,Merchant Not Delivered,user says upi pin was not entered by them.,Rejected,2026-08-04 00:00:00,Medium,App,Unmatched,Unmatched,Matched,USR32589,MCH8231,Mismatch,Mismatch
CBK0000239,TXN00005752,USR34028,MCH3100,2026-06-01 00:00:00,2026-11-01 00:00:00,1800.88,Account Compromised,customer says transaction was not authorized.,Rejected,2026-01-12 00:00:00,Low,Branch,Unmatched,Unmatched,Matched,USR24202,MCH3402,Mismatch,Mismatch
CBK0002079,TXN00014711,USR67922,MCH2492,2026-01-22 00:35:57,2026-01-25 00:00:00,1709.84,Customer Dispute,payment made to unknown merchant as per customer statement.,Pending Bank,,Low,Chatbot,Unmatched,Matched,Matched,USR90525,MCH9888,Mismatch,Mismatch
CBK0001376,TXN00009369,USR24660,MCH4473,2026-02-16 00:00:00,2026-02-19 00:00:00,2070.15,Account Compromised,customer complaint text unclear due to poor call center notes.,Resolved,2026-06-03 00:00:00,Low,Branch,Unmatched,Unmatched,Matched,USR97864,MCH9539,Mismatch,Mismatch
CBK0001260,TXN00011332,USR93701,MCH3846,2026-02-19 00:00:00,2026-02-27 00:00:00,529.68,Service Failed,merchant service was not delivered after payment.,Resolved,2026-02-28 00:00:00,Medium,Call Center,Unmatched,Matched,Matched,USR10471,MCH9141,Mismatch,Mismatch
CBK0001533,TXN00007635,USR56755,MCH7066,2026-02-13 03:52:00,2026-02-14 00:00:00,1325.25,Account Compromised,customer complaint text unclear due to poor call center notes.,Rejected,2026-03-06 05:52:00,High,App,Unmatched,Unmatched,Matched,USR35203,MCH9805,Mismatch,Mismatch
CBK0002418,TXN00011396,USR35122,MCH4181,2026-02-22 00:00:00,2026-03-04 15:55:09,205.54,Merchant Not Delivered,user reports money deducted but merchant denies receiving payment.,Open,2026-03-22 00:00:00,High,Chatbot,Unmatched,Unmatched,Matched,USR91617,MCH5556,Mismatch,Mismatch
CBK0000326,TXN00017327,USR84200,MCH2753,2026-01-02 22:35:22,2026-02-02 00:00:00,1722.43,Customer Dispute,customer says transaction was not authorized.,Open,2026-02-10 07:35:22,Low,Call Center,Unmatched,Matched,Matched,USR44375,MCH3609,Mismatch,Mismatch
CBK0001403,TXN00012661,USR30500,MCH6979,2026-08-03 00:00:00,2026-03-14 00:00:00,4457.64,Unauthorized Transaction,payment made to unknown merchant as per customer statement.,Resolved,2026-03-30 00:00:00,Medium,IVR,Unmatched,Matched,Matched,USR40499,MCH8232,Mismatch,Mismatch
CBK0001811,TXN00007437,USR22170,MCH2381,2026-02-14 00:00:00,2026-02-20 07:41:16,751.0,Account Compromised,payment made to unknown merchant as per customer statement.,Pending Bank,2026-02-03 00:00:00,Medium,Chatbot,Matched,Unmatched,Matched,USR86873,MCH1388,Mismatch,Mismatch
CBK0001512,TXN00019027,USR98733,MCH1775,2026-02-16 08:24:00,2026-02-17 00:00:00,800.24,Duplicate Debit,customer says amount was debited twice.,Rejected,,Medium,Email,Matched,Matched,Matched,USR72760,MCH4128,Mismatch,Mismatch
CBK0001567,TXN00010292,USR40745,MCH3673,2026-01-19 08:28:00,,982.39,Customer Dispute,user claims account was compromised before transaction.,Pending Bank,2026-02-19 00:00:00,Medium,Email,Unmatched,Unmatched,Matched,USR51114,MCH2049,Mismatch,Mismatch
CBK0000695,TXN00012216,USR72760,MCH7773,2026-03-13 00:00:00,2026-03-15 00:00:00,972.52,Fraud,complaint received after multiple failed attempts.,In Progress,,Low,Chatbot,Unmatched,Matched,Matched,USR30393,MCH4231,Mismatch,Mismatch
CBK0000215,TXN00001291,USR52378,MCH9991,2026-01-29 00:00:00,2026-01-31 00:00:00,1404.87,Unauthorized Transaction,user claims account was compromised before transaction.,Pending Bank,2026-02-13 00:00:00,High,Branch,Unmatched,Unmatched,Matched,USR57237,MCH1307,Mismatch,Mismatch
CBK0000811,TXN00015831,USR22432,MCH2078,2026-02-15 00:00:00,2026-02-16 00:00:00,3377.0,Fraud,customer complaint text unclear due to poor call center notes.,Closed,,High,Email,Unmatched,Matched,Matched,USR62985,MCH6765,Mismatch,Mismatch
CBK0002795,TXN00013236,USR87506,MCH5811,2026-12-01 00:00:00,2026-01-14 07:15:20,6523.57,Merchant Not Delivered,customer says transaction was not authorized.,In Progress,2026-01-29 00:00:00,Low,Chatbot,Matched,Unmatched,Matched,USR25244,MCH9101,Mismatch,Mismatch
CBK0001849,TXN00051763,USR23350,MCH2303,2026-01-23 00:00:00,,830.25,Incorrect Amount,payment made to unknown merchant as per customer statement.,Open,,Low,Email,Unmatched,Unmatched,Unmatched,,,Not Applicable,Not Applicable
CBK0000655,TXN00002874,USR22639,MCH4186,2026-01-12 15:25:38,2026-01-14 00:00:00,634.21,Incorrect Amount,customer says amount was debited twice.,Rejected,,Low,Chatbot,Matched,Unmatched,Matched,USR17736,MCH6974,Mismatch,Mismatch
CBK0001377,TXN00016673,USR91623,MCH6411,2026-01-01 10:17:00,2026-01-05 00:00:00,1675.84,Merchant Not Delivered,customer says amount was debited twice.,Rejected,,Low,Chatbot,Matched,Unmatched,Matched,USR64821,MCH1795,Mismatch,Mismatch
CBK0002655,TXN00002868,USR13587,MCH8080,2026-02-20 23:55:00,2026-03-03 00:00:00,860.7,Service Failed,user claims account was compromised before txn.,Pending Bank,2026-03-13 00:55:24,High,IVR,Matched,Matched,Matched,USR68914,MCH3520,Mismatch,Mismatch
CBK0001596,TXN00002674,USR97070,MCH2065,,2026-01-17 00:00:00,1722.0,Fraud,merchant service was not delivered after payment.,Closed,2026-01-25 00:00:00,Medium,Call Center,Unmatched,Unmatched,Matched,USR93269,MCH9457,Mismatch,Mismatch
CBK0001012,TXN00084920,USR51185,MCH2543,2026-03-23 00:00:00,2026-03-26 20:35:00,,Customer Dispute,user reports money deducted but merchant denies receiving payment.,In Progress,2026-04-19 20:35:21,Medium,Email,Unmatched,Unmatched,Unmatched,,,Not Applicable,Not Applicable
CBK0002409,TXN00004555,USR24591,MCH7745,2026-02-09 00:00:00,2026-02-15 00:12:00,889.98,Merchant Not Delivered,customer says amount was debited twice.,In Progress,2026-02-21 00:00:00,High,Chatbot,Matched,Unmatched,Matched,USR48314,MCH9620,Mismatch,Mismatch
CBK0000067,TXN00003314,USR37105,MCH6003,2026-01-15 00:00:00,2026-01-20 00:00:00,1814.0,Customer Dispute,suspicious high-value payment disputed by cust.,In Progress,2026-10-02 21:13:32,Low,Branch,Unmatched,Unmatched,Matched,USR23949,MCH1080,Mismatch,Mismatch
CBK0001637,TXN00014399,USR56117,MCH2434,2026-02-15 14:45:18,2026-02-21 00:00:00,748.53,Unauthorized Transaction,user reports money deducted but merchant denies receiving payment. urgent,Pending Bank,2026-05-03 00:45:18,High,IVR,Matched,Unmatched,Matched,USR96715,MCH3142,Mismatch,Mismatch
CBK0002638,TXN00016536,USR21162,MCH8425,2026-06-03 13:39:44,2026-03-06 00:00:00,406.58,Incorrect Amount,customer says amount was debited twice.,Pending Bank,2026-01-04 00:00:00,Critical,Email,Unmatched,Matched,Matched,USR31591,MCH9316,Mismatch,Mismatch
CBK0001996,TXN00019262,USR61461,MCH1598,2026-01-04 00:00:00,,385.0,Account Compromised,user says upi pin was not entered by them.,Open,2026-01-25 00:00:00,Low,Chatbot,Unmatched,Unmatched,Matched,USR54593,MCH9341,Mismatch,Mismatch
CBK0001667,TXN00003837,USR73010,MCH2586,2026-01-04 00:00:00,2026-12-01 03:14:58,723.24,Merchant Not Delivered,user reports money deducted but merchant denies receiving payment.,Open,,High,Call Center,Unmatched,Unmatched,Matched,USR90616,MCH7223,Mismatch,Mismatch
CBK0000592,TXN00018501,USR90616,MCH7951,2026-02-23 20:45:37,2026-03-06 07:45:00,1061.55,Duplicate Debit,customer complaint text unclear due to poor call center notes.,Open,2026-03-27 00:00:00,Low,Call Center,Unmatched,Matched,Matched,USR19018,MCH5938,Mismatch,Mismatch
CBK0001425,TXN00007508,USR88956,MCH6166,2026-01-21 00:00:00,2026-01-22 20:15:00,696.41,Fraud,complaint received after multiple failed attempts.,Pending Bank,2026-02-12 00:00:00,Low,Chatbot,Matched,Unmatched,Matched,USR68045,MCH8437,Mismatch,Mismatch
CBK0000741,TXN00015495,USR41660,MCH6753,,2026-08-04 09:57:07,448.1,Incorrect Amount,complaint received after multiple failed attempts.,Open,2026-04-09 09:57:07,Medium,Email,Matched,Unmatched,Matched,USR94218,MCH4059,Mismatch,Mismatch
CBK0000933,TXN00010810,USR57890,MCH9602,2026-03-15 16:04:00,2026-03-16 20:04:58,836.2,Account Compromised,user says upi pin was not entered by them.,Closed,2026-01-04 00:00:00,Medium,IVR,Unmatched,Unmatched,Matched,USR21980,MCH9607,Mismatch,Mismatch
CBK0000109,TXN00003546,USR15596,MCH1434,2026-01-03 00:00:00,2026-03-03 00:00:00,3229.57,Duplicate Debit,user claims account was compromised before transaction.,Closed,2026-03-26 00:00:00,Medium,Call Center,Unmatched,Matched,Matched,USR49759,MCH7967,Mismatch,Mismatch
CBK0002562,TXN00001105,USR90598,MCH5860,2026-01-13 00:00:00,2026-01-23 00:00:00,310.15,Unauthorized Transaction,payment made to unknown merchant as per customer statement. call dropped,Open,2026-10-02 22:59:43,Low,IVR,Unmatched,Unmatched,Matched,USR85069,MCH9299,Mismatch,Mismatch
CBK0000689,TXN00017204,USR95707,MCH3736,2026-01-16 00:00:00,2026-01-18 00:00:00,,Account Compromised,merchant service was not delivered after payment.,Resolved,2026-01-22 10:09:56,Medium,App,Unmatched,Matched,Matched,USR45182,MCH4197,Mismatch,Mismatch
CBK0002398,TXN00004386,USR59393,MCH4310,2026-02-02 00:00:00,2026-02-04 09:35:06,2691.36,Merchant Not Delivered,user says upi pin was not entered by them.,In Progress,2026-02-14 00:00:00,Medium,IVR,Unmatched,Unmatched,Matched,USR26071,MCH8715,Mismatch,Mismatch
CBK0001700,TXN00016401,USR72166,MCH6133,2026-01-01 00:00:00,2026-01-02 00:00:00,5981.0,Incorrect Amount,merchant service was not delivered after payment.,Closed,2026-06-01 00:00:00,High,IVR,Unmatched,Unmatched,Matched,USR61174,MCH3222,Mismatch,Mismatch
CBK0002146,TXN00004284,USR94012,MCH8613,2026-01-17 00:00:00,2026-01-23 13:44:23,3737.05,Duplicate Debit,user claims account was compromised before transaction.,Rejected,2026-02-14 00:00:00,Medium,Branch,Unmatched,Matched,Matched,USR20788,MCH1988,Mismatch,Mismatch
CBK0001671,TXN00001758,USR86472,MCH7728,2026-02-19 00:00:00,2026-02-22 04:14:22,1416.0,Merchant Not Delivered,user claims account was compromised before transaction.,Open,,Low,Chatbot,Matched,Matched,Matched,USR30868,MCH5768,Mismatch,Mismatch
CBK0000331,TXN00016055,USR61715,MCH2991,,2026-01-17 00:00:00,509.0,Fraud,payment made to unknown merchant as per customer statement.,Closed,2026-06-02 14:40:17,High,Call Center,Unmatched,Unmatched,Matched,USR85726,MCH7509,Mismatch,Mismatch
CBK0002794,TXN00018116,USR71316,MCH6194,,2026-02-05 00:00:00,1239.17,Duplicate Debit,suspicious high-value payment disputed by customer.,Pending Bank,2026-07-02 22:14:43,Low,IVR,Matched,Unmatched,Matched,USR31651,MCH5710,Mismatch,Mismatch
CBK0000828,TXN00007187,USR27947,MCH4473,2026-07-03 00:00:00,,361.6,Incorrect Amount,merchant service was not delivered after payment.,Resolved,,Medium,Email,Matched,Unmatched,Matched,USR16436,MCH5125,Mismatch,Mismatch
CBK0000321,TXN00011096,USR32450,MCH5659,2026-02-21 13:51:00,2026-02-25 03:51:21,825.0,Customer Dispute,merchant service was not delivered after payment.,Rejected,2026-03-20 00:00:00,Medium,IVR,Matched,Unmatched,Matched,USR66939,MCH3587,Mismatch,Mismatch
CBK0002789,TXN00000255,USR59679,MCH6985,2026-06-01 00:00:00,2026-01-16 00:00:00,2178.8,Duplicate Debit,user says upi pin was not entered by them.,In Progress,2026-01-27 15:04:00,Medium,Chatbot,Unmatched,Matched,Matched,USR70370,MCH6653,Mismatch,Mismatch
CBK0000975,TXN00019717,USR22234,MCH4473,2026-02-18 00:00:00,2026-02-20 19:33:19,1122.85,Customer Dispute,payment made to unknown merchant as per customer statement.,Resolved,2026-06-03 00:00:00,Low,IVR,Unmatched,Unmatched,Matched,USR46965,MCH8288,Mismatch,Mismatch
CBK0000044,TXN00004903,USR49770,MCH4578,2026-02-26 00:00:00,2026-02-23 08:37:00,639.26,Merchant Not Delivered,merchant service was not delivered after payment.,Pending Bank,,Medium,Chatbot,Unmatched,Matched,Matched,USR79414,MCH4190,Mismatch,Mismatch
CBK0002329,TXN00005401,USR58914,MCH9277,2026-01-02 11:50:12,2026-05-02 08:50:12,14197.19,Unauthorized Transaction,suspicious high-value payment disputed by customer.,Pending Bank,2026-07-03 08:50:12,Low,Chatbot,Matched,Matched,Matched,USR66477,MCH2968,Mismatch,Mismatch
CBK0001844,TXN00005723,USR27285,MCH8154,2026-02-06 09:43:00,2026-02-08 00:00:00,4655.0,Incorrect Amount,merchant service was not delivered after payment.,Resolved,2026-02-15 00:00:00,Low,Email,Unmatched,Matched,Matched,USR89254,MCH1751,Mismatch,Mismatch
CBK0000465,TXN00003105,USR50434,MCH1786,2026-03-13 00:00:00,,775.96,Incorrect Amount,user reports money deducted but merchant denies receiving payment.,In Progress,2026-04-18 00:00:00,Medium,Call Center,Matched,Matched,Matched,USR40121,MCH2388,Mismatch,Mismatch
CBK0002289,TXN00009795,USR13941,MCH2131,2026-03-20 09:34:19,2026-03-21 00:00:00,4846.0,Merchant Not Delivered,user claims account was compromised before transaction.,Pending Bank,2026-11-04 00:00:00,Medium,IVR,Unmatched,Matched,Matched,USR54221,MCH5128,Mismatch,Mismatch
CBK0000918,,USR24555,MCH7951,2026-01-04 12:35:38,2026-01-15 08:35:00,1207.12,Duplicate Debit,complaint received after multiple failed attempts.,In Progress,,High,IVR,Matched,Matched,Unmatched,,,Not Applicable,Not Applicable
CBK0002229,TXN00017286,USR53259,MCH9564,2026-01-27 00:00:00,2026-01-30 00:00:00,497.0,Fraud,user says upi pin was not entered by them. urgent,Rejected,,Medium,Email,Matched,Unmatched,Matched,USR18372,MCH2443,Mismatch,Mismatch
CBK0000350,TXN00005138,USR67243,MCH3024,2026-03-28 00:00:00,2026-04-03 00:00:00,1449.14,Duplicate Debit,payment made to unknown merchant as per customer statement.,Open,2026-04-28 00:00:00,Medium,Branch,Unmatched,Matched,Matched,USR69382,MCH6414,Mismatch,Mismatch
CBK0000276,TXN00000311,USR38155,MCH3734,2026-01-30 00:00:00,2026-04-02 00:00:00,2784.85,Duplicate Debit,customer says transaction was not authorized.,Rejected,2026-02-20 00:00:00,High,Email,Unmatched,Unmatched,Matched,USR58382,MCH8304,Mismatch,Mismatch
