cluster_id,user_count,merchant_count,network_edge_count,transaction_count,transaction_amount,failed_transaction_count,failed_rate,chargeback_count,disputed_amount,chargeback_rate,high_risk_edges,risk_score,risk_level
1,12,5,16,14.0,191397.26,4.0,28.57142857142857,2.0,3136.32,14.285714285714285,0,55.0,High
2,3542,1234,4855,3454.0,44090991.09,335.0,9.698899826288361,1406.0,4013548.42,40.70642733063115,12,100.0,Critical
3,7,4,10,10.0,131673.73,0.0,0.0,0.0,0.0,0.0,0,15.0,Low
4,6,2,7,7.0,51372.84,0.0,0.0,0.0,0.0,0.0,0,10.0,Low
5,4,1,4,4.0,72914.23,0.0,0.0,0.0,0.0,0.0,0,0.0,Low
6,6,2,7,6.0,94809.99,0.0,0.0,1.0,9736.35,16.666666666666664,0,35.0,Medium
7,3,1,3,2.0,28077.91,0.0,0.0,1.0,800.32,50.0,0,25.0,Medium
8,2,1,2,2.0,27120.940000000002,0.0,0.0,0.0,0.0,0.0,0,0.0,Low
9,7,3,9,7.0,118059.93,1.0,14.285714285714285,2.0,9872.6,28.57142857142857,0,45.0,Medium
10,11,4,14,14.0,132410.96,4.0,28.57142857142857,0.0,0.0,0.0,0,25.0,Medium
11,2,1,2,2.0,2112.73,0.0,0.0,0.0,0.0,0.0,0,0.0,Low
12,1,1,1,1.0,13414.9,0.0,0.0,0.0,0.0,0.0,0,0.0,Low
13,1,1,1,1.0,3756.23,1.0,100.0,0.0,0.0,0.0,0,10.0,Low
14,3,1,3,3.0,40882.659999999996,0.0,0.0,0.0,0.0,0.0,0,0.0,Low
15,7,2,8,8.0,97661.21,0.0,0.0,0.0,0.0,0.0,0,10.0,Low
16,5,1,5,5.0,84949.79,0.0,0.0,0.0,0.0,0.0,0,10.0,Low
17,1,1,1,1.0,14301.02,0.0,0.0,0.0,0.0,0.0,0,0.0,Low
18,5,2,6,6.0,70358.96,1.0,16.666666666666664,0.0,0.0,0.0,0,10.0,Low
19,5,1,5,5.0,49089.29,1.0,20.0,0.0,0.0,0.0,0,20.0,Low
20,1,1,1,1.0,13714.99,0.0,0.0,0.0,0.0,0.0,0,0.0,Low
21,10,4,13,12.0,122734.71,2.0,16.666666666666664,1.0,1082.82,8.333333333333332,0,40.0,Medium
22,3,1,3,2.0,20267.42,0.0,0.0,1.0,2501.0,50.0,0,25.0,Medium
23,1,1,1,1.0,3809.97,0.0,0.0,0.0,0.0,0.0,0,0.0,Low
24,5,1,5,5.0,62937.02,0.0,0.0,0.0,0.0,0.0,0,10.0,Low
25,4,1,4,4.0,49595.54,0.0,0.0,0.0,0.0,0.0,0,0.0,Low
26,21,8,28,27.0,409827.45,3.0,11.11111111111111,1.0,933.13,3.7037037037037033,0,20.0,Low
27,5,1,5,5.0,87112.33,1.0,20.0,0.0,0.0,0.0,0,20.0,Low
28,3,1,3,3.0,24867.85,0.0,0.0,0.0,0.0,0.0,0,0.0,Low
29,2,1,2,2.0,19129.36,1.0,50.0,0.0,0.0,0.0,0,10.0,Low
30,3,1,3,3.0,34337.72,0.0,0.0,0.0,0.0,0.0,0,0.0,Low
31,8,4,11,10.0,147514.31,1.0,10.0,1.0,407.36,10.0,0,40.0,Medium
32,2,1,2,2.0,20256.780000000002,0.0,0.0,0.0,0.0,0.0,0,0.0,Low
33,4,2,5,5.0,81411.88,1.0,20.0,0.0,0.0,0.0,0,10.0,Low
34,23,7,29,27.0,368656.1,5.0,18.51851851851852,2.0,5692.74,7.4074074074074066,0,45.0,Medium
35,5,1,5,5.0,49037.12,1.0,20.0,0.0,0.0,0.0,0,20.0,Low
36,7,2,8,7.0,66060.61,0.0,0.0,1.0,4066.0,14.285714285714285,0,35.0,Medium
37,8,2,9,8.0,102876.59,0.0,0.0,1.0,2551.0,12.5,0,35.0,Medium
38,5,2,6,6.0,88547.93,3.0,50.0,0.0,0.0,0.0,0,20.0,Low
39,9,4,12,12.0,119394.67,0.0,0.0,0.0,0.0,0.0,0,15.0,Low
40,2,2,3,3.0,24077.47,0.0,0.0,0.0,0.0,0.0,0,0.0,Low
41,10,3,12,11.0,167422.32,2.0,18.181818181818183,1.0,923.46,9.090909090909092,0,40.0,Medium
42,5,1,5,5.0,55752.05,3.0,60.0,0.0,0.0,0.0,0,20.0,Low
43,4,1,4,4.0,42537.19,0.0,0.0,0.0,0.0,0.0,0,0.0,Low
44,4,1,4,3.0,53342.65,0.0,0.0,1.0,743.67,33.33333333333333,0,25.0,Medium
45,13,4,16,16.0,183937.67,1.0,6.25,0.0,0.0,0.0,0,15.0,Low
46,4,1,4,4.0,66773.49,0.0,0.0,0.0,0.0,0.0,0,0.0,Low
47,4,2,5,5.0,71435.8,1.0,20.0,0.0,0.0,0.0,0,10.0,Low
48,7,4,10,10.0,176146.7,0.0,0.0,0.0,0.0,0.0,0,15.0,Low
49,5,2,6,6.0,105510.31,1.0,16.666666666666664,0.0,0.0,0.0,0,10.0,Low
50,2,1,2,2.0,19450.84,0.0,0.0,0.0,0.0,0.0,0,0.0,Low
51,12,5,16,16.0,160816.94999999998,1.0,6.25,0.0,0.0,0.0,0,15.0,Low
52,5,2,6,5.0,58019.369999999995,1.0,20.0,1.0,1303.05,20.0,0,45.0,Medium
53,11,5,15,14.0,109053.65,0.0,0.0,1.0,832.0,7.142857142857142,0,40.0,Medium
54,31,11,41,38.0,484177.83999999997,2.0,5.263157894736842,3.0,2047.11,7.894736842105263,0,50.0,High
55,5,1,5,5.0,62144.75,0.0,0.0,0.0,0.0,0.0,0,10.0,Low
56,4,1,4,4.0,56632.26,1.0,25.0,0.0,0.0,0.0,0,10.0,Low
57,14,5,18,17.0,186848.49,4.0,23.52941176470588,1.0,1506.67,5.88235294117647,0,50.0,High
58,2,1,2,2.0,25295.940000000002,1.0,50.0,0.0,0.0,0.0,0,10.0,Low
59,6,2,7,7.0,85341.41,1.0,14.285714285714285,0.0,0.0,0.0,0,10.0,Low
60,2,1,2,2.0,21882.84,0.0,0.0,0.0,0.0,0.0,0,0.0,Low
61,2,1,2,2.0,3060.8,0.0,0.0,0.0,0.0,0.0,0,0.0,Low
62,10,4,13,13.0,153535.89,3.0,23.076923076923077,0.0,0.0,0.0,0,25.0,Medium
63,3,2,4,4.0,50513.94,0.0,0.0,0.0,0.0,0.0,0,0.0,Low
64,4,1,4,4.0,74089.97,1.0,25.0,0.0,0.0,0.0,0,10.0,Low
65,6,2,7,7.0,99744.7,1.0,14.285714285714285,0.0,0.0,0.0,0,10.0,Low
66,2,1,2,2.0,9536.279999999999,0.0,0.0,0.0,0.0,0.0,0,0.0,Low
67,7,3,9,9.0,96683.75,0.0,0.0,0.0,0.0,0.0,0,15.0,Low
68,13,3,15,14.0,128551.88,1.0,7.142857142857142,1.0,8276.16,7.142857142857142,0,40.0,Medium
69,20,7,26,26.0,299279.11,1.0,3.8461538461538463,0.0,0.0,0.0,0,15.0,Low
70,15,5,19,14.0,158243.58,2.0,14.285714285714285,5.0,12912.76,35.714285714285715,0,60.0,High
71,69,18,86,77.0,849416.61,13.0,16.883116883116884,9.0,34688.71,11.688311688311687,0,90.0,Critical
72,2,1,2,2.0,16069.170000000002,0.0,0.0,0.0,0.0,0.0,0,0.0,Low
73,2,1,2,2.0,14599.21,1.0,50.0,0.0,0.0,0.0,0,10.0,Low
74,1,1,1,1.0,16722.14,1.0,100.0,0.0,0.0,0.0,0,10.0,Low
75,3,1,3,3.0,7613.6,1.0,33.33333333333333,0.0,0.0,0.0,0,10.0,Low
76,9,2,10,8.0,128801.0,2.0,25.0,2.0,1189.76,25.0,0,50.0,High
77,4,2,5,4.0,57616.2,1.0,25.0,1.0,1443.54,25.0,0,35.0,Medium
78,10,2,11,11.0,156185.8,1.0,9.090909090909092,0.0,0.0,0.0,0,10.0,Low
79,3,1,3,3.0,23341.05,1.0,33.33333333333333,0.0,0.0,0.0,0,10.0,Low
80,5,2,6,6.0,98459.14,1.0,16.666666666666664,0.0,0.0,0.0,0,10.0,Low
81,26,11,36,34.0,322795.04,3.0,8.823529411764707,2.0,3937.4,5.88235294117647,0,45.0,Medium
82,9,3,11,10.0,105575.07,3.0,30.0,1.0,0.0,10.0,0,50.0,High
83,10,4,13,11.0,157650.68,1.0,9.090909090909092,2.0,5462.18,18.181818181818183,0,45.0,Medium
84,13,3,15,15.0,188663.77,0.0,0.0,0.0,0.0,0.0,0,15.0,Low
85,3,1,3,2.0,39623.34,0.0,0.0,1.0,5981.0,50.0,0,25.0,Medium
86,4,1,4,3.0,52174.34,1.0,33.33333333333333,1.0,6433.23,33.33333333333333,0,35.0,Medium
87,6,1,6,6.0,67260.09,0.0,0.0,0.0,0.0,0.0,0,10.0,Low
88,10,3,12,11.0,131315.17,0.0,0.0,1.0,1778.59,9.090909090909092,0,40.0,Medium
89,4,1,4,4.0,51992.79,1.0,25.0,0.0,0.0,0.0,0,10.0,Low
90,4,1,4,4.0,42223.32,0.0,0.0,0.0,0.0,0.0,0,0.0,Low
91,8,2,9,9.0,113811.92,0.0,0.0,0.0,0.0,0.0,0,10.0,Low
92,2,1,2,2.0,33953.509999999995,0.0,0.0,0.0,0.0,0.0,0,0.0,Low
93,3,1,3,3.0,39282.35,0.0,0.0,0.0,0.0,0.0,0,0.0,Low
94,2,1,2,2.0,26169.43,0.0,0.0,0.0,0.0,0.0,0,0.0,Low
95,2,1,2,2.0,32217.85,1.0,50.0,0.0,0.0,0.0,0,10.0,Low
96,2,1,2,2.0,25527.92,0.0,0.0,0.0,0.0,0.0,0,0.0,Low
97,4,1,4,3.0,30422.18,1.0,33.33333333333333,1.0,792.99,33.33333333333333,0,35.0,Medium
98,2,1,2,2.0,21224.84,0.0,0.0,0.0,0.0,0.0,0,0.0,Low
99,2,1,2,2.0,8421.42,0.0,0.0,0.0,0.0,0.0,0,0.0,Low
100,4,2,5,5.0,64515.37,0.0,0.0,0.0,0.0,0.0,0,0.0,Low
101,7,2,8,8.0,118873.9,0.0,0.0,0.0,0.0,0.0,0,10.0,Low
102,3,1,3,3.0,24584.09,0.0,0.0,0.0,0.0,0.0,0,0.0,Low
103,8,3,10,10.0,147186.1,0.0,0.0,0.0,0.0,0.0,0,15.0,Low
104,2,1,2,1.0,10901.63,0.0,0.0,1.0,1946.17,100.0,0,25.0,Medium
105,1,1,1,1.0,8537.7,0.0,0.0,0.0,0.0,0.0,0,0.0,Low
106,1,1,1,1.0,9741.23,0.0,0.0,0.0,0.0,0.0,0,0.0,Low
107,4,1,4,4.0,60528.32,0.0,0.0,0.0,0.0,0.0,0,0.0,Low
108,6,2,7,7.0,96238.91,1.0,14.285714285714285,0.0,0.0,0.0,0,10.0,Low
109,7,3,9,9.0,84156.24,1.0,11.11111111111111,0.0,0.0,0.0,0,15.0,Low
110,4,2,5,5.0,52894.079999999994,0.0,0.0,0.0,0.0,0.0,0,0.0,Low
111,11,5,15,14.0,144774.35,3.0,21.428571428571427,1.0,2573.59,7.142857142857142,0,50.0,High
112,4,1,4,4.0,46606.49,0.0,0.0,0.0,0.0,0.0,0,0.0,Low
113,1,1,1,1.0,8818.59,0.0,0.0,0.0,0.0,0.0,0,0.0,Low
114,2,1,2,2.0,21784.1,0.0,0.0,0.0,0.0,0.0,0,0.0,Low
115,8,3,10,9.0,129417.09,1.0,11.11111111111111,1.0,2431.27,11.11111111111111,0,40.0,Medium
116,3,1,3,3.0,56489.03,1.0,33.33333333333333,0.0,0.0,0.0,0,10.0,Low
117,7,3,9,9.0,79782.0,1.0,11.11111111111111,0.0,0.0,0.0,0,15.0,Low
118,2,1,2,1.0,20529.94,0.0,0.0,1.0,641.02,100.0,0,25.0,Medium
119,5,1,5,5.0,53878.19,0.0,0.0,0.0,0.0,0.0,0,10.0,Low
120,2,1,2,2.0,26268.120000000003,0.0,0.0,0.0,0.0,0.0,0,0.0,Low
121,3,1,3,3.0,41403.159999999996,0.0,0.0,0.0,0.0,0.0,0,0.0,Low
122,1,1,1,1.0,23177.46,0.0,0.0,0.0,0.0,0.0,0,0.0,Low
123,5,3,7,6.0,90864.26,0.0,0.0,1.0,2231.59,16.666666666666664,0,40.0,Medium
124,3,1,3,3.0,49465.58,1.0,33.33333333333333,0.0,0.0,0.0,0,10.0,Low
125,1,1,1,1.0,13768.13,0.0,0.0,0.0,0.0,0.0,0,0.0,Low
126,2,1,2,2.0,3606.08,0.0,0.0,0.0,0.0,0.0,0,0.0,Low
127,24,7,30,28.0,410209.39,2.0,7.142857142857142,2.0,3287.3900000000003,7.142857142857142,0,45.0,Medium
128,2,2,3,3.0,28056.95,0.0,0.0,0.0,0.0,0.0,0,0.0,Low
129,10,2,11,10.0,117839.89,1.0,10.0,1.0,7193.48,10.0,0,35.0,Medium
130,10,5,14,14.0,121006.25,4.0,28.57142857142857,0.0,0.0,0.0,0,25.0,Medium
131,2,1,2,2.0,7504.57,0.0,0.0,0.0,0.0,0.0,0,0.0,Low
132,3,1,3,3.0,49438.28,0.0,0.0,0.0,0.0,0.0,0,0.0,Low
133,3,1,3,3.0,31449.29,1.0,33.33333333333333,0.0,0.0,0.0,0,10.0,Low
134,3,1,3,2.0,19758.13,0.0,0.0,1.0,3834.0,50.0,0,25.0,Medium
135,2,1,2,2.0,32956.99,0.0,0.0,0.0,0.0,0.0,0,0.0,Low
136,7,2,8,8.0,121977.0,1.0,12.5,0.0,0.0,0.0,0,10.0,Low
137,2,1,2,2.0,21520.14,0.0,0.0,0.0,0.0,0.0,0,0.0,Low
138,3,1,3,3.0,22564.43,0.0,0.0,0.0,0.0,0.0,0,0.0,Low
139,8,2,9,8.0,92397.38,2.0,25.0,1.0,6485.64,12.5,0,45.0,Medium
140,6,2,7,6.0,60479.89,0.0,0.0,1.0,830.69,16.666666666666664,0,35.0,Medium
141,4,1,4,3.0,42523.759999999995,0.0,0.0,1.0,2080.17,33.33333333333333,0,25.0,Medium
142,4,2,5,4.0,47971.81,0.0,0.0,1.0,1568.41,25.0,0,25.0,Medium
143,2,1,2,2.0,25225.8,0.0,0.0,0.0,0.0,0.0,0,0.0,Low
144,4,1,4,4.0,56953.63,0.0,0.0,0.0,0.0,0.0,0,0.0,Low
145,5,2,6,6.0,39654.05,0.0,0.0,0.0,0.0,0.0,0,10.0,Low
146,2,1,2,2.0,13019.75,1.0,50.0,0.0,0.0,0.0,0,10.0,Low
147,3,1,3,3.0,55252.42,0.0,0.0,0.0,0.0,0.0,0,0.0,Low
148,1,1,1,1.0,927.67,0.0,0.0,0.0,0.0,0.0,0,0.0,Low
149,1,1,1,1.0,24672.72,0.0,0.0,0.0,0.0,0.0,0,0.0,Low
150,2,1,2,2.0,22819.0,0.0,0.0,0.0,0.0,0.0,0,0.0,Low
151,7,3,9,8.0,67858.14,0.0,0.0,1.0,8160.0,12.5,0,40.0,Medium
152,4,3,6,6.0,59949.92,0.0,0.0,0.0,0.0,0.0,0,5.0,Low
153,3,1,3,3.0,32642.39,0.0,0.0,0.0,0.0,0.0,0,0.0,Low
154,4,3,6,6.0,64095.67,0.0,0.0,0.0,0.0,0.0,0,5.0,Low
155,4,1,4,4.0,44248.35,1.0,25.0,0.0,0.0,0.0,0,10.0,Low
156,7,3,9,9.0,129380.53,1.0,11.11111111111111,0.0,0.0,0.0,0,15.0,Low
157,5,2,6,6.0,71422.63,0.0,0.0,0.0,0.0,0.0,0,10.0,Low
158,1,1,1,1.0,21326.81,0.0,0.0,0.0,0.0,0.0,0,0.0,Low
159,4,2,5,5.0,99044.92,2.0,40.0,0.0,0.0,0.0,0,10.0,Low
160,3,1,3,2.0,21840.300000000003,0.0,0.0,1.0,1038.0,50.0,0,25.0,Medium
161,3,1,3,3.0,32360.510000000002,0.0,0.0,0.0,0.0,0.0,0,0.0,Low
162,5,1,5,5.0,78881.94,0.0,0.0,0.0,0.0,0.0,0,10.0,Low
163,2,1,2,1.0,8135.43,0.0,0.0,1.0,628.55,100.0,0,25.0,Medium
164,2,1,2,1.0,24722.0,1.0,100.0,1.0,4819.26,100.0,0,35.0,Medium
165,10,3,12,11.0,133265.62,1.0,9.090909090909092,1.0,0.0,9.090909090909092,0,40.0,Medium
166,28,10,37,34.0,461945.21,2.0,5.88235294117647,3.0,3700.33,8.823529411764707,0,50.0,High
167,3,1,3,3.0,46531.15,0.0,0.0,0.0,0.0,0.0,0,0.0,Low
168,7,1,7,5.0,50309.28,2.0,40.0,2.0,11282.37,40.0,0,50.0,High
169,10,3,12,12.0,151601.45,1.0,8.333333333333332,0.0,0.0,0.0,0,15.0,Low
170,3,1,3,3.0,36191.94,0.0,0.0,0.0,0.0,0.0,0,0.0,Low
171,4,2,5,5.0,50951.35,2.0,40.0,0.0,0.0,0.0,0,10.0,Low
172,2,1,2,2.0,25385.7,0.0,0.0,0.0,0.0,0.0,0,0.0,Low
173,1,1,1,1.0,10346.93,0.0,0.0,0.0,0.0,0.0,0,0.0,Low
174,5,2,6,5.0,56402.85,0.0,0.0,1.0,252.18,20.0,0,35.0,Medium
175,7,2,8,8.0,83689.97,1.0,12.5,0.0,0.0,0.0,0,10.0,Low
176,11,2,12,12.0,160239.27,1.0,8.333333333333332,0.0,0.0,0.0,0,10.0,Low
177,1,1,1,1.0,17616.82,0.0,0.0,0.0,0.0,0.0,0,0.0,Low
178,6,3,8,8.0,102137.05,0.0,0.0,0.0,0.0,0.0,0,15.0,Low
179,6,2,7,7.0,81007.61,0.0,0.0,0.0,0.0,0.0,0,10.0,Low
180,32,10,41,39.0,516366.04,2.0,5.128205128205128,2.0,5009.780000000001,5.128205128205128,0,45.0,Medium
181,3,1,3,3.0,43872.22,1.0,33.33333333333333,0.0,0.0,0.0,0,10.0,Low
182,4,1,4,4.0,66543.66,0.0,0.0,0.0,0.0,0.0,0,0.0,Low
183,2,1,2,2.0,39265.35,0.0,0.0,0.0,0.0,0.0,0,0.0,Low
184,2,1,2,2.0,33637.66,0.0,0.0,0.0,0.0,0.0,0,0.0,Low
185,2,1,2,2.0,26538.309999999998,1.0,50.0,0.0,0.0,0.0,0,10.0,Low
186,6,2,7,5.0,94315.98,0.0,0.0,2.0,1972.39,40.0,0,40.0,Medium
187,3,2,4,4.0,57536.67,1.0,25.0,0.0,0.0,0.0,0,10.0,Low
188,4,1,4,4.0,25510.23,0.0,0.0,0.0,0.0,0.0,0,0.0,Low
189,4,1,4,4.0,47501.7,0.0,0.0,0.0,0.0,0.0,0,0.0,Low
190,17,7,23,21.0,242626.68,4.0,19.047619047619047,2.0,4835.6,9.523809523809524,0,45.0,Medium
191,16,5,20,19.0,216843.67,3.0,15.789473684210526,1.0,4940.0,5.263157894736842,0,40.0,Medium
192,4,1,4,3.0,54274.87,1.0,33.33333333333333,1.0,1855.0,33.33333333333333,0,35.0,Medium
193,7,1,7,6.0,64887.54,1.0,16.666666666666664,1.0,2117.07,16.666666666666664,0,35.0,Medium
194,4,1,4,4.0,66780.25,1.0,25.0,0.0,0.0,0.0,0,10.0,Low
195,1,1,1,1.0,19084.5,0.0,0.0,0.0,0.0,0.0,0,0.0,Low
196,7,3,9,9.0,80183.65,1.0,11.11111111111111,0.0,0.0,0.0,0,15.0,Low
197,17,7,23,21.0,222450.79,1.0,4.761904761904762,2.0,3910.2799999999997,9.523809523809524,0,45.0,Medium
198,8,4,11,9.0,130932.59,0.0,0.0,2.0,9708.15,22.22222222222222,0,45.0,Medium
199,3,1,3,3.0,29322.33,0.0,0.0,0.0,0.0,0.0,0,0.0,Low
200,7,2,8,6.0,74352.97,2.0,33.33333333333333,2.0,20213.88,33.33333333333333,0,50.0,High
201,2,1,2,1.0,20648.08,0.0,0.0,1.0,1405.08,100.0,0,25.0,Medium
202,2,1,2,2.0,15171.619999999999,0.0,0.0,0.0,0.0,0.0,0,0.0,Low
203,3,1,3,3.0,46177.19,1.0,33.33333333333333,0.0,0.0,0.0,0,10.0,Low
204,3,1,3,3.0,43544.55,0.0,0.0,0.0,0.0,0.0,0,0.0,Low
205,3,1,3,3.0,45417.15,0.0,0.0,0.0,0.0,0.0,0,0.0,Low
206,2,1,2,1.0,19507.29,0.0,0.0,1.0,3937.19,100.0,0,25.0,Medium
207,7,3,9,8.0,118732.20999999999,1.0,12.5,1.0,1098.78,12.5,0,40.0,Medium
208,9,4,12,7.0,82084.54,1.0,14.285714285714285,5.0,13722.67,71.42857142857143,0,60.0,High
209,4,1,4,4.0,29139.92,0.0,0.0,0.0,0.0,0.0,0,0.0,Low
210,2,1,2,2.0,31444.35,1.0,50.0,0.0,0.0,0.0,0,10.0,Low
211,5,1,5,3.0,56763.16,0.0,0.0,2.0,326.69,66.66666666666666,0,40.0,Medium
212,8,4,11,11.0,128953.35,0.0,0.0,0.0,0.0,0.0,0,15.0,Low
213,2,1,2,2.0,29658.47,0.0,0.0,0.0,0.0,0.0,0,0.0,Low
214,3,1,3,3.0,47291.619999999995,0.0,0.0,0.0,0.0,0.0,0,0.0,Low
215,2,1,2,2.0,10757.02,0.0,0.0,0.0,0.0,0.0,0,0.0,Low
216,8,2,9,7.0,77623.05,0.0,0.0,2.0,12907.960000000001,28.57142857142857,0,40.0,Medium
217,2,1,2,1.0,20842.91,0.0,0.0,1.0,5150.06,100.0,0,25.0,Medium
218,1,1,1,1.0,16104.14,0.0,0.0,0.0,0.0,0.0,0,0.0,Low
219,2,1,2,2.0,31366.489999999998,1.0,50.0,0.0,0.0,0.0,0,10.0,Low
220,2,1,2,2.0,33981.28,0.0,0.0,0.0,0.0,0.0,0,0.0,Low
221,3,1,3,3.0,48229.8,0.0,0.0,0.0,0.0,0.0,0,0.0,Low
222,3,1,3,3.0,31755.71,0.0,0.0,0.0,0.0,0.0,0,0.0,Low
223,2,1,2,2.0,30200.5,1.0,50.0,0.0,0.0,0.0,0,10.0,Low
224,4,1,4,4.0,32109.839999999997,1.0,25.0,0.0,0.0,0.0,0,10.0,Low
225,3,1,3,3.0,11947.68,0.0,0.0,0.0,0.0,0.0,0,0.0,Low
226,4,2,5,5.0,71159.36,0.0,0.0,0.0,0.0,0.0,0,0.0,Low
227,1,1,1,1.0,12260.0,0.0,0.0,0.0,0.0,0.0,0,0.0,Low
228,4,1,4,4.0,74295.29,1.0,25.0,0.0,0.0,0.0,0,10.0,Low
229,3,1,3,2.0,26682.1,0.0,0.0,1.0,0.0,50.0,0,25.0,Medium
230,4,2,5,4.0,71159.24,2.0,50.0,1.0,5879.13,25.0,0,35.0,Medium
231,2,1,2,2.0,24542.42,0.0,0.0,0.0,0.0,0.0,0,0.0,Low
232,2,1,2,2.0,16756.63,0.0,0.0,0.0,0.0,0.0,0,0.0,Low
233,10,4,13,11.0,149342.47,4.0,36.36363636363637,2.0,875.81,18.181818181818183,0,55.0,High
234,15,6,20,18.0,207759.95,1.0,5.555555555555555,2.0,1004.75,11.11111111111111,0,45.0,Medium
235,4,2,5,4.0,49158.69,0.0,0.0,1.0,3163.91,25.0,0,25.0,Medium
236,7,2,8,7.0,112362.51,0.0,0.0,1.0,1969.23,14.285714285714285,0,35.0,Medium
237,4,1,4,4.0,43040.14,2.0,50.0,0.0,0.0,0.0,0,10.0,Low
238,3,1,3,3.0,57315.770000000004,0.0,0.0,0.0,0.0,0.0,0,0.0,Low
239,4,2,5,5.0,71590.89,0.0,0.0,0.0,0.0,0.0,0,0.0,Low
240,3,1,3,2.0,26529.989999999998,0.0,0.0,1.0,1010.81,50.0,0,25.0,Medium
241,5,2,6,5.0,64869.51,0.0,0.0,1.0,1995.0,20.0,0,35.0,Medium
242,1,1,1,1.0,23046.92,0.0,0.0,0.0,0.0,0.0,0,0.0,Low
243,3,1,3,3.0,43657.79,0.0,0.0,0.0,0.0,0.0,0,0.0,Low
244,7,2,8,6.0,55795.35,1.0,16.666666666666664,2.0,4959.02,33.33333333333333,0,40.0,Medium
245,23,5,27,26.0,349674.18,1.0,3.8461538461538463,1.0,1002.8,3.8461538461538463,0,20.0,Low
246,2,1,2,2.0,7005.38,0.0,0.0,0.0,0.0,0.0,0,0.0,Low
247,3,1,3,2.0,43097.33,0.0,0.0,1.0,2568.37,50.0,0,25.0,Medium
248,2,1,2,2.0,29229.01,0.0,0.0,0.0,0.0,0.0,0,0.0,Low
249,9,3,11,11.0,88580.89,1.0,9.090909090909092,0.0,0.0,0.0,0,15.0,Low
250,8,3,10,9.0,122832.0,0.0,0.0,1.0,397.65,11.11111111111111,0,40.0,Medium
251,7,2,8,8.0,55297.29,0.0,0.0,0.0,0.0,0.0,0,10.0,Low
252,4,1,4,3.0,65789.6,0.0,0.0,1.0,6694.94,33.33333333333333,0,25.0,Medium
253,15,7,21,20.0,273834.49,1.0,5.0,1.0,1677.54,5.0,0,40.0,Medium
254,4,1,4,4.0,41532.28,0.0,0.0,0.0,0.0,0.0,0,0.0,Low
255,9,5,13,11.0,149463.28,1.0,9.090909090909092,2.0,1545.06,18.181818181818183,0,45.0,Medium
256,3,1,3,2.0,36365.09,0.0,0.0,1.0,13308.54,50.0,0,25.0,Medium
257,2,1,2,2.0,30556.0,0.0,0.0,0.0,0.0,0.0,0,0.0,Low
258,4,1,4,4.0,70208.15,0.0,0.0,0.0,0.0,0.0,0,0.0,Low
259,7,2,8,8.0,121271.78,0.0,0.0,0.0,0.0,0.0,0,10.0,Low
260,2,1,2,2.0,35509.11,0.0,0.0,0.0,0.0,0.0,0,0.0,Low
261,2,1,2,2.0,26045.05,1.0,50.0,0.0,0.0,0.0,0,10.0,Low
262,3,1,3,2.0,24718.13,0.0,0.0,1.0,4079.0,50.0,0,25.0,Medium
263,5,1,5,5.0,91851.57,0.0,0.0,0.0,0.0,0.0,0,10.0,Low
264,2,1,2,2.0,19582.89,2.0,100.0,0.0,0.0,0.0,0,10.0,Low
265,13,5,17,14.0,151831.76,3.0,21.428571428571427,3.0,10997.42,21.428571428571427,0,60.0,High
266,2,1,2,1.0,11411.44,0.0,0.0,1.0,2097.39,100.0,0,25.0,Medium
267,3,1,3,3.0,50584.56,0.0,0.0,0.0,0.0,0.0,0,0.0,Low
268,3,1,3,3.0,43609.78,0.0,0.0,0.0,0.0,0.0,0,0.0,Low
269,6,2,7,7.0,103097.44,1.0,14.285714285714285,0.0,0.0,0.0,0,10.0,Low
270,3,2,4,3.0,61802.399999999994,0.0,0.0,1.0,1634.47,33.33333333333333,0,25.0,Medium
271,5,2,6,6.0,76617.71,0.0,0.0,0.0,0.0,0.0,0,10.0,Low
272,5,2,6,4.0,39593.81,0.0,0.0,2.0,8220.12,50.0,0,40.0,Medium
273,2,1,2,2.0,15134.619999999999,0.0,0.0,0.0,0.0,0.0,0,0.0,Low
274,6,3,8,8.0,108519.3,0.0,0.0,0.0,0.0,0.0,0,15.0,Low
275,1,1,1,1.0,13800.19,0.0,0.0,0.0,0.0,0.0,0,0.0,Low
276,2,1,2,2.0,11036.78,0.0,0.0,0.0,0.0,0.0,0,0.0,Low
277,4,1,4,3.0,39340.82,0.0,0.0,1.0,255.73,33.33333333333333,0,25.0,Medium
278,2,2,3,3.0,48023.46,0.0,0.0,0.0,0.0,0.0,0,0.0,Low
279,4,1,4,4.0,68177.61,0.0,0.0,0.0,0.0,0.0,0,0.0,Low
280,3,1,3,3.0,34941.89,2.0,66.66666666666666,0.0,0.0,0.0,0,10.0,Low
281,18,7,24,20.0,249842.03,2.0,10.0,4.0,22792.68,20.0,0,55.0,High
282,3,1,3,1.0,1455.49,0.0,0.0,2.0,11466.47,200.0,0,30.0,Medium
283,5,2,6,6.0,71056.64,0.0,0.0,0.0,0.0,0.0,0,10.0,Low
284,6,2,7,5.0,61139.22,0.0,0.0,2.0,8975.310000000001,40.0,0,40.0,Medium
285,8,2,9,8.0,116365.76000000001,0.0,0.0,1.0,1302.0,12.5,0,35.0,Medium
286,3,1,3,3.0,52749.22,0.0,0.0,0.0,0.0,0.0,0,0.0,Low
287,4,2,5,5.0,39664.45,0.0,0.0,0.0,0.0,0.0,0,0.0,Low
288,12,3,14,13.0,153930.49,1.0,7.6923076923076925,1.0,683.69,7.6923076923076925,0,40.0,Medium
289,3,1,3,3.0,39066.17,1.0,33.33333333333333,0.0,0.0,0.0,0,10.0,Low
290,5,2,6,6.0,73970.62,0.0,0.0,0.0,0.0,0.0,0,10.0,Low
291,3,1,3,2.0,18981.09,1.0,50.0,1.0,2881.81,50.0,0,35.0,Medium
292,2,1,2,2.0,6227.889999999999,0.0,0.0,0.0,0.0,0.0,0,0.0,Low
293,2,1,2,2.0,24964.16,0.0,0.0,0.0,0.0,0.0,0,0.0,Low
294,3,2,4,2.0,23731.68,1.0,50.0,2.0,9554.61,100.0,0,40.0,Medium
295,6,2,7,7.0,48096.67,2.0,28.57142857142857,0.0,0.0,0.0,0,20.0,Low
296,1,1,1,1.0,6058.13,0.0,0.0,0.0,0.0,0.0,0,0.0,Low
297,21,5,25,21.0,178783.36000000002,2.0,9.523809523809524,4.0,17436.39,19.047619047619047,0,55.0,High
298,2,1,2,2.0,25205.46,0.0,0.0,0.0,0.0,0.0,0,0.0,Low
299,3,1,3,3.0,23840.8,0.0,0.0,0.0,0.0,0.0,0,0.0,Low
300,5,1,5,5.0,67524.08,0.0,0.0,0.0,0.0,0.0,0,10.0,Low
301,3,1,3,2.0,23348.69,1.0,50.0,1.0,6042.03,50.0,0,35.0,Medium
302,4,1,4,4.0,17459.74,0.0,0.0,0.0,0.0,0.0,0,0.0,Low
303,4,1,4,3.0,35331.74,0.0,0.0,1.0,2199.33,33.33333333333333,0,25.0,Medium
304,5,1,5,4.0,48446.43,1.0,25.0,1.0,2597.6,25.0,0,45.0,Medium
305,7,2,8,8.0,113228.27,0.0,0.0,0.0,0.0,0.0,0,10.0,Low
306,2,1,2,2.0,18131.43,0.0,0.0,0.0,0.0,0.0,0,0.0,Low
307,2,1,2,2.0,9061.25,0.0,0.0,0.0,0.0,0.0,0,0.0,Low
308,3,1,3,2.0,37463.850000000006,1.0,50.0,1.0,834.87,50.0,0,35.0,Medium
309,3,2,4,3.0,46900.25,0.0,0.0,1.0,11364.57,33.33333333333333,0,25.0,Medium
310,8,3,10,8.0,134269.56,0.0,0.0,2.0,5327.63,25.0,0,45.0,Medium
311,3,1,3,3.0,29827.839999999997,0.0,0.0,0.0,0.0,0.0,0,0.0,Low
312,6,3,8,8.0,90364.92,0.0,0.0,0.0,0.0,0.0,0,15.0,Low
313,4,1,4,4.0,59678.45,1.0,25.0,0.0,0.0,0.0,0,10.0,Low
314,1,1,1,1.0,19877.34,0.0,0.0,0.0,0.0,0.0,0,0.0,Low
315,5,2,6,6.0,80174.06,0.0,0.0,0.0,0.0,0.0,0,10.0,Low
316,8,3,10,9.0,122761.18000000001,1.0,11.11111111111111,1.0,2940.2,11.11111111111111,0,40.0,Medium
317,5,2,6,6.0,52021.11,1.0,16.666666666666664,0.0,0.0,0.0,0,10.0,Low
318,12,4,15,15.0,162605.84,2.0,13.333333333333334,0.0,0.0,0.0,0,15.0,Low
319,19,9,27,25.0,308387.13,2.0,8.0,2.0,3179.8,8.0,0,45.0,Medium
320,13,4,16,13.0,151973.83,0.0,0.0,3.0,7827.33,23.076923076923077,0,50.0,High
321,2,1,2,2.0,29687.829999999998,0.0,0.0,0.0,0.0,0.0,0,0.0,Low
322,18,7,24,21.0,228612.53,2.0,9.523809523809524,3.0,2265.6,14.285714285714285,0,50.0,High
323,2,1,2,2.0,32110.67,0.0,0.0,0.0,0.0,0.0,0,0.0,Low
324,3,1,3,3.0,31272.190000000002,0.0,0.0,0.0,0.0,0.0,0,0.0,Low
325,3,1,3,1.0,23058.0,0.0,0.0,2.0,7532.29,200.0,0,30.0,Medium
326,6,1,6,6.0,82634.56999999999,0.0,0.0,0.0,0.0,0.0,0,10.0,Low
327,2,2,3,3.0,55808.93,2.0,66.66666666666666,0.0,0.0,0.0,0,10.0,Low
328,16,6,21,20.0,272186.69,1.0,5.0,1.0,3146.39,5.0,0,40.0,Medium
329,2,1,2,1.0,17083.38,0.0,0.0,1.0,1288.0,100.0,0,25.0,Medium
330,12,4,15,14.0,192246.79,3.0,21.428571428571427,1.0,0.0,7.142857142857142,0,50.0,High
331,6,3,8,7.0,102058.34,1.0,14.285714285714285,1.0,381.32,14.285714285714285,0,40.0,Medium
332,9,3,11,11.0,150952.86,1.0,9.090909090909092,0.0,0.0,0.0,0,15.0,Low
333,12,5,16,16.0,192045.02,2.0,12.5,0.0,0.0,0.0,0,15.0,Low
334,7,4,10,10.0,100911.09,2.0,20.0,0.0,0.0,0.0,0,25.0,Medium
335,4,1,4,4.0,54895.75,0.0,0.0,0.0,0.0,0.0,0,0.0,Low
336,4,1,4,3.0,44536.15,0.0,0.0,1.0,3464.25,33.33333333333333,0,25.0,Medium
337,21,8,28,26.0,339864.12,2.0,7.6923076923076925,2.0,2895.58,7.6923076923076925,0,45.0,Medium
338,9,4,12,11.0,155701.84,0.0,0.0,1.0,1017.31,9.090909090909092,0,40.0,Medium
339,5,1,5,5.0,37481.96,0.0,0.0,0.0,0.0,0.0,0,10.0,Low
340,4,1,4,4.0,36010.42,0.0,0.0,0.0,0.0,0.0,0,0.0,Low
341,3,1,3,3.0,55719.82,0.0,0.0,0.0,0.0,0.0,0,0.0,Low
342,4,2,5,5.0,73497.91,2.0,40.0,0.0,0.0,0.0,0,10.0,Low
343,3,1,3,3.0,32917.68,0.0,0.0,0.0,0.0,0.0,0,0.0,Low
344,13,3,15,15.0,208427.31,1.0,6.666666666666667,0.0,0.0,0.0,0,15.0,Low
345,3,1,3,3.0,29931.89,1.0,33.33333333333333,0.0,0.0,0.0,0,10.0,Low
346,4,1,4,4.0,43249.82,0.0,0.0,0.0,0.0,0.0,0,0.0,Low
347,10,3,12,12.0,110398.56,0.0,0.0,0.0,0.0,0.0,0,15.0,Low
348,3,1,3,3.0,25315.88,0.0,0.0,0.0,0.0,0.0,0,0.0,Low
349,3,1,3,3.0,36035.950000000004,0.0,0.0,0.0,0.0,0.0,0,0.0,Low
350,2,1,2,2.0,10623.619999999999,0.0,0.0,0.0,0.0,0.0,0,0.0,Low
351,7,3,9,9.0,104416.20999999999,2.0,22.22222222222222,0.0,0.0,0.0,0,25.0,Medium
352,2,1,2,2.0,19949.52,0.0,0.0,0.0,0.0,0.0,0,0.0,Low
353,3,1,3,3.0,13480.17,0.0,0.0,0.0,0.0,0.0,0,0.0,Low
354,1,1,1,1.0,22281.82,0.0,0.0,0.0,0.0,0.0,0,0.0,Low
355,4,2,5,5.0,63984.420000000006,1.0,20.0,0.0,0.0,0.0,0,10.0,Low
356,1,1,1,1.0,24917.12,0.0,0.0,0.0,0.0,0.0,0,0.0,Low
357,7,3,9,9.0,111763.98,0.0,0.0,0.0,0.0,0.0,0,15.0,Low
358,4,1,4,4.0,31102.23,0.0,0.0,0.0,0.0,0.0,0,0.0,Low
359,2,1,2,1.0,20562.33,0.0,0.0,1.0,1624.65,100.0,0,25.0,Medium
360,3,1,3,3.0,21554.22,1.0,33.33333333333333,0.0,0.0,0.0,0,10.0,Low
361,4,1,4,4.0,74025.5,0.0,0.0,0.0,0.0,0.0,0,0.0,Low
362,3,2,4,3.0,46196.81,0.0,0.0,1.0,2583.29,33.33333333333333,0,25.0,Medium
363,3,1,3,2.0,26649.629999999997,0.0,0.0,1.0,584.72,50.0,0,25.0,Medium
364,10,4,13,12.0,173700.44,2.0,16.666666666666664,1.0,1512.54,8.333333333333332,0,40.0,Medium
365,4,1,4,4.0,69784.44,0.0,0.0,0.0,0.0,0.0,0,0.0,Low
366,2,1,2,2.0,47238.22,0.0,0.0,0.0,0.0,0.0,0,0.0,Low
367,1,1,1,1.0,23916.94,0.0,0.0,0.0,0.0,0.0,0,0.0,Low
368,2,1,2,2.0,34312.04,0.0,0.0,0.0,0.0,0.0,0,0.0,Low
369,2,1,2,2.0,8847.76,1.0,50.0,0.0,0.0,0.0,0,10.0,Low
370,7,2,8,8.0,81722.91,2.0,25.0,0.0,0.0,0.0,0,20.0,Low
371,3,1,3,3.0,37465.05,1.0,33.33333333333333,0.0,0.0,0.0,0,10.0,Low
372,12,4,15,15.0,162279.76,0.0,0.0,0.0,0.0,0.0,0,15.0,Low
373,2,1,2,2.0,32861.14,0.0,0.0,0.0,0.0,0.0,0,0.0,Low
374,9,3,11,10.0,82731.67,0.0,0.0,1.0,2194.0,10.0,0,40.0,Medium
375,8,3,10,9.0,133654.79,3.0,33.33333333333333,1.0,2126.63,11.11111111111111,0,50.0,High
376,3,1,3,3.0,72012.16,0.0,0.0,0.0,0.0,0.0,0,0.0,Low
377,11,4,14,13.0,185729.5,1.0,7.6923076923076925,1.0,2893.0,7.6923076923076925,0,40.0,Medium
378,3,2,4,4.0,62998.619999999995,0.0,0.0,0.0,0.0,0.0,0,0.0,Low
379,11,4,14,12.0,99850.19,2.0,16.666666666666664,2.0,2599.7,16.666666666666664,0,45.0,Medium
380,4,2,5,4.0,58687.65,0.0,0.0,1.0,1311.0,25.0,0,25.0,Medium
381,3,1,3,3.0,33722.090000000004,1.0,33.33333333333333,0.0,0.0,0.0,0,10.0,Low
382,8,3,10,10.0,78213.61,0.0,0.0,0.0,0.0,0.0,0,15.0,Low
383,6,3,8,6.0,66417.88,0.0,0.0,2.0,4431.9,33.33333333333333,0,45.0,Medium
384,3,1,3,3.0,35817.13,0.0,0.0,0.0,0.0,0.0,0,0.0,Low
385,7,3,9,7.0,98189.57,1.0,14.285714285714285,2.0,9180.55,28.57142857142857,0,45.0,Medium
386,1,1,1,1.0,7358.75,0.0,0.0,0.0,0.0,0.0,0,0.0,Low
387,2,1,2,2.0,14318.66,0.0,0.0,0.0,0.0,0.0,0,0.0,Low
388,21,6,26,26.0,317520.46,5.0,19.230769230769234,0.0,0.0,0.0,0,15.0,Low
389,11,2,12,11.0,117092.35,0.0,0.0,1.0,856.42,9.090909090909092,0,35.0,Medium
390,1,1,1,1.0,8506.71,0.0,0.0,0.0,0.0,0.0,0,0.0,Low
391,16,5,20,19.0,211624.15,1.0,5.263157894736842,1.0,638.96,5.263157894736842,0,40.0,Medium
392,3,1,3,3.0,36871.2,1.0,33.33333333333333,0.0,0.0,0.0,0,10.0,Low
393,3,1,3,3.0,65305.869999999995,0.0,0.0,0.0,0.0,0.0,0,0.0,Low
394,2,1,2,2.0,36084.8,1.0,50.0,0.0,0.0,0.0,0,10.0,Low
395,4,1,4,4.0,86358.28,0.0,0.0,0.0,0.0,0.0,0,0.0,Low
396,1,1,1,1.0,13376.62,0.0,0.0,0.0,0.0,0.0,0,0.0,Low
397,16,6,21,21.0,275249.39,1.0,4.761904761904762,0.0,0.0,0.0,0,15.0,Low
398,5,1,5,5.0,55416.53,1.0,20.0,0.0,0.0,0.0,0,20.0,Low
399,4,1,4,4.0,48256.100000000006,1.0,25.0,0.0,0.0,0.0,0,10.0,Low
400,29,10,38,34.0,442094.24,5.0,14.705882352941178,4.0,14597.289999999999,11.76470588235294,0,55.0,High
401,4,1,4,4.0,25932.42,1.0,25.0,0.0,0.0,0.0,0,10.0,Low
402,2,1,2,2.0,20798.010000000002,0.0,0.0,0.0,0.0,0.0,0,0.0,Low
403,5,1,5,5.0,96509.77,1.0,20.0,0.0,0.0,0.0,0,20.0,Low
404,3,1,3,3.0,32055.149999999998,0.0,0.0,0.0,0.0,0.0,0,0.0,Low
405,2,1,2,1.0,24761.89,0.0,0.0,1.0,171.98,100.0,0,25.0,Medium
406,2,1,2,1.0,164.53,1.0,100.0,1.0,6649.93,100.0,0,35.0,Medium
407,2,1,2,2.0,20668.129999999997,0.0,0.0,0.0,0.0,0.0,0,0.0,Low
408,2,1,2,2.0,6819.9,0.0,0.0,0.0,0.0,0.0,0,0.0,Low
409,3,1,3,2.0,18439.12,0.0,0.0,1.0,865.55,50.0,0,25.0,Medium
410,2,1,2,2.0,8828.3,0.0,0.0,0.0,0.0,0.0,0,0.0,Low
411,5,1,5,4.0,44575.71,0.0,0.0,1.0,1089.06,25.0,0,35.0,Medium
412,9,6,14,14.0,209776.53,0.0,0.0,0.0,0.0,0.0,0,15.0,Low
413,2,1,2,2.0,35942.01,0.0,0.0,0.0,0.0,0.0,0,0.0,Low
414,2,1,2,1.0,4742.13,0.0,0.0,1.0,6937.41,100.0,0,25.0,Medium
415,2,1,2,2.0,20202.2,0.0,0.0,0.0,0.0,0.0,0,0.0,Low
416,3,2,4,3.0,25834.66,0.0,0.0,1.0,2332.94,33.33333333333333,0,25.0,Medium
417,25,9,33,26.0,347368.97,0.0,0.0,7.0,33192.12,26.923076923076923,0,80.0,Critical
418,5,1,5,4.0,45325.67,1.0,25.0,1.0,3784.33,25.0,0,45.0,Medium
419,5,1,5,5.0,65393.54,0.0,0.0,0.0,0.0,0.0,0,10.0,Low
420,2,1,2,2.0,21699.14,1.0,50.0,0.0,0.0,0.0,0,10.0,Low
421,3,1,3,3.0,46171.55,0.0,0.0,0.0,0.0,0.0,0,0.0,Low
422,1,1,1,1.0,24944.63,0.0,0.0,0.0,0.0,0.0,0,0.0,Low
423,3,1,3,3.0,24104.27,0.0,0.0,0.0,0.0,0.0,0,0.0,Low
424,1,1,1,1.0,4321.0,0.0,0.0,0.0,0.0,0.0,0,0.0,Low
425,2,1,2,2.0,11174.119999999999,0.0,0.0,0.0,0.0,0.0,0,0.0,Low
426,23,7,29,28.0,328587.23,2.0,7.142857142857142,1.0,2703.0,3.571428571428571,0,20.0,Low
427,3,1,3,3.0,31913.47,1.0,33.33333333333333,0.0,0.0,0.0,0,10.0,Low
428,1,1,1,0.0,0.0,0.0,0.0,1.0,2209.68,0.0,0,5.0,Low
429,5,2,6,5.0,35172.99,1.0,20.0,1.0,0.0,20.0,0,45.0,Medium
430,4,1,4,3.0,33522.29,1.0,33.33333333333333,1.0,8134.61,33.33333333333333,0,35.0,Medium
431,4,1,4,3.0,50079.630000000005,1.0,33.33333333333333,1.0,3691.3,33.33333333333333,0,35.0,Medium
432,9,3,11,11.0,112893.82,1.0,9.090909090909092,0.0,0.0,0.0,0,15.0,Low
433,1,1,1,1.0,5244.0,0.0,0.0,0.0,0.0,0.0,0,0.0,Low
434,8,3,10,8.0,82022.97,0.0,0.0,2.0,3553.26,25.0,0,45.0,Medium
435,11,6,16,13.0,177289.47,1.0,7.6923076923076925,3.0,2714.52,23.076923076923077,0,50.0,High
436,19,6,24,20.0,276825.73,1.0,5.0,4.0,12688.09,20.0,0,55.0,High
437,5,2,6,5.0,60000.829999999994,0.0,0.0,1.0,237.88,20.0,0,35.0,Medium
438,4,2,5,4.0,65432.62,1.0,25.0,1.0,1768.79,25.0,0,35.0,Medium
439,2,1,2,2.0,12541.61,1.0,50.0,0.0,0.0,0.0,0,10.0,Low
440,4,1,4,3.0,28848.1,0.0,0.0,1.0,487.43,33.33333333333333,0,25.0,Medium
441,3,1,3,3.0,62191.770000000004,0.0,0.0,0.0,0.0,0.0,0,0.0,Low
442,17,7,23,21.0,255343.7,2.0,9.523809523809524,2.0,7728.1,9.523809523809524,0,45.0,Medium
443,4,1,4,4.0,45890.49,0.0,0.0,0.0,0.0,0.0,0,0.0,Low
444,3,2,4,4.0,37722.24,0.0,0.0,0.0,0.0,0.0,0,0.0,Low
445,13,4,16,15.0,203284.22999999998,1.0,6.666666666666667,1.0,3225.2,6.666666666666667,0,40.0,Medium
446,4,1,4,3.0,58426.33,0.0,0.0,1.0,486.0,33.33333333333333,0,25.0,Medium
447,6,1,6,6.0,96552.64,0.0,0.0,0.0,0.0,0.0,0,10.0,Low
448,5,2,6,6.0,27608.719999999998,0.0,0.0,0.0,0.0,0.0,0,10.0,Low
449,8,2,9,8.0,95800.05,1.0,12.5,1.0,595.88,12.5,0,35.0,Medium
450,6,1,6,5.0,36461.09,0.0,0.0,1.0,860.7,20.0,0,35.0,Medium
451,4,2,5,4.0,58029.78,0.0,0.0,1.0,1835.21,25.0,0,25.0,Medium
452,3,1,3,3.0,42066.479999999996,0.0,0.0,0.0,0.0,0.0,0,0.0,Low
453,4,2,5,5.0,44979.88,0.0,0.0,0.0,0.0,0.0,0,0.0,Low
454,2,1,2,2.0,37091.94,0.0,0.0,0.0,0.0,0.0,0,0.0,Low
455,1,1,1,1.0,4797.91,0.0,0.0,0.0,0.0,0.0,0,0.0,Low
456,28,12,39,37.0,408755.41,4.0,10.81081081081081,2.0,5352.62,5.405405405405405,0,45.0,Medium
457,3,1,3,3.0,53766.840000000004,0.0,0.0,0.0,0.0,0.0,0,0.0,Low
458,6,1,6,6.0,62303.16,1.0,16.666666666666664,0.0,0.0,0.0,0,10.0,Low
459,7,2,8,8.0,85745.07,0.0,0.0,0.0,0.0,0.0,0,10.0,Low
460,3,1,3,3.0,41910.049999999996,1.0,33.33333333333333,0.0,0.0,0.0,0,10.0,Low
461,6,2,7,6.0,108931.29,0.0,0.0,1.0,2595.11,16.666666666666664,0,35.0,Medium
462,1,1,1,1.0,18198.36,0.0,0.0,0.0,0.0,0.0,0,0.0,Low
463,4,1,4,4.0,58845.86,0.0,0.0,0.0,0.0,0.0,0,0.0,Low
464,2,1,2,2.0,20689.059999999998,1.0,50.0,0.0,0.0,0.0,0,10.0,Low
465,3,1,3,2.0,22712.97,0.0,0.0,1.0,1495.6,50.0,0,25.0,Medium
466,8,1,8,7.0,89382.36,1.0,14.285714285714285,1.0,784.51,14.285714285714285,0,35.0,Medium
467,1,1,1,1.0,11920.0,0.0,0.0,0.0,0.0,0.0,0,0.0,Low
468,2,1,2,1.0,16913.2,0.0,0.0,1.0,1449.14,100.0,0,25.0,Medium
469,5,1,5,5.0,94098.11,0.0,0.0,0.0,0.0,0.0,0,10.0,Low
470,1,1,1,1.0,16221.85,0.0,0.0,0.0,0.0,0.0,0,0.0,Low
471,3,2,4,4.0,45109.04,0.0,0.0,0.0,0.0,0.0,0,0.0,Low
472,3,1,3,3.0,20684.57,0.0,0.0,0.0,0.0,0.0,0,0.0,Low
473,3,1,3,3.0,19754.65,1.0,33.33333333333333,0.0,0.0,0.0,0,10.0,Low
474,2,1,2,1.0,939.01,0.0,0.0,1.0,0.0,100.0,0,25.0,Medium
475,3,1,3,2.0,27401.059999999998,0.0,0.0,1.0,448.44,50.0,0,25.0,Medium
476,1,1,1,1.0,3850.74,0.0,0.0,0.0,0.0,0.0,0,0.0,Low
477,3,1,3,3.0,41122.590000000004,1.0,33.33333333333333,0.0,0.0,0.0,0,10.0,Low
478,3,1,3,3.0,40782.06,0.0,0.0,0.0,0.0,0.0,0,0.0,Low
479,5,1,5,4.0,43151.29,0.0,0.0,1.0,3745.94,25.0,0,35.0,Medium
480,2,1,2,2.0,23463.54,0.0,0.0,0.0,0.0,0.0,0,0.0,Low
481,2,1,2,2.0,22398.98,0.0,0.0,0.0,0.0,0.0,0,0.0,Low
482,5,3,7,7.0,104792.56,0.0,0.0,0.0,0.0,0.0,0,15.0,Low
483,4,1,4,3.0,28746.23,0.0,0.0,1.0,272.77,33.33333333333333,0,25.0,Medium
484,6,2,7,6.0,109230.97,0.0,0.0,1.0,1144.0,16.666666666666664,0,35.0,Medium
485,12,3,14,11.0,122297.3,1.0,9.090909090909092,3.0,4621.68,27.27272727272727,0,50.0,High
486,5,1,5,5.0,71763.88,0.0,0.0,0.0,0.0,0.0,0,10.0,Low
487,2,1,2,2.0,26615.5,1.0,50.0,0.0,0.0,0.0,0,10.0,Low
488,3,1,3,1.0,21288.6,0.0,0.0,2.0,15338.09,200.0,0,30.0,Medium
489,4,1,4,3.0,54277.78,0.0,0.0,1.0,1770.2,33.33333333333333,0,25.0,Medium
490,2,1,2,2.0,26924.300000000003,0.0,0.0,0.0,0.0,0.0,0,0.0,Low
491,5,1,5,5.0,39334.38,0.0,0.0,0.0,0.0,0.0,0,10.0,Low
492,2,1,2,2.0,32856.39,0.0,0.0,0.0,0.0,0.0,0,0.0,Low
493,2,1,2,2.0,29442.07,0.0,0.0,0.0,0.0,0.0,0,0.0,Low
494,3,2,4,4.0,66110.28,0.0,0.0,0.0,0.0,0.0,0,0.0,Low
495,1,1,1,1.0,240.0,0.0,0.0,0.0,0.0,0.0,0,0.0,Low
496,2,1,2,2.0,33618.81,0.0,0.0,0.0,0.0,0.0,0,0.0,Low
497,1,1,1,1.0,7202.98,1.0,100.0,0.0,0.0,0.0,0,10.0,Low
498,3,1,3,3.0,41285.850000000006,0.0,0.0,0.0,0.0,0.0,0,0.0,Low
499,7,1,7,7.0,89876.20999999999,2.0,28.57142857142857,0.0,0.0,0.0,0,20.0,Low
500,5,2,6,6.0,76476.19,0.0,0.0,0.0,0.0,0.0,0,10.0,Low
501,3,1,3,3.0,40194.21,0.0,0.0,0.0,0.0,0.0,0,0.0,Low
502,2,1,2,2.0,26027.09,1.0,50.0,0.0,0.0,0.0,0,10.0,Low
503,4,2,5,5.0,75933.67,0.0,0.0,0.0,0.0,0.0,0,0.0,Low
504,12,3,14,12.0,153210.00999999998,2.0,16.666666666666664,2.0,34565.78,16.666666666666664,0,55.0,High
505,10,4,13,13.0,137146.36000000002,0.0,0.0,0.0,0.0,0.0,0,15.0,Low
506,1,1,1,1.0,22599.79,0.0,0.0,0.0,0.0,0.0,0,0.0,Low
507,3,1,3,3.0,51208.380000000005,1.0,33.33333333333333,0.0,0.0,0.0,0,10.0,Low
508,7,3,9,8.0,124632.65,0.0,0.0,1.0,9374.52,12.5,0,40.0,Medium
509,4,2,5,4.0,52565.39,0.0,0.0,1.0,0.0,25.0,0,25.0,Medium
510,3,2,4,3.0,41992.48,1.0,33.33333333333333,1.0,1860.96,33.33333333333333,0,35.0,Medium
511,31,8,38,35.0,408755.58,0.0,0.0,3.0,1867.5,8.571428571428571,0,50.0,High
512,4,1,4,4.0,65778.41,0.0,0.0,0.0,0.0,0.0,0,0.0,Low
513,3,1,3,2.0,17833.87,0.0,0.0,1.0,14932.0,50.0,0,25.0,Medium
514,3,1,3,3.0,38866.96,1.0,33.33333333333333,0.0,0.0,0.0,0,10.0,Low
515,2,1,2,2.0,46672.38,0.0,0.0,0.0,0.0,0.0,0,0.0,Low
516,4,1,4,3.0,21852.5,0.0,0.0,1.0,1072.99,33.33333333333333,0,25.0,Medium
517,3,1,3,3.0,31109.07,0.0,0.0,0.0,0.0,0.0,0,0.0,Low
518,4,1,4,4.0,62025.78,0.0,0.0,0.0,0.0,0.0,0,0.0,Low
519,18,6,23,21.0,283749.19,2.0,9.523809523809524,2.0,7685.8,9.523809523809524,0,45.0,Medium
520,3,1,3,3.0,33667.409999999996,0.0,0.0,0.0,0.0,0.0,0,0.0,Low
521,2,1,2,2.0,5815.389999999999,0.0,0.0,0.0,0.0,0.0,0,0.0,Low
522,1,1,1,1.0,2976.54,0.0,0.0,0.0,0.0,0.0,0,0.0,Low
523,17,7,23,20.0,174842.4,3.0,15.0,3.0,8109.1900000000005,15.0,0,50.0,High
524,5,2,6,6.0,61541.35,1.0,16.666666666666664,0.0,0.0,0.0,0,10.0,Low
525,2,1,2,2.0,35685.57,0.0,0.0,0.0,0.0,0.0,0,0.0,Low
526,6,2,7,6.0,104745.40000000001,0.0,0.0,1.0,1370.91,16.666666666666664,0,35.0,Medium
527,2,1,2,2.0,4275.58,0.0,0.0,0.0,0.0,0.0,0,0.0,Low
528,5,1,5,3.0,30273.36,0.0,0.0,2.0,4888.1,66.66666666666666,0,40.0,Medium
529,5,2,6,6.0,73927.99,1.0,16.666666666666664,0.0,0.0,0.0,0,10.0,Low
530,2,1,2,2.0,14625.49,0.0,0.0,0.0,0.0,0.0,0,0.0,Low
531,7,2,8,8.0,94669.88,2.0,25.0,0.0,0.0,0.0,0,20.0,Low
532,5,2,6,5.0,58465.3,0.0,0.0,1.0,3125.63,20.0,0,35.0,Medium
533,6,2,7,5.0,54188.43,0.0,0.0,2.0,7794.57,40.0,0,40.0,Medium
534,4,1,4,3.0,28097.25,0.0,0.0,1.0,3303.95,33.33333333333333,0,25.0,Medium
535,5,2,6,5.0,82133.48999999999,0.0,0.0,1.0,9250.0,20.0,0,35.0,Medium
536,2,1,2,2.0,40248.95,1.0,50.0,0.0,0.0,0.0,0,10.0,Low
537,38,19,56,44.0,605667.79,2.0,4.545454545454546,12.0,36607.28,27.27272727272727,0,95.0,Critical
538,10,3,12,11.0,163768.26,1.0,9.090909090909092,1.0,479.19,9.090909090909092,0,40.0,Medium
539,4,2,5,5.0,61657.65,1.0,20.0,0.0,0.0,0.0,0,10.0,Low
540,5,2,6,5.0,60809.97,0.0,0.0,1.0,2999.91,20.0,0,35.0,Medium
541,2,1,2,2.0,5572.97,0.0,0.0,0.0,0.0,0.0,0,0.0,Low
542,3,1,3,3.0,47194.729999999996,0.0,0.0,0.0,0.0,0.0,0,0.0,Low
543,4,1,4,4.0,37754.62,0.0,0.0,0.0,0.0,0.0,0,0.0,Low
544,4,1,4,4.0,65040.79,0.0,0.0,0.0,0.0,0.0,0,0.0,Low
545,3,1,3,3.0,34182.46,0.0,0.0,0.0,0.0,0.0,0,0.0,Low
546,10,2,11,11.0,142751.12,0.0,0.0,0.0,0.0,0.0,0,10.0,Low
547,10,2,11,10.0,123577.2,0.0,0.0,1.0,428.55,10.0,0,35.0,Medium
548,14,3,16,16.0,228190.8,3.0,18.75,0.0,0.0,0.0,0,15.0,Low
549,5,1,5,4.0,53630.12,0.0,0.0,1.0,1949.6,25.0,0,35.0,Medium
550,5,2,6,5.0,72620.68,1.0,20.0,1.0,659.11,20.0,0,45.0,Medium
551,4,1,4,4.0,42068.729999999996,0.0,0.0,0.0,0.0,0.0,0,0.0,Low
552,2,1,2,1.0,17722.05,0.0,0.0,1.0,13889.45,100.0,0,25.0,Medium
553,6,3,8,7.0,101827.84,0.0,0.0,1.0,216.49,14.285714285714285,0,40.0,Medium
554,9,3,11,11.0,154718.69,0.0,0.0,0.0,0.0,0.0,0,15.0,Low
555,5,2,6,6.0,54546.04,0.0,0.0,0.0,0.0,0.0,0,10.0,Low
556,2,1,2,2.0,32771.97,0.0,0.0,0.0,0.0,0.0,0,0.0,Low
557,2,1,2,2.0,26409.29,0.0,0.0,0.0,0.0,0.0,0,0.0,Low
558,12,3,14,13.0,168669.54,0.0,0.0,1.0,3743.54,7.6923076923076925,0,40.0,Medium
559,6,2,7,7.0,60623.83,1.0,14.285714285714285,0.0,0.0,0.0,0,10.0,Low
560,2,1,2,2.0,43053.770000000004,0.0,0.0,0.0,0.0,0.0,0,0.0,Low
561,5,1,5,5.0,56347.33,0.0,0.0,0.0,0.0,0.0,0,10.0,Low
562,3,1,3,3.0,55858.62,0.0,0.0,0.0,0.0,0.0,0,0.0,Low
563,3,1,3,3.0,34323.899999999994,1.0,33.33333333333333,0.0,0.0,0.0,0,10.0,Low
564,3,1,3,3.0,38329.32,0.0,0.0,0.0,0.0,0.0,0,0.0,Low
565,3,1,3,2.0,18099.97,0.0,0.0,1.0,6612.88,50.0,0,25.0,Medium
566,2,1,2,2.0,31369.89,0.0,0.0,0.0,0.0,0.0,0,0.0,Low
567,13,4,16,15.0,211584.36000000002,1.0,6.666666666666667,1.0,2662.81,6.666666666666667,0,40.0,Medium
568,2,1,2,1.0,15459.27,0.0,0.0,1.0,333.0,100.0,0,25.0,Medium
569,4,1,4,4.0,58643.55,0.0,0.0,0.0,0.0,0.0,0,0.0,Low
570,2,1,2,2.0,16530.05,1.0,50.0,0.0,0.0,0.0,0,10.0,Low
571,2,1,2,1.0,20981.0,0.0,0.0,1.0,10848.72,100.0,0,25.0,Medium
572,4,1,4,4.0,50897.81,0.0,0.0,0.0,0.0,0.0,0,0.0,Low
573,6,1,6,6.0,39254.26,0.0,0.0,0.0,0.0,0.0,0,10.0,Low
574,5,2,6,6.0,79079.52,0.0,0.0,0.0,0.0,0.0,0,10.0,Low
575,2,1,2,2.0,27965.739999999998,2.0,100.0,0.0,0.0,0.0,0,10.0,Low
576,4,1,4,3.0,45154.4,0.0,0.0,1.0,2673.31,33.33333333333333,0,25.0,Medium
577,2,1,2,2.0,14289.619999999999,1.0,50.0,0.0,0.0,0.0,0,10.0,Low
578,1,1,1,1.0,17861.02,0.0,0.0,0.0,0.0,0.0,0,0.0,Low
579,3,1,3,2.0,11488.14,0.0,0.0,1.0,822.8,50.0,0,25.0,Medium
580,2,1,2,2.0,13809.89,0.0,0.0,0.0,0.0,0.0,0,0.0,Low
581,1,1,1,1.0,2239.66,0.0,0.0,0.0,0.0,0.0,0,0.0,Low
582,4,1,4,4.0,29371.829999999998,1.0,25.0,0.0,0.0,0.0,0,10.0,Low
583,2,1,2,2.0,25380.719999999998,0.0,0.0,0.0,0.0,0.0,0,0.0,Low
584,10,2,11,10.0,156218.29,2.0,20.0,1.0,1336.12,10.0,0,45.0,Medium
585,1,1,1,1.0,17070.64,0.0,0.0,0.0,0.0,0.0,0,0.0,Low
586,7,2,8,8.0,104082.83,0.0,0.0,0.0,0.0,0.0,0,10.0,Low
587,2,1,2,2.0,20849.22,0.0,0.0,0.0,0.0,0.0,0,0.0,Low
588,2,1,2,2.0,13049.740000000002,1.0,50.0,0.0,0.0,0.0,0,10.0,Low
589,3,1,3,3.0,46327.39,1.0,33.33333333333333,0.0,0.0,0.0,0,10.0,Low
590,7,1,7,7.0,76061.5,0.0,0.0,0.0,0.0,0.0,0,10.0,Low
591,3,2,4,2.0,43334.35,0.0,0.0,2.0,9790.14,100.0,0,30.0,Medium
592,4,1,4,3.0,43037.97,0.0,0.0,1.0,6616.61,33.33333333333333,0,25.0,Medium
593,16,5,20,18.0,239535.03,1.0,5.555555555555555,2.0,3273.58,11.11111111111111,0,45.0,Medium
594,7,1,7,7.0,98969.25,0.0,0.0,0.0,0.0,0.0,0,10.0,Low
595,2,1,2,2.0,15358.97,0.0,0.0,0.0,0.0,0.0,0,0.0,Low
596,4,1,4,3.0,41275.96,0.0,0.0,1.0,791.9,33.33333333333333,0,25.0,Medium
597,4,1,4,4.0,38048.79,0.0,0.0,0.0,0.0,0.0,0,0.0,Low
598,2,1,2,1.0,4065.4,0.0,0.0,1.0,2786.42,100.0,0,25.0,Medium
599,2,1,2,2.0,27319.68,0.0,0.0,0.0,0.0,0.0,0,0.0,Low
600,5,3,7,7.0,51458.240000000005,0.0,0.0,0.0,0.0,0.0,0,15.0,Low
601,5,2,6,5.0,26297.3,0.0,0.0,1.0,1001.43,20.0,0,35.0,Medium
602,4,2,5,5.0,61881.310000000005,0.0,0.0,0.0,0.0,0.0,0,0.0,Low
603,6,3,8,7.0,107929.64,0.0,0.0,1.0,2956.42,14.285714285714285,0,40.0,Medium
604,4,2,5,5.0,65519.71,0.0,0.0,0.0,0.0,0.0,0,0.0,Low
605,2,1,2,1.0,2706.56,0.0,0.0,1.0,1317.94,100.0,0,25.0,Medium
606,5,3,7,4.0,40434.47,1.0,25.0,3.0,1778.77,75.0,0,60.0,High
607,7,2,8,6.0,47905.14,1.0,16.666666666666664,2.0,954.04,33.33333333333333,0,40.0,Medium
608,1,1,1,1.0,1946.18,0.0,0.0,0.0,0.0,0.0,0,0.0,Low
609,4,2,5,5.0,41068.42,0.0,0.0,0.0,0.0,0.0,0,0.0,Low
610,16,4,19,17.0,266580.77999999997,1.0,5.88235294117647,2.0,2659.8199999999997,11.76470588235294,0,45.0,Medium
611,3,1,3,3.0,28443.67,1.0,33.33333333333333,0.0,0.0,0.0,0,10.0,Low
612,2,1,2,2.0,20504.22,0.0,0.0,0.0,0.0,0.0,0,0.0,Low
613,9,3,11,10.0,146980.86000000002,0.0,0.0,1.0,3840.0,10.0,0,40.0,Medium
614,3,1,3,3.0,20868.26,0.0,0.0,0.0,0.0,0.0,0,0.0,Low
615,4,2,5,3.0,44774.18,0.0,0.0,2.0,2984.74,66.66666666666666,0,30.0,Medium
616,4,1,4,4.0,34158.94,1.0,25.0,0.0,0.0,0.0,0,10.0,Low
617,3,1,3,3.0,18283.89,0.0,0.0,0.0,0.0,0.0,0,0.0,Low
618,2,1,2,2.0,16109.85,0.0,0.0,0.0,0.0,0.0,0,0.0,Low
619,1,1,1,1.0,2488.46,0.0,0.0,0.0,0.0,0.0,0,0.0,Low
620,2,1,2,2.0,24053.920000000002,0.0,0.0,0.0,0.0,0.0,0,0.0,Low
621,1,2,2,1.0,22734.91,0.0,0.0,1.0,766.0,100.0,0,25.0,Medium
622,3,1,3,3.0,24199.59,2.0,66.66666666666666,0.0,0.0,0.0,0,10.0,Low
623,8,2,9,9.0,113225.54000000001,0.0,0.0,0.0,0.0,0.0,0,10.0,Low
624,1,1,1,1.0,12065.77,1.0,100.0,0.0,0.0,0.0,0,10.0,Low
625,1,1,1,1.0,18192.56,0.0,0.0,0.0,0.0,0.0,0,0.0,Low
626,1,1,1,1.0,8152.63,1.0,100.0,0.0,0.0,0.0,0,10.0,Low
627,12,6,17,14.0,196818.67,0.0,0.0,3.0,4511.79,21.428571428571427,0,50.0,High
628,16,5,20,18.0,204718.46,1.0,5.555555555555555,2.0,7190.66,11.11111111111111,0,45.0,Medium
629,3,1,3,3.0,31151.38,0.0,0.0,0.0,0.0,0.0,0,0.0,Low
630,3,1,3,3.0,36164.63,0.0,0.0,0.0,0.0,0.0,0,0.0,Low
631,7,2,8,8.0,77786.91,0.0,0.0,0.0,0.0,0.0,0,10.0,Low
632,2,1,2,1.0,23576.09,0.0,0.0,1.0,1232.87,100.0,0,25.0,Medium
633,2,1,2,2.0,17978.42,0.0,0.0,0.0,0.0,0.0,0,0.0,Low
634,3,1,3,2.0,22475.41,0.0,0.0,1.0,752.03,50.0,0,25.0,Medium
635,9,2,10,9.0,85324.79,1.0,11.11111111111111,1.0,1174.17,11.11111111111111,0,35.0,Medium
636,3,1,3,3.0,49850.28999999999,0.0,0.0,0.0,0.0,0.0,0,0.0,Low
637,2,1,2,1.0,23727.24,0.0,0.0,1.0,3265.07,100.0,0,25.0,Medium
638,3,1,3,3.0,46199.03,0.0,0.0,0.0,0.0,0.0,0,0.0,Low
639,7,3,9,9.0,119029.23,0.0,0.0,0.0,0.0,0.0,0,15.0,Low
640,4,1,4,4.0,65361.33,1.0,25.0,0.0,0.0,0.0,0,10.0,Low
641,10,2,11,11.0,131689.08,1.0,9.090909090909092,0.0,0.0,0.0,0,10.0,Low
642,9,2,10,10.0,128419.92,3.0,30.0,0.0,0.0,0.0,0,20.0,Low
643,5,2,6,5.0,82474.7,0.0,0.0,1.0,678.63,20.0,0,35.0,Medium
644,9,3,11,8.0,80045.85,1.0,12.5,3.0,7139.68,37.5,0,50.0,High
645,2,1,2,2.0,47344.14,0.0,0.0,0.0,0.0,0.0,0,0.0,Low
646,8,2,9,9.0,84646.89,0.0,0.0,0.0,0.0,0.0,0,10.0,Low
647,4,1,4,4.0,75933.03,1.0,25.0,0.0,0.0,0.0,0,10.0,Low
648,3,1,3,3.0,49383.56,0.0,0.0,0.0,0.0,0.0,0,0.0,Low
649,2,1,2,2.0,24611.25,0.0,0.0,0.0,0.0,0.0,0,0.0,Low
650,1,1,1,1.0,14303.85,0.0,0.0,0.0,0.0,0.0,0,0.0,Low
651,3,1,3,3.0,14671.720000000001,0.0,0.0,0.0,0.0,0.0,0,0.0,Low
652,2,1,2,2.0,34310.13,0.0,0.0,0.0,0.0,0.0,0,0.0,Low
653,52,22,73,68.0,869543.5,15.0,22.058823529411764,5.0,9403.03,7.352941176470589,0,70.0,Critical
654,4,1,4,4.0,68632.19,0.0,0.0,0.0,0.0,0.0,0,0.0,Low
655,13,3,15,15.0,185747.49,3.0,20.0,0.0,0.0,0.0,0,25.0,Medium
656,6,2,7,7.0,49381.14,1.0,14.285714285714285,0.0,0.0,0.0,0,10.0,Low
657,8,3,10,10.0,115577.42,1.0,10.0,0.0,0.0,0.0,0,15.0,Low
658,2,1,2,1.0,14575.91,0.0,0.0,1.0,5482.08,100.0,0,25.0,Medium
659,2,1,2,2.0,12067.83,1.0,50.0,0.0,0.0,0.0,0,10.0,Low
660,4,1,4,3.0,38710.71,0.0,0.0,1.0,3014.44,33.33333333333333,0,25.0,Medium
661,4,2,5,5.0,63385.51,1.0,20.0,0.0,0.0,0.0,0,10.0,Low
662,5,2,6,6.0,59397.24,0.0,0.0,0.0,0.0,0.0,0,10.0,Low
663,4,1,4,4.0,25495.94,0.0,0.0,0.0,0.0,0.0,0,0.0,Low
664,7,3,9,7.0,88041.27,1.0,14.285714285714285,2.0,3906.9500000000003,28.57142857142857,0,45.0,Medium
665,5,1,5,4.0,36513.36,0.0,0.0,1.0,8500.66,25.0,0,35.0,Medium
666,2,1,2,2.0,35475.17,0.0,0.0,0.0,0.0,0.0,0,0.0,Low
667,4,1,4,4.0,44016.3,0.0,0.0,0.0,0.0,0.0,0,0.0,Low
668,15,7,21,19.0,250184.27,2.0,10.526315789473683,2.0,2854.86,10.526315789473683,0,45.0,Medium
669,3,1,3,2.0,15310.7,0.0,0.0,1.0,4846.0,50.0,0,25.0,Medium
670,9,3,11,10.0,134488.07,1.0,10.0,1.0,2105.51,10.0,0,40.0,Medium
671,6,1,6,6.0,58942.31,1.0,16.666666666666664,0.0,0.0,0.0,0,10.0,Low
672,7,2,8,8.0,96610.05,2.0,25.0,0.0,0.0,0.0,0,20.0,Low
673,1,1,1,1.0,13083.67,1.0,100.0,0.0,0.0,0.0,0,10.0,Low
674,4,1,4,4.0,60092.34,0.0,0.0,0.0,0.0,0.0,0,0.0,Low
675,1,1,1,1.0,16621.83,0.0,0.0,0.0,0.0,0.0,0,0.0,Low
676,5,1,5,5.0,98533.42,1.0,20.0,0.0,0.0,0.0,0,20.0,Low
677,7,1,7,7.0,121982.15,0.0,0.0,0.0,0.0,0.0,0,10.0,Low
678,4,1,4,3.0,43501.880000000005,0.0,0.0,1.0,4126.61,33.33333333333333,0,25.0,Medium
679,3,1,3,3.0,27469.77,0.0,0.0,0.0,0.0,0.0,0,0.0,Low
680,9,2,10,9.0,96039.38,0.0,0.0,1.0,7271.24,11.11111111111111,0,35.0,Medium
681,2,1,2,2.0,34973.23,0.0,0.0,0.0,0.0,0.0,0,0.0,Low
682,4,1,4,2.0,26206.1,0.0,0.0,2.0,20286.93,100.0,0,30.0,Medium
683,3,1,3,2.0,28591.53,0.0,0.0,1.0,169.35,50.0,0,25.0,Medium
684,3,1,3,3.0,26505.97,1.0,33.33333333333333,0.0,0.0,0.0,0,10.0,Low
685,1,1,1,1.0,4684.22,0.0,0.0,0.0,0.0,0.0,0,0.0,Low
686,1,1,1,1.0,23268.47,0.0,0.0,0.0,0.0,0.0,0,0.0,Low
687,5,1,5,3.0,29706.760000000002,0.0,0.0,2.0,1582.6,66.66666666666666,0,40.0,Medium
688,2,1,2,2.0,30017.28,0.0,0.0,0.0,0.0,0.0,0,0.0,Low
689,6,1,6,5.0,80599.72,1.0,20.0,1.0,3428.7,20.0,0,45.0,Medium
690,2,1,2,2.0,18465.55,0.0,0.0,0.0,0.0,0.0,0,0.0,Low
691,3,1,3,3.0,39778.78,0.0,0.0,0.0,0.0,0.0,0,0.0,Low
692,4,1,4,4.0,71179.31,0.0,0.0,0.0,0.0,0.0,0,0.0,Low
693,9,4,12,11.0,115137.87,0.0,0.0,1.0,1935.98,9.090909090909092,0,40.0,Medium
694,1,1,1,1.0,10549.0,0.0,0.0,0.0,0.0,0.0,0,0.0,Low
695,4,1,4,4.0,14300.34,0.0,0.0,0.0,0.0,0.0,0,0.0,Low
696,1,1,1,0.0,0.0,0.0,0.0,1.0,4466.44,0.0,0,5.0,Low
697,2,1,2,2.0,23786.1,0.0,0.0,0.0,0.0,0.0,0,0.0,Low
698,2,1,2,2.0,33037.16,0.0,0.0,0.0,0.0,0.0,0,0.0,Low
699,8,3,10,10.0,114181.65,2.0,20.0,0.0,0.0,0.0,0,25.0,Medium
700,2,1,2,2.0,37174.89,0.0,0.0,0.0,0.0,0.0,0,0.0,Low
701,4,1,4,4.0,55111.15,1.0,25.0,0.0,0.0,0.0,0,10.0,Low
702,5,1,5,5.0,58094.31,0.0,0.0,0.0,0.0,0.0,0,10.0,Low
703,3,1,3,3.0,15784.76,0.0,0.0,0.0,0.0,0.0,0,0.0,Low
704,7,2,8,8.0,118279.58,0.0,0.0,0.0,0.0,0.0,0,10.0,Low
705,16,7,22,17.0,247049.07,1.0,5.88235294117647,5.0,8768.34,29.411764705882355,0,60.0,High
706,4,2,5,4.0,45921.3,0.0,0.0,1.0,879.0,25.0,0,25.0,Medium
707,5,2,6,5.0,66771.76000000001,0.0,0.0,1.0,26842.07,20.0,1,50.0,High
708,2,1,2,2.0,26779.49,0.0,0.0,0.0,0.0,0.0,0,0.0,Low
709,3,1,3,3.0,42426.92,0.0,0.0,0.0,0.0,0.0,0,0.0,Low
710,1,1,1,1.0,4696.33,0.0,0.0,0.0,0.0,0.0,0,0.0,Low
711,3,1,3,3.0,25392.18,0.0,0.0,0.0,0.0,0.0,0,0.0,Low
712,5,1,5,5.0,56126.6,0.0,0.0,0.0,0.0,0.0,0,10.0,Low
713,2,1,2,2.0,25574.469999999998,1.0,50.0,0.0,0.0,0.0,0,10.0,Low
714,13,4,16,14.0,168158.44,0.0,0.0,2.0,5976.69,14.285714285714285,0,45.0,Medium
715,3,1,3,3.0,37410.09,0.0,0.0,0.0,0.0,0.0,0,0.0,Low
716,6,1,6,3.0,44597.75,1.0,33.33333333333333,3.0,13938.029999999999,100.0,0,55.0,High
717,8,1,8,8.0,106396.54000000001,0.0,0.0,0.0,0.0,0.0,0,10.0,Low
718,15,6,20,20.0,252179.95,4.0,20.0,0.0,0.0,0.0,0,25.0,Medium
719,4,1,4,4.0,51549.54,1.0,25.0,0.0,0.0,0.0,0,10.0,Low
720,3,1,3,3.0,37475.409999999996,0.0,0.0,0.0,0.0,0.0,0,0.0,Low
721,3,1,3,3.0,31650.24,0.0,0.0,0.0,0.0,0.0,0,0.0,Low
722,2,1,2,2.0,24270.87,0.0,0.0,0.0,0.0,0.0,0,0.0,Low
723,1,1,1,1.0,10275.32,0.0,0.0,0.0,0.0,0.0,0,0.0,Low
724,3,1,3,3.0,47725.380000000005,1.0,33.33333333333333,0.0,0.0,0.0,0,10.0,Low
725,6,3,8,7.0,102994.51,0.0,0.0,1.0,4940.23,14.285714285714285,0,40.0,Medium
726,2,1,2,2.0,18298.57,0.0,0.0,0.0,0.0,0.0,0,0.0,Low
727,2,1,2,2.0,20470.739999999998,0.0,0.0,0.0,0.0,0.0,0,0.0,Low
728,3,1,3,3.0,42545.83,0.0,0.0,0.0,0.0,0.0,0,0.0,Low
729,6,3,8,7.0,98133.08,0.0,0.0,1.0,449.0,14.285714285714285,0,40.0,Medium
730,6,2,7,7.0,123846.38,1.0,14.285714285714285,0.0,0.0,0.0,0,10.0,Low
731,2,1,2,2.0,30739.93,0.0,0.0,0.0,0.0,0.0,0,0.0,Low
732,6,2,7,7.0,91960.81,1.0,14.285714285714285,0.0,0.0,0.0,0,10.0,Low
733,3,1,3,3.0,10685.25,0.0,0.0,0.0,0.0,0.0,0,0.0,Low
734,2,1,2,2.0,45071.59,1.0,50.0,0.0,0.0,0.0,0,10.0,Low
735,6,3,8,7.0,86278.06,1.0,14.285714285714285,1.0,3895.0,14.285714285714285,0,40.0,Medium
736,18,6,23,21.0,284935.39,3.0,14.285714285714285,2.0,929.69,9.523809523809524,0,45.0,Medium
737,3,1,3,3.0,38642.37,0.0,0.0,0.0,0.0,0.0,0,0.0,Low
738,8,1,8,8.0,92213.71,0.0,0.0,0.0,0.0,0.0,0,10.0,Low
739,3,1,3,3.0,20195.170000000002,0.0,0.0,0.0,0.0,0.0,0,0.0,Low
740,3,1,3,3.0,32408.83,0.0,0.0,0.0,0.0,0.0,0,0.0,Low
741,4,1,4,4.0,35886.439999999995,2.0,50.0,0.0,0.0,0.0,0,10.0,Low
742,15,5,19,15.0,155972.31,0.0,0.0,4.0,10196.4,26.666666666666668,0,55.0,High
743,2,2,3,2.0,29728.059999999998,1.0,50.0,1.0,4252.24,50.0,0,35.0,Medium
744,10,3,12,9.0,107738.21,1.0,11.11111111111111,3.0,9348.14,33.33333333333333,0,50.0,High
745,4,1,4,4.0,39033.75,1.0,25.0,0.0,0.0,0.0,0,10.0,Low
746,3,1,3,3.0,38379.86,0.0,0.0,0.0,0.0,0.0,0,0.0,Low
747,2,1,2,2.0,29215.129999999997,0.0,0.0,0.0,0.0,0.0,0,0.0,Low
748,4,2,5,5.0,46191.9,0.0,0.0,0.0,0.0,0.0,0,0.0,Low
749,2,1,2,2.0,24748.730000000003,0.0,0.0,0.0,0.0,0.0,0,0.0,Low
750,2,1,2,2.0,19094.03,0.0,0.0,0.0,0.0,0.0,0,0.0,Low
751,5,1,5,4.0,65819.79,0.0,0.0,1.0,1823.47,25.0,0,35.0,Medium
752,3,1,3,3.0,32587.190000000002,0.0,0.0,0.0,0.0,0.0,0,0.0,Low
753,4,1,4,3.0,24427.15,1.0,33.33333333333333,1.0,2000.05,33.33333333333333,0,35.0,Medium
754,2,1,2,2.0,9832.19,0.0,0.0,0.0,0.0,0.0,0,0.0,Low
755,5,1,5,5.0,61456.27,0.0,0.0,0.0,0.0,0.0,0,10.0,Low
756,6,1,6,6.0,96319.87,1.0,16.666666666666664,0.0,0.0,0.0,0,10.0,Low
757,2,1,2,2.0,22379.58,0.0,0.0,0.0,0.0,0.0,0,0.0,Low
758,5,1,5,4.0,65360.05,1.0,25.0,1.0,3711.97,25.0,0,45.0,Medium
759,2,1,2,2.0,23476.95,0.0,0.0,0.0,0.0,0.0,0,0.0,Low
760,2,1,2,2.0,3424.3999999999996,1.0,50.0,0.0,0.0,0.0,0,10.0,Low
761,3,2,4,4.0,47599.72,1.0,25.0,0.0,0.0,0.0,0,10.0,Low
762,8,2,9,9.0,124297.34,2.0,22.22222222222222,0.0,0.0,0.0,0,20.0,Low
763,6,2,7,5.0,61478.5,0.0,0.0,2.0,0.0,40.0,0,40.0,Medium
764,2,1,2,2.0,10989.14,1.0,50.0,0.0,0.0,0.0,0,10.0,Low
765,3,1,3,3.0,30705.45,0.0,0.0,0.0,0.0,0.0,0,0.0,Low
766,5,2,6,6.0,68978.3,1.0,16.666666666666664,0.0,0.0,0.0,0,10.0,Low
767,2,1,2,2.0,34608.0,0.0,0.0,0.0,0.0,0.0,0,0.0,Low
768,11,2,12,12.0,154346.22,0.0,0.0,0.0,0.0,0.0,0,10.0,Low
769,23,7,29,25.0,353371.21,2.0,8.0,4.0,6514.64,16.0,0,55.0,High
770,2,1,2,2.0,15846.64,1.0,50.0,0.0,0.0,0.0,0,10.0,Low
771,6,2,7,7.0,135533.23,0.0,0.0,0.0,0.0,0.0,0,10.0,Low
772,3,1,3,2.0,22878.809999999998,0.0,0.0,1.0,1093.6,50.0,0,25.0,Medium
773,12,3,14,13.0,206707.09,2.0,15.384615384615385,1.0,0.0,7.6923076923076925,0,40.0,Medium
774,4,2,5,4.0,36155.1,1.0,25.0,1.0,7838.0,25.0,0,35.0,Medium
775,9,3,11,10.0,137324.33,1.0,10.0,1.0,535.96,10.0,0,40.0,Medium
776,5,2,6,5.0,67284.36,1.0,20.0,1.0,3377.0,20.0,0,45.0,Medium
777,2,1,2,2.0,26485.699999999997,0.0,0.0,0.0,0.0,0.0,0,0.0,Low
778,5,1,5,4.0,28585.5,0.0,0.0,1.0,640.77,25.0,0,35.0,Medium
779,20,9,28,25.0,297183.91,4.0,16.0,3.0,8159.08,12.0,0,50.0,High
780,2,1,2,1.0,15649.91,0.0,0.0,1.0,3481.55,100.0,0,25.0,Medium
781,1,1,1,1.0,2171.25,0.0,0.0,0.0,0.0,0.0,0,0.0,Low
782,2,1,2,2.0,13909.48,0.0,0.0,0.0,0.0,0.0,0,0.0,Low
783,3,1,3,3.0,46497.479999999996,0.0,0.0,0.0,0.0,0.0,0,0.0,Low
784,3,1,3,3.0,38354.13,1.0,33.33333333333333,0.0,0.0,0.0,0,10.0,Low
785,10,5,14,14.0,161190.28,1.0,7.142857142857142,0.0,0.0,0.0,0,15.0,Low
786,2,1,2,2.0,31648.839999999997,0.0,0.0,0.0,0.0,0.0,0,0.0,Low
787,2,1,2,1.0,18530.26,0.0,0.0,1.0,1035.0,100.0,0,25.0,Medium
788,3,1,3,2.0,42132.53999999999,0.0,0.0,1.0,1114.59,50.0,0,25.0,Medium
789,3,1,3,3.0,41924.770000000004,0.0,0.0,0.0,0.0,0.0,0,0.0,Low
790,3,2,4,4.0,40815.08,1.0,25.0,0.0,0.0,0.0,0,10.0,Low
791,6,2,7,7.0,117173.44,0.0,0.0,0.0,0.0,0.0,0,10.0,Low
792,7,2,8,8.0,117752.98,3.0,37.5,0.0,0.0,0.0,0,20.0,Low
793,1,1,1,1.0,8119.42,1.0,100.0,0.0,0.0,0.0,0,10.0,Low
794,4,2,5,5.0,62571.67,0.0,0.0,0.0,0.0,0.0,0,0.0,Low
795,4,2,5,5.0,50467.43,0.0,0.0,0.0,0.0,0.0,0,0.0,Low
796,8,3,10,9.0,141855.30000000002,1.0,11.11111111111111,1.0,3654.65,11.11111111111111,0,40.0,Medium
797,4,1,4,3.0,36522.439999999995,0.0,0.0,1.0,2588.02,33.33333333333333,0,25.0,Medium
798,3,1,3,3.0,43630.05,0.0,0.0,0.0,0.0,0.0,0,0.0,Low
799,3,1,3,3.0,52049.0,1.0,33.33333333333333,0.0,0.0,0.0,0,10.0,Low
800,3,1,3,3.0,50436.35,2.0,66.66666666666666,0.0,0.0,0.0,0,10.0,Low
801,8,4,11,9.0,151168.22,0.0,0.0,2.0,4669.6900000000005,22.22222222222222,0,45.0,Medium
802,3,1,3,3.0,38953.31,0.0,0.0,0.0,0.0,0.0,0,0.0,Low
803,3,1,3,3.0,27838.719999999998,0.0,0.0,0.0,0.0,0.0,0,0.0,Low
804,1,1,1,1.0,19519.25,0.0,0.0,0.0,0.0,0.0,0,0.0,Low
805,6,2,7,6.0,46753.57,0.0,0.0,1.0,5796.41,16.666666666666664,0,35.0,Medium
806,3,2,4,3.0,26565.46,0.0,0.0,1.0,222.95,33.33333333333333,0,25.0,Medium
807,5,1,5,5.0,65688.18,0.0,0.0,0.0,0.0,0.0,0,10.0,Low
808,4,3,6,5.0,61079.22,0.0,0.0,1.0,1582.19,20.0,0,30.0,Medium
809,4,1,4,4.0,42577.08,0.0,0.0,0.0,0.0,0.0,0,0.0,Low
810,4,2,5,5.0,68751.18,0.0,0.0,0.0,0.0,0.0,0,0.0,Low
811,2,1,2,2.0,16251.42,0.0,0.0,0.0,0.0,0.0,0,0.0,Low
812,2,1,2,2.0,6586.57,0.0,0.0,0.0,0.0,0.0,0,0.0,Low
813,2,1,2,2.0,39758.51,0.0,0.0,0.0,0.0,0.0,0,0.0,Low
814,2,1,2,2.0,19999.79,0.0,0.0,0.0,0.0,0.0,0,0.0,Low
815,9,4,12,12.0,174440.17,0.0,0.0,0.0,0.0,0.0,0,15.0,Low
816,1,1,1,1.0,16.02,0.0,0.0,0.0,0.0,0.0,0,0.0,Low
817,4,1,4,4.0,57428.82,0.0,0.0,0.0,0.0,0.0,0,0.0,Low
818,3,1,3,3.0,43555.69,0.0,0.0,0.0,0.0,0.0,0,0.0,Low
819,2,1,2,2.0,33662.7,0.0,0.0,0.0,0.0,0.0,0,0.0,Low
820,3,1,3,3.0,55684.149999999994,0.0,0.0,0.0,0.0,0.0,0,0.0,Low
821,4,2,5,4.0,53223.54,0.0,0.0,1.0,1679.19,25.0,0,25.0,Medium
822,2,1,2,2.0,17014.5,1.0,50.0,0.0,0.0,0.0,0,10.0,Low
823,3,1,3,3.0,36854.39,0.0,0.0,0.0,0.0,0.0,0,0.0,Low
824,2,1,2,2.0,29370.59,0.0,0.0,0.0,0.0,0.0,0,0.0,Low
825,7,4,10,9.0,94951.98,2.0,22.22222222222222,1.0,638.04,11.11111111111111,0,50.0,High
826,3,1,3,3.0,17548.51,0.0,0.0,0.0,0.0,0.0,0,0.0,Low
827,2,1,2,2.0,34924.84,0.0,0.0,0.0,0.0,0.0,0,0.0,Low
828,1,1,1,1.0,18279.59,0.0,0.0,0.0,0.0,0.0,0,0.0,Low
829,36,9,44,20.0,300770.87,3.0,15.0,24.0,35309.88,120.0,0,95.0,Critical
830,3,1,3,3.0,54389.14,0.0,0.0,0.0,0.0,0.0,0,0.0,Low
831,5,2,6,6.0,78093.02,0.0,0.0,0.0,0.0,0.0,0,10.0,Low
832,8,2,9,9.0,124376.08,3.0,33.33333333333333,0.0,0.0,0.0,0,20.0,Low
833,3,1,3,3.0,30567.69,0.0,0.0,0.0,0.0,0.0,0,0.0,Low
834,2,1,2,2.0,21154.9,0.0,0.0,0.0,0.0,0.0,0,0.0,Low
835,3,1,3,3.0,41023.39,0.0,0.0,0.0,0.0,0.0,0,0.0,Low
836,1,1,1,1.0,13712.82,1.0,100.0,0.0,0.0,0.0,0,10.0,Low
837,1,1,1,1.0,6512.68,0.0,0.0,0.0,0.0,0.0,0,0.0,Low
838,24,6,29,25.0,357056.32,1.0,4.0,4.0,7822.36,16.0,0,55.0,High
839,3,1,3,3.0,36860.56,0.0,0.0,0.0,0.0,0.0,0,0.0,Low
840,2,1,2,2.0,23544.710000000003,0.0,0.0,0.0,0.0,0.0,0,0.0,Low
841,4,2,5,5.0,31809.05,0.0,0.0,0.0,0.0,0.0,0,0.0,Low
842,4,1,4,4.0,41897.12,0.0,0.0,0.0,0.0,0.0,0,0.0,Low
843,1,1,1,1.0,19991.47,0.0,0.0,0.0,0.0,0.0,0,0.0,Low
844,2,1,2,2.0,20438.010000000002,0.0,0.0,0.0,0.0,0.0,0,0.0,Low
845,10,3,12,11.0,134818.37,2.0,18.181818181818183,1.0,2108.9,9.090909090909092,0,40.0,Medium
846,4,2,5,5.0,75026.63,0.0,0.0,0.0,0.0,0.0,0,0.0,Low
847,3,1,3,3.0,39340.33,0.0,0.0,0.0,0.0,0.0,0,0.0,Low
848,1,1,1,1.0,293.73,0.0,0.0,0.0,0.0,0.0,0,0.0,Low
849,4,2,5,5.0,62097.65,1.0,20.0,0.0,0.0,0.0,0,10.0,Low
850,20,6,25,24.0,256794.89,3.0,12.5,1.0,1508.23,4.166666666666666,0,20.0,Low
851,4,1,4,4.0,65887.25,0.0,0.0,0.0,0.0,0.0,0,0.0,Low
852,2,1,2,2.0,16745.010000000002,1.0,50.0,0.0,0.0,0.0,0,10.0,Low
853,1,1,1,1.0,21317.03,0.0,0.0,0.0,0.0,0.0,0,0.0,Low
854,5,1,5,4.0,54256.42,0.0,0.0,1.0,1305.45,25.0,0,35.0,Medium
855,28,11,38,35.0,431451.32,4.0,11.428571428571429,3.0,11267.99,8.571428571428571,0,50.0,High
856,2,1,2,2.0,16373.39,0.0,0.0,0.0,0.0,0.0,0,0.0,Low
857,7,3,9,7.0,90702.93000000001,1.0,14.285714285714285,2.0,2794.65,28.57142857142857,0,45.0,Medium
858,4,3,6,5.0,40831.65,0.0,0.0,1.0,865.19,20.0,0,30.0,Medium
859,1,1,1,1.0,13727.98,0.0,0.0,0.0,0.0,0.0,0,0.0,Low
860,2,1,2,2.0,5569.3099999999995,0.0,0.0,0.0,0.0,0.0,0,0.0,Low
861,8,2,9,7.0,82000.94,0.0,0.0,2.0,9573.31,28.57142857142857,0,40.0,Medium
862,12,3,14,12.0,157642.34,1.0,8.333333333333332,2.0,5973.0,16.666666666666664,0,45.0,Medium
863,8,3,10,10.0,105616.81,0.0,0.0,0.0,0.0,0.0,0,15.0,Low
864,3,2,4,4.0,46948.270000000004,1.0,25.0,0.0,0.0,0.0,0,10.0,Low
865,3,1,3,3.0,33691.97,0.0,0.0,0.0,0.0,0.0,0,0.0,Low
866,2,1,2,2.0,11375.33,0.0,0.0,0.0,0.0,0.0,0,0.0,Low
867,4,2,5,5.0,31424.27,0.0,0.0,0.0,0.0,0.0,0,0.0,Low
868,2,1,2,1.0,15768.91,0.0,0.0,1.0,1759.97,100.0,0,25.0,Medium
869,2,1,2,2.0,11690.18,0.0,0.0,0.0,0.0,0.0,0,0.0,Low
870,4,1,4,4.0,51562.06,1.0,25.0,0.0,0.0,0.0,0,10.0,Low
871,5,1,5,5.0,58132.88,0.0,0.0,0.0,0.0,0.0,0,10.0,Low
872,3,1,3,3.0,39847.990000000005,1.0,33.33333333333333,0.0,0.0,0.0,0,10.0,Low
873,4,1,4,4.0,25451.85,0.0,0.0,0.0,0.0,0.0,0,0.0,Low
874,6,2,7,7.0,48569.71,0.0,0.0,0.0,0.0,0.0,0,10.0,Low
875,4,1,4,4.0,48318.479999999996,0.0,0.0,0.0,0.0,0.0,0,0.0,Low
876,2,1,2,2.0,36909.35,0.0,0.0,0.0,0.0,0.0,0,0.0,Low
877,2,1,2,2.0,31332.94,1.0,50.0,0.0,0.0,0.0,0,10.0,Low
878,4,1,4,4.0,65104.99,0.0,0.0,0.0,0.0,0.0,0,0.0,Low
879,3,1,3,3.0,33123.479999999996,0.0,0.0,0.0,0.0,0.0,0,0.0,Low
880,4,1,4,4.0,37929.1,1.0,25.0,0.0,0.0,0.0,0,10.0,Low
881,2,1,2,1.0,4539.38,0.0,0.0,1.0,194.24,100.0,0,25.0,Medium
882,9,3,11,11.0,133119.68,1.0,9.090909090909092,0.0,0.0,0.0,0,15.0,Low
883,9,3,11,11.0,163373.77,2.0,18.181818181818183,0.0,0.0,0.0,0,15.0,Low
884,3,1,3,3.0,27103.870000000003,0.0,0.0,0.0,0.0,0.0,0,0.0,Low
885,3,1,3,3.0,26094.640000000003,1.0,33.33333333333333,0.0,0.0,0.0,0,10.0,Low
886,1,1,1,1.0,23990.21,0.0,0.0,0.0,0.0,0.0,0,0.0,Low
887,5,2,6,5.0,100525.88,0.0,0.0,1.0,3229.57,20.0,0,35.0,Medium
888,4,1,4,4.0,37051.3,0.0,0.0,0.0,0.0,0.0,0,0.0,Low
889,9,4,12,12.0,177444.24,1.0,8.333333333333332,0.0,0.0,0.0,0,15.0,Low
890,5,1,5,4.0,60931.53,0.0,0.0,1.0,6597.26,25.0,0,35.0,Medium
891,1,1,1,1.0,17851.81,0.0,0.0,0.0,0.0,0.0,0,0.0,Low
892,4,1,4,4.0,43591.45,0.0,0.0,0.0,0.0,0.0,0,0.0,Low
893,2,1,2,2.0,30080.23,0.0,0.0,0.0,0.0,0.0,0,0.0,Low
894,1,1,1,1.0,16086.67,0.0,0.0,0.0,0.0,0.0,0,0.0,Low
895,4,1,4,3.0,21532.51,0.0,0.0,1.0,6779.18,33.33333333333333,0,25.0,Medium
896,2,1,2,2.0,9448.82,0.0,0.0,0.0,0.0,0.0,0,0.0,Low
897,1,1,1,1.0,9228.37,0.0,0.0,0.0,0.0,0.0,0,0.0,Low
898,2,1,2,2.0,28230.97,0.0,0.0,0.0,0.0,0.0,0,0.0,Low
899,15,4,18,16.0,187068.57,0.0,0.0,2.0,2560.88,12.5,0,45.0,Medium
900,1,1,1,1.0,3718.15,0.0,0.0,0.0,0.0,0.0,0,0.0,Low
901,1,1,1,1.0,8241.16,0.0,0.0,0.0,0.0,0.0,0,0.0,Low
902,8,3,10,8.0,131724.5,0.0,0.0,2.0,1708.18,25.0,0,45.0,Medium
903,4,1,4,4.0,40381.62,0.0,0.0,0.0,0.0,0.0,0,0.0,Low
904,2,1,2,2.0,46859.490000000005,0.0,0.0,0.0,0.0,0.0,0,0.0,Low
905,2,1,2,2.0,17745.52,0.0,0.0,0.0,0.0,0.0,0,0.0,Low
906,7,1,7,7.0,91459.25,1.0,14.285714285714285,0.0,0.0,0.0,0,10.0,Low
907,1,1,1,1.0,6640.45,0.0,0.0,0.0,0.0,0.0,0,0.0,Low
908,3,1,3,3.0,37622.619999999995,0.0,0.0,0.0,0.0,0.0,0,0.0,Low
909,4,2,5,3.0,32649.79,1.0,33.33333333333333,2.0,3854.52,66.66666666666666,0,40.0,Medium
910,4,3,6,5.0,56959.03,1.0,20.0,1.0,18567.74,20.0,0,40.0,Medium
911,3,1,3,3.0,24942.510000000002,1.0,33.33333333333333,0.0,0.0,0.0,0,10.0,Low
912,1,1,1,1.0,8367.72,0.0,0.0,0.0,0.0,0.0,0,0.0,Low
913,1,1,1,1.0,23872.08,0.0,0.0,0.0,0.0,0.0,0,0.0,Low
914,9,3,11,11.0,185330.62,2.0,18.181818181818183,0.0,0.0,0.0,0,15.0,Low
915,2,1,2,2.0,46899.91,0.0,0.0,0.0,0.0,0.0,0,0.0,Low
916,3,1,3,3.0,39893.46,0.0,0.0,0.0,0.0,0.0,0,0.0,Low
917,3,1,3,3.0,51107.590000000004,0.0,0.0,0.0,0.0,0.0,0,0.0,Low
918,4,1,4,4.0,23133.09,1.0,25.0,0.0,0.0,0.0,0,10.0,Low
919,2,1,2,2.0,26782.38,0.0,0.0,0.0,0.0,0.0,0,0.0,Low
920,8,3,10,9.0,74758.5,2.0,22.22222222222222,1.0,3762.83,11.11111111111111,0,50.0,High
921,2,1,2,2.0,14360.98,1.0,50.0,0.0,0.0,0.0,0,10.0,Low
922,4,1,4,4.0,53410.96,1.0,25.0,0.0,0.0,0.0,0,10.0,Low
923,9,2,10,10.0,128403.74,0.0,0.0,0.0,0.0,0.0,0,10.0,Low
924,4,1,4,4.0,40019.77,0.0,0.0,0.0,0.0,0.0,0,0.0,Low
925,2,1,2,2.0,28445.72,0.0,0.0,0.0,0.0,0.0,0,0.0,Low
926,8,5,12,11.0,113026.17,1.0,9.090909090909092,1.0,0.0,9.090909090909092,0,40.0,Medium
927,3,1,3,3.0,43501.76,1.0,33.33333333333333,0.0,0.0,0.0,0,10.0,Low
928,5,1,5,5.0,56381.0,1.0,20.0,0.0,0.0,0.0,0,20.0,Low
929,4,2,5,5.0,45223.810000000005,0.0,0.0,0.0,0.0,0.0,0,0.0,Low
930,5,2,6,5.0,62388.06,0.0,0.0,1.0,996.46,20.0,0,35.0,Medium
931,4,1,4,3.0,40250.24,0.0,0.0,1.0,186.51,33.33333333333333,0,25.0,Medium
932,3,2,4,4.0,29213.8,0.0,0.0,0.0,0.0,0.0,0,0.0,Low
933,2,1,2,2.0,31549.940000000002,1.0,50.0,0.0,0.0,0.0,0,10.0,Low
934,2,1,2,2.0,28911.6,0.0,0.0,0.0,0.0,0.0,0,0.0,Low
935,3,2,4,3.0,33056.659999999996,0.0,0.0,1.0,587.08,33.33333333333333,0,25.0,Medium
936,14,4,17,16.0,146200.73,2.0,12.5,1.0,5341.0,6.25,0,40.0,Medium
937,5,2,6,5.0,85516.44,0.0,0.0,1.0,221.0,20.0,0,35.0,Medium
938,3,1,3,2.0,11124.55,0.0,0.0,1.0,652.86,50.0,0,25.0,Medium
939,4,1,4,4.0,43481.79,0.0,0.0,0.0,0.0,0.0,0,0.0,Low
940,3,1,3,2.0,28738.760000000002,0.0,0.0,1.0,0.0,50.0,0,25.0,Medium
941,5,2,6,6.0,100684.13,2.0,33.33333333333333,0.0,0.0,0.0,0,20.0,Low
942,3,1,3,3.0,52245.05,0.0,0.0,0.0,0.0,0.0,0,0.0,Low
943,2,2,3,3.0,14958.67,1.0,33.33333333333333,0.0,0.0,0.0,0,10.0,Low
944,10,2,11,10.0,95926.03,0.0,0.0,1.0,4974.0,10.0,0,35.0,Medium
945,4,1,4,3.0,15087.71,0.0,0.0,1.0,1424.0,33.33333333333333,0,25.0,Medium
946,6,1,6,6.0,64286.310000000005,0.0,0.0,0.0,0.0,0.0,0,10.0,Low
947,2,1,2,2.0,25621.449999999997,0.0,0.0,0.0,0.0,0.0,0,0.0,Low
948,3,1,3,3.0,43896.85,0.0,0.0,0.0,0.0,0.0,0,0.0,Low
949,7,2,8,7.0,104580.97,2.0,28.57142857142857,1.0,4479.85,14.285714285714285,0,45.0,Medium
950,2,1,2,2.0,33054.17,0.0,0.0,0.0,0.0,0.0,0,0.0,Low
951,2,1,2,2.0,20189.25,1.0,50.0,0.0,0.0,0.0,0,10.0,Low
952,4,2,5,4.0,51959.77,1.0,25.0,1.0,3677.06,25.0,0,35.0,Medium
953,3,1,3,3.0,25311.1,0.0,0.0,0.0,0.0,0.0,0,0.0,Low
954,3,1,3,3.0,59739.4,0.0,0.0,0.0,0.0,0.0,0,0.0,Low
955,1,1,1,1.0,14927.82,0.0,0.0,0.0,0.0,0.0,0,0.0,Low
956,3,1,3,3.0,44604.15,1.0,33.33333333333333,0.0,0.0,0.0,0,10.0,Low
957,1,1,1,1.0,3903.0,0.0,0.0,0.0,0.0,0.0,0,0.0,Low
958,2,1,2,1.0,18458.09,0.0,0.0,1.0,1163.64,100.0,0,25.0,Medium
959,6,1,6,6.0,75854.89,0.0,0.0,0.0,0.0,0.0,0,10.0,Low
960,2,1,2,2.0,13832.39,0.0,0.0,0.0,0.0,0.0,0,0.0,Low
961,8,2,9,9.0,58747.58,1.0,11.11111111111111,0.0,0.0,0.0,0,10.0,Low
962,2,1,2,2.0,43903.25,0.0,0.0,0.0,0.0,0.0,0,0.0,Low
963,3,1,3,3.0,52662.07,1.0,33.33333333333333,0.0,0.0,0.0,0,10.0,Low
964,3,1,3,3.0,52198.67,0.0,0.0,0.0,0.0,0.0,0,0.0,Low
965,3,1,3,3.0,58359.02,0.0,0.0,0.0,0.0,0.0,0,0.0,Low
966,5,2,6,5.0,76849.27,0.0,0.0,1.0,690.97,20.0,0,35.0,Medium
967,4,1,4,4.0,40404.71,0.0,0.0,0.0,0.0,0.0,0,0.0,Low
968,1,1,1,1.0,11254.09,0.0,0.0,0.0,0.0,0.0,0,0.0,Low
969,3,1,3,3.0,45146.91,0.0,0.0,0.0,0.0,0.0,0,0.0,Low
970,5,2,6,6.0,108363.31999999999,0.0,0.0,0.0,0.0,0.0,0,10.0,Low
971,3,2,4,4.0,42119.32,0.0,0.0,0.0,0.0,0.0,0,0.0,Low
972,3,1,3,2.0,19350.15,0.0,0.0,1.0,1381.95,50.0,0,25.0,Medium
973,1,1,1,1.0,2488.87,0.0,0.0,0.0,0.0,0.0,0,0.0,Low
974,8,2,9,9.0,115192.53,1.0,11.11111111111111,0.0,0.0,0.0,0,10.0,Low
975,3,2,4,3.0,21432.69,1.0,33.33333333333333,1.0,836.2,33.33333333333333,0,35.0,Medium
976,6,2,7,7.0,94819.62,2.0,28.57142857142857,0.0,0.0,0.0,0,20.0,Low
977,4,2,5,5.0,55130.86,0.0,0.0,0.0,0.0,0.0,0,0.0,Low
978,6,3,8,7.0,101246.78,0.0,0.0,1.0,1041.71,14.285714285714285,0,40.0,Medium
979,2,2,3,2.0,22383.84,0.0,0.0,1.0,2538.37,50.0,0,25.0,Medium
980,4,2,5,5.0,53372.08,0.0,0.0,0.0,0.0,0.0,0,0.0,Low
981,8,2,9,7.0,81253.29000000001,1.0,14.285714285714285,2.0,3404.62,28.57142857142857,0,40.0,Medium
982,11,4,14,13.0,126603.78,2.0,15.384615384615385,1.0,2586.86,7.6923076923076925,0,40.0,Medium
983,2,1,2,2.0,23297.96,0.0,0.0,0.0,0.0,0.0,0,0.0,Low
984,11,5,15,13.0,142428.02,1.0,7.6923076923076925,2.0,397.91,15.384615384615385,0,45.0,Medium
985,3,1,3,3.0,36869.88,0.0,0.0,0.0,0.0,0.0,0,0.0,Low
986,2,1,2,2.0,11148.300000000001,0.0,0.0,0.0,0.0,0.0,0,0.0,Low
987,5,2,6,6.0,70119.27,1.0,16.666666666666664,0.0,0.0,0.0,0,10.0,Low
988,6,2,7,7.0,82625.69,0.0,0.0,0.0,0.0,0.0,0,10.0,Low
989,14,6,19,18.0,213387.97,3.0,16.666666666666664,1.0,3064.59,5.555555555555555,0,40.0,Medium
990,5,1,5,5.0,67000.56,2.0,40.0,0.0,0.0,0.0,0,20.0,Low
991,3,1,3,2.0,18458.8,1.0,50.0,1.0,0.0,50.0,0,35.0,Medium
992,2,1,2,2.0,39614.270000000004,0.0,0.0,0.0,0.0,0.0,0,0.0,Low
993,3,1,3,3.0,53865.57,0.0,0.0,0.0,0.0,0.0,0,0.0,Low
994,2,2,3,3.0,55422.729999999996,0.0,0.0,0.0,0.0,0.0,0,0.0,Low
995,7,3,9,9.0,75309.24,1.0,11.11111111111111,0.0,0.0,0.0,0,15.0,Low
996,2,1,2,2.0,13044.04,0.0,0.0,0.0,0.0,0.0,0,0.0,Low
997,4,1,4,4.0,30242.18,1.0,25.0,0.0,0.0,0.0,0,10.0,Low
998,2,1,2,2.0,41143.259999999995,0.0,0.0,0.0,0.0,0.0,0,0.0,Low
999,5,1,5,5.0,55775.03,0.0,0.0,0.0,0.0,0.0,0,10.0,Low
1000,1,1,1,0.0,0.0,0.0,0.0,1.0,1827.19,0.0,0,5.0,Low
1001,4,1,4,4.0,60275.87,0.0,0.0,0.0,0.0,0.0,0,0.0,Low
1002,2,1,2,2.0,8197.470000000001,1.0,50.0,0.0,0.0,0.0,0,10.0,Low
1003,2,1,2,2.0,14996.7,0.0,0.0,0.0,0.0,0.0,0,0.0,Low
1004,2,1,2,2.0,37347.03,0.0,0.0,0.0,0.0,0.0,0,0.0,Low
1005,3,1,3,3.0,31639.649999999998,0.0,0.0,0.0,0.0,0.0,0,0.0,Low
1006,5,1,5,5.0,30040.19,0.0,0.0,0.0,0.0,0.0,0,10.0,Low
1007,3,1,3,3.0,53948.340000000004,0.0,0.0,0.0,0.0,0.0,0,0.0,Low
1008,6,2,7,7.0,115694.11,2.0,28.57142857142857,0.0,0.0,0.0,0,20.0,Low
1009,3,1,3,2.0,19868.870000000003,0.0,0.0,1.0,2406.17,50.0,0,25.0,Medium
1010,3,1,3,3.0,29367.02,0.0,0.0,0.0,0.0,0.0,0,0.0,Low
1011,2,1,2,2.0,33000.880000000005,1.0,50.0,0.0,0.0,0.0,0,10.0,Low
1012,5,2,6,6.0,66343.17,1.0,16.666666666666664,0.0,0.0,0.0,0,10.0,Low
1013,4,1,4,4.0,37012.24,0.0,0.0,0.0,0.0,0.0,0,0.0,Low
1014,1,1,1,1.0,16809.85,0.0,0.0,0.0,0.0,0.0,0,0.0,Low
1015,1,1,1,1.0,22174.48,0.0,0.0,0.0,0.0,0.0,0,0.0,Low
1016,2,1,2,2.0,27677.809999999998,0.0,0.0,0.0,0.0,0.0,0,0.0,Low
1017,1,1,1,1.0,9862.0,0.0,0.0,0.0,0.0,0.0,0,0.0,Low
1018,2,1,2,2.0,10591.91,0.0,0.0,0.0,0.0,0.0,0,0.0,Low
1019,1,1,1,1.0,8306.1,0.0,0.0,0.0,0.0,0.0,0,0.0,Low
1020,2,2,3,3.0,26577.53,0.0,0.0,0.0,0.0,0.0,0,0.0,Low
1021,7,2,8,6.0,56769.54,0.0,0.0,2.0,12283.78,33.33333333333333,0,40.0,Medium
1022,3,2,4,4.0,35553.77,2.0,50.0,0.0,0.0,0.0,0,10.0,Low
1023,3,1,3,3.0,50732.06,0.0,0.0,0.0,0.0,0.0,0,0.0,Low
1024,1,1,1,1.0,5436.0,0.0,0.0,0.0,0.0,0.0,0,0.0,Low
1025,6,2,7,7.0,79697.45999999999,1.0,14.285714285714285,0.0,0.0,0.0,0,10.0,Low
1026,3,1,3,3.0,25000.89,0.0,0.0,0.0,0.0,0.0,0,0.0,Low
1027,2,1,2,2.0,28169.07,0.0,0.0,0.0,0.0,0.0,0,0.0,Low
1028,5,1,5,5.0,73234.09,0.0,0.0,0.0,0.0,0.0,0,10.0,Low
1029,5,1,5,4.0,64390.04,1.0,25.0,1.0,268.44,25.0,0,45.0,Medium
1030,5,3,7,7.0,73789.96,2.0,28.57142857142857,0.0,0.0,0.0,0,25.0,Medium
1031,3,1,3,3.0,44960.83,0.0,0.0,0.0,0.0,0.0,0,0.0,Low
1032,5,1,5,5.0,68160.35,0.0,0.0,0.0,0.0,0.0,0,10.0,Low
1033,4,1,4,4.0,65426.020000000004,0.0,0.0,0.0,0.0,0.0,0,0.0,Low
1034,11,2,12,12.0,145160.25,0.0,0.0,0.0,0.0,0.0,0,10.0,Low
1035,3,1,3,3.0,24514.32,0.0,0.0,0.0,0.0,0.0,0,0.0,Low
1036,6,2,7,7.0,96614.44,1.0,14.285714285714285,0.0,0.0,0.0,0,10.0,Low
1037,2,1,2,2.0,31407.2,1.0,50.0,0.0,0.0,0.0,0,10.0,Low
1038,6,1,6,5.0,48505.45,0.0,0.0,1.0,1881.35,20.0,0,35.0,Medium
1039,5,1,5,5.0,51433.15,0.0,0.0,0.0,0.0,0.0,0,10.0,Low
1040,3,1,3,3.0,35277.84,1.0,33.33333333333333,0.0,0.0,0.0,0,10.0,Low
1041,1,1,1,1.0,18349.69,0.0,0.0,0.0,0.0,0.0,0,0.0,Low
1042,1,1,1,1.0,9284.28,0.0,0.0,0.0,0.0,0.0,0,0.0,Low
1043,1,1,1,1.0,19372.49,0.0,0.0,0.0,0.0,0.0,0,0.0,Low
1044,2,1,2,2.0,14310.689999999999,0.0,0.0,0.0,0.0,0.0,0,0.0,Low
1045,7,3,9,7.0,85082.91,1.0,14.285714285714285,2.0,2328.13,28.57142857142857,0,45.0,Medium
1046,3,1,3,3.0,45167.84,0.0,0.0,0.0,0.0,0.0,0,0.0,Low
1047,1,1,1,1.0,454.45,0.0,0.0,0.0,0.0,0.0,0,0.0,Low
1048,2,1,2,2.0,18883.09,0.0,0.0,0.0,0.0,0.0,0,0.0,Low
1049,5,1,5,5.0,54749.21,0.0,0.0,0.0,0.0,0.0,0,10.0,Low
1050,2,1,2,2.0,22656.600000000002,0.0,0.0,0.0,0.0,0.0,0,0.0,Low
1051,2,2,3,3.0,52889.59,0.0,0.0,0.0,0.0,0.0,0,0.0,Low
1052,2,1,2,2.0,23241.120000000003,0.0,0.0,0.0,0.0,0.0,0,0.0,Low
1053,1,1,1,1.0,8632.82,0.0,0.0,0.0,0.0,0.0,0,0.0,Low
1054,3,1,3,3.0,45383.979999999996,1.0,33.33333333333333,0.0,0.0,0.0,0,10.0,Low
1055,3,2,4,4.0,42186.68,0.0,0.0,0.0,0.0,0.0,0,0.0,Low
1056,4,2,5,5.0,69974.96,1.0,20.0,0.0,0.0,0.0,0,10.0,Low
1057,5,3,7,6.0,68910.43,1.0,16.666666666666664,1.0,0.0,16.666666666666664,0,40.0,Medium
1058,3,1,3,3.0,28662.29,0.0,0.0,0.0,0.0,0.0,0,0.0,Low
1059,3,1,3,3.0,40138.97,1.0,33.33333333333333,0.0,0.0,0.0,0,10.0,Low
1060,2,1,2,2.0,12208.18,0.0,0.0,0.0,0.0,0.0,0,0.0,Low
1061,2,1,2,1.0,2653.0,0.0,0.0,1.0,12097.84,100.0,0,25.0,Medium
1062,2,1,2,2.0,34642.36,1.0,50.0,0.0,0.0,0.0,0,10.0,Low
1063,2,1,2,2.0,42004.7,0.0,0.0,0.0,0.0,0.0,0,0.0,Low
1064,2,1,2,2.0,39008.43,0.0,0.0,0.0,0.0,0.0,0,0.0,Low
1065,4,1,4,4.0,47919.89,0.0,0.0,0.0,0.0,0.0,0,0.0,Low
1066,1,1,1,1.0,458.77,0.0,0.0,0.0,0.0,0.0,0,0.0,Low
1067,3,1,3,2.0,32652.839999999997,0.0,0.0,1.0,1491.88,50.0,0,25.0,Medium
1068,3,1,3,2.0,16652.92,0.0,0.0,1.0,2123.39,50.0,0,25.0,Medium
1069,3,1,3,2.0,23979.19,1.0,50.0,1.0,824.94,50.0,0,35.0,Medium
1070,3,1,3,3.0,33306.59,1.0,33.33333333333333,0.0,0.0,0.0,0,10.0,Low
1071,3,1,3,3.0,54498.51,1.0,33.33333333333333,0.0,0.0,0.0,0,10.0,Low
1072,1,1,1,1.0,13191.14,0.0,0.0,0.0,0.0,0.0,0,0.0,Low
1073,8,3,10,10.0,126265.26,0.0,0.0,0.0,0.0,0.0,0,15.0,Low
1074,3,1,3,3.0,31298.13,0.0,0.0,0.0,0.0,0.0,0,0.0,Low
1075,3,1,3,3.0,58236.36,0.0,0.0,0.0,0.0,0.0,0,0.0,Low
1076,3,1,3,3.0,46791.89,0.0,0.0,0.0,0.0,0.0,0,0.0,Low
1077,4,2,5,4.0,43487.81,0.0,0.0,1.0,5809.0,25.0,0,25.0,Medium
1078,14,5,18,17.0,207341.36,2.0,11.76470588235294,1.0,841.29,5.88235294117647,0,40.0,Medium
1079,2,1,2,2.0,3099.73,0.0,0.0,0.0,0.0,0.0,0,0.0,Low
1080,2,1,2,2.0,32475.800000000003,0.0,0.0,0.0,0.0,0.0,0,0.0,Low
1081,9,2,10,10.0,114912.06,3.0,30.0,0.0,0.0,0.0,0,20.0,Low
1082,9,3,11,11.0,162449.35,0.0,0.0,0.0,0.0,0.0,0,15.0,Low
1083,2,1,2,2.0,12942.86,0.0,0.0,0.0,0.0,0.0,0,0.0,Low
1084,1,1,1,1.0,11603.77,0.0,0.0,0.0,0.0,0.0,0,0.0,Low
1085,6,1,6,5.0,48580.869999999995,0.0,0.0,1.0,2311.12,20.0,0,35.0,Medium
1086,6,1,6,6.0,70057.22,1.0,16.666666666666664,0.0,0.0,0.0,0,10.0,Low
1087,4,1,4,4.0,66454.31,1.0,25.0,0.0,0.0,0.0,0,10.0,Low
1088,2,1,2,2.0,37975.31,0.0,0.0,0.0,0.0,0.0,0,0.0,Low
1089,8,2,9,8.0,142713.58,0.0,0.0,1.0,1760.95,12.5,0,35.0,Medium
1090,10,3,12,11.0,153535.57,1.0,9.090909090909092,1.0,3106.54,9.090909090909092,0,40.0,Medium
1091,3,1,3,3.0,37294.21,1.0,33.33333333333333,0.0,0.0,0.0,0,10.0,Low
1092,9,2,10,9.0,99262.65,1.0,11.11111111111111,1.0,3065.07,11.11111111111111,0,35.0,Medium
1093,3,2,4,4.0,22365.44,2.0,50.0,0.0,0.0,0.0,0,10.0,Low
1094,2,1,2,2.0,19256.199999999997,0.0,0.0,0.0,0.0,0.0,0,0.0,Low
1095,5,1,5,5.0,81908.78,0.0,0.0,0.0,0.0,0.0,0,10.0,Low
1096,5,1,5,5.0,49505.7,1.0,20.0,0.0,0.0,0.0,0,20.0,Low
1097,3,1,3,3.0,43209.66,0.0,0.0,0.0,0.0,0.0,0,0.0,Low
1098,4,2,5,5.0,69427.7,0.0,0.0,0.0,0.0,0.0,0,0.0,Low
1099,1,1,1,1.0,3297.95,0.0,0.0,0.0,0.0,0.0,0,0.0,Low
1100,2,1,2,2.0,12603.259999999998,0.0,0.0,0.0,0.0,0.0,0,0.0,Low
1101,6,2,7,7.0,46488.86,1.0,14.285714285714285,0.0,0.0,0.0,0,10.0,Low
1102,3,1,3,3.0,50081.05,0.0,0.0,0.0,0.0,0.0,0,0.0,Low
1103,6,2,7,7.0,68228.23,0.0,0.0,0.0,0.0,0.0,0,10.0,Low
1104,2,1,2,2.0,15432.859999999999,0.0,0.0,0.0,0.0,0.0,0,0.0,Low
1105,10,4,13,11.0,128784.09,1.0,9.090909090909092,2.0,1481.27,18.181818181818183,0,45.0,Medium
1106,4,1,4,3.0,32487.62,1.0,33.33333333333333,1.0,2828.9,33.33333333333333,0,35.0,Medium
1107,3,1,3,3.0,60728.15,0.0,0.0,0.0,0.0,0.0,0,0.0,Low
1108,2,1,2,0.0,0.0,0.0,0.0,2.0,5341.0,0.0,0,10.0,Low
1109,3,1,3,2.0,15494.369999999999,0.0,0.0,1.0,485.1,50.0,0,25.0,Medium
1110,2,1,2,2.0,12262.2,0.0,0.0,0.0,0.0,0.0,0,0.0,Low
1111,3,1,3,2.0,44224.57,1.0,50.0,1.0,5239.53,50.0,0,35.0,Medium
1112,2,1,2,2.0,39140.509999999995,0.0,0.0,0.0,0.0,0.0,0,0.0,Low
1113,5,2,6,5.0,53737.76,0.0,0.0,1.0,746.85,20.0,0,35.0,Medium
1114,6,2,7,7.0,74868.45,0.0,0.0,0.0,0.0,0.0,0,10.0,Low
1115,10,2,11,11.0,136756.73,0.0,0.0,0.0,0.0,0.0,0,10.0,Low
1116,2,1,2,2.0,40465.15,0.0,0.0,0.0,0.0,0.0,0,0.0,Low
1117,2,1,2,2.0,34081.09,1.0,50.0,0.0,0.0,0.0,0,10.0,Low
1118,3,1,3,3.0,65820.15,0.0,0.0,0.0,0.0,0.0,0,0.0,Low
1119,3,2,4,3.0,23509.28,0.0,0.0,1.0,4608.17,33.33333333333333,0,25.0,Medium
1120,5,2,6,6.0,71204.95999999999,1.0,16.666666666666664,0.0,0.0,0.0,0,10.0,Low
1121,1,1,1,1.0,23180.17,0.0,0.0,0.0,0.0,0.0,0,0.0,Low
1122,4,1,4,4.0,48901.689999999995,0.0,0.0,0.0,0.0,0.0,0,0.0,Low
1123,6,3,8,7.0,93863.03,0.0,0.0,1.0,0.0,14.285714285714285,0,40.0,Medium
1124,1,1,1,1.0,10658.77,0.0,0.0,0.0,0.0,0.0,0,0.0,Low
1125,3,1,3,3.0,17582.7,0.0,0.0,0.0,0.0,0.0,0,0.0,Low
1126,2,1,2,2.0,10467.18,1.0,50.0,0.0,0.0,0.0,0,10.0,Low
1127,3,1,3,3.0,32707.54,0.0,0.0,0.0,0.0,0.0,0,0.0,Low
1128,8,3,10,7.0,93500.46,0.0,0.0,3.0,4487.0,42.857142857142854,0,50.0,High
1129,4,1,4,4.0,24206.3,2.0,50.0,0.0,0.0,0.0,0,10.0,Low
1130,11,4,14,13.0,156900.14,0.0,0.0,1.0,3121.8,7.6923076923076925,0,40.0,Medium
1131,7,3,9,7.0,108978.12,1.0,14.285714285714285,2.0,2241.95,28.57142857142857,0,45.0,Medium
1132,7,4,10,10.0,105545.78,1.0,10.0,0.0,0.0,0.0,0,15.0,Low
1133,1,1,1,1.0,14787.65,0.0,0.0,0.0,0.0,0.0,0,0.0,Low
1134,3,1,3,3.0,25943.56,0.0,0.0,0.0,0.0,0.0,0,0.0,Low
1135,2,1,2,2.0,14222.46,0.0,0.0,0.0,0.0,0.0,0,0.0,Low
1136,1,1,1,1.0,2752.0,0.0,0.0,0.0,0.0,0.0,0,0.0,Low
1137,2,1,2,2.0,25761.399999999998,0.0,0.0,0.0,0.0,0.0,0,0.0,Low
1138,4,1,4,3.0,28350.8,1.0,33.33333333333333,1.0,729.47,33.33333333333333,0,35.0,Medium
1139,6,1,6,5.0,61190.85,0.0,0.0,1.0,1362.36,20.0,0,35.0,Medium
1140,10,3,12,10.0,142737.97,0.0,0.0,2.0,1294.42,20.0,0,45.0,Medium
1141,2,1,2,2.0,28451.8,0.0,0.0,0.0,0.0,0.0,0,0.0,Low
1142,4,1,4,4.0,28115.16,0.0,0.0,0.0,0.0,0.0,0,0.0,Low
1143,11,4,14,14.0,213528.88,1.0,7.142857142857142,0.0,0.0,0.0,0,15.0,Low
1144,3,1,3,3.0,35326.94,0.0,0.0,0.0,0.0,0.0,0,0.0,Low
1145,8,3,10,10.0,149510.31,2.0,20.0,0.0,0.0,0.0,0,25.0,Medium
1146,6,2,7,6.0,83087.84,1.0,16.666666666666664,1.0,12640.85,16.666666666666664,0,35.0,Medium
1147,8,2,9,8.0,92954.73,1.0,12.5,1.0,2732.12,12.5,0,35.0,Medium
1148,5,2,6,5.0,56728.409999999996,0.0,0.0,1.0,2947.75,20.0,0,35.0,Medium
1149,6,3,8,8.0,106256.1,4.0,50.0,0.0,0.0,0.0,0,25.0,Medium
1150,8,3,10,10.0,121117.82,2.0,20.0,0.0,0.0,0.0,0,25.0,Medium
1151,5,3,7,6.0,87313.38,0.0,0.0,1.0,648.33,16.666666666666664,0,40.0,Medium
1152,14,5,18,17.0,176130.76,4.0,23.52941176470588,1.0,4713.91,5.88235294117647,0,50.0,High
1153,3,1,3,3.0,42014.479999999996,1.0,33.33333333333333,0.0,0.0,0.0,0,10.0,Low
1154,1,1,1,1.0,17809.1,0.0,0.0,0.0,0.0,0.0,0,0.0,Low
1155,6,3,8,6.0,49417.06,0.0,0.0,2.0,0.0,33.33333333333333,0,45.0,Medium
1156,13,5,17,15.0,154384.25,3.0,20.0,2.0,5067.95,13.333333333333334,0,55.0,High
1157,5,1,5,5.0,52723.63,1.0,20.0,0.0,0.0,0.0,0,20.0,Low
1158,6,1,6,6.0,108205.74,0.0,0.0,0.0,0.0,0.0,0,10.0,Low
1159,1,1,1,1.0,6033.33,0.0,0.0,0.0,0.0,0.0,0,0.0,Low
1160,2,1,2,2.0,11144.53,0.0,0.0,0.0,0.0,0.0,0,0.0,Low
1161,6,2,7,6.0,88684.96,1.0,16.666666666666664,1.0,3014.0,16.666666666666664,0,35.0,Medium
1162,3,1,3,3.0,27954.12,0.0,0.0,0.0,0.0,0.0,0,0.0,Low
1163,3,1,3,3.0,29204.02,0.0,0.0,0.0,0.0,0.0,0,0.0,Low
1164,4,1,4,3.0,35216.45,0.0,0.0,1.0,1533.39,33.33333333333333,0,25.0,Medium
1165,3,1,3,3.0,27560.38,0.0,0.0,0.0,0.0,0.0,0,0.0,Low
1166,4,1,4,3.0,49142.03,1.0,33.33333333333333,1.0,6211.43,33.33333333333333,0,35.0,Medium
1167,1,1,1,1.0,12137.17,0.0,0.0,0.0,0.0,0.0,0,0.0,Low
1168,4,1,4,3.0,42265.14,0.0,0.0,1.0,1146.96,33.33333333333333,0,25.0,Medium
1169,5,1,5,4.0,53491.72,0.0,0.0,1.0,1452.71,25.0,0,35.0,Medium
1170,5,2,6,6.0,89188.51000000001,0.0,0.0,0.0,0.0,0.0,0,10.0,Low
1171,3,1,3,3.0,33718.9,1.0,33.33333333333333,0.0,0.0,0.0,0,10.0,Low
1172,2,1,2,2.0,33141.11,1.0,50.0,0.0,0.0,0.0,0,10.0,Low
1173,2,1,2,2.0,43792.479999999996,0.0,0.0,0.0,0.0,0.0,0,0.0,Low
1174,4,1,4,4.0,29376.93,0.0,0.0,0.0,0.0,0.0,0,0.0,Low
1175,3,1,3,3.0,40258.54,0.0,0.0,0.0,0.0,0.0,0,0.0,Low
1176,4,2,5,5.0,55027.05,2.0,40.0,0.0,0.0,0.0,0,10.0,Low
1177,5,2,6,6.0,55469.55,0.0,0.0,0.0,0.0,0.0,0,10.0,Low
1178,6,2,7,7.0,84647.84,2.0,28.57142857142857,0.0,0.0,0.0,0,20.0,Low
1179,3,1,3,3.0,20549.66,0.0,0.0,0.0,0.0,0.0,0,0.0,Low
1180,3,1,3,3.0,45200.09,0.0,0.0,0.0,0.0,0.0,0,0.0,Low
1181,3,1,3,2.0,17896.74,1.0,50.0,1.0,2673.74,50.0,0,35.0,Medium
1182,1,1,1,0.0,0.0,0.0,0.0,1.0,2928.89,0.0,0,5.0,Low
1183,2,1,2,2.0,15932.02,0.0,0.0,0.0,0.0,0.0,0,0.0,Low
1184,4,1,4,3.0,32593.52,0.0,0.0,1.0,0.0,33.33333333333333,0,25.0,Medium
1185,1,1,1,1.0,7842.13,0.0,0.0,0.0,0.0,0.0,0,0.0,Low
1186,5,1,5,5.0,75206.1,1.0,20.0,0.0,0.0,0.0,0,20.0,Low
1187,4,1,4,4.0,61343.770000000004,0.0,0.0,0.0,0.0,0.0,0,0.0,Low
1188,5,2,6,6.0,63192.33,0.0,0.0,0.0,0.0,0.0,0,10.0,Low
1189,3,1,3,1.0,10768.93,0.0,0.0,2.0,2342.92,200.0,0,30.0,Medium
1190,3,1,3,3.0,47710.520000000004,0.0,0.0,0.0,0.0,0.0,0,0.0,Low
1191,4,1,4,4.0,72133.76,0.0,0.0,0.0,0.0,0.0,0,0.0,Low
1192,2,1,2,2.0,40557.21,0.0,0.0,0.0,0.0,0.0,0,0.0,Low
1193,5,1,5,5.0,43228.78,0.0,0.0,0.0,0.0,0.0,0,10.0,Low
1194,11,4,14,14.0,178675.1,1.0,7.142857142857142,0.0,0.0,0.0,0,15.0,Low
1195,3,1,3,3.0,34962.19,0.0,0.0,0.0,0.0,0.0,0,0.0,Low
1196,1,1,1,1.0,8358.59,0.0,0.0,0.0,0.0,0.0,0,0.0,Low
1197,15,5,19,17.0,178428.51,1.0,5.88235294117647,2.0,1607.0700000000002,11.76470588235294,0,45.0,Medium
1198,5,1,5,5.0,74321.92,0.0,0.0,0.0,0.0,0.0,0,10.0,Low
1199,5,2,6,5.0,43092.24,0.0,0.0,1.0,7039.0,20.0,0,35.0,Medium
1200,4,1,4,2.0,28534.120000000003,0.0,0.0,2.0,5779.34,100.0,0,30.0,Medium
1201,4,1,4,4.0,41174.11,0.0,0.0,0.0,0.0,0.0,0,0.0,Low
1202,1,1,1,1.0,5948.15,0.0,0.0,0.0,0.0,0.0,0,0.0,Low
1203,8,3,10,10.0,115871.27,1.0,10.0,0.0,0.0,0.0,0,15.0,Low
1204,2,1,2,2.0,20028.31,0.0,0.0,0.0,0.0,0.0,0,0.0,Low
1205,3,1,3,1.0,14820.54,0.0,0.0,2.0,1345.75,200.0,0,30.0,Medium
1206,12,5,16,13.0,172155.79,0.0,0.0,3.0,9484.31,23.076923076923077,0,50.0,High
1207,1,1,1,1.0,9497.55,0.0,0.0,0.0,0.0,0.0,0,0.0,Low
1208,2,1,2,2.0,20286.56,0.0,0.0,0.0,0.0,0.0,0,0.0,Low
1209,9,2,10,9.0,149663.39,2.0,22.22222222222222,1.0,589.34,11.11111111111111,0,45.0,Medium
1210,2,1,2,1.0,10403.75,1.0,100.0,1.0,0.0,100.0,0,35.0,Medium
1211,3,1,3,3.0,42844.29,1.0,33.33333333333333,0.0,0.0,0.0,0,10.0,Low
1212,2,1,2,2.0,22746.28,1.0,50.0,0.0,0.0,0.0,0,10.0,Low
1213,3,2,4,3.0,20617.23,0.0,0.0,1.0,3120.43,33.33333333333333,0,25.0,Medium
1214,1,1,1,1.0,11137.92,0.0,0.0,0.0,0.0,0.0,0,0.0,Low
1215,9,3,11,10.0,99986.23,2.0,20.0,1.0,982.39,10.0,0,50.0,High
1216,1,1,1,1.0,659.3,0.0,0.0,0.0,0.0,0.0,0,0.0,Low
1217,1,1,1,1.0,20002.0,0.0,0.0,0.0,0.0,0.0,0,0.0,Low
1218,3,1,3,3.0,40942.72,0.0,0.0,0.0,0.0,0.0,0,0.0,Low
1219,1,1,1,1.0,18640.12,0.0,0.0,0.0,0.0,0.0,0,0.0,Low
1220,1,1,1,1.0,10341.28,0.0,0.0,0.0,0.0,0.0,0,0.0,Low
1221,4,1,4,4.0,71309.7,1.0,25.0,0.0,0.0,0.0,0,10.0,Low
1222,5,1,5,4.0,55881.909999999996,0.0,0.0,1.0,14485.22,25.0,0,35.0,Medium
1223,1,1,1,1.0,12980.62,1.0,100.0,0.0,0.0,0.0,0,10.0,Low
1224,3,1,3,3.0,19751.190000000002,1.0,33.33333333333333,0.0,0.0,0.0,0,10.0,Low
1225,3,1,3,3.0,53334.56,0.0,0.0,0.0,0.0,0.0,0,0.0,Low
1226,5,1,5,5.0,66968.76,1.0,20.0,0.0,0.0,0.0,0,20.0,Low
1227,4,1,4,3.0,51245.93,1.0,33.33333333333333,1.0,2069.0,33.33333333333333,0,35.0,Medium
1228,9,4,12,12.0,95454.46,1.0,8.333333333333332,0.0,0.0,0.0,0,15.0,Low
1229,2,1,2,2.0,19166.69,0.0,0.0,0.0,0.0,0.0,0,0.0,Low
1230,3,2,4,4.0,56859.36,0.0,0.0,0.0,0.0,0.0,0,0.0,Low
1231,5,1,5,4.0,50457.42,1.0,25.0,1.0,2025.66,25.0,0,45.0,Medium
1232,1,1,1,1.0,9176.29,0.0,0.0,0.0,0.0,0.0,0,0.0,Low
1233,3,1,3,3.0,37408.85,0.0,0.0,0.0,0.0,0.0,0,0.0,Low
1234,2,1,2,2.0,32397.22,1.0,50.0,0.0,0.0,0.0,0,10.0,Low
1235,2,1,2,2.0,17396.33,0.0,0.0,0.0,0.0,0.0,0,0.0,Low
1236,1,1,1,1.0,21783.21,0.0,0.0,0.0,0.0,0.0,0,0.0,Low
1237,11,3,13,11.0,126321.9,2.0,18.181818181818183,2.0,5212.92,18.181818181818183,0,45.0,Medium
1238,5,2,6,6.0,74091.78,0.0,0.0,0.0,0.0,0.0,0,10.0,Low
1239,1,1,1,1.0,5284.29,0.0,0.0,0.0,0.0,0.0,0,0.0,Low
1240,5,1,5,5.0,73711.49,1.0,20.0,0.0,0.0,0.0,0,20.0,Low
1241,4,1,4,4.0,42697.31,0.0,0.0,0.0,0.0,0.0,0,0.0,Low
1242,4,1,4,4.0,62417.08,0.0,0.0,0.0,0.0,0.0,0,0.0,Low
1243,4,3,6,5.0,62910.82,0.0,0.0,1.0,1820.01,20.0,0,30.0,Medium
1244,1,1,1,1.0,11723.0,0.0,0.0,0.0,0.0,0.0,0,0.0,Low
1245,4,1,4,4.0,72159.36,0.0,0.0,0.0,0.0,0.0,0,0.0,Low
1246,5,2,6,6.0,69266.25,0.0,0.0,0.0,0.0,0.0,0,10.0,Low
1247,1,1,1,1.0,12602.39,0.0,0.0,0.0,0.0,0.0,0,0.0,Low
1248,5,1,5,4.0,52551.159999999996,1.0,25.0,1.0,2032.79,25.0,0,45.0,Medium
1249,6,1,6,5.0,70889.92,0.0,0.0,1.0,7577.71,20.0,0,35.0,Medium
1250,5,1,5,4.0,64033.21,0.0,0.0,1.0,980.58,25.0,0,35.0,Medium
1251,6,3,8,8.0,89512.57,1.0,12.5,0.0,0.0,0.0,0,15.0,Low
1252,15,5,19,17.0,222177.45,1.0,5.88235294117647,2.0,2268.67,11.76470588235294,0,45.0,Medium
1253,2,1,2,2.0,27739.22,0.0,0.0,0.0,0.0,0.0,0,0.0,Low
1254,5,2,6,6.0,52327.32,0.0,0.0,0.0,0.0,0.0,0,10.0,Low
1255,1,1,1,1.0,3614.84,0.0,0.0,0.0,0.0,0.0,0,0.0,Low
1256,2,1,2,2.0,31631.03,1.0,50.0,0.0,0.0,0.0,0,10.0,Low
1257,4,1,4,4.0,51395.87,1.0,25.0,0.0,0.0,0.0,0,10.0,Low
1258,8,2,9,8.0,117570.95,0.0,0.0,1.0,0.0,12.5,0,35.0,Medium
1259,3,1,3,3.0,40259.35,0.0,0.0,0.0,0.0,0.0,0,0.0,Low
1260,7,2,8,8.0,96011.38,0.0,0.0,0.0,0.0,0.0,0,10.0,Low
1261,4,1,4,3.0,34696.55,1.0,33.33333333333333,1.0,3359.61,33.33333333333333,0,35.0,Medium
1262,7,1,7,6.0,63103.97,0.0,0.0,1.0,728.14,16.666666666666664,0,35.0,Medium
1263,4,1,4,4.0,52526.68,0.0,0.0,0.0,0.0,0.0,0,0.0,Low
1264,4,1,4,3.0,24496.55,0.0,0.0,1.0,1647.57,33.33333333333333,0,25.0,Medium
1265,2,1,2,2.0,27693.879999999997,0.0,0.0,0.0,0.0,0.0,0,0.0,Low
1266,3,1,3,2.0,12652.34,0.0,0.0,1.0,689.0,50.0,0,25.0,Medium
1267,2,1,2,2.0,10989.01,0.0,0.0,0.0,0.0,0.0,0,0.0,Low
1268,2,2,3,3.0,38712.03,0.0,0.0,0.0,0.0,0.0,0,0.0,Low
1269,5,3,7,6.0,55379.63,0.0,0.0,1.0,4972.38,16.666666666666664,0,40.0,Medium
1270,5,2,6,6.0,137629.47,0.0,0.0,0.0,0.0,0.0,0,10.0,Low
1271,3,1,3,3.0,61123.55,0.0,0.0,0.0,0.0,0.0,0,0.0,Low
1272,1,1,1,1.0,14003.5,0.0,0.0,0.0,0.0,0.0,0,0.0,Low
1273,3,1,3,3.0,47220.979999999996,0.0,0.0,0.0,0.0,0.0,0,0.0,Low
1274,5,1,5,5.0,77246.08,1.0,20.0,0.0,0.0,0.0,0,20.0,Low
1275,9,2,10,9.0,117629.01,2.0,22.22222222222222,1.0,1498.49,11.11111111111111,0,45.0,Medium
1276,1,1,1,1.0,17203.88,0.0,0.0,0.0,0.0,0.0,0,0.0,Low
1277,2,1,2,1.0,18001.79,0.0,0.0,1.0,6623.0,100.0,0,25.0,Medium
1278,2,1,2,2.0,13580.24,1.0,50.0,0.0,0.0,0.0,0,10.0,Low
1279,3,1,3,3.0,47410.58,0.0,0.0,0.0,0.0,0.0,0,0.0,Low
1280,6,2,7,6.0,101400.45,0.0,0.0,1.0,1523.73,16.666666666666664,0,35.0,Medium
1281,5,3,7,7.0,72198.86,1.0,14.285714285714285,0.0,0.0,0.0,0,15.0,Low
1282,5,1,5,4.0,25979.55,0.0,0.0,1.0,0.0,25.0,0,35.0,Medium
1283,2,1,2,1.0,20313.72,1.0,100.0,1.0,687.06,100.0,0,35.0,Medium
1284,2,1,2,2.0,23514.33,0.0,0.0,0.0,0.0,0.0,0,0.0,Low
1285,6,1,6,6.0,85381.2,1.0,16.666666666666664,0.0,0.0,0.0,0,10.0,Low
1286,3,1,3,3.0,16314.87,1.0,33.33333333333333,0.0,0.0,0.0,0,10.0,Low
1287,7,2,8,6.0,73897.86,0.0,0.0,2.0,4980.8,33.33333333333333,0,40.0,Medium
1288,4,1,4,4.0,35778.369999999995,0.0,0.0,0.0,0.0,0.0,0,0.0,Low
1289,4,1,4,4.0,65188.77,0.0,0.0,0.0,0.0,0.0,0,0.0,Low
1290,2,1,2,2.0,25472.82,0.0,0.0,0.0,0.0,0.0,0,0.0,Low
1291,3,1,3,3.0,38098.61,0.0,0.0,0.0,0.0,0.0,0,0.0,Low
1292,4,1,4,4.0,55750.47,1.0,25.0,0.0,0.0,0.0,0,10.0,Low
1293,2,1,2,2.0,30967.230000000003,1.0,50.0,0.0,0.0,0.0,0,10.0,Low
1294,3,1,3,3.0,21953.56,0.0,0.0,0.0,0.0,0.0,0,0.0,Low
1295,3,1,3,3.0,12663.039999999999,0.0,0.0,0.0,0.0,0.0,0,0.0,Low
1296,7,4,10,10.0,119959.42,1.0,10.0,0.0,0.0,0.0,0,15.0,Low
1297,3,1,3,3.0,26967.36,1.0,33.33333333333333,0.0,0.0,0.0,0,10.0,Low
1298,3,1,3,3.0,48109.51,0.0,0.0,0.0,0.0,0.0,0,0.0,Low
1299,7,2,8,8.0,107067.39,1.0,12.5,0.0,0.0,0.0,0,10.0,Low
1300,2,1,2,2.0,22263.15,1.0,50.0,0.0,0.0,0.0,0,10.0,Low
1301,6,1,6,5.0,67649.74,1.0,20.0,1.0,732.66,20.0,0,45.0,Medium
1302,3,1,3,3.0,35277.47,1.0,33.33333333333333,0.0,0.0,0.0,0,10.0,Low
1303,3,1,3,3.0,30795.35,0.0,0.0,0.0,0.0,0.0,0,0.0,Low
1304,1,1,1,1.0,6588.52,0.0,0.0,0.0,0.0,0.0,0,0.0,Low
1305,18,5,22,17.0,227927.62,1.0,5.88235294117647,5.0,15093.36,29.411764705882355,0,60.0,High
1306,5,3,7,7.0,78303.26000000001,1.0,14.285714285714285,0.0,0.0,0.0,0,15.0,Low
1307,1,1,1,1.0,8086.62,0.0,0.0,0.0,0.0,0.0,0,0.0,Low
1308,2,1,2,2.0,27061.620000000003,0.0,0.0,0.0,0.0,0.0,0,0.0,Low
1309,9,2,10,10.0,92644.99,0.0,0.0,0.0,0.0,0.0,0,10.0,Low
1310,4,1,4,4.0,30660.33,0.0,0.0,0.0,0.0,0.0,0,0.0,Low
1311,1,1,1,1.0,18301.88,0.0,0.0,0.0,0.0,0.0,0,0.0,Low
1312,4,2,5,5.0,43941.88,0.0,0.0,0.0,0.0,0.0,0,0.0,Low
1313,4,1,4,4.0,51966.02,0.0,0.0,0.0,0.0,0.0,0,0.0,Low
1314,1,1,1,1.0,11638.77,0.0,0.0,0.0,0.0,0.0,0,0.0,Low
1315,2,1,2,2.0,33795.78,0.0,0.0,0.0,0.0,0.0,0,0.0,Low
1316,14,8,21,20.0,265881.25,0.0,0.0,1.0,14278.2,5.0,0,40.0,Medium
1317,1,1,1,1.0,14049.33,0.0,0.0,0.0,0.0,0.0,0,0.0,Low
1318,4,1,4,4.0,70363.43,0.0,0.0,0.0,0.0,0.0,0,0.0,Low
1319,6,1,6,5.0,94599.8,0.0,0.0,1.0,1142.86,20.0,0,35.0,Medium
1320,3,1,3,3.0,45995.04,0.0,0.0,0.0,0.0,0.0,0,0.0,Low
1321,1,1,1,1.0,16112.7,0.0,0.0,0.0,0.0,0.0,0,0.0,Low
1322,3,1,3,3.0,40716.86,1.0,33.33333333333333,0.0,0.0,0.0,0,10.0,Low
1323,1,1,1,1.0,5548.0,0.0,0.0,0.0,0.0,0.0,0,0.0,Low
1324,4,1,4,4.0,45293.96,1.0,25.0,0.0,0.0,0.0,0,10.0,Low
1325,2,1,2,2.0,41328.07,0.0,0.0,0.0,0.0,0.0,0,0.0,Low
1326,7,3,9,9.0,101796.26000000001,3.0,33.33333333333333,0.0,0.0,0.0,0,25.0,Medium
1327,3,1,3,3.0,24882.0,0.0,0.0,0.0,0.0,0.0,0,0.0,Low
1328,2,1,2,2.0,18032.57,0.0,0.0,0.0,0.0,0.0,0,0.0,Low
1329,7,2,8,7.0,109982.4,2.0,28.57142857142857,1.0,855.85,14.285714285714285,0,45.0,Medium
1330,2,1,2,2.0,20615.98,1.0,50.0,0.0,0.0,0.0,0,10.0,Low
1331,3,1,3,3.0,58726.97,1.0,33.33333333333333,0.0,0.0,0.0,0,10.0,Low
1332,6,3,8,8.0,116600.75,0.0,0.0,0.0,0.0,0.0,0,15.0,Low
1333,3,1,3,3.0,32234.76,0.0,0.0,0.0,0.0,0.0,0,0.0,Low
1334,3,1,3,3.0,42726.43,0.0,0.0,0.0,0.0,0.0,0,0.0,Low
1335,7,2,8,7.0,81615.15,1.0,14.285714285714285,1.0,1550.0,14.285714285714285,0,35.0,Medium
1336,3,1,3,3.0,36980.75,0.0,0.0,0.0,0.0,0.0,0,0.0,Low
1337,8,3,10,7.0,91144.83,3.0,42.857142857142854,3.0,4936.15,42.857142857142854,0,60.0,High
1338,3,1,3,3.0,43551.490000000005,0.0,0.0,0.0,0.0,0.0,0,0.0,Low
1339,14,6,19,13.0,144511.24,3.0,23.076923076923077,6.0,22398.07,46.15384615384615,0,75.0,Critical
1340,2,1,2,2.0,23002.649999999998,0.0,0.0,0.0,0.0,0.0,0,0.0,Low
1341,3,1,3,3.0,38701.81,0.0,0.0,0.0,0.0,0.0,0,0.0,Low
1342,2,1,2,2.0,34693.85,0.0,0.0,0.0,0.0,0.0,0,0.0,Low
1343,6,2,7,6.0,37747.74,1.0,16.666666666666664,1.0,3904.6,16.666666666666664,0,35.0,Medium
1344,2,1,2,2.0,22456.59,1.0,50.0,0.0,0.0,0.0,0,10.0,Low
1345,3,1,3,3.0,58722.18,1.0,33.33333333333333,0.0,0.0,0.0,0,10.0,Low
1346,5,1,5,4.0,50132.57,0.0,0.0,1.0,2150.04,25.0,0,35.0,Medium
1347,3,1,3,3.0,35586.79,0.0,0.0,0.0,0.0,0.0,0,0.0,Low
1348,3,1,3,3.0,14705.74,1.0,33.33333333333333,0.0,0.0,0.0,0,10.0,Low
1349,2,1,2,2.0,20186.14,0.0,0.0,0.0,0.0,0.0,0,0.0,Low
1350,4,1,4,3.0,29338.25,1.0,33.33333333333333,1.0,532.41,33.33333333333333,0,35.0,Medium
1351,4,1,4,4.0,68791.1,0.0,0.0,0.0,0.0,0.0,0,0.0,Low
1352,2,1,2,2.0,8097.81,0.0,0.0,0.0,0.0,0.0,0,0.0,Low
1353,2,1,2,2.0,24444.440000000002,0.0,0.0,0.0,0.0,0.0,0,0.0,Low
1354,16,8,23,21.0,230133.27,1.0,4.761904761904762,2.0,7668.299999999999,9.523809523809524,0,45.0,Medium
1355,4,1,4,3.0,51255.67,0.0,0.0,1.0,3309.31,33.33333333333333,0,25.0,Medium
1356,7,4,10,9.0,108500.84,0.0,0.0,1.0,12334.0,11.11111111111111,0,40.0,Medium
1357,6,2,7,6.0,51622.69,0.0,0.0,1.0,339.58,16.666666666666664,0,35.0,Medium
1358,10,3,12,10.0,183028.7,2.0,20.0,2.0,2835.55,20.0,0,55.0,High
1359,5,2,6,6.0,84578.71,0.0,0.0,0.0,0.0,0.0,0,10.0,Low
1360,5,2,6,6.0,85436.72,1.0,16.666666666666664,0.0,0.0,0.0,0,10.0,Low
1361,3,1,3,3.0,45935.01,0.0,0.0,0.0,0.0,0.0,0,0.0,Low
1362,2,1,2,2.0,13602.43,0.0,0.0,0.0,0.0,0.0,0,0.0,Low
1363,2,1,2,2.0,29769.87,0.0,0.0,0.0,0.0,0.0,0,0.0,Low
1364,3,2,4,4.0,61256.340000000004,0.0,0.0,0.0,0.0,0.0,0,0.0,Low
1365,2,1,2,2.0,30384.39,1.0,50.0,0.0,0.0,0.0,0,10.0,Low
1366,3,1,3,3.0,42785.66,1.0,33.33333333333333,0.0,0.0,0.0,0,10.0,Low
1367,3,1,3,2.0,16909.12,1.0,50.0,1.0,2345.0,50.0,0,35.0,Medium
1368,3,1,3,2.0,35763.130000000005,1.0,50.0,1.0,917.78,50.0,0,35.0,Medium
1369,13,3,15,15.0,170763.26,0.0,0.0,0.0,0.0,0.0,0,15.0,Low
1370,10,4,13,11.0,83294.8,0.0,0.0,2.0,2330.81,18.181818181818183,0,45.0,Medium
1371,3,1,3,3.0,39592.96,0.0,0.0,0.0,0.0,0.0,0,0.0,Low
1372,3,1,3,3.0,30451.22,0.0,0.0,0.0,0.0,0.0,0,0.0,Low
1373,3,1,3,3.0,32493.960000000003,0.0,0.0,0.0,0.0,0.0,0,0.0,Low
1374,5,1,5,5.0,88019.81,1.0,20.0,0.0,0.0,0.0,0,20.0,Low
1375,4,1,4,4.0,35989.04,0.0,0.0,0.0,0.0,0.0,0,0.0,Low
1376,4,1,4,4.0,73488.56,0.0,0.0,0.0,0.0,0.0,0,0.0,Low
1377,3,1,3,3.0,34879.09,0.0,0.0,0.0,0.0,0.0,0,0.0,Low
1378,2,1,2,2.0,14955.13,0.0,0.0,0.0,0.0,0.0,0,0.0,Low
1379,8,3,10,7.0,70757.41,1.0,14.285714285714285,3.0,2344.5,42.857142857142854,0,50.0,High
1380,8,3,10,10.0,85854.68,2.0,20.0,0.0,0.0,0.0,0,25.0,Medium
1381,7,3,9,9.0,125669.32,1.0,11.11111111111111,0.0,0.0,0.0,0,15.0,Low
1382,3,1,3,3.0,43567.100000000006,0.0,0.0,0.0,0.0,0.0,0,0.0,Low
1383,5,1,5,5.0,64554.65,1.0,20.0,0.0,0.0,0.0,0,20.0,Low
1384,2,1,2,2.0,15854.73,0.0,0.0,0.0,0.0,0.0,0,0.0,Low
1385,4,1,4,3.0,19975.29,0.0,0.0,1.0,9956.85,33.33333333333333,0,25.0,Medium
1386,10,3,12,12.0,205174.96,1.0,8.333333333333332,0.0,0.0,0.0,0,15.0,Low
1387,4,1,4,4.0,74833.49,0.0,0.0,0.0,0.0,0.0,0,0.0,Low
1388,4,1,4,4.0,54330.909999999996,0.0,0.0,0.0,0.0,0.0,0,0.0,Low
1389,4,1,4,4.0,39908.42,2.0,50.0,0.0,0.0,0.0,0,10.0,Low
1390,2,1,2,2.0,25163.910000000003,0.0,0.0,0.0,0.0,0.0,0,0.0,Low
1391,4,1,4,4.0,47346.39,2.0,50.0,0.0,0.0,0.0,0,10.0,Low
1392,4,1,4,4.0,38658.69,0.0,0.0,0.0,0.0,0.0,0,0.0,Low
1393,5,1,5,5.0,70215.47,0.0,0.0,0.0,0.0,0.0,0,10.0,Low
1394,2,1,2,2.0,10950.9,0.0,0.0,0.0,0.0,0.0,0,0.0,Low
1395,2,1,2,2.0,15438.94,0.0,0.0,0.0,0.0,0.0,0,0.0,Low
1396,9,4,12,11.0,147743.37,1.0,9.090909090909092,1.0,616.19,9.090909090909092,0,40.0,Medium
1397,4,3,6,6.0,96069.12,0.0,0.0,0.0,0.0,0.0,0,5.0,Low
1398,1,1,1,1.0,1386.99,1.0,100.0,0.0,0.0,0.0,0,10.0,Low
1399,2,1,2,1.0,17712.24,0.0,0.0,1.0,3231.22,100.0,0,25.0,Medium
1400,2,2,3,2.0,10374.92,0.0,0.0,1.0,6388.0,50.0,0,25.0,Medium
1401,5,2,6,4.0,51519.35,0.0,0.0,2.0,5372.56,50.0,0,40.0,Medium
1402,2,1,2,2.0,20595.72,0.0,0.0,0.0,0.0,0.0,0,0.0,Low
1403,9,4,12,12.0,136401.52,1.0,8.333333333333332,0.0,0.0,0.0,0,15.0,Low
1404,1,1,1,1.0,4184.37,0.0,0.0,0.0,0.0,0.0,0,0.0,Low
1405,4,1,4,4.0,69707.22,1.0,25.0,0.0,0.0,0.0,0,10.0,Low
1406,2,1,2,2.0,11956.42,0.0,0.0,0.0,0.0,0.0,0,0.0,Low
1407,2,1,2,1.0,4971.59,0.0,0.0,1.0,450.33,100.0,0,25.0,Medium
1408,2,1,2,2.0,20656.54,0.0,0.0,0.0,0.0,0.0,0,0.0,Low
1409,2,1,2,2.0,37638.479999999996,1.0,50.0,0.0,0.0,0.0,0,10.0,Low
1410,3,1,3,3.0,32657.5,0.0,0.0,0.0,0.0,0.0,0,0.0,Low
1411,1,1,1,1.0,947.84,0.0,0.0,0.0,0.0,0.0,0,0.0,Low
1412,3,1,3,3.0,39666.21,0.0,0.0,0.0,0.0,0.0,0,0.0,Low
1413,4,2,5,5.0,55457.58,0.0,0.0,0.0,0.0,0.0,0,0.0,Low
1414,4,2,5,5.0,70979.25,0.0,0.0,0.0,0.0,0.0,0,0.0,Low
1415,2,1,2,2.0,23403.24,0.0,0.0,0.0,0.0,0.0,0,0.0,Low
1416,6,2,7,7.0,54624.96,0.0,0.0,0.0,0.0,0.0,0,10.0,Low
1417,4,1,4,4.0,54379.369999999995,0.0,0.0,0.0,0.0,0.0,0,0.0,Low
1418,2,1,2,2.0,34583.45,0.0,0.0,0.0,0.0,0.0,0,0.0,Low
1419,1,1,1,1.0,24596.31,0.0,0.0,0.0,0.0,0.0,0,0.0,Low
1420,5,3,7,6.0,77721.68,0.0,0.0,1.0,177.16,16.666666666666664,0,40.0,Medium
1421,4,2,5,5.0,79604.75,1.0,20.0,0.0,0.0,0.0,0,10.0,Low
1422,6,2,7,7.0,107055.18,1.0,14.285714285714285,0.0,0.0,0.0,0,10.0,Low
1423,1,1,1,1.0,21216.21,0.0,0.0,0.0,0.0,0.0,0,0.0,Low
1424,1,1,1,1.0,20246.5,0.0,0.0,0.0,0.0,0.0,0,0.0,Low
1425,2,1,2,2.0,34830.409999999996,0.0,0.0,0.0,0.0,0.0,0,0.0,Low
1426,2,1,2,2.0,21161.4,0.0,0.0,0.0,0.0,0.0,0,0.0,Low
1427,15,8,22,16.0,248496.02,2.0,12.5,6.0,32416.489999999998,37.5,0,75.0,Critical
1428,9,4,12,11.0,115772.62999999999,0.0,0.0,1.0,0.0,9.090909090909092,0,40.0,Medium
1429,4,1,4,3.0,18915.2,0.0,0.0,1.0,1142.95,33.33333333333333,0,25.0,Medium
1430,1,1,1,1.0,506.8,0.0,0.0,0.0,0.0,0.0,0,0.0,Low
1431,5,2,6,6.0,66169.23,0.0,0.0,0.0,0.0,0.0,0,10.0,Low
1432,4,2,5,5.0,61829.64,0.0,0.0,0.0,0.0,0.0,0,0.0,Low
1433,10,3,12,11.0,87169.28,0.0,0.0,1.0,4816.91,9.090909090909092,0,40.0,Medium
1434,3,1,3,3.0,47350.67,0.0,0.0,0.0,0.0,0.0,0,0.0,Low
1435,6,1,6,6.0,59213.07,0.0,0.0,0.0,0.0,0.0,0,10.0,Low
1436,2,1,2,2.0,12768.11,1.0,50.0,0.0,0.0,0.0,0,10.0,Low
1437,7,2,8,8.0,64195.76,1.0,12.5,0.0,0.0,0.0,0,10.0,Low
1438,2,1,2,2.0,19697.65,0.0,0.0,0.0,0.0,0.0,0,0.0,Low
1439,11,3,13,12.0,129580.39,3.0,25.0,1.0,1245.09,8.333333333333332,0,50.0,High
1440,2,1,2,2.0,32707.27,0.0,0.0,0.0,0.0,0.0,0,0.0,Low
1441,2,2,3,3.0,30376.42,1.0,33.33333333333333,0.0,0.0,0.0,0,10.0,Low
1442,5,2,6,6.0,79414.07,1.0,16.666666666666664,0.0,0.0,0.0,0,10.0,Low
1443,5,1,5,3.0,28438.35,0.0,0.0,2.0,3692.49,66.66666666666666,0,40.0,Medium
1444,4,1,4,4.0,65401.56,0.0,0.0,0.0,0.0,0.0,0,0.0,Low
1445,1,1,1,1.0,15203.63,1.0,100.0,0.0,0.0,0.0,0,10.0,Low
1446,1,1,1,1.0,10086.16,0.0,0.0,0.0,0.0,0.0,0,0.0,Low
1447,8,3,10,10.0,126375.69,1.0,10.0,0.0,0.0,0.0,0,15.0,Low
1448,13,5,17,15.0,204832.44,3.0,20.0,2.0,8925.44,13.333333333333334,0,55.0,High
1449,1,1,1,1.0,24235.31,0.0,0.0,0.0,0.0,0.0,0,0.0,Low
1450,2,1,2,2.0,29306.78,0.0,0.0,0.0,0.0,0.0,0,0.0,Low
1451,4,1,4,4.0,42389.35,0.0,0.0,0.0,0.0,0.0,0,0.0,Low
1452,2,1,2,2.0,24522.899999999998,0.0,0.0,0.0,0.0,0.0,0,0.0,Low
1453,2,1,2,2.0,30824.94,0.0,0.0,0.0,0.0,0.0,0,0.0,Low
1454,2,1,2,2.0,21015.079999999998,0.0,0.0,0.0,0.0,0.0,0,0.0,Low
1455,3,1,3,2.0,18085.0,0.0,0.0,1.0,5439.35,50.0,0,25.0,Medium
1456,1,1,1,1.0,11009.31,0.0,0.0,0.0,0.0,0.0,0,0.0,Low
1457,3,1,3,3.0,52420.51,0.0,0.0,0.0,0.0,0.0,0,0.0,Low
1458,1,1,1,1.0,19576.79,0.0,0.0,0.0,0.0,0.0,0,0.0,Low
1459,4,1,4,4.0,51553.649999999994,0.0,0.0,0.0,0.0,0.0,0,0.0,Low
1460,4,2,5,4.0,34037.23,0.0,0.0,1.0,1009.36,25.0,0,25.0,Medium
1461,2,1,2,2.0,5457.73,0.0,0.0,0.0,0.0,0.0,0,0.0,Low
1462,1,1,1,1.0,18842.1,0.0,0.0,0.0,0.0,0.0,0,0.0,Low
1463,3,1,3,3.0,44072.97,0.0,0.0,0.0,0.0,0.0,0,0.0,Low
1464,3,1,3,2.0,31115.72,1.0,50.0,1.0,2380.3,50.0,0,35.0,Medium
1465,2,1,2,2.0,16457.760000000002,0.0,0.0,0.0,0.0,0.0,0,0.0,Low
1466,5,1,5,5.0,77063.76,1.0,20.0,0.0,0.0,0.0,0,20.0,Low
1467,2,1,2,2.0,20591.12,0.0,0.0,0.0,0.0,0.0,0,0.0,Low
1468,4,1,4,3.0,32961.520000000004,1.0,33.33333333333333,1.0,0.0,33.33333333333333,0,35.0,Medium
1469,4,1,4,3.0,68590.08,0.0,0.0,1.0,3352.04,33.33333333333333,0,25.0,Medium
1470,2,1,2,2.0,14002.06,0.0,0.0,0.0,0.0,0.0,0,0.0,Low
1471,6,1,6,6.0,109489.68,0.0,0.0,0.0,0.0,0.0,0,10.0,Low
1472,2,1,2,2.0,33511.33,0.0,0.0,0.0,0.0,0.0,0,0.0,Low
1473,2,1,2,2.0,28807.730000000003,0.0,0.0,0.0,0.0,0.0,0,0.0,Low
1474,2,1,2,2.0,45913.520000000004,0.0,0.0,0.0,0.0,0.0,0,0.0,Low
1475,2,1,2,2.0,35643.37,0.0,0.0,0.0,0.0,0.0,0,0.0,Low
1476,3,1,3,3.0,42943.01,0.0,0.0,0.0,0.0,0.0,0,0.0,Low
1477,1,1,1,1.0,9339.0,0.0,0.0,0.0,0.0,0.0,0,0.0,Low
1478,2,1,2,2.0,14811.14,0.0,0.0,0.0,0.0,0.0,0,0.0,Low
1479,6,1,6,6.0,48956.75,2.0,33.33333333333333,0.0,0.0,0.0,0,20.0,Low
1480,2,1,2,2.0,26817.28,0.0,0.0,0.0,0.0,0.0,0,0.0,Low
1481,2,1,2,2.0,32644.97,0.0,0.0,0.0,0.0,0.0,0,0.0,Low
1482,11,3,13,11.0,143715.97,1.0,9.090909090909092,2.0,3306.96,18.181818181818183,0,45.0,Medium
1483,3,1,3,3.0,61186.66,0.0,0.0,0.0,0.0,0.0,0,0.0,Low
1484,1,1,1,1.0,15241.53,0.0,0.0,0.0,0.0,0.0,0,0.0,Low
1485,3,1,3,3.0,57863.619999999995,0.0,0.0,0.0,0.0,0.0,0,0.0,Low
1486,2,1,2,2.0,10387.49,0.0,0.0,0.0,0.0,0.0,0,0.0,Low
1487,3,1,3,3.0,45046.74,1.0,33.33333333333333,0.0,0.0,0.0,0,10.0,Low
1488,5,2,6,4.0,47617.659999999996,1.0,25.0,2.0,2755.91,50.0,0,50.0,High
1489,2,1,2,1.0,17549.54,0.0,0.0,1.0,1404.29,100.0,0,25.0,Medium
1490,3,1,3,3.0,22666.71,0.0,0.0,0.0,0.0,0.0,0,0.0,Low
1491,2,1,2,2.0,22420.469999999998,0.0,0.0,0.0,0.0,0.0,0,0.0,Low
1492,1,1,1,1.0,9554.0,1.0,100.0,0.0,0.0,0.0,0,10.0,Low
1493,7,3,9,9.0,115659.31,0.0,0.0,0.0,0.0,0.0,0,15.0,Low
1494,7,2,8,7.0,107860.41,3.0,42.857142857142854,1.0,1895.66,14.285714285714285,0,45.0,Medium
1495,14,5,18,17.0,210670.43,4.0,23.52941176470588,1.0,1709.84,5.88235294117647,0,50.0,High
1496,2,1,2,2.0,18235.0,1.0,50.0,0.0,0.0,0.0,0,10.0,Low
1497,6,2,7,7.0,100750.24,0.0,0.0,0.0,0.0,0.0,0,10.0,Low
1498,1,1,1,1.0,21840.15,0.0,0.0,0.0,0.0,0.0,0,0.0,Low
1499,5,2,6,6.0,88022.98999999999,3.0,50.0,0.0,0.0,0.0,0,20.0,Low
1500,7,2,8,6.0,106945.39,0.0,0.0,2.0,3504.85,33.33333333333333,0,40.0,Medium
1501,3,1,3,3.0,33841.75,1.0,33.33333333333333,0.0,0.0,0.0,0,10.0,Low
1502,14,5,18,16.0,160418.29,3.0,18.75,2.0,5948.05,12.5,0,45.0,Medium
1503,2,1,2,2.0,20046.08,0.0,0.0,0.0,0.0,0.0,0,0.0,Low
1504,2,1,2,2.0,36470.71,0.0,0.0,0.0,0.0,0.0,0,0.0,Low
1505,7,2,8,8.0,86885.47,1.0,12.5,0.0,0.0,0.0,0,10.0,Low
1506,4,1,4,4.0,45863.23,2.0,50.0,0.0,0.0,0.0,0,10.0,Low
1507,5,1,5,3.0,44945.91,0.0,0.0,2.0,12128.71,66.66666666666666,0,40.0,Medium
1508,1,1,1,1.0,9531.0,0.0,0.0,0.0,0.0,0.0,0,0.0,Low
1509,3,2,4,4.0,65983.06,1.0,25.0,0.0,0.0,0.0,0,10.0,Low
1510,1,1,1,1.0,1336.29,0.0,0.0,0.0,0.0,0.0,0,0.0,Low
1511,3,1,3,3.0,44548.990000000005,0.0,0.0,0.0,0.0,0.0,0,0.0,Low
1512,4,2,5,3.0,30436.19,0.0,0.0,2.0,4022.56,66.66666666666666,0,30.0,Medium
1513,4,1,4,3.0,21676.21,0.0,0.0,1.0,2374.29,33.33333333333333,0,25.0,Medium
1514,2,1,2,2.0,38094.619999999995,0.0,0.0,0.0,0.0,0.0,0,0.0,Low
1515,6,2,7,7.0,84680.48999999999,0.0,0.0,0.0,0.0,0.0,0,10.0,Low
1516,3,1,3,3.0,46422.66,0.0,0.0,0.0,0.0,0.0,0,0.0,Low
1517,2,1,2,2.0,16570.72,1.0,50.0,0.0,0.0,0.0,0,10.0,Low
1518,2,1,2,1.0,4074.89,0.0,0.0,1.0,1026.98,100.0,0,25.0,Medium
1519,5,2,6,6.0,65403.11,3.0,50.0,0.0,0.0,0.0,0,20.0,Low
1520,9,3,11,11.0,101840.51,4.0,36.36363636363637,0.0,0.0,0.0,0,25.0,Medium
1521,3,1,3,2.0,37740.69,0.0,0.0,1.0,0.0,50.0,0,25.0,Medium
1522,7,2,8,7.0,81892.0,2.0,28.57142857142857,1.0,1422.0,14.285714285714285,0,45.0,Medium
1523,3,1,3,3.0,8741.51,0.0,0.0,0.0,0.0,0.0,0,0.0,Low
1524,9,3,11,10.0,139540.0,1.0,10.0,1.0,5179.58,10.0,0,40.0,Medium
1525,2,1,2,1.0,23235.11,0.0,0.0,1.0,2769.32,100.0,0,25.0,Medium
1526,2,1,2,2.0,11069.17,1.0,50.0,0.0,0.0,0.0,0,10.0,Low
1527,2,2,3,3.0,50005.83,1.0,33.33333333333333,0.0,0.0,0.0,0,10.0,Low
1528,1,1,1,1.0,24596.14,0.0,0.0,0.0,0.0,0.0,0,0.0,Low
1529,4,1,4,4.0,45770.63,0.0,0.0,0.0,0.0,0.0,0,0.0,Low
1530,13,5,17,15.0,150436.30000000002,2.0,13.333333333333334,2.0,2453.68,13.333333333333334,0,45.0,Medium
1531,3,1,3,3.0,23666.32,0.0,0.0,0.0,0.0,0.0,0,0.0,Low
1532,9,4,12,9.0,131224.76,0.0,0.0,3.0,12460.140000000001,33.33333333333333,0,50.0,High
1533,6,2,7,7.0,97249.95999999999,0.0,0.0,0.0,0.0,0.0,0,10.0,Low
1534,2,1,2,2.0,21781.54,0.0,0.0,0.0,0.0,0.0,0,0.0,Low
1535,3,1,3,3.0,36789.770000000004,1.0,33.33333333333333,0.0,0.0,0.0,0,10.0,Low
1536,1,1,1,1.0,12608.28,0.0,0.0,0.0,0.0,0.0,0,0.0,Low
1537,2,1,2,2.0,18751.91,0.0,0.0,0.0,0.0,0.0,0,0.0,Low
1538,3,1,3,3.0,20371.65,0.0,0.0,0.0,0.0,0.0,0,0.0,Low
1539,6,2,7,6.0,66519.16,1.0,16.666666666666664,1.0,2135.97,16.666666666666664,0,35.0,Medium
1540,1,1,1,0.0,0.0,0.0,0.0,1.0,0.0,0.0,0,5.0,Low
1541,4,2,5,5.0,73852.2,0.0,0.0,0.0,0.0,0.0,0,0.0,Low
1542,2,1,2,2.0,31001.789999999997,1.0,50.0,0.0,0.0,0.0,0,10.0,Low
1543,5,1,5,4.0,54455.74,0.0,0.0,1.0,2087.83,25.0,0,35.0,Medium
1544,2,1,2,2.0,32336.649999999998,0.0,0.0,0.0,0.0,0.0,0,0.0,Low
1545,4,1,4,4.0,49005.53,0.0,0.0,0.0,0.0,0.0,0,0.0,Low
1546,4,2,5,5.0,72741.56,3.0,60.0,0.0,0.0,0.0,0,10.0,Low
1547,2,1,2,2.0,24772.83,0.0,0.0,0.0,0.0,0.0,0,0.0,Low
1548,2,1,2,2.0,38616.270000000004,0.0,0.0,0.0,0.0,0.0,0,0.0,Low
1549,1,1,1,1.0,20100.92,0.0,0.0,0.0,0.0,0.0,0,0.0,Low
1550,2,1,2,2.0,25650.98,0.0,0.0,0.0,0.0,0.0,0,0.0,Low
1551,8,2,9,9.0,90848.49,2.0,22.22222222222222,0.0,0.0,0.0,0,20.0,Low
1552,4,1,4,4.0,44634.65,0.0,0.0,0.0,0.0,0.0,0,0.0,Low
1553,2,1,2,2.0,34088.81,0.0,0.0,0.0,0.0,0.0,0,0.0,Low
1554,5,1,5,4.0,44763.46,0.0,0.0,1.0,3275.35,25.0,0,35.0,Medium
1555,10,4,13,13.0,153520.81,2.0,15.384615384615385,0.0,0.0,0.0,0,15.0,Low
1556,5,1,5,5.0,45341.7,0.0,0.0,0.0,0.0,0.0,0,10.0,Low
1557,2,1,2,2.0,6490.74,1.0,50.0,0.0,0.0,0.0,0,10.0,Low
1558,2,1,2,2.0,22132.739999999998,0.0,0.0,0.0,0.0,0.0,0,0.0,Low
1559,5,2,6,5.0,43967.72,0.0,0.0,1.0,573.0,20.0,0,35.0,Medium
1560,3,1,3,3.0,36448.15,0.0,0.0,0.0,0.0,0.0,0,0.0,Low
1561,5,1,5,4.0,58005.770000000004,0.0,0.0,1.0,0.0,25.0,0,35.0,Medium
1562,4,1,4,4.0,61714.909999999996,0.0,0.0,0.0,0.0,0.0,0,0.0,Low
1563,4,1,4,4.0,39948.86,0.0,0.0,0.0,0.0,0.0,0,0.0,Low
1564,3,1,3,2.0,20128.0,0.0,0.0,1.0,1089.6,50.0,0,25.0,Medium
1565,7,3,9,9.0,119140.51999999999,0.0,0.0,0.0,0.0,0.0,0,15.0,Low
1566,6,2,7,7.0,94459.2,1.0,14.285714285714285,0.0,0.0,0.0,0,10.0,Low
1567,1,1,1,1.0,17238.0,0.0,0.0,0.0,0.0,0.0,0,0.0,Low
1568,3,1,3,3.0,33096.71,1.0,33.33333333333333,0.0,0.0,0.0,0,10.0,Low
1569,9,4,12,9.0,140572.7,1.0,11.11111111111111,3.0,7676.45,33.33333333333333,0,50.0,High
1570,2,1,2,2.0,29432.519999999997,0.0,0.0,0.0,0.0,0.0,0,0.0,Low
1571,2,2,3,3.0,39512.07,1.0,33.33333333333333,0.0,0.0,0.0,0,10.0,Low
1572,1,1,1,1.0,2471.38,0.0,0.0,0.0,0.0,0.0,0,0.0,Low
1573,7,3,9,8.0,85307.97,1.0,12.5,1.0,3940.26,12.5,0,40.0,Medium
1574,6,3,8,7.0,105222.05,1.0,14.285714285714285,1.0,1898.31,14.285714285714285,0,40.0,Medium
1575,4,1,4,4.0,18813.09,0.0,0.0,0.0,0.0,0.0,0,0.0,Low
1576,4,1,4,3.0,43296.66,0.0,0.0,1.0,470.39,33.33333333333333,0,25.0,Medium
1577,2,1,2,2.0,26290.02,0.0,0.0,0.0,0.0,0.0,0,0.0,Low
1578,3,1,3,3.0,56657.09,0.0,0.0,0.0,0.0,0.0,0,0.0,Low
1579,4,1,4,4.0,69352.18,0.0,0.0,0.0,0.0,0.0,0,0.0,Low
1580,3,1,3,3.0,29537.579999999998,0.0,0.0,0.0,0.0,0.0,0,0.0,Low
1581,2,1,2,1.0,23869.29,0.0,0.0,1.0,3099.92,100.0,0,25.0,Medium
1582,2,1,2,2.0,17330.43,0.0,0.0,0.0,0.0,0.0,0,0.0,Low
1583,1,1,1,1.0,19022.02,0.0,0.0,0.0,0.0,0.0,0,0.0,Low
1584,2,1,2,2.0,26919.95,0.0,0.0,0.0,0.0,0.0,0,0.0,Low
1585,4,1,4,4.0,72767.06999999999,1.0,25.0,0.0,0.0,0.0,0,10.0,Low
1586,5,2,6,5.0,63603.58,1.0,20.0,1.0,4341.0,20.0,0,45.0,Medium
1587,5,1,5,4.0,34282.37,1.0,25.0,1.0,0.0,25.0,0,45.0,Medium
1588,3,1,3,3.0,41585.41,0.0,0.0,0.0,0.0,0.0,0,0.0,Low
1589,2,1,2,2.0,32196.43,0.0,0.0,0.0,0.0,0.0,0,0.0,Low
1590,4,2,5,5.0,75752.41,0.0,0.0,0.0,0.0,0.0,0,0.0,Low
1591,2,1,2,2.0,20807.77,1.0,50.0,0.0,0.0,0.0,0,10.0,Low
1592,2,1,2,2.0,27077.57,0.0,0.0,0.0,0.0,0.0,0,0.0,Low
1593,3,1,3,2.0,31955.0,0.0,0.0,1.0,596.6,50.0,0,25.0,Medium
1594,4,2,5,5.0,90175.79,1.0,20.0,0.0,0.0,0.0,0,10.0,Low
1595,4,1,4,4.0,45835.86,0.0,0.0,0.0,0.0,0.0,0,0.0,Low
1596,4,1,4,3.0,45124.49,1.0,33.33333333333333,1.0,841.93,33.33333333333333,0,35.0,Medium
1597,1,1,1,0.0,0.0,0.0,0.0,1.0,2658.78,0.0,0,5.0,Low
1598,2,1,2,2.0,33720.29,0.0,0.0,0.0,0.0,0.0,0,0.0,Low
1599,1,1,1,1.0,21516.51,0.0,0.0,0.0,0.0,0.0,0,0.0,Low
1600,4,1,4,4.0,65816.19,1.0,25.0,0.0,0.0,0.0,0,10.0,Low
1601,5,2,6,5.0,75852.59,0.0,0.0,1.0,0.0,20.0,0,35.0,Medium
1602,4,2,5,5.0,42585.9,1.0,20.0,0.0,0.0,0.0,0,10.0,Low
1603,3,1,3,2.0,16284.28,0.0,0.0,1.0,3382.78,50.0,0,25.0,Medium
1604,3,1,3,3.0,36167.479999999996,1.0,33.33333333333333,0.0,0.0,0.0,0,10.0,Low
1605,2,1,2,2.0,17311.87,0.0,0.0,0.0,0.0,0.0,0,0.0,Low
1606,2,1,2,2.0,20633.35,0.0,0.0,0.0,0.0,0.0,0,0.0,Low
1607,6,2,7,7.0,86466.74,0.0,0.0,0.0,0.0,0.0,0,10.0,Low
1608,7,4,10,10.0,127715.6,2.0,20.0,0.0,0.0,0.0,0,25.0,Medium
1609,6,2,7,7.0,108152.8,0.0,0.0,0.0,0.0,0.0,0,10.0,Low
1610,2,1,2,2.0,27145.31,0.0,0.0,0.0,0.0,0.0,0,0.0,Low
1611,4,2,5,5.0,90041.25,1.0,20.0,0.0,0.0,0.0,0,10.0,Low
1612,5,1,5,4.0,64311.11,0.0,0.0,1.0,2801.1,25.0,0,35.0,Medium
1613,12,4,15,15.0,199966.07,2.0,13.333333333333334,0.0,0.0,0.0,0,15.0,Low
1614,1,1,1,1.0,18734.77,0.0,0.0,0.0,0.0,0.0,0,0.0,Low
1615,2,1,2,1.0,4756.47,0.0,0.0,1.0,7433.73,100.0,0,25.0,Medium
1616,2,1,2,1.0,3257.57,0.0,0.0,1.0,26923.0,100.0,1,40.0,Medium
1617,4,1,4,4.0,33600.47,1.0,25.0,0.0,0.0,0.0,0,10.0,Low
1618,3,1,3,3.0,50346.03999999999,0.0,0.0,0.0,0.0,0.0,0,0.0,Low
1619,2,1,2,2.0,14418.77,0.0,0.0,0.0,0.0,0.0,0,0.0,Low
1620,1,1,1,1.0,22229.09,0.0,0.0,0.0,0.0,0.0,0,0.0,Low
1621,2,1,2,2.0,10989.02,0.0,0.0,0.0,0.0,0.0,0,0.0,Low
1622,3,2,4,4.0,41634.759999999995,1.0,25.0,0.0,0.0,0.0,0,10.0,Low
1623,3,1,3,3.0,41574.07,1.0,33.33333333333333,0.0,0.0,0.0,0,10.0,Low
1624,2,1,2,1.0,8421.74,0.0,0.0,1.0,3605.24,100.0,0,25.0,Medium
1625,1,1,1,1.0,7416.0,0.0,0.0,0.0,0.0,0.0,0,0.0,Low
1626,2,1,2,2.0,18373.65,0.0,0.0,0.0,0.0,0.0,0,0.0,Low
1627,4,1,4,4.0,71883.29999999999,0.0,0.0,0.0,0.0,0.0,0,0.0,Low
1628,1,1,1,1.0,18797.44,0.0,0.0,0.0,0.0,0.0,0,0.0,Low
1629,1,1,1,1.0,22194.91,0.0,0.0,0.0,0.0,0.0,0,0.0,Low
1630,3,1,3,3.0,17605.92,0.0,0.0,0.0,0.0,0.0,0,0.0,Low
1631,2,1,2,2.0,39990.3,0.0,0.0,0.0,0.0,0.0,0,0.0,Low
1632,2,1,2,2.0,8644.2,0.0,0.0,0.0,0.0,0.0,0,0.0,Low
1633,3,1,3,3.0,44522.93,0.0,0.0,0.0,0.0,0.0,0,0.0,Low
1634,2,1,2,1.0,4006.23,0.0,0.0,1.0,4335.54,100.0,0,25.0,Medium
1635,2,1,2,1.0,18694.32,0.0,0.0,1.0,3491.72,100.0,0,25.0,Medium
1636,7,1,7,6.0,68490.07,0.0,0.0,1.0,967.0,16.666666666666664,0,35.0,Medium
1637,4,1,4,4.0,64811.119999999995,2.0,50.0,0.0,0.0,0.0,0,10.0,Low
1638,2,1,2,2.0,34312.479999999996,0.0,0.0,0.0,0.0,0.0,0,0.0,Low
1639,3,1,3,3.0,30498.690000000002,0.0,0.0,0.0,0.0,0.0,0,0.0,Low
1640,17,8,24,23.0,300080.01,2.0,8.695652173913043,1.0,3936.04,4.3478260869565215,0,20.0,Low
1641,5,1,5,5.0,83540.7,0.0,0.0,0.0,0.0,0.0,0,10.0,Low
1642,11,6,16,15.0,190165.67,3.0,20.0,1.0,1477.28,6.666666666666667,0,50.0,High
1643,4,1,4,4.0,39201.29,0.0,0.0,0.0,0.0,0.0,0,0.0,Low
1644,1,1,1,1.0,23573.31,0.0,0.0,0.0,0.0,0.0,0,0.0,Low
1645,1,1,1,0.0,0.0,0.0,0.0,1.0,3369.42,0.0,0,5.0,Low
1646,2,1,2,2.0,27041.81,0.0,0.0,0.0,0.0,0.0,0,0.0,Low
1647,4,2,5,4.0,35734.77,2.0,50.0,1.0,459.43,25.0,0,35.0,Medium
1648,3,1,3,3.0,49303.7,0.0,0.0,0.0,0.0,0.0,0,0.0,Low
1649,2,1,2,0.0,0.0,0.0,0.0,2.0,9698.38,0.0,0,10.0,Low
1650,5,2,6,6.0,67167.15,1.0,16.666666666666664,0.0,0.0,0.0,0,10.0,Low
1651,2,1,2,2.0,25718.13,1.0,50.0,0.0,0.0,0.0,0,10.0,Low
1652,8,3,10,9.0,96721.48,0.0,0.0,1.0,751.0,11.11111111111111,0,40.0,Medium
1653,3,1,3,3.0,10630.07,0.0,0.0,0.0,0.0,0.0,0,0.0,Low
1654,3,1,3,3.0,37043.42,1.0,33.33333333333333,0.0,0.0,0.0,0,10.0,Low
1655,2,1,2,2.0,31200.9,0.0,0.0,0.0,0.0,0.0,0,0.0,Low
1656,1,1,1,1.0,10384.49,0.0,0.0,0.0,0.0,0.0,0,0.0,Low
1657,2,1,2,2.0,32749.0,0.0,0.0,0.0,0.0,0.0,0,0.0,Low
1658,10,3,12,12.0,124942.49,1.0,8.333333333333332,0.0,0.0,0.0,0,15.0,Low
1659,5,1,5,4.0,43551.31,1.0,25.0,1.0,4839.05,25.0,0,45.0,Medium
1660,3,1,3,3.0,23150.72,1.0,33.33333333333333,0.0,0.0,0.0,0,10.0,Low
1661,12,5,16,16.0,220188.08,4.0,25.0,0.0,0.0,0.0,0,25.0,Medium
1662,2,1,2,2.0,34033.82,0.0,0.0,0.0,0.0,0.0,0,0.0,Low
1663,2,1,2,2.0,33502.12,0.0,0.0,0.0,0.0,0.0,0,0.0,Low
1664,1,1,1,1.0,4524.0,0.0,0.0,0.0,0.0,0.0,0,0.0,Low
1665,6,1,6,5.0,82647.45,0.0,0.0,1.0,1404.87,20.0,0,35.0,Medium
1666,6,2,7,6.0,71357.29000000001,1.0,16.666666666666664,1.0,2786.25,16.666666666666664,0,35.0,Medium
1667,2,1,2,2.0,5709.9,1.0,50.0,0.0,0.0,0.0,0,10.0,Low
1668,3,1,3,3.0,32293.260000000002,0.0,0.0,0.0,0.0,0.0,0,0.0,Low
1669,4,1,4,4.0,70094.53,2.0,50.0,0.0,0.0,0.0,0,10.0,Low
1670,1,1,1,1.0,24934.55,0.0,0.0,0.0,0.0,0.0,0,0.0,Low
1671,2,1,2,2.0,21347.43,0.0,0.0,0.0,0.0,0.0,0,0.0,Low
1672,7,1,7,7.0,79678.3,0.0,0.0,0.0,0.0,0.0,0,10.0,Low
1673,1,1,1,1.0,6232.73,0.0,0.0,0.0,0.0,0.0,0,0.0,Low
1674,1,1,1,1.0,568.0,1.0,100.0,0.0,0.0,0.0,0,10.0,Low
1675,3,1,3,3.0,35873.49,0.0,0.0,0.0,0.0,0.0,0,0.0,Low
1676,4,1,4,4.0,68884.54000000001,1.0,25.0,0.0,0.0,0.0,0,10.0,Low
1677,2,1,2,2.0,22107.46,0.0,0.0,0.0,0.0,0.0,0,0.0,Low
1678,2,1,2,2.0,25970.32,0.0,0.0,0.0,0.0,0.0,0,0.0,Low
1679,4,1,4,4.0,42337.54,1.0,25.0,0.0,0.0,0.0,0,10.0,Low
1680,1,1,1,1.0,15510.77,0.0,0.0,0.0,0.0,0.0,0,0.0,Low
1681,3,1,3,3.0,30565.640000000003,0.0,0.0,0.0,0.0,0.0,0,0.0,Low
1682,3,1,3,3.0,35932.07,1.0,33.33333333333333,0.0,0.0,0.0,0,10.0,Low
1683,3,1,3,3.0,45707.37,0.0,0.0,0.0,0.0,0.0,0,0.0,Low
1684,2,1,2,2.0,22486.0,0.0,0.0,0.0,0.0,0.0,0,0.0,Low
1685,5,3,7,6.0,72116.59999999999,1.0,16.666666666666664,1.0,1222.0,16.666666666666664,0,40.0,Medium
1686,1,1,1,1.0,7609.32,0.0,0.0,0.0,0.0,0.0,0,0.0,Low
1687,2,1,2,2.0,16468.77,1.0,50.0,0.0,0.0,0.0,0,10.0,Low
1688,2,1,2,2.0,30933.88,0.0,0.0,0.0,0.0,0.0,0,0.0,Low
1689,10,3,12,11.0,140764.3,2.0,18.181818181818183,1.0,3625.88,9.090909090909092,0,40.0,Medium
1690,11,3,13,10.0,137472.96,1.0,10.0,3.0,12863.64,30.0,0,50.0,High
1691,11,3,13,13.0,152018.33,3.0,23.076923076923077,0.0,0.0,0.0,0,25.0,Medium
1692,1,1,1,1.0,15333.13,1.0,100.0,0.0,0.0,0.0,0,10.0,Low
1693,3,1,3,3.0,49246.44,0.0,0.0,0.0,0.0,0.0,0,0.0,Low
1694,3,1,3,3.0,38029.02,0.0,0.0,0.0,0.0,0.0,0,0.0,Low
1695,4,1,4,4.0,58852.42,1.0,25.0,0.0,0.0,0.0,0,10.0,Low
1696,5,1,5,5.0,79148.16,0.0,0.0,0.0,0.0,0.0,0,10.0,Low
1697,4,1,4,4.0,38730.6,0.0,0.0,0.0,0.0,0.0,0,0.0,Low
1698,3,1,3,3.0,22774.69,1.0,33.33333333333333,0.0,0.0,0.0,0,10.0,Low
1699,4,2,5,4.0,52259.82,0.0,0.0,1.0,5331.95,25.0,0,25.0,Medium
1700,1,1,1,1.0,18639.0,1.0,100.0,0.0,0.0,0.0,0,10.0,Low
1701,1,1,1,0.0,0.0,0.0,0.0,1.0,0.0,0.0,0,5.0,Low
1702,3,1,3,2.0,28156.120000000003,0.0,0.0,1.0,668.0,50.0,0,25.0,Medium
1703,2,1,2,2.0,13684.16,0.0,0.0,0.0,0.0,0.0,0,0.0,Low
1704,4,1,4,4.0,55502.009999999995,1.0,25.0,0.0,0.0,0.0,0,10.0,Low
1705,4,1,4,4.0,32959.08,1.0,25.0,0.0,0.0,0.0,0,10.0,Low
1706,2,1,2,2.0,24836.35,0.0,0.0,0.0,0.0,0.0,0,0.0,Low
1707,3,1,3,3.0,33084.53,0.0,0.0,0.0,0.0,0.0,0,0.0,Low
1708,5,1,5,5.0,70896.29000000001,0.0,0.0,0.0,0.0,0.0,0,10.0,Low
1709,6,2,7,7.0,77961.67,0.0,0.0,0.0,0.0,0.0,0,10.0,Low
1710,1,1,1,1.0,13492.19,0.0,0.0,0.0,0.0,0.0,0,0.0,Low
1711,3,1,3,2.0,21144.870000000003,0.0,0.0,1.0,2999.94,50.0,0,25.0,Medium
1712,4,2,5,4.0,38622.51,0.0,0.0,1.0,2052.97,25.0,0,25.0,Medium
1713,4,1,4,4.0,55056.65,0.0,0.0,0.0,0.0,0.0,0,0.0,Low
1714,6,3,8,7.0,57991.659999999996,1.0,14.285714285714285,1.0,1528.27,14.285714285714285,0,40.0,Medium
1715,9,4,12,11.0,108029.77,2.0,18.181818181818183,1.0,2423.45,9.090909090909092,0,40.0,Medium
1716,3,1,3,3.0,25549.05,0.0,0.0,0.0,0.0,0.0,0,0.0,Low
1717,1,1,1,1.0,19750.0,0.0,0.0,0.0,0.0,0.0,0,0.0,Low
1718,2,1,2,2.0,7959.91,0.0,0.0,0.0,0.0,0.0,0,0.0,Low
1719,1,1,1,1.0,7061.85,0.0,0.0,0.0,0.0,0.0,0,0.0,Low
1720,1,1,1,1.0,19969.0,0.0,0.0,0.0,0.0,0.0,0,0.0,Low
1721,2,1,2,2.0,43853.14,0.0,0.0,0.0,0.0,0.0,0,0.0,Low
1722,3,3,5,3.0,23306.33,1.0,33.33333333333333,2.0,11731.46,66.66666666666666,0,45.0,Medium
1723,1,1,1,1.0,15505.62,0.0,0.0,0.0,0.0,0.0,0,0.0,Low
1724,2,1,2,2.0,25327.61,1.0,50.0,0.0,0.0,0.0,0,10.0,Low
1725,5,1,5,5.0,50918.52,0.0,0.0,0.0,0.0,0.0,0,10.0,Low
1726,3,1,3,3.0,31582.230000000003,0.0,0.0,0.0,0.0,0.0,0,0.0,Low
1727,1,1,1,1.0,3064.63,0.0,0.0,0.0,0.0,0.0,0,0.0,Low
1728,8,3,10,9.0,126225.88,1.0,11.11111111111111,1.0,1890.0,11.11111111111111,0,40.0,Medium
1729,4,2,5,2.0,37980.47,0.0,0.0,3.0,7663.62,150.0,0,35.0,Medium
1730,2,1,2,2.0,13375.6,0.0,0.0,0.0,0.0,0.0,0,0.0,Low
1731,3,2,4,4.0,26240.09,0.0,0.0,0.0,0.0,0.0,0,0.0,Low
1732,1,1,1,1.0,24311.81,0.0,0.0,0.0,0.0,0.0,0,0.0,Low
1733,10,6,15,14.0,146567.14,0.0,0.0,1.0,2691.36,7.142857142857142,0,40.0,Medium
1734,4,1,4,4.0,30960.63,1.0,25.0,0.0,0.0,0.0,0,10.0,Low
1735,3,1,3,3.0,39073.68,0.0,0.0,0.0,0.0,0.0,0,0.0,Low
1736,8,4,11,10.0,100110.34,1.0,10.0,1.0,1855.84,10.0,0,40.0,Medium
1737,3,1,3,3.0,32043.33,0.0,0.0,0.0,0.0,0.0,0,0.0,Low
1738,10,4,13,13.0,145909.91,2.0,15.384615384615385,0.0,0.0,0.0,0,15.0,Low
1739,5,1,5,4.0,65957.58,1.0,25.0,1.0,2512.35,25.0,0,45.0,Medium
1740,4,1,4,4.0,58516.49,0.0,0.0,0.0,0.0,0.0,0,0.0,Low
1741,3,1,3,3.0,38257.770000000004,0.0,0.0,0.0,0.0,0.0,0,0.0,Low
1742,2,1,2,2.0,18926.78,0.0,0.0,0.0,0.0,0.0,0,0.0,Low
1743,2,1,2,2.0,1695.58,0.0,0.0,0.0,0.0,0.0,0,0.0,Low
1744,7,3,9,9.0,90639.22,0.0,0.0,0.0,0.0,0.0,0,15.0,Low
1745,1,1,1,0.0,0.0,0.0,0.0,1.0,1570.15,0.0,0,5.0,Low
1746,1,1,1,1.0,10041.94,0.0,0.0,0.0,0.0,0.0,0,0.0,Low
1747,6,2,7,6.0,85069.61,1.0,16.666666666666664,1.0,6490.82,16.666666666666664,0,35.0,Medium
1748,2,2,3,3.0,23327.58,1.0,33.33333333333333,0.0,0.0,0.0,0,10.0,Low
1749,2,1,2,2.0,31212.25,0.0,0.0,0.0,0.0,0.0,0,0.0,Low
1750,3,1,3,3.0,22065.15,1.0,33.33333333333333,0.0,0.0,0.0,0,10.0,Low
1751,4,1,4,4.0,35095.8,0.0,0.0,0.0,0.0,0.0,0,0.0,Low
1752,2,1,2,1.0,1671.6,0.0,0.0,1.0,653.0,100.0,0,25.0,Medium
1753,3,1,3,3.0,41709.34,0.0,0.0,0.0,0.0,0.0,0,0.0,Low
1754,5,1,5,5.0,69396.56,0.0,0.0,0.0,0.0,0.0,0,10.0,Low
1755,4,2,5,5.0,58769.1,3.0,60.0,0.0,0.0,0.0,0,10.0,Low
1756,2,1,2,2.0,35344.6,0.0,0.0,0.0,0.0,0.0,0,0.0,Low
1757,4,1,4,4.0,29168.93,0.0,0.0,0.0,0.0,0.0,0,0.0,Low
1758,2,1,2,2.0,38750.41,0.0,0.0,0.0,0.0,0.0,0,0.0,Low
1759,1,1,1,1.0,10245.0,0.0,0.0,0.0,0.0,0.0,0,0.0,Low
1760,1,1,1,1.0,13945.48,0.0,0.0,0.0,0.0,0.0,0,0.0,Low
1761,4,1,4,4.0,35012.93,0.0,0.0,0.0,0.0,0.0,0,0.0,Low
1762,4,1,4,4.0,54602.27,1.0,25.0,0.0,0.0,0.0,0,10.0,Low
1763,3,1,3,3.0,43568.520000000004,0.0,0.0,0.0,0.0,0.0,0,0.0,Low
1764,5,1,5,4.0,54805.99,1.0,25.0,1.0,743.0,25.0,0,45.0,Medium
1765,2,1,2,2.0,23184.92,0.0,0.0,0.0,0.0,0.0,0,0.0,Low
1766,5,1,5,4.0,57378.81,0.0,0.0,1.0,7882.54,25.0,0,35.0,Medium
1767,3,1,3,3.0,39155.53,0.0,0.0,0.0,0.0,0.0,0,0.0,Low
1768,4,1,4,4.0,69190.35,0.0,0.0,0.0,0.0,0.0,0,0.0,Low
1769,4,1,4,4.0,44126.69,1.0,25.0,0.0,0.0,0.0,0,10.0,Low
1770,3,1,3,3.0,41815.38,0.0,0.0,0.0,0.0,0.0,0,0.0,Low
1771,9,2,10,9.0,136281.95,0.0,0.0,1.0,6769.33,11.11111111111111,0,35.0,Medium
1772,3,1,3,2.0,14857.2,0.0,0.0,1.0,1274.95,50.0,0,25.0,Medium
1773,2,1,2,2.0,9232.439999999999,0.0,0.0,0.0,0.0,0.0,0,0.0,Low
1774,9,3,11,11.0,129299.62,1.0,9.090909090909092,0.0,0.0,0.0,0,15.0,Low
1775,4,2,5,4.0,35867.63,0.0,0.0,1.0,305.0,25.0,0,25.0,Medium
1776,3,2,4,4.0,67445.33,1.0,25.0,0.0,0.0,0.0,0,10.0,Low
1777,2,1,2,1.0,9455.92,0.0,0.0,1.0,4124.85,100.0,0,25.0,Medium
1778,4,4,7,6.0,67920.06,0.0,0.0,1.0,2150.0,16.666666666666664,0,30.0,Medium
1779,1,1,1,1.0,4796.12,0.0,0.0,0.0,0.0,0.0,0,0.0,Low
1780,2,1,2,2.0,39037.229999999996,1.0,50.0,0.0,0.0,0.0,0,10.0,Low
1781,5,2,6,6.0,81604.98,0.0,0.0,0.0,0.0,0.0,0,10.0,Low
1782,2,1,2,2.0,32189.85,0.0,0.0,0.0,0.0,0.0,0,0.0,Low
1783,3,1,3,2.0,33279.83,0.0,0.0,1.0,687.82,50.0,0,25.0,Medium
1784,3,1,3,3.0,12699.74,0.0,0.0,0.0,0.0,0.0,0,0.0,Low
1785,1,1,1,1.0,4252.26,0.0,0.0,0.0,0.0,0.0,0,0.0,Low
1786,1,1,1,1.0,10744.0,0.0,0.0,0.0,0.0,0.0,0,0.0,Low
1787,2,1,2,2.0,27468.38,0.0,0.0,0.0,0.0,0.0,0,0.0,Low
1788,4,1,4,3.0,25977.32,0.0,0.0,1.0,1771.56,33.33333333333333,0,25.0,Medium
1789,7,2,8,8.0,123039.2,1.0,12.5,0.0,0.0,0.0,0,10.0,Low
1790,4,2,5,5.0,55420.479999999996,2.0,40.0,0.0,0.0,0.0,0,10.0,Low
1791,6,2,7,7.0,101687.18,0.0,0.0,0.0,0.0,0.0,0,10.0,Low
1792,4,2,5,5.0,50156.54,0.0,0.0,0.0,0.0,0.0,0,0.0,Low
1793,13,6,18,16.0,190972.99,2.0,12.5,2.0,15972.27,12.5,0,45.0,Medium
1794,2,1,2,2.0,14948.32,0.0,0.0,0.0,0.0,0.0,0,0.0,Low
1795,2,1,2,2.0,19908.54,0.0,0.0,0.0,0.0,0.0,0,0.0,Low
1796,1,1,1,1.0,23316.88,0.0,0.0,0.0,0.0,0.0,0,0.0,Low
1797,2,1,2,2.0,15720.94,0.0,0.0,0.0,0.0,0.0,0,0.0,Low
1798,4,1,4,4.0,57579.39,0.0,0.0,0.0,0.0,0.0,0,0.0,Low
1799,2,1,2,2.0,34321.0,0.0,0.0,0.0,0.0,0.0,0,0.0,Low
1800,4,1,4,4.0,43568.649999999994,0.0,0.0,0.0,0.0,0.0,0,0.0,Low
1801,1,1,1,1.0,627.19,1.0,100.0,0.0,0.0,0.0,0,10.0,Low
1802,1,1,1,1.0,742.19,0.0,0.0,0.0,0.0,0.0,0,0.0,Low
1803,3,1,3,2.0,21042.54,1.0,50.0,1.0,1313.0,50.0,0,35.0,Medium
1804,1,1,1,1.0,18585.45,0.0,0.0,0.0,0.0,0.0,0,0.0,Low
1805,8,2,9,8.0,115390.66,0.0,0.0,1.0,928.0,12.5,0,35.0,Medium
1806,9,4,12,10.0,102155.04,2.0,20.0,2.0,7857.69,20.0,0,55.0,High
1807,3,1,3,3.0,18459.31,0.0,0.0,0.0,0.0,0.0,0,0.0,Low
1808,1,1,1,1.0,3673.9,0.0,0.0,0.0,0.0,0.0,0,0.0,Low
1809,4,1,4,4.0,58854.81,0.0,0.0,0.0,0.0,0.0,0,0.0,Low
1810,2,1,2,2.0,17813.239999999998,0.0,0.0,0.0,0.0,0.0,0,0.0,Low
1811,4,1,4,4.0,57598.87,1.0,25.0,0.0,0.0,0.0,0,10.0,Low
1812,3,1,3,3.0,10195.77,1.0,33.33333333333333,0.0,0.0,0.0,0,10.0,Low
1813,2,1,2,2.0,32804.14,0.0,0.0,0.0,0.0,0.0,0,0.0,Low
1814,1,1,1,1.0,15719.49,0.0,0.0,0.0,0.0,0.0,0,0.0,Low
1815,2,1,2,2.0,30051.67,0.0,0.0,0.0,0.0,0.0,0,0.0,Low
1816,3,2,4,4.0,51261.46,0.0,0.0,0.0,0.0,0.0,0,0.0,Low
1817,3,1,3,2.0,19641.3,1.0,50.0,1.0,19778.02,50.0,0,35.0,Medium
1818,2,1,2,2.0,22206.63,0.0,0.0,0.0,0.0,0.0,0,0.0,Low
1819,4,1,4,4.0,77172.54000000001,0.0,0.0,0.0,0.0,0.0,0,0.0,Low
1820,1,1,1,1.0,7569.0,0.0,0.0,0.0,0.0,0.0,0,0.0,Low
1821,3,1,3,3.0,27820.8,0.0,0.0,0.0,0.0,0.0,0,0.0,Low
1822,3,3,5,5.0,56690.8,0.0,0.0,0.0,0.0,0.0,0,5.0,Low
1823,8,3,10,10.0,122809.78,0.0,0.0,0.0,0.0,0.0,0,15.0,Low
1824,2,1,2,2.0,8321.18,0.0,0.0,0.0,0.0,0.0,0,0.0,Low
1825,4,1,4,4.0,27850.56,1.0,25.0,0.0,0.0,0.0,0,10.0,Low
1826,3,1,3,3.0,25366.300000000003,1.0,33.33333333333333,0.0,0.0,0.0,0,10.0,Low
1827,4,1,4,4.0,63924.91,0.0,0.0,0.0,0.0,0.0,0,0.0,Low
1828,3,1,3,3.0,47831.14,0.0,0.0,0.0,0.0,0.0,0,0.0,Low
1829,4,1,4,3.0,42352.87,0.0,0.0,1.0,26207.56,33.33333333333333,1,40.0,Medium
1830,3,1,3,3.0,24421.2,1.0,33.33333333333333,0.0,0.0,0.0,0,10.0,Low
1831,2,1,2,2.0,28909.22,0.0,0.0,0.0,0.0,0.0,0,0.0,Low
1832,1,1,1,1.0,24887.14,0.0,0.0,0.0,0.0,0.0,0,0.0,Low
1833,2,1,2,2.0,40855.869999999995,0.0,0.0,0.0,0.0,0.0,0,0.0,Low
1834,3,1,3,2.0,25863.61,0.0,0.0,1.0,1853.91,50.0,0,25.0,Medium
1835,4,1,4,4.0,67924.57,2.0,50.0,0.0,0.0,0.0,0,10.0,Low
1836,2,1,2,2.0,15812.44,0.0,0.0,0.0,0.0,0.0,0,0.0,Low
1837,8,3,10,9.0,109461.95,3.0,33.33333333333333,1.0,9937.63,11.11111111111111,0,50.0,High
1838,1,1,1,1.0,9817.2,0.0,0.0,0.0,0.0,0.0,0,0.0,Low
1839,3,1,3,3.0,73681.17,1.0,33.33333333333333,0.0,0.0,0.0,0,10.0,Low
1840,1,1,1,1.0,163.15,0.0,0.0,0.0,0.0,0.0,0,0.0,Low
1841,2,1,2,2.0,18705.12,0.0,0.0,0.0,0.0,0.0,0,0.0,Low
1842,2,1,2,2.0,24354.35,0.0,0.0,0.0,0.0,0.0,0,0.0,Low
1843,1,1,1,1.0,21916.0,0.0,0.0,0.0,0.0,0.0,0,0.0,Low
1844,3,1,3,2.0,17048.07,0.0,0.0,1.0,0.0,50.0,0,25.0,Medium
1845,2,1,2,2.0,42821.0,0.0,0.0,0.0,0.0,0.0,0,0.0,Low
1846,6,2,7,7.0,58305.77,1.0,14.285714285714285,0.0,0.0,0.0,0,10.0,Low
1847,4,1,4,4.0,40179.16,0.0,0.0,0.0,0.0,0.0,0,0.0,Low
1848,4,1,4,4.0,51570.92,0.0,0.0,0.0,0.0,0.0,0,0.0,Low
1849,4,1,4,3.0,40448.37,1.0,33.33333333333333,1.0,1933.11,33.33333333333333,0,35.0,Medium
1850,1,1,1,1.0,19026.73,0.0,0.0,0.0,0.0,0.0,0,0.0,Low
1851,3,1,3,3.0,24673.34,0.0,0.0,0.0,0.0,0.0,0,0.0,Low
1852,3,1,3,3.0,35984.03,0.0,0.0,0.0,0.0,0.0,0,0.0,Low
1853,2,1,2,2.0,16180.17,0.0,0.0,0.0,0.0,0.0,0,0.0,Low
1854,3,1,3,3.0,22561.37,1.0,33.33333333333333,0.0,0.0,0.0,0,10.0,Low
1855,2,1,2,2.0,20951.7,0.0,0.0,0.0,0.0,0.0,0,0.0,Low
1856,3,1,3,3.0,31975.17,0.0,0.0,0.0,0.0,0.0,0,0.0,Low
1857,3,1,3,3.0,45012.36,0.0,0.0,0.0,0.0,0.0,0,0.0,Low
1858,2,1,2,1.0,839.58,0.0,0.0,1.0,0.0,100.0,0,25.0,Medium
1859,11,4,14,13.0,189151.55000000002,0.0,0.0,1.0,752.1,7.6923076923076925,0,40.0,Medium
1860,4,1,4,3.0,27066.07,2.0,66.66666666666666,1.0,1273.59,33.33333333333333,0,35.0,Medium
1861,11,3,13,10.0,150393.48,0.0,0.0,3.0,5937.89,30.0,0,50.0,High
1862,2,1,2,2.0,31522.02,1.0,50.0,0.0,0.0,0.0,0,10.0,Low
1863,6,1,6,5.0,54373.65,1.0,20.0,1.0,0.0,20.0,0,45.0,Medium
1864,4,1,4,4.0,34067.47,1.0,25.0,0.0,0.0,0.0,0,10.0,Low
1865,1,1,1,1.0,869.08,0.0,0.0,0.0,0.0,0.0,0,0.0,Low
1866,8,2,9,9.0,127024.74,1.0,11.11111111111111,0.0,0.0,0.0,0,10.0,Low
1867,2,1,2,2.0,43822.53,0.0,0.0,0.0,0.0,0.0,0,0.0,Low
1868,3,2,4,3.0,38556.99,0.0,0.0,1.0,45384.61,33.33333333333333,1,40.0,Medium
1869,4,2,5,5.0,66760.85,1.0,20.0,0.0,0.0,0.0,0,10.0,Low
1870,4,1,4,4.0,75347.67,0.0,0.0,0.0,0.0,0.0,0,0.0,Low
1871,2,1,2,2.0,26065.73,0.0,0.0,0.0,0.0,0.0,0,0.0,Low
1872,3,1,3,3.0,33364.47,0.0,0.0,0.0,0.0,0.0,0,0.0,Low
1873,3,1,3,3.0,36490.909999999996,0.0,0.0,0.0,0.0,0.0,0,0.0,Low
1874,2,1,2,2.0,42492.44,0.0,0.0,0.0,0.0,0.0,0,0.0,Low
1875,2,1,2,2.0,37501.39,0.0,0.0,0.0,0.0,0.0,0,0.0,Low
1876,7,2,8,8.0,113576.79,0.0,0.0,0.0,0.0,0.0,0,10.0,Low
1877,3,1,3,3.0,38889.63,2.0,66.66666666666666,0.0,0.0,0.0,0,10.0,Low
1878,2,1,2,2.0,25713.02,0.0,0.0,0.0,0.0,0.0,0,0.0,Low
1879,3,1,3,2.0,41906.86,0.0,0.0,1.0,1372.0,50.0,0,25.0,Medium
1880,3,1,3,3.0,38908.05,0.0,0.0,0.0,0.0,0.0,0,0.0,Low
1881,3,1,3,3.0,47604.64,0.0,0.0,0.0,0.0,0.0,0,0.0,Low
1882,2,1,2,2.0,23902.11,1.0,50.0,0.0,0.0,0.0,0,10.0,Low
1883,4,1,4,4.0,48892.55,1.0,25.0,0.0,0.0,0.0,0,10.0,Low
1884,3,1,3,2.0,29654.65,0.0,0.0,1.0,4072.76,50.0,0,25.0,Medium
1885,2,1,2,2.0,10395.26,0.0,0.0,0.0,0.0,0.0,0,0.0,Low
1886,3,1,3,3.0,28931.989999999998,0.0,0.0,0.0,0.0,0.0,0,0.0,Low
1887,12,3,14,12.0,174280.3,3.0,25.0,2.0,4950.6900000000005,16.666666666666664,0,55.0,High
1888,2,1,2,1.0,15654.85,0.0,0.0,1.0,8611.05,100.0,0,25.0,Medium
1889,5,1,5,5.0,42263.72,1.0,20.0,0.0,0.0,0.0,0,20.0,Low
1890,2,1,2,1.0,20691.98,0.0,0.0,1.0,8084.93,100.0,0,25.0,Medium
1891,2,1,2,2.0,27279.45,0.0,0.0,0.0,0.0,0.0,0,0.0,Low
1892,1,1,1,1.0,18772.25,0.0,0.0,0.0,0.0,0.0,0,0.0,Low
1893,6,3,8,7.0,117728.59,0.0,0.0,1.0,1908.8,14.285714285714285,0,40.0,Medium
1894,7,3,9,9.0,119318.11,1.0,11.11111111111111,0.0,0.0,0.0,0,15.0,Low
1895,3,1,3,3.0,27875.72,0.0,0.0,0.0,0.0,0.0,0,0.0,Low
1896,5,2,6,5.0,46358.74,1.0,20.0,1.0,548.0,20.0,0,45.0,Medium
1897,14,4,17,13.0,171159.16,0.0,0.0,4.0,9179.34,30.76923076923077,0,55.0,High
1898,2,1,2,2.0,30555.1,0.0,0.0,0.0,0.0,0.0,0,0.0,Low
1899,8,3,10,8.0,138582.63,0.0,0.0,2.0,2347.34,25.0,0,45.0,Medium
1900,2,1,2,2.0,9838.49,0.0,0.0,0.0,0.0,0.0,0,0.0,Low
1901,10,2,11,9.0,91353.22,2.0,22.22222222222222,2.0,22630.14,22.22222222222222,0,50.0,High
1902,1,1,1,1.0,8937.48,0.0,0.0,0.0,0.0,0.0,0,0.0,Low
1903,2,1,2,2.0,22930.07,0.0,0.0,0.0,0.0,0.0,0,0.0,Low
1904,3,1,3,2.0,9578.26,0.0,0.0,1.0,2703.6,50.0,0,25.0,Medium
1905,5,2,6,5.0,53407.28,0.0,0.0,1.0,2538.09,20.0,0,35.0,Medium
1906,3,1,3,3.0,43367.44,0.0,0.0,0.0,0.0,0.0,0,0.0,Low
1907,2,1,2,2.0,39003.240000000005,0.0,0.0,0.0,0.0,0.0,0,0.0,Low
1908,3,1,3,2.0,22642.06,0.0,0.0,1.0,3536.59,50.0,0,25.0,Medium
1909,6,2,7,7.0,47389.26,1.0,14.285714285714285,0.0,0.0,0.0,0,10.0,Low
1910,3,1,3,3.0,46806.12,0.0,0.0,0.0,0.0,0.0,0,0.0,Low
1911,2,1,2,2.0,13503.01,0.0,0.0,0.0,0.0,0.0,0,0.0,Low
1912,1,1,1,1.0,12316.13,0.0,0.0,0.0,0.0,0.0,0,0.0,Low
1913,6,2,7,7.0,100105.13,1.0,14.285714285714285,0.0,0.0,0.0,0,10.0,Low
1914,2,1,2,2.0,24676.769999999997,0.0,0.0,0.0,0.0,0.0,0,0.0,Low
1915,2,1,2,0.0,0.0,0.0,0.0,2.0,7944.01,0.0,0,10.0,Low
1916,1,1,1,1.0,7061.64,0.0,0.0,0.0,0.0,0.0,0,0.0,Low
1917,2,1,2,2.0,18234.17,0.0,0.0,0.0,0.0,0.0,0,0.0,Low
1918,3,2,4,4.0,46098.97,0.0,0.0,0.0,0.0,0.0,0,0.0,Low
1919,4,1,4,3.0,34204.3,0.0,0.0,1.0,3661.74,33.33333333333333,0,25.0,Medium
1920,12,4,15,12.0,137779.91,2.0,16.666666666666664,3.0,2073.1,25.0,0,50.0,High
1921,3,1,3,3.0,55228.93,0.0,0.0,0.0,0.0,0.0,0,0.0,Low
1922,2,1,2,2.0,28993.71,0.0,0.0,0.0,0.0,0.0,0,0.0,Low
1923,2,1,2,2.0,31972.36,0.0,0.0,0.0,0.0,0.0,0,0.0,Low
1924,2,1,2,1.0,22561.3,0.0,0.0,1.0,988.98,100.0,0,25.0,Medium
1925,9,3,11,11.0,146921.82,3.0,27.27272727272727,0.0,0.0,0.0,0,25.0,Medium
1926,2,1,2,2.0,25459.07,0.0,0.0,0.0,0.0,0.0,0,0.0,Low
1927,2,2,3,3.0,40607.35,0.0,0.0,0.0,0.0,0.0,0,0.0,Low
1928,2,1,2,1.0,2537.06,0.0,0.0,1.0,2142.0,100.0,0,25.0,Medium
1929,5,3,7,6.0,73847.67,0.0,0.0,1.0,0.0,16.666666666666664,0,40.0,Medium
1930,2,1,2,2.0,32250.01,0.0,0.0,0.0,0.0,0.0,0,0.0,Low
1931,3,1,3,2.0,38683.369999999995,0.0,0.0,1.0,3123.85,50.0,0,25.0,Medium
1932,3,1,3,3.0,45139.6,0.0,0.0,0.0,0.0,0.0,0,0.0,Low
1933,10,4,13,11.0,116968.35,0.0,0.0,2.0,2710.3900000000003,18.181818181818183,0,45.0,Medium
1934,1,1,1,1.0,7460.59,1.0,100.0,0.0,0.0,0.0,0,10.0,Low
1935,1,1,1,1.0,9370.0,0.0,0.0,0.0,0.0,0.0,0,0.0,Low
1936,5,1,5,4.0,55887.69,0.0,0.0,1.0,1017.08,25.0,0,35.0,Medium
1937,3,1,3,2.0,15800.380000000001,0.0,0.0,1.0,2218.94,50.0,0,25.0,Medium
1938,2,2,3,3.0,45894.68,0.0,0.0,0.0,0.0,0.0,0,0.0,Low
1939,1,1,1,0.0,0.0,0.0,0.0,1.0,1047.67,0.0,0,5.0,Low
1940,2,1,2,2.0,18714.84,1.0,50.0,0.0,0.0,0.0,0,10.0,Low
1941,1,1,1,1.0,20766.28,0.0,0.0,0.0,0.0,0.0,0,0.0,Low
1942,15,7,21,21.0,277377.75,0.0,0.0,0.0,0.0,0.0,0,15.0,Low
1943,3,1,3,2.0,27113.65,0.0,0.0,1.0,1915.5,50.0,0,25.0,Medium
1944,12,5,16,15.0,166785.06,3.0,20.0,1.0,701.39,6.666666666666667,0,50.0,High
1945,1,1,1,1.0,4019.96,0.0,0.0,0.0,0.0,0.0,0,0.0,Low
1946,3,1,3,2.0,41348.740000000005,0.0,0.0,1.0,378.3,50.0,0,25.0,Medium
1947,2,1,2,2.0,12013.109999999999,0.0,0.0,0.0,0.0,0.0,0,0.0,Low
1948,1,1,1,1.0,9645.22,0.0,0.0,0.0,0.0,0.0,0,0.0,Low
1949,1,1,1,1.0,19093.16,0.0,0.0,0.0,0.0,0.0,0,0.0,Low
1950,2,1,2,2.0,20642.78,0.0,0.0,0.0,0.0,0.0,0,0.0,Low
1951,2,1,2,2.0,20526.0,1.0,50.0,0.0,0.0,0.0,0,10.0,Low
1952,3,1,3,3.0,41191.060000000005,0.0,0.0,0.0,0.0,0.0,0,0.0,Low
1953,4,1,4,3.0,33527.54,1.0,33.33333333333333,1.0,1159.44,33.33333333333333,0,35.0,Medium
1954,1,1,1,1.0,10122.34,0.0,0.0,0.0,0.0,0.0,0,0.0,Low
1955,3,1,3,3.0,32116.17,0.0,0.0,0.0,0.0,0.0,0,0.0,Low
1956,1,1,1,1.0,18596.75,0.0,0.0,0.0,0.0,0.0,0,0.0,Low
1957,4,1,4,3.0,24296.309999999998,0.0,0.0,1.0,1251.7,33.33333333333333,0,25.0,Medium
1958,2,1,2,1.0,18433.32,0.0,0.0,1.0,12244.08,100.0,0,25.0,Medium
1959,1,1,1,1.0,21928.49,0.0,0.0,0.0,0.0,0.0,0,0.0,Low
1960,3,2,4,4.0,49682.64,0.0,0.0,0.0,0.0,0.0,0,0.0,Low
1961,1,1,1,1.0,20266.99,0.0,0.0,0.0,0.0,0.0,0,0.0,Low
1962,5,2,6,5.0,56264.04,1.0,20.0,1.0,0.0,20.0,0,45.0,Medium
1963,2,1,2,2.0,22661.97,0.0,0.0,0.0,0.0,0.0,0,0.0,Low
1964,3,1,3,3.0,29844.93,0.0,0.0,0.0,0.0,0.0,0,0.0,Low
1965,5,3,7,7.0,97313.77,2.0,28.57142857142857,0.0,0.0,0.0,0,25.0,Medium
1966,6,3,8,6.0,66797.15,1.0,16.666666666666664,2.0,1960.88,33.33333333333333,0,45.0,Medium
1967,1,1,1,1.0,253.18,0.0,0.0,0.0,0.0,0.0,0,0.0,Low
1968,3,1,3,3.0,50991.299999999996,0.0,0.0,0.0,0.0,0.0,0,0.0,Low
1969,2,1,2,2.0,21971.88,0.0,0.0,0.0,0.0,0.0,0,0.0,Low
1970,3,1,3,3.0,11505.87,2.0,66.66666666666666,0.0,0.0,0.0,0,10.0,Low
1971,1,1,1,1.0,13010.56,0.0,0.0,0.0,0.0,0.0,0,0.0,Low
1972,3,1,3,3.0,18799.28,0.0,0.0,0.0,0.0,0.0,0,0.0,Low
1973,3,1,3,3.0,23225.04,0.0,0.0,0.0,0.0,0.0,0,0.0,Low
1974,1,1,1,1.0,6514.57,0.0,0.0,0.0,0.0,0.0,0,0.0,Low
1975,2,1,2,2.0,43041.79,0.0,0.0,0.0,0.0,0.0,0,0.0,Low
1976,1,1,1,1.0,10709.45,0.0,0.0,0.0,0.0,0.0,0,0.0,Low
1977,2,1,2,2.0,8285.02,0.0,0.0,0.0,0.0,0.0,0,0.0,Low
1978,4,1,4,3.0,24292.5,0.0,0.0,1.0,1561.28,33.33333333333333,0,25.0,Medium
1979,2,1,2,2.0,24409.88,0.0,0.0,0.0,0.0,0.0,0,0.0,Low
1980,2,1,2,2.0,6710.71,0.0,0.0,0.0,0.0,0.0,0,0.0,Low
1981,1,1,1,1.0,7115.75,0.0,0.0,0.0,0.0,0.0,0,0.0,Low
1982,6,3,8,7.0,86406.97,1.0,14.285714285714285,1.0,0.0,14.285714285714285,0,40.0,Medium
1983,3,1,3,3.0,50540.8,1.0,33.33333333333333,0.0,0.0,0.0,0,10.0,Low
1984,13,4,16,15.0,161315.69,0.0,0.0,1.0,1887.01,6.666666666666667,0,40.0,Medium
1985,2,1,2,1.0,15048.0,0.0,0.0,1.0,10226.59,100.0,0,25.0,Medium
1986,3,1,3,2.0,24827.5,0.0,0.0,1.0,1080.46,50.0,0,25.0,Medium
1987,1,1,1,1.0,15802.0,0.0,0.0,0.0,0.0,0.0,0,0.0,Low
1988,5,1,5,5.0,76735.29000000001,0.0,0.0,0.0,0.0,0.0,0,10.0,Low
1989,4,1,4,4.0,26873.98,0.0,0.0,0.0,0.0,0.0,0,0.0,Low
1990,3,2,4,3.0,38405.93,0.0,0.0,1.0,1209.77,33.33333333333333,0,25.0,Medium
1991,3,1,3,3.0,54771.270000000004,0.0,0.0,0.0,0.0,0.0,0,0.0,Low
1992,4,1,4,3.0,23096.440000000002,1.0,33.33333333333333,1.0,7404.88,33.33333333333333,0,35.0,Medium
1993,6,3,8,7.0,89466.7,1.0,14.285714285714285,1.0,676.77,14.285714285714285,0,40.0,Medium
1994,5,1,5,5.0,63310.47,1.0,20.0,0.0,0.0,0.0,0,20.0,Low
1995,1,1,1,0.0,0.0,0.0,0.0,1.0,734.0,0.0,0,5.0,Low
1996,4,1,4,4.0,65429.5,0.0,0.0,0.0,0.0,0.0,0,0.0,Low
1997,2,1,2,2.0,28854.57,1.0,50.0,0.0,0.0,0.0,0,10.0,Low
1998,2,1,2,1.0,729.75,0.0,0.0,1.0,4814.0,100.0,0,25.0,Medium
1999,3,1,3,3.0,60052.490000000005,0.0,0.0,0.0,0.0,0.0,0,0.0,Low
2000,4,2,5,4.0,59326.33,1.0,25.0,1.0,2565.94,25.0,0,35.0,Medium
2001,2,1,2,2.0,22225.21,0.0,0.0,0.0,0.0,0.0,0,0.0,Low
2002,1,1,1,0.0,0.0,0.0,0.0,1.0,992.78,0.0,0,5.0,Low
2003,4,1,4,2.0,26633.05,0.0,0.0,2.0,0.0,100.0,0,30.0,Medium
2004,1,1,1,1.0,18630.87,0.0,0.0,0.0,0.0,0.0,0,0.0,Low
2005,1,1,1,1.0,24781.49,0.0,0.0,0.0,0.0,0.0,0,0.0,Low
2006,16,8,23,22.0,250183.43,3.0,13.636363636363635,1.0,2672.78,4.545454545454546,0,20.0,Low
2007,9,2,10,10.0,102793.21,2.0,20.0,0.0,0.0,0.0,0,20.0,Low
2008,8,7,14,7.0,96791.41,0.0,0.0,7.0,5813.0199999999995,100.0,0,70.0,Critical
2009,4,2,5,5.0,80196.11,0.0,0.0,0.0,0.0,0.0,0,0.0,Low
2010,3,2,4,4.0,43732.89,0.0,0.0,0.0,0.0,0.0,0,0.0,Low
2011,3,1,3,3.0,26539.96,1.0,33.33333333333333,0.0,0.0,0.0,0,10.0,Low
2012,4,2,5,4.0,49555.07,1.0,25.0,1.0,2315.0,25.0,0,35.0,Medium
2013,5,1,5,5.0,76647.63,0.0,0.0,0.0,0.0,0.0,0,10.0,Low
2014,7,2,8,7.0,92175.35,2.0,28.57142857142857,1.0,2419.56,14.285714285714285,0,45.0,Medium
2015,5,3,7,6.0,72104.81999999999,1.0,16.666666666666664,1.0,2983.97,16.666666666666664,0,40.0,Medium
2016,2,1,2,2.0,21689.45,1.0,50.0,0.0,0.0,0.0,0,10.0,Low
2017,1,1,1,1.0,8602.12,0.0,0.0,0.0,0.0,0.0,0,0.0,Low
2018,5,1,5,4.0,22486.02,2.0,50.0,1.0,33975.77,25.0,1,60.0,High
2019,3,1,3,2.0,33546.990000000005,1.0,50.0,1.0,3905.0,50.0,0,35.0,Medium
2020,6,2,7,7.0,109334.69,0.0,0.0,0.0,0.0,0.0,0,10.0,Low
2021,4,3,6,6.0,71464.41,0.0,0.0,0.0,0.0,0.0,0,5.0,Low
2022,2,1,2,2.0,34455.69,0.0,0.0,0.0,0.0,0.0,0,0.0,Low
2023,4,2,5,4.0,42536.11,0.0,0.0,1.0,702.0,25.0,0,25.0,Medium
2024,1,1,1,1.0,13117.73,0.0,0.0,0.0,0.0,0.0,0,0.0,Low
2025,6,3,8,7.0,102329.07,1.0,14.285714285714285,1.0,300.44,14.285714285714285,0,40.0,Medium
2026,2,1,2,2.0,33086.75,0.0,0.0,0.0,0.0,0.0,0,0.0,Low
2027,6,1,6,5.0,54440.11,1.0,20.0,1.0,676.55,20.0,0,45.0,Medium
2028,4,1,4,4.0,22507.44,0.0,0.0,0.0,0.0,0.0,0,0.0,Low
2029,3,1,3,2.0,9254.72,1.0,50.0,1.0,3311.22,50.0,0,35.0,Medium
2030,2,1,2,2.0,11550.3,0.0,0.0,0.0,0.0,0.0,0,0.0,Low
2031,3,1,3,3.0,9437.0,0.0,0.0,0.0,0.0,0.0,0,0.0,Low
2032,2,1,2,2.0,22813.14,1.0,50.0,0.0,0.0,0.0,0,10.0,Low
2033,2,1,2,1.0,15532.12,0.0,0.0,1.0,4808.45,100.0,0,25.0,Medium
2034,2,1,2,2.0,34423.82,0.0,0.0,0.0,0.0,0.0,0,0.0,Low
2035,7,2,8,8.0,79115.6,0.0,0.0,0.0,0.0,0.0,0,10.0,Low
2036,3,1,3,2.0,21071.51,1.0,50.0,1.0,9344.29,50.0,0,35.0,Medium
2037,1,1,1,1.0,12341.0,1.0,100.0,0.0,0.0,0.0,0,10.0,Low
2038,9,4,12,12.0,186550.74,3.0,25.0,0.0,0.0,0.0,0,25.0,Medium
2039,4,1,4,4.0,81617.26,1.0,25.0,0.0,0.0,0.0,0,10.0,Low
2040,2,1,2,2.0,28191.399999999998,0.0,0.0,0.0,0.0,0.0,0,0.0,Low
2041,2,1,2,2.0,18828.22,0.0,0.0,0.0,0.0,0.0,0,0.0,Low
2042,15,5,19,18.0,244600.97,0.0,0.0,1.0,4361.29,5.555555555555555,0,40.0,Medium
2043,7,2,8,8.0,112321.78,2.0,25.0,0.0,0.0,0.0,0,20.0,Low
2044,5,2,6,5.0,26206.36,0.0,0.0,1.0,1459.8,20.0,0,35.0,Medium
2045,6,2,7,7.0,109284.25,1.0,14.285714285714285,0.0,0.0,0.0,0,10.0,Low
2046,4,1,4,4.0,58420.12,0.0,0.0,0.0,0.0,0.0,0,0.0,Low
2047,1,1,1,0.0,0.0,0.0,0.0,1.0,740.03,0.0,0,5.0,Low
2048,4,1,4,4.0,44839.58,1.0,25.0,0.0,0.0,0.0,0,10.0,Low
2049,5,2,6,5.0,56069.909999999996,0.0,0.0,1.0,8383.0,20.0,0,35.0,Medium
2050,1,1,1,0.0,0.0,0.0,0.0,1.0,0.0,0.0,0,5.0,Low
2051,1,1,1,1.0,2507.3,0.0,0.0,0.0,0.0,0.0,0,0.0,Low
2052,5,1,5,5.0,57905.9,0.0,0.0,0.0,0.0,0.0,0,10.0,Low
2053,5,1,5,5.0,36138.55,0.0,0.0,0.0,0.0,0.0,0,10.0,Low
2054,3,1,3,3.0,38542.16,0.0,0.0,0.0,0.0,0.0,0,0.0,Low
2055,1,1,1,1.0,22975.29,0.0,0.0,0.0,0.0,0.0,0,0.0,Low
2056,2,1,2,2.0,21980.129999999997,1.0,50.0,0.0,0.0,0.0,0,10.0,Low
2057,2,1,2,2.0,11001.25,0.0,0.0,0.0,0.0,0.0,0,0.0,Low
2058,3,2,4,4.0,49351.42,0.0,0.0,0.0,0.0,0.0,0,0.0,Low
2059,5,1,5,5.0,61424.15,0.0,0.0,0.0,0.0,0.0,0,10.0,Low
2060,7,2,8,8.0,121586.51,0.0,0.0,0.0,0.0,0.0,0,10.0,Low
2061,2,1,2,1.0,21203.89,0.0,0.0,1.0,540.94,100.0,0,25.0,Medium
2062,1,1,1,1.0,17325.79,0.0,0.0,0.0,0.0,0.0,0,0.0,Low
2063,4,2,5,5.0,75621.34,0.0,0.0,0.0,0.0,0.0,0,0.0,Low
2064,3,2,4,1.0,1728.09,0.0,0.0,3.0,5491.73,300.0,0,35.0,Medium
2065,2,1,2,2.0,32993.95,1.0,50.0,0.0,0.0,0.0,0,10.0,Low
2066,2,1,2,2.0,39275.71,1.0,50.0,0.0,0.0,0.0,0,10.0,Low
2067,4,1,4,4.0,46020.15,0.0,0.0,0.0,0.0,0.0,0,0.0,Low
2068,7,1,7,5.0,69222.21,1.0,20.0,2.0,11134.04,40.0,0,50.0,High
2069,3,1,3,2.0,15718.07,1.0,50.0,1.0,1547.17,50.0,0,35.0,Medium
2070,3,1,3,3.0,27686.87,0.0,0.0,0.0,0.0,0.0,0,0.0,Low
2071,3,1,3,3.0,43261.68,0.0,0.0,0.0,0.0,0.0,0,0.0,Low
2072,1,1,1,1.0,13672.0,0.0,0.0,0.0,0.0,0.0,0,0.0,Low
2073,3,2,4,3.0,35637.24,0.0,0.0,1.0,1015.09,33.33333333333333,0,25.0,Medium
2074,2,1,2,2.0,22507.38,0.0,0.0,0.0,0.0,0.0,0,0.0,Low
2075,2,1,2,2.0,16340.829999999998,0.0,0.0,0.0,0.0,0.0,0,0.0,Low
2076,3,1,3,3.0,30275.47,0.0,0.0,0.0,0.0,0.0,0,0.0,Low
2077,2,1,2,2.0,9439.55,0.0,0.0,0.0,0.0,0.0,0,0.0,Low
2078,3,1,3,3.0,43890.35,0.0,0.0,0.0,0.0,0.0,0,0.0,Low
2079,2,1,2,1.0,1784.98,0.0,0.0,1.0,3056.74,100.0,0,25.0,Medium
2080,1,1,1,1.0,21892.58,0.0,0.0,0.0,0.0,0.0,0,0.0,Low
2081,3,1,3,3.0,24444.940000000002,0.0,0.0,0.0,0.0,0.0,0,0.0,Low
2082,1,1,1,1.0,20865.95,0.0,0.0,0.0,0.0,0.0,0,0.0,Low
2083,2,1,2,2.0,35396.1,0.0,0.0,0.0,0.0,0.0,0,0.0,Low
2084,2,1,2,2.0,15042.47,0.0,0.0,0.0,0.0,0.0,0,0.0,Low
2085,1,1,1,1.0,18099.54,1.0,100.0,0.0,0.0,0.0,0,10.0,Low
2086,5,1,5,4.0,55718.66,0.0,0.0,1.0,1852.28,25.0,0,35.0,Medium
2087,2,1,2,2.0,31125.31,0.0,0.0,0.0,0.0,0.0,0,0.0,Low
2088,4,1,4,4.0,43496.47,0.0,0.0,0.0,0.0,0.0,0,0.0,Low
2089,5,1,5,5.0,58058.46,0.0,0.0,0.0,0.0,0.0,0,10.0,Low
2090,2,1,2,2.0,10276.05,1.0,50.0,0.0,0.0,0.0,0,10.0,Low
2091,3,1,3,2.0,27568.04,0.0,0.0,1.0,8304.41,50.0,0,25.0,Medium
2092,2,1,2,2.0,25772.760000000002,0.0,0.0,0.0,0.0,0.0,0,0.0,Low
2093,1,1,1,1.0,13647.12,0.0,0.0,0.0,0.0,0.0,0,0.0,Low
2094,1,1,1,0.0,0.0,0.0,0.0,1.0,4375.63,0.0,0,5.0,Low
2095,2,1,2,2.0,45038.36,1.0,50.0,0.0,0.0,0.0,0,10.0,Low
2096,5,2,6,6.0,69891.94,0.0,0.0,0.0,0.0,0.0,0,10.0,Low
2097,1,1,1,1.0,7861.04,0.0,0.0,0.0,0.0,0.0,0,0.0,Low
2098,9,3,11,10.0,134315.98,0.0,0.0,1.0,1781.0,10.0,0,40.0,Medium
2099,1,1,1,1.0,154.0,0.0,0.0,0.0,0.0,0.0,0,0.0,Low
2100,3,1,3,3.0,48242.29,0.0,0.0,0.0,0.0,0.0,0,0.0,Low
2101,1,1,1,1.0,20095.76,0.0,0.0,0.0,0.0,0.0,0,0.0,Low
2102,7,2,8,7.0,95055.9,1.0,14.285714285714285,1.0,2910.7,14.285714285714285,0,35.0,Medium
2103,4,1,4,3.0,31664.79,0.0,0.0,1.0,3882.6,33.33333333333333,0,25.0,Medium
2104,5,3,7,6.0,58356.35,2.0,33.33333333333333,1.0,455.72,16.666666666666664,0,50.0,High
2105,5,1,5,3.0,30981.08,1.0,33.33333333333333,2.0,3777.8199999999997,66.66666666666666,0,50.0,High
2106,3,1,3,3.0,51845.68,1.0,33.33333333333333,0.0,0.0,0.0,0,10.0,Low
2107,1,1,1,1.0,20188.87,0.0,0.0,0.0,0.0,0.0,0,0.0,Low
2108,3,1,3,3.0,18056.16,0.0,0.0,0.0,0.0,0.0,0,0.0,Low
2109,1,1,1,1.0,5436.71,0.0,0.0,0.0,0.0,0.0,0,0.0,Low
2110,3,1,3,3.0,48899.98,1.0,33.33333333333333,0.0,0.0,0.0,0,10.0,Low
2111,2,1,2,1.0,14498.49,0.0,0.0,1.0,1931.29,100.0,0,25.0,Medium
2112,2,1,2,2.0,31054.03,0.0,0.0,0.0,0.0,0.0,0,0.0,Low
2113,6,1,6,4.0,56922.189999999995,0.0,0.0,2.0,1948.74,50.0,0,40.0,Medium
2114,2,1,2,2.0,33869.22,0.0,0.0,0.0,0.0,0.0,0,0.0,Low
2115,4,2,5,4.0,58586.84,0.0,0.0,1.0,374.0,25.0,0,25.0,Medium
2116,5,1,5,5.0,88215.20999999999,0.0,0.0,0.0,0.0,0.0,0,10.0,Low
2117,3,1,3,2.0,9210.16,0.0,0.0,1.0,1336.86,50.0,0,25.0,Medium
2118,2,2,3,3.0,33659.15,1.0,33.33333333333333,0.0,0.0,0.0,0,10.0,Low
2119,4,1,4,3.0,26193.399999999998,0.0,0.0,1.0,12509.66,33.33333333333333,0,25.0,Medium
2120,4,2,5,5.0,43132.54,0.0,0.0,0.0,0.0,0.0,0,0.0,Low
2121,5,2,6,5.0,67203.15,0.0,0.0,1.0,953.16,20.0,0,35.0,Medium
2122,7,2,8,7.0,71806.72,0.0,0.0,1.0,7997.0,14.285714285714285,0,35.0,Medium
2123,1,1,1,1.0,14760.43,0.0,0.0,0.0,0.0,0.0,0,0.0,Low
2124,2,1,2,2.0,15284.43,0.0,0.0,0.0,0.0,0.0,0,0.0,Low
2125,3,2,4,4.0,59993.35,0.0,0.0,0.0,0.0,0.0,0,0.0,Low
2126,2,1,2,2.0,37079.62,0.0,0.0,0.0,0.0,0.0,0,0.0,Low
2127,2,1,2,1.0,21728.79,0.0,0.0,1.0,19475.24,100.0,0,25.0,Medium
2128,2,1,2,2.0,14381.73,0.0,0.0,0.0,0.0,0.0,0,0.0,Low
2129,1,1,1,1.0,4255.37,0.0,0.0,0.0,0.0,0.0,0,0.0,Low
2130,7,3,9,9.0,74641.06999999999,2.0,22.22222222222222,0.0,0.0,0.0,0,25.0,Medium
2131,5,3,7,7.0,67721.06,2.0,28.57142857142857,0.0,0.0,0.0,0,25.0,Medium
2132,1,1,1,1.0,3644.12,0.0,0.0,0.0,0.0,0.0,0,0.0,Low
2133,8,3,10,10.0,162290.22999999998,2.0,20.0,0.0,0.0,0.0,0,25.0,Medium
2134,1,1,1,1.0,14268.12,0.0,0.0,0.0,0.0,0.0,0,0.0,Low
2135,2,1,2,2.0,29921.42,0.0,0.0,0.0,0.0,0.0,0,0.0,Low
2136,5,1,5,4.0,61636.5,0.0,0.0,1.0,292.66,25.0,0,35.0,Medium
2137,1,1,1,0.0,0.0,0.0,0.0,1.0,1752.77,0.0,0,5.0,Low
2138,5,1,5,4.0,38478.229999999996,0.0,0.0,1.0,7727.87,25.0,0,35.0,Medium
2139,7,4,10,10.0,114707.45999999999,0.0,0.0,0.0,0.0,0.0,0,15.0,Low
2140,5,1,5,5.0,36170.77,0.0,0.0,0.0,0.0,0.0,0,10.0,Low
2141,4,1,4,4.0,92617.23,0.0,0.0,0.0,0.0,0.0,0,0.0,Low
2142,2,1,2,2.0,16465.87,0.0,0.0,0.0,0.0,0.0,0,0.0,Low
2143,4,2,5,5.0,51060.170000000006,0.0,0.0,0.0,0.0,0.0,0,0.0,Low
2144,4,1,4,3.0,39164.950000000004,0.0,0.0,1.0,3875.84,33.33333333333333,0,25.0,Medium
2145,1,1,1,1.0,11637.29,0.0,0.0,0.0,0.0,0.0,0,0.0,Low
2146,2,1,2,2.0,38319.83,1.0,50.0,0.0,0.0,0.0,0,10.0,Low
2147,2,1,2,2.0,36403.5,1.0,50.0,0.0,0.0,0.0,0,10.0,Low
2148,2,1,2,2.0,46644.06,1.0,50.0,0.0,0.0,0.0,0,10.0,Low
2149,3,2,4,3.0,29859.68,1.0,33.33333333333333,1.0,956.46,33.33333333333333,0,35.0,Medium
2150,2,1,2,2.0,24709.69,0.0,0.0,0.0,0.0,0.0,0,0.0,Low
2151,2,1,2,2.0,19259.7,1.0,50.0,0.0,0.0,0.0,0,10.0,Low
2152,3,1,3,3.0,47865.91,0.0,0.0,0.0,0.0,0.0,0,0.0,Low
2153,5,2,6,6.0,62446.79,2.0,33.33333333333333,0.0,0.0,0.0,0,20.0,Low
2154,3,1,3,3.0,60741.47,0.0,0.0,0.0,0.0,0.0,0,0.0,Low
2155,2,1,2,2.0,20139.96,1.0,50.0,0.0,0.0,0.0,0,10.0,Low
2156,5,2,6,6.0,109535.05,0.0,0.0,0.0,0.0,0.0,0,10.0,Low
2157,4,2,5,5.0,65084.969999999994,0.0,0.0,0.0,0.0,0.0,0,0.0,Low
2158,2,1,2,1.0,15966.74,0.0,0.0,1.0,793.0,100.0,0,25.0,Medium
2159,2,1,2,2.0,15983.37,0.0,0.0,0.0,0.0,0.0,0,0.0,Low
2160,5,1,5,5.0,42242.81,0.0,0.0,0.0,0.0,0.0,0,10.0,Low
2161,4,1,4,4.0,43363.72,0.0,0.0,0.0,0.0,0.0,0,0.0,Low
2162,2,1,2,2.0,17099.14,0.0,0.0,0.0,0.0,0.0,0,0.0,Low
2163,1,1,1,1.0,24141.0,0.0,0.0,0.0,0.0,0.0,0,0.0,Low
2164,2,1,2,2.0,22211.98,0.0,0.0,0.0,0.0,0.0,0,0.0,Low
2165,5,2,6,6.0,73099.15,0.0,0.0,0.0,0.0,0.0,0,10.0,Low
2166,5,1,5,3.0,29369.25,0.0,0.0,2.0,2944.9900000000002,66.66666666666666,0,40.0,Medium
2167,2,1,2,2.0,21932.089999999997,1.0,50.0,0.0,0.0,0.0,0,10.0,Low
2168,3,1,3,2.0,34710.270000000004,0.0,0.0,1.0,2185.09,50.0,0,25.0,Medium
2169,1,1,1,1.0,19208.51,0.0,0.0,0.0,0.0,0.0,0,0.0,Low
2170,2,1,2,2.0,26851.199999999997,0.0,0.0,0.0,0.0,0.0,0,0.0,Low
2171,2,1,2,0.0,0.0,0.0,0.0,2.0,13149.76,0.0,0,10.0,Low
2172,2,1,2,2.0,27411.7,1.0,50.0,0.0,0.0,0.0,0,10.0,Low
2173,4,1,4,3.0,45838.06,0.0,0.0,1.0,5661.32,33.33333333333333,0,25.0,Medium
2174,4,1,4,4.0,64464.25,1.0,25.0,0.0,0.0,0.0,0,10.0,Low
2175,4,1,4,3.0,38169.31,1.0,33.33333333333333,1.0,493.43,33.33333333333333,0,35.0,Medium
2176,2,1,2,2.0,42837.97,1.0,50.0,0.0,0.0,0.0,0,10.0,Low
2177,1,1,1,1.0,2111.91,0.0,0.0,0.0,0.0,0.0,0,0.0,Low
2178,2,1,2,2.0,30424.420000000002,0.0,0.0,0.0,0.0,0.0,0,0.0,Low
2179,3,1,3,3.0,23907.56,0.0,0.0,0.0,0.0,0.0,0,0.0,Low
2180,8,2,9,9.0,148146.15,0.0,0.0,0.0,0.0,0.0,0,10.0,Low
2181,3,1,3,3.0,47097.67,0.0,0.0,0.0,0.0,0.0,0,0.0,Low
2182,5,1,5,5.0,74769.73,0.0,0.0,0.0,0.0,0.0,0,10.0,Low
2183,1,1,1,1.0,12588.59,0.0,0.0,0.0,0.0,0.0,0,0.0,Low
2184,5,1,5,5.0,64396.159999999996,1.0,20.0,0.0,0.0,0.0,0,20.0,Low
2185,2,1,2,2.0,19316.51,0.0,0.0,0.0,0.0,0.0,0,0.0,Low
2186,3,1,3,3.0,52910.32,0.0,0.0,0.0,0.0,0.0,0,0.0,Low
2187,1,1,1,1.0,8352.45,1.0,100.0,0.0,0.0,0.0,0,10.0,Low
2188,10,4,13,13.0,122400.42,1.0,7.6923076923076925,0.0,0.0,0.0,0,15.0,Low
2189,3,1,3,3.0,46588.6,0.0,0.0,0.0,0.0,0.0,0,0.0,Low
2190,3,1,3,3.0,18802.78,1.0,33.33333333333333,0.0,0.0,0.0,0,10.0,Low
2191,2,1,2,2.0,30372.559999999998,0.0,0.0,0.0,0.0,0.0,0,0.0,Low
2192,4,1,4,4.0,48956.509999999995,0.0,0.0,0.0,0.0,0.0,0,0.0,Low
2193,3,1,3,3.0,52142.19,0.0,0.0,0.0,0.0,0.0,0,0.0,Low
2194,4,1,4,4.0,36175.05,0.0,0.0,0.0,0.0,0.0,0,0.0,Low
2195,9,2,10,9.0,153461.06,2.0,22.22222222222222,1.0,4240.52,11.11111111111111,0,45.0,Medium
2196,2,1,2,2.0,22116.0,0.0,0.0,0.0,0.0,0.0,0,0.0,Low
2197,2,1,2,2.0,34256.18,1.0,50.0,0.0,0.0,0.0,0,10.0,Low
2198,3,2,4,4.0,48338.69,1.0,25.0,0.0,0.0,0.0,0,10.0,Low
2199,1,1,1,1.0,6245.55,0.0,0.0,0.0,0.0,0.0,0,0.0,Low
2200,4,2,5,4.0,41201.96,2.0,50.0,1.0,1887.02,25.0,0,35.0,Medium
2201,2,1,2,2.0,22692.29,0.0,0.0,0.0,0.0,0.0,0,0.0,Low
2202,2,1,2,2.0,35934.53,0.0,0.0,0.0,0.0,0.0,0,0.0,Low
2203,3,2,4,4.0,31213.11,0.0,0.0,0.0,0.0,0.0,0,0.0,Low
2204,2,1,2,2.0,12956.400000000001,0.0,0.0,0.0,0.0,0.0,0,0.0,Low
2205,4,2,5,5.0,50814.14,2.0,40.0,0.0,0.0,0.0,0,10.0,Low
2206,1,1,1,1.0,4284.0,0.0,0.0,0.0,0.0,0.0,0,0.0,Low
2207,6,3,8,8.0,63260.799999999996,0.0,0.0,0.0,0.0,0.0,0,15.0,Low
2208,1,1,1,1.0,732.51,0.0,0.0,0.0,0.0,0.0,0,0.0,Low
2209,1,1,1,1.0,5346.44,0.0,0.0,0.0,0.0,0.0,0,0.0,Low
2210,3,1,3,3.0,17596.48,0.0,0.0,0.0,0.0,0.0,0,0.0,Low
2211,2,1,2,2.0,11072.43,0.0,0.0,0.0,0.0,0.0,0,0.0,Low
2212,1,1,1,1.0,21792.0,1.0,100.0,0.0,0.0,0.0,0,10.0,Low
2213,4,3,6,6.0,77587.84,0.0,0.0,0.0,0.0,0.0,0,5.0,Low
2214,7,2,8,8.0,73242.15000000001,0.0,0.0,0.0,0.0,0.0,0,10.0,Low
2215,1,1,1,1.0,4785.73,0.0,0.0,0.0,0.0,0.0,0,0.0,Low
2216,2,1,2,2.0,28946.86,0.0,0.0,0.0,0.0,0.0,0,0.0,Low
2217,1,1,1,1.0,22226.13,0.0,0.0,0.0,0.0,0.0,0,0.0,Low
2218,2,1,2,2.0,20714.97,0.0,0.0,0.0,0.0,0.0,0,0.0,Low
2219,1,1,1,1.0,13855.92,0.0,0.0,0.0,0.0,0.0,0,0.0,Low
2220,1,1,1,1.0,23688.6,0.0,0.0,0.0,0.0,0.0,0,0.0,Low
2221,5,3,7,6.0,100616.0,3.0,50.0,1.0,0.0,16.666666666666664,0,50.0,High
2222,1,1,1,1.0,15038.39,0.0,0.0,0.0,0.0,0.0,0,0.0,Low
2223,2,1,2,2.0,46594.97,1.0,50.0,0.0,0.0,0.0,0,10.0,Low
2224,2,1,2,2.0,39590.259999999995,0.0,0.0,0.0,0.0,0.0,0,0.0,Low
2225,2,1,2,2.0,37148.45,0.0,0.0,0.0,0.0,0.0,0,0.0,Low
2226,2,1,2,2.0,38816.770000000004,0.0,0.0,0.0,0.0,0.0,0,0.0,Low
2227,2,2,3,3.0,21965.37,0.0,0.0,0.0,0.0,0.0,0,0.0,Low
2228,3,1,3,3.0,49315.61,1.0,33.33333333333333,0.0,0.0,0.0,0,10.0,Low
2229,3,1,3,2.0,23753.18,0.0,0.0,1.0,2605.0,50.0,0,25.0,Medium
2230,3,1,3,2.0,36758.72,0.0,0.0,1.0,409.0,50.0,0,25.0,Medium
2231,2,1,2,2.0,26143.7,1.0,50.0,0.0,0.0,0.0,0,10.0,Low
2232,2,1,2,2.0,29987.54,1.0,50.0,0.0,0.0,0.0,0,10.0,Low
2233,8,4,11,11.0,133462.04,0.0,0.0,0.0,0.0,0.0,0,15.0,Low
2234,1,1,1,1.0,18910.73,0.0,0.0,0.0,0.0,0.0,0,0.0,Low
2235,2,1,2,2.0,32153.64,0.0,0.0,0.0,0.0,0.0,0,0.0,Low
2236,3,1,3,3.0,49754.89,0.0,0.0,0.0,0.0,0.0,0,0.0,Low
2237,3,2,4,4.0,36113.61,0.0,0.0,0.0,0.0,0.0,0,0.0,Low
2238,5,1,5,4.0,51577.36,0.0,0.0,1.0,1467.82,25.0,0,35.0,Medium
2239,6,2,7,6.0,59038.05,0.0,0.0,1.0,519.97,16.666666666666664,0,35.0,Medium
2240,3,1,3,3.0,22412.67,0.0,0.0,0.0,0.0,0.0,0,0.0,Low
2241,4,1,4,4.0,37757.86,1.0,25.0,0.0,0.0,0.0,0,10.0,Low
2242,1,1,1,1.0,4221.18,0.0,0.0,0.0,0.0,0.0,0,0.0,Low
2243,5,3,7,7.0,95795.41,0.0,0.0,0.0,0.0,0.0,0,15.0,Low
2244,2,1,2,1.0,5827.16,0.0,0.0,1.0,634.0,100.0,0,25.0,Medium
2245,3,1,3,3.0,36120.94,0.0,0.0,0.0,0.0,0.0,0,0.0,Low
2246,2,1,2,2.0,22517.93,1.0,50.0,0.0,0.0,0.0,0,10.0,Low
2247,1,1,1,1.0,22691.7,0.0,0.0,0.0,0.0,0.0,0,0.0,Low
2248,4,3,6,5.0,61304.25,0.0,0.0,1.0,562.07,20.0,0,30.0,Medium
2249,4,1,4,4.0,57906.43,1.0,25.0,0.0,0.0,0.0,0,10.0,Low
2250,2,1,2,2.0,28338.89,0.0,0.0,0.0,0.0,0.0,0,0.0,Low
2251,4,1,4,4.0,70378.4,1.0,25.0,0.0,0.0,0.0,0,10.0,Low
2252,1,1,1,1.0,18325.99,0.0,0.0,0.0,0.0,0.0,0,0.0,Low
2253,6,2,7,7.0,96839.22,2.0,28.57142857142857,0.0,0.0,0.0,0,20.0,Low
2254,1,1,1,1.0,13243.78,0.0,0.0,0.0,0.0,0.0,0,0.0,Low
2255,3,1,3,2.0,13964.060000000001,0.0,0.0,1.0,12194.3,50.0,0,25.0,Medium
2256,1,1,1,1.0,4342.6,0.0,0.0,0.0,0.0,0.0,0,0.0,Low
2257,4,1,4,4.0,54645.43,0.0,0.0,0.0,0.0,0.0,0,0.0,Low
2258,4,1,4,3.0,14082.97,0.0,0.0,1.0,316.55,33.33333333333333,0,25.0,Medium
2259,1,1,1,1.0,18266.85,1.0,100.0,0.0,0.0,0.0,0,10.0,Low
2260,2,1,2,2.0,15325.09,0.0,0.0,0.0,0.0,0.0,0,0.0,Low
2261,3,1,3,3.0,20388.39,0.0,0.0,0.0,0.0,0.0,0,0.0,Low
2262,4,1,4,3.0,33268.45,0.0,0.0,1.0,11729.72,33.33333333333333,0,25.0,Medium
2263,2,1,2,2.0,23412.73,0.0,0.0,0.0,0.0,0.0,0,0.0,Low
2264,4,1,4,4.0,54046.049999999996,0.0,0.0,0.0,0.0,0.0,0,0.0,Low
2265,1,1,1,1.0,7151.1,0.0,0.0,0.0,0.0,0.0,0,0.0,Low
2266,5,1,5,5.0,95792.52,0.0,0.0,0.0,0.0,0.0,0,10.0,Low
2267,2,1,2,2.0,13360.0,0.0,0.0,0.0,0.0,0.0,0,0.0,Low
2268,2,1,2,2.0,24241.2,0.0,0.0,0.0,0.0,0.0,0,0.0,Low
2269,2,1,2,2.0,26695.22,0.0,0.0,0.0,0.0,0.0,0,0.0,Low
2270,8,2,9,9.0,132157.59,0.0,0.0,0.0,0.0,0.0,0,10.0,Low
2271,4,2,5,5.0,61454.4,2.0,40.0,0.0,0.0,0.0,0,10.0,Low
2272,3,1,3,3.0,45328.83,0.0,0.0,0.0,0.0,0.0,0,0.0,Low
2273,4,1,4,4.0,92967.45,2.0,50.0,0.0,0.0,0.0,0,10.0,Low
2274,1,1,1,1.0,13484.45,0.0,0.0,0.0,0.0,0.0,0,0.0,Low
2275,7,3,9,8.0,86145.36,2.0,25.0,1.0,12115.08,12.5,0,50.0,High
2276,1,1,1,1.0,12126.62,0.0,0.0,0.0,0.0,0.0,0,0.0,Low
2277,2,1,2,2.0,32828.08,1.0,50.0,0.0,0.0,0.0,0,10.0,Low
2278,4,1,4,4.0,49271.99,0.0,0.0,0.0,0.0,0.0,0,0.0,Low
2279,3,1,3,2.0,7484.8,0.0,0.0,1.0,734.96,50.0,0,25.0,Medium
2280,4,2,5,5.0,75897.06,0.0,0.0,0.0,0.0,0.0,0,0.0,Low
2281,1,1,1,1.0,24102.32,0.0,0.0,0.0,0.0,0.0,0,0.0,Low
2282,2,1,2,2.0,20762.190000000002,0.0,0.0,0.0,0.0,0.0,0,0.0,Low
2283,2,1,2,2.0,37277.61,0.0,0.0,0.0,0.0,0.0,0,0.0,Low
2284,3,1,3,2.0,41006.08,0.0,0.0,1.0,9827.0,50.0,0,25.0,Medium
2285,1,1,1,1.0,21830.25,0.0,0.0,0.0,0.0,0.0,0,0.0,Low
2286,4,2,5,5.0,45618.09,2.0,40.0,0.0,0.0,0.0,0,10.0,Low
2287,1,1,1,1.0,11579.0,0.0,0.0,0.0,0.0,0.0,0,0.0,Low
2288,1,1,1,1.0,3217.46,0.0,0.0,0.0,0.0,0.0,0,0.0,Low
2289,6,2,7,7.0,102801.02,0.0,0.0,0.0,0.0,0.0,0,10.0,Low
2290,1,1,1,0.0,0.0,0.0,0.0,1.0,2166.47,0.0,0,5.0,Low
2291,6,2,7,6.0,95457.14,0.0,0.0,1.0,1065.28,16.666666666666664,0,35.0,Medium
2292,1,1,1,1.0,6948.0,0.0,0.0,0.0,0.0,0.0,0,0.0,Low
2293,3,1,3,2.0,23232.68,1.0,50.0,1.0,2702.06,50.0,0,35.0,Medium
2294,2,2,3,3.0,42955.79,0.0,0.0,0.0,0.0,0.0,0,0.0,Low
2295,2,1,2,2.0,27301.58,0.0,0.0,0.0,0.0,0.0,0,0.0,Low
2296,5,2,6,4.0,71633.86,0.0,0.0,2.0,2261.5299999999997,50.0,0,40.0,Medium
2297,6,2,7,6.0,63756.58,0.0,0.0,1.0,0.0,16.666666666666664,0,35.0,Medium
2298,5,2,6,6.0,47775.28,1.0,16.666666666666664,0.0,0.0,0.0,0,10.0,Low
2299,3,2,4,4.0,58031.6,0.0,0.0,0.0,0.0,0.0,0,0.0,Low
2300,2,1,2,1.0,15677.43,0.0,0.0,1.0,6400.05,100.0,0,25.0,Medium
2301,2,1,2,2.0,19729.55,0.0,0.0,0.0,0.0,0.0,0,0.0,Low
2302,6,2,7,6.0,91766.93,1.0,16.666666666666664,1.0,3679.43,16.666666666666664,0,35.0,Medium
2303,2,1,2,2.0,30318.5,0.0,0.0,0.0,0.0,0.0,0,0.0,Low
2304,2,1,2,2.0,37506.72,1.0,50.0,0.0,0.0,0.0,0,10.0,Low
2305,3,1,3,3.0,42783.92,0.0,0.0,0.0,0.0,0.0,0,0.0,Low
2306,1,2,2,2.0,21468.93,0.0,0.0,0.0,0.0,0.0,0,0.0,Low
2307,4,2,5,5.0,62925.77,0.0,0.0,0.0,0.0,0.0,0,0.0,Low
2308,7,3,9,9.0,117619.51,0.0,0.0,0.0,0.0,0.0,0,15.0,Low
2309,1,1,1,1.0,3186.71,0.0,0.0,0.0,0.0,0.0,0,0.0,Low
2310,6,4,9,8.0,74669.3,0.0,0.0,1.0,1505.96,12.5,0,40.0,Medium
2311,3,1,3,3.0,58853.21,0.0,0.0,0.0,0.0,0.0,0,0.0,Low
2312,3,1,3,3.0,46747.8,0.0,0.0,0.0,0.0,0.0,0,0.0,Low
2313,4,1,4,4.0,30789.39,1.0,25.0,0.0,0.0,0.0,0,10.0,Low
2314,2,1,2,2.0,40573.32,0.0,0.0,0.0,0.0,0.0,0,0.0,Low
2315,1,1,1,1.0,11784.6,0.0,0.0,0.0,0.0,0.0,0,0.0,Low
2316,1,1,1,1.0,5964.86,0.0,0.0,0.0,0.0,0.0,0,0.0,Low
2317,4,1,4,4.0,47164.91,0.0,0.0,0.0,0.0,0.0,0,0.0,Low
2318,6,2,7,6.0,80517.40000000001,2.0,33.33333333333333,1.0,3785.87,16.666666666666664,0,45.0,Medium
2319,2,1,2,1.0,17568.96,0.0,0.0,1.0,0.0,100.0,0,25.0,Medium
2320,2,1,2,1.0,18756.37,0.0,0.0,1.0,7674.03,100.0,0,25.0,Medium
2321,5,1,5,4.0,71908.55,0.0,0.0,1.0,1382.96,25.0,0,35.0,Medium
2322,1,1,1,1.0,14714.95,0.0,0.0,0.0,0.0,0.0,0,0.0,Low
2323,1,1,1,1.0,11138.54,0.0,0.0,0.0,0.0,0.0,0,0.0,Low
2324,2,1,2,2.0,10920.71,1.0,50.0,0.0,0.0,0.0,0,10.0,Low
2325,2,1,2,2.0,35400.09,1.0,50.0,0.0,0.0,0.0,0,10.0,Low
2326,2,1,2,2.0,5196.34,0.0,0.0,0.0,0.0,0.0,0,0.0,Low
2327,3,1,3,3.0,49389.36,0.0,0.0,0.0,0.0,0.0,0,0.0,Low
2328,2,1,2,2.0,23893.36,1.0,50.0,0.0,0.0,0.0,0,10.0,Low
2329,2,1,2,2.0,20049.45,1.0,50.0,0.0,0.0,0.0,0,10.0,Low
2330,1,1,1,1.0,1631.19,0.0,0.0,0.0,0.0,0.0,0,0.0,Low
2331,5,1,5,4.0,48239.63,0.0,0.0,1.0,766.94,25.0,0,35.0,Medium
2332,4,1,4,4.0,45191.090000000004,0.0,0.0,0.0,0.0,0.0,0,0.0,Low
2333,2,1,2,2.0,32346.15,1.0,50.0,0.0,0.0,0.0,0,10.0,Low
2334,2,1,2,2.0,29399.75,1.0,50.0,0.0,0.0,0.0,0,10.0,Low
2335,1,1,1,1.0,23661.95,0.0,0.0,0.0,0.0,0.0,0,0.0,Low
2336,1,1,1,1.0,24731.51,0.0,0.0,0.0,0.0,0.0,0,0.0,Low
2337,4,1,4,4.0,44772.689999999995,0.0,0.0,0.0,0.0,0.0,0,0.0,Low
2338,3,1,3,3.0,40792.3,0.0,0.0,0.0,0.0,0.0,0,0.0,Low
2339,1,1,1,1.0,12661.59,0.0,0.0,0.0,0.0,0.0,0,0.0,Low
2340,4,1,4,4.0,61920.130000000005,0.0,0.0,0.0,0.0,0.0,0,0.0,Low
2341,3,1,3,3.0,30440.65,0.0,0.0,0.0,0.0,0.0,0,0.0,Low
2342,6,2,7,7.0,88307.08,1.0,14.285714285714285,0.0,0.0,0.0,0,10.0,Low
2343,3,1,3,3.0,22672.690000000002,0.0,0.0,0.0,0.0,0.0,0,0.0,Low
2344,5,2,6,6.0,60234.32,1.0,16.666666666666664,0.0,0.0,0.0,0,10.0,Low
2345,2,1,2,2.0,25247.03,0.0,0.0,0.0,0.0,0.0,0,0.0,Low
2346,1,1,1,1.0,5768.11,0.0,0.0,0.0,0.0,0.0,0,0.0,Low
2347,1,1,1,1.0,634.02,0.0,0.0,0.0,0.0,0.0,0,0.0,Low
2348,4,1,4,3.0,22240.37,0.0,0.0,1.0,1797.0,33.33333333333333,0,25.0,Medium
2349,5,1,5,5.0,48521.1,1.0,20.0,0.0,0.0,0.0,0,20.0,Low
2350,2,1,2,2.0,39724.29,0.0,0.0,0.0,0.0,0.0,0,0.0,Low
2351,2,1,2,2.0,15156.740000000002,0.0,0.0,0.0,0.0,0.0,0,0.0,Low
2352,2,1,2,2.0,21493.28,0.0,0.0,0.0,0.0,0.0,0,0.0,Low
2353,2,1,2,2.0,21480.5,1.0,50.0,0.0,0.0,0.0,0,10.0,Low
2354,5,1,5,5.0,79757.69,0.0,0.0,0.0,0.0,0.0,0,10.0,Low
2355,2,1,2,2.0,29222.76,0.0,0.0,0.0,0.0,0.0,0,0.0,Low
2356,1,1,1,1.0,15651.0,0.0,0.0,0.0,0.0,0.0,0,0.0,Low
2357,2,1,2,2.0,27725.97,1.0,50.0,0.0,0.0,0.0,0,10.0,Low
2358,1,1,1,1.0,24397.57,0.0,0.0,0.0,0.0,0.0,0,0.0,Low
2359,2,1,2,1.0,12494.06,0.0,0.0,1.0,7171.27,100.0,0,25.0,Medium
2360,2,1,2,2.0,27443.2,0.0,0.0,0.0,0.0,0.0,0,0.0,Low
2361,1,1,1,1.0,23997.0,0.0,0.0,0.0,0.0,0.0,0,0.0,Low
2362,4,1,4,4.0,46490.35,1.0,25.0,0.0,0.0,0.0,0,10.0,Low
2363,1,1,1,1.0,22425.91,0.0,0.0,0.0,0.0,0.0,0,0.0,Low
2364,3,1,3,3.0,28447.660000000003,0.0,0.0,0.0,0.0,0.0,0,0.0,Low
2365,2,1,2,2.0,24732.71,0.0,0.0,0.0,0.0,0.0,0,0.0,Low
2366,1,1,1,1.0,18127.9,0.0,0.0,0.0,0.0,0.0,0,0.0,Low
2367,3,1,3,3.0,34186.42,0.0,0.0,0.0,0.0,0.0,0,0.0,Low
2368,2,1,2,1.0,18335.53,0.0,0.0,1.0,823.15,100.0,0,25.0,Medium
2369,2,1,2,2.0,6240.66,0.0,0.0,0.0,0.0,0.0,0,0.0,Low
2370,3,2,4,4.0,26115.21,1.0,25.0,0.0,0.0,0.0,0,10.0,Low
2371,2,1,2,2.0,12054.800000000001,0.0,0.0,0.0,0.0,0.0,0,0.0,Low
2372,2,1,2,2.0,33852.0,0.0,0.0,0.0,0.0,0.0,0,0.0,Low
2373,1,1,1,1.0,4224.02,1.0,100.0,0.0,0.0,0.0,0,10.0,Low
2374,2,1,2,2.0,21155.58,0.0,0.0,0.0,0.0,0.0,0,0.0,Low
2375,1,1,1,1.0,22717.0,0.0,0.0,0.0,0.0,0.0,0,0.0,Low
2376,2,1,2,2.0,7432.370000000001,0.0,0.0,0.0,0.0,0.0,0,0.0,Low
2377,5,1,5,5.0,82537.87,1.0,20.0,0.0,0.0,0.0,0,20.0,Low
2378,2,1,2,2.0,14321.96,0.0,0.0,0.0,0.0,0.0,0,0.0,Low
2379,10,2,11,10.0,161236.98,0.0,0.0,1.0,1143.89,10.0,0,35.0,Medium
2380,3,1,3,3.0,37726.03,0.0,0.0,0.0,0.0,0.0,0,0.0,Low
2381,3,1,3,3.0,42155.36,0.0,0.0,0.0,0.0,0.0,0,0.0,Low
2382,1,1,1,1.0,4142.61,0.0,0.0,0.0,0.0,0.0,0,0.0,Low
2383,4,1,4,3.0,25142.41,0.0,0.0,1.0,4081.84,33.33333333333333,0,25.0,Medium
2384,2,1,2,2.0,36659.259999999995,0.0,0.0,0.0,0.0,0.0,0,0.0,Low
2385,8,3,10,10.0,173912.13,3.0,30.0,0.0,0.0,0.0,0,25.0,Medium
2386,4,1,4,4.0,46032.35,0.0,0.0,0.0,0.0,0.0,0,0.0,Low
2387,3,2,4,3.0,9737.42,0.0,0.0,1.0,3569.92,33.33333333333333,0,25.0,Medium
2388,1,1,1,1.0,2433.17,1.0,100.0,0.0,0.0,0.0,0,10.0,Low
2389,2,1,2,2.0,28297.32,0.0,0.0,0.0,0.0,0.0,0,0.0,Low
2390,2,1,2,1.0,13334.68,0.0,0.0,1.0,1568.17,100.0,0,25.0,Medium
2391,6,2,7,7.0,70656.24,0.0,0.0,0.0,0.0,0.0,0,10.0,Low
2392,6,2,7,7.0,100157.45,2.0,28.57142857142857,0.0,0.0,0.0,0,20.0,Low
2393,2,1,2,2.0,46993.72,0.0,0.0,0.0,0.0,0.0,0,0.0,Low
2394,3,1,3,3.0,12401.07,0.0,0.0,0.0,0.0,0.0,0,0.0,Low
2395,2,1,2,2.0,44557.270000000004,0.0,0.0,0.0,0.0,0.0,0,0.0,Low
2396,3,1,3,3.0,23601.78,0.0,0.0,0.0,0.0,0.0,0,0.0,Low
2397,5,1,5,5.0,20978.489999999998,1.0,20.0,0.0,0.0,0.0,0,20.0,Low
2398,8,2,9,9.0,112036.02,1.0,11.11111111111111,0.0,0.0,0.0,0,10.0,Low
2399,3,1,3,2.0,15067.91,0.0,0.0,1.0,239.91,50.0,0,25.0,Medium
2400,6,2,7,7.0,89863.14,1.0,14.285714285714285,0.0,0.0,0.0,0,10.0,Low
2401,4,1,4,4.0,43808.21,0.0,0.0,0.0,0.0,0.0,0,0.0,Low
2402,2,1,2,2.0,6611.76,1.0,50.0,0.0,0.0,0.0,0,10.0,Low
2403,3,1,3,2.0,22745.05,0.0,0.0,1.0,0.0,50.0,0,25.0,Medium
2404,5,1,5,5.0,32125.8,0.0,0.0,0.0,0.0,0.0,0,10.0,Low
2405,3,1,3,3.0,23083.73,1.0,33.33333333333333,0.0,0.0,0.0,0,10.0,Low
2406,3,1,3,3.0,27473.82,0.0,0.0,0.0,0.0,0.0,0,0.0,Low
2407,3,1,3,2.0,10978.64,0.0,0.0,1.0,579.06,50.0,0,25.0,Medium
2408,3,1,3,2.0,16728.66,0.0,0.0,1.0,3349.24,50.0,0,25.0,Medium
2409,2,1,2,2.0,25194.96,0.0,0.0,0.0,0.0,0.0,0,0.0,Low
2410,3,1,3,3.0,28446.22,2.0,66.66666666666666,0.0,0.0,0.0,0,10.0,Low
2411,2,1,2,2.0,28537.73,1.0,50.0,0.0,0.0,0.0,0,10.0,Low
2412,1,1,1,1.0,18883.36,0.0,0.0,0.0,0.0,0.0,0,0.0,Low
2413,4,2,5,5.0,77809.23000000001,0.0,0.0,0.0,0.0,0.0,0,0.0,Low
2414,4,1,4,4.0,39301.24,0.0,0.0,0.0,0.0,0.0,0,0.0,Low
2415,1,1,1,1.0,18451.32,0.0,0.0,0.0,0.0,0.0,0,0.0,Low
2416,2,1,2,2.0,25109.37,0.0,0.0,0.0,0.0,0.0,0,0.0,Low
2417,4,1,4,4.0,39336.96,1.0,25.0,0.0,0.0,0.0,0,10.0,Low
2418,2,1,2,2.0,13247.85,0.0,0.0,0.0,0.0,0.0,0,0.0,Low
2419,11,3,13,13.0,200429.13,2.0,15.384615384615385,0.0,0.0,0.0,0,15.0,Low
2420,1,1,1,1.0,10799.0,0.0,0.0,0.0,0.0,0.0,0,0.0,Low
2421,3,2,4,4.0,49713.82,1.0,25.0,0.0,0.0,0.0,0,10.0,Low
2422,2,1,2,2.0,37034.86,0.0,0.0,0.0,0.0,0.0,0,0.0,Low
2423,2,1,2,2.0,16875.26,0.0,0.0,0.0,0.0,0.0,0,0.0,Low
2424,3,1,3,3.0,35281.909999999996,0.0,0.0,0.0,0.0,0.0,0,0.0,Low
2425,2,1,2,2.0,19194.47,0.0,0.0,0.0,0.0,0.0,0,0.0,Low
2426,8,3,10,10.0,155886.31,1.0,10.0,0.0,0.0,0.0,0,15.0,Low
2427,4,2,5,5.0,62722.32,0.0,0.0,0.0,0.0,0.0,0,0.0,Low
2428,1,1,1,1.0,17254.98,0.0,0.0,0.0,0.0,0.0,0,0.0,Low
2429,3,1,3,3.0,46214.17,0.0,0.0,0.0,0.0,0.0,0,0.0,Low
2430,4,1,4,4.0,51170.310000000005,2.0,50.0,0.0,0.0,0.0,0,10.0,Low
2431,2,1,2,2.0,26464.43,1.0,50.0,0.0,0.0,0.0,0,10.0,Low
2432,2,1,2,2.0,21268.59,0.0,0.0,0.0,0.0,0.0,0,0.0,Low
2433,2,1,2,2.0,18332.15,0.0,0.0,0.0,0.0,0.0,0,0.0,Low
2434,2,1,2,2.0,28633.559999999998,0.0,0.0,0.0,0.0,0.0,0,0.0,Low
2435,3,1,3,3.0,11405.96,0.0,0.0,0.0,0.0,0.0,0,0.0,Low
2436,3,2,4,4.0,50684.83,0.0,0.0,0.0,0.0,0.0,0,0.0,Low
2437,1,1,1,1.0,19086.9,1.0,100.0,0.0,0.0,0.0,0,10.0,Low
2438,1,1,1,1.0,6673.74,0.0,0.0,0.0,0.0,0.0,0,0.0,Low
2439,5,1,5,4.0,72599.33,0.0,0.0,1.0,188.6,25.0,0,35.0,Medium
2440,1,1,1,1.0,7756.95,0.0,0.0,0.0,0.0,0.0,0,0.0,Low
2441,1,1,1,0.0,0.0,0.0,0.0,1.0,752.91,0.0,0,5.0,Low
2442,2,1,2,1.0,19872.29,0.0,0.0,1.0,842.88,100.0,0,25.0,Medium
2443,3,1,3,3.0,47166.97,0.0,0.0,0.0,0.0,0.0,0,0.0,Low
2444,3,1,3,3.0,30719.489999999998,0.0,0.0,0.0,0.0,0.0,0,0.0,Low
2445,2,1,2,2.0,21838.4,1.0,50.0,0.0,0.0,0.0,0,10.0,Low
2446,3,1,3,3.0,24410.74,0.0,0.0,0.0,0.0,0.0,0,0.0,Low
2447,8,3,10,9.0,87258.69,0.0,0.0,1.0,913.38,11.11111111111111,0,40.0,Medium
2448,1,1,1,1.0,8849.92,0.0,0.0,0.0,0.0,0.0,0,0.0,Low
2449,1,1,1,1.0,22934.55,0.0,0.0,0.0,0.0,0.0,0,0.0,Low
2450,1,1,1,1.0,24513.7,0.0,0.0,0.0,0.0,0.0,0,0.0,Low
2451,1,1,1,1.0,16556.56,0.0,0.0,0.0,0.0,0.0,0,0.0,Low
2452,2,1,2,2.0,18957.73,0.0,0.0,0.0,0.0,0.0,0,0.0,Low
2453,2,1,2,2.0,15337.54,0.0,0.0,0.0,0.0,0.0,0,0.0,Low
2454,5,2,6,6.0,85623.62,0.0,0.0,0.0,0.0,0.0,0,10.0,Low
2455,2,1,2,1.0,15969.25,1.0,100.0,1.0,1780.33,100.0,0,35.0,Medium
2456,4,2,5,4.0,70139.29,0.0,0.0,1.0,5973.59,25.0,0,25.0,Medium
2457,2,1,2,2.0,18989.94,1.0,50.0,0.0,0.0,0.0,0,10.0,Low
2458,1,1,1,1.0,13.37,0.0,0.0,0.0,0.0,0.0,0,0.0,Low
2459,4,1,4,4.0,33397.25,0.0,0.0,0.0,0.0,0.0,0,0.0,Low
2460,10,4,13,13.0,140151.52,0.0,0.0,0.0,0.0,0.0,0,15.0,Low
2461,3,2,4,4.0,30759.239999999998,1.0,25.0,0.0,0.0,0.0,0,10.0,Low
2462,8,2,9,5.0,78688.65,0.0,0.0,4.0,5273.34,80.0,0,50.0,High
2463,2,1,2,2.0,22607.43,0.0,0.0,0.0,0.0,0.0,0,0.0,Low
2464,2,1,2,2.0,15367.9,0.0,0.0,0.0,0.0,0.0,0,0.0,Low
2465,4,1,4,4.0,60142.62,0.0,0.0,0.0,0.0,0.0,0,0.0,Low
2466,4,1,4,4.0,59199.22,1.0,25.0,0.0,0.0,0.0,0,10.0,Low
2467,3,1,3,3.0,43542.75,0.0,0.0,0.0,0.0,0.0,0,0.0,Low
2468,6,1,6,6.0,101216.95999999999,1.0,16.666666666666664,0.0,0.0,0.0,0,10.0,Low
2469,1,1,1,1.0,3074.0,0.0,0.0,0.0,0.0,0.0,0,0.0,Low
2470,7,3,9,8.0,110282.24,2.0,25.0,1.0,4196.87,12.5,0,50.0,High
2471,2,1,2,2.0,8367.93,0.0,0.0,0.0,0.0,0.0,0,0.0,Low
2472,4,1,4,3.0,30369.719999999998,1.0,33.33333333333333,1.0,2517.56,33.33333333333333,0,35.0,Medium
2473,2,1,2,2.0,33569.04,1.0,50.0,0.0,0.0,0.0,0,10.0,Low
2474,1,1,1,1.0,23260.66,0.0,0.0,0.0,0.0,0.0,0,0.0,Low
2475,5,3,7,7.0,98089.91,0.0,0.0,0.0,0.0,0.0,0,15.0,Low
2476,6,3,8,8.0,76208.19,0.0,0.0,0.0,0.0,0.0,0,15.0,Low
2477,5,2,6,5.0,57267.02,0.0,0.0,1.0,2399.47,20.0,0,35.0,Medium
2478,3,1,3,3.0,33856.52,1.0,33.33333333333333,0.0,0.0,0.0,0,10.0,Low
2479,7,2,8,8.0,82704.3,0.0,0.0,0.0,0.0,0.0,0,10.0,Low
2480,3,1,3,3.0,5004.09,1.0,33.33333333333333,0.0,0.0,0.0,0,10.0,Low
2481,1,1,1,1.0,10451.29,1.0,100.0,0.0,0.0,0.0,0,10.0,Low
2482,3,1,3,3.0,44160.34,0.0,0.0,0.0,0.0,0.0,0,0.0,Low
2483,3,1,3,2.0,32762.74,1.0,50.0,1.0,2120.67,50.0,0,35.0,Medium
2484,3,1,3,3.0,31790.59,0.0,0.0,0.0,0.0,0.0,0,0.0,Low
2485,4,2,5,4.0,80841.83,0.0,0.0,1.0,4841.06,25.0,0,25.0,Medium
2486,5,2,6,5.0,79457.58,1.0,20.0,1.0,19958.58,20.0,0,45.0,Medium
2487,3,1,3,2.0,38404.53,0.0,0.0,1.0,2898.66,50.0,0,25.0,Medium
2488,1,1,1,1.0,5050.48,0.0,0.0,0.0,0.0,0.0,0,0.0,Low
2489,4,1,4,3.0,24631.04,0.0,0.0,1.0,4452.54,33.33333333333333,0,25.0,Medium
2490,2,1,2,1.0,4324.0,1.0,100.0,1.0,1708.0,100.0,0,35.0,Medium
2491,3,1,3,1.0,21132.19,0.0,0.0,2.0,8275.7,200.0,0,30.0,Medium
2492,7,3,9,7.0,95943.38,1.0,14.285714285714285,2.0,5712.32,28.57142857142857,0,45.0,Medium
2493,3,1,3,3.0,54715.92,0.0,0.0,0.0,0.0,0.0,0,0.0,Low
2494,3,1,3,3.0,34256.0,1.0,33.33333333333333,0.0,0.0,0.0,0,10.0,Low
2495,2,1,2,2.0,5388.639999999999,0.0,0.0,0.0,0.0,0.0,0,0.0,Low
2496,2,1,2,2.0,20879.83,0.0,0.0,0.0,0.0,0.0,0,0.0,Low
2497,3,1,3,3.0,48392.98,0.0,0.0,0.0,0.0,0.0,0,0.0,Low
2498,4,1,4,4.0,33279.32,0.0,0.0,0.0,0.0,0.0,0,0.0,Low
2499,5,2,6,5.0,58542.44,1.0,20.0,1.0,3750.2,20.0,0,45.0,Medium
2500,2,1,2,2.0,35688.43,0.0,0.0,0.0,0.0,0.0,0,0.0,Low
2501,4,2,5,5.0,68898.63,1.0,20.0,0.0,0.0,0.0,0,10.0,Low
2502,4,2,5,4.0,84491.22,1.0,25.0,1.0,1347.43,25.0,0,35.0,Medium
2503,5,1,5,4.0,53786.06,0.0,0.0,1.0,920.19,25.0,0,35.0,Medium
2504,1,1,1,1.0,20734.0,0.0,0.0,0.0,0.0,0.0,0,0.0,Low
2505,5,2,6,5.0,43784.6,0.0,0.0,1.0,614.57,20.0,0,35.0,Medium
2506,2,1,2,2.0,28806.690000000002,0.0,0.0,0.0,0.0,0.0,0,0.0,Low
2507,4,1,4,4.0,46952.84,0.0,0.0,0.0,0.0,0.0,0,0.0,Low
2508,3,2,4,4.0,32218.23,1.0,25.0,0.0,0.0,0.0,0,10.0,Low
2509,2,1,2,2.0,16340.539999999999,0.0,0.0,0.0,0.0,0.0,0,0.0,Low
2510,2,1,2,2.0,27769.18,0.0,0.0,0.0,0.0,0.0,0,0.0,Low
2511,1,1,1,1.0,11310.0,0.0,0.0,0.0,0.0,0.0,0,0.0,Low
2512,5,2,6,5.0,51774.08,0.0,0.0,1.0,559.19,20.0,0,35.0,Medium
2513,2,1,2,2.0,46552.96,0.0,0.0,0.0,0.0,0.0,0,0.0,Low
2514,5,1,5,5.0,72642.56,0.0,0.0,0.0,0.0,0.0,0,10.0,Low
2515,2,1,2,2.0,16563.48,0.0,0.0,0.0,0.0,0.0,0,0.0,Low
2516,12,5,16,14.0,153747.68,1.0,7.142857142857142,2.0,9197.82,14.285714285714285,0,45.0,Medium
2517,4,2,5,5.0,53901.23,0.0,0.0,0.0,0.0,0.0,0,0.0,Low
2518,8,2,9,7.0,86948.99,2.0,28.57142857142857,2.0,19469.59,28.57142857142857,0,50.0,High
2519,3,1,3,3.0,27743.77,0.0,0.0,0.0,0.0,0.0,0,0.0,Low
2520,2,1,2,2.0,19962.75,0.0,0.0,0.0,0.0,0.0,0,0.0,Low
2521,3,1,3,3.0,25702.56,1.0,33.33333333333333,0.0,0.0,0.0,0,10.0,Low
2522,3,1,3,3.0,54123.22,0.0,0.0,0.0,0.0,0.0,0,0.0,Low
2523,1,1,1,1.0,258.0,0.0,0.0,0.0,0.0,0.0,0,0.0,Low
2524,2,1,2,2.0,37429.26,0.0,0.0,0.0,0.0,0.0,0,0.0,Low
2525,2,1,2,2.0,33246.090000000004,0.0,0.0,0.0,0.0,0.0,0,0.0,Low
2526,7,2,8,7.0,99315.97,0.0,0.0,1.0,6321.44,14.285714285714285,0,35.0,Medium
2527,3,1,3,2.0,29363.32,0.0,0.0,1.0,1074.12,50.0,0,25.0,Medium
2528,6,1,6,6.0,36474.33,2.0,33.33333333333333,0.0,0.0,0.0,0,20.0,Low
2529,9,3,11,11.0,159888.83,1.0,9.090909090909092,0.0,0.0,0.0,0,15.0,Low
2530,15,5,19,18.0,241038.96,3.0,16.666666666666664,1.0,0.0,5.555555555555555,0,40.0,Medium
2531,3,1,3,3.0,33935.649999999994,0.0,0.0,0.0,0.0,0.0,0,0.0,Low
2532,3,1,3,3.0,34297.79,0.0,0.0,0.0,0.0,0.0,0,0.0,Low
2533,3,1,3,3.0,51812.479999999996,0.0,0.0,0.0,0.0,0.0,0,0.0,Low
2534,1,1,1,1.0,23604.92,0.0,0.0,0.0,0.0,0.0,0,0.0,Low
2535,5,2,6,6.0,58934.060000000005,1.0,16.666666666666664,0.0,0.0,0.0,0,10.0,Low
2536,3,1,3,2.0,33698.71,0.0,0.0,1.0,588.2,50.0,0,25.0,Medium
2537,9,2,10,9.0,130013.27,0.0,0.0,1.0,547.94,11.11111111111111,0,35.0,Medium
2538,3,2,4,4.0,49364.270000000004,3.0,75.0,0.0,0.0,0.0,0,10.0,Low
2539,3,1,3,2.0,16696.52,1.0,50.0,1.0,473.27,50.0,0,35.0,Medium
2540,2,1,2,1.0,13871.63,0.0,0.0,1.0,3977.66,100.0,0,25.0,Medium
2541,4,2,5,5.0,46662.51,0.0,0.0,0.0,0.0,0.0,0,0.0,Low
2542,4,2,5,4.0,69845.87,0.0,0.0,1.0,1791.89,25.0,0,25.0,Medium
2543,4,1,4,4.0,52511.880000000005,0.0,0.0,0.0,0.0,0.0,0,0.0,Low
2544,5,2,6,4.0,38685.98,0.0,0.0,2.0,248.1,50.0,0,40.0,Medium
2545,11,3,13,12.0,117691.05,3.0,25.0,1.0,10453.78,8.333333333333332,0,50.0,High
2546,2,1,2,2.0,42042.34,0.0,0.0,0.0,0.0,0.0,0,0.0,Low
2547,2,1,2,2.0,24310.98,0.0,0.0,0.0,0.0,0.0,0,0.0,Low
2548,3,1,3,3.0,34585.18,0.0,0.0,0.0,0.0,0.0,0,0.0,Low
2549,3,1,3,3.0,40889.91,0.0,0.0,0.0,0.0,0.0,0,0.0,Low
2550,6,2,7,5.0,51037.68,0.0,0.0,2.0,2456.0,40.0,0,40.0,Medium
2551,2,1,2,2.0,30995.67,1.0,50.0,0.0,0.0,0.0,0,10.0,Low
2552,3,1,3,3.0,47746.01,2.0,66.66666666666666,0.0,0.0,0.0,0,10.0,Low
2553,1,1,1,1.0,18708.49,0.0,0.0,0.0,0.0,0.0,0,0.0,Low
2554,2,1,2,2.0,15947.82,0.0,0.0,0.0,0.0,0.0,0,0.0,Low
2555,3,1,3,3.0,48354.88,0.0,0.0,0.0,0.0,0.0,0,0.0,Low
2556,2,1,2,2.0,28268.010000000002,0.0,0.0,0.0,0.0,0.0,0,0.0,Low
2557,4,1,4,3.0,41099.8,0.0,0.0,1.0,1850.41,33.33333333333333,0,25.0,Medium
2558,1,1,1,1.0,12235.0,0.0,0.0,0.0,0.0,0.0,0,0.0,Low
2559,2,1,2,2.0,27225.28,0.0,0.0,0.0,0.0,0.0,0,0.0,Low
2560,3,1,3,3.0,38490.39,0.0,0.0,0.0,0.0,0.0,0,0.0,Low
2561,3,1,3,3.0,32632.79,0.0,0.0,0.0,0.0,0.0,0,0.0,Low
2562,2,1,2,2.0,35789.11,0.0,0.0,0.0,0.0,0.0,0,0.0,Low
2563,4,1,4,4.0,47034.78,0.0,0.0,0.0,0.0,0.0,0,0.0,Low
2564,3,1,3,3.0,52380.06,0.0,0.0,0.0,0.0,0.0,0,0.0,Low
2565,2,1,2,1.0,10622.84,0.0,0.0,1.0,5856.29,100.0,0,25.0,Medium
2566,1,1,1,1.0,9070.95,0.0,0.0,0.0,0.0,0.0,0,0.0,Low
2567,2,1,2,2.0,28081.06,0.0,0.0,0.0,0.0,0.0,0,0.0,Low
2568,3,1,3,2.0,47657.45,0.0,0.0,1.0,1491.37,50.0,0,25.0,Medium
2569,4,1,4,4.0,29021.0,0.0,0.0,0.0,0.0,0.0,0,0.0,Low
2570,2,1,2,2.0,37268.04,0.0,0.0,0.0,0.0,0.0,0,0.0,Low
2571,3,1,3,3.0,39483.64,0.0,0.0,0.0,0.0,0.0,0,0.0,Low
2572,1,1,1,0.0,0.0,0.0,0.0,1.0,0.0,0.0,0,5.0,Low
2573,1,1,1,1.0,2850.15,0.0,0.0,0.0,0.0,0.0,0,0.0,Low
2574,1,1,1,1.0,24160.27,0.0,0.0,0.0,0.0,0.0,0,0.0,Low
2575,2,1,2,2.0,26627.88,0.0,0.0,0.0,0.0,0.0,0,0.0,Low
2576,4,2,5,5.0,74184.73,1.0,20.0,0.0,0.0,0.0,0,10.0,Low
2577,2,1,2,1.0,8786.91,0.0,0.0,1.0,740.0,100.0,0,25.0,Medium
2578,1,1,1,1.0,23486.45,0.0,0.0,0.0,0.0,0.0,0,0.0,Low
2579,9,2,10,10.0,84696.25,1.0,10.0,0.0,0.0,0.0,0,10.0,Low
2580,2,1,2,2.0,42406.11,0.0,0.0,0.0,0.0,0.0,0,0.0,Low
2581,3,1,3,3.0,38565.97,0.0,0.0,0.0,0.0,0.0,0,0.0,Low
2582,2,1,2,1.0,2298.88,0.0,0.0,1.0,5996.21,100.0,0,25.0,Medium
2583,2,1,2,2.0,8171.11,0.0,0.0,0.0,0.0,0.0,0,0.0,Low
2584,3,1,3,3.0,46286.13,1.0,33.33333333333333,0.0,0.0,0.0,0,10.0,Low
2585,2,1,2,2.0,13437.8,0.0,0.0,0.0,0.0,0.0,0,0.0,Low
2586,4,2,5,5.0,81963.27,1.0,20.0,0.0,0.0,0.0,0,10.0,Low
2587,3,1,3,3.0,42002.92,0.0,0.0,0.0,0.0,0.0,0,0.0,Low
2588,5,1,5,4.0,42324.95,0.0,0.0,1.0,666.32,25.0,0,35.0,Medium
2589,1,1,1,1.0,23155.56,0.0,0.0,0.0,0.0,0.0,0,0.0,Low
2590,3,1,3,2.0,43002.23,0.0,0.0,1.0,4970.0,50.0,0,25.0,Medium
2591,3,1,3,2.0,33661.15,0.0,0.0,1.0,1552.09,50.0,0,25.0,Medium
2592,3,1,3,3.0,36675.06,0.0,0.0,0.0,0.0,0.0,0,0.0,Low
2593,3,1,3,2.0,24048.32,0.0,0.0,1.0,3857.22,50.0,0,25.0,Medium
2594,2,1,2,2.0,41201.81,0.0,0.0,0.0,0.0,0.0,0,0.0,Low
2595,5,2,6,6.0,67735.26,2.0,33.33333333333333,0.0,0.0,0.0,0,20.0,Low
2596,1,1,1,1.0,17769.57,0.0,0.0,0.0,0.0,0.0,0,0.0,Low
2597,1,1,1,1.0,19749.89,0.0,0.0,0.0,0.0,0.0,0,0.0,Low
2598,1,1,1,1.0,10747.12,0.0,0.0,0.0,0.0,0.0,0,0.0,Low
2599,2,1,2,2.0,19159.67,1.0,50.0,0.0,0.0,0.0,0,10.0,Low
2600,4,1,4,3.0,49876.47,1.0,33.33333333333333,1.0,1412.21,33.33333333333333,0,35.0,Medium
2601,4,1,4,4.0,39401.08,0.0,0.0,0.0,0.0,0.0,0,0.0,Low
2602,4,2,5,5.0,48795.1,0.0,0.0,0.0,0.0,0.0,0,0.0,Low
2603,3,1,3,3.0,61426.65,0.0,0.0,0.0,0.0,0.0,0,0.0,Low
2604,6,1,6,6.0,63921.92,2.0,33.33333333333333,0.0,0.0,0.0,0,20.0,Low
2605,2,1,2,2.0,24373.760000000002,0.0,0.0,0.0,0.0,0.0,0,0.0,Low
2606,2,1,2,2.0,21476.94,0.0,0.0,0.0,0.0,0.0,0,0.0,Low
2607,4,1,4,3.0,59536.76,1.0,33.33333333333333,1.0,1213.34,33.33333333333333,0,35.0,Medium
2608,2,1,2,2.0,30371.519999999997,0.0,0.0,0.0,0.0,0.0,0,0.0,Low
2609,2,1,2,2.0,11602.52,0.0,0.0,0.0,0.0,0.0,0,0.0,Low
2610,1,1,1,1.0,9952.99,0.0,0.0,0.0,0.0,0.0,0,0.0,Low
2611,2,1,2,2.0,34568.82,0.0,0.0,0.0,0.0,0.0,0,0.0,Low
2612,6,3,8,8.0,140663.76,1.0,12.5,0.0,0.0,0.0,0,15.0,Low
2613,2,2,3,3.0,21901.2,0.0,0.0,0.0,0.0,0.0,0,0.0,Low
2614,3,1,3,3.0,39942.770000000004,0.0,0.0,0.0,0.0,0.0,0,0.0,Low
2615,3,1,3,3.0,40962.01,0.0,0.0,0.0,0.0,0.0,0,0.0,Low
2616,8,4,11,10.0,128124.19,1.0,10.0,1.0,3800.57,10.0,0,40.0,Medium
2617,3,1,3,3.0,32052.64,0.0,0.0,0.0,0.0,0.0,0,0.0,Low
2618,4,2,5,4.0,56654.92999999999,0.0,0.0,1.0,1092.58,25.0,0,25.0,Medium
2619,10,5,14,13.0,221372.65,1.0,7.6923076923076925,1.0,966.31,7.6923076923076925,0,40.0,Medium
2620,3,1,3,3.0,9235.22,0.0,0.0,0.0,0.0,0.0,0,0.0,Low
2621,4,1,4,4.0,65716.24,0.0,0.0,0.0,0.0,0.0,0,0.0,Low
2622,5,2,6,6.0,36748.21,1.0,16.666666666666664,0.0,0.0,0.0,0,10.0,Low
2623,3,1,3,3.0,48038.07,0.0,0.0,0.0,0.0,0.0,0,0.0,Low
2624,2,1,2,2.0,40837.7,1.0,50.0,0.0,0.0,0.0,0,10.0,Low
2625,2,1,2,2.0,17008.21,0.0,0.0,0.0,0.0,0.0,0,0.0,Low
2626,2,1,2,1.0,10662.76,0.0,0.0,1.0,1306.0,100.0,0,25.0,Medium
2627,2,1,2,2.0,31155.049999999996,0.0,0.0,0.0,0.0,0.0,0,0.0,Low
2628,2,1,2,2.0,42544.61,0.0,0.0,0.0,0.0,0.0,0,0.0,Low
2629,3,1,3,3.0,50382.33,0.0,0.0,0.0,0.0,0.0,0,0.0,Low
2630,3,1,3,3.0,34712.450000000004,1.0,33.33333333333333,0.0,0.0,0.0,0,10.0,Low
2631,1,1,1,1.0,17918.0,0.0,0.0,0.0,0.0,0.0,0,0.0,Low
2632,2,1,2,2.0,29587.6,0.0,0.0,0.0,0.0,0.0,0,0.0,Low
2633,6,3,8,8.0,101682.89,0.0,0.0,0.0,0.0,0.0,0,15.0,Low
2634,1,1,1,1.0,18474.28,0.0,0.0,0.0,0.0,0.0,0,0.0,Low
2635,1,1,1,1.0,20221.9,0.0,0.0,0.0,0.0,0.0,0,0.0,Low
2636,2,1,2,2.0,18327.59,0.0,0.0,0.0,0.0,0.0,0,0.0,Low
2637,2,1,2,2.0,27013.66,1.0,50.0,0.0,0.0,0.0,0,10.0,Low
2638,4,2,5,5.0,49223.34,0.0,0.0,0.0,0.0,0.0,0,0.0,Low
2639,1,1,1,1.0,8480.86,0.0,0.0,0.0,0.0,0.0,0,0.0,Low
2640,2,1,2,2.0,39148.97,0.0,0.0,0.0,0.0,0.0,0,0.0,Low
2641,4,1,4,4.0,53708.46,0.0,0.0,0.0,0.0,0.0,0,0.0,Low
2642,5,1,5,5.0,44746.0,1.0,20.0,0.0,0.0,0.0,0,20.0,Low
2643,2,1,2,1.0,7548.54,0.0,0.0,1.0,1166.57,100.0,0,25.0,Medium
2644,4,1,4,4.0,53119.78,0.0,0.0,0.0,0.0,0.0,0,0.0,Low
2645,4,1,4,4.0,87489.69,0.0,0.0,0.0,0.0,0.0,0,0.0,Low
2646,4,1,4,4.0,41950.0,0.0,0.0,0.0,0.0,0.0,0,0.0,Low
2647,10,4,13,12.0,142402.87,2.0,16.666666666666664,1.0,2359.0,8.333333333333332,0,40.0,Medium
2648,7,1,7,7.0,93632.82,2.0,28.57142857142857,0.0,0.0,0.0,0,20.0,Low
2649,1,1,1,1.0,762.3,0.0,0.0,0.0,0.0,0.0,0,0.0,Low
2650,1,1,1,1.0,12619.38,0.0,0.0,0.0,0.0,0.0,0,0.0,Low
2651,4,1,4,3.0,40703.9,0.0,0.0,1.0,1011.36,33.33333333333333,0,25.0,Medium
2652,3,1,3,2.0,8234.74,0.0,0.0,1.0,1575.8,50.0,0,25.0,Medium
2653,4,1,4,4.0,53699.990000000005,0.0,0.0,0.0,0.0,0.0,0,0.0,Low
2654,3,1,3,3.0,53210.72,0.0,0.0,0.0,0.0,0.0,0,0.0,Low
2655,3,1,3,3.0,45822.729999999996,1.0,33.33333333333333,0.0,0.0,0.0,0,10.0,Low
2656,4,1,4,4.0,54465.7,0.0,0.0,0.0,0.0,0.0,0,0.0,Low
2657,1,1,1,1.0,13660.74,0.0,0.0,0.0,0.0,0.0,0,0.0,Low
2658,5,1,5,4.0,42207.63,0.0,0.0,1.0,2301.28,25.0,0,35.0,Medium
2659,4,3,6,6.0,66110.26,0.0,0.0,0.0,0.0,0.0,0,5.0,Low
2660,1,1,1,1.0,18756.26,0.0,0.0,0.0,0.0,0.0,0,0.0,Low
2661,4,1,4,4.0,49974.0,1.0,25.0,0.0,0.0,0.0,0,10.0,Low
2662,3,1,3,2.0,18695.97,0.0,0.0,1.0,551.59,50.0,0,25.0,Medium
2663,3,1,3,3.0,28095.5,0.0,0.0,0.0,0.0,0.0,0,0.0,Low
2664,4,1,4,3.0,28452.31,0.0,0.0,1.0,1128.27,33.33333333333333,0,25.0,Medium
2665,3,1,3,3.0,38355.65,0.0,0.0,0.0,0.0,0.0,0,0.0,Low
2666,1,1,1,1.0,21577.04,0.0,0.0,0.0,0.0,0.0,0,0.0,Low
2667,1,1,1,1.0,15451.78,0.0,0.0,0.0,0.0,0.0,0,0.0,Low
2668,3,1,3,3.0,43998.4,2.0,66.66666666666666,0.0,0.0,0.0,0,10.0,Low
2669,1,1,1,1.0,12459.91,1.0,100.0,0.0,0.0,0.0,0,10.0,Low
2670,4,2,5,5.0,77815.99,0.0,0.0,0.0,0.0,0.0,0,0.0,Low
2671,3,1,3,3.0,19949.059999999998,0.0,0.0,0.0,0.0,0.0,0,0.0,Low
2672,1,1,1,1.0,12656.79,0.0,0.0,0.0,0.0,0.0,0,0.0,Low
2673,3,1,3,3.0,41177.439999999995,0.0,0.0,0.0,0.0,0.0,0,0.0,Low
2674,6,2,7,7.0,65943.95,0.0,0.0,0.0,0.0,0.0,0,10.0,Low
2675,2,1,2,2.0,24029.030000000002,0.0,0.0,0.0,0.0,0.0,0,0.0,Low
2676,1,1,1,1.0,17922.77,0.0,0.0,0.0,0.0,0.0,0,0.0,Low
2677,2,1,2,2.0,25904.71,1.0,50.0,0.0,0.0,0.0,0,10.0,Low
2678,2,1,2,2.0,34334.54,0.0,0.0,0.0,0.0,0.0,0,0.0,Low
2679,4,1,4,3.0,30167.68,1.0,33.33333333333333,1.0,9012.82,33.33333333333333,0,35.0,Medium
2680,3,1,3,3.0,21571.36,1.0,33.33333333333333,0.0,0.0,0.0,0,10.0,Low
2681,3,1,3,2.0,5362.7,1.0,50.0,1.0,2891.42,50.0,0,35.0,Medium
2682,2,1,2,2.0,25565.29,0.0,0.0,0.0,0.0,0.0,0,0.0,Low
2683,4,2,5,5.0,92117.29000000001,0.0,0.0,0.0,0.0,0.0,0,0.0,Low
2684,6,2,7,7.0,119143.44,1.0,14.285714285714285,0.0,0.0,0.0,0,10.0,Low
2685,1,1,1,1.0,19231.56,0.0,0.0,0.0,0.0,0.0,0,0.0,Low
2686,5,1,5,5.0,29550.59,1.0,20.0,0.0,0.0,0.0,0,20.0,Low
2687,3,1,3,2.0,17740.46,0.0,0.0,1.0,3235.8,50.0,0,25.0,Medium
2688,2,1,2,2.0,23833.09,0.0,0.0,0.0,0.0,0.0,0,0.0,Low
2689,2,1,2,2.0,30905.8,0.0,0.0,0.0,0.0,0.0,0,0.0,Low
2690,3,2,4,4.0,20496.07,0.0,0.0,0.0,0.0,0.0,0,0.0,Low
2691,4,1,4,4.0,45195.33,0.0,0.0,0.0,0.0,0.0,0,0.0,Low
2692,3,1,3,3.0,45772.49,1.0,33.33333333333333,0.0,0.0,0.0,0,10.0,Low
2693,2,1,2,2.0,20480.48,0.0,0.0,0.0,0.0,0.0,0,0.0,Low
2694,2,1,2,2.0,10530.42,0.0,0.0,0.0,0.0,0.0,0,0.0,Low
2695,1,1,1,1.0,22538.13,0.0,0.0,0.0,0.0,0.0,0,0.0,Low
2696,1,1,1,1.0,2224.12,0.0,0.0,0.0,0.0,0.0,0,0.0,Low
2697,3,1,3,3.0,54013.17,2.0,66.66666666666666,0.0,0.0,0.0,0,10.0,Low
2698,2,1,2,2.0,21785.13,1.0,50.0,0.0,0.0,0.0,0,10.0,Low
2699,3,1,3,3.0,45631.08,0.0,0.0,0.0,0.0,0.0,0,0.0,Low
2700,1,1,1,1.0,3213.0,0.0,0.0,0.0,0.0,0.0,0,0.0,Low
2701,4,1,4,4.0,41641.24,2.0,50.0,0.0,0.0,0.0,0,10.0,Low
2702,2,1,2,2.0,33471.77,0.0,0.0,0.0,0.0,0.0,0,0.0,Low
2703,4,1,4,4.0,39181.13,1.0,25.0,0.0,0.0,0.0,0,10.0,Low
2704,3,1,3,3.0,62613.19,1.0,33.33333333333333,0.0,0.0,0.0,0,10.0,Low
2705,1,1,1,1.0,19882.0,0.0,0.0,0.0,0.0,0.0,0,0.0,Low
2706,1,1,1,1.0,18480.73,0.0,0.0,0.0,0.0,0.0,0,0.0,Low
2707,1,1,1,1.0,15174.72,0.0,0.0,0.0,0.0,0.0,0,0.0,Low
2708,3,1,3,3.0,30407.78,0.0,0.0,0.0,0.0,0.0,0,0.0,Low
2709,1,1,1,0.0,0.0,0.0,0.0,1.0,4101.89,0.0,0,5.0,Low
2710,2,1,2,2.0,25450.1,0.0,0.0,0.0,0.0,0.0,0,0.0,Low
2711,2,1,2,2.0,48921.16,0.0,0.0,0.0,0.0,0.0,0,0.0,Low
2712,2,1,2,2.0,26108.66,0.0,0.0,0.0,0.0,0.0,0,0.0,Low
2713,3,1,3,3.0,25780.97,1.0,33.33333333333333,0.0,0.0,0.0,0,10.0,Low
2714,2,1,2,2.0,18480.55,0.0,0.0,0.0,0.0,0.0,0,0.0,Low
2715,3,1,3,3.0,42225.63,0.0,0.0,0.0,0.0,0.0,0,0.0,Low
2716,1,1,1,0.0,0.0,0.0,0.0,1.0,841.13,0.0,0,5.0,Low
2717,2,1,2,0.0,0.0,0.0,0.0,2.0,1114.45,0.0,0,10.0,Low
2718,2,1,2,1.0,8975.45,0.0,0.0,1.0,1942.99,100.0,0,25.0,Medium
2719,1,1,1,1.0,4349.25,1.0,100.0,0.0,0.0,0.0,0,10.0,Low
2720,1,1,1,1.0,13674.58,0.0,0.0,0.0,0.0,0.0,0,0.0,Low
2721,2,1,2,2.0,7785.5,0.0,0.0,0.0,0.0,0.0,0,0.0,Low
2722,1,1,1,1.0,24947.0,0.0,0.0,0.0,0.0,0.0,0,0.0,Low
2723,3,1,3,3.0,32039.31,0.0,0.0,0.0,0.0,0.0,0,0.0,Low
2724,1,1,1,1.0,10229.09,0.0,0.0,0.0,0.0,0.0,0,0.0,Low
2725,1,1,1,0.0,0.0,0.0,0.0,1.0,1904.98,0.0,0,5.0,Low
2726,5,2,6,6.0,64716.69,0.0,0.0,0.0,0.0,0.0,0,10.0,Low
2727,2,1,2,2.0,8654.15,0.0,0.0,0.0,0.0,0.0,0,0.0,Low
2728,1,1,1,1.0,4939.0,0.0,0.0,0.0,0.0,0.0,0,0.0,Low
2729,3,1,3,3.0,36434.770000000004,0.0,0.0,0.0,0.0,0.0,0,0.0,Low
2730,4,1,4,4.0,39489.1,0.0,0.0,0.0,0.0,0.0,0,0.0,Low
2731,3,1,3,3.0,32130.27,1.0,33.33333333333333,0.0,0.0,0.0,0,10.0,Low
2732,1,1,1,1.0,7838.14,0.0,0.0,0.0,0.0,0.0,0,0.0,Low
2733,2,1,2,2.0,24703.68,0.0,0.0,0.0,0.0,0.0,0,0.0,Low
2734,3,1,3,3.0,37360.07,0.0,0.0,0.0,0.0,0.0,0,0.0,Low
2735,2,2,3,3.0,28383.48,0.0,0.0,0.0,0.0,0.0,0,0.0,Low
2736,2,1,2,2.0,31333.3,0.0,0.0,0.0,0.0,0.0,0,0.0,Low
2737,4,2,5,5.0,38124.79,0.0,0.0,0.0,0.0,0.0,0,0.0,Low
2738,7,2,8,7.0,85613.38,1.0,14.285714285714285,1.0,3092.99,14.285714285714285,0,35.0,Medium
2739,1,1,1,0.0,0.0,0.0,0.0,1.0,1023.0,0.0,0,5.0,Low
2740,3,1,3,3.0,49297.8,0.0,0.0,0.0,0.0,0.0,0,0.0,Low
2741,3,1,3,3.0,21718.52,0.0,0.0,0.0,0.0,0.0,0,0.0,Low
2742,6,3,8,7.0,67826.31,1.0,14.285714285714285,1.0,376.33,14.285714285714285,0,40.0,Medium
2743,3,1,3,3.0,40087.87,0.0,0.0,0.0,0.0,0.0,0,0.0,Low
2744,3,1,3,3.0,18961.14,1.0,33.33333333333333,0.0,0.0,0.0,0,10.0,Low
2745,1,1,1,1.0,22253.98,0.0,0.0,0.0,0.0,0.0,0,0.0,Low
2746,4,1,4,4.0,58258.13,0.0,0.0,0.0,0.0,0.0,0,0.0,Low
2747,3,1,3,3.0,42612.93,0.0,0.0,0.0,0.0,0.0,0,0.0,Low
2748,3,1,3,3.0,22945.04,0.0,0.0,0.0,0.0,0.0,0,0.0,Low
2749,1,1,1,1.0,8843.4,0.0,0.0,0.0,0.0,0.0,0,0.0,Low
2750,2,1,2,2.0,40859.69,0.0,0.0,0.0,0.0,0.0,0,0.0,Low
2751,9,3,11,10.0,125835.45,4.0,40.0,1.0,463.5,10.0,0,50.0,High
2752,3,1,3,3.0,34438.82,0.0,0.0,0.0,0.0,0.0,0,0.0,Low
2753,2,1,2,2.0,25309.79,1.0,50.0,0.0,0.0,0.0,0,10.0,Low
2754,3,1,3,3.0,38110.45,1.0,33.33333333333333,0.0,0.0,0.0,0,10.0,Low
2755,6,1,6,6.0,64368.409999999996,0.0,0.0,0.0,0.0,0.0,0,10.0,Low
2756,1,1,1,1.0,6889.45,0.0,0.0,0.0,0.0,0.0,0,0.0,Low
2757,7,3,9,7.0,104604.75,0.0,0.0,2.0,1646.6200000000001,28.57142857142857,0,45.0,Medium
2758,3,1,3,3.0,37190.83,1.0,33.33333333333333,0.0,0.0,0.0,0,10.0,Low
2759,2,1,2,1.0,10042.53,0.0,0.0,1.0,2130.67,100.0,0,25.0,Medium
2760,3,1,3,3.0,37892.68,0.0,0.0,0.0,0.0,0.0,0,0.0,Low
2761,3,1,3,3.0,27093.44,1.0,33.33333333333333,0.0,0.0,0.0,0,10.0,Low
2762,3,1,3,3.0,21924.31,1.0,33.33333333333333,0.0,0.0,0.0,0,10.0,Low
2763,2,1,2,2.0,26288.57,0.0,0.0,0.0,0.0,0.0,0,0.0,Low
2764,4,2,5,5.0,88729.46,1.0,20.0,0.0,0.0,0.0,0,10.0,Low
2765,1,1,1,0.0,0.0,0.0,0.0,1.0,3159.54,0.0,0,5.0,Low
2766,6,1,6,5.0,63464.840000000004,1.0,20.0,1.0,2260.38,20.0,0,45.0,Medium
2767,2,1,2,2.0,45514.66,0.0,0.0,0.0,0.0,0.0,0,0.0,Low
2768,2,1,2,2.0,26217.36,0.0,0.0,0.0,0.0,0.0,0,0.0,Low
2769,1,1,1,1.0,22708.13,0.0,0.0,0.0,0.0,0.0,0,0.0,Low
2770,7,3,9,8.0,75122.23,0.0,0.0,1.0,4816.24,12.5,0,40.0,Medium
2771,1,1,1,1.0,13159.0,0.0,0.0,0.0,0.0,0.0,0,0.0,Low
2772,3,1,3,3.0,39439.05,0.0,0.0,0.0,0.0,0.0,0,0.0,Low
2773,2,1,2,2.0,30389.97,0.0,0.0,0.0,0.0,0.0,0,0.0,Low
2774,2,1,2,2.0,14179.85,1.0,50.0,0.0,0.0,0.0,0,10.0,Low
2775,2,1,2,2.0,13310.36,0.0,0.0,0.0,0.0,0.0,0,0.0,Low
2776,1,1,1,1.0,14371.98,0.0,0.0,0.0,0.0,0.0,0,0.0,Low
2777,4,2,5,5.0,80230.04,1.0,20.0,0.0,0.0,0.0,0,10.0,Low
2778,3,2,4,3.0,47560.04,1.0,33.33333333333333,1.0,279.0,33.33333333333333,0,35.0,Medium
2779,10,4,13,11.0,153049.79,1.0,9.090909090909092,2.0,570.66,18.181818181818183,0,45.0,Medium
2780,1,1,1,1.0,11732.99,1.0,100.0,0.0,0.0,0.0,0,10.0,Low
2781,3,1,3,2.0,29441.01,0.0,0.0,1.0,1404.94,50.0,0,25.0,Medium
2782,4,1,4,3.0,33103.4,0.0,0.0,1.0,464.81,33.33333333333333,0,25.0,Medium
2783,1,1,1,1.0,20211.03,1.0,100.0,0.0,0.0,0.0,0,10.0,Low
2784,9,3,11,11.0,122506.65,4.0,36.36363636363637,0.0,0.0,0.0,0,25.0,Medium
2785,2,1,2,2.0,8917.51,0.0,0.0,0.0,0.0,0.0,0,0.0,Low
2786,3,1,3,3.0,39616.4,0.0,0.0,0.0,0.0,0.0,0,0.0,Low
2787,3,1,3,3.0,48381.19,1.0,33.33333333333333,0.0,0.0,0.0,0,10.0,Low
2788,2,1,2,2.0,20515.08,1.0,50.0,0.0,0.0,0.0,0,10.0,Low
2789,3,1,3,2.0,39590.240000000005,0.0,0.0,1.0,4378.8,50.0,0,25.0,Medium
2790,2,1,2,2.0,26477.46,0.0,0.0,0.0,0.0,0.0,0,0.0,Low
2791,2,1,2,1.0,24390.29,0.0,0.0,1.0,812.93,100.0,0,25.0,Medium
2792,3,1,3,3.0,28984.58,0.0,0.0,0.0,0.0,0.0,0,0.0,Low
2793,2,1,2,2.0,17344.84,0.0,0.0,0.0,0.0,0.0,0,0.0,Low
2794,3,1,3,3.0,30686.510000000002,1.0,33.33333333333333,0.0,0.0,0.0,0,10.0,Low
2795,2,1,2,2.0,36227.0,0.0,0.0,0.0,0.0,0.0,0,0.0,Low
2796,2,1,2,2.0,29874.92,1.0,50.0,0.0,0.0,0.0,0,10.0,Low
2797,1,1,1,1.0,9948.13,0.0,0.0,0.0,0.0,0.0,0,0.0,Low
2798,5,1,5,5.0,81625.16,0.0,0.0,0.0,0.0,0.0,0,10.0,Low
2799,5,2,6,6.0,52657.47,1.0,16.666666666666664,0.0,0.0,0.0,0,10.0,Low
2800,2,1,2,2.0,14230.57,0.0,0.0,0.0,0.0,0.0,0,0.0,Low
2801,2,1,2,2.0,32127.37,0.0,0.0,0.0,0.0,0.0,0,0.0,Low
2802,4,1,4,4.0,45717.340000000004,0.0,0.0,0.0,0.0,0.0,0,0.0,Low
2803,6,2,7,6.0,81303.48000000001,0.0,0.0,1.0,8004.21,16.666666666666664,0,35.0,Medium
2804,3,1,3,3.0,37782.7,0.0,0.0,0.0,0.0,0.0,0,0.0,Low
2805,2,1,2,2.0,44934.04,1.0,50.0,0.0,0.0,0.0,0,10.0,Low
2806,5,1,5,4.0,41491.75,1.0,25.0,1.0,276.74,25.0,0,45.0,Medium
2807,4,1,4,4.0,32320.1,0.0,0.0,0.0,0.0,0.0,0,0.0,Low
2808,3,1,3,3.0,46518.5,0.0,0.0,0.0,0.0,0.0,0,0.0,Low
2809,2,1,2,2.0,23957.2,0.0,0.0,0.0,0.0,0.0,0,0.0,Low
2810,2,1,2,1.0,21930.2,0.0,0.0,1.0,506.82,100.0,0,25.0,Medium
2811,1,1,1,1.0,22350.8,0.0,0.0,0.0,0.0,0.0,0,0.0,Low
2812,5,1,5,5.0,70100.58,0.0,0.0,0.0,0.0,0.0,0,10.0,Low
2813,1,1,1,1.0,19322.51,0.0,0.0,0.0,0.0,0.0,0,0.0,Low
2814,2,1,2,2.0,27867.030000000002,1.0,50.0,0.0,0.0,0.0,0,10.0,Low
2815,3,1,3,2.0,27080.34,1.0,50.0,1.0,385.0,50.0,0,35.0,Medium
2816,2,1,2,2.0,17026.4,0.0,0.0,0.0,0.0,0.0,0,0.0,Low
2817,3,2,4,2.0,12729.6,0.0,0.0,2.0,2159.59,100.0,0,30.0,Medium
2818,2,1,2,2.0,33195.84,0.0,0.0,0.0,0.0,0.0,0,0.0,Low
2819,6,2,7,7.0,75715.58,0.0,0.0,0.0,0.0,0.0,0,10.0,Low
2820,1,1,1,1.0,19991.01,0.0,0.0,0.0,0.0,0.0,0,0.0,Low
2821,1,1,1,1.0,18844.12,0.0,0.0,0.0,0.0,0.0,0,0.0,Low
2822,2,1,2,2.0,13193.95,0.0,0.0,0.0,0.0,0.0,0,0.0,Low
2823,3,1,3,3.0,46374.810000000005,0.0,0.0,0.0,0.0,0.0,0,0.0,Low
2824,3,1,3,3.0,36313.69,0.0,0.0,0.0,0.0,0.0,0,0.0,Low
2825,3,1,3,3.0,34432.14,0.0,0.0,0.0,0.0,0.0,0,0.0,Low
2826,1,1,1,1.0,11271.08,0.0,0.0,0.0,0.0,0.0,0,0.0,Low
2827,4,1,4,4.0,43289.409999999996,0.0,0.0,0.0,0.0,0.0,0,0.0,Low
2828,1,1,1,1.0,1071.35,0.0,0.0,0.0,0.0,0.0,0,0.0,Low
2829,3,1,3,3.0,52919.63,1.0,33.33333333333333,0.0,0.0,0.0,0,10.0,Low
2830,2,1,2,2.0,6562.120000000001,0.0,0.0,0.0,0.0,0.0,0,0.0,Low
2831,2,2,3,3.0,21559.63,0.0,0.0,0.0,0.0,0.0,0,0.0,Low
2832,2,1,2,2.0,21909.879999999997,1.0,50.0,0.0,0.0,0.0,0,10.0,Low
2833,1,1,1,1.0,6722.29,0.0,0.0,0.0,0.0,0.0,0,0.0,Low
2834,1,1,1,1.0,20049.83,0.0,0.0,0.0,0.0,0.0,0,0.0,Low
2835,2,1,2,2.0,23101.69,0.0,0.0,0.0,0.0,0.0,0,0.0,Low
2836,1,1,1,1.0,24785.13,0.0,0.0,0.0,0.0,0.0,0,0.0,Low
2837,7,1,7,6.0,72179.78,3.0,50.0,1.0,1691.84,16.666666666666664,0,45.0,Medium
2838,5,2,6,6.0,61160.5,0.0,0.0,0.0,0.0,0.0,0,10.0,Low
2839,7,2,8,8.0,83208.1,0.0,0.0,0.0,0.0,0.0,0,10.0,Low
2840,4,1,4,4.0,58339.3,0.0,0.0,0.0,0.0,0.0,0,0.0,Low
2841,2,1,2,2.0,28882.0,0.0,0.0,0.0,0.0,0.0,0,0.0,Low
2842,2,1,2,2.0,15842.84,0.0,0.0,0.0,0.0,0.0,0,0.0,Low
2843,4,1,4,4.0,34614.33,1.0,25.0,0.0,0.0,0.0,0,10.0,Low
2844,3,1,3,3.0,26249.88,1.0,33.33333333333333,0.0,0.0,0.0,0,10.0,Low
2845,7,2,8,5.0,94479.76999999999,0.0,0.0,3.0,9245.53,60.0,0,45.0,Medium
2846,3,1,3,3.0,19137.609999999997,1.0,33.33333333333333,0.0,0.0,0.0,0,10.0,Low
2847,3,3,5,4.0,47133.64,0.0,0.0,1.0,458.03,25.0,0,30.0,Medium
2848,4,2,5,5.0,51902.64,0.0,0.0,0.0,0.0,0.0,0,0.0,Low
2849,1,1,1,1.0,18449.36,0.0,0.0,0.0,0.0,0.0,0,0.0,Low
2850,4,1,4,4.0,51043.37,0.0,0.0,0.0,0.0,0.0,0,0.0,Low
2851,2,1,2,2.0,23549.7,0.0,0.0,0.0,0.0,0.0,0,0.0,Low
2852,1,1,1,0.0,0.0,0.0,0.0,1.0,993.95,0.0,0,5.0,Low
2853,1,1,1,1.0,1881.65,0.0,0.0,0.0,0.0,0.0,0,0.0,Low
2854,4,1,4,4.0,39300.32,0.0,0.0,0.0,0.0,0.0,0,0.0,Low
2855,2,1,2,2.0,35447.14,2.0,100.0,0.0,0.0,0.0,0,10.0,Low
2856,4,1,4,3.0,35132.85,0.0,0.0,1.0,2652.0,33.33333333333333,0,25.0,Medium
2857,2,1,2,1.0,3971.82,0.0,0.0,1.0,1105.82,100.0,0,25.0,Medium
2858,1,1,1,1.0,4820.4,0.0,0.0,0.0,0.0,0.0,0,0.0,Low
2859,2,1,2,2.0,21040.04,0.0,0.0,0.0,0.0,0.0,0,0.0,Low
2860,1,1,1,1.0,20261.94,1.0,100.0,0.0,0.0,0.0,0,10.0,Low
2861,6,1,6,5.0,51485.87,1.0,20.0,1.0,660.0,20.0,0,45.0,Medium
2862,1,1,1,1.0,3561.25,0.0,0.0,0.0,0.0,0.0,0,0.0,Low
2863,1,1,1,1.0,4208.68,0.0,0.0,0.0,0.0,0.0,0,0.0,Low
2864,2,1,2,2.0,33056.89,0.0,0.0,0.0,0.0,0.0,0,0.0,Low
2865,4,1,4,4.0,64952.56,0.0,0.0,0.0,0.0,0.0,0,0.0,Low
2866,3,1,3,3.0,27184.14,2.0,66.66666666666666,0.0,0.0,0.0,0,10.0,Low
2867,2,1,2,2.0,25161.670000000002,1.0,50.0,0.0,0.0,0.0,0,10.0,Low
2868,3,1,3,3.0,41373.68,0.0,0.0,0.0,0.0,0.0,0,0.0,Low
2869,1,1,1,0.0,0.0,0.0,0.0,1.0,2773.41,0.0,0,5.0,Low
2870,1,1,1,1.0,9280.63,0.0,0.0,0.0,0.0,0.0,0,0.0,Low
2871,2,1,2,2.0,15366.16,0.0,0.0,0.0,0.0,0.0,0,0.0,Low
2872,2,1,2,2.0,39623.86,1.0,50.0,0.0,0.0,0.0,0,10.0,Low
2873,3,1,3,2.0,45685.09,0.0,0.0,1.0,1181.91,50.0,0,25.0,Medium
2874,5,2,6,5.0,74966.29,0.0,0.0,1.0,3397.0,20.0,0,35.0,Medium
2875,3,2,4,4.0,30205.34,0.0,0.0,0.0,0.0,0.0,0,0.0,Low
2876,2,1,2,2.0,21169.14,0.0,0.0,0.0,0.0,0.0,0,0.0,Low
2877,3,1,3,3.0,20965.1,1.0,33.33333333333333,0.0,0.0,0.0,0,10.0,Low
2878,2,1,2,2.0,31772.91,0.0,0.0,0.0,0.0,0.0,0,0.0,Low
2879,6,2,7,7.0,87057.85,2.0,28.57142857142857,0.0,0.0,0.0,0,20.0,Low
2880,8,1,8,8.0,58175.63,1.0,12.5,0.0,0.0,0.0,0,10.0,Low
2881,1,1,1,1.0,650.8,0.0,0.0,0.0,0.0,0.0,0,0.0,Low
2882,8,3,10,8.0,155869.33000000002,1.0,12.5,2.0,6082.429999999999,25.0,0,45.0,Medium
2883,3,1,3,2.0,47209.94,0.0,0.0,1.0,497.0,50.0,0,25.0,Medium
2884,9,3,11,11.0,159429.17,1.0,9.090909090909092,0.0,0.0,0.0,0,15.0,Low
2885,1,1,1,1.0,19229.0,0.0,0.0,0.0,0.0,0.0,0,0.0,Low
2886,4,1,4,4.0,78956.63,0.0,0.0,0.0,0.0,0.0,0,0.0,Low
2887,2,2,3,3.0,40583.149999999994,1.0,33.33333333333333,0.0,0.0,0.0,0,10.0,Low
2888,2,1,2,2.0,19787.04,0.0,0.0,0.0,0.0,0.0,0,0.0,Low
2889,1,1,1,1.0,3043.08,1.0,100.0,0.0,0.0,0.0,0,10.0,Low
2890,1,1,1,1.0,14431.17,0.0,0.0,0.0,0.0,0.0,0,0.0,Low
2891,2,1,2,2.0,23326.510000000002,0.0,0.0,0.0,0.0,0.0,0,0.0,Low
2892,2,1,2,2.0,7272.969999999999,0.0,0.0,0.0,0.0,0.0,0,0.0,Low
2893,3,1,3,3.0,47118.06,0.0,0.0,0.0,0.0,0.0,0,0.0,Low
2894,2,1,2,2.0,33196.94,0.0,0.0,0.0,0.0,0.0,0,0.0,Low
2895,2,1,2,1.0,5930.83,0.0,0.0,1.0,3184.9,100.0,0,25.0,Medium
2896,1,1,1,1.0,9701.65,0.0,0.0,0.0,0.0,0.0,0,0.0,Low
2897,3,1,3,3.0,24063.36,0.0,0.0,0.0,0.0,0.0,0,0.0,Low
2898,3,1,3,3.0,28090.36,1.0,33.33333333333333,0.0,0.0,0.0,0,10.0,Low
2899,2,1,2,2.0,15612.16,0.0,0.0,0.0,0.0,0.0,0,0.0,Low
2900,1,1,1,0.0,0.0,0.0,0.0,1.0,1535.06,0.0,0,5.0,Low
2901,2,1,2,2.0,11945.449999999999,0.0,0.0,0.0,0.0,0.0,0,0.0,Low
2902,2,1,2,2.0,25377.519999999997,0.0,0.0,0.0,0.0,0.0,0,0.0,Low
2903,3,1,3,3.0,51112.62,0.0,0.0,0.0,0.0,0.0,0,0.0,Low
2904,2,1,2,2.0,20042.46,1.0,50.0,0.0,0.0,0.0,0,10.0,Low
2905,2,1,2,2.0,27656.780000000002,0.0,0.0,0.0,0.0,0.0,0,0.0,Low
2906,1,1,1,1.0,16675.0,0.0,0.0,0.0,0.0,0.0,0,0.0,Low
2907,3,1,3,2.0,20969.46,0.0,0.0,1.0,1531.2,50.0,0,25.0,Medium
2908,2,1,2,2.0,4779.67,1.0,50.0,0.0,0.0,0.0,0,10.0,Low
2909,2,1,2,2.0,9570.16,1.0,50.0,0.0,0.0,0.0,0,10.0,Low
2910,1,1,1,1.0,11866.13,0.0,0.0,0.0,0.0,0.0,0,0.0,Low
2911,1,1,1,1.0,1067.94,0.0,0.0,0.0,0.0,0.0,0,0.0,Low
2912,2,1,2,2.0,28601.66,0.0,0.0,0.0,0.0,0.0,0,0.0,Low
2913,3,2,4,4.0,71858.35,0.0,0.0,0.0,0.0,0.0,0,0.0,Low
2914,5,1,5,5.0,56422.82,1.0,20.0,0.0,0.0,0.0,0,20.0,Low
2915,5,1,5,5.0,64939.23,1.0,20.0,0.0,0.0,0.0,0,20.0,Low
2916,3,1,3,3.0,49697.07,1.0,33.33333333333333,0.0,0.0,0.0,0,10.0,Low
2917,2,1,2,2.0,17694.58,0.0,0.0,0.0,0.0,0.0,0,0.0,Low
2918,1,1,1,1.0,9747.54,0.0,0.0,0.0,0.0,0.0,0,0.0,Low
2919,1,1,1,1.0,10955.56,0.0,0.0,0.0,0.0,0.0,0,0.0,Low
2920,1,1,1,1.0,8521.7,0.0,0.0,0.0,0.0,0.0,0,0.0,Low
2921,2,1,2,2.0,22780.0,0.0,0.0,0.0,0.0,0.0,0,0.0,Low
2922,2,1,2,2.0,19299.35,0.0,0.0,0.0,0.0,0.0,0,0.0,Low
2923,1,1,1,1.0,16216.87,0.0,0.0,0.0,0.0,0.0,0,0.0,Low
2924,1,1,1,1.0,23106.7,0.0,0.0,0.0,0.0,0.0,0,0.0,Low
2925,3,1,3,3.0,33144.21,0.0,0.0,0.0,0.0,0.0,0,0.0,Low
2926,1,1,1,1.0,1696.89,0.0,0.0,0.0,0.0,0.0,0,0.0,Low
2927,3,2,4,4.0,40814.45,0.0,0.0,0.0,0.0,0.0,0,0.0,Low
2928,3,1,3,3.0,31288.36,1.0,33.33333333333333,0.0,0.0,0.0,0,10.0,Low
2929,1,1,1,1.0,15468.44,0.0,0.0,0.0,0.0,0.0,0,0.0,Low
2930,2,1,2,2.0,14798.779999999999,1.0,50.0,0.0,0.0,0.0,0,10.0,Low
2931,4,2,5,4.0,39682.55,1.0,25.0,1.0,0.0,25.0,0,35.0,Medium
2932,3,1,3,3.0,25915.149999999998,0.0,0.0,0.0,0.0,0.0,0,0.0,Low
2933,2,1,2,2.0,21145.06,1.0,50.0,0.0,0.0,0.0,0,10.0,Low
2934,1,1,1,1.0,901.5,0.0,0.0,0.0,0.0,0.0,0,0.0,Low
2935,3,1,3,2.0,39403.84,0.0,0.0,1.0,616.17,50.0,0,25.0,Medium
2936,1,1,1,1.0,10506.0,0.0,0.0,0.0,0.0,0.0,0,0.0,Low
2937,1,1,1,1.0,7192.19,0.0,0.0,0.0,0.0,0.0,0,0.0,Low
2938,2,1,2,2.0,25204.47,0.0,0.0,0.0,0.0,0.0,0,0.0,Low
2939,1,1,1,1.0,20124.62,0.0,0.0,0.0,0.0,0.0,0,0.0,Low
2940,2,1,2,2.0,18407.26,0.0,0.0,0.0,0.0,0.0,0,0.0,Low
2941,1,1,1,1.0,23524.74,0.0,0.0,0.0,0.0,0.0,0,0.0,Low
2942,2,1,2,2.0,5133.79,2.0,100.0,0.0,0.0,0.0,0,10.0,Low
2943,2,1,2,1.0,565.29,0.0,0.0,1.0,1596.0,100.0,0,25.0,Medium
2944,5,1,5,5.0,77807.41,0.0,0.0,0.0,0.0,0.0,0,10.0,Low
2945,4,2,5,5.0,46037.26,1.0,20.0,0.0,0.0,0.0,0,10.0,Low
2946,1,1,1,1.0,11034.31,0.0,0.0,0.0,0.0,0.0,0,0.0,Low
2947,1,1,1,1.0,23679.35,1.0,100.0,0.0,0.0,0.0,0,10.0,Low
2948,2,1,2,2.0,30550.47,0.0,0.0,0.0,0.0,0.0,0,0.0,Low
2949,3,1,3,3.0,40442.22,1.0,33.33333333333333,0.0,0.0,0.0,0,10.0,Low
2950,1,1,1,1.0,21470.52,0.0,0.0,0.0,0.0,0.0,0,0.0,Low
2951,4,1,4,4.0,55160.54,0.0,0.0,0.0,0.0,0.0,0,0.0,Low
2952,1,1,1,1.0,8568.0,0.0,0.0,0.0,0.0,0.0,0,0.0,Low
2953,3,1,3,3.0,26282.94,1.0,33.33333333333333,0.0,0.0,0.0,0,10.0,Low
2954,4,2,5,5.0,55709.09,0.0,0.0,0.0,0.0,0.0,0,0.0,Low
2955,3,1,3,3.0,45056.39,0.0,0.0,0.0,0.0,0.0,0,0.0,Low
2956,5,2,6,6.0,86041.19,0.0,0.0,0.0,0.0,0.0,0,10.0,Low
2957,2,1,2,2.0,20021.81,0.0,0.0,0.0,0.0,0.0,0,0.0,Low
2958,2,1,2,1.0,12879.41,0.0,0.0,1.0,658.27,100.0,0,25.0,Medium
2959,4,1,4,3.0,51488.78,0.0,0.0,1.0,2197.57,33.33333333333333,0,25.0,Medium
2960,2,1,2,2.0,11273.28,1.0,50.0,0.0,0.0,0.0,0,10.0,Low
2961,1,1,1,1.0,9364.66,0.0,0.0,0.0,0.0,0.0,0,0.0,Low
2962,2,1,2,2.0,18888.34,1.0,50.0,0.0,0.0,0.0,0,10.0,Low
2963,1,1,1,1.0,20546.82,0.0,0.0,0.0,0.0,0.0,0,0.0,Low
2964,2,2,3,3.0,43362.46,0.0,0.0,0.0,0.0,0.0,0,0.0,Low
2965,2,1,2,2.0,8190.679999999999,0.0,0.0,0.0,0.0,0.0,0,0.0,Low
2966,2,2,3,3.0,25944.46,0.0,0.0,0.0,0.0,0.0,0,0.0,Low
2967,2,1,2,2.0,17094.89,0.0,0.0,0.0,0.0,0.0,0,0.0,Low
2968,2,2,3,3.0,39783.95,0.0,0.0,0.0,0.0,0.0,0,0.0,Low
2969,1,1,1,1.0,8396.88,0.0,0.0,0.0,0.0,0.0,0,0.0,Low
2970,2,2,3,3.0,57360.53999999999,0.0,0.0,0.0,0.0,0.0,0,0.0,Low
2971,3,1,3,3.0,18967.079999999998,0.0,0.0,0.0,0.0,0.0,0,0.0,Low
2972,4,1,4,4.0,50291.64,1.0,25.0,0.0,0.0,0.0,0,10.0,Low
2973,2,1,2,2.0,5990.11,0.0,0.0,0.0,0.0,0.0,0,0.0,Low
2974,3,1,3,2.0,32437.9,0.0,0.0,1.0,806.29,50.0,0,25.0,Medium
2975,1,1,1,1.0,24415.67,0.0,0.0,0.0,0.0,0.0,0,0.0,Low
2976,2,1,2,2.0,18920.22,1.0,50.0,0.0,0.0,0.0,0,10.0,Low
2977,5,2,6,6.0,86693.89,1.0,16.666666666666664,0.0,0.0,0.0,0,10.0,Low
2978,15,6,20,20.0,281973.17,2.0,10.0,0.0,0.0,0.0,0,15.0,Low
2979,1,1,1,1.0,3706.3,0.0,0.0,0.0,0.0,0.0,0,0.0,Low
2980,1,1,1,0.0,0.0,0.0,0.0,1.0,1926.45,0.0,0,5.0,Low
2981,1,1,1,1.0,8151.0,0.0,0.0,0.0,0.0,0.0,0,0.0,Low
2982,1,1,1,1.0,4594.22,0.0,0.0,0.0,0.0,0.0,0,0.0,Low
2983,4,1,4,3.0,13282.93,0.0,0.0,1.0,565.73,33.33333333333333,0,25.0,Medium
2984,5,1,5,4.0,54410.54,1.0,25.0,1.0,1520.0,25.0,0,45.0,Medium
2985,1,1,1,1.0,6357.99,0.0,0.0,0.0,0.0,0.0,0,0.0,Low
2986,2,1,2,2.0,23545.659999999996,0.0,0.0,0.0,0.0,0.0,0,0.0,Low
2987,1,1,1,1.0,14010.43,0.0,0.0,0.0,0.0,0.0,0,0.0,Low
2988,2,1,2,2.0,44930.3,0.0,0.0,0.0,0.0,0.0,0,0.0,Low
2989,2,1,2,1.0,7307.43,0.0,0.0,1.0,1814.0,100.0,0,25.0,Medium
2990,2,1,2,2.0,20172.18,0.0,0.0,0.0,0.0,0.0,0,0.0,Low
2991,3,1,3,3.0,42840.4,1.0,33.33333333333333,0.0,0.0,0.0,0,10.0,Low
2992,2,1,2,2.0,19849.09,0.0,0.0,0.0,0.0,0.0,0,0.0,Low
2993,1,1,1,1.0,9229.0,0.0,0.0,0.0,0.0,0.0,0,0.0,Low
2994,4,1,4,4.0,49295.28,1.0,25.0,0.0,0.0,0.0,0,10.0,Low
2995,3,1,3,3.0,40335.299999999996,0.0,0.0,0.0,0.0,0.0,0,0.0,Low
2996,2,1,2,2.0,27193.5,0.0,0.0,0.0,0.0,0.0,0,0.0,Low
2997,2,1,2,1.0,14297.02,0.0,0.0,1.0,4063.03,100.0,0,25.0,Medium
2998,8,3,10,8.0,104799.82,0.0,0.0,2.0,1614.0,25.0,0,45.0,Medium
2999,5,1,5,3.0,51032.130000000005,0.0,0.0,2.0,884.33,66.66666666666666,0,40.0,Medium
3000,4,2,5,5.0,61422.52,1.0,20.0,0.0,0.0,0.0,0,10.0,Low
3001,2,1,2,2.0,11090.789999999999,0.0,0.0,0.0,0.0,0.0,0,0.0,Low
3002,3,1,3,3.0,41167.04,0.0,0.0,0.0,0.0,0.0,0,0.0,Low
3003,2,1,2,2.0,31603.980000000003,0.0,0.0,0.0,0.0,0.0,0,0.0,Low
3004,3,1,3,1.0,2981.39,0.0,0.0,2.0,10075.33,200.0,0,30.0,Medium
3005,2,1,2,2.0,17870.97,1.0,50.0,0.0,0.0,0.0,0,10.0,Low
3006,5,1,5,5.0,59864.340000000004,0.0,0.0,0.0,0.0,0.0,0,10.0,Low
3007,1,1,1,1.0,7975.63,0.0,0.0,0.0,0.0,0.0,0,0.0,Low
3008,5,2,6,5.0,74130.7,0.0,0.0,1.0,1537.27,20.0,0,35.0,Medium
3009,3,1,3,2.0,36416.24,0.0,0.0,1.0,11573.0,50.0,0,25.0,Medium
3010,7,2,8,7.0,98969.37,0.0,0.0,1.0,4925.7,14.285714285714285,0,35.0,Medium
3011,9,3,11,11.0,119340.9,1.0,9.090909090909092,0.0,0.0,0.0,0,15.0,Low
3012,1,1,1,1.0,16490.66,0.0,0.0,0.0,0.0,0.0,0,0.0,Low
3013,3,1,3,3.0,13320.55,1.0,33.33333333333333,0.0,0.0,0.0,0,10.0,Low
3014,3,2,4,4.0,61357.31,1.0,25.0,0.0,0.0,0.0,0,10.0,Low
3015,4,1,4,3.0,41498.14,0.0,0.0,1.0,16163.8,33.33333333333333,0,25.0,Medium
3016,4,2,5,5.0,69345.93,1.0,20.0,0.0,0.0,0.0,0,10.0,Low
3017,3,1,3,3.0,23440.92,1.0,33.33333333333333,0.0,0.0,0.0,0,10.0,Low
3018,3,1,3,3.0,31722.329999999998,0.0,0.0,0.0,0.0,0.0,0,0.0,Low
3019,3,1,3,3.0,27190.34,0.0,0.0,0.0,0.0,0.0,0,0.0,Low
3020,2,1,2,2.0,39310.36,0.0,0.0,0.0,0.0,0.0,0,0.0,Low
3021,8,3,10,10.0,88772.52,0.0,0.0,0.0,0.0,0.0,0,15.0,Low
3022,2,1,2,2.0,12896.66,0.0,0.0,0.0,0.0,0.0,0,0.0,Low
3023,2,1,2,2.0,44660.130000000005,0.0,0.0,0.0,0.0,0.0,0,0.0,Low
3024,4,1,4,4.0,67816.68,0.0,0.0,0.0,0.0,0.0,0,0.0,Low
3025,5,2,6,5.0,53260.259999999995,1.0,20.0,1.0,550.29,20.0,0,45.0,Medium
3026,2,1,2,1.0,8382.88,0.0,0.0,1.0,562.25,100.0,0,25.0,Medium
3027,1,1,1,0.0,0.0,0.0,0.0,1.0,2345.09,0.0,0,5.0,Low
3028,2,1,2,1.0,5083.0,0.0,0.0,1.0,4901.36,100.0,0,25.0,Medium
3029,4,1,4,4.0,36266.740000000005,2.0,50.0,0.0,0.0,0.0,0,10.0,Low
3030,1,1,1,1.0,8910.9,0.0,0.0,0.0,0.0,0.0,0,0.0,Low
3031,1,1,1,1.0,12809.13,0.0,0.0,0.0,0.0,0.0,0,0.0,Low
3032,2,1,2,2.0,20587.41,1.0,50.0,0.0,0.0,0.0,0,10.0,Low
3033,1,1,1,1.0,12364.33,0.0,0.0,0.0,0.0,0.0,0,0.0,Low
3034,5,2,6,6.0,67066.15,0.0,0.0,0.0,0.0,0.0,0,10.0,Low
3035,1,1,1,1.0,18795.13,0.0,0.0,0.0,0.0,0.0,0,0.0,Low
3036,2,1,2,2.0,15296.67,1.0,50.0,0.0,0.0,0.0,0,10.0,Low
3037,3,2,4,4.0,73520.14,1.0,25.0,0.0,0.0,0.0,0,10.0,Low
3038,2,1,2,2.0,30314.219999999998,0.0,0.0,0.0,0.0,0.0,0,0.0,Low
3039,1,1,1,1.0,17989.56,0.0,0.0,0.0,0.0,0.0,0,0.0,Low
3040,2,1,2,2.0,40038.93,1.0,50.0,0.0,0.0,0.0,0,10.0,Low
3041,2,1,2,2.0,19773.11,0.0,0.0,0.0,0.0,0.0,0,0.0,Low
3042,1,1,1,1.0,3433.0,0.0,0.0,0.0,0.0,0.0,0,0.0,Low
3043,3,1,3,2.0,19594.69,0.0,0.0,1.0,513.84,50.0,0,25.0,Medium
3044,1,1,1,1.0,20724.14,0.0,0.0,0.0,0.0,0.0,0,0.0,Low
3045,1,1,1,1.0,22869.59,0.0,0.0,0.0,0.0,0.0,0,0.0,Low
3046,1,1,1,1.0,7576.16,0.0,0.0,0.0,0.0,0.0,0,0.0,Low
3047,1,1,1,1.0,23450.32,0.0,0.0,0.0,0.0,0.0,0,0.0,Low
3048,1,1,1,1.0,461.0,0.0,0.0,0.0,0.0,0.0,0,0.0,Low
3049,2,1,2,2.0,19099.47,0.0,0.0,0.0,0.0,0.0,0,0.0,Low
3050,1,1,1,1.0,14269.54,0.0,0.0,0.0,0.0,0.0,0,0.0,Low
3051,2,1,2,2.0,22560.63,1.0,50.0,0.0,0.0,0.0,0,10.0,Low
3052,2,1,2,2.0,30667.3,0.0,0.0,0.0,0.0,0.0,0,0.0,Low
3053,3,1,3,3.0,4786.45,1.0,33.33333333333333,0.0,0.0,0.0,0,10.0,Low
3054,5,1,5,4.0,74286.86,0.0,0.0,1.0,7945.0,25.0,0,35.0,Medium
3055,3,1,3,2.0,21564.16,0.0,0.0,1.0,1800.13,50.0,0,25.0,Medium
3056,2,1,2,1.0,24705.21,0.0,0.0,1.0,781.0,100.0,0,25.0,Medium
3057,1,1,1,1.0,21265.86,0.0,0.0,0.0,0.0,0.0,0,0.0,Low
3058,5,2,6,5.0,58236.2,1.0,20.0,1.0,409.07,20.0,0,45.0,Medium
3059,4,1,4,4.0,42878.29,1.0,25.0,0.0,0.0,0.0,0,10.0,Low
3060,3,1,3,3.0,48407.31,0.0,0.0,0.0,0.0,0.0,0,0.0,Low
3061,3,1,3,3.0,67115.2,0.0,0.0,0.0,0.0,0.0,0,0.0,Low
3062,3,1,3,2.0,23782.39,1.0,50.0,1.0,1116.32,50.0,0,35.0,Medium
3063,2,1,2,2.0,31294.21,0.0,0.0,0.0,0.0,0.0,0,0.0,Low
3064,2,1,2,2.0,33360.93,1.0,50.0,0.0,0.0,0.0,0,10.0,Low
3065,2,1,2,2.0,37363.97,0.0,0.0,0.0,0.0,0.0,0,0.0,Low
3066,3,1,3,1.0,5754.44,0.0,0.0,2.0,6033.63,200.0,0,30.0,Medium
3067,1,1,1,1.0,1564.0,0.0,0.0,0.0,0.0,0.0,0,0.0,Low
3068,1,1,1,0.0,0.0,0.0,0.0,1.0,171.37,0.0,0,5.0,Low
3069,3,1,3,3.0,13299.369999999999,0.0,0.0,0.0,0.0,0.0,0,0.0,Low
3070,3,1,3,3.0,37356.63,0.0,0.0,0.0,0.0,0.0,0,0.0,Low
3071,2,1,2,2.0,16082.83,1.0,50.0,0.0,0.0,0.0,0,10.0,Low
3072,1,1,1,1.0,11265.25,0.0,0.0,0.0,0.0,0.0,0,0.0,Low
3073,1,1,1,1.0,15222.87,1.0,100.0,0.0,0.0,0.0,0,10.0,Low
3074,6,3,8,6.0,76244.81,1.0,16.666666666666664,2.0,11017.7,33.33333333333333,0,45.0,Medium
3075,6,2,7,7.0,35695.73,0.0,0.0,0.0,0.0,0.0,0,10.0,Low
3076,2,1,2,2.0,20394.74,0.0,0.0,0.0,0.0,0.0,0,0.0,Low
3077,3,1,3,3.0,13630.619999999999,0.0,0.0,0.0,0.0,0.0,0,0.0,Low
3078,9,3,11,9.0,132383.78,1.0,11.11111111111111,2.0,6414.17,22.22222222222222,0,45.0,Medium
3079,1,1,1,1.0,16692.27,0.0,0.0,0.0,0.0,0.0,0,0.0,Low
3080,3,2,4,4.0,49651.46,0.0,0.0,0.0,0.0,0.0,0,0.0,Low
3081,1,1,1,1.0,7537.63,0.0,0.0,0.0,0.0,0.0,0,0.0,Low
3082,3,1,3,1.0,9954.95,0.0,0.0,2.0,9812.24,200.0,0,30.0,Medium
3083,3,2,4,4.0,56946.13,0.0,0.0,0.0,0.0,0.0,0,0.0,Low
3084,3,1,3,3.0,43774.95,0.0,0.0,0.0,0.0,0.0,0,0.0,Low
3085,2,1,2,2.0,11297.65,1.0,50.0,0.0,0.0,0.0,0,10.0,Low
3086,2,1,2,2.0,33598.71,0.0,0.0,0.0,0.0,0.0,0,0.0,Low
3087,3,1,3,2.0,30063.72,0.0,0.0,1.0,13654.34,50.0,0,25.0,Medium
3088,1,1,1,1.0,19291.03,0.0,0.0,0.0,0.0,0.0,0,0.0,Low
3089,3,1,3,3.0,17102.25,0.0,0.0,0.0,0.0,0.0,0,0.0,Low
3090,2,1,2,2.0,13454.29,0.0,0.0,0.0,0.0,0.0,0,0.0,Low
3091,3,1,3,3.0,58295.68,0.0,0.0,0.0,0.0,0.0,0,0.0,Low
3092,3,1,3,3.0,18858.27,0.0,0.0,0.0,0.0,0.0,0,0.0,Low
3093,1,1,1,1.0,9474.0,0.0,0.0,0.0,0.0,0.0,0,0.0,Low
3094,4,1,4,4.0,50896.49,0.0,0.0,0.0,0.0,0.0,0,0.0,Low
3095,4,2,5,5.0,89099.41,0.0,0.0,0.0,0.0,0.0,0,0.0,Low
3096,5,2,6,5.0,55076.479999999996,0.0,0.0,1.0,8787.96,20.0,0,35.0,Medium
3097,4,2,5,5.0,53913.12,0.0,0.0,0.0,0.0,0.0,0,0.0,Low
3098,2,1,2,1.0,11264.27,0.0,0.0,1.0,1565.13,100.0,0,25.0,Medium
3099,6,2,7,7.0,79393.06,0.0,0.0,0.0,0.0,0.0,0,10.0,Low
3100,4,1,4,4.0,36891.31,0.0,0.0,0.0,0.0,0.0,0,0.0,Low
3101,1,1,1,1.0,23562.02,0.0,0.0,0.0,0.0,0.0,0,0.0,Low
3102,1,1,1,1.0,12504.59,0.0,0.0,0.0,0.0,0.0,0,0.0,Low
3103,1,1,1,1.0,5974.84,0.0,0.0,0.0,0.0,0.0,0,0.0,Low
3104,4,2,5,4.0,49847.66,0.0,0.0,1.0,3364.0,25.0,0,25.0,Medium
3105,9,3,11,10.0,176975.44,1.0,10.0,1.0,12249.71,10.0,0,40.0,Medium
3106,2,1,2,2.0,18094.03,0.0,0.0,0.0,0.0,0.0,0,0.0,Low
3107,2,1,2,1.0,23879.83,0.0,0.0,1.0,388.39,100.0,0,25.0,Medium
3108,1,1,1,1.0,21312.45,0.0,0.0,0.0,0.0,0.0,0,0.0,Low
3109,1,1,1,1.0,22215.93,0.0,0.0,0.0,0.0,0.0,0,0.0,Low
3110,1,1,1,1.0,7147.79,0.0,0.0,0.0,0.0,0.0,0,0.0,Low
3111,4,1,4,3.0,23290.989999999998,0.0,0.0,1.0,875.3,33.33333333333333,0,25.0,Medium
3112,2,1,2,1.0,4276.0,0.0,0.0,1.0,1866.0,100.0,0,25.0,Medium
3113,6,1,6,5.0,47416.32,0.0,0.0,1.0,959.89,20.0,0,35.0,Medium
3114,2,1,2,2.0,35831.38,0.0,0.0,0.0,0.0,0.0,0,0.0,Low
3115,2,1,2,2.0,17456.22,0.0,0.0,0.0,0.0,0.0,0,0.0,Low
3116,1,1,1,1.0,8884.78,0.0,0.0,0.0,0.0,0.0,0,0.0,Low
3117,2,1,2,2.0,9189.49,1.0,50.0,0.0,0.0,0.0,0,10.0,Low
3118,3,1,3,3.0,31475.04,0.0,0.0,0.0,0.0,0.0,0,0.0,Low
3119,4,1,4,3.0,34526.56,1.0,33.33333333333333,1.0,739.61,33.33333333333333,0,35.0,Medium
3120,2,1,2,2.0,29163.66,0.0,0.0,0.0,0.0,0.0,0,0.0,Low
3121,5,1,5,4.0,43841.92,1.0,25.0,1.0,927.0,25.0,0,45.0,Medium
3122,3,1,3,3.0,47491.95,0.0,0.0,0.0,0.0,0.0,0,0.0,Low
3123,1,1,1,1.0,14673.3,0.0,0.0,0.0,0.0,0.0,0,0.0,Low
3124,5,1,5,5.0,87452.95,0.0,0.0,0.0,0.0,0.0,0,10.0,Low
3125,2,1,2,2.0,24040.78,0.0,0.0,0.0,0.0,0.0,0,0.0,Low
3126,1,1,1,1.0,4294.09,0.0,0.0,0.0,0.0,0.0,0,0.0,Low
3127,2,1,2,2.0,12572.82,0.0,0.0,0.0,0.0,0.0,0,0.0,Low
3128,3,1,3,3.0,31558.69,0.0,0.0,0.0,0.0,0.0,0,0.0,Low
3129,4,1,4,4.0,43178.87,0.0,0.0,0.0,0.0,0.0,0,0.0,Low
3130,1,1,1,1.0,9602.0,0.0,0.0,0.0,0.0,0.0,0,0.0,Low
3131,2,1,2,2.0,9992.34,0.0,0.0,0.0,0.0,0.0,0,0.0,Low
3132,1,1,1,1.0,3185.14,0.0,0.0,0.0,0.0,0.0,0,0.0,Low
3133,2,1,2,1.0,118.95,0.0,0.0,1.0,5747.29,100.0,0,25.0,Medium
3134,4,1,4,4.0,50301.62,1.0,25.0,0.0,0.0,0.0,0,10.0,Low
3135,3,1,3,3.0,31262.56,1.0,33.33333333333333,0.0,0.0,0.0,0,10.0,Low
3136,3,1,3,3.0,45076.65,0.0,0.0,0.0,0.0,0.0,0,0.0,Low
3137,2,1,2,2.0,28528.33,0.0,0.0,0.0,0.0,0.0,0,0.0,Low
3138,4,1,4,3.0,23901.4,0.0,0.0,1.0,3816.43,33.33333333333333,0,25.0,Medium
3139,3,2,4,4.0,48507.43,1.0,25.0,0.0,0.0,0.0,0,10.0,Low
3140,2,1,2,1.0,12118.23,0.0,0.0,1.0,2546.9,100.0,0,25.0,Medium
3141,2,1,2,2.0,32739.13,0.0,0.0,0.0,0.0,0.0,0,0.0,Low
3142,4,1,4,4.0,67632.61,0.0,0.0,0.0,0.0,0.0,0,0.0,Low
3143,2,1,2,2.0,29019.82,0.0,0.0,0.0,0.0,0.0,0,0.0,Low
3144,1,1,1,1.0,4184.38,0.0,0.0,0.0,0.0,0.0,0,0.0,Low
3145,1,1,1,0.0,0.0,0.0,0.0,1.0,4857.19,0.0,0,5.0,Low
3146,3,1,3,3.0,57557.76,0.0,0.0,0.0,0.0,0.0,0,0.0,Low
3147,5,1,5,5.0,41623.73,1.0,20.0,0.0,0.0,0.0,0,20.0,Low
3148,5,2,6,6.0,80815.83,1.0,16.666666666666664,0.0,0.0,0.0,0,10.0,Low
3149,1,1,1,1.0,6956.17,0.0,0.0,0.0,0.0,0.0,0,0.0,Low
3150,3,1,3,3.0,51095.89,1.0,33.33333333333333,0.0,0.0,0.0,0,10.0,Low
3151,1,1,1,1.0,21708.1,0.0,0.0,0.0,0.0,0.0,0,0.0,Low
3152,4,1,4,4.0,63576.020000000004,1.0,25.0,0.0,0.0,0.0,0,10.0,Low
3153,2,2,3,3.0,19879.42,0.0,0.0,0.0,0.0,0.0,0,0.0,Low
3154,2,1,2,2.0,14627.990000000002,1.0,50.0,0.0,0.0,0.0,0,10.0,Low
3155,3,1,3,2.0,8671.0,0.0,0.0,1.0,1467.32,50.0,0,25.0,Medium
3156,1,2,2,2.0,20314.53,0.0,0.0,0.0,0.0,0.0,0,0.0,Low
3157,5,3,7,7.0,109649.16,0.0,0.0,0.0,0.0,0.0,0,15.0,Low
3158,12,5,16,15.0,166673.99,1.0,6.666666666666667,1.0,546.0,6.666666666666667,0,40.0,Medium
3159,3,1,3,2.0,24854.22,0.0,0.0,1.0,24586.31,50.0,0,25.0,Medium
3160,3,1,3,3.0,35514.479999999996,0.0,0.0,0.0,0.0,0.0,0,0.0,Low
3161,3,1,3,3.0,37034.51,1.0,33.33333333333333,0.0,0.0,0.0,0,10.0,Low
3162,1,1,1,1.0,11719.81,0.0,0.0,0.0,0.0,0.0,0,0.0,Low
3163,2,1,2,2.0,18227.29,0.0,0.0,0.0,0.0,0.0,0,0.0,Low
3164,1,1,1,0.0,0.0,0.0,0.0,1.0,1594.84,0.0,0,5.0,Low
3165,3,2,4,4.0,23182.96,0.0,0.0,0.0,0.0,0.0,0,0.0,Low
3166,1,1,1,1.0,21183.95,0.0,0.0,0.0,0.0,0.0,0,0.0,Low
3167,1,1,1,0.0,0.0,0.0,0.0,1.0,10021.84,0.0,0,5.0,Low
3168,1,1,1,1.0,21478.35,0.0,0.0,0.0,0.0,0.0,0,0.0,Low
3169,4,1,4,4.0,35433.590000000004,1.0,25.0,0.0,0.0,0.0,0,10.0,Low
3170,2,1,2,2.0,11731.32,1.0,50.0,0.0,0.0,0.0,0,10.0,Low
3171,2,1,2,2.0,42602.91,0.0,0.0,0.0,0.0,0.0,0,0.0,Low
3172,3,1,3,2.0,29794.909999999996,0.0,0.0,1.0,878.0,50.0,0,25.0,Medium
3173,1,1,1,1.0,22063.55,0.0,0.0,0.0,0.0,0.0,0,0.0,Low
3174,6,2,7,7.0,74620.6,0.0,0.0,0.0,0.0,0.0,0,10.0,Low
3175,1,1,1,0.0,0.0,0.0,0.0,1.0,1059.67,0.0,0,5.0,Low
3176,1,1,1,1.0,1382.07,0.0,0.0,0.0,0.0,0.0,0,0.0,Low
3177,5,2,6,5.0,63129.08,0.0,0.0,1.0,6019.31,20.0,0,35.0,Medium
3178,2,1,2,2.0,21708.87,0.0,0.0,0.0,0.0,0.0,0,0.0,Low
3179,3,1,3,3.0,43337.27,0.0,0.0,0.0,0.0,0.0,0,0.0,Low
3180,7,2,8,8.0,100241.16,2.0,25.0,0.0,0.0,0.0,0,20.0,Low
3181,5,1,5,4.0,64987.64,2.0,50.0,1.0,1320.18,25.0,0,45.0,Medium
3182,1,1,1,0.0,0.0,0.0,0.0,1.0,1337.67,0.0,0,5.0,Low
3183,2,1,2,2.0,13386.59,0.0,0.0,0.0,0.0,0.0,0,0.0,Low
3184,3,1,3,3.0,34634.6,0.0,0.0,0.0,0.0,0.0,0,0.0,Low
3185,2,1,2,1.0,3180.55,0.0,0.0,1.0,0.0,100.0,0,25.0,Medium
3186,1,1,1,1.0,748.25,0.0,0.0,0.0,0.0,0.0,0,0.0,Low
3187,5,1,5,4.0,57184.729999999996,0.0,0.0,1.0,2585.25,25.0,0,35.0,Medium
3188,3,1,3,3.0,56257.81,0.0,0.0,0.0,0.0,0.0,0,0.0,Low
3189,2,1,2,2.0,33503.03,0.0,0.0,0.0,0.0,0.0,0,0.0,Low
3190,3,1,3,3.0,29223.33,0.0,0.0,0.0,0.0,0.0,0,0.0,Low
3191,2,2,3,3.0,26908.300000000003,1.0,33.33333333333333,0.0,0.0,0.0,0,10.0,Low
3192,5,2,6,6.0,83182.98,0.0,0.0,0.0,0.0,0.0,0,10.0,Low
3193,1,1,1,1.0,16972.61,0.0,0.0,0.0,0.0,0.0,0,0.0,Low
3194,2,1,2,2.0,12914.08,1.0,50.0,0.0,0.0,0.0,0,10.0,Low
3195,3,1,3,3.0,38885.61,0.0,0.0,0.0,0.0,0.0,0,0.0,Low
3196,4,1,4,4.0,35541.28,1.0,25.0,0.0,0.0,0.0,0,10.0,Low
3197,3,2,4,4.0,47490.73,1.0,25.0,0.0,0.0,0.0,0,10.0,Low
3198,4,1,4,3.0,46628.94,0.0,0.0,1.0,1105.07,33.33333333333333,0,25.0,Medium
3199,1,1,1,1.0,10176.16,0.0,0.0,0.0,0.0,0.0,0,0.0,Low
3200,4,1,4,3.0,24195.8,1.0,33.33333333333333,1.0,2928.28,33.33333333333333,0,35.0,Medium
3201,5,1,5,5.0,66042.88,0.0,0.0,0.0,0.0,0.0,0,10.0,Low
3202,1,1,1,1.0,22882.8,0.0,0.0,0.0,0.0,0.0,0,0.0,Low
3203,4,2,5,5.0,25548.52,0.0,0.0,0.0,0.0,0.0,0,0.0,Low
3204,5,2,6,6.0,45534.06,0.0,0.0,0.0,0.0,0.0,0,10.0,Low
3205,2,1,2,2.0,32440.47,0.0,0.0,0.0,0.0,0.0,0,0.0,Low
3206,3,1,3,2.0,30258.22,0.0,0.0,1.0,10229.48,50.0,0,25.0,Medium
3207,2,1,2,2.0,28815.68,1.0,50.0,0.0,0.0,0.0,0,10.0,Low
3208,2,1,2,2.0,13481.83,0.0,0.0,0.0,0.0,0.0,0,0.0,Low
3209,2,1,2,2.0,20900.22,0.0,0.0,0.0,0.0,0.0,0,0.0,Low
3210,4,2,5,4.0,34550.17,0.0,0.0,1.0,8059.65,25.0,0,25.0,Medium
3211,1,1,1,1.0,22871.73,0.0,0.0,0.0,0.0,0.0,0,0.0,Low
3212,2,1,2,2.0,42721.41,0.0,0.0,0.0,0.0,0.0,0,0.0,Low
3213,1,1,1,1.0,18332.79,0.0,0.0,0.0,0.0,0.0,0,0.0,Low
3214,2,1,2,2.0,17751.43,0.0,0.0,0.0,0.0,0.0,0,0.0,Low
3215,4,1,4,3.0,38482.21,0.0,0.0,1.0,4676.01,33.33333333333333,0,25.0,Medium
3216,2,1,2,2.0,18036.760000000002,1.0,50.0,0.0,0.0,0.0,0,10.0,Low
3217,3,1,3,3.0,53141.82,0.0,0.0,0.0,0.0,0.0,0,0.0,Low
3218,3,1,3,3.0,33331.64,0.0,0.0,0.0,0.0,0.0,0,0.0,Low
3219,2,1,2,2.0,19564.43,0.0,0.0,0.0,0.0,0.0,0,0.0,Low
3220,2,1,2,2.0,33986.12,1.0,50.0,0.0,0.0,0.0,0,10.0,Low
3221,2,1,2,2.0,18682.45,0.0,0.0,0.0,0.0,0.0,0,0.0,Low
3222,1,1,1,1.0,21553.48,0.0,0.0,0.0,0.0,0.0,0,0.0,Low
3223,1,1,1,1.0,18920.06,1.0,100.0,0.0,0.0,0.0,0,10.0,Low
3224,2,1,2,1.0,11397.53,0.0,0.0,1.0,1201.31,100.0,0,25.0,Medium
3225,3,1,3,3.0,33060.93,0.0,0.0,0.0,0.0,0.0,0,0.0,Low
3226,3,1,3,3.0,32106.64,0.0,0.0,0.0,0.0,0.0,0,0.0,Low
3227,3,1,3,2.0,2694.0,0.0,0.0,1.0,1419.0,50.0,0,25.0,Medium
3228,3,1,3,3.0,30989.4,0.0,0.0,0.0,0.0,0.0,0,0.0,Low
3229,1,1,1,1.0,8989.88,0.0,0.0,0.0,0.0,0.0,0,0.0,Low
3230,2,1,2,1.0,11495.0,0.0,0.0,1.0,606.33,100.0,0,25.0,Medium
3231,2,1,2,2.0,40179.01,0.0,0.0,0.0,0.0,0.0,0,0.0,Low
3232,3,1,3,3.0,23668.75,0.0,0.0,0.0,0.0,0.0,0,0.0,Low
3233,5,1,5,5.0,60539.130000000005,0.0,0.0,0.0,0.0,0.0,0,10.0,Low
3234,2,1,2,1.0,45.69,0.0,0.0,1.0,2553.0,100.0,0,25.0,Medium
3235,2,1,2,2.0,32981.94,0.0,0.0,0.0,0.0,0.0,0,0.0,Low
3236,2,1,2,2.0,8928.16,0.0,0.0,0.0,0.0,0.0,0,0.0,Low
3237,4,2,5,5.0,64271.91,0.0,0.0,0.0,0.0,0.0,0,0.0,Low
3238,2,1,2,2.0,25614.13,0.0,0.0,0.0,0.0,0.0,0,0.0,Low
3239,1,1,1,1.0,23065.87,0.0,0.0,0.0,0.0,0.0,0,0.0,Low
3240,3,1,3,3.0,48368.15,0.0,0.0,0.0,0.0,0.0,0,0.0,Low
3241,3,1,3,3.0,55411.06,0.0,0.0,0.0,0.0,0.0,0,0.0,Low
3242,1,1,1,1.0,11933.0,0.0,0.0,0.0,0.0,0.0,0,0.0,Low
3243,1,1,1,1.0,21416.0,0.0,0.0,0.0,0.0,0.0,0,0.0,Low
3244,6,2,7,7.0,88802.5,0.0,0.0,0.0,0.0,0.0,0,10.0,Low
3245,1,1,1,1.0,22995.62,0.0,0.0,0.0,0.0,0.0,0,0.0,Low
3246,2,1,2,2.0,15783.11,0.0,0.0,0.0,0.0,0.0,0,0.0,Low
3247,3,1,3,2.0,12420.550000000001,0.0,0.0,1.0,4363.55,50.0,0,25.0,Medium
3248,4,1,4,4.0,61700.16,1.0,25.0,0.0,0.0,0.0,0,10.0,Low
3249,3,1,3,3.0,43549.65,0.0,0.0,0.0,0.0,0.0,0,0.0,Low
3250,3,1,3,3.0,29991.96,0.0,0.0,0.0,0.0,0.0,0,0.0,Low
3251,1,1,1,1.0,14091.13,1.0,100.0,0.0,0.0,0.0,0,10.0,Low
3252,1,1,1,1.0,6454.99,0.0,0.0,0.0,0.0,0.0,0,0.0,Low
3253,1,1,1,1.0,15791.16,0.0,0.0,0.0,0.0,0.0,0,0.0,Low
3254,2,1,2,2.0,34110.89,0.0,0.0,0.0,0.0,0.0,0,0.0,Low
3255,2,1,2,2.0,33822.37,1.0,50.0,0.0,0.0,0.0,0,10.0,Low
3256,2,1,2,2.0,34952.17,0.0,0.0,0.0,0.0,0.0,0,0.0,Low
3257,2,1,2,1.0,6758.76,0.0,0.0,1.0,503.49,100.0,0,25.0,Medium
3258,3,1,3,3.0,26504.35,0.0,0.0,0.0,0.0,0.0,0,0.0,Low
3259,3,1,3,3.0,52028.979999999996,1.0,33.33333333333333,0.0,0.0,0.0,0,10.0,Low
3260,1,1,1,1.0,9919.52,0.0,0.0,0.0,0.0,0.0,0,0.0,Low
3261,1,1,1,1.0,2707.03,0.0,0.0,0.0,0.0,0.0,0,0.0,Low
3262,2,1,2,2.0,27878.239999999998,0.0,0.0,0.0,0.0,0.0,0,0.0,Low
3263,3,1,3,3.0,23509.07,0.0,0.0,0.0,0.0,0.0,0,0.0,Low
3264,4,1,4,4.0,40734.15,0.0,0.0,0.0,0.0,0.0,0,0.0,Low
3265,1,1,1,1.0,21358.15,0.0,0.0,0.0,0.0,0.0,0,0.0,Low
3266,3,1,3,3.0,35329.93,1.0,33.33333333333333,0.0,0.0,0.0,0,10.0,Low
3267,1,1,1,1.0,18785.17,0.0,0.0,0.0,0.0,0.0,0,0.0,Low
3268,5,3,7,7.0,70072.29,1.0,14.285714285714285,0.0,0.0,0.0,0,15.0,Low
3269,1,1,1,1.0,9091.0,0.0,0.0,0.0,0.0,0.0,0,0.0,Low
3270,9,3,11,10.0,156847.0,0.0,0.0,1.0,448.1,10.0,0,40.0,Medium
3271,2,1,2,1.0,7504.98,0.0,0.0,1.0,253.89,100.0,0,25.0,Medium
3272,3,1,3,3.0,41596.0,0.0,0.0,0.0,0.0,0.0,0,0.0,Low
3273,2,1,2,2.0,27161.68,1.0,50.0,0.0,0.0,0.0,0,10.0,Low
3274,2,1,2,2.0,42520.79,0.0,0.0,0.0,0.0,0.0,0,0.0,Low
3275,4,1,4,4.0,31012.53,0.0,0.0,0.0,0.0,0.0,0,0.0,Low
3276,2,1,2,2.0,11028.329999999998,1.0,50.0,0.0,0.0,0.0,0,10.0,Low
3277,3,1,3,3.0,29053.91,0.0,0.0,0.0,0.0,0.0,0,0.0,Low
3278,3,1,3,3.0,58008.57,0.0,0.0,0.0,0.0,0.0,0,0.0,Low
3279,4,1,4,4.0,48204.06,0.0,0.0,0.0,0.0,0.0,0,0.0,Low
3280,2,1,2,2.0,36852.770000000004,0.0,0.0,0.0,0.0,0.0,0,0.0,Low
3281,1,1,1,1.0,16073.45,0.0,0.0,0.0,0.0,0.0,0,0.0,Low
3282,2,1,2,2.0,1831.73,0.0,0.0,0.0,0.0,0.0,0,0.0,Low
3283,1,1,1,1.0,24298.13,0.0,0.0,0.0,0.0,0.0,0,0.0,Low
3284,2,1,2,1.0,10418.45,0.0,0.0,1.0,519.74,100.0,0,25.0,Medium
3285,4,2,5,5.0,51721.07,1.0,20.0,0.0,0.0,0.0,0,10.0,Low
3286,4,1,4,4.0,81786.16,0.0,0.0,0.0,0.0,0.0,0,0.0,Low
3287,3,1,3,2.0,42731.6,0.0,0.0,1.0,6771.0,50.0,0,25.0,Medium
3288,3,1,3,3.0,32083.22,0.0,0.0,0.0,0.0,0.0,0,0.0,Low
3289,4,1,4,3.0,13695.45,1.0,33.33333333333333,1.0,1246.25,33.33333333333333,0,35.0,Medium
3290,3,1,3,3.0,11645.79,0.0,0.0,0.0,0.0,0.0,0,0.0,Low
3291,5,1,5,5.0,29631.31,0.0,0.0,0.0,0.0,0.0,0,10.0,Low
3292,1,1,1,1.0,5293.67,0.0,0.0,0.0,0.0,0.0,0,0.0,Low
3293,2,1,2,1.0,8211.87,0.0,0.0,1.0,732.38,100.0,0,25.0,Medium
3294,2,1,2,2.0,34553.11,0.0,0.0,0.0,0.0,0.0,0,0.0,Low
3295,1,1,1,1.0,17703.51,0.0,0.0,0.0,0.0,0.0,0,0.0,Low
3296,2,1,2,1.0,21868.79,0.0,0.0,1.0,2351.11,100.0,0,25.0,Medium
3297,1,1,1,1.0,20449.69,0.0,0.0,0.0,0.0,0.0,0,0.0,Low
3298,4,1,4,4.0,60592.509999999995,2.0,50.0,0.0,0.0,0.0,0,10.0,Low
3299,2,2,3,3.0,48283.04,0.0,0.0,0.0,0.0,0.0,0,0.0,Low
3300,2,1,2,2.0,22385.440000000002,0.0,0.0,0.0,0.0,0.0,0,0.0,Low
3301,1,1,1,1.0,4176.66,0.0,0.0,0.0,0.0,0.0,0,0.0,Low
3302,6,2,7,6.0,88735.66,1.0,16.666666666666664,1.0,2615.98,16.666666666666664,0,35.0,Medium
3303,2,1,2,2.0,45051.61,0.0,0.0,0.0,0.0,0.0,0,0.0,Low
3304,3,1,3,3.0,24757.43,0.0,0.0,0.0,0.0,0.0,0,0.0,Low
3305,1,1,1,1.0,17066.49,0.0,0.0,0.0,0.0,0.0,0,0.0,Low
3306,1,2,2,2.0,30914.05,0.0,0.0,0.0,0.0,0.0,0,0.0,Low
3307,2,1,2,2.0,13643.53,0.0,0.0,0.0,0.0,0.0,0,0.0,Low
3308,1,1,1,1.0,1291.83,0.0,0.0,0.0,0.0,0.0,0,0.0,Low
3309,1,1,1,1.0,24449.17,0.0,0.0,0.0,0.0,0.0,0,0.0,Low
3310,3,2,4,3.0,33222.7,0.0,0.0,1.0,815.57,33.33333333333333,0,25.0,Medium
3311,1,1,1,1.0,21362.19,0.0,0.0,0.0,0.0,0.0,0,0.0,Low
3312,3,1,3,3.0,23039.07,0.0,0.0,0.0,0.0,0.0,0,0.0,Low
3313,4,1,4,4.0,63344.09,1.0,25.0,0.0,0.0,0.0,0,10.0,Low
3314,2,1,2,2.0,37931.259999999995,0.0,0.0,0.0,0.0,0.0,0,0.0,Low
3315,1,1,1,1.0,1933.73,0.0,0.0,0.0,0.0,0.0,0,0.0,Low
3316,2,1,2,2.0,13542.62,0.0,0.0,0.0,0.0,0.0,0,0.0,Low
3317,3,2,4,4.0,30535.35,0.0,0.0,0.0,0.0,0.0,0,0.0,Low
3318,3,1,3,2.0,18191.44,0.0,0.0,1.0,578.72,50.0,0,25.0,Medium
3319,2,1,2,1.0,21555.2,0.0,0.0,1.0,1273.0,100.0,0,25.0,Medium
3320,1,1,1,1.0,1886.59,0.0,0.0,0.0,0.0,0.0,0,0.0,Low
3321,1,1,1,1.0,3912.25,0.0,0.0,0.0,0.0,0.0,0,0.0,Low
3322,1,1,1,1.0,20911.0,1.0,100.0,0.0,0.0,0.0,0,10.0,Low
3323,1,1,1,1.0,6701.68,0.0,0.0,0.0,0.0,0.0,0,0.0,Low
3324,1,1,1,1.0,6660.0,0.0,0.0,0.0,0.0,0.0,0,0.0,Low
3325,1,1,1,1.0,9870.36,0.0,0.0,0.0,0.0,0.0,0,0.0,Low
3326,4,1,4,4.0,87843.81,3.0,75.0,0.0,0.0,0.0,0,10.0,Low
3327,1,1,1,1.0,18424.47,0.0,0.0,0.0,0.0,0.0,0,0.0,Low
3328,1,2,2,2.0,25501.45,0.0,0.0,0.0,0.0,0.0,0,0.0,Low
3329,1,1,1,1.0,17658.99,0.0,0.0,0.0,0.0,0.0,0,0.0,Low
3330,4,1,4,4.0,63303.44,1.0,25.0,0.0,0.0,0.0,0,10.0,Low
3331,2,2,3,2.0,24804.5,0.0,0.0,1.0,537.48,50.0,0,25.0,Medium
3332,2,1,2,2.0,35774.61,1.0,50.0,0.0,0.0,0.0,0,10.0,Low
3333,1,1,1,1.0,4392.53,0.0,0.0,0.0,0.0,0.0,0,0.0,Low
3334,2,1,2,2.0,21270.21,1.0,50.0,0.0,0.0,0.0,0,10.0,Low
3335,2,1,2,2.0,20806.449999999997,0.0,0.0,0.0,0.0,0.0,0,0.0,Low
3336,1,1,1,1.0,6627.76,0.0,0.0,0.0,0.0,0.0,0,0.0,Low
3337,2,1,2,1.0,6901.43,0.0,0.0,1.0,14999.55,100.0,0,25.0,Medium
3338,3,1,3,3.0,17019.08,0.0,0.0,0.0,0.0,0.0,0,0.0,Low
3339,2,1,2,2.0,12877.630000000001,0.0,0.0,0.0,0.0,0.0,0,0.0,Low
3340,1,1,1,1.0,811.27,0.0,0.0,0.0,0.0,0.0,0,0.0,Low
3341,4,1,4,4.0,76617.24,1.0,25.0,0.0,0.0,0.0,0,10.0,Low
3342,1,1,1,1.0,2173.82,0.0,0.0,0.0,0.0,0.0,0,0.0,Low
3343,4,2,5,4.0,55947.57,0.0,0.0,1.0,1731.53,25.0,0,25.0,Medium
3344,4,1,4,3.0,44405.6,0.0,0.0,1.0,2326.89,33.33333333333333,0,25.0,Medium
3345,4,1,4,3.0,60618.7,1.0,33.33333333333333,1.0,0.0,33.33333333333333,0,35.0,Medium
3346,2,1,2,2.0,11572.57,0.0,0.0,0.0,0.0,0.0,0,0.0,Low
3347,6,2,7,5.0,59549.22,0.0,0.0,2.0,0.0,40.0,0,40.0,Medium
3348,2,1,2,2.0,34134.03,0.0,0.0,0.0,0.0,0.0,0,0.0,Low
3349,2,1,2,2.0,22128.85,0.0,0.0,0.0,0.0,0.0,0,0.0,Low
3350,4,3,6,6.0,78474.7,1.0,16.666666666666664,0.0,0.0,0.0,0,5.0,Low
3351,1,1,1,1.0,6923.98,0.0,0.0,0.0,0.0,0.0,0,0.0,Low
3352,2,1,2,1.0,12878.04,0.0,0.0,1.0,3329.74,100.0,0,25.0,Medium
3353,7,2,8,8.0,93006.27,0.0,0.0,0.0,0.0,0.0,0,10.0,Low
3354,1,1,1,1.0,7311.5,0.0,0.0,0.0,0.0,0.0,0,0.0,Low
3355,2,1,2,1.0,5119.0,0.0,0.0,1.0,0.0,100.0,0,25.0,Medium
3356,6,2,7,7.0,122041.86,0.0,0.0,0.0,0.0,0.0,0,10.0,Low
3357,5,3,7,6.0,69030.1,0.0,0.0,1.0,1858.78,16.666666666666664,0,40.0,Medium
3358,1,1,1,1.0,2348.05,1.0,100.0,0.0,0.0,0.0,0,10.0,Low
3359,3,1,3,3.0,46002.93,0.0,0.0,0.0,0.0,0.0,0,0.0,Low
3360,3,1,3,3.0,35994.73,0.0,0.0,0.0,0.0,0.0,0,0.0,Low
3361,1,1,1,1.0,22204.07,0.0,0.0,0.0,0.0,0.0,0,0.0,Low
3362,1,1,1,1.0,24737.74,0.0,0.0,0.0,0.0,0.0,0,0.0,Low
3363,2,1,2,1.0,6960.81,0.0,0.0,1.0,700.6,100.0,0,25.0,Medium
3364,3,1,3,2.0,13558.56,0.0,0.0,1.0,5986.31,50.0,0,25.0,Medium
3365,4,2,5,5.0,50166.57,1.0,20.0,0.0,0.0,0.0,0,10.0,Low
3366,6,1,6,5.0,63254.19,1.0,20.0,1.0,1195.47,20.0,0,45.0,Medium
3367,5,1,5,5.0,60292.520000000004,0.0,0.0,0.0,0.0,0.0,0,10.0,Low
3368,1,1,1,1.0,15297.33,0.0,0.0,0.0,0.0,0.0,0,0.0,Low
3369,1,1,1,1.0,2202.06,0.0,0.0,0.0,0.0,0.0,0,0.0,Low
3370,2,1,2,1.0,13817.0,0.0,0.0,1.0,1395.11,100.0,0,25.0,Medium
3371,2,1,2,2.0,28825.67,0.0,0.0,0.0,0.0,0.0,0,0.0,Low
3372,2,1,2,2.0,35427.909999999996,0.0,0.0,0.0,0.0,0.0,0,0.0,Low
3373,1,1,1,1.0,16550.64,0.0,0.0,0.0,0.0,0.0,0,0.0,Low
3374,3,1,3,2.0,23438.8,0.0,0.0,1.0,4626.55,50.0,0,25.0,Medium
3375,2,1,2,2.0,29806.03,0.0,0.0,0.0,0.0,0.0,0,0.0,Low
3376,2,1,2,1.0,6540.71,0.0,0.0,1.0,7597.0,100.0,0,25.0,Medium
3377,4,1,4,4.0,70487.73,1.0,25.0,0.0,0.0,0.0,0,10.0,Low
3378,4,1,4,4.0,75950.83,1.0,25.0,0.0,0.0,0.0,0,10.0,Low
3379,2,1,2,1.0,22261.65,0.0,0.0,1.0,1360.01,100.0,0,25.0,Medium
3380,2,1,2,2.0,26331.350000000002,0.0,0.0,0.0,0.0,0.0,0,0.0,Low
3381,3,1,3,3.0,49289.17,1.0,33.33333333333333,0.0,0.0,0.0,0,10.0,Low
3382,3,1,3,3.0,45787.36,0.0,0.0,0.0,0.0,0.0,0,0.0,Low
3383,2,1,2,2.0,23196.65,0.0,0.0,0.0,0.0,0.0,0,0.0,Low
3384,8,4,11,10.0,106717.32,1.0,10.0,1.0,2124.72,10.0,0,40.0,Medium
3385,2,1,2,2.0,39301.28,0.0,0.0,0.0,0.0,0.0,0,0.0,Low
3386,2,1,2,2.0,18167.0,0.0,0.0,0.0,0.0,0.0,0,0.0,Low
3387,2,1,2,0.0,0.0,0.0,0.0,2.0,3394.15,0.0,0,10.0,Low
3388,2,1,2,2.0,20654.559999999998,0.0,0.0,0.0,0.0,0.0,0,0.0,Low
3389,3,1,3,3.0,42703.090000000004,0.0,0.0,0.0,0.0,0.0,0,0.0,Low
3390,1,1,1,1.0,15449.15,0.0,0.0,0.0,0.0,0.0,0,0.0,Low
3391,2,1,2,2.0,38440.83,0.0,0.0,0.0,0.0,0.0,0,0.0,Low
3392,1,1,1,1.0,14915.9,0.0,0.0,0.0,0.0,0.0,0,0.0,Low
3393,2,1,2,2.0,23668.23,0.0,0.0,0.0,0.0,0.0,0,0.0,Low
3394,1,1,1,1.0,22150.58,1.0,100.0,0.0,0.0,0.0,0,10.0,Low
3395,3,1,3,3.0,44768.729999999996,0.0,0.0,0.0,0.0,0.0,0,0.0,Low
3396,3,1,3,3.0,41203.68,0.0,0.0,0.0,0.0,0.0,0,0.0,Low
3397,4,1,4,4.0,45390.47,0.0,0.0,0.0,0.0,0.0,0,0.0,Low
3398,1,1,1,1.0,19497.67,0.0,0.0,0.0,0.0,0.0,0,0.0,Low
3399,1,1,1,0.0,0.0,0.0,0.0,1.0,1407.25,0.0,0,5.0,Low
3400,1,1,1,1.0,22449.4,0.0,0.0,0.0,0.0,0.0,0,0.0,Low
3401,2,1,2,2.0,44271.11,0.0,0.0,0.0,0.0,0.0,0,0.0,Low
3402,1,1,1,0.0,0.0,0.0,0.0,1.0,993.0,0.0,0,5.0,Low
3403,2,1,2,2.0,32878.770000000004,1.0,50.0,0.0,0.0,0.0,0,10.0,Low
3404,3,1,3,2.0,27667.91,0.0,0.0,1.0,17242.91,50.0,0,25.0,Medium
3405,1,1,1,1.0,1466.85,0.0,0.0,0.0,0.0,0.0,0,0.0,Low
3406,1,1,1,1.0,19170.12,0.0,0.0,0.0,0.0,0.0,0,0.0,Low
3407,1,1,1,1.0,4231.91,0.0,0.0,0.0,0.0,0.0,0,0.0,Low
3408,1,1,1,1.0,12292.04,0.0,0.0,0.0,0.0,0.0,0,0.0,Low
3409,2,1,2,2.0,21779.3,0.0,0.0,0.0,0.0,0.0,0,0.0,Low
3410,3,1,3,3.0,19574.84,1.0,33.33333333333333,0.0,0.0,0.0,0,10.0,Low
3411,2,1,2,2.0,25903.170000000002,0.0,0.0,0.0,0.0,0.0,0,0.0,Low
3412,3,1,3,3.0,47361.64,0.0,0.0,0.0,0.0,0.0,0,0.0,Low
3413,2,1,2,2.0,30007.52,0.0,0.0,0.0,0.0,0.0,0,0.0,Low
3414,3,1,3,3.0,29835.84,2.0,66.66666666666666,0.0,0.0,0.0,0,10.0,Low
3415,2,1,2,2.0,23441.03,0.0,0.0,0.0,0.0,0.0,0,0.0,Low
3416,3,1,3,2.0,10403.91,0.0,0.0,1.0,1587.1,50.0,0,25.0,Medium
3417,3,1,3,3.0,35602.96,1.0,33.33333333333333,0.0,0.0,0.0,0,10.0,Low
3418,3,1,3,3.0,38880.37,0.0,0.0,0.0,0.0,0.0,0,0.0,Low
3419,5,4,8,7.0,83493.87,1.0,14.285714285714285,1.0,6862.58,14.285714285714285,0,40.0,Medium
3420,1,1,1,1.0,18473.0,0.0,0.0,0.0,0.0,0.0,0,0.0,Low
3421,3,1,3,3.0,37647.66,1.0,33.33333333333333,0.0,0.0,0.0,0,10.0,Low
3422,1,1,1,1.0,12582.07,0.0,0.0,0.0,0.0,0.0,0,0.0,Low
3423,2,1,2,2.0,28629.46,1.0,50.0,0.0,0.0,0.0,0,10.0,Low
3424,2,1,2,2.0,19527.5,0.0,0.0,0.0,0.0,0.0,0,0.0,Low
3425,2,1,2,2.0,30204.35,0.0,0.0,0.0,0.0,0.0,0,0.0,Low
3426,5,1,5,5.0,44326.81,0.0,0.0,0.0,0.0,0.0,0,10.0,Low
3427,2,2,3,2.0,38513.59,0.0,0.0,1.0,4117.99,50.0,0,25.0,Medium
3428,2,1,2,2.0,12176.150000000001,0.0,0.0,0.0,0.0,0.0,0,0.0,Low
3429,1,1,1,1.0,12572.98,0.0,0.0,0.0,0.0,0.0,0,0.0,Low
3430,2,1,2,2.0,16563.51,1.0,50.0,0.0,0.0,0.0,0,10.0,Low
3431,3,1,3,3.0,42876.979999999996,1.0,33.33333333333333,0.0,0.0,0.0,0,10.0,Low
3432,3,1,3,3.0,48388.86,0.0,0.0,0.0,0.0,0.0,0,0.0,Low
3433,2,1,2,2.0,6317.61,0.0,0.0,0.0,0.0,0.0,0,0.0,Low
3434,1,1,1,1.0,9649.45,0.0,0.0,0.0,0.0,0.0,0,0.0,Low
3435,2,1,2,2.0,14678.41,0.0,0.0,0.0,0.0,0.0,0,0.0,Low
3436,1,1,1,1.0,23856.92,0.0,0.0,0.0,0.0,0.0,0,0.0,Low
3437,2,1,2,2.0,31870.18,0.0,0.0,0.0,0.0,0.0,0,0.0,Low
3438,1,1,1,1.0,20216.57,0.0,0.0,0.0,0.0,0.0,0,0.0,Low
3439,2,1,2,1.0,16357.67,0.0,0.0,1.0,418.0,100.0,0,25.0,Medium
3440,4,1,4,4.0,50921.04,1.0,25.0,0.0,0.0,0.0,0,10.0,Low
3441,3,2,4,3.0,50721.07,0.0,0.0,1.0,2395.8,33.33333333333333,0,25.0,Medium
3442,1,1,1,1.0,6883.26,1.0,100.0,0.0,0.0,0.0,0,10.0,Low
3443,2,1,2,2.0,7506.16,0.0,0.0,0.0,0.0,0.0,0,0.0,Low
3444,2,1,2,2.0,23317.36,0.0,0.0,0.0,0.0,0.0,0,0.0,Low
3445,6,3,8,8.0,52850.36,0.0,0.0,0.0,0.0,0.0,0,15.0,Low
3446,3,1,3,2.0,34745.96,0.0,0.0,1.0,15606.92,50.0,0,25.0,Medium
3447,2,1,2,2.0,18667.41,1.0,50.0,0.0,0.0,0.0,0,10.0,Low
3448,3,1,3,3.0,35180.9,0.0,0.0,0.0,0.0,0.0,0,0.0,Low
3449,3,1,3,3.0,46458.83,0.0,0.0,0.0,0.0,0.0,0,0.0,Low
3450,2,1,2,2.0,36461.41,0.0,0.0,0.0,0.0,0.0,0,0.0,Low
3451,6,3,8,5.0,53870.6,1.0,20.0,3.0,2507.87,60.0,0,60.0,High
3452,1,1,1,1.0,12047.24,0.0,0.0,0.0,0.0,0.0,0,0.0,Low
3453,3,1,3,3.0,15454.46,0.0,0.0,0.0,0.0,0.0,0,0.0,Low
3454,2,1,2,2.0,22599.23,0.0,0.0,0.0,0.0,0.0,0,0.0,Low
3455,3,1,3,3.0,37674.14,1.0,33.33333333333333,0.0,0.0,0.0,0,10.0,Low
3456,3,1,3,3.0,42302.49,0.0,0.0,0.0,0.0,0.0,0,0.0,Low
3457,2,1,2,2.0,15490.34,0.0,0.0,0.0,0.0,0.0,0,0.0,Low
3458,3,1,3,3.0,39287.79,0.0,0.0,0.0,0.0,0.0,0,0.0,Low
3459,2,1,2,2.0,47324.380000000005,1.0,50.0,0.0,0.0,0.0,0,10.0,Low
3460,3,1,3,3.0,47921.4,0.0,0.0,0.0,0.0,0.0,0,0.0,Low
3461,6,1,6,6.0,61273.83,1.0,16.666666666666664,0.0,0.0,0.0,0,10.0,Low
3462,1,1,1,1.0,12769.41,0.0,0.0,0.0,0.0,0.0,0,0.0,Low
3463,2,1,2,2.0,34078.479999999996,0.0,0.0,0.0,0.0,0.0,0,0.0,Low
3464,2,1,2,2.0,38051.92,0.0,0.0,0.0,0.0,0.0,0,0.0,Low
3465,2,1,2,2.0,5855.41,0.0,0.0,0.0,0.0,0.0,0,0.0,Low
3466,3,1,3,3.0,35337.12,0.0,0.0,0.0,0.0,0.0,0,0.0,Low
3467,4,1,4,3.0,39718.38,1.0,33.33333333333333,1.0,8248.74,33.33333333333333,0,35.0,Medium
3468,2,2,3,3.0,37942.46,0.0,0.0,0.0,0.0,0.0,0,0.0,Low
3469,3,1,3,3.0,48640.69,0.0,0.0,0.0,0.0,0.0,0,0.0,Low
3470,1,1,1,1.0,18927.3,0.0,0.0,0.0,0.0,0.0,0,0.0,Low
3471,4,2,5,5.0,52672.17,0.0,0.0,0.0,0.0,0.0,0,0.0,Low
3472,3,1,3,3.0,33870.22,0.0,0.0,0.0,0.0,0.0,0,0.0,Low
3473,1,1,1,1.0,17763.44,0.0,0.0,0.0,0.0,0.0,0,0.0,Low
3474,3,1,3,3.0,71273.07,1.0,33.33333333333333,0.0,0.0,0.0,0,10.0,Low
3475,4,1,4,4.0,65179.340000000004,0.0,0.0,0.0,0.0,0.0,0,0.0,Low
3476,3,1,3,3.0,47262.619999999995,0.0,0.0,0.0,0.0,0.0,0,0.0,Low
3477,1,1,1,1.0,23284.65,0.0,0.0,0.0,0.0,0.0,0,0.0,Low
3478,2,1,2,2.0,13639.34,0.0,0.0,0.0,0.0,0.0,0,0.0,Low
3479,1,1,1,1.0,5014.65,0.0,0.0,0.0,0.0,0.0,0,0.0,Low
3480,1,1,1,1.0,21581.05,0.0,0.0,0.0,0.0,0.0,0,0.0,Low
3481,2,1,2,2.0,6638.530000000001,1.0,50.0,0.0,0.0,0.0,0,10.0,Low
3482,5,2,6,6.0,89007.64,2.0,33.33333333333333,0.0,0.0,0.0,0,20.0,Low
3483,2,1,2,2.0,29980.65,0.0,0.0,0.0,0.0,0.0,0,0.0,Low
3484,4,1,4,4.0,67402.09,1.0,25.0,0.0,0.0,0.0,0,10.0,Low
3485,1,1,1,1.0,4017.53,0.0,0.0,0.0,0.0,0.0,0,0.0,Low
3486,4,2,5,5.0,80580.74,0.0,0.0,0.0,0.0,0.0,0,0.0,Low
3487,3,1,3,3.0,32438.12,0.0,0.0,0.0,0.0,0.0,0,0.0,Low
3488,1,1,1,1.0,5851.18,0.0,0.0,0.0,0.0,0.0,0,0.0,Low
3489,2,1,2,2.0,40233.66,0.0,0.0,0.0,0.0,0.0,0,0.0,Low
3490,1,1,1,1.0,13167.63,0.0,0.0,0.0,0.0,0.0,0,0.0,Low
3491,2,1,2,2.0,2120.48,0.0,0.0,0.0,0.0,0.0,0,0.0,Low
3492,2,1,2,2.0,40212.21,1.0,50.0,0.0,0.0,0.0,0,10.0,Low
3493,1,1,1,1.0,2783.84,0.0,0.0,0.0,0.0,0.0,0,0.0,Low
3494,1,1,1,1.0,21815.44,0.0,0.0,0.0,0.0,0.0,0,0.0,Low
3495,2,1,2,2.0,11202.67,0.0,0.0,0.0,0.0,0.0,0,0.0,Low
3496,2,1,2,2.0,22638.82,0.0,0.0,0.0,0.0,0.0,0,0.0,Low
3497,3,1,3,3.0,46991.28,0.0,0.0,0.0,0.0,0.0,0,0.0,Low
3498,1,1,1,1.0,3508.28,0.0,0.0,0.0,0.0,0.0,0,0.0,Low
3499,1,1,1,0.0,0.0,0.0,0.0,1.0,0.0,0.0,0,5.0,Low
3500,1,1,1,1.0,5642.0,0.0,0.0,0.0,0.0,0.0,0,0.0,Low
3501,3,1,3,3.0,26285.550000000003,0.0,0.0,0.0,0.0,0.0,0,0.0,Low
3502,1,1,1,1.0,11885.93,0.0,0.0,0.0,0.0,0.0,0,0.0,Low
3503,2,1,2,2.0,22451.43,1.0,50.0,0.0,0.0,0.0,0,10.0,Low
3504,3,2,4,4.0,59246.57,0.0,0.0,0.0,0.0,0.0,0,0.0,Low
3505,3,1,3,3.0,49478.51,0.0,0.0,0.0,0.0,0.0,0,0.0,Low
3506,3,1,3,3.0,37907.64,1.0,33.33333333333333,0.0,0.0,0.0,0,10.0,Low
3507,7,2,8,8.0,92986.09,3.0,37.5,0.0,0.0,0.0,0,20.0,Low
3508,1,1,1,1.0,8994.98,0.0,0.0,0.0,0.0,0.0,0,0.0,Low
3509,2,1,2,2.0,15629.36,1.0,50.0,0.0,0.0,0.0,0,10.0,Low
3510,1,1,1,1.0,10734.45,0.0,0.0,0.0,0.0,0.0,0,0.0,Low
3511,1,1,1,1.0,21162.84,0.0,0.0,0.0,0.0,0.0,0,0.0,Low
3512,4,1,4,4.0,17571.8,0.0,0.0,0.0,0.0,0.0,0,0.0,Low
3513,1,1,1,1.0,7250.3,0.0,0.0,0.0,0.0,0.0,0,0.0,Low
3514,2,1,2,2.0,32970.06,0.0,0.0,0.0,0.0,0.0,0,0.0,Low
3515,3,1,3,3.0,31594.38,1.0,33.33333333333333,0.0,0.0,0.0,0,10.0,Low
3516,1,1,1,1.0,6233.01,0.0,0.0,0.0,0.0,0.0,0,0.0,Low
3517,3,1,3,3.0,23467.23,1.0,33.33333333333333,0.0,0.0,0.0,0,10.0,Low
3518,2,1,2,2.0,14482.19,0.0,0.0,0.0,0.0,0.0,0,0.0,Low
3519,3,1,3,2.0,3649.47,0.0,0.0,1.0,5620.82,50.0,0,25.0,Medium
3520,5,1,5,5.0,64358.39,0.0,0.0,0.0,0.0,0.0,0,10.0,Low
3521,2,1,2,2.0,17843.64,0.0,0.0,0.0,0.0,0.0,0,0.0,Low
3522,3,1,3,3.0,17387.85,1.0,33.33333333333333,0.0,0.0,0.0,0,10.0,Low
3523,1,1,1,1.0,12115.79,0.0,0.0,0.0,0.0,0.0,0,0.0,Low
3524,5,1,5,4.0,45698.76,1.0,25.0,1.0,261.51,25.0,0,45.0,Medium
3525,2,1,2,2.0,31609.29,0.0,0.0,0.0,0.0,0.0,0,0.0,Low
3526,1,1,1,1.0,17622.85,1.0,100.0,0.0,0.0,0.0,0,10.0,Low
3527,2,1,2,1.0,17852.0,0.0,0.0,1.0,1503.32,100.0,0,25.0,Medium
3528,4,1,4,4.0,54010.79,0.0,0.0,0.0,0.0,0.0,0,0.0,Low
3529,1,1,1,0.0,0.0,0.0,0.0,1.0,530.01,0.0,0,5.0,Low
3530,2,1,2,2.0,15263.88,0.0,0.0,0.0,0.0,0.0,0,0.0,Low
3531,1,1,1,1.0,11884.52,0.0,0.0,0.0,0.0,0.0,0,0.0,Low
3532,2,1,2,2.0,29282.379999999997,1.0,50.0,0.0,0.0,0.0,0,10.0,Low
3533,2,1,2,2.0,39338.92,0.0,0.0,0.0,0.0,0.0,0,0.0,Low
3534,4,1,4,4.0,63635.3,1.0,25.0,0.0,0.0,0.0,0,10.0,Low
3535,2,2,3,3.0,53323.270000000004,0.0,0.0,0.0,0.0,0.0,0,0.0,Low
3536,3,1,3,3.0,23395.45,0.0,0.0,0.0,0.0,0.0,0,0.0,Low
3537,1,1,1,1.0,21145.16,0.0,0.0,0.0,0.0,0.0,0,0.0,Low
3538,1,1,1,1.0,5791.4,0.0,0.0,0.0,0.0,0.0,0,0.0,Low
3539,2,1,2,2.0,24584.62,1.0,50.0,0.0,0.0,0.0,0,10.0,Low
3540,1,1,1,1.0,13096.57,0.0,0.0,0.0,0.0,0.0,0,0.0,Low
3541,1,1,1,1.0,9852.67,0.0,0.0,0.0,0.0,0.0,0,0.0,Low
3542,3,1,3,2.0,25837.46,0.0,0.0,1.0,3630.2,50.0,0,25.0,Medium
3543,2,1,2,2.0,23782.629999999997,1.0,50.0,0.0,0.0,0.0,0,10.0,Low
3544,1,1,1,1.0,13765.26,0.0,0.0,0.0,0.0,0.0,0,0.0,Low
3545,2,1,2,1.0,3280.53,0.0,0.0,1.0,1546.48,100.0,0,25.0,Medium
3546,2,1,2,2.0,46821.79,1.0,50.0,0.0,0.0,0.0,0,10.0,Low
3547,1,1,1,1.0,7289.66,1.0,100.0,0.0,0.0,0.0,0,10.0,Low
3548,4,1,4,4.0,66369.45999999999,1.0,25.0,0.0,0.0,0.0,0,10.0,Low
3549,1,1,1,1.0,24818.19,0.0,0.0,0.0,0.0,0.0,0,0.0,Low
3550,2,1,2,2.0,15309.0,0.0,0.0,0.0,0.0,0.0,0,0.0,Low
3551,1,1,1,1.0,3162.13,0.0,0.0,0.0,0.0,0.0,0,0.0,Low
3552,2,1,2,2.0,32266.379999999997,0.0,0.0,0.0,0.0,0.0,0,0.0,Low
3553,3,1,3,3.0,36876.950000000004,0.0,0.0,0.0,0.0,0.0,0,0.0,Low
3554,2,1,2,2.0,28824.76,0.0,0.0,0.0,0.0,0.0,0,0.0,Low
3555,2,1,2,2.0,16683.14,0.0,0.0,0.0,0.0,0.0,0,0.0,Low
3556,1,1,1,0.0,0.0,0.0,0.0,1.0,3055.0,0.0,0,5.0,Low
3557,1,1,1,0.0,0.0,0.0,0.0,1.0,476.92,0.0,0,5.0,Low
3558,3,1,3,2.0,28014.41,0.0,0.0,1.0,486.96,50.0,0,25.0,Medium
3559,2,1,2,2.0,23655.63,0.0,0.0,0.0,0.0,0.0,0,0.0,Low
3560,2,1,2,2.0,20586.53,0.0,0.0,0.0,0.0,0.0,0,0.0,Low
3561,1,1,1,1.0,617.0,0.0,0.0,0.0,0.0,0.0,0,0.0,Low
3562,1,1,1,1.0,15221.13,0.0,0.0,0.0,0.0,0.0,0,0.0,Low
3563,1,1,1,1.0,11871.03,0.0,0.0,0.0,0.0,0.0,0,0.0,Low
3564,4,1,4,4.0,49625.24,0.0,0.0,0.0,0.0,0.0,0,0.0,Low
3565,2,1,2,2.0,42037.0,0.0,0.0,0.0,0.0,0.0,0,0.0,Low
3566,2,1,2,2.0,36746.22,0.0,0.0,0.0,0.0,0.0,0,0.0,Low
3567,1,1,1,1.0,10974.67,0.0,0.0,0.0,0.0,0.0,0,0.0,Low
3568,1,1,1,0.0,0.0,0.0,0.0,1.0,3258.82,0.0,0,5.0,Low
3569,2,1,2,2.0,15440.4,0.0,0.0,0.0,0.0,0.0,0,0.0,Low
3570,2,1,2,2.0,9276.76,1.0,50.0,0.0,0.0,0.0,0,10.0,Low
3571,1,1,1,1.0,13179.92,0.0,0.0,0.0,0.0,0.0,0,0.0,Low
3572,5,1,5,5.0,52578.99,1.0,20.0,0.0,0.0,0.0,0,20.0,Low
3573,2,1,2,2.0,23370.77,0.0,0.0,0.0,0.0,0.0,0,0.0,Low
3574,2,1,2,1.0,15659.86,0.0,0.0,1.0,386.01,100.0,0,25.0,Medium
3575,1,1,1,1.0,3414.9,0.0,0.0,0.0,0.0,0.0,0,0.0,Low
3576,2,1,2,2.0,23405.29,1.0,50.0,0.0,0.0,0.0,0,10.0,Low
3577,2,1,2,2.0,31031.18,0.0,0.0,0.0,0.0,0.0,0,0.0,Low
3578,1,1,1,1.0,1843.37,0.0,0.0,0.0,0.0,0.0,0,0.0,Low
3579,1,1,1,1.0,6231.1,0.0,0.0,0.0,0.0,0.0,0,0.0,Low
3580,1,1,1,0.0,0.0,0.0,0.0,1.0,1528.43,0.0,0,5.0,Low
3581,2,1,2,2.0,26872.22,0.0,0.0,0.0,0.0,0.0,0,0.0,Low
3582,3,1,3,3.0,33730.2,0.0,0.0,0.0,0.0,0.0,0,0.0,Low
3583,3,1,3,2.0,28256.149999999998,1.0,50.0,1.0,2197.15,50.0,0,35.0,Medium
3584,4,1,4,4.0,62024.13,1.0,25.0,0.0,0.0,0.0,0,10.0,Low
3585,3,1,3,3.0,48957.2,0.0,0.0,0.0,0.0,0.0,0,0.0,Low
3586,4,1,4,4.0,62436.96,0.0,0.0,0.0,0.0,0.0,0,0.0,Low
3587,1,1,1,1.0,6363.08,1.0,100.0,0.0,0.0,0.0,0,10.0,Low
3588,3,1,3,2.0,45971.25,0.0,0.0,1.0,3487.78,50.0,0,25.0,Medium
3589,1,1,1,1.0,21211.96,0.0,0.0,0.0,0.0,0.0,0,0.0,Low
3590,2,1,2,1.0,13199.03,0.0,0.0,1.0,927.07,100.0,0,25.0,Medium
3591,1,1,1,1.0,5254.52,0.0,0.0,0.0,0.0,0.0,0,0.0,Low
3592,3,1,3,3.0,15372.47,1.0,33.33333333333333,0.0,0.0,0.0,0,10.0,Low
3593,1,1,1,1.0,18500.2,0.0,0.0,0.0,0.0,0.0,0,0.0,Low
3594,2,1,2,2.0,38694.46,0.0,0.0,0.0,0.0,0.0,0,0.0,Low
3595,3,1,3,3.0,48610.61,0.0,0.0,0.0,0.0,0.0,0,0.0,Low
3596,1,1,1,1.0,7142.0,0.0,0.0,0.0,0.0,0.0,0,0.0,Low
3597,1,1,1,1.0,6985.47,0.0,0.0,0.0,0.0,0.0,0,0.0,Low
3598,2,2,3,3.0,36146.520000000004,0.0,0.0,0.0,0.0,0.0,0,0.0,Low
3599,3,1,3,3.0,51462.76,0.0,0.0,0.0,0.0,0.0,0,0.0,Low
3600,6,2,7,7.0,83609.73,0.0,0.0,0.0,0.0,0.0,0,10.0,Low
3601,1,1,1,1.0,9676.31,0.0,0.0,0.0,0.0,0.0,0,0.0,Low
3602,1,1,1,1.0,5545.31,0.0,0.0,0.0,0.0,0.0,0,0.0,Low
3603,3,2,4,3.0,28046.489999999998,0.0,0.0,1.0,389.54,33.33333333333333,0,25.0,Medium
3604,4,1,4,4.0,41029.57,1.0,25.0,0.0,0.0,0.0,0,10.0,Low
3605,1,1,1,1.0,23083.25,0.0,0.0,0.0,0.0,0.0,0,0.0,Low
3606,4,1,4,3.0,39438.15,1.0,33.33333333333333,1.0,0.0,33.33333333333333,0,35.0,Medium
3607,2,1,2,2.0,10818.9,0.0,0.0,0.0,0.0,0.0,0,0.0,Low
3608,1,1,1,1.0,6638.06,0.0,0.0,0.0,0.0,0.0,0,0.0,Low
3609,6,4,9,8.0,84902.24,0.0,0.0,1.0,852.14,12.5,0,40.0,Medium
3610,2,1,2,2.0,35875.97,0.0,0.0,0.0,0.0,0.0,0,0.0,Low
3611,1,1,1,1.0,18059.09,0.0,0.0,0.0,0.0,0.0,0,0.0,Low
3612,2,1,2,2.0,15300.380000000001,0.0,0.0,0.0,0.0,0.0,0,0.0,Low
3613,2,1,2,2.0,13777.65,0.0,0.0,0.0,0.0,0.0,0,0.0,Low
3614,1,1,1,1.0,9256.39,0.0,0.0,0.0,0.0,0.0,0,0.0,Low
3615,3,1,3,3.0,9817.7,0.0,0.0,0.0,0.0,0.0,0,0.0,Low
3616,1,1,1,1.0,1142.83,0.0,0.0,0.0,0.0,0.0,0,0.0,Low
3617,4,2,5,5.0,55431.42,0.0,0.0,0.0,0.0,0.0,0,0.0,Low
3618,1,1,1,1.0,21790.08,0.0,0.0,0.0,0.0,0.0,0,0.0,Low
3619,2,1,2,2.0,10895.880000000001,0.0,0.0,0.0,0.0,0.0,0,0.0,Low
3620,5,2,6,6.0,72591.78,1.0,16.666666666666664,0.0,0.0,0.0,0,10.0,Low
3621,2,1,2,2.0,15994.43,0.0,0.0,0.0,0.0,0.0,0,0.0,Low
3622,4,2,5,5.0,81565.28,0.0,0.0,0.0,0.0,0.0,0,0.0,Low
3623,4,1,4,4.0,68337.89,1.0,25.0,0.0,0.0,0.0,0,10.0,Low
3624,2,1,2,2.0,25193.98,0.0,0.0,0.0,0.0,0.0,0,0.0,Low
3625,1,1,1,1.0,5490.19,0.0,0.0,0.0,0.0,0.0,0,0.0,Low
3626,3,1,3,3.0,22306.46,0.0,0.0,0.0,0.0,0.0,0,0.0,Low
3627,3,1,3,3.0,28333.120000000003,0.0,0.0,0.0,0.0,0.0,0,0.0,Low
3628,1,1,1,1.0,22676.98,0.0,0.0,0.0,0.0,0.0,0,0.0,Low
3629,2,1,2,2.0,13045.59,0.0,0.0,0.0,0.0,0.0,0,0.0,Low
3630,1,1,1,1.0,5298.78,0.0,0.0,0.0,0.0,0.0,0,0.0,Low
3631,1,1,1,1.0,24540.45,0.0,0.0,0.0,0.0,0.0,0,0.0,Low
3632,7,2,8,8.0,91821.37,1.0,12.5,0.0,0.0,0.0,0,10.0,Low
3633,1,1,1,1.0,1513.0,0.0,0.0,0.0,0.0,0.0,0,0.0,Low
3634,1,1,1,1.0,8648.94,0.0,0.0,0.0,0.0,0.0,0,0.0,Low
3635,2,1,2,2.0,11448.75,0.0,0.0,0.0,0.0,0.0,0,0.0,Low
3636,2,1,2,2.0,19036.72,0.0,0.0,0.0,0.0,0.0,0,0.0,Low
3637,1,1,1,1.0,7930.5,0.0,0.0,0.0,0.0,0.0,0,0.0,Low
3638,2,1,2,2.0,37148.899999999994,1.0,50.0,0.0,0.0,0.0,0,10.0,Low
3639,5,2,6,5.0,76793.2,0.0,0.0,1.0,543.72,20.0,0,35.0,Medium
3640,3,1,3,3.0,29573.05,0.0,0.0,0.0,0.0,0.0,0,0.0,Low
3641,2,1,2,2.0,40163.55,0.0,0.0,0.0,0.0,0.0,0,0.0,Low
3642,1,1,1,1.0,7491.9,0.0,0.0,0.0,0.0,0.0,0,0.0,Low
3643,2,1,2,1.0,22736.64,0.0,0.0,1.0,2342.66,100.0,0,25.0,Medium
3644,3,1,3,3.0,16259.65,1.0,33.33333333333333,0.0,0.0,0.0,0,10.0,Low
3645,1,1,1,1.0,16971.04,0.0,0.0,0.0,0.0,0.0,0,0.0,Low
3646,2,1,2,2.0,14925.15,0.0,0.0,0.0,0.0,0.0,0,0.0,Low
3647,2,1,2,2.0,15060.08,0.0,0.0,0.0,0.0,0.0,0,0.0,Low
3648,1,1,1,1.0,3037.67,1.0,100.0,0.0,0.0,0.0,0,10.0,Low
3649,3,1,3,2.0,39484.53,1.0,50.0,1.0,1863.17,50.0,0,35.0,Medium
3650,2,1,2,1.0,17337.94,0.0,0.0,1.0,4843.85,100.0,0,25.0,Medium
3651,3,2,4,4.0,65323.399999999994,0.0,0.0,0.0,0.0,0.0,0,0.0,Low
3652,3,2,4,3.0,19244.96,0.0,0.0,1.0,1222.97,33.33333333333333,0,25.0,Medium
3653,2,1,2,2.0,38001.229999999996,0.0,0.0,0.0,0.0,0.0,0,0.0,Low
3654,2,1,2,2.0,13102.33,0.0,0.0,0.0,0.0,0.0,0,0.0,Low
3655,2,1,2,2.0,18973.63,0.0,0.0,0.0,0.0,0.0,0,0.0,Low
3656,4,1,4,4.0,70770.95,1.0,25.0,0.0,0.0,0.0,0,10.0,Low
3657,1,1,1,1.0,7068.99,0.0,0.0,0.0,0.0,0.0,0,0.0,Low
3658,4,1,4,4.0,65230.030000000006,0.0,0.0,0.0,0.0,0.0,0,0.0,Low
3659,2,1,2,2.0,42821.97,1.0,50.0,0.0,0.0,0.0,0,10.0,Low
3660,3,1,3,2.0,24264.29,1.0,50.0,1.0,6622.0,50.0,0,35.0,Medium
3661,1,1,1,1.0,14096.92,0.0,0.0,0.0,0.0,0.0,0,0.0,Low
3662,2,1,2,2.0,34380.56,0.0,0.0,0.0,0.0,0.0,0,0.0,Low
3663,5,1,5,4.0,64493.42,0.0,0.0,1.0,0.0,25.0,0,35.0,Medium
3664,2,1,2,2.0,22006.190000000002,0.0,0.0,0.0,0.0,0.0,0,0.0,Low
3665,1,1,1,1.0,12230.54,0.0,0.0,0.0,0.0,0.0,0,0.0,Low
3666,1,1,1,1.0,19337.72,1.0,100.0,0.0,0.0,0.0,0,10.0,Low
3667,2,1,2,2.0,46885.55,0.0,0.0,0.0,0.0,0.0,0,0.0,Low
3668,2,1,2,2.0,27249.83,0.0,0.0,0.0,0.0,0.0,0,0.0,Low
3669,1,1,1,1.0,13276.17,0.0,0.0,0.0,0.0,0.0,0,0.0,Low
3670,1,1,1,1.0,13310.55,0.0,0.0,0.0,0.0,0.0,0,0.0,Low
3671,1,1,1,1.0,11013.42,0.0,0.0,0.0,0.0,0.0,0,0.0,Low
3672,3,1,3,2.0,43230.58,0.0,0.0,1.0,5058.0,50.0,0,25.0,Medium
3673,3,1,3,3.0,42895.16,1.0,33.33333333333333,0.0,0.0,0.0,0,10.0,Low
3674,2,1,2,2.0,27529.27,0.0,0.0,0.0,0.0,0.0,0,0.0,Low
3675,3,1,3,3.0,26740.449999999997,1.0,33.33333333333333,0.0,0.0,0.0,0,10.0,Low
3676,2,1,2,1.0,16348.58,0.0,0.0,1.0,1619.1,100.0,0,25.0,Medium
3677,1,1,1,1.0,8178.7,0.0,0.0,0.0,0.0,0.0,0,0.0,Low
3678,4,2,5,4.0,57741.53,1.0,25.0,1.0,1552.99,25.0,0,35.0,Medium
3679,1,1,1,1.0,304.38,0.0,0.0,0.0,0.0,0.0,0,0.0,Low
3680,1,1,1,1.0,15457.63,0.0,0.0,0.0,0.0,0.0,0,0.0,Low
3681,2,1,2,1.0,4287.91,0.0,0.0,1.0,842.31,100.0,0,25.0,Medium
3682,1,1,1,0.0,0.0,0.0,0.0,1.0,1640.31,0.0,0,5.0,Low
3683,1,1,1,1.0,10748.0,0.0,0.0,0.0,0.0,0.0,0,0.0,Low
3684,2,1,2,2.0,18787.61,1.0,50.0,0.0,0.0,0.0,0,10.0,Low
3685,5,1,5,3.0,28389.49,1.0,33.33333333333333,2.0,3479.9700000000003,66.66666666666666,0,50.0,High
3686,3,1,3,3.0,46316.71,0.0,0.0,0.0,0.0,0.0,0,0.0,Low
3687,1,1,1,1.0,7542.61,0.0,0.0,0.0,0.0,0.0,0,0.0,Low
3688,4,1,4,4.0,32959.26,0.0,0.0,0.0,0.0,0.0,0,0.0,Low
3689,2,1,2,2.0,6130.25,0.0,0.0,0.0,0.0,0.0,0,0.0,Low
3690,2,1,2,2.0,38551.7,0.0,0.0,0.0,0.0,0.0,0,0.0,Low
3691,1,1,1,0.0,0.0,0.0,0.0,1.0,1503.93,0.0,0,5.0,Low
3692,1,1,1,1.0,313.74,0.0,0.0,0.0,0.0,0.0,0,0.0,Low
3693,2,1,2,2.0,23027.0,0.0,0.0,0.0,0.0,0.0,0,0.0,Low
3694,2,1,2,2.0,22742.91,0.0,0.0,0.0,0.0,0.0,0,0.0,Low
3695,2,1,2,2.0,1732.01,0.0,0.0,0.0,0.0,0.0,0,0.0,Low
3696,3,1,3,3.0,47974.9,0.0,0.0,0.0,0.0,0.0,0,0.0,Low
3697,5,1,5,5.0,100149.6,0.0,0.0,0.0,0.0,0.0,0,10.0,Low
3698,3,1,3,3.0,26121.09,0.0,0.0,0.0,0.0,0.0,0,0.0,Low
3699,2,1,2,2.0,20373.9,0.0,0.0,0.0,0.0,0.0,0,0.0,Low
3700,2,1,2,2.0,26505.44,0.0,0.0,0.0,0.0,0.0,0,0.0,Low
3701,3,1,3,3.0,51887.14,2.0,66.66666666666666,0.0,0.0,0.0,0,10.0,Low
3702,2,1,2,2.0,25791.260000000002,0.0,0.0,0.0,0.0,0.0,0,0.0,Low
3703,2,1,2,2.0,45028.19,0.0,0.0,0.0,0.0,0.0,0,0.0,Low
3704,1,1,1,1.0,10615.48,0.0,0.0,0.0,0.0,0.0,0,0.0,Low
3705,2,1,2,2.0,19718.76,2.0,100.0,0.0,0.0,0.0,0,10.0,Low
3706,1,1,1,1.0,10191.82,0.0,0.0,0.0,0.0,0.0,0,0.0,Low
3707,1,1,1,1.0,20288.53,0.0,0.0,0.0,0.0,0.0,0,0.0,Low
3708,2,2,3,3.0,50733.7,0.0,0.0,0.0,0.0,0.0,0,0.0,Low
3709,1,1,1,1.0,14645.5,0.0,0.0,0.0,0.0,0.0,0,0.0,Low
3710,1,1,1,1.0,13149.46,0.0,0.0,0.0,0.0,0.0,0,0.0,Low
3711,1,1,1,1.0,14212.3,0.0,0.0,0.0,0.0,0.0,0,0.0,Low
3712,1,1,1,1.0,9496.87,0.0,0.0,0.0,0.0,0.0,0,0.0,Low
3713,3,1,3,3.0,53218.84,0.0,0.0,0.0,0.0,0.0,0,0.0,Low
3714,4,1,4,4.0,52357.03,0.0,0.0,0.0,0.0,0.0,0,0.0,Low
3715,1,1,1,1.0,3757.78,0.0,0.0,0.0,0.0,0.0,0,0.0,Low
3716,1,1,1,1.0,16054.37,0.0,0.0,0.0,0.0,0.0,0,0.0,Low
3717,1,1,1,1.0,22364.53,0.0,0.0,0.0,0.0,0.0,0,0.0,Low
3718,10,2,11,10.0,145416.65,0.0,0.0,1.0,782.96,10.0,0,35.0,Medium
3719,2,1,2,2.0,25301.27,0.0,0.0,0.0,0.0,0.0,0,0.0,Low
3720,1,1,1,1.0,4317.94,0.0,0.0,0.0,0.0,0.0,0,0.0,Low
3721,2,1,2,2.0,26202.28,0.0,0.0,0.0,0.0,0.0,0,0.0,Low
3722,2,1,2,2.0,30092.39,1.0,50.0,0.0,0.0,0.0,0,10.0,Low
3723,1,1,1,1.0,19315.0,0.0,0.0,0.0,0.0,0.0,0,0.0,Low
3724,2,1,2,2.0,39042.42,0.0,0.0,0.0,0.0,0.0,0,0.0,Low
3725,1,1,1,0.0,0.0,0.0,0.0,1.0,4888.42,0.0,0,5.0,Low
3726,1,1,1,1.0,15166.74,0.0,0.0,0.0,0.0,0.0,0,0.0,Low
3727,4,1,4,4.0,58275.44,0.0,0.0,0.0,0.0,0.0,0,0.0,Low
3728,2,1,2,2.0,15147.779999999999,0.0,0.0,0.0,0.0,0.0,0,0.0,Low
3729,3,1,3,3.0,28273.809999999998,1.0,33.33333333333333,0.0,0.0,0.0,0,10.0,Low
3730,2,1,2,2.0,45519.270000000004,1.0,50.0,0.0,0.0,0.0,0,10.0,Low
3731,1,1,1,1.0,119.3,0.0,0.0,0.0,0.0,0.0,0,0.0,Low
3732,3,1,3,2.0,23460.77,0.0,0.0,1.0,1700.27,50.0,0,25.0,Medium
3733,4,1,4,3.0,29588.82,0.0,0.0,1.0,782.28,33.33333333333333,0,25.0,Medium
3734,1,1,1,1.0,24044.44,1.0,100.0,0.0,0.0,0.0,0,10.0,Low
3735,2,1,2,0.0,0.0,0.0,0.0,2.0,5843.37,0.0,0,10.0,Low
3736,1,1,1,1.0,6198.31,0.0,0.0,0.0,0.0,0.0,0,0.0,Low
3737,1,1,1,1.0,24940.73,0.0,0.0,0.0,0.0,0.0,0,0.0,Low
3738,1,1,1,1.0,3327.0,0.0,0.0,0.0,0.0,0.0,0,0.0,Low
3739,1,1,1,1.0,12440.31,0.0,0.0,0.0,0.0,0.0,0,0.0,Low
3740,5,2,6,6.0,87509.64,0.0,0.0,0.0,0.0,0.0,0,10.0,Low
3741,1,1,1,1.0,16712.0,0.0,0.0,0.0,0.0,0.0,0,0.0,Low
3742,1,1,1,1.0,11723.65,0.0,0.0,0.0,0.0,0.0,0,0.0,Low
3743,7,2,8,5.0,58118.94,0.0,0.0,3.0,9487.54,60.0,0,45.0,Medium
3744,3,1,3,3.0,40309.45,0.0,0.0,0.0,0.0,0.0,0,0.0,Low
3745,4,1,4,4.0,53357.549999999996,2.0,50.0,0.0,0.0,0.0,0,10.0,Low
3746,1,1,1,1.0,21387.96,0.0,0.0,0.0,0.0,0.0,0,0.0,Low
3747,2,1,2,1.0,24456.95,0.0,0.0,1.0,7400.39,100.0,0,25.0,Medium
3748,3,1,3,3.0,19135.14,0.0,0.0,0.0,0.0,0.0,0,0.0,Low
3749,4,1,4,4.0,55140.08,1.0,25.0,0.0,0.0,0.0,0,10.0,Low
3750,1,1,1,1.0,5622.31,0.0,0.0,0.0,0.0,0.0,0,0.0,Low
3751,3,1,3,3.0,28209.42,1.0,33.33333333333333,0.0,0.0,0.0,0,10.0,Low
3752,1,1,1,1.0,19668.45,0.0,0.0,0.0,0.0,0.0,0,0.0,Low
3753,1,1,1,1.0,10409.69,0.0,0.0,0.0,0.0,0.0,0,0.0,Low
3754,2,1,2,2.0,19075.56,0.0,0.0,0.0,0.0,0.0,0,0.0,Low
3755,3,1,3,2.0,11964.71,1.0,50.0,1.0,2302.66,50.0,0,35.0,Medium
3756,1,1,1,1.0,10066.13,1.0,100.0,0.0,0.0,0.0,0,10.0,Low
3757,4,1,4,4.0,45129.8,1.0,25.0,0.0,0.0,0.0,0,10.0,Low
3758,2,1,2,2.0,7317.09,0.0,0.0,0.0,0.0,0.0,0,0.0,Low
3759,3,1,3,3.0,25974.41,0.0,0.0,0.0,0.0,0.0,0,0.0,Low
3760,3,2,4,4.0,49155.52,0.0,0.0,0.0,0.0,0.0,0,0.0,Low
3761,1,1,1,0.0,0.0,0.0,0.0,1.0,0.0,0.0,0,5.0,Low
3762,4,2,5,5.0,39478.97,1.0,20.0,0.0,0.0,0.0,0,10.0,Low
3763,1,1,1,1.0,18660.38,0.0,0.0,0.0,0.0,0.0,0,0.0,Low
3764,2,1,2,2.0,5746.099999999999,2.0,100.0,0.0,0.0,0.0,0,10.0,Low
3765,2,1,2,2.0,22952.46,0.0,0.0,0.0,0.0,0.0,0,0.0,Low
3766,1,1,1,1.0,1532.03,1.0,100.0,0.0,0.0,0.0,0,10.0,Low
3767,1,1,1,1.0,9555.68,0.0,0.0,0.0,0.0,0.0,0,0.0,Low
3768,1,1,1,1.0,8125.52,0.0,0.0,0.0,0.0,0.0,0,0.0,Low
3769,2,1,2,2.0,19592.76,0.0,0.0,0.0,0.0,0.0,0,0.0,Low
3770,4,1,4,4.0,62225.770000000004,0.0,0.0,0.0,0.0,0.0,0,0.0,Low
3771,1,1,1,1.0,13948.54,0.0,0.0,0.0,0.0,0.0,0,0.0,Low
3772,4,1,4,4.0,30897.0,0.0,0.0,0.0,0.0,0.0,0,0.0,Low
3773,1,1,1,1.0,23898.0,0.0,0.0,0.0,0.0,0.0,0,0.0,Low
3774,3,1,3,3.0,47570.93,2.0,66.66666666666666,0.0,0.0,0.0,0,10.0,Low
3775,2,1,2,2.0,4003.8500000000004,1.0,50.0,0.0,0.0,0.0,0,10.0,Low
3776,1,2,2,2.0,34297.87,1.0,50.0,0.0,0.0,0.0,0,10.0,Low
3777,3,1,3,2.0,37030.770000000004,1.0,50.0,1.0,2254.1,50.0,0,35.0,Medium
3778,3,1,3,3.0,20596.07,0.0,0.0,0.0,0.0,0.0,0,0.0,Low
3779,1,1,1,1.0,14148.13,0.0,0.0,0.0,0.0,0.0,0,0.0,Low
3780,1,1,1,1.0,16466.93,1.0,100.0,0.0,0.0,0.0,0,10.0,Low
3781,1,1,1,1.0,4249.83,1.0,100.0,0.0,0.0,0.0,0,10.0,Low
3782,1,1,1,1.0,16165.0,0.0,0.0,0.0,0.0,0.0,0,0.0,Low
3783,1,1,1,1.0,8898.26,0.0,0.0,0.0,0.0,0.0,0,0.0,Low
3784,2,1,2,2.0,26460.97,1.0,50.0,0.0,0.0,0.0,0,10.0,Low
3785,3,2,4,4.0,28151.510000000002,0.0,0.0,0.0,0.0,0.0,0,0.0,Low
3786,2,1,2,1.0,6432.59,0.0,0.0,1.0,5481.51,100.0,0,25.0,Medium
3787,2,1,2,2.0,23742.35,1.0,50.0,0.0,0.0,0.0,0,10.0,Low
3788,1,1,1,1.0,3534.83,0.0,0.0,0.0,0.0,0.0,0,0.0,Low
3789,2,2,3,3.0,18780.18,1.0,33.33333333333333,0.0,0.0,0.0,0,10.0,Low
3790,4,1,4,4.0,46247.99,0.0,0.0,0.0,0.0,0.0,0,0.0,Low
3791,2,1,2,2.0,16610.37,0.0,0.0,0.0,0.0,0.0,0,0.0,Low
3792,1,1,1,1.0,19063.55,1.0,100.0,0.0,0.0,0.0,0,10.0,Low
3793,2,1,2,2.0,17820.670000000002,0.0,0.0,0.0,0.0,0.0,0,0.0,Low
3794,2,1,2,2.0,16736.35,0.0,0.0,0.0,0.0,0.0,0,0.0,Low
3795,2,1,2,1.0,8985.51,0.0,0.0,1.0,576.0,100.0,0,25.0,Medium
3796,6,1,6,6.0,51614.54,0.0,0.0,0.0,0.0,0.0,0,10.0,Low
3797,1,1,1,1.0,23975.59,0.0,0.0,0.0,0.0,0.0,0,0.0,Low
3798,1,1,1,1.0,7897.53,0.0,0.0,0.0,0.0,0.0,0,0.0,Low
3799,5,1,5,4.0,52405.5,0.0,0.0,1.0,99.96,25.0,0,35.0,Medium
3800,3,1,3,3.0,35093.78,0.0,0.0,0.0,0.0,0.0,0,0.0,Low
3801,1,1,1,1.0,24917.45,1.0,100.0,0.0,0.0,0.0,0,10.0,Low
3802,3,1,3,2.0,18935.83,0.0,0.0,1.0,6251.19,50.0,0,25.0,Medium
3803,3,1,3,3.0,31738.25,0.0,0.0,0.0,0.0,0.0,0,0.0,Low
3804,2,1,2,2.0,38706.380000000005,0.0,0.0,0.0,0.0,0.0,0,0.0,Low
3805,2,1,2,2.0,14845.09,0.0,0.0,0.0,0.0,0.0,0,0.0,Low
3806,1,1,1,1.0,17530.43,0.0,0.0,0.0,0.0,0.0,0,0.0,Low
3807,4,1,4,3.0,45123.08,0.0,0.0,1.0,0.0,33.33333333333333,0,25.0,Medium
3808,1,1,1,1.0,3698.69,1.0,100.0,0.0,0.0,0.0,0,10.0,Low
3809,3,1,3,3.0,16704.07,0.0,0.0,0.0,0.0,0.0,0,0.0,Low
3810,2,1,2,2.0,37666.47,0.0,0.0,0.0,0.0,0.0,0,0.0,Low
3811,2,1,2,2.0,40563.59,0.0,0.0,0.0,0.0,0.0,0,0.0,Low
3812,1,1,1,1.0,240.95,0.0,0.0,0.0,0.0,0.0,0,0.0,Low
3813,3,1,3,3.0,67770.57,1.0,33.33333333333333,0.0,0.0,0.0,0,10.0,Low
3814,6,2,7,7.0,133399.43,1.0,14.285714285714285,0.0,0.0,0.0,0,10.0,Low
3815,2,1,2,2.0,9124.59,0.0,0.0,0.0,0.0,0.0,0,0.0,Low
3816,3,1,3,3.0,40929.7,0.0,0.0,0.0,0.0,0.0,0,0.0,Low
3817,2,1,2,1.0,15962.47,0.0,0.0,1.0,3174.58,100.0,0,25.0,Medium
3818,6,2,7,6.0,37348.56,2.0,33.33333333333333,1.0,1678.99,16.666666666666664,0,45.0,Medium
3819,1,1,1,1.0,6085.68,0.0,0.0,0.0,0.0,0.0,0,0.0,Low
3820,7,4,10,10.0,157400.89,1.0,10.0,0.0,0.0,0.0,0,15.0,Low
3821,2,1,2,2.0,16407.57,0.0,0.0,0.0,0.0,0.0,0,0.0,Low
3822,3,1,3,3.0,6325.76,0.0,0.0,0.0,0.0,0.0,0,0.0,Low
3823,1,1,1,1.0,10342.51,0.0,0.0,0.0,0.0,0.0,0,0.0,Low
3824,1,1,1,1.0,19220.68,0.0,0.0,0.0,0.0,0.0,0,0.0,Low
3825,1,1,1,1.0,23452.22,0.0,0.0,0.0,0.0,0.0,0,0.0,Low
3826,1,1,1,1.0,9264.3,0.0,0.0,0.0,0.0,0.0,0,0.0,Low
3827,4,1,4,4.0,45985.88,0.0,0.0,0.0,0.0,0.0,0,0.0,Low
3828,2,1,2,2.0,19604.760000000002,2.0,100.0,0.0,0.0,0.0,0,10.0,Low
3829,1,1,1,1.0,10074.81,0.0,0.0,0.0,0.0,0.0,0,0.0,Low
3830,2,1,2,2.0,38497.880000000005,0.0,0.0,0.0,0.0,0.0,0,0.0,Low
3831,2,1,2,2.0,2411.6400000000003,1.0,50.0,0.0,0.0,0.0,0,10.0,Low
3832,1,1,1,1.0,12787.28,0.0,0.0,0.0,0.0,0.0,0,0.0,Low
3833,1,1,1,1.0,7677.0,0.0,0.0,0.0,0.0,0.0,0,0.0,Low
3834,2,1,2,2.0,27509.71,0.0,0.0,0.0,0.0,0.0,0,0.0,Low
3835,6,3,8,7.0,101488.2,0.0,0.0,1.0,2224.0,14.285714285714285,0,40.0,Medium
3836,4,2,5,5.0,59661.630000000005,1.0,20.0,0.0,0.0,0.0,0,10.0,Low
3837,2,1,2,2.0,16722.54,1.0,50.0,0.0,0.0,0.0,0,10.0,Low
3838,2,1,2,2.0,29402.769999999997,0.0,0.0,0.0,0.0,0.0,0,0.0,Low
3839,3,2,4,3.0,47954.39,0.0,0.0,1.0,5082.98,33.33333333333333,0,25.0,Medium
3840,1,1,1,1.0,42.0,0.0,0.0,0.0,0.0,0.0,0,0.0,Low
3841,1,1,1,1.0,21150.52,0.0,0.0,0.0,0.0,0.0,0,0.0,Low
3842,2,1,2,2.0,27050.4,0.0,0.0,0.0,0.0,0.0,0,0.0,Low
3843,1,1,1,1.0,14704.0,0.0,0.0,0.0,0.0,0.0,0,0.0,Low
3844,2,1,2,2.0,15382.470000000001,0.0,0.0,0.0,0.0,0.0,0,0.0,Low
3845,5,1,5,5.0,35479.83,1.0,20.0,0.0,0.0,0.0,0,20.0,Low
3846,3,1,3,2.0,7857.6900000000005,0.0,0.0,1.0,5701.53,50.0,0,25.0,Medium
3847,2,1,2,1.0,3389.0,0.0,0.0,1.0,1995.28,100.0,0,25.0,Medium
3848,3,1,3,3.0,24292.3,1.0,33.33333333333333,0.0,0.0,0.0,0,10.0,Low
3849,1,1,1,0.0,0.0,0.0,0.0,1.0,4251.73,0.0,0,5.0,Low
3850,1,1,1,1.0,3247.55,0.0,0.0,0.0,0.0,0.0,0,0.0,Low
3851,1,1,1,1.0,16582.06,0.0,0.0,0.0,0.0,0.0,0,0.0,Low
3852,1,1,1,1.0,8233.28,0.0,0.0,0.0,0.0,0.0,0,0.0,Low
3853,3,1,3,3.0,33562.950000000004,0.0,0.0,0.0,0.0,0.0,0,0.0,Low
3854,1,1,1,1.0,17529.67,0.0,0.0,0.0,0.0,0.0,0,0.0,Low
3855,2,1,2,2.0,9765.95,0.0,0.0,0.0,0.0,0.0,0,0.0,Low
3856,2,1,2,2.0,21587.68,0.0,0.0,0.0,0.0,0.0,0,0.0,Low
3857,3,1,3,2.0,42859.43,1.0,50.0,1.0,286.26,50.0,0,35.0,Medium
3858,3,1,3,3.0,41782.26,0.0,0.0,0.0,0.0,0.0,0,0.0,Low
3859,1,1,1,0.0,0.0,0.0,0.0,1.0,2240.0,0.0,0,5.0,Low
3860,2,2,3,2.0,20794.600000000002,0.0,0.0,1.0,6768.55,50.0,0,25.0,Medium
3861,3,2,4,4.0,55859.39,1.0,25.0,0.0,0.0,0.0,0,10.0,Low
3862,1,1,1,1.0,7565.31,0.0,0.0,0.0,0.0,0.0,0,0.0,Low
3863,1,1,1,1.0,18781.33,0.0,0.0,0.0,0.0,0.0,0,0.0,Low
3864,3,1,3,2.0,40002.03,0.0,0.0,1.0,0.0,50.0,0,25.0,Medium
3865,2,1,2,2.0,30955.85,0.0,0.0,0.0,0.0,0.0,0,0.0,Low
3866,2,1,2,2.0,29407.34,0.0,0.0,0.0,0.0,0.0,0,0.0,Low
3867,1,1,1,1.0,24239.92,0.0,0.0,0.0,0.0,0.0,0,0.0,Low
3868,8,3,10,8.0,70473.33,1.0,12.5,2.0,5191.62,25.0,0,45.0,Medium
3869,2,1,2,2.0,7126.61,0.0,0.0,0.0,0.0,0.0,0,0.0,Low
3870,2,1,2,2.0,44396.59,0.0,0.0,0.0,0.0,0.0,0,0.0,Low
3871,2,1,2,2.0,15979.95,0.0,0.0,0.0,0.0,0.0,0,0.0,Low
3872,1,1,1,1.0,3646.43,0.0,0.0,0.0,0.0,0.0,0,0.0,Low
3873,1,1,1,1.0,9600.51,0.0,0.0,0.0,0.0,0.0,0,0.0,Low
3874,2,1,2,2.0,38447.93,0.0,0.0,0.0,0.0,0.0,0,0.0,Low
3875,2,1,2,2.0,32715.2,0.0,0.0,0.0,0.0,0.0,0,0.0,Low
3876,3,1,3,3.0,42186.840000000004,0.0,0.0,0.0,0.0,0.0,0,0.0,Low
3877,1,1,1,1.0,16903.9,0.0,0.0,0.0,0.0,0.0,0,0.0,Low
3878,2,1,2,2.0,5897.280000000001,0.0,0.0,0.0,0.0,0.0,0,0.0,Low
3879,1,1,1,1.0,702.86,0.0,0.0,0.0,0.0,0.0,0,0.0,Low
3880,1,1,1,1.0,15977.69,0.0,0.0,0.0,0.0,0.0,0,0.0,Low
3881,3,2,4,4.0,50141.59,0.0,0.0,0.0,0.0,0.0,0,0.0,Low
3882,2,1,2,2.0,20749.28,0.0,0.0,0.0,0.0,0.0,0,0.0,Low
3883,2,1,2,2.0,19409.62,0.0,0.0,0.0,0.0,0.0,0,0.0,Low
3884,2,1,2,2.0,29404.97,0.0,0.0,0.0,0.0,0.0,0,0.0,Low
3885,4,1,4,4.0,39315.909999999996,0.0,0.0,0.0,0.0,0.0,0,0.0,Low
3886,1,1,1,1.0,22251.04,0.0,0.0,0.0,0.0,0.0,0,0.0,Low
3887,1,1,1,1.0,2587.64,0.0,0.0,0.0,0.0,0.0,0,0.0,Low
3888,2,1,2,2.0,10920.060000000001,0.0,0.0,0.0,0.0,0.0,0,0.0,Low
3889,1,1,1,1.0,20865.95,0.0,0.0,0.0,0.0,0.0,0,0.0,Low
3890,2,1,2,2.0,21289.66,0.0,0.0,0.0,0.0,0.0,0,0.0,Low
3891,1,1,1,1.0,3435.12,1.0,100.0,0.0,0.0,0.0,0,10.0,Low
3892,1,1,1,1.0,15891.0,0.0,0.0,0.0,0.0,0.0,0,0.0,Low
3893,2,1,2,1.0,12558.27,0.0,0.0,1.0,0.0,100.0,0,25.0,Medium
3894,1,1,1,1.0,6075.45,0.0,0.0,0.0,0.0,0.0,0,0.0,Low
3895,3,1,3,3.0,31284.67,0.0,0.0,0.0,0.0,0.0,0,0.0,Low
3896,2,2,3,3.0,21998.18,1.0,33.33333333333333,0.0,0.0,0.0,0,10.0,Low
3897,1,1,1,0.0,0.0,0.0,0.0,1.0,11913.51,0.0,0,5.0,Low
3898,3,1,3,2.0,22788.01,0.0,0.0,1.0,741.15,50.0,0,25.0,Medium
3899,2,1,2,2.0,27074.690000000002,0.0,0.0,0.0,0.0,0.0,0,0.0,Low
3900,2,1,2,2.0,31193.22,0.0,0.0,0.0,0.0,0.0,0,0.0,Low
3901,1,1,1,1.0,21204.25,0.0,0.0,0.0,0.0,0.0,0,0.0,Low
3902,3,1,3,2.0,31924.21,0.0,0.0,1.0,2351.6,50.0,0,25.0,Medium
3903,4,1,4,4.0,48752.25,0.0,0.0,0.0,0.0,0.0,0,0.0,Low
3904,2,1,2,2.0,9734.779999999999,0.0,0.0,0.0,0.0,0.0,0,0.0,Low
3905,3,1,3,3.0,37428.340000000004,0.0,0.0,0.0,0.0,0.0,0,0.0,Low
3906,3,1,3,3.0,37891.72,0.0,0.0,0.0,0.0,0.0,0,0.0,Low
3907,1,1,1,1.0,18319.82,0.0,0.0,0.0,0.0,0.0,0,0.0,Low
3908,2,1,2,2.0,23346.57,0.0,0.0,0.0,0.0,0.0,0,0.0,Low
3909,1,1,1,1.0,13041.28,1.0,100.0,0.0,0.0,0.0,0,10.0,Low
3910,1,1,1,1.0,1350.33,0.0,0.0,0.0,0.0,0.0,0,0.0,Low
3911,2,1,2,2.0,27610.67,0.0,0.0,0.0,0.0,0.0,0,0.0,Low
3912,2,1,2,2.0,36704.53,0.0,0.0,0.0,0.0,0.0,0,0.0,Low
3913,2,1,2,2.0,30265.550000000003,1.0,50.0,0.0,0.0,0.0,0,10.0,Low
3914,1,1,1,1.0,14301.09,0.0,0.0,0.0,0.0,0.0,0,0.0,Low
3915,1,1,1,1.0,22243.29,0.0,0.0,0.0,0.0,0.0,0,0.0,Low
3916,3,1,3,3.0,53876.65,1.0,33.33333333333333,0.0,0.0,0.0,0,10.0,Low
3917,1,1,1,0.0,0.0,0.0,0.0,1.0,1622.49,0.0,0,5.0,Low
3918,1,1,1,1.0,22456.75,0.0,0.0,0.0,0.0,0.0,0,0.0,Low
3919,1,1,1,1.0,8984.16,0.0,0.0,0.0,0.0,0.0,0,0.0,Low
3920,3,1,3,3.0,47090.23,0.0,0.0,0.0,0.0,0.0,0,0.0,Low
3921,1,1,1,1.0,16906.78,0.0,0.0,0.0,0.0,0.0,0,0.0,Low
3922,3,1,3,3.0,4072.67,1.0,33.33333333333333,0.0,0.0,0.0,0,10.0,Low
3923,1,1,1,1.0,11768.91,0.0,0.0,0.0,0.0,0.0,0,0.0,Low
3924,2,1,2,1.0,6770.67,0.0,0.0,1.0,896.23,100.0,0,25.0,Medium
3925,1,1,1,1.0,24279.06,0.0,0.0,0.0,0.0,0.0,0,0.0,Low
3926,2,1,2,2.0,31557.559999999998,0.0,0.0,0.0,0.0,0.0,0,0.0,Low
3927,2,1,2,2.0,26584.04,1.0,50.0,0.0,0.0,0.0,0,10.0,Low
3928,3,2,4,4.0,32458.6,1.0,25.0,0.0,0.0,0.0,0,10.0,Low
3929,2,1,2,2.0,1843.26,0.0,0.0,0.0,0.0,0.0,0,0.0,Low
3930,1,2,2,2.0,2361.38,0.0,0.0,0.0,0.0,0.0,0,0.0,Low
3931,4,3,6,6.0,96195.18000000001,1.0,16.666666666666664,0.0,0.0,0.0,0,5.0,Low
3932,6,1,6,6.0,90150.45,0.0,0.0,0.0,0.0,0.0,0,10.0,Low
3933,2,1,2,2.0,17221.73,0.0,0.0,0.0,0.0,0.0,0,0.0,Low
3934,2,1,2,2.0,8471.92,0.0,0.0,0.0,0.0,0.0,0,0.0,Low
3935,2,1,2,2.0,10034.51,0.0,0.0,0.0,0.0,0.0,0,0.0,Low
3936,1,1,1,1.0,20954.5,0.0,0.0,0.0,0.0,0.0,0,0.0,Low
3937,7,5,11,11.0,113141.43,3.0,27.27272727272727,0.0,0.0,0.0,0,25.0,Medium
3938,1,1,1,1.0,23989.24,0.0,0.0,0.0,0.0,0.0,0,0.0,Low
3939,2,1,2,2.0,46551.899999999994,0.0,0.0,0.0,0.0,0.0,0,0.0,Low
3940,2,1,2,2.0,23258.239999999998,1.0,50.0,0.0,0.0,0.0,0,10.0,Low
3941,2,1,2,1.0,9221.83,0.0,0.0,1.0,613.06,100.0,0,25.0,Medium
3942,4,1,4,3.0,36186.67,0.0,0.0,1.0,310.15,33.33333333333333,0,25.0,Medium
3943,2,1,2,2.0,43246.67,0.0,0.0,0.0,0.0,0.0,0,0.0,Low
3944,2,1,2,2.0,30461.55,0.0,0.0,0.0,0.0,0.0,0,0.0,Low
3945,1,1,1,1.0,359.4,0.0,0.0,0.0,0.0,0.0,0,0.0,Low
3946,2,1,2,2.0,46842.5,1.0,50.0,0.0,0.0,0.0,0,10.0,Low
3947,1,1,1,1.0,13554.96,0.0,0.0,0.0,0.0,0.0,0,0.0,Low
3948,2,1,2,2.0,4947.38,0.0,0.0,0.0,0.0,0.0,0,0.0,Low
3949,3,1,3,3.0,49501.91,1.0,33.33333333333333,0.0,0.0,0.0,0,10.0,Low
3950,1,1,1,1.0,20169.63,0.0,0.0,0.0,0.0,0.0,0,0.0,Low
3951,1,1,1,1.0,3418.0,0.0,0.0,0.0,0.0,0.0,0,0.0,Low
3952,3,3,5,5.0,46323.76,1.0,20.0,0.0,0.0,0.0,0,15.0,Low
3953,3,1,3,3.0,30138.039999999997,0.0,0.0,0.0,0.0,0.0,0,0.0,Low
3954,2,1,2,2.0,19213.870000000003,0.0,0.0,0.0,0.0,0.0,0,0.0,Low
3955,3,1,3,3.0,26475.39,0.0,0.0,0.0,0.0,0.0,0,0.0,Low
3956,1,1,1,1.0,16796.0,0.0,0.0,0.0,0.0,0.0,0,0.0,Low
3957,1,1,1,1.0,651.0,0.0,0.0,0.0,0.0,0.0,0,0.0,Low
3958,2,1,2,2.0,35282.03,0.0,0.0,0.0,0.0,0.0,0,0.0,Low
3959,4,1,4,4.0,39743.94,0.0,0.0,0.0,0.0,0.0,0,0.0,Low
3960,4,1,4,2.0,14535.550000000001,1.0,50.0,2.0,3604.5,100.0,0,40.0,Medium
3961,3,1,3,2.0,40128.96,0.0,0.0,1.0,1074.0,50.0,0,25.0,Medium
3962,2,1,2,2.0,28536.07,0.0,0.0,0.0,0.0,0.0,0,0.0,Low
3963,3,1,3,3.0,28439.91,0.0,0.0,0.0,0.0,0.0,0,0.0,Low
3964,3,1,3,3.0,46556.12,0.0,0.0,0.0,0.0,0.0,0,0.0,Low
3965,2,1,2,2.0,21180.93,0.0,0.0,0.0,0.0,0.0,0,0.0,Low
3966,2,1,2,2.0,39325.52,0.0,0.0,0.0,0.0,0.0,0,0.0,Low
3967,2,1,2,2.0,21065.48,1.0,50.0,0.0,0.0,0.0,0,10.0,Low
3968,2,1,2,1.0,23347.13,0.0,0.0,1.0,2134.32,100.0,0,25.0,Medium
3969,3,1,3,1.0,474.32,0.0,0.0,2.0,4041.84,200.0,0,30.0,Medium
3970,3,2,4,4.0,20997.45,0.0,0.0,0.0,0.0,0.0,0,0.0,Low
3971,1,1,1,1.0,20687.87,0.0,0.0,0.0,0.0,0.0,0,0.0,Low
3972,1,1,1,1.0,16598.1,0.0,0.0,0.0,0.0,0.0,0,0.0,Low
3973,2,1,2,1.0,5617.33,0.0,0.0,1.0,5287.35,100.0,0,25.0,Medium
3974,2,1,2,2.0,21451.079999999998,0.0,0.0,0.0,0.0,0.0,0,0.0,Low
3975,3,1,3,3.0,47101.51,0.0,0.0,0.0,0.0,0.0,0,0.0,Low
3976,2,1,2,1.0,16230.8,1.0,100.0,1.0,969.45,100.0,0,35.0,Medium
3977,3,1,3,3.0,42639.03,0.0,0.0,0.0,0.0,0.0,0,0.0,Low
3978,4,2,5,5.0,51987.87,0.0,0.0,0.0,0.0,0.0,0,0.0,Low
3979,3,2,4,3.0,24054.31,0.0,0.0,1.0,475.05,33.33333333333333,0,25.0,Medium
3980,2,1,2,2.0,7689.219999999999,0.0,0.0,0.0,0.0,0.0,0,0.0,Low
3981,2,1,2,2.0,12507.91,0.0,0.0,0.0,0.0,0.0,0,0.0,Low
3982,3,1,3,3.0,46608.380000000005,0.0,0.0,0.0,0.0,0.0,0,0.0,Low
3983,3,2,4,4.0,46386.28,0.0,0.0,0.0,0.0,0.0,0,0.0,Low
3984,1,1,1,1.0,9505.2,0.0,0.0,0.0,0.0,0.0,0,0.0,Low
3985,1,1,1,1.0,4410.47,0.0,0.0,0.0,0.0,0.0,0,0.0,Low
3986,1,1,1,1.0,18893.0,0.0,0.0,0.0,0.0,0.0,0,0.0,Low
3987,2,1,2,1.0,11767.81,0.0,0.0,1.0,585.8,100.0,0,25.0,Medium
3988,2,1,2,1.0,10483.44,0.0,0.0,1.0,1286.87,100.0,0,25.0,Medium
3989,2,1,2,2.0,32534.81,0.0,0.0,0.0,0.0,0.0,0,0.0,Low
3990,2,1,2,2.0,18343.11,0.0,0.0,0.0,0.0,0.0,0,0.0,Low
3991,2,1,2,2.0,11402.85,0.0,0.0,0.0,0.0,0.0,0,0.0,Low
3992,1,1,1,1.0,17410.26,0.0,0.0,0.0,0.0,0.0,0,0.0,Low
3993,2,1,2,2.0,44080.16,0.0,0.0,0.0,0.0,0.0,0,0.0,Low
3994,3,1,3,3.0,40761.58,0.0,0.0,0.0,0.0,0.0,0,0.0,Low
3995,2,1,2,2.0,26276.11,0.0,0.0,0.0,0.0,0.0,0,0.0,Low
3996,2,1,2,1.0,17370.0,0.0,0.0,1.0,1316.81,100.0,0,25.0,Medium
3997,1,1,1,1.0,18552.02,0.0,0.0,0.0,0.0,0.0,0,0.0,Low
3998,3,2,4,4.0,62620.090000000004,0.0,0.0,0.0,0.0,0.0,0,0.0,Low
3999,3,1,3,3.0,45856.48,1.0,33.33333333333333,0.0,0.0,0.0,0,10.0,Low
4000,1,1,1,1.0,15959.42,0.0,0.0,0.0,0.0,0.0,0,0.0,Low
4001,4,1,4,4.0,67458.88,1.0,25.0,0.0,0.0,0.0,0,10.0,Low
4002,3,1,3,3.0,52377.46,0.0,0.0,0.0,0.0,0.0,0,0.0,Low
4003,2,1,2,2.0,12528.0,0.0,0.0,0.0,0.0,0.0,0,0.0,Low
4004,4,2,5,4.0,68535.57,0.0,0.0,1.0,1325.25,25.0,0,25.0,Medium
4005,2,1,2,2.0,31081.989999999998,0.0,0.0,0.0,0.0,0.0,0,0.0,Low
4006,2,1,2,2.0,13505.52,1.0,50.0,0.0,0.0,0.0,0,10.0,Low
4007,2,1,2,1.0,17624.73,1.0,100.0,1.0,2995.87,100.0,0,35.0,Medium
4008,2,1,2,2.0,6323.68,0.0,0.0,0.0,0.0,0.0,0,0.0,Low
4009,4,1,4,4.0,64806.69,2.0,50.0,0.0,0.0,0.0,0,10.0,Low
4010,3,1,3,3.0,33508.229999999996,0.0,0.0,0.0,0.0,0.0,0,0.0,Low
4011,4,1,4,4.0,80863.5,1.0,25.0,0.0,0.0,0.0,0,10.0,Low
4012,1,1,1,1.0,6997.24,0.0,0.0,0.0,0.0,0.0,0,0.0,Low
4013,2,1,2,2.0,32941.03,0.0,0.0,0.0,0.0,0.0,0,0.0,Low
4014,2,1,2,2.0,25604.6,0.0,0.0,0.0,0.0,0.0,0,0.0,Low
4015,2,1,2,2.0,24743.36,0.0,0.0,0.0,0.0,0.0,0,0.0,Low
4016,1,1,1,1.0,14036.28,0.0,0.0,0.0,0.0,0.0,0,0.0,Low
4017,2,1,2,2.0,21041.73,0.0,0.0,0.0,0.0,0.0,0,0.0,Low
4018,2,1,2,2.0,34005.6,1.0,50.0,0.0,0.0,0.0,0,10.0,Low
4019,2,1,2,2.0,36096.93,0.0,0.0,0.0,0.0,0.0,0,0.0,Low
4020,2,2,3,3.0,45552.590000000004,0.0,0.0,0.0,0.0,0.0,0,0.0,Low
4021,1,1,1,1.0,20529.88,0.0,0.0,0.0,0.0,0.0,0,0.0,Low
4022,1,1,1,0.0,0.0,0.0,0.0,1.0,0.0,0.0,0,5.0,Low
4023,3,1,3,3.0,47662.67,1.0,33.33333333333333,0.0,0.0,0.0,0,10.0,Low
4024,2,1,2,1.0,14730.0,0.0,0.0,1.0,661.74,100.0,0,25.0,Medium
4025,1,1,1,1.0,2106.0,0.0,0.0,0.0,0.0,0.0,0,0.0,Low
4026,1,1,1,1.0,2871.0,0.0,0.0,0.0,0.0,0.0,0,0.0,Low
4027,2,1,2,2.0,18248.97,1.0,50.0,0.0,0.0,0.0,0,10.0,Low
4028,1,1,1,1.0,4178.02,0.0,0.0,0.0,0.0,0.0,0,0.0,Low
4029,1,1,1,1.0,19339.3,1.0,100.0,0.0,0.0,0.0,0,10.0,Low
4030,3,1,3,3.0,43718.24,0.0,0.0,0.0,0.0,0.0,0,0.0,Low
4031,2,1,2,2.0,20117.81,0.0,0.0,0.0,0.0,0.0,0,0.0,Low
4032,1,1,1,1.0,10845.23,0.0,0.0,0.0,0.0,0.0,0,0.0,Low
4033,1,1,1,1.0,6890.87,0.0,0.0,0.0,0.0,0.0,0,0.0,Low
4034,2,1,2,1.0,8563.22,0.0,0.0,1.0,2880.65,100.0,0,25.0,Medium
4035,2,1,2,2.0,14868.92,0.0,0.0,0.0,0.0,0.0,0,0.0,Low
4036,2,1,2,2.0,36242.16,0.0,0.0,0.0,0.0,0.0,0,0.0,Low
4037,3,1,3,3.0,28916.8,0.0,0.0,0.0,0.0,0.0,0,0.0,Low
4038,2,1,2,2.0,18718.37,0.0,0.0,0.0,0.0,0.0,0,0.0,Low
4039,2,1,2,2.0,26617.21,0.0,0.0,0.0,0.0,0.0,0,0.0,Low
4040,2,1,2,1.0,16342.48,0.0,0.0,1.0,0.0,100.0,0,25.0,Medium
4041,1,1,1,1.0,21477.37,0.0,0.0,0.0,0.0,0.0,0,0.0,Low
4042,1,1,1,1.0,10051.0,0.0,0.0,0.0,0.0,0.0,0,0.0,Low
4043,3,1,3,3.0,26913.17,0.0,0.0,0.0,0.0,0.0,0,0.0,Low
4044,1,1,1,1.0,533.14,0.0,0.0,0.0,0.0,0.0,0,0.0,Low
4045,1,1,1,1.0,1028.92,0.0,0.0,0.0,0.0,0.0,0,0.0,Low
4046,2,1,2,2.0,22053.09,0.0,0.0,0.0,0.0,0.0,0,0.0,Low
4047,1,1,1,1.0,14973.35,0.0,0.0,0.0,0.0,0.0,0,0.0,Low
4048,2,1,2,2.0,15902.41,0.0,0.0,0.0,0.0,0.0,0,0.0,Low
4049,1,1,1,1.0,9097.1,0.0,0.0,0.0,0.0,0.0,0,0.0,Low
4050,2,1,2,2.0,29212.64,1.0,50.0,0.0,0.0,0.0,0,10.0,Low
4051,2,1,2,2.0,12467.460000000001,0.0,0.0,0.0,0.0,0.0,0,0.0,Low
4052,1,1,1,1.0,16587.43,1.0,100.0,0.0,0.0,0.0,0,10.0,Low
4053,4,1,4,3.0,18826.49,0.0,0.0,1.0,594.52,33.33333333333333,0,25.0,Medium
4054,2,1,2,2.0,15828.9,0.0,0.0,0.0,0.0,0.0,0,0.0,Low
4055,1,1,1,1.0,24378.11,0.0,0.0,0.0,0.0,0.0,0,0.0,Low
4056,3,1,3,3.0,39905.61,0.0,0.0,0.0,0.0,0.0,0,0.0,Low
4057,2,1,2,1.0,19242.31,0.0,0.0,1.0,24414.54,100.0,0,25.0,Medium
4058,2,1,2,2.0,4644.570000000001,0.0,0.0,0.0,0.0,0.0,0,0.0,Low
4059,1,1,1,1.0,832.64,0.0,0.0,0.0,0.0,0.0,0,0.0,Low
4060,2,1,2,1.0,12052.46,0.0,0.0,1.0,648.02,100.0,0,25.0,Medium
4061,3,1,3,3.0,50172.53,1.0,33.33333333333333,0.0,0.0,0.0,0,10.0,Low
4062,3,1,3,3.0,68486.63,1.0,33.33333333333333,0.0,0.0,0.0,0,10.0,Low
4063,1,1,1,1.0,22899.0,0.0,0.0,0.0,0.0,0.0,0,0.0,Low
4064,2,1,2,1.0,13869.97,0.0,0.0,1.0,385.53,100.0,0,25.0,Medium
4065,1,1,1,1.0,2401.0,0.0,0.0,0.0,0.0,0.0,0,0.0,Low
4066,1,1,1,1.0,10788.23,0.0,0.0,0.0,0.0,0.0,0,0.0,Low
4067,2,1,2,2.0,30257.4,0.0,0.0,0.0,0.0,0.0,0,0.0,Low
4068,1,1,1,1.0,17605.45,0.0,0.0,0.0,0.0,0.0,0,0.0,Low
4069,1,1,1,1.0,9492.74,0.0,0.0,0.0,0.0,0.0,0,0.0,Low
4070,2,1,2,2.0,15970.23,1.0,50.0,0.0,0.0,0.0,0,10.0,Low
4071,2,1,2,2.0,21332.78,0.0,0.0,0.0,0.0,0.0,0,0.0,Low
4072,2,1,2,2.0,25158.32,0.0,0.0,0.0,0.0,0.0,0,0.0,Low
4073,2,1,2,2.0,22217.8,0.0,0.0,0.0,0.0,0.0,0,0.0,Low
4074,3,2,4,4.0,37778.24,1.0,25.0,0.0,0.0,0.0,0,10.0,Low
4075,2,1,2,2.0,38899.79,0.0,0.0,0.0,0.0,0.0,0,0.0,Low
4076,3,1,3,3.0,33012.89,1.0,33.33333333333333,0.0,0.0,0.0,0,10.0,Low
4077,1,1,1,1.0,5102.81,1.0,100.0,0.0,0.0,0.0,0,10.0,Low
4078,1,1,1,1.0,10979.9,0.0,0.0,0.0,0.0,0.0,0,0.0,Low
4079,1,1,1,1.0,9812.18,0.0,0.0,0.0,0.0,0.0,0,0.0,Low
4080,2,1,2,2.0,27983.25,0.0,0.0,0.0,0.0,0.0,0,0.0,Low
4081,1,1,1,1.0,23618.85,0.0,0.0,0.0,0.0,0.0,0,0.0,Low
4082,3,1,3,3.0,35565.61,1.0,33.33333333333333,0.0,0.0,0.0,0,10.0,Low
4083,2,1,2,1.0,4666.47,0.0,0.0,1.0,4366.91,100.0,0,25.0,Medium
4084,3,1,3,2.0,17222.66,0.0,0.0,1.0,1736.0,50.0,0,25.0,Medium
4085,2,1,2,2.0,28527.88,0.0,0.0,0.0,0.0,0.0,0,0.0,Low
4086,2,1,2,2.0,37871.020000000004,0.0,0.0,0.0,0.0,0.0,0,0.0,Low
4087,1,1,1,1.0,6745.0,0.0,0.0,0.0,0.0,0.0,0,0.0,Low
4088,1,1,1,1.0,5829.65,1.0,100.0,0.0,0.0,0.0,0,10.0,Low
4089,1,1,1,1.0,858.31,1.0,100.0,0.0,0.0,0.0,0,10.0,Low
4090,2,1,2,2.0,38978.68,0.0,0.0,0.0,0.0,0.0,0,0.0,Low
4091,2,1,2,2.0,33482.399999999994,0.0,0.0,0.0,0.0,0.0,0,0.0,Low
4092,2,1,2,2.0,44407.85,1.0,50.0,0.0,0.0,0.0,0,10.0,Low
4093,2,1,2,2.0,11403.32,0.0,0.0,0.0,0.0,0.0,0,0.0,Low
4094,2,1,2,2.0,40118.64,0.0,0.0,0.0,0.0,0.0,0,0.0,Low
4095,1,1,1,1.0,8533.25,1.0,100.0,0.0,0.0,0.0,0,10.0,Low
4096,3,1,3,2.0,21183.0,1.0,50.0,1.0,7857.66,50.0,0,35.0,Medium
4097,1,1,1,1.0,12393.52,0.0,0.0,0.0,0.0,0.0,0,0.0,Low
4098,1,1,1,1.0,8873.11,0.0,0.0,0.0,0.0,0.0,0,0.0,Low
4099,2,1,2,1.0,13799.23,0.0,0.0,1.0,14197.19,100.0,0,25.0,Medium
4100,3,2,4,4.0,50942.89,0.0,0.0,0.0,0.0,0.0,0,0.0,Low
4101,1,1,1,1.0,7236.56,0.0,0.0,0.0,0.0,0.0,0,0.0,Low
4102,1,1,1,1.0,5861.88,0.0,0.0,0.0,0.0,0.0,0,0.0,Low
4103,2,1,2,2.0,21836.35,0.0,0.0,0.0,0.0,0.0,0,0.0,Low
4104,3,1,3,3.0,53521.06,0.0,0.0,0.0,0.0,0.0,0,0.0,Low
4105,1,1,1,1.0,15023.8,0.0,0.0,0.0,0.0,0.0,0,0.0,Low
4106,2,1,2,2.0,15719.349999999999,1.0,50.0,0.0,0.0,0.0,0,10.0,Low
4107,3,1,3,3.0,35116.18,1.0,33.33333333333333,0.0,0.0,0.0,0,10.0,Low
4108,1,1,1,1.0,4439.13,0.0,0.0,0.0,0.0,0.0,0,0.0,Low
4109,1,1,1,1.0,24804.03,0.0,0.0,0.0,0.0,0.0,0,0.0,Low
4110,3,1,3,3.0,49138.600000000006,0.0,0.0,0.0,0.0,0.0,0,0.0,Low
4111,1,1,1,1.0,5119.11,0.0,0.0,0.0,0.0,0.0,0,0.0,Low
4112,1,1,1,1.0,11087.0,0.0,0.0,0.0,0.0,0.0,0,0.0,Low
4113,2,1,2,2.0,7452.02,1.0,50.0,0.0,0.0,0.0,0,10.0,Low
4114,1,1,1,1.0,21968.65,0.0,0.0,0.0,0.0,0.0,0,0.0,Low
4115,2,1,2,2.0,24156.2,0.0,0.0,0.0,0.0,0.0,0,0.0,Low
4116,1,1,1,1.0,19676.53,0.0,0.0,0.0,0.0,0.0,0,0.0,Low
4117,3,1,3,3.0,45113.880000000005,1.0,33.33333333333333,0.0,0.0,0.0,0,10.0,Low
4118,3,1,3,3.0,31111.78,0.0,0.0,0.0,0.0,0.0,0,0.0,Low
4119,1,1,1,1.0,14260.28,0.0,0.0,0.0,0.0,0.0,0,0.0,Low
4120,1,1,1,1.0,22105.42,0.0,0.0,0.0,0.0,0.0,0,0.0,Low
4121,2,1,2,2.0,23779.100000000002,0.0,0.0,0.0,0.0,0.0,0,0.0,Low
4122,1,1,1,1.0,9356.24,0.0,0.0,0.0,0.0,0.0,0,0.0,Low
4123,1,1,1,1.0,2361.76,0.0,0.0,0.0,0.0,0.0,0,0.0,Low
4124,1,1,1,1.0,13393.21,0.0,0.0,0.0,0.0,0.0,0,0.0,Low
4125,2,1,2,2.0,18864.6,0.0,0.0,0.0,0.0,0.0,0,0.0,Low
4126,2,1,2,2.0,28055.370000000003,0.0,0.0,0.0,0.0,0.0,0,0.0,Low
4127,2,1,2,1.0,19307.94,0.0,0.0,1.0,1722.43,100.0,0,25.0,Medium
4128,2,1,2,2.0,20199.45,0.0,0.0,0.0,0.0,0.0,0,0.0,Low
4129,1,1,1,1.0,15194.51,0.0,0.0,0.0,0.0,0.0,0,0.0,Low
4130,1,1,1,1.0,2451.7,0.0,0.0,0.0,0.0,0.0,0,0.0,Low
4131,1,1,1,1.0,6431.24,0.0,0.0,0.0,0.0,0.0,0,0.0,Low
4132,4,1,4,4.0,65739.32,0.0,0.0,0.0,0.0,0.0,0,0.0,Low
4133,1,1,1,1.0,20089.03,0.0,0.0,0.0,0.0,0.0,0,0.0,Low
4134,1,1,1,1.0,2974.91,0.0,0.0,0.0,0.0,0.0,0,0.0,Low
4135,2,1,2,2.0,15542.54,0.0,0.0,0.0,0.0,0.0,0,0.0,Low
4136,2,1,2,2.0,22897.18,0.0,0.0,0.0,0.0,0.0,0,0.0,Low
4137,2,1,2,1.0,23001.8,0.0,0.0,1.0,843.91,100.0,0,25.0,Medium
4138,2,1,2,2.0,18170.32,0.0,0.0,0.0,0.0,0.0,0,0.0,Low
4139,1,1,1,1.0,1564.95,0.0,0.0,0.0,0.0,0.0,0,0.0,Low
4140,1,1,1,1.0,15749.22,0.0,0.0,0.0,0.0,0.0,0,0.0,Low
4141,1,1,1,1.0,1788.71,0.0,0.0,0.0,0.0,0.0,0,0.0,Low
4142,2,1,2,2.0,18877.75,0.0,0.0,0.0,0.0,0.0,0,0.0,Low
4143,1,1,1,1.0,5848.28,0.0,0.0,0.0,0.0,0.0,0,0.0,Low
4144,1,1,1,1.0,22066.31,0.0,0.0,0.0,0.0,0.0,0,0.0,Low
4145,1,1,1,1.0,2918.0,0.0,0.0,0.0,0.0,0.0,0,0.0,Low
4146,4,1,4,4.0,48664.57,0.0,0.0,0.0,0.0,0.0,0,0.0,Low
4147,2,1,2,2.0,6207.5,0.0,0.0,0.0,0.0,0.0,0,0.0,Low
4148,2,1,2,2.0,25369.97,0.0,0.0,0.0,0.0,0.0,0,0.0,Low
4149,4,1,4,4.0,40639.37,0.0,0.0,0.0,0.0,0.0,0,0.0,Low
4150,1,1,1,1.0,10.77,0.0,0.0,0.0,0.0,0.0,0,0.0,Low
4151,2,1,2,2.0,33965.59,0.0,0.0,0.0,0.0,0.0,0,0.0,Low
4152,2,2,3,3.0,24708.31,0.0,0.0,0.0,0.0,0.0,0,0.0,Low
4153,1,1,1,1.0,11600.9,0.0,0.0,0.0,0.0,0.0,0,0.0,Low
4154,2,1,2,2.0,18539.1,0.0,0.0,0.0,0.0,0.0,0,0.0,Low
4155,2,1,2,1.0,3111.18,0.0,0.0,1.0,1124.0,100.0,0,25.0,Medium
4156,2,1,2,2.0,29665.55,0.0,0.0,0.0,0.0,0.0,0,0.0,Low
4157,2,1,2,2.0,41229.31,1.0,50.0,0.0,0.0,0.0,0,10.0,Low
4158,2,1,2,2.0,4825.9,0.0,0.0,0.0,0.0,0.0,0,0.0,Low
4159,1,1,1,1.0,24126.0,0.0,0.0,0.0,0.0,0.0,0,0.0,Low
4160,5,1,5,5.0,81133.25,0.0,0.0,0.0,0.0,0.0,0,10.0,Low
4161,3,1,3,3.0,31125.43,0.0,0.0,0.0,0.0,0.0,0,0.0,Low
4162,1,1,1,1.0,5142.15,0.0,0.0,0.0,0.0,0.0,0,0.0,Low
4163,1,2,2,2.0,42905.56,1.0,50.0,0.0,0.0,0.0,0,10.0,Low
4164,1,1,1,1.0,11337.01,0.0,0.0,0.0,0.0,0.0,0,0.0,Low
4165,1,1,1,1.0,13456.99,0.0,0.0,0.0,0.0,0.0,0,0.0,Low
4166,1,1,1,1.0,11589.95,0.0,0.0,0.0,0.0,0.0,0,0.0,Low
4167,1,1,1,1.0,18888.38,0.0,0.0,0.0,0.0,0.0,0,0.0,Low
4168,4,2,5,3.0,33025.96,0.0,0.0,2.0,2145.0,66.66666666666666,0,30.0,Medium
4169,2,1,2,2.0,24588.55,1.0,50.0,0.0,0.0,0.0,0,10.0,Low
4170,1,1,1,0.0,0.0,0.0,0.0,1.0,1769.97,0.0,0,5.0,Low
4171,1,1,1,1.0,7303.76,0.0,0.0,0.0,0.0,0.0,0,0.0,Low
4172,2,1,2,1.0,11403.34,1.0,100.0,1.0,4466.49,100.0,0,35.0,Medium
4173,4,2,5,4.0,59081.47,0.0,0.0,1.0,3917.9,25.0,0,25.0,Medium
4174,2,1,2,1.0,5759.97,0.0,0.0,1.0,2598.82,100.0,0,25.0,Medium
4175,2,1,2,2.0,32250.83,0.0,0.0,0.0,0.0,0.0,0,0.0,Low
4176,3,1,3,3.0,41267.31,0.0,0.0,0.0,0.0,0.0,0,0.0,Low
4177,1,1,1,1.0,14958.87,0.0,0.0,0.0,0.0,0.0,0,0.0,Low
4178,2,1,2,2.0,23191.739999999998,0.0,0.0,0.0,0.0,0.0,0,0.0,Low
4179,2,1,2,2.0,19011.64,0.0,0.0,0.0,0.0,0.0,0,0.0,Low
4180,1,1,1,1.0,24606.4,0.0,0.0,0.0,0.0,0.0,0,0.0,Low
4181,3,1,3,3.0,29949.76,0.0,0.0,0.0,0.0,0.0,0,0.0,Low
4182,3,2,4,3.0,35196.29,1.0,33.33333333333333,1.0,578.15,33.33333333333333,0,35.0,Medium
4183,4,2,5,5.0,48216.74,3.0,60.0,0.0,0.0,0.0,0,10.0,Low
4184,3,1,3,2.0,4014.25,0.0,0.0,1.0,662.0,50.0,0,25.0,Medium
4185,2,1,2,1.0,13726.0,0.0,0.0,1.0,320.53,100.0,0,25.0,Medium
4186,1,1,1,1.0,17111.01,1.0,100.0,0.0,0.0,0.0,0,10.0,Low
4187,1,1,1,1.0,23477.64,0.0,0.0,0.0,0.0,0.0,0,0.0,Low
4188,3,1,3,3.0,46818.11,0.0,0.0,0.0,0.0,0.0,0,0.0,Low
4189,2,1,2,2.0,28545.13,0.0,0.0,0.0,0.0,0.0,0,0.0,Low
4190,3,1,3,3.0,63027.0,0.0,0.0,0.0,0.0,0.0,0,0.0,Low
4191,2,1,2,2.0,23573.850000000002,0.0,0.0,0.0,0.0,0.0,0,0.0,Low
4192,2,1,2,1.0,4164.07,0.0,0.0,1.0,1397.32,100.0,0,25.0,Medium
4193,1,1,1,1.0,8163.09,0.0,0.0,0.0,0.0,0.0,0,0.0,Low
4194,3,1,3,3.0,24083.66,1.0,33.33333333333333,0.0,0.0,0.0,0,10.0,Low
4195,2,1,2,2.0,33225.07,0.0,0.0,0.0,0.0,0.0,0,0.0,Low
4196,2,1,2,2.0,7501.07,0.0,0.0,0.0,0.0,0.0,0,0.0,Low
4197,1,1,1,1.0,10599.22,0.0,0.0,0.0,0.0,0.0,0,0.0,Low
4198,1,1,1,1.0,21694.4,0.0,0.0,0.0,0.0,0.0,0,0.0,Low
4199,1,1,1,1.0,9732.63,0.0,0.0,0.0,0.0,0.0,0,0.0,Low
4200,1,1,1,1.0,16246.82,0.0,0.0,0.0,0.0,0.0,0,0.0,Low
4201,4,1,4,4.0,50470.49,0.0,0.0,0.0,0.0,0.0,0,0.0,Low
4202,6,1,6,6.0,88639.53,0.0,0.0,0.0,0.0,0.0,0,10.0,Low
4203,1,1,1,1.0,16206.47,0.0,0.0,0.0,0.0,0.0,0,0.0,Low
4204,1,1,1,1.0,2857.91,0.0,0.0,0.0,0.0,0.0,0,0.0,Low
4205,3,1,3,1.0,152.97,0.0,0.0,2.0,13306.35,200.0,0,30.0,Medium
4206,1,1,1,1.0,13975.43,0.0,0.0,0.0,0.0,0.0,0,0.0,Low
4207,3,1,3,3.0,44216.92999999999,0.0,0.0,0.0,0.0,0.0,0,0.0,Low
4208,2,1,2,2.0,14443.59,0.0,0.0,0.0,0.0,0.0,0,0.0,Low
4209,2,1,2,2.0,43886.4,0.0,0.0,0.0,0.0,0.0,0,0.0,Low
4210,1,1,1,1.0,7583.61,0.0,0.0,0.0,0.0,0.0,0,0.0,Low
4211,1,1,1,1.0,15355.48,0.0,0.0,0.0,0.0,0.0,0,0.0,Low
4212,3,1,3,2.0,17690.5,0.0,0.0,1.0,3807.76,50.0,0,25.0,Medium
4213,3,1,3,2.0,38665.36,1.0,50.0,1.0,1923.55,50.0,0,35.0,Medium
4214,1,1,1,1.0,4476.0,1.0,100.0,0.0,0.0,0.0,0,10.0,Low
4215,1,1,1,1.0,5042.0,0.0,0.0,0.0,0.0,0.0,0,0.0,Low
4216,2,1,2,2.0,17073.13,0.0,0.0,0.0,0.0,0.0,0,0.0,Low
4217,2,1,2,2.0,33280.97,1.0,50.0,0.0,0.0,0.0,0,10.0,Low
4218,2,1,2,2.0,16121.529999999999,0.0,0.0,0.0,0.0,0.0,0,0.0,Low
4219,1,1,1,1.0,1932.0,0.0,0.0,0.0,0.0,0.0,0,0.0,Low
4220,2,1,2,2.0,8378.91,0.0,0.0,0.0,0.0,0.0,0,0.0,Low
4221,1,1,1,1.0,11231.45,0.0,0.0,0.0,0.0,0.0,0,0.0,Low
4222,3,1,3,3.0,44658.32,0.0,0.0,0.0,0.0,0.0,0,0.0,Low
4223,1,1,1,1.0,22612.8,0.0,0.0,0.0,0.0,0.0,0,0.0,Low
4224,1,1,1,1.0,786.11,0.0,0.0,0.0,0.0,0.0,0,0.0,Low
4225,2,1,2,2.0,41321.94,1.0,50.0,0.0,0.0,0.0,0,10.0,Low
4226,2,1,2,1.0,24039.86,0.0,0.0,1.0,745.95,100.0,0,25.0,Medium
4227,2,1,2,2.0,21796.46,1.0,50.0,0.0,0.0,0.0,0,10.0,Low
4228,1,1,1,1.0,20309.81,0.0,0.0,0.0,0.0,0.0,0,0.0,Low
4229,1,1,1,1.0,18742.16,0.0,0.0,0.0,0.0,0.0,0,0.0,Low
4230,2,1,2,2.0,32511.29,0.0,0.0,0.0,0.0,0.0,0,0.0,Low
4231,1,1,1,1.0,16992.0,0.0,0.0,0.0,0.0,0.0,0,0.0,Low
4232,3,1,3,3.0,51738.19,0.0,0.0,0.0,0.0,0.0,0,0.0,Low
4233,2,1,2,2.0,24355.12,0.0,0.0,0.0,0.0,0.0,0,0.0,Low
4234,2,1,2,2.0,27790.61,0.0,0.0,0.0,0.0,0.0,0,0.0,Low
4235,2,1,2,2.0,17144.99,0.0,0.0,0.0,0.0,0.0,0,0.0,Low
4236,2,1,2,2.0,23568.38,0.0,0.0,0.0,0.0,0.0,0,0.0,Low
4237,2,1,2,2.0,36470.659999999996,0.0,0.0,0.0,0.0,0.0,0,0.0,Low
4238,2,1,2,2.0,32937.47,0.0,0.0,0.0,0.0,0.0,0,0.0,Low
4239,2,1,2,2.0,30979.010000000002,0.0,0.0,0.0,0.0,0.0,0,0.0,Low
4240,3,1,3,3.0,43546.98,1.0,33.33333333333333,0.0,0.0,0.0,0,10.0,Low
4241,3,1,3,2.0,33425.0,0.0,0.0,1.0,13495.0,50.0,0,25.0,Medium
4242,2,1,2,1.0,8387.23,0.0,0.0,1.0,2299.02,100.0,0,25.0,Medium
4243,1,1,1,1.0,18491.38,0.0,0.0,0.0,0.0,0.0,0,0.0,Low
4244,3,1,3,3.0,48091.770000000004,0.0,0.0,0.0,0.0,0.0,0,0.0,Low
4245,1,1,1,1.0,4544.14,0.0,0.0,0.0,0.0,0.0,0,0.0,Low
4246,6,2,7,6.0,66444.48,2.0,33.33333333333333,1.0,1071.92,16.666666666666664,0,45.0,Medium
4247,1,1,1,1.0,7428.33,0.0,0.0,0.0,0.0,0.0,0,0.0,Low
4248,1,1,1,1.0,19298.18,0.0,0.0,0.0,0.0,0.0,0,0.0,Low
4249,3,1,3,3.0,45269.52,1.0,33.33333333333333,0.0,0.0,0.0,0,10.0,Low
4250,2,1,2,2.0,17941.62,0.0,0.0,0.0,0.0,0.0,0,0.0,Low
4251,2,1,2,2.0,11984.89,0.0,0.0,0.0,0.0,0.0,0,0.0,Low
4252,2,1,2,2.0,38167.67,0.0,0.0,0.0,0.0,0.0,0,0.0,Low
4253,3,1,3,3.0,44696.08,1.0,33.33333333333333,0.0,0.0,0.0,0,10.0,Low
4254,1,1,1,0.0,0.0,0.0,0.0,1.0,1946.37,0.0,0,5.0,Low
4255,2,1,2,2.0,32524.17,0.0,0.0,0.0,0.0,0.0,0,0.0,Low
4256,2,1,2,2.0,19895.81,0.0,0.0,0.0,0.0,0.0,0,0.0,Low
4257,2,1,2,2.0,17233.329999999998,0.0,0.0,0.0,0.0,0.0,0,0.0,Low
4258,2,1,2,2.0,22078.44,0.0,0.0,0.0,0.0,0.0,0,0.0,Low
4259,2,1,2,2.0,19229.71,0.0,0.0,0.0,0.0,0.0,0,0.0,Low
4260,3,1,3,3.0,21774.64,0.0,0.0,0.0,0.0,0.0,0,0.0,Low
4261,1,1,1,1.0,15745.52,0.0,0.0,0.0,0.0,0.0,0,0.0,Low
4262,1,1,1,1.0,6575.0,0.0,0.0,0.0,0.0,0.0,0,0.0,Low
4263,1,1,1,1.0,24965.3,0.0,0.0,0.0,0.0,0.0,0,0.0,Low
4264,2,1,2,2.0,46625.11,0.0,0.0,0.0,0.0,0.0,0,0.0,Low
4265,2,1,2,2.0,23434.6,1.0,50.0,0.0,0.0,0.0,0,10.0,Low
4266,4,1,4,4.0,57103.7,0.0,0.0,0.0,0.0,0.0,0,0.0,Low
4267,3,1,3,3.0,60212.509999999995,0.0,0.0,0.0,0.0,0.0,0,0.0,Low
4268,1,1,1,1.0,15450.0,0.0,0.0,0.0,0.0,0.0,0,0.0,Low
4269,1,1,1,0.0,0.0,0.0,0.0,1.0,355.19,0.0,0,5.0,Low
4270,3,2,4,4.0,77336.36,0.0,0.0,0.0,0.0,0.0,0,0.0,Low
4271,2,1,2,0.0,0.0,0.0,0.0,2.0,2616.03,0.0,0,10.0,Low
4272,2,1,2,2.0,43010.89,0.0,0.0,0.0,0.0,0.0,0,0.0,Low
4273,1,1,1,1.0,14276.23,0.0,0.0,0.0,0.0,0.0,0,0.0,Low
4274,1,1,1,1.0,17200.59,0.0,0.0,0.0,0.0,0.0,0,0.0,Low
4275,2,1,2,2.0,19349.64,1.0,50.0,0.0,0.0,0.0,0,10.0,Low
4276,1,1,1,1.0,19399.17,0.0,0.0,0.0,0.0,0.0,0,0.0,Low
4277,1,1,1,1.0,3171.88,0.0,0.0,0.0,0.0,0.0,0,0.0,Low
4278,2,1,2,1.0,23053.1,0.0,0.0,1.0,847.6,100.0,0,25.0,Medium
4279,1,1,1,1.0,8951.7,0.0,0.0,0.0,0.0,0.0,0,0.0,Low
4280,3,1,3,3.0,40921.4,1.0,33.33333333333333,0.0,0.0,0.0,0,10.0,Low
4281,1,1,1,1.0,12171.86,0.0,0.0,0.0,0.0,0.0,0,0.0,Low
4282,2,1,2,2.0,8892.619999999999,0.0,0.0,0.0,0.0,0.0,0,0.0,Low
4283,1,1,1,1.0,15356.13,1.0,100.0,0.0,0.0,0.0,0,10.0,Low
4284,3,1,3,3.0,35083.55,0.0,0.0,0.0,0.0,0.0,0,0.0,Low
4285,3,1,3,3.0,33834.22,0.0,0.0,0.0,0.0,0.0,0,0.0,Low
4286,2,1,2,1.0,16154.71,0.0,0.0,1.0,6446.22,100.0,0,25.0,Medium
4287,2,1,2,2.0,29531.16,1.0,50.0,0.0,0.0,0.0,0,10.0,Low
4288,2,1,2,2.0,31721.47,0.0,0.0,0.0,0.0,0.0,0,0.0,Low
4289,2,1,2,2.0,35091.14,0.0,0.0,0.0,0.0,0.0,0,0.0,Low
4290,2,1,2,2.0,35809.72,0.0,0.0,0.0,0.0,0.0,0,0.0,Low
4291,2,1,2,2.0,20572.9,0.0,0.0,0.0,0.0,0.0,0,0.0,Low
4292,1,1,1,1.0,9710.64,0.0,0.0,0.0,0.0,0.0,0,0.0,Low
4293,2,1,2,2.0,27975.33,0.0,0.0,0.0,0.0,0.0,0,0.0,Low
4294,2,1,2,2.0,29870.97,0.0,0.0,0.0,0.0,0.0,0,0.0,Low
4295,2,1,2,2.0,15712.6,1.0,50.0,0.0,0.0,0.0,0,10.0,Low
4296,1,1,1,0.0,0.0,0.0,0.0,1.0,2971.18,0.0,0,5.0,Low
4297,1,1,1,1.0,22050.24,0.0,0.0,0.0,0.0,0.0,0,0.0,Low
4298,2,1,2,2.0,38389.35,0.0,0.0,0.0,0.0,0.0,0,0.0,Low
4299,2,1,2,2.0,3962.81,0.0,0.0,0.0,0.0,0.0,0,0.0,Low
4300,1,1,1,1.0,15086.66,0.0,0.0,0.0,0.0,0.0,0,0.0,Low
4301,1,1,1,1.0,3322.39,0.0,0.0,0.0,0.0,0.0,0,0.0,Low
4302,1,1,1,1.0,1874.73,1.0,100.0,0.0,0.0,0.0,0,10.0,Low
4303,1,1,1,1.0,23204.02,0.0,0.0,0.0,0.0,0.0,0,0.0,Low
4304,2,1,2,2.0,28851.440000000002,0.0,0.0,0.0,0.0,0.0,0,0.0,Low
4305,1,1,1,1.0,17210.23,0.0,0.0,0.0,0.0,0.0,0,0.0,Low
4306,2,1,2,1.0,23528.61,0.0,0.0,1.0,5763.76,100.0,0,25.0,Medium
4307,1,1,1,1.0,2533.0,0.0,0.0,0.0,0.0,0.0,0,0.0,Low
4308,5,2,6,6.0,87950.73999999999,0.0,0.0,0.0,0.0,0.0,0,10.0,Low
4309,1,1,1,1.0,16045.48,0.0,0.0,0.0,0.0,0.0,0,0.0,Low
4310,1,1,1,1.0,7561.75,0.0,0.0,0.0,0.0,0.0,0,0.0,Low
4311,1,1,1,1.0,11700.07,1.0,100.0,0.0,0.0,0.0,0,10.0,Low
4312,3,1,3,3.0,34008.36,0.0,0.0,0.0,0.0,0.0,0,0.0,Low
4313,1,1,1,1.0,15197.0,0.0,0.0,0.0,0.0,0.0,0,0.0,Low
4314,2,1,2,2.0,24051.76,0.0,0.0,0.0,0.0,0.0,0,0.0,Low
4315,2,1,2,1.0,18745.65,1.0,100.0,1.0,2225.43,100.0,0,35.0,Medium
4316,2,1,2,2.0,41193.380000000005,0.0,0.0,0.0,0.0,0.0,0,0.0,Low
4317,1,1,1,1.0,6953.54,0.0,0.0,0.0,0.0,0.0,0,0.0,Low
4318,2,1,2,2.0,26473.55,0.0,0.0,0.0,0.0,0.0,0,0.0,Low
4319,1,1,1,1.0,7594.56,0.0,0.0,0.0,0.0,0.0,0,0.0,Low
4320,3,1,3,3.0,36773.51,0.0,0.0,0.0,0.0,0.0,0,0.0,Low
4321,1,1,1,1.0,17495.37,0.0,0.0,0.0,0.0,0.0,0,0.0,Low
4322,1,1,1,1.0,12599.3,0.0,0.0,0.0,0.0,0.0,0,0.0,Low
4323,2,1,2,2.0,28878.5,0.0,0.0,0.0,0.0,0.0,0,0.0,Low
4324,2,1,2,2.0,19521.739999999998,0.0,0.0,0.0,0.0,0.0,0,0.0,Low
4325,1,1,1,1.0,13039.21,0.0,0.0,0.0,0.0,0.0,0,0.0,Low
4326,1,1,1,1.0,17258.93,0.0,0.0,0.0,0.0,0.0,0,0.0,Low
4327,1,1,1,1.0,18224.25,0.0,0.0,0.0,0.0,0.0,0,0.0,Low
4328,1,1,1,1.0,18274.38,0.0,0.0,0.0,0.0,0.0,0,0.0,Low
4329,7,3,9,8.0,113865.29,0.0,0.0,1.0,3450.22,12.5,0,40.0,Medium
4330,2,1,2,2.0,37717.97,0.0,0.0,0.0,0.0,0.0,0,0.0,Low
4331,2,1,2,1.0,12458.27,0.0,0.0,1.0,648.89,100.0,0,25.0,Medium
4332,2,1,2,2.0,20766.9,0.0,0.0,0.0,0.0,0.0,0,0.0,Low
4333,2,1,2,2.0,28894.329999999998,0.0,0.0,0.0,0.0,0.0,0,0.0,Low
4334,3,2,4,4.0,40735.49,0.0,0.0,0.0,0.0,0.0,0,0.0,Low
4335,2,1,2,2.0,32814.35,1.0,50.0,0.0,0.0,0.0,0,10.0,Low
4336,2,1,2,2.0,9627.4,0.0,0.0,0.0,0.0,0.0,0,0.0,Low
4337,1,1,1,1.0,20348.0,0.0,0.0,0.0,0.0,0.0,0,0.0,Low
4338,3,1,3,2.0,7554.41,0.0,0.0,1.0,861.41,50.0,0,25.0,Medium
4339,2,1,2,2.0,17896.07,0.0,0.0,0.0,0.0,0.0,0,0.0,Low
4340,3,1,3,3.0,61852.69,0.0,0.0,0.0,0.0,0.0,0,0.0,Low
4341,1,1,1,1.0,24992.94,0.0,0.0,0.0,0.0,0.0,0,0.0,Low
4342,1,1,1,1.0,2730.95,0.0,0.0,0.0,0.0,0.0,0,0.0,Low
4343,2,1,2,2.0,25869.66,1.0,50.0,0.0,0.0,0.0,0,10.0,Low
4344,1,1,1,1.0,7852.53,0.0,0.0,0.0,0.0,0.0,0,0.0,Low
4345,1,1,1,1.0,17088.83,0.0,0.0,0.0,0.0,0.0,0,0.0,Low
4346,2,1,2,2.0,24043.190000000002,0.0,0.0,0.0,0.0,0.0,0,0.0,Low
4347,1,1,1,1.0,13716.6,0.0,0.0,0.0,0.0,0.0,0,0.0,Low
4348,1,1,1,1.0,18019.7,0.0,0.0,0.0,0.0,0.0,0,0.0,Low
4349,1,1,1,0.0,0.0,0.0,0.0,1.0,3289.2,0.0,0,5.0,Low
4350,2,1,2,2.0,24065.3,0.0,0.0,0.0,0.0,0.0,0,0.0,Low
4351,1,1,1,1.0,2183.0,0.0,0.0,0.0,0.0,0.0,0,0.0,Low
4352,3,2,4,4.0,25583.12,0.0,0.0,0.0,0.0,0.0,0,0.0,Low
4353,1,1,1,1.0,13771.76,0.0,0.0,0.0,0.0,0.0,0,0.0,Low
4354,2,1,2,2.0,22684.83,0.0,0.0,0.0,0.0,0.0,0,0.0,Low
4355,4,1,4,4.0,69198.65,0.0,0.0,0.0,0.0,0.0,0,0.0,Low
4356,1,1,1,1.0,3501.62,0.0,0.0,0.0,0.0,0.0,0,0.0,Low
4357,2,1,2,2.0,15173.699999999999,1.0,50.0,0.0,0.0,0.0,0,10.0,Low
4358,1,1,1,1.0,13264.96,1.0,100.0,0.0,0.0,0.0,0,10.0,Low
4359,1,1,1,1.0,22360.8,0.0,0.0,0.0,0.0,0.0,0,0.0,Low
4360,2,1,2,2.0,22096.28,1.0,50.0,0.0,0.0,0.0,0,10.0,Low
4361,1,1,1,1.0,2212.67,0.0,0.0,0.0,0.0,0.0,0,0.0,Low
4362,1,1,1,1.0,3949.32,1.0,100.0,0.0,0.0,0.0,0,10.0,Low
4363,2,1,2,1.0,19926.85,0.0,0.0,1.0,6191.97,100.0,0,25.0,Medium
4364,2,1,2,1.0,1698.2,0.0,0.0,1.0,287.37,100.0,0,25.0,Medium
4365,1,1,1,1.0,7594.72,0.0,0.0,0.0,0.0,0.0,0,0.0,Low
4366,2,1,2,1.0,21478.0,0.0,0.0,1.0,2386.57,100.0,0,25.0,Medium
4367,1,1,1,1.0,22609.95,0.0,0.0,0.0,0.0,0.0,0,0.0,Low
4368,2,1,2,2.0,12633.26,1.0,50.0,0.0,0.0,0.0,0,10.0,Low
4369,1,1,1,0.0,0.0,0.0,0.0,1.0,1224.57,0.0,0,5.0,Low
4370,1,1,1,1.0,22042.07,0.0,0.0,0.0,0.0,0.0,0,0.0,Low
4371,2,1,2,2.0,12500.87,1.0,50.0,0.0,0.0,0.0,0,10.0,Low
4372,2,1,2,2.0,16644.989999999998,0.0,0.0,0.0,0.0,0.0,0,0.0,Low
4373,2,2,3,2.0,14280.83,0.0,0.0,1.0,792.03,50.0,0,25.0,Medium
4374,2,2,3,3.0,30336.17,0.0,0.0,0.0,0.0,0.0,0,0.0,Low
4375,1,1,1,1.0,12823.62,0.0,0.0,0.0,0.0,0.0,0,0.0,Low
4376,2,1,2,2.0,18130.68,1.0,50.0,0.0,0.0,0.0,0,10.0,Low
4377,1,1,1,1.0,3523.07,0.0,0.0,0.0,0.0,0.0,0,0.0,Low
4378,2,1,2,2.0,30314.89,0.0,0.0,0.0,0.0,0.0,0,0.0,Low
4379,3,1,3,3.0,33300.07,0.0,0.0,0.0,0.0,0.0,0,0.0,Low
4380,3,1,3,2.0,11585.529999999999,0.0,0.0,1.0,471.0,50.0,0,25.0,Medium
4381,1,1,1,1.0,8718.9,1.0,100.0,0.0,0.0,0.0,0,10.0,Low
4382,3,1,3,3.0,20731.56,1.0,33.33333333333333,0.0,0.0,0.0,0,10.0,Low
4383,2,1,2,1.0,16302.82,0.0,0.0,1.0,0.0,100.0,0,25.0,Medium
4384,2,1,2,2.0,23028.239999999998,1.0,50.0,0.0,0.0,0.0,0,10.0,Low
4385,4,1,4,4.0,61220.579999999994,1.0,25.0,0.0,0.0,0.0,0,10.0,Low
4386,2,1,2,2.0,37671.25,0.0,0.0,0.0,0.0,0.0,0,0.0,Low
4387,1,1,1,1.0,10398.43,0.0,0.0,0.0,0.0,0.0,0,0.0,Low
4388,6,3,8,6.0,97498.22,0.0,0.0,2.0,9719.16,33.33333333333333,0,45.0,Medium
4389,7,2,8,7.0,113303.59999999999,1.0,14.285714285714285,1.0,0.0,14.285714285714285,0,35.0,Medium
4390,2,1,2,2.0,30445.41,0.0,0.0,0.0,0.0,0.0,0,0.0,Low
4391,3,1,3,3.0,32428.76,0.0,0.0,0.0,0.0,0.0,0,0.0,Low
4392,1,1,1,1.0,14102.47,0.0,0.0,0.0,0.0,0.0,0,0.0,Low
4393,1,1,1,1.0,24270.25,0.0,0.0,0.0,0.0,0.0,0,0.0,Low
4394,2,1,2,2.0,30541.48,0.0,0.0,0.0,0.0,0.0,0,0.0,Low
4395,1,1,1,1.0,1507.98,0.0,0.0,0.0,0.0,0.0,0,0.0,Low
4396,3,2,4,3.0,40238.27,0.0,0.0,1.0,972.52,33.33333333333333,0,25.0,Medium
4397,1,1,1,1.0,20189.71,0.0,0.0,0.0,0.0,0.0,0,0.0,Low
4398,1,1,1,1.0,3630.92,0.0,0.0,0.0,0.0,0.0,0,0.0,Low
4399,2,1,2,1.0,24245.83,0.0,0.0,1.0,4581.94,100.0,0,25.0,Medium
4400,1,1,1,1.0,3827.23,0.0,0.0,0.0,0.0,0.0,0,0.0,Low
4401,1,1,1,1.0,10572.94,0.0,0.0,0.0,0.0,0.0,0,0.0,Low
4402,2,1,2,1.0,23025.65,0.0,0.0,1.0,3839.34,100.0,0,25.0,Medium
4403,1,1,1,1.0,20109.96,0.0,0.0,0.0,0.0,0.0,0,0.0,Low
4404,2,1,2,2.0,46204.0,0.0,0.0,0.0,0.0,0.0,0,0.0,Low
4405,1,1,1,1.0,9616.87,0.0,0.0,0.0,0.0,0.0,0,0.0,Low
4406,1,1,1,1.0,10302.47,0.0,0.0,0.0,0.0,0.0,0,0.0,Low
4407,1,1,1,1.0,8020.0,0.0,0.0,0.0,0.0,0.0,0,0.0,Low
4408,1,1,1,1.0,16708.64,0.0,0.0,0.0,0.0,0.0,0,0.0,Low
4409,2,1,2,2.0,13934.45,0.0,0.0,0.0,0.0,0.0,0,0.0,Low
4410,1,1,1,1.0,13395.0,0.0,0.0,0.0,0.0,0.0,0,0.0,Low
4411,1,1,1,1.0,23765.34,0.0,0.0,0.0,0.0,0.0,0,0.0,Low
4412,1,1,1,1.0,11271.0,0.0,0.0,0.0,0.0,0.0,0,0.0,Low
4413,2,1,2,2.0,18672.18,0.0,0.0,0.0,0.0,0.0,0,0.0,Low
4414,4,1,4,3.0,48757.7,0.0,0.0,1.0,947.39,33.33333333333333,0,25.0,Medium
4415,3,1,3,3.0,43032.53,0.0,0.0,0.0,0.0,0.0,0,0.0,Low
4416,2,1,2,2.0,31999.190000000002,0.0,0.0,0.0,0.0,0.0,0,0.0,Low
4417,2,1,2,2.0,22317.16,0.0,0.0,0.0,0.0,0.0,0,0.0,Low
4418,1,1,1,1.0,10398.63,0.0,0.0,0.0,0.0,0.0,0,0.0,Low
4419,1,1,1,1.0,24023.39,0.0,0.0,0.0,0.0,0.0,0,0.0,Low
4420,1,1,1,1.0,14083.48,0.0,0.0,0.0,0.0,0.0,0,0.0,Low
4421,2,1,2,2.0,7788.81,0.0,0.0,0.0,0.0,0.0,0,0.0,Low
4422,1,1,1,1.0,9554.67,1.0,100.0,0.0,0.0,0.0,0,10.0,Low
4423,1,1,1,1.0,23839.8,0.0,0.0,0.0,0.0,0.0,0,0.0,Low
4424,1,1,1,1.0,16115.51,0.0,0.0,0.0,0.0,0.0,0,0.0,Low
4425,3,1,3,3.0,22639.0,1.0,33.33333333333333,0.0,0.0,0.0,0,10.0,Low
4426,2,1,2,2.0,13330.44,0.0,0.0,0.0,0.0,0.0,0,0.0,Low
4427,3,2,4,4.0,43137.33,0.0,0.0,0.0,0.0,0.0,0,0.0,Low
4428,2,1,2,2.0,32799.54,0.0,0.0,0.0,0.0,0.0,0,0.0,Low
4429,1,1,1,0.0,0.0,0.0,0.0,1.0,0.0,0.0,0,5.0,Low
4430,2,1,2,2.0,18648.79,0.0,0.0,0.0,0.0,0.0,0,0.0,Low
4431,2,1,2,2.0,33812.06,0.0,0.0,0.0,0.0,0.0,0,0.0,Low
4432,2,1,2,2.0,34328.32,0.0,0.0,0.0,0.0,0.0,0,0.0,Low
4433,2,1,2,1.0,2114.48,1.0,100.0,1.0,1597.23,100.0,0,35.0,Medium
4434,2,1,2,2.0,11655.57,1.0,50.0,0.0,0.0,0.0,0,10.0,Low
4435,2,1,2,2.0,35468.14,1.0,50.0,0.0,0.0,0.0,0,10.0,Low
4436,1,1,1,1.0,16094.6,0.0,0.0,0.0,0.0,0.0,0,0.0,Low
4437,1,1,1,1.0,20213.42,0.0,0.0,0.0,0.0,0.0,0,0.0,Low
4438,1,1,1,1.0,8252.1,0.0,0.0,0.0,0.0,0.0,0,0.0,Low
4439,3,1,3,3.0,38433.32,2.0,66.66666666666666,0.0,0.0,0.0,0,10.0,Low
4440,1,1,1,1.0,21408.57,0.0,0.0,0.0,0.0,0.0,0,0.0,Low
4441,2,1,2,2.0,13854.54,0.0,0.0,0.0,0.0,0.0,0,0.0,Low
4442,1,1,1,1.0,4262.0,0.0,0.0,0.0,0.0,0.0,0,0.0,Low
4443,2,1,2,2.0,49370.93,0.0,0.0,0.0,0.0,0.0,0,0.0,Low
4444,2,1,2,2.0,37157.14,0.0,0.0,0.0,0.0,0.0,0,0.0,Low
4445,2,1,2,1.0,4032.28,0.0,0.0,1.0,1466.29,100.0,0,25.0,Medium
4446,2,1,2,2.0,14450.35,0.0,0.0,0.0,0.0,0.0,0,0.0,Low
4447,1,1,1,1.0,15015.82,0.0,0.0,0.0,0.0,0.0,0,0.0,Low
4448,2,1,2,2.0,1020.53,1.0,50.0,0.0,0.0,0.0,0,10.0,Low
4449,1,1,1,1.0,12155.15,0.0,0.0,0.0,0.0,0.0,0,0.0,Low
4450,1,1,1,1.0,17678.71,0.0,0.0,0.0,0.0,0.0,0,0.0,Low
4451,2,1,2,2.0,24485.5,0.0,0.0,0.0,0.0,0.0,0,0.0,Low
4452,1,1,1,1.0,11572.26,0.0,0.0,0.0,0.0,0.0,0,0.0,Low
4453,1,1,1,1.0,14323.1,0.0,0.0,0.0,0.0,0.0,0,0.0,Low
4454,1,1,1,1.0,14509.0,0.0,0.0,0.0,0.0,0.0,0,0.0,Low
4455,1,1,1,1.0,13724.0,0.0,0.0,0.0,0.0,0.0,0,0.0,Low
4456,3,1,3,3.0,49378.69,1.0,33.33333333333333,0.0,0.0,0.0,0,10.0,Low
4457,1,1,1,1.0,12227.56,0.0,0.0,0.0,0.0,0.0,0,0.0,Low
4458,2,1,2,2.0,18894.68,0.0,0.0,0.0,0.0,0.0,0,0.0,Low
4459,3,1,3,3.0,18991.05,0.0,0.0,0.0,0.0,0.0,0,0.0,Low
4460,2,1,2,2.0,45246.08,0.0,0.0,0.0,0.0,0.0,0,0.0,Low
4461,2,1,2,2.0,25714.6,1.0,50.0,0.0,0.0,0.0,0,10.0,Low
4462,4,1,4,3.0,55056.79,0.0,0.0,1.0,6391.92,33.33333333333333,0,25.0,Medium
4463,2,1,2,2.0,29823.02,0.0,0.0,0.0,0.0,0.0,0,0.0,Low
4464,2,1,2,2.0,8788.869999999999,0.0,0.0,0.0,0.0,0.0,0,0.0,Low
4465,1,1,1,1.0,19253.06,0.0,0.0,0.0,0.0,0.0,0,0.0,Low
4466,1,1,1,1.0,21946.97,0.0,0.0,0.0,0.0,0.0,0,0.0,Low
4467,3,1,3,3.0,44608.07,0.0,0.0,0.0,0.0,0.0,0,0.0,Low
4468,2,1,2,2.0,31268.55,0.0,0.0,0.0,0.0,0.0,0,0.0,Low
4469,1,1,1,1.0,14209.53,0.0,0.0,0.0,0.0,0.0,0,0.0,Low
4470,2,1,2,2.0,27961.75,0.0,0.0,0.0,0.0,0.0,0,0.0,Low
4471,2,1,2,2.0,22965.800000000003,0.0,0.0,0.0,0.0,0.0,0,0.0,Low
4472,1,1,1,1.0,22038.0,0.0,0.0,0.0,0.0,0.0,0,0.0,Low
4473,2,1,2,2.0,21971.85,0.0,0.0,0.0,0.0,0.0,0,0.0,Low
4474,2,1,2,2.0,32109.5,0.0,0.0,0.0,0.0,0.0,0,0.0,Low
4475,1,1,1,1.0,6942.0,0.0,0.0,0.0,0.0,0.0,0,0.0,Low
4476,1,1,1,1.0,8558.62,0.0,0.0,0.0,0.0,0.0,0,0.0,Low
4477,2,1,2,2.0,37471.35,2.0,100.0,0.0,0.0,0.0,0,10.0,Low
4478,2,1,2,2.0,13964.42,1.0,50.0,0.0,0.0,0.0,0,10.0,Low
4479,1,1,1,1.0,24443.31,0.0,0.0,0.0,0.0,0.0,0,0.0,Low
4480,2,1,2,2.0,27304.31,0.0,0.0,0.0,0.0,0.0,0,0.0,Low
4481,3,1,3,2.0,17319.8,0.0,0.0,1.0,1168.54,50.0,0,25.0,Medium
4482,1,1,1,1.0,24147.92,0.0,0.0,0.0,0.0,0.0,0,0.0,Low
4483,2,1,2,1.0,23953.37,0.0,0.0,1.0,1274.02,100.0,0,25.0,Medium
4484,2,1,2,2.0,19149.04,0.0,0.0,0.0,0.0,0.0,0,0.0,Low
4485,1,1,1,1.0,22881.0,0.0,0.0,0.0,0.0,0.0,0,0.0,Low
4486,1,1,1,1.0,3773.77,0.0,0.0,0.0,0.0,0.0,0,0.0,Low
4487,1,1,1,0.0,0.0,0.0,0.0,1.0,3164.0,0.0,0,5.0,Low
4488,1,1,1,1.0,12726.82,1.0,100.0,0.0,0.0,0.0,0,10.0,Low
4489,2,1,2,2.0,18501.65,1.0,50.0,0.0,0.0,0.0,0,10.0,Low
4490,1,1,1,0.0,0.0,0.0,0.0,1.0,2001.83,0.0,0,5.0,Low
4491,2,1,2,1.0,16087.81,0.0,0.0,1.0,1506.11,100.0,0,25.0,Medium
4492,2,1,2,2.0,26160.32,0.0,0.0,0.0,0.0,0.0,0,0.0,Low
4493,1,1,1,1.0,12628.97,0.0,0.0,0.0,0.0,0.0,0,0.0,Low
4494,1,1,1,1.0,17039.7,0.0,0.0,0.0,0.0,0.0,0,0.0,Low
4495,2,1,2,2.0,16664.09,0.0,0.0,0.0,0.0,0.0,0,0.0,Low
4496,1,1,1,1.0,7354.98,0.0,0.0,0.0,0.0,0.0,0,0.0,Low
4497,1,1,1,0.0,0.0,0.0,0.0,1.0,447.83,0.0,0,5.0,Low
4498,1,1,1,1.0,11612.03,0.0,0.0,0.0,0.0,0.0,0,0.0,Low
4499,2,1,2,1.0,11141.39,0.0,0.0,1.0,3429.44,100.0,0,25.0,Medium
4500,1,1,1,1.0,13056.87,0.0,0.0,0.0,0.0,0.0,0,0.0,Low
4501,1,1,1,1.0,16528.75,0.0,0.0,0.0,0.0,0.0,0,0.0,Low
4502,1,1,1,1.0,502.57,0.0,0.0,0.0,0.0,0.0,0,0.0,Low
4503,1,1,1,0.0,0.0,0.0,0.0,1.0,2154.46,0.0,0,5.0,Low
4504,2,1,2,2.0,24135.09,1.0,50.0,0.0,0.0,0.0,0,10.0,Low
4505,1,1,1,1.0,9288.06,0.0,0.0,0.0,0.0,0.0,0,0.0,Low
4506,2,1,2,2.0,44573.9,0.0,0.0,0.0,0.0,0.0,0,0.0,Low
4507,1,1,1,1.0,9633.59,0.0,0.0,0.0,0.0,0.0,0,0.0,Low
4508,2,1,2,1.0,643.46,0.0,0.0,1.0,11352.0,100.0,0,25.0,Medium
4509,4,1,4,4.0,68131.53,2.0,50.0,0.0,0.0,0.0,0,10.0,Low
4510,2,1,2,1.0,23618.28,0.0,0.0,1.0,526.0,100.0,0,25.0,Medium
4511,2,1,2,2.0,3842.3199999999997,0.0,0.0,0.0,0.0,0.0,0,0.0,Low
4512,1,1,1,1.0,10556.64,0.0,0.0,0.0,0.0,0.0,0,0.0,Low
4513,2,1,2,2.0,24178.629999999997,0.0,0.0,0.0,0.0,0.0,0,0.0,Low
4514,1,1,1,1.0,11590.14,0.0,0.0,0.0,0.0,0.0,0,0.0,Low
4515,2,1,2,2.0,31169.24,0.0,0.0,0.0,0.0,0.0,0,0.0,Low
4516,1,1,1,1.0,17706.6,0.0,0.0,0.0,0.0,0.0,0,0.0,Low
4517,2,1,2,2.0,25614.16,2.0,100.0,0.0,0.0,0.0,0,10.0,Low
4518,1,1,1,1.0,13960.21,0.0,0.0,0.0,0.0,0.0,0,0.0,Low
4519,1,1,1,1.0,4897.31,0.0,0.0,0.0,0.0,0.0,0,0.0,Low
4520,2,1,2,2.0,34097.41,0.0,0.0,0.0,0.0,0.0,0,0.0,Low
4521,1,1,1,1.0,8043.35,0.0,0.0,0.0,0.0,0.0,0,0.0,Low
4522,2,1,2,2.0,12930.66,0.0,0.0,0.0,0.0,0.0,0,0.0,Low
4523,4,1,4,4.0,52637.75,0.0,0.0,0.0,0.0,0.0,0,0.0,Low
4524,2,1,2,2.0,21559.85,0.0,0.0,0.0,0.0,0.0,0,0.0,Low
4525,1,1,1,1.0,8883.82,0.0,0.0,0.0,0.0,0.0,0,0.0,Low
4526,2,1,2,2.0,25466.589999999997,0.0,0.0,0.0,0.0,0.0,0,0.0,Low
4527,3,1,3,3.0,49302.630000000005,0.0,0.0,0.0,0.0,0.0,0,0.0,Low
4528,1,1,1,1.0,6588.55,0.0,0.0,0.0,0.0,0.0,0,0.0,Low
4529,2,1,2,2.0,39674.240000000005,1.0,50.0,0.0,0.0,0.0,0,10.0,Low
4530,3,1,3,3.0,46299.99,0.0,0.0,0.0,0.0,0.0,0,0.0,Low
4531,2,1,2,1.0,10391.92,0.0,0.0,1.0,390.5,100.0,0,25.0,Medium
4532,2,1,2,2.0,27016.53,0.0,0.0,0.0,0.0,0.0,0,0.0,Low
4533,2,1,2,1.0,18451.39,0.0,0.0,1.0,714.0,100.0,0,25.0,Medium
4534,1,1,1,1.0,6291.84,0.0,0.0,0.0,0.0,0.0,0,0.0,Low
4535,2,1,2,2.0,43861.42,0.0,0.0,0.0,0.0,0.0,0,0.0,Low
4536,1,1,1,1.0,16121.0,0.0,0.0,0.0,0.0,0.0,0,0.0,Low
4537,1,1,1,1.0,17744.69,0.0,0.0,0.0,0.0,0.0,0,0.0,Low
4538,2,1,2,2.0,36769.479999999996,1.0,50.0,0.0,0.0,0.0,0,10.0,Low
4539,1,1,1,1.0,13342.38,0.0,0.0,0.0,0.0,0.0,0,0.0,Low
4540,2,1,2,1.0,5729.0,0.0,0.0,1.0,5233.09,100.0,0,25.0,Medium
4541,2,1,2,2.0,22259.510000000002,0.0,0.0,0.0,0.0,0.0,0,0.0,Low
4542,2,1,2,2.0,41073.82,0.0,0.0,0.0,0.0,0.0,0,0.0,Low
4543,1,1,1,0.0,0.0,0.0,0.0,1.0,1393.43,0.0,0,5.0,Low
4544,1,1,1,1.0,20434.46,0.0,0.0,0.0,0.0,0.0,0,0.0,Low
4545,2,1,2,1.0,19428.46,0.0,0.0,1.0,211.84,100.0,0,25.0,Medium
4546,1,1,1,1.0,3871.0,0.0,0.0,0.0,0.0,0.0,0,0.0,Low
4547,1,1,1,1.0,5880.88,0.0,0.0,0.0,0.0,0.0,0,0.0,Low
4548,1,1,1,1.0,2770.75,0.0,0.0,0.0,0.0,0.0,0,0.0,Low
4549,1,1,1,1.0,16969.72,0.0,0.0,0.0,0.0,0.0,0,0.0,Low
4550,1,1,1,1.0,7032.3,0.0,0.0,0.0,0.0,0.0,0,0.0,Low
4551,2,1,2,2.0,23124.43,0.0,0.0,0.0,0.0,0.0,0,0.0,Low
4552,2,1,2,2.0,7417.36,0.0,0.0,0.0,0.0,0.0,0,0.0,Low
4553,1,1,1,1.0,15231.92,0.0,0.0,0.0,0.0,0.0,0,0.0,Low
4554,2,1,2,2.0,17090.31,0.0,0.0,0.0,0.0,0.0,0,0.0,Low
4555,1,1,1,1.0,11816.78,0.0,0.0,0.0,0.0,0.0,0,0.0,Low
4556,1,1,1,1.0,19987.4,0.0,0.0,0.0,0.0,0.0,0,0.0,Low
4557,1,1,1,1.0,18940.17,1.0,100.0,0.0,0.0,0.0,0,10.0,Low
4558,1,1,1,0.0,0.0,0.0,0.0,1.0,1883.55,0.0,0,5.0,Low
4559,3,1,3,3.0,51280.95,3.0,100.0,0.0,0.0,0.0,0,10.0,Low
4560,1,1,1,0.0,0.0,0.0,0.0,1.0,3989.1,0.0,0,5.0,Low
4561,1,1,1,1.0,6791.51,0.0,0.0,0.0,0.0,0.0,0,0.0,Low
4562,2,1,2,1.0,18438.41,0.0,0.0,1.0,6458.0,100.0,0,25.0,Medium
4563,2,1,2,2.0,15319.91,0.0,0.0,0.0,0.0,0.0,0,0.0,Low
4564,1,1,1,1.0,2662.19,0.0,0.0,0.0,0.0,0.0,0,0.0,Low
4565,1,1,1,1.0,9776.93,0.0,0.0,0.0,0.0,0.0,0,0.0,Low
4566,2,1,2,1.0,16838.79,0.0,0.0,1.0,484.07,100.0,0,25.0,Medium
4567,2,1,2,2.0,20984.21,0.0,0.0,0.0,0.0,0.0,0,0.0,Low
4568,1,1,1,1.0,7269.68,0.0,0.0,0.0,0.0,0.0,0,0.0,Low
4569,1,1,1,1.0,350.86,0.0,0.0,0.0,0.0,0.0,0,0.0,Low
4570,1,1,1,1.0,16121.55,0.0,0.0,0.0,0.0,0.0,0,0.0,Low
4571,2,1,2,2.0,9754.619999999999,0.0,0.0,0.0,0.0,0.0,0,0.0,Low
4572,2,1,2,2.0,45201.94,1.0,50.0,0.0,0.0,0.0,0,10.0,Low
4573,3,1,3,3.0,41015.25,0.0,0.0,0.0,0.0,0.0,0,0.0,Low
4574,1,2,2,2.0,14601.21,1.0,50.0,0.0,0.0,0.0,0,10.0,Low
4575,1,1,1,1.0,21535.64,0.0,0.0,0.0,0.0,0.0,0,0.0,Low
4576,1,1,1,1.0,2773.37,1.0,100.0,0.0,0.0,0.0,0,10.0,Low
4577,1,1,1,1.0,16279.77,0.0,0.0,0.0,0.0,0.0,0,0.0,Low
4578,2,1,2,2.0,26499.62,0.0,0.0,0.0,0.0,0.0,0,0.0,Low
4579,1,1,1,1.0,17795.95,0.0,0.0,0.0,0.0,0.0,0,0.0,Low
4580,3,1,3,3.0,26022.93,0.0,0.0,0.0,0.0,0.0,0,0.0,Low
4581,2,1,2,2.0,11766.64,0.0,0.0,0.0,0.0,0.0,0,0.0,Low
4582,1,1,1,0.0,0.0,0.0,0.0,1.0,2598.96,0.0,0,5.0,Low
4583,1,1,1,1.0,19212.84,0.0,0.0,0.0,0.0,0.0,0,0.0,Low
4584,2,1,2,2.0,26026.6,1.0,50.0,0.0,0.0,0.0,0,10.0,Low
4585,1,1,1,1.0,1785.0,0.0,0.0,0.0,0.0,0.0,0,0.0,Low
4586,1,1,1,1.0,15536.0,0.0,0.0,0.0,0.0,0.0,0,0.0,Low
4587,1,1,1,1.0,15849.91,0.0,0.0,0.0,0.0,0.0,0,0.0,Low
4588,2,1,2,2.0,37201.95,0.0,0.0,0.0,0.0,0.0,0,0.0,Low
4589,1,1,1,1.0,13621.76,0.0,0.0,0.0,0.0,0.0,0,0.0,Low
4590,1,1,1,0.0,0.0,0.0,0.0,1.0,1507.51,0.0,0,5.0,Low
4591,1,1,1,1.0,9828.38,0.0,0.0,0.0,0.0,0.0,0,0.0,Low
4592,1,1,1,1.0,20949.33,0.0,0.0,0.0,0.0,0.0,0,0.0,Low
4593,1,1,1,1.0,20279.6,0.0,0.0,0.0,0.0,0.0,0,0.0,Low
4594,2,1,2,2.0,1727.77,1.0,50.0,0.0,0.0,0.0,0,10.0,Low
4595,1,1,1,1.0,12284.0,0.0,0.0,0.0,0.0,0.0,0,0.0,Low
4596,1,1,1,1.0,13433.0,0.0,0.0,0.0,0.0,0.0,0,0.0,Low
4597,1,1,1,1.0,9308.34,1.0,100.0,0.0,0.0,0.0,0,10.0,Low
4598,2,1,2,2.0,6993.5599999999995,1.0,50.0,0.0,0.0,0.0,0,10.0,Low
4599,1,1,1,1.0,599.64,0.0,0.0,0.0,0.0,0.0,0,0.0,Low
4600,1,1,1,1.0,23368.9,0.0,0.0,0.0,0.0,0.0,0,0.0,Low
4601,2,1,2,2.0,27099.59,1.0,50.0,0.0,0.0,0.0,0,10.0,Low
4602,2,1,2,2.0,30021.54,0.0,0.0,0.0,0.0,0.0,0,0.0,Low
4603,1,1,1,1.0,16988.04,0.0,0.0,0.0,0.0,0.0,0,0.0,Low
4604,1,1,1,1.0,14572.03,0.0,0.0,0.0,0.0,0.0,0,0.0,Low
4605,1,1,1,1.0,8361.48,0.0,0.0,0.0,0.0,0.0,0,0.0,Low
4606,1,1,1,1.0,3921.13,0.0,0.0,0.0,0.0,0.0,0,0.0,Low
4607,1,1,1,1.0,265.0,0.0,0.0,0.0,0.0,0.0,0,0.0,Low
4608,2,1,2,2.0,43161.81,0.0,0.0,0.0,0.0,0.0,0,0.0,Low
4609,2,1,2,2.0,29277.17,0.0,0.0,0.0,0.0,0.0,0,0.0,Low
4610,1,1,1,1.0,9893.27,0.0,0.0,0.0,0.0,0.0,0,0.0,Low
4611,1,1,1,1.0,20554.36,0.0,0.0,0.0,0.0,0.0,0,0.0,Low
4612,2,1,2,0.0,0.0,0.0,0.0,2.0,5193.37,0.0,0,10.0,Low
4613,2,2,3,3.0,47621.57,0.0,0.0,0.0,0.0,0.0,0,0.0,Low
4614,1,1,1,1.0,13173.95,0.0,0.0,0.0,0.0,0.0,0,0.0,Low
4615,1,1,1,1.0,18544.69,0.0,0.0,0.0,0.0,0.0,0,0.0,Low
4616,2,1,2,1.0,11554.9,0.0,0.0,1.0,3661.3,100.0,0,25.0,Medium
4617,1,1,1,1.0,11769.0,0.0,0.0,0.0,0.0,0.0,0,0.0,Low
4618,2,1,2,2.0,9290.91,0.0,0.0,0.0,0.0,0.0,0,0.0,Low
4619,2,1,2,1.0,105.72,0.0,0.0,1.0,4273.42,100.0,0,25.0,Medium
4620,1,1,1,1.0,11357.0,0.0,0.0,0.0,0.0,0.0,0,0.0,Low
4621,2,2,3,3.0,36234.66,0.0,0.0,0.0,0.0,0.0,0,0.0,Low
4622,2,1,2,2.0,37883.43,0.0,0.0,0.0,0.0,0.0,0,0.0,Low
4623,1,1,1,1.0,16140.0,0.0,0.0,0.0,0.0,0.0,0,0.0,Low
4624,1,1,1,1.0,5848.0,0.0,0.0,0.0,0.0,0.0,0,0.0,Low
4625,3,1,3,3.0,32916.76,0.0,0.0,0.0,0.0,0.0,0,0.0,Low
4626,1,1,1,1.0,19830.64,0.0,0.0,0.0,0.0,0.0,0,0.0,Low
4627,1,1,1,1.0,16674.52,0.0,0.0,0.0,0.0,0.0,0,0.0,Low
4628,3,1,3,3.0,21628.04,1.0,33.33333333333333,0.0,0.0,0.0,0,10.0,Low
4629,1,1,1,1.0,15018.85,0.0,0.0,0.0,0.0,0.0,0,0.0,Low
4630,1,1,1,1.0,6857.88,0.0,0.0,0.0,0.0,0.0,0,0.0,Low
4631,1,1,1,1.0,20617.54,0.0,0.0,0.0,0.0,0.0,0,0.0,Low
4632,1,1,1,1.0,3130.0,0.0,0.0,0.0,0.0,0.0,0,0.0,Low
4633,1,1,1,0.0,0.0,0.0,0.0,1.0,2346.56,0.0,0,5.0,Low
4634,1,1,1,1.0,8086.84,0.0,0.0,0.0,0.0,0.0,0,0.0,Low
4635,3,1,3,3.0,32360.66,0.0,0.0,0.0,0.0,0.0,0,0.0,Low
4636,2,2,3,3.0,21274.17,1.0,33.33333333333333,0.0,0.0,0.0,0,10.0,Low
4637,2,1,2,2.0,38076.78,0.0,0.0,0.0,0.0,0.0,0,0.0,Low
4638,2,1,2,2.0,11185.75,0.0,0.0,0.0,0.0,0.0,0,0.0,Low
4639,1,1,1,0.0,0.0,0.0,0.0,1.0,0.0,0.0,0,5.0,Low
4640,1,1,1,1.0,7693.48,0.0,0.0,0.0,0.0,0.0,0,0.0,Low
4641,1,1,1,1.0,1523.2,0.0,0.0,0.0,0.0,0.0,0,0.0,Low
4642,2,1,2,2.0,32908.85,0.0,0.0,0.0,0.0,0.0,0,0.0,Low
4643,2,1,2,1.0,13288.19,0.0,0.0,1.0,1568.0,100.0,0,25.0,Medium
4644,3,1,3,2.0,34127.74,0.0,0.0,1.0,3875.59,50.0,0,25.0,Medium
4645,1,1,1,1.0,23872.69,0.0,0.0,0.0,0.0,0.0,0,0.0,Low
4646,1,1,1,1.0,13136.01,0.0,0.0,0.0,0.0,0.0,0,0.0,Low
4647,1,1,1,1.0,23759.99,0.0,0.0,0.0,0.0,0.0,0,0.0,Low
4648,2,1,2,1.0,22032.43,0.0,0.0,1.0,0.0,100.0,0,25.0,Medium
4649,1,1,1,1.0,19921.35,0.0,0.0,0.0,0.0,0.0,0,0.0,Low
4650,1,1,1,1.0,12638.33,0.0,0.0,0.0,0.0,0.0,0,0.0,Low
4651,1,1,1,1.0,5074.4,0.0,0.0,0.0,0.0,0.0,0,0.0,Low
4652,3,1,3,3.0,41840.68,1.0,33.33333333333333,0.0,0.0,0.0,0,10.0,Low
4653,1,1,1,1.0,8749.08,0.0,0.0,0.0,0.0,0.0,0,0.0,Low
4654,2,1,2,2.0,21652.77,0.0,0.0,0.0,0.0,0.0,0,0.0,Low
4655,1,1,1,1.0,22531.59,0.0,0.0,0.0,0.0,0.0,0,0.0,Low
4656,1,2,2,2.0,23030.9,0.0,0.0,0.0,0.0,0.0,0,0.0,Low
4657,1,1,1,1.0,20596.7,0.0,0.0,0.0,0.0,0.0,0,0.0,Low
4658,1,1,1,1.0,7850.24,0.0,0.0,0.0,0.0,0.0,0,0.0,Low
4659,2,1,2,2.0,4890.47,0.0,0.0,0.0,0.0,0.0,0,0.0,Low
4660,1,1,1,1.0,7092.0,0.0,0.0,0.0,0.0,0.0,0,0.0,Low
4661,1,1,1,1.0,10550.14,0.0,0.0,0.0,0.0,0.0,0,0.0,Low
4662,1,1,1,1.0,4084.25,0.0,0.0,0.0,0.0,0.0,0,0.0,Low
4663,1,1,1,1.0,5251.38,0.0,0.0,0.0,0.0,0.0,0,0.0,Low
4664,1,1,1,1.0,11686.85,0.0,0.0,0.0,0.0,0.0,0,0.0,Low
4665,2,1,2,2.0,38957.09,1.0,50.0,0.0,0.0,0.0,0,10.0,Low
4666,2,1,2,2.0,41670.27,0.0,0.0,0.0,0.0,0.0,0,0.0,Low
4667,3,2,4,4.0,76039.02,0.0,0.0,0.0,0.0,0.0,0,0.0,Low
4668,2,1,2,2.0,24560.72,0.0,0.0,0.0,0.0,0.0,0,0.0,Low
4669,1,1,1,1.0,14888.67,0.0,0.0,0.0,0.0,0.0,0,0.0,Low
4670,3,1,3,3.0,27950.6,0.0,0.0,0.0,0.0,0.0,0,0.0,Low
4671,1,1,1,1.0,17006.0,0.0,0.0,0.0,0.0,0.0,0,0.0,Low
4672,6,3,8,7.0,101393.17,1.0,14.285714285714285,1.0,6572.39,14.285714285714285,0,40.0,Medium
4673,4,1,4,4.0,31020.71,0.0,0.0,0.0,0.0,0.0,0,0.0,Low
4674,2,1,2,2.0,6011.07,0.0,0.0,0.0,0.0,0.0,0,0.0,Low
4675,1,1,1,1.0,4098.77,0.0,0.0,0.0,0.0,0.0,0,0.0,Low
4676,2,1,2,2.0,37693.62,0.0,0.0,0.0,0.0,0.0,0,0.0,Low
4677,1,1,1,1.0,4325.0,0.0,0.0,0.0,0.0,0.0,0,0.0,Low
4678,1,1,1,1.0,556.07,0.0,0.0,0.0,0.0,0.0,0,0.0,Low
4679,1,1,1,1.0,9701.77,0.0,0.0,0.0,0.0,0.0,0,0.0,Low
4680,1,1,1,1.0,10800.0,0.0,0.0,0.0,0.0,0.0,0,0.0,Low
4681,2,1,2,2.0,13233.260000000002,0.0,0.0,0.0,0.0,0.0,0,0.0,Low
4682,2,1,2,2.0,13427.0,0.0,0.0,0.0,0.0,0.0,0,0.0,Low
4683,1,1,1,1.0,23720.27,0.0,0.0,0.0,0.0,0.0,0,0.0,Low
4684,2,1,2,2.0,21363.079999999998,0.0,0.0,0.0,0.0,0.0,0,0.0,Low
4685,2,1,2,2.0,27958.61,0.0,0.0,0.0,0.0,0.0,0,0.0,Low
4686,1,1,1,0.0,0.0,0.0,0.0,1.0,2807.75,0.0,0,5.0,Low
4687,1,1,1,1.0,10468.72,1.0,100.0,0.0,0.0,0.0,0,10.0,Low
4688,4,2,5,5.0,86744.36,0.0,0.0,0.0,0.0,0.0,0,0.0,Low
4689,1,1,1,1.0,13812.93,1.0,100.0,0.0,0.0,0.0,0,10.0,Low
4690,2,1,2,2.0,28467.61,0.0,0.0,0.0,0.0,0.0,0,0.0,Low
4691,1,1,1,1.0,15938.4,0.0,0.0,0.0,0.0,0.0,0,0.0,Low
4692,1,1,1,1.0,19141.0,0.0,0.0,0.0,0.0,0.0,0,0.0,Low
4693,2,1,2,2.0,25111.800000000003,0.0,0.0,0.0,0.0,0.0,0,0.0,Low
4694,2,1,2,2.0,22094.760000000002,0.0,0.0,0.0,0.0,0.0,0,0.0,Low
4695,1,1,1,1.0,7587.0,0.0,0.0,0.0,0.0,0.0,0,0.0,Low
4696,4,1,4,4.0,51731.29,0.0,0.0,0.0,0.0,0.0,0,0.0,Low
4697,1,1,1,1.0,38.64,0.0,0.0,0.0,0.0,0.0,0,0.0,Low
4698,1,1,1,1.0,8323.09,0.0,0.0,0.0,0.0,0.0,0,0.0,Low
4699,2,1,2,2.0,27848.12,0.0,0.0,0.0,0.0,0.0,0,0.0,Low
4700,3,1,3,3.0,35899.5,0.0,0.0,0.0,0.0,0.0,0,0.0,Low
4701,2,1,2,2.0,23281.969999999998,0.0,0.0,0.0,0.0,0.0,0,0.0,Low
4702,1,1,1,1.0,2877.4,0.0,0.0,0.0,0.0,0.0,0,0.0,Low
4703,1,1,1,1.0,12509.95,0.0,0.0,0.0,0.0,0.0,0,0.0,Low
4704,1,1,1,1.0,6107.3,0.0,0.0,0.0,0.0,0.0,0,0.0,Low
4705,1,1,1,1.0,16085.77,0.0,0.0,0.0,0.0,0.0,0,0.0,Low
4706,1,1,1,1.0,237.26,0.0,0.0,0.0,0.0,0.0,0,0.0,Low
4707,1,1,1,1.0,5168.47,0.0,0.0,0.0,0.0,0.0,0,0.0,Low
4708,1,1,1,1.0,371.62,0.0,0.0,0.0,0.0,0.0,0,0.0,Low
4709,1,1,1,1.0,9046.79,0.0,0.0,0.0,0.0,0.0,0,0.0,Low
4710,1,1,1,1.0,10652.0,0.0,0.0,0.0,0.0,0.0,0,0.0,Low
4711,2,1,2,2.0,2539.16,0.0,0.0,0.0,0.0,0.0,0,0.0,Low
4712,3,1,3,2.0,5950.410000000001,0.0,0.0,1.0,1860.61,50.0,0,25.0,Medium
4713,1,1,1,1.0,5297.44,0.0,0.0,0.0,0.0,0.0,0,0.0,Low
4714,1,1,1,1.0,21278.79,0.0,0.0,0.0,0.0,0.0,0,0.0,Low
4715,1,1,1,1.0,16727.1,0.0,0.0,0.0,0.0,0.0,0,0.0,Low
4716,1,1,1,1.0,6419.01,0.0,0.0,0.0,0.0,0.0,0,0.0,Low
4717,1,1,1,1.0,11599.88,0.0,0.0,0.0,0.0,0.0,0,0.0,Low
4718,1,1,1,1.0,16262.64,0.0,0.0,0.0,0.0,0.0,0,0.0,Low
4719,2,1,2,2.0,30376.93,0.0,0.0,0.0,0.0,0.0,0,0.0,Low
4720,2,1,2,2.0,36154.67,0.0,0.0,0.0,0.0,0.0,0,0.0,Low
4721,2,1,2,2.0,36141.869999999995,0.0,0.0,0.0,0.0,0.0,0,0.0,Low
4722,1,1,1,0.0,0.0,0.0,0.0,1.0,2574.17,0.0,0,5.0,Low
4723,1,1,1,1.0,23173.42,0.0,0.0,0.0,0.0,0.0,0,0.0,Low
4724,1,1,1,1.0,14371.83,0.0,0.0,0.0,0.0,0.0,0,0.0,Low
4725,4,2,5,5.0,80734.69,1.0,20.0,0.0,0.0,0.0,0,10.0,Low
4726,2,1,2,2.0,29410.79,1.0,50.0,0.0,0.0,0.0,0,10.0,Low
4727,2,1,2,2.0,30702.75,0.0,0.0,0.0,0.0,0.0,0,0.0,Low
4728,4,2,5,4.0,35629.19,0.0,0.0,1.0,1445.01,25.0,0,25.0,Medium
4729,2,1,2,1.0,7119.95,0.0,0.0,1.0,2727.04,100.0,0,25.0,Medium
4730,1,1,1,0.0,0.0,0.0,0.0,1.0,0.0,0.0,0,5.0,Low
4731,1,1,1,1.0,3414.33,0.0,0.0,0.0,0.0,0.0,0,0.0,Low
4732,2,1,2,1.0,22529.94,0.0,0.0,1.0,4576.69,100.0,0,25.0,Medium
4733,1,1,1,1.0,17415.71,0.0,0.0,0.0,0.0,0.0,0,0.0,Low
4734,2,1,2,2.0,29629.51,0.0,0.0,0.0,0.0,0.0,0,0.0,Low
4735,3,2,4,4.0,43034.97,1.0,25.0,0.0,0.0,0.0,0,10.0,Low
4736,2,1,2,2.0,45214.7,0.0,0.0,0.0,0.0,0.0,0,0.0,Low
4737,1,1,1,1.0,15287.43,0.0,0.0,0.0,0.0,0.0,0,0.0,Low
4738,1,1,1,1.0,265.74,0.0,0.0,0.0,0.0,0.0,0,0.0,Low
4739,2,1,2,2.0,30787.16,1.0,50.0,0.0,0.0,0.0,0,10.0,Low
4740,1,1,1,1.0,20311.1,0.0,0.0,0.0,0.0,0.0,0,0.0,Low
4741,1,1,1,1.0,14169.38,0.0,0.0,0.0,0.0,0.0,0,0.0,Low
4742,2,1,2,2.0,19895.079999999998,0.0,0.0,0.0,0.0,0.0,0,0.0,Low
4743,1,1,1,1.0,17997.48,1.0,100.0,0.0,0.0,0.0,0,10.0,Low
4744,1,1,1,1.0,8242.12,0.0,0.0,0.0,0.0,0.0,0,0.0,Low
4745,1,1,1,1.0,886.84,0.0,0.0,0.0,0.0,0.0,0,0.0,Low
4746,1,1,1,1.0,23404.71,0.0,0.0,0.0,0.0,0.0,0,0.0,Low
4747,2,1,2,2.0,31376.92,0.0,0.0,0.0,0.0,0.0,0,0.0,Low
4748,1,1,1,1.0,3691.06,0.0,0.0,0.0,0.0,0.0,0,0.0,Low
4749,1,1,1,1.0,17082.56,0.0,0.0,0.0,0.0,0.0,0,0.0,Low
4750,1,1,1,1.0,20262.14,0.0,0.0,0.0,0.0,0.0,0,0.0,Low
4751,1,1,1,1.0,7149.83,0.0,0.0,0.0,0.0,0.0,0,0.0,Low
4752,2,1,2,2.0,34329.31,0.0,0.0,0.0,0.0,0.0,0,0.0,Low
4753,2,1,2,2.0,13249.960000000001,0.0,0.0,0.0,0.0,0.0,0,0.0,Low
4754,2,1,2,2.0,36336.490000000005,0.0,0.0,0.0,0.0,0.0,0,0.0,Low
4755,1,1,1,1.0,9935.62,1.0,100.0,0.0,0.0,0.0,0,10.0,Low
4756,1,1,1,1.0,295.34,0.0,0.0,0.0,0.0,0.0,0,0.0,Low
4757,1,1,1,1.0,644.41,0.0,0.0,0.0,0.0,0.0,0,0.0,Low
4758,1,1,1,1.0,4381.91,0.0,0.0,0.0,0.0,0.0,0,0.0,Low
4759,1,1,1,1.0,24956.74,0.0,0.0,0.0,0.0,0.0,0,0.0,Low
4760,1,1,1,1.0,16414.0,0.0,0.0,0.0,0.0,0.0,0,0.0,Low
4761,3,2,4,4.0,40975.340000000004,0.0,0.0,0.0,0.0,0.0,0,0.0,Low
4762,2,1,2,2.0,26189.6,0.0,0.0,0.0,0.0,0.0,0,0.0,Low
4763,2,1,2,2.0,22377.920000000002,0.0,0.0,0.0,0.0,0.0,0,0.0,Low
4764,1,1,1,1.0,653.98,0.0,0.0,0.0,0.0,0.0,0,0.0,Low
4765,2,1,2,1.0,17945.41,0.0,0.0,1.0,3331.49,100.0,0,25.0,Medium
4766,1,1,1,1.0,24348.78,0.0,0.0,0.0,0.0,0.0,0,0.0,Low
4767,2,1,2,2.0,33710.12,0.0,0.0,0.0,0.0,0.0,0,0.0,Low
4768,1,1,1,1.0,4675.0,0.0,0.0,0.0,0.0,0.0,0,0.0,Low
4769,1,1,1,1.0,12817.44,0.0,0.0,0.0,0.0,0.0,0,0.0,Low
4770,2,1,2,2.0,34958.85,0.0,0.0,0.0,0.0,0.0,0,0.0,Low
4771,1,1,1,1.0,1372.95,0.0,0.0,0.0,0.0,0.0,0,0.0,Low
4772,1,1,1,1.0,2621.64,0.0,0.0,0.0,0.0,0.0,0,0.0,Low
4773,1,1,1,1.0,7194.9,0.0,0.0,0.0,0.0,0.0,0,0.0,Low
4774,2,1,2,1.0,10203.04,1.0,100.0,1.0,1495.59,100.0,0,35.0,Medium
4775,2,1,2,1.0,2643.07,0.0,0.0,1.0,3175.71,100.0,0,25.0,Medium
4776,2,1,2,2.0,9709.43,1.0,50.0,0.0,0.0,0.0,0,10.0,Low
4777,1,1,1,1.0,16409.43,1.0,100.0,0.0,0.0,0.0,0,10.0,Low
4778,1,1,1,1.0,11264.26,0.0,0.0,0.0,0.0,0.0,0,0.0,Low
4779,1,1,1,1.0,17315.4,0.0,0.0,0.0,0.0,0.0,0,0.0,Low
4780,1,1,1,1.0,21003.53,0.0,0.0,0.0,0.0,0.0,0,0.0,Low
4781,1,1,1,0.0,0.0,0.0,0.0,1.0,2678.39,0.0,0,5.0,Low
4782,3,1,3,2.0,20578.12,0.0,0.0,1.0,15660.34,50.0,0,25.0,Medium
4783,1,1,1,1.0,410.54,0.0,0.0,0.0,0.0,0.0,0,0.0,Low
4784,1,2,2,2.0,11917.39,0.0,0.0,0.0,0.0,0.0,0,0.0,Low
4785,2,1,2,2.0,19109.97,0.0,0.0,0.0,0.0,0.0,0,0.0,Low
4786,1,1,1,1.0,5108.18,0.0,0.0,0.0,0.0,0.0,0,0.0,Low
4787,1,1,1,1.0,4581.24,0.0,0.0,0.0,0.0,0.0,0,0.0,Low
4788,2,1,2,2.0,24356.010000000002,0.0,0.0,0.0,0.0,0.0,0,0.0,Low
4789,1,1,1,1.0,15308.03,0.0,0.0,0.0,0.0,0.0,0,0.0,Low
4790,3,1,3,3.0,25984.01,0.0,0.0,0.0,0.0,0.0,0,0.0,Low
4791,1,1,1,1.0,18405.0,0.0,0.0,0.0,0.0,0.0,0,0.0,Low
4792,1,1,1,1.0,2142.83,0.0,0.0,0.0,0.0,0.0,0,0.0,Low
4793,1,1,1,1.0,19148.81,1.0,100.0,0.0,0.0,0.0,0,10.0,Low
4794,1,1,1,1.0,24666.12,0.0,0.0,0.0,0.0,0.0,0,0.0,Low
4795,2,1,2,2.0,27306.48,0.0,0.0,0.0,0.0,0.0,0,0.0,Low
4796,1,1,1,1.0,2064.22,0.0,0.0,0.0,0.0,0.0,0,0.0,Low
4797,2,1,2,2.0,30624.72,0.0,0.0,0.0,0.0,0.0,0,0.0,Low
4798,3,1,3,3.0,33055.14,1.0,33.33333333333333,0.0,0.0,0.0,0,10.0,Low
4799,2,1,2,1.0,18177.23,0.0,0.0,1.0,60.71,100.0,0,25.0,Medium
4800,1,1,1,1.0,13241.78,0.0,0.0,0.0,0.0,0.0,0,0.0,Low
4801,1,1,1,1.0,1893.12,0.0,0.0,0.0,0.0,0.0,0,0.0,Low
4802,1,1,1,1.0,23235.79,0.0,0.0,0.0,0.0,0.0,0,0.0,Low
4803,1,1,1,1.0,3427.51,0.0,0.0,0.0,0.0,0.0,0,0.0,Low
4804,1,1,1,0.0,0.0,0.0,0.0,1.0,972.0,0.0,0,5.0,Low
4805,2,1,2,1.0,8427.82,0.0,0.0,1.0,800.24,100.0,0,25.0,Medium
4806,1,1,1,1.0,21220.7,0.0,0.0,0.0,0.0,0.0,0,0.0,Low
4807,2,1,2,1.0,11873.45,0.0,0.0,1.0,3272.08,100.0,0,25.0,Medium
4808,3,1,3,3.0,66611.47,0.0,0.0,0.0,0.0,0.0,0,0.0,Low
4809,1,1,1,1.0,5022.11,0.0,0.0,0.0,0.0,0.0,0,0.0,Low
4810,1,1,1,1.0,16349.42,0.0,0.0,0.0,0.0,0.0,0,0.0,Low
4811,1,1,1,1.0,5496.65,0.0,0.0,0.0,0.0,0.0,0,0.0,Low
4812,1,1,1,1.0,21112.21,0.0,0.0,0.0,0.0,0.0,0,0.0,Low
4813,1,1,1,1.0,9292.87,1.0,100.0,0.0,0.0,0.0,0,10.0,Low
4814,1,1,1,1.0,14757.01,0.0,0.0,0.0,0.0,0.0,0,0.0,Low
4815,1,1,1,1.0,155.04,0.0,0.0,0.0,0.0,0.0,0,0.0,Low
4816,1,1,1,1.0,21098.55,1.0,100.0,0.0,0.0,0.0,0,10.0,Low
4817,1,1,1,1.0,22069.72,0.0,0.0,0.0,0.0,0.0,0,0.0,Low
4818,1,1,1,1.0,4883.81,0.0,0.0,0.0,0.0,0.0,0,0.0,Low
4819,2,1,2,2.0,32470.18,0.0,0.0,0.0,0.0,0.0,0,0.0,Low
4820,2,1,2,2.0,5677.3099999999995,0.0,0.0,0.0,0.0,0.0,0,0.0,Low
4821,1,1,1,1.0,13490.27,0.0,0.0,0.0,0.0,0.0,0,0.0,Low
4822,2,1,2,2.0,39806.259999999995,0.0,0.0,0.0,0.0,0.0,0,0.0,Low
4823,1,1,1,1.0,11708.0,0.0,0.0,0.0,0.0,0.0,0,0.0,Low
4824,2,1,2,2.0,30633.74,0.0,0.0,0.0,0.0,0.0,0,0.0,Low
4825,1,1,1,1.0,6476.91,0.0,0.0,0.0,0.0,0.0,0,0.0,Low
4826,2,1,2,2.0,21509.01,1.0,50.0,0.0,0.0,0.0,0,10.0,Low
4827,2,1,2,2.0,9234.99,1.0,50.0,0.0,0.0,0.0,0,10.0,Low
4828,1,1,1,1.0,5163.01,0.0,0.0,0.0,0.0,0.0,0,0.0,Low
4829,2,1,2,2.0,27534.72,0.0,0.0,0.0,0.0,0.0,0,0.0,Low
4830,1,1,1,1.0,22164.4,0.0,0.0,0.0,0.0,0.0,0,0.0,Low
4831,2,1,2,2.0,7640.01,0.0,0.0,0.0,0.0,0.0,0,0.0,Low
4832,4,1,4,4.0,61515.58,1.0,25.0,0.0,0.0,0.0,0,10.0,Low
4833,2,1,2,2.0,30614.58,0.0,0.0,0.0,0.0,0.0,0,0.0,Low
4834,2,1,2,2.0,21491.18,0.0,0.0,0.0,0.0,0.0,0,0.0,Low
4835,1,1,1,1.0,15483.13,0.0,0.0,0.0,0.0,0.0,0,0.0,Low
4836,1,1,1,1.0,312.59,0.0,0.0,0.0,0.0,0.0,0,0.0,Low
4837,1,1,1,1.0,1537.0,0.0,0.0,0.0,0.0,0.0,0,0.0,Low
4838,1,1,1,1.0,12433.87,0.0,0.0,0.0,0.0,0.0,0,0.0,Low
4839,2,1,2,2.0,17901.4,0.0,0.0,0.0,0.0,0.0,0,0.0,Low
4840,2,1,2,2.0,31894.6,0.0,0.0,0.0,0.0,0.0,0,0.0,Low
4841,1,1,1,1.0,24534.77,0.0,0.0,0.0,0.0,0.0,0,0.0,Low
4842,2,1,2,2.0,15742.74,0.0,0.0,0.0,0.0,0.0,0,0.0,Low
4843,1,1,1,1.0,13610.8,0.0,0.0,0.0,0.0,0.0,0,0.0,Low
4844,1,1,1,1.0,10407.61,0.0,0.0,0.0,0.0,0.0,0,0.0,Low
4845,1,1,1,1.0,16573.45,0.0,0.0,0.0,0.0,0.0,0,0.0,Low
4846,2,1,2,1.0,12761.46,0.0,0.0,1.0,1151.15,100.0,0,25.0,Medium
4847,1,1,1,1.0,10363.37,0.0,0.0,0.0,0.0,0.0,0,0.0,Low
4848,1,1,1,1.0,16770.49,0.0,0.0,0.0,0.0,0.0,0,0.0,Low
4849,1,1,1,1.0,1111.0,1.0,100.0,0.0,0.0,0.0,0,10.0,Low
4850,1,1,1,1.0,19423.02,0.0,0.0,0.0,0.0,0.0,0,0.0,Low
4851,1,1,1,1.0,2571.87,1.0,100.0,0.0,0.0,0.0,0,10.0,Low
4852,1,1,1,1.0,20026.51,0.0,0.0,0.0,0.0,0.0,0,0.0,Low
4853,2,1,2,2.0,30004.55,1.0,50.0,0.0,0.0,0.0,0,10.0,Low
4854,1,1,1,1.0,13413.38,0.0,0.0,0.0,0.0,0.0,0,0.0,Low
4855,1,1,1,1.0,11767.92,1.0,100.0,0.0,0.0,0.0,0,10.0,Low
4856,1,1,1,1.0,14337.11,0.0,0.0,0.0,0.0,0.0,0,0.0,Low
4857,1,1,1,1.0,16827.03,0.0,0.0,0.0,0.0,0.0,0,0.0,Low
4858,1,1,1,1.0,4265.69,1.0,100.0,0.0,0.0,0.0,0,10.0,Low
4859,1,1,1,1.0,20254.73,0.0,0.0,0.0,0.0,0.0,0,0.0,Low
4860,2,1,2,2.0,41709.47,0.0,0.0,0.0,0.0,0.0,0,0.0,Low
4861,1,1,1,1.0,487.97,0.0,0.0,0.0,0.0,0.0,0,0.0,Low
4862,1,1,1,1.0,13337.76,0.0,0.0,0.0,0.0,0.0,0,0.0,Low
4863,1,1,1,1.0,14768.84,0.0,0.0,0.0,0.0,0.0,0,0.0,Low
4864,1,1,1,1.0,11805.47,0.0,0.0,0.0,0.0,0.0,0,0.0,Low
4865,2,1,2,2.0,20093.370000000003,1.0,50.0,0.0,0.0,0.0,0,10.0,Low
4866,1,1,1,1.0,2136.74,0.0,0.0,0.0,0.0,0.0,0,0.0,Low
4867,1,1,1,1.0,11683.41,0.0,0.0,0.0,0.0,0.0,0,0.0,Low
4868,1,1,1,1.0,11035.62,0.0,0.0,0.0,0.0,0.0,0,0.0,Low
4869,1,1,1,1.0,2020.28,0.0,0.0,0.0,0.0,0.0,0,0.0,Low
4870,1,1,1,1.0,5256.2,0.0,0.0,0.0,0.0,0.0,0,0.0,Low
4871,1,1,1,1.0,5004.51,0.0,0.0,0.0,0.0,0.0,0,0.0,Low
4872,1,1,1,1.0,20380.46,0.0,0.0,0.0,0.0,0.0,0,0.0,Low
4873,1,1,1,1.0,12715.07,0.0,0.0,0.0,0.0,0.0,0,0.0,Low
4874,2,1,2,2.0,24088.16,0.0,0.0,0.0,0.0,0.0,0,0.0,Low
4875,1,1,1,1.0,1598.32,0.0,0.0,0.0,0.0,0.0,0,0.0,Low
4876,1,1,1,1.0,19971.31,0.0,0.0,0.0,0.0,0.0,0,0.0,Low
4877,1,1,1,0.0,0.0,0.0,0.0,1.0,1091.87,0.0,0,5.0,Low
4878,1,1,1,1.0,22896.2,0.0,0.0,0.0,0.0,0.0,0,0.0,Low
4879,2,1,2,2.0,6114.09,0.0,0.0,0.0,0.0,0.0,0,0.0,Low
4880,1,1,1,1.0,16598.97,0.0,0.0,0.0,0.0,0.0,0,0.0,Low
4881,1,1,1,1.0,21750.53,0.0,0.0,0.0,0.0,0.0,0,0.0,Low
4882,2,1,2,2.0,15875.31,0.0,0.0,0.0,0.0,0.0,0,0.0,Low
4883,2,1,2,1.0,12283.55,0.0,0.0,1.0,1918.51,100.0,0,25.0,Medium
4884,2,1,2,2.0,35525.159999999996,0.0,0.0,0.0,0.0,0.0,0,0.0,Low
4885,1,1,1,1.0,22657.29,0.0,0.0,0.0,0.0,0.0,0,0.0,Low
4886,2,1,2,2.0,34853.2,0.0,0.0,0.0,0.0,0.0,0,0.0,Low
4887,1,1,1,1.0,23535.87,0.0,0.0,0.0,0.0,0.0,0,0.0,Low
4888,2,1,2,2.0,29412.16,1.0,50.0,0.0,0.0,0.0,0,10.0,Low
4889,1,1,1,1.0,14867.87,1.0,100.0,0.0,0.0,0.0,0,10.0,Low
4890,1,2,2,2.0,21962.05,1.0,50.0,0.0,0.0,0.0,0,10.0,Low
4891,1,1,1,1.0,3652.07,0.0,0.0,0.0,0.0,0.0,0,0.0,Low
4892,1,1,1,1.0,13669.91,0.0,0.0,0.0,0.0,0.0,0,0.0,Low
4893,1,1,1,1.0,19451.87,0.0,0.0,0.0,0.0,0.0,0,0.0,Low
4894,1,1,1,1.0,1941.02,0.0,0.0,0.0,0.0,0.0,0,0.0,Low
4895,1,1,1,1.0,7887.81,0.0,0.0,0.0,0.0,0.0,0,0.0,Low
4896,1,1,1,1.0,1718.0,0.0,0.0,0.0,0.0,0.0,0,0.0,Low
4897,2,1,2,2.0,15168.09,1.0,50.0,0.0,0.0,0.0,0,10.0,Low
4898,2,2,3,3.0,26064.39,0.0,0.0,0.0,0.0,0.0,0,0.0,Low
4899,1,1,1,1.0,21773.56,0.0,0.0,0.0,0.0,0.0,0,0.0,Low
4900,1,1,1,1.0,21535.45,0.0,0.0,0.0,0.0,0.0,0,0.0,Low
4901,1,1,1,1.0,1686.67,0.0,0.0,0.0,0.0,0.0,0,0.0,Low
4902,1,1,1,1.0,23354.54,0.0,0.0,0.0,0.0,0.0,0,0.0,Low
4903,1,1,1,1.0,14966.6,1.0,100.0,0.0,0.0,0.0,0,10.0,Low
4904,1,1,1,1.0,14547.22,0.0,0.0,0.0,0.0,0.0,0,0.0,Low
4905,2,1,2,2.0,44741.74,0.0,0.0,0.0,0.0,0.0,0,0.0,Low
4906,2,1,2,2.0,29583.170000000002,0.0,0.0,0.0,0.0,0.0,0,0.0,Low
4907,1,1,1,1.0,15722.06,0.0,0.0,0.0,0.0,0.0,0,0.0,Low
4908,1,1,1,1.0,21165.3,0.0,0.0,0.0,0.0,0.0,0,0.0,Low
4909,2,1,2,1.0,18164.28,1.0,100.0,1.0,696.41,100.0,0,35.0,Medium
4910,1,1,1,1.0,17590.09,0.0,0.0,0.0,0.0,0.0,0,0.0,Low
4911,1,1,1,1.0,300.55,0.0,0.0,0.0,0.0,0.0,0,0.0,Low
4912,2,1,2,2.0,35008.7,0.0,0.0,0.0,0.0,0.0,0,0.0,Low
4913,2,1,2,2.0,49457.81,0.0,0.0,0.0,0.0,0.0,0,0.0,Low
4914,2,1,2,2.0,32240.18,0.0,0.0,0.0,0.0,0.0,0,0.0,Low
4915,1,1,1,1.0,11807.0,0.0,0.0,0.0,0.0,0.0,0,0.0,Low
4916,2,1,2,2.0,34821.93,0.0,0.0,0.0,0.0,0.0,0,0.0,Low
4917,1,1,1,1.0,15358.51,0.0,0.0,0.0,0.0,0.0,0,0.0,Low
4918,1,1,1,1.0,23773.71,0.0,0.0,0.0,0.0,0.0,0,0.0,Low
4919,1,1,1,1.0,130.0,0.0,0.0,0.0,0.0,0.0,0,0.0,Low
4920,1,1,1,1.0,2222.09,0.0,0.0,0.0,0.0,0.0,0,0.0,Low
4921,2,1,2,2.0,39114.26,1.0,50.0,0.0,0.0,0.0,0,10.0,Low
4922,2,1,2,2.0,28961.23,0.0,0.0,0.0,0.0,0.0,0,0.0,Low
4923,1,1,1,1.0,1475.13,0.0,0.0,0.0,0.0,0.0,0,0.0,Low
4924,1,1,1,0.0,0.0,0.0,0.0,1.0,717.53,0.0,0,5.0,Low
4925,1,1,1,1.0,24617.0,0.0,0.0,0.0,0.0,0.0,0,0.0,Low
4926,2,1,2,2.0,42861.28999999999,0.0,0.0,0.0,0.0,0.0,0,0.0,Low
4927,1,1,1,1.0,6556.77,0.0,0.0,0.0,0.0,0.0,0,0.0,Low
4928,1,1,1,1.0,14514.65,0.0,0.0,0.0,0.0,0.0,0,0.0,Low
4929,1,1,1,1.0,13153.4,0.0,0.0,0.0,0.0,0.0,0,0.0,Low
4930,2,1,2,2.0,28629.1,0.0,0.0,0.0,0.0,0.0,0,0.0,Low
4931,1,1,1,1.0,9432.58,0.0,0.0,0.0,0.0,0.0,0,0.0,Low
4932,1,1,1,1.0,22497.2,0.0,0.0,0.0,0.0,0.0,0,0.0,Low
4933,1,1,1,1.0,9084.68,0.0,0.0,0.0,0.0,0.0,0,0.0,Low
4934,1,1,1,1.0,6020.88,0.0,0.0,0.0,0.0,0.0,0,0.0,Low
4935,2,1,2,2.0,29843.28,0.0,0.0,0.0,0.0,0.0,0,0.0,Low
4936,1,1,1,1.0,14141.15,0.0,0.0,0.0,0.0,0.0,0,0.0,Low
4937,1,1,1,1.0,14983.94,0.0,0.0,0.0,0.0,0.0,0,0.0,Low
4938,3,1,3,2.0,5141.2,0.0,0.0,1.0,7834.45,50.0,0,25.0,Medium
4939,1,1,1,1.0,18486.01,0.0,0.0,0.0,0.0,0.0,0,0.0,Low
4940,1,1,1,1.0,16954.73,0.0,0.0,0.0,0.0,0.0,0,0.0,Low
4941,2,1,2,2.0,20346.42,0.0,0.0,0.0,0.0,0.0,0,0.0,Low
4942,1,1,1,1.0,5994.22,0.0,0.0,0.0,0.0,0.0,0,0.0,Low
4943,1,1,1,1.0,19826.63,0.0,0.0,0.0,0.0,0.0,0,0.0,Low
4944,2,1,2,2.0,18637.59,1.0,50.0,0.0,0.0,0.0,0,10.0,Low
4945,1,1,1,1.0,24511.97,0.0,0.0,0.0,0.0,0.0,0,0.0,Low
4946,1,1,1,1.0,18706.56,0.0,0.0,0.0,0.0,0.0,0,0.0,Low
4947,2,1,2,2.0,21771.99,1.0,50.0,0.0,0.0,0.0,0,10.0,Low
4948,1,1,1,1.0,9616.0,1.0,100.0,0.0,0.0,0.0,0,10.0,Low
4949,1,1,1,1.0,20065.14,0.0,0.0,0.0,0.0,0.0,0,0.0,Low
4950,2,1,2,2.0,40745.86,0.0,0.0,0.0,0.0,0.0,0,0.0,Low
4951,1,1,1,1.0,10866.16,0.0,0.0,0.0,0.0,0.0,0,0.0,Low
4952,1,1,1,1.0,15243.01,1.0,100.0,0.0,0.0,0.0,0,10.0,Low
4953,2,1,2,2.0,18953.32,0.0,0.0,0.0,0.0,0.0,0,0.0,Low
4954,2,1,2,2.0,26986.489999999998,0.0,0.0,0.0,0.0,0.0,0,0.0,Low
4955,1,1,1,1.0,12716.89,0.0,0.0,0.0,0.0,0.0,0,0.0,Low
4956,1,1,1,1.0,21917.5,0.0,0.0,0.0,0.0,0.0,0,0.0,Low
4957,1,1,1,1.0,21510.15,0.0,0.0,0.0,0.0,0.0,0,0.0,Low
4958,1,1,1,1.0,13330.39,0.0,0.0,0.0,0.0,0.0,0,0.0,Low
4959,1,1,1,1.0,15175.0,0.0,0.0,0.0,0.0,0.0,0,0.0,Low
4960,1,1,1,1.0,23461.16,0.0,0.0,0.0,0.0,0.0,0,0.0,Low
4961,1,1,1,1.0,4619.63,0.0,0.0,0.0,0.0,0.0,0,0.0,Low
4962,1,1,1,1.0,11736.43,0.0,0.0,0.0,0.0,0.0,0,0.0,Low
4963,1,1,1,0.0,0.0,0.0,0.0,1.0,1825.45,0.0,0,5.0,Low
4964,2,1,2,2.0,19251.73,0.0,0.0,0.0,0.0,0.0,0,0.0,Low
4965,1,1,1,1.0,21066.28,1.0,100.0,0.0,0.0,0.0,0,10.0,Low
4966,1,1,1,1.0,4164.72,0.0,0.0,0.0,0.0,0.0,0,0.0,Low
4967,2,1,2,2.0,26408.98,0.0,0.0,0.0,0.0,0.0,0,0.0,Low
4968,1,1,1,1.0,13804.93,0.0,0.0,0.0,0.0,0.0,0,0.0,Low
4969,1,1,1,0.0,0.0,0.0,0.0,1.0,1055.53,0.0,0,5.0,Low
4970,1,1,1,1.0,23815.12,0.0,0.0,0.0,0.0,0.0,0,0.0,Low
4971,2,1,2,2.0,18195.43,0.0,0.0,0.0,0.0,0.0,0,0.0,Low
4972,1,1,1,1.0,7434.96,0.0,0.0,0.0,0.0,0.0,0,0.0,Low
4973,1,1,1,1.0,1343.85,0.0,0.0,0.0,0.0,0.0,0,0.0,Low
4974,1,1,1,1.0,12335.0,0.0,0.0,0.0,0.0,0.0,0,0.0,Low
4975,1,1,1,0.0,0.0,0.0,0.0,1.0,1052.0,0.0,0,5.0,Low
4976,1,1,1,1.0,21959.61,0.0,0.0,0.0,0.0,0.0,0,0.0,Low
4977,2,1,2,2.0,15589.89,1.0,50.0,0.0,0.0,0.0,0,10.0,Low
4978,1,1,1,1.0,4821.05,0.0,0.0,0.0,0.0,0.0,0,0.0,Low
4979,1,1,1,1.0,12681.02,0.0,0.0,0.0,0.0,0.0,0,0.0,Low
4980,1,1,1,1.0,14648.6,0.0,0.0,0.0,0.0,0.0,0,0.0,Low
4981,1,1,1,1.0,14939.0,0.0,0.0,0.0,0.0,0.0,0,0.0,Low
4982,1,1,1,1.0,20223.37,0.0,0.0,0.0,0.0,0.0,0,0.0,Low
4983,1,1,1,1.0,14353.64,0.0,0.0,0.0,0.0,0.0,0,0.0,Low
4984,1,1,1,1.0,430.66,0.0,0.0,0.0,0.0,0.0,0,0.0,Low
4985,3,1,3,3.0,36115.08,0.0,0.0,0.0,0.0,0.0,0,0.0,Low
4986,1,1,1,1.0,22399.4,1.0,100.0,0.0,0.0,0.0,0,10.0,Low
4987,2,1,2,2.0,30202.34,0.0,0.0,0.0,0.0,0.0,0,0.0,Low
4988,1,1,1,1.0,12453.74,0.0,0.0,0.0,0.0,0.0,0,0.0,Low
4989,2,1,2,2.0,25705.98,0.0,0.0,0.0,0.0,0.0,0,0.0,Low
4990,2,1,2,2.0,14898.15,0.0,0.0,0.0,0.0,0.0,0,0.0,Low
4991,1,1,1,1.0,9370.0,0.0,0.0,0.0,0.0,0.0,0,0.0,Low
4992,1,1,1,1.0,20293.0,0.0,0.0,0.0,0.0,0.0,0,0.0,Low
4993,2,1,2,2.0,21970.09,0.0,0.0,0.0,0.0,0.0,0,0.0,Low
4994,1,1,1,1.0,19322.38,0.0,0.0,0.0,0.0,0.0,0,0.0,Low
4995,1,1,1,0.0,0.0,0.0,0.0,1.0,1234.0,0.0,0,5.0,Low
4996,1,1,1,1.0,5865.78,0.0,0.0,0.0,0.0,0.0,0,0.0,Low
4997,1,1,1,1.0,5905.16,1.0,100.0,0.0,0.0,0.0,0,10.0,Low
4998,4,1,4,4.0,51761.21000000001,0.0,0.0,0.0,0.0,0.0,0,0.0,Low
4999,1,1,1,1.0,2900.72,0.0,0.0,0.0,0.0,0.0,0,0.0,Low
5000,1,1,1,1.0,6032.5,0.0,0.0,0.0,0.0,0.0,0,0.0,Low
5001,1,1,1,1.0,5031.33,0.0,0.0,0.0,0.0,0.0,0,0.0,Low
5002,1,1,1,1.0,22911.16,0.0,0.0,0.0,0.0,0.0,0,0.0,Low
5003,1,1,1,1.0,10678.0,0.0,0.0,0.0,0.0,0.0,0,0.0,Low
5004,1,1,1,1.0,9185.67,0.0,0.0,0.0,0.0,0.0,0,0.0,Low
5005,1,1,1,1.0,5842.55,0.0,0.0,0.0,0.0,0.0,0,0.0,Low
5006,1,1,1,1.0,11039.59,0.0,0.0,0.0,0.0,0.0,0,0.0,Low
5007,2,1,2,2.0,38903.9,0.0,0.0,0.0,0.0,0.0,0,0.0,Low
5008,2,1,2,2.0,12662.95,0.0,0.0,0.0,0.0,0.0,0,0.0,Low
5009,2,1,2,2.0,38447.71,0.0,0.0,0.0,0.0,0.0,0,0.0,Low
5010,1,1,1,1.0,10625.61,0.0,0.0,0.0,0.0,0.0,0,0.0,Low
5011,2,1,2,0.0,0.0,0.0,0.0,2.0,16386.17,0.0,0,10.0,Low
5012,2,1,2,2.0,25727.86,0.0,0.0,0.0,0.0,0.0,0,0.0,Low
5013,1,1,1,1.0,17735.93,0.0,0.0,0.0,0.0,0.0,0,0.0,Low
5014,1,1,1,1.0,24693.18,0.0,0.0,0.0,0.0,0.0,0,0.0,Low
5015,1,1,1,1.0,14651.0,1.0,100.0,0.0,0.0,0.0,0,10.0,Low
5016,1,1,1,1.0,22030.92,0.0,0.0,0.0,0.0,0.0,0,0.0,Low
5017,1,1,1,1.0,7287.82,0.0,0.0,0.0,0.0,0.0,0,0.0,Low
5018,1,1,1,1.0,20560.86,1.0,100.0,0.0,0.0,0.0,0,10.0,Low
5019,1,1,1,1.0,21873.3,0.0,0.0,0.0,0.0,0.0,0,0.0,Low
5020,2,2,3,2.0,28618.559999999998,0.0,0.0,1.0,1778.23,50.0,0,25.0,Medium
5021,1,1,1,1.0,19691.0,0.0,0.0,0.0,0.0,0.0,0,0.0,Low
5022,1,1,1,1.0,514.67,0.0,0.0,0.0,0.0,0.0,0,0.0,Low
5023,1,1,1,1.0,18638.53,0.0,0.0,0.0,0.0,0.0,0,0.0,Low
5024,1,1,1,1.0,21876.0,0.0,0.0,0.0,0.0,0.0,0,0.0,Low
5025,2,1,2,2.0,40995.229999999996,0.0,0.0,0.0,0.0,0.0,0,0.0,Low
5026,1,1,1,0.0,0.0,0.0,0.0,1.0,1352.13,0.0,0,5.0,Low
5027,1,1,1,1.0,6326.62,1.0,100.0,0.0,0.0,0.0,0,10.0,Low
5028,2,1,2,1.0,22229.73,0.0,0.0,1.0,7272.77,100.0,0,25.0,Medium
5029,1,1,1,1.0,23776.31,0.0,0.0,0.0,0.0,0.0,0,0.0,Low
5030,1,1,1,1.0,15731.65,0.0,0.0,0.0,0.0,0.0,0,0.0,Low
5031,1,1,1,1.0,3358.03,0.0,0.0,0.0,0.0,0.0,0,0.0,Low
5032,1,1,1,1.0,16735.01,0.0,0.0,0.0,0.0,0.0,0,0.0,Low
5033,2,1,2,2.0,46838.28,2.0,100.0,0.0,0.0,0.0,0,10.0,Low
5034,2,1,2,2.0,24622.35,1.0,50.0,0.0,0.0,0.0,0,10.0,Low
5035,1,1,1,1.0,10851.1,0.0,0.0,0.0,0.0,0.0,0,0.0,Low
5036,1,1,1,0.0,0.0,0.0,0.0,1.0,731.59,0.0,0,5.0,Low
5037,1,1,1,1.0,4889.06,0.0,0.0,0.0,0.0,0.0,0,0.0,Low
5038,1,1,1,1.0,18438.47,0.0,0.0,0.0,0.0,0.0,0,0.0,Low
5039,1,1,1,1.0,20108.0,1.0,100.0,0.0,0.0,0.0,0,10.0,Low
5040,1,2,2,2.0,32996.4,1.0,50.0,0.0,0.0,0.0,0,10.0,Low
5041,2,1,2,2.0,19336.29,0.0,0.0,0.0,0.0,0.0,0,0.0,Low
5042,3,1,3,3.0,25384.01,0.0,0.0,0.0,0.0,0.0,0,0.0,Low
5043,1,1,1,1.0,8554.94,0.0,0.0,0.0,0.0,0.0,0,0.0,Low
5044,2,1,2,2.0,20561.16,0.0,0.0,0.0,0.0,0.0,0,0.0,Low
5045,1,1,1,1.0,4205.64,0.0,0.0,0.0,0.0,0.0,0,0.0,Low
5046,1,1,1,1.0,9087.52,0.0,0.0,0.0,0.0,0.0,0,0.0,Low
5047,1,1,1,1.0,11137.53,0.0,0.0,0.0,0.0,0.0,0,0.0,Low
5048,1,1,1,1.0,19573.0,0.0,0.0,0.0,0.0,0.0,0,0.0,Low
5049,3,1,3,3.0,18967.4,1.0,33.33333333333333,0.0,0.0,0.0,0,10.0,Low
5050,1,1,1,1.0,9303.73,0.0,0.0,0.0,0.0,0.0,0,0.0,Low
5051,1,1,1,1.0,6493.63,0.0,0.0,0.0,0.0,0.0,0,0.0,Low
5052,2,1,2,1.0,23229.33,0.0,0.0,1.0,1290.78,100.0,0,25.0,Medium
5053,1,1,1,1.0,12056.21,1.0,100.0,0.0,0.0,0.0,0,10.0,Low
5054,1,1,1,1.0,8708.91,0.0,0.0,0.0,0.0,0.0,0,0.0,Low
5055,1,1,1,1.0,21577.02,0.0,0.0,0.0,0.0,0.0,0,0.0,Low
5056,2,1,2,2.0,25759.03,1.0,50.0,0.0,0.0,0.0,0,10.0,Low
5057,1,1,1,1.0,18607.21,0.0,0.0,0.0,0.0,0.0,0,0.0,Low
5058,1,1,1,1.0,16936.27,0.0,0.0,0.0,0.0,0.0,0,0.0,Low
5059,1,1,1,1.0,17050.81,0.0,0.0,0.0,0.0,0.0,0,0.0,Low
5060,2,2,3,2.0,28588.18,0.0,0.0,1.0,1889.0,50.0,0,25.0,Medium
5061,2,1,2,2.0,27973.7,1.0,50.0,0.0,0.0,0.0,0,10.0,Low
5062,1,1,1,1.0,2112.35,0.0,0.0,0.0,0.0,0.0,0,0.0,Low
5063,1,1,1,1.0,5759.51,1.0,100.0,0.0,0.0,0.0,0,10.0,Low
5064,1,1,1,1.0,10643.08,0.0,0.0,0.0,0.0,0.0,0,0.0,Low
5065,3,1,3,1.0,19621.48,0.0,0.0,2.0,10670.25,200.0,0,30.0,Medium
5066,1,1,1,1.0,2853.0,0.0,0.0,0.0,0.0,0.0,0,0.0,Low
5067,1,1,1,1.0,11213.49,0.0,0.0,0.0,0.0,0.0,0,0.0,Low
5068,1,1,1,1.0,18283.95,0.0,0.0,0.0,0.0,0.0,0,0.0,Low
5069,1,1,1,1.0,2073.48,0.0,0.0,0.0,0.0,0.0,0,0.0,Low
5070,1,1,1,1.0,9770.15,1.0,100.0,0.0,0.0,0.0,0,10.0,Low
5071,2,2,3,3.0,36931.259999999995,0.0,0.0,0.0,0.0,0.0,0,0.0,Low
5072,1,1,1,1.0,23643.0,0.0,0.0,0.0,0.0,0.0,0,0.0,Low
5073,1,1,1,1.0,5978.0,0.0,0.0,0.0,0.0,0.0,0,0.0,Low
5074,1,1,1,1.0,16884.02,0.0,0.0,0.0,0.0,0.0,0,0.0,Low
5075,1,1,1,1.0,22703.01,0.0,0.0,0.0,0.0,0.0,0,0.0,Low
5076,2,1,2,2.0,32002.95,1.0,50.0,0.0,0.0,0.0,0,10.0,Low
5077,1,1,1,1.0,14394.08,0.0,0.0,0.0,0.0,0.0,0,0.0,Low
5078,1,1,1,1.0,24580.57,0.0,0.0,0.0,0.0,0.0,0,0.0,Low
5079,2,1,2,2.0,11220.59,0.0,0.0,0.0,0.0,0.0,0,0.0,Low
5080,1,1,1,1.0,12511.96,0.0,0.0,0.0,0.0,0.0,0,0.0,Low
5081,1,1,1,1.0,12823.28,0.0,0.0,0.0,0.0,0.0,0,0.0,Low
5082,1,1,1,1.0,14211.03,1.0,100.0,0.0,0.0,0.0,0,10.0,Low
5083,1,1,1,1.0,13858.91,0.0,0.0,0.0,0.0,0.0,0,0.0,Low
5084,1,1,1,0.0,0.0,0.0,0.0,1.0,240.64,0.0,0,5.0,Low
5085,1,1,1,1.0,21842.11,0.0,0.0,0.0,0.0,0.0,0,0.0,Low
5086,1,1,1,1.0,20826.61,0.0,0.0,0.0,0.0,0.0,0,0.0,Low
5087,1,1,1,1.0,12894.74,1.0,100.0,0.0,0.0,0.0,0,10.0,Low
5088,2,1,2,2.0,31669.91,1.0,50.0,0.0,0.0,0.0,0,10.0,Low
5089,1,1,1,1.0,5124.96,0.0,0.0,0.0,0.0,0.0,0,0.0,Low
5090,1,1,1,1.0,3565.73,0.0,0.0,0.0,0.0,0.0,0,0.0,Low
5091,2,1,2,2.0,19985.2,0.0,0.0,0.0,0.0,0.0,0,0.0,Low
5092,1,1,1,1.0,2971.38,0.0,0.0,0.0,0.0,0.0,0,0.0,Low
5093,2,1,2,2.0,18910.02,0.0,0.0,0.0,0.0,0.0,0,0.0,Low
5094,1,1,1,1.0,7631.84,0.0,0.0,0.0,0.0,0.0,0,0.0,Low
5095,1,1,1,1.0,4365.22,0.0,0.0,0.0,0.0,0.0,0,0.0,Low
5096,1,1,1,1.0,6569.49,0.0,0.0,0.0,0.0,0.0,0,0.0,Low
5097,1,1,1,1.0,4693.41,1.0,100.0,0.0,0.0,0.0,0,10.0,Low
5098,1,1,1,1.0,22125.99,0.0,0.0,0.0,0.0,0.0,0,0.0,Low
5099,1,1,1,1.0,18543.53,0.0,0.0,0.0,0.0,0.0,0,0.0,Low
5100,1,1,1,1.0,20479.49,0.0,0.0,0.0,0.0,0.0,0,0.0,Low
5101,1,1,1,1.0,14588.0,0.0,0.0,0.0,0.0,0.0,0,0.0,Low
5102,1,1,1,1.0,6559.73,0.0,0.0,0.0,0.0,0.0,0,0.0,Low
5103,1,1,1,1.0,14972.1,1.0,100.0,0.0,0.0,0.0,0,10.0,Low
5104,1,1,1,0.0,0.0,0.0,0.0,1.0,3681.27,0.0,0,5.0,Low
5105,2,1,2,2.0,24297.460000000003,1.0,50.0,0.0,0.0,0.0,0,10.0,Low
5106,1,1,1,1.0,10174.49,1.0,100.0,0.0,0.0,0.0,0,10.0,Low
5107,1,1,1,1.0,24670.4,0.0,0.0,0.0,0.0,0.0,0,0.0,Low
5108,1,1,1,1.0,14218.87,0.0,0.0,0.0,0.0,0.0,0,0.0,Low
5109,1,1,1,0.0,0.0,0.0,0.0,1.0,8008.29,0.0,0,5.0,Low
5110,1,1,1,1.0,21239.45,0.0,0.0,0.0,0.0,0.0,0,0.0,Low
5111,1,1,1,1.0,15031.86,0.0,0.0,0.0,0.0,0.0,0,0.0,Low
5112,1,1,1,1.0,20447.68,0.0,0.0,0.0,0.0,0.0,0,0.0,Low
5113,1,1,1,1.0,12672.73,0.0,0.0,0.0,0.0,0.0,0,0.0,Low
5114,1,1,1,1.0,10103.14,0.0,0.0,0.0,0.0,0.0,0,0.0,Low
5115,1,2,2,2.0,16474.17,0.0,0.0,0.0,0.0,0.0,0,0.0,Low
5116,1,1,1,1.0,12104.89,0.0,0.0,0.0,0.0,0.0,0,0.0,Low
5117,1,1,1,1.0,21408.92,0.0,0.0,0.0,0.0,0.0,0,0.0,Low
5118,1,1,1,1.0,12164.93,1.0,100.0,0.0,0.0,0.0,0,10.0,Low
5119,1,1,1,1.0,19715.91,0.0,0.0,0.0,0.0,0.0,0,0.0,Low
5120,1,1,1,1.0,11672.41,0.0,0.0,0.0,0.0,0.0,0,0.0,Low
5121,1,1,1,1.0,738.98,0.0,0.0,0.0,0.0,0.0,0,0.0,Low
5122,1,1,1,1.0,7888.86,0.0,0.0,0.0,0.0,0.0,0,0.0,Low
5123,1,1,1,1.0,14415.73,0.0,0.0,0.0,0.0,0.0,0,0.0,Low
5124,2,1,2,2.0,20387.13,0.0,0.0,0.0,0.0,0.0,0,0.0,Low
5125,2,1,2,2.0,34066.020000000004,0.0,0.0,0.0,0.0,0.0,0,0.0,Low
5126,1,1,1,1.0,17662.24,0.0,0.0,0.0,0.0,0.0,0,0.0,Low
5127,1,1,1,1.0,19364.19,0.0,0.0,0.0,0.0,0.0,0,0.0,Low
5128,1,1,1,1.0,19372.95,1.0,100.0,0.0,0.0,0.0,0,10.0,Low
5129,1,1,1,0.0,0.0,0.0,0.0,1.0,3964.0,0.0,0,5.0,Low
5130,1,1,1,1.0,17089.48,0.0,0.0,0.0,0.0,0.0,0,0.0,Low
5131,1,1,1,1.0,7124.6,0.0,0.0,0.0,0.0,0.0,0,0.0,Low
5132,3,1,3,3.0,29054.33,0.0,0.0,0.0,0.0,0.0,0,0.0,Low
5133,1,1,1,1.0,2947.61,0.0,0.0,0.0,0.0,0.0,0,0.0,Low
5134,1,1,1,1.0,12434.21,0.0,0.0,0.0,0.0,0.0,0,0.0,Low
5135,1,1,1,1.0,2626.0,1.0,100.0,0.0,0.0,0.0,0,10.0,Low
5136,1,1,1,1.0,5411.23,0.0,0.0,0.0,0.0,0.0,0,0.0,Low
5137,1,1,1,1.0,21351.48,0.0,0.0,0.0,0.0,0.0,0,0.0,Low
5138,1,1,1,1.0,12845.7,0.0,0.0,0.0,0.0,0.0,0,0.0,Low
5139,1,1,1,1.0,962.91,1.0,100.0,0.0,0.0,0.0,0,10.0,Low
5140,1,1,1,1.0,21514.18,0.0,0.0,0.0,0.0,0.0,0,0.0,Low
5141,2,1,2,2.0,10538.859999999999,0.0,0.0,0.0,0.0,0.0,0,0.0,Low
5142,1,1,1,1.0,11519.96,0.0,0.0,0.0,0.0,0.0,0,0.0,Low
5143,1,1,1,1.0,6069.34,0.0,0.0,0.0,0.0,0.0,0,0.0,Low
5144,1,1,1,1.0,2334.51,0.0,0.0,0.0,0.0,0.0,0,0.0,Low
5145,1,1,1,0.0,0.0,0.0,0.0,1.0,0.0,0.0,0,5.0,Low
5146,1,1,1,1.0,8630.6,0.0,0.0,0.0,0.0,0.0,0,0.0,Low
5147,1,1,1,1.0,899.4,0.0,0.0,0.0,0.0,0.0,0,0.0,Low
5148,1,1,1,1.0,11843.76,0.0,0.0,0.0,0.0,0.0,0,0.0,Low
5149,1,1,1,1.0,554.51,0.0,0.0,0.0,0.0,0.0,0,0.0,Low
5150,1,1,1,1.0,3530.31,1.0,100.0,0.0,0.0,0.0,0,10.0,Low
5151,1,1,1,1.0,12764.28,0.0,0.0,0.0,0.0,0.0,0,0.0,Low
5152,1,1,1,1.0,18950.86,0.0,0.0,0.0,0.0,0.0,0,0.0,Low
5153,1,1,1,1.0,12732.74,0.0,0.0,0.0,0.0,0.0,0,0.0,Low
5154,1,1,1,1.0,13448.89,0.0,0.0,0.0,0.0,0.0,0,0.0,Low
5155,1,1,1,1.0,23633.0,1.0,100.0,0.0,0.0,0.0,0,10.0,Low
5156,1,1,1,1.0,18586.39,0.0,0.0,0.0,0.0,0.0,0,0.0,Low
5157,1,1,1,1.0,4971.82,0.0,0.0,0.0,0.0,0.0,0,0.0,Low
5158,1,1,1,1.0,21781.4,0.0,0.0,0.0,0.0,0.0,0,0.0,Low
5159,1,1,1,1.0,14241.6,0.0,0.0,0.0,0.0,0.0,0,0.0,Low
5160,1,1,1,1.0,8287.03,0.0,0.0,0.0,0.0,0.0,0,0.0,Low
5161,1,1,1,1.0,14125.38,1.0,100.0,0.0,0.0,0.0,0,10.0,Low
5162,1,1,1,1.0,10745.77,0.0,0.0,0.0,0.0,0.0,0,0.0,Low
5163,1,1,1,0.0,0.0,0.0,0.0,1.0,10125.57,0.0,0,5.0,Low
5164,1,1,1,1.0,19465.07,0.0,0.0,0.0,0.0,0.0,0,0.0,Low
5165,1,1,1,1.0,5270.57,1.0,100.0,0.0,0.0,0.0,0,10.0,Low
5166,1,1,1,1.0,14840.6,0.0,0.0,0.0,0.0,0.0,0,0.0,Low
5167,1,1,1,1.0,20325.08,0.0,0.0,0.0,0.0,0.0,0,0.0,Low
5168,1,1,1,1.0,11211.49,0.0,0.0,0.0,0.0,0.0,0,0.0,Low
5169,1,1,1,1.0,14147.54,0.0,0.0,0.0,0.0,0.0,0,0.0,Low
5170,1,1,1,1.0,12137.41,0.0,0.0,0.0,0.0,0.0,0,0.0,Low
5171,1,1,1,1.0,12664.85,0.0,0.0,0.0,0.0,0.0,0,0.0,Low
5172,1,1,1,1.0,24234.05,0.0,0.0,0.0,0.0,0.0,0,0.0,Low
5173,1,1,1,1.0,17196.17,0.0,0.0,0.0,0.0,0.0,0,0.0,Low
5174,1,1,1,1.0,24649.5,0.0,0.0,0.0,0.0,0.0,0,0.0,Low
5175,1,1,1,1.0,8188.16,0.0,0.0,0.0,0.0,0.0,0,0.0,Low
5176,1,1,1,1.0,3585.12,0.0,0.0,0.0,0.0,0.0,0,0.0,Low
5177,1,1,1,1.0,15939.37,0.0,0.0,0.0,0.0,0.0,0,0.0,Low
5178,1,1,1,1.0,2459.21,0.0,0.0,0.0,0.0,0.0,0,0.0,Low
5179,1,1,1,1.0,6558.25,0.0,0.0,0.0,0.0,0.0,0,0.0,Low
5180,1,1,1,1.0,19380.57,0.0,0.0,0.0,0.0,0.0,0,0.0,Low
5181,1,1,1,1.0,7864.73,0.0,0.0,0.0,0.0,0.0,0,0.0,Low
5182,1,1,1,1.0,13317.0,0.0,0.0,0.0,0.0,0.0,0,0.0,Low
5183,1,1,1,1.0,5468.77,0.0,0.0,0.0,0.0,0.0,0,0.0,Low
5184,1,1,1,1.0,21306.02,0.0,0.0,0.0,0.0,0.0,0,0.0,Low
5185,2,1,2,2.0,23269.699999999997,1.0,50.0,0.0,0.0,0.0,0,10.0,Low
5186,1,1,1,1.0,16221.0,0.0,0.0,0.0,0.0,0.0,0,0.0,Low
5187,1,1,1,1.0,9117.03,0.0,0.0,0.0,0.0,0.0,0,0.0,Low
5188,1,1,1,0.0,0.0,0.0,0.0,1.0,4960.35,0.0,0,5.0,Low
5189,1,1,1,1.0,5808.13,0.0,0.0,0.0,0.0,0.0,0,0.0,Low
5190,1,1,1,1.0,7957.06,0.0,0.0,0.0,0.0,0.0,0,0.0,Low
5191,1,1,1,0.0,0.0,0.0,0.0,1.0,2090.68,0.0,0,5.0,Low
5192,1,1,1,1.0,1896.19,0.0,0.0,0.0,0.0,0.0,0,0.0,Low
5193,1,1,1,1.0,6780.02,0.0,0.0,0.0,0.0,0.0,0,0.0,Low
5194,1,1,1,1.0,17237.0,0.0,0.0,0.0,0.0,0.0,0,0.0,Low
5195,1,1,1,1.0,5081.12,0.0,0.0,0.0,0.0,0.0,0,0.0,Low
5196,1,1,1,1.0,24602.92,0.0,0.0,0.0,0.0,0.0,0,0.0,Low
5197,1,1,1,1.0,11863.0,1.0,100.0,0.0,0.0,0.0,0,10.0,Low
5198,1,1,1,1.0,620.0,0.0,0.0,0.0,0.0,0.0,0,0.0,Low
5199,1,1,1,1.0,23317.72,0.0,0.0,0.0,0.0,0.0,0,0.0,Low
5200,1,1,1,1.0,2877.0,0.0,0.0,0.0,0.0,0.0,0,0.0,Low
5201,1,1,1,1.0,16853.76,0.0,0.0,0.0,0.0,0.0,0,0.0,Low
5202,1,1,1,1.0,22683.17,0.0,0.0,0.0,0.0,0.0,0,0.0,Low
5203,1,1,1,1.0,22554.83,0.0,0.0,0.0,0.0,0.0,0,0.0,Low
5204,1,1,1,0.0,0.0,0.0,0.0,1.0,725.65,0.0,0,5.0,Low
5205,1,1,1,1.0,6810.91,0.0,0.0,0.0,0.0,0.0,0,0.0,Low
5206,1,1,1,1.0,11817.61,1.0,100.0,0.0,0.0,0.0,0,10.0,Low
5207,1,1,1,1.0,5538.67,0.0,0.0,0.0,0.0,0.0,0,0.0,Low
5208,1,1,1,1.0,7427.04,0.0,0.0,0.0,0.0,0.0,0,0.0,Low
5209,1,1,1,1.0,24095.59,0.0,0.0,0.0,0.0,0.0,0,0.0,Low
