cluster_id,node_type,entity_id
1,user,USR31065
1,user,USR66270
1,user,USR92419
1,merchant,MCH7754
1,user,USR10001
1,user,USR43525
1,user,USR44123
1,user,USR28526
1,user,USR85268
1,merchant,MCH4581
1,user,USR31453
1,merchant,MCH2716
1,user,USR17742
1,merchant,MCH4337
1,merchant,MCH9453
1,user,USR70807
1,user,USR42941
2,user,USR83071
2,user,USR34733
2,user,USR32445
2,user,USR55387
2,user,USR77303
2,user,USR27730
2,merchant,MCH5982
2,user,USR63044
2,user,USR58599
2,user,USR90546
2,user,USR82519
2,user,USR18294
2,merchant,MCH5050
2,user,USR59241
2,user,USR95193
2,user,USR30637
2,user,USR88037
2,merchant,MCH9441
2,user,USR91979
2,user,USR58226
2,user,USR74571
2,merchant,MCH4755
2,merchant,MCH9618
2,merchant,MCH6844
2,user,USR60667
2,user,USR91737
2,user,USR52490
2,user,USR55323
2,user,USR65211
2,user,USR32069
2,user,USR55171
2,user,USR65191
2,merchant,MCH7722
2,user,USR67496
2,user,USR47565
2,user,USR67028
2,user,USR37686
2,user,USR63045
2,user,USR93379
2,user,USR22639
2,user,USR96662
2,user,USR61903
2,user,USR78409
2,user,USR70766
2,user,USR28654
2,user,USR48114
2,user,USR53982
2,merchant,MCH6170
2,user,USR60806
2,user,USR66000
2,merchant,MCH2053
2,user,USR29233
2,user,USR93092
2,user,USR59610
2,user,USR45003
2,merchant,MCH1077
2,merchant,MCH9637
2,user,USR21715
2,user,USR29205
2,user,USR96073
2,merchant,MCH5000
2,merchant,MCH4873
2,user,USR94361
2,user,USR85892
2,user,USR89475
2,user,USR48202
2,user,USR18834
2,user,USR84844
2,merchant,MCH5296
2,user,USR94559
2,user,USR99392
2,merchant,MCH4720
2,merchant,MCH3826
2,user,USR46599
2,merchant,MCH4185
2,merchant,MCH4048
2,merchant,MCH6310
2,user,USR49176
2,user,USR41191
2,merchant,MCH8975
2,user,USR76120
2,merchant,MCH5721
2,user,USR49335
2,user,USR97479
2,user,USR88675
2,user,USR26391
2,user,USR28314
2,merchant,MCH3137
2,user,USR85053
2,user,USR28058
2,user,USR32852
2,user,USR92250
2,user,USR96309
2,merchant,MCH4937
2,merchant,MCH8634
2,user,USR48989
2,merchant,MCH5909
2,merchant,MCH8267
2,user,USR56224
2,user,USR11921
2,merchant,MCH6381
2,user,USR45609
2,merchant,MCH1299
2,user,USR95371
2,user,USR47192
2,merchant,MCH5245
2,user,USR69198
2,user,USR15241
2,user,USR44809
2,user,USR24993
2,merchant,MCH5216
2,user,USR44547
2,user,USR49783
2,user,USR53359
2,user,USR92776
2,merchant,MCH2302
2,merchant,MCH8739
2,merchant,MCH1782
2,user,USR35605
2,merchant,MCH9214
2,merchant,MCH2826
2,merchant,MCH4859
2,user,USR19898
2,merchant,MCH3594
2,user,USR25501
2,user,USR67336
2,user,USR82250
2,user,USR79672
2,user,USR65428
2,merchant,MCH8841
2,merchant,MCH1466
2,user,USR24507
2,user,USR99390
2,user,USR99920
2,user,USR47239
2,merchant,MCH6675
2,user,USR11855
2,merchant,MCH3210
2,user,USR85839
2,user,USR90342
2,user,USR66677
2,user,USR20115
2,user,USR72890
2,user,USR57014
2,merchant,MCH5017
2,user,USR19400
2,user,USR57543
2,user,USR92059
2,user,USR60133
2,user,USR29446
2,merchant,MCH6893
2,user,USR36710
2,user,USR29967
2,merchant,MCH5169
2,merchant,MCH9944
2,user,USR66360
2,merchant,MCH9339
2,user,USR48063
2,user,USR14444
2,merchant,MCH6026
2,user,USR62425
2,merchant,MCH5125
2,user,USR76452
2,user,USR45290
2,merchant,MCH4422
2,user,USR62385
2,user,USR85582
2,user,USR48445
2,user,USR77990
2,user,USR32271
2,user,USR56351
2,user,USR61745
2,user,USR87727
2,user,USR11274
2,user,USR93118
2,user,USR69443
2,user,USR17300
2,user,USR58434
2,user,USR89505
2,merchant,MCH8972
2,merchant,MCH3532
2,user,USR70222
2,user,USR78501
2,user,USR72227
2,merchant,MCH8249
2,merchant,MCH8791
2,user,USR74780
2,user,USR26661
2,user,USR14591
2,user,USR96436
2,user,USR43522
2,user,USR15325
2,user,USR42077
2,merchant,MCH2253
2,user,USR38429
2,merchant,MCH8912
2,merchant,MCH2362
2,user,USR11010
2,merchant,MCH9122
2,merchant,MCH7075
2,merchant,MCH4955
2,user,USR63248
2,user,USR94790
2,user,USR40818
2,user,USR99212
2,user,USR17346
2,user,USR89234
2,user,USR79942
2,user,USR81185
2,user,USR18716
2,merchant,MCH2997
2,user,USR57603
2,merchant,MCH4117
2,user,USR99246
2,user,USR64277
2,user,USR27891
2,user,USR61879
2,user,USR69461
2,merchant,MCH6921
2,user,USR46650
2,merchant,MCH1225
2,merchant,MCH9021
2,user,USR25990
2,merchant,MCH8691
2,user,USR55000
2,user,USR28861
2,user,USR21049
2,merchant,MCH1336
2,user,USR55971
2,merchant,MCH9921
2,user,USR31808
2,user,USR39214
2,merchant,MCH9349
2,merchant,MCH2805
2,user,USR63993
2,merchant,MCH1300
2,user,USR11916
2,user,USR95283
2,user,USR65375
2,user,USR79110
2,user,USR15222
2,user,USR93255
2,merchant,MCH3680
2,user,USR39325
2,user,USR30137
2,user,USR78736
2,user,USR60681
2,user,USR65987
2,user,USR72472
2,user,USR37047
2,user,USR26507
2,user,USR65193
2,merchant,MCH6197
2,user,USR27025
2,user,USR66731
2,user,USR58131
2,user,USR57669
2,merchant,MCH8416
2,merchant,MCH4554
2,user,USR83402
2,merchant,MCH8935
2,user,USR46488
2,user,USR54295
2,merchant,MCH2033
2,user,USR87526
2,user,USR72843
2,user,USR86472
2,user,USR64438
2,user,USR40949
2,merchant,MCH4759
2,user,USR16556
2,user,USR84196
2,user,USR92483
2,user,USR59531
2,user,USR81891
2,user,USR81644
2,merchant,MCH5253
2,user,USR85507
2,merchant,MCH9892
2,user,USR61775
2,merchant,MCH7567
2,merchant,MCH9069
2,user,USR11533
2,user,USR91091
2,merchant,MCH4577
2,user,USR94106
2,user,USR93098
2,user,USR31060
2,merchant,MCH9014
2,user,USR13912
2,user,USR35838
2,user,USR90775
2,user,USR50013
2,user,USR70754
2,user,USR71887
2,user,USR32283
2,user,USR41787
2,user,USR21386
2,user,USR29835
2,user,USR70447
2,user,USR87914
2,merchant,MCH5935
2,user,USR47337
2,merchant,MCH7772
2,user,USR70762
2,user,USR58062
2,user,USR64673
2,user,USR15635
2,user,USR91899
2,user,USR44544
2,user,USR27533
2,merchant,MCH2938
2,user,USR68168
2,user,USR93977
2,user,USR48470
2,merchant,MCH4345
2,merchant,MCH5188
2,user,USR64980
2,user,USR91403
2,merchant,MCH1863
2,user,USR87329
2,user,USR56871
2,user,USR75252
2,user,USR43341
2,user,USR38247
2,user,USR65036
2,user,USR41323
2,user,USR31711
2,user,USR33506
2,merchant,MCH4252
2,user,USR71070
2,user,USR93416
2,user,USR73573
2,user,USR72238
2,user,USR46429
2,user,USR17863
2,user,USR44757
2,user,USR28871
2,user,USR74004
2,merchant,MCH8053
2,merchant,MCH3883
2,user,USR39355
2,user,USR99660
2,user,USR28670
2,user,USR15393
2,user,USR44482
2,user,USR61088
2,user,USR88925
2,merchant,MCH4798
2,user,USR88145
2,merchant,MCH1592
2,user,USR35227
2,user,USR65291
2,merchant,MCH9133
2,user,USR33746
2,merchant,MCH1479
2,user,USR48435
2,user,USR58869
2,merchant,MCH2586
2,merchant,MCH8619
2,user,USR30993
2,merchant,MCH1773
2,merchant,MCH6777
2,user,USR29314
2,user,USR87237
2,user,USR82330
2,user,USR44641
2,merchant,MCH6806
2,merchant,MCH5121
2,user,USR33354
2,user,USR37175
2,merchant,MCH3509
2,user,USR95233
2,user,USR81435
2,user,USR93139
2,merchant,MCH3143
2,user,USR84719
2,merchant,MCH4078
2,user,USR65114
2,user,USR50837
2,merchant,MCH3142
2,user,USR61147
2,user,USR33331
2,merchant,MCH7507
2,user,USR78603
2,user,USR19865
2,user,USR97734
2,merchant,MCH3119
2,merchant,MCH5542
2,user,USR11987
2,merchant,MCH6012
2,merchant,MCH8773
2,user,USR66846
2,user,USR13745
2,merchant,MCH4137
2,merchant,MCH4986
2,user,USR16187
2,merchant,MCH5897
2,merchant,MCH7047
2,user,USR44850
2,user,USR18488
2,user,USR87801
2,user,USR12530
2,user,USR82082
2,user,USR37650
2,merchant,MCH5269
2,user,USR31645
2,user,USR47644
2,user,USR32313
2,merchant,MCH4941
2,user,USR89219
2,user,USR53117
2,merchant,MCH2483
2,user,USR61208
2,user,USR61126
2,user,USR68023
2,user,USR69083
2,merchant,MCH6021
2,merchant,MCH3518
2,user,USR63501
2,user,USR62660
2,merchant,MCH3742
2,user,USR89954
2,user,USR54734
2,user,USR34516
2,user,USR16818
2,user,USR92424
2,user,USR24113
2,user,USR61206
2,user,USR78329
2,user,USR92470
2,user,USR23388
2,merchant,MCH3227
2,user,USR23336
2,merchant,MCH7990
2,user,USR95854
2,user,USR49903
2,user,USR51649
2,user,USR80222
2,user,USR90476
2,merchant,MCH2642
2,user,USR69606
2,user,USR89746
2,user,USR71335
2,merchant,MCH3429
2,user,USR62609
2,user,USR36952
2,user,USR14844
2,user,USR60099
2,user,USR11957
2,user,USR70646
2,merchant,MCH4495
2,merchant,MCH3362
2,user,USR85569
2,user,USR74131
2,user,USR35120
2,user,USR18052
2,user,USR33203
2,user,USR18888
2,merchant,MCH7958
2,merchant,MCH3913
2,user,USR65059
2,user,USR14096
2,user,USR35340
2,user,USR62409
2,user,USR80546
2,merchant,MCH2556
2,user,USR26546
2,user,USR25345
2,user,USR96797
2,merchant,MCH7745
2,user,USR87346
2,merchant,MCH9154
2,user,USR95891
2,user,USR18242
2,user,USR12608
2,user,USR16618
2,merchant,MCH8904
2,user,USR37227
2,user,USR17427
2,user,USR65376
2,user,USR96970
2,user,USR94595
2,user,USR69058
2,user,USR82284
2,user,USR80703
2,merchant,MCH5127
2,user,USR32612
2,user,USR47566
2,user,USR67831
2,merchant,MCH1344
2,user,USR63873
2,user,USR27723
2,user,USR40967
2,user,USR65680
2,merchant,MCH7079
2,user,USR37879
2,merchant,MCH8645
2,merchant,MCH1914
2,user,USR45520
2,user,USR64387
2,user,USR15365
2,user,USR39082
2,user,USR30120
2,merchant,MCH9405
2,user,USR51987
2,user,USR73991
2,merchant,MCH3543
2,user,USR11729
2,user,USR30262
2,user,USR50525
2,user,USR84126
2,user,USR24591
2,merchant,MCH2296
2,user,USR13091
2,user,USR56962
2,user,USR85148
2,user,USR63429
2,user,USR41534
2,user,USR66286
2,merchant,MCH1759
2,merchant,MCH3292
2,merchant,MCH7160
2,user,USR40775
2,user,USR81570
2,user,USR75054
2,user,USR55654
2,user,USR66321
2,merchant,MCH4412
2,merchant,MCH6881
2,merchant,MCH2916
2,user,USR69489
2,user,USR11394
2,user,USR46479
2,user,USR81271
2,user,USR53591
2,user,USR49452
2,merchant,MCH6717
2,user,USR62059
2,user,USR35485
2,merchant,MCH7179
2,user,USR29187
2,user,USR15275
2,user,USR82876
2,user,USR47829
2,user,USR44954
2,merchant,MCH1121
2,user,USR66398
2,user,USR64261
2,user,USR67685
2,user,USR38580
2,user,USR49344
2,user,USR95504
2,user,USR78569
2,user,USR43841
2,user,USR87402
2,user,USR16714
2,user,USR97139
2,user,USR46902
2,user,USR40156
2,user,USR60685
2,user,USR48339
2,user,USR72145
2,user,USR78244
2,user,USR59963
2,user,USR94351
2,merchant,MCH8300
2,user,USR30658
2,user,USR40491
2,user,USR55262
2,user,USR81404
2,user,USR40653
2,merchant,MCH1902
2,user,USR61735
2,user,USR41172
2,merchant,MCH2218
2,merchant,MCH6530
2,user,USR72539
2,user,USR86595
2,user,USR14570
2,merchant,MCH3791
2,user,USR95709
2,user,USR79349
2,user,USR16295
2,user,USR33317
2,user,USR79674
2,user,USR49478
2,merchant,MCH9514
2,user,USR79838
2,user,USR17754
2,merchant,MCH3368
2,merchant,MCH2464
2,user,USR15232
2,user,USR51828
2,user,USR85423
2,user,USR73287
2,user,USR20127
2,user,USR74369
2,user,USR17472
2,user,USR26847
2,user,USR26337
2,user,USR32722
2,user,USR71823
2,user,USR19606
2,user,USR94850
2,user,USR79924
2,user,USR62684
2,merchant,MCH2857
2,merchant,MCH9855
2,user,USR37559
2,user,USR40785
2,merchant,MCH5057
2,user,USR58373
2,user,USR71564
2,user,USR30431
2,merchant,MCH5148
2,merchant,MCH7600
2,user,USR43343
2,user,USR94645
2,merchant,MCH7845
2,user,USR48157
2,merchant,MCH1037
2,user,USR86397
2,merchant,MCH6470
2,user,USR53338
2,user,USR45944
2,user,USR52956
2,user,USR89557
2,user,USR32447
2,merchant,MCH9923
2,user,USR56390
2,user,USR19885
2,user,USR91570
2,user,USR39287
2,user,USR85481
2,merchant,MCH2311
2,merchant,MCH1625
2,user,USR43788
2,user,USR99449
2,user,USR78285
2,user,USR94381
2,merchant,MCH8631
2,merchant,MCH9669
2,user,USR62183
2,merchant,MCH1769
2,user,USR61316
2,user,USR89252
2,user,USR92745
2,user,USR15485
2,user,USR30149
2,user,USR16401
2,merchant,MCH6201
2,user,USR93025
2,user,USR82521
2,user,USR15385
2,user,USR76117
2,user,USR25121
2,merchant,MCH9044
2,merchant,MCH9521
2,user,USR69015
2,user,USR49396
2,merchant,MCH5170
2,merchant,MCH7306
2,user,USR50207
2,merchant,MCH3618
2,merchant,MCH9363
2,user,USR80421
2,merchant,MCH1949
2,user,USR68660
2,merchant,MCH2274
2,user,USR61364
2,user,USR14125
2,user,USR26543
2,merchant,MCH8625
2,user,USR99871
2,user,USR35671
2,merchant,MCH1528
2,user,USR28394
2,merchant,MCH7162
2,user,USR20828
2,user,USR71438
2,merchant,MCH4047
2,user,USR91283
2,user,USR96140
2,user,USR40246
2,user,USR39627
2,user,USR78508
2,user,USR43944
2,user,USR67967
2,user,USR73020
2,user,USR48423
2,merchant,MCH7037
2,user,USR45006
2,user,USR45353
2,user,USR88410
2,merchant,MCH6399
2,user,USR12132
2,user,USR26175
2,user,USR65235
2,user,USR53908
2,user,USR31499
2,user,USR84878
2,merchant,MCH6846
2,merchant,MCH5658
2,user,USR47350
2,merchant,MCH7491
2,user,USR77018
2,user,USR32111
2,user,USR27557
2,user,USR70415
2,user,USR82788
2,user,USR73279
2,merchant,MCH9490
2,user,USR70905
2,merchant,MCH6474
2,user,USR51506
2,user,USR95875
2,user,USR24491
2,merchant,MCH4789
2,user,USR57073
2,user,USR24020
2,user,USR91694
2,user,USR28966
2,user,USR68286
2,user,USR40254
2,user,USR49817
2,user,USR79207
2,user,USR35197
2,user,USR60950
2,merchant,MCH7829
2,user,USR27968
2,user,USR84576
2,user,USR17377
2,user,USR32039
2,user,USR10006
2,user,USR75789
2,merchant,MCH2789
2,user,USR64879
2,user,USR51742
2,merchant,MCH7269
2,user,USR34203
2,user,USR93259
2,user,USR91555
2,merchant,MCH5099
2,user,USR69162
2,merchant,MCH1282
2,user,USR25105
2,user,USR45124
2,user,USR20121
2,user,USR96497
2,merchant,MCH8154
2,user,USR58335
2,user,USR51393
2,user,USR32003
2,user,USR70764
2,user,USR80872
2,user,USR63097
2,merchant,MCH6129
2,user,USR11526
2,user,USR68502
2,user,USR81509
2,user,USR97772
2,user,USR34328
2,merchant,MCH9788
2,user,USR51316
2,user,USR82542
2,user,USR75133
2,user,USR42248
2,merchant,MCH8938
2,merchant,MCH6677
2,user,USR45066
2,user,USR87274
2,user,USR45893
2,user,USR18769
2,merchant,MCH9912
2,user,USR71972
2,user,USR71282
2,user,USR88880
2,merchant,MCH9227
2,merchant,MCH3352
2,merchant,MCH6105
2,user,USR32962
2,user,USR53009
2,user,USR72422
2,user,USR61111
2,user,USR56017
2,merchant,MCH4235
2,user,USR40493
2,user,USR48875
2,user,USR96958
2,user,USR51039
2,user,USR65683
2,user,USR35239
2,user,USR77163
2,merchant,MCH1428
2,user,USR88750
2,user,USR10610
2,user,USR28924
2,user,USR14398
2,user,USR86682
2,user,USR37810
2,user,USR27928
2,user,USR21916
2,user,USR86500
2,user,USR41880
2,user,USR84590
2,user,USR30987
2,user,USR33070
2,user,USR55105
2,user,USR94631
2,user,USR87552
2,user,USR12579
2,user,USR57996
2,user,USR25289
2,user,USR29785
2,user,USR13758
2,user,USR14471
2,user,USR19321
2,user,USR16037
2,user,USR33273
2,user,USR96430
2,user,USR56171
2,user,USR29580
2,user,USR10111
2,user,USR15577
2,user,USR44569
2,user,USR48892
2,user,USR50902
2,user,USR58147
2,user,USR83578
2,merchant,MCH7707
2,user,USR53013
2,user,USR67191
2,user,USR27445
2,user,USR84499
2,user,USR80969
2,merchant,MCH5352
2,user,USR79986
2,user,USR97197
2,user,USR22531
2,user,USR29306
2,merchant,MCH8049
2,merchant,MCH8122
2,user,USR20364
2,user,USR95647
2,merchant,MCH7724
2,user,USR90893
2,user,USR91508
2,user,USR62228
2,user,USR13306
2,user,USR77467
2,merchant,MCH2378
2,user,USR91799
2,merchant,MCH1371
2,user,USR74567
2,user,USR55979
2,merchant,MCH7524
2,user,USR46725
2,user,USR93148
2,user,USR25429
2,merchant,MCH7267
2,user,USR80485
2,user,USR68792
2,user,USR77970
2,merchant,MCH2558
2,user,USR46752
2,user,USR15102
2,user,USR52806
2,user,USR84409
2,merchant,MCH4065
2,user,USR63033
2,merchant,MCH7969
2,user,USR94536
2,user,USR22492
2,user,USR91665
2,merchant,MCH7425
2,user,USR24673
2,user,USR27393
2,user,USR57254
2,user,USR57040
2,user,USR95172
2,user,USR14910
2,merchant,MCH4912
2,user,USR52501
2,user,USR34217
2,user,USR45276
2,user,USR99374
2,user,USR39684
2,merchant,MCH6357
2,user,USR87803
2,user,USR28605
2,user,USR77056
2,user,USR11602
2,merchant,MCH5518
2,user,USR55109
2,user,USR40130
2,merchant,MCH7670
2,merchant,MCH8399
2,user,USR18374
2,user,USR33828
2,user,USR53178
2,user,USR67045
2,user,USR28623
2,user,USR35757
2,user,USR58816
2,user,USR33281
2,user,USR27755
2,user,USR80851
2,user,USR89520
2,merchant,MCH2722
2,user,USR52534
2,user,USR37355
2,user,USR53253
2,user,USR23075
2,user,USR64172
2,user,USR39439
2,merchant,MCH1936
2,merchant,MCH3656
2,user,USR70795
2,user,USR76570
2,user,USR14506
2,user,USR52377
2,merchant,MCH5918
2,user,USR35518
2,user,USR59225
2,user,USR78462
2,user,USR16276
2,user,USR30844
2,user,USR91322
2,user,USR18520
2,user,USR11110
2,user,USR20378
2,user,USR31545
2,user,USR28500
2,merchant,MCH2216
2,merchant,MCH9770
2,user,USR55167
2,user,USR94089
2,user,USR20391
2,user,USR95576
2,user,USR13054
2,user,USR25470
2,user,USR27443
2,merchant,MCH7728
2,user,USR25062
2,user,USR26780
2,user,USR10082
2,merchant,MCH2358
2,user,USR29467
2,user,USR82359
2,user,USR45487
2,user,USR29949
2,user,USR28643
2,user,USR19690
2,user,USR37171
2,user,USR75241
2,user,USR97215
2,user,USR90944
2,user,USR31418
2,user,USR34204
2,user,USR29373
2,user,USR88570
2,user,USR64919
2,merchant,MCH8776
2,merchant,MCH2059
2,merchant,MCH7408
2,user,USR87460
2,user,USR76735
2,user,USR89443
2,user,USR54113
2,user,USR26581
2,user,USR21549
2,user,USR83150
2,user,USR66282
2,user,USR36166
2,user,USR56234
2,user,USR55725
2,merchant,MCH8191
2,user,USR29895
2,user,USR27405
2,user,USR95939
2,user,USR22172
2,user,USR64276
2,user,USR84643
2,merchant,MCH6890
2,user,USR98367
2,user,USR43196
2,user,USR68186
2,merchant,MCH5133
2,user,USR74998
2,user,USR92782
2,user,USR66974
2,user,USR67621
2,user,USR52335
2,user,USR75846
2,user,USR32162
2,user,USR18724
2,user,USR63381
2,user,USR23392
2,user,USR69630
2,user,USR74813
2,user,USR93984
2,user,USR15565
2,user,USR26821
2,user,USR13165
2,user,USR95670
2,user,USR73321
2,merchant,MCH7382
2,user,USR33170
2,user,USR43004
2,merchant,MCH7174
2,user,USR50317
2,user,USR37536
2,user,USR78822
2,user,USR44295
2,user,USR68915
2,user,USR74311
2,user,USR20193
2,merchant,MCH3585
2,user,USR35882
2,merchant,MCH9946
2,user,USR88833
2,user,USR20196
2,user,USR65253
2,merchant,MCH5879
2,user,USR12813
2,user,USR72825
2,user,USR53388
2,user,USR50776
2,user,USR69540
2,user,USR72135
2,user,USR62513
2,user,USR25559
2,user,USR46576
2,user,USR96702
2,user,USR39487
2,merchant,MCH3474
2,user,USR22094
2,user,USR71348
2,user,USR91452
2,user,USR87658
2,user,USR69904
2,merchant,MCH8451
2,merchant,MCH2266
2,user,USR69511
2,user,USR68564
2,user,USR96307
2,merchant,MCH1683
2,merchant,MCH9194
2,user,USR13229
2,user,USR14840
2,merchant,MCH1560
2,merchant,MCH7085
2,user,USR25717
2,user,USR88669
2,user,USR67876
2,user,USR64878
2,user,USR96577
2,user,USR85225
2,user,USR21591
2,user,USR22883
2,merchant,MCH4919
2,merchant,MCH3403
2,user,USR62613
2,merchant,MCH4680
2,merchant,MCH7503
2,merchant,MCH5757
2,user,USR30856
2,user,USR50648
2,merchant,MCH8465
2,user,USR47850
2,user,USR51748
2,user,USR70003
2,user,USR71845
2,merchant,MCH1072
2,merchant,MCH6245
2,user,USR74013
2,user,USR31804
2,user,USR39829
2,user,USR79181
2,user,USR13777
2,user,USR99568
2,merchant,MCH7650
2,merchant,MCH9675
2,user,USR98075
2,user,USR81518
2,user,USR15230
2,merchant,MCH2446
2,user,USR34592
2,user,USR83176
2,user,USR28124
2,user,USR48769
2,user,USR49707
2,user,USR82155
2,merchant,MCH8076
2,merchant,MCH5013
2,user,USR64778
2,merchant,MCH1737
2,user,USR39076
2,user,USR41558
2,user,USR55986
2,user,USR76029
2,user,USR49683
2,user,USR29783
2,user,USR46492
2,merchant,MCH6812
2,merchant,MCH9867
2,user,USR12116
2,user,USR42895
2,merchant,MCH7438
2,user,USR19891
2,user,USR83331
2,merchant,MCH6520
2,user,USR17197
2,merchant,MCH1419
2,merchant,MCH5770
2,merchant,MCH6889
2,user,USR58082
2,user,USR15316
2,merchant,MCH2977
2,user,USR71660
2,user,USR56665
2,user,USR28772
2,user,USR61715
2,user,USR45829
2,user,USR46289
2,user,USR50427
2,user,USR35289
2,merchant,MCH3575
2,user,USR78291
2,user,USR15167
2,user,USR92639
2,user,USR96267
2,user,USR52329
2,merchant,MCH8186
2,user,USR58186
2,user,USR54853
2,user,USR25534
2,merchant,MCH4490
2,user,USR69706
2,user,USR72703
2,user,USR55724
2,user,USR85277
2,merchant,MCH4758
2,user,USR30787
2,user,USR99245
2,user,USR69201
2,user,USR63454
2,user,USR13033
2,user,USR28601
2,user,USR14739
2,user,USR98121
2,merchant,MCH7099
2,merchant,MCH3324
2,user,USR43241
2,user,USR97472
2,user,USR49896
2,user,USR34053
2,user,USR16442
2,merchant,MCH1495
2,user,USR16896
2,merchant,MCH9068
2,merchant,MCH6454
2,user,USR66293
2,user,USR34488
2,user,USR67862
2,user,USR79252
2,user,USR12048
2,merchant,MCH3861
2,user,USR72952
2,user,USR58244
2,user,USR61951
2,merchant,MCH2566
2,merchant,MCH5828
2,merchant,MCH4246
2,merchant,MCH1494
2,user,USR31366
2,merchant,MCH6269
2,user,USR34763
2,user,USR32599
2,merchant,MCH5837
2,merchant,MCH8139
2,user,USR30439
2,user,USR92285
2,user,USR99493
2,merchant,MCH2694
2,user,USR57227
2,user,USR56490
2,user,USR88576
2,merchant,MCH2337
2,user,USR93757
2,user,USR48106
2,user,USR92706
2,user,USR28672
2,user,USR88987
2,user,USR74071
2,merchant,MCH5904
2,user,USR90902
2,user,USR12993
2,user,USR93969
2,user,USR60111
2,merchant,MCH2447
2,user,USR11264
2,user,USR69450
2,user,USR91996
2,user,USR14131
2,user,USR58929
2,user,USR68949
2,user,USR65034
2,user,USR69350
2,user,USR11943
2,user,USR81159
2,merchant,MCH5076
2,user,USR46124
2,merchant,MCH5969
2,user,USR69175
2,user,USR21209
2,user,USR39800
2,user,USR84211
2,user,USR31537
2,user,USR62218
2,merchant,MCH7134
2,user,USR73891
2,user,USR46724
2,user,USR67333
2,user,USR40907
2,user,USR49473
2,merchant,MCH6032
2,merchant,MCH9481
2,user,USR98247
2,user,USR68623
2,user,USR26558
2,merchant,MCH9059
2,merchant,MCH1513
2,merchant,MCH2176
2,user,USR47523
2,user,USR64154
2,user,USR99576
2,user,USR34889
2,user,USR83737
2,user,USR23255
2,merchant,MCH3687
2,merchant,MCH3177
2,user,USR31331
2,user,USR10453
2,user,USR64216
2,user,USR80157
2,user,USR33810
2,user,USR49962
2,user,USR89295
2,user,USR39730
2,merchant,MCH5635
2,user,USR39597
2,merchant,MCH7522
2,user,USR73818
2,user,USR27888
2,user,USR94094
2,user,USR41631
2,user,USR91045
2,user,USR37368
2,merchant,MCH1071
2,user,USR34378
2,user,USR60913
2,user,USR44433
2,merchant,MCH5472
2,user,USR48023
2,user,USR87307
2,user,USR78224
2,merchant,MCH9632
2,user,USR65739
2,merchant,MCH3308
2,user,USR74374
2,merchant,MCH2433
2,user,USR96074
2,user,USR70324
2,merchant,MCH3651
2,user,USR29415
2,merchant,MCH8827
2,user,USR83126
2,user,USR80303
2,user,USR79374
2,user,USR88695
2,merchant,MCH7687
2,merchant,MCH2441
2,user,USR66773
2,merchant,MCH2637
2,merchant,MCH6351
2,merchant,MCH7985
2,user,USR69029
2,user,USR22073
2,user,USR32424
2,user,USR91715
2,merchant,MCH9848
2,user,USR85675
2,user,USR91599
2,user,USR99698
2,user,USR12475
2,user,USR41508
2,user,USR34540
2,user,USR14987
2,merchant,MCH6488
2,user,USR84447
2,user,USR32004
2,user,USR87982
2,user,USR61576
2,user,USR68278
2,merchant,MCH8180
2,merchant,MCH6469
2,merchant,MCH7351
2,user,USR17031
2,merchant,MCH8083
2,user,USR69793
2,user,USR30344
2,user,USR77385
2,user,USR28407
2,user,USR83343
2,user,USR16744
2,user,USR58872
2,user,USR69621
2,user,USR99570
2,merchant,MCH7439
2,merchant,MCH3992
2,user,USR63230
2,user,USR33656
2,merchant,MCH5528
2,user,USR10902
2,merchant,MCH2383
2,user,USR14428
2,user,USR63578
2,user,USR63150
2,user,USR79460
2,merchant,MCH8540
2,user,USR40162
2,user,USR97070
2,merchant,MCH9240
2,user,USR43342
2,user,USR58825
2,user,USR54891
2,user,USR78683
2,user,USR52880
2,user,USR51906
2,user,USR28293
2,user,USR22103
2,user,USR48697
2,user,USR92805
2,user,USR67270
2,user,USR58979
2,user,USR12556
2,user,USR31599
2,user,USR74947
2,user,USR49053
2,user,USR84334
2,user,USR32081
2,user,USR63300
2,user,USR54727
2,user,USR67001
2,user,USR95238
2,user,USR94333
2,user,USR84473
2,user,USR10191
2,user,USR11857
2,user,USR19303
2,user,USR94970
2,merchant,MCH4663
2,user,USR35438
2,merchant,MCH5082
2,merchant,MCH6056
2,user,USR24085
2,user,USR12602
2,merchant,MCH7392
2,merchant,MCH3016
2,merchant,MCH7622
2,user,USR86955
2,user,USR30489
2,merchant,MCH3026
2,user,USR52183
2,user,USR65914
2,user,USR28807
2,user,USR80710
2,user,USR74134
2,merchant,MCH8004
2,merchant,MCH8396
2,user,USR29089
2,user,USR98093
2,user,USR74389
2,user,USR10143
2,user,USR42092
2,merchant,MCH5276
2,user,USR60466
2,user,USR21986
2,user,USR38414
2,user,USR11291
2,merchant,MCH1966
2,merchant,MCH5877
2,merchant,MCH8877
2,user,USR71890
2,user,USR23149
2,user,USR49318
2,merchant,MCH3253
2,user,USR75984
2,user,USR34212
2,merchant,MCH1757
2,merchant,MCH1646
2,user,USR98572
2,user,USR48089
2,user,USR59803
2,user,USR38370
2,user,USR60269
2,user,USR41854
2,user,USR88250
2,user,USR29523
2,user,USR46592
2,user,USR68277
2,merchant,MCH9998
2,merchant,MCH7974
2,user,USR48549
2,user,USR20301
2,user,USR89284
2,merchant,MCH9964
2,user,USR25169
2,user,USR66946
2,user,USR33827
2,user,USR81170
2,user,USR11828
2,merchant,MCH3366
2,user,USR73810
2,merchant,MCH6707
2,merchant,MCH6377
2,user,USR91528
2,merchant,MCH4806
2,user,USR40998
2,user,USR71377
2,user,USR61018
2,merchant,MCH4642
2,user,USR97741
2,user,USR36199
2,user,USR36251
2,user,USR49752
2,user,USR58810
2,user,USR63955
2,merchant,MCH6018
2,user,USR14151
2,user,USR41918
2,merchant,MCH4909
2,merchant,MCH6840
2,merchant,MCH3255
2,user,USR93257
2,user,USR62970
2,user,USR82443
2,user,USR95830
2,user,USR10859
2,user,USR31275
2,user,USR28528
2,merchant,MCH1101
2,merchant,MCH4005
2,user,USR90488
2,user,USR24669
2,merchant,MCH6652
2,user,USR41320
2,user,USR98133
2,user,USR13082
2,user,USR42493
2,user,USR54208
2,user,USR25681
2,user,USR74528
2,user,USR18442
2,user,USR90288
2,user,USR80809
2,merchant,MCH8231
2,user,USR93229
2,user,USR33226
2,user,USR63396
2,user,USR57333
2,user,USR25021
2,user,USR53961
2,user,USR42884
2,user,USR39194
2,user,USR22004
2,merchant,MCH6694
2,user,USR33934
2,user,USR58683
2,user,USR60915
2,user,USR80577
2,user,USR43436
2,user,USR33647
2,merchant,MCH4215
2,user,USR94815
2,user,USR46057
2,user,USR14356
2,user,USR96078
2,merchant,MCH7648
2,user,USR90733
2,user,USR53404
2,user,USR59740
2,merchant,MCH6457
2,user,USR88757
2,user,USR29356
2,user,USR63022
2,merchant,MCH1234
2,merchant,MCH2769
2,user,USR51719
2,user,USR39133
2,user,USR13208
2,user,USR49064
2,user,USR11076
2,merchant,MCH9565
2,merchant,MCH4062
2,user,USR18169
2,merchant,MCH5940
2,user,USR82973
2,user,USR76801
2,user,USR33626
2,user,USR18088
2,user,USR47358
2,merchant,MCH7970
2,merchant,MCH9191
2,user,USR25520
2,user,USR47081
2,user,USR72981
2,user,USR41614
2,user,USR57423
2,user,USR25232
2,user,USR22923
2,merchant,MCH6421
2,user,USR37069
2,user,USR33565
2,merchant,MCH5655
2,user,USR70386
2,user,USR87829
2,user,USR28289
2,user,USR74392
2,user,USR33357
2,merchant,MCH6674
2,user,USR50378
2,user,USR26991
2,user,USR74072
2,merchant,MCH2726
2,user,USR59752
2,merchant,MCH6700
2,merchant,MCH4796
2,user,USR39878
2,user,USR24991
2,user,USR73403
2,user,USR56648
2,user,USR61352
2,merchant,MCH6134
2,merchant,MCH7346
2,user,USR83523
2,merchant,MCH6262
2,user,USR18591
2,user,USR39753
2,user,USR97461
2,user,USR29051
2,user,USR12591
2,user,USR24401
2,user,USR32223
2,user,USR80316
2,user,USR18678
2,user,USR87415
2,merchant,MCH9316
2,user,USR88630
2,merchant,MCH9656
2,user,USR90685
2,merchant,MCH5984
2,user,USR80185
2,user,USR33219
2,merchant,MCH8699
2,user,USR37692
2,user,USR79074
2,user,USR78884
2,user,USR52067
2,user,USR87038
2,user,USR44883
2,merchant,MCH5558
2,user,USR20333
2,user,USR41522
2,user,USR88897
2,user,USR53828
2,user,USR13706
2,user,USR85333
2,merchant,MCH2895
2,user,USR25600
2,merchant,MCH3588
2,user,USR26217
2,user,USR35897
2,user,USR19438
2,merchant,MCH8682
2,user,USR62708
2,user,USR86834
2,merchant,MCH1425
2,merchant,MCH1266
2,user,USR91877
2,user,USR85436
2,user,USR40127
2,user,USR46362
2,user,USR76523
2,user,USR86037
2,user,USR94948
2,user,USR93305
2,merchant,MCH2884
2,user,USR97428
2,merchant,MCH4812
2,merchant,MCH1407
2,user,USR18022
2,user,USR24527
2,user,USR11299
2,user,USR23466
2,user,USR74092
2,user,USR20973
2,merchant,MCH6055
2,user,USR77829
2,user,USR13995
2,user,USR42636
2,merchant,MCH5442
2,user,USR21174
2,user,USR63125
2,merchant,MCH3686
2,user,USR77290
2,user,USR22604
2,merchant,MCH6665
2,user,USR30641
2,user,USR55737
2,merchant,MCH9077
2,user,USR94513
2,merchant,MCH2152
2,merchant,MCH8752
2,user,USR53135
2,merchant,MCH6827
2,merchant,MCH6312
2,user,USR89702
2,user,USR49084
2,user,USR94218
2,user,USR72384
2,user,USR32597
2,user,USR19464
2,user,USR57255
2,user,USR35692
2,user,USR22234
2,user,USR74438
2,merchant,MCH9402
2,user,USR92778
2,user,USR38917
2,user,USR83883
2,user,USR95427
2,merchant,MCH1438
2,user,USR76561
2,user,USR66622
2,user,USR19922
2,user,USR83997
2,merchant,MCH9718
2,user,USR41036
2,user,USR51724
2,merchant,MCH2469
2,user,USR12300
2,user,USR76918
2,user,USR50023
2,user,USR27013
2,user,USR56271
2,user,USR86253
2,user,USR84791
2,user,USR34180
2,user,USR98327
2,user,USR50661
2,user,USR37899
2,merchant,MCH5643
2,merchant,MCH2802
2,merchant,MCH4516
2,merchant,MCH4686
2,user,USR18392
2,user,USR11959
2,merchant,MCH4517
2,user,USR64656
2,user,USR13407
2,user,USR91934
2,user,USR77819
2,merchant,MCH2880
2,user,USR40842
2,merchant,MCH9865
2,merchant,MCH9228
2,user,USR60246
2,user,USR64680
2,merchant,MCH3433
2,merchant,MCH4826
2,user,USR16119
2,user,USR81018
2,user,USR83966
2,user,USR51504
2,user,USR92174
2,merchant,MCH7861
2,user,USR10923
2,user,USR93920
2,user,USR56998
2,user,USR95682
2,user,USR28514
2,user,USR96038
2,user,USR69285
2,user,USR84003
2,user,USR62142
2,user,USR54272
2,user,USR20499
2,user,USR25087
2,user,USR46455
2,merchant,MCH3740
2,merchant,MCH4696
2,user,USR17047
2,user,USR51150
2,merchant,MCH2906
2,user,USR83985
2,merchant,MCH2476
2,merchant,MCH7255
2,user,USR83012
2,user,USR20001
2,merchant,MCH1639
2,user,USR51687
2,user,USR56014
2,merchant,MCH8371
2,merchant,MCH6236
2,merchant,MCH9195
2,user,USR11339
2,user,USR19307
2,user,USR67324
2,user,USR18645
2,user,USR56855
2,user,USR95205
2,user,USR19141
2,user,USR42192
2,user,USR75856
2,merchant,MCH8939
2,user,USR40377
2,merchant,MCH1320
2,user,USR80804
2,user,USR62853
2,user,USR30749
2,user,USR66996
2,user,USR20691
2,merchant,MCH9466
2,user,USR63367
2,merchant,MCH6562
2,user,USR27913
2,merchant,MCH9866
2,user,USR87591
2,merchant,MCH9790
2,user,USR12661
2,user,USR56334
2,user,USR52826
2,merchant,MCH8054
2,user,USR44359
2,user,USR89617
2,user,USR73728
2,user,USR28101
2,user,USR41615
2,merchant,MCH7793
2,user,USR40538
2,merchant,MCH6322
2,user,USR89254
2,user,USR30394
2,user,USR83823
2,user,USR68103
2,user,USR99872
2,user,USR69937
2,merchant,MCH8185
2,user,USR83396
2,user,USR25647
2,user,USR45703
2,user,USR38178
2,user,USR15350
2,user,USR98590
2,user,USR10437
2,merchant,MCH6780
2,user,USR16436
2,user,USR66813
2,user,USR71245
2,user,USR56480
2,user,USR64475
2,merchant,MCH7720
2,merchant,MCH6148
2,merchant,MCH3964
2,user,USR89783
2,user,USR99654
2,merchant,MCH8337
2,user,USR44213
2,user,USR84978
2,user,USR69867
2,user,USR55384
2,user,USR66735
2,user,USR22644
2,user,USR45408
2,merchant,MCH9875
2,user,USR91117
2,user,USR72629
2,user,USR75056
2,user,USR66922
2,user,USR63697
2,user,USR19070
2,user,USR65311
2,user,USR91337
2,user,USR60581
2,user,USR45570
2,user,USR81213
2,merchant,MCH1748
2,user,USR86411
2,user,USR30297
2,merchant,MCH2552
2,user,USR64869
2,merchant,MCH1186
2,user,USR35557
2,user,USR90209
2,user,USR51286
2,user,USR57758
2,user,USR96639
2,user,USR91399
2,user,USR90323
2,user,USR29312
2,user,USR34955
2,user,USR44351
2,user,USR33841
2,user,USR63938
2,merchant,MCH9509
2,user,USR79864
2,user,USR42855
2,user,USR83722
2,user,USR85370
2,merchant,MCH2147
2,user,USR64405
2,user,USR14024
2,user,USR43166
2,user,USR60939
2,user,USR65179
2,user,USR19789
2,merchant,MCH5172
2,user,USR67135
2,user,USR19881
2,user,USR46590
2,user,USR27328
2,merchant,MCH4808
2,user,USR19275
2,user,USR35502
2,user,USR42760
2,user,USR69554
2,user,USR51720
2,merchant,MCH6546
2,user,USR40182
2,user,USR42053
2,user,USR63311
2,user,USR85060
2,merchant,MCH3601
2,user,USR68479
2,user,USR13925
2,user,USR44124
2,user,USR27797
2,merchant,MCH3208
2,merchant,MCH4437
2,user,USR62069
2,user,USR97414
2,user,USR29331
2,user,USR43120
2,user,USR32159
2,user,USR73074
2,user,USR95792
2,merchant,MCH5020
2,user,USR21120
2,user,USR56732
2,user,USR89616
2,user,USR14236
2,merchant,MCH8224
2,user,USR17103
2,user,USR93115
2,merchant,MCH2991
2,user,USR35761
2,merchant,MCH3269
2,user,USR82373
2,user,USR47242
2,user,USR65499
2,user,USR16306
2,user,USR25365
2,user,USR68349
2,merchant,MCH7326
2,user,USR71645
2,user,USR98915
2,user,USR16389
2,user,USR41492
2,user,USR40323
2,user,USR46183
2,merchant,MCH7033
2,merchant,MCH9362
2,user,USR66347
2,user,USR43978
2,user,USR59464
2,merchant,MCH4848
2,merchant,MCH9871
2,merchant,MCH4556
2,user,USR89478
2,user,USR94159
2,user,USR60720
2,merchant,MCH8491
2,merchant,MCH4685
2,user,USR36461
2,user,USR12658
2,user,USR39500
2,user,USR14349
2,user,USR19483
2,user,USR45133
2,merchant,MCH6568
2,user,USR78134
2,user,USR21284
2,user,USR43044
2,user,USR16640
2,merchant,MCH4339
2,user,USR66792
2,user,USR81658
2,user,USR56860
2,merchant,MCH5110
2,merchant,MCH2489
2,user,USR72675
2,merchant,MCH1856
2,user,USR85231
2,user,USR79613
2,user,USR17447
2,merchant,MCH1825
2,merchant,MCH3559
2,user,USR63835
2,user,USR85011
2,user,USR88069
2,merchant,MCH6537
2,user,USR99662
2,user,USR11783
2,user,USR24127
2,merchant,MCH4220
2,user,USR67752
2,user,USR48250
2,merchant,MCH3129
2,user,USR36437
2,user,USR80414
2,user,USR32995
2,user,USR23413
2,user,USR20637
2,merchant,MCH1229
2,user,USR86229
2,user,USR26392
2,merchant,MCH2417
2,user,USR55820
2,user,USR25091
2,user,USR49708
2,merchant,MCH3193
2,merchant,MCH4071
2,user,USR50995
2,merchant,MCH5947
2,merchant,MCH7505
2,user,USR38814
2,user,USR99630
2,user,USR68594
2,user,USR65855
2,user,USR68297
2,merchant,MCH5986
2,user,USR91623
2,user,USR96201
2,merchant,MCH5980
2,user,USR50125
2,merchant,MCH5578
2,merchant,MCH2860
2,user,USR52737
2,user,USR35369
2,user,USR54580
2,user,USR21384
2,user,USR14935
2,user,USR62190
2,merchant,MCH9717
2,merchant,MCH6507
2,user,USR59914
2,user,USR96415
2,user,USR79594
2,user,USR21818
2,user,USR33650
2,user,USR54420
2,user,USR74992
2,user,USR71704
2,user,USR24780
2,merchant,MCH2614
2,user,USR74631
2,merchant,MCH8818
2,merchant,MCH8674
2,user,USR36923
2,user,USR82095
2,user,USR77811
2,merchant,MCH3762
2,user,USR57460
2,merchant,MCH7286
2,user,USR66505
2,user,USR87795
2,merchant,MCH1138
2,user,USR85139
2,user,USR83076
2,merchant,MCH7063
2,user,USR88142
2,user,USR24002
2,merchant,MCH2754
2,user,USR59025
2,user,USR95000
2,merchant,MCH2527
2,user,USR57896
2,user,USR50418
2,user,USR12293
2,user,USR21265
2,user,USR88616
2,merchant,MCH2863
2,user,USR93287
2,user,USR19381
2,user,USR36148
2,user,USR33452
2,merchant,MCH2189
2,user,USR34148
2,user,USR59679
2,merchant,MCH9138
2,user,USR30017
2,user,USR17694
2,user,USR52977
2,merchant,MCH3584
2,user,USR54663
2,user,USR86563
2,user,USR22513
2,merchant,MCH8504
2,user,USR79296
2,user,USR52830
2,merchant,MCH2364
2,merchant,MCH6214
2,merchant,MCH6644
2,user,USR77508
2,user,USR38316
2,user,USR27779
2,user,USR37160
2,user,USR48609
2,merchant,MCH1384
2,merchant,MCH3440
2,user,USR80617
2,user,USR74400
2,user,USR80739
2,user,USR32938
2,user,USR14182
2,user,USR65345
2,user,USR84873
2,user,USR69258
2,user,USR46130
2,user,USR66339
2,user,USR20239
2,user,USR95490
2,user,USR11096
2,user,USR96032
2,user,USR96888
2,user,USR65904
2,user,USR86763
2,user,USR16045
2,merchant,MCH4242
2,user,USR57823
2,user,USR99386
2,merchant,MCH2099
2,merchant,MCH3974
2,user,USR50414
2,user,USR94936
2,user,USR10279
2,user,USR78941
2,user,USR21726
2,merchant,MCH1919
2,user,USR26757
2,user,USR31527
2,user,USR45077
2,user,USR42096
2,user,USR74937
2,user,USR53384
2,user,USR94355
2,user,USR86892
2,user,USR40061
2,user,USR48198
2,user,USR90756
2,user,USR62532
2,merchant,MCH9043
2,merchant,MCH1702
2,merchant,MCH7039
2,merchant,MCH5256
2,merchant,MCH2324
2,user,USR65826
2,merchant,MCH4728
2,user,USR58342
2,user,USR36007
2,user,USR38200
2,merchant,MCH6087
2,user,USR65507
2,user,USR94585
2,user,USR87474
2,user,USR86750
2,user,USR31402
2,merchant,MCH3734
2,user,USR34122
2,user,USR92313
2,merchant,MCH4411
2,merchant,MCH3878
2,merchant,MCH1156
2,merchant,MCH5712
2,user,USR25056
2,user,USR26074
2,user,USR91772
2,user,USR20918
2,merchant,MCH8357
2,merchant,MCH1674
2,user,USR51803
2,merchant,MCH9344
2,merchant,MCH7571
2,user,USR97493
2,user,USR55592
2,user,USR18025
2,user,USR48070
2,user,USR75496
2,user,USR59516
2,user,USR99048
2,merchant,MCH6979
2,user,USR25682
2,user,USR74566
2,user,USR44452
2,merchant,MCH9030
2,user,USR75171
2,user,USR59208
2,user,USR72774
2,user,USR77395
2,merchant,MCH9137
2,user,USR26433
2,user,USR15528
2,user,USR66167
2,merchant,MCH9101
2,user,USR97817
2,user,USR96458
2,merchant,MCH9825
2,merchant,MCH5636
2,user,USR96403
2,user,USR73197
2,user,USR82059
2,user,USR18523
2,user,USR92295
2,user,USR64746
2,user,USR42289
2,merchant,MCH5362
2,merchant,MCH5341
2,user,USR12503
2,user,USR26972
2,merchant,MCH9472
2,user,USR42748
2,merchant,MCH5066
2,user,USR10535
2,merchant,MCH6429
2,merchant,MCH2800
2,user,USR13510
2,user,USR28594
2,user,USR87637
2,user,USR60296
2,merchant,MCH1722
2,user,USR43429
2,user,USR24730
2,user,USR20593
2,user,USR41845
2,user,USR19392
2,user,USR40957
2,merchant,MCH6253
2,user,USR27544
2,merchant,MCH5806
2,user,USR63095
2,user,USR81069
2,merchant,MCH3780
2,user,USR49902
2,user,USR35410
2,user,USR13367
2,user,USR14388
2,user,USR95269
2,user,USR74660
2,merchant,MCH5331
2,user,USR95912
2,user,USR79673
2,user,USR97555
2,user,USR57022
2,merchant,MCH1739
2,user,USR50619
2,user,USR14076
2,merchant,MCH5405
2,user,USR70176
2,user,USR57231
2,user,USR58994
2,user,USR53583
2,user,USR77962
2,merchant,MCH2980
2,user,USR30709
2,user,USR23513
2,user,USR77698
2,user,USR12708
2,user,USR94478
2,user,USR89959
2,user,USR54204
2,user,USR31310
2,merchant,MCH2510
2,merchant,MCH5676
2,user,USR52611
2,user,USR50541
2,user,USR39561
2,user,USR97244
2,user,USR73010
2,merchant,MCH1489
2,user,USR87449
2,user,USR63605
2,user,USR36718
2,merchant,MCH8999
2,user,USR63478
2,user,USR15942
2,user,USR99534
2,user,USR94428
2,user,USR21636
2,user,USR21885
2,user,USR24775
2,user,USR33826
2,user,USR61961
2,user,USR30902
2,user,USR10572
2,merchant,MCH2169
2,user,USR49144
2,merchant,MCH4948
2,user,USR72027
2,user,USR42325
2,user,USR39542
2,user,USR21723
2,merchant,MCH3769
2,user,USR20878
2,user,USR36678
2,user,USR36385
2,user,USR70102
2,user,USR61605
2,user,USR93461
2,user,USR50779
2,user,USR61891
2,user,USR80678
2,user,USR66251
2,user,USR75274
2,user,USR72872
2,user,USR70889
2,user,USR75561
2,merchant,MCH8998
2,user,USR56781
2,user,USR66200
2,user,USR95702
2,user,USR30058
2,user,USR89791
2,user,USR60995
2,user,USR88284
2,user,USR40113
2,merchant,MCH3100
2,user,USR70733
2,user,USR42195
2,user,USR97776
2,user,USR66675
2,user,USR32248
2,user,USR72048
2,user,USR49104
2,merchant,MCH1301
2,user,USR42900
2,merchant,MCH1591
2,user,USR61807
2,merchant,MCH1703
2,user,USR36792
2,merchant,MCH6044
2,user,USR50211
2,user,USR86586
2,user,USR52820
2,user,USR81487
2,merchant,MCH8779
2,user,USR80286
2,merchant,MCH3113
2,merchant,MCH9193
2,user,USR85395
2,user,USR38446
2,user,USR67811
2,user,USR72210
2,user,USR37385
2,user,USR71201
2,user,USR42747
2,user,USR36012
2,merchant,MCH1995
2,user,USR74688
2,user,USR29445
2,user,USR93555
2,user,USR52086
2,user,USR98637
2,user,USR76062
2,user,USR45092
2,user,USR59000
2,merchant,MCH2020
2,user,USR14039
2,user,USR90438
2,user,USR59562
2,user,USR79236
2,user,USR36267
2,user,USR54512
2,user,USR52338
2,user,USR71270
2,user,USR24535
2,user,USR97441
2,user,USR87370
2,user,USR74486
2,user,USR16862
2,user,USR39099
2,merchant,MCH6773
2,user,USR78679
2,user,USR26403
2,merchant,MCH8672
2,merchant,MCH9125
2,user,USR99776
2,user,USR17732
2,user,USR84571
2,merchant,MCH8936
2,merchant,MCH6046
2,user,USR36177
2,user,USR32302
2,merchant,MCH5284
2,user,USR99091
2,user,USR20475
2,user,USR65145
2,user,USR52027
2,merchant,MCH2931
2,merchant,MCH6194
2,merchant,MCH6359
2,merchant,MCH2062
2,user,USR93489
2,user,USR41460
2,user,USR23657
2,user,USR49988
2,user,USR70968
2,merchant,MCH1599
2,user,USR45735
2,merchant,MCH1531
2,user,USR97236
2,merchant,MCH3851
2,user,USR21014
2,merchant,MCH8812
2,user,USR99129
2,user,USR50027
2,merchant,MCH1566
2,user,USR65902
2,merchant,MCH5691
2,user,USR44959
2,user,USR36321
2,user,USR87189
2,merchant,MCH8087
2,user,USR14801
2,merchant,MCH3479
2,merchant,MCH6482
2,user,USR65505
2,user,USR37495
2,user,USR10452
2,user,USR25195
2,user,USR35733
2,user,USR64018
2,user,USR89359
2,user,USR35437
2,user,USR16346
2,merchant,MCH5098
2,user,USR92659
2,user,USR24608
2,merchant,MCH4243
2,user,USR91565
2,user,USR33763
2,user,USR38348
2,user,USR66178
2,user,USR99333
2,user,USR85811
2,user,USR32079
2,user,USR70497
2,user,USR35923
2,merchant,MCH8037
2,user,USR43388
2,user,USR19656
2,user,USR19427
2,merchant,MCH5246
2,user,USR95551
2,user,USR69525
2,user,USR68511
2,user,USR68239
2,user,USR77915
2,merchant,MCH1033
2,user,USR11629
2,user,USR22484
2,user,USR12936
2,user,USR42338
2,user,USR36322
2,user,USR18566
2,user,USR95766
2,user,USR75034
2,merchant,MCH6009
2,user,USR55898
2,user,USR29919
2,user,USR42423
2,merchant,MCH6189
2,user,USR18781
2,user,USR33056
2,user,USR82887
2,merchant,MCH8149
2,user,USR28774
2,user,USR65957
2,merchant,MCH8391
2,user,USR74431
2,user,USR84041
2,merchant,MCH9029
2,user,USR39115
2,user,USR98754
2,user,USR90720
2,user,USR50012
2,merchant,MCH7474
2,merchant,MCH3983
2,user,USR18679
2,user,USR37742
2,user,USR85767
2,user,USR51254
2,merchant,MCH6952
2,merchant,MCH5535
2,user,USR94764
2,user,USR57602
2,user,USR34703
2,user,USR16041
2,user,USR40926
2,user,USR17273
2,user,USR40747
2,user,USR19439
2,user,USR86850
2,user,USR25296
2,user,USR20337
2,merchant,MCH4836
2,merchant,MCH5128
2,user,USR67068
2,user,USR30701
2,user,USR77247
2,merchant,MCH5434
2,user,USR77605
2,user,USR34600
2,user,USR94451
2,merchant,MCH4590
2,user,USR13786
2,merchant,MCH7110
2,user,USR91681
2,user,USR88860
2,merchant,MCH4504
2,user,USR75989
2,user,USR64430
2,merchant,MCH6412
2,merchant,MCH6676
2,user,USR77889
2,merchant,MCH2209
2,user,USR55254
2,user,USR37771
2,user,USR90912
2,user,USR90336
2,user,USR79577
2,user,USR62213
2,user,USR21721
2,user,USR99611
2,user,USR47854
2,user,USR28154
2,user,USR42253
2,user,USR77072
2,user,USR99714
2,user,USR12715
2,user,USR31591
2,user,USR80667
2,merchant,MCH3806
2,merchant,MCH5416
2,user,USR99435
2,user,USR62963
2,merchant,MCH5345
2,user,USR46163
2,user,USR55829
2,user,USR31398
2,merchant,MCH6740
2,merchant,MCH1127
2,user,USR93447
2,user,USR57642
2,merchant,MCH1431
2,merchant,MCH5156
2,user,USR28015
2,merchant,MCH2925
2,user,USR72850
2,user,USR38632
2,user,USR79778
2,user,USR42935
2,merchant,MCH9120
2,user,USR30612
2,user,USR94805
2,user,USR59556
2,user,USR82725
2,user,USR34127
2,user,USR80651
2,user,USR50162
2,user,USR83181
2,user,USR21853
2,merchant,MCH8019
2,merchant,MCH9689
2,user,USR14896
2,user,USR99414
2,user,USR82094
2,user,USR70175
2,user,USR53325
2,user,USR41347
2,merchant,MCH6984
2,user,USR40925
2,merchant,MCH6078
2,user,USR79545
2,user,USR92751
2,user,USR87167
2,merchant,MCH4186
2,user,USR70411
2,merchant,MCH7213
2,merchant,MCH7964
2,user,USR16553
2,user,USR27947
2,merchant,MCH7669
2,user,USR88871
2,user,USR94011
2,user,USR96841
2,merchant,MCH2721
2,user,USR65478
2,user,USR37165
2,user,USR30655
2,user,USR51032
2,user,USR54047
2,user,USR16385
2,user,USR92616
2,user,USR82487
2,merchant,MCH1440
2,user,USR22541
2,merchant,MCH1692
2,user,USR27285
2,user,USR74856
2,user,USR16872
2,merchant,MCH8922
2,user,USR87645
2,merchant,MCH6645
2,user,USR31659
2,user,USR82244
2,user,USR55436
2,user,USR50454
2,user,USR86044
2,merchant,MCH3027
2,user,USR45085
2,merchant,MCH8652
2,merchant,MCH1091
2,user,USR67690
2,user,USR73180
2,user,USR18694
2,user,USR22202
2,user,USR55561
2,user,USR97580
2,user,USR12180
2,merchant,MCH7833
2,user,USR37351
2,user,USR48796
2,user,USR81758
2,merchant,MCH2295
2,user,USR78654
2,user,USR51665
2,user,USR27008
2,merchant,MCH9087
2,user,USR66408
2,user,USR61761
2,user,USR42214
2,user,USR41546
2,user,USR61109
2,merchant,MCH7157
2,user,USR48641
2,user,USR63382
2,user,USR12898
2,user,USR79919
2,user,USR96354
2,merchant,MCH4674
2,user,USR29794
2,user,USR99592
2,user,USR53527
2,user,USR39130
2,user,USR32619
2,merchant,MCH4143
2,user,USR51198
2,user,USR49837
2,user,USR22405
2,user,USR23537
2,user,USR63468
2,user,USR28913
2,merchant,MCH3928
2,user,USR22960
2,user,USR62699
2,merchant,MCH4059
2,user,USR93927
2,merchant,MCH8058
2,user,USR18231
2,user,USR21727
2,user,USR23460
2,user,USR81824
2,user,USR87784
2,user,USR34311
2,merchant,MCH7476
2,merchant,MCH8405
2,user,USR71221
2,user,USR81497
2,user,USR62221
2,merchant,MCH3727
2,user,USR47183
2,merchant,MCH4803
2,merchant,MCH8195
2,user,USR17847
2,merchant,MCH1762
2,merchant,MCH4563
2,user,USR41455
2,user,USR40843
2,user,USR38951
2,merchant,MCH4762
2,user,USR48486
2,user,USR42925
2,user,USR92904
2,user,USR60998
2,user,USR12233
2,user,USR33330
2,user,USR99864
2,user,USR27567
2,user,USR98433
2,user,USR11655
2,merchant,MCH8684
2,user,USR86138
2,merchant,MCH4377
2,user,USR24733
2,user,USR12725
2,user,USR27181
2,user,USR80288
2,merchant,MCH5016
2,user,USR78556
2,user,USR99471
2,user,USR39473
2,user,USR17361
2,user,USR68917
2,merchant,MCH2776
2,user,USR42079
2,merchant,MCH9900
2,user,USR33631
2,user,USR75281
2,merchant,MCH4322
2,user,USR88200
2,merchant,MCH1506
2,user,USR63603
2,user,USR31743
2,user,USR52907
2,merchant,MCH1589
2,user,USR41780
2,user,USR81668
2,user,USR97251
2,merchant,MCH8876
2,user,USR64841
2,user,USR80650
2,user,USR10446
2,user,USR79948
2,merchant,MCH1160
2,user,USR37608
2,user,USR39454
2,user,USR48309
2,merchant,MCH9381
2,user,USR87650
2,user,USR84377
2,user,USR43859
2,user,USR13882
2,user,USR56683
2,user,USR37395
2,merchant,MCH4654
2,user,USR56626
2,merchant,MCH8335
2,merchant,MCH4416
2,user,USR81952
2,user,USR97704
2,user,USR15536
2,user,USR19006
2,user,USR18416
2,user,USR24664
2,user,USR73470
2,merchant,MCH1812
2,user,USR16493
2,merchant,MCH7681
2,user,USR52813
2,user,USR92720
2,user,USR59251
2,user,USR68468
2,user,USR86613
2,user,USR13159
2,user,USR47710
2,user,USR63171
2,user,USR89011
2,user,USR99830
2,merchant,MCH2823
2,merchant,MCH7943
2,user,USR30314
2,merchant,MCH4489
2,user,USR39427
2,user,USR50126
2,merchant,MCH6912
2,merchant,MCH9899
2,merchant,MCH1074
2,merchant,MCH9887
2,user,USR84842
2,merchant,MCH5769
2,user,USR72106
2,merchant,MCH3701
2,merchant,MCH5589
2,user,USR11412
2,user,USR86132
2,user,USR21569
2,merchant,MCH6358
2,user,USR83988
2,user,USR30139
2,merchant,MCH9715
2,user,USR30899
2,user,USR30687
2,user,USR84925
2,user,USR32413
2,merchant,MCH3088
2,user,USR27773
2,user,USR29758
2,user,USR49913
2,user,USR66392
2,merchant,MCH6459
2,user,USR22165
2,user,USR63649
2,merchant,MCH9908
2,user,USR50260
2,user,USR32671
2,user,USR98502
2,merchant,MCH8068
2,merchant,MCH8701
2,merchant,MCH4782
2,user,USR88712
2,user,USR39089
2,user,USR30994
2,merchant,MCH9699
2,merchant,MCH3912
2,user,USR42642
2,user,USR83594
2,user,USR91269
2,merchant,MCH6835
2,user,USR67803
2,user,USR57422
2,merchant,MCH1533
2,user,USR34371
2,user,USR90240
2,user,USR59778
2,user,USR39994
2,merchant,MCH5327
2,user,USR71566
2,user,USR65789
2,user,USR85447
2,user,USR30497
2,user,USR84366
2,user,USR78326
2,user,USR85475
2,user,USR20721
2,merchant,MCH9745
2,user,USR84642
2,user,USR22723
2,user,USR68565
2,merchant,MCH1253
2,user,USR29203
2,user,USR46350
2,user,USR26653
2,user,USR33467
2,user,USR86042
2,user,USR74291
2,user,USR77659
2,merchant,MCH1808
2,user,USR62875
2,user,USR51934
2,user,USR58503
2,merchant,MCH2368
2,user,USR54313
2,user,USR25267
2,user,USR99049
2,user,USR64965
2,user,USR27383
2,merchant,MCH6329
2,user,USR75614
2,merchant,MCH1670
2,user,USR77708
2,user,USR14911
2,user,USR29561
2,user,USR85668
2,user,USR42818
2,user,USR55928
2,user,USR98160
2,user,USR25683
2,user,USR65213
2,merchant,MCH9112
2,user,USR16353
2,user,USR58918
2,user,USR67133
2,user,USR46321
2,user,USR34210
2,user,USR74261
2,user,USR46174
2,merchant,MCH5567
2,user,USR89964
2,user,USR13363
2,user,USR89813
2,user,USR95181
2,merchant,MCH1887
2,user,USR37057
2,merchant,MCH8280
2,user,USR26140
2,merchant,MCH2048
2,user,USR30674
2,user,USR38127
2,user,USR12845
2,user,USR16745
2,merchant,MCH7638
2,user,USR41675
2,user,USR41212
2,user,USR12919
2,user,USR18320
2,user,USR72916
2,user,USR23346
2,user,USR50514
2,user,USR20256
2,user,USR36041
2,user,USR49364
2,user,USR23792
2,user,USR19568
2,user,USR62548
2,merchant,MCH4488
2,user,USR12183
2,user,USR43888
2,user,USR89918
2,user,USR20191
2,user,USR98061
2,user,USR91387
2,user,USR93841
2,user,USR74295
2,user,USR70317
2,user,USR98043
2,user,USR90186
2,merchant,MCH5798
2,user,USR22648
2,user,USR30865
2,user,USR64055
2,user,USR24569
2,user,USR33240
2,user,USR48293
2,user,USR52274
2,user,USR73789
2,merchant,MCH3986
2,merchant,MCH1876
2,merchant,MCH5561
2,user,USR67140
2,user,USR24459
2,merchant,MCH5590
2,user,USR81176
2,user,USR35322
2,user,USR92789
2,user,USR39975
2,user,USR74268
2,user,USR62254
2,user,USR69126
2,user,USR61509
2,merchant,MCH2208
2,user,USR70093
2,merchant,MCH2616
2,user,USR60322
2,user,USR80618
2,user,USR10906
2,user,USR37532
2,merchant,MCH6294
2,user,USR79275
2,user,USR11118
2,merchant,MCH7819
2,user,USR33440
2,user,USR10295
2,user,USR78938
2,merchant,MCH8777
2,user,USR18498
2,user,USR18807
2,user,USR20930
2,user,USR26295
2,user,USR58546
2,user,USR67399
2,user,USR15344
2,merchant,MCH7744
2,user,USR27732
2,user,USR77313
2,merchant,MCH9423
2,user,USR16267
2,user,USR73943
2,user,USR84007
2,user,USR44330
2,user,USR67216
2,user,USR75769
2,user,USR65461
2,user,USR80481
2,merchant,MCH9467
2,merchant,MCH9673
2,merchant,MCH1241
2,user,USR27042
2,user,USR36044
2,user,USR24926
2,user,USR13864
2,merchant,MCH2223
2,merchant,MCH4131
2,user,USR39573
2,user,USR25769
2,user,USR79807
2,user,USR96975
2,merchant,MCH6811
2,user,USR51854
2,user,USR13672
2,user,USR28003
2,merchant,MCH7578
2,user,USR27583
2,user,USR46181
2,user,USR91689
2,user,USR54539
2,user,USR17824
2,user,USR60752
2,merchant,MCH9105
2,merchant,MCH8769
2,merchant,MCH1368
2,merchant,MCH3598
2,user,USR10834
2,merchant,MCH4429
2,user,USR68246
2,user,USR14602
2,user,USR59785
2,user,USR45339
2,user,USR34322
2,merchant,MCH3244
2,user,USR58056
2,user,USR58932
2,user,USR93205
2,user,USR61151
2,merchant,MCH9690
2,user,USR62797
2,user,USR46932
2,user,USR41161
2,user,USR80842
2,user,USR74506
2,merchant,MCH6138
2,merchant,MCH3165
2,user,USR64203
2,user,USR63634
2,user,USR76787
2,user,USR20673
2,user,USR61559
2,user,USR95100
2,user,USR14727
2,user,USR78513
2,user,USR83418
2,merchant,MCH4426
2,user,USR42592
2,user,USR75300
2,user,USR20749
2,user,USR85435
2,user,USR24536
2,user,USR97406
2,user,USR47392
2,user,USR32849
2,merchant,MCH8443
2,user,USR86695
2,user,USR64580
2,merchant,MCH5203
2,merchant,MCH6822
2,merchant,MCH8512
2,merchant,MCH2791
2,user,USR86489
2,user,USR66442
2,user,USR87068
2,merchant,MCH9684
2,merchant,MCH5373
2,merchant,MCH7698
2,user,USR99769
2,user,USR57377
2,user,USR48881
2,user,USR82578
2,user,USR20633
2,user,USR28182
2,merchant,MCH7389
2,user,USR85721
2,merchant,MCH9592
2,merchant,MCH7138
2,user,USR79690
2,merchant,MCH4475
2,user,USR52173
2,user,USR56316
2,user,USR21074
2,user,USR26627
2,merchant,MCH9752
2,user,USR59792
2,user,USR41816
2,user,USR35472
2,merchant,MCH3981
2,user,USR72712
2,user,USR17815
2,user,USR89133
2,user,USR56071
2,merchant,MCH4598
2,user,USR48647
2,user,USR26014
2,user,USR39041
2,user,USR59012
2,merchant,MCH6089
2,user,USR47083
2,merchant,MCH6468
2,user,USR39567
2,user,USR14244
2,user,USR83082
2,user,USR57681
2,user,USR94403
2,merchant,MCH4774
2,user,USR24338
2,user,USR12126
2,user,USR72047
2,user,USR53098
2,merchant,MCH3076
2,user,USR39429
2,user,USR69975
2,user,USR43957
2,merchant,MCH8207
2,user,USR23242
2,merchant,MCH3414
2,user,USR79338
2,user,USR20798
2,user,USR92289
2,user,USR36343
2,user,USR96637
2,user,USR62092
2,user,USR51332
2,user,USR35501
2,user,USR38436
2,user,USR92598
2,user,USR37033
2,user,USR33856
2,user,USR74666
2,merchant,MCH2328
2,user,USR80030
2,user,USR60032
2,merchant,MCH4357
2,merchant,MCH3095
2,merchant,MCH2019
2,merchant,MCH6202
2,user,USR46053
2,user,USR50982
2,user,USR52184
2,user,USR19708
2,user,USR32480
2,merchant,MCH1011
2,merchant,MCH5724
2,merchant,MCH3698
2,user,USR45344
2,user,USR58627
2,user,USR15218
2,merchant,MCH1213
2,user,USR96396
2,user,USR21789
2,user,USR85574
2,user,USR68820
2,merchant,MCH7284
2,user,USR72282
2,user,USR40675
2,user,USR90199
2,user,USR49846
2,user,USR19689
2,user,USR83756
2,user,USR61971
2,user,USR16151
2,user,USR76782
2,user,USR67165
2,user,USR92027
2,user,USR12027
2,user,USR64772
2,user,USR51414
2,user,USR28328
2,user,USR30500
2,merchant,MCH9851
2,merchant,MCH9666
2,user,USR58614
2,merchant,MCH9840
2,merchant,MCH3864
2,user,USR10032
2,user,USR63188
2,user,USR38859
2,user,USR90124
2,user,USR71714
2,user,USR82940
2,user,USR43779
2,user,USR73653
2,merchant,MCH9823
2,merchant,MCH5195
2,user,USR12686
2,user,USR24475
2,user,USR36499
2,merchant,MCH3416
2,merchant,MCH5294
2,user,USR53917
2,user,USR84261
2,user,USR93796
2,merchant,MCH9968
2,user,USR16470
2,merchant,MCH9634
2,user,USR28653
2,user,USR70617
2,user,USR44222
2,user,USR27873
2,user,USR80223
2,merchant,MCH4987
2,user,USR26054
2,user,USR50312
2,user,USR27810
2,merchant,MCH8755
2,user,USR96776
2,user,USR38155
2,user,USR18248
2,merchant,MCH4069
2,merchant,MCH2495
2,user,USR89194
2,merchant,MCH9297
2,user,USR22550
2,user,USR98049
2,user,USR69910
2,merchant,MCH1946
2,user,USR74417
2,user,USR23494
2,merchant,MCH5922
2,user,USR34021
2,user,USR58460
2,user,USR84346
2,user,USR66726
2,user,USR84199
2,merchant,MCH3896
2,user,USR62157
2,user,USR51670
2,merchant,MCH4349
2,user,USR37155
2,user,USR42796
2,merchant,MCH2993
2,merchant,MCH8569
2,merchant,MCH2628
2,user,USR25932
2,user,USR84238
2,merchant,MCH8075
2,user,USR36858
2,user,USR79583
2,user,USR31217
2,user,USR87922
2,user,USR89666
2,user,USR31875
2,user,USR50218
2,merchant,MCH7891
2,user,USR29058
2,user,USR62273
2,user,USR60151
2,merchant,MCH6679
2,merchant,MCH8749
2,user,USR74572
2,user,USR28785
2,user,USR72591
2,user,USR12417
2,user,USR89902
2,user,USR25271
2,user,USR37632
2,user,USR89909
2,user,USR80806
2,user,USR71635
2,user,USR62144
2,user,USR17174
2,user,USR62099
2,user,USR51087
2,merchant,MCH5605
2,user,USR55838
2,user,USR95462
2,merchant,MCH1070
2,user,USR31443
2,merchant,MCH9877
2,user,USR84500
2,user,USR30821
2,user,USR34087
2,user,USR49171
2,user,USR98736
2,merchant,MCH5214
2,merchant,MCH6711
2,user,USR70574
2,user,USR61333
2,user,USR87799
2,merchant,MCH9961
2,user,USR37103
2,merchant,MCH1584
2,merchant,MCH9653
2,merchant,MCH2437
2,user,USR66401
2,merchant,MCH9782
2,user,USR86380
2,user,USR35122
2,merchant,MCH4751
2,user,USR22225
2,merchant,MCH4705
2,merchant,MCH3218
2,user,USR10047
2,user,USR85332
2,user,USR38001
2,user,USR58752
2,user,USR63669
2,user,USR23611
2,user,USR30390
2,user,USR20143
2,user,USR83162
2,user,USR40602
2,user,USR21798
2,merchant,MCH3765
2,merchant,MCH5703
2,user,USR21146
2,user,USR90990
2,merchant,MCH2867
2,user,USR29579
2,user,USR39171
2,user,USR12102
2,merchant,MCH5993
2,user,USR65627
2,user,USR33350
2,user,USR50302
2,user,USR15380
2,merchant,MCH8836
2,user,USR42060
2,user,USR62685
2,user,USR39847
2,merchant,MCH2001
2,merchant,MCH6451
2,user,USR13668
2,merchant,MCH8360
2,merchant,MCH6901
2,user,USR56501
2,merchant,MCH6094
2,user,USR88270
2,user,USR39576
2,user,USR97518
2,user,USR11419
2,user,USR69468
2,merchant,MCH2576
2,user,USR25244
2,user,USR41475
2,user,USR66734
2,user,USR76917
2,merchant,MCH7840
2,merchant,MCH7547
2,user,USR57682
2,merchant,MCH6972
2,user,USR46067
2,user,USR50826
2,user,USR63504
2,user,USR88674
2,user,USR76773
2,merchant,MCH6479
2,user,USR62620
2,user,USR78885
2,merchant,MCH1859
2,user,USR32882
2,merchant,MCH5379
2,merchant,MCH1048
2,merchant,MCH6033
2,user,USR89536
2,user,USR16933
2,merchant,MCH4274
2,user,USR42648
2,merchant,MCH4617
2,user,USR42773
2,user,USR76216
2,user,USR13025
2,merchant,MCH1734
2,user,USR26970
2,user,USR14347
2,user,USR29854
2,user,USR24611
2,user,USR21627
2,merchant,MCH5876
2,user,USR64169
2,merchant,MCH4040
2,user,USR11830
2,user,USR20653
2,merchant,MCH1786
2,merchant,MCH8731
2,user,USR22925
2,merchant,MCH1500
2,user,USR38626
2,user,USR86871
2,user,USR50434
2,user,USR67124
2,user,USR97573
2,user,USR61700
2,user,USR37312
2,user,USR79935
2,user,USR83810
2,user,USR76700
2,user,USR21831
2,user,USR22598
2,merchant,MCH5042
2,merchant,MCH7847
2,user,USR91544
2,user,USR52159
2,user,USR68461
2,user,USR44377
2,user,USR56789
2,merchant,MCH5250
2,user,USR66975
2,merchant,MCH5811
2,user,USR12575
2,user,USR25247
2,user,USR51815
2,user,USR41987
2,user,USR10261
2,merchant,MCH9768
2,user,USR50713
2,user,USR17808
2,merchant,MCH5803
2,user,USR69327
2,user,USR50059
2,user,USR12301
2,user,USR44849
2,merchant,MCH1866
2,user,USR56512
2,user,USR83918
2,user,USR96960
2,user,USR86710
2,user,USR67074
2,merchant,MCH1202
2,user,USR99484
2,user,USR31003
2,user,USR20114
2,user,USR99206
2,user,USR21224
2,user,USR40120
2,merchant,MCH3434
2,merchant,MCH8073
2,merchant,MCH1064
2,user,USR76553
2,user,USR29029
2,user,USR10378
2,user,USR17940
2,merchant,MCH4233
2,user,USR10422
2,user,USR55355
2,user,USR19749
2,user,USR45160
2,user,USR93746
2,merchant,MCH4264
2,user,USR89774
2,merchant,MCH8783
2,user,USR80304
2,user,USR51701
2,user,USR48363
2,user,USR51274
2,user,USR27985
2,merchant,MCH7559
2,user,USR47255
2,user,USR18680
2,user,USR39899
2,merchant,MCH5452
2,user,USR62598
2,user,USR26947
2,user,USR69437
2,user,USR61239
2,user,USR77274
2,user,USR83393
2,user,USR32235
2,user,USR66100
2,user,USR34880
2,merchant,MCH5070
2,user,USR66543
2,user,USR27687
2,user,USR54323
2,user,USR62995
2,user,USR64859
2,user,USR76838
2,user,USR20180
2,user,USR13841
2,user,USR34028
2,user,USR59280
2,user,USR97843
2,user,USR42041
2,user,USR34645
2,user,USR13779
2,merchant,MCH8097
2,user,USR78593
2,user,USR79522
2,user,USR93802
2,user,USR81068
2,merchant,MCH3526
2,user,USR32148
2,merchant,MCH1423
2,user,USR35991
2,user,USR39479
2,merchant,MCH1290
2,user,USR60098
2,merchant,MCH4311
2,user,USR37291
2,user,USR33426
2,user,USR48664
2,user,USR11435
2,merchant,MCH1883
2,user,USR48657
2,merchant,MCH6850
2,merchant,MCH5334
2,user,USR28070
2,merchant,MCH6290
2,user,USR55084
2,user,USR96148
2,user,USR24150
2,user,USR46644
2,user,USR85742
2,user,USR37195
2,user,USR93914
2,user,USR25181
2,user,USR89183
2,user,USR79705
2,user,USR88769
2,merchant,MCH3466
2,merchant,MCH2058
2,user,USR74673
2,user,USR98106
2,user,USR17677
2,merchant,MCH1604
2,merchant,MCH5087
2,user,USR84852
2,user,USR74286
2,user,USR38887
2,merchant,MCH9295
2,user,USR64893
2,user,USR41705
2,user,USR32577
2,user,USR11594
2,user,USR96677
2,user,USR11226
2,user,USR20323
2,user,USR20922
2,user,USR83060
2,user,USR78376
2,user,USR44013
2,user,USR40356
2,merchant,MCH8425
2,user,USR13270
2,user,USR63841
2,user,USR49041
2,merchant,MCH9817
2,user,USR14068
2,merchant,MCH8160
2,user,USR84338
2,user,USR84620
2,user,USR42065
2,user,USR58977
2,merchant,MCH1151
2,user,USR89116
2,user,USR87117
2,user,USR27565
2,user,USR78612
2,user,USR70508
2,user,USR89588
2,user,USR91590
2,merchant,MCH8953
2,merchant,MCH3108
2,user,USR34792
2,user,USR39723
2,user,USR17315
2,user,USR85014
2,user,USR95865
2,merchant,MCH9319
2,merchant,MCH1188
2,user,USR42287
2,user,USR36733
2,user,USR13364
2,user,USR39002
2,merchant,MCH3092
2,user,USR75929
2,merchant,MCH3844
2,user,USR61434
2,merchant,MCH7013
2,user,USR37916
2,merchant,MCH1036
2,user,USR26201
2,merchant,MCH3572
2,user,USR58052
2,merchant,MCH5168
2,merchant,MCH7338
2,user,USR82892
2,user,USR34207
2,merchant,MCH2450
2,user,USR81212
2,user,USR85708
2,user,USR31436
2,user,USR69966
2,user,USR14768
2,merchant,MCH7867
2,user,USR34817
2,user,USR21325
2,merchant,MCH7667
2,user,USR76655
2,user,USR39997
2,user,USR36081
2,merchant,MCH2822
2,user,USR70505
2,user,USR65156
2,user,USR56941
2,merchant,MCH3066
2,user,USR93142
2,user,USR63345
2,user,USR44472
2,user,USR60890
2,user,USR56312
2,user,USR96222
2,user,USR51141
2,user,USR50696
2,merchant,MCH9746
2,user,USR66606
2,user,USR77726
2,user,USR54614
2,user,USR35234
2,merchant,MCH9559
2,merchant,MCH1807
2,user,USR53786
2,merchant,MCH1483
2,user,USR91933
2,user,USR32953
2,user,USR85135
2,user,USR62850
2,user,USR11047
2,user,USR31294
2,user,USR85471
2,merchant,MCH2879
2,user,USR30978
2,user,USR28254
2,user,USR48621
2,merchant,MCH5743
2,user,USR68803
2,merchant,MCH7202
2,user,USR21583
2,user,USR85403
2,user,USR86268
2,merchant,MCH6471
2,user,USR45264
2,merchant,MCH6015
2,merchant,MCH6661
2,merchant,MCH3815
2,merchant,MCH5102
2,merchant,MCH6624
2,user,USR53276
2,merchant,MCH9570
2,user,USR65944
2,user,USR36299
2,user,USR33282
2,user,USR75697
2,user,USR18286
2,merchant,MCH4482
2,user,USR25238
2,merchant,MCH3059
2,user,USR79102
2,user,USR23697
2,merchant,MCH4226
2,user,USR27340
2,user,USR59658
2,user,USR79411
2,merchant,MCH1874
2,merchant,MCH2647
2,user,USR77208
2,user,USR29333
2,user,USR54126
2,user,USR71888
2,user,USR49167
2,user,USR14567
2,user,USR87352
2,user,USR89910
2,user,USR23948
2,user,USR20088
2,merchant,MCH8913
2,user,USR94602
2,user,USR38551
2,user,USR71316
2,user,USR55710
2,user,USR65622
2,user,USR88296
2,merchant,MCH8256
2,user,USR82070
2,user,USR10307
2,user,USR93581
2,merchant,MCH5257
2,user,USR94114
2,user,USR60298
2,merchant,MCH2893
2,user,USR84010
2,user,USR97972
2,user,USR87771
2,user,USR55275
2,user,USR96362
2,user,USR61183
2,merchant,MCH8386
2,user,USR93650
2,user,USR34453
2,user,USR44023
2,user,USR29956
2,user,USR37605
2,user,USR88478
2,user,USR60004
2,merchant,MCH7766
2,merchant,MCH3790
2,user,USR87121
2,user,USR72096
2,merchant,MCH3866
2,merchant,MCH2511
2,user,USR98060
2,merchant,MCH7575
2,user,USR40086
2,user,USR28615
2,user,USR22516
2,user,USR60694
2,user,USR75587
2,user,USR74855
2,user,USR87291
2,user,USR78491
2,user,USR99857
2,user,USR26571
2,user,USR59329
2,user,USR38725
2,user,USR31786
2,user,USR15539
2,merchant,MCH5078
2,merchant,MCH3759
2,user,USR21719
2,user,USR62673
2,merchant,MCH7344
2,user,USR23143
2,user,USR59054
2,merchant,MCH8560
2,user,USR39729
2,user,USR63166
2,user,USR27107
2,merchant,MCH1664
2,user,USR64199
2,user,USR82248
2,user,USR65468
2,user,USR44983
2,user,USR82398
2,merchant,MCH2785
2,user,USR60831
2,user,USR61213
2,merchant,MCH5320
2,user,USR70625
2,user,USR23324
2,user,USR98012
2,user,USR94525
2,user,USR85276
2,user,USR87520
2,user,USR75999
2,merchant,MCH7055
2,user,USR18580
2,user,USR44587
2,user,USR22471
2,merchant,MCH7616
2,user,USR25627
2,merchant,MCH4580
2,user,USR61083
2,merchant,MCH7546
2,merchant,MCH6453
2,user,USR25196
2,merchant,MCH6799
2,user,USR76849
2,user,USR18453
2,user,USR32842
2,user,USR19220
2,user,USR94490
2,merchant,MCH1069
2,user,USR34835
2,user,USR25789
2,user,USR50475
2,user,USR77182
2,merchant,MCH5321
2,user,USR18648
2,user,USR29394
2,merchant,MCH6639
2,user,USR62049
2,user,USR24809
2,user,USR98971
2,user,USR56840
2,user,USR35450
2,user,USR12038
2,user,USR54490
2,user,USR35750
2,user,USR65980
2,user,USR45098
2,user,USR32707
2,merchant,MCH6751
2,user,USR21069
2,user,USR13134
2,user,USR49129
2,user,USR27950
2,user,USR25624
2,user,USR58593
2,user,USR67232
2,user,USR34637
2,merchant,MCH4361
2,user,USR33480
2,user,USR11036
2,user,USR94548
2,user,USR66102
2,user,USR51075
2,user,USR54221
2,user,USR55817
2,user,USR18558
2,user,USR45486
2,user,USR49468
2,merchant,MCH4695
2,user,USR48455
2,user,USR26343
2,merchant,MCH6927
2,merchant,MCH6810
2,merchant,MCH1485
2,user,USR77137
2,user,USR19547
2,user,USR34222
2,user,USR77211
2,merchant,MCH5814
2,user,USR36399
2,user,USR56605
2,user,USR43879
2,user,USR57777
2,user,USR33151
2,user,USR52234
2,user,USR54171
2,user,USR75670
2,merchant,MCH1375
2,user,USR88005
2,user,USR18736
2,merchant,MCH8825
2,merchant,MCH1524
2,user,USR65234
2,user,USR57934
2,user,USR99621
2,user,USR30753
2,user,USR22040
2,merchant,MCH8940
2,user,USR90897
2,merchant,MCH6411
2,merchant,MCH4584
2,user,USR39881
2,merchant,MCH6672
2,user,USR53938
2,user,USR77350
2,user,USR58915
2,user,USR95520
2,user,USR95375
2,user,USR79150
2,merchant,MCH8213
2,user,USR56191
2,user,USR62545
2,user,USR66122
2,user,USR86215
2,user,USR27991
2,user,USR24919
2,user,USR74835
2,user,USR13959
2,user,USR47621
2,user,USR21343
2,merchant,MCH8344
2,user,USR80860
2,user,USR27300
2,user,USR61773
2,user,USR17577
2,user,USR55611
2,user,USR12952
2,merchant,MCH1751
2,merchant,MCH4800
2,user,USR87292
2,user,USR67181
2,user,USR53703
2,user,USR61881
2,user,USR25046
2,user,USR96003
2,merchant,MCH3715
2,user,USR52297
2,user,USR88063
2,merchant,MCH7376
2,merchant,MCH4176
2,merchant,MCH6154
2,merchant,MCH8657
2,user,USR77035
2,user,USR64086
2,user,USR44632
2,user,USR93196
2,user,USR70375
2,user,USR39428
2,user,USR73213
2,user,USR38088
2,user,USR77084
2,user,USR49422
2,merchant,MCH2159
2,merchant,MCH8503
2,user,USR13049
2,user,USR16736
2,user,USR45053
2,user,USR12815
2,merchant,MCH8225
2,merchant,MCH6237
2,user,USR94938
2,user,USR29915
2,merchant,MCH5393
2,user,USR96058
2,user,USR42590
2,user,USR12381
2,user,USR26871
2,user,USR22062
2,user,USR68477
2,user,USR56838
2,merchant,MCH6839
2,user,USR29289
2,merchant,MCH2757
2,user,USR95625
2,user,USR40732
2,merchant,MCH1529
2,user,USR76915
2,user,USR44953
2,user,USR88097
2,merchant,MCH7723
2,merchant,MCH9594
2,merchant,MCH3139
2,merchant,MCH9299
2,merchant,MCH1357
2,merchant,MCH2714
2,user,USR55881
2,user,USR47345
2,user,USR87183
2,user,USR79364
2,merchant,MCH1432
2,merchant,MCH1477
2,user,USR81708
2,merchant,MCH3636
2,user,USR25257
2,merchant,MCH2367
2,user,USR23931
2,user,USR28828
2,user,USR14074
2,merchant,MCH8369
2,user,USR29609
2,user,USR24444
2,merchant,MCH8192
2,merchant,MCH1348
2,user,USR52601
2,merchant,MCH8078
2,user,USR30615
2,user,USR64749
2,merchant,MCH8203
2,merchant,MCH8472
2,user,USR68540
2,user,USR39837
2,user,USR54555
2,user,USR94808
2,merchant,MCH9937
2,user,USR46014
2,user,USR13665
2,user,USR89656
2,user,USR89244
2,user,USR51096
2,user,USR70015
2,user,USR84778
2,user,USR33004
2,user,USR12298
2,user,USR92611
2,user,USR14299
2,user,USR42970
2,user,USR47367
2,user,USR95370
2,merchant,MCH3214
2,merchant,MCH2042
2,user,USR79978
2,user,USR87904
2,user,USR44960
2,merchant,MCH6534
2,user,USR88509
2,user,USR79707
2,user,USR25071
2,user,USR23918
2,user,USR85565
2,user,USR38163
2,user,USR27436
2,merchant,MCH7534
2,user,USR96496
2,merchant,MCH5397
2,user,USR49466
2,user,USR44316
2,merchant,MCH7383
2,merchant,MCH1943
2,merchant,MCH9918
2,merchant,MCH5788
2,user,USR99397
2,user,USR84517
2,user,USR54582
2,user,USR79867
2,user,USR25269
2,user,USR45300
2,merchant,MCH9731
2,user,USR82007
2,user,USR83346
2,merchant,MCH9940
2,user,USR84867
2,user,USR11145
2,user,USR12961
2,user,USR73790
2,merchant,MCH7897
2,merchant,MCH9719
2,user,USR86980
2,user,USR75072
2,user,USR36953
2,merchant,MCH9708
2,user,USR24660
2,user,USR24129
2,user,USR83621
2,user,USR69009
2,merchant,MCH7733
2,user,USR12240
2,merchant,MCH4965
2,merchant,MCH6869
2,user,USR94319
2,user,USR23343
2,user,USR34039
2,user,USR21809
2,merchant,MCH7989
2,merchant,MCH2656
2,user,USR95254
2,user,USR72878
2,user,USR36632
2,user,USR65918
2,merchant,MCH3237
2,user,USR84235
2,user,USR94669
2,user,USR18119
2,merchant,MCH4878
2,merchant,MCH2755
2,merchant,MCH1053
2,user,USR63556
2,merchant,MCH1401
2,user,USR53371
2,user,USR81084
2,user,USR31937
2,user,USR38763
2,user,USR50365
2,user,USR94196
2,user,USR39665
2,merchant,MCH1457
2,merchant,MCH2064
2,user,USR16629
2,user,USR40320
2,merchant,MCH3670
2,merchant,MCH7956
2,merchant,MCH3354
2,user,USR72471
2,user,USR79332
2,user,USR20310
2,user,USR59417
2,user,USR67742
2,user,USR94866
2,merchant,MCH1813
2,user,USR87506
2,user,USR64127
2,user,USR50238
2,merchant,MCH8112
2,user,USR57867
2,user,USR68886
2,user,USR85431
2,user,USR73796
2,user,USR35546
2,user,USR97936
2,merchant,MCH2029
2,merchant,MCH8057
2,user,USR49716
2,user,USR98417
2,user,USR38242
2,user,USR15149
2,user,USR82356
2,user,USR52084
2,user,USR40059
2,user,USR44289
2,merchant,MCH6783
2,merchant,MCH9511
2,user,USR44818
2,user,USR51446
2,user,USR87395
2,user,USR64771
2,merchant,MCH7517
2,user,USR59452
2,user,USR41137
2,user,USR14784
2,user,USR61306
2,user,USR70532
2,user,USR55738
2,user,USR48588
2,user,USR73249
2,user,USR71547
2,user,USR12187
2,merchant,MCH5112
2,user,USR49940
2,user,USR61221
2,user,USR56801
2,merchant,MCH8406
2,user,USR59090
2,merchant,MCH5832
2,user,USR16951
2,merchant,MCH8845
2,merchant,MCH7297
2,user,USR76021
2,user,USR62341
2,user,USR98395
2,user,USR43767
2,user,USR97166
2,user,USR20967
2,user,USR63545
2,merchant,MCH4894
2,merchant,MCH3463
2,merchant,MCH8109
2,merchant,MCH9506
2,user,USR32644
2,user,USR91807
2,user,USR49932
2,merchant,MCH9709
2,user,USR62456
2,user,USR63231
2,user,USR56463
2,merchant,MCH2026
2,user,USR28325
2,user,USR34640
2,user,USR96246
2,merchant,MCH8110
2,user,USR36222
2,user,USR30012
2,user,USR59434
2,user,USR50880
2,merchant,MCH1163
2,user,USR23181
2,user,USR27043
2,user,USR73696
2,user,USR23275
2,merchant,MCH7225
2,user,USR26534
2,user,USR47184
2,user,USR14892
2,user,USR76780
2,user,USR78994
2,user,USR44435
2,user,USR64185
2,user,USR72149
2,merchant,MCH7435
2,user,USR52026
2,user,USR80337
2,user,USR50438
2,merchant,MCH1606
2,user,USR66596
2,user,USR85775
2,user,USR47362
2,user,USR77130
2,merchant,MCH5833
2,user,USR80419
2,user,USR39280
2,merchant,MCH7924
2,user,USR99787
2,user,USR54671
2,user,USR59448
2,user,USR64725
2,user,USR97073
2,merchant,MCH4861
2,user,USR21407
2,user,USR34336
2,merchant,MCH5789
2,user,USR71457
2,merchant,MCH2105
2,user,USR70329
2,user,USR28519
2,merchant,MCH8594
2,merchant,MCH3213
2,user,USR30564
2,user,USR87967
2,user,USR64104
2,user,USR49298
2,merchant,MCH4908
2,user,USR63252
2,user,USR44073
2,merchant,MCH1303
2,user,USR85478
2,user,USR83977
2,user,USR75457
2,user,USR15573
2,user,USR32530
2,user,USR69636
2,user,USR34147
2,user,USR64233
2,user,USR45398
2,user,USR73254
2,user,USR31479
2,user,USR11115
2,merchant,MCH2915
2,user,USR19078
2,user,USR80243
2,user,USR35076
2,user,USR84625
2,merchant,MCH7740
2,user,USR26144
2,user,USR42302
2,user,USR10599
2,merchant,MCH7570
2,merchant,MCH7558
2,merchant,MCH4729
2,user,USR57147
2,user,USR58806
2,user,USR28696
2,merchant,MCH7753
2,user,USR97509
2,user,USR46469
2,merchant,MCH2896
2,user,USR91954
2,user,USR74229
2,user,USR57158
2,user,USR49236
2,user,USR67883
2,user,USR73909
2,user,USR88918
2,user,USR33033
2,user,USR53727
2,merchant,MCH6607
2,user,USR62336
2,user,USR32551
2,user,USR97892
2,user,USR50022
2,user,USR46075
2,user,USR24029
2,user,USR95277
2,user,USR90680
2,merchant,MCH7927
2,merchant,MCH5089
2,user,USR22019
2,user,USR91014
2,merchant,MCH5681
2,user,USR32787
2,merchant,MCH6709
2,merchant,MCH8624
2,merchant,MCH3192
2,user,USR74916
2,user,USR65981
2,user,USR13164
2,merchant,MCH2065
2,user,USR54212
2,merchant,MCH7207
2,user,USR78692
2,merchant,MCH9317
2,user,USR70315
2,merchant,MCH3807
2,merchant,MCH8294
2,user,USR56378
2,user,USR57382
2,merchant,MCH1386
2,user,USR17656
2,merchant,MCH1708
2,user,USR51192
2,user,USR72055
2,user,USR42132
2,user,USR74628
2,user,USR53356
2,user,USR73413
2,user,USR66391
2,merchant,MCH8793
2,user,USR73812
2,user,USR99535
2,user,USR82500
2,user,USR55888
2,user,USR85069
2,user,USR21584
2,user,USR66196
2,user,USR99096
2,merchant,MCH5134
2,user,USR45615
2,user,USR42293
2,user,USR25953
2,user,USR71836
2,merchant,MCH2973
2,user,USR53238
2,user,USR39864
2,user,USR21946
2,user,USR14093
2,user,USR43424
2,user,USR42231
2,user,USR83604
2,user,USR73713
2,user,USR93809
2,user,USR44943
2,user,USR31505
2,user,USR41135
2,user,USR75235
2,merchant,MCH8832
2,user,USR62901
2,user,USR52526
2,user,USR15184
2,user,USR92400
2,merchant,MCH1416
2,user,USR94912
2,user,USR85655
2,user,USR28690
2,user,USR49823
2,user,USR99125
2,user,USR29344
2,user,USR20076
2,user,USR18198
2,merchant,MCH8125
2,user,USR34961
2,user,USR51661
2,merchant,MCH9131
2,merchant,MCH9291
2,user,USR84100
2,merchant,MCH6426
2,user,USR73797
2,user,USR69160
2,merchant,MCH8856
2,user,USR37864
2,user,USR21484
2,merchant,MCH5563
2,user,USR42929
2,user,USR53075
2,merchant,MCH9757
2,user,USR90627
2,merchant,MCH9917
2,user,USR82983
2,user,USR26621
2,merchant,MCH7249
2,merchant,MCH4394
2,merchant,MCH5670
2,user,USR49210
2,user,USR93656
2,merchant,MCH2603
2,user,USR24948
2,merchant,MCH3897
2,merchant,MCH9587
2,merchant,MCH5580
2,user,USR61351
2,merchant,MCH5012
2,merchant,MCH5661
2,merchant,MCH8031
2,user,USR30083
2,user,USR75648
2,user,USR55185
2,merchant,MCH5459
2,user,USR48331
2,user,USR10648
2,user,USR75046
2,user,USR72748
2,user,USR29662
2,user,USR13313
2,user,USR79761
2,user,USR59998
2,user,USR14269
2,user,USR26009
2,user,USR77746
2,merchant,MCH7240
2,merchant,MCH2859
2,user,USR32245
2,user,USR53189
2,merchant,MCH5122
2,user,USR46365
2,user,USR43371
2,user,USR95074
2,user,USR21162
2,user,USR15018
2,user,USR98905
2,user,USR48625
2,merchant,MCH8265
2,user,USR86263
2,user,USR25687
2,merchant,MCH2633
2,user,USR33412
2,user,USR73976
2,user,USR54255
2,user,USR38257
2,user,USR46536
2,user,USR51799
2,user,USR33215
2,user,USR30750
2,user,USR62521
2,user,USR58071
2,user,USR78529
2,merchant,MCH1686
2,merchant,MCH6598
2,user,USR84588
2,user,USR79285
2,user,USR10731
2,merchant,MCH6985
2,user,USR11668
2,user,USR28596
2,merchant,MCH8084
2,user,USR11522
2,user,USR83112
2,user,USR17612
2,user,USR50077
2,user,USR10669
2,user,USR85217
2,user,USR53942
2,user,USR35700
2,user,USR13340
2,user,USR46612
2,merchant,MCH3535
2,user,USR99055
2,user,USR56287
2,merchant,MCH1770
2,user,USR48721
2,user,USR94084
2,merchant,MCH5954
2,user,USR18076
2,user,USR52697
2,merchant,MCH2943
2,user,USR87264
2,user,USR84606
2,merchant,MCH2461
2,merchant,MCH5742
2,user,USR31023
2,user,USR35477
2,user,USR85837
2,user,USR36131
2,user,USR92278
2,user,USR42543
2,user,USR41785
2,merchant,MCH5491
2,user,USR13823
2,merchant,MCH3477
2,user,USR98255
2,user,USR19243
2,user,USR60510
2,user,USR30925
2,merchant,MCH4960
2,user,USR17910
2,merchant,MCH9462
2,user,USR32589
2,user,USR73061
2,user,USR33364
2,user,USR51069
2,user,USR59356
2,user,USR22251
2,merchant,MCH2549
2,merchant,MCH2484
2,user,USR93870
2,user,USR97597
2,user,USR87859
2,user,USR88941
2,user,USR27151
2,user,USR80780
2,user,USR36764
2,user,USR72861
2,user,USR90740
2,merchant,MCH5669
2,merchant,MCH1638
2,user,USR96789
2,merchant,MCH6727
2,user,USR58318
2,user,USR66261
2,user,USR27173
2,user,USR47144
2,user,USR64884
2,user,USR22908
2,user,USR50613
2,user,USR35935
2,user,USR88168
2,user,USR48999
2,user,USR73992
2,merchant,MCH1838
2,user,USR53996
2,user,USR96555
2,merchant,MCH3542
2,user,USR23617
2,user,USR21880
2,user,USR88793
2,merchant,MCH2299
2,user,USR25989
2,user,USR98836
2,merchant,MCH5967
2,merchant,MCH6656
2,user,USR34582
2,user,USR11727
2,merchant,MCH8039
2,merchant,MCH3363
2,merchant,MCH1014
2,user,USR56391
2,user,USR55205
2,user,USR39600
2,user,USR55594
2,user,USR42956
2,user,USR84244
2,user,USR10827
2,user,USR23277
2,user,USR79175
2,user,USR39555
2,merchant,MCH7133
2,merchant,MCH8274
2,user,USR90904
2,user,USR35582
2,merchant,MCH1222
2,merchant,MCH3610
2,user,USR72273
2,merchant,MCH5166
2,user,USR87767
2,user,USR29403
2,user,USR93683
2,merchant,MCH8345
2,user,USR25934
2,merchant,MCH3341
2,merchant,MCH6074
2,user,USR40210
2,user,USR56944
2,user,USR75439
2,user,USR91825
2,merchant,MCH6508
2,merchant,MCH8008
2,user,USR82688
2,merchant,MCH1045
2,user,USR28706
2,user,USR85566
2,merchant,MCH5175
2,user,USR99021
2,merchant,MCH4378
2,merchant,MCH6452
2,user,USR64293
2,user,USR63160
2,user,USR16922
2,merchant,MCH5146
2,user,USR89358
2,user,USR21632
2,user,USR78241
2,user,USR70193
2,merchant,MCH5624
2,user,USR96715
2,user,USR15888
2,user,USR30273
2,merchant,MCH6498
2,user,USR39123
2,merchant,MCH3342
2,merchant,MCH8542
2,merchant,MCH1362
2,user,USR10288
2,user,USR23921
2,user,USR46265
2,user,USR92406
2,user,USR46674
2,user,USR67389
2,user,USR35826
2,user,USR20953
2,user,USR15407
2,merchant,MCH4473
2,merchant,MCH1244
2,user,USR87558
2,user,USR30903
2,user,USR12368
2,merchant,MCH7078
2,user,USR77460
2,user,USR39024
2,user,USR85605
2,user,USR61936
2,merchant,MCH5572
2,user,USR61224
2,user,USR32045
2,user,USR29864
2,user,USR53004
2,merchant,MCH5265
2,merchant,MCH5976
2,user,USR64446
2,user,USR71342
2,merchant,MCH5974
2,user,USR54588
2,user,USR58639
2,user,USR79968
2,merchant,MCH1712
2,user,USR73313
2,user,USR77973
2,merchant,MCH9422
2,user,USR66685
2,user,USR61729
2,merchant,MCH1721
2,user,USR67325
2,merchant,MCH9290
2,merchant,MCH3794
2,user,USR59724
2,user,USR74488
2,user,USR57852
2,user,USR57379
2,user,USR59428
2,user,USR18014
2,user,USR19838
2,user,USR87074
2,merchant,MCH1082
2,merchant,MCH2098
2,merchant,MCH1752
2,user,USR53546
2,user,USR49791
2,user,USR26268
2,merchant,MCH4750
2,user,USR38784
2,user,USR22277
2,user,USR67667
2,user,USR83849
2,user,USR33116
2,merchant,MCH2478
2,merchant,MCH3306
2,user,USR66224
2,merchant,MCH9648
2,merchant,MCH1052
2,user,USR21930
2,user,USR36590
2,merchant,MCH1273
2,merchant,MCH5627
2,merchant,MCH6886
2,merchant,MCH7357
2,user,USR70852
2,user,USR47057
2,user,USR48525
2,user,USR64085
2,merchant,MCH9294
2,user,USR29988
2,user,USR42272
2,user,USR17938
2,user,USR76289
2,user,USR34238
2,user,USR14112
2,user,USR55620
2,merchant,MCH7983
2,user,USR99802
2,user,USR66924
2,merchant,MCH7783
2,merchant,MCH3501
2,user,USR49847
2,user,USR23294
2,user,USR25216
2,merchant,MCH1539
2,merchant,MCH9482
2,merchant,MCH6335
2,user,USR22845
2,user,USR62106
2,user,USR13692
2,merchant,MCH7804
2,user,USR17115
2,user,USR52887
2,merchant,MCH6943
2,user,USR61642
2,user,USR44494
2,user,USR88430
2,merchant,MCH5885
2,user,USR85041
2,user,USR17798
2,user,USR76054
2,merchant,MCH8772
2,merchant,MCH7535
2,merchant,MCH4535
2,user,USR22372
2,user,USR12879
2,user,USR76886
2,user,USR71300
2,user,USR84917
2,merchant,MCH7217
2,user,USR20552
2,user,USR66160
2,user,USR34410
2,user,USR23875
2,user,USR85865
2,user,USR43455
2,merchant,MCH4194
2,user,USR49193
2,user,USR11730
2,user,USR59058
2,user,USR30819
2,user,USR24314
2,user,USR86858
2,user,USR61393
2,user,USR69987
2,user,USR75302
2,user,USR96050
2,user,USR75806
2,user,USR15488
2,user,USR24872
2,user,USR17760
2,merchant,MCH1450
2,user,USR30631
2,merchant,MCH3783
2,merchant,MCH6292
2,merchant,MCH1205
2,user,USR18997
2,user,USR59125
2,merchant,MCH2928
2,user,USR70818
2,merchant,MCH8059
2,user,USR92842
2,user,USR72549
2,user,USR20769
2,user,USR41718
2,merchant,MCH5805
2,user,USR81878
2,user,USR27757
2,merchant,MCH4588
2,user,USR84381
2,merchant,MCH1269
2,user,USR85146
2,user,USR80076
2,user,USR52233
2,merchant,MCH7908
2,user,USR22284
2,user,USR34713
2,user,USR80424
2,user,USR71306
2,user,USR59147
2,merchant,MCH5324
2,merchant,MCH4181
2,user,USR60701
2,user,USR88935
2,user,USR53992
2,user,USR82597
2,merchant,MCH8760
2,user,USR98250
2,user,USR46258
2,user,USR88819
2,user,USR30648
2,user,USR60818
2,user,USR40561
2,user,USR80284
2,user,USR19508
2,user,USR84188
2,user,USR91265
2,user,USR59847
2,user,USR89506
2,merchant,MCH5430
2,user,USR69208
2,merchant,MCH8547
2,user,USR26098
2,merchant,MCH7816
2,user,USR48691
2,user,USR72986
2,merchant,MCH1999
2,user,USR34056
2,merchant,MCH5550
2,user,USR36913
2,merchant,MCH3835
2,merchant,MCH1063
2,merchant,MCH2055
2,user,USR51725
2,user,USR56748
2,merchant,MCH3115
2,user,USR11331
2,merchant,MCH6533
2,merchant,MCH8919
2,user,USR59401
2,user,USR32631
2,user,USR45600
2,user,USR15602
2,user,USR39318
2,user,USR56200
2,user,USR99746
2,user,USR43011
2,user,USR53903
2,user,USR52097
2,user,USR26893
2,merchant,MCH4824
2,user,USR26387
2,user,USR17657
2,merchant,MCH1809
2,merchant,MCH7278
2,user,USR18030
2,user,USR49595
2,user,USR93887
2,merchant,MCH9504
2,user,USR29301
2,merchant,MCH9984
2,user,USR98790
2,user,USR45973
2,merchant,MCH4428
2,merchant,MCH6424
2,user,USR31452
2,user,USR81636
2,merchant,MCH6496
2,user,USR57170
2,merchant,MCH3252
2,user,USR87948
2,user,USR19075
2,merchant,MCH8675
2,user,USR47156
2,merchant,MCH2123
2,user,USR90190
2,user,USR91906
2,user,USR92572
2,merchant,MCH6341
2,merchant,MCH2032
2,user,USR94466
2,user,USR30072
2,user,USR11659
2,user,USR87033
2,user,USR32041
2,user,USR41312
2,user,USR52948
2,merchant,MCH6441
2,user,USR96121
2,user,USR27555
2,user,USR48730
2,user,USR93518
2,merchant,MCH6628
2,user,USR52532
2,user,USR73641
2,user,USR77969
2,user,USR26160
2,merchant,MCH8094
2,merchant,MCH2375
2,merchant,MCH7732
2,merchant,MCH4309
2,merchant,MCH4574
2,user,USR48479
2,user,USR43460
2,user,USR81401
2,user,USR21776
2,user,USR44191
2,user,USR42664
2,user,USR32515
2,user,USR14813
2,user,USR65381
2,user,USR88930
2,merchant,MCH5914
2,user,USR26761
2,user,USR90854
2,user,USR40241
2,user,USR98980
2,user,USR20871
2,merchant,MCH2960
2,user,USR29465
2,user,USR94603
2,merchant,MCH3099
2,user,USR69795
2,user,USR85788
2,user,USR49489
2,user,USR34070
2,user,USR38807
2,user,USR63462
2,user,USR85950
2,merchant,MCH6838
2,user,USR82738
2,merchant,MCH4355
2,user,USR15980
2,user,USR15783
2,merchant,MCH7986
2,merchant,MCH7377
2,user,USR38240
2,user,USR99732
2,merchant,MCH8720
2,merchant,MCH5208
2,user,USR87422
2,user,USR32595
2,user,USR96884
2,user,USR36766
2,merchant,MCH5608
2,merchant,MCH9495
2,user,USR46524
2,user,USR64811
2,merchant,MCH8188
2,user,USR50308
2,merchant,MCH4547
2,user,USR97364
2,user,USR69863
2,user,USR53435
2,merchant,MCH9778
2,user,USR86615
2,merchant,MCH6809
2,merchant,MCH3778
2,user,USR68746
2,user,USR93392
2,user,USR81712
2,user,USR56088
2,user,USR69806
2,merchant,MCH9206
2,merchant,MCH4608
2,user,USR62244
2,user,USR78215
2,user,USR19411
2,merchant,MCH7888
3,merchant,MCH8176
3,user,USR42869
3,merchant,MCH7961
3,user,USR46814
3,user,USR64936
3,user,USR53025
3,user,USR94340
3,user,USR74082
3,merchant,MCH9677
3,user,USR10007
3,merchant,MCH2501
4,merchant,MCH4787
4,user,USR24267
4,user,USR34134
4,merchant,MCH6493
4,user,USR14730
4,user,USR97602
4,user,USR59787
4,user,USR10011
5,merchant,MCH9499
5,user,USR30173
5,user,USR10012
5,user,USR99244
5,user,USR84740
6,merchant,MCH8681
6,user,USR91971
6,merchant,MCH3949
6,user,USR71016
6,user,USR82554
6,user,USR15733
6,user,USR23538
6,user,USR10017
7,user,USR35263
7,user,USR10027
7,user,USR19262
7,merchant,MCH7654
8,user,USR10035
8,user,USR14952
8,merchant,MCH7111
9,user,USR60144
9,user,USR85454
9,merchant,MCH1611
9,user,USR44445
9,merchant,MCH3097
9,user,USR10042
9,user,USR23493
9,user,USR66989
9,user,USR34052
9,merchant,MCH5808
10,user,USR84956
10,user,USR63060
10,user,USR13980
10,merchant,MCH8711
10,merchant,MCH1689
10,user,USR35467
10,user,USR69695
10,user,USR49740
10,user,USR30014
10,user,USR44668
10,user,USR30222
10,merchant,MCH2023
10,user,USR10044
10,user,USR86142
10,merchant,MCH1264
11,merchant,MCH2198
11,user,USR10046
11,user,USR21353
12,merchant,MCH4138
12,user,USR10055
13,merchant,MCH9608
13,user,USR10060
14,user,USR60879
14,merchant,MCH7854
14,user,USR64419
14,user,USR10061
15,user,USR87989
15,user,USR26766
15,user,USR33192
15,merchant,MCH5224
15,user,USR64017
15,user,USR82456
15,user,USR10064
15,user,USR79302
15,merchant,MCH1525
16,user,USR38821
16,user,USR65236
16,user,USR39225
16,user,USR10069
16,user,USR37244
16,merchant,MCH7948
17,user,USR10071
17,merchant,MCH1139
18,user,USR47405
18,user,USR62575
18,user,USR10074
18,merchant,MCH7343
18,user,USR80469
18,user,USR24406
18,merchant,MCH6217
19,user,USR10075
19,user,USR84621
19,user,USR30543
19,user,USR97663
19,user,USR62793
19,merchant,MCH1278
20,user,USR10078
20,merchant,MCH9972
21,user,USR18751
21,user,USR85191
21,user,USR24519
21,user,USR63295
21,merchant,MCH9212
21,user,USR43734
21,merchant,MCH5758
21,user,USR20822
21,user,USR39521
21,merchant,MCH8082
21,merchant,MCH6549
21,user,USR10085
21,user,USR88049
21,user,USR35989
22,merchant,MCH2137
22,user,USR83235
22,user,USR10086
22,user,USR12722
23,merchant,MCH6132
23,user,USR10088
24,user,USR77021
24,user,USR89084
24,user,USR10094
24,merchant,MCH1173
24,user,USR49870
24,user,USR61546
25,user,USR42804
25,user,USR90818
25,user,USR27824
25,user,USR10100
25,merchant,MCH2458
26,user,USR51134
26,user,USR43469
26,user,USR42931
26,merchant,MCH5209
26,user,USR43795
26,user,USR55876
26,user,USR57403
26,user,USR26486
26,user,USR13163
26,user,USR23093
26,merchant,MCH8925
26,merchant,MCH7308
26,user,USR24257
26,user,USR15786
26,user,USR94922
26,merchant,MCH3848
26,merchant,MCH5182
26,user,USR39387
26,user,USR32323
26,merchant,MCH4652
26,user,USR15179
26,user,USR39536
26,user,USR24347
26,user,USR10104
26,merchant,MCH3677
26,user,USR37297
26,user,USR78549
26,merchant,MCH8178
26,user,USR13329
27,user,USR35735
27,user,USR10107
27,user,USR20164
27,merchant,MCH2424
27,user,USR54843
27,user,USR51512
28,user,USR24602
28,user,USR10110
28,user,USR59842
28,merchant,MCH5014
29,user,USR10119
29,merchant,MCH2039
29,user,USR47068
30,user,USR30696
30,merchant,MCH1210
30,user,USR29925
30,user,USR10125
31,merchant,MCH9275
31,merchant,MCH4324
31,user,USR34782
31,merchant,MCH8398
31,user,USR10128
31,user,USR83342
31,user,USR91382
31,user,USR28141
31,merchant,MCH1174
31,user,USR46133
31,user,USR93706
31,user,USR10342
32,user,USR10134
32,user,USR39423
32,merchant,MCH2185
33,merchant,MCH4386
33,user,USR10142
33,merchant,MCH3620
33,user,USR50153
33,user,USR57018
33,user,USR12204
34,user,USR64847
34,user,USR44997
34,user,USR41381
34,user,USR84072
34,merchant,MCH8145
34,user,USR96593
34,merchant,MCH1898
34,merchant,MCH2300
34,user,USR10147
34,user,USR72937
34,user,USR16079
34,user,USR27657
34,user,USR97988
34,merchant,MCH4643
34,merchant,MCH8455
34,merchant,MCH3275
34,user,USR57785
34,user,USR91309
34,user,USR53190
34,user,USR94185
34,user,USR88661
34,user,USR72375
34,user,USR67565
34,user,USR80837
34,user,USR15604
34,user,USR70583
34,user,USR80510
34,user,USR14769
34,user,USR87019
34,merchant,MCH4786
35,user,USR67301
35,user,USR60486
35,user,USR31098
35,merchant,MCH1421
35,user,USR62007
35,user,USR10156
36,user,USR85597
36,user,USR10159
36,user,USR70383
36,user,USR33397
36,user,USR33953
36,merchant,MCH6131
36,merchant,MCH2522
36,user,USR82674
36,user,USR85810
37,merchant,MCH5072
37,user,USR69810
37,user,USR24383
37,user,USR30284
37,user,USR22424
37,user,USR62004
37,user,USR83394
37,user,USR19352
37,merchant,MCH5990
37,user,USR10160
38,user,USR10162
38,merchant,MCH5445
38,merchant,MCH8198
38,user,USR29493
38,user,USR95041
38,user,USR61491
38,user,USR76326
39,merchant,MCH3772
39,user,USR52702
39,merchant,MCH9950
39,user,USR46673
39,user,USR10168
39,merchant,MCH8358
39,user,USR65144
39,merchant,MCH6924
39,user,USR25493
39,user,USR28312
39,user,USR44917
39,user,USR81299
39,user,USR92837
40,merchant,MCH9806
40,user,USR10186
40,merchant,MCH8364
40,user,USR90441
41,merchant,MCH5597
41,merchant,MCH6466
41,user,USR59554
41,user,USR62321
41,user,USR98539
41,user,USR26988
41,user,USR19290
41,user,USR88230
41,user,USR10190
41,merchant,MCH4895
41,user,USR45027
41,user,USR63528
41,user,USR14027
42,user,USR12361
42,merchant,MCH9375
42,user,USR43414
42,user,USR70806
42,user,USR91577
42,user,USR10193
43,merchant,MCH1412
43,user,USR48249
43,user,USR59194
43,user,USR24450
43,user,USR10195
44,user,USR15960
44,user,USR38221
44,merchant,MCH4153
44,user,USR10196
44,user,USR14556
45,user,USR77128
45,user,USR28012
45,user,USR44021
45,user,USR12553
45,user,USR61748
45,merchant,MCH4733
45,user,USR85925
45,user,USR10197
45,user,USR90842
45,merchant,MCH6735
45,user,USR10270
45,user,USR95316
45,merchant,MCH9804
45,merchant,MCH9385
45,user,USR37257
45,user,USR45501
45,user,USR62751
46,user,USR59431
46,user,USR87465
46,user,USR78008
46,merchant,MCH1897
46,user,USR10201
47,user,USR10207
47,user,USR55026
47,merchant,MCH6958
47,user,USR34199
47,user,USR46158
47,merchant,MCH4636
48,merchant,MCH7625
48,merchant,MCH2346
48,user,USR10208
48,user,USR26719
48,merchant,MCH4559
48,user,USR75433
48,user,USR13440
48,user,USR81717
48,user,USR40002
48,merchant,MCH8077
48,user,USR79822
49,user,USR98301
49,merchant,MCH7087
49,user,USR88673
49,user,USR10226
49,user,USR36642
49,user,USR41380
49,merchant,MCH1277
50,user,USR10250
50,user,USR84401
50,merchant,MCH7688
51,user,USR76123
51,user,USR51717
51,user,USR67392
51,user,USR97828
51,merchant,MCH5366
51,user,USR97941
51,user,USR32531
51,user,USR93522
51,user,USR74597
51,user,USR10255
51,merchant,MCH4404
51,merchant,MCH6246
51,merchant,MCH5520
51,user,USR84256
51,user,USR72341
51,merchant,MCH1517
51,user,USR17318
52,user,USR27919
52,merchant,MCH4534
52,merchant,MCH2840
52,user,USR10259
52,user,USR76148
52,user,USR55621
52,user,USR36089
53,user,USR19979
53,user,USR13215
53,merchant,MCH4702
53,merchant,MCH3796
53,merchant,MCH1890
53,user,USR44388
53,user,USR11511
53,user,USR88823
53,merchant,MCH3101
53,merchant,MCH7016
53,user,USR40359
53,user,USR87623
53,user,USR10264
53,user,USR49223
53,user,USR90991
53,user,USR71906
54,merchant,MCH6512
54,user,USR69905
54,merchant,MCH2700
54,user,USR31413
54,user,USR36274
54,user,USR77435
54,user,USR71138
54,user,USR16159
54,user,USR30582
54,user,USR31165
54,user,USR96271
54,user,USR39205
54,user,USR10560
54,user,USR55365
54,merchant,MCH2752
54,merchant,MCH8656
54,user,USR15624
54,user,USR48537
54,user,USR74618
54,merchant,MCH4646
54,user,USR84311
54,merchant,MCH1672
54,user,USR73874
54,user,USR15456
54,user,USR63408
54,merchant,MCH7511
54,user,USR57027
54,merchant,MCH4770
54,user,USR54740
54,user,USR31939
54,user,USR57358
54,user,USR42151
54,merchant,MCH2708
54,user,USR78790
54,merchant,MCH8969
54,user,USR10273
54,user,USR56807
54,user,USR10503
54,user,USR31660
54,merchant,MCH8707
54,user,USR82112
54,user,USR65686
55,merchant,MCH8795
55,user,USR70734
55,user,USR10276
55,user,USR27253
55,user,USR49209
55,user,USR14000
56,merchant,MCH6287
56,user,USR61328
56,user,USR63906
56,user,USR10286
56,user,USR80788
57,merchant,MCH8380
57,user,USR65372
57,merchant,MCH8976
57,user,USR94900
57,merchant,MCH4081
57,user,USR65264
57,user,USR24690
57,user,USR84928
57,user,USR90492
57,user,USR66935
57,merchant,MCH7776
57,user,USR77108
57,user,USR59498
57,merchant,MCH8042
57,user,USR79420
57,user,USR25927
57,user,USR80210
57,user,USR10294
57,user,USR59398
58,user,USR24736
58,merchant,MCH9934
58,user,USR10301
59,merchant,MCH2245
59,user,USR26553
59,user,USR68283
59,user,USR10303
59,merchant,MCH1488
59,user,USR68552
59,user,USR38378
59,user,USR64048
60,user,USR38622
60,user,USR10317
60,merchant,MCH6444
61,merchant,MCH8055
61,user,USR10322
61,user,USR44400
62,user,USR51252
62,user,USR86864
62,merchant,MCH9045
62,user,USR16879
62,user,USR78162
62,user,USR36687
62,merchant,MCH1308
62,merchant,MCH8826
62,merchant,MCH3948
62,user,USR79375
62,user,USR17650
62,user,USR10325
62,user,USR81893
62,user,USR25450
63,merchant,MCH2326
63,user,USR90226
63,user,USR95256
63,user,USR10326
63,merchant,MCH8650
64,user,USR30572
64,merchant,MCH1129
64,user,USR10330
64,user,USR91946
64,user,USR57718
65,user,USR94833
65,merchant,MCH4178
65,user,USR10347
65,user,USR74585
65,user,USR39156
65,user,USR26926
65,merchant,MCH5231
65,user,USR22339
66,user,USR10349
66,merchant,MCH1637
66,user,USR44171
67,user,USR95001
67,merchant,MCH2182
67,user,USR55135
67,user,USR35020
67,merchant,MCH3445
67,user,USR56145
67,user,USR10352
67,user,USR70338
67,merchant,MCH4541
67,user,USR78684
68,user,USR93484
68,merchant,MCH8900
68,user,USR99849
68,merchant,MCH3643
68,user,USR99056
68,merchant,MCH2937
68,user,USR83700
68,user,USR14208
68,user,USR30913
68,user,USR85109
68,user,USR62329
68,user,USR80493
68,user,USR71044
68,user,USR10358
68,user,USR72517
68,user,USR15163
69,user,USR42191
69,user,USR44049
69,merchant,MCH7770
69,merchant,MCH8130
69,user,USR23311
69,user,USR66062
69,user,USR44669
69,user,USR72710
69,merchant,MCH1378
69,user,USR14823
69,user,USR45731
69,merchant,MCH5040
69,user,USR52072
69,user,USR82030
69,user,USR25606
69,user,USR60840
69,merchant,MCH2009
69,user,USR42363
69,user,USR75678
69,merchant,MCH7814
69,user,USR14426
69,user,USR77755
69,user,USR47291
69,user,USR10363
69,user,USR57167
69,user,USR70718
69,merchant,MCH8807
70,user,USR91768
70,user,USR15234
70,merchant,MCH6823
70,merchant,MCH7982
70,user,USR81259
70,user,USR18345
70,merchant,MCH6125
70,user,USR51808
70,user,USR83185
70,user,USR71784
70,user,USR44225
70,user,USR16239
70,user,USR10484
70,merchant,MCH1361
70,user,USR85115
70,user,USR71375
70,merchant,MCH2519
70,user,USR10364
70,user,USR78300
70,user,USR30340
71,merchant,MCH2303
71,user,USR96017
71,merchant,MCH3748
71,user,USR18400
71,user,USR94142
71,merchant,MCH9727
71,user,USR36629
71,user,USR31816
71,user,USR10365
71,user,USR62750
71,user,USR44825
71,user,USR50404
71,user,USR94414
71,user,USR81754
71,user,USR36033
71,user,USR98697
71,user,USR91062
71,user,USR75361
71,user,USR15987
71,user,USR61025
71,user,USR64464
71,user,USR21976
71,user,USR88179
71,merchant,MCH6575
71,user,USR23680
71,user,USR60109
71,user,USR29762
71,merchant,MCH5047
71,user,USR64997
71,user,USR62989
71,user,USR11275
71,user,USR25163
71,user,USR67082
71,user,USR87941
71,merchant,MCH9920
71,user,USR33944
71,user,USR60364
71,user,USR70749
71,user,USR75548
71,user,USR76526
71,user,USR41305
71,merchant,MCH8556
71,user,USR30172
71,user,USR25902
71,user,USR23350
71,user,USR98257
71,user,USR24300
71,user,USR50694
71,user,USR88130
71,merchant,MCH4350
71,user,USR10571
71,merchant,MCH6258
71,merchant,MCH5861
71,user,USR94755
71,user,USR66550
71,user,USR39933
71,user,USR59397
71,user,USR91583
71,user,USR50841
71,user,USR16076
71,merchant,MCH4418
71,user,USR85354
71,user,USR51936
71,merchant,MCH9444
71,merchant,MCH6178
71,merchant,MCH8136
71,merchant,MCH8581
71,merchant,MCH1997
71,user,USR83763
71,user,USR26223
71,user,USR39712
71,user,USR71509
71,user,USR22759
71,user,USR97543
71,user,USR85301
71,user,USR93020
71,merchant,MCH9135
71,user,USR46422
71,user,USR29391
71,user,USR94370
71,user,USR33989
71,user,USR62876
71,user,USR93454
71,user,USR85085
71,merchant,MCH1195
71,user,USR34263
71,user,USR97789
72,user,USR10366
72,user,USR46942
72,merchant,MCH1062
73,merchant,MCH1005
73,user,USR10369
73,user,USR42124
74,user,USR10373
74,merchant,MCH8606
75,user,USR78022
75,user,USR23305
75,user,USR10382
75,merchant,MCH6531
76,merchant,MCH6061
76,user,USR73752
76,user,USR94622
76,merchant,MCH7461
76,user,USR19784
76,user,USR97393
76,user,USR64401
76,user,USR10385
76,user,USR61521
76,user,USR94542
76,user,USR62035
77,user,USR23737
77,user,USR14051
77,merchant,MCH1779
77,user,USR10391
77,user,USR57088
77,merchant,MCH2155
78,user,USR80014
78,user,USR54759
78,user,USR10393
78,user,USR67305
78,user,USR65818
78,user,USR64318
78,merchant,MCH6824
78,user,USR15895
78,merchant,MCH4779
78,user,USR53687
78,user,USR75127
78,user,USR55454
79,merchant,MCH7606
79,user,USR28430
79,user,USR10396
79,user,USR81890
80,user,USR15164
80,user,USR10400
80,user,USR89877
80,user,USR82623
80,merchant,MCH2258
80,merchant,MCH6778
80,user,USR14757
81,user,USR14015
81,user,USR35738
81,user,USR25529
81,user,USR16280
81,user,USR80330
81,merchant,MCH3315
81,merchant,MCH1041
81,user,USR44227
81,user,USR11850
81,user,USR64607
81,merchant,MCH8400
81,user,USR67718
81,user,USR40876
81,merchant,MCH1519
81,user,USR40822
81,user,USR54186
81,merchant,MCH8481
81,user,USR30316
81,merchant,MCH4922
81,user,USR17038
81,user,USR89521
81,user,USR48816
81,merchant,MCH2883
81,merchant,MCH1164
81,user,USR23958
81,merchant,MCH5299
81,user,USR10402
81,user,USR63104
81,merchant,MCH4506
81,user,USR52247
81,merchant,MCH6029
81,user,USR80899
81,user,USR99727
81,user,USR77924
81,user,USR34225
81,user,USR80480
81,user,USR70359
82,user,USR10411
82,user,USR11003
82,user,USR14183
82,user,USR11077
82,user,USR69561
82,user,USR77069
82,merchant,MCH9623
82,user,USR52039
82,merchant,MCH5456
82,user,USR10897
82,merchant,MCH9042
82,user,USR38866
83,merchant,MCH1968
83,user,USR95439
83,user,USR63093
83,user,USR57297
83,user,USR90112
83,user,USR82331
83,user,USR15741
83,merchant,MCH2401
83,user,USR68176
83,merchant,MCH1424
83,user,USR32115
83,merchant,MCH5222
83,user,USR10415
83,user,USR50437
84,user,USR94978
84,merchant,MCH3852
84,user,USR14312
84,user,USR92692
84,merchant,MCH6973
84,user,USR57627
84,merchant,MCH2897
84,user,USR43969
84,user,USR10421
84,user,USR56969
84,user,USR23730
84,user,USR23629
84,user,USR20988
84,user,USR69178
84,user,USR27346
84,user,USR38519
85,merchant,MCH6133
85,user,USR72166
85,user,USR10428
85,user,USR27741
86,merchant,MCH5412
86,user,USR10435
86,user,USR20742
86,user,USR71630
86,user,USR60184
87,user,USR54517
87,user,USR87181
87,user,USR10436
87,merchant,MCH6944
87,user,USR25734
87,user,USR21857
87,user,USR14984
88,user,USR50254
88,user,USR80827
88,merchant,MCH5617
88,user,USR71879
88,user,USR38698
88,user,USR60252
88,user,USR95904
88,merchant,MCH3682
88,user,USR10440
88,user,USR29248
88,user,USR43907
88,merchant,MCH5971
88,user,USR73438
89,merchant,MCH9322
89,user,USR12469
89,user,USR10441
89,user,USR67064
89,user,USR60674
90,user,USR99445
90,user,USR10448
90,merchant,MCH2850
90,user,USR47598
90,user,USR93827
91,user,USR39601
91,user,USR71260
91,merchant,MCH2231
91,user,USR10449
91,merchant,MCH3973
91,user,USR36420
91,user,USR81201
91,user,USR49202
91,user,USR46691
91,user,USR16029
92,user,USR10459
92,user,USR79017
92,merchant,MCH7215
93,user,USR47464
93,user,USR10465
93,user,USR76416
93,merchant,MCH5467
94,user,USR98067
94,user,USR10471
94,merchant,MCH9141
95,user,USR10473
95,user,USR81393
95,merchant,MCH5871
96,user,USR10478
96,merchant,MCH2307
96,user,USR86786
97,user,USR62579
97,user,USR21965
97,user,USR14655
97,user,USR10480
97,merchant,MCH7251
98,user,USR10485
98,merchant,MCH4363
98,user,USR61488
99,merchant,MCH2491
99,user,USR10487
99,user,USR53521
100,merchant,MCH5988
100,user,USR10490
100,user,USR87612
100,user,USR17700
100,merchant,MCH7211
100,user,USR22108
101,user,USR55521
101,user,USR76578
101,user,USR89062
101,merchant,MCH3401
101,user,USR93592
101,user,USR13068
101,merchant,MCH2698
101,user,USR10495
101,user,USR30408
102,user,USR10497
102,user,USR16899
102,user,USR58216
102,merchant,MCH5004
103,merchant,MCH2979
103,user,USR40816
103,user,USR35427
103,user,USR19587
103,user,USR32834
103,user,USR34641
103,user,USR10504
103,merchant,MCH5637
103,merchant,MCH9639
103,user,USR10627
103,user,USR42032
104,user,USR10508
104,merchant,MCH1785
104,user,USR11871
105,merchant,MCH9247
105,user,USR10525
106,merchant,MCH3199
106,user,USR10529
107,user,USR10533
107,merchant,MCH5193
107,user,USR28340
107,user,USR73138
107,user,USR54383
108,user,USR18778
108,user,USR85949
108,user,USR84308
108,user,USR10549
108,merchant,MCH8898
108,user,USR12321
108,user,USR65898
108,merchant,MCH5780
109,user,USR12841
109,merchant,MCH4207
109,user,USR10561
109,user,USR72600
109,user,USR48168
109,merchant,MCH4449
109,merchant,MCH1547
109,user,USR67271
109,user,USR19932
109,user,USR85297
110,user,USR32091
110,user,USR10563
110,user,USR88011
110,merchant,MCH7182
110,user,USR38591
110,merchant,MCH4660
111,user,USR66152
111,merchant,MCH8333
111,user,USR83675
111,user,USR27046
111,merchant,MCH5529
111,user,USR10564
111,merchant,MCH1116
111,user,USR43132
111,user,USR23412
111,merchant,MCH4943
111,user,USR91671
111,user,USR13387
111,user,USR37619
111,merchant,MCH1333
111,user,USR12367
111,user,USR11367
112,user,USR70920
112,user,USR46908
112,user,USR10565
112,merchant,MCH9445
112,user,USR24970
113,merchant,MCH4362
113,user,USR10569
114,user,USR10578
114,merchant,MCH2392
114,user,USR41200
115,user,USR62676
115,user,USR11787
115,user,USR40589
115,user,USR16051
115,user,USR10579
115,user,USR95061
115,merchant,MCH8202
115,merchant,MCH9321
115,user,USR82369
115,user,USR15860
115,merchant,MCH6344
116,user,USR90618
116,user,USR96717
116,user,USR10591
116,merchant,MCH6720
117,user,USR28378
117,user,USR10593
117,merchant,MCH6535
117,merchant,MCH1911
117,user,USR72492
117,user,USR27284
117,merchant,MCH6996
117,user,USR35069
117,user,USR94230
117,user,USR16722
118,user,USR11539
118,merchant,MCH1855
118,user,USR10598
119,user,USR32020
119,user,USR10667
119,merchant,MCH4367
119,user,USR10603
119,user,USR98710
119,user,USR96569
120,merchant,MCH6162
120,user,USR91639
120,user,USR10614
121,merchant,MCH4079
121,user,USR10621
121,user,USR71725
121,user,USR30808
122,user,USR10624
122,merchant,MCH4301
123,user,USR10632
123,merchant,MCH2530
123,user,USR63290
123,user,USR12979
123,merchant,MCH3830
123,user,USR76516
123,merchant,MCH7796
123,user,USR19101
124,user,USR39750
124,user,USR10637
124,merchant,MCH7886
124,user,USR32193
125,user,USR10643
125,merchant,MCH9600
126,user,USR41220
126,merchant,MCH6894
126,user,USR10647
127,user,USR17890
127,user,USR92001
127,user,USR69597
127,user,USR90467
127,user,USR91246
127,user,USR88861
127,user,USR72781
127,user,USR40415
127,user,USR98007
127,user,USR48650
127,user,USR16505
127,merchant,MCH5551
127,user,USR10649
127,merchant,MCH2709
127,merchant,MCH8864
127,user,USR26522
127,merchant,MCH7726
127,user,USR21848
127,merchant,MCH7962
127,user,USR31412
127,user,USR19722
127,user,USR14089
127,user,USR89103
127,user,USR85799
127,merchant,MCH9605
127,user,USR42182
127,user,USR92969
127,merchant,MCH8252
127,user,USR19852
127,user,USR77458
127,user,USR58273
128,user,USR74595
128,merchant,MCH3449
128,user,USR10651
128,merchant,MCH5726
129,user,USR80614
129,merchant,MCH9079
129,user,USR81950
129,user,USR18752
129,user,USR14239
129,user,USR79361
129,user,USR78671
129,merchant,MCH4135
129,user,USR55692
129,user,USR51089
129,user,USR77541
129,user,USR10652
130,user,USR78470
130,user,USR10662
130,merchant,MCH4872
130,merchant,MCH5261
130,user,USR82520
130,user,USR47236
130,user,USR96954
130,user,USR23933
130,user,USR29216
130,user,USR45936
130,merchant,MCH3123
130,user,USR11168
130,merchant,MCH1239
130,merchant,MCH7539
130,user,USR78214
131,user,USR51558
131,merchant,MCH9990
131,user,USR10673
132,user,USR10674
132,user,USR87990
132,merchant,MCH8332
132,user,USR75172
133,user,USR10692
133,user,USR81458
133,merchant,MCH9264
133,user,USR21827
134,merchant,MCH5303
134,user,USR46974
134,user,USR63421
134,user,USR10693
135,merchant,MCH9761
135,user,USR85226
135,user,USR10698
136,user,USR78592
136,user,USR65830
136,user,USR10705
136,merchant,MCH9200
136,user,USR82599
136,user,USR38497
136,user,USR20481
136,merchant,MCH9812
136,user,USR45638
137,merchant,MCH6386
137,user,USR48326
137,user,USR10716
138,user,USR86513
138,merchant,MCH2354
138,user,USR10730
138,user,USR50194
139,merchant,MCH4166
139,user,USR63046
139,user,USR10736
139,user,USR33081
139,user,USR97915
139,user,USR63533
139,user,USR77394
139,user,USR86357
139,user,USR22932
139,merchant,MCH5650
140,merchant,MCH7246
140,user,USR69087
140,user,USR75723
140,user,USR10743
140,user,USR28245
140,user,USR82262
140,user,USR72671
140,merchant,MCH6581
141,merchant,MCH7171
141,user,USR12382
141,user,USR24357
141,user,USR49251
141,user,USR10746
142,user,USR10749
142,merchant,MCH1146
142,merchant,MCH6860
142,user,USR95176
142,user,USR23515
142,user,USR14932
143,merchant,MCH1675
143,user,USR10758
143,user,USR91480
144,user,USR78019
144,user,USR76972
144,user,USR70208
144,merchant,MCH3623
144,user,USR10761
145,merchant,MCH9448
145,user,USR17002
145,user,USR84692
145,user,USR92349
145,user,USR17661
145,merchant,MCH5206
145,user,USR10766
146,user,USR33941
146,user,USR10769
146,merchant,MCH1532
147,user,USR60448
147,merchant,MCH9767
147,user,USR58730
147,user,USR10770
148,user,USR10773
148,merchant,MCH8127
149,merchant,MCH4450
149,user,USR10778
150,merchant,MCH6000
150,user,USR10783
150,user,USR22353
151,user,USR50567
151,user,USR10789
151,user,USR98268
151,user,USR16822
151,merchant,MCH4867
151,user,USR64332
151,user,USR66250
151,user,USR87141
151,merchant,MCH6745
151,merchant,MCH1711
152,merchant,MCH8269
152,merchant,MCH1597
152,user,USR10796
152,merchant,MCH9419
152,user,USR34480
152,user,USR24944
152,user,USR21648
153,user,USR11885
153,user,USR11807
153,user,USR10800
153,merchant,MCH6190
154,merchant,MCH8012
154,user,USR10802
154,merchant,MCH2380
154,merchant,MCH7618
154,user,USR46601
154,user,USR80042
154,user,USR80120
155,merchant,MCH4613
155,user,USR10818
155,user,USR32335
155,user,USR90337
155,user,USR33187
156,merchant,MCH7841
156,user,USR87428
156,user,USR99139
156,merchant,MCH5160
156,user,USR79541
156,user,USR46477
156,user,USR83428
156,user,USR10819
156,merchant,MCH9886
156,user,USR19244
157,merchant,MCH2314
157,merchant,MCH8014
157,user,USR10820
157,user,USR30180
157,user,USR61834
157,user,USR24773
157,user,USR60841
158,user,USR10822
158,merchant,MCH4662
159,merchant,MCH8134
159,merchant,MCH5896
159,user,USR10824
159,user,USR73349
159,user,USR53408
159,user,USR74798
160,user,USR10831
160,user,USR63626
160,merchant,MCH8980
160,user,USR54428
161,merchant,MCH1114
161,user,USR10832
161,user,USR68015
161,user,USR21453
162,merchant,MCH1735
162,user,USR84908
162,user,USR63453
162,user,USR10833
162,user,USR72648
162,user,USR80364
163,merchant,MCH9858
163,user,USR37594
163,user,USR10841
164,user,USR98467
164,merchant,MCH2327
164,user,USR10842
165,merchant,MCH5621
165,user,USR10846
165,user,USR76747
165,merchant,MCH7682
165,user,USR58622
165,merchant,MCH3704
165,user,USR46605
165,user,USR60160
165,user,USR93545
165,user,USR89268
165,user,USR31614
165,user,USR30702
165,user,USR81301
166,user,USR97155
166,user,USR65220
166,user,USR65273
166,user,USR21327
166,merchant,MCH9646
166,user,USR81046
166,merchant,MCH4569
166,user,USR77677
166,merchant,MCH5400
166,user,USR43827
166,merchant,MCH4353
166,user,USR94277
166,user,USR20794
166,user,USR97036
166,user,USR50729
166,merchant,MCH9841
166,user,USR37443
166,user,USR53116
166,user,USR76699
166,user,USR25468
166,user,USR59931
166,merchant,MCH1149
166,user,USR52255
166,user,USR46938
166,user,USR10851
166,user,USR98854
166,user,USR65465
166,user,USR50677
166,merchant,MCH5752
166,user,USR14302
166,user,USR19058
166,user,USR85653
166,user,USR62627
166,merchant,MCH4016
166,merchant,MCH1916
166,merchant,MCH9132
166,user,USR24249
166,user,USR61997
167,user,USR20457
167,user,USR14773
167,merchant,MCH4735
167,user,USR10853
168,user,USR41267
168,user,USR69893
168,user,USR75980
168,merchant,MCH4650
168,user,USR53307
168,user,USR59920
168,user,USR71624
168,user,USR10854
169,user,USR90668
169,user,USR26827
169,user,USR60631
169,user,USR94191
169,user,USR70090
169,user,USR48795
169,user,USR60641
169,user,USR47915
169,user,USR10881
169,merchant,MCH7729
169,merchant,MCH4371
169,user,USR23674
169,merchant,MCH4492
170,merchant,MCH4792
170,user,USR72535
170,user,USR47146
170,user,USR10888
171,user,USR77149
171,merchant,MCH2175
171,merchant,MCH1034
171,user,USR40562
171,user,USR10911
171,user,USR17994
172,user,USR10914
172,merchant,MCH6978
172,user,USR35357
173,merchant,MCH7454
173,user,USR10915
174,user,USR10918
174,user,USR60209
174,merchant,MCH6566
174,merchant,MCH6278
174,user,USR29137
174,user,USR56404
174,user,USR64511
175,merchant,MCH9662
175,user,USR30357
175,user,USR10928
175,user,USR67960
175,merchant,MCH2496
175,user,USR32643
175,user,USR14187
175,user,USR11368
175,user,USR19751
176,user,USR10932
176,user,USR18766
176,merchant,MCH6342
176,user,USR29890
176,user,USR76273
176,user,USR55458
176,user,USR36992
176,merchant,MCH7451
176,user,USR59377
176,user,USR51101
176,user,USR98617
176,user,USR58412
176,user,USR99144
177,merchant,MCH2415
177,user,USR10937
178,user,USR21802
178,merchant,MCH3858
178,user,USR10949
178,merchant,MCH2763
178,user,USR95419
178,merchant,MCH9293
178,user,USR42606
178,user,USR47683
178,user,USR40838
179,user,USR10951
179,merchant,MCH1704
179,user,USR71662
179,user,USR76999
179,merchant,MCH2796
179,user,USR72279
179,user,USR68696
179,user,USR83712
180,user,USR68567
180,user,USR72558
180,user,USR60394
180,user,USR23574
180,user,USR33245
180,user,USR59930
180,merchant,MCH6896
180,user,USR48489
180,user,USR76659
180,merchant,MCH2482
180,user,USR24199
180,user,USR68629
180,user,USR96419
180,user,USR87838
180,merchant,MCH8872
180,user,USR96160
180,merchant,MCH3441
180,user,USR33527
180,user,USR39582
180,user,USR87032
180,user,USR47876
180,user,USR54544
180,merchant,MCH7631
180,user,USR10959
180,user,USR97648
180,user,USR35046
180,user,USR90862
180,user,USR42597
180,merchant,MCH9610
180,user,USR73359
180,user,USR43975
180,merchant,MCH2110
180,merchant,MCH6818
180,user,USR65770
180,user,USR63475
180,merchant,MCH7830
180,user,USR13296
180,user,USR13247
180,user,USR58007
180,user,USR24157
180,merchant,MCH9226
180,user,USR22487
181,user,USR64264
181,user,USR55686
181,merchant,MCH2004
181,user,USR10963
182,user,USR58784
182,user,USR76914
182,user,USR13561
182,user,USR10971
182,merchant,MCH9583
183,user,USR10973
183,user,USR96360
183,merchant,MCH4591
184,user,USR10974
184,merchant,MCH6749
184,user,USR74961
185,user,USR37637
185,merchant,MCH8263
185,user,USR10975
186,user,USR62398
186,user,USR32450
186,user,USR36216
186,merchant,MCH6714
186,user,USR38909
186,user,USR10993
186,user,USR60389
186,merchant,MCH5659
187,user,USR59411
187,user,USR60335
187,merchant,MCH8993
187,merchant,MCH9847
187,user,USR10994
188,user,USR45424
188,user,USR10996
188,user,USR79113
188,user,USR60213
188,merchant,MCH6333
189,merchant,MCH6280
189,user,USR10999
189,user,USR85804
189,user,USR49727
189,user,USR89576
190,merchant,MCH1744
190,user,USR71613
190,merchant,MCH3019
190,user,USR29655
190,user,USR30959
190,merchant,MCH8671
190,user,USR96885
190,user,USR22920
190,user,USR55702
190,user,USR43033
190,user,USR27553
190,merchant,MCH4409
190,user,USR11006
190,user,USR45648
190,merchant,MCH5559
190,user,USR21614
190,user,USR89356
190,user,USR16257
190,user,USR91375
190,merchant,MCH6109
190,merchant,MCH9773
190,user,USR76098
190,user,USR65441
190,user,USR60150
191,user,USR80015
191,user,USR88912
191,merchant,MCH1991
191,user,USR11015
191,user,USR81033
191,merchant,MCH4395
191,user,USR88966
191,merchant,MCH8851
191,user,USR58626
191,user,USR90658
191,user,USR19837
191,merchant,MCH8475
191,user,USR15405
191,merchant,MCH5051
191,user,USR41275
191,user,USR83574
191,user,USR21570
191,user,USR89803
191,user,USR48760
191,user,USR96495
191,user,USR53815
192,user,USR11030
192,user,USR30593
192,user,USR86707
192,merchant,MCH8350
192,user,USR49943
193,user,USR60489
193,merchant,MCH7607
193,user,USR90418
193,user,USR27942
193,user,USR11035
193,user,USR76948
193,user,USR47360
193,user,USR93851
194,merchant,MCH4432
194,user,USR11037
194,user,USR74833
194,user,USR15225
194,user,USR58859
195,merchant,MCH5058
195,user,USR11038
196,merchant,MCH3305
196,user,USR16902
196,user,USR19965
196,user,USR16569
196,user,USR43994
196,merchant,MCH5882
196,user,USR11042
196,user,USR91520
196,user,USR37159
196,merchant,MCH9379
197,user,USR84843
197,user,USR62506
197,user,USR63865
197,user,USR66512
197,user,USR59002
197,user,USR68840
197,user,USR59598
197,merchant,MCH3030
197,user,USR34876
197,user,USR39700
197,merchant,MCH9993
197,merchant,MCH9284
197,user,USR92170
197,user,USR70960
197,merchant,MCH4703
197,user,USR91479
197,user,USR11045
197,user,USR80657
197,merchant,MCH7210
197,user,USR13608
197,merchant,MCH7714
197,user,USR97576
197,user,USR50324
197,merchant,MCH7276
198,user,USR39215
198,user,USR96000
198,merchant,MCH1102
198,user,USR11050
198,user,USR21867
198,user,USR41784
198,merchant,MCH1557
198,merchant,MCH9309
198,user,USR13469
198,user,USR55664
198,merchant,MCH6885
198,user,USR90528
199,user,USR28610
199,user,USR81137
199,user,USR11055
199,merchant,MCH3107
200,user,USR64835
200,user,USR44975
200,user,USR61707
200,merchant,MCH1594
200,user,USR27386
200,user,USR62766
200,merchant,MCH7114
200,user,USR11057
200,user,USR20791
201,merchant,MCH3989
201,user,USR11058
201,user,USR87649
202,merchant,MCH4074
202,user,USR11063
202,user,USR15771
203,user,USR56479
203,user,USR56310
203,user,USR11073
203,merchant,MCH4410
204,user,USR11082
204,merchant,MCH2899
204,user,USR50054
204,user,USR96916
205,user,USR22099
205,user,USR83499
205,user,USR11084
205,merchant,MCH9019
206,merchant,MCH7073
206,user,USR21266
206,user,USR11085
207,user,USR81816
207,merchant,MCH8336
207,user,USR93586
207,merchant,MCH2982
207,user,USR84972
207,merchant,MCH5386
207,user,USR13268
207,user,USR34191
207,user,USR11090
207,user,USR22441
208,user,USR11098
208,user,USR38652
208,user,USR76772
208,user,USR36667
208,merchant,MCH9028
208,user,USR58824
208,merchant,MCH5900
208,user,USR67375
208,user,USR83765
208,merchant,MCH7175
208,user,USR46308
208,user,USR29841
208,merchant,MCH2781
209,user,USR29303
209,user,USR64889
209,user,USR11103
209,user,USR18089
209,merchant,MCH2321
210,user,USR30502
210,merchant,MCH8621
210,user,USR11104
211,user,USR12142
211,user,USR11105
211,user,USR15525
211,user,USR50664
211,user,USR56780
211,merchant,MCH9581
212,user,USR69026
212,merchant,MCH4993
212,user,USR11599
212,user,USR25313
212,user,USR32967
212,merchant,MCH8495
212,merchant,MCH7569
212,merchant,MCH6239
212,user,USR90160
212,user,USR76856
212,user,USR13547
212,user,USR11112
213,user,USR98270
213,merchant,MCH2750
213,user,USR11119
214,user,USR11129
214,merchant,MCH5766
214,user,USR24633
214,user,USR83447
215,user,USR93817
215,user,USR11130
215,merchant,MCH1216
216,user,USR39656
216,merchant,MCH3001
216,user,USR11135
216,user,USR54952
216,user,USR89151
216,user,USR89669
216,merchant,MCH7710
216,user,USR54239
216,user,USR20982
216,user,USR72242
217,merchant,MCH7480
217,user,USR97417
217,user,USR11136
218,merchant,MCH3879
218,user,USR11137
219,merchant,MCH7757
219,user,USR11143
219,user,USR28927
220,user,USR11146
220,user,USR75038
220,merchant,MCH9075
221,user,USR11157
221,merchant,MCH7696
221,user,USR83819
221,user,USR19697
222,user,USR61550
222,merchant,MCH8530
222,user,USR11158
222,user,USR93270
223,user,USR14733
223,user,USR11160
223,merchant,MCH6605
224,user,USR77658
224,user,USR11167
224,user,USR78597
224,user,USR32716
224,merchant,MCH5009
225,user,USR11173
225,user,USR67086
225,user,USR19975
225,merchant,MCH5413
226,user,USR77618
226,user,USR39960
226,merchant,MCH6011
226,merchant,MCH8200
226,user,USR85265
226,user,USR11183
227,merchant,MCH9454
227,user,USR11184
228,user,USR85170
228,user,USR11191
228,merchant,MCH9374
228,user,USR59994
228,user,USR31459
229,user,USR66189
229,merchant,MCH1631
229,user,USR79438
229,user,USR11194
230,merchant,MCH4444
230,user,USR84538
230,merchant,MCH3057
230,user,USR63015
230,user,USR11199
230,user,USR32036
231,user,USR54877
231,user,USR11200
231,merchant,MCH1256
232,merchant,MCH7548
232,user,USR11209
232,user,USR93889
233,user,USR41113
233,user,USR17855
233,user,USR34922
233,merchant,MCH8182
233,user,USR49028
233,user,USR11215
233,user,USR25738
233,merchant,MCH5735
233,merchant,MCH7643
233,user,USR18757
233,merchant,MCH6873
233,user,USR61413
233,user,USR41789
233,user,USR43171
234,merchant,MCH1089
234,user,USR54294
234,user,USR94003
234,user,USR27355
234,user,USR64253
234,user,USR20097
234,user,USR64397
234,user,USR11221
234,user,USR49623
234,user,USR47455
234,merchant,MCH8823
234,merchant,MCH4669
234,merchant,MCH1891
234,user,USR84725
234,user,USR37038
234,user,USR19877
234,merchant,MCH5092
234,user,USR48955
234,user,USR76636
234,user,USR50134
234,merchant,MCH5963
235,user,USR11233
235,user,USR16587
235,user,USR80522
235,user,USR90526
235,merchant,MCH9097
235,merchant,MCH9455
236,user,USR99916
236,user,USR79511
236,merchant,MCH3206
236,user,USR11235
236,user,USR70390
236,merchant,MCH9179
236,user,USR78487
236,user,USR88401
236,user,USR86631
237,user,USR29075
237,user,USR44083
237,user,USR11258
237,merchant,MCH3726
237,user,USR59601
238,merchant,MCH4315
238,user,USR46672
238,user,USR68779
238,user,USR11263
239,merchant,MCH5115
239,user,USR51894
239,merchant,MCH8321
239,user,USR85631
239,user,USR11267
239,user,USR50762
240,merchant,MCH4799
240,user,USR78390
240,user,USR38537
240,user,USR11270
241,user,USR94360
241,merchant,MCH1963
241,user,USR86459
241,user,USR24999
241,merchant,MCH4675
241,user,USR11287
241,user,USR63117
242,user,USR11290
242,merchant,MCH9630
243,merchant,MCH9884
243,user,USR54945
243,user,USR82918
243,user,USR11294
244,user,USR11301
244,merchant,MCH1981
244,user,USR18205
244,user,USR54898
244,user,USR24888
244,user,USR76982
244,user,USR45011
244,user,USR90405
244,merchant,MCH6383
245,user,USR52126
245,user,USR51018
245,user,USR89800
245,merchant,MCH6515
245,user,USR24879
245,user,USR97571
245,user,USR85756
245,user,USR36347
245,user,USR68503
245,user,USR78416
245,user,USR45013
245,merchant,MCH8155
245,user,USR94311
245,user,USR68914
245,user,USR21870
245,user,USR76670
245,user,USR87137
245,user,USR31552
245,user,USR44184
245,user,USR71274
245,merchant,MCH9852
245,user,USR11305
245,user,USR56340
245,merchant,MCH4621
245,user,USR59227
245,user,USR44134
245,merchant,MCH3520
245,user,USR82116
246,user,USR11307
246,merchant,MCH2649
246,user,USR88086
247,user,USR11315
247,user,USR14360
247,merchant,MCH7352
247,user,USR50811
248,merchant,MCH1714
248,user,USR11337
248,user,USR27139
249,user,USR77036
249,user,USR58866
249,user,USR93085
249,user,USR28917
249,merchant,MCH1422
249,user,USR44995
249,user,USR45940
249,merchant,MCH3047
249,merchant,MCH6932
249,user,USR11340
249,user,USR81840
249,user,USR62931
250,merchant,MCH9346
250,user,USR61798
250,merchant,MCH3350
250,user,USR90790
250,user,USR86969
250,merchant,MCH7980
250,user,USR32830
250,user,USR92350
250,user,USR74794
250,user,USR11345
250,user,USR46149
251,user,USR53449
251,user,USR92656
251,user,USR39842
251,user,USR98103
251,user,USR81022
251,merchant,MCH3608
251,user,USR11348
251,merchant,MCH8129
251,user,USR71381
252,user,USR11349
252,user,USR23326
252,user,USR19551
252,user,USR21824
252,merchant,MCH5064
253,user,USR60393
253,merchant,MCH6796
253,user,USR20958
253,user,USR26153
253,merchant,MCH5419
253,merchant,MCH4981
253,user,USR61516
253,user,USR82152
253,merchant,MCH9614
253,user,USR52158
253,user,USR97031
253,merchant,MCH2150
253,user,USR40597
253,user,USR87217
253,user,USR49498
253,user,USR39528
253,merchant,MCH9659
253,user,USR11353
253,user,USR69568
253,merchant,MCH4415
253,user,USR63146
253,user,USR19531
254,merchant,MCH4162
254,user,USR64179
254,user,USR84262
254,user,USR11356
254,user,USR11582
255,user,USR29288
255,user,USR36142
255,merchant,MCH2992
255,merchant,MCH7608
255,user,USR66359
255,merchant,MCH8888
255,user,USR11366
255,user,USR68939
255,user,USR25398
255,user,USR34385
255,merchant,MCH8858
255,merchant,MCH1852
255,user,USR85051
255,user,USR36110
256,user,USR51157
256,user,USR11374
256,merchant,MCH7360
256,user,USR60006
257,user,USR11385
257,user,USR27103
257,merchant,MCH9400
258,user,USR11386
258,user,USR56743
258,user,USR53746
258,user,USR94237
258,merchant,MCH8063
259,user,USR64461
259,user,USR80151
259,user,USR43844
259,user,USR11398
259,merchant,MCH2425
259,user,USR92773
259,user,USR78391
259,user,USR38577
259,merchant,MCH7652
260,merchant,MCH9982
260,user,USR40549
260,user,USR11399
261,user,USR11403
261,merchant,MCH6604
261,user,USR62601
262,merchant,MCH2877
262,user,USR74187
262,user,USR59052
262,user,USR11411
263,user,USR20486
263,user,USR43509
263,user,USR40225
263,user,USR35726
263,merchant,MCH5306
263,user,USR11430
264,merchant,MCH5489
264,user,USR58080
264,user,USR11448
265,user,USR11449
265,merchant,MCH6980
265,user,USR29080
265,merchant,MCH7775
265,user,USR61445
265,user,USR51538
265,merchant,MCH4102
265,merchant,MCH4998
265,user,USR43105
265,user,USR25507
265,user,USR64038
265,merchant,MCH5600
265,user,USR60096
265,user,USR24044
265,user,USR80376
265,user,USR67012
265,user,USR74999
265,user,USR23272
266,user,USR11452
266,merchant,MCH7477
266,user,USR12571
267,user,USR76088
267,user,USR92655
267,merchant,MCH7647
267,user,USR11453
268,merchant,MCH9274
268,user,USR29099
268,user,USR11457
268,user,USR92868
269,merchant,MCH1118
269,user,USR50189
269,user,USR25307
269,user,USR90513
269,user,USR11467
269,merchant,MCH7543
269,user,USR62509
269,user,USR91405
270,user,USR11468
270,merchant,MCH2254
270,user,USR52567
270,user,USR87013
270,merchant,MCH3011
271,user,USR11469
271,merchant,MCH3484
271,user,USR48375
271,user,USR96099
271,merchant,MCH4427
271,user,USR23741
271,user,USR81139
272,user,USR28255
272,user,USR78005
272,user,USR54106
272,user,USR91311
272,user,USR11482
272,merchant,MCH2161
272,merchant,MCH8100
273,user,USR11487
273,user,USR96575
273,merchant,MCH2950
274,merchant,MCH5829
274,user,USR68794
274,user,USR82479
274,user,USR33988
274,merchant,MCH4795
274,merchant,MCH6130
274,user,USR60764
274,user,USR16190
274,user,USR11488
275,user,USR11500
275,merchant,MCH5774
276,merchant,MCH3862
276,user,USR49687
276,user,USR11518
277,user,USR87360
277,user,USR60837
277,merchant,MCH8697
277,user,USR81771
277,user,USR11531
278,user,USR11535
278,merchant,MCH2684
278,merchant,MCH1826
278,user,USR15975
279,user,USR11540
279,user,USR23438
279,merchant,MCH1618
279,user,USR74915
279,user,USR73318
280,user,USR11548
280,user,USR21318
280,merchant,MCH6909
280,user,USR53273
281,user,USR11558
281,user,USR81116
281,merchant,MCH1929
281,user,USR56042
281,merchant,MCH4130
281,merchant,MCH3130
281,user,USR36575
281,user,USR88241
281,user,USR16229
281,user,USR11684
281,user,USR40077
281,user,USR74418
281,merchant,MCH4055
281,merchant,MCH9432
281,user,USR80420
281,merchant,MCH7328
281,user,USR87355
281,user,USR52661
281,user,USR17430
281,user,USR71242
281,user,USR43187
281,merchant,MCH7953
281,user,USR77901
281,user,USR74177
281,user,USR68090
282,user,USR11933
282,user,USR11559
282,user,USR21535
282,merchant,MCH4841
283,user,USR95224
283,user,USR84062
283,user,USR95646
283,merchant,MCH6769
283,user,USR11572
283,user,USR75979
283,merchant,MCH5230
284,user,USR91254
284,user,USR36034
284,user,USR98293
284,user,USR88323
284,merchant,MCH5226
284,user,USR13301
284,user,USR11575
284,merchant,MCH4980
285,user,USR48361
285,user,USR71538
285,merchant,MCH4564
285,user,USR16423
285,user,USR33003
285,user,USR55464
285,user,USR71536
285,user,USR80564
285,user,USR11577
285,merchant,MCH3347
286,user,USR60700
286,user,USR20517
286,user,USR11581
286,merchant,MCH5006
287,user,USR41483
287,user,USR25653
287,user,USR21623
287,merchant,MCH6409
287,user,USR11584
287,merchant,MCH9333
288,user,USR83565
288,user,USR32935
288,user,USR62452
288,merchant,MCH3298
288,user,USR97534
288,user,USR58535
288,user,USR84463
288,user,USR17108
288,user,USR55782
288,merchant,MCH8891
288,user,USR85442
288,user,USR11586
288,user,USR59674
288,user,USR64595
288,merchant,MCH2103
289,user,USR43305
289,user,USR11587
289,merchant,MCH1555
289,user,USR47334
290,user,USR67544
290,merchant,MCH5163
290,merchant,MCH7784
290,user,USR35509
290,user,USR56693
290,user,USR11588
290,user,USR98526
291,user,USR97420
291,merchant,MCH1717
291,user,USR11592
291,user,USR31566
292,merchant,MCH7871
292,user,USR22615
292,user,USR11603
293,merchant,MCH7492
293,user,USR11615
293,user,USR58769
294,user,USR11618
294,user,USR51195
294,merchant,MCH2334
294,merchant,MCH1518
294,user,USR13544
295,user,USR79518
295,user,USR42118
295,user,USR23616
295,merchant,MCH9606
295,user,USR11619
295,merchant,MCH2536
295,user,USR89343
295,user,USR18213
296,merchant,MCH2941
296,user,USR11620
297,user,USR46890
297,merchant,MCH1439
297,user,USR54708
297,user,USR33427
297,user,USR36422
297,user,USR58773
297,user,USR86798
297,user,USR59068
297,user,USR72324
297,user,USR58283
297,merchant,MCH7992
297,merchant,MCH9533
297,user,USR99211
297,user,USR99880
297,merchant,MCH9412
297,merchant,MCH5300
297,user,USR83227
297,user,USR11624
297,user,USR93737
297,user,USR60836
297,user,USR21016
297,user,USR57342
297,user,USR69938
297,user,USR98369
297,user,USR21190
297,user,USR82608
298,merchant,MCH9304
298,user,USR11627
298,user,USR31146
299,user,USR34465
299,merchant,MCH4152
299,user,USR69522
299,user,USR11631
300,user,USR11632
300,user,USR86487
300,merchant,MCH2011
300,user,USR65442
300,user,USR91676
300,user,USR82803
301,user,USR87242
301,user,USR11647
301,merchant,MCH4105
301,user,USR25428
302,user,USR42989
302,user,USR11648
302,user,USR26758
302,user,USR84000
302,merchant,MCH3749
303,user,USR23561
303,user,USR63272
303,user,USR11651
303,merchant,MCH9505
303,user,USR75289
304,user,USR11653
304,user,USR82091
304,user,USR35856
304,merchant,MCH1514
304,user,USR97394
304,user,USR21546
305,user,USR65289
305,user,USR11666
305,user,USR23891
305,user,USR43725
305,user,USR96943
305,merchant,MCH3000
305,merchant,MCH8698
305,user,USR70249
305,user,USR57523
306,merchant,MCH9082
306,user,USR43303
306,user,USR11667
307,merchant,MCH6301
307,user,USR64344
307,user,USR11686
308,merchant,MCH9988
308,user,USR89121
308,user,USR46847
308,user,USR11694
309,user,USR47737
309,user,USR49580
309,merchant,MCH2847
309,merchant,MCH8741
309,user,USR11697
310,merchant,MCH7020
310,user,USR58829
310,user,USR67372
310,merchant,MCH7228
310,user,USR47386
310,user,USR11699
310,user,USR32980
310,merchant,MCH4068
310,user,USR43557
310,user,USR68934
310,user,USR86483
311,user,USR17849
311,merchant,MCH1469
311,user,USR57810
311,user,USR11703
312,user,USR11709
312,merchant,MCH9981
312,user,USR31176
312,user,USR72967
312,merchant,MCH4468
312,user,USR50499
312,merchant,MCH5073
312,user,USR27358
312,user,USR46105
313,user,USR11710
313,merchant,MCH3009
313,user,USR43666
313,user,USR49048
313,user,USR86048
314,user,USR11719
314,merchant,MCH6043
315,merchant,MCH6095
315,user,USR36504
315,user,USR71735
315,merchant,MCH5834
315,user,USR54602
315,user,USR13825
315,user,USR11720
316,user,USR11726
316,user,USR18722
316,user,USR64571
316,user,USR83147
316,user,USR65511
316,merchant,MCH6415
316,user,USR24688
316,merchant,MCH2577
316,user,USR24637
316,user,USR68748
316,merchant,MCH6456
317,user,USR18456
317,user,USR85192
317,user,USR18563
317,user,USR11739
317,user,USR44729
317,merchant,MCH7799
317,merchant,MCH7002
318,merchant,MCH2881
318,user,USR53333
318,user,USR80447
318,user,USR76254
318,merchant,MCH5091
318,merchant,MCH9599
318,user,USR44166
318,user,USR11741
318,user,USR19554
318,user,USR99474
318,merchant,MCH1206
318,user,USR68459
318,user,USR85246
318,user,USR83482
318,user,USR63860
318,user,USR86473
319,merchant,MCH1383
319,user,USR67008
319,user,USR11757
319,user,USR86687
319,merchant,MCH3990
319,user,USR94800
319,user,USR53666
319,merchant,MCH3522
319,user,USR47963
319,merchant,MCH7557
319,merchant,MCH9335
319,user,USR19227
319,merchant,MCH9107
319,user,USR87435
319,merchant,MCH1155
319,user,USR30201
319,user,USR13963
319,user,USR13893
319,merchant,MCH8822
319,user,USR68412
319,user,USR78770
319,user,USR61076
319,merchant,MCH9556
319,user,USR39385
319,user,USR72683
319,user,USR72215
319,user,USR99526
319,user,USR46882
320,user,USR43447
320,merchant,MCH6659
320,user,USR77386
320,merchant,MCH8126
320,merchant,MCH8117
320,user,USR11762
320,user,USR52630
320,user,USR89004
320,user,USR91100
320,user,USR91204
320,user,USR17450
320,user,USR88018
320,user,USR87769
320,user,USR94984
320,user,USR80451
320,merchant,MCH9905
320,user,USR25917
321,user,USR39928
321,merchant,MCH5951
321,user,USR11766
322,merchant,MCH6376
322,merchant,MCH7998
322,merchant,MCH6499
322,merchant,MCH8048
322,user,USR81492
322,user,USR97821
322,user,USR98403
322,user,USR93763
322,merchant,MCH4888
322,user,USR55871
322,user,USR34952
322,user,USR77392
322,user,USR97409
322,user,USR63378
322,user,USR65422
322,merchant,MCH4871
322,merchant,MCH6481
322,user,USR90010
322,user,USR26342
322,user,USR27616
322,user,USR29277
322,user,USR11770
322,user,USR28543
322,user,USR77471
322,user,USR90963
323,merchant,MCH4192
323,user,USR18817
323,user,USR11775
324,user,USR62617
324,user,USR85657
324,merchant,MCH3437
324,user,USR11776
325,merchant,MCH5330
325,user,USR38540
325,user,USR39808
325,user,USR11785
326,user,USR11801
326,user,USR49423
326,user,USR36176
326,user,USR71579
326,merchant,MCH5287
326,user,USR87808
326,user,USR43073
327,user,USR94935
327,merchant,MCH8111
327,merchant,MCH8895
327,user,USR11803
328,user,USR96023
328,user,USR71384
328,user,USR99515
328,user,USR22369
328,merchant,MCH8228
328,user,USR82502
328,user,USR33936
328,user,USR83744
328,user,USR29857
328,merchant,MCH3301
328,user,USR47873
328,user,USR66968
328,user,USR11804
328,user,USR46639
328,user,USR36902
328,merchant,MCH8216
328,merchant,MCH5378
328,user,USR87162
328,user,USR33814
328,merchant,MCH3410
328,merchant,MCH4929
328,user,USR13890
329,user,USR11810
329,merchant,MCH1581
329,user,USR48765
330,merchant,MCH9902
330,user,USR66588
330,merchant,MCH4893
330,user,USR80092
330,user,USR34905
330,user,USR40428
330,merchant,MCH9334
330,user,USR22776
330,user,USR76296
330,user,USR64723
330,user,USR85929
330,user,USR64839
330,user,USR92429
330,user,USR49486
330,user,USR11814
330,merchant,MCH9870
331,user,USR96168
331,user,USR85783
331,user,USR13767
331,merchant,MCH9846
331,user,USR17774
331,user,USR35594
331,merchant,MCH2284
331,merchant,MCH8318
331,user,USR11823
332,user,USR77627
332,user,USR83841
332,user,USR23118
332,user,USR64454
332,user,USR17130
332,user,USR31260
332,merchant,MCH1608
332,merchant,MCH6696
332,user,USR24122
332,user,USR56481
332,merchant,MCH6785
332,user,USR11825
333,user,USR11827
333,user,USR87667
333,user,USR52688
333,merchant,MCH5255
333,user,USR49348
333,user,USR53534
333,user,USR62852
333,merchant,MCH6982
333,merchant,MCH6071
333,merchant,MCH2940
333,user,USR14328
333,merchant,MCH5874
333,user,USR45740
333,user,USR27307
333,user,USR90349
333,user,USR37005
333,user,USR71654
334,user,USR53940
334,user,USR11833
334,user,USR58619
334,merchant,MCH7496
334,merchant,MCH9095
334,user,USR40814
334,user,USR94887
334,user,USR95075
334,merchant,MCH9913
334,user,USR62220
334,merchant,MCH4195
335,user,USR11836
335,user,USR41713
335,merchant,MCH5759
335,user,USR38261
335,user,USR95314
336,user,USR11856
336,user,USR70902
336,user,USR24437
336,merchant,MCH1818
336,user,USR72421
337,user,USR61960
337,user,USR90778
337,user,USR86639
337,user,USR69383
337,user,USR63240
337,user,USR66788
337,user,USR97030
337,user,USR97164
337,user,USR30387
337,user,USR12366
337,user,USR91534
337,merchant,MCH1764
337,merchant,MCH6767
337,user,USR11862
337,user,USR79278
337,merchant,MCH7914
337,merchant,MCH7280
337,user,USR68302
337,user,USR32669
337,merchant,MCH5740
337,merchant,MCH6861
337,user,USR29030
337,user,USR56567
337,user,USR71434
337,user,USR92458
337,merchant,MCH2034
337,user,USR32661
337,user,USR84961
337,merchant,MCH9743
338,user,USR19159
338,user,USR32680
338,user,USR76694
338,user,USR81826
338,merchant,MCH2767
338,user,USR34997
338,merchant,MCH1351
338,user,USR87396
338,merchant,MCH8620
338,merchant,MCH3122
338,user,USR71946
338,user,USR11865
338,user,USR97349
339,user,USR83790
339,user,USR11877
339,user,USR28983
339,user,USR76828
339,merchant,MCH5034
339,user,USR23422
340,user,USR53611
340,user,USR76549
340,user,USR72746
340,user,USR11880
340,merchant,MCH5407
341,user,USR59190
341,user,USR70435
341,user,USR11881
341,merchant,MCH3291
342,merchant,MCH2627
342,user,USR59358
342,user,USR51714
342,user,USR43697
342,user,USR11889
342,merchant,MCH1622
343,user,USR86232
343,user,USR11906
343,merchant,MCH4155
343,user,USR51945
344,user,USR13157
344,user,USR98946
344,user,USR69889
344,user,USR58931
344,user,USR20053
344,merchant,MCH8171
344,user,USR31748
344,user,USR70271
344,user,USR58433
344,user,USR30457
344,merchant,MCH2983
344,user,USR11909
344,merchant,MCH6536
344,user,USR63025
344,user,USR74674
344,user,USR71067
345,user,USR84422
345,user,USR39016
345,user,USR11925
345,merchant,MCH9949
346,user,USR55926
346,user,USR33990
346,merchant,MCH1756
346,user,USR11927
346,user,USR12913
347,user,USR72416
347,user,USR96135
347,user,USR71646
347,user,USR33886
347,user,USR46379
347,merchant,MCH6986
347,user,USR58705
347,merchant,MCH6907
347,merchant,MCH5390
347,user,USR11930
347,user,USR72828
347,user,USR78955
347,user,USR31879
348,user,USR11936
348,merchant,MCH8352
348,user,USR36205
348,user,USR77585
349,user,USR11937
349,user,USR14927
349,merchant,MCH1861
349,user,USR30416
350,merchant,MCH7153
350,user,USR38387
350,user,USR11944
351,user,USR81010
351,user,USR98473
351,user,USR99175
351,merchant,MCH8661
351,user,USR75934
351,user,USR98095
351,merchant,MCH9123
351,user,USR88846
351,merchant,MCH4180
351,user,USR11951
352,user,USR11953
352,merchant,MCH4494
352,user,USR64957
353,user,USR11954
353,merchant,MCH2505
353,user,USR39087
353,user,USR97161
354,merchant,MCH6192
354,user,USR11956
355,merchant,MCH8885
355,user,USR19902
355,user,USR11958
355,merchant,MCH5622
355,user,USR81931
355,user,USR93006
356,merchant,MCH5646
356,user,USR11967
357,user,USR24543
357,user,USR72087
357,user,USR11971
357,user,USR74580
357,user,USR42048
357,user,USR59535
357,user,USR22067
357,merchant,MCH7658
357,merchant,MCH5508
357,merchant,MCH3212
358,user,USR39590
358,user,USR92968
358,user,USR11996
358,user,USR59404
358,merchant,MCH9822
359,merchant,MCH6969
359,user,USR12011
359,user,USR72162
360,user,USR12018
360,user,USR31435
360,user,USR95344
360,merchant,MCH8116
361,user,USR35380
361,user,USR94673
361,merchant,MCH8824
361,user,USR12021
361,user,USR24920
362,user,USR67636
362,merchant,MCH2728
362,merchant,MCH4593
362,user,USR42198
362,user,USR12026
363,user,USR12040
363,merchant,MCH4406
363,user,USR12348
363,user,USR72963
364,merchant,MCH6744
364,user,USR12043
364,user,USR97614
364,user,USR30377
364,merchant,MCH2989
364,user,USR22260
364,user,USR90727
364,merchant,MCH7272
364,merchant,MCH4548
364,user,USR60430
364,user,USR76301
364,user,USR27447
364,user,USR60666
364,user,USR45690
365,user,USR74166
365,merchant,MCH2568
365,user,USR80798
365,user,USR12054
365,user,USR47491
366,user,USR69085
366,user,USR12067
366,merchant,MCH5533
367,merchant,MCH8007
367,user,USR12070
368,user,USR12073
368,merchant,MCH4813
368,user,USR77095
369,merchant,MCH7864
369,user,USR34179
369,user,USR12077
370,user,USR45102
370,merchant,MCH3578
370,merchant,MCH9177
370,user,USR95255
370,user,USR12087
370,user,USR27631
370,user,USR29782
370,user,USR12785
370,user,USR51084
371,user,USR37004
371,user,USR12088
371,merchant,MCH6554
371,user,USR39520
372,merchant,MCH8052
372,user,USR89331
372,user,USR35351
372,merchant,MCH8897
372,user,USR62531
372,user,USR12090
372,merchant,MCH4765
372,user,USR53745
372,user,USR59060
372,user,USR46807
372,user,USR57798
372,user,USR69930
372,user,USR50386
372,user,USR58030
372,user,USR65023
372,merchant,MCH7187
373,merchant,MCH6393
373,user,USR61593
373,user,USR12091
374,user,USR86188
374,user,USR80160
374,merchant,MCH8221
374,user,USR57324
374,user,USR12097
374,user,USR17542
374,merchant,MCH2397
374,user,USR41836
374,merchant,MCH8454
374,user,USR21141
374,user,USR19350
374,user,USR21892
375,user,USR54747
375,user,USR42767
375,user,USR12101
375,user,USR72274
375,user,USR52469
375,user,USR79990
375,user,USR61710
375,user,USR43450
375,merchant,MCH1248
375,merchant,MCH3146
375,merchant,MCH8870
376,user,USR14010
376,user,USR65822
376,user,USR12104
376,merchant,MCH2356
377,user,USR29739
377,user,USR12871
377,user,USR28958
377,merchant,MCH8668
377,merchant,MCH3125
377,user,USR37202
377,user,USR26622
377,user,USR32125
377,user,USR32412
377,user,USR27725
377,merchant,MCH3746
377,user,USR15287
377,user,USR87039
377,user,USR12107
377,merchant,MCH2497
378,user,USR45338
378,user,USR66186
378,merchant,MCH8104
378,user,USR12118
378,merchant,MCH7946
379,user,USR43072
379,user,USR28611
379,user,USR52141
379,user,USR12120
379,merchant,MCH2297
379,user,USR70017
379,user,USR97097
379,user,USR49818
379,user,USR56488
379,user,USR58235
379,merchant,MCH3189
379,merchant,MCH6097
379,user,USR90135
379,merchant,MCH9748
379,user,USR42432
380,user,USR12123
380,merchant,MCH1293
380,user,USR88082
380,merchant,MCH2265
380,user,USR66151
380,user,USR13933
381,user,USR12125
381,user,USR46198
381,user,USR25187
381,merchant,MCH3360
382,user,USR22042
382,user,USR31177
382,merchant,MCH3312
382,user,USR88683
382,user,USR21239
382,user,USR12128
382,user,USR22994
382,merchant,MCH2632
382,user,USR73690
382,merchant,MCH8043
382,user,USR76903
383,merchant,MCH7348
383,merchant,MCH6555
383,user,USR33874
383,merchant,MCH7523
383,user,USR54510
383,user,USR62162
383,user,USR12702
383,user,USR12133
383,user,USR64914
384,user,USR12134
384,user,USR95367
384,merchant,MCH2028
384,user,USR51958
385,user,USR60783
385,user,USR91410
385,merchant,MCH8613
385,merchant,MCH2713
385,user,USR94012
385,merchant,MCH3467
385,user,USR28970
385,user,USR12135
385,user,USR92128
385,user,USR44033
386,merchant,MCH2121
386,user,USR12146
387,user,USR72515
387,merchant,MCH6100
387,user,USR12147
388,user,USR96844
388,merchant,MCH7411
388,merchant,MCH8282
388,user,USR15397
388,user,USR23402
388,user,USR18109
388,user,USR28926
388,user,USR86395
388,user,USR39771
388,user,USR34417
388,user,USR49755
388,merchant,MCH3833
388,user,USR55123
388,merchant,MCH6240
388,user,USR77488
388,user,USR20218
388,user,USR88091
388,user,USR30751
388,merchant,MCH8814
388,user,USR14263
388,user,USR37251
388,user,USR22060
388,user,USR12148
388,user,USR23303
388,user,USR60966
388,user,USR94173
388,merchant,MCH7036
389,user,USR46150
389,user,USR17917
389,user,USR28342
389,user,USR67537
389,user,USR93154
389,user,USR12389
389,user,USR27790
389,user,USR31174
389,user,USR47525
389,user,USR91417
389,user,USR12149
389,merchant,MCH6988
389,merchant,MCH1015
390,merchant,MCH2674
390,user,USR12153
391,user,USR22917
391,user,USR41763
391,user,USR94410
391,user,USR39048
391,user,USR67763
391,user,USR29278
391,user,USR66479
391,user,USR52225
391,user,USR13790
391,merchant,MCH4190
391,user,USR99699
391,merchant,MCH3775
391,merchant,MCH7365
391,merchant,MCH6976
391,user,USR79414
391,user,USR12155
391,merchant,MCH2987
391,user,USR61796
391,user,USR99996
391,user,USR54433
391,user,USR83887
392,merchant,MCH3096
392,user,USR60475
392,user,USR12185
392,user,USR84098
393,merchant,MCH9903
393,user,USR25992
393,user,USR59522
393,user,USR12186
394,user,USR12191
394,user,USR44442
394,merchant,MCH2493
395,merchant,MCH9224
395,user,USR60708
395,user,USR12194
395,user,USR67033
395,user,USR54813
396,merchant,MCH1600
396,user,USR12198
397,merchant,MCH6841
397,user,USR96676
397,user,USR79590
397,user,USR47927
397,user,USR51408
397,merchant,MCH9012
397,user,USR45783
397,user,USR29615
397,user,USR89276
397,merchant,MCH6406
397,user,USR61277
397,user,USR31245
397,merchant,MCH9150
397,user,USR34344
397,merchant,MCH5421
397,user,USR39468
397,user,USR62231
397,user,USR63806
397,user,USR12207
397,user,USR88768
397,user,USR71669
397,merchant,MCH4677
398,user,USR77735
398,merchant,MCH2163
398,user,USR36238
398,user,USR12209
398,user,USR14115
398,user,USR68697
399,merchant,MCH1917
399,user,USR52346
399,user,USR61673
399,user,USR12213
399,user,USR70007
400,merchant,MCH2440
400,user,USR67654
400,merchant,MCH6948
400,user,USR63213
400,user,USR70689
400,merchant,MCH4239
400,user,USR28459
400,merchant,MCH7490
400,user,USR57581
400,user,USR43853
400,user,USR32497
400,merchant,MCH9341
400,user,USR54593
400,user,USR25636
400,user,USR92063
400,user,USR53151
400,user,USR37019
400,user,USR19104
400,user,USR53783
400,user,USR88387
400,user,USR93535
400,merchant,MCH1585
400,user,USR59734
400,user,USR45452
400,user,USR70030
400,user,USR27277
400,user,USR55146
400,user,USR84838
400,user,USR12214
400,user,USR69151
400,user,USR91526
400,user,USR43897
400,user,USR54556
400,merchant,MCH4692
400,merchant,MCH3454
400,merchant,MCH7466
400,merchant,MCH8833
400,user,USR77852
400,user,USR85233
401,user,USR45508
401,user,USR12215
401,user,USR41549
401,merchant,MCH2961
401,user,USR87399
402,user,USR12216
402,merchant,MCH7820
402,user,USR57706
403,merchant,MCH5142
403,user,USR24804
403,user,USR65673
403,user,USR12222
403,user,USR63502
403,user,USR80622
404,merchant,MCH2702
404,user,USR31848
404,user,USR96150
404,user,USR12223
405,merchant,MCH3427
405,user,USR12226
405,user,USR45627
406,user,USR12227
406,user,USR31084
406,merchant,MCH8801
407,user,USR12230
407,merchant,MCH8423
407,user,USR22293
408,user,USR52917
408,merchant,MCH1804
408,user,USR12238
409,user,USR12239
409,user,USR45218
409,user,USR56448
409,merchant,MCH8515
410,user,USR25876
410,user,USR12242
410,merchant,MCH5585
411,user,USR12243
411,user,USR22979
411,user,USR55964
411,merchant,MCH8217
411,user,USR86386
411,user,USR15333
412,merchant,MCH1263
412,user,USR29449
412,user,USR12244
412,merchant,MCH8663
412,user,USR43260
412,user,USR22252
412,merchant,MCH9248
412,merchant,MCH9896
412,user,USR70550
412,user,USR51996
412,merchant,MCH6892
412,user,USR67624
412,merchant,MCH1719
412,user,USR83512
412,user,USR34341
413,merchant,MCH8355
413,user,USR32615
413,user,USR12247
414,merchant,MCH1013
414,user,USR70604
414,user,USR12248
415,user,USR48290
415,user,USR12251
415,merchant,MCH8687
416,user,USR22359
416,user,USR12252
416,merchant,MCH7027
416,user,USR60969
416,merchant,MCH4542
417,merchant,MCH5943
417,user,USR91902
417,user,USR44862
417,merchant,MCH8794
417,merchant,MCH5446
417,user,USR36079
417,user,USR70461
417,merchant,MCH5451
417,user,USR43533
417,user,USR12753
417,user,USR28460
417,user,USR12253
417,merchant,MCH9267
417,user,USR31416
417,merchant,MCH8714
417,merchant,MCH6395
417,user,USR55886
417,merchant,MCH5987
417,user,USR12644
417,merchant,MCH1035
417,user,USR39311
417,user,USR96684
417,user,USR61171
417,user,USR89311
417,user,USR19921
417,user,USR34851
417,user,USR67087
417,user,USR97014
417,user,USR60718
417,user,USR43629
417,user,USR45418
417,user,USR62233
417,user,USR35637
417,user,USR15156
418,user,USR12263
418,merchant,MCH1026
418,user,USR99700
418,user,USR73637
418,user,USR16990
418,user,USR59827
419,user,USR36784
419,user,USR14339
419,user,USR55178
419,user,USR12265
419,merchant,MCH4042
419,user,USR89465
420,merchant,MCH3120
420,user,USR14363
420,user,USR12272
421,user,USR12273
421,user,USR38417
421,user,USR36163
421,merchant,MCH1323
422,merchant,MCH9145
422,user,USR12280
423,user,USR58663
423,user,USR69555
423,merchant,MCH6528
423,user,USR12284
424,merchant,MCH7011
424,user,USR12285
425,user,USR93079
425,merchant,MCH4031
425,user,USR12288
426,user,USR34334
426,merchant,MCH7177
426,merchant,MCH2436
426,user,USR69122
426,user,USR46506
426,user,USR99226
426,user,USR95411
426,merchant,MCH8954
426,user,USR15951
426,user,USR79569
426,user,USR12289
426,user,USR37392
426,user,USR14645
426,user,USR83115
426,user,USR33504
426,user,USR24478
426,user,USR15139
426,user,USR90653
426,user,USR79932
426,merchant,MCH9084
426,merchant,MCH8510
426,user,USR83530
426,user,USR56696
426,merchant,MCH9360
426,user,USR83831
426,merchant,MCH5706
426,user,USR71400
426,user,USR48504
426,user,USR63297
426,user,USR87892
427,merchant,MCH6726
427,user,USR19667
427,user,USR85149
427,user,USR12296
428,user,USR12314
428,merchant,MCH9784
429,merchant,MCH4051
429,user,USR12346
429,user,USR47288
429,user,USR15181
429,merchant,MCH7812
429,user,USR87154
429,user,USR65079
430,user,USR73039
430,user,USR12355
430,merchant,MCH1572
430,user,USR64002
430,user,USR35613
431,user,USR22574
431,user,USR12357
431,user,USR79565
431,user,USR15273
431,merchant,MCH9738
432,merchant,MCH6339
432,user,USR25760
432,user,USR12369
432,user,USR76496
432,user,USR93512
432,user,USR31274
432,user,USR38642
432,user,USR65434
432,merchant,MCH6184
432,user,USR78888
432,user,USR37362
432,merchant,MCH1349
433,merchant,MCH9687
433,user,USR12371
434,user,USR69445
434,user,USR54567
434,user,USR37308
434,merchant,MCH5027
434,user,USR39755
434,user,USR37551
434,user,USR12380
434,merchant,MCH3741
434,merchant,MCH6038
434,user,USR22862
434,user,USR25972
435,user,USR81290
435,user,USR86139
435,user,USR12384
435,user,USR51050
435,merchant,MCH1678
435,merchant,MCH3563
435,user,USR71029
435,user,USR81643
435,merchant,MCH5815
435,user,USR31655
435,merchant,MCH6270
435,user,USR72785
435,merchant,MCH4969
435,user,USR71268
435,user,USR25112
435,merchant,MCH4196
435,user,USR13604
436,user,USR17492
436,user,USR12396
436,user,USR43607
436,merchant,MCH5609
436,user,USR35284
436,user,USR62442
436,user,USR34141
436,user,USR87394
436,user,USR63544
436,merchant,MCH4326
436,merchant,MCH6807
436,user,USR64440
436,user,USR40188
436,user,USR67778
436,merchant,MCH8614
436,user,USR87569
436,merchant,MCH6232
436,user,USR60058
436,user,USR96218
436,user,USR29767
436,user,USR45865
436,user,USR48692
436,merchant,MCH8027
436,user,USR36485
436,user,USR78198
437,user,USR12408
437,merchant,MCH1612
437,user,USR20775
437,merchant,MCH4999
437,user,USR47387
437,user,USR89470
437,user,USR66758
438,user,USR85266
438,merchant,MCH4641
438,user,USR12425
438,merchant,MCH1952
438,user,USR28135
438,user,USR12688
439,user,USR69551
439,user,USR12427
439,merchant,MCH9238
440,user,USR45186
440,user,USR50975
440,user,USR12433
440,merchant,MCH4366
440,user,USR44698
441,user,USR17966
441,user,USR77487
441,user,USR12444
441,merchant,MCH3188
442,user,USR78477
442,user,USR12453
442,merchant,MCH1158
442,merchant,MCH9050
442,user,USR38714
442,user,USR63524
442,merchant,MCH7583
442,user,USR38884
442,user,USR70517
442,user,USR86401
442,user,USR87583
442,user,USR96337
442,user,USR31377
442,user,USR89118
442,merchant,MCH4627
442,user,USR76082
442,user,USR48500
442,user,USR50116
442,user,USR16371
442,merchant,MCH3695
442,merchant,MCH5731
442,user,USR59496
442,merchant,MCH5588
442,user,USR21245
443,user,USR69680
443,merchant,MCH5270
443,user,USR17397
443,user,USR94312
443,user,USR12459
444,user,USR33680
444,merchant,MCH6431
444,merchant,MCH3423
444,user,USR97181
444,user,USR12472
445,user,USR94621
445,user,USR34157
445,user,USR73618
445,user,USR55659
445,user,USR51046
445,merchant,MCH2836
445,user,USR68114
445,user,USR37531
445,user,USR38628
445,user,USR60087
445,user,USR12473
445,merchant,MCH8254
445,user,USR15725
445,user,USR75231
445,merchant,MCH9813
445,merchant,MCH1725
445,user,USR61932
446,user,USR75790
446,user,USR22412
446,user,USR32749
446,merchant,MCH6945
446,user,USR12483
447,user,USR12487
447,user,USR41619
447,merchant,MCH9253
447,user,USR55091
447,user,USR36140
447,user,USR89142
447,user,USR53553
448,merchant,MCH5849
448,user,USR13109
448,user,USR12502
448,user,USR60576
448,user,USR86318
448,merchant,MCH1334
448,user,USR28568
449,user,USR54223
449,merchant,MCH9834
449,user,USR82974
449,user,USR36989
449,user,USR96868
449,merchant,MCH8471
449,user,USR12518
449,user,USR88416
449,user,USR70482
449,user,USR15798
450,user,USR12519
450,merchant,MCH8080
450,user,USR76672
450,user,USR13587
450,user,USR71965
450,user,USR67586
450,user,USR57999
451,user,USR63952
451,user,USR25637
451,merchant,MCH4966
451,user,USR12521
451,user,USR57946
451,merchant,MCH7337
452,user,USR85640
452,user,USR12523
452,user,USR45201
452,merchant,MCH5105
453,merchant,MCH2256
453,user,USR69559
453,merchant,MCH8561
453,user,USR12526
453,user,USR39861
453,user,USR42268
454,user,USR12533
454,user,USR92168
454,merchant,MCH1561
455,merchant,MCH7416
455,user,USR12542
456,user,USR37976
456,user,USR85638
456,merchant,MCH1235
456,user,USR51465
456,user,USR43611
456,user,USR64208
456,user,USR92696
456,user,USR66362
456,user,USR82168
456,user,USR87377
456,user,USR46007
456,user,USR70696
456,merchant,MCH9969
456,user,USR44336
456,user,USR46497
456,user,USR65103
456,user,USR16695
456,user,USR86221
456,merchant,MCH2244
456,merchant,MCH6805
456,user,USR12550
456,user,USR74517
456,user,USR21925
456,merchant,MCH4491
456,user,USR60648
456,user,USR81554
456,merchant,MCH4637
456,merchant,MCH3613
456,merchant,MCH8403
456,merchant,MCH1728
456,merchant,MCH9873
456,merchant,MCH2144
456,user,USR46556
456,user,USR80985
456,user,USR73183
456,merchant,MCH2922
456,user,USR47269
456,user,USR99313
456,user,USR94681
456,user,USR13097
457,merchant,MCH9551
457,user,USR12561
457,user,USR96703
457,user,USR80177
458,user,USR68172
458,user,USR31253
458,user,USR47022
458,user,USR98969
458,merchant,MCH8997
458,user,USR12563
458,user,USR87614
459,merchant,MCH3222
459,user,USR64168
459,user,USR96967
459,user,USR61174
459,user,USR14229
459,user,USR93179
459,user,USR39288
459,user,USR12565
459,merchant,MCH5391
460,user,USR12593
460,user,USR20497
460,merchant,MCH2092
460,user,USR76487
461,merchant,MCH6250
461,user,USR12594
461,user,USR56741
461,user,USR26525
461,merchant,MCH4212
461,user,USR16285
461,user,USR87913
461,user,USR34636
462,merchant,MCH1017
462,user,USR12596
463,merchant,MCH5394
463,user,USR12605
463,user,USR83894
463,user,USR45409
463,user,USR35598
464,user,USR12611
464,merchant,MCH7892
464,user,USR13067
465,user,USR85406
465,user,USR12615
465,user,USR37530
465,merchant,MCH2832
466,user,USR31651
466,user,USR44214
466,user,USR86851
466,user,USR12618
466,merchant,MCH5710
466,user,USR99997
466,user,USR97369
466,user,USR37808
466,user,USR40645
467,user,USR12621
467,merchant,MCH7542
468,merchant,MCH3024
468,user,USR67243
468,user,USR12625
469,user,USR53895
469,user,USR12635
469,user,USR39095
469,user,USR80648
469,merchant,MCH9471
469,user,USR75156
470,user,USR12654
470,merchant,MCH4499
471,user,USR12660
471,merchant,MCH3752
471,merchant,MCH5059
471,user,USR75065
471,user,USR92460
472,user,USR53352
472,user,USR65258
472,user,USR12673
472,merchant,MCH7441
473,user,USR29001
473,user,USR12676
473,merchant,MCH6708
473,user,USR51100
474,merchant,MCH3725
474,user,USR12678
474,user,USR52772
475,user,USR73553
475,user,USR37579
475,user,USR12683
475,merchant,MCH9869
476,merchant,MCH9795
476,user,USR12691
477,user,USR54561
477,merchant,MCH9558
477,user,USR76132
477,user,USR12711
478,user,USR34752
478,merchant,MCH1061
478,user,USR17073
478,user,USR12714
479,user,USR12727
479,user,USR29769
479,merchant,MCH9537
479,user,USR79546
479,user,USR85588
479,user,USR67365
480,user,USR16510
480,user,USR12729
480,merchant,MCH3776
481,user,USR12733
481,merchant,MCH6638
481,user,USR13080
482,user,USR53975
482,user,USR21988
482,user,USR12744
482,merchant,MCH5653
482,merchant,MCH6967
482,merchant,MCH6308
482,user,USR20891
482,user,USR48639
483,user,USR84562
483,user,USR12757
483,merchant,MCH6181
483,user,USR97494
483,user,USR55013
484,user,USR26310
484,merchant,MCH4630
484,user,USR52008
484,user,USR12787
484,user,USR42608
484,user,USR82920
484,merchant,MCH5755
484,user,USR99763
485,user,USR96627
485,merchant,MCH4578
485,merchant,MCH1505
485,user,USR85066
485,user,USR97796
485,user,USR38437
485,user,USR12788
485,user,USR49770
485,user,USR35229
485,user,USR44102
485,merchant,MCH6049
485,user,USR28939
485,user,USR43040
485,user,USR65067
485,user,USR73421
486,user,USR65685
486,merchant,MCH7339
486,user,USR12799
486,user,USR76303
486,user,USR46998
486,user,USR67477
487,user,USR12827
487,merchant,MCH1699
487,user,USR50819
488,user,USR89235
488,merchant,MCH8665
488,user,USR40521
488,user,USR12829
489,merchant,MCH6063
489,user,USR63376
489,user,USR12830
489,user,USR23531
489,user,USR18230
490,user,USR52109
490,merchant,MCH1347
490,user,USR12832
491,merchant,MCH7584
491,user,USR15571
491,user,USR12837
491,user,USR88025
491,user,USR51761
491,user,USR39377
492,user,USR24399
492,merchant,MCH5085
492,user,USR12843
493,user,USR20506
493,user,USR12844
493,merchant,MCH9735
494,user,USR12848
494,merchant,MCH7159
494,user,USR90788
494,user,USR81040
494,merchant,MCH7957
495,merchant,MCH1616
495,user,USR12850
496,user,USR76890
496,user,USR12855
496,merchant,MCH8889
497,user,USR12863
497,merchant,MCH3625
498,user,USR39401
498,merchant,MCH1677
498,user,USR46406
498,user,USR12864
499,user,USR15756
499,user,USR13836
499,user,USR31497
499,merchant,MCH5317
499,user,USR96449
499,user,USR82941
499,user,USR55496
499,user,USR12867
500,user,USR72168
500,user,USR38745
500,merchant,MCH9119
500,user,USR49131
500,merchant,MCH5086
500,user,USR12874
500,user,USR58072
501,user,USR67233
501,user,USR12890
501,merchant,MCH1729
501,user,USR81136
502,user,USR12900
502,user,USR31578
502,merchant,MCH9093
503,merchant,MCH8470
503,user,USR83323
503,user,USR50037
503,user,USR91714
503,merchant,MCH8354
503,user,USR12916
504,merchant,MCH1271
504,user,USR12933
504,user,USR79634
504,merchant,MCH9864
504,user,USR62703
504,user,USR16807
504,user,USR32158
504,user,USR38546
504,user,USR60285
504,user,USR46203
504,user,USR13030
504,user,USR75095
504,merchant,MCH7593
504,user,USR45203
504,user,USR53649
505,user,USR41617
505,merchant,MCH5097
505,user,USR91082
505,user,USR12935
505,merchant,MCH4731
505,user,USR72396
505,merchant,MCH9919
505,user,USR67219
505,user,USR58522
505,user,USR75099
505,merchant,MCH1787
505,user,USR66971
505,user,USR72185
505,user,USR58222
506,merchant,MCH8952
506,user,USR12937
507,user,USR12945
507,merchant,MCH6168
507,user,USR16288
507,user,USR63449
508,user,USR49353
508,user,USR12948
508,merchant,MCH3602
508,user,USR53800
508,user,USR89281
508,user,USR36509
508,user,USR94189
508,merchant,MCH1316
508,merchant,MCH5540
508,user,USR84828
509,user,USR29575
509,user,USR95707
509,merchant,MCH2864
509,merchant,MCH3736
509,user,USR12956
509,user,USR71543
510,merchant,MCH4481
510,merchant,MCH5946
510,user,USR51228
510,user,USR82737
510,user,USR12958
511,user,USR22982
511,user,USR17323
511,merchant,MCH8329
511,user,USR28904
511,user,USR50609
511,merchant,MCH6847
511,merchant,MCH1738
511,user,USR77027
511,merchant,MCH8331
511,user,USR43006
511,user,USR53715
511,user,USR53934
511,user,USR37452
511,user,USR24010
511,user,USR36813
511,user,USR12962
511,user,USR30669
511,merchant,MCH5289
511,merchant,MCH4658
511,user,USR88974
511,user,USR58493
511,user,USR73631
511,user,USR70559
511,user,USR68935
511,user,USR71886
511,user,USR93631
511,merchant,MCH9695
511,user,USR34443
511,user,USR21842
511,user,USR70074
511,merchant,MCH2696
511,user,USR16887
511,user,USR30974
511,user,USR30748
511,user,USR36118
511,user,USR23504
511,user,USR72566
511,user,USR40999
511,user,USR61372
512,merchant,MCH2444
512,user,USR14886
512,user,USR31975
512,user,USR51481
512,user,USR12966
513,user,USR12970
513,user,USR55252
513,merchant,MCH5838
513,user,USR76321
514,user,USR62984
514,user,USR15898
514,merchant,MCH8865
514,user,USR12976
515,merchant,MCH7469
515,user,USR12977
515,user,USR68148
516,merchant,MCH4024
516,user,USR38797
516,user,USR24528
516,user,USR12992
516,user,USR58732
517,user,USR60903
517,user,USR12995
517,user,USR88232
517,merchant,MCH2626
518,user,USR13002
518,merchant,MCH7572
518,user,USR29617
518,user,USR93237
518,user,USR30263
519,user,USR29125
519,user,USR19963
519,user,USR94152
519,user,USR29803
519,merchant,MCH7520
519,user,USR87774
519,user,USR71901
519,user,USR94067
519,user,USR58624
519,user,USR13003
519,merchant,MCH7761
519,user,USR34878
519,user,USR44167
519,user,USR36350
519,user,USR29901
519,merchant,MCH3431
519,merchant,MCH7334
519,user,USR35506
519,user,USR46409
519,merchant,MCH9839
519,user,USR39968
519,user,USR36519
519,merchant,MCH7122
519,user,USR28302
520,user,USR13006
520,user,USR68394
520,user,USR96205
520,merchant,MCH1110
521,user,USR63704
521,merchant,MCH5666
521,user,USR13007
522,merchant,MCH7662
522,user,USR13008
523,merchant,MCH9737
523,merchant,MCH7798
523,user,USR46394
523,merchant,MCH7149
523,user,USR55564
523,user,USR95745
523,user,USR39328
523,user,USR85448
523,user,USR44446
523,merchant,MCH6752
523,user,USR23090
523,user,USR42378
523,user,USR72808
523,user,USR34421
523,user,USR97266
523,user,USR38128
523,user,USR48885
523,user,USR13009
523,merchant,MCH7355
523,merchant,MCH7132
523,merchant,MCH6311
523,user,USR49309
523,user,USR57199
523,user,USR79602
524,merchant,MCH2748
524,user,USR13015
524,merchant,MCH2350
524,user,USR68316
524,user,USR39189
524,user,USR74491
524,user,USR19269
525,user,USR45444
525,user,USR13018
525,merchant,MCH5948
526,user,USR19542
526,user,USR16179
526,user,USR13021
526,merchant,MCH2678
526,user,USR38082
526,merchant,MCH5891
526,user,USR73475
526,user,USR37520
527,user,USR72707
527,merchant,MCH9393
527,user,USR13022
528,user,USR13023
528,user,USR81810
528,merchant,MCH1381
528,user,USR79645
528,user,USR84996
528,user,USR40639
529,user,USR58611
529,user,USR41119
529,user,USR84532
529,merchant,MCH6448
529,merchant,MCH7526
529,user,USR91625
529,user,USR13032
530,user,USR37181
530,user,USR13035
530,merchant,MCH2085
531,user,USR18536
531,merchant,MCH6211
531,user,USR43331
531,user,USR27014
531,user,USR13039
531,user,USR59386
531,merchant,MCH6257
531,user,USR87289
531,user,USR33940
532,merchant,MCH6657
532,user,USR13040
532,user,USR48591
532,merchant,MCH2143
532,user,USR55340
532,user,USR56704
532,user,USR51259
533,user,USR23295
533,merchant,MCH8732
533,user,USR63908
533,user,USR13062
533,merchant,MCH2803
533,user,USR72322
533,user,USR79881
533,user,USR34226
534,user,USR44690
534,merchant,MCH1928
534,user,USR13063
534,user,USR58295
534,user,USR33737
535,user,USR13066
535,merchant,MCH2646
535,user,USR87037
535,user,USR31026
535,merchant,MCH4746
535,user,USR75391
535,user,USR19702
536,merchant,MCH5845
536,user,USR46507
536,user,USR13072
537,user,USR73173
537,user,USR54128
537,user,USR65785
537,merchant,MCH5531
537,merchant,MCH8694
537,user,USR63916
537,user,USR67451
537,merchant,MCH4157
537,user,USR49221
537,merchant,MCH6070
537,user,USR82120
537,merchant,MCH6567
537,user,USR19225
537,user,USR96820
537,user,USR64865
537,user,USR92709
537,merchant,MCH7282
537,user,USR58356
537,user,USR20714
537,user,USR31889
537,user,USR30157
537,user,USR28440
537,user,USR78840
537,user,USR65450
537,user,USR20879
537,user,USR45694
537,user,USR70164
537,merchant,MCH8385
537,merchant,MCH5825
537,merchant,MCH6183
537,user,USR15918
537,user,USR22355
537,merchant,MCH8941
537,merchant,MCH7417
537,user,USR20589
537,merchant,MCH9787
537,user,USR57281
537,merchant,MCH1130
537,merchant,MCH1136
537,user,USR94780
537,user,USR65178
537,user,USR68802
537,user,USR18639
537,merchant,MCH6640
537,user,USR16962
537,user,USR46981
537,merchant,MCH5404
537,merchant,MCH4526
537,user,USR13400
537,user,USR13081
537,user,USR24034
537,user,USR69096
537,merchant,MCH6934
537,merchant,MCH7030
537,user,USR47363
537,user,USR81142
537,user,USR83641
538,user,USR35469
538,merchant,MCH1847
538,user,USR52458
538,user,USR13084
538,user,USR93422
538,user,USR58343
538,merchant,MCH8466
538,user,USR49642
538,user,USR59366
538,user,USR63201
538,user,USR55758
538,user,USR40202
538,merchant,MCH6145
539,user,USR46516
539,merchant,MCH8275
539,user,USR13103
539,merchant,MCH5464
539,user,USR74983
539,user,USR46004
540,user,USR13110
540,user,USR69857
540,user,USR80016
540,user,USR27804
540,user,USR45301
540,merchant,MCH3932
540,merchant,MCH9396
541,user,USR13116
541,user,USR34142
541,merchant,MCH1875
542,merchant,MCH2156
542,user,USR13118
542,user,USR71828
542,user,USR54304
543,user,USR87781
543,user,USR40495
543,merchant,MCH8208
543,user,USR65277
543,user,USR13121
544,user,USR49094
544,merchant,MCH4994
544,user,USR54025
544,user,USR28162
544,user,USR13123
545,merchant,MCH9547
545,user,USR13124
545,user,USR52083
545,user,USR28860
546,user,USR94871
546,user,USR82103
546,merchant,MCH6302
546,user,USR69782
546,user,USR66582
546,user,USR35624
546,user,USR75976
546,merchant,MCH9411
546,user,USR42058
546,user,USR13129
546,user,USR75883
546,user,USR59121
547,user,USR44781
547,user,USR80594
547,merchant,MCH4070
547,user,USR15971
547,user,USR66720
547,user,USR85214
547,user,USR99053
547,user,USR83064
547,user,USR74592
547,merchant,MCH3386
547,user,USR80429
547,user,USR13141
548,merchant,MCH5625
548,user,USR42279
548,merchant,MCH3154
548,user,USR87047
548,user,USR42212
548,user,USR57115
548,user,USR39009
548,user,USR22220
548,user,USR26061
548,user,USR84459
548,user,USR68653
548,user,USR33597
548,user,USR96477
548,user,USR13149
548,user,USR38893
548,merchant,MCH1745
548,user,USR23610
549,user,USR25775
549,user,USR58789
549,merchant,MCH6008
549,user,USR52089
549,user,USR61758
549,user,USR13151
550,user,USR75218
550,merchant,MCH7937
550,user,USR53340
550,user,USR63404
550,merchant,MCH4713
550,user,USR49332
550,user,USR13154
551,merchant,MCH8151
551,user,USR22568
551,user,USR79167
551,user,USR64097
551,user,USR13160
552,merchant,MCH3106
552,user,USR58159
552,user,USR13167
553,merchant,MCH9569
553,user,USR97332
553,user,USR85063
553,user,USR87286
553,user,USR38341
553,merchant,MCH6356
553,merchant,MCH1038
553,user,USR48919
553,user,USR13172
554,user,USR30523
554,user,USR51806
554,user,USR27004
554,user,USR95221
554,user,USR45095
554,user,USR13175
554,merchant,MCH8756
554,user,USR46649
554,user,USR58059
554,user,USR98840
554,merchant,MCH8750
554,merchant,MCH5435
555,user,USR45801
555,merchant,MCH9794
555,user,USR38829
555,user,USR94399
555,user,USR44711
555,merchant,MCH2835
555,user,USR13181
556,user,USR79319
556,merchant,MCH4817
556,user,USR13182
557,user,USR91169
557,user,USR13199
557,merchant,MCH7214
558,merchant,MCH7912
558,user,USR63864
558,user,USR68811
558,user,USR18495
558,user,USR23246
558,user,USR77552
558,user,USR45593
558,user,USR41610
558,user,USR13211
558,merchant,MCH5147
558,merchant,MCH8916
558,user,USR49080
558,user,USR31152
558,user,USR73722
558,user,USR74265
559,user,USR53525
559,user,USR13221
559,merchant,MCH3893
559,user,USR46697
559,user,USR18739
559,merchant,MCH3664
559,user,USR99080
559,user,USR53636
560,merchant,MCH4524
560,user,USR13222
560,user,USR29736
561,user,USR13232
561,user,USR81399
561,merchant,MCH4690
561,user,USR13493
561,user,USR21023
561,user,USR28402
562,user,USR13235
562,merchant,MCH1145
562,user,USR96305
562,user,USR16834
563,user,USR91478
563,user,USR13241
563,merchant,MCH9764
563,user,USR14450
564,user,USR13242
564,user,USR54054
564,user,USR16699
564,merchant,MCH5926
565,user,USR13243
565,merchant,MCH9359
565,user,USR37501
565,user,USR66686
566,merchant,MCH1681
566,user,USR76597
566,user,USR13249
567,user,USR64458
567,user,USR43610
567,user,USR34404
567,user,USR67932
567,merchant,MCH5384
567,user,USR28238
567,merchant,MCH4312
567,user,USR14193
567,user,USR42790
567,user,USR28941
567,user,USR53450
567,user,USR51766
567,merchant,MCH1276
567,user,USR13261
567,user,USR22256
567,user,USR70735
567,merchant,MCH8062
568,user,USR88089
568,merchant,MCH6933
568,user,USR13263
569,merchant,MCH4776
569,user,USR82593
569,user,USR93200
569,user,USR13265
569,user,USR51926
570,user,USR13279
570,user,USR79329
570,merchant,MCH4033
571,user,USR26696
571,merchant,MCH9223
571,user,USR13310
572,user,USR46572
572,user,USR55757
572,merchant,MCH5554
572,user,USR13312
572,user,USR76338
573,user,USR19567
573,user,USR59701
573,user,USR13317
573,merchant,MCH2109
573,user,USR18311
573,user,USR78157
573,user,USR53487
574,user,USR38322
574,user,USR46306
574,merchant,MCH2855
574,merchant,MCH8306
574,user,USR49355
574,user,USR13318
574,user,USR47788
575,user,USR77725
575,merchant,MCH4618
575,user,USR13328
576,user,USR13331
576,merchant,MCH9169
576,user,USR32546
576,user,USR37376
576,user,USR88526
577,user,USR13332
577,user,USR57947
577,merchant,MCH3596
578,merchant,MCH4172
578,user,USR13337
579,user,USR13346
579,merchant,MCH8559
579,user,USR70736
579,user,USR72768
580,user,USR13352
580,user,USR91630
580,merchant,MCH9399
581,user,USR13358
581,merchant,MCH2313
582,user,USR17012
582,user,USR98392
582,user,USR13360
582,merchant,MCH8695
582,user,USR31016
583,user,USR88708
583,merchant,MCH1821
583,user,USR13361
584,merchant,MCH3062
584,user,USR88994
584,user,USR13589
584,user,USR38500
584,user,USR17353
584,user,USR23621
584,user,USR30415
584,user,USR28554
584,user,USR13385
584,user,USR84060
584,merchant,MCH7119
584,user,USR38130
585,merchant,MCH8974
585,user,USR13393
586,merchant,MCH1894
586,user,USR62453
586,user,USR26569
586,user,USR13425
586,user,USR73344
586,user,USR45063
586,user,USR62103
586,merchant,MCH2108
586,user,USR84839
587,merchant,MCH5794
587,user,USR41125
587,user,USR13427
588,merchant,MCH2521
588,user,USR13436
588,user,USR54631
589,user,USR49588
589,merchant,MCH3646
589,user,USR13437
589,user,USR90434
590,user,USR13448
590,user,USR30203
590,user,USR35329
590,user,USR47100
590,merchant,MCH7473
590,user,USR95634
590,user,USR88790
590,user,USR75745
591,merchant,MCH5614
591,user,USR13449
591,merchant,MCH6685
591,user,USR33880
591,user,USR93782
592,user,USR13450
592,merchant,MCH9289
592,user,USR29556
592,user,USR51285
592,user,USR62799
593,user,USR13454
593,user,USR27397
593,user,USR91836
593,merchant,MCH7735
593,user,USR26663
593,user,USR50304
593,user,USR63799
593,user,USR84059
593,user,USR78990
593,user,USR61711
593,user,USR16599
593,merchant,MCH8866
593,user,USR73738
593,user,USR48482
593,user,USR45319
593,user,USR24652
593,merchant,MCH4022
593,user,USR87275
593,merchant,MCH1641
593,merchant,MCH3699
593,user,USR37568
594,merchant,MCH4173
594,user,USR40085
594,user,USR44274
594,user,USR19769
594,user,USR47356
594,user,USR84232
594,user,USR63309
594,user,USR13457
595,user,USR43818
595,user,USR13465
595,merchant,MCH2965
596,user,USR83310
596,user,USR42113
596,user,USR13466
596,merchant,MCH3536
596,user,USR58299
597,user,USR38138
597,user,USR15392
597,user,USR13473
597,merchant,MCH1430
597,user,USR51735
598,user,USR74753
598,merchant,MCH9250
598,user,USR13480
599,user,USR13482
599,merchant,MCH1451
599,user,USR52436
600,merchant,MCH8166
600,user,USR13492
600,user,USR32553
600,user,USR46915
600,user,USR68255
600,merchant,MCH3914
600,user,USR64167
600,merchant,MCH8133
601,user,USR46052
601,merchant,MCH2331
601,user,USR65810
601,user,USR13511
601,user,USR36546
601,user,USR44152
601,merchant,MCH1993
602,user,USR13525
602,user,USR19952
602,merchant,MCH9388
602,merchant,MCH7358
602,user,USR47330
602,user,USR24832
603,merchant,MCH6517
603,user,USR36864
603,user,USR61948
603,merchant,MCH4723
603,user,USR26895
603,user,USR70917
603,merchant,MCH5595
603,user,USR87635
603,user,USR13526
604,user,USR13535
604,merchant,MCH4739
604,merchant,MCH3498
604,user,USR44763
604,user,USR75160
604,user,USR50789
605,user,USR13545
605,user,USR93290
605,merchant,MCH3558
606,user,USR86236
606,merchant,MCH2413
606,user,USR44431
606,user,USR80824
606,user,USR13559
606,merchant,MCH3717
606,user,USR44773
606,merchant,MCH3492
607,user,USR13560
607,user,USR77896
607,user,USR60047
607,user,USR51442
607,user,USR27540
607,merchant,MCH6215
607,user,USR89868
607,merchant,MCH8389
607,user,USR82133
608,user,USR13566
608,merchant,MCH1000
609,user,USR13574
609,user,USR21835
609,merchant,MCH6227
609,user,USR87704
609,user,USR92045
609,merchant,MCH4187
610,user,USR80205
610,merchant,MCH3846
610,user,USR30087
610,merchant,MCH4006
610,user,USR70325
610,user,USR93701
610,user,USR21970
610,user,USR19994
610,user,USR89278
610,user,USR34496
610,user,USR73898
610,user,USR75612
610,user,USR79889
610,user,USR21423
610,user,USR13577
610,user,USR34401
610,user,USR58892
610,user,USR56663
610,merchant,MCH3720
610,merchant,MCH6613
611,user,USR20899
611,user,USR62151
611,user,USR13579
611,merchant,MCH9111
612,merchant,MCH5723
612,user,USR13580
612,user,USR36609
613,user,USR48909
613,user,USR82628
613,user,USR65052
613,user,USR53292
613,merchant,MCH6725
613,merchant,MCH6274
613,user,USR39705
613,user,USR40425
613,user,USR62193
613,merchant,MCH1768
613,user,USR90180
613,user,USR13581
614,merchant,MCH4950
614,user,USR20760
614,user,USR13595
614,user,USR55698
615,merchant,MCH6400
615,user,USR55382
615,user,USR92511
615,user,USR33472
615,user,USR13599
615,merchant,MCH4721
616,user,USR48316
616,user,USR51184
616,user,USR13603
616,merchant,MCH4566
616,user,USR31483
617,user,USR86157
617,user,USR77025
617,merchant,MCH2063
617,user,USR13609
618,user,USR61107
618,user,USR13611
618,merchant,MCH7564
619,merchant,MCH3343
619,user,USR13614
620,user,USR28411
620,merchant,MCH3929
620,user,USR13615
621,merchant,MCH3562
621,merchant,MCH3239
621,user,USR13620
622,user,USR72053
622,user,USR13624
622,user,USR24334
622,merchant,MCH2070
623,merchant,MCH8809
623,user,USR55700
623,user,USR99157
623,user,USR30197
623,user,USR17779
623,user,USR13626
623,merchant,MCH8950
623,user,USR70656
623,user,USR30516
623,user,USR64322
624,merchant,MCH9685
624,user,USR13637
625,merchant,MCH6110
625,user,USR13640
626,merchant,MCH1184
626,user,USR13651
627,merchant,MCH2858
627,user,USR56758
627,user,USR20838
627,merchant,MCH3432
627,merchant,MCH1595
627,user,USR19743
627,merchant,MCH8989
627,user,USR13664
627,merchant,MCH6816
627,user,USR64312
627,merchant,MCH7218
627,user,USR66951
627,user,USR15501
627,user,USR51151
627,user,USR66374
627,user,USR33660
627,user,USR67035
627,user,USR16793
628,user,USR15564
628,user,USR87915
628,merchant,MCH9171
628,user,USR80212
628,user,USR67873
628,user,USR80636
628,merchant,MCH2335
628,merchant,MCH6116
628,user,USR30623
628,user,USR20972
628,user,USR45900
628,merchant,MCH5337
628,user,USR98000
628,merchant,MCH8233
628,user,USR14282
628,user,USR22328
628,user,USR13670
628,user,USR55169
628,user,USR88280
628,user,USR90735
628,user,USR82093
629,user,USR65032
629,user,USR27516
629,user,USR13676
629,merchant,MCH9328
630,user,USR13680
630,user,USR80611
630,merchant,MCH7275
630,user,USR58004
631,user,USR63267
631,user,USR24476
631,user,USR43682
631,merchant,MCH7815
631,user,USR39805
631,user,USR26640
631,merchant,MCH6642
631,user,USR13681
631,user,USR19463
632,user,USR13686
632,merchant,MCH2588
632,user,USR76911
633,user,USR13691
633,merchant,MCH5519
633,user,USR51123
634,user,USR45031
634,merchant,MCH9061
634,user,USR65385
634,user,USR13700
635,user,USR81683
635,user,USR24423
635,user,USR59844
635,user,USR26027
635,user,USR13703
635,user,USR47711
635,merchant,MCH7444
635,user,USR48901
635,user,USR67571
635,merchant,MCH1196
635,user,USR70241
636,user,USR29510
636,user,USR13710
636,user,USR24053
636,merchant,MCH2006
637,merchant,MCH9707
637,user,USR13711
637,user,USR83077
638,user,USR13719
638,user,USR27304
638,user,USR21415
638,merchant,MCH2773
639,merchant,MCH1596
639,user,USR23315
639,user,USR14943
639,user,USR13800
639,user,USR57739
639,user,USR25130
639,user,USR13732
639,user,USR20522
639,merchant,MCH5611
639,merchant,MCH5356
640,user,USR13735
640,user,USR41871
640,user,USR22420
640,merchant,MCH4562
640,user,USR43728
641,user,USR78718
641,user,USR86619
641,user,USR93931
641,user,USR39898
641,user,USR63723
641,user,USR97107
641,user,USR33214
641,user,USR41520
641,merchant,MCH4342
641,user,USR13742
641,merchant,MCH7997
641,user,USR36213
642,merchant,MCH7000
642,user,USR51525
642,user,USR48908
642,user,USR76941
642,user,USR83140
642,user,USR31163
642,user,USR31153
642,user,USR64404
642,merchant,MCH3679
642,user,USR13772
642,user,USR32847
643,user,USR24859
643,user,USR34941
643,merchant,MCH1191
643,user,USR68202
643,user,USR72448
643,merchant,MCH7602
643,user,USR13774
644,user,USR40112
644,user,USR85686
644,user,USR42531
644,merchant,MCH9002
644,user,USR97894
644,user,USR13776
644,merchant,MCH1288
644,user,USR99839
644,user,USR25205
644,merchant,MCH9818
644,user,USR15884
644,user,USR78310
645,merchant,MCH4283
645,user,USR13788
645,user,USR19132
646,merchant,MCH2220
646,merchant,MCH4850
646,user,USR49389
646,user,USR13806
646,user,USR58636
646,user,USR56753
646,user,USR60760
646,user,USR36167
646,user,USR94299
646,user,USR18064
647,user,USR13821
647,merchant,MCH2924
647,user,USR98508
647,user,USR84110
647,user,USR28527
648,user,USR79419
648,merchant,MCH2138
648,user,USR13826
648,user,USR59572
649,user,USR96604
649,merchant,MCH2243
649,user,USR13828
650,user,USR13830
650,merchant,MCH9406
651,merchant,MCH4253
651,user,USR28287
651,user,USR13840
651,user,USR50326
652,merchant,MCH3871
652,user,USR13843
652,user,USR15043
653,user,USR77559
653,user,USR60340
653,merchant,MCH7781
653,merchant,MCH2298
653,user,USR95981
653,user,USR87736
653,merchant,MCH7234
653,user,USR19845
653,user,USR51622
653,user,USR26136
653,user,USR18363
653,user,USR95812
653,user,USR25848
653,merchant,MCH7244
653,merchant,MCH5401
653,user,USR83044
653,user,USR67445
653,merchant,MCH1954
653,user,USR59421
653,user,USR22209
653,user,USR15500
653,user,USR46369
653,user,USR58692
653,user,USR34101
653,merchant,MCH1662
653,merchant,MCH6817
653,user,USR53331
653,user,USR13844
653,user,USR59996
653,user,USR59017
653,user,USR49763
653,user,USR68944
653,merchant,MCH2195
653,merchant,MCH5158
653,user,USR25022
653,merchant,MCH4558
653,user,USR35305
653,merchant,MCH4903
653,user,USR14555
653,user,USR56849
653,merchant,MCH9821
653,user,USR38444
653,merchant,MCH7636
653,merchant,MCH2520
653,user,USR82422
653,merchant,MCH8239
653,merchant,MCH9681
653,user,USR90022
653,user,USR31212
653,user,USR76790
653,user,USR29893
653,user,USR29718
653,user,USR78430
653,user,USR56575
653,user,USR94516
653,user,USR78482
653,user,USR64720
653,user,USR79521
653,merchant,MCH8764
653,user,USR85292
653,user,USR66572
653,user,USR82805
653,merchant,MCH6787
653,user,USR49366
653,user,USR25535
653,user,USR21921
653,merchant,MCH6075
653,user,USR63430
653,user,USR38053
653,merchant,MCH1193
653,merchant,MCH4375
653,user,USR29435
653,user,USR95674
653,user,USR16263
654,merchant,MCH5628
654,user,USR89667
654,user,USR87176
654,user,USR13848
654,user,USR27187
655,merchant,MCH9620
655,user,USR13853
655,user,USR44047
655,user,USR62413
655,user,USR96588
655,user,USR16871
655,user,USR47551
655,user,USR44692
655,user,USR17836
655,user,USR39182
655,merchant,MCH1543
655,user,USR82540
655,user,USR91039
655,merchant,MCH6243
655,user,USR51950
655,user,USR48314
656,user,USR66238
656,user,USR60222
656,user,USR13860
656,merchant,MCH9698
656,user,USR32968
656,user,USR16652
656,user,USR93901
656,merchant,MCH4029
657,merchant,MCH7800
657,merchant,MCH9219
657,user,USR19781
657,user,USR48448
657,user,USR54146
657,user,USR13875
657,user,USR67337
657,user,USR79258
657,user,USR49929
657,merchant,MCH6858
657,user,USR97008
658,user,USR33175
658,user,USR13878
658,merchant,MCH7321
659,merchant,MCH9080
659,user,USR13898
659,user,USR81962
660,user,USR70085
660,user,USR87836
660,user,USR87714
660,merchant,MCH7560
660,user,USR13904
661,user,USR44379
661,user,USR86756
661,merchant,MCH7585
661,merchant,MCH7380
661,user,USR43216
661,user,USR13906
662,merchant,MCH5656
662,merchant,MCH2518
662,user,USR62777
662,user,USR33448
662,user,USR18932
662,user,USR13918
662,user,USR91365
663,merchant,MCH1990
663,user,USR79165
663,user,USR95209
663,user,USR82459
663,user,USR13924
664,user,USR83180
664,merchant,MCH9166
664,user,USR52068
664,user,USR85557
664,merchant,MCH9549
664,user,USR13926
664,merchant,MCH5840
664,user,USR26872
664,user,USR59972
664,user,USR89309
665,merchant,MCH9257
665,user,USR59160
665,user,USR13928
665,user,USR98685
665,user,USR85303
665,user,USR89821
666,user,USR13929
666,merchant,MCH6091
666,user,USR44228
667,user,USR59006
667,user,USR72900
667,merchant,MCH3853
667,user,USR13930
667,user,USR48018
668,user,USR80314
668,merchant,MCH3751
668,user,USR51382
668,user,USR30565
668,merchant,MCH8667
668,user,USR34887
668,user,USR90398
668,user,USR20077
668,user,USR78862
668,user,USR40382
668,merchant,MCH6654
668,merchant,MCH6050
668,user,USR53231
668,user,USR15682
668,merchant,MCH9098
668,user,USR47249
668,user,USR33801
668,user,USR15616
668,user,USR73065
668,user,USR13935
668,merchant,MCH2583
668,merchant,MCH8834
669,user,USR13941
669,user,USR41234
669,user,USR74323
669,merchant,MCH2131
670,user,USR31821
670,merchant,MCH3462
670,user,USR91919
670,merchant,MCH2900
670,user,USR38880
670,user,USR13943
670,user,USR47547
670,user,USR39136
670,user,USR30937
670,user,USR88946
670,merchant,MCH6203
670,user,USR91859
671,user,USR53244
671,user,USR30428
671,user,USR25901
671,user,USR91537
671,user,USR58973
671,user,USR13957
671,merchant,MCH5761
672,user,USR22162
672,merchant,MCH7410
672,user,USR58033
672,user,USR47802
672,merchant,MCH9845
672,user,USR70899
672,user,USR13969
672,user,USR16358
672,user,USR93313
673,user,USR13975
673,merchant,MCH7105
674,merchant,MCH8222
674,user,USR13976
674,user,USR58502
674,user,USR32438
674,user,USR71040
675,user,USR13977
675,merchant,MCH2912
676,user,USR80393
676,merchant,MCH4791
676,user,USR13984
676,user,USR70156
676,user,USR54141
676,user,USR73025
677,user,USR37834
677,user,USR74970
677,merchant,MCH5213
677,user,USR24140
677,user,USR76962
677,user,USR86915
677,user,USR13988
677,user,USR26124
678,user,USR98317
678,user,USR45760
678,user,USR52444
678,user,USR13994
678,merchant,MCH1797
679,user,USR13998
679,user,USR62686
679,user,USR36515
679,merchant,MCH1693
680,merchant,MCH9376
680,user,USR92721
680,user,USR41041
680,user,USR35786
680,user,USR14002
680,user,USR42647
680,user,USR34690
680,user,USR66295
680,user,USR30541
680,merchant,MCH6295
680,user,USR38166
681,user,USR14014
681,user,USR23179
681,merchant,MCH8811
682,user,USR51261
682,user,USR81140
682,merchant,MCH9573
682,user,USR14035
682,user,USR23308
683,user,USR14045
683,merchant,MCH9271
683,user,USR88534
683,user,USR23193
684,user,USR43903
684,merchant,MCH4512
684,user,USR89864
684,user,USR14047
685,user,USR14048
685,merchant,MCH7898
686,user,USR14060
686,merchant,MCH9318
687,user,USR14075
687,user,USR41722
687,user,USR79325
687,merchant,MCH4041
687,user,USR83595
687,user,USR94819
688,user,USR14080
688,user,USR16293
688,merchant,MCH9371
689,user,USR19007
689,user,USR84407
689,user,USR14083
689,user,USR16058
689,user,USR62488
689,user,USR60635
689,merchant,MCH5177
690,user,USR56169
690,user,USR14086
690,merchant,MCH9974
691,user,USR14119
691,merchant,MCH6629
691,user,USR50595
691,user,USR48462
692,user,USR60643
692,user,USR16959
692,user,USR14120
692,merchant,MCH5060
692,user,USR40027
693,merchant,MCH9842
693,user,USR35830
693,merchant,MCH7320
693,user,USR93038
693,user,USR14121
693,user,USR99824
693,user,USR25874
693,merchant,MCH5254
693,user,USR84124
693,user,USR90166
693,merchant,MCH5212
693,user,USR40874
693,user,USR71637
694,merchant,MCH9153
694,user,USR14127
695,user,USR18721
695,merchant,MCH2976
695,user,USR14129
695,user,USR87789
695,user,USR53925
696,user,USR14130
696,merchant,MCH6048
697,user,USR14132
697,user,USR20607
697,merchant,MCH5196
698,user,USR14137
698,user,USR62232
698,merchant,MCH5820
699,user,USR73564
699,user,USR94221
699,user,USR82649
699,merchant,MCH3186
699,merchant,MCH4714
699,user,USR47679
699,user,USR68223
699,user,USR14147
699,user,USR70548
699,merchant,MCH3054
699,user,USR85887
700,user,USR85381
700,merchant,MCH7995
700,user,USR14155
701,merchant,MCH8193
701,user,USR72123
701,user,USR75962
701,user,USR14167
701,user,USR83566
702,user,USR96106
702,user,USR28156
702,user,USR87250
702,user,USR53916
702,user,USR14178
702,merchant,MCH6593
703,merchant,MCH5346
703,user,USR14180
703,user,USR38704
703,user,USR70660
704,merchant,MCH1157
704,user,USR33804
704,user,USR93743
704,user,USR87516
704,user,USR49741
704,user,USR14198
704,user,USR55129
704,merchant,MCH8538
704,user,USR80152
705,merchant,MCH4961
705,user,USR29165
705,user,USR19253
705,merchant,MCH4328
705,merchant,MCH7737
705,user,USR22407
705,user,USR69682
705,user,USR78076
705,merchant,MCH4857
705,merchant,MCH1397
705,user,USR65795
705,user,USR73167
705,merchant,MCH5942
705,merchant,MCH4424
705,user,USR62803
705,user,USR14203
705,user,USR91758
705,user,USR56381
705,user,USR74219
705,user,USR30837
705,user,USR60243
705,user,USR21651
705,user,USR19499
706,merchant,MCH3803
706,merchant,MCH2849
706,user,USR14205
706,user,USR33451
706,user,USR39404
706,user,USR92253
707,user,USR14224
707,merchant,MCH9025
707,user,USR60027
707,user,USR80919
707,user,USR84297
707,user,USR85825
707,merchant,MCH2402
708,user,USR76489
708,user,USR14251
708,merchant,MCH9151
709,user,USR31992
709,user,USR14257
709,merchant,MCH1170
709,user,USR90532
710,user,USR14258
710,merchant,MCH8113
711,user,USR81522
711,user,USR14260
711,user,USR68753
711,merchant,MCH9288
712,user,USR62502
712,user,USR56186
712,user,USR79227
712,user,USR14261
712,merchant,MCH9970
712,user,USR58910
713,user,USR80503
713,user,USR14284
713,merchant,MCH9143
714,user,USR93941
714,user,USR55921
714,user,USR23217
714,merchant,MCH2061
714,merchant,MCH3262
714,user,USR47417
714,user,USR71358
714,user,USR67284
714,user,USR75572
714,merchant,MCH3052
714,merchant,MCH8330
714,user,USR45443
714,user,USR25894
714,user,USR23506
714,user,USR14285
714,user,USR47647
714,user,USR80256
715,user,USR14290
715,user,USR72581
715,merchant,MCH2751
715,user,USR60531
716,user,USR58407
716,user,USR14304
716,user,USR33704
716,merchant,MCH5584
716,user,USR33902
716,user,USR93167
716,user,USR45410
717,user,USR23125
717,user,USR51853
717,merchant,MCH8081
717,user,USR22695
717,user,USR14307
717,user,USR65464
717,user,USR78186
717,user,USR53186
717,user,USR75401
718,user,USR81351
718,user,USR83778
718,user,USR61228
718,user,USR63935
718,merchant,MCH4838
718,user,USR66967
718,user,USR69267
718,user,USR74668
718,user,USR21792
718,user,USR75855
718,merchant,MCH7301
718,merchant,MCH6080
718,merchant,MCH9831
718,user,USR65665
718,user,USR43150
718,user,USR69299
718,user,USR77767
718,user,USR17050
718,user,USR14322
718,merchant,MCH1507
718,merchant,MCH7426
719,merchant,MCH3329
719,user,USR94664
719,user,USR14327
719,user,USR32145
719,user,USR16299
720,merchant,MCH1564
720,user,USR36939
720,user,USR14337
720,user,USR76472
721,user,USR35259
721,user,USR14351
721,merchant,MCH3808
721,user,USR84830
722,user,USR61693
722,merchant,MCH8601
722,user,USR14359
723,user,USR14376
723,merchant,MCH6837
724,user,USR35220
724,user,USR14389
724,user,USR26317
724,merchant,MCH1964
725,user,USR89304
725,user,USR86700
725,user,USR25900
725,user,USR68645
725,user,USR62250
725,merchant,MCH7242
725,user,USR14390
725,merchant,MCH4717
725,merchant,MCH3779
726,user,USR14394
726,user,USR70693
726,merchant,MCH5295
727,merchant,MCH3525
727,user,USR14395
727,user,USR74447
728,user,USR85747
728,merchant,MCH4865
728,user,USR41361
728,user,USR14414
729,user,USR52823
729,merchant,MCH4391
729,merchant,MCH4399
729,user,USR52023
729,user,USR73963
729,user,USR51817
729,user,USR14424
729,user,USR63816
729,merchant,MCH8313
730,user,USR14434
730,user,USR80550
730,merchant,MCH5447
730,user,USR81279
730,merchant,MCH9263
730,user,USR46934
730,user,USR35035
730,user,USR69143
731,user,USR63083
731,merchant,MCH2178
731,user,USR14436
732,user,USR72284
732,user,USR14441
732,merchant,MCH2190
732,merchant,MCH3297
732,user,USR39762
732,user,USR41491
732,user,USR67131
732,user,USR88644
733,merchant,MCH7843
733,user,USR14458
733,user,USR31240
733,user,USR72824
734,user,USR43117
734,merchant,MCH7675
734,user,USR14484
735,user,USR90330
735,merchant,MCH8482
735,user,USR22270
735,user,USR85967
735,merchant,MCH8951
735,user,USR14485
735,merchant,MCH9642
735,user,USR19140
735,user,USR26257
736,user,USR47601
736,user,USR14501
736,merchant,MCH1209
736,user,USR82159
736,user,USR53011
736,user,USR54286
736,merchant,MCH4802
736,user,USR59669
736,merchant,MCH4648
736,user,USR40432
736,user,USR26675
736,user,USR31519
736,user,USR94832
736,user,USR25689
736,merchant,MCH2451
736,merchant,MCH9941
736,user,USR64106
736,user,USR52317
736,user,USR99567
736,user,USR78616
736,merchant,MCH6002
736,user,USR51321
736,user,USR21590
736,user,USR78003
737,user,USR23370
737,user,USR82779
737,merchant,MCH6524
737,user,USR14526
738,user,USR72128
738,user,USR99967
738,user,USR71865
738,user,USR95818
738,merchant,MCH5088
738,user,USR14528
738,user,USR22653
738,user,USR34958
738,user,USR51591
739,user,USR14534
739,user,USR25012
739,user,USR34464
739,merchant,MCH5720
740,user,USR86475
740,merchant,MCH8905
740,user,USR81381
740,user,USR14536
741,user,USR47554
741,user,USR35609
741,user,USR70709
741,merchant,MCH5886
741,user,USR14552
742,user,USR53976
742,user,USR41799
742,user,USR29054
742,merchant,MCH9888
742,user,USR27327
742,merchant,MCH8796
742,user,USR73271
742,user,USR36748
742,user,USR76315
742,user,USR14564
742,user,USR18337
742,merchant,MCH3719
742,user,USR16646
742,user,USR18577
742,merchant,MCH7823
742,user,USR90525
742,user,USR79985
742,user,USR78192
742,merchant,MCH5237
742,user,USR42435
743,user,USR14576
743,user,USR34250
743,merchant,MCH6955
743,merchant,MCH5654
744,user,USR70771
744,user,USR96672
744,user,USR20479
744,user,USR42856
744,user,USR24224
744,user,USR27918
744,merchant,MCH4552
744,user,USR40003
744,merchant,MCH9397
744,user,USR57750
744,user,USR14580
744,merchant,MCH7394
744,user,USR83236
745,user,USR91984
745,user,USR99724
745,merchant,MCH1187
745,user,USR14582
745,user,USR18048
746,merchant,MCH6701
746,user,USR60961
746,user,USR14586
746,user,USR43204
747,merchant,MCH8918
747,user,USR14598
747,user,USR80125
748,user,USR31004
748,user,USR74867
748,merchant,MCH4110
748,merchant,MCH3937
748,user,USR22071
748,user,USR14604
749,user,USR16748
749,user,USR14606
749,merchant,MCH2680
750,user,USR14612
750,merchant,MCH2659
750,user,USR19563
751,merchant,MCH5218
751,user,USR92816
751,user,USR67348
751,user,USR57938
751,user,USR69581
751,user,USR14613
752,user,USR66169
752,user,USR88019
752,user,USR14618
752,merchant,MCH3825
753,user,USR56401
753,user,USR89265
753,merchant,MCH7878
753,user,USR65612
753,user,USR14626
754,merchant,MCH2136
754,user,USR77959
754,user,USR14627
755,user,USR34386
755,user,USR47997
755,user,USR16563
755,user,USR99482
755,user,USR14668
755,merchant,MCH8992
756,user,USR31831
756,user,USR41847
756,user,USR99468
756,merchant,MCH9670
756,user,USR14678
756,user,USR25449
756,user,USR18758
757,merchant,MCH3619
757,user,USR14682
757,user,USR81858
758,user,USR14683
758,user,USR66234
758,user,USR94443
758,merchant,MCH5344
758,user,USR20473
758,user,USR29207
759,merchant,MCH9427
759,user,USR87837
759,user,USR14685
760,merchant,MCH5247
760,user,USR44900
760,user,USR14687
761,merchant,MCH4974
761,user,USR45222
761,merchant,MCH4586
761,user,USR14692
761,user,USR71561
762,user,USR26493
762,user,USR83554
762,user,USR46016
762,merchant,MCH9009
762,user,USR81678
762,merchant,MCH4443
762,user,USR14707
762,user,USR98847
762,user,USR16334
762,user,USR65199
763,user,USR14716
763,user,USR20788
763,user,USR37319
763,merchant,MCH6014
763,user,USR73036
763,merchant,MCH1988
763,user,USR83212
763,user,USR91453
764,merchant,MCH8840
764,user,USR56013
764,user,USR14719
765,user,USR14725
765,user,USR22440
765,merchant,MCH6987
765,user,USR80400
766,merchant,MCH5476
766,user,USR46419
766,user,USR74681
766,user,USR14735
766,merchant,MCH6616
766,user,USR20074
766,user,USR71302
767,user,USR80882
767,user,USR14741
767,merchant,MCH3503
768,user,USR95568
768,user,USR65418
768,user,USR26547
768,user,USR29003
768,user,USR37711
768,user,USR41058
768,merchant,MCH8903
768,user,USR57046
768,user,USR14762
768,merchant,MCH2920
768,user,USR31197
768,user,USR93368
768,user,USR50558
769,user,USR99013
769,merchant,MCH8181
769,merchant,MCH3495
769,user,USR75481
769,merchant,MCH8433
769,user,USR62899
769,user,USR62415
769,merchant,MCH7568
769,user,USR51983
769,merchant,MCH1720
769,user,USR39132
769,user,USR37962
769,user,USR43136
769,merchant,MCH6961
769,user,USR53498
769,user,USR34162
769,user,USR66864
769,user,USR89246
769,user,USR89504
769,user,USR16400
769,user,USR30281
769,user,USR65935
769,user,USR62352
769,merchant,MCH8161
769,user,USR81341
769,user,USR48513
769,user,USR51736
769,user,USR39334
769,user,USR14766
769,user,USR24566
770,user,USR14772
770,merchant,MCH7331
770,user,USR96793
771,user,USR32347
771,user,USR27789
771,merchant,MCH3157
771,user,USR64828
771,merchant,MCH6576
771,user,USR31218
771,user,USR14774
771,user,USR43259
772,user,USR59130
772,user,USR14781
772,merchant,MCH9010
772,user,USR74769
773,user,USR35056
773,user,USR14798
773,user,USR81146
773,user,USR40635
773,user,USR52258
773,user,USR15284
773,merchant,MCH5423
773,user,USR55182
773,user,USR68781
773,merchant,MCH6962
773,merchant,MCH7697
773,user,USR77995
773,user,USR66599
773,user,USR65137
773,user,USR91913
774,user,USR69259
774,merchant,MCH1258
774,user,USR31671
774,user,USR31359
774,user,USR14799
774,merchant,MCH4611
775,user,USR49522
775,user,USR14803
775,user,USR85836
775,user,USR44520
775,user,USR20361
775,user,USR71853
775,merchant,MCH2917
775,user,USR49938
775,merchant,MCH3420
775,user,USR98252
775,user,USR28549
775,merchant,MCH3568
776,user,USR71782
776,merchant,MCH7930
776,user,USR92221
776,user,USR75215
776,user,USR22432
776,user,USR14806
776,merchant,MCH2078
777,user,USR14807
777,merchant,MCH8944
777,user,USR67616
778,user,USR14810
778,user,USR25619
778,user,USR78969
778,user,USR97347
778,user,USR50048
778,merchant,MCH1545
779,merchant,MCH5332
779,user,USR86668
779,user,USR23070
779,user,USR35487
779,user,USR45901
779,user,USR84131
779,merchant,MCH1705
779,user,USR14814
779,user,USR49334
779,merchant,MCH4379
779,user,USR38451
779,merchant,MCH7873
779,merchant,MCH6332
779,user,USR71503
779,user,USR30849
779,user,USR46223
779,user,USR93275
779,merchant,MCH1198
779,merchant,MCH7874
779,user,USR84121
779,user,USR96900
779,user,USR20443
779,user,USR60922
779,merchant,MCH2490
779,user,USR36448
779,user,USR60803
779,merchant,MCH5866
779,user,USR66324
779,user,USR45519
780,user,USR14815
780,user,USR92564
780,merchant,MCH1685
781,user,USR14825
781,merchant,MCH8927
782,user,USR93267
782,merchant,MCH5019
782,user,USR14852
783,merchant,MCH6923
783,user,USR67071
783,user,USR43820
783,user,USR14854
784,merchant,MCH6209
784,user,USR56129
784,user,USR14856
784,user,USR18704
785,user,USR60800
785,user,USR44178
785,merchant,MCH1321
785,user,USR75640
785,user,USR98744
785,merchant,MCH8074
785,user,USR14868
785,user,USR55485
785,user,USR18326
785,merchant,MCH3857
785,user,USR81947
785,user,USR54536
785,merchant,MCH2650
785,user,USR54713
785,merchant,MCH8700
786,user,USR14870
786,merchant,MCH2851
786,user,USR22180
787,user,USR63285
787,user,USR14871
787,merchant,MCH4080
788,user,USR14874
788,user,USR78599
788,user,USR38032
788,merchant,MCH3965
789,user,USR87738
789,user,USR88622
789,user,USR14876
789,merchant,MCH9164
790,merchant,MCH6670
790,user,USR14885
790,merchant,MCH9390
790,user,USR91244
790,user,USR50160
791,merchant,MCH7220
791,user,USR91304
791,user,USR25093
791,merchant,MCH6970
791,user,USR61648
791,user,USR44229
791,user,USR65480
791,user,USR14887
792,user,USR78856
792,user,USR42163
792,merchant,MCH9338
792,user,USR18513
792,user,USR14891
792,user,USR41505
792,user,USR25596
792,merchant,MCH2017
792,user,USR88900
793,merchant,MCH8376
793,user,USR14895
794,user,USR86807
794,user,USR52800
794,merchant,MCH5375
794,merchant,MCH3785
794,user,USR22579
794,user,USR14906
795,user,USR22472
795,user,USR40726
795,merchant,MCH5176
795,user,USR46287
795,merchant,MCH8085
795,user,USR14916
796,merchant,MCH8763
796,user,USR84190
796,merchant,MCH5526
796,user,USR14920
796,user,USR78775
796,user,USR29434
796,user,USR99915
796,merchant,MCH4094
796,user,USR15768
796,user,USR23071
796,user,USR52911
797,user,USR41766
797,merchant,MCH1880
797,user,USR62652
797,user,USR53707
797,user,USR14938
798,user,USR14940
798,user,USR83361
798,user,USR80386
798,merchant,MCH3713
799,user,USR56062
799,user,USR14941
799,merchant,MCH6608
799,user,USR85414
800,user,USR37060
800,user,USR43218
800,merchant,MCH9597
800,user,USR14947
801,merchant,MCH4116
801,user,USR38094
801,merchant,MCH8696
801,merchant,MCH3187
801,user,USR91446
801,user,USR58638
801,user,USR28283
801,user,USR14951
801,user,USR43843
801,merchant,MCH5380
801,user,USR95986
801,user,USR35901
802,user,USR14967
802,user,USR74811
802,merchant,MCH8488
802,user,USR35145
803,merchant,MCH9751
803,user,USR48039
803,user,USR14998
803,user,USR23077
804,merchant,MCH5642
804,user,USR15004
805,user,USR58867
805,user,USR65358
805,merchant,MCH2833
805,user,USR68522
805,user,USR70784
805,merchant,MCH7372
805,user,USR15006
805,user,USR43946
806,user,USR33207
806,user,USR69132
806,merchant,MCH5952
806,merchant,MCH4604
806,user,USR15008
807,user,USR90518
807,user,USR26884
807,user,USR67965
807,merchant,MCH7767
807,user,USR15022
807,user,USR48666
808,merchant,MCH4830
808,user,USR15037
808,user,USR60379
808,merchant,MCH1939
808,user,USR51721
808,merchant,MCH9523
808,user,USR38720
809,user,USR15038
809,merchant,MCH3947
809,user,USR71408
809,user,USR99329
809,user,USR65765
810,user,USR67726
810,user,USR41994
810,user,USR84368
810,merchant,MCH8103
810,merchant,MCH8618
810,user,USR15039
811,user,USR15056
811,merchant,MCH2035
811,user,USR70599
812,merchant,MCH4804
812,user,USR34265
812,user,USR15061
813,merchant,MCH2056
813,user,USR88678
813,user,USR15066
814,merchant,MCH2946
814,user,USR15068
814,user,USR44298
815,user,USR64649
815,user,USR46148
815,merchant,MCH9476
815,user,USR15073
815,user,USR87374
815,user,USR15896
815,user,USR62858
815,merchant,MCH5571
815,merchant,MCH4236
815,merchant,MCH9024
815,user,USR98509
815,user,USR74108
815,user,USR80161
816,user,USR15076
816,merchant,MCH3665
817,user,USR37759
817,merchant,MCH9536
817,user,USR15082
817,user,USR76219
817,user,USR32621
818,user,USR38523
818,user,USR15101
818,merchant,MCH4831
818,user,USR88563
819,user,USR77159
819,merchant,MCH4405
819,user,USR15103
820,user,USR27671
820,user,USR74978
820,user,USR15104
820,merchant,MCH3569
821,user,USR84105
821,merchant,MCH3519
821,user,USR39885
821,user,USR31376
821,merchant,MCH8673
821,user,USR15110
822,merchant,MCH9428
822,user,USR15113
822,user,USR53769
823,user,USR15121
823,user,USR46968
823,user,USR63529
823,merchant,MCH3224
824,user,USR84221
824,user,USR15122
824,merchant,MCH8706
825,user,USR48360
825,user,USR49537
825,user,USR39161
825,merchant,MCH8485
825,merchant,MCH5956
825,merchant,MCH3839
825,user,USR15161
825,user,USR67313
825,user,USR60104
825,user,USR61366
825,merchant,MCH9874
826,user,USR21116
826,merchant,MCH6553
826,user,USR15168
826,user,USR99547
827,user,USR15171
827,merchant,MCH9774
827,user,USR54417
828,merchant,MCH6884
828,user,USR15192
829,merchant,MCH3583
829,user,USR77463
829,user,USR34715
829,user,USR20889
829,user,USR65030
829,user,USR71937
829,user,USR29406
829,user,USR26867
829,merchant,MCH5921
829,user,USR72500
829,user,USR75136
829,user,USR27878
829,user,USR59501
829,user,USR15203
829,user,USR51085
829,user,USR59873
829,user,USR53440
829,user,USR35242
829,user,USR67443
829,user,USR50945
829,user,USR45274
829,user,USR92520
829,user,USR28839
829,merchant,MCH5264
829,user,USR95104
829,merchant,MCH9579
829,merchant,MCH6867
829,user,USR36630
829,user,USR22237
829,user,USR22939
829,user,USR72152
829,user,USR69260
829,user,USR80805
829,merchant,MCH4270
829,merchant,MCH4189
829,user,USR47254
829,merchant,MCH5631
829,user,USR77900
829,user,USR89549
829,user,USR89097
829,user,USR24000
829,merchant,MCH2821
829,user,USR83597
829,user,USR30388
829,user,USR33249
830,user,USR83436
830,merchant,MCH9287
830,user,USR15210
830,user,USR71863
831,user,USR21895
831,user,USR35203
831,merchant,MCH9805
831,user,USR15211
831,user,USR38004
831,user,USR35245
831,merchant,MCH2201
832,user,USR49655
832,user,USR88490
832,user,USR22722
832,merchant,MCH3624
832,user,USR53507
832,user,USR15508
832,user,USR33258
832,merchant,MCH7243
832,user,USR15215
832,user,USR34680
833,user,USR15221
833,user,USR38828
833,user,USR34218
833,merchant,MCH1237
834,user,USR55478
834,user,USR15236
834,merchant,MCH8622
835,user,USR61252
835,user,USR75353
835,merchant,MCH8736
835,user,USR15244
836,merchant,MCH6551
836,user,USR15248
837,user,USR15256
837,merchant,MCH9310
838,user,USR44326
838,user,USR97209
838,user,USR65290
838,user,USR28396
838,merchant,MCH6037
838,user,USR25108
838,user,USR73769
838,user,USR71825
838,merchant,MCH1799
838,user,USR26817
838,user,USR17985
838,merchant,MCH1848
838,user,USR95736
838,user,USR57656
838,user,USR65895
838,user,USR65217
838,merchant,MCH7354
838,user,USR59616
838,user,USR44076
838,user,USR80540
838,merchant,MCH8679
838,user,USR26578
838,user,USR29850
838,user,USR15259
838,user,USR82439
838,user,USR88738
838,user,USR44392
838,user,USR55476
838,user,USR16682
838,merchant,MCH5466
839,user,USR15269
839,user,USR63813
839,merchant,MCH4550
839,user,USR27419
840,merchant,MCH2561
840,user,USR15293
840,user,USR47744
841,merchant,MCH4001
841,user,USR62720
841,merchant,MCH6580
841,user,USR86251
841,user,USR15299
841,user,USR27263
842,user,USR15300
842,user,USR68566
842,user,USR74167
842,merchant,MCH7319
842,user,USR23462
843,user,USR15301
843,merchant,MCH4156
844,merchant,MCH6405
844,user,USR36225
844,user,USR15302
845,user,USR63641
845,merchant,MCH2999
845,merchant,MCH3382
845,user,USR34167
845,user,USR49985
845,user,USR42072
845,merchant,MCH9189
845,user,USR34486
845,user,USR93794
845,user,USR15311
845,user,USR47299
845,user,USR41698
845,user,USR56365
846,user,USR87110
846,user,USR90495
846,user,USR18058
846,merchant,MCH7015
846,user,USR15314
846,merchant,MCH4511
847,user,USR84728
847,merchant,MCH1940
847,user,USR16541
847,user,USR15318
848,merchant,MCH8284
848,user,USR15326
849,user,USR67041
849,merchant,MCH2947
849,user,USR88527
849,user,USR15339
849,merchant,MCH9232
849,user,USR92426
850,user,USR48702
850,merchant,MCH7024
850,merchant,MCH7200
850,user,USR50101
850,user,USR24770
850,user,USR38708
850,user,USR69637
850,user,USR97616
850,user,USR25518
850,user,USR63970
850,merchant,MCH2528
850,user,USR47740
850,user,USR71571
850,user,USR50517
850,user,USR92133
850,user,USR62915
850,user,USR91087
850,user,USR38687
850,user,USR75860
850,user,USR89594
850,merchant,MCH8702
850,user,USR39863
850,merchant,MCH6398
850,user,USR15356
850,user,USR25796
850,merchant,MCH2240
851,user,USR59155
851,user,USR81368
851,user,USR23767
851,user,USR15357
851,merchant,MCH3987
852,user,USR42997
852,user,USR15370
852,merchant,MCH7229
853,merchant,MCH9710
853,user,USR15371
854,user,USR15375
854,user,USR75535
854,user,USR81745
854,user,USR52310
854,merchant,MCH4420
854,user,USR53747
855,user,USR47575
855,user,USR63286
855,user,USR17498
855,user,USR63780
855,user,USR95206
855,user,USR94157
855,user,USR39445
855,merchant,MCH4129
855,merchant,MCH6930
855,merchant,MCH4284
855,user,USR21736
855,user,USR18339
855,user,USR99619
855,merchant,MCH7090
855,user,USR44588
855,merchant,MCH3560
855,user,USR53087
855,merchant,MCH8258
855,merchant,MCH6318
855,user,USR18802
855,user,USR15377
855,user,USR74984
855,user,USR82423
855,user,USR99198
855,user,USR22955
855,user,USR99817
855,merchant,MCH5795
855,merchant,MCH1182
855,user,USR57779
855,user,USR21296
855,user,USR78191
855,user,USR49358
855,user,USR82401
855,user,USR52988
855,user,USR49790
855,user,USR69318
855,merchant,MCH8379
855,merchant,MCH6637
855,user,USR82246
856,merchant,MCH3823
856,user,USR15378
856,user,USR60090
857,merchant,MCH7620
857,merchant,MCH7186
857,user,USR35982
857,user,USR22711
857,user,USR91189
857,merchant,MCH8996
857,user,USR15414
857,user,USR65919
857,user,USR62345
857,user,USR63036
858,merchant,MCH5739
858,user,USR45435
858,user,USR15430
858,user,USR97327
858,user,USR82433
858,merchant,MCH1575
858,merchant,MCH4594
859,merchant,MCH8947
859,user,USR15432
860,user,USR41962
860,merchant,MCH9753
860,user,USR15434
861,user,USR96977
861,merchant,MCH6219
861,user,USR46357
861,user,USR91395
861,user,USR24033
861,user,USR15443
861,user,USR17697
861,user,USR38336
861,user,USR16281
861,merchant,MCH1475
862,user,USR76807
862,user,USR19261
862,user,USR31634
862,user,USR69326
862,user,USR15451
862,user,USR65323
862,user,USR35819
862,user,USR94037
862,user,USR33927
862,user,USR21253
862,merchant,MCH8247
862,merchant,MCH7906
862,merchant,MCH2118
862,user,USR48463
862,user,USR33721
863,merchant,MCH4010
863,user,USR85464
863,user,USR54791
863,user,USR49876
863,user,USR95672
863,merchant,MCH2050
863,user,USR71670
863,merchant,MCH7098
863,user,USR58317
863,user,USR15460
863,user,USR70940
864,user,USR41637
864,user,USR99192
864,user,USR15463
864,merchant,MCH7672
864,merchant,MCH9494
865,user,USR27111
865,user,USR42295
865,user,USR15466
865,merchant,MCH6698
866,user,USR65638
866,merchant,MCH2820
866,user,USR15478
867,user,USR35699
867,merchant,MCH2057
867,user,USR70632
867,user,USR27839
867,user,USR15482
867,merchant,MCH4801
868,merchant,MCH2547
868,user,USR15487
868,user,USR67978
869,user,USR15490
869,user,USR65760
869,merchant,MCH4093
870,user,USR67113
870,user,USR15491
870,user,USR18031
870,merchant,MCH1753
870,user,USR42181
871,user,USR21242
871,user,USR73501
871,user,USR15499
871,user,USR94641
871,merchant,MCH3132
871,user,USR41741
872,user,USR15502
872,user,USR31183
872,merchant,MCH5336
872,user,USR32726
873,user,USR68273
873,user,USR15510
873,user,USR59045
873,user,USR86426
873,merchant,MCH6693
874,user,USR64575
874,user,USR15513
874,merchant,MCH7909
874,user,USR56692
874,merchant,MCH8327
874,user,USR52872
874,user,USR87737
874,user,USR88258
875,user,USR15518
875,merchant,MCH2376
875,user,USR50948
875,user,USR16166
875,user,USR90801
876,user,USR30830
876,user,USR15540
876,merchant,MCH4154
877,user,USR15543
877,merchant,MCH8591
877,user,USR18589
878,user,USR88988
878,merchant,MCH4530
878,user,USR41986
878,user,USR55716
878,user,USR15546
879,merchant,MCH1318
879,user,USR15556
879,user,USR86671
879,user,USR75122
880,user,USR99469
880,user,USR15574
880,merchant,MCH7923
880,user,USR43940
880,user,USR28441
881,user,USR15575
881,merchant,MCH5651
881,user,USR81467
882,merchant,MCH3961
882,user,USR34455
882,merchant,MCH2052
882,user,USR74617
882,user,USR84348
882,user,USR76470
882,user,USR53278
882,user,USR96282
882,user,USR72750
882,merchant,MCH2663
882,user,USR15578
882,user,USR81886
883,user,USR38606
883,merchant,MCH8170
883,merchant,MCH5497
883,user,USR37581
883,user,USR77694
883,user,USR83463
883,user,USR37946
883,user,USR27353
883,user,USR15579
883,merchant,MCH5709
883,user,USR97916
883,user,USR27460
884,merchant,MCH4978
884,user,USR15581
884,user,USR31409
884,user,USR62635
885,user,USR40441
885,user,USR70405
885,user,USR15582
885,merchant,MCH8915
886,merchant,MCH8287
886,user,USR15586
887,merchant,MCH1434
887,user,USR84511
887,user,USR22119
887,user,USR67034
887,user,USR15596
887,merchant,MCH7317
887,user,USR75776
888,user,USR15597
888,user,USR24789
888,user,USR75596
888,user,USR71491
888,merchant,MCH9585
889,user,USR17705
889,user,USR89621
889,user,USR86069
889,user,USR70302
889,merchant,MCH6514
889,user,USR95466
889,user,USR85492
889,merchant,MCH8709
889,merchant,MCH5376
889,user,USR15598
889,merchant,MCH3827
889,user,USR50601
889,user,USR70211
890,user,USR15614
890,user,USR88479
890,merchant,MCH6368
890,user,USR92765
890,user,USR87417
890,user,USR65473
891,merchant,MCH1177
891,user,USR15619
892,user,USR88660
892,merchant,MCH1878
892,user,USR80041
892,user,USR58936
892,user,USR15636
893,user,USR15653
893,merchant,MCH2651
893,user,USR35119
894,merchant,MCH1587
894,user,USR15666
895,user,USR31842
895,user,USR15670
895,merchant,MCH7869
895,user,USR89886
895,user,USR58427
896,user,USR50142
896,merchant,MCH4829
896,user,USR15677
897,merchant,MCH4601
897,user,USR15694
898,user,USR15713
898,user,USR92570
898,merchant,MCH3843
899,merchant,MCH1197
899,user,USR42940
899,user,USR86989
899,merchant,MCH7102
899,user,USR70042
899,user,USR88921
899,user,USR66585
899,user,USR93610
899,user,USR96680
899,merchant,MCH2592
899,merchant,MCH8296
899,user,USR71148
899,user,USR24579
899,user,USR21498
899,user,USR33735
899,user,USR68965
899,user,USR40614
899,user,USR15715
899,user,USR72024
900,user,USR15716
900,merchant,MCH8367
901,user,USR15717
901,merchant,MCH4835
902,user,USR23329
902,user,USR54783
902,merchant,MCH8420
902,user,USR15735
902,user,USR72965
902,user,USR82108
902,user,USR57398
902,merchant,MCH4389
902,user,USR60842
902,user,USR47341
902,merchant,MCH8875
903,user,USR15858
903,user,USR57968
903,user,USR15739
903,user,USR61210
903,merchant,MCH8835
904,merchant,MCH3657
904,user,USR39830
904,user,USR15744
905,user,USR15746
905,user,USR19899
905,merchant,MCH9158
906,user,USR15747
906,user,USR98564
906,merchant,MCH1113
906,user,USR70757
906,user,USR44331
906,user,USR38664
906,user,USR73688
906,user,USR89087
907,merchant,MCH7865
907,user,USR15748
908,user,USR31587
908,user,USR69950
908,user,USR15750
908,merchant,MCH5857
909,user,USR89514
909,user,USR70866
909,merchant,MCH5319
909,merchant,MCH8906
909,user,USR15751
909,user,USR20445
910,user,USR62800
910,merchant,MCH2797
910,user,USR20784
910,merchant,MCH8945
910,user,USR15769
910,user,USR44674
910,merchant,MCH9508
911,merchant,MCH3250
911,user,USR83096
911,user,USR15778
911,user,USR89683
912,user,USR15789
912,merchant,MCH8440
913,user,USR15799
913,merchant,MCH5543
914,user,USR27308
914,user,USR84870
914,user,USR90657
914,merchant,MCH3683
914,merchant,MCH9951
914,user,USR43614
914,merchant,MCH2127
914,user,USR52710
914,user,USR89005
914,user,USR90505
914,user,USR64897
914,user,USR15805
915,merchant,MCH6161
915,user,USR92635
915,user,USR15827
916,user,USR15828
916,user,USR25009
916,user,USR68077
916,merchant,MCH2114
917,user,USR19387
917,user,USR15831
917,user,USR31878
917,merchant,MCH6226
918,user,USR15833
918,user,USR22559
918,merchant,MCH5028
918,user,USR68854
918,user,USR76083
919,user,USR16644
919,merchant,MCH3895
919,user,USR15834
920,user,USR30574
920,merchant,MCH9980
920,user,USR83157
920,merchant,MCH6718
920,user,USR30883
920,user,USR77307
920,merchant,MCH3365
920,user,USR90850
920,user,USR52300
920,user,USR90076
920,user,USR15845
921,user,USR30150
921,merchant,MCH9560
921,user,USR15852
922,user,USR55264
922,user,USR15861
922,user,USR51309
922,merchant,MCH7398
922,user,USR46317
923,user,USR15862
923,user,USR90793
923,user,USR71817
923,user,USR71889
923,merchant,MCH3435
923,merchant,MCH7577
923,user,USR33158
923,user,USR15885
923,user,USR93776
923,user,USR59271
923,user,USR35117
924,user,USR76377
924,merchant,MCH1255
924,user,USR66043
924,user,USR15866
924,user,USR27424
925,user,USR22947
925,user,USR15869
925,merchant,MCH1387
926,merchant,MCH7615
926,merchant,MCH1881
926,user,USR79013
926,user,USR38931
926,user,USR57250
926,merchant,MCH9057
926,user,USR90514
926,user,USR69849
926,merchant,MCH2420
926,merchant,MCH8483
926,user,USR87814
926,user,USR15872
926,user,USR36581
927,merchant,MCH8871
927,user,USR28932
927,user,USR74116
927,user,USR15879
928,user,USR15902
928,merchant,MCH4976
928,user,USR79536
928,user,USR40578
928,user,USR44153
928,user,USR87088
929,merchant,MCH2448
929,user,USR15909
929,user,USR66015
929,user,USR49709
929,user,USR83821
929,merchant,MCH9222
930,merchant,MCH8880
930,user,USR15920
930,merchant,MCH3200
930,user,USR46743
930,user,USR72887
930,user,USR25421
930,user,USR31890
931,user,USR89764
931,user,USR17902
931,merchant,MCH6053
931,user,USR15925
931,user,USR39798
932,user,USR15927
932,merchant,MCH7224
932,user,USR87096
932,merchant,MCH7381
932,user,USR82627
933,user,USR15928
933,merchant,MCH7366
933,user,USR79866
934,user,USR15938
934,user,USR26167
934,merchant,MCH5557
935,user,USR79094
935,user,USR44576
935,merchant,MCH8315
935,user,USR15946
935,merchant,MCH8829
936,user,USR86156
936,user,USR15974
936,user,USR86246
936,user,USR38189
936,user,USR50470
936,user,USR50544
936,merchant,MCH4170
936,user,USR64572
936,user,USR97426
936,user,USR86919
936,merchant,MCH7347
936,merchant,MCH2438
936,user,USR43857
936,user,USR57986
936,user,USR60135
936,user,USR34111
936,user,USR69291
936,merchant,MCH4347
937,user,USR15977
937,user,USR58625
937,merchant,MCH4159
937,merchant,MCH1864
937,user,USR43313
937,user,USR43353
937,user,USR87165
938,user,USR63346
938,merchant,MCH8277
938,user,USR46501
938,user,USR15978
939,user,USR15989
939,user,USR17495
939,merchant,MCH9769
939,user,USR40207
939,user,USR66464
940,user,USR76271
940,user,USR15990
940,user,USR61142
940,merchant,MCH9801
941,user,USR82584
941,user,USR56643
941,user,USR72654
941,user,USR58281
941,merchant,MCH6121
941,user,USR15995
941,merchant,MCH7935
942,merchant,MCH6337
942,user,USR61246
942,user,USR40991
942,user,USR16002
943,user,USR17144
943,merchant,MCH8285
943,user,USR16003
943,merchant,MCH7634
944,user,USR49629
944,user,USR37477
944,user,USR89692
944,merchant,MCH4133
944,user,USR22930
944,user,USR93432
944,user,USR38548
944,user,USR52755
944,merchant,MCH1546
944,user,USR95487
944,user,USR16019
944,user,USR91912
945,user,USR16031
945,user,USR82515
945,user,USR55867
945,user,USR59175
945,merchant,MCH4997
946,user,USR16039
946,user,USR35212
946,user,USR90461
946,user,USR98529
946,user,USR66656
946,user,USR67426
946,merchant,MCH7313
947,merchant,MCH4910
947,user,USR16047
947,user,USR35948
948,merchant,MCH1339
948,user,USR65758
948,user,USR94364
948,user,USR16055
949,merchant,MCH6142
949,user,USR16081
949,user,USR25725
949,user,USR87831
949,user,USR56550
949,user,USR91723
949,merchant,MCH9231
949,user,USR28377
949,user,USR84602
950,user,USR61023
950,user,USR16083
950,merchant,MCH8237
951,user,USR21629
951,merchant,MCH3541
951,user,USR16084
952,merchant,MCH7544
952,user,USR37664
952,user,USR38688
952,user,USR16085
952,merchant,MCH3117
952,user,USR58113
953,user,USR16089
953,user,USR98305
953,user,USR96990
953,merchant,MCH3478
954,user,USR24496
954,user,USR27751
954,user,USR16094
954,merchant,MCH6016
955,user,USR16096
955,merchant,MCH7239
956,user,USR19326
956,user,USR63546
956,user,USR16099
956,merchant,MCH1032
957,user,USR16103
957,merchant,MCH9909
958,user,USR16111
958,merchant,MCH8212
958,user,USR94725
959,user,USR16113
959,user,USR68842
959,user,USR71763
959,user,USR24043
959,user,USR97127
959,merchant,MCH2617
959,user,USR88648
960,user,USR75409
960,merchant,MCH4148
960,user,USR16116
961,merchant,MCH2670
961,user,USR71125
961,user,USR75403
961,user,USR81848
961,user,USR18573
961,user,USR16125
961,user,USR62968
961,user,USR52662
961,merchant,MCH8539
961,user,USR88277
962,user,USR16131
962,user,USR20944
962,merchant,MCH4397
963,merchant,MCH4132
963,user,USR79328
963,user,USR37150
963,user,USR16137
964,user,USR16140
964,user,USR93819
964,user,USR50850
964,merchant,MCH5920
965,merchant,MCH7952
965,user,USR17019
965,user,USR16145
965,user,USR41081
966,user,USR68896
966,user,USR74298
966,user,USR34652
966,merchant,MCH3451
966,merchant,MCH1854
966,user,USR16146
966,user,USR58300
967,merchant,MCH5374
967,user,USR16154
967,user,USR54691
967,user,USR39057
967,user,USR19589
968,merchant,MCH5180
968,user,USR16158
969,merchant,MCH5702
969,user,USR16164
969,user,USR62148
969,user,USR75951
970,user,USR21955
970,user,USR16170
970,merchant,MCH1851
970,user,USR73392
970,user,USR53003
970,user,USR53076
970,merchant,MCH2652
971,user,USR47219
971,user,USR16181
971,merchant,MCH9680
971,merchant,MCH5994
971,user,USR25622
972,user,USR16185
972,user,USR43886
972,merchant,MCH2565
972,user,USR48929
973,user,USR16192
973,merchant,MCH2171
974,user,USR54134
974,user,USR49201
974,user,USR39677
974,user,USR99647
974,merchant,MCH9763
974,user,USR66093
974,user,USR80852
974,user,USR32626
974,merchant,MCH9535
974,user,USR16198
975,user,USR34968
975,merchant,MCH6561
975,merchant,MCH9602
975,user,USR16207
975,user,USR57890
976,user,USR28919
976,merchant,MCH7936
976,user,USR65021
976,user,USR67137
976,merchant,MCH5471
976,user,USR98757
976,user,USR54906
976,user,USR16208
977,user,USR60793
977,user,USR16217
977,merchant,MCH6064
977,user,USR37694
977,merchant,MCH8553
977,user,USR69323
978,user,USR85553
978,merchant,MCH3425
978,user,USR31951
978,user,USR21469
978,merchant,MCH7035
978,user,USR31211
978,user,USR85573
978,user,USR16219
978,merchant,MCH8463
979,merchant,MCH8241
979,user,USR20534
979,user,USR16224
979,merchant,MCH7601
980,user,USR81946
980,merchant,MCH7691
980,user,USR16233
980,merchant,MCH1962
980,user,USR88409
980,user,USR70536
981,merchant,MCH7633
981,user,USR42157
981,user,USR16251
981,user,USR91675
981,user,USR79575
981,user,USR25650
981,user,USR83152
981,merchant,MCH3676
981,user,USR65270
981,user,USR64694
982,user,USR16259
982,user,USR18796
982,merchant,MCH1907
982,user,USR98559
982,user,USR23673
982,user,USR40424
982,user,USR25818
982,user,USR36059
982,user,USR88361
982,merchant,MCH1291
982,user,USR68868
982,merchant,MCH8356
982,merchant,MCH7684
982,user,USR57796
982,user,USR23936
983,user,USR16260
983,merchant,MCH1207
983,user,USR54401
984,user,USR28591
984,merchant,MCH2695
984,user,USR74445
984,user,USR44536
984,merchant,MCH3905
984,user,USR47668
984,merchant,MCH9470
984,user,USR44424
984,user,USR40608
984,user,USR16265
984,user,USR30665
984,user,USR48382
984,merchant,MCH3678
984,merchant,MCH9611
984,user,USR66536
984,user,USR34060
985,user,USR81427
985,user,USR17853
985,merchant,MCH7611
985,user,USR16298
986,merchant,MCH6416
986,user,USR72688
986,user,USR16303
987,user,USR16310
987,user,USR72755
987,merchant,MCH6794
987,user,USR95704
987,user,USR31273
987,user,USR59976
987,merchant,MCH3511
988,user,USR20222
988,user,USR51599
988,user,USR16320
988,merchant,MCH1716
988,user,USR48734
988,user,USR89070
988,merchant,MCH6090
988,user,USR92506
989,user,USR16336
989,user,USR61270
989,merchant,MCH2102
989,merchant,MCH1147
989,user,USR36095
989,merchant,MCH7401
989,user,USR42105
989,merchant,MCH6983
989,merchant,MCH2844
989,user,USR43901
989,user,USR52922
989,user,USR38358
989,user,USR23863
989,user,USR84237
989,user,USR98081
989,user,USR74327
989,user,USR18926
989,user,USR34937
989,merchant,MCH3465
989,user,USR34441
990,user,USR16352
990,user,USR88372
990,merchant,MCH6114
990,user,USR18912
990,user,USR92159
990,user,USR84959
991,user,USR29824
991,user,USR16362
991,merchant,MCH9199
991,user,USR82715
992,merchant,MCH4240
992,user,USR54846
992,user,USR16392
993,user,USR16394
993,user,USR27496
993,merchant,MCH3531
993,user,USR16592
994,user,USR16403
994,merchant,MCH4602
994,user,USR83705
994,merchant,MCH3971
995,user,USR66099
995,user,USR87078
995,merchant,MCH2219
995,user,USR63976
995,merchant,MCH6035
995,merchant,MCH5680
995,user,USR44564
995,user,USR39338
995,user,USR72338
995,user,USR16411
996,user,USR69448
996,user,USR16413
996,merchant,MCH8095
997,user,USR99764
997,user,USR82877
997,user,USR48995
997,merchant,MCH4971
997,user,USR16416
998,user,USR16422
998,user,USR26541
998,merchant,MCH3697
999,merchant,MCH1491
999,user,USR76500
999,user,USR50736
999,user,USR16432
999,user,USR72409
999,user,USR26361
1000,user,USR16439
1000,merchant,MCH2212
1001,user,USR88653
1001,merchant,MCH1789
1001,user,USR73878
1001,user,USR57951
1001,user,USR16443
1002,user,USR95260
1002,user,USR16445
1002,merchant,MCH1763
1003,merchant,MCH8651
1003,user,USR16446
1003,user,USR88265
1004,user,USR16450
1004,user,USR85059
1004,merchant,MCH2306
1005,user,USR16451
1005,user,USR73107
1005,user,USR66980
1005,merchant,MCH3605
1006,user,USR16461
1006,user,USR66987
1006,merchant,MCH4659
1006,user,USR30016
1006,user,USR40921
1006,user,USR81339
1007,user,USR54181
1007,user,USR74764
1007,user,USR16463
1007,merchant,MCH1474
1008,user,USR16471
1008,user,USR24701
1008,merchant,MCH8199
1008,user,USR34833
1008,user,USR87864
1008,user,USR17458
1008,merchant,MCH7792
1008,user,USR87388
1009,merchant,MCH4709
1009,user,USR16478
1009,user,USR62469
1009,user,USR24663
1010,user,USR16484
1010,user,USR68252
1010,user,USR88003
1010,merchant,MCH9796
1011,user,USR16485
1011,user,USR36439
1011,merchant,MCH7155
1012,merchant,MCH5328
1012,merchant,MCH9074
1012,user,USR81071
1012,user,USR25830
1012,user,USR68541
1012,user,USR16487
1012,user,USR44523
1013,user,USR16490
1013,merchant,MCH4916
1013,user,USR95196
1013,user,USR29961
1013,user,USR57614
1014,user,USR16494
1014,merchant,MCH8874
1015,merchant,MCH4930
1015,user,USR16514
1016,merchant,MCH4869
1016,user,USR16524
1016,user,USR67208
1017,user,USR16526
1017,merchant,MCH3951
1018,user,USR97527
1018,merchant,MCH6977
1018,user,USR16528
1019,user,USR16537
1019,merchant,MCH6019
1020,merchant,MCH2241
1020,user,USR38108
1020,user,USR16540
1020,merchant,MCH7624
1021,user,USR20526
1021,user,USR16542
1021,user,USR87040
1021,merchant,MCH7513
1021,merchant,MCH8521
1021,user,USR45732
1021,user,USR65274
1021,user,USR83277
1021,user,USR28393
1022,user,USR41359
1022,user,USR16545
1022,merchant,MCH2248
1022,merchant,MCH6188
1022,user,USR67429
1023,merchant,MCH8422
1023,user,USR97852
1023,user,USR16557
1023,user,USR80105
1024,merchant,MCH5008
1024,user,USR16559
1025,user,USR16562
1025,user,USR21626
1025,user,USR88854
1025,user,USR70797
1025,user,USR98626
1025,merchant,MCH7955
1025,user,USR70204
1025,merchant,MCH2889
1026,merchant,MCH8568
1026,user,USR16598
1026,user,USR80730
1026,user,USR58414
1027,merchant,MCH6118
1027,user,USR24417
1027,user,USR16600
1028,user,USR19171
1028,user,USR16628
1028,merchant,MCH5025
1028,user,USR72065
1028,user,USR22892
1028,user,USR90224
1029,user,USR29322
1029,user,USR16655
1029,user,USR87004
1029,user,USR42733
1029,merchant,MCH1665
1029,user,USR35963
1030,user,USR60600
1030,user,USR21923
1030,user,USR16669
1030,merchant,MCH6198
1030,user,USR32402
1030,merchant,MCH9325
1030,merchant,MCH1835
1030,user,USR94642
1031,merchant,MCH8291
1031,user,USR65072
1031,user,USR49676
1031,user,USR16673
1032,user,USR57360
1032,user,USR36388
1032,merchant,MCH6937
1032,user,USR45312
1032,user,USR16675
1032,user,USR28351
1033,user,USR29456
1033,merchant,MCH5107
1033,user,USR75844
1033,user,USR16679
1033,user,USR68694
1034,user,USR99827
1034,user,USR53016
1034,user,USR34665
1034,user,USR74847
1034,user,USR76688
1034,user,USR75341
1034,user,USR53633
1034,user,USR16683
1034,merchant,MCH1661
1034,merchant,MCH2635
1034,user,USR91074
1034,user,USR29134
1034,user,USR55231
1035,user,USR16700
1035,user,USR69363
1035,user,USR90372
1035,merchant,MCH1877
1036,user,USR57977
1036,user,USR16702
1036,merchant,MCH1341
1036,user,USR51911
1036,merchant,MCH1828
1036,user,USR40062
1036,user,USR41410
1036,user,USR99294
1037,user,USR18542
1037,user,USR16710
1037,merchant,MCH9853
1038,user,USR18760
1038,user,USR79584
1038,user,USR95467
1038,user,USR16729
1038,user,USR17314
1038,merchant,MCH9451
1038,user,USR78629
1039,user,USR98440
1039,user,USR91027
1039,merchant,MCH2463
1039,user,USR16730
1039,user,USR88840
1039,user,USR39585
1040,user,USR16731
1040,user,USR52034
1040,user,USR46699
1040,merchant,MCH9955
1041,merchant,MCH5514
1041,user,USR16737
1042,merchant,MCH1463
1042,user,USR16763
1043,user,USR16764
1043,merchant,MCH9932
1044,merchant,MCH6737
1044,user,USR20959
1044,user,USR16765
1045,user,USR50191
1045,merchant,MCH7683
1045,user,USR21624
1045,user,USR16785
1045,user,USR29221
1045,merchant,MCH3332
1045,merchant,MCH1849
1045,user,USR62187
1045,user,USR87362
1045,user,USR43890
1046,merchant,MCH7193
1046,user,USR38391
1046,user,USR16787
1046,user,USR63174
1047,merchant,MCH5501
1047,user,USR16790
1048,user,USR28733
1048,user,USR16798
1048,merchant,MCH5898
1049,user,USR44752
1049,user,USR69388
1049,user,USR16815
1049,user,USR31893
1049,merchant,MCH6658
1049,user,USR99692
1050,user,USR92527
1050,user,USR16817
1050,merchant,MCH1099
1051,merchant,MCH9983
1051,merchant,MCH7168
1051,user,USR22177
1051,user,USR16831
1052,merchant,MCH3690
1052,user,USR64784
1052,user,USR16845
1053,user,USR16855
1053,merchant,MCH1630
1054,user,USR29588
1054,user,USR93040
1054,user,USR16859
1054,merchant,MCH5717
1055,user,USR94296
1055,user,USR98447
1055,merchant,MCH6467
1055,user,USR16870
1055,merchant,MCH5266
1056,merchant,MCH5830
1056,user,USR16910
1056,user,USR67138
1056,user,USR52290
1056,merchant,MCH1736
1056,user,USR99791
1057,user,USR67653
1057,user,USR16914
1057,merchant,MCH9906
1057,merchant,MCH8514
1057,merchant,MCH6345
1057,user,USR95991
1057,user,USR71985
1057,user,USR77729
1058,merchant,MCH6172
1058,user,USR16919
1058,user,USR19365
1058,user,USR71442
1059,user,USR16924
1059,user,USR27121
1059,user,USR62621
1059,merchant,MCH3476
1060,merchant,MCH2187
1060,user,USR16925
1060,user,USR28872
1061,user,USR16929
1061,merchant,MCH2509
1061,user,USR40908
1062,user,USR70035
1062,merchant,MCH5924
1062,user,USR16930
1063,user,USR72506
1063,merchant,MCH6158
1063,user,USR16943
1064,user,USR64209
1064,user,USR16956
1064,merchant,MCH3271
1065,user,USR99301
1065,merchant,MCH2207
1065,user,USR47176
1065,user,USR16973
1065,user,USR59790
1066,merchant,MCH6577
1066,user,USR16978
1067,user,USR16995
1067,user,USR53399
1067,merchant,MCH7040
1067,user,USR41214
1068,user,USR56965
1068,user,USR16998
1068,user,USR32730
1068,merchant,MCH2746
1069,user,USR75937
1069,user,USR53138
1069,user,USR16999
1069,merchant,MCH7137
1070,user,USR17001
1070,user,USR33224
1070,user,USR65784
1070,merchant,MCH4532
1071,merchant,MCH6440
1071,user,USR64950
1071,user,USR17004
1071,user,USR87607
1072,user,USR17008
1072,merchant,MCH1353
1073,merchant,MCH3581
1073,user,USR62436
1073,user,USR59895
1073,user,USR85065
1073,merchant,MCH5983
1073,user,USR52452
1073,user,USR44559
1073,user,USR82985
1073,user,USR57402
1073,merchant,MCH1142
1073,user,USR17010
1074,user,USR70630
1074,user,USR17017
1074,user,USR44395
1074,merchant,MCH1008
1075,merchant,MCH3639
1075,user,USR78168
1075,user,USR41551
1075,user,USR17022
1076,user,USR34574
1076,user,USR26287
1076,merchant,MCH9437
1076,user,USR17034
1077,merchant,MCH8462
1077,user,USR84479
1077,merchant,MCH2598
1077,user,USR17049
1077,user,USR51651
1077,user,USR38124
1078,user,USR81580
1078,merchant,MCH5084
1078,merchant,MCH5438
1078,merchant,MCH9824
1078,merchant,MCH4392
1078,user,USR49017
1078,merchant,MCH8962
1078,user,USR22536
1078,user,USR60350
1078,user,USR31818
1078,user,USR45291
1078,user,USR72202
1078,user,USR34246
1078,user,USR83391
1078,user,USR63988
1078,user,USR91495
1078,user,USR85634
1078,user,USR24761
1078,user,USR17051
1079,merchant,MCH1567
1079,user,USR22554
1079,user,USR17053
1080,user,USR17062
1080,merchant,MCH6526
1080,user,USR24836
1081,user,USR48035
1081,merchant,MCH5143
1081,user,USR50940
1081,user,USR65611
1081,user,USR75562
1081,merchant,MCH6476
1081,user,USR17074
1081,user,USR22631
1081,user,USR83296
1081,user,USR88492
1081,user,USR89123
1082,merchant,MCH6092
1082,user,USR78746
1082,user,USR17075
1082,user,USR54260
1082,user,USR33230
1082,user,USR42038
1082,user,USR91114
1082,merchant,MCH5140
1082,user,USR58128
1082,merchant,MCH4644
1082,user,USR83408
1082,user,USR29034
1083,user,USR37657
1083,merchant,MCH5763
1083,user,USR17117
1084,user,USR17120
1084,merchant,MCH5377
1085,user,USR49773
1085,user,USR17126
1085,user,USR84369
1085,user,USR50032
1085,merchant,MCH2363
1085,user,USR75314
1085,user,USR28771
1086,user,USR68115
1086,merchant,MCH7304
1086,user,USR68784
1086,user,USR74237
1086,user,USR37228
1086,user,USR17132
1086,user,USR99170
1087,user,USR31392
1087,merchant,MCH4964
1087,user,USR29622
1087,user,USR33689
1087,user,USR17143
1088,user,USR35317
1088,user,USR17157
1088,merchant,MCH7640
1089,user,USR39732
1089,user,USR85850
1089,merchant,MCH8146
1089,user,USR84923
1089,user,USR62313
1089,merchant,MCH1302
1089,user,USR80226
1089,user,USR33485
1089,user,USR89128
1089,user,USR17179
1090,user,USR52457
1090,user,USR81585
1090,user,USR74003
1090,merchant,MCH1504
1090,user,USR17182
1090,user,USR20793
1090,merchant,MCH7074
1090,user,USR71319
1090,user,USR93281
1090,user,USR43996
1090,user,USR86752
1090,merchant,MCH8869
1090,user,USR40198
1091,user,USR17194
1091,user,USR24553
1091,user,USR23977
1091,merchant,MCH3580
1092,user,USR77278
1092,user,USR19341
1092,user,USR17198
1092,user,USR89332
1092,user,USR76010
1092,user,USR48451
1092,merchant,MCH9622
1092,user,USR61287
1092,user,USR35471
1092,merchant,MCH6538
1092,user,USR26849
1093,merchant,MCH7271
1093,user,USR65956
1093,merchant,MCH5995
1093,user,USR66648
1093,user,USR17201
1094,user,USR17218
1094,merchant,MCH2349
1094,user,USR45830
1095,user,USR22310
1095,user,USR71759
1095,user,USR17224
1095,user,USR82051
1095,user,USR33555
1095,merchant,MCH8477
1096,user,USR83030
1096,user,USR24242
1096,user,USR95236
1096,merchant,MCH5665
1096,user,USR17228
1096,user,USR26964
1097,user,USR65361
1097,user,USR17246
1097,merchant,MCH2003
1097,user,USR79936
1098,user,USR42593
1098,merchant,MCH2747
1098,user,USR49301
1098,merchant,MCH8079
1098,user,USR61050
1098,user,USR17249
1099,merchant,MCH5210
1099,user,USR17258
1100,user,USR17259
1100,user,USR96651
1100,merchant,MCH8770
1101,user,USR56405
1101,merchant,MCH2230
1101,user,USR17264
1101,user,USR25118
1101,user,USR62663
1101,user,USR64301
1101,user,USR84465
1101,merchant,MCH6491
1102,user,USR17266
1102,merchant,MCH7261
1102,user,USR58005
1102,user,USR28018
1103,merchant,MCH4954
1103,user,USR17272
1103,user,USR43277
1103,merchant,MCH4892
1103,user,USR60780
1103,user,USR33616
1103,user,USR53871
1103,user,USR82683
1104,user,USR44247
1104,user,USR17289
1104,merchant,MCH1249
1105,user,USR17290
1105,user,USR97027
1105,merchant,MCH6336
1105,user,USR23320
1105,merchant,MCH9173
1105,user,USR65556
1105,merchant,MCH6230
1105,user,USR66202
1105,user,USR49851
1105,user,USR94071
1105,user,USR77809
1105,user,USR82229
1105,user,USR67098
1105,merchant,MCH9911
1106,user,USR48225
1106,user,USR89364
1106,user,USR17291
1106,merchant,MCH1066
1106,user,USR34643
1107,user,USR54394
1107,user,USR23953
1107,user,USR17321
1107,merchant,MCH1690
1108,user,USR17326
1108,merchant,MCH7017
1108,user,USR95524
1109,user,USR27819
1109,user,USR79977
1109,user,USR17336
1109,merchant,MCH3900
1110,user,USR38595
1110,merchant,MCH5199
1110,user,USR17338
1111,user,USR17350
1111,user,USR87444
1111,merchant,MCH5594
1111,user,USR44759
1112,merchant,MCH8338
1112,user,USR88746
1112,user,USR17351
1113,user,USR48430
1113,merchant,MCH4479
1113,user,USR17355
1113,merchant,MCH9593
1113,user,USR74006
1113,user,USR27836
1113,user,USR36757
1114,user,USR17371
1114,user,USR57863
1114,user,USR61562
1114,user,USR62980
1114,merchant,MCH4653
1114,user,USR44591
1114,user,USR32646
1114,merchant,MCH1346
1115,user,USR61047
1115,user,USR60834
1115,user,USR88348
1115,user,USR67799
1115,user,USR17386
1115,user,USR67528
1115,merchant,MCH3722
1115,user,USR72349
1115,user,USR89266
1115,user,USR45910
1115,user,USR69753
1115,merchant,MCH7769
1116,merchant,MCH4911
1116,user,USR17396
1116,user,USR25146
1117,merchant,MCH2426
1117,user,USR47626
1117,user,USR17402
1118,user,USR38137
1118,user,USR17407
1118,user,USR96005
1118,merchant,MCH6991
1119,merchant,MCH3703
1119,user,USR48223
1119,user,USR81916
1119,merchant,MCH6117
1119,user,USR17418
1120,user,USR85062
1120,merchant,MCH3550
1120,user,USR23932
1120,user,USR52781
1120,user,USR25092
1120,user,USR17420
1120,merchant,MCH6852
1121,user,USR17425
1121,merchant,MCH9450
1122,user,USR91249
1122,user,USR17432
1122,merchant,MCH9099
1122,user,USR82944
1122,user,USR51052
1123,user,USR29711
1123,merchant,MCH8664
1123,user,USR81002
1123,merchant,MCH4938
1123,merchant,MCH9655
1123,user,USR77173
1123,user,USR28538
1123,user,USR17433
1123,user,USR18423
1124,merchant,MCH6532
1124,user,USR17451
1125,user,USR48240
1125,user,USR68051
1125,user,USR17453
1125,merchant,MCH1867
1126,user,USR95281
1126,merchant,MCH8022
1126,user,USR17455
1127,merchant,MCH1133
1127,user,USR17473
1127,user,USR82575
1127,user,USR39722
1128,user,USR34097
1128,merchant,MCH6263
1128,merchant,MCH3415
1128,user,USR81732
1128,user,USR17493
1128,user,USR35327
1128,merchant,MCH5873
1128,user,USR29225
1128,user,USR85491
1128,user,USR50699
1128,user,USR94447
1129,user,USR81219
1129,user,USR20800
1129,user,USR69393
1129,user,USR17500
1129,merchant,MCH1682
1130,user,USR37981
1130,merchant,MCH9368
1130,user,USR64994
1130,merchant,MCH9488
1130,merchant,MCH7715
1130,user,USR47316
1130,merchant,MCH9697
1130,user,USR87116
1130,user,USR28040
1130,user,USR99262
1130,user,USR30134
1130,user,USR32494
1130,user,USR17503
1130,user,USR47143
1130,user,USR89451
1131,user,USR38263
1131,user,USR17514
1131,merchant,MCH8452
1131,merchant,MCH4862
1131,user,USR79692
1131,user,USR86662
1131,user,USR93481
1131,user,USR75440
1131,merchant,MCH3031
1131,user,USR40289
1132,user,USR87872
1132,merchant,MCH6475
1132,user,USR69290
1132,user,USR85377
1132,merchant,MCH7349
1132,merchant,MCH6949
1132,merchant,MCH4231
1132,user,USR30393
1132,user,USR17528
1132,user,USR39017
1132,user,USR20832
1133,user,USR17535
1133,merchant,MCH6522
1134,user,USR93575
1134,merchant,MCH4694
1134,user,USR82017
1134,user,USR17539
1135,user,USR17540
1135,merchant,MCH2593
1135,user,USR38010
1136,merchant,MCH1978
1136,user,USR17541
1137,user,USR17546
1137,merchant,MCH2074
1137,user,USR65881
1138,user,USR88882
1138,merchant,MCH5754
1138,user,USR56937
1138,user,USR17547
1138,user,USR31719
1139,user,USR76724
1139,user,USR17550
1139,user,USR79588
1139,user,USR51912
1139,user,USR53056
1139,user,USR70429
1139,merchant,MCH5119
1140,user,USR53597
1140,user,USR88404
1140,merchant,MCH8377
1140,merchant,MCH3196
1140,user,USR20336
1140,user,USR94783
1140,user,USR81436
1140,user,USR64523
1140,merchant,MCH7156
1140,user,USR18826
1140,user,USR64774
1140,user,USR32482
1140,user,USR17556
1141,user,USR77367
1141,user,USR17572
1141,merchant,MCH1906
1142,user,USR77865
1142,user,USR17587
1142,merchant,MCH9139
1142,user,USR20435
1142,user,USR94957
1143,merchant,MCH7502
1143,user,USR64116
1143,user,USR70816
1143,user,USR28564
1143,user,USR62508
1143,user,USR45908
1143,user,USR17594
1143,merchant,MCH4075
1143,user,USR86269
1143,user,USR76022
1143,user,USR89150
1143,user,USR51899
1143,merchant,MCH2467
1143,merchant,MCH1408
1143,user,USR61404
1144,user,USR68961
1144,user,USR17619
1144,merchant,MCH5997
1144,user,USR56023
1145,user,USR87113
1145,user,USR88766
1145,user,USR79970
1145,merchant,MCH9973
1145,merchant,MCH3705
1145,user,USR47282
1145,user,USR17626
1145,user,USR44543
1145,user,USR76176
1145,merchant,MCH4522
1145,user,USR26706
1146,user,USR26270
1146,user,USR60992
1146,user,USR44407
1146,merchant,MCH5674
1146,user,USR34566
1146,user,USR17630
1146,user,USR48459
1146,merchant,MCH1119
1147,user,USR43532
1147,user,USR28094
1147,merchant,MCH8271
1147,user,USR78406
1147,merchant,MCH9458
1147,user,USR86898
1147,user,USR17648
1147,user,USR31895
1147,user,USR60816
1147,user,USR53731
1148,user,USR66046
1148,merchant,MCH8270
1148,user,USR17660
1148,user,USR96288
1148,user,USR21050
1148,merchant,MCH3941
1148,user,USR70701
1149,user,USR20316
1149,merchant,MCH8819
1149,user,USR70808
1149,user,USR98759
1149,merchant,MCH1284
1149,merchant,MCH6595
1149,user,USR87579
1149,user,USR17666
1149,user,USR59805
1150,user,USR29228
1150,user,USR61829
1150,merchant,MCH6781
1150,user,USR37085
1150,user,USR94233
1150,merchant,MCH3127
1150,user,USR54388
1150,user,USR92201
1150,user,USR28341
1150,merchant,MCH8323
1150,user,USR17675
1151,user,USR71803
1151,user,USR17679
1151,merchant,MCH4251
1151,merchant,MCH1656
1151,user,USR58076
1151,merchant,MCH4388
1151,user,USR28648
1151,user,USR20173
1152,user,USR95631
1152,merchant,MCH7932
1152,merchant,MCH4175
1152,user,USR24505
1152,user,USR73418
1152,user,USR40803
1152,user,USR43923
1152,user,USR84134
1152,user,USR17683
1152,user,USR51727
1152,user,USR18658
1152,merchant,MCH1780
1152,user,USR46437
1152,merchant,MCH8438
1152,merchant,MCH2815
1152,user,USR30946
1152,user,USR59716
1152,user,USR43737
1152,user,USR61136
1153,merchant,MCH2749
1153,user,USR67321
1153,user,USR80769
1153,user,USR17687
1154,merchant,MCH1718
1154,user,USR17691
1155,user,USR28129
1155,user,USR92332
1155,user,USR76277
1155,user,USR75168
1155,user,USR85963
1155,merchant,MCH2146
1155,user,USR17699
1155,merchant,MCH1556
1155,merchant,MCH4515
1156,merchant,MCH9176
1156,user,USR53172
1156,user,USR56059
1156,user,USR47921
1156,merchant,MCH5179
1156,user,USR72574
1156,merchant,MCH3571
1156,user,USR37426
1156,user,USR79794
1156,user,USR84665
1156,user,USR43442
1156,user,USR53983
1156,merchant,MCH1223
1156,user,USR26777
1156,user,USR17701
1156,user,USR43379
1156,merchant,MCH4846
1156,user,USR39005
1157,user,USR30843
1157,user,USR92132
1157,user,USR32096
1157,merchant,MCH9364
1157,user,USR45462
1157,user,USR17706
1158,merchant,MCH4921
1158,user,USR38224
1158,user,USR73203
1158,user,USR54754
1158,user,USR36315
1158,user,USR30227
1158,user,USR17716
1159,merchant,MCH5441
1159,user,USR17718
1160,merchant,MCH4413
1160,user,USR58577
1160,user,USR17722
1161,merchant,MCH6505
1161,user,USR42144
1161,user,USR56418
1161,user,USR56291
1161,user,USR40072
1161,merchant,MCH9330
1161,user,USR51932
1161,user,USR17724
1162,user,USR57924
1162,user,USR17731
1162,merchant,MCH4947
1162,user,USR64385
1163,user,USR22594
1163,merchant,MCH3309
1163,user,USR93330
1163,user,USR17733
1164,user,USR48862
1164,user,USR42791
1164,merchant,MCH6974
1164,user,USR70647
1164,user,USR17736
1165,user,USR95909
1165,user,USR61857
1165,merchant,MCH7627
1165,user,USR17752
1166,user,USR21147
1166,merchant,MCH7881
1166,user,USR38656
1166,user,USR99905
1166,user,USR17762
1167,user,USR17775
1167,merchant,MCH9747
1168,user,USR92197
1168,user,USR22131
1168,merchant,MCH6084
1168,user,USR57734
1168,user,USR17781
1169,user,USR30337
1169,user,USR51322
1169,user,USR17782
1169,merchant,MCH7265
1169,user,USR98496
1169,user,USR93126
1170,user,USR17785
1170,user,USR83667
1170,merchant,MCH3755
1170,user,USR53272
1170,user,USR82055
1170,user,USR75773
1170,merchant,MCH6477
1171,user,USR17801
1171,user,USR88724
1171,merchant,MCH1081
1171,user,USR46421
1172,user,USR17810
1172,user,USR62939
1172,merchant,MCH6098
1173,merchant,MCH8800
1173,user,USR77760
1173,user,USR17816
1174,user,USR75308
1174,user,USR32993
1174,merchant,MCH6370
1174,user,USR17817
1174,user,USR67036
1175,user,USR95436
1175,merchant,MCH1633
1175,user,USR17821
1175,user,USR31351
1176,user,USR17832
1176,user,USR59811
1176,user,USR68216
1176,merchant,MCH9302
1176,merchant,MCH3567
1176,user,USR19003
1177,merchant,MCH8537
1177,user,USR17834
1177,user,USR24606
1177,merchant,MCH8273
1177,user,USR20059
1177,user,USR62860
1177,user,USR46527
1178,user,USR33493
1178,user,USR42422
1178,user,USR21428
1178,user,USR34721
1178,merchant,MCH7708
1178,merchant,MCH7889
1178,user,USR58809
1178,user,USR17839
1179,merchant,MCH3884
1179,user,USR17848
1179,user,USR20772
1179,user,USR78496
1180,user,USR36102
1180,merchant,MCH5278
1180,user,USR17860
1180,user,USR23485
1181,merchant,MCH3597
1181,user,USR96944
1181,user,USR57988
1181,user,USR17861
1182,merchant,MCH4002
1182,user,USR17864
1183,merchant,MCH7613
1183,user,USR17866
1183,user,USR21274
1184,merchant,MCH4683
1184,user,USR78803
1184,user,USR62572
1184,user,USR17876
1184,user,USR67717
1185,user,USR17878
1185,merchant,MCH8177
1186,merchant,MCH4044
1186,user,USR17882
1186,user,USR67480
1186,user,USR82278
1186,user,USR83023
1186,user,USR29240
1187,user,USR20689
1187,user,USR85577
1187,merchant,MCH3156
1187,user,USR76155
1187,user,USR17901
1188,user,USR17904
1188,user,USR81073
1188,user,USR68414
1188,merchant,MCH2645
1188,merchant,MCH3286
1188,user,USR27427
1188,user,USR29583
1189,user,USR17908
1189,merchant,MCH1236
1189,user,USR24240
1189,user,USR43185
1190,user,USR59275
1190,user,USR98652
1190,merchant,MCH2996
1190,user,USR17922
1191,user,USR54059
1191,user,USR97093
1191,user,USR17926
1191,merchant,MCH5490
1191,user,USR83832
1192,user,USR19395
1192,user,USR17936
1192,merchant,MCH4330
1193,user,USR89707
1193,user,USR46363
1193,user,USR39957
1193,merchant,MCH3514
1193,user,USR91370
1193,user,USR17957
1194,user,USR44172
1194,user,USR74804
1194,user,USR17964
1194,user,USR90973
1194,user,USR88220
1194,user,USR80112
1194,merchant,MCH5771
1194,merchant,MCH1073
1194,user,USR96412
1194,user,USR99923
1194,user,USR54074
1194,merchant,MCH1330
1194,merchant,MCH6343
1194,user,USR67943
1194,user,USR50152
1195,user,USR82462
1195,user,USR17969
1195,user,USR68213
1195,merchant,MCH1831
1196,user,USR17973
1196,merchant,MCH8678
1197,user,USR76278
1197,user,USR29323
1197,user,USR85938
1197,user,USR49696
1197,user,USR87759
1197,user,USR82150
1197,merchant,MCH6585
1197,user,USR79944
1197,user,USR98903
1197,user,USR17977
1197,merchant,MCH6914
1197,user,USR55332
1197,merchant,MCH8240
1197,user,USR70062
1197,user,USR28168
1197,merchant,MCH4000
1197,user,USR70836
1197,user,USR28825
1197,user,USR60536
1197,merchant,MCH6478
1198,user,USR74396
1198,merchant,MCH3197
1198,user,USR80818
1198,user,USR46493
1198,user,USR17979
1198,user,USR91582
1199,user,USR93101
1199,merchant,MCH3700
1199,user,USR17980
1199,user,USR85147
1199,user,USR79305
1199,merchant,MCH5443
1199,user,USR63108
1200,user,USR27832
1200,user,USR17982
1200,merchant,MCH2457
1200,user,USR70777
1200,user,USR43461
1201,user,USR54346
1201,user,USR17990
1201,user,USR18692
1201,merchant,MCH1790
1201,user,USR98722
1202,merchant,MCH3821
1202,user,USR18006
1203,user,USR34185
1203,user,USR97147
1203,merchant,MCH4319
1203,user,USR95399
1203,user,USR36289
1203,user,USR82413
1203,merchant,MCH6966
1203,user,USR18007
1203,user,USR84847
1203,merchant,MCH4471
1203,user,USR91797
1204,merchant,MCH1541
1204,user,USR18019
1204,user,USR50042
1205,merchant,MCH6175
1205,user,USR62841
1205,user,USR18020
1205,user,USR42726
1206,merchant,MCH7018
1206,user,USR67060
1206,user,USR97380
1206,user,USR49030
1206,user,USR54038
1206,user,USR59747
1206,merchant,MCH3684
1206,merchant,MCH4772
1206,user,USR22963
1206,user,USR55911
1206,user,USR19351
1206,user,USR79601
1206,user,USR63564
1206,merchant,MCH9833
1206,user,USR50769
1206,merchant,MCH3182
1206,user,USR18021
1207,merchant,MCH2162
1207,user,USR18028
1208,merchant,MCH7209
1208,user,USR42070
1208,user,USR18038
1209,user,USR64982
1209,user,USR90728
1209,user,USR18045
1209,user,USR52226
1209,merchant,MCH8259
1209,merchant,MCH5333
1209,user,USR45479
1209,user,USR25568
1209,user,USR42427
1209,user,USR33996
1209,user,USR28439
1210,merchant,MCH5439
1210,user,USR95879
1210,user,USR18056
1211,user,USR28389
1211,user,USR26456
1211,merchant,MCH8546
1211,user,USR18063
1212,user,USR27494
1212,user,USR18099
1212,merchant,MCH7988
1213,user,USR36516
1213,user,USR53415
1213,user,USR18102
1213,merchant,MCH8436
1213,merchant,MCH2640
1214,user,USR18105
1214,merchant,MCH2933
1215,user,USR40745
1215,user,USR81700
1215,user,USR34323
1215,merchant,MCH8289
1215,user,USR19119
1215,user,USR33529
1215,user,USR18136
1215,merchant,MCH3673
1215,user,USR69562
1215,merchant,MCH6355
1215,user,USR64926
1215,user,USR86997
1216,merchant,MCH2597
1216,user,USR18140
1217,user,USR18146
1217,merchant,MCH2018
1218,merchant,MCH2183
1218,user,USR18177
1218,user,USR78560
1218,user,USR20040
1219,user,USR18185
1219,merchant,MCH2778
1220,user,USR18189
1220,merchant,MCH8821
1221,user,USR18204
1221,merchant,MCH8685
1221,user,USR92610
1221,user,USR98057
1221,user,USR72126
1222,user,USR49801
1222,user,USR18227
1222,user,USR52215
1222,user,USR63197
1222,user,USR36035
1222,merchant,MCH2148
1223,merchant,MCH6779
1223,user,USR18229
1224,user,USR18246
1224,user,USR65583
1224,user,USR54542
1224,merchant,MCH8575
1225,merchant,MCH2804
1225,user,USR44865
1225,user,USR65132
1225,user,USR18253
1226,user,USR91065
1226,merchant,MCH8513
1226,user,USR31705
1226,user,USR18258
1226,user,USR88575
1226,user,USR40046
1227,user,USR18261
1227,merchant,MCH2677
1227,user,USR83280
1227,user,USR29393
1227,user,USR70870
1228,merchant,MCH7362
1228,user,USR36838
1228,user,USR49307
1228,merchant,MCH4459
1228,merchant,MCH4030
1228,user,USR69897
1228,user,USR83967
1228,user,USR84647
1228,merchant,MCH6990
1228,user,USR18272
1228,user,USR91741
1228,user,USR36717
1228,user,USR43398
1229,user,USR18273
1229,merchant,MCH5388
1229,user,USR26577
1230,user,USR18281
1230,merchant,MCH2998
1230,user,USR92716
1230,merchant,MCH9413
1230,user,USR58348
1231,merchant,MCH1260
1231,user,USR28902
1231,user,USR18291
1231,user,USR81793
1231,user,USR62595
1231,user,USR43667
1232,merchant,MCH3164
1232,user,USR18292
1233,user,USR53354
1233,user,USR18296
1233,user,USR37553
1233,merchant,MCH4661
1234,merchant,MCH4141
1234,user,USR56574
1234,user,USR18298
1235,merchant,MCH7034
1235,user,USR36823
1235,user,USR18299
1236,user,USR18305
1236,merchant,MCH8373
1237,user,USR46896
1237,user,USR28903
1237,user,USR85504
1237,user,USR82148
1237,user,USR18314
1237,user,USR43951
1237,merchant,MCH6487
1237,user,USR26135
1237,user,USR34628
1237,merchant,MCH4208
1237,user,USR37722
1237,merchant,MCH7005
1237,user,USR88525
1237,user,USR73367
1238,user,USR18324
1238,user,USR47212
1238,user,USR85289
1238,user,USR47692
1238,user,USR34241
1238,merchant,MCH7170
1238,merchant,MCH4631
1239,user,USR18329
1239,merchant,MCH1028
1240,user,USR60354
1240,user,USR90306
1240,user,USR18333
1240,user,USR74407
1240,merchant,MCH1453
1240,user,USR43928
1241,user,USR66355
1241,user,USR18341
1241,user,USR96285
1241,merchant,MCH6826
1241,user,USR19076
1242,user,USR19057
1242,merchant,MCH7780
1242,user,USR78785
1242,user,USR18342
1242,user,USR38511
1243,user,USR90145
1243,merchant,MCH9442
1243,user,USR68398
1243,user,USR88398
1243,merchant,MCH7971
1243,user,USR18347
1243,merchant,MCH7336
1244,user,USR18352
1244,merchant,MCH3176
1245,user,USR99674
1245,merchant,MCH2515
1245,user,USR18359
1245,user,USR58355
1245,user,USR42912
1246,user,USR77984
1246,merchant,MCH2443
1246,user,USR18372
1246,merchant,MCH3380
1246,user,USR81448
1246,user,USR28580
1246,user,USR29105
1247,user,USR18378
1247,merchant,MCH9696
1248,user,USR18714
1248,merchant,MCH1166
1248,user,USR86889
1248,user,USR18383
1248,user,USR56524
1248,user,USR94677
1249,user,USR18387
1249,user,USR78353
1249,user,USR52125
1249,user,USR27203
1249,user,USR19887
1249,user,USR25866
1249,merchant,MCH5277
1250,user,USR69455
1250,user,USR83755
1250,merchant,MCH2902
1250,user,USR39072
1250,user,USR25578
1250,user,USR18398
1251,user,USR36853
1251,user,USR81830
1251,merchant,MCH9863
1251,user,USR96774
1251,user,USR18474
1251,merchant,MCH4387
1251,user,USR64709
1251,user,USR18410
1251,merchant,MCH2995
1252,merchant,MCH2854
1252,user,USR19841
1252,user,USR29943
1252,user,USR36999
1252,user,USR45553
1252,user,USR44025
1252,user,USR41164
1252,merchant,MCH1580
1252,user,USR24555
1252,user,USR44108
1252,user,USR56634
1252,user,USR84792
1252,user,USR41578
1252,user,USR38177
1252,user,USR80675
1252,user,USR18418
1252,merchant,MCH7951
1252,merchant,MCH4968
1252,merchant,MCH7223
1252,user,USR90616
1253,merchant,MCH4376
1253,user,USR18419
1253,user,USR62435
1254,user,USR65008
1254,merchant,MCH7453
1254,user,USR78971
1254,user,USR53476
1254,merchant,MCH6728
1254,user,USR24557
1254,user,USR18437
1255,merchant,MCH3672
1255,user,USR18450
1256,user,USR18479
1256,merchant,MCH5079
1256,user,USR53257
1257,user,USR53695
1257,merchant,MCH7007
1257,user,USR52379
1257,user,USR18484
1257,user,USR80621
1258,user,USR75661
1258,user,USR64823
1258,user,USR78625
1258,user,USR78829
1258,user,USR18487
1258,user,USR76441
1258,merchant,MCH6929
1258,user,USR51626
1258,user,USR88689
1258,merchant,MCH7258
1259,merchant,MCH7939
1259,user,USR78287
1259,user,USR61290
1259,user,USR18489
1260,merchant,MCH7771
1260,user,USR33318
1260,user,USR78819
1260,user,USR18493
1260,user,USR80198
1260,merchant,MCH9526
1260,user,USR51488
1260,user,USR36174
1260,user,USR53100
1261,user,USR63018
1261,user,USR18504
1261,user,USR23164
1261,merchant,MCH9661
1261,user,USR81327
1262,user,USR21561
1262,merchant,MCH5183
1262,user,USR69584
1262,user,USR73685
1262,user,USR98804
1262,user,USR96080
1262,user,USR18509
1262,user,USR23478
1263,user,USR61095
1263,user,USR62891
1263,merchant,MCH8526
1263,user,USR18512
1263,user,USR88764
1264,user,USR33348
1264,user,USR20741
1264,user,USR25588
1264,merchant,MCH5173
1264,user,USR18514
1265,user,USR18535
1265,merchant,MCH2611
1265,user,USR79844
1266,user,USR18540
1266,user,USR63847
1266,user,USR50737
1266,merchant,MCH1920
1267,merchant,MCH7919
1267,user,USR56440
1267,user,USR18553
1268,user,USR56445
1268,merchant,MCH6212
1268,user,USR18559
1268,merchant,MCH3053
1269,user,USR76723
1269,user,USR40420
1269,merchant,MCH1168
1269,merchant,MCH4295
1269,user,USR18575
1269,user,USR63631
1269,merchant,MCH8086
1269,user,USR64635
1270,user,USR54920
1270,user,USR49470
1270,merchant,MCH1903
1270,user,USR69433
1270,user,USR18593
1270,user,USR20240
1270,merchant,MCH7834
1271,merchant,MCH3419
1271,user,USR29570
1271,user,USR18596
1271,user,USR25279
1272,merchant,MCH4827
1272,user,USR18597
1273,user,USR48304
1273,user,USR18607
1273,merchant,MCH8407
1273,user,USR40030
1274,user,USR91628
1274,user,USR67402
1274,user,USR18860
1274,user,USR18609
1274,merchant,MCH8810
1274,user,USR22448
1275,user,USR65336
1275,user,USR60457
1275,user,USR18613
1275,user,USR29324
1275,user,USR78155
1275,user,USR93365
1275,user,USR86225
1275,user,USR26874
1275,user,USR63754
1275,merchant,MCH7801
1275,merchant,MCH9798
1276,user,USR18619
1276,merchant,MCH7561
1277,merchant,MCH2214
1277,user,USR18621
1277,user,USR41923
1278,user,USR32965
1278,user,USR18634
1278,merchant,MCH4886
1279,user,USR86368
1279,user,USR18640
1279,user,USR67030
1279,merchant,MCH9320
1280,merchant,MCH1873
1280,user,USR18646
1280,user,USR47872
1280,user,USR22682
1280,user,USR40891
1280,merchant,MCH9596
1280,user,USR46758
1280,user,USR79347
1281,merchant,MCH6954
1281,user,USR27607
1281,merchant,MCH8725
1281,user,USR89179
1281,user,USR72195
1281,user,USR18653
1281,user,USR94257
1281,merchant,MCH5002
1282,merchant,MCH4086
1282,user,USR66750
1282,user,USR82224
1282,user,USR18655
1282,user,USR26396
1282,user,USR26794
1283,user,USR18662
1283,user,USR78095
1283,merchant,MCH8798
1284,merchant,MCH1915
1284,user,USR87879
1284,user,USR18664
1285,user,USR72068
1285,user,USR51647
1285,user,USR18688
1285,user,USR68738
1285,user,USR89193
1285,user,USR30035
1285,merchant,MCH1834
1286,user,USR68002
1286,user,USR18689
1286,user,USR42591
1286,merchant,MCH9929
1287,user,USR21313
1287,user,USR75735
1287,user,USR23715
1287,merchant,MCH7856
1287,merchant,MCH4396
1287,user,USR23123
1287,user,USR46038
1287,user,USR18691
1287,user,USR79367
1288,user,USR56078
1288,user,USR45289
1288,merchant,MCH1325
1288,user,USR18693
1288,user,USR58940
1289,merchant,MCH8445
1289,user,USR52547
1289,user,USR28364
1289,user,USR18702
1289,user,USR34651
1290,merchant,MCH4101
1290,user,USR30066
1290,user,USR18707
1291,user,USR18720
1291,user,USR51770
1291,merchant,MCH7782
1291,user,USR67839
1292,user,USR60498
1292,merchant,MCH8370
1292,user,USR65554
1292,user,USR18738
1292,user,USR44402
1293,user,USR60709
1293,user,USR18741
1293,merchant,MCH9403
1294,user,USR35709
1294,user,USR54909
1294,user,USR18749
1294,merchant,MCH9108
1295,merchant,MCH6853
1295,user,USR45808
1295,user,USR79667
1295,user,USR18754
1296,user,USR79898
1296,user,USR58272
1296,merchant,MCH7653
1296,user,USR31990
1296,merchant,MCH3561
1296,user,USR95489
1296,user,USR18768
1296,merchant,MCH5685
1296,merchant,MCH7933
1296,user,USR76680
1296,user,USR49678
1297,user,USR94115
1297,merchant,MCH2693
1297,user,USR72525
1297,user,USR18772
1298,user,USR51129
1298,user,USR97123
1298,user,USR18773
1298,merchant,MCH3745
1299,user,USR88215
1299,user,USR18776
1299,merchant,MCH4747
1299,user,USR60262
1299,user,USR43786
1299,merchant,MCH5673
1299,user,USR72700
1299,user,USR32044
1299,user,USR89796
1300,user,USR63245
1300,merchant,MCH9876
1300,user,USR18784
1301,user,USR81076
1301,user,USR85161
1301,user,USR42654
1301,user,USR18791
1301,user,USR33080
1301,user,USR54020
1301,merchant,MCH3381
1302,user,USR42837
1302,user,USR18793
1302,merchant,MCH5807
1302,user,USR74717
1303,user,USR97439
1303,user,USR18800
1303,user,USR41888
1303,merchant,MCH4719
1304,merchant,MCH4063
1304,user,USR18803
1305,user,USR78238
1305,merchant,MCH5429
1305,user,USR69481
1305,user,USR25861
1305,merchant,MCH4407
1305,merchant,MCH9568
1305,user,USR56399
1305,user,USR18812
1305,user,USR34963
1305,user,USR62705
1305,user,USR32560
1305,user,USR58117
1305,user,USR48736
1305,merchant,MCH1140
1305,user,USR36684
1305,user,USR76468
1305,user,USR28524
1305,user,USR99270
1305,user,USR27045
1305,merchant,MCH3406
1305,user,USR43035
1305,user,USR72259
1305,user,USR83647
1306,user,USR66241
1306,user,USR30285
1306,user,USR18819
1306,merchant,MCH4592
1306,merchant,MCH4266
1306,merchant,MCH1481
1306,user,USR62404
1306,user,USR86284
1307,merchant,MCH9744
1307,user,USR18820
1308,user,USR23664
1308,merchant,MCH7163
1308,user,USR18825
1309,user,USR18829
1309,user,USR59418
1309,user,USR31871
1309,user,USR63223
1309,merchant,MCH3587
1309,user,USR30469
1309,user,USR66939
1309,user,USR96299
1309,user,USR72134
1309,merchant,MCH7185
1309,user,USR38541
1310,user,USR84569
1310,merchant,MCH7655
1310,user,USR72391
1310,user,USR66928
1310,user,USR18831
1311,merchant,MCH8490
1311,user,USR18833
1312,user,USR18850
1312,user,USR94298
1312,merchant,MCH3274
1312,user,USR66357
1312,merchant,MCH3877
1312,user,USR69890
1313,user,USR50543
1313,user,USR18876
1313,merchant,MCH9170
1313,user,USR65628
1313,user,USR52323
1314,user,USR18880
1314,merchant,MCH2466
1315,user,USR37969
1315,merchant,MCH5751
1315,user,USR18886
1316,user,USR30079
1316,merchant,MCH9939
1316,merchant,MCH1980
1316,merchant,MCH6614
1316,user,USR18889
1316,merchant,MCH3204
1316,user,USR33183
1316,user,USR45257
1316,user,USR63329
1316,merchant,MCH2564
1316,user,USR47000
1316,user,USR94913
1316,merchant,MCH3234
1316,user,USR63778
1316,user,USR64129
1316,user,USR39052
1316,user,USR92358
1316,user,USR50745
1316,merchant,MCH2584
1316,user,USR98408
1316,merchant,MCH4847
1316,user,USR63613
1317,merchant,MCH3317
1317,user,USR18893
1318,user,USR47409
1318,user,USR38408
1318,user,USR39129
1318,user,USR18899
1318,merchant,MCH9370
1319,user,USR60242
1319,user,USR23711
1319,user,USR76757
1319,user,USR49320
1319,user,USR69543
1319,merchant,MCH8140
1319,user,USR18905
1320,merchant,MCH1059
1320,user,USR58893
1320,user,USR18907
1320,user,USR70398
1321,user,USR18911
1321,merchant,MCH7384
1322,merchant,MCH9635
1322,user,USR42018
1322,user,USR87010
1322,user,USR18913
1323,merchant,MCH9336
1323,user,USR18930
1324,user,USR18954
1324,user,USR72518
1324,user,USR20271
1324,user,USR37344
1324,merchant,MCH7472
1325,user,USR18965
1325,user,USR54827
1325,merchant,MCH7289
1326,user,USR62215
1326,user,USR54262
1326,user,USR18967
1326,user,USR28446
1326,merchant,MCH9828
1326,user,USR29654
1326,user,USR92467
1326,user,USR80261
1326,merchant,MCH6964
1326,merchant,MCH7802
1327,merchant,MCH9352
1327,user,USR18990
1327,user,USR44238
1327,user,USR34897
1328,user,USR19010
1328,merchant,MCH9324
1328,user,USR31785
1329,user,USR87822
1329,user,USR19015
1329,user,USR65735
1329,user,USR97677
1329,merchant,MCH5615
1329,merchant,MCH1841
1329,user,USR22327
1329,user,USR24192
1329,user,USR28529
1330,user,USR93359
1330,merchant,MCH5938
1330,user,USR19018
1331,user,USR90381
1331,user,USR19023
1331,user,USR48091
1331,merchant,MCH5283
1332,merchant,MCH3527
1332,user,USR23968
1332,user,USR19029
1332,user,USR96325
1332,user,USR29866
1332,merchant,MCH8590
1332,user,USR53560
1332,merchant,MCH5562
1332,user,USR46564
1333,merchant,MCH9146
1333,user,USR19040
1333,user,USR30175
1333,user,USR80707
1334,user,USR19060
1334,user,USR44812
1334,user,USR84984
1334,merchant,MCH3962
1335,user,USR37892
1335,user,USR28711
1335,user,USR58439
1335,user,USR99388
1335,merchant,MCH3288
1335,user,USR67691
1335,user,USR25641
1335,merchant,MCH5532
1335,user,USR19065
1336,user,USR53139
1336,user,USR27944
1336,merchant,MCH2233
1336,user,USR19077
1337,user,USR72570
1337,user,USR77352
1337,user,USR66373
1337,user,USR68001
1337,user,USR77147
1337,merchant,MCH2786
1337,user,USR86497
1337,merchant,MCH3943
1337,user,USR54448
1337,user,USR19094
1337,merchant,MCH7497
1338,user,USR34073
1338,user,USR80122
1338,user,USR19102
1338,merchant,MCH5547
1339,merchant,MCH4351
1339,user,USR78447
1339,user,USR38210
1339,merchant,MCH9732
1339,merchant,MCH4931
1339,user,USR77321
1339,user,USR84241
1339,user,USR46747
1339,user,USR91108
1339,user,USR37193
1339,user,USR95364
1339,merchant,MCH1811
1339,merchant,MCH2574
1339,merchant,MCH3979
1339,user,USR37955
1339,user,USR40928
1339,user,USR71449
1339,user,USR19110
1339,user,USR31414
1339,user,USR36644
1340,user,USR37413
1340,user,USR19121
1340,merchant,MCH1126
1341,user,USR70116
1341,merchant,MCH9954
1341,user,USR24500
1341,user,USR19126
1342,merchant,MCH9633
1342,user,USR19139
1342,user,USR47627
1343,merchant,MCH1042
1343,user,USR94390
1343,user,USR48401
1343,user,USR19151
1343,user,USR43413
1343,user,USR58249
1343,merchant,MCH8434
1343,user,USR75422
1344,user,USR97453
1344,merchant,MCH1732
1344,user,USR19154
1345,user,USR33800
1345,merchant,MCH6578
1345,user,USR19178
1345,user,USR38635
1346,user,USR33908
1346,user,USR88333
1346,user,USR59098
1346,user,USR19185
1346,merchant,MCH3923
1346,user,USR19501
1347,user,USR42382
1347,user,USR28431
1347,user,USR19193
1347,merchant,MCH3793
1348,user,USR19211
1348,user,USR39604
1348,merchant,MCH2500
1348,user,USR30904
1349,user,USR93463
1349,merchant,MCH8655
1349,user,USR19222
1350,user,USR29843
1350,merchant,MCH9625
1350,user,USR19231
1350,user,USR58215
1350,user,USR34338
1351,user,USR19254
1351,merchant,MCH4124
1351,user,USR30595
1351,user,USR49408
1351,user,USR36039
1352,merchant,MCH9688
1352,user,USR19294
1352,user,USR90651
1353,merchant,MCH4614
1353,user,USR19295
1353,user,USR64929
1354,user,USR86280
1354,merchant,MCH9682
1354,user,USR34150
1354,user,USR48811
1354,merchant,MCH4352
1354,user,USR66854
1354,user,USR82756
1354,user,USR36293
1354,user,USR96174
1354,merchant,MCH3175
1354,user,USR28331
1354,user,USR31819
1354,merchant,MCH5316
1354,user,USR73605
1354,merchant,MCH2870
1354,merchant,MCH5217
1354,merchant,MCH8251
1354,user,USR46031
1354,user,USR96856
1354,merchant,MCH4519
1354,user,USR86648
1354,user,USR78880
1354,user,USR49649
1354,user,USR19302
1355,user,USR93861
1355,user,USR27874
1355,merchant,MCH2037
1355,user,USR19306
1355,user,USR23076
1356,user,USR48371
1356,user,USR79046
1356,merchant,MCH8649
1356,user,USR19310
1356,merchant,MCH5043
1356,merchant,MCH3111
1356,user,USR32966
1356,user,USR48528
1356,merchant,MCH8457
1356,user,USR21273
1356,user,USR42409
1357,merchant,MCH3325
1357,user,USR85768
1357,user,USR34215
1357,user,USR19311
1357,user,USR35787
1357,user,USR88326
1357,merchant,MCH9187
1357,user,USR37991
1358,user,USR58040
1358,user,USR67417
1358,user,USR34614
1358,merchant,MCH4037
1358,merchant,MCH1613
1358,merchant,MCH7191
1358,user,USR19313
1358,user,USR76964
1358,user,USR33190
1358,user,USR44053
1358,user,USR65694
1358,user,USR61843
1358,user,USR82834
1359,user,USR48259
1359,user,USR37117
1359,merchant,MCH9800
1359,merchant,MCH2730
1359,user,USR19344
1359,user,USR69063
1359,user,USR37290
1360,user,USR38701
1360,user,USR48077
1360,user,USR19354
1360,user,USR45826
1360,merchant,MCH7822
1360,merchant,MCH7045
1360,user,USR75602
1361,merchant,MCH4493
1361,user,USR19363
1361,user,USR88487
1361,user,USR36335
1362,user,USR19366
1362,merchant,MCH3767
1362,user,USR80098
1363,merchant,MCH3508
1363,user,USR31764
1363,user,USR19386
1364,user,USR51896
1364,user,USR19394
1364,merchant,MCH6077
1364,merchant,MCH1663
1364,user,USR40638
1365,user,USR29882
1365,merchant,MCH6788
1365,user,USR19402
1366,user,USR49575
1366,user,USR52104
1366,merchant,MCH2572
1366,user,USR19404
1367,user,USR19429
1367,user,USR70236
1367,user,USR66643
1367,merchant,MCH4655
1368,user,USR40255
1368,user,USR75563
1368,merchant,MCH1827
1368,user,USR19432
1369,merchant,MCH8424
1369,user,USR25626
1369,user,USR86605
1369,user,USR70485
1369,user,USR45214
1369,user,USR36610
1369,user,USR59542
1369,user,USR92827
1369,user,USR46987
1369,merchant,MCH5596
1369,user,USR30980
1369,user,USR42224
1369,user,USR24502
1369,merchant,MCH4149
1369,user,USR19443
1369,user,USR93862
1370,user,USR19450
1370,user,USR52174
1370,merchant,MCH3712
1370,user,USR88454
1370,merchant,MCH6414
1370,user,USR57484
1370,merchant,MCH1366
1370,user,USR41564
1370,user,USR27216
1370,user,USR84915
1370,user,USR69569
1370,user,USR69382
1370,user,USR84883
1370,merchant,MCH5530
1371,user,USR33288
1371,user,USR61976
1371,user,USR19459
1371,merchant,MCH5485
1372,user,USR82868
1372,user,USR19485
1372,merchant,MCH9086
1372,user,USR70228
1373,user,USR19494
1373,user,USR71665
1373,user,USR51293
1373,merchant,MCH6963
1374,user,USR99887
1374,user,USR53877
1374,user,USR19514
1374,user,USR68150
1374,merchant,MCH1684
1374,user,USR31823
1375,user,USR57451
1375,merchant,MCH1189
1375,user,USR54742
1375,user,USR19516
1375,user,USR90466
1376,user,USR36842
1376,user,USR62719
1376,user,USR64118
1376,user,USR19522
1376,merchant,MCH8611
1377,user,USR79357
1377,user,USR80759
1377,merchant,MCH4454
1377,user,USR19525
1378,user,USR19526
1378,merchant,MCH1836
1378,user,USR73530
1379,user,USR66470
1379,user,USR58662
1379,merchant,MCH7777
1379,merchant,MCH7690
1379,user,USR19528
1379,merchant,MCH9192
1379,user,USR33522
1379,user,USR60881
1379,user,USR94266
1379,user,USR78017
1379,user,USR47465
1380,user,USR19535
1380,user,USR40595
1380,user,USR52415
1380,merchant,MCH8535
1380,user,USR48465
1380,user,USR52111
1380,user,USR25363
1380,user,USR63721
1380,user,USR95026
1380,merchant,MCH7026
1380,merchant,MCH5509
1381,user,USR53090
1381,user,USR85769
1381,user,USR58497
1381,user,USR80757
1381,merchant,MCH2744
1381,user,USR19538
1381,merchant,MCH5737
1381,merchant,MCH2226
1381,user,USR79721
1381,user,USR82844
1382,merchant,MCH4816
1382,user,USR19540
1382,user,USR50582
1382,user,USR90493
1383,user,USR43483
1383,user,USR97591
1383,user,USR19550
1383,merchant,MCH6905
1383,user,USR80944
1383,user,USR74040
1384,merchant,MCH6764
1384,user,USR68191
1384,user,USR19552
1385,user,USR65438
1385,user,USR87144
1385,user,USR22905
1385,merchant,MCH5844
1385,user,USR19556
1386,merchant,MCH5205
1386,user,USR19561
1386,merchant,MCH8557
1386,user,USR91350
1386,merchant,MCH3723
1386,user,USR58660
1386,user,USR26418
1386,user,USR71631
1386,user,USR59189
1386,user,USR81876
1386,user,USR20736
1386,user,USR67350
1386,user,USR19996
1387,merchant,MCH3515
1387,user,USR71081
1387,user,USR71708
1387,user,USR19571
1387,user,USR92402
1388,user,USR19575
1388,user,USR24220
1388,user,USR58241
1388,merchant,MCH1839
1388,user,USR72988
1389,user,USR19579
1389,user,USR49363
1389,user,USR77780
1389,merchant,MCH7519
1389,user,USR20811
1390,merchant,MCH2080
1390,user,USR89888
1390,user,USR19592
1391,user,USR98244
1391,user,USR22633
1391,user,USR19596
1391,merchant,MCH6259
1391,user,USR52570
1392,merchant,MCH9272
1392,user,USR19598
1392,user,USR90758
1392,user,USR73154
1392,user,USR34559
1393,user,USR66687
1393,user,USR31745
1393,merchant,MCH4460
1393,user,USR27389
1393,user,USR57373
1393,user,USR19604
1394,merchant,MCH7060
1394,user,USR19617
1394,user,USR75804
1395,user,USR19622
1395,merchant,MCH8493
1395,user,USR77275
1396,user,USR67997
1396,user,USR89900
1396,user,USR19624
1396,user,USR73871
1396,merchant,MCH9702
1396,user,USR45101
1396,merchant,MCH4003
1396,merchant,MCH3565
1396,merchant,MCH6115
1396,user,USR82723
1396,user,USR57347
1396,user,USR44848
1396,user,USR83288
1397,user,USR98491
1397,user,USR55164
1397,merchant,MCH5453
1397,merchant,MCH4973
1397,merchant,MCH8778
1397,user,USR19626
1397,user,USR67185
1398,merchant,MCH3592
1398,user,USR19633
1399,merchant,MCH2507
1399,user,USR90661
1399,user,USR19653
1400,merchant,MCH8883
1400,user,USR47459
1400,user,USR19658
1400,merchant,MCH7896
1401,user,USR64948
1401,user,USR55439
1401,merchant,MCH7581
1401,user,USR19676
1401,merchant,MCH8805
1401,user,USR30219
1401,user,USR47272
1402,merchant,MCH5989
1402,user,USR28973
1402,user,USR19680
1403,user,USR56268
1403,user,USR52160
1403,merchant,MCH9501
1403,user,USR19687
1403,user,USR80971
1403,merchant,MCH1242
1403,merchant,MCH5229
1403,user,USR42097
1403,user,USR44095
1403,merchant,MCH1668
1403,user,USR64411
1403,user,USR80182
1403,user,USR21382
1404,merchant,MCH5138
1404,user,USR19696
1405,user,USR69891
1405,user,USR54509
1405,merchant,MCH4555
1405,user,USR19721
1405,user,USR28121
1406,user,USR89069
1406,user,USR19724
1406,merchant,MCH3413
1407,merchant,MCH3152
1407,user,USR79355
1407,user,USR19725
1408,user,USR72852
1408,merchant,MCH1306
1408,user,USR19753
1409,user,USR19755
1409,user,USR40486
1409,merchant,MCH3956
1410,user,USR49178
1410,user,USR19758
1410,merchant,MCH4296
1410,user,USR49941
1411,merchant,MCH6776
1411,user,USR19766
1412,user,USR60072
1412,merchant,MCH7136
1412,user,USR19777
1412,user,USR35529
1413,merchant,MCH6122
1413,user,USR79884
1413,user,USR56938
1413,user,USR19813
1413,merchant,MCH4766
1413,user,USR21123
1414,merchant,MCH6340
1414,user,USR25306
1414,merchant,MCH8527
1414,user,USR25987
1414,user,USR49860
1414,user,USR19823
1415,user,USR47980
1415,user,USR19831
1415,merchant,MCH4596
1416,merchant,MCH7785
1416,user,USR21326
1416,merchant,MCH7452
1416,user,USR19843
1416,user,USR20346
1416,user,USR51561
1416,user,USR84450
1416,user,USR55824
1417,user,USR30863
1417,user,USR19853
1417,merchant,MCH7671
1417,user,USR70928
1417,user,USR64753
1418,merchant,MCH1571
1418,user,USR19863
1418,user,USR81380
1419,user,USR19864
1419,merchant,MCH1224
1420,user,USR41360
1420,user,USR36855
1420,user,USR19867
1420,merchant,MCH7866
1420,merchant,MCH5744
1420,user,USR60384
1420,merchant,MCH8429
1420,user,USR59379
1421,user,USR82379
1421,user,USR19875
1421,user,USR74107
1421,merchant,MCH6525
1421,merchant,MCH1937
1421,user,USR79813
1422,user,USR95459
1422,user,USR90432
1422,merchant,MCH8715
1422,user,USR21086
1422,merchant,MCH4531
1422,user,USR19884
1422,user,USR50981
1422,user,USR26071
1423,merchant,MCH7402
1423,user,USR19905
1424,user,USR19941
1424,merchant,MCH9701
1425,merchant,MCH1350
1425,user,USR19953
1425,user,USR56189
1426,user,USR19958
1426,merchant,MCH3385
1426,user,USR52932
1427,user,USR55160
1427,user,USR87517
1427,user,USR97257
1427,user,USR99861
1427,merchant,MCH8211
1427,merchant,MCH3733
1427,merchant,MCH9881
1427,user,USR50563
1427,merchant,MCH1486
1427,merchant,MCH9104
1427,user,USR54287
1427,user,USR63135
1427,user,USR70645
1427,user,USR45855
1427,merchant,MCH7397
1427,user,USR53297
1427,merchant,MCH6928
1427,user,USR21449
1427,user,USR36382
1427,user,USR72447
1427,merchant,MCH8072
1427,user,USR19961
1427,user,USR24213
1428,merchant,MCH9126
1428,merchant,MCH7824
1428,user,USR34683
1428,merchant,MCH4858
1428,user,USR41881
1428,user,USR45342
1428,user,USR95688
1428,user,USR48337
1428,user,USR68036
1428,user,USR56111
1428,merchant,MCH6150
1428,user,USR19973
1428,user,USR92746
1429,user,USR90908
1429,user,USR19974
1429,user,USR85057
1429,merchant,MCH1460
1429,user,USR44093
1430,user,USR19989
1430,merchant,MCH6256
1431,merchant,MCH5527
1431,user,USR54231
1431,user,USR24031
1431,user,USR19991
1431,user,USR87912
1431,merchant,MCH7129
1431,user,USR28857
1432,merchant,MCH7361
1432,user,USR49319
1432,user,USR20007
1432,user,USR25260
1432,merchant,MCH6541
1432,user,USR50445
1433,merchant,MCH8499
1433,user,USR37295
1433,user,USR63406
1433,user,USR20008
1433,user,USR60672
1433,merchant,MCH5155
1433,user,USR28551
1433,user,USR56551
1433,merchant,MCH4883
1433,user,USR67142
1433,user,USR26003
1433,user,USR97653
1433,user,USR57618
1434,user,USR73877
1434,user,USR46726
1434,merchant,MCH9740
1434,user,USR20027
1435,user,USR32563
1435,merchant,MCH2573
1435,user,USR61716
1435,user,USR39662
1435,user,USR54656
1435,user,USR46889
1435,user,USR20031
1436,user,USR92067
1436,merchant,MCH4607
1436,user,USR20032
1437,user,USR76127
1437,user,USR58492
1437,user,USR95380
1437,user,USR26005
1437,user,USR20036
1437,user,USR90729
1437,user,USR37164
1437,merchant,MCH5129
1437,merchant,MCH7124
1438,user,USR65985
1438,merchant,MCH7673
1438,user,USR20038
1439,user,USR75761
1439,user,USR78749
1439,user,USR26974
1439,user,USR69833
1439,user,USR88549
1439,user,USR21416
1439,user,USR27788
1439,merchant,MCH5164
1439,merchant,MCH5280
1439,user,USR20065
1439,user,USR59385
1439,merchant,MCH1998
1439,user,USR21845
1439,user,USR47785
1440,user,USR20069
1440,user,USR84411
1440,merchant,MCH6680
1441,user,USR20071
1441,user,USR70654
1441,merchant,MCH6669
1441,merchant,MCH1526
1442,user,USR54880
1442,merchant,MCH1895
1442,user,USR20082
1442,user,USR75494
1442,merchant,MCH9266
1442,user,USR76675
1442,user,USR41715
1443,user,USR46165
1443,user,USR20089
1443,user,USR24024
1443,user,USR59541
1443,merchant,MCH1329
1443,user,USR66478
1444,user,USR71634
1444,user,USR20098
1444,merchant,MCH1501
1444,user,USR27664
1444,user,USR93128
1445,user,USR20118
1445,merchant,MCH9398
1446,merchant,MCH7532
1446,user,USR20139
1447,user,USR63370
1447,user,USR23695
1447,merchant,MCH1657
1447,user,USR62284
1447,user,USR27842
1447,merchant,MCH7950
1447,user,USR41933
1447,user,USR61463
1447,user,USR20144
1447,merchant,MCH9175
1447,user,USR99610
1448,user,USR30218
1448,merchant,MCH8428
1448,merchant,MCH3820
1448,user,USR60367
1448,user,USR36078
1448,user,USR91248
1448,user,USR20149
1448,user,USR90703
1448,user,USR22014
1448,merchant,MCH1590
1448,user,USR59327
1448,user,USR99368
1448,user,USR32048
1448,user,USR85650
1448,merchant,MCH9493
1448,user,USR80975
1448,merchant,MCH6234
1448,user,USR97477
1449,merchant,MCH7686
1449,user,USR20150
1450,merchant,MCH4809
1450,user,USR26668
1450,user,USR20157
1451,user,USR90383
1451,user,USR85964
1451,user,USR20162
1451,merchant,MCH4221
1451,user,USR21338
1452,user,USR34458
1452,user,USR20178
1452,merchant,MCH5395
1453,merchant,MCH3085
1453,user,USR20189
1453,user,USR60390
1454,user,USR20190
1454,merchant,MCH6523
1454,user,USR41373
1455,user,USR20197
1455,merchant,MCH8920
1455,user,USR55022
1455,user,USR97051
1456,merchant,MCH2819
1456,user,USR20255
1457,user,USR32257
1457,user,USR20275
1457,merchant,MCH1982
1457,user,USR26584
1458,merchant,MCH5823
1458,user,USR20283
1459,user,USR98124
1459,merchant,MCH4158
1459,user,USR90632
1459,user,USR74512
1459,user,USR20293
1460,user,USR20303
1460,user,USR36187
1460,merchant,MCH9836
1460,user,USR49275
1460,user,USR63071
1460,merchant,MCH4211
1461,user,USR30756
1461,merchant,MCH3924
1461,user,USR20311
1462,merchant,MCH5368
1462,user,USR20312
1463,user,USR20313
1463,user,USR97872
1463,user,USR42269
1463,merchant,MCH9959
1464,merchant,MCH2848
1464,user,USR20322
1464,user,USR55844
1464,user,USR53957
1465,user,USR20339
1465,merchant,MCH6422
1465,user,USR72694
1466,merchant,MCH1137
1466,user,USR20341
1466,user,USR27295
1466,user,USR58822
1466,user,USR53061
1466,user,USR35749
1467,user,USR28329
1467,user,USR20345
1467,merchant,MCH3920
1468,user,USR27106
1468,merchant,MCH3281
1468,user,USR47930
1468,user,USR20360
1468,user,USR58610
1469,user,USR94971
1469,merchant,MCH5200
1469,user,USR82594
1469,user,USR21005
1469,user,USR20363
1470,user,USR39206
1470,user,USR20372
1470,merchant,MCH7979
1471,user,USR20374
1471,user,USR98974
1471,user,USR22120
1471,user,USR83172
1471,user,USR39125
1471,merchant,MCH9694
1471,user,USR41151
1472,user,USR43854
1472,merchant,MCH8963
1472,user,USR20375
1473,merchant,MCH8563
1473,user,USR20388
1473,user,USR78422
1474,user,USR20390
1474,user,USR31585
1474,merchant,MCH9306
1475,user,USR72283
1475,merchant,MCH2191
1475,user,USR20407
1476,user,USR74958
1476,merchant,MCH6004
1476,user,USR32332
1476,user,USR20408
1477,merchant,MCH4699
1477,user,USR20413
1478,user,USR20414
1478,merchant,MCH9056
1478,user,USR50701
1479,user,USR20415
1479,user,USR26260
1479,merchant,MCH2132
1479,user,USR98035
1479,user,USR33740
1479,user,USR56205
1479,user,USR26114
1480,user,USR20427
1480,merchant,MCH2905
1480,user,USR95302
1481,merchant,MCH3500
1481,user,USR91064
1481,user,USR20434
1482,user,USR20441
1482,user,USR25842
1482,user,USR53752
1482,user,USR57016
1482,user,USR41942
1482,merchant,MCH6594
1482,user,USR92946
1482,user,USR84861
1482,user,USR35179
1482,merchant,MCH2439
1482,merchant,MCH8577
1482,user,USR40975
1482,user,USR80596
1482,user,USR66411
1483,user,USR79200
1483,user,USR33435
1483,merchant,MCH2399
1483,user,USR20447
1484,merchant,MCH6231
1484,user,USR20462
1485,user,USR21858
1485,user,USR20464
1485,user,USR92477
1485,merchant,MCH6904
1486,user,USR20476
1486,user,USR73774
1486,merchant,MCH7849
1487,merchant,MCH7797
1487,user,USR20487
1487,user,USR90844
1487,user,USR90954
1488,merchant,MCH6953
1488,user,USR20493
1488,user,USR25753
1488,merchant,MCH2100
1488,user,USR75780
1488,user,USR20984
1488,user,USR36402
1489,user,USR98420
1489,merchant,MCH7025
1489,user,USR20505
1490,user,USR71558
1490,merchant,MCH7460
1490,user,USR20509
1490,user,USR30855
1491,merchant,MCH4881
1491,user,USR39828
1491,user,USR20518
1492,merchant,MCH4403
1492,user,USR20531
1493,user,USR54429
1493,user,USR21689
1493,merchant,MCH9473
1493,merchant,MCH4546
1493,user,USR29902
1493,user,USR35512
1493,merchant,MCH9205
1493,user,USR20536
1493,user,USR81669
1493,user,USR58993
1494,user,USR20551
1494,user,USR94430
1494,user,USR46329
1494,user,USR24925
1494,user,USR68004
1494,user,USR70690
1494,user,USR28151
1494,merchant,MCH5701
1494,merchant,MCH6793
1495,user,USR38837
1495,user,USR56728
1495,user,USR73655
1495,user,USR20553
1495,merchant,MCH7082
1495,user,USR40371
1495,user,USR85084
1495,merchant,MCH4402
1495,user,USR77763
1495,user,USR39648
1495,user,USR65003
1495,merchant,MCH8119
1495,user,USR91974
1495,user,USR32457
1495,merchant,MCH2492
1495,user,USR34112
1495,user,USR67922
1495,merchant,MCH1093
1495,user,USR46858
1496,merchant,MCH7470
1496,user,USR20558
1496,user,USR21082
1497,user,USR77667
1497,user,USR53437
1497,user,USR20567
1497,user,USR74803
1497,user,USR59151
1497,merchant,MCH7482
1497,merchant,MCH9420
1497,user,USR30941
1498,merchant,MCH7019
1498,user,USR20599
1499,user,USR62342
1499,merchant,MCH4034
1499,user,USR84461
1499,merchant,MCH5620
1499,user,USR31271
1499,user,USR20613
1499,user,USR72983
1500,user,USR31543
1500,user,USR66615
1500,user,USR75327
1500,user,USR25767
1500,user,USR83142
1500,merchant,MCH5575
1500,merchant,MCH6425
1500,user,USR20625
1500,user,USR71542
1501,user,USR30576
1501,user,USR20644
1501,user,USR71762
1501,merchant,MCH4026
1502,user,USR20646
1502,user,USR38402
1502,user,USR94069
1502,user,USR74775
1502,merchant,MCH9759
1502,user,USR93389
1502,user,USR68334
1502,user,USR34242
1502,merchant,MCH9532
1502,merchant,MCH6736
1502,user,USR82277
1502,user,USR78920
1502,user,USR98819
1502,user,USR89726
1502,user,USR65280
1502,user,USR35533
1502,user,USR50092
1502,merchant,MCH1879
1502,merchant,MCH7644
1503,merchant,MCH3732
1503,user,USR42844
1503,user,USR20652
1504,user,USR55720
1504,merchant,MCH3630
1504,user,USR20656
1505,user,USR35727
1505,merchant,MCH1233
1505,user,USR99679
1505,user,USR94509
1505,merchant,MCH9245
1505,user,USR20657
1505,user,USR50072
1505,user,USR23973
1505,user,USR78504
1506,user,USR52165
1506,user,USR78566
1506,user,USR94689
1506,user,USR20726
1506,merchant,MCH8708
1507,merchant,MCH5541
1507,user,USR20737
1507,user,USR63145
1507,user,USR38547
1507,user,USR77751
1507,user,USR86205
1508,user,USR20747
1508,merchant,MCH3666
1509,user,USR20752
1509,merchant,MCH2919
1509,merchant,MCH7756
1509,user,USR64431
1509,user,USR82096
1510,merchant,MCH7605
1510,user,USR20759
1511,user,USR69245
1511,user,USR72858
1511,user,USR20774
1511,merchant,MCH7052
1512,user,USR48561
1512,merchant,MCH7113
1512,merchant,MCH4684
1512,user,USR20782
1512,user,USR97781
1512,user,USR57424
1513,user,USR81375
1513,user,USR72245
1513,user,USR20795
1513,merchant,MCH5787
1513,user,USR79931
1514,user,USR76056
1514,user,USR20830
1514,merchant,MCH1754
1515,user,USR57237
1515,merchant,MCH1307
1515,user,USR25442
1515,user,USR30829
1515,user,USR55140
1515,merchant,MCH3576
1515,user,USR39154
1515,user,USR20831
1516,user,USR58499
1516,user,USR34917
1516,user,USR20855
1516,merchant,MCH9063
1517,user,USR20858
1517,user,USR79190
1517,merchant,MCH1970
1518,merchant,MCH2688
1518,user,USR20863
1518,user,USR52558
1519,merchant,MCH2435
1519,user,USR20874
1519,user,USR87559
1519,user,USR34704
1519,merchant,MCH4932
1519,user,USR36965
1519,user,USR29567
1520,user,USR65824
1520,user,USR65905
1520,user,USR94592
1520,user,USR20876
1520,merchant,MCH8850
1520,user,USR42819
1520,user,USR48099
1520,user,USR56106
1520,user,USR21562
1520,user,USR74861
1520,merchant,MCH7536
1520,merchant,MCH4228
1521,user,USR56647
1521,merchant,MCH1548
1521,user,USR20883
1521,user,USR59264
1522,user,USR77359
1522,user,USR67583
1522,merchant,MCH9282
1522,user,USR20888
1522,merchant,MCH5753
1522,user,USR23224
1522,user,USR37512
1522,user,USR29920
1522,user,USR86525
1523,user,USR20895
1523,user,USR34759
1523,user,USR83013
1523,merchant,MCH9668
1524,user,USR20898
1524,user,USR33228
1524,merchant,MCH5448
1524,user,USR61435
1524,user,USR22913
1524,user,USR99772
1524,user,USR99797
1524,user,USR66197
1524,user,USR57542
1524,user,USR52508
1524,merchant,MCH5883
1524,merchant,MCH8298
1525,merchant,MCH7180
1525,user,USR36186
1525,user,USR20908
1526,user,USR44944
1526,merchant,MCH8717
1526,user,USR20914
1527,merchant,MCH8585
1527,user,USR20919
1527,merchant,MCH7050
1527,user,USR66555
1528,merchant,MCH4679
1528,user,USR20928
1529,user,USR20929
1529,user,USR36011
1529,user,USR28705
1529,merchant,MCH8365
1529,user,USR26338
1530,merchant,MCH4523
1530,user,USR50897
1530,user,USR20950
1530,user,USR27169
1530,user,USR70687
1530,merchant,MCH7305
1530,user,USR68467
1530,user,USR23122
1530,user,USR59260
1530,merchant,MCH7254
1530,user,USR46521
1530,merchant,MCH7293
1530,user,USR76412
1530,user,USR80729
1530,user,USR90380
1530,merchant,MCH7806
1530,user,USR92078
1530,user,USR34296
1531,merchant,MCH2107
1531,user,USR20962
1531,user,USR47256
1531,user,USR41678
1532,user,USR52296
1532,user,USR32821
1532,user,USR22185
1532,merchant,MCH5889
1532,user,USR20968
1532,user,USR94849
1532,merchant,MCH4899
1532,user,USR37470
1532,user,USR33368
1532,merchant,MCH8854
1532,user,USR81082
1532,user,USR65703
1532,merchant,MCH5480
1533,merchant,MCH3369
1533,user,USR70262
1533,user,USR21696
1533,user,USR89723
1533,user,USR26357
1533,user,USR20969
1533,user,USR92558
1533,merchant,MCH7789
1534,user,USR61662
1534,user,USR20971
1534,merchant,MCH9033
1535,user,USR57362
1535,user,USR95360
1535,user,USR20990
1535,merchant,MCH8165
1536,user,USR20992
1536,merchant,MCH4605
1537,user,USR54850
1537,user,USR21011
1537,merchant,MCH3599
1538,user,USR32776
1538,merchant,MCH7424
1538,user,USR63862
1538,user,USR21017
1539,user,USR21024
1539,user,USR37820
1539,user,USR94651
1539,merchant,MCH8023
1539,merchant,MCH2269
1539,user,USR65884
1539,user,USR95420
1539,user,USR72896
1540,user,USR21052
1540,merchant,MCH3797
1541,merchant,MCH7910
1541,merchant,MCH4356
1541,user,USR35301
1541,user,USR21170
1541,user,USR97141
1541,user,USR21056
1542,merchant,MCH7925
1542,user,USR53066
1542,user,USR21062
1543,user,USR98606
1543,user,USR99892
1543,merchant,MCH9609
1543,user,USR75039
1543,user,USR21067
1543,user,USR28458
1544,user,USR21080
1544,user,USR22509
1544,merchant,MCH7448
1545,user,USR86576
1545,user,USR21089
1545,user,USR27500
1545,merchant,MCH9897
1545,user,USR81149
1546,merchant,MCH2717
1546,user,USR21093
1546,user,USR57869
1546,merchant,MCH3338
1546,user,USR57404
1546,user,USR60888
1547,merchant,MCH3655
1547,user,USR58268
1547,user,USR21094
1548,user,USR21108
1548,merchant,MCH3378
1548,user,USR97962
1549,user,USR21114
1549,merchant,MCH9819
1550,user,USR42121
1550,merchant,MCH1554
1550,user,USR21118
1551,user,USR86262
1551,user,USR45922
1551,user,USR96381
1551,merchant,MCH5031
1551,merchant,MCH7221
1551,user,USR23889
1551,user,USR21753
1551,user,USR21139
1551,user,USR23141
1551,user,USR79397
1552,user,USR54874
1552,user,USR21140
1552,user,USR40778
1552,user,USR68079
1552,merchant,MCH1078
1553,user,USR21142
1553,merchant,MCH5165
1553,user,USR93245
1554,user,USR26020
1554,merchant,MCH3494
1554,user,USR26707
1554,user,USR43679
1554,user,USR21151
1554,user,USR51111
1555,merchant,MCH8855
1555,user,USR72895
1555,user,USR21157
1555,user,USR25331
1555,user,USR62282
1555,merchant,MCH3644
1555,user,USR53656
1555,merchant,MCH6596
1555,user,USR43590
1555,user,USR65096
1555,user,USR52903
1555,user,USR74652
1555,merchant,MCH6719
1555,user,USR57077
1556,user,USR45666
1556,user,USR21164
1556,user,USR72659
1556,merchant,MCH8967
1556,user,USR68711
1556,user,USR28574
1557,merchant,MCH8314
1557,user,USR80193
1557,user,USR21165
1558,user,USR97519
1558,merchant,MCH2304
1558,user,USR21223
1559,user,USR91842
1559,user,USR63898
1559,user,USR40317
1559,merchant,MCH1833
1559,merchant,MCH7960
1559,user,USR21293
1559,user,USR52281
1560,merchant,MCH8501
1560,user,USR75129
1560,user,USR74334
1560,user,USR21294
1561,merchant,MCH5884
1561,user,USR21319
1561,user,USR94610
1561,user,USR71339
1561,user,USR24960
1561,user,USR42798
1562,merchant,MCH3077
1562,user,USR74523
1562,user,USR21321
1562,user,USR86564
1562,user,USR33567
1563,user,USR64278
1563,merchant,MCH2909
1563,user,USR77803
1563,user,USR97955
1563,user,USR21330
1564,user,USR34382
1564,user,USR21331
1564,user,USR46465
1564,merchant,MCH3243
1565,merchant,MCH2690
1565,user,USR48944
1565,user,USR72742
1565,user,USR81131
1565,user,USR21334
1565,merchant,MCH7374
1565,user,USR34387
1565,user,USR25862
1565,user,USR92596
1565,merchant,MCH5367
1566,user,USR89024
1566,merchant,MCH5045
1566,merchant,MCH5610
1566,user,USR21359
1566,user,USR51423
1566,user,USR61069
1566,user,USR22324
1566,user,USR37647
1567,user,USR21372
1567,merchant,MCH8839
1568,user,USR21380
1568,merchant,MCH6900
1568,user,USR53892
1568,user,USR58371
1569,user,USR37196
1569,user,USR51216
1569,merchant,MCH5714
1569,user,USR98436
1569,user,USR21387
1569,user,USR85606
1569,merchant,MCH4197
1569,user,USR45182
1569,merchant,MCH2407
1569,user,USR33819
1569,user,USR49477
1569,user,USR66747
1569,merchant,MCH3304
1570,user,USR21400
1570,user,USR72244
1570,merchant,MCH8616
1571,user,USR49850
1571,merchant,MCH7387
1571,merchant,MCH7981
1571,user,USR21404
1572,user,USR21417
1572,merchant,MCH2379
1573,user,USR92304
1573,user,USR32406
1573,merchant,MCH5632
1573,user,USR74819
1573,user,USR62590
1573,user,USR22258
1573,merchant,MCH8595
1573,user,USR21420
1573,user,USR81442
1573,merchant,MCH4139
1574,user,USR70018
1574,user,USR39348
1574,user,USR73500
1574,merchant,MCH6404
1574,merchant,MCH7128
1574,user,USR21421
1574,user,USR35957
1574,merchant,MCH3004
1574,user,USR87717
1575,user,USR21435
1575,user,USR48510
1575,merchant,MCH8541
1575,user,USR39990
1575,user,USR89920
1576,merchant,MCH7751
1576,user,USR76385
1576,user,USR75085
1576,user,USR21439
1576,user,USR88484
1577,user,USR90045
1577,merchant,MCH3408
1577,user,USR21471
1578,user,USR71192
1578,user,USR21473
1578,user,USR22700
1578,merchant,MCH2257
1579,user,USR50372
1579,merchant,MCH9700
1579,user,USR22995
1579,user,USR21505
1579,user,USR65523
1580,user,USR21526
1580,user,USR92728
1580,user,USR44574
1580,merchant,MCH6238
1581,user,USR67833
1581,user,USR21527
1581,merchant,MCH9464
1582,merchant,MCH9725
1582,user,USR28017
1582,user,USR21550
1583,user,USR21555
1583,merchant,MCH1922
1584,user,USR54205
1584,user,USR21564
1584,merchant,MCH8658
1585,merchant,MCH7787
1585,user,USR21565
1585,user,USR30924
1585,user,USR96162
1585,user,USR63053
1586,user,USR49065
1586,user,USR77258
1586,user,USR21566
1586,user,USR51746
1586,merchant,MCH3959
1586,user,USR44834
1586,merchant,MCH5972
1587,user,USR93269
1587,user,USR31531
1587,user,USR29908
1587,user,USR63167
1587,merchant,MCH9457
1587,user,USR21588
1588,merchant,MCH3553
1588,user,USR21594
1588,user,USR86665
1588,user,USR46948
1589,user,USR21602
1589,merchant,MCH4741
1589,user,USR46654
1590,user,USR90008
1590,merchant,MCH7499
1590,merchant,MCH3528
1590,user,USR51005
1590,user,USR88206
1590,user,USR21609
1591,user,USR21641
1591,merchant,MCH4726
1591,user,USR81615
1592,merchant,MCH8215
1592,user,USR21660
1592,user,USR25994
1593,user,USR79605
1593,user,USR21667
1593,user,USR90809
1593,merchant,MCH2739
1594,user,USR21668
1594,user,USR44646
1594,user,USR36471
1594,user,USR56668
1594,merchant,MCH7975
1594,merchant,MCH1650
1595,user,USR98487
1595,user,USR44189
1595,merchant,MCH9627
1595,user,USR28829
1595,user,USR21679
1596,user,USR92076
1596,user,USR77356
1596,user,USR82873
1596,merchant,MCH8789
1596,user,USR21699
1597,user,USR21714
1597,merchant,MCH2319
1598,user,USR27161
1598,merchant,MCH1950
1598,user,USR21725
1599,merchant,MCH4632
1599,user,USR21740
1600,user,USR39874
1600,user,USR31750
1600,user,USR21749
1600,merchant,MCH6157
1600,user,USR59560
1601,user,USR21751
1601,merchant,MCH4775
1601,user,USR36361
1601,user,USR78468
1601,user,USR92434
1601,merchant,MCH6360
1601,user,USR49951
1602,user,USR30667
1602,merchant,MCH1360
1602,merchant,MCH3841
1602,user,USR98425
1602,user,USR21761
1602,user,USR71436
1603,merchant,MCH4469
1603,user,USR21770
1603,user,USR59055
1603,user,USR45477
1604,user,USR21773
1604,merchant,MCH6272
1604,user,USR38563
1604,user,USR23248
1605,user,USR64306
1605,merchant,MCH5095
1605,user,USR21793
1606,merchant,MCH3633
1606,user,USR21794
1606,user,USR42633
1607,user,USR21799
1607,user,USR54996
1607,user,USR37713
1607,user,USR97508
1607,user,USR82124
1607,user,USR33246
1607,merchant,MCH5718
1607,merchant,MCH6156
1608,merchant,MCH2710
1608,user,USR96063
1608,merchant,MCH3967
1608,user,USR98208
1608,user,USR43792
1608,merchant,MCH4905
1608,user,USR35633
1608,user,USR60017
1608,user,USR74424
1608,merchant,MCH2764
1608,user,USR21804
1609,user,USR89026
1609,user,USR80694
1609,user,USR21808
1609,merchant,MCH7072
1609,user,USR78256
1609,user,USR45909
1609,user,USR97579
1609,merchant,MCH8324
1610,merchant,MCH2544
1610,user,USR92732
1610,user,USR21813
1611,merchant,MCH6615
1611,user,USR88765
1611,user,USR23254
1611,user,USR21819
1611,user,USR99216
1611,merchant,MCH6722
1612,user,USR90333
1612,user,USR21832
1612,user,USR93369
1612,user,USR73051
1612,merchant,MCH3020
1612,user,USR56698
1613,user,USR98055
1613,user,USR29865
1613,user,USR76537
1613,user,USR21855
1613,user,USR69389
1613,merchant,MCH4496
1613,user,USR96236
1613,merchant,MCH6597
1613,merchant,MCH1478
1613,user,USR22077
1613,user,USR53749
1613,user,USR36770
1613,user,USR21834
1613,user,USR55012
1613,user,USR74677
1613,merchant,MCH9901
1614,merchant,MCH4634
1614,user,USR21839
1615,user,USR21843
1615,merchant,MCH5007
1615,user,USR52000
1616,user,USR49006
1616,user,USR21865
1616,merchant,MCH5686
1617,user,USR85429
1617,user,USR86833
1617,user,USR21881
1617,user,USR85311
1617,merchant,MCH9971
1618,merchant,MCH6790
1618,user,USR44175
1618,user,USR21890
1618,user,USR36799
1619,merchant,MCH7166
1619,user,USR99094
1619,user,USR21900
1620,user,USR21905
1620,merchant,MCH8670
1621,user,USR31996
1621,user,USR21909
1621,merchant,MCH1913
1622,user,USR33667
1622,user,USR21910
1622,merchant,MCH9520
1622,user,USR51470
1622,merchant,MCH6746
1623,merchant,MCH5194
1623,user,USR74952
1623,user,USR41990
1623,user,USR21941
1624,user,USR94066
1624,merchant,MCH7467
1624,user,USR21945
1625,merchant,MCH2124
1625,user,USR21950
1626,user,USR50917
1626,merchant,MCH2918
1626,user,USR21974
1627,user,USR21980
1627,user,USR72502
1627,merchant,MCH9607
1627,user,USR41749
1627,user,USR91729
1628,user,USR21982
1628,merchant,MCH9067
1629,merchant,MCH5629
1629,user,USR21993
1630,user,USR41028
1630,merchant,MCH7109
1630,user,USR64664
1630,user,USR22006
1631,user,USR84076
1631,user,USR22008
1631,merchant,MCH4868
1632,merchant,MCH8253
1632,user,USR35871
1632,user,USR22011
1633,user,USR35249
1633,merchant,MCH8244
1633,user,USR79637
1633,user,USR22018
1634,merchant,MCH5684
1634,user,USR90179
1634,user,USR22024
1635,user,USR22039
1635,merchant,MCH2374
1635,user,USR88374
1636,user,USR80668
1636,merchant,MCH1644
1636,user,USR84509
1636,user,USR33634
1636,user,USR22045
1636,user,USR77086
1636,user,USR22290
1636,user,USR32940
1637,user,USR95878
1637,user,USR50781
1637,user,USR22061
1637,merchant,MCH4452
1637,user,USR53818
1638,merchant,MCH3167
1638,user,USR22065
1638,user,USR84781
1639,user,USR96142
1639,user,USR22838
1639,user,USR22074
1639,merchant,MCH6782
1640,user,USR76411
1640,merchant,MCH2648
1640,user,USR40829
1640,user,USR39232
1640,user,USR38707
1640,user,USR93620
1640,user,USR26883
1640,merchant,MCH2355
1640,merchant,MCH2173
1640,user,USR96945
1640,user,USR33576
1640,user,USR94972
1640,user,USR32360
1640,merchant,MCH1389
1640,user,USR82550
1640,merchant,MCH4665
1640,merchant,MCH8036
1640,merchant,MCH5647
1640,user,USR35713
1640,user,USR78786
1640,user,USR71222
1640,user,USR56369
1640,user,USR46169
1640,merchant,MCH9134
1640,user,USR22078
1641,user,USR93903
1641,user,USR43256
1641,user,USR22088
1641,user,USR30443
1641,user,USR84537
1641,merchant,MCH4202
1642,merchant,MCH9425
1642,merchant,MCH6446
1642,user,USR34033
1642,user,USR22093
1642,user,USR85927
1642,user,USR45756
1642,user,USR99410
1642,user,USR91293
1642,merchant,MCH9327
1642,user,USR80822
1642,merchant,MCH1713
1642,user,USR23449
1642,user,USR26960
1642,user,USR27282
1642,merchant,MCH5773
1642,user,USR68362
1642,merchant,MCH9985
1643,user,USR66859
1643,user,USR53813
1643,merchant,MCH5272
1643,user,USR22097
1643,user,USR30973
1644,user,USR22112
1644,merchant,MCH7709
1645,merchant,MCH7915
1645,user,USR22130
1646,user,USR92860
1646,merchant,MCH3952
1646,user,USR22137
1647,user,USR37265
1647,user,USR75848
1647,merchant,MCH4114
1647,user,USR22144
1647,merchant,MCH8730
1647,user,USR22620
1648,user,USR35348
1648,user,USR22147
1648,merchant,MCH9237
1648,user,USR68040
1649,merchant,MCH9022
1649,user,USR22154
1649,user,USR83934
1650,user,USR75900
1650,user,USR34954
1650,user,USR22156
1650,user,USR38631
1650,merchant,MCH1058
1650,user,USR46732
1650,merchant,MCH8153
1651,user,USR22169
1651,user,USR78706
1651,merchant,MCH4664
1652,user,USR22856
1652,user,USR29677
1652,merchant,MCH3706
1652,user,USR78516
1652,user,USR59140
1652,user,USR63555
1652,merchant,MCH4860
1652,user,USR50853
1652,user,USR27289
1652,merchant,MCH2381
1652,user,USR22170
1653,merchant,MCH3653
1653,user,USR44854
1653,user,USR75807
1653,user,USR22181
1654,user,USR37044
1654,user,USR22478
1654,user,USR22182
1654,merchant,MCH2735
1655,user,USR91965
1655,merchant,MCH4052
1655,user,USR22190
1656,user,USR22199
1656,merchant,MCH5678
1657,user,USR22214
1657,user,USR48906
1657,merchant,MCH1315
1658,user,USR53741
1658,user,USR88119
1658,user,USR56011
1658,user,USR70477
1658,user,USR60330
1658,user,USR22218
1658,user,USR56784
1658,user,USR30836
1658,merchant,MCH1540
1658,merchant,MCH2668
1658,user,USR43558
1658,merchant,MCH9577
1658,user,USR30341
1659,user,USR88278
1659,merchant,MCH5437
1659,user,USR59220
1659,user,USR59604
1659,user,USR22226
1659,user,USR94055
1660,merchant,MCH8168
1660,user,USR30953
1660,user,USR36627
1660,user,USR22243
1661,user,USR77387
1661,user,USR43046
1661,user,USR57405
1661,user,USR46505
1661,user,USR48543
1661,user,USR88421
1661,merchant,MCH5023
1661,user,USR31706
1661,user,USR75012
1661,user,USR29234
1661,merchant,MCH3534
1661,merchant,MCH6298
1661,user,USR22245
1661,user,USR71502
1661,merchant,MCH3136
1661,user,USR98806
1661,merchant,MCH8047
1662,user,USR22254
1662,user,USR82911
1662,merchant,MCH3086
1663,user,USR22264
1663,user,USR85375
1663,merchant,MCH3446
1664,user,USR22265
1664,merchant,MCH1559
1665,user,USR67603
1665,user,USR87070
1665,merchant,MCH9991
1665,user,USR33306
1665,user,USR65310
1665,user,USR22269
1665,user,USR52378
1666,user,USR85966
1666,merchant,MCH8375
1666,user,USR28098
1666,user,USR62948
1666,user,USR59157
1666,merchant,MCH7067
1666,user,USR22274
1666,user,USR83469
1667,merchant,MCH6671
1667,user,USR23607
1667,user,USR22281
1668,merchant,MCH4742
1668,user,USR44894
1668,user,USR47727
1668,user,USR22292
1669,merchant,MCH9358
1669,user,USR60570
1669,user,USR71756
1669,user,USR22296
1669,user,USR33717
1670,merchant,MCH7550
1670,user,USR22302
1671,user,USR32502
1671,user,USR22306
1671,merchant,MCH5566
1672,merchant,MCH1971
1672,user,USR35221
1672,user,USR22312
1672,user,USR29572
1672,user,USR92919
1672,user,USR33979
1672,user,USR96506
1672,user,USR31840
1673,merchant,MCH1462
1673,user,USR22321
1674,merchant,MCH9502
1674,user,USR22326
1675,merchant,MCH8394
1675,user,USR83065
1675,user,USR32220
1675,user,USR22332
1676,user,USR22348
1676,merchant,MCH6678
1676,user,USR34262
1676,user,USR22336
1676,user,USR71235
1677,user,USR22341
1677,merchant,MCH4484
1677,user,USR62618
1678,merchant,MCH8984
1678,user,USR87477
1678,user,USR22345
1679,merchant,MCH8235
1679,user,USR22346
1679,user,USR43514
1679,user,USR73123
1679,user,USR82555
1680,merchant,MCH3040
1680,user,USR22347
1681,user,USR24375
1681,user,USR22362
1681,merchant,MCH6225
1681,user,USR92775
1682,user,USR62633
1682,user,USR22368
1682,merchant,MCH7415
1682,user,USR89777
1683,user,USR78788
1683,merchant,MCH3582
1683,user,USR22381
1683,user,USR59955
1684,merchant,MCH9409
1684,user,USR51353
1684,user,USR22388
1685,user,USR22395
1685,user,USR84738
1685,user,USR26323
1685,merchant,MCH4168
1685,user,USR77138
1685,user,USR46865
1685,merchant,MCH3018
1685,merchant,MCH5927
1686,user,USR22396
1686,merchant,MCH4417
1687,user,USR30896
1687,merchant,MCH1857
1687,user,USR22397
1688,user,USR35927
1688,merchant,MCH4012
1688,user,USR22414
1689,user,USR22419
1689,user,USR53300
1689,user,USR33431
1689,user,USR62127
1689,user,USR82816
1689,merchant,MCH7456
1689,user,USR78839
1689,user,USR43676
1689,merchant,MCH6757
1689,user,USR66319
1689,user,USR97360
1689,user,USR69401
1689,merchant,MCH4970
1690,user,USR22431
1690,user,USR50087
1690,user,USR43031
1690,user,USR85443
1690,user,USR93690
1690,merchant,MCH5403
1690,merchant,MCH7199
1690,user,USR84494
1690,user,USR53743
1690,merchant,MCH8857
1690,user,USR98939
1690,user,USR89366
1690,user,USR63205
1690,user,USR63017
1691,merchant,MCH9595
1691,user,USR22445
1691,merchant,MCH4953
1691,user,USR99381
1691,user,USR45695
1691,user,USR74182
1691,user,USR47914
1691,user,USR87207
1691,user,USR26129
1691,user,USR84694
1691,user,USR80812
1691,user,USR35423
1691,merchant,MCH8994
1691,user,USR86095
1692,merchant,MCH1305
1692,user,USR22462
1693,user,USR22480
1693,merchant,MCH5775
1693,user,USR64388
1693,user,USR96086
1694,user,USR22506
1694,merchant,MCH4551
1694,user,USR84957
1694,user,USR93458
1695,user,USR98228
1695,merchant,MCH1710
1695,user,USR22510
1695,user,USR26327
1695,user,USR61304
1696,merchant,MCH3557
1696,user,USR22518
1696,user,USR98894
1696,user,USR86674
1696,user,USR57092
1696,user,USR61167
1697,user,USR99084
1697,user,USR53260
1697,user,USR22527
1697,user,USR69376
1697,merchant,MCH4730
1698,user,USR22528
1698,merchant,MCH2765
1698,user,USR42921
1698,user,USR57000
1699,user,USR66523
1699,user,USR96809
1699,user,USR22535
1699,merchant,MCH7048
1699,user,USR31087
1699,merchant,MCH4647
1700,user,USR22537
1700,merchant,MCH6754
1701,merchant,MCH3116
1701,user,USR22543
1702,user,USR55717
1702,user,USR43702
1702,merchant,MCH2167
1702,user,USR22561
1703,merchant,MCH3050
1703,user,USR90593
1703,user,USR22564
1704,user,USR42204
1704,merchant,MCH2049
1704,user,USR43838
1704,user,USR22572
1704,user,USR51114
1705,user,USR30966
1705,user,USR90167
1705,user,USR22576
1705,merchant,MCH6137
1705,user,USR27038
1706,merchant,MCH9329
1706,user,USR88950
1706,user,USR22580
1707,user,USR22595
1707,user,USR56254
1707,user,USR81331
1707,merchant,MCH6625
1708,user,USR81395
1708,user,USR55005
1708,user,USR38299
1708,user,USR77977
1708,merchant,MCH4216
1708,user,USR22599
1709,merchant,MCH4161
1709,user,USR98514
1709,merchant,MCH8260
1709,user,USR22606
1709,user,USR42284
1709,user,USR78087
1709,user,USR68188
1709,user,USR94153
1710,user,USR22616
1710,merchant,MCH5945
1711,user,USR91928
1711,user,USR22628
1711,user,USR68920
1711,merchant,MCH4977
1712,user,USR59971
1712,user,USR57396
1712,user,USR22630
1712,user,USR51208
1712,merchant,MCH6419
1712,merchant,MCH6374
1713,user,USR69095
1713,user,USR22635
1713,merchant,MCH6107
1713,user,USR53458
1713,user,USR30174
1714,user,USR22657
1714,merchant,MCH2606
1714,user,USR48275
1714,user,USR99694
1714,user,USR58404
1714,user,USR77993
1714,merchant,MCH8032
1714,user,USR87112
1714,merchant,MCH7447
1715,merchant,MCH3444
1715,user,USR73195
1715,user,USR26877
1715,user,USR53217
1715,user,USR22659
1715,merchant,MCH1776
1715,merchant,MCH6428
1715,merchant,MCH1376
1715,user,USR47723
1715,user,USR39211
1715,user,USR65725
1715,user,USR60711
1715,user,USR50575
1716,user,USR22664
1716,user,USR47133
1716,merchant,MCH5113
1716,user,USR45260
1717,user,USR22685
1717,merchant,MCH7489
1718,user,USR68824
1718,user,USR22705
1718,merchant,MCH1935
1719,merchant,MCH7668
1719,user,USR22709
1720,user,USR22725
1720,merchant,MCH7842
1721,user,USR22726
1721,merchant,MCH6667
1721,user,USR50537
1722,user,USR62257
1722,user,USR22727
1722,merchant,MCH9047
1722,merchant,MCH3160
1722,user,USR93242
1722,merchant,MCH8020
1723,user,USR22730
1723,merchant,MCH2097
1724,user,USR84965
1724,merchant,MCH7676
1724,user,USR22733
1725,user,USR80777
1725,user,USR88745
1725,user,USR55241
1725,merchant,MCH5925
1725,user,USR22736
1725,user,USR24208
1726,user,USR22744
1726,merchant,MCH1573
1726,user,USR80388
1726,user,USR43797
1727,merchant,MCH4958
1727,user,USR22755
1728,user,USR34105
1728,user,USR59959
1728,user,USR55226
1728,user,USR88485
1728,merchant,MCH7826
1728,merchant,MCH6918
1728,user,USR73648
1728,merchant,MCH2658
1728,user,USR22761
1728,user,USR93222
1728,user,USR33809
1729,user,USR23992
1729,user,USR22762
1729,merchant,MCH5315
1729,user,USR42640
1729,merchant,MCH2342
1729,user,USR41524
1730,merchant,MCH2634
1730,user,USR22763
1730,user,USR88377
1731,merchant,MCH5525
1731,merchant,MCH7614
1731,user,USR93707
1731,user,USR63941
1731,user,USR22770
1732,user,USR22780
1732,merchant,MCH2389
1733,user,USR65194
1733,user,USR37604
1733,user,USR95603
1733,merchant,MCH2745
1733,user,USR54142
1733,merchant,MCH1930
1733,user,USR59393
1733,merchant,MCH2315
1733,merchant,MCH4310
1733,merchant,MCH1003
1733,user,USR63371
1733,user,USR78664
1733,user,USR22793
1733,user,USR75185
1733,merchant,MCH1426
1733,user,USR89102
1734,user,USR49265
1734,merchant,MCH7852
1734,user,USR78332
1734,user,USR26643
1734,user,USR22800
1735,user,USR22801
1735,user,USR87854
1735,merchant,MCH9207
1735,user,USR57359
1736,user,USR22806
1736,user,USR38207
1736,merchant,MCH2038
1736,user,USR84470
1736,merchant,MCH1832
1736,merchant,MCH5418
1736,user,USR46922
1736,user,USR85342
1736,merchant,MCH4732
1736,user,USR85554
1736,user,USR27037
1736,user,USR72224
1737,user,USR99749
1737,user,USR22813
1737,merchant,MCH4949
1737,user,USR62330
1738,merchant,MCH3795
1738,user,USR56919
1738,user,USR57520
1738,user,USR96934
1738,user,USR22817
1738,user,USR45484
1738,user,USR79348
1738,user,USR38702
1738,merchant,MCH3891
1738,merchant,MCH4453
1738,user,USR36803
1738,user,USR85313
1738,user,USR47025
1738,merchant,MCH1039
1739,user,USR22878
1739,merchant,MCH8305
1739,user,USR93663
1739,user,USR53335
1739,user,USR40286
1739,user,USR67646
1740,user,USR56631
1740,user,USR80026
1740,merchant,MCH6511
1740,user,USR45466
1740,user,USR22879
1741,user,USR22880
1741,user,USR86050
1741,user,USR35780
1741,merchant,MCH8820
1742,merchant,MCH3953
1742,user,USR22881
1742,user,USR74907
1743,merchant,MCH9799
1743,user,USR66521
1743,user,USR22887
1744,user,USR84906
1744,user,USR30050
1744,user,USR63191
1744,user,USR22889
1744,user,USR97115
1744,merchant,MCH2395
1744,merchant,MCH6437
1744,merchant,MCH9931
1744,user,USR29863
1744,user,USR29299
1745,merchant,MCH2079
1745,user,USR22898
1746,user,USR22903
1746,merchant,MCH5616
1747,user,USR57411
1747,user,USR51754
1747,merchant,MCH5305
1747,user,USR64773
1747,merchant,MCH9539
1747,user,USR37491
1747,user,USR97864
1747,user,USR22915
1748,merchant,MCH7741
1748,merchant,MCH3999
1748,user,USR25930
1748,user,USR22931
1749,merchant,MCH7141
1749,user,USR33481
1749,user,USR22948
1750,user,USR61195
1750,merchant,MCH7201
1750,user,USR49340
1750,user,USR22950
1751,user,USR64443
1751,user,USR92436
1751,user,USR22954
1751,merchant,MCH7071
1751,user,USR82553
1752,user,USR22964
1752,user,USR86115
1752,merchant,MCH2194
1753,user,USR22970
1753,merchant,MCH2675
1753,user,USR27912
1753,user,USR94920
1754,merchant,MCH3089
1754,user,USR67302
1754,user,USR58668
1754,user,USR94678
1754,user,USR88161
1754,user,USR22972
1755,user,USR29150
1755,merchant,MCH1730
1755,merchant,MCH1259
1755,user,USR23003
1755,user,USR69635
1755,user,USR80091
1756,merchant,MCH2631
1756,user,USR23004
1756,user,USR98784
1757,merchant,MCH3277
1757,user,USR23119
1757,user,USR30047
1757,user,USR41729
1757,user,USR23035
1758,merchant,MCH9672
1758,user,USR74818
1758,user,USR23036
1759,merchant,MCH9898
1759,user,USR23051
1760,merchant,MCH1328
1760,user,USR23065
1761,user,USR79559
1761,merchant,MCH3710
1761,user,USR63729
1761,user,USR23066
1761,user,USR41296
1762,merchant,MCH3603
1762,user,USR97783
1762,user,USR41991
1762,user,USR26865
1762,user,USR23068
1763,user,USR90362
1763,merchant,MCH7314
1763,user,USR80973
1763,user,USR23082
1764,user,USR35697
1764,user,USR23899
1764,user,USR71073
1764,user,USR96721
1764,user,USR23091
1764,merchant,MCH7809
1765,merchant,MCH1411
1765,user,USR49836
1765,user,USR23094
1766,user,USR67178
1766,user,USR42049
1766,merchant,MCH8281
1766,user,USR95285
1766,user,USR23095
1766,user,USR47034
1767,user,USR23096
1767,user,USR97370
1767,user,USR74446
1767,merchant,MCH1934
1768,user,USR76682
1768,merchant,MCH4289
1768,user,USR72779
1768,user,USR23100
1768,user,USR43330
1769,user,USR26368
1769,user,USR23101
1769,user,USR70321
1769,user,USR53986
1769,merchant,MCH4314
1770,user,USR38329
1770,user,USR23103
1770,user,USR52951
1770,merchant,MCH2553
1771,merchant,MCH4626
1771,user,USR26299
1771,user,USR58655
1771,user,USR52350
1771,user,USR23108
1771,user,USR30949
1771,user,USR33877
1771,user,USR81898
1771,merchant,MCH1509
1771,user,USR50117
1771,user,USR96203
1772,merchant,MCH5427
1772,user,USR23115
1772,user,USR29849
1772,user,USR97230
1773,user,USR23124
1773,merchant,MCH5338
1773,user,USR54373
1774,user,USR65839
1774,user,USR37453
1774,merchant,MCH6402
1774,user,USR65344
1774,user,USR36986
1774,merchant,MCH4067
1774,merchant,MCH9703
1774,user,USR37190
1774,user,USR83092
1774,user,USR71606
1774,user,USR23126
1774,user,USR29516
1775,user,USR23129
1775,user,USR79817
1775,merchant,MCH4545
1775,user,USR35551
1775,user,USR94570
1775,merchant,MCH9862
1776,merchant,MCH4384
1776,user,USR52687
1776,user,USR23134
1776,merchant,MCH6587
1776,user,USR96146
1777,user,USR23145
1777,user,USR56899
1777,merchant,MCH7296
1778,merchant,MCH8384
1778,user,USR90511
1778,merchant,MCH3875
1778,merchant,MCH4612
1778,user,USR23155
1778,merchant,MCH1563
1778,user,USR55253
1778,user,USR25212
1779,merchant,MCH5106
1779,user,USR23156
1780,user,USR23158
1780,user,USR70270
1780,merchant,MCH7369
1781,user,USR88606
1781,user,USR28977
1781,merchant,MCH4666
1781,merchant,MCH6277
1781,user,USR23166
1781,user,USR52762
1781,user,USR33242
1782,user,USR30955
1782,user,USR23167
1782,merchant,MCH9992
1783,user,USR45010
1783,user,USR23170
1783,user,USR84323
1783,merchant,MCH2140
1784,user,USR42775
1784,user,USR23173
1784,user,USR43713
1784,merchant,MCH4544
1785,user,USR23182
1785,merchant,MCH8803
1786,merchant,MCH2047
1786,user,USR23206
1787,user,USR23213
1787,user,USR26749
1787,merchant,MCH2007
1788,user,USR40681
1788,user,USR23229
1788,user,USR32927
1788,merchant,MCH3566
1788,user,USR86907
1789,user,USR62437
1789,user,USR74549
1789,user,USR77543
1789,merchant,MCH8101
1789,user,USR58309
1789,user,USR37241
1789,user,USR37303
1789,user,USR23273
1789,merchant,MCH3358
1790,user,USR45125
1790,user,USR51984
1790,merchant,MCH5964
1790,user,USR23291
1790,user,USR79586
1790,merchant,MCH4038
1791,merchant,MCH9283
1791,user,USR79548
1791,user,USR34768
1791,user,USR23292
1791,user,USR75251
1791,user,USR89287
1791,user,USR51654
1791,merchant,MCH7514
1792,merchant,MCH7884
1792,user,USR35198
1792,merchant,MCH8914
1792,user,USR33415
1792,user,USR23304
1792,user,USR84278
1793,user,USR72714
1793,user,USR41398
1793,merchant,MCH9590
1793,merchant,MCH1396
1793,merchant,MCH1803
1793,merchant,MCH2101
1793,merchant,MCH2322
1793,merchant,MCH3223
1793,user,USR41927
1793,user,USR80063
1793,user,USR74087
1793,user,USR23307
1793,user,USR99869
1793,user,USR50862
1793,user,USR34419
1793,user,USR97419
1793,user,USR31979
1793,user,USR57399
1793,user,USR44628
1794,merchant,MCH6831
1794,user,USR63763
1794,user,USR23317
1795,user,USR74664
1795,merchant,MCH6547
1795,user,USR23318
1796,merchant,MCH7409
1796,user,USR23325
1797,user,USR23332
1797,merchant,MCH7545
1797,user,USR94928
1798,user,USR95616
1798,user,USR62317
1798,user,USR63082
1798,user,USR23340
1798,merchant,MCH8543
1799,user,USR64224
1799,merchant,MCH7938
1799,user,USR23372
1800,user,USR52431
1800,user,USR86298
1800,merchant,MCH4863
1800,user,USR23376
1800,user,USR60235
1801,merchant,MCH3641
1801,user,USR23396
1802,merchant,MCH4711
1802,user,USR23398
1803,user,USR23400
1803,user,USR29619
1803,user,USR26529
1803,merchant,MCH6695
1804,user,USR23404
1804,merchant,MCH7877
1805,user,USR88415
1805,user,USR62354
1805,merchant,MCH9088
1805,user,USR24550
1805,user,USR52810
1805,user,USR23407
1805,merchant,MCH3141
1805,user,USR47260
1805,user,USR75518
1805,user,USR27273
1806,user,USR38367
1806,user,USR63413
1806,merchant,MCH3036
1806,user,USR97163
1806,merchant,MCH8721
1806,user,USR76170
1806,user,USR47942
1806,user,USR44035
1806,merchant,MCH2966
1806,user,USR83509
1806,user,USR23409
1806,merchant,MCH6569
1806,user,USR37280
1807,user,USR23428
1807,merchant,MCH9749
1807,user,USR68089
1807,user,USR65033
1808,user,USR23431
1808,merchant,MCH4761
1809,user,USR51276
1809,user,USR23441
1809,user,USR83617
1809,user,USR94320
1809,merchant,MCH1355
1810,user,USR31577
1810,user,USR23448
1810,merchant,MCH1931
1811,user,USR91746
1811,user,USR67927
1811,user,USR23451
1811,user,USR88017
1811,merchant,MCH6293
1812,user,USR72951
1812,merchant,MCH9459
1812,user,USR23473
1812,user,USR35188
1813,user,USR23489
1813,user,USR37405
1813,merchant,MCH3344
1814,merchant,MCH7248
1814,user,USR23497
1815,merchant,MCH3856
1815,user,USR23514
1815,user,USR59170
1816,merchant,MCH2455
1816,user,USR23525
1816,merchant,MCH1624
1816,user,USR76652
1816,user,USR35223
1817,merchant,MCH5301
1817,user,USR86465
1817,user,USR23527
1817,user,USR76027
1818,merchant,MCH4600
1818,user,USR23534
1818,user,USR73627
1819,user,USR55453
1819,user,USR23547
1819,user,USR31215
1819,merchant,MCH8484
1819,user,USR51269
1820,merchant,MCH4373
1820,user,USR23575
1821,user,USR55591
1821,user,USR41379
1821,merchant,MCH6825
1821,user,USR23580
1822,user,USR40974
1822,user,USR99370
1822,merchant,MCH1068
1822,merchant,MCH7123
1822,merchant,MCH3812
1822,user,USR23582
1823,user,USR83229
1823,merchant,MCH3935
1823,user,USR23586
1823,user,USR27495
1823,user,USR68041
1823,merchant,MCH8911
1823,user,USR40740
1823,user,USR42809
1823,merchant,MCH5782
1823,user,USR61031
1823,user,USR84691
1824,user,USR23596
1824,user,USR94197
1824,merchant,MCH1190
1825,user,USR87150
1825,merchant,MCH5068
1825,user,USR65091
1825,user,USR52888
1825,user,USR23604
1826,user,USR63368
1826,user,USR99256
1826,user,USR23614
1826,merchant,MCH9657
1827,merchant,MCH7208
1827,user,USR68473
1827,user,USR33138
1827,user,USR23626
1827,user,USR44506
1828,user,USR23643
1828,merchant,MCH9827
1828,user,USR93457
1828,user,USR43719
1829,user,USR23685
1829,merchant,MCH7061
1829,user,USR27208
1829,user,USR51738
1829,user,USR35817
1830,user,USR23691
1830,merchant,MCH4582
1830,user,USR92683
1830,user,USR88153
1831,user,USR31102
1831,user,USR23702
1831,merchant,MCH4369
1832,user,USR23708
1832,merchant,MCH8175
1833,merchant,MCH1405
1833,user,USR23709
1833,user,USR87193
1834,user,USR50352
1834,user,USR23717
1834,merchant,MCH2706
1834,user,USR68214
1835,user,USR90055
1835,user,USR23719
1835,merchant,MCH8831
1835,user,USR46125
1835,user,USR29442
1836,user,USR23746
1836,user,USR93062
1836,merchant,MCH6001
1837,user,USR45251
1837,merchant,MCH2538
1837,user,USR39850
1837,user,USR50388
1837,user,USR52898
1837,user,USR49308
1837,merchant,MCH3507
1837,user,USR23749
1837,user,USR62527
1837,merchant,MCH5498
1837,user,USR90602
1838,merchant,MCH3631
1838,user,USR23756
1839,user,USR85664
1839,user,USR23757
1839,merchant,MCH4572
1839,user,USR82712
1840,merchant,MCH9127
1840,user,USR23771
1841,user,USR28322
1841,merchant,MCH1471
1841,user,USR23787
1842,user,USR85384
1842,user,USR23793
1842,merchant,MCH1549
1843,user,USR23810
1843,merchant,MCH1750
1844,user,USR89531
1844,user,USR23820
1844,merchant,MCH3842
1844,user,USR27964
1845,merchant,MCH5692
1845,user,USR47024
1845,user,USR23846
1846,user,USR23848
1846,user,USR66869
1846,merchant,MCH4477
1846,merchant,MCH6436
1846,user,USR80295
1846,user,USR97739
1846,user,USR55081
1846,user,USR51844
1847,merchant,MCH2229
1847,user,USR23853
1847,user,USR87434
1847,user,USR88286
1847,user,USR36429
1848,user,USR23865
1848,user,USR38535
1848,user,USR70148
1848,user,USR48068
1848,merchant,MCH7442
1849,user,USR59446
1849,merchant,MCH3966
1849,user,USR26159
1849,user,USR23871
1849,user,USR79596
1850,user,USR23872
1850,merchant,MCH6177
1851,user,USR23876
1851,user,USR80521
1851,user,USR37204
1851,merchant,MCH8159
1852,user,USR23879
1852,user,USR83635
1852,user,USR71055
1852,merchant,MCH9162
1853,user,USR23895
1853,merchant,MCH4125
1853,user,USR49002
1854,user,USR23896
1854,user,USR24790
1854,user,USR52494
1854,merchant,MCH4543
1855,user,USR23910
1855,merchant,MCH1413
1855,user,USR86787
1856,user,USR81776
1856,user,USR23916
1856,user,USR30731
1856,merchant,MCH7836
1857,user,USR23925
1857,merchant,MCH8173
1857,user,USR87617
1857,user,USR68805
1858,user,USR23937
1858,merchant,MCH4560
1858,user,USR37017
1859,user,USR23949
1859,user,USR60236
1859,merchant,MCH7481
1859,user,USR65099
1859,user,USR97625
1859,user,USR99066
1859,user,USR56298
1859,user,USR73471
1859,merchant,MCH7598
1859,user,USR97145
1859,user,USR43295
1859,user,USR57344
1859,merchant,MCH1080
1859,merchant,MCH5957
1859,user,USR39098
1860,user,USR99546
1860,user,USR23950
1860,user,USR49283
1860,user,USR65267
1860,merchant,MCH1601
1861,user,USR93182
1861,user,USR72795
1861,user,USR70727
1861,user,USR60131
1861,merchant,MCH1658
1861,user,USR80723
1861,user,USR39503
1861,user,USR23960
1861,merchant,MCH2259
1861,user,USR81582
1861,merchant,MCH8887
1861,user,USR92779
1861,user,USR35407
1861,user,USR70938
1862,user,USR23965
1862,merchant,MCH2203
1862,user,USR45626
1863,user,USR69984
1863,user,USR99110
1863,user,USR23985
1863,merchant,MCH2723
1863,user,USR96217
1863,user,USR49597
1863,user,USR51793
1864,user,USR37509
1864,user,USR23989
1864,user,USR24331
1864,merchant,MCH8638
1864,user,USR34476
1865,merchant,MCH2228
1865,user,USR23991
1866,merchant,MCH5458
1866,merchant,MCH1449
1866,user,USR52749
1866,user,USR24003
1866,user,USR25453
1866,user,USR83093
1866,user,USR90449
1866,user,USR30670
1866,user,USR44212
1866,user,USR68523
1867,user,USR24016
1867,merchant,MCH3789
1867,user,USR48367
1868,user,USR24018
1868,user,USR42158
1868,merchant,MCH8602
1868,merchant,MCH9497
1868,user,USR79914
1869,user,USR24025
1869,user,USR66881
1869,user,USR80623
1869,merchant,MCH1498
1869,user,USR75491
1869,merchant,MCH8144
1870,user,USR41671
1870,merchant,MCH8071
1870,user,USR24040
1870,user,USR89942
1870,user,USR70243
1871,user,USR24042
1871,merchant,MCH9636
1871,user,USR53559
1872,user,USR32477
1872,merchant,MCH5382
1872,user,USR24048
1872,user,USR36416
1873,user,USR54549
1873,user,USR42127
1873,user,USR24051
1873,merchant,MCH6733
1874,user,USR24058
1874,user,USR62716
1874,merchant,MCH9977
1875,user,USR24074
1875,user,USR75121
1875,merchant,MCH4924
1876,user,USR86356
1876,user,USR60910
1876,merchant,MCH3469
1876,user,USR24075
1876,merchant,MCH2958
1876,user,USR94124
1876,user,USR93905
1876,user,USR88287
1876,user,USR67170
1877,user,USR25793
1877,user,USR24077
1877,user,USR54259
1877,merchant,MCH6579
1878,merchant,MCH5288
1878,user,USR24081
1878,user,USR54758
1879,merchant,MCH6965
1879,user,USR82130
1879,user,USR77185
1879,user,USR24087
1880,user,USR52459
1880,merchant,MCH5117
1880,user,USR24093
1880,user,USR54368
1881,merchant,MCH7749
1881,user,USR24095
1881,user,USR80031
1881,user,USR32739
1882,merchant,MCH7318
1882,user,USR24104
1882,user,USR96941
1883,merchant,MCH8617
1883,user,USR77414
1883,user,USR24110
1883,user,USR96184
1883,user,USR59462
1884,merchant,MCH3622
1884,user,USR24117
1884,user,USR80552
1884,user,USR33863
1885,merchant,MCH9500
1885,user,USR61841
1885,user,USR24126
1886,user,USR78156
1886,merchant,MCH2428
1886,user,USR24130
1886,user,USR38963
1887,user,USR69672
1887,merchant,MCH8141
1887,user,USR68688
1887,user,USR84482
1887,user,USR24136
1887,user,USR69494
1887,merchant,MCH2016
1887,merchant,MCH6960
1887,user,USR81197
1887,user,USR68547
1887,user,USR54240
1887,user,USR59073
1887,user,USR52299
1887,user,USR58621
1887,user,USR61592
1888,user,USR68951
1888,merchant,MCH7364
1888,user,USR24159
1889,user,USR73780
1889,user,USR69234
1889,merchant,MCH8589
1889,user,USR90367
1889,user,USR91993
1889,user,USR24166
1890,user,USR24168
1890,merchant,MCH3909
1890,user,USR52960
1891,user,USR24179
1891,merchant,MCH1829
1891,user,USR79059
1892,merchant,MCH8653
1892,user,USR24201
1893,user,USR83032
1893,user,USR24202
1893,user,USR46885
1893,user,USR97529
1893,merchant,MCH3402
1893,merchant,MCH7528
1893,user,USR54839
1893,user,USR36510
1893,merchant,MCH8817
1894,user,USR24216
1894,user,USR71529
1894,merchant,MCH2421
1894,merchant,MCH2727
1894,user,USR63319
1894,user,USR57731
1894,merchant,MCH1004
1894,user,USR72092
1894,user,USR91504
1894,user,USR85773
1895,merchant,MCH2829
1895,user,USR61668
1895,user,USR47643
1895,user,USR24250
1896,user,USR40631
1896,merchant,MCH9776
1896,user,USR62625
1896,user,USR88439
1896,merchant,MCH9584
1896,user,USR24271
1896,user,USR61698
1897,user,USR68355
1897,merchant,MCH2842
1897,user,USR52809
1897,merchant,MCH6716
1897,user,USR62674
1897,merchant,MCH9435
1897,user,USR34370
1897,user,USR58805
1897,user,USR59201
1897,user,USR29952
1897,user,USR27506
1897,merchant,MCH6418
1897,user,USR35383
1897,user,USR50202
1897,user,USR58377
1897,user,USR62662
1897,user,USR24282
1897,user,USR29564
1898,user,USR24307
1898,user,USR67050
1898,merchant,MCH7290
1899,merchant,MCH6931
1899,user,USR72394
1899,merchant,MCH1965
1899,user,USR94268
1899,user,USR24341
1899,user,USR67855
1899,merchant,MCH7885
1899,user,USR55467
1899,user,USR43842
1899,user,USR54949
1899,user,USR49995
1900,user,USR60859
1900,user,USR24349
1900,merchant,MCH8366
1901,user,USR98066
1901,merchant,MCH4657
1901,user,USR74175
1901,user,USR80569
1901,user,USR46229
1901,user,USR50698
1901,user,USR87988
1901,merchant,MCH1945
1901,user,USR29892
1901,user,USR25229
1901,user,USR24354
1901,user,USR85329
1902,merchant,MCH4576
1902,user,USR24379
1903,merchant,MCH6093
1903,user,USR52033
1903,user,USR24381
1904,user,USR24394
1904,user,USR69139
1904,merchant,MCH3151
1904,user,USR32861
1905,merchant,MCH3538
1905,merchant,MCH4549
1905,user,USR46721
1905,user,USR71935
1905,user,USR24396
1905,user,USR38777
1905,user,USR57091
1906,user,USR91910
1906,merchant,MCH5139
1906,user,USR24409
1906,user,USR58554
1907,merchant,MCH2624
1907,user,USR24416
1907,user,USR81792
1908,user,USR99302
1908,user,USR89596
1908,merchant,MCH1159
1908,user,USR24429
1909,user,USR24433
1909,user,USR47324
1909,user,USR72083
1909,merchant,MCH3828
1909,user,USR79540
1909,user,USR80033
1909,merchant,MCH6379
1909,user,USR38035
1910,user,USR24434
1910,user,USR44681
1910,merchant,MCH6936
1910,user,USR85784
1911,user,USR25850
1911,user,USR24441
1911,merchant,MCH4901
1912,merchant,MCH9323
1912,user,USR24467
1913,user,USR24472
1913,user,USR87284
1913,user,USR67460
1913,user,USR50444
1913,merchant,MCH5425
1913,merchant,MCH9034
1913,user,USR70377
1913,user,USR50660
1914,merchant,MCH1817
1914,user,USR24497
1914,user,USR60123
1915,user,USR54794
1915,user,USR24538
1915,merchant,MCH2336
1916,merchant,MCH5978
1916,user,USR24540
1917,merchant,MCH5323
1917,user,USR54321
1917,user,USR24545
1918,user,USR24548
1918,user,USR35589
1918,merchant,MCH3818
1918,user,USR78234
1918,merchant,MCH9785
1919,user,USR85324
1919,user,USR24563
1919,user,USR65050
1919,user,USR67796
1919,merchant,MCH8712
1920,user,USR82731
1920,merchant,MCH8603
1920,user,USR27784
1920,user,USR63154
1920,user,USR24570
1920,user,USR69301
1920,user,USR64245
1920,user,USR28031
1920,user,USR58623
1920,user,USR43228
1920,user,USR78604
1920,merchant,MCH6834
1920,merchant,MCH8970
1920,merchant,MCH7810
1920,user,USR44486
1920,user,USR81078
1921,user,USR24575
1921,merchant,MCH9041
1921,user,USR44722
1921,user,USR78806
1922,user,USR76414
1922,user,USR24596
1922,merchant,MCH8554
1923,user,USR48243
1923,user,USR24601
1923,merchant,MCH5003
1924,merchant,MCH1635
1924,user,USR69271
1924,user,USR24605
1925,user,USR24610
1925,user,USR78070
1925,user,USR49656
1925,merchant,MCH1181
1925,user,USR59533
1925,merchant,MCH5174
1925,user,USR82185
1925,user,USR75454
1925,user,USR77337
1925,merchant,MCH7656
1925,user,USR40025
1925,user,USR42961
1926,user,USR42320
1926,user,USR24617
1926,merchant,MCH5850
1927,merchant,MCH7126
1927,user,USR24620
1927,user,USR96551
1927,merchant,MCH8106
1928,user,USR91038
1928,merchant,MCH9217
1928,user,USR24638
1929,user,USR65559
1929,user,USR87443
1929,merchant,MCH9926
1929,user,USR43865
1929,user,USR25761
1929,merchant,MCH7106
1929,user,USR24651
1929,merchant,MCH9716
1930,user,USR31854
1930,merchant,MCH2119
1930,user,USR24665
1931,user,USR78873
1931,user,USR43038
1931,merchant,MCH9713
1931,user,USR24674
1932,user,USR47456
1932,user,USR24679
1932,merchant,MCH6036
1932,user,USR26208
1933,user,USR78146
1933,merchant,MCH2329
1933,user,USR25459
1933,user,USR55471
1933,user,USR93286
1933,user,USR24681
1933,user,USR63843
1933,user,USR42281
1933,merchant,MCH1314
1933,user,USR58060
1933,merchant,MCH2741
1933,merchant,MCH6081
1933,user,USR92103
1933,user,USR89260
1934,user,USR24694
1934,merchant,MCH7717
1935,merchant,MCH6052
1935,user,USR24697
1936,merchant,MCH6971
1936,user,USR97154
1936,user,USR24710
1936,user,USR39185
1936,user,USR72456
1936,user,USR28456
1937,user,USR72874
1937,merchant,MCH5852
1937,user,USR91232
1937,user,USR24719
1938,merchant,MCH9894
1938,merchant,MCH6020
1938,user,USR24723
1938,user,USR25039
1939,merchant,MCH2638
1939,user,USR24726
1940,user,USR55890
1940,user,USR24744
1940,merchant,MCH7774
1941,user,USR24746
1941,merchant,MCH9032
1942,merchant,MCH8363
1942,merchant,MCH2394
1942,user,USR64187
1942,merchant,MCH2393
1942,user,USR26901
1942,user,USR84136
1942,merchant,MCH1679
1942,user,USR30097
1942,user,USR92853
1942,user,USR96154
1942,merchant,MCH8293
1942,user,USR59995
1942,user,USR26846
1942,user,USR24747
1942,merchant,MCH5923
1942,user,USR89325
1942,user,USR55605
1942,user,USR65328
1942,merchant,MCH9814
1942,user,USR60788
1942,user,USR37149
1942,user,USR70519
1943,merchant,MCH6880
1943,user,USR24750
1943,user,USR31729
1943,user,USR98871
1944,user,USR24751
1944,user,USR55344
1944,user,USR80294
1944,user,USR77191
1944,user,USR38277
1944,merchant,MCH6705
1944,merchant,MCH6571
1944,merchant,MCH3439
1944,user,USR79514
1944,user,USR49992
1944,merchant,MCH9872
1944,user,USR74779
1944,user,USR30323
1944,user,USR84605
1944,user,USR35180
1944,user,USR60849
1944,merchant,MCH1502
1945,user,USR24756
1945,merchant,MCH8548
1946,user,USR56148
1946,user,USR24760
1946,user,USR89249
1946,merchant,MCH6141
1947,user,USR24765
1947,user,USR54978
1947,merchant,MCH5881
1948,user,USR24771
1948,merchant,MCH6981
1949,merchant,MCH4514
1949,user,USR24774
1950,user,USR24778
1950,merchant,MCH4635
1950,user,USR25254
1951,user,USR24787
1951,user,USR70177
1951,merchant,MCH9986
1952,user,USR24788
1952,merchant,MCH5297
1952,user,USR38119
1952,user,USR76047
1953,user,USR52163
1953,user,USR24802
1953,user,USR65404
1953,merchant,MCH9650
1953,user,USR97183
1954,user,USR24805
1954,merchant,MCH1473
1955,user,USR24810
1955,merchant,MCH6065
1955,user,USR41066
1955,user,USR94090
1956,user,USR24828
1956,merchant,MCH2344
1957,user,USR68333
1957,user,USR56219
1957,merchant,MCH8648
1957,user,USR92812
1957,user,USR24833
1958,merchant,MCH1433
1958,user,USR55555
1958,user,USR24857
1959,merchant,MCH4119
1959,user,USR24858
1960,user,USR24860
1960,merchant,MCH8780
1960,merchant,MCH5917
1960,user,USR92208
1960,user,USR24936
1961,merchant,MCH6430
1961,user,USR24862
1962,merchant,MCH8476
1962,merchant,MCH7863
1962,user,USR69596
1962,user,USR24877
1962,user,USR51930
1962,user,USR61337
1962,user,USR30191
1963,merchant,MCH1974
1963,user,USR89262
1963,user,USR24891
1964,user,USR96212
1964,user,USR98625
1964,merchant,MCH9693
1964,user,USR24900
1965,user,USR65856
1965,user,USR24906
1965,user,USR60001
1965,merchant,MCH7701
1965,merchant,MCH4400
1965,user,USR66069
1965,merchant,MCH8453
1965,user,USR45083
1966,user,USR83798
1966,merchant,MCH6076
1966,user,USR24928
1966,user,USR48863
1966,merchant,MCH6564
1966,user,USR38065
1966,user,USR66432
1966,user,USR93814
1966,merchant,MCH6195
1967,merchant,MCH3473
1967,user,USR24930
1968,merchant,MCH8343
1968,user,USR87087
1968,user,USR35813
1968,user,USR24934
1969,user,USR48345
1969,user,USR24952
1969,merchant,MCH8046
1970,merchant,MCH2041
1970,user,USR72966
1970,user,USR24961
1970,user,USR52788
1971,user,USR24969
1971,merchant,MCH7274
1972,user,USR93582
1972,user,USR46353
1972,user,USR24973
1972,merchant,MCH3761
1973,merchant,MCH5725
1973,user,USR70862
1973,user,USR24980
1973,user,USR32660
1974,user,USR24992
1974,merchant,MCH2153
1975,user,USR46496
1975,merchant,MCH8064
1975,user,USR24997
1976,user,USR25002
1976,merchant,MCH5415
1977,user,USR63336
1977,merchant,MCH9534
1977,user,USR25013
1978,user,USR25029
1978,user,USR47521
1978,merchant,MCH1201
1978,user,USR32981
1978,user,USR58564
1979,user,USR38389
1979,merchant,MCH5781
1979,user,USR25032
1980,user,USR25058
1980,user,USR88023
1980,merchant,MCH5293
1981,merchant,MCH8040
1981,user,USR25060
1982,merchant,MCH1653
1982,merchant,MCH9136
1982,user,USR93558
1982,user,USR38569
1982,user,USR88195
1982,user,USR94040
1982,user,USR25095
1982,merchant,MCH3034
1982,user,USR64916
1983,user,USR34886
1983,user,USR25109
1983,merchant,MCH8531
1983,user,USR64932
1984,user,USR82910
1984,user,USR27236
1984,merchant,MCH7189
1984,user,USR34232
1984,user,USR81777
1984,user,USR80487
1984,user,USR90993
1984,merchant,MCH2166
1984,user,USR70387
1984,merchant,MCH5462
1984,user,USR26469
1984,user,USR87760
1984,user,USR98701
1984,user,USR29065
1984,user,USR55563
1984,user,USR25111
1984,merchant,MCH3916
1985,user,USR83930
1985,user,USR25126
1985,merchant,MCH9092
1986,user,USR26671
1986,user,USR96391
1986,merchant,MCH3714
1986,user,USR25128
1987,merchant,MCH2629
1987,user,USR25133
1988,user,USR25143
1988,user,USR65352
1988,user,USR89502
1988,user,USR77773
1988,user,USR90260
1988,merchant,MCH8246
1989,merchant,MCH5055
1989,user,USR99063
1989,user,USR59856
1989,user,USR29297
1989,user,USR25147
1990,merchant,MCH5516
1990,user,USR76993
1990,user,USR25152
1990,merchant,MCH5847
1990,user,USR87022
1991,merchant,MCH4942
1991,user,USR30746
1991,user,USR25159
1991,user,USR99373
1992,user,USR72529
1992,user,USR25184
1992,user,USR95954
1992,user,USR96064
1992,merchant,MCH3450
1993,merchant,MCH8143
1993,user,USR32710
1993,user,USR25198
1993,user,USR96113
1993,merchant,MCH4448
1993,merchant,MCH2665
1993,user,USR95800
1993,user,USR30437
1993,user,USR74663
1994,user,USR80894
1994,user,USR68894
1994,user,USR35451
1994,user,USR25226
1994,user,USR98661
1994,merchant,MCH7379
1995,merchant,MCH2903
1995,user,USR25239
1996,merchant,MCH1297
1996,user,USR58718
1996,user,USR25249
1996,user,USR41300
1996,user,USR76215
1997,user,USR93026
1997,user,USR25301
1997,merchant,MCH3195
1998,user,USR25302
1998,merchant,MCH2285
1998,user,USR42620
1999,user,USR87630
1999,user,USR80889
1999,merchant,MCH9979
1999,user,USR25325
2000,user,USR92324
2000,user,USR25333
2000,user,USR81657
2000,user,USR39400
2000,merchant,MCH6854
2000,merchant,MCH5151
2001,merchant,MCH4247
2001,user,USR42190
2001,user,USR25338
2002,user,USR25348
2002,merchant,MCH7859
2003,user,USR25357
2003,user,USR41751
2003,merchant,MCH8928
2003,user,USR81363
2003,user,USR83586
2004,user,USR25370
2004,merchant,MCH2801
2005,merchant,MCH4982
2005,user,USR25373
2006,merchant,MCH8070
2006,merchant,MCH4778
2006,user,USR96546
2006,user,USR77331
2006,user,USR97605
2006,user,USR76978
2006,user,USR99180
2006,user,USR48217
2006,merchant,MCH5103
2006,user,USR68024
2006,user,USR61736
2006,user,USR49005
2006,user,USR74143
2006,user,USR53370
2006,user,USR28883
2006,user,USR74387
2006,merchant,MCH7589
2006,user,USR41877
2006,merchant,MCH1020
2006,merchant,MCH9286
2006,user,USR25397
2006,merchant,MCH5104
2006,user,USR60321
2006,merchant,MCH2200
2007,merchant,MCH4458
2007,user,USR51358
2007,user,USR77102
2007,user,USR59422
2007,merchant,MCH4435
2007,user,USR96561
2007,user,USR26808
2007,user,USR94279
2007,user,USR56128
2007,user,USR87265
2007,user,USR25423
2008,merchant,MCH8489
2008,merchant,MCH3459
2008,merchant,MCH6492
2008,user,USR54573
2008,user,USR95809
2008,merchant,MCH6388
2008,merchant,MCH3707
2008,merchant,MCH4837
2008,user,USR52799
2008,user,USR64776
2008,user,USR65798
2008,user,USR48488
2008,merchant,MCH5515
2008,user,USR25437
2008,user,USR76792
2009,user,USR43731
2009,user,USR25440
2009,user,USR93393
2009,user,USR94555
2009,merchant,MCH2704
2009,merchant,MCH7610
2010,user,USR46790
2010,merchant,MCH1200
2010,user,USR83585
2010,merchant,MCH9273
2010,user,USR25443
2011,user,USR25455
2011,merchant,MCH6364
2011,user,USR65299
2011,user,USR96247
2012,user,USR89793
2012,user,USR49274
2012,user,USR25463
2012,merchant,MCH4885
2012,merchant,MCH7713
2012,user,USR39508
2013,user,USR70975
2013,user,USR86377
2013,user,USR61544
2013,merchant,MCH6028
2013,user,USR93765
2013,user,USR25476
2014,user,USR64240
2014,user,USR88583
2014,user,USR96009
2014,user,USR38364
2014,merchant,MCH3128
2014,merchant,MCH5454
2014,user,USR90517
2014,user,USR25496
2014,user,USR31289
2015,merchant,MCH8091
2015,merchant,MCH4182
2015,user,USR73882
2015,user,USR68959
2015,user,USR61024
2015,user,USR37693
2015,merchant,MCH5677
2015,user,USR25521
2016,user,USR38062
2016,user,USR25524
2016,merchant,MCH1175
2017,user,USR25527
2017,merchant,MCH8279
2018,user,USR31193
2018,user,USR92781
2018,user,USR25528
2018,user,USR30260
2018,user,USR27070
2018,merchant,MCH6328
2019,merchant,MCH9844
2019,user,USR25530
2019,user,USR48054
2019,user,USR61485
2020,merchant,MCH6297
2020,merchant,MCH3448
2020,user,USR25533
2020,user,USR35320
2020,user,USR54972
2020,user,USR89466
2020,user,USR90276
2020,user,USR84154
2021,merchant,MCH3056
2021,user,USR27613
2021,user,USR25551
2021,merchant,MCH2067
2021,user,USR81945
2021,merchant,MCH8312
2021,user,USR75824
2022,user,USR36623
2022,user,USR25552
2022,merchant,MCH8929
2023,user,USR36523
2023,user,USR48652
2023,merchant,MCH5552
2023,user,USR25553
2023,merchant,MCH3907
2023,user,USR89408
2024,user,USR25558
2024,merchant,MCH5764
2025,user,USR82067
2025,merchant,MCH2390
2025,merchant,MCH1100
2025,user,USR72734
2025,user,USR25563
2025,user,USR88077
2025,merchant,MCH9213
2025,user,USR54601
2025,user,USR36104
2026,merchant,MCH4425
2026,user,USR25565
2026,user,USR55539
2027,user,USR36743
2027,user,USR37963
2027,user,USR57955
2027,user,USR25591
2027,user,USR77449
2027,user,USR55533
2027,merchant,MCH8710
2028,user,USR25593
2028,user,USR39114
2028,user,USR61630
2028,user,USR95217
2028,merchant,MCH9572
2029,user,USR69419
2029,user,USR25603
2029,user,USR86538
2029,merchant,MCH2766
2030,user,USR25608
2030,merchant,MCH9956
2030,user,USR39724
2031,user,USR38474
2031,user,USR25612
2031,merchant,MCH8340
2031,user,USR42578
2032,user,USR25640
2032,merchant,MCH8413
2032,user,USR73677
2033,merchant,MCH1279
2033,user,USR37823
2033,user,USR25645
2034,user,USR91823
2034,merchant,MCH3318
2034,user,USR25655
2035,merchant,MCH9246
2035,user,USR67004
2035,user,USR32121
2035,user,USR25663
2035,user,USR96889
2035,user,USR63317
2035,user,USR82223
2035,merchant,MCH5667
2035,user,USR58658
2036,merchant,MCH4421
2036,user,USR25675
2036,user,USR53771
2036,user,USR86823
2037,user,USR25686
2037,merchant,MCH2590
2038,user,USR81834
2038,merchant,MCH6112
2038,user,USR99527
2038,user,USR95507
2038,merchant,MCH4472
2038,user,USR25696
2038,user,USR86905
2038,user,USR93424
2038,merchant,MCH3029
2038,user,USR55995
2038,user,USR80728
2038,merchant,MCH1593
2038,user,USR48365
2039,user,USR25704
2039,user,USR80601
2039,user,USR95852
2039,user,USR75208
2039,merchant,MCH9815
2040,merchant,MCH7436
2040,user,USR36254
2040,user,USR25722
2041,user,USR78179
2041,merchant,MCH5796
2041,user,USR25728
2042,user,USR87462
2042,user,USR48061
2042,merchant,MCH8600
2042,merchant,MCH2301
2042,user,USR54265
2042,user,USR35665
2042,user,USR30092
2042,user,USR25951
2042,merchant,MCH5901
2042,user,USR25765
2042,user,USR91270
2042,merchant,MCH5225
2042,user,USR74033
2042,user,USR80544
2042,user,USR91598
2042,user,USR86779
2042,user,USR83605
2042,merchant,MCH4567
2042,user,USR53850
2042,user,USR88569
2043,merchant,MCH7396
2043,merchant,MCH2341
2043,user,USR75097
2043,user,USR25771
2043,user,USR76408
2043,user,USR55579
2043,user,USR42020
2043,user,USR82449
2043,user,USR80377
2044,user,USR25776
2044,merchant,MCH8983
2044,user,USR68599
2044,user,USR80517
2044,user,USR69609
2044,user,USR30700
2044,merchant,MCH7651
2045,user,USR86410
2045,merchant,MCH8469
2045,user,USR78750
2045,merchant,MCH9562
2045,user,USR64953
2045,user,USR49316
2045,user,USR25791
2045,user,USR31346
2046,merchant,MCH8347
2046,user,USR87554
2046,user,USR79953
2046,user,USR68143
2046,user,USR25798
2047,merchant,MCH6058
2047,user,USR25808
2048,user,USR97418
2048,user,USR51182
2048,user,USR31913
2048,user,USR25809
2048,merchant,MCH1908
2049,merchant,MCH9184
2049,user,USR68856
2049,user,USR83719
2049,user,USR25819
2049,user,USR43278
2049,user,USR55970
2049,merchant,MCH9128
2050,merchant,MCH9808
2050,user,USR25826
2051,user,USR25832
2051,merchant,MCH1178
2052,user,USR60324
2052,user,USR74316
2052,user,USR25854
2052,user,USR45992
2052,merchant,MCH3436
2052,user,USR77537
2053,user,USR86923
2053,user,USR46718
2053,user,USR46924
2053,user,USR25857
2053,user,USR44736
2053,merchant,MCH7574
2054,user,USR25869
2054,user,USR31534
2054,merchant,MCH8307
2054,user,USR73868
2055,merchant,MCH2697
2055,user,USR25914
2056,user,USR88733
2056,user,USR25931
2056,merchant,MCH2701
2057,merchant,MCH4419
2057,user,USR25941
2057,user,USR62665
2058,merchant,MCH9129
2058,user,USR69720
2058,user,USR25970
2058,user,USR31856
2058,merchant,MCH6423
2059,user,USR45196
2059,user,USR86778
2059,user,USR86717
2059,user,USR99491
2059,merchant,MCH4906
2059,user,USR25988
2060,user,USR62894
2060,user,USR26011
2060,merchant,MCH2133
2060,user,USR32070
2060,user,USR59142
2060,merchant,MCH4935
2060,user,USR97696
2060,user,USR81148
2060,user,USR96938
2061,user,USR83808
2061,merchant,MCH8011
2061,user,USR26034
2062,user,USR26044
2062,merchant,MCH4561
2063,user,USR26049
2063,user,USR69321
2063,user,USR73739
2063,user,USR28581
2063,merchant,MCH6641
2063,merchant,MCH8982
2064,user,USR64256
2064,user,USR71976
2064,merchant,MCH4344
2064,merchant,MCH3235
2064,user,USR26051
2065,user,USR45195
2065,user,USR26056
2065,merchant,MCH5747
2066,user,USR79593
2066,merchant,MCH8498
2066,user,USR26102
2067,merchant,MCH3911
2067,user,USR70903
2067,user,USR86393
2067,user,USR67253
2067,user,USR26105
2068,user,USR41260
2068,user,USR87498
2068,user,USR85221
2068,user,USR26110
2068,user,USR99130
2068,user,USR80328
2068,merchant,MCH4089
2068,user,USR80802
2069,user,USR89905
2069,user,USR52194
2069,merchant,MCH1012
2069,user,USR26145
2070,merchant,MCH3289
2070,user,USR86247
2070,user,USR53788
2070,user,USR26165
2071,user,USR72791
2071,merchant,MCH8248
2071,user,USR62654
2071,user,USR26176
2072,merchant,MCH8955
2072,user,USR26183
2073,merchant,MCH3606
2073,merchant,MCH2387
2073,user,USR26186
2073,user,USR37299
2073,user,USR77716
2074,user,USR64860
2074,user,USR26187
2074,merchant,MCH1338
2075,user,USR70314
2075,user,USR26216
2075,merchant,MCH2405
2076,user,USR28204
2076,user,USR26241
2076,user,USR42221
2076,merchant,MCH6068
2077,merchant,MCH9421
2077,user,USR26254
2077,user,USR86124
2078,user,USR29666
2078,user,USR64214
2078,merchant,MCH6951
2078,user,USR26263
2079,user,USR35956
2079,user,USR26284
2079,merchant,MCH8605
2080,merchant,MCH1111
2080,user,USR26294
2081,merchant,MCH2581
2081,user,USR26301
2081,user,USR88213
2081,user,USR88331
2082,merchant,MCH9202
2082,user,USR26309
2083,merchant,MCH8564
2083,user,USR26326
2083,user,USR85092
2084,user,USR26331
2084,merchant,MCH7862
2084,user,USR39868
2085,user,USR26356
2085,merchant,MCH3333
2086,user,USR26359
2086,merchant,MCH6140
2086,user,USR84667
2086,user,USR52120
2086,user,USR30812
2086,user,USR43520
2087,user,USR52541
2087,user,USR26366
2087,merchant,MCH1749
2088,user,USR26386
2088,user,USR91982
2088,merchant,MCH2692
2088,user,USR55010
2088,user,USR42784
2089,user,USR39980
2089,merchant,MCH3285
2089,user,USR88027
2089,user,USR99295
2089,user,USR48012
2089,user,USR26389
2090,merchant,MCH6275
2090,user,USR26397
2090,user,USR72235
2091,merchant,MCH8496
2091,user,USR69614
2091,user,USR61019
2091,user,USR26424
2092,user,USR92026
2092,user,USR26427
2092,merchant,MCH2186
2093,user,USR26441
2093,merchant,MCH9452
2094,user,USR26461
2094,merchant,MCH9342
2095,merchant,MCH3240
2095,user,USR61496
2095,user,USR26470
2096,user,USR80268
2096,merchant,MCH5123
2096,user,USR76520
2096,user,USR84929
2096,user,USR34109
2096,user,USR26484
2096,merchant,MCH2894
2097,merchant,MCH4913
2097,user,USR26517
2098,user,USR94210
2098,user,USR52868
2098,user,USR63961
2098,user,USR26521
2098,merchant,MCH2856
2098,user,USR82338
2098,merchant,MCH2221
2098,user,USR61694
2098,merchant,MCH5126
2098,user,USR55462
2098,user,USR76711
2098,user,USR40040
2099,user,USR26544
2099,merchant,MCH5370
2100,user,USR35520
2100,user,USR26554
2100,user,USR74456
2100,merchant,MCH6006
2101,merchant,MCH3295
2101,user,USR26557
2102,user,USR93917
2102,merchant,MCH5899
2102,user,USR30722
2102,user,USR39333
2102,merchant,MCH2232
2102,user,USR26564
2102,user,USR27997
2102,user,USR69727
2102,user,USR92953
2103,user,USR48847
2103,user,USR26580
2103,user,USR60863
2103,merchant,MCH2534
2103,user,USR89961
2104,user,USR47686
2104,user,USR85926
2104,merchant,MCH3490
2104,user,USR44060
2104,merchant,MCH7731
2104,user,USR26585
2104,merchant,MCH7471
2104,user,USR46199
2105,user,USR43828
2105,user,USR50831
2105,user,USR26595
2105,user,USR30483
2105,user,USR34710
2105,merchant,MCH8921
2106,user,USR91531
2106,merchant,MCH4058
2106,user,USR58698
2106,user,USR26601
2107,user,USR26616
2107,merchant,MCH8458
2108,user,USR46106
2108,user,USR61218
2108,user,USR26617
2108,merchant,MCH5604
2109,merchant,MCH1942
2109,user,USR26624
2110,user,USR59295
2110,user,USR51333
2110,user,USR26626
2110,merchant,MCH5340
2111,merchant,MCH4334
2111,user,USR83284
2111,user,USR26629
2112,merchant,MCH2096
2112,user,USR26633
2112,user,USR85279
2113,user,USR29705
2113,user,USR26658
2113,user,USR87746
2113,merchant,MCH7509
2113,user,USR93961
2113,user,USR75081
2113,user,USR85726
2114,user,USR89300
2114,user,USR26666
2114,merchant,MCH2391
2115,user,USR68470
2115,merchant,MCH7922
2115,user,USR35532
2115,merchant,MCH5396
2115,user,USR37456
2115,user,USR26670
2116,user,USR57623
2116,merchant,MCH1893
2116,user,USR73636
2116,user,USR80362
2116,user,USR95418
2116,user,USR26683
2117,merchant,MCH3901
2117,user,USR84746
2117,user,USR80116
2117,user,USR26685
2118,user,USR60805
2118,merchant,MCH4814
2118,user,USR26688
2118,merchant,MCH7094
2119,user,USR61339
2119,user,USR50786
2119,user,USR26701
2119,merchant,MCH4281
2119,user,USR86180
2120,user,USR26703
2120,user,USR30943
2120,user,USR64752
2120,merchant,MCH6174
2120,user,USR71986
2120,merchant,MCH8536
2121,user,USR58526
2121,user,USR26722
2121,user,USR61967
2121,merchant,MCH3302
2121,user,USR90863
2121,merchant,MCH6915
2121,user,USR86701
2122,user,USR56924
2122,user,USR26728
2122,user,USR97835
2122,merchant,MCH7299
2122,user,USR61348
2122,merchant,MCH9262
2122,user,USR40423
2122,user,USR36252
2122,user,USR98882
2123,merchant,MCH9094
2123,user,USR26740
2124,user,USR26741
2124,user,USR97820
2124,merchant,MCH2452
2125,user,USR69210
2125,user,USR26753
2125,merchant,MCH6732
2125,merchant,MCH9221
2125,user,USR74127
2126,merchant,MCH6045
2126,user,USR26765
2126,user,USR90382
2127,user,USR40083
2127,merchant,MCH8390
2127,user,USR26768
2128,merchant,MCH7257
2128,user,USR26770
2128,user,USR57378
2129,merchant,MCH9938
2129,user,USR26791
2130,user,USR45882
2130,user,USR82916
2130,user,USR94122
2130,user,USR26802
2130,merchant,MCH4823
2130,merchant,MCH2149
2130,merchant,MCH1194
2130,user,USR89209
2130,user,USR29307
2130,user,USR42244
2131,merchant,MCH6185
2131,merchant,MCH9109
2131,user,USR73514
2131,user,USR26803
2131,user,USR27083
2131,merchant,MCH1621
2131,user,USR61249
2131,user,USR43516
2132,user,USR26812
2132,merchant,MCH4385
2133,user,USR97470
2133,merchant,MCH1868
2133,merchant,MCH5741
2133,user,USR26814
2133,merchant,MCH8566
2133,user,USR43025
2133,user,USR30848
2133,user,USR83205
2133,user,USR77931
2133,user,USR61500
2133,user,USR66868
2134,merchant,MCH7551
2134,user,USR26837
2135,merchant,MCH9144
2135,user,USR91805
2135,user,USR26843
2136,user,USR33970
2136,merchant,MCH7882
2136,user,USR26880
2136,user,USR39233
2136,user,USR74886
2136,user,USR65545
2137,user,USR26890
2137,merchant,MCH9891
2138,user,USR84084
2138,user,USR89966
2138,user,USR26891
2138,user,USR89717
2138,merchant,MCH7370
2138,user,USR87080
2139,user,USR26894
2139,merchant,MCH4261
2139,user,USR59820
2139,merchant,MCH9563
2139,merchant,MCH3015
2139,user,USR46634
2139,user,USR90080
2139,merchant,MCH1733
2139,user,USR81660
2139,user,USR70331
2139,user,USR41094
2140,user,USR58166
2140,user,USR53402
2140,merchant,MCH1247
2140,user,USR42091
2140,user,USR26919
2140,user,USR38289
2141,merchant,MCH4805
2141,user,USR26934
2141,user,USR68751
2141,user,USR70941
2141,user,USR40557
2142,user,USR74032
2142,user,USR26943
2142,merchant,MCH1760
2143,user,USR26953
2143,user,USR97771
2143,merchant,MCH5274
2143,user,USR89391
2143,merchant,MCH1252
2143,user,USR54829
2144,user,USR27005
2144,user,USR88829
2144,user,USR56934
2144,merchant,MCH3681
2144,user,USR73683
2145,merchant,MCH9027
2145,user,USR27009
2146,merchant,MCH2935
2146,user,USR91319
2146,user,USR27010
2147,merchant,MCH6941
2147,user,USR27023
2147,user,USR77733
2148,user,USR41149
2148,user,USR27040
2148,merchant,MCH3996
2149,merchant,MCH4256
2149,merchant,MCH7895
2149,user,USR71636
2149,user,USR41883
2149,user,USR27056
2150,user,USR27093
2150,merchant,MCH7144
2150,user,USR52975
2151,user,USR99863
2151,user,USR27112
2151,merchant,MCH8359
2152,user,USR91619
2152,user,USR27115
2152,user,USR68261
2152,merchant,MCH7056
2153,user,USR94281
2153,merchant,MCH5492
2153,user,USR27123
2153,merchant,MCH4184
2153,user,USR48352
2153,user,USR41965
2153,user,USR78412
2154,merchant,MCH6314
2154,user,USR36805
2154,user,USR27124
2154,user,USR82376
2155,merchant,MCH1427
2155,user,USR27126
2155,user,USR77786
2156,merchant,MCH8529
2156,user,USR27144
2156,merchant,MCH8410
2156,user,USR85803
2156,user,USR28894
2156,user,USR97032
2156,user,USR58569
2157,merchant,MCH3093
2157,user,USR91228
2157,user,USR45396
2157,user,USR31300
2157,merchant,MCH7855
2157,user,USR27145
2158,user,USR96757
2158,user,USR27185
2158,merchant,MCH1715
2159,merchant,MCH7594
2159,user,USR30629
2159,user,USR27196
2160,user,USR53625
2160,user,USR42483
2160,user,USR36886
2160,user,USR27219
2160,merchant,MCH4084
2160,user,USR77634
2161,user,USR85997
2161,user,USR85861
2161,merchant,MCH7506
2161,user,USR27224
2161,user,USR36835
2162,user,USR31327
2162,user,USR27239
2162,merchant,MCH3395
2163,user,USR27255
2163,merchant,MCH9434
2164,merchant,MCH2743
2164,user,USR27259
2164,user,USR99624
2165,user,USR76725
2165,user,USR66112
2165,user,USR55156
2165,user,USR93466
2165,merchant,MCH7001
2165,merchant,MCH5322
2165,user,USR27261
2166,user,USR27262
2166,user,USR66902
2166,user,USR85483
2166,merchant,MCH4852
2166,user,USR66958
2166,user,USR63465
2167,merchant,MCH7748
2167,user,USR65827
2167,user,USR27268
2168,user,USR73461
2168,user,USR27276
2168,user,USR72883
2168,merchant,MCH3216
2169,merchant,MCH3010
2169,user,USR27283
2170,merchant,MCH5201
2170,user,USR40211
2170,user,USR27287
2171,user,USR27290
2171,user,USR41955
2171,merchant,MCH3954
2172,user,USR59050
2172,user,USR27301
2172,merchant,MCH8090
2173,user,USR27321
2173,merchant,MCH7031
2173,user,USR30022
2173,user,USR72414
2173,user,USR98336
2174,user,USR79019
2174,merchant,MCH2707
2174,user,USR27322
2174,user,USR57979
2174,user,USR54950
2175,merchant,MCH4446
2175,user,USR44937
2175,user,USR35347
2175,user,USR78184
2175,user,USR27329
2176,merchant,MCH6706
2176,user,USR80049
2176,user,USR27335
2177,user,USR27336
2177,merchant,MCH3008
2178,merchant,MCH2843
2178,user,USR27337
2178,user,USR73432
2179,merchant,MCH7894
2179,user,USR33210
2179,user,USR38627
2179,user,USR27339
2180,user,USR27628
2180,user,USR90608
2180,user,USR87646
2180,user,USR27348
2180,user,USR93548
2180,merchant,MCH2386
2180,user,USR55523
2180,merchant,MCH3544
2180,user,USR79090
2180,user,USR42650
2181,user,USR47396
2181,user,USR50565
2181,user,USR27354
2181,merchant,MCH1374
2182,user,USR65716
2182,user,USR63067
2182,user,USR90977
2182,merchant,MCH9156
2182,user,USR95893
2182,user,USR27359
2183,user,USR27360
2183,merchant,MCH4520
2184,user,USR38068
2184,user,USR31976
2184,merchant,MCH3078
2184,user,USR88103
2184,user,USR87505
2184,user,USR27368
2185,user,USR27369
2185,user,USR82415
2185,merchant,MCH3573
2186,user,USR40574
2186,user,USR27373
2186,user,USR51887
2186,merchant,MCH6643
2187,merchant,MCH2427
2187,user,USR27380
2188,user,USR75205
2188,merchant,MCH7430
2188,user,USR91098
2188,merchant,MCH8218
2188,merchant,MCH8066
2188,user,USR96311
2188,user,USR96161
2188,user,USR27387
2188,merchant,MCH7427
2188,user,USR29715
2188,user,USR70874
2188,user,USR30807
2188,user,USR37514
2188,user,USR38110
2189,user,USR95727
2189,user,USR27388
2189,user,USR36257
2189,merchant,MCH3069
2190,user,USR81268
2190,merchant,MCH3229
2190,user,USR27412
2190,user,USR68648
2191,merchant,MCH1161
2191,user,USR27438
2191,user,USR37077
2192,user,USR94712
2192,merchant,MCH8646
2192,user,USR36917
2192,user,USR27454
2192,user,USR62011
2193,user,USR27464
2193,user,USR57123
2193,user,USR81532
2193,merchant,MCH9078
2194,user,USR49352
2194,user,USR69168
2194,user,USR27466
2194,user,USR79250
2194,merchant,MCH8988
2195,user,USR87303
2195,user,USR31365
2195,user,USR66561
2195,user,USR27467
2195,user,USR27635
2195,merchant,MCH7395
2195,merchant,MCH4734
2195,user,USR54912
2195,user,USR85012
2195,user,USR73026
2195,user,USR40312
2196,user,USR27479
2196,user,USR41896
2196,merchant,MCH4463
2197,user,USR27481
2197,user,USR92066
2197,merchant,MCH1295
2198,merchant,MCH6573
2198,user,USR74626
2198,merchant,MCH8114
2198,user,USR27501
2198,user,USR32950
2199,user,USR27504
2199,merchant,MCH5312
2200,user,USR86468
2200,merchant,MCH1044
2200,merchant,MCH8435
2200,user,USR27527
2200,user,USR73632
2200,user,USR51652
2201,user,USR27539
2201,merchant,MCH6284
2201,user,USR64803
2202,user,USR80937
2202,user,USR27550
2202,merchant,MCH4014
2203,user,USR27560
2203,merchant,MCH7121
2203,merchant,MCH5431
2203,user,USR48270
2203,user,USR37690
2204,merchant,MCH8316
2204,user,USR40753
2204,user,USR27561
2205,user,USR59166
2205,merchant,MCH3376
2205,user,USR29097
2205,user,USR27563
2205,user,USR70521
2205,merchant,MCH7750
2206,merchant,MCH7118
2206,user,USR27566
2207,user,USR27574
2207,user,USR75223
2207,merchant,MCH4045
2207,user,USR93460
2207,user,USR85025
2207,merchant,MCH7322
2207,user,USR79070
2207,user,USR79054
2207,merchant,MCH1777
2208,user,USR27594
2208,merchant,MCH8238
2209,merchant,MCH2939
2209,user,USR27596
2210,user,USR96117
2210,user,USR27600
2210,merchant,MCH6935
2210,user,USR78293
2211,merchant,MCH7832
2211,user,USR67979
2211,user,USR27605
2212,user,USR27619
2212,merchant,MCH1243
2213,merchant,MCH4638
2213,merchant,MCH3658
2213,user,USR71257
2213,user,USR28442
2213,user,USR27621
2213,merchant,MCH1888
2213,user,USR78907
2214,user,USR86399
2214,user,USR52978
2214,user,USR32354
2214,user,USR51024
2214,user,USR27625
2214,user,USR77378
2214,user,USR64076
2214,merchant,MCH3022
2214,merchant,MCH3219
2215,merchant,MCH4780
2215,user,USR27646
2216,user,USR52385
2216,merchant,MCH1824
2216,user,USR27654
2217,user,USR27656
2217,merchant,MCH7965
2218,user,USR37300
2218,user,USR27680
2218,merchant,MCH6609
2219,merchant,MCH7088
2219,user,USR27682
2220,user,USR27685
2220,merchant,MCH5663
2221,merchant,MCH6833
2221,user,USR27688
2221,user,USR38969
2221,merchant,MCH7294
2221,user,USR93211
2221,user,USR61795
2221,merchant,MCH9933
2221,user,USR54149
2222,user,USR27691
2222,merchant,MCH3497
2223,user,USR81041
2223,user,USR27728
2223,merchant,MCH6304
2224,merchant,MCH8459
2224,user,USR45896
2224,user,USR27743
2225,user,USR38185
2225,merchant,MCH2962
2225,user,USR27758
2226,user,USR27765
2226,user,USR38468
2226,merchant,MCH5843
2227,merchant,MCH2526
2227,merchant,MCH4271
2227,user,USR27770
2227,user,USR28817
2228,merchant,MCH8456
2228,user,USR38559
2228,user,USR70571
2228,user,USR27774
2229,user,USR51888
2229,user,USR97793
2229,merchant,MCH8727
2229,user,USR27777
2230,merchant,MCH5096
2230,user,USR27778
2230,user,USR73332
2230,user,USR72371
2231,merchant,MCH3337
2231,user,USR98004
2231,user,USR27782
2232,merchant,MCH4503
2232,user,USR27795
2232,user,USR61402
2233,user,USR60294
2233,user,USR51878
2233,merchant,MCH9714
2233,merchant,MCH3628
2233,user,USR27813
2233,user,USR56299
2233,user,USR97435
2233,user,USR78136
2233,merchant,MCH6994
2233,user,USR61950
2233,merchant,MCH3788
2233,user,USR70172
2234,user,USR27818
2234,merchant,MCH9723
2235,user,USR92142
2235,merchant,MCH2794
2235,user,USR27827
2236,user,USR80172
2236,user,USR27841
2236,merchant,MCH8507
2236,user,USR80547
2237,user,USR67171
2237,user,USR42685
2237,merchant,MCH7236
2237,user,USR27847
2237,merchant,MCH5286
2238,user,USR68106
2238,user,USR47994
2238,user,USR51610
2238,user,USR27848
2238,user,USR68007
2238,merchant,MCH8555
2239,merchant,MCH6632
2239,user,USR27849
2239,user,USR88849
2239,user,USR61606
2239,user,USR71515
2239,user,USR89970
2239,merchant,MCH9382
2239,user,USR35674
2240,merchant,MCH7592
2240,user,USR56658
2240,user,USR27853
2240,user,USR59909
2241,merchant,MCH7115
2241,user,USR90423
2241,user,USR28350
2241,user,USR27858
2241,user,USR56689
2242,user,USR27864
2242,merchant,MCH7875
2243,user,USR31381
2243,user,USR38928
2243,merchant,MCH1442
2243,user,USR45530
2243,merchant,MCH2142
2243,user,USR40482
2243,merchant,MCH8528
2243,user,USR27890
2244,user,USR50205
2244,merchant,MCH7475
2244,user,USR27893
2245,merchant,MCH9739
2245,user,USR27898
2245,user,USR63261
2245,user,USR34744
2246,user,USR82677
2246,merchant,MCH6111
2246,user,USR27899
2247,user,USR27908
2247,merchant,MCH1924
2248,user,USR37394
2248,merchant,MCH9415
2248,user,USR85112
2248,merchant,MCH9058
2248,user,USR51331
2248,user,USR27932
2248,merchant,MCH4457
2249,user,USR27937
2249,user,USR97249
2249,user,USR97646
2249,user,USR41759
2249,merchant,MCH1025
2250,user,USR27938
2250,user,USR64689
2250,merchant,MCH1871
2251,user,USR45033
2251,merchant,MCH8328
2251,user,USR27946
2251,user,USR52869
2251,user,USR64687
2252,merchant,MCH7495
2252,user,USR27949
2253,user,USR27956
2253,user,USR93739
2253,user,USR97643
2253,user,USR66982
2253,merchant,MCH5475
2253,merchant,MCH2862
2253,user,USR32057
2253,user,USR93888
2254,merchant,MCH9315
2254,user,USR27965
2255,merchant,MCH1006
2255,user,USR27970
2255,user,USR99866
2255,user,USR86279
2256,user,USR27980
2256,merchant,MCH9691
2257,merchant,MCH1480
2257,user,USR79665
2257,user,USR27982
2257,user,USR48851
2257,user,USR29086
2258,user,USR66909
2258,user,USR28000
2258,merchant,MCH5690
2258,user,USR53517
2258,user,USR32721
2259,merchant,MCH8412
2259,user,USR28013
2260,merchant,MCH7252
2260,user,USR28025
2260,user,USR60738
2261,user,USR58604
2261,merchant,MCH3037
2261,user,USR43738
2261,user,USR28026
2262,user,USR77422
2262,user,USR81402
2262,merchant,MCH8838
2262,user,USR28033
2262,user,USR91043
2263,merchant,MCH7462
2263,user,USR28035
2263,user,USR55545
2264,user,USR29672
2264,user,USR52488
2264,user,USR28043
2264,merchant,MCH9861
2264,user,USR97136
2265,merchant,MCH5211
2265,user,USR28045
2266,user,USR56377
2266,user,USR28049
2266,user,USR44304
2266,user,USR66837
2266,merchant,MCH9000
2266,user,USR32600
2267,merchant,MCH6363
2267,user,USR73656
2267,user,USR28051
2268,user,USR94125
2268,user,USR28057
2268,merchant,MCH6307
2269,merchant,MCH1390
2269,user,USR28074
2269,user,USR34837
2270,user,USR44631
2270,user,USR29810
2270,user,USR28081
2270,merchant,MCH9354
2270,user,USR39556
2270,user,USR84301
2270,user,USR56835
2270,user,USR99227
2270,user,USR74174
2270,merchant,MCH2571
2271,user,USR44750
2271,merchant,MCH3351
2271,user,USR81556
2271,user,USR28083
2271,user,USR46178
2271,merchant,MCH7755
2272,user,USR85446
2272,user,USR99393
2272,merchant,MCH6281
2272,user,USR28095
2273,merchant,MCH8713
2273,user,USR28279
2273,user,USR94923
2273,user,USR28099
2273,user,USR34032
2274,merchant,MCH5841
2274,user,USR28116
2275,user,USR95888
2275,user,USR59482
2275,user,USR78939
2275,user,USR47344
2275,merchant,MCH1792
2275,merchant,MCH3621
2275,merchant,MCH2799
2275,user,USR42442
2275,user,USR35782
2275,user,USR28117
2276,merchant,MCH7987
2276,user,USR28119
2277,merchant,MCH6207
2277,user,USR95118
2277,user,USR28127
2278,merchant,MCH9557
2278,user,USR88655
2278,user,USR76990
2278,user,USR28132
2278,user,USR32295
2279,user,USR55662
2279,merchant,MCH9760
2279,user,USR72113
2279,user,USR28178
2280,merchant,MCH6621
2280,user,USR50579
2280,user,USR85411
2280,user,USR91532
2280,user,USR28180
2280,merchant,MCH8957
2281,user,USR28181
2281,merchant,MCH7664
2282,merchant,MCH4308
2282,user,USR28185
2282,user,USR66640
2283,merchant,MCH8478
2283,user,USR90924
2283,user,USR28197
2284,user,USR28201
2284,user,USR65652
2284,merchant,MCH3600
2284,user,USR47724
2285,user,USR28209
2285,merchant,MCH6768
2286,user,USR28218
2286,user,USR40058
2286,merchant,MCH5711
2286,user,USR45481
2286,user,USR93890
2286,merchant,MCH8690
2287,user,USR28228
2287,merchant,MCH3958
2288,merchant,MCH3968
2288,user,USR28257
2289,user,USR64378
2289,user,USR29813
2289,user,USR87553
2289,user,USR48801
2289,user,USR79177
2289,merchant,MCH1135
2289,merchant,MCH1960
2289,user,USR28258
2290,user,USR28268
2290,merchant,MCH1154
2291,merchant,MCH9449
2291,merchant,MCH4275
2291,user,USR53846
2291,user,USR28275
2291,user,USR77295
2291,user,USR65337
2291,user,USR62622
2291,user,USR78394
2292,user,USR28285
2292,merchant,MCH2955
2293,user,USR28290
2293,merchant,MCH7139
2293,user,USR51648
2293,user,USR30103
2294,user,USR41600
2294,user,USR28291
2294,merchant,MCH5660
2294,merchant,MCH8006
2295,user,USR28294
2295,user,USR69226
2295,merchant,MCH4793
2296,user,USR56117
2296,user,USR28305
2296,user,USR99965
2296,merchant,MCH2434
2296,user,USR63444
2296,user,USR54521
2296,merchant,MCH1568
2297,user,USR53779
2297,user,USR76631
2297,user,USR67814
2297,merchant,MCH5171
2297,user,USR65183
2297,user,USR52879
2297,user,USR28326
2297,merchant,MCH3771
2298,user,USR95539
2298,merchant,MCH7069
2298,user,USR76508
2298,merchant,MCH4820
2298,user,USR28338
2298,user,USR69478
2298,user,USR60728
2299,user,USR28352
2299,user,USR66485
2299,merchant,MCH1171
2299,merchant,MCH1627
2299,user,USR82393
2300,user,USR28353
2300,user,USR75237
2300,merchant,MCH9017
2301,merchant,MCH5512
2301,user,USR28385
2301,user,USR62378
2302,user,USR87107
2302,user,USR28386
2302,user,USR72947
2302,merchant,MCH1254
2302,user,USR64285
2302,user,USR77972
2302,user,USR91425
2302,merchant,MCH9243
2303,user,USR29409
2303,user,USR28405
2303,merchant,MCH5021
2304,merchant,MCH6845
2304,user,USR28435
2304,user,USR32975
2305,user,USR58549
2305,merchant,MCH3489
2305,user,USR93453
2305,user,USR28444
2306,user,USR28461
2306,merchant,MCH6513
2306,merchant,MCH9783
2307,user,USR28463
2307,user,USR94259
2307,user,USR92685
2307,user,USR85235
2307,merchant,MCH1356
2307,merchant,MCH7646
2308,user,USR72191
2308,user,USR48810
2308,merchant,MCH2737
2308,user,USR28469
2308,user,USR68288
2308,user,USR49513
2308,user,USR65399
2308,merchant,MCH9308
2308,user,USR30558
2308,merchant,MCH3915
2309,user,USR28513
2309,merchant,MCH6480
2310,merchant,MCH5506
2310,user,USR69802
2310,user,USR41056
2310,merchant,MCH9394
2310,user,USR91419
2310,user,USR28520
2310,merchant,MCH9314
2310,merchant,MCH3546
2310,user,USR87663
2310,user,USR80849
2311,merchant,MCH8276
2311,user,USR92036
2311,user,USR46905
2311,user,USR28531
2312,user,USR28532
2312,user,USR48822
2312,merchant,MCH4744
2312,user,USR66367
2313,user,USR95047
2313,user,USR82235
2313,user,USR28535
2313,user,USR81387
2313,merchant,MCH9186
2314,user,USR33729
2314,merchant,MCH6346
2314,user,USR28541
2315,user,USR28542
2315,merchant,MCH6622
2316,user,USR28546
2316,merchant,MCH6073
2317,user,USR42601
2317,user,USR78531
2317,merchant,MCH2876
2317,user,USR28579
2317,user,USR33636
2318,user,USR28582
2318,merchant,MCH5118
2318,user,USR66020
2318,user,USR32572
2318,user,USR32333
2318,user,USR53438
2318,user,USR45932
2318,merchant,MCH2886
2319,user,USR28608
2319,merchant,MCH7127
2319,user,USR99135
2320,merchant,MCH1420
2320,user,USR28613
2320,user,USR51211
2321,user,USR92196
2321,user,USR45493
2321,user,USR85974
2321,user,USR28617
2321,user,USR56564
2321,merchant,MCH2369
2322,user,USR28625
2322,merchant,MCH6631
2323,merchant,MCH8245
2323,user,USR28628
2324,user,USR64488
2324,user,USR28639
2324,merchant,MCH7747
2325,user,USR42159
2325,merchant,MCH6196
2325,user,USR28656
2326,user,USR38394
2326,user,USR28665
2326,merchant,MCH4393
2327,user,USR28682
2327,user,USR45084
2327,merchant,MCH1537
2327,user,USR76968
2328,merchant,MCH5372
2328,user,USR28691
2328,user,USR86510
2329,user,USR28694
2329,user,USR59380
2329,merchant,MCH3471
2330,merchant,MCH4678
2330,user,USR28715
2331,merchant,MCH2733
2331,user,USR28720
2331,user,USR50288
2331,user,USR33792
2331,user,USR93964
2331,user,USR80479
2332,user,USR36822
2332,user,USR56133
2332,user,USR28722
2332,user,USR98006
2332,merchant,MCH9667
2333,merchant,MCH1322
2333,user,USR28737
2333,user,USR60978
2334,user,USR69023
2334,merchant,MCH9750
2334,user,USR28742
2335,merchant,MCH4880
2335,user,USR28754
2336,merchant,MCH6254
2336,user,USR28764
2337,user,USR28767
2337,user,USR82470
2337,user,USR96540
2337,user,USR82832
2337,merchant,MCH8580
2338,user,USR28769
2338,merchant,MCH1304
2338,user,USR85486
2338,user,USR79964
2339,merchant,MCH2666
2339,user,USR28790
2340,user,USR92514
2340,user,USR28803
2340,merchant,MCH1392
2340,user,USR41709
2340,user,USR30898
2341,user,USR74816
2341,merchant,MCH4989
2341,user,USR28837
2341,user,USR92129
2342,merchant,MCH8505
2342,user,USR72419
2342,user,USR62222
2342,user,USR28847
2342,user,USR33600
2342,user,USR88518
2342,user,USR86881
2342,merchant,MCH2267
2343,merchant,MCH5111
2343,user,USR28850
2343,user,USR93008
2343,user,USR68525
2344,user,USR28868
2344,user,USR44018
2344,user,USR97498
2344,user,USR86491
2344,merchant,MCH9051
2344,merchant,MCH4096
2344,user,USR50279
2345,user,USR41354
2345,user,USR28876
2345,merchant,MCH9962
2346,merchant,MCH9512
2346,user,USR28882
2347,merchant,MCH4193
2347,user,USR28900
2348,merchant,MCH2320
2348,user,USR69225
2348,user,USR35403
2348,user,USR67674
2348,user,USR28920
2349,user,USR71397
2349,user,USR35396
2349,merchant,MCH2783
2349,user,USR82326
2349,user,USR28928
2349,user,USR53341
2350,merchant,MCH5719
2350,user,USR75902
2350,user,USR28960
2351,merchant,MCH7791
2351,user,USR28965
2351,user,USR62756
2352,merchant,MCH3194
2352,user,USR66280
2352,user,USR28972
2353,merchant,MCH6179
2353,user,USR82128
2353,user,USR28982
2354,user,USR29012
2354,user,USR50964
2354,user,USR70265
2354,user,USR84504
2354,merchant,MCH6848
2354,user,USR70547
2355,merchant,MCH8137
2355,user,USR29024
2355,user,USR74264
2356,merchant,MCH4280
2356,user,USR29025
2357,merchant,MCH9446
2357,user,USR31482
2357,user,USR29038
2358,user,USR29039
2358,merchant,MCH5161
2359,user,USR29070
2359,user,USR79115
2359,merchant,MCH3570
2360,merchant,MCH6771
2360,user,USR84853
2360,user,USR29079
2361,merchant,MCH3800
2361,user,USR29096
2362,user,USR66502
2362,user,USR29106
2362,user,USR83564
2362,user,USR49284
2362,merchant,MCH3950
2363,user,USR29111
2363,merchant,MCH6085
2364,user,USR95180
2364,user,USR29124
2364,merchant,MCH9616
2364,user,USR94372
2365,user,USR86358
2365,user,USR29128
2365,merchant,MCH6802
2366,user,USR29151
2366,merchant,MCH3073
2367,user,USR47960
2367,merchant,MCH6305
2367,user,USR81200
2367,user,USR29152
2368,merchant,MCH4293
2368,user,USR29162
2368,user,USR75376
2369,merchant,MCH6919
2369,user,USR41266
2369,user,USR29169
2370,user,USR48343
2370,user,USR29181
2370,merchant,MCH2000
2370,merchant,MCH7012
2370,user,USR70986
2371,merchant,MCH1701
2371,user,USR99848
2371,user,USR29192
2372,user,USR98629
2372,merchant,MCH8157
2372,user,USR29215
2373,merchant,MCH1676
2373,user,USR29232
2374,user,USR29235
2374,user,USR36978
2374,merchant,MCH2608
2375,merchant,MCH8544
2375,user,USR29250
2376,merchant,MCH5365
2376,user,USR72800
2376,user,USR29258
2377,merchant,MCH4020
2377,user,USR29265
2377,user,USR62862
2377,user,USR63420
2377,user,USR32557
2377,user,USR57850
2378,user,USR33458
2378,user,USR29282
2378,merchant,MCH6433
2379,user,USR95697
2379,user,USR36229
2379,user,USR80560
2379,user,USR29750
2379,merchant,MCH7518
2379,user,USR61911
2379,user,USR73522
2379,merchant,MCH1043
2379,user,USR33758
2379,user,USR56363
2379,user,USR92603
2379,user,USR29285
2380,user,USR48164
2380,merchant,MCH4710
2380,user,USR68702
2380,user,USR29318
2381,user,USR46449
2381,user,USR58435
2381,user,USR29334
2381,merchant,MCH6394
2382,merchant,MCH7176
2382,user,USR29335
2383,user,USR40395
2383,merchant,MCH3452
2383,user,USR29348
2383,user,USR83035
2383,user,USR30958
2384,user,USR39347
2384,merchant,MCH5234
2384,user,USR29350
2385,user,USR54855
2385,user,USR29382
2385,merchant,MCH8441
2385,user,USR31115
2385,user,USR29375
2385,user,USR54217
2385,user,USR30601
2385,user,USR49620
2385,user,USR93792
2385,merchant,MCH2309
2385,merchant,MCH6682
2386,user,USR98620
2386,user,USR82348
2386,user,USR49508
2386,merchant,MCH8189
2386,user,USR29383
2387,user,USR29401
2387,merchant,MCH3319
2387,user,USR72505
2387,merchant,MCH4244
2387,user,USR53323
2388,merchant,MCH1642
2388,user,USR29420
2389,user,USR29448
2389,merchant,MCH9220
2389,user,USR61468
2390,user,USR82783
2390,user,USR29458
2390,merchant,MCH4113
2391,user,USR29463
2391,user,USR75721
2391,user,USR29853
2391,merchant,MCH4106
2391,merchant,MCH9168
2391,user,USR46190
2391,user,USR33006
2391,user,USR74463
2392,user,USR47957
2392,user,USR48129
2392,user,USR29464
2392,merchant,MCH4360
2392,user,USR33049
2392,user,USR48415
2392,merchant,MCH1869
2392,user,USR67677
2393,user,USR29503
2393,user,USR93816
2393,merchant,MCH7231
2394,user,USR41420
2394,user,USR68117
2394,user,USR29505
2394,merchant,MCH6286
2395,user,USR71225
2395,merchant,MCH5981
2395,user,USR29518
2396,user,USR71821
2396,merchant,MCH5862
2396,user,USR90581
2396,user,USR29528
2397,user,USR68340
2397,merchant,MCH5602
2397,user,USR29533
2397,user,USR40044
2397,user,USR33256
2397,user,USR98430
2398,user,USR62307
2398,user,USR56281
2398,user,USR94008
2398,user,USR58618
2398,user,USR85427
2398,user,USR55472
2398,merchant,MCH9115
2398,user,USR29542
2398,user,USR39296
2398,merchant,MCH7167
2399,merchant,MCH8956
2399,user,USR29544
2399,user,USR32224
2399,user,USR57340
2400,user,USR73994
2400,user,USR77237
2400,user,USR88354
2400,user,USR41230
2400,user,USR69286
2400,merchant,MCH5335
2400,merchant,MCH6922
2400,user,USR29549
2401,merchant,MCH6801
2401,user,USR43775
2401,user,USR66371
2401,user,USR72109
2401,user,USR29557
2402,merchant,MCH6165
2402,user,USR91986
2402,user,USR29560
2403,user,USR76129
2403,user,USR29565
2403,merchant,MCH3006
2403,user,USR52561
2404,user,USR29593
2404,merchant,MCH7405
2404,user,USR90595
2404,user,USR81524
2404,user,USR57714
2404,user,USR46636
2405,merchant,MCH4107
2405,user,USR36417
2405,user,USR29605
2405,user,USR40699
2406,user,USR99165
2406,user,USR29612
2406,user,USR58395
2406,merchant,MCH1872
2407,merchant,MCH1335
2407,user,USR68670
2407,user,USR29624
2407,user,USR96411
2408,merchant,MCH9644
2408,user,USR29627
2408,user,USR72831
2408,user,USR42260
2409,merchant,MCH5292
2409,user,USR81003
2409,user,USR29631
2410,user,USR92762
2410,user,USR29647
2410,user,USR44585
2410,merchant,MCH4573
2411,user,USR29649
2411,merchant,MCH1697
2411,user,USR37851
2412,user,USR29651
2412,merchant,MCH9303
2413,merchant,MCH1830
2413,merchant,MCH7316
2413,user,USR54786
2413,user,USR81626
2413,user,USR29671
2413,user,USR68632
2414,user,USR37542
2414,user,USR43756
2414,user,USR29689
2414,user,USR66094
2414,merchant,MCH6152
2415,merchant,MCH8815
2415,user,USR29699
2416,merchant,MCH3166
2416,user,USR94578
2416,user,USR29725
2417,merchant,MCH9518
2417,user,USR40710
2417,user,USR29729
2417,user,USR90539
2417,user,USR58469
2418,merchant,MCH9553
2418,user,USR29731
2418,user,USR33513
2419,merchant,MCH2600
2419,user,USR84149
2419,user,USR44779
2419,user,USR32179
2419,merchant,MCH7419
2419,user,USR53865
2419,user,USR78860
2419,user,USR65475
2419,user,USR60889
2419,user,USR51515
2419,user,USR29732
2419,merchant,MCH8121
2419,user,USR95654
2419,user,USR70770
2420,user,USR29749
2420,merchant,MCH5432
2421,user,USR34699
2421,user,USR29757
2421,user,USR99591
2421,merchant,MCH4609
2421,merchant,MCH7291
2422,user,USR29770
2422,merchant,MCH8863
2422,user,USR48866
2423,merchant,MCH8892
2423,user,USR86108
2423,user,USR29779
2424,user,USR29796
2424,merchant,MCH9140
2424,user,USR72971
2424,user,USR94120
2425,user,USR29798
2425,user,USR75580
2425,merchant,MCH1152
2426,user,USR60309
2426,merchant,MCH6815
2426,user,USR46318
2426,user,USR36760
2426,user,USR35776
2426,user,USR29821
2426,user,USR67513
2426,merchant,MCH1343
2426,merchant,MCH5839
2426,user,USR98397
2426,user,USR67936
2427,user,USR52506
2427,user,USR94714
2427,user,USR36442
2427,merchant,MCH1454
2427,user,USR29831
2427,merchant,MCH7692
2428,merchant,MCH4988
2428,user,USR29836
2429,user,USR47361
2429,user,USR29842
2429,merchant,MCH9183
2429,user,USR47699
2430,user,USR29873
2430,merchant,MCH3138
2430,user,USR38384
2430,user,USR96847
2430,user,USR45842
2431,user,USR51851
2431,user,USR29875
2431,merchant,MCH3654
2432,merchant,MCH3033
2432,user,USR29876
2432,user,USR56453
2433,user,USR47690
2433,merchant,MCH5955
2433,user,USR29884
2434,merchant,MCH5030
2434,user,USR29929
2434,user,USR90005
2435,merchant,MCH4213
2435,user,USR29950
2435,user,USR87180
2435,user,USR40765
2436,user,USR72066
2436,merchant,MCH4115
2436,merchant,MCH6169
2436,user,USR84336
2436,user,USR29958
2437,user,USR29963
2437,merchant,MCH1051
2438,merchant,MCH1562
2438,user,USR29969
2439,user,USR93171
2439,merchant,MCH5785
2439,user,USR29970
2439,user,USR53499
2439,user,USR32032
2439,user,USR96606
2440,user,USR29973
2440,merchant,MCH4217
2441,merchant,MCH2068
2441,user,USR29995
2442,user,USR96033
2442,merchant,MCH8372
2442,user,USR30002
2443,user,USR93864
2443,user,USR30005
2443,user,USR52604
2443,merchant,MCH3549
2444,user,USR47415
2444,user,USR30007
2444,user,USR80340
2444,merchant,MCH3461
2445,user,USR96153
2445,merchant,MCH4198
2445,user,USR30023
2446,user,USR33991
2446,user,USR30045
2446,merchant,MCH7817
2446,user,USR75086
2447,user,USR30052
2447,merchant,MCH7247
2447,user,USR55314
2447,user,USR81646
2447,user,USR84808
2447,merchant,MCH3404
2447,user,USR83665
2447,merchant,MCH1367
2447,user,USR97977
2447,user,USR53673
2447,user,USR94647
2448,user,USR30073
2448,merchant,MCH2318
2449,user,USR30095
2449,merchant,MCH2422
2450,user,USR30096
2450,merchant,MCH4036
2451,user,USR30106
2451,merchant,MCH5894
2452,user,USR64003
2452,user,USR30109
2452,merchant,MCH6618
2453,user,USR30128
2453,merchant,MCH4088
2453,user,USR76505
2454,user,USR30142
2454,user,USR40230
2454,user,USR34483
2454,merchant,MCH8873
2454,merchant,MCH6473
2454,user,USR66003
2454,user,USR96431
2455,user,USR30147
2455,user,USR76739
2455,merchant,MCH6792
2456,user,USR30169
2456,merchant,MCH4278
2456,merchant,MCH3739
2456,user,USR54194
2456,user,USR59047
2456,user,USR85334
2457,user,USR30184
2457,user,USR58589
2457,merchant,MCH5486
2458,merchant,MCH6877
2458,user,USR30185
2459,user,USR30196
2459,user,USR30991
2459,user,USR61768
2459,user,USR33159
2459,merchant,MCH5618
2460,user,USR56032
2460,user,USR64029
2460,merchant,MCH4768
2460,user,USR90425
2460,merchant,MCH5350
2460,user,USR73016
2460,user,USR97687
2460,user,USR42366
2460,user,USR97158
2460,user,USR30206
2460,merchant,MCH5124
2460,user,USR57495
2460,merchant,MCH2814
2460,user,USR86049
2461,merchant,MCH3181
2461,user,USR87928
2461,merchant,MCH2271
2461,user,USR30207
2461,user,USR82256
2462,user,USR43386
2462,user,USR82191
2462,user,USR30239
2462,user,USR53158
2462,user,USR55974
2462,merchant,MCH9948
2462,merchant,MCH1141
2462,user,USR71182
2462,user,USR62483
2462,user,USR60790
2463,merchant,MCH6103
2463,user,USR98500
2463,user,USR30242
2464,user,USR30267
2464,user,USR38022
2464,merchant,MCH3377
2465,user,USR84518
2465,user,USR30275
2465,merchant,MCH3615
2465,user,USR89337
2465,user,USR82847
2466,merchant,MCH8881
2466,user,USR71153
2466,user,USR76268
2466,user,USR30280
2466,user,USR64020
2467,user,USR89948
2467,merchant,MCH5895
2467,user,USR30289
2467,user,USR39199
2468,user,USR30317
2468,user,USR99537
2468,user,USR37372
2468,user,USR54642
2468,merchant,MCH8669
2468,user,USR79947
2468,user,USR83861
2469,user,USR30319
2469,merchant,MCH6903
2470,user,USR30397
2470,merchant,MCH1415
2470,user,USR52054
2470,user,USR87500
2470,user,USR81901
2470,user,USR96701
2470,user,USR60533
2470,user,USR30349
2470,merchant,MCH5342
2470,merchant,MCH1569
2471,user,USR50290
2471,user,USR30355
2471,merchant,MCH9736
2472,user,USR84216
2472,user,USR30380
2472,user,USR76750
2472,merchant,MCH6228
2472,user,USR87470
2473,merchant,MCH4887
2473,user,USR30434
2473,user,USR48384
2474,user,USR30435
2474,merchant,MCH2873
2475,merchant,MCH6365
2475,user,USR50088
2475,user,USR81460
2475,merchant,MCH3232
2475,merchant,MCH8937
2475,user,USR30438
2475,user,USR60002
2475,user,USR51171
2476,merchant,MCH1496
2476,merchant,MCH7628
2476,user,USR62393
2476,user,USR45643
2476,merchant,MCH3880
2476,user,USR65986
2476,user,USR45426
2476,user,USR68591
2476,user,USR30455
2477,merchant,MCH2260
2477,user,USR37982
2477,merchant,MCH8961
2477,user,USR78594
2477,user,USR92215
2477,user,USR84958
2477,user,USR30474
2478,merchant,MCH3150
2478,user,USR30479
2478,user,USR58846
2478,user,USR91727
2479,user,USR31067
2479,merchant,MCH3207
2479,user,USR96014
2479,user,USR93898
2479,user,USR56779
2479,user,USR37853
2479,user,USR51007
2479,user,USR30498
2479,merchant,MCH7190
2480,user,USR52445
2480,user,USR30518
2480,user,USR75242
2480,merchant,MCH3124
2481,user,USR30532
2481,merchant,MCH5855
2482,user,USR51222
2482,merchant,MCH8214
2482,user,USR30535
2482,user,USR38114
2483,user,USR86097
2483,merchant,MCH6902
2483,user,USR30537
2483,user,USR41471
2484,user,USR30549
2484,merchant,MCH8096
2484,user,USR30884
2484,user,USR83993
2485,user,USR84127
2485,user,USR86696
2485,user,USR30562
2485,user,USR58140
2485,merchant,MCH4763
2485,merchant,MCH2403
2486,merchant,MCH6380
2486,user,USR30571
2486,merchant,MCH3813
2486,user,USR72987
2486,user,USR90295
2486,user,USR93775
2486,user,USR55061
2487,user,USR30575
2487,merchant,MCH1382
2487,user,USR54822
2487,user,USR46456
2488,merchant,MCH3946
2488,user,USR30585
2489,user,USR71854
2489,user,USR50712
2489,merchant,MCH4204
2489,user,USR37276
2489,user,USR30591
2490,user,USR30602
2490,merchant,MCH6570
2490,user,USR85355
2491,user,USR30627
2491,user,USR55121
2491,user,USR67363
2491,merchant,MCH2594
2492,user,USR37282
2492,merchant,MCH2365
2492,merchant,MCH3257
2492,merchant,MCH4263
2492,user,USR85185
2492,user,USR34580
2492,user,USR30630
2492,user,USR80430
2492,user,USR34195
2492,user,USR77669
2493,merchant,MCH3997
2493,user,USR95859
2493,user,USR50848
2493,user,USR30632
2494,user,USR61574
2494,user,USR30653
2494,user,USR48232
2494,merchant,MCH1623
2495,user,USR86610
2495,user,USR30672
2495,merchant,MCH9443
2496,merchant,MCH2261
2496,user,USR35622
2496,user,USR30697
2497,user,USR30719
2497,user,USR80456
2497,user,USR79434
2497,merchant,MCH9038
2498,user,USR44610
2498,user,USR69082
2498,merchant,MCH4304
2498,user,USR50265
2498,user,USR30738
2499,merchant,MCH2768
2499,user,USR82466
2499,user,USR96932
2499,user,USR30761
2499,merchant,MCH5698
2499,user,USR32378
2499,user,USR92771
2500,user,USR30762
2500,user,USR45002
2500,merchant,MCH8001
2501,user,USR95119
2501,merchant,MCH2953
2501,user,USR38624
2501,merchant,MCH2639
2501,user,USR30780
2501,user,USR90028
2502,user,USR85122
2502,user,USR30788
2502,user,USR54744
2502,merchant,MCH9786
2502,merchant,MCH3264
2502,user,USR44800
2503,user,USR72782
2503,user,USR96164
2503,merchant,MCH7388
2503,user,USR42094
2503,user,USR30815
2503,user,USR92485
2504,merchant,MCH5360
2504,user,USR30831
2505,user,USR87245
2505,user,USR46116
2505,merchant,MCH3764
2505,user,USR60749
2505,user,USR83155
2505,user,USR30868
2505,merchant,MCH5768
2506,user,USR38968
2506,merchant,MCH8894
2506,user,USR30869
2507,user,USR30873
2507,user,USR98984
2507,user,USR44887
2507,merchant,MCH8808
2507,user,USR50433
2508,user,USR30875
2508,merchant,MCH9545
2508,user,USR96755
2508,merchant,MCH9208
2508,user,USR70140
2509,user,USR30876
2509,merchant,MCH9945
2509,user,USR90601
2510,user,USR30880
2510,merchant,MCH8734
2510,user,USR93744
2511,merchant,MCH8612
2511,user,USR30900
2512,merchant,MCH6617
2512,user,USR92111
2512,user,USR45885
2512,user,USR30929
2512,user,USR69671
2512,user,USR36112
2512,merchant,MCH2672
2513,user,USR30948
2513,user,USR84095
2513,merchant,MCH9758
2514,user,USR30976
2514,user,USR69754
2514,merchant,MCH7407
2514,user,USR79339
2514,user,USR42368
2514,user,USR76396
2515,merchant,MCH8588
2515,user,USR33371
2515,user,USR31006
2516,user,USR51869
2516,merchant,MCH5912
2516,merchant,MCH7457
2516,user,USR57056
2516,user,USR40149
2516,merchant,MCH4381
2516,user,USR34525
2516,user,USR54562
2516,merchant,MCH6750
2516,user,USR31013
2516,user,USR33794
2516,merchant,MCH3388
2516,user,USR50130
2516,user,USR57444
2516,user,USR61652
2516,user,USR62830
2516,user,USR76727
2517,user,USR31031
2517,user,USR45304
2517,merchant,MCH6950
2517,user,USR40345
2517,merchant,MCH9211
2517,user,USR88111
2518,merchant,MCH7143
2518,user,USR95955
2518,user,USR85707
2518,user,USR49263
2518,merchant,MCH2076
2518,user,USR75712
2518,user,USR93482
2518,user,USR33061
2518,user,USR31049
2518,user,USR40088
2519,merchant,MCH4749
2519,user,USR31073
2519,user,USR43108
2519,user,USR36744
2520,merchant,MCH7373
2520,user,USR31091
2520,user,USR50827
2521,user,USR31129
2521,user,USR54188
2521,merchant,MCH6917
2521,user,USR45215
2522,user,USR39004
2522,merchant,MCH6369
2522,user,USR31132
2522,user,USR76883
2523,merchant,MCH8958
2523,user,USR31137
2524,user,USR38173
2524,merchant,MCH9279
2524,user,USR31141
2525,merchant,MCH1984
2525,user,USR31169
2525,user,USR33029
2526,user,USR63075
2526,user,USR71601
2526,user,USR71345
2526,user,USR31182
2526,user,USR33032
2526,merchant,MCH7390
2526,user,USR47572
2526,user,USR71162
2526,merchant,MCH3417
2527,user,USR35556
2527,user,USR53547
2527,user,USR31220
2527,merchant,MCH6913
2528,merchant,MCH6772
2528,user,USR53718
2528,user,USR88356
2528,user,USR71581
2528,user,USR31227
2528,user,USR71749
2528,user,USR92348
2529,user,USR71805
2529,merchant,MCH5699
2529,merchant,MCH7092
2529,user,USR31845
2529,user,USR92329
2529,user,USR89387
2529,user,USR90121
2529,user,USR49412
2529,user,USR49292
2529,user,USR75511
2529,user,USR31231
2529,merchant,MCH7860
2530,user,USR40935
2530,user,USR81214
2530,merchant,MCH8089
2530,user,USR66904
2530,user,USR34297
2530,merchant,MCH2554
2530,merchant,MCH5800
2530,user,USR97275
2530,user,USR73121
2530,merchant,MCH4358
2530,merchant,MCH7786
2530,user,USR76719
2530,user,USR75888
2530,user,USR31233
2530,user,USR89157
2530,user,USR70323
2530,user,USR52293
2530,user,USR67289
2530,user,USR36182
2530,user,USR70100
2531,user,USR84460
2531,merchant,MCH3944
2531,user,USR60926
2531,user,USR31247
2532,user,USR31268
2532,user,USR72504
2532,merchant,MCH9996
2532,user,USR85551
2533,merchant,MCH7488
2533,user,USR31282
2533,user,USR81667
2533,user,USR60546
2534,merchant,MCH6859
2534,user,USR31286
2535,merchant,MCH1550
2535,user,USR33577
2535,user,USR59209
2535,merchant,MCH7641
2535,user,USR56094
2535,user,USR31292
2535,user,USR85692
2536,user,USR31293
2536,user,USR49705
2536,user,USR82964
2536,merchant,MCH1317
2537,user,USR97322
2537,user,USR36884
2537,user,USR67079
2537,user,USR99918
2537,user,USR50889
2537,user,USR56971
2537,merchant,MCH5054
2537,user,USR76269
2537,user,USR51116
2537,user,USR31302
2537,merchant,MCH2083
2538,user,USR31329
2538,merchant,MCH4218
2538,user,USR53073
2538,merchant,MCH8002
2538,user,USR66771
2539,user,USR62310
2539,user,USR31337
2539,user,USR92364
2539,merchant,MCH2569
2540,user,USR31339
2540,user,USR42556
2540,merchant,MCH5029
2541,user,USR47329
2541,merchant,MCH9163
2541,user,USR31349
2541,user,USR94179
2541,merchant,MCH5867
2541,user,USR71060
2542,merchant,MCH3412
2542,user,USR89760
2542,user,USR31358
2542,user,USR83501
2542,user,USR76639
2542,merchant,MCH5727
2543,merchant,MCH6510
2543,user,USR65744
2543,user,USR73000
2543,user,USR31370
2543,user,USR76574
2544,user,USR40609
2544,merchant,MCH4811
2544,user,USR48556
2544,user,USR83770
2544,user,USR31371
2544,merchant,MCH7359
2544,user,USR90212
2545,merchant,MCH8705
2545,user,USR93866
2545,user,USR54585
2545,merchant,MCH6518
2545,user,USR73542
2545,user,USR31957
2545,user,USR88309
2545,user,USR93515
2545,user,USR52962
2545,user,USR50632
2545,user,USR31385
2545,user,USR41939
2545,merchant,MCH3114
2545,user,USR60198
2546,user,USR31388
2546,merchant,MCH8571
2546,user,USR50316
2547,user,USR31396
2547,merchant,MCH9483
2547,user,USR68337
2548,merchant,MCH8295
2548,user,USR61556
2548,user,USR31410
2548,user,USR79624
2549,user,USR75311
2549,user,USR31446
2549,merchant,MCH1380
2549,user,USR95046
2550,merchant,MCH9197
2550,user,USR78843
2550,user,USR34944
2550,user,USR96392
2550,user,USR31466
2550,user,USR53488
2550,user,USR90824
2550,merchant,MCH8516
2551,user,USR31478
2551,user,USR42450
2551,merchant,MCH3709
2552,merchant,MCH7464
2552,user,USR60344
2552,user,USR73572
2552,user,USR31488
2553,user,USR31510
2553,merchant,MCH3043
2554,user,USR31522
2554,user,USR53093
2554,merchant,MCH3383
2555,user,USR31532
2555,user,USR42638
2555,user,USR83472
2555,merchant,MCH6267
2556,merchant,MCH5573
2556,user,USR77404
2556,user,USR31551
2557,user,USR92382
2557,user,USR64858
2557,merchant,MCH2075
2557,user,USR45861
2557,user,USR31554
2558,merchant,MCH2370
2558,user,USR31558
2559,user,USR47989
2559,user,USR31575
2559,merchant,MCH1055
2560,user,USR44030
2560,user,USR31602
2560,user,USR81896
2560,merchant,MCH8847
2561,user,USR79755
2561,merchant,MCH8804
2561,user,USR31605
2561,user,USR78523
2562,merchant,MCH2246
2562,user,USR31613
2562,user,USR69371
2563,user,USR43953
2563,merchant,MCH9624
2563,user,USR31616
2563,user,USR49553
2563,user,USR53311
2564,user,USR31623
2564,user,USR97723
2564,user,USR65779
2564,merchant,MCH2377
2565,merchant,MCH3367
2565,user,USR86008
2565,user,USR31649
2566,user,USR31672
2566,merchant,MCH2158
2567,user,USR31693
2567,merchant,MCH1648
2567,user,USR35224
2568,user,USR74758
2568,user,USR31699
2568,merchant,MCH5290
2568,user,USR40664
2569,user,USR87483
2569,user,USR48686
2569,user,USR31702
2569,merchant,MCH5191
2569,user,USR76573
2570,merchant,MCH1634
2570,user,USR44358
2570,user,USR31703
2571,user,USR74058
2571,user,USR31710
2571,merchant,MCH3845
2571,user,USR52538
2572,merchant,MCH3819
2572,user,USR31712
2573,user,USR31724
2573,merchant,MCH4336
2574,user,USR31741
2574,merchant,MCH4150
2575,user,USR31782
2575,user,USR53919
2575,merchant,MCH3945
2576,user,USR35903
2576,user,USR51369
2576,user,USR31784
2576,merchant,MCH6504
2576,user,USR81036
2576,merchant,MCH4927
2577,merchant,MCH1123
2577,user,USR79366
2577,user,USR31787
2578,merchant,MCH2361
2578,user,USR31860
2579,user,USR82300
2579,merchant,MCH9004
2579,merchant,MCH5185
2579,user,USR86100
2579,user,USR62186
2579,user,USR32801
2579,user,USR96364
2579,user,USR78359
2579,user,USR45428
2579,user,USR31870
2579,user,USR80145
2580,merchant,MCH6876
2580,user,USR98715
2580,user,USR31873
2581,user,USR47065
2581,user,USR31880
2581,user,USR46331
2581,merchant,MCH1798
2582,merchant,MCH4225
2582,user,USR39143
2582,user,USR31906
2583,user,USR31917
2583,user,USR95868
2583,merchant,MCH9300
2584,user,USR70120
2584,user,USR70864
2584,user,USR31925
2584,merchant,MCH4480
2585,user,USR63260
2585,user,USR31952
2585,merchant,MCH6382
2586,merchant,MCH2210
2586,user,USR82106
2586,merchant,MCH8522
2586,user,USR72473
2586,user,USR62990
2586,user,USR31966
2587,merchant,MCH1707
2587,user,USR31973
2587,user,USR89840
2587,user,USR33653
2588,merchant,MCH9810
2588,user,USR71371
2588,user,USR72270
2588,user,USR31978
2588,user,USR61238
2588,user,USR93399
2589,user,USR31981
2589,merchant,MCH8449
2590,user,USR49324
2590,user,USR97728
2590,merchant,MCH3174
2590,user,USR31991
2591,user,USR91820
2591,merchant,MCH5221
2591,user,USR85247
2591,user,USR32009
2592,user,USR37924
2592,merchant,MCH5090
2592,user,USR49437
2592,user,USR32010
2593,user,USR47657
2593,merchant,MCH6401
2593,user,USR74358
2593,user,USR32042
2594,user,USR75947
2594,user,USR32046
2594,merchant,MCH2157
2595,merchant,MCH7196
2595,merchant,MCH4557
2595,user,USR79756
2595,user,USR71846
2595,user,USR33821
2595,user,USR32052
2595,user,USR41935
2596,user,USR32061
2596,merchant,MCH8341
2597,user,USR32085
2597,merchant,MCH3387
2598,merchant,MCH7312
2598,user,USR32087
2599,user,USR51168
2599,merchant,MCH8502
2599,user,USR32143
2600,user,USR41168
2600,user,USR32152
2600,user,USR74377
2600,merchant,MCH4082
2600,user,USR63180
2601,merchant,MCH5310
2601,user,USR32154
2601,user,USR80321
2601,user,USR78645
2601,user,USR65477
2602,merchant,MCH5675
2602,user,USR32161
2602,user,USR60499
2602,merchant,MCH8570
2602,user,USR92862
2602,user,USR40771
2603,user,USR32167
2603,user,USR87970
2603,merchant,MCH7730
2603,user,USR56538
2604,user,USR32172
2604,user,USR37115
2604,user,USR35971
2604,user,USR75875
2604,user,USR72446
2604,merchant,MCH8846
2604,user,USR99506
2605,user,USR32195
2605,merchant,MCH7619
2605,user,USR97089
2606,merchant,MCH2673
2606,user,USR32199
2606,user,USR52319
2607,user,USR59729
2607,user,USR33086
2607,user,USR32212
2607,user,USR32448
2607,merchant,MCH5534
2608,user,USR32260
2608,user,USR88857
2608,merchant,MCH3551
2609,user,USR32273
2609,merchant,MCH1989
2609,user,USR32944
2610,merchant,MCH9054
2610,user,USR32308
2611,user,USR32326
2611,merchant,MCH2449
2611,user,USR47209
2612,user,USR39961
2612,user,USR97176
2612,user,USR98513
2612,merchant,MCH1983
2612,merchant,MCH1493
2612,user,USR99795
2612,user,USR36108
2612,user,USR32342
2612,merchant,MCH9856
2613,merchant,MCH7642
2613,merchant,MCH5599
2613,user,USR97688
2613,user,USR32344
2614,user,USR66247
2614,merchant,MCH7086
2614,user,USR68859
2614,user,USR32364
2615,user,USR32719
2615,user,USR96324
2615,user,USR32373
2615,merchant,MCH4464
2616,merchant,MCH6159
2616,user,USR79323
2616,merchant,MCH4856
2616,user,USR82776
2616,user,USR66862
2616,user,USR32376
2616,user,USR68775
2616,merchant,MCH6611
2616,user,USR69535
2616,merchant,MCH5569
2616,user,USR79147
2616,user,USR50635
2617,user,USR60551
2617,user,USR32377
2617,merchant,MCH6484
2617,user,USR42908
2618,user,USR32382
2618,merchant,MCH1023
2618,user,USR54535
2618,user,USR79520
2618,user,USR58504
2618,merchant,MCH4962
2619,user,USR61617
2619,merchant,MCH1961
2619,merchant,MCH5846
2619,user,USR64369
2619,user,USR57277
2619,merchant,MCH1112
2619,user,USR32388
2619,merchant,MCH5975
2619,user,USR33570
2619,user,USR37972
2619,user,USR59756
2619,user,USR55683
2619,user,USR52092
2619,merchant,MCH3389
2619,user,USR51203
2620,user,USR32389
2620,merchant,MCH9478
2620,user,USR62517
2620,user,USR62208
2621,user,USR32391
2621,user,USR80633
2621,user,USR59840
2621,user,USR33286
2621,merchant,MCH1054
2622,user,USR83535
2622,merchant,MCH1104
2622,user,USR83268
2622,merchant,MCH2400
2622,user,USR97613
2622,user,USR73839
2622,user,USR32396
2623,user,USR32400
2623,merchant,MCH9578
2623,user,USR50879
2623,user,USR81673
2624,user,USR32405
2624,user,USR89635
2624,merchant,MCH2923
2625,user,USR32409
2625,user,USR52726
2625,merchant,MCH3539
2626,user,USR83882
2626,merchant,MCH9055
2626,user,USR32436
2627,user,USR32458
2627,user,USR89525
2627,merchant,MCH5318
2628,user,USR58066
2628,merchant,MCH3424
2628,user,USR32462
2629,user,USR75598
2629,merchant,MCH9516
2629,user,USR72037
2629,user,USR32498
2630,user,USR91259
2630,user,USR57052
2630,merchant,MCH7857
2630,user,USR32500
2631,merchant,MCH1076
2631,user,USR32510
2632,user,USR62111
2632,merchant,MCH9660
2632,user,USR32512
2633,user,USR87424
2633,merchant,MCH3328
2633,merchant,MCH1535
2633,merchant,MCH2414
2633,user,USR97970
2633,user,USR73602
2633,user,USR86561
2633,user,USR94408
2633,user,USR32517
2634,user,USR32523
2634,merchant,MCH4341
2635,merchant,MCH3279
2635,user,USR32525
2636,user,USR32562
2636,merchant,MCH1272
2636,user,USR47182
2637,merchant,MCH5930
2637,user,USR32579
2637,user,USR56907
2638,user,USR68809
2638,merchant,MCH2974
2638,user,USR80073
2638,merchant,MCH4944
2638,user,USR83423
2638,user,USR32591
2639,merchant,MCH5523
2639,user,USR32593
2640,merchant,MCH4513
2640,user,USR50094
2640,user,USR32601
2641,merchant,MCH4090
2641,user,USR32607
2641,user,USR38683
2641,user,USR46234
2641,user,USR79699
2642,user,USR71852
2642,user,USR70041
2642,user,USR92210
2642,user,USR66645
2642,merchant,MCH5487
2642,user,USR32624
2643,merchant,MCH1565
2643,user,USR32641
2643,user,USR59664
2644,merchant,MCH8986
2644,user,USR59507
2644,user,USR81364
2644,user,USR78035
2644,user,USR32658
2645,merchant,MCH2812
2645,user,USR34686
2645,user,USR66552
2645,user,USR66594
2645,user,USR32681
2646,user,USR97424
2646,user,USR74587
2646,user,USR71290
2646,merchant,MCH3814
2646,user,USR32683
2647,user,USR68911
2647,merchant,MCH5553
2647,user,USR58792
2647,merchant,MCH6539
2647,user,USR97981
2647,user,USR42028
2647,user,USR70422
2647,user,USR97854
2647,user,USR52942
2647,user,USR32692
2647,user,USR89876
2647,merchant,MCH9742
2647,merchant,MCH6407
2647,user,USR82947
2648,merchant,MCH8319
2648,user,USR70456
2648,user,USR98964
2648,user,USR80236
2648,user,USR96007
2648,user,USR76238
2648,user,USR32709
2648,user,USR97574
2649,merchant,MCH7076
2649,user,USR32729
2650,merchant,MCH5522
2650,user,USR32736
2651,user,USR32742
2651,merchant,MCH3472
2651,user,USR97522
2651,user,USR60742
2651,user,USR63635
2652,user,USR32746
2652,merchant,MCH3104
2652,user,USR60789
2652,user,USR74324
2653,user,USR37032
2653,user,USR75946
2653,merchant,MCH9261
2653,user,USR32748
2653,user,USR51564
2654,user,USR84713
2654,merchant,MCH8033
2654,user,USR32767
2654,user,USR49746
2655,merchant,MCH9671
2655,user,USR73682
2655,user,USR32780
2655,user,USR78519
2656,user,USR32781
2656,user,USR48891
2656,merchant,MCH1115
2656,user,USR33956
2656,user,USR51915
2657,merchant,MCH1090
2657,user,USR32789
2658,user,USR85644
2658,user,USR32792
2658,user,USR59394
2658,user,USR42537
2658,merchant,MCH2338
2658,user,USR94792
2659,user,USR87159
2659,merchant,MCH9053
2659,user,USR32795
2659,merchant,MCH1283
2659,user,USR87969
2659,user,USR97304
2659,merchant,MCH9492
2660,user,USR32818
2660,merchant,MCH4497
2661,user,USR32820
2661,user,USR33714
2661,merchant,MCH1001
2661,user,USR76352
2661,user,USR94523
2662,merchant,MCH3590
2662,user,USR32832
2662,user,USR92199
2662,user,USR57244
2663,merchant,MCH4957
2663,user,USR32840
2663,user,USR61805
2663,user,USR42846
2664,user,USR32843
2664,user,USR83515
2664,user,USR36885
2664,user,USR73639
2664,merchant,MCH6051
2665,user,USR86873
2665,user,USR32846
2665,user,USR62180
2665,merchant,MCH1388
2666,merchant,MCH2837
2666,user,USR32856
2667,merchant,MCH3890
2667,user,USR32872
2668,user,USR99957
2668,user,USR32874
2668,merchant,MCH5387
2668,user,USR62573
2669,user,USR32890
2669,merchant,MCH8647
2670,user,USR55573
2670,user,USR35988
2670,user,USR32902
2670,merchant,MCH5428
2670,merchant,MCH4151
2670,user,USR73953
2671,merchant,MCH2196
2671,user,USR32915
2671,user,USR44012
2671,user,USR72499
2672,user,USR32920
2672,merchant,MCH1747
2673,user,USR46861
2673,user,USR32925
2673,merchant,MCH4783
2673,user,USR96632
2674,user,USR82247
2674,user,USR46746
2674,user,USR38915
2674,user,USR53634
2674,merchant,MCH3163
2674,user,USR32936
2674,user,USR96933
2674,merchant,MCH4123
2675,user,USR41584
2675,user,USR32941
2675,merchant,MCH9331
2676,merchant,MCH9530
2676,user,USR32948
2677,merchant,MCH9890
2677,user,USR54625
2677,user,USR32956
2678,user,USR37827
2678,user,USR32988
2678,merchant,MCH1933
2679,user,USR55017
2679,user,USR32994
2679,user,USR35590
2679,merchant,MCH3718
2679,user,USR48523
2680,user,USR33009
2680,user,USR37703
2680,merchant,MCH8896
2680,user,USR97096
2681,user,USR66856
2681,user,USR33039
2681,merchant,MCH7459
2681,user,USR43265
2682,user,USR95790
2682,merchant,MCH6389
2682,user,USR33047
2683,merchant,MCH4118
2683,merchant,MCH7563
2683,user,USR82587
2683,user,USR33077
2683,user,USR78126
2683,user,USR51385
2684,user,USR33088
2684,user,USR35277
2684,user,USR73661
2684,merchant,MCH2734
2684,merchant,MCH3411
2684,user,USR59881
2684,user,USR86199
2684,user,USR52844
2685,merchant,MCH8907
2685,user,USR33097
2686,user,USR70020
2686,user,USR64490
2686,user,USR66547
2686,merchant,MCH8021
2686,user,USR33120
2686,user,USR77768
2687,user,USR52240
2687,merchant,MCH4991
2687,user,USR33142
2687,user,USR60449
2688,merchant,MCH9312
2688,user,USR33146
2688,user,USR96739
2689,user,USR33172
2689,merchant,MCH2861
2689,user,USR75062
2690,user,USR33177
2690,merchant,MCH1342
2690,merchant,MCH9429
2690,user,USR93105
2690,user,USR76874
2691,user,USR33189
2691,user,USR52239
2691,user,USR38249
2691,user,USR62615
2691,merchant,MCH4645
2692,user,USR34029
2692,user,USR71982
2692,user,USR33204
2692,merchant,MCH4072
2693,merchant,MCH5071
2693,user,USR33211
2693,user,USR85396
2694,user,USR80679
2694,merchant,MCH4898
2694,user,USR33213
2695,user,USR33216
2695,merchant,MCH3201
2696,user,USR33253
2696,merchant,MCH6375
2697,merchant,MCH3340
2697,user,USR54820
2697,user,USR51726
2697,user,USR33259
2698,merchant,MCH5728
2698,user,USR33264
2698,user,USR49589
2699,user,USR33274
2699,user,USR37904
2699,user,USR67668
2699,merchant,MCH4951
2700,merchant,MCH1437
2700,user,USR33275
2701,user,USR38195
2701,user,USR93505
2701,merchant,MCH7501
2701,user,USR47722
2701,user,USR33283
2702,user,USR33292
2702,merchant,MCH5132
2702,user,USR89891
2703,merchant,MCH9254
2703,user,USR84879
2703,user,USR85801
2703,user,USR35652
2703,user,USR33301
2704,user,USR47047
2704,merchant,MCH3798
2704,user,USR48353
2704,user,USR33323
2705,user,USR33351
2705,merchant,MCH7478
2706,merchant,MCH5116
2706,user,USR33356
2707,user,USR33358
2707,merchant,MCH6878
2708,user,USR84783
2708,user,USR33390
2708,merchant,MCH3523
2708,user,USR33651
2709,user,USR33394
2709,merchant,MCH3064
2710,user,USR35374
2710,merchant,MCH7666
2710,user,USR33414
2711,user,USR64460
2711,user,USR33419
2711,merchant,MCH6519
2712,user,USR51315
2712,user,USR33484
2712,merchant,MCH6662
2713,user,USR33488
2713,merchant,MCH1292
2713,user,USR36280
2713,user,USR94138
2714,user,USR56484
2714,user,USR33494
2714,merchant,MCH4716
2715,merchant,MCH9720
2715,user,USR74213
2715,user,USR47992
2715,user,USR33544
2716,merchant,MCH3259
2716,user,USR33564
2717,user,USR33596
2717,user,USR45724
2717,merchant,MCH3032
2718,user,USR33627
2718,merchant,MCH3396
2718,user,USR56276
2719,user,USR33629
2719,merchant,MCH3481
2720,merchant,MCH4219
2720,user,USR33632
2721,user,USR33638
2721,merchant,MCH4390
2721,user,USR82320
2722,merchant,MCH9281
2722,user,USR33646
2723,merchant,MCH3110
2723,user,USR47976
2723,user,USR44737
2723,user,USR33655
2724,merchant,MCH6106
2724,user,USR33669
2725,user,USR33671
2725,merchant,MCH2699
2726,merchant,MCH1484
2726,merchant,MCH9561
2726,user,USR33672
2726,user,USR62489
2726,user,USR94560
2726,user,USR82080
2726,user,USR54344
2727,merchant,MCH4967
2727,user,USR33684
2727,user,USR69717
2728,user,USR33685
2728,merchant,MCH7976
2729,user,USR33697
2729,merchant,MCH9922
2729,user,USR40676
2729,user,USR99455
2730,user,USR33699
2730,user,USR81651
2730,user,USR89493
2730,user,USR60794
2730,merchant,MCH1227
2731,merchant,MCH1019
2731,user,USR75066
2731,user,USR33713
2731,user,USR99247
2732,merchant,MCH2732
2732,user,USR33715
2733,user,USR57629
2733,user,USR33716
2733,merchant,MCH3930
2734,merchant,MCH7371
2734,user,USR47681
2734,user,USR76805
2734,user,USR33732
2735,user,USR57652
2735,merchant,MCH5414
2735,user,USR33744
2735,merchant,MCH1153
2736,user,USR33754
2736,user,USR62819
2736,merchant,MCH5657
2737,merchant,MCH7330
2737,merchant,MCH3802
2737,user,USR79050
2737,user,USR57383
2737,user,USR52038
2737,user,USR33755
2738,user,USR62985
2738,user,USR33761
2738,merchant,MCH6765
2738,user,USR60699
2738,user,USR87510
2738,user,USR43566
2738,user,USR76678
2738,user,USR46748
2738,merchant,MCH6910
2739,user,USR33769
2739,merchant,MCH4914
2740,user,USR33812
2740,user,USR75332
2740,user,USR77744
2740,merchant,MCH4753
2741,user,USR33817
2741,user,USR45256
2741,merchant,MCH1840
2741,user,USR89050
2742,merchant,MCH7443
2742,user,USR83556
2742,merchant,MCH1461
2742,user,USR33818
2742,merchant,MCH3488
2742,user,USR69956
2742,user,USR48759
2742,user,USR73468
2742,user,USR85215
2743,user,USR63787
2743,user,USR33833
2743,merchant,MCH7984
2743,user,USR35521
2744,merchant,MCH3364
2744,user,USR80046
2744,user,USR60784
2744,user,USR33878
2745,merchant,MCH4455
2745,user,USR33883
2746,merchant,MCH6803
2746,user,USR50216
2746,user,USR33884
2746,user,USR95247
2746,user,USR60593
2747,user,USR88423
2747,user,USR94884
2747,user,USR33888
2747,merchant,MCH6180
2748,user,USR80371
2748,user,USR33894
2748,merchant,MCH4121
2748,user,USR72028
2749,user,USR33904
2749,merchant,MCH3260
2750,user,USR53927
2750,merchant,MCH6916
2750,user,USR33906
2751,user,USR33914
2751,user,USR88604
2751,merchant,MCH6485
2751,user,USR82127
2751,merchant,MCH2907
2751,user,USR63580
2751,user,USR46017
2751,user,USR44177
2751,merchant,MCH5238
2751,user,USR83399
2751,user,USR55857
2751,user,USR79191
2752,user,USR47904
2752,merchant,MCH3065
2752,user,USR51178
2752,user,USR33920
2753,user,USR89775
2753,user,USR33935
2753,merchant,MCH6255
2754,merchant,MCH3185
2754,user,USR42660
2754,user,USR46616
2754,user,USR33937
2755,user,USR62623
2755,user,USR59051
2755,user,USR33938
2755,merchant,MCH1577
2755,user,USR89344
2755,user,USR91644
2755,user,USR81511
2756,user,USR33943
2756,merchant,MCH9566
2757,user,USR85352
2757,user,USR33947
2757,user,USR72121
2757,merchant,MCH4035
2757,merchant,MCH4672
2757,user,USR38524
2757,user,USR89127
2757,merchant,MCH2081
2757,user,USR79352
2757,user,USR87024
2758,user,USR71742
2758,merchant,MCH4291
2758,user,USR89376
2758,user,USR33955
2759,merchant,MCH5223
2759,user,USR33960
2759,user,USR88378
2760,user,USR57078
2760,user,USR33971
2760,user,USR94594
2760,merchant,MCH7573
2761,user,USR46466
2761,user,USR33984
2761,user,USR46780
2761,merchant,MCH8762
2762,user,USR41940
2762,user,USR61378
2762,merchant,MCH9621
2762,user,USR33998
2763,user,USR53946
2763,user,USR34000
2763,merchant,MCH5634
2764,user,USR64833
2764,merchant,MCH6325
2764,merchant,MCH9040
2764,user,USR34009
2764,user,USR77272
2764,user,USR63488
2765,merchant,MCH2141
2765,user,USR34012
2766,user,USR34069
2766,user,USR66033
2766,user,USR93993
2766,user,USR81287
2766,merchant,MCH5959
2766,user,USR47926
2766,user,USR40537
2767,merchant,MCH8444
2767,user,USR69563
2767,user,USR34086
2768,user,USR73915
2768,user,USR34091
2768,merchant,MCH6163
2769,merchant,MCH6702
2769,user,USR34093
2770,user,USR47877
2770,user,USR72611
2770,user,USR49612
2770,merchant,MCH1607
2770,merchant,MCH1645
2770,user,USR44745
2770,user,USR61265
2770,merchant,MCH3674
2770,user,USR34108
2770,user,USR61216
2771,merchant,MCH7178
2771,user,USR34115
2772,user,USR61080
2772,user,USR34135
2772,merchant,MCH3458
2772,user,USR64356
2773,user,USR34144
2773,user,USR90244
2773,merchant,MCH7763
2774,user,USR39769
2774,user,USR34159
2774,merchant,MCH5479
2775,user,USR46692
2775,merchant,MCH1694
2775,user,USR34164
2776,merchant,MCH1617
2776,user,USR34202
2777,merchant,MCH8397
2777,merchant,MCH1926
2777,user,USR82744
2777,user,USR84949
2777,user,USR82098
2777,user,USR34230
2778,user,USR34247
2778,merchant,MCH9007
2778,user,USR77262
2778,merchant,MCH3977
2778,user,USR63895
2779,user,USR89002
2779,user,USR93072
2779,user,USR58702
2779,merchant,MCH3963
2779,user,USR34270
2779,user,USR74912
2779,merchant,MCH6460
2779,merchant,MCH5865
2779,user,USR83692
2779,user,USR74905
2779,user,USR35475
2779,user,USR46553
2779,merchant,MCH7335
2779,user,USR49302
2780,merchant,MCH7204
2780,user,USR34315
2781,user,USR88147
2781,user,USR57880
2781,merchant,MCH2972
2781,user,USR34316
2782,merchant,MCH8220
2782,user,USR61597
2782,user,USR34319
2782,user,USR51310
2782,user,USR46082
2783,merchant,MCH4027
2783,user,USR34331
2784,user,USR85460
2784,user,USR34340
2784,merchant,MCH1108
2784,user,USR58920
2784,merchant,MCH5461
2784,user,USR35725
2784,user,USR34667
2784,user,USR40894
2784,user,USR59309
2784,user,USR81642
2784,merchant,MCH1096
2784,user,USR38048
2785,merchant,MCH1394
2785,user,USR34388
2785,user,USR89814
2786,user,USR63706
2786,user,USR34398
2786,merchant,MCH7645
2786,user,USR72862
2787,merchant,MCH4140
2787,user,USR62297
2787,user,USR59284
2787,user,USR34400
2788,user,USR34408
2788,user,USR86055
2788,merchant,MCH5791
2789,user,USR34414
2789,user,USR57865
2789,merchant,MCH2948
2789,user,USR64363
2790,merchant,MCH2971
2790,user,USR34435
2790,user,USR65576
2791,user,USR79453
2791,user,USR34436
2791,merchant,MCH2936
2792,merchant,MCH8169
2792,user,USR88983
2792,user,USR34449
2792,user,USR60469
2793,user,USR34454
2793,merchant,MCH1696
2793,user,USR74638
2794,user,USR80158
2794,user,USR83834
2794,user,USR34456
2794,merchant,MCH4374
2795,user,USR34467
2795,merchant,MCH6542
2795,user,USR78319
2796,merchant,MCH2282
2796,user,USR34479
2796,user,USR65636
2797,merchant,MCH6489
2797,user,USR34485
2798,user,USR82987
2798,user,USR34504
2798,user,USR97963
2798,user,USR50272
2798,user,USR63113
2798,merchant,MCH7591
2799,user,USR43482
2799,merchant,MCH9147
2799,user,USR76483
2799,user,USR69826
2799,user,USR34532
2799,user,USR48182
2799,merchant,MCH3885
2800,user,USR73721
2800,user,USR34534
2800,merchant,MCH5745
2801,merchant,MCH2465
2801,user,USR87641
2801,user,USR34544
2802,user,USR49258
2802,user,USR57660
2802,merchant,MCH5262
2802,user,USR64801
2802,user,USR34548
2803,user,USR84983
2803,user,USR94080
2803,merchant,MCH2930
2803,user,USR62847
2803,user,USR34567
2803,merchant,MCH3840
2803,user,USR38923
2803,user,USR72286
2804,user,USR93471
2804,user,USR84581
2804,merchant,MCH5114
2804,user,USR34578
2805,user,USR34608
2805,merchant,MCH2662
2805,user,USR60680
2806,user,USR73920
2806,user,USR78448
2806,user,USR76039
2806,user,USR34618
2806,merchant,MCH4401
2806,user,USR51311
2807,user,USR34624
2807,user,USR93660
2807,user,USR84112
2807,merchant,MCH3273
2807,user,USR47118
2808,user,USR84631
2808,user,USR46903
2808,merchant,MCH7341
2808,user,USR34638
2809,user,USR34650
2809,user,USR37314
2809,merchant,MCH7172
2810,merchant,MCH4624
2810,user,USR34653
2810,user,USR77595
2811,merchant,MCH3513
2811,user,USR34672
2812,user,USR50086
2812,merchant,MCH9355
2812,user,USR85993
2812,user,USR34673
2812,user,USR56040
2812,user,USR87945
2813,user,USR34684
2813,merchant,MCH8893
2814,user,USR34687
2814,user,USR44640
2814,merchant,MCH9380
2815,user,USR61461
2815,user,USR96462
2815,user,USR34728
2815,merchant,MCH1598
2816,user,USR49539
2816,user,USR34756
2816,merchant,MCH3716
2817,user,USR34757
2817,merchant,MCH1806
2817,user,USR43499
2817,user,USR90181
2817,merchant,MCH9765
2818,user,USR34760
2818,user,USR84471
2818,merchant,MCH2523
2819,user,USR40980
2819,user,USR76879
2819,user,USR42180
2819,user,USR58754
2819,user,USR74348
2819,merchant,MCH8688
2819,user,USR34761
2819,merchant,MCH6323
2820,user,USR34776
2820,merchant,MCH2279
2821,merchant,MCH6563
2821,user,USR34778
2822,user,USR34787
2822,user,USR49257
2822,merchant,MCH2540
2823,merchant,MCH9529
2823,user,USR45947
2823,user,USR34791
2823,user,USR45331
2824,user,USR92099
2824,user,USR55794
2824,merchant,MCH3331
2824,user,USR34811
2825,merchant,MCH3225
2825,user,USR57154
2825,user,USR34818
2825,user,USR55787
2826,user,USR34839
2826,merchant,MCH5468
2827,merchant,MCH7678
2827,user,USR34850
2827,user,USR98592
2827,user,USR78713
2827,user,USR73870
2828,user,USR34858
2828,merchant,MCH3809
2829,merchant,MCH9172
2829,user,USR72425
2829,user,USR34873
2829,user,USR79827
2830,merchant,MCH3659
2830,user,USR34884
2830,user,USR78163
2831,user,USR40480
2831,user,USR34896
2831,merchant,MCH4167
2831,merchant,MCH4565
2832,merchant,MCH7241
2832,user,USR79578
2832,user,USR34899
2833,user,USR34959
2833,merchant,MCH6229
2834,merchant,MCH5944
2834,user,USR35002
2835,merchant,MCH2738
2835,user,USR35006
2835,user,USR72427
2836,user,USR35022
2836,merchant,MCH5478
2837,merchant,MCH8278
2837,user,USR73813
2837,user,USR37390
2837,user,USR81246
2837,user,USR35025
2837,user,USR47790
2837,user,USR54529
2837,user,USR93300
2838,user,USR46144
2838,merchant,MCH9645
2838,merchant,MCH8123
2838,user,USR44832
2838,user,USR35030
2838,user,USR60470
2838,user,USR66032
2839,user,USR53351
2839,user,USR73363
2839,user,USR40063
2839,user,USR89515
2839,user,USR60847
2839,merchant,MCH9116
2839,user,USR35032
2839,user,USR63363
2839,merchant,MCH6699
2840,merchant,MCH3650
2840,user,USR92468
2840,user,USR48398
2840,user,USR90481
2840,user,USR35041
2841,merchant,MCH1918
2841,user,USR79797
2841,user,USR35062
2842,user,USR60873
2842,merchant,MCH5538
2842,user,USR35068
2843,merchant,MCH9550
2843,user,USR35083
2843,user,USR77908
2843,user,USR63144
2843,user,USR96925
2844,user,USR38239
2844,user,USR82641
2844,user,USR35098
2844,merchant,MCH1057
2845,user,USR45173
2845,user,USR52970
2845,user,USR87357
2845,user,USR35920
2845,user,USR35111
2845,user,USR62748
2845,user,USR58106
2845,merchant,MCH9008
2845,merchant,MCH9878
2846,user,USR35146
2846,user,USR94139
2846,user,USR48342
2846,merchant,MCH8689
2847,merchant,MCH8971
2847,user,USR48399
2847,user,USR50842
2847,merchant,MCH1896
2847,user,USR35149
2847,merchant,MCH3972
2848,merchant,MCH5236
2848,user,USR61573
2848,user,USR35153
2848,user,USR38921
2848,user,USR40121
2848,merchant,MCH2388
2849,merchant,MCH3784
2849,user,USR35168
2850,merchant,MCH1490
2850,user,USR67379
2850,user,USR37842
2850,user,USR35171
2850,user,USR58347
2851,user,USR37420
2851,merchant,MCH7070
2851,user,USR35218
2852,merchant,MCH3555
2852,user,USR35236
2853,user,USR35237
2853,merchant,MCH7537
2854,user,USR35241
2854,user,USR93877
2854,user,USR83188
2854,merchant,MCH9260
2854,user,USR81720
2855,user,USR36825
2855,user,USR35251
2855,merchant,MCH1536
2856,user,USR62108
2856,user,USR35270
2856,user,USR58323
2856,merchant,MCH4810
2856,user,USR63109
2857,user,USR57178
2857,merchant,MCH8030
2857,user,USR35280
2858,merchant,MCH6620
2858,user,USR35288
2859,merchant,MCH7821
2859,user,USR35297
2859,user,USR94749
2860,user,USR35311
2860,merchant,MCH9830
2861,user,USR35337
2861,user,USR64790
2861,user,USR62072
2861,merchant,MCH6347
2861,user,USR70631
2861,user,USR66533
2861,user,USR67456
2862,user,USR35339
2862,merchant,MCH9649
2863,user,USR35345
2863,merchant,MCH1723
2864,user,USR35346
2864,merchant,MCH3080
2864,user,USR87856
2865,merchant,MCH4250
2865,user,USR35359
2865,user,USR97150
2865,user,USR70011
2865,user,USR65020
2866,merchant,MCH1217
2866,user,USR50568
2866,user,USR61375
2866,user,USR35367
2867,user,USR35368
2867,user,USR60145
2867,merchant,MCH4279
2868,merchant,MCH9367
2868,user,USR35382
2868,user,USR76965
2868,user,USR37993
2869,merchant,MCH8348
2869,user,USR35395
2870,user,USR35409
2870,merchant,MCH1671
2871,merchant,MCH8587
2871,user,USR46647
2871,user,USR35426
2872,user,USR97016
2872,merchant,MCH1117
2872,user,USR35430
2873,user,USR79001
2873,user,USR35447
2873,user,USR75016
2873,merchant,MCH1441
2874,merchant,MCH8362
2874,user,USR35448
2874,user,USR64650
2874,user,USR61827
2874,user,USR91423
2874,user,USR82399
2874,merchant,MCH3984
2875,merchant,MCH3335
2875,user,USR54125
2875,user,USR35454
2875,user,USR40270
2875,merchant,MCH9011
2876,user,USR83178
2876,merchant,MCH5005
2876,user,USR35459
2877,user,USR88785
2877,user,USR86830
2877,merchant,MCH1651
2877,user,USR35489
2878,user,USR97151
2878,merchant,MCH7880
2878,user,USR35492
2879,user,USR35497
2879,user,USR70929
2879,user,USR78738
2879,user,USR70931
2879,merchant,MCH4706
2879,user,USR49270
2879,user,USR40273
2879,merchant,MCH6664
2880,merchant,MCH2570
2880,user,USR46589
2880,user,USR97557
2880,user,USR72019
2880,user,USR59334
2880,user,USR40780
2880,user,USR35541
2880,user,USR96386
2880,user,USR58081
2881,merchant,MCH1583
2881,user,USR35543
2882,user,USR87638
2882,user,USR37854
2882,merchant,MCH3485
2882,user,USR35555
2882,user,USR59660
2882,user,USR84623
2882,user,USR69781
2882,merchant,MCH5644
2882,merchant,MCH3810
2882,user,USR62664
2882,user,USR43644
2883,user,USR35579
2883,user,USR53259
2883,user,USR45585
2883,merchant,MCH9564
2884,user,USR98752
2884,user,USR90611
2884,user,USR36528
2884,user,USR68953
2884,user,USR98214
2884,user,USR74469
2884,user,USR58863
2884,user,USR95261
2884,merchant,MCH3079
2884,user,USR35660
2884,merchant,MCH1614
2884,merchant,MCH9072
2885,user,USR35672
2885,merchant,MCH5683
2886,user,USR74611
2886,user,USR57315
2886,user,USR72081
2886,merchant,MCH4050
2886,user,USR35676
2887,merchant,MCH2539
2887,merchant,MCH7038
2887,user,USR86820
2887,user,USR35688
2888,merchant,MCH5953
2888,user,USR35704
2888,user,USR93634
2889,user,USR35710
2889,merchant,MCH9654
2890,user,USR35729
2890,merchant,MCH7498
2891,user,USR42377
2891,user,USR35745
2891,merchant,MCH8931
2892,user,USR35755
2892,merchant,MCH9337
2892,user,USR95445
2893,merchant,MCH9431
2893,user,USR53948
2893,user,USR44782
2893,user,USR35762
2894,merchant,MCH1385
2894,user,USR35767
2894,user,USR41732
2895,merchant,MCH3159
2895,user,USR35772
2895,user,USR37902
2896,merchant,MCH8102
2896,user,USR35774
2897,user,USR35796
2897,merchant,MCH7944
2897,user,USR42258
2897,user,USR51978
2898,user,USR35832
2898,merchant,MCH5015
2898,user,USR85738
2898,user,USR65608
2899,user,USR35860
2899,merchant,MCH6327
2899,user,USR41884
2900,merchant,MCH6729
2900,user,USR35867
2901,user,USR35873
2901,merchant,MCH5750
2901,user,USR51592
2902,user,USR35884
2902,user,USR69923
2902,merchant,MCH5298
2903,merchant,MCH7553
2903,user,USR35905
2903,user,USR80462
2903,user,USR62491
2904,merchant,MCH4300
2904,user,USR35915
2904,user,USR65425
2905,user,USR35933
2905,merchant,MCH4785
2905,user,USR84542
2906,user,USR35938
2906,merchant,MCH2615
2907,merchant,MCH3516
2907,user,USR35942
2907,user,USR68861
2907,user,USR81356
2908,merchant,MCH1615
2908,user,USR65727
2908,user,USR35945
2909,user,USR89938
2909,user,USR35947
2909,merchant,MCH9215
2910,merchant,MCH6998
2910,user,USR35950
2911,merchant,MCH1379
2911,user,USR35967
2912,user,USR94256
2912,merchant,MCH8626
2912,user,USR35994
2913,user,USR41977
2913,merchant,MCH3209
2913,merchant,MCH9711
2913,user,USR61582
2913,user,USR36009
2914,user,USR39751
2914,user,USR46769
2914,merchant,MCH6647
2914,user,USR36025
2914,user,USR73210
2914,user,USR37601
2915,user,USR41626
2915,user,USR36062
2915,user,USR78601
2915,user,USR56846
2915,user,USR37788
2915,merchant,MCH6762
2916,merchant,MCH9037
2916,user,USR46884
2916,user,USR71589
2916,user,USR36098
2917,merchant,MCH9366
2917,user,USR96985
2917,user,USR36099
2918,user,USR36106
2918,merchant,MCH6540
2919,merchant,MCH9953
2919,user,USR36122
2920,merchant,MCH3394
2920,user,USR36137
2921,user,USR36144
2921,user,USR70194
2921,merchant,MCH1793
2922,user,USR36151
2922,merchant,MCH8257
2922,user,USR37488
2923,user,USR36201
2923,merchant,MCH2474
2924,user,USR36218
2924,merchant,MCH5232
2925,merchant,MCH1620
2925,user,USR36220
2925,user,USR49631
2925,user,USR47848
2926,user,USR36230
2926,merchant,MCH7825
2927,user,USR81549
2927,user,USR36233
2927,merchant,MCH6271
2927,merchant,MCH4127
2927,user,USR50590
2928,user,USR84435
2928,merchant,MCH8128
2928,user,USR36248
2928,user,USR93617
2929,user,USR36262
2929,merchant,MCH8196
2930,merchant,MCH2005
2930,user,USR36317
2930,user,USR66076
2931,merchant,MCH1520
2931,user,USR36318
2931,user,USR93996
2931,user,USR95486
2931,merchant,MCH2235
2931,user,USR71592
2932,user,USR49433
2932,user,USR36336
2932,user,USR52706
2932,merchant,MCH4822
2933,merchant,MCH7091
2933,user,USR36376
2933,user,USR80683
2934,merchant,MCH3083
2934,user,USR36406
2935,user,USR52957
2935,user,USR36424
2935,merchant,MCH2756
2935,user,USR72656
2936,user,USR36438
2936,merchant,MCH4439
2937,merchant,MCH9298
2937,user,USR36475
2938,user,USR88349
2938,user,USR36484
2938,merchant,MCH3118
2939,user,USR36493
2939,merchant,MCH3094
2940,merchant,MCH5075
2940,user,USR36496
2940,user,USR84289
2941,user,USR36500
2941,merchant,MCH6060
2942,user,USR96143
2942,user,USR36502
2942,merchant,MCH7725
2943,merchant,MCH6898
2943,user,USR36534
2943,user,USR43344
2944,user,USR49596
2944,user,USR36535
2944,user,USR84675
2944,user,USR63836
2944,merchant,MCH8353
2944,user,USR93015
2945,user,USR83488
2945,merchant,MCH5826
2945,user,USR36545
2945,merchant,MCH9439
2945,user,USR91295
2945,user,USR82154
2946,user,USR36548
2946,merchant,MCH7851
2947,merchant,MCH3038
2947,user,USR36557
2948,user,USR93831
2948,user,USR36559
2948,merchant,MCH1016
2949,user,USR53532
2949,merchant,MCH3294
2949,user,USR41469
2949,user,USR36563
2950,merchant,MCH7479
2950,user,USR36568
2951,merchant,MCH7403
2951,user,USR36596
2951,user,USR97944
2951,user,USR68369
2951,user,USR65569
2952,merchant,MCH6439
2952,user,USR36608
2953,merchant,MCH2808
2953,user,USR36620
2953,user,USR93979
2953,user,USR44816
2954,user,USR36626
2954,user,USR56097
2954,user,USR97612
2954,user,USR38984
2954,merchant,MCH4821
2954,merchant,MCH2106
2955,merchant,MCH6681
2955,user,USR36631
2955,user,USR55643
2955,user,USR52984
2956,user,USR43361
2956,user,USR36647
2956,user,USR84083
2956,user,USR83864
2956,merchant,MCH3675
2956,user,USR81769
2956,merchant,MCH9249
2957,user,USR96332
2957,user,USR36649
2957,merchant,MCH3228
2958,user,USR40195
2958,user,USR36659
2958,merchant,MCH3586
2959,merchant,MCH6959
2959,user,USR91393
2959,user,USR45531
2959,user,USR36664
2959,user,USR63096
2960,user,USR44009
2960,merchant,MCH4773
2960,user,USR36680
2961,user,USR36682
2961,merchant,MCH1823
2962,user,USR51872
2962,user,USR36702
2962,merchant,MCH3898
2963,merchant,MCH5381
2963,user,USR36703
2964,user,USR36706
2964,merchant,MCH3609
2964,user,USR44375
2964,merchant,MCH7883
2965,user,USR36724
2965,merchant,MCH5026
2965,user,USR47030
2966,user,USR36750
2966,merchant,MCH3942
2966,merchant,MCH9484
2966,user,USR89807
2967,user,USR45153
2967,merchant,MCH5941
2967,user,USR36755
2968,user,USR36765
2968,merchant,MCH3464
2968,merchant,MCH3321
2968,user,USR62185
2969,user,USR36812
2969,merchant,MCH9485
2970,merchant,MCH6007
2970,user,USR99765
2970,user,USR36816
2970,merchant,MCH3190
2971,user,USR36828
2971,user,USR53618
2971,user,USR52461
2971,merchant,MCH6285
2972,user,USR48829
2972,merchant,MCH1508
2972,user,USR36829
2972,user,USR69293
2972,user,USR56428
2973,user,USR51814
2973,user,USR36830
2973,merchant,MCH1986
2974,merchant,MCH6126
2974,user,USR36873
2974,user,USR57745
2974,user,USR52304
2975,user,USR36909
2975,merchant,MCH6447
2976,user,USR36931
2976,user,USR49035
2976,merchant,MCH3483
2977,merchant,MCH4248
2977,user,USR36941
2977,user,USR62390
2977,user,USR83721
2977,user,USR86741
2977,merchant,MCH2927
2977,user,USR70725
2978,user,USR46776
2978,user,USR97697
2978,user,USR92283
2978,merchant,MCH7068
2978,merchant,MCH4671
2978,user,USR78423
2978,user,USR58200
2978,user,USR42433
2978,user,USR44556
2978,merchant,MCH6940
2978,user,USR48879
2978,user,USR52909
2978,user,USR46205
2978,user,USR71281
2978,user,USR36946
2978,merchant,MCH1352
2978,merchant,MCH9580
2978,user,USR67340
2978,user,USR81011
2978,user,USR90503
2978,merchant,MCH1975
2979,user,USR36963
2979,merchant,MCH2545
2980,merchant,MCH3491
2980,user,USR36969
2981,user,USR36975
2981,merchant,MCH7949
2982,user,USR36976
2982,merchant,MCH5505
2983,user,USR85744
2983,merchant,MCH1094
2983,user,USR82793
2983,user,USR44011
2983,user,USR37015
2984,user,USR47962
2984,user,USR97553
2984,merchant,MCH4241
2984,user,USR37026
2984,user,USR50420
2984,user,USR72687
2985,user,USR37034
2985,merchant,MCH6789
2986,user,USR61887
2986,user,USR37037
2986,merchant,MCH7768
2987,merchant,MCH3310
2987,user,USR37049
2988,user,USR46298
2988,merchant,MCH6233
2988,user,USR37097
2989,merchant,MCH6003
2989,user,USR86425
2989,user,USR37105
2990,user,USR97523
2990,merchant,MCH7705
2990,user,USR37106
2991,merchant,MCH5689
2991,user,USR87601
2991,user,USR37111
2991,user,USR61331
2992,user,USR47590
2992,merchant,MCH8909
2992,user,USR37132
2993,user,USR37134
2993,merchant,MCH8201
2994,merchant,MCH8010
2994,user,USR61303
2994,user,USR37143
2994,user,USR66148
2994,user,USR60471
2995,user,USR37219
2995,user,USR50598
2995,user,USR41525
2995,merchant,MCH2622
2996,merchant,MCH5760
2996,user,USR40263
2996,user,USR37222
2997,user,USR37223
2997,merchant,MCH5671
2997,user,USR67696
2998,user,USR37252
2998,user,USR50784
2998,user,USR64877
2998,user,USR56149
2998,merchant,MCH6925
2998,user,USR55388
2998,user,USR43530
2998,merchant,MCH2865
2998,user,USR38819
2998,user,USR58847
2998,merchant,MCH6968
2999,user,USR49268
2999,user,USR71507
2999,user,USR37261
2999,merchant,MCH2030
2999,user,USR80843
2999,user,USR66001
3000,user,USR58590
3000,user,USR46267
3000,user,USR37263
3000,merchant,MCH4839
3000,user,USR75130
3000,merchant,MCH5474
3001,merchant,MCH6443
3001,user,USR51713
3001,user,USR37294
3002,user,USR59298
3002,user,USR37315
3002,user,USR50681
3002,merchant,MCH3172
3003,user,USR87125
3003,user,USR37321
3003,merchant,MCH5548
3004,user,USR59665
3004,merchant,MCH8977
3004,user,USR37324
3004,user,USR69297
3005,user,USR37332
3005,user,USR53065
3005,merchant,MCH5513
3006,merchant,MCH3134
3006,user,USR37339
3006,user,USR75625
3006,user,USR82327
3006,user,USR75949
3006,user,USR52357
3007,user,USR37342
3007,merchant,MCH3345
3008,user,USR37353
3008,user,USR89691
3008,merchant,MCH1208
3008,user,USR95313
3008,user,USR70812
3008,user,USR58913
3008,merchant,MCH3936
3009,user,USR49512
3009,user,USR73999
3009,merchant,MCH5772
3009,user,USR37357
3010,user,USR95613
3010,user,USR88659
3010,user,USR86322
3010,user,USR37361
3010,merchant,MCH4039
3010,user,USR60872
3010,user,USR70187
3010,merchant,MCH6151
3010,user,USR56029
3011,merchant,MCH9507
3011,user,USR80274
3011,user,USR48408
3011,user,USR74350
3011,user,USR70788
3011,user,USR37403
3011,user,USR73157
3011,user,USR46247
3011,merchant,MCH9447
3011,user,USR62755
3011,user,USR39678
3011,merchant,MCH5424
3012,merchant,MCH1959
3012,user,USR37409
3013,user,USR37418
3013,merchant,MCH2116
3013,user,USR54991
3013,user,USR66011
3014,user,USR37425
3014,merchant,MCH2956
3014,user,USR88346
3014,user,USR68857
3014,merchant,MCH5977
3015,merchant,MCH7058
3015,user,USR80059
3015,user,USR71426
3015,user,USR41701
3015,user,USR37435
3016,user,USR94305
3016,user,USR59279
3016,user,USR65658
3016,merchant,MCH4807
3016,merchant,MCH8754
3016,user,USR37463
3017,user,USR69183
3017,merchant,MCH4255
3017,user,USR59324
3017,user,USR37497
3018,user,USR37502
3018,user,USR73935
3018,user,USR55269
3018,merchant,MCH7759
3019,user,USR78666
3019,user,USR37506
3019,merchant,MCH8775
3019,user,USR97084
3020,merchant,MCH2529
3020,user,USR37537
3020,user,USR77146
3021,user,USR89731
3021,merchant,MCH3105
3021,user,USR48291
3021,user,USR77740
3021,user,USR82772
3021,user,USR37549
3021,merchant,MCH1183
3021,user,USR99495
3021,merchant,MCH7023
3021,user,USR66807
3021,user,USR60990
3022,user,USR81926
3022,merchant,MCH5586
3022,user,USR37563
3023,user,USR93049
3023,user,USR37565
3023,merchant,MCH8448
3024,user,USR99407
3024,user,USR37596
3024,user,USR45689
3024,user,USR61129
3024,merchant,MCH4843
3025,user,USR37611
3025,user,USR46787
3025,user,USR59321
3025,user,USR52875
3025,merchant,MCH9995
3025,merchant,MCH6855
3025,user,USR70587
3026,user,USR40977
3026,merchant,MCH2404
3026,user,USR37654
3027,merchant,MCH8309
3027,user,USR37685
3028,user,USR37691
3028,user,USR46806
3028,merchant,MCH4485
3029,user,USR65466
3029,user,USR37696
3029,user,USR50507
3029,user,USR83380
3029,merchant,MCH9015
3030,user,USR37710
3030,merchant,MCH5109
3031,merchant,MCH6463
3031,user,USR37724
3032,user,USR90874
3032,user,USR37740
3032,merchant,MCH5859
3033,user,USR37782
3033,merchant,MCH6724
3034,user,USR71415
3034,merchant,MCH4745
3034,merchant,MCH3970
3034,user,USR73060
3034,user,USR94133
3034,user,USR37799
3034,user,USR53457
3035,merchant,MCH4438
3035,user,USR37822
3036,user,USR75664
3036,user,USR37889
3036,merchant,MCH3540
3037,merchant,MCH9269
3037,merchant,MCH1319
3037,user,USR37919
3037,user,USR71804
3037,user,USR45039
3038,user,USR37934
3038,user,USR49034
3038,merchant,MCH8583
3039,merchant,MCH9018
3039,user,USR37945
3040,user,USR72491
3040,user,USR37985
3040,merchant,MCH3627
3041,user,USR73444
3041,merchant,MCH9049
3041,user,USR38000
3042,merchant,MCH1122
3042,user,USR38016
3043,user,USR84541
3043,user,USR75663
3043,merchant,MCH6758
3043,user,USR38028
3044,merchant,MCH8790
3044,user,USR38047
3045,user,USR38061
3045,merchant,MCH2250
3046,merchant,MCH6248
3046,user,USR38080
3047,merchant,MCH8158
3047,user,USR38113
3048,merchant,MCH2225
3048,user,USR38116
3049,user,USR65014
3049,merchant,MCH3468
3049,user,USR38157
3050,merchant,MCH5153
3050,user,USR38159
3051,user,USR79472
3051,user,USR38179
3051,merchant,MCH8558
3052,user,USR38192
3052,user,USR85743
3052,merchant,MCH9586
3053,merchant,MCH9479
3053,user,USR77357
3053,user,USR38197
3053,user,USR93956
3054,user,USR54133
3054,user,USR38220
3054,user,USR75234
3054,user,USR46047
3054,merchant,MCH8683
3054,user,USR47709
3055,user,USR40684
3055,user,USR38238
3055,user,USR62126
3055,merchant,MCH7978
3056,user,USR89849
3056,user,USR38245
3056,merchant,MCH7973
3057,merchant,MCH2817
3057,user,USR38255
3058,user,USR56397
3058,merchant,MCH9204
3058,user,USR88412
3058,merchant,MCH9762
3058,user,USR83643
3058,user,USR38284
3058,user,USR50341
3059,user,USR38304
3059,user,USR54660
3059,merchant,MCH7904
3059,user,USR78705
3059,user,USR68785
3060,user,USR44066
3060,merchant,MCH9463
3060,user,USR38307
3060,user,USR91849
3061,user,USR96283
3061,merchant,MCH8034
3061,user,USR52920
3061,user,USR38342
3062,user,USR68839
3062,user,USR80361
3062,merchant,MCH6712
3062,user,USR38355
3063,user,USR38369
3063,merchant,MCH8060
3063,user,USR61558
3064,merchant,MCH3374
3064,user,USR65766
3064,user,USR38374
3065,user,USR38404
3065,merchant,MCH3316
3065,user,USR75655
3066,user,USR96380
3066,user,USR38409
3066,merchant,MCH3161
3066,user,USR40362
3067,merchant,MCH2180
3067,user,USR38441
3068,merchant,MCH1267
3068,user,USR38459
3069,user,USR38465
3069,merchant,MCH3721
3069,user,USR81233
3069,user,USR63738
3070,merchant,MCH2813
3070,user,USR83179
3070,user,USR93649
3070,user,USR38473
3071,user,USR38478
3071,merchant,MCH1047
3071,user,USR48542
3072,user,USR38526
3072,merchant,MCH3272
3073,user,USR38543
3073,merchant,MCH5786
3074,user,USR40161
3074,merchant,MCH5137
3074,user,USR56021
3074,merchant,MCH1185
3074,user,USR38564
3074,merchant,MCH3927
3074,user,USR98515
3074,user,USR64786
3074,user,USR54030
3075,user,USR54235
3075,user,USR85459
3075,user,USR85383
3075,user,USR38576
3075,merchant,MCH4368
3075,merchant,MCH1398
3075,user,USR83877
3075,user,USR49025
3076,user,USR55032
3076,merchant,MCH9772
3076,user,USR38594
3077,user,USR60930
3077,user,USR38597
3077,merchant,MCH2683
3077,user,USR91481
3078,user,USR97211
3078,user,USR55364
3078,user,USR62421
3078,user,USR56173
3078,user,USR75228
3078,merchant,MCH5037
3078,user,USR94655
3078,user,USR64263
3078,user,USR38607
3078,merchant,MCH2054
3078,user,USR99422
3078,merchant,MCH5279
3079,merchant,MCH2772
3079,user,USR38613
3080,merchant,MCH2353
3080,user,USR56891
3080,merchant,MCH3589
3080,user,USR61871
3080,user,USR38618
3081,merchant,MCH1957
3081,user,USR38621
3082,user,USR77284
3082,user,USR41853
3082,merchant,MCH3327
3082,user,USR38625
3083,merchant,MCH7310
3083,merchant,MCH1784
3083,user,USR38673
3083,user,USR92121
3083,user,USR56727
3084,user,USR84327
3084,user,USR38713
3084,user,USR71343
3084,merchant,MCH8968
3085,user,USR38717
3085,merchant,MCH6795
3085,user,USR43222
3086,user,USR38722
3086,user,USR98607
3086,merchant,MCH4423
3087,user,USR56027
3087,user,USR38727
3087,merchant,MCH7468
3087,user,USR46045
3088,user,USR38730
3088,merchant,MCH1687
3089,user,USR49618
3089,user,USR38749
3089,user,USR92186
3089,merchant,MCH3061
3090,merchant,MCH2094
3090,user,USR89117
3090,user,USR38765
3091,user,USR73253
3091,merchant,MCH3991
3091,user,USR40965
3091,user,USR38803
3092,merchant,MCH1761
3092,user,USR79878
3092,user,USR38825
3092,user,USR46633
3093,user,USR38844
3093,merchant,MCH5809
3094,user,USR59177
3094,user,USR94377
3094,user,USR38873
3094,user,USR88159
3094,merchant,MCH5011
3095,user,USR89985
3095,user,USR38876
3095,merchant,MCH1938
3095,user,USR60907
3095,user,USR40830
3095,merchant,MCH6786
3096,merchant,MCH8643
3096,user,USR74994
3096,user,USR92638
3096,merchant,MCH4712
3096,user,USR61935
3096,user,USR38878
3096,user,USR55188
3097,user,USR38902
3097,user,USR98911
3097,user,USR85623
3097,merchant,MCH9256
3097,user,USR49971
3097,merchant,MCH1886
3098,user,USR42266
3098,merchant,MCH6908
3098,user,USR38912
3099,user,USR57932
3099,user,USR45644
3099,merchant,MCH4146
3099,merchant,MCH1605
3099,user,USR40725
3099,user,USR43671
3099,user,USR65010
3099,user,USR38913
3100,user,USR55583
3100,user,USR43123
3100,merchant,MCH7764
3100,user,USR38914
3100,user,USR99507
3101,user,USR38924
3101,merchant,MCH8210
3102,user,USR38932
3102,merchant,MCH8509
3103,merchant,MCH5679
3103,user,USR38954
3104,user,USR63740
3104,user,USR98893
3104,merchant,MCH3098
3104,merchant,MCH8744
3104,user,USR72691
3104,user,USR38974
3105,user,USR39006
3105,user,USR73417
3105,user,USR47287
3105,user,USR96096
3105,user,USR81352
3105,merchant,MCH1402
3105,user,USR65720
3105,user,USR80263
3105,merchant,MCH3904
3105,merchant,MCH5032
3105,user,USR81760
3105,user,USR93317
3106,user,USR39020
3106,user,USR89622
3106,merchant,MCH5041
3107,merchant,MCH4790
3107,user,USR39029
3107,user,USR78103
3108,merchant,MCH5932
3108,user,USR39069
3109,user,USR39070
3109,merchant,MCH5152
3110,user,USR39071
3110,merchant,MCH7531
3111,user,USR67031
3111,user,USR39079
3111,user,USR94184
3111,user,USR66468
3111,merchant,MCH2234
3112,merchant,MCH3355
3112,user,USR92754
3112,user,USR39080
3113,user,USR51359
3113,user,USR86520
3113,user,USR89537
3113,user,USR39094
3113,merchant,MCH1418
3113,user,USR96068
3113,user,USR74301
3114,merchant,MCH1660
3114,user,USR74095
3114,user,USR39105
3115,user,USR83183
3115,merchant,MCH6338
3115,user,USR39109
3116,user,USR39138
3116,merchant,MCH2332
3117,user,USR39144
3117,merchant,MCH6034
3117,user,USR72749
3118,user,USR39720
3118,merchant,MCH7795
3118,user,USR39162
3118,user,USR89320
3119,user,USR60989
3119,user,USR39190
3119,user,USR65423
3119,merchant,MCH6651
3119,user,USR65592
3120,merchant,MCH5001
3120,user,USR62136
3120,user,USR39207
3121,user,USR39617
3121,user,USR71493
3121,user,USR39217
3121,user,USR41779
3121,merchant,MCH8156
3121,user,USR88572
3122,user,USR39220
3122,merchant,MCH2418
3122,user,USR78024
3122,user,USR99310
3123,merchant,MCH7699
3123,user,USR39236
3124,user,USR63487
3124,user,USR67497
3124,user,USR39264
3124,user,USR62811
3124,user,USR86159
3124,merchant,MCH3148
3125,user,USR39272
3125,user,USR79727
3125,merchant,MCH5641
3126,user,USR39273
3126,merchant,MCH4946
3127,merchant,MCH1470
3127,user,USR39676
3127,user,USR39284
3128,merchant,MCH8662
3128,user,USR90471
3128,user,USR98300
3128,user,USR39301
3129,user,USR39332
3129,merchant,MCH4095
3129,user,USR56483
3129,user,USR53557
3129,user,USR98904
3130,merchant,MCH2904
3130,user,USR39339
3131,user,USR75198
3131,user,USR39343
3131,merchant,MCH6721
3132,merchant,MCH8987
3132,user,USR39360
3133,user,USR39392
3133,user,USR67661
3133,merchant,MCH7003
3134,user,USR84900
3134,user,USR62032
3134,user,USR39411
3134,user,USR62153
3134,merchant,MCH6899
3135,merchant,MCH7835
3135,user,USR94809
3135,user,USR39419
3135,user,USR80814
3136,merchant,MCH2291
3136,user,USR42624
3136,user,USR39421
3136,user,USR58142
3137,user,USR39443
3137,merchant,MCH2839
3137,user,USR54923
3138,user,USR73517
3138,user,USR84942
3138,user,USR39464
3138,merchant,MCH2073
3138,user,USR93519
3139,user,USR39494
3139,user,USR71417
3139,merchant,MCH2262
3139,user,USR48728
3139,merchant,MCH1107
3140,user,USR74390
3140,user,USR39504
3140,merchant,MCH7259
3141,merchant,MCH1268
3141,user,USR77271
3141,user,USR39513
3142,merchant,MCH8576
3142,user,USR51534
3142,user,USR88694
3142,user,USR90584
3142,user,USR39522
3143,user,USR88704
3143,user,USR39559
3143,merchant,MCH1215
3144,merchant,MCH1860
3144,user,USR39563
3145,merchant,MCH7219
3145,user,USR39569
3146,user,USR46808
3146,merchant,MCH4764
3146,user,USR49329
3146,user,USR39571
3147,user,USR83281
3147,user,USR39577
3147,merchant,MCH2179
3147,user,USR52672
3147,user,USR49397
3147,user,USR79482
3148,user,USR62052
3148,user,USR39607
3148,merchant,MCH1327
3148,user,USR66012
3148,merchant,MCH1853
3148,user,USR72970
3148,user,USR91373
3149,user,USR39613
3149,merchant,MCH5339
3150,user,USR72146
3150,merchant,MCH8584
3150,user,USR49650
3150,user,USR39622
3151,user,USR39651
3151,merchant,MCH8092
3152,user,USR39654
3152,user,USR76433
3152,merchant,MCH4784
3152,user,USR52912
3152,user,USR43619
3153,merchant,MCH3486
3153,merchant,MCH2729
3153,user,USR39669
3153,user,USR63716
3154,user,USR94547
3154,user,USR39672
3154,merchant,MCH6857
3155,user,USR95279
3155,user,USR70057
3155,merchant,MCH5302
3155,user,USR39698
3156,merchant,MCH2423
3156,user,USR39706
3156,merchant,MCH8368
3157,user,USR98111
3157,merchant,MCH1626
3157,merchant,MCH2512
3157,user,USR82318
3157,user,USR39713
3157,user,USR56540
3157,merchant,MCH2740
3157,user,USR45302
3158,user,USR88026
3158,user,USR76613
3158,user,USR39715
3158,merchant,MCH2711
3158,user,USR53928
3158,user,USR54123
3158,user,USR77291
3158,user,USR56990
3158,merchant,MCH8659
3158,merchant,MCH3773
3158,user,USR67423
3158,user,USR46927
3158,user,USR68471
3158,user,USR91167
3158,merchant,MCH3231
3158,user,USR44364
3158,merchant,MCH6557
3159,user,USR49120
3159,merchant,MCH5273
3159,user,USR39726
3159,user,USR93885
3160,merchant,MCH4245
3160,user,USR91539
3160,user,USR93043
3160,user,USR39740
3161,user,USR94698
3161,user,USR54503
3161,merchant,MCH6756
3161,user,USR39761
3162,merchant,MCH4254
3162,user,USR39764
3163,user,USR77503
3163,merchant,MCH5880
3163,user,USR39789
3164,user,USR39793
3164,merchant,MCH3203
3165,user,USR39804
3165,user,USR69000
3165,merchant,MCH7811
3165,user,USR91735
3165,merchant,MCH5083
3166,merchant,MCH5996
3166,user,USR39807
3167,user,USR39811
3167,merchant,MCH4990
3168,user,USR39827
3168,merchant,MCH8718
3169,user,USR41573
3169,merchant,MCH7329
3169,user,USR39870
3169,user,USR91852
3169,user,USR98153
3170,user,USR39873
3170,merchant,MCH3669
3170,user,USR47889
3171,user,USR88556
3171,user,USR39884
3171,merchant,MCH3109
3172,user,USR65163
3172,user,USR39907
3172,merchant,MCH2503
3172,user,USR97149
3173,user,USR39910
3173,merchant,MCH5460
3174,user,USR74105
3174,user,USR72649
3174,user,USR58661
3174,user,USR89578
3174,merchant,MCH2807
3174,user,USR39919
3174,user,USR76189
3174,merchant,MCH4870
3175,merchant,MCH4882
3175,user,USR39926
3176,user,USR39934
3176,merchant,MCH6723
3177,merchant,MCH5410
3177,user,USR94633
3177,user,USR63398
3177,user,USR84122
3177,user,USR83095
3177,merchant,MCH2830
3177,user,USR39958
3178,user,USR39967
3178,merchant,MCH7716
3178,user,USR42535
3179,user,USR99514
3179,user,USR39979
3179,merchant,MCH2480
3179,user,USR57740
3180,user,USR67162
3180,user,USR45569
3180,merchant,MCH2206
3180,user,USR98413
3180,user,USR42499
3180,user,USR42392
3180,merchant,MCH8930
3180,user,USR93837
3180,user,USR40005
3181,user,USR66074
3181,user,USR72223
3181,user,USR58506
3181,merchant,MCH9305
3181,user,USR68017
3181,user,USR40035
3182,merchant,MCH9461
3182,user,USR40036
3183,user,USR66063
3183,user,USR40049
3183,merchant,MCH8415
3184,user,USR59789
3184,merchant,MCH8506
3184,user,USR63266
3184,user,USR40081
3185,merchant,MCH8467
3185,user,USR54089
3185,user,USR40090
3186,merchant,MCH1791
3186,user,USR40110
3187,user,USR95009
3187,user,USR67958
3187,user,USR88643
3187,user,USR99702
3187,merchant,MCH2541
3187,user,USR40135
3188,user,USR87200
3188,user,USR61651
3188,merchant,MCH8268
3188,user,USR40160
3189,user,USR40169
3189,merchant,MCH1226
3189,user,USR42507
3190,user,USR74331
3190,user,USR49499
3190,merchant,MCH8965
3190,user,USR40228
3191,merchant,MCH4054
3191,merchant,MCH4288
3191,user,USR56110
3191,user,USR40252
3192,user,USR62525
3192,merchant,MCH3724
3192,merchant,MCH7108
3192,user,USR99510
3192,user,USR96531
3192,user,USR87820
3192,user,USR40258
3193,user,USR40267
3193,merchant,MCH8264
3194,user,USR40325
3194,user,USR88586
3194,merchant,MCH1977
3195,user,USR79841
3195,user,USR40332
3195,merchant,MCH4087
3195,user,USR52161
3196,user,USR40350
3196,user,USR50976
3196,user,USR91500
3196,user,USR62165
3196,merchant,MCH7418
3197,user,USR66344
3197,user,USR40360
3197,merchant,MCH5915
3197,merchant,MCH2454
3197,user,USR77135
3198,merchant,MCH2771
3198,user,USR40384
3198,user,USR73591
3198,user,USR91962
3198,user,USR75853
3199,user,USR40407
3199,merchant,MCH6582
3200,user,USR85885
3200,user,USR87981
3200,merchant,MCH5252
3200,user,USR63021
3200,user,USR40408
3201,user,USR40422
3201,user,USR92557
3201,user,USR93769
3201,user,USR93584
3201,user,USR86313
3201,merchant,MCH6334
3202,user,USR40479
3202,merchant,MCH1084
3203,user,USR65910
3203,user,USR53621
3203,user,USR40496
3203,merchant,MCH7093
3203,user,USR60295
3203,merchant,MCH2682
3204,user,USR40499
3204,merchant,MCH8232
3204,user,USR41006
3204,user,USR78546
3204,user,USR52859
3204,user,USR91955
3204,merchant,MCH6588
3205,user,USR40511
3205,user,USR97767
3205,merchant,MCH5966
3206,user,USR96482
3206,user,USR50180
3206,merchant,MCH8041
3206,user,USR40528
3207,user,USR40575
3207,merchant,MCH9857
3207,user,USR85891
3208,user,USR69631
3208,user,USR40582
3208,merchant,MCH9513
3209,user,USR81786
3209,user,USR40605
3209,merchant,MCH6784
3210,user,USR41501
3210,user,USR43165
3210,merchant,MCH9882
3210,merchant,MCH8302
3210,user,USR40626
3210,user,USR98713
3211,merchant,MCH5581
3211,user,USR40637
3212,user,USR40641
3212,user,USR92056
3212,merchant,MCH5937
3213,merchant,MCH3372
3213,user,USR40649
3214,merchant,MCH9706
3214,user,USR56826
3214,user,USR40698
3215,merchant,MCH9060
3215,user,USR63182
3215,user,USR59654
3215,user,USR40714
3215,user,USR60126
3216,user,USR79272
3216,user,USR40730
3216,merchant,MCH9016
3217,user,USR40733
3217,user,USR53717
3217,user,USR43113
3217,merchant,MCH5039
3218,user,USR40761
3218,user,USR81510
3218,user,USR79748
3218,merchant,MCH9515
3219,merchant,MCH7404
3219,user,USR68493
3219,user,USR40763
3220,user,USR75392
3220,user,USR40767
3220,merchant,MCH8017
3221,merchant,MCH4769
3221,user,USR40776
3221,user,USR50946
3222,user,USR40794
3222,merchant,MCH7552
3223,merchant,MCH4365
3223,user,USR40800
3224,user,USR40804
3224,merchant,MCH2575
3224,user,USR43980
3225,user,USR40808
3225,merchant,MCH6316
3225,user,USR79776
3225,user,USR87438
3226,user,USR71616
3226,user,USR40821
3226,merchant,MCH4098
3226,user,USR53888
3227,user,USR40832
3227,user,USR49228
3227,user,USR71728
3227,merchant,MCH5783
3228,user,USR46822
3228,user,USR40840
3228,user,USR53209
3228,merchant,MCH4502
3229,merchant,MCH9181
3229,user,USR40862
3230,user,USR40897
3230,merchant,MCH9575
3230,user,USR84425
3231,user,USR68724
3231,merchant,MCH7516
3231,user,USR40913
3232,user,USR71604
3232,merchant,MCH5357
3232,user,USR78755
3232,user,USR40939
3233,user,USR65782
3233,user,USR74887
3233,user,USR40968
3233,user,USR91276
3233,merchant,MCH2516
3233,user,USR45036
3234,user,USR69513
3234,merchant,MCH6502
3234,user,USR40970
3235,user,USR70924
3235,user,USR40976
3235,merchant,MCH5715
3236,user,USR71189
3236,user,USR40988
3236,merchant,MCH2806
3237,user,USR40992
3237,user,USR51158
3237,user,USR79533
3237,merchant,MCH7237
3237,user,USR63541
3237,merchant,MCH6261
3238,user,USR41704
3238,user,USR41011
3238,merchant,MCH5619
3239,merchant,MCH6883
3239,user,USR41025
3240,merchant,MCH1049
3240,user,USR41030
3240,user,USR49725
3240,user,USR69328
3241,merchant,MCH1822
3241,user,USR41032
3241,user,USR58908
3241,user,USR41882
3242,merchant,MCH1815
3242,user,USR41037
3243,merchant,MCH5623
3243,user,USR41097
3244,user,USR59989
3244,merchant,MCH3002
3244,user,USR41272
3244,user,USR41117
3244,user,USR97516
3244,user,USR86624
3244,user,USR97152
3244,merchant,MCH1527
3245,user,USR41127
3245,merchant,MCH9907
3246,user,USR41183
3246,user,USR95643
3246,merchant,MCH6408
3247,user,USR41247
3247,user,USR99394
3247,user,USR80677
3247,merchant,MCH7342
3248,merchant,MCH7140
3248,user,USR41287
3248,user,USR96444
3248,user,USR84875
3248,user,USR51864
3249,user,USR41302
3249,user,USR78780
3249,merchant,MCH5135
3249,user,USR43013
3250,user,USR65641
3250,user,USR50039
3250,user,USR41326
3250,merchant,MCH1765
3251,user,USR41348
3251,merchant,MCH6252
3252,merchant,MCH9904
3252,user,USR41367
3253,merchant,MCH4223
3253,user,USR41382
3254,user,USR83301
3254,merchant,MCH9647
3254,user,USR41385
3255,user,USR52908
3255,merchant,MCH2199
3255,user,USR41395
3256,merchant,MCH2090
3256,user,USR41404
3256,user,USR97499
3257,user,USR88777
3257,user,USR41434
3257,merchant,MCH1767
3258,user,USR41447
3258,user,USR58605
3258,merchant,MCH4760
3258,user,USR45824
3259,user,USR79042
3259,user,USR44082
3259,user,USR41465
3259,merchant,MCH2788
3260,user,USR41466
3260,merchant,MCH7216
3261,user,USR41470
3261,merchant,MCH3397
3262,user,USR43197
3262,user,USR41529
3262,merchant,MCH5638
3263,user,USR96565
3263,merchant,MCH1586
3263,user,USR93767
3263,user,USR41536
3264,user,USR75691
3264,user,USR56255
3264,user,USR82559
3264,merchant,MCH7413
3264,user,USR41554
3265,user,USR41605
3265,merchant,MCH1766
3266,user,USR74927
3266,user,USR41632
3266,user,USR93218
3266,merchant,MCH9436
3267,merchant,MCH2932
3267,user,USR41636
3268,merchant,MCH5242
3268,merchant,MCH4700
3268,user,USR71239
3268,user,USR59042
3268,user,USR76462
3268,user,USR52016
3268,user,USR41646
3268,merchant,MCH6067
3269,user,USR41653
3269,merchant,MCH9062
3270,user,USR62044
3270,user,USR41660
3270,user,USR94930
3270,user,USR69200
3270,user,USR91654
3270,merchant,MCH2809
3270,merchant,MCH4487
3270,user,USR87429
3270,merchant,MCH6753
3270,user,USR99385
3270,user,USR51144
3270,user,USR46235
3271,user,USR47519
3271,user,USR41686
3271,merchant,MCH3071
3272,user,USR47235
3272,user,USR80568
3272,merchant,MCH2286
3272,user,USR41697
3273,user,USR41740
3273,merchant,MCH6495
3273,user,USR79966
3274,user,USR54780
3274,user,USR41756
3274,merchant,MCH2929
3275,user,USR41757
3275,merchant,MCH2758
3275,user,USR43411
3275,user,USR98604
3275,user,USR49043
3276,user,USR41777
3276,user,USR83389
3276,merchant,MCH6146
3277,user,USR94549
3277,user,USR41796
3277,user,USR95278
3277,merchant,MCH6397
3278,merchant,MCH5732
3278,user,USR77465
3278,user,USR95463
3278,user,USR41807
3279,user,USR65177
3279,merchant,MCH8361
3279,user,USR45240
3279,user,USR41813
3279,user,USR70747
3280,merchant,MCH7576
3280,user,USR41814
3280,user,USR77083
3281,merchant,MCH7746
3281,user,USR41820
3282,user,USR46055
3282,merchant,MCH6775
3282,user,USR41835
3283,user,USR41852
3283,merchant,MCH6995
3284,user,USR76530
3284,merchant,MCH3750
3284,user,USR41858
3285,user,USR70560
3285,user,USR41859
3285,user,USR52550
3285,user,USR52894
3285,merchant,MCH3869
3285,merchant,MCH6636
3286,user,USR64920
3286,merchant,MCH1688
3286,user,USR76333
3286,user,USR81910
3286,user,USR41868
3287,user,USR41874
3287,merchant,MCH7151
3287,user,USR44275
3287,user,USR65048
3288,user,USR52974
3288,user,USR47023
3288,merchant,MCH6697
3288,user,USR41902
3289,user,USR41949
3289,user,USR60125
3289,user,USR98347
3289,merchant,MCH2718
3289,user,USR91192
3290,merchant,MCH2289
3290,user,USR50243
3290,user,USR41963
3290,user,USR95911
3291,user,USR41973
3291,user,USR53369
3291,user,USR93309
3291,user,USR74555
3291,merchant,MCH8924
3291,user,USR70775
3292,merchant,MCH9652
3292,user,USR41976
3293,merchant,MCH2811
3293,user,USR42003
3293,user,USR42412
3294,merchant,MCH2046
3294,user,USR55003
3294,user,USR42016
3295,user,USR42017
3295,merchant,MCH2462
3296,user,USR42019
3296,user,USR60122
3296,merchant,MCH3162
3297,user,USR42023
3297,merchant,MCH5762
3298,user,USR48196
3298,user,USR42029
3298,merchant,MCH2287
3298,user,USR62655
3298,user,USR87539
3299,user,USR42046
3299,merchant,MCH4509
3299,merchant,MCH5598
3299,user,USR99085
3300,merchant,MCH3529
3300,user,USR42055
3300,user,USR76137
3301,user,USR42066
3301,merchant,MCH2485
3302,user,USR71037
3302,user,USR88654
3302,user,USR54741
3302,user,USR70926
3302,user,USR86299
3302,user,USR42120
3302,merchant,MCH1476
3302,merchant,MCH8374
3303,user,USR90502
3303,merchant,MCH3994
3303,user,USR42142
3304,user,USR70370
3304,user,USR42153
3304,user,USR84495
3304,merchant,MCH6653
3305,user,USR42160
3305,merchant,MCH9460
3306,user,USR42197
3306,merchant,MCH5797
3306,merchant,MCH1085
3307,merchant,MCH4995
3307,user,USR67816
3307,user,USR42202
3308,merchant,MCH8018
3308,user,USR42216
3309,merchant,MCH2174
3309,user,USR42243
3310,user,USR84093
3310,user,USR42256
3310,user,USR90903
3310,merchant,MCH1298
3310,merchant,MCH5908
3311,user,USR42285
3311,merchant,MCH8609
3312,user,USR92951
3312,user,USR70284
3312,merchant,MCH1109
3312,user,USR42307
3313,user,USR42309
3313,user,USR82187
3313,merchant,MCH4111
3313,user,USR67746
3313,user,USR61197
3314,user,USR42322
3314,merchant,MCH4691
3314,user,USR67523
3315,user,USR42339
3315,merchant,MCH7022
3316,user,USR71165
3316,user,USR42346
3316,merchant,MCH1172
3317,merchant,MCH3371
3317,user,USR53461
3317,merchant,MCH4649
3317,user,USR42361
3317,user,USR89324
3318,user,USR68432
3318,merchant,MCH6606
3318,user,USR42383
3318,user,USR64598
3319,merchant,MCH2841
3319,user,USR90880
3319,user,USR42481
3320,user,USR42498
3320,merchant,MCH3617
3321,merchant,MCH6461
3321,user,USR42502
3322,user,USR42503
3322,merchant,MCH7530
3323,user,USR42520
3323,merchant,MCH9157
3324,merchant,MCH7996
3324,user,USR42532
3325,user,USR42534
3325,merchant,MCH9975
3326,user,USR43965
3326,merchant,MCH4704
3326,user,USR42573
3326,user,USR66277
3326,user,USR72721
3327,user,USR42580
3327,merchant,MCH2288
3328,merchant,MCH5612
3328,merchant,MCH6450
3328,user,USR42587
3329,merchant,MCH3545
3329,user,USR42588
3330,user,USR44967
3330,merchant,MCH4915
3330,user,USR96833
3330,user,USR42594
3330,user,USR91777
3331,merchant,MCH2472
3331,merchant,MCH4697
3331,user,USR65106
3331,user,USR42602
3332,merchant,MCH1022
3332,user,USR42610
3332,user,USR42728
3333,user,USR42639
3333,merchant,MCH1553
3334,user,USR42649
3334,user,USR99142
3334,merchant,MCH5349
3335,user,USR42653
3335,merchant,MCH4408
3335,user,USR98414
3336,merchant,MCH5870
3336,user,USR42675
3337,user,USR72892
3337,merchant,MCH1046
3337,user,USR42688
3338,user,USR70144
3338,user,USR66333
3338,merchant,MCH7450
3338,user,USR42697
3339,merchant,MCH5243
3339,user,USR93065
3339,user,USR42702
3340,user,USR42738
3340,merchant,MCH1456
3341,user,USR42739
3341,user,USR97996
3341,user,USR52812
3341,merchant,MCH2002
3341,user,USR75601
3342,user,USR42758
3342,merchant,MCH9728
3343,merchant,MCH3505
3343,user,USR64074
3343,user,USR97927
3343,user,USR85028
3343,merchant,MCH9426
3343,user,USR42774
3344,user,USR47712
3344,user,USR65069
3344,merchant,MCH1007
3344,user,USR42801
3344,user,USR60882
3345,user,USR42873
3345,user,USR85527
3345,user,USR80813
3345,user,USR75336
3345,merchant,MCH3548
3346,merchant,MCH3074
3346,user,USR42892
3346,user,USR49142
3347,user,USR90636
3347,user,USR62848
3347,merchant,MCH3729
3347,user,USR56837
3347,user,USR79443
3347,user,USR42905
3347,merchant,MCH6646
3347,user,USR47839
3348,merchant,MCH4925
3348,user,USR71894
3348,user,USR42926
3349,user,USR42927
3349,merchant,MCH4436
3349,user,USR43049
3350,user,USR50371
3350,merchant,MCH1680
3350,user,USR68796
3350,user,USR45275
3350,merchant,MCH4673
3350,user,USR42942
3350,merchant,MCH2060
3351,user,USR42946
3351,merchant,MCH1921
3352,merchant,MCH3836
3352,user,USR50898
3352,user,USR42947
3353,user,USR77344
3353,user,USR89672
3353,merchant,MCH7941
3353,user,USR79104
3353,merchant,MCH7437
3353,user,USR98241
3353,user,USR42955
3353,user,USR72903
3353,user,USR80170
3354,user,USR42960
3354,merchant,MCH3787
3355,user,USR42976
3355,user,USR63172
3355,merchant,MCH4667
3356,user,USR85602
3356,merchant,MCH4461
3356,user,USR73860
3356,merchant,MCH1814
3356,user,USR64799
3356,user,USR65082
3356,user,USR72174
3356,user,USR42986
3357,user,USR92209
3357,user,USR43010
3357,user,USR78922
3357,user,USR97954
3357,merchant,MCH9020
3357,merchant,MCH1274
3357,user,USR62602
3357,merchant,MCH2981
3358,merchant,MCH2951
3358,user,USR43021
3359,user,USR84351
3359,user,USR43023
3359,user,USR54427
3359,merchant,MCH5067
3360,user,USR65293
3360,user,USR76260
3360,merchant,MCH9880
3360,user,USR43043
3361,merchant,MCH7587
3361,user,USR43050
3362,user,USR43053
3362,merchant,MCH3168
3363,merchant,MCH2770
3363,user,USR43071
3363,user,USR67892
3364,user,USR86166
3364,merchant,MCH9676
3364,user,USR43100
3364,user,USR99949
3365,user,USR48255
3365,user,USR43152
3365,merchant,MCH3834
3365,merchant,MCH9236
3365,user,USR99305
3365,user,USR43210
3366,user,USR87624
3366,user,USR54276
3366,user,USR43177
3366,user,USR79796
3366,user,USR65176
3366,user,USR87059
3366,merchant,MCH2398
3367,user,USR55530
3367,user,USR53688
3367,user,USR94116
3367,merchant,MCH6420
3367,user,USR43181
3367,user,USR55220
3368,merchant,MCH4237
3368,user,USR43186
3369,user,USR43189
3369,merchant,MCH7212
3370,user,USR43229
3370,user,USR97323
3370,merchant,MCH3902
3371,merchant,MCH5426
3371,user,USR49882
3371,user,USR43242
3372,merchant,MCH4936
3372,user,USR43244
3372,user,USR89285
3373,user,USR43266
3373,merchant,MCH7077
3374,user,USR43280
3374,user,USR89929
3374,merchant,MCH3768
3374,user,USR53412
3375,user,USR43300
3375,user,USR72188
3375,merchant,MCH7195
3376,user,USR43310
3376,user,USR65783
3376,merchant,MCH3028
3377,user,USR43321
3377,merchant,MCH3792
3377,user,USR82794
3377,user,USR57332
3377,user,USR69099
3378,user,USR96330
3378,user,USR96053
3378,merchant,MCH1176
3378,user,USR96237
3378,user,USR43359
3379,user,USR67471
3379,merchant,MCH8738
3379,user,USR43382
3380,user,USR67310
3380,user,USR43387
3380,merchant,MCH3349
3381,user,USR43392
3381,user,USR85444
3381,user,USR98601
3381,merchant,MCH1238
3382,user,USR62266
3382,user,USR43393
3382,user,USR56182
3382,merchant,MCH7685
3383,user,USR43408
3383,user,USR68189
3383,merchant,MCH7315
3384,user,USR63855
3384,user,USR89761
3384,merchant,MCH3533
3384,merchant,MCH6851
3384,merchant,MCH9343
3384,user,USR79248
3384,user,USR69866
3384,merchant,MCH5748
3384,user,USR81536
3384,user,USR45851
3384,user,USR43416
3384,user,USR75061
3385,merchant,MCH3906
3385,user,USR43423
3385,user,USR59563
3386,user,USR43462
3386,merchant,MCH2237
3386,user,USR80463
3387,merchant,MCH9155
3387,user,USR58972
3387,user,USR43464
3388,user,USR59863
3388,user,USR43470
3388,merchant,MCH5449
3389,user,USR73004
3389,user,USR43478
3389,user,USR82468
3389,merchant,MCH8753
3390,merchant,MCH4057
3390,user,USR43491
3391,user,USR43492
3391,merchant,MCH6591
3391,user,USR78025
3392,merchant,MCH7541
3392,user,USR43518
3393,user,USR73491
3393,merchant,MCH1909
3393,user,USR43527
3394,user,USR43545
3394,merchant,MCH1105
3395,merchant,MCH5325
3395,user,USR53681
3395,user,USR98304
3395,user,USR43563
3396,user,USR43656
3396,user,USR72974
3396,user,USR84787
3396,merchant,MCH2596
3397,user,USR52655
3397,user,USR43663
3397,user,USR51963
3397,user,USR89184
3397,merchant,MCH6291
3398,user,USR43735
3398,merchant,MCH7890
3399,user,USR43765
3399,merchant,MCH9369
3400,user,USR43769
3400,merchant,MCH2227
3401,merchant,MCH9356
3401,user,USR62909
3401,user,USR43806
3402,user,USR43833
3402,merchant,MCH4575
3403,user,USR43840
3403,merchant,MCH4781
3403,user,USR58608
3404,user,USR68187
3404,user,USR77112
3404,user,USR43847
3404,merchant,MCH7901
3405,merchant,MCH2453
3405,user,USR43852
3406,merchant,MCH6208
3406,user,USR43877
3407,user,USR43916
3407,merchant,MCH2396
3408,user,USR43962
3408,merchant,MCH2872
3409,user,USR44002
3409,user,USR79320
3409,merchant,MCH4103
3410,merchant,MCH5696
3410,user,USR46381
3410,user,USR92457
3410,user,USR44040
3411,user,USR67576
3411,user,USR44078
3411,merchant,MCH1056
3412,user,USR50732
3412,user,USR44080
3412,merchant,MCH6688
3412,user,USR82800
3413,merchant,MCH9307
3413,user,USR75531
3413,user,USR44137
3414,user,USR44144
3414,user,USR53444
3414,merchant,MCH1447
3414,user,USR89785
3415,user,USR94006
3415,user,USR44174
3415,merchant,MCH1167
3416,user,USR44200
3416,user,USR94983
3416,user,USR60544
3416,merchant,MCH7838
3417,user,USR58187
3417,user,USR44206
3417,user,USR93014
3417,merchant,MCH2275
3418,user,USR87243
3418,merchant,MCH1579
3418,user,USR85050
3418,user,USR44208
3419,user,USR63637
3419,merchant,MCH6378
3419,user,USR90583
3419,user,USR57601
3419,merchant,MCH9843
3419,merchant,MCH7194
3419,user,USR62907
3419,user,USR44217
3419,merchant,MCH3390
3420,merchant,MCH2348
3420,user,USR44221
3421,user,USR44282
3421,merchant,MCH9255
3421,user,USR58680
3421,user,USR85218
3422,merchant,MCH3607
3422,user,USR44286
3423,user,USR73608
3423,merchant,MCH6371
3423,user,USR44302
3424,user,USR54849
3424,user,USR44321
3424,merchant,MCH8446
3425,user,USR80009
3425,user,USR44329
3425,merchant,MCH2272
3426,user,USR76734
3426,merchant,MCH2705
3426,user,USR67765
3426,user,USR81854
3426,user,USR44339
3426,user,USR74920
3427,user,USR44389
3427,merchant,MCH9178
3427,user,USR92614
3427,merchant,MCH1932
3428,user,USR44398
3428,merchant,MCH5662
3428,user,USR53332
3429,user,USR44406
3429,merchant,MCH4077
3430,user,USR97755
3430,user,USR44426
3430,merchant,MCH6761
3431,merchant,MCH5652
3431,user,USR44441
3431,user,USR73259
3431,user,USR62535
3432,merchant,MCH2470
3432,user,USR55595
3432,user,USR82883
3432,user,USR44454
3433,user,USR91183
3433,merchant,MCH9357
3433,user,USR44487
3434,user,USR44504
3434,merchant,MCH7116
3435,user,USR44508
3435,merchant,MCH3405
3435,user,USR55597
3436,user,USR44510
3436,merchant,MCH2111
3437,merchant,MCH8003
3437,user,USR44524
3437,user,USR96489
3438,user,USR44525
3438,merchant,MCH4849
3439,user,USR44582
3439,merchant,MCH8349
3439,user,USR64942
3440,merchant,MCH3205
3440,user,USR44617
3440,user,USR91040
3440,user,USR89135
3440,user,USR51419
3441,user,USR44629
3441,merchant,MCH9089
3441,merchant,MCH9976
3441,user,USR56303
3441,user,USR60327
3442,merchant,MCH3183
3442,user,USR44667
3443,user,USR89429
3443,user,USR44676
3443,merchant,MCH4510
3444,user,USR49673
3444,merchant,MCH8303
3444,user,USR44694
3445,user,USR82307
3445,user,USR90312
3445,user,USR63477
3445,user,USR68723
3445,user,USR80137
3445,merchant,MCH6828
3445,merchant,MCH9999
3445,user,USR44704
3445,merchant,MCH7333
3446,user,USR87956
3446,merchant,MCH5062
3446,user,USR72620
3446,user,USR44710
3447,user,USR44774
3447,user,USR99671
3447,merchant,MCH5560
3448,user,USR96624
3448,user,USR97887
3448,user,USR44866
3448,merchant,MCH7639
3449,user,USR57633
3449,user,USR44867
3449,user,USR52359
3449,merchant,MCH8586
3450,user,USR44870
3450,merchant,MCH2798
3450,user,USR80126
3451,user,USR53364
3451,user,USR44881
3451,user,USR97137
3451,user,USR81981
3451,merchant,MCH3202
3451,user,USR82083
3451,merchant,MCH7565
3451,merchant,MCH3013
3451,user,USR93138
3452,user,USR44899
3452,merchant,MCH3908
3453,user,USR80770
3453,user,USR44948
3453,user,USR59082
3453,merchant,MCH2986
3454,merchant,MCH3233
3454,user,USR44961
3454,user,USR92271
3455,merchant,MCH1746
3455,user,USR92852
3455,user,USR44965
3455,user,USR88602
3456,user,USR52094
3456,user,USR70768
3456,merchant,MCH2787
3456,user,USR45018
3457,user,USR45038
3457,merchant,MCH4210
3457,user,USR60706
3458,user,USR74408
3458,user,USR45116
3458,user,USR99557
3458,merchant,MCH1609
3459,user,USR80620
3459,user,USR45128
3459,merchant,MCH4589
3460,user,USR45142
3460,user,USR83132
3460,merchant,MCH1212
3460,user,USR78743
3461,merchant,MCH7549
3461,user,USR89486
3461,user,USR54693
3461,user,USR45154
3461,user,USR64046
3461,user,USR58796
3461,user,USR89489
3462,merchant,MCH6830
3462,user,USR45155
3463,merchant,MCH7659
3463,user,USR45169
3463,user,USR45422
3464,user,USR45181
3464,merchant,MCH3832
3464,user,USR93702
3465,merchant,MCH8517
3465,user,USR45210
3465,user,USR76730
3466,merchant,MCH2015
3466,user,USR81581
3466,user,USR63228
3466,user,USR45273
3467,user,USR85320
3467,user,USR45296
3467,user,USR91368
3467,user,USR83504
3467,merchant,MCH2780
3468,merchant,MCH3007
3468,merchant,MCH9292
3468,user,USR81243
3468,user,USR45305
3469,user,USR45308
3469,merchant,MCH6005
3469,user,USR85531
3469,user,USR82199
3470,merchant,MCH8409
3470,user,USR45332
3471,merchant,MCH1165
3471,user,USR83234
3471,user,USR64499
3471,user,USR91166
3471,user,USR45359
3471,merchant,MCH2247
3472,merchant,MCH4928
3472,user,USR46800
3472,user,USR45373
3472,user,USR66133
3473,user,USR45405
3473,merchant,MCH3604
3474,user,USR89619
3474,merchant,MCH7183
3474,user,USR76944
3474,user,USR45438
3475,user,USR66385
3475,user,USR45503
3475,user,USR63435
3475,merchant,MCH9046
3475,user,USR92701
3476,user,USR45506
3476,user,USR70251
3476,user,USR85526
3476,merchant,MCH6023
3477,user,USR45511
3477,merchant,MCH4585
3478,user,USR45515
3478,user,USR79720
3478,merchant,MCH7928
3479,user,USR45522
3479,merchant,MCH9674
3480,merchant,MCH2022
3480,user,USR45579
3481,user,USR45582
3481,user,USR50261
3481,merchant,MCH8740
3482,user,USR82139
3482,user,USR45598
3482,user,USR85095
3482,merchant,MCH4060
3482,merchant,MCH8431
3482,user,USR80991
3482,user,USR64590
3483,user,USR64536
3483,merchant,MCH2268
3483,user,USR45601
3484,user,USR58558
3484,merchant,MCH8985
3484,user,USR45635
3484,user,USR89098
3484,user,USR71952
3485,merchant,MCH2887
3485,user,USR45646
3486,user,USR58423
3486,merchant,MCH3626
3486,user,USR98705
3486,user,USR59127
3486,user,USR45665
3486,merchant,MCH9102
3487,merchant,MCH1345
3487,user,USR45674
3487,user,USR80999
3487,user,USR67840
3488,user,USR45676
3488,merchant,MCH8290
3489,user,USR45677
3489,merchant,MCH8598
3489,user,USR97861
3490,user,USR45747
3490,merchant,MCH9489
3491,merchant,MCH5630
3491,user,USR45748
3491,user,USR53103
3492,user,USR66908
3492,user,USR45750
3492,merchant,MCH6572
3493,merchant,MCH3661
3493,user,USR45761
3494,merchant,MCH1027
3494,user,USR45772
3495,merchant,MCH3980
3495,user,USR45786
3495,user,USR65214
3496,user,USR45800
3496,user,USR89365
3496,merchant,MCH6066
3497,user,USR92179
3497,merchant,MCH1083
3497,user,USR45823
3497,user,USR82299
3498,user,USR45841
3498,merchant,MCH8118
3499,merchant,MCH3247
3499,user,USR45914
3500,merchant,MCH7694
3500,user,USR45935
3501,user,USR50901
3501,merchant,MCH8813
3501,user,USR83839
3501,user,USR45945
3502,merchant,MCH1296
3502,user,USR45955
3503,user,USR45959
3503,user,USR54979
3503,merchant,MCH5831
3504,merchant,MCH1948
3504,user,USR58443
3504,merchant,MCH5080
3504,user,USR45971
3504,user,USR80890
3505,user,USR85360
3505,merchant,MCH8480
3505,user,USR46010
3505,user,USR55935
3506,user,USR57517
3506,user,USR83004
3506,merchant,MCH8132
3506,user,USR46036
3507,user,USR46058
3507,user,USR88056
3507,user,USR80317
3507,user,USR73126
3507,user,USR47092
3507,merchant,MCH3226
3507,user,USR78762
3507,user,USR82829
3507,merchant,MCH2681
3508,user,USR46059
3508,merchant,MCH1858
3509,user,USR46073
3509,merchant,MCH6010
3509,user,USR62031
3510,user,USR46078
3510,merchant,MCH9849
3511,merchant,MCH7010
3511,user,USR46083
3512,user,USR46096
3512,user,USR80915
3512,merchant,MCH7934
3512,user,USR46809
3512,user,USR60127
3513,user,USR46101
3513,merchant,MCH5282
3514,merchant,MCH3760
3514,user,USR46113
3514,user,USR83327
3515,user,USR46146
3515,user,USR89494
3515,user,USR85654
3515,merchant,MCH3499
3516,user,USR46186
3516,merchant,MCH9110
3517,user,USR72000
3517,merchant,MCH3051
3517,user,USR46187
3517,user,USR51879
3518,user,USR92490
3518,merchant,MCH8867
3518,user,USR46193
3519,user,USR46204
3519,user,USR68410
3519,merchant,MCH1820
3519,user,USR79974
3520,user,USR76069
3520,user,USR87153
3520,user,USR88588
3520,merchant,MCH5813
3520,user,USR46214
3520,user,USR80311
3521,user,USR65993
3521,user,USR46216
3521,merchant,MCH6153
3522,user,USR93616
3522,user,USR46243
3522,merchant,MCH6435
3522,user,USR65452
3523,merchant,MCH2468
3523,user,USR46271
3524,user,USR77876
3524,user,USR80241
3524,user,USR49082
3524,user,USR72542
3524,user,USR46313
3524,merchant,MCH7734
3525,user,USR46336
3525,user,USR98719
3525,merchant,MCH5872
3526,user,USR46396
3526,merchant,MCH2607
3527,user,USR93953
3527,merchant,MCH3886
3527,user,USR46401
3528,user,USR98307
3528,merchant,MCH9914
3528,user,USR96189
3528,user,USR46403
3528,user,USR84379
3529,user,USR46407
3529,merchant,MCH5510
3530,user,USR46411
3530,user,USR91158
3530,merchant,MCH2239
3531,user,USR46428
3531,merchant,MCH4268
3532,user,USR46434
3532,user,USR85727
3532,merchant,MCH7302
3533,user,USR46435
3533,merchant,MCH1095
3533,user,USR94716
3534,user,USR46471
3534,user,USR63549
3534,merchant,MCH2587
3534,user,USR49574
3534,user,USR49098
3535,user,USR80416
3535,user,USR46529
3535,merchant,MCH7963
3535,merchant,MCH4756
3536,user,USR75514
3536,user,USR59966
3536,merchant,MCH9311
3536,user,USR46535
3537,user,USR46537
3537,merchant,MCH9935
3538,user,USR46549
3538,merchant,MCH5018
3539,user,USR46562
3539,merchant,MCH9023
3539,user,USR62721
3540,merchant,MCH2604
3540,user,USR46597
3541,user,USR46609
3541,merchant,MCH1900
3542,user,USR51548
3542,merchant,MCH4286
3542,user,USR46617
3542,user,USR80068
3543,user,USR82745
3543,merchant,MCH2908
3543,user,USR46630
3544,merchant,MCH1544
3544,user,USR46655
3545,merchant,MCH8426
3545,user,USR57917
3545,user,USR46662
3546,user,USR46693
3546,merchant,MCH3919
3546,user,USR72681
3547,merchant,MCH2612
3547,user,USR46720
3548,user,USR62120
3548,user,USR46754
3548,user,USR64731
3548,user,USR59653
3548,merchant,MCH3320
3549,merchant,MCH1443
3549,user,USR46774
3550,merchant,MCH9531
3550,user,USR46801
3550,user,USR55848
3551,user,USR46811
3551,merchant,MCH2888
3552,merchant,MCH7521
3552,user,USR66621
3552,user,USR46829
3553,user,USR58924
3553,user,USR46881
3553,merchant,MCH1955
3553,user,USR68931
3554,merchant,MCH5358
3554,user,USR46883
3554,user,USR51036
3555,merchant,MCH7604
3555,user,USR46898
3555,user,USR65130
3556,merchant,MCH9910
3556,user,USR46899
3557,user,USR46923
3557,merchant,MCH2685
3558,merchant,MCH7131
3558,user,USR72463
3558,user,USR82174
3558,user,USR46929
3559,user,USR46940
3559,user,USR99173
3559,merchant,MCH9383
3560,merchant,MCH7484
3560,user,USR46960
3560,user,USR94567
3561,user,USR46965
3561,merchant,MCH8288
3562,user,USR46971
3562,merchant,MCH9958
3563,merchant,MCH7562
3563,user,USR47001
3564,merchant,MCH1400
3564,user,USR47005
3564,user,USR68665
3564,user,USR88411
3564,user,USR69839
3565,user,USR82645
3565,user,USR47035
3565,merchant,MCH9503
3566,merchant,MCH8636
3566,user,USR65269
3566,user,USR47098
3567,user,USR47108
3567,merchant,MCH7226
3568,user,USR47114
3568,merchant,MCH8849
3569,merchant,MCH2236
3569,user,USR69512
3569,user,USR47150
3570,user,USR68207
3570,merchant,MCH2371
3570,user,USR47151
3571,merchant,MCH2531
3571,user,USR47167
3572,user,USR81688
3572,user,USR47178
3572,user,USR84349
3572,user,USR81394
3572,merchant,MCH2222
3572,user,USR49491
3573,user,USR47185
3573,user,USR80127
3573,merchant,MCH8197
3574,merchant,MCH3217
3574,user,USR47206
3574,user,USR66114
3575,user,USR47252
3575,merchant,MCH5144
3576,user,USR47266
3576,merchant,MCH4294
3576,user,USR93556
3577,user,USR59584
3577,merchant,MCH5154
3577,user,USR47283
3578,user,USR47375
3578,merchant,MCH6992
3579,merchant,MCH3892
3579,user,USR47382
3580,merchant,MCH9347
3580,user,USR47384
3581,merchant,MCH6603
3581,user,USR47389
3581,user,USR68351
3582,user,USR47400
3582,merchant,MCH1953
3582,user,USR51312
3582,user,USR94217
3583,user,USR68295
3583,user,USR56813
3583,merchant,MCH2914
3583,user,USR47408
3584,merchant,MCH6176
3584,user,USR71740
3584,user,USR65215
3584,user,USR47416
3584,user,USR69230
3585,merchant,MCH2431
3585,user,USR49496
3585,user,USR91759
3585,user,USR47425
3586,merchant,MCH3215
3586,user,USR54773
3586,user,USR52828
3586,user,USR47427
3586,user,USR94135
3587,merchant,MCH1098
3587,user,USR47441
3588,user,USR47447
3588,user,USR99712
3588,user,USR99837
3588,merchant,MCH8765
3589,merchant,MCH2537
3589,user,USR47469
3590,merchant,MCH4007
3590,user,USR83314
3590,user,USR47475
3591,user,USR47492
3591,merchant,MCH2129
3592,user,USR80559
3592,user,USR97245
3592,user,USR47495
3592,merchant,MCH1578
3593,user,USR47544
3593,merchant,MCH4165
3594,user,USR47567
3594,user,USR86611
3594,merchant,MCH6760
3595,user,USR99804
3595,merchant,MCH3251
3595,user,USR67215
3595,user,USR47580
3596,user,USR47594
3596,merchant,MCH9225
3597,user,USR47596
3597,merchant,MCH8565
3598,user,USR92958
3598,merchant,MCH3925
3598,user,USR47599
3598,merchant,MCH4904
3599,user,USR54250
3599,user,USR80492
3599,user,USR47609
3599,merchant,MCH6926
3600,merchant,MCH8743
3600,user,USR47641
3600,user,USR60609
3600,user,USR88636
3600,merchant,MCH2270
3600,user,USR65932
3600,user,USR91224
3600,user,USR87348
3601,merchant,MCH2661
3601,user,USR47645
3602,user,USR47660
3602,merchant,MCH7434
3603,user,USR82871
3603,merchant,MCH5961
3603,merchant,MCH8050
3603,user,USR83429
3603,user,USR47704
3604,merchant,MCH9820
3604,user,USR47892
3604,user,USR69233
3604,user,USR48187
3604,user,USR47726
3605,merchant,MCH9712
3605,user,USR47728
3606,user,USR96094
3606,user,USR94195
3606,user,USR47729
3606,merchant,MCH4521
3606,user,USR52700
3607,user,USR47745
3607,user,USR60191
3607,merchant,MCH9967
3608,user,USR47753
3608,merchant,MCH6186
3609,merchant,MCH2036
3609,merchant,MCH6843
3609,user,USR64876
3609,user,USR54199
3609,user,USR55151
3609,user,USR47757
3609,merchant,MCH4498
3609,user,USR83793
3609,user,USR84633
3609,merchant,MCH8430
3610,user,USR61616
3610,user,USR47780
3610,merchant,MCH5494
3611,merchant,MCH4260
3611,user,USR47805
3612,user,USR47819
3612,user,USR48992
3612,merchant,MCH8859
3613,user,USR90935
3613,merchant,MCH8693
3613,user,USR47820
3614,user,USR47821
3614,merchant,MCH3422
3615,user,USR81614
3615,merchant,MCH4321
3615,user,USR47823
3615,user,USR60589
3616,merchant,MCH5500
3616,user,USR47882
3617,user,USR47893
3617,merchant,MCH8500
3617,user,USR63727
3617,user,USR67061
3617,merchant,MCH7945
3617,user,USR90849
3618,user,USR47899
3618,merchant,MCH1031
3619,merchant,MCH6939
3619,user,USR87975
3619,user,USR47922
3620,user,USR56500
3620,user,USR57534
3620,merchant,MCH6458
3620,merchant,MCH7222
3620,user,USR89165
3620,user,USR67712
3620,user,USR47925
3621,user,USR47947
3621,merchant,MCH7446
3621,user,USR55887
3622,user,USR63686
3622,user,USR66732
3622,merchant,MCH5545
3622,user,USR47961
3622,user,USR90843
3622,merchant,MCH4083
3623,user,USR91931
3623,user,USR47971
3623,merchant,MCH1310
3623,user,USR58725
3623,user,USR80955
3624,user,USR66086
3624,user,USR47990
3624,merchant,MCH5052
3625,user,USR48008
3625,merchant,MCH9278
3626,user,USR86856
3626,merchant,MCH2316
3626,user,USR88208
3626,user,USR48027
3627,user,USR48034
3627,user,USR63087
3627,merchant,MCH7588
3627,user,USR92593
3628,user,USR48036
3628,merchant,MCH3290
3629,user,USR48045
3629,merchant,MCH5936
3629,user,USR58545
3630,user,USR48048
3630,merchant,MCH1778
3631,user,USR48060
3631,merchant,MCH7579
3632,user,USR86758
3632,merchant,MCH7399
3632,user,USR48115
3632,user,USR89119
3632,user,USR96196
3632,user,USR87642
3632,merchant,MCH6897
3632,user,USR70436
3632,user,USR83999
3633,merchant,MCH1029
3633,user,USR48155
3634,merchant,MCH4147
3634,user,USR48170
3635,user,USR48191
3635,merchant,MCH7164
3635,user,USR73908
3636,merchant,MCH5790
3636,user,USR48197
3636,user,USR71734
3637,merchant,MCH6191
3637,user,USR48247
3638,merchant,MCH6187
3638,user,USR69851
3638,user,USR48262
3639,merchant,MCH5101
3639,user,USR60845
3639,merchant,MCH6083
3639,user,USR70067
3639,user,USR48264
3639,user,USR57427
3639,user,USR60210
3640,user,USR52918
3640,merchant,MCH5878
3640,user,USR48277
3640,user,USR74378
3641,merchant,MCH2281
3641,user,USR76633
3641,user,USR48296
3642,merchant,MCH5708
3642,user,USR48318
3643,user,USR87433
3643,user,USR48374
3643,merchant,MCH8230
3644,merchant,MCH7808
3644,user,USR86831
3644,user,USR48378
3644,user,USR61724
3645,user,USR48421
3645,merchant,MCH2866
3646,user,USR89034
3646,user,USR48424
3646,merchant,MCH7596
3647,user,USR55617
3647,user,USR48425
3647,merchant,MCH2460
3648,user,USR48484
3648,merchant,MCH8837
3649,user,USR80054
3649,user,USR80305
3649,merchant,MCH3781
3649,user,USR48560
3650,user,USR82410
3650,merchant,MCH1905
3650,user,USR48604
3651,user,USR49703
3651,user,USR48606
3651,merchant,MCH7298
3651,merchant,MCH8592
3651,user,USR84553
3652,user,USR64698
3652,user,USR48653
3652,user,USR78747
3652,merchant,MCH8056
3652,merchant,MCH3671
3653,user,USR64891
3653,merchant,MCH6222
3653,user,USR48668
3654,user,USR96647
3654,merchant,MCH3574
3654,user,USR48701
3655,merchant,MCH3854
3655,user,USR48704
3655,user,USR49139
3656,user,USR49349
3656,user,USR48738
3656,merchant,MCH8404
3656,user,USR52515
3656,user,USR59857
3657,user,USR48747
3657,merchant,MCH9829
3658,merchant,MCH5868
3658,user,USR48748
3658,user,USR59982
3658,user,USR68916
3658,user,USR74737
3659,user,USR48749
3659,merchant,MCH8051
3659,user,USR90666
3660,user,USR81017
3660,user,USR94129
3660,merchant,MCH1148
3660,user,USR48770
3661,user,USR48778
3661,merchant,MCH4483
3662,user,USR48797
3662,user,USR57474
3662,merchant,MCH2347
3663,user,USR84727
3663,user,USR71903
3663,user,USR50473
3663,user,USR48806
3663,user,USR49515
3663,merchant,MCH6069
3664,merchant,MCH7762
3664,user,USR77679
3664,user,USR48824
3665,user,USR48832
3665,merchant,MCH5738
3666,user,USR48840
3666,merchant,MCH2211
3667,user,USR48867
3667,user,USR85121
3667,merchant,MCH7256
3668,user,USR48883
3668,merchant,MCH8908
3668,user,USR84636
3669,user,USR48898
3669,merchant,MCH9218
3670,merchant,MCH2293
3670,user,USR48918
3671,merchant,MCH9963
3671,user,USR48949
3672,user,USR78623
3672,merchant,MCH2667
3672,user,USR49010
3672,user,USR67602
3673,user,USR71097
3673,user,USR49039
3673,merchant,MCH6455
3673,user,USR51947
3674,user,USR49052
3674,merchant,MCH4317
3674,user,USR72438
3675,merchant,MCH5812
3675,user,USR96067
3675,user,USR52015
3675,user,USR49077
3676,user,USR49093
3676,user,USR56751
3676,merchant,MCH8322
3677,user,USR49112
3677,merchant,MCH5304
3678,merchant,MCH9588
3678,user,USR54969
3678,merchant,MCH3763
3678,user,USR49117
3678,user,USR49156
3678,user,USR96611
3679,user,USR49152
3679,merchant,MCH6882
3680,user,USR49169
3680,merchant,MCH6748
3681,user,USR57386
3681,merchant,MCH9241
3681,user,USR49179
3682,merchant,MCH1203
3682,user,USR49195
3683,merchant,MCH1228
3683,user,USR49200
3684,user,USR73733
3684,merchant,MCH9414
3684,user,USR49220
3685,user,USR71467
3685,user,USR64733
3685,merchant,MCH3045
3685,user,USR84804
3685,user,USR49234
3685,user,USR82276
3686,user,USR75135
3686,merchant,MCH5746
3686,user,USR96748
3686,user,USR49278
3687,merchant,MCH6027
3687,user,USR49305
3688,user,USR53574
3688,user,USR83715
3688,user,USR49387
3688,merchant,MCH6101
3688,user,USR83622
3689,user,USR49479
3689,user,USR67166
3689,merchant,MCH4108
3690,user,USR86690
3690,merchant,MCH2525
3690,user,USR49546
3691,user,USR49567
3691,merchant,MCH3266
3692,user,USR49581
3692,merchant,MCH9180
3693,user,USR55217
3693,merchant,MCH8758
3693,user,USR49590
3694,merchant,MCH6560
3694,user,USR59941
3694,user,USR49592
3695,merchant,MCH9076
3695,user,USR75679
3695,user,USR49647
3696,merchant,MCH7649
3696,user,USR74272
3696,user,USR49654
3696,user,USR89875
3697,user,USR95381
3697,user,USR92206
3697,user,USR57357
3697,user,USR49749
3697,merchant,MCH4297
3697,user,USR99263
3698,user,USR77419
3698,merchant,MCH7967
3698,user,USR96574
3698,user,USR49759
3699,user,USR49774
3699,user,USR55116
3699,merchant,MCH6552
3700,user,USR49779
3700,user,USR72775
3700,merchant,MCH6124
3701,user,USR88895
3701,user,USR80785
3701,merchant,MCH6630
3701,user,USR49795
3702,merchant,MCH3638
3702,user,USR49798
3702,user,USR96249
3703,user,USR95994
3703,user,USR49809
3703,merchant,MCH7538
3704,user,USR49854
3704,merchant,MCH9161
3705,merchant,MCH4332
3705,user,USR78579
3705,user,USR49871
3706,user,USR49885
3706,merchant,MCH7902
3707,merchant,MCH6113
3707,user,USR49916
3708,merchant,MCH4346
3708,merchant,MCH9638
3708,user,USR94875
3708,user,USR49935
3709,merchant,MCH8432
3709,user,USR49959
3710,merchant,MCH1783
3710,user,USR49986
3711,merchant,MCH4470
3711,user,USR50053
3712,user,USR50055
3712,merchant,MCH1522
3713,user,USR99954
3713,user,USR77051
3713,merchant,MCH6509
3713,user,USR50060
3714,user,USR61563
3714,user,USR81819
3714,merchant,MCH1795
3714,user,USR64821
3714,user,USR50138
3715,merchant,MCH8442
3715,user,USR50141
3716,merchant,MCH4009
3716,user,USR50144
3717,user,USR50159
3717,merchant,MCH5693
3718,user,USR89816
3718,user,USR52456
3718,user,USR96681
3718,merchant,MCH5778
3718,merchant,MCH8387
3718,user,USR70131
3718,user,USR61539
3718,user,USR52842
3718,user,USR66066
3718,user,USR50225
3718,user,USR55054
3718,user,USR87328
3719,merchant,MCH6413
3719,user,USR76662
3719,user,USR50231
3720,merchant,MCH4025
3720,user,USR50251
3721,user,USR59081
3721,merchant,MCH4222
3721,user,USR50270
3722,user,USR50278
3722,merchant,MCH1845
3722,user,USR63974
3723,user,USR50285
3723,merchant,MCH2636
3724,user,USR50315
3724,merchant,MCH2759
3724,user,USR88737
3725,merchant,MCH6319
3725,user,USR50320
3726,merchant,MCH7279
3726,user,USR50332
3727,user,USR76741
3727,user,USR50334
3727,merchant,MCH2548
3727,user,USR50376
3727,user,USR54793
3728,user,USR77833
3728,merchant,MCH4874
3728,user,USR50345
3729,merchant,MCH3131
3729,user,USR50757
3729,user,USR50413
3729,user,USR91760
3730,user,USR84397
3730,merchant,MCH7718
3730,user,USR50425
3731,user,USR50441
3731,merchant,MCH8184
3732,user,USR50458
3732,user,USR92116
3732,user,USR75550
3732,merchant,MCH4725
3733,user,USR50838
3733,user,USR88117
3733,user,USR50491
3733,merchant,MCH3198
3733,user,USR55177
3734,merchant,MCH8479
3734,user,USR50494
3735,user,USR50535
3735,merchant,MCH2014
3735,user,USR89473
3736,user,USR50577
3736,merchant,MCH3081
3737,user,USR50607
3737,merchant,MCH7205
3738,user,USR50629
3738,merchant,MCH5863
3739,user,USR50644
3739,merchant,MCH3155
3740,user,USR50670
3740,user,USR61067
3740,user,USR98558
3740,user,USR53060
3740,merchant,MCH2827
3740,merchant,MCH2579
3740,user,USR65210
3741,user,USR50683
3741,merchant,MCH6013
3742,merchant,MCH9326
3742,user,USR50686
3743,user,USR63194
3743,user,USR79337
3743,user,USR86387
3743,user,USR59825
3743,merchant,MCH9408
3743,user,USR68828
3743,user,USR50711
3743,user,USR76233
3743,merchant,MCH8735
3744,user,USR50744
3744,user,USR76728
3744,merchant,MCH5648
3744,user,USR54550
3745,merchant,MCH6366
3745,user,USR60934
3745,user,USR59993
3745,user,USR50763
3745,user,USR99190
3746,merchant,MCH9519
3746,user,USR50775
3747,user,USR50783
3747,merchant,MCH9233
3747,user,USR93598
3748,user,USR50793
3748,merchant,MCH8884
3748,user,USR62730
3748,user,USR93577
3749,merchant,MCH4232
3749,user,USR54347
3749,user,USR50835
3749,user,USR51765
3749,user,USR96195
3750,merchant,MCH1636
3750,user,USR50844
3751,user,USR54241
3751,merchant,MCH6543
3751,user,USR50928
3751,user,USR68851
3752,merchant,MCH2263
3752,user,USR50965
3753,user,USR51015
3753,merchant,MCH2595
3754,merchant,MCH6373
3754,user,USR75019
3754,user,USR51019
3755,user,USR85511
3755,user,USR51041
3755,merchant,MCH5836
3755,user,USR68118
3756,user,USR51044
3756,merchant,MCH9960
3757,merchant,MCH7903
3757,user,USR61219
3757,user,USR51054
3757,user,USR68346
3757,user,USR89482
3758,user,USR51064
3758,user,USR78627
3758,merchant,MCH6361
3759,user,USR52539
3759,merchant,MCH2384
3759,user,USR58719
3759,user,USR51098
3760,merchant,MCH9544
3760,user,USR51140
3760,merchant,MCH8024
3760,user,USR56386
3760,user,USR75942
3761,user,USR51185
3761,merchant,MCH2543
3762,user,USR80013
3762,user,USR69456
3762,user,USR51187
3762,merchant,MCH5817
3762,user,USR65515
3762,merchant,MCH7972
3763,user,USR51207
3763,merchant,MCH3993
3764,user,USR51292
3764,merchant,MCH8615
3764,user,USR78697
3765,user,USR51295
3765,user,USR58397
3765,merchant,MCH6529
3766,merchant,MCH5227
3766,user,USR51297
3767,merchant,MCH9802
3767,user,USR51304
3768,user,USR51307
3768,merchant,MCH6160
3769,user,USR51330
3769,merchant,MCH2657
3769,user,USR92517
3770,user,USR81821
3770,user,USR51340
3770,merchant,MCH9201
3770,user,USR88688
3770,user,USR62076
3771,merchant,MCH1987
3771,user,USR51343
3772,user,USR99502
3772,user,USR85609
3772,user,USR51383
3772,user,USR59534
3772,merchant,MCH3447
3773,merchant,MCH3191
3773,user,USR51483
3774,user,USR51513
3774,user,USR62822
3774,merchant,MCH6396
3774,user,USR90078
3775,user,USR51615
3775,merchant,MCH1128
3775,user,USR99038
3776,merchant,MCH8572
3776,merchant,MCH6445
3776,user,USR51679
3777,user,USR51699
3777,user,USR92255
3777,merchant,MCH7327
3777,user,USR72094
3778,user,USR51733
3778,merchant,MCH7486
3778,user,USR99625
3778,user,USR98977
3779,merchant,MCH9540
3779,user,USR51751
3780,user,USR51755
3780,merchant,MCH2949
3781,merchant,MCH6558
3781,user,USR51796
3782,user,USR51820
3782,merchant,MCH5869
3783,user,USR51839
3783,merchant,MCH9142
3784,merchant,MCH6710
3784,user,USR63225
3784,user,USR51880
3785,merchant,MCH4160
3785,merchant,MCH6247
3785,user,USR69464
3785,user,USR51881
3785,user,USR61098
3786,user,USR51939
3786,merchant,MCH4348
3786,user,USR61902
3787,user,USR88843
3787,merchant,MCH5503
3787,user,USR51943
3788,merchant,MCH4126
3788,user,USR51953
3789,user,USR83163
3789,merchant,MCH6119
3789,user,USR51969
3789,merchant,MCH2546
3790,user,USR84834
3790,user,USR62166
3790,user,USR51991
3790,merchant,MCH1257
3790,user,USR64160
3791,user,USR77596
3791,merchant,MCH3756
3791,user,USR51992
3792,merchant,MCH2703
3792,user,USR52006
3793,merchant,MCH5640
3793,user,USR52036
3793,user,USR56472
3794,merchant,MCH4844
3794,user,USR52079
3794,user,USR57626
3795,user,USR61790
3795,user,USR52095
3795,merchant,MCH3652
3796,merchant,MCH4434
3796,user,USR74563
3796,user,USR98934
3796,user,USR87367
3796,user,USR52102
3796,user,USR56876
3796,user,USR92928
3797,user,USR52118
3797,merchant,MCH5682
3798,merchant,MCH8088
3798,user,USR52127
3799,merchant,MCH2104
3799,user,USR90931
3799,user,USR52186
3799,user,USR87318
3799,user,USR96759
3799,user,USR76361
3800,user,USR52187
3800,user,USR67481
3800,user,USR95161
3800,merchant,MCH9936
3801,user,USR52189
3801,merchant,MCH1947
3802,user,USR55053
3802,user,USR52224
3802,user,USR69731
3802,merchant,MCH4529
3803,merchant,MCH2550
3803,user,USR52235
3803,user,USR99545
3803,user,USR90254
3804,merchant,MCH6868
3804,user,USR75677
3804,user,USR52253
3805,user,USR58780
3805,user,USR52267
3805,merchant,MCH7635
3806,merchant,MCH8633
3806,user,USR52270
3807,user,USR90916
3807,user,USR52320
3807,user,USR61944
3807,merchant,MCH1910
3807,user,USR70575
3808,merchant,MCH5235
3808,user,USR52331
3809,user,USR95612
3809,user,USR52339
3809,merchant,MCH9617
3809,user,USR75030
3810,user,USR52348
3810,user,USR82912
3810,merchant,MCH3955
3811,user,USR89547
3811,merchant,MCH4736
3811,user,USR52371
3812,merchant,MCH4313
3812,user,USR52372
3813,user,USR52373
3813,user,USR61842
3813,user,USR60572
3813,merchant,MCH9209
3814,user,USR66623
3814,user,USR99998
3814,user,USR65315
3814,user,USR93947
3814,merchant,MCH3859
3814,user,USR58944
3814,user,USR52396
3814,merchant,MCH2165
3815,user,USR52412
3815,merchant,MCH4698
3815,user,USR87454
3816,user,USR80366
3816,user,USR69850
3816,merchant,MCH3635
3816,user,USR52424
3817,user,USR70101
3817,user,USR52450
3817,merchant,MCH6244
3818,user,USR68978
3818,user,USR68897
3818,user,USR80974
3818,user,USR82933
3818,merchant,MCH3068
3818,merchant,MCH4316
3818,user,USR52464
3818,user,USR72072
3819,user,USR52516
3819,merchant,MCH6353
3820,merchant,MCH7630
3820,merchant,MCH4853
3820,user,USR81490
3820,user,USR94215
3820,user,USR85263
3820,merchant,MCH3556
3820,merchant,MCH5100
3820,user,USR69482
3820,user,USR71152
3820,user,USR70608
3820,user,USR52542
3821,user,USR89848
3821,merchant,MCH3012
3821,user,USR52562
3822,user,USR55680
3822,user,USR52580
3822,merchant,MCH4579
3822,user,USR77397
3823,merchant,MCH6506
3823,user,USR52598
3824,merchant,MCH7206
3824,user,USR52610
3825,user,USR52613
3825,merchant,MCH2551
3826,merchant,MCH2641
3826,user,USR52646
3827,user,USR61214
3827,merchant,MCH4587
3827,user,USR78555
3827,user,USR52668
3827,user,USR70542
3828,user,USR86802
3828,user,USR52730
3828,merchant,MCH2204
3829,user,USR52734
3829,merchant,MCH2184
3830,user,USR77976
3830,user,USR52763
3830,merchant,MCH3267
3831,user,USR52787
3831,user,USR85189
3831,merchant,MCH4163
3832,user,USR52816
3832,merchant,MCH3708
3833,merchant,MCH1280
3833,user,USR52837
3834,user,USR78349
3834,merchant,MCH2487
3834,user,USR52838
3835,merchant,MCH3870
3835,merchant,MCH3048
3835,user,USR90021
3835,user,USR53310
3835,merchant,MCH8297
3835,user,USR52890
3835,user,USR52848
3835,user,USR63788
3835,user,USR86824
3836,merchant,MCH4013
3836,user,USR52959
3836,merchant,MCH2760
3836,user,USR52854
3836,user,USR94148
3836,user,USR67852
3837,merchant,MCH7803
3837,user,USR93571
3837,user,USR52901
3838,user,USR82311
3838,merchant,MCH3282
3838,user,USR52910
3839,user,USR52915
3839,merchant,MCH7051
3839,merchant,MCH7595
3839,user,USR73343
3839,user,USR84869
3840,user,USR52946
3840,merchant,MCH6144
3841,merchant,MCH2782
3841,user,USR52947
3842,merchant,MCH9576
3842,user,USR70296
3842,user,USR52964
3843,merchant,MCH9837
3843,user,USR53068
3844,user,USR53069
3844,user,USR57805
3844,merchant,MCH5359
3845,merchant,MCH2533
3845,user,USR53077
3845,user,USR90702
3845,user,USR53866
3845,user,USR56695
3845,user,USR75008
3846,user,USR57830
3846,user,USR53171
3846,user,USR80995
3846,merchant,MCH6920
3847,merchant,MCH9729
3847,user,USR90245
3847,user,USR53192
3848,user,USR53194
3848,user,USR87027
3848,user,USR54672
3848,merchant,MCH9353
3849,user,USR53215
3849,merchant,MCH8519
3850,merchant,MCH9781
3850,user,USR53223
3851,merchant,MCH3144
3851,user,USR53246
3852,user,USR53266
3852,merchant,MCH8766
3853,user,USR53401
3853,user,USR67269
3853,merchant,MCH9777
3853,user,USR53286
3854,merchant,MCH7268
3854,user,USR53293
3855,user,USR53361
3855,user,USR85706
3855,merchant,MCH1311
3856,user,USR96263
3856,merchant,MCH2442
3856,user,USR53387
3857,user,USR70912
3857,merchant,MCH1602
3857,user,USR53392
3857,user,USR90018
3858,user,USR65304
3858,user,USR78259
3858,merchant,MCH2687
3858,user,USR53418
3859,merchant,MCH6565
3859,user,USR53423
3860,user,USR53424
3860,user,USR92756
3860,merchant,MCH7006
3860,merchant,MCH1180
3861,merchant,MCH7818
3861,user,USR79681
3861,user,USR98387
3861,merchant,MCH7657
3861,user,USR53439
3862,merchant,MCH2084
3862,user,USR53451
3863,merchant,MCH4907
3863,user,USR53489
3864,user,USR69142
3864,merchant,MCH4767
3864,user,USR53491
3864,user,USR68336
3865,merchant,MCH3023
3865,user,USR77771
3865,user,USR53554
3866,user,USR53595
3866,merchant,MCH6521
3866,user,USR83200
3867,user,USR53603
3867,merchant,MCH3261
3868,user,USR87780
3868,merchant,MCH3046
3868,user,USR82240
3868,user,USR53648
3868,user,USR56525
3868,merchant,MCH8933
3868,user,USR55681
3868,user,USR89314
3868,user,USR96725
3868,user,USR72483
3868,merchant,MCH9013
3869,merchant,MCH5385
3869,user,USR53680
3869,user,USR96424
3870,user,USR53691
3870,merchant,MCH1628
3870,user,USR62046
3871,merchant,MCH7028
3871,user,USR53716
3871,user,USR70393
3872,user,USR53758
3872,merchant,MCH4257
3873,user,USR53760
3873,merchant,MCH1951
3874,user,USR54599
3874,merchant,MCH4467
3874,user,USR53777
3875,user,USR53778
3875,user,USR94245
3875,merchant,MCH5239
3876,user,USR53785
3876,user,USR56674
3876,merchant,MCH8283
3876,user,USR87537
3877,user,USR53841
3877,merchant,MCH4209
3878,user,USR53845
3878,user,USR95151
3878,merchant,MCH8628
3879,merchant,MCH8639
3879,user,USR53853
3880,merchant,MCH2343
3880,user,USR53855
3881,merchant,MCH6303
3881,user,USR60957
3881,user,USR74250
3881,merchant,MCH2264
3881,user,USR53857
3882,merchant,MCH5777
3882,user,USR53890
3882,user,USR93061
3883,user,USR72624
3883,merchant,MCH5933
3883,user,USR53915
3884,user,USR56437
3884,user,USR53922
3884,merchant,MCH8786
3885,user,USR79526
3885,user,USR94636
3885,user,USR85100
3885,user,USR53970
3885,merchant,MCH4011
3886,merchant,MCH2589
3886,user,USR53979
3887,user,USR53989
3887,merchant,MCH6550
3888,user,USR55778
3888,user,USR54007
3888,merchant,MCH5313
3889,merchant,MCH8677
3889,user,USR54043
3890,merchant,MCH2481
3890,user,USR54069
3890,user,USR54413
3891,user,USR54076
3891,merchant,MCH8842
3892,user,USR54087
3892,merchant,MCH3663
3893,user,USR54103
3893,user,USR79306
3893,merchant,MCH7837
3894,merchant,MCH5767
3894,user,USR54129
3895,user,USR54150
3895,user,USR98351
3895,merchant,MCH2294
3895,user,USR85547
3896,merchant,MCH4940
3896,user,USR54151
3896,merchant,MCH7626
3896,user,USR59469
3897,merchant,MCH6601
3897,user,USR54156
3898,user,USR58461
3898,merchant,MCH1024
3898,user,USR54166
3898,user,USR76178
3899,user,USR54191
3899,merchant,MCH4227
3899,user,USR80571
3900,user,USR90900
3900,user,USR54218
3900,merchant,MCH4004
3901,user,USR54220
3901,merchant,MCH2359
3902,user,USR87262
3902,merchant,MCH1774
3902,user,USR54247
3902,user,USR86703
3903,user,USR60407
3903,user,USR54743
3903,merchant,MCH7367
3903,user,USR54291
3903,user,USR90746
3904,merchant,MCH4625
3904,user,USR57257
3904,user,USR54307
3905,user,USR62197
3905,merchant,MCH6315
3905,user,USR93473
3905,user,USR54310
3906,user,USR56829
3906,merchant,MCH5549
3906,user,USR91026
3906,user,USR54336
3907,user,USR54358
3907,merchant,MCH7674
3908,user,USR54364
3908,user,USR82813
3908,merchant,MCH3067
3909,user,USR54378
3909,merchant,MCH7432
3910,user,USR54397
3910,merchant,MCH4628
3911,user,USR54411
3911,merchant,MCH8759
3911,user,USR92327
3912,user,USR54444
3912,user,USR77199
3912,merchant,MCH2921
3913,user,USR54496
3913,merchant,MCH3766
3913,user,USR61062
3914,user,USR54527
3914,merchant,MCH1060
3915,user,USR54553
3915,merchant,MCH3044
3916,merchant,MCH9073
3916,user,USR86957
3916,user,USR54634
3916,user,USR77765
3917,merchant,MCH5999
3917,user,USR54649
3918,user,USR54659
3918,merchant,MCH7324
3919,user,USR54696
3919,merchant,MCH4603
3920,merchant,MCH8255
3920,user,USR86826
3920,user,USR61410
3920,user,USR54714
3921,merchant,MCH1409
3921,user,USR54752
3922,merchant,MCH1030
3922,user,USR54755
3922,user,USR55270
3922,user,USR96867
3923,user,USR54789
3923,merchant,MCH2969
3924,user,USR91018
3924,user,USR54797
3924,merchant,MCH3300
3925,user,USR54864
3925,merchant,MCH3524
3926,merchant,MCH8640
3926,user,USR54868
3926,user,USR96461
3927,user,USR54875
3927,merchant,MCH1464
3927,user,USR79768
3928,user,USR55431
3928,merchant,MCH6167
3928,user,USR65862
3928,merchant,MCH7872
3928,user,USR54883
3929,user,USR54884
3929,merchant,MCH3303
3929,user,USR64645
3930,merchant,MCH3612
3930,merchant,MCH5398
3930,user,USR54917
3931,user,USR54951
3931,merchant,MCH3969
3931,merchant,MCH1772
3931,merchant,MCH7846
3931,user,USR81703
3931,user,USR77070
3931,user,USR89513
3932,merchant,MCH8437
3932,user,USR55954
3932,user,USR70293
3932,user,USR54989
3932,user,USR85195
3932,user,USR68045
3932,user,USR84655
3933,user,USR73069
3933,merchant,MCH5197
3933,user,USR54990
3934,user,USR54993
3934,user,USR89989
3934,merchant,MCH2170
3935,merchant,MCH4380
3935,user,USR83424
3935,user,USR55066
3936,merchant,MCH6082
3936,user,USR55075
3937,merchant,MCH2691
3937,user,USR64959
3937,user,USR94325
3937,user,USR84431
3937,merchant,MCH5639
3937,user,USR55095
3937,merchant,MCH2066
3937,user,USR56777
3937,user,USR97422
3937,merchant,MCH7008
3937,user,USR74325
3937,merchant,MCH7307
3938,merchant,MCH6102
3938,user,USR55104
3939,user,USR77410
3939,user,USR55114
3939,merchant,MCH8009
3940,user,USR80062
3940,user,USR55118
3940,merchant,MCH9410
3941,merchant,MCH1458
3941,user,USR55133
3941,user,USR71815
3942,user,USR68905
3942,user,USR73787
3942,merchant,MCH5860
3942,user,USR90598
3942,user,USR55145
3943,user,USR55150
3943,user,USR88342
3943,merchant,MCH8308
3944,user,USR74796
3944,merchant,MCH2630
3944,user,USR55187
3945,user,USR55208
3945,merchant,MCH1967
3946,merchant,MCH2517
3946,user,USR59640
3946,user,USR55212
3947,merchant,MCH4076
3947,user,USR55215
3948,user,USR55239
3948,user,USR91525
3948,merchant,MCH2605
3949,user,USR76590
3949,user,USR58880
3949,merchant,MCH1455
3949,user,USR55243
3950,user,USR55251
3950,merchant,MCH8902
3951,merchant,MCH4740
3951,user,USR55259
3952,merchant,MCH7081
3952,user,USR55265
3952,merchant,MCH5544
3952,merchant,MCH4238
3952,user,USR99523
3952,user,USR88957
3953,merchant,MCH8926
3953,user,USR75594
3953,user,USR85282
3953,user,USR55266
3954,merchant,MCH9641
3954,user,USR96562
3954,user,USR55379
3955,user,USR67764
3955,merchant,MCH3855
3955,user,USR55392
3955,user,USR63265
3956,merchant,MCH3702
3956,user,USR55398
3957,merchant,MCH8272
3957,user,USR55417
3958,merchant,MCH4538
3958,user,USR55444
3958,user,USR98641
3959,user,USR77093
3959,merchant,MCH2479
3959,user,USR55463
3959,user,USR86036
3959,user,USR97633
3960,user,USR89267
3960,user,USR55487
3960,merchant,MCH7879
3960,user,USR74879
3960,user,USR68849
3961,user,USR96712
3961,user,USR55626
3961,user,USR99816
3961,merchant,MCH3270
3962,user,USR55640
3962,merchant,MCH7433
3962,user,USR88343
3963,user,USR69807
3963,merchant,MCH4934
3963,user,USR70613
3963,user,USR55645
3964,merchant,MCH4845
3964,user,USR89089
3964,user,USR66190
3964,user,USR55657
3965,user,USR68974
3965,user,USR55678
3965,merchant,MCH7059
3966,user,USR55682
3966,merchant,MCH8551
3966,user,USR62761
3967,user,USR55687
3967,merchant,MCH7839
3967,user,USR80195
3968,user,USR55690
3968,merchant,MCH6739
3968,user,USR62468
3969,user,USR65355
3969,user,USR76141
3969,user,USR55718
3969,merchant,MCH3777
3970,user,USR58333
3970,user,USR82001
3970,merchant,MCH9663
3970,merchant,MCH8629
3970,user,USR55735
3971,merchant,MCH3860
3971,user,USR55739
3972,merchant,MCH5450
3972,user,USR55751
3973,user,USR62439
3973,merchant,MCH8533
3973,user,USR55777
3974,user,USR64470
3974,user,USR55783
3974,merchant,MCH4620
3975,user,USR55785
3975,user,USR99293
3975,user,USR77668
3975,merchant,MCH9640
3976,user,USR55791
3976,merchant,MCH7813
3976,user,USR99756
3977,user,USR55862
3977,user,USR69520
3977,merchant,MCH6687
3977,user,USR94489
3978,user,USR55922
3978,merchant,MCH1846
3978,merchant,MCH3816
3978,user,USR65009
3978,user,USR73356
3978,user,USR86751
3979,merchant,MCH7385
3979,merchant,MCH5417
3979,user,USR72181
3979,user,USR94874
3979,user,USR55947
3980,user,USR96090
3980,merchant,MCH1973
3980,user,USR55953
3981,merchant,MCH6774
3981,user,USR67676
3981,user,USR56056
3982,user,USR90354
3982,merchant,MCH8549
3982,user,USR90835
3982,user,USR56123
3983,merchant,MCH5470
3983,user,USR95355
3983,user,USR71928
3983,user,USR56140
3983,merchant,MCH1619
3984,user,USR56194
3984,merchant,MCH2164
3985,merchant,MCH2130
3985,user,USR56212
3986,user,USR56215
3986,merchant,MCH9065
3987,user,USR58350
3987,user,USR56228
3987,merchant,MCH8964
3988,merchant,MCH1220
3988,user,USR56247
3988,user,USR67250
3989,user,USR56260
3989,user,USR84310
3989,merchant,MCH8460
3990,user,USR56284
3990,user,USR69998
3990,merchant,MCH2952
3991,user,USR56345
3991,user,USR74077
3991,merchant,MCH9626
3992,user,USR56348
3992,merchant,MCH9524
3993,user,USR56373
3993,merchant,MCH8411
3993,user,USR96054
3994,user,USR87025
3994,user,USR56492
3994,merchant,MCH6427
3994,user,USR92328
3995,user,USR56539
3995,user,USR89555
3995,merchant,MCH2620
3996,merchant,MCH6349
3996,user,USR62403
3996,user,USR56554
3997,merchant,MCH3399
3997,user,USR56585
3998,user,USR95503
3998,user,USR70423
3998,merchant,MCH9081
3998,user,USR56640
3998,merchant,MCH5136
3999,user,USR56654
3999,merchant,MCH2325
3999,user,USR93641
3999,user,USR80791
4000,merchant,MCH4507
4000,user,USR56694
4001,merchant,MCH2024
4001,user,USR66966
4001,user,USR80947
4001,user,USR56708
4001,user,USR62813
4002,user,USR66681
4002,merchant,MCH7230
4002,user,USR56714
4002,user,USR87471
4003,user,USR56752
4003,user,USR95840
4003,merchant,MCH6791
4004,user,USR56755
4004,merchant,MCH7066
4004,user,USR66784
4004,user,USR98968
4004,user,USR95540
4004,merchant,MCH3976
4005,user,USR83080
4005,merchant,MCH6072
4005,user,USR56770
4006,merchant,MCH5960
4006,user,USR56802
4006,user,USR79327
4007,merchant,MCH5687
4007,user,USR61349
4007,user,USR56803
4008,merchant,MCH2601
4008,user,USR99014
4008,user,USR56824
4009,user,USR64525
4009,user,USR56825
4009,merchant,MCH1925
4009,user,USR87437
4009,user,USR60357
4010,merchant,MCH2249
4010,user,USR56862
4010,user,USR78144
4010,user,USR67425
4011,user,USR56886
4011,user,USR72176
4011,user,USR68419
4011,user,USR89527
4011,merchant,MCH1446
4012,merchant,MCH2429
4012,user,USR56890
4013,user,USR56912
4013,merchant,MCH3296
4013,user,USR59486
4014,user,USR56936
4014,merchant,MCH2333
4014,user,USR89610
4015,user,USR56974
4015,user,USR82036
4015,merchant,MCH5985
4016,merchant,MCH1996
4016,user,USR56985
4017,user,USR56988
4017,user,USR89253
4017,merchant,MCH3180
4018,user,USR58909
4018,merchant,MCH2160
4018,user,USR57011
4019,user,USR57033
4019,user,USR71961
4019,merchant,MCH7064
4020,merchant,MCH2828
4020,user,USR71133
4020,merchant,MCH5069
4020,user,USR57039
4021,merchant,MCH3075
4021,user,USR57066
4022,user,USR57069
4022,merchant,MCH3346
4023,user,USR80557
4023,merchant,MCH3847
4023,user,USR57105
4023,user,USR80453
4024,user,USR66084
4024,merchant,MCH5167
4024,user,USR57117
4025,merchant,MCH7097
4025,user,USR57173
4026,merchant,MCH3757
4026,user,USR57203
4027,merchant,MCH2790
4027,user,USR87518
4027,user,USR57229
4028,user,USR57232
4028,merchant,MCH5816
4029,merchant,MCH2091
4029,user,USR57259
4030,user,USR57263
4030,user,USR79865
4030,merchant,MCH4327
4030,user,USR67610
4031,user,USR57279
4031,user,USR77263
4031,merchant,MCH9114
4032,user,USR57308
4032,merchant,MCH7112
4033,user,USR57317
4033,merchant,MCH1521
4034,merchant,MCH9854
4034,user,USR57352
4034,user,USR65241
4035,user,USR58067
4035,merchant,MCH8069
4035,user,USR57380
4036,user,USR57433
4036,user,USR75398
4036,merchant,MCH7363
4037,user,USR91139
4037,user,USR64274
4037,user,USR57449
4037,merchant,MCH6527
4038,user,USR59663
4038,merchant,MCH3931
4038,user,USR57454
4039,merchant,MCH7494
4039,user,USR89431
4039,user,USR57498
4040,user,USR57502
4040,merchant,MCH3171
4040,user,USR85761
4041,user,USR57506
4041,merchant,MCH2360
4042,user,USR57546
4042,merchant,MCH8408
4043,user,USR82388
4043,user,USR57571
4043,user,USR98011
4043,merchant,MCH2323
4044,user,USR57578
4044,merchant,MCH3453
4045,merchant,MCH3178
4045,user,USR57616
4046,user,USR62311
4046,merchant,MCH5888
4046,user,USR57628
4047,user,USR57638
4047,merchant,MCH4188
4048,user,USR57641
4048,user,USR79731
4048,merchant,MCH5130
4049,user,USR57659
4049,merchant,MCH7540
4050,merchant,MCH2852
4050,user,USR68284
4050,user,USR57672
4051,user,USR57707
4051,user,USR95043
4051,merchant,MCH3564
4052,user,USR57721
4052,merchant,MCH6747
4053,user,USR70787
4053,merchant,MCH9165
4053,user,USR65389
4053,user,USR57737
4053,user,USR79833
4054,merchant,MCH8610
4054,user,USR57775
4054,user,USR96758
4055,user,USR57799
4055,merchant,MCH7911
4056,user,USR72534
4056,user,USR57807
4056,user,USR80197
4056,merchant,MCH8792
4057,user,USR57819
4057,user,USR72474
4057,merchant,MCH8508
4058,user,USR57889
4058,user,USR69967
4058,merchant,MCH2345
4059,merchant,MCH6348
4059,user,USR57897
4060,merchant,MCH5968
4060,user,USR93299
4060,user,USR57901
4061,user,USR70029
4061,merchant,MCH8742
4061,user,USR66850
4061,user,USR57922
4062,user,USR70486
4062,merchant,MCH6062
4062,user,USR88555
4062,user,USR57965
4063,merchant,MCH2777
4063,user,USR57992
4064,user,USR99886
4064,user,USR58010
4064,merchant,MCH1941
4065,user,USR58016
4065,merchant,MCH8219
4066,merchant,MCH8524
4066,user,USR58050
4067,user,USR81144
4067,merchant,MCH5473
4067,user,USR58089
4068,merchant,MCH4199
4068,user,USR58097
4069,merchant,MCH8025
4069,user,USR58125
4070,user,USR74616
4070,user,USR58167
4070,merchant,MCH3743
4071,user,USR60361
4071,user,USR58169
4071,merchant,MCH6655
4072,user,USR67541
4072,merchant,MCH2406
4072,user,USR58183
4073,user,USR69289
4073,user,USR58230
4073,merchant,MCH2621
4074,user,USR58266
4074,user,USR95566
4074,merchant,MCH6906
4074,user,USR93498
4074,merchant,MCH4056
4075,user,USR75147
4075,user,USR58305
4075,merchant,MCH6317
4076,merchant,MCH7057
4076,user,USR83646
4076,user,USR65800
4076,user,USR58308
4077,user,USR58339
4077,merchant,MCH3688
4078,user,USR58382
4078,merchant,MCH8304
4079,user,USR58390
4079,merchant,MCH3512
4080,user,USR58415
4080,merchant,MCH3082
4080,user,USR64044
4081,user,USR58424
4081,merchant,MCH4325
4082,user,USR58446
4082,user,USR76881
4082,merchant,MCH4992
4082,user,USR63440
4083,user,USR58457
4083,merchant,MCH2818
4083,user,USR66221
4084,user,USR58471
4084,user,USR92479
4084,merchant,MCH2875
4084,user,USR61084
4085,user,USR66998
4085,user,USR58488
4085,merchant,MCH4333
4086,user,USR58527
4086,merchant,MCH1285
4086,user,USR80886
4087,user,USR58567
4087,merchant,MCH9198
4088,user,USR58570
4088,merchant,MCH4537
4089,merchant,MCH4972
4089,user,USR58600
4090,user,USR67920
4090,merchant,MCH6024
4090,user,USR58613
4091,user,USR73747
4091,merchant,MCH5408
4091,user,USR58631
4092,merchant,MCH6127
4092,user,USR58697
4092,user,USR80439
4093,merchant,MCH7663
4093,user,USR58740
4093,user,USR94688
4094,user,USR58774
4094,user,USR62774
4094,merchant,MCH2095
4095,user,USR58795
4095,merchant,MCH4670
4096,user,USR71898
4096,merchant,MCH4651
4096,user,USR73594
4096,user,USR58808
4097,merchant,MCH3283
4097,user,USR58837
4098,merchant,MCH4825
4098,user,USR58884
4099,user,USR65695
4099,user,USR58914
4099,merchant,MCH9277
4100,user,USR75901
4100,merchant,MCH6235
4100,merchant,MCH5056
4100,user,USR91456
4100,user,USR58952
4101,user,USR58959
4101,merchant,MCH6241
4102,merchant,MCH9386
4102,user,USR58965
4103,user,USR58971
4103,merchant,MCH6871
4103,user,USR81474
4104,merchant,MCH4099
4104,user,USR61522
4104,user,USR96732
4104,user,USR59064
4105,merchant,MCH5481
4105,user,USR59091
4106,user,USR89771
4106,merchant,MCH5579
4106,user,USR59093
4107,merchant,MCH3158
4107,user,USR88512
4107,user,USR82870
4107,user,USR59154
4108,user,USR59234
4108,merchant,MCH2984
4109,user,USR59259
4109,merchant,MCH7104
4110,user,USR87373
4110,merchant,MCH3894
4110,user,USR72924
4110,user,USR59265
4111,user,USR59273
4111,merchant,MCH8234
4112,user,USR59289
4112,merchant,MCH2128
4113,merchant,MCH6136
4113,user,USR86582
4113,user,USR59291
4114,merchant,MCH3667
4114,user,USR59292
4115,merchant,MCH4833
4115,user,USR79313
4115,user,USR59332
4116,merchant,MCH2252
4116,user,USR59352
4117,user,USR82913
4117,merchant,MCH3121
4117,user,USR64538
4117,user,USR59400
4118,user,USR69669
4118,merchant,MCH7918
4118,user,USR59408
4118,user,USR74022
4119,merchant,MCH3265
4119,user,USR59412
4120,user,USR59429
4120,merchant,MCH3744
4121,user,USR69442
4121,merchant,MCH4794
4121,user,USR59449
4122,merchant,MCH2373
4122,user,USR59451
4123,merchant,MCH1837
4123,user,USR59467
4124,merchant,MCH4354
4124,user,USR59508
4125,user,USR59617
4125,merchant,MCH6465
4125,user,USR90711
4126,merchant,MCH5555
4126,user,USR87481
4126,user,USR59620
4127,merchant,MCH2753
4127,user,USR59623
4127,user,USR84200
4128,user,USR59682
4128,user,USR65087
4128,merchant,MCH8746
4129,merchant,MCH9259
4129,user,USR59691
4130,user,USR59739
4130,merchant,MCH5992
4131,merchant,MCH7041
4131,user,USR59742
4132,user,USR59797
4132,user,USR99917
4132,merchant,MCH1802
4132,user,USR71027
4132,user,USR71042
4133,user,USR59809
4133,merchant,MCH5440
4134,user,USR59828
4134,merchant,MCH7752
4135,merchant,MCH1326
4135,user,USR59831
4135,user,USR90721
4136,user,USR66343
4136,merchant,MCH6666
4136,user,USR59861
4137,merchant,MCH3837
4137,user,USR59866
4137,user,USR61731
4138,user,USR87735
4138,merchant,MCH1132
4138,user,USR59872
4139,user,USR59877
4139,merchant,MCH2432
4140,merchant,MCH2255
4140,user,USR59934
4141,user,USR59939
4141,merchant,MCH1992
4142,user,USR59942
4142,user,USR87317
4142,merchant,MCH1324
4143,user,USR60070
4143,merchant,MCH3998
4144,user,USR60128
4144,merchant,MCH5649
4145,merchant,MCH2654
4145,user,USR60146
4146,user,USR79222
4146,user,USR60171
4146,user,USR82939
4146,user,USR88176
4146,merchant,MCH5420
4147,user,USR97952
4147,merchant,MCH9538
4147,user,USR60176
4148,merchant,MCH3730
4148,user,USR60240
4148,user,USR94927
4149,user,USR94426
4149,user,USR78440
4149,user,USR63364
4149,merchant,MCH2816
4149,user,USR60299
4150,user,USR60317
4150,merchant,MCH5507
4151,user,USR69017
4151,merchant,MCH8599
4151,user,USR60356
4152,user,USR73077
4152,user,USR60369
4152,merchant,MCH4656
4152,merchant,MCH3348
4153,merchant,MCH7533
4153,user,USR60371
4154,user,USR60378
4154,user,USR80512
4154,merchant,MCH2720
4155,merchant,MCH1097
4155,user,USR93486
4155,user,USR60386
4156,user,USR74341
4156,user,USR60437
4156,merchant,MCH8946
4157,merchant,MCH4939
4157,user,USR62045
4157,user,USR60446
4158,user,USR60494
4158,merchant,MCH1912
4158,user,USR94219
4159,user,USR60504
4159,merchant,MCH8035
4160,user,USR85669
4160,user,USR85703
4160,merchant,MCH1393
4160,user,USR60507
4160,user,USR60606
4160,user,USR91153
4161,user,USR89071
4161,merchant,MCH7597
4161,user,USR60512
4161,user,USR97752
4162,merchant,MCH2871
4162,user,USR60548
4163,merchant,MCH7695
4163,user,USR60585
4163,merchant,MCH8229
4164,user,USR60624
4164,merchant,MCH9268
4165,merchant,MCH5928
4165,user,USR60630
4166,user,USR60690
4166,merchant,MCH7968
4167,user,USR60737
4167,merchant,MCH5351
4168,user,USR60763
4168,merchant,MCH1289
4168,user,USR69345
4168,merchant,MCH4064
4168,user,USR68559
4168,user,USR66173
4169,user,USR60769
4169,merchant,MCH8242
4169,user,USR74940
4170,merchant,MCH4307
4170,user,USR60770
4171,merchant,MCH2125
4171,user,USR60773
4172,merchant,MCH1211
4172,user,USR99720
4172,user,USR60777
4173,merchant,MCH2134
4173,user,USR98824
4173,user,USR61596
4173,user,USR64159
4173,user,USR60822
4173,merchant,MCH1452
4174,merchant,MCH6947
4174,user,USR71010
4174,user,USR60833
4175,user,USR60864
4175,user,USR66335
4175,merchant,MCH6193
4176,user,USR84137
4176,user,USR72444
4176,merchant,MCH6442
4176,user,USR60895
4177,merchant,MCH8853
4177,user,USR60900
4178,user,USR60927
4178,merchant,MCH1927
4178,user,USR79388
4179,merchant,MCH5902
4179,user,USR81535
4179,user,USR60960
4180,merchant,MCH1758
4180,user,USR60987
4181,user,USR92714
4181,user,USR60997
4181,user,USR97655
4181,merchant,MCH2994
4182,user,USR98065
4182,user,USR61014
4182,merchant,MCH6836
4182,user,USR78921
4182,merchant,MCH1369
4183,user,USR78115
4183,merchant,MCH4302
4183,user,USR63885
4183,merchant,MCH2942
4183,user,USR72069
4183,user,USR61021
4184,merchant,MCH3731
4184,user,USR61039
4184,user,USR88203
4184,user,USR69885
4185,merchant,MCH8979
4185,user,USR61052
4185,user,USR84618
4186,user,USR61060
4186,merchant,MCH3443
4187,merchant,MCH5792
4187,user,USR61091
4188,user,USR70850
4188,user,USR61100
4188,merchant,MCH5716
4188,user,USR77774
4189,merchant,MCH5285
4189,user,USR88128
4189,user,USR61102
4190,user,USR61138
4190,user,USR70378
4190,merchant,MCH4053
4190,user,USR93351
4191,merchant,MCH8418
4191,user,USR61170
4191,user,USR78732
4192,user,USR61484
4192,merchant,MCH8719
4192,user,USR61196
4193,merchant,MCH2310
4193,user,USR61211
4194,user,USR73644
4194,user,USR61222
4194,merchant,MCH6734
4194,user,USR90800
4195,user,USR98164
4195,user,USR61231
4195,merchant,MCH7702
4196,merchant,MCH7788
4196,user,USR61259
4196,user,USR68638
4197,user,USR61280
4197,merchant,MCH7921
4198,user,USR61299
4198,merchant,MCH2504
4199,user,USR61315
4199,merchant,MCH9251
4200,merchant,MCH8901
4200,user,USR61332
4201,user,USR82564
4201,merchant,MCH1647
4201,user,USR89930
4201,user,USR61346
4201,user,USR88963
4202,user,USR74700
4202,merchant,MCH8680
4202,user,USR96665
4202,user,USR97301
4202,user,USR65996
4202,user,USR81229
4202,user,USR61368
4203,user,USR61420
4203,merchant,MCH7148
4204,user,USR61432
4204,merchant,MCH2172
4205,user,USR74115
4205,user,USR61436
4205,user,USR94450
4205,merchant,MCH9582
4206,merchant,MCH5587
4206,user,USR61456
4207,merchant,MCH3084
4207,user,USR96487
4207,user,USR61462
4207,user,USR80634
4208,merchant,MCH4619
4208,user,USR61561
4208,user,USR61487
4209,user,USR61514
4209,user,USR98569
4209,merchant,MCH4855
4210,user,USR61534
4210,merchant,MCH9491
4211,merchant,MCH3211
4211,user,USR61577
4212,user,USR98721
4212,user,USR61608
4212,user,USR76959
4212,merchant,MCH8190
4213,merchant,MCH3988
4213,user,USR63557
4213,user,USR70558
4213,user,USR61622
4214,user,USR61657
4214,merchant,MCH6042
4215,user,USR61666
4215,merchant,MCH5576
4216,user,USR77073
4216,user,USR61687
4216,merchant,MCH8604
4217,user,USR61697
4217,merchant,MCH3025
4217,user,USR66419
4218,user,USR98377
4218,merchant,MCH4224
4218,user,USR61721
4219,merchant,MCH3595
4219,user,USR61769
4220,user,USR61832
4220,merchant,MCH5626
4220,user,USR65615
4221,user,USR61838
4221,merchant,MCH1075
4222,user,USR68437
4222,user,USR61850
4222,merchant,MCH6545
4222,user,USR88541
4223,merchant,MCH1065
4223,user,USR61908
4224,user,USR61915
4224,merchant,MCH2985
4225,user,USR61928
4225,user,USR65529
4225,merchant,MCH9915
4226,user,USR73600
4226,merchant,MCH2913
4226,user,USR61934
4227,merchant,MCH9548
4227,user,USR71198
4227,user,USR61949
4228,merchant,MCH9152
4228,user,USR61968
4229,merchant,MCH3375
4229,user,USR61983
4230,user,USR62003
4230,merchant,MCH6362
4230,user,USR90820
4231,user,USR62017
4231,merchant,MCH1261
4232,merchant,MCH8447
4232,user,USR63500
4232,user,USR62048
4232,user,USR67968
4233,merchant,MCH3112
4233,user,USR74458
4233,user,USR62138
4234,user,USR62184
4234,merchant,MCH6814
4234,user,USR77486
4235,user,USR62194
4235,merchant,MCH6742
4235,user,USR80943
4236,user,USR62205
4236,merchant,MCH8816
4236,user,USR76044
4237,user,USR62274
4237,merchant,MCH4433
4237,user,USR81770
4238,user,USR62344
4238,user,USR71500
4238,merchant,MCH1009
4239,user,USR62445
4239,user,USR99558
4239,merchant,MCH1882
4240,merchant,MCH2122
4240,user,USR75529
4240,user,USR62455
4240,user,USR87823
4241,merchant,MCH7599
4241,user,USR77330
4241,user,USR85040
4241,user,USR62459
4242,merchant,MCH8044
4242,user,USR87929
4242,user,USR62461
4243,merchant,MCH5593
4243,user,USR62530
4244,user,USR73714
4244,user,USR67542
4244,merchant,MCH6155
4244,user,USR62542
4245,merchant,MCH9789
4245,user,USR62543
4246,merchant,MCH5556
4246,user,USR62552
4246,user,USR89681
4246,user,USR69772
4246,user,USR69852
4246,user,USR91617
4246,user,USR79716
4246,merchant,MCH4722
4247,user,USR62597
4247,merchant,MCH9130
4248,merchant,MCH4891
4248,user,USR62600
4249,user,USR62606
4249,user,USR63110
4249,user,USR78452
4249,merchant,MCH2609
4250,user,USR80247
4250,user,USR62645
4250,merchant,MCH6738
4251,user,USR62698
4251,merchant,MCH5539
4251,user,USR62844
4252,user,USR62782
4252,merchant,MCH2008
4252,user,USR78889
4253,user,USR69352
4253,user,USR62817
4253,merchant,MCH5577
4253,user,USR64005
4254,user,USR62840
4254,merchant,MCH8723
4255,user,USR82146
4255,user,USR62863
4255,merchant,MCH1700
4256,user,USR62892
4256,merchant,MCH5275
4256,user,USR97388
4257,merchant,MCH8934
4257,user,USR62953
4257,user,USR74117
4258,user,USR93967
4258,user,USR62956
4258,merchant,MCH4085
4259,user,USR62972
4259,merchant,MCH1445
4259,user,USR72075
4260,user,USR75740
4260,user,USR86382
4260,user,USR62979
4260,merchant,MCH3917
4261,user,USR63008
4261,merchant,MCH5444
4262,merchant,MCH2340
4262,user,USR63010
4263,user,USR63032
4263,merchant,MCH6999
4264,user,USR63057
4264,merchant,MCH9048
4264,user,USR96328
4265,merchant,MCH1134
4265,user,USR63062
4265,user,USR65791
4266,user,USR73932
4266,user,USR76632
4266,merchant,MCH1843
4266,user,USR86765
4266,user,USR63065
4267,user,USR80028
4267,user,USR79036
4267,user,USR63155
4267,merchant,MCH6128
4268,merchant,MCH5802
4268,user,USR63170
4269,user,USR63208
4269,merchant,MCH6288
4270,merchant,MCH4668
4270,user,USR98510
4270,merchant,MCH7080
4270,user,USR63234
4270,user,USR92306
4271,user,USR63280
4271,merchant,MCH9480
4271,user,USR90246
4272,user,USR79770
4272,merchant,MCH8402
4272,user,USR63283
4273,user,USR63284
4273,merchant,MCH7227
4274,user,USR63307
4274,merchant,MCH3409
4275,user,USR63354
4275,merchant,MCH6313
4275,user,USR72906
4276,user,USR63372
4276,merchant,MCH4145
4277,merchant,MCH9510
4277,user,USR63373
4278,user,USR63387
4278,user,USR65681
4278,merchant,MCH2945
4279,merchant,MCH2671
4279,user,USR63390
4280,user,USR73719
4280,user,USR63419
4280,user,USR68019
4280,merchant,MCH3307
4281,merchant,MCH8346
4281,user,USR63432
4282,merchant,MCH8917
4282,user,USR63433
4282,user,USR94617
4283,merchant,MCH7807
4283,user,USR63515
4284,user,USR65246
4284,merchant,MCH9612
4284,user,USR63547
4284,user,USR88275
4285,user,USR63553
4285,user,USR89450
4285,merchant,MCH5733
4285,user,USR75835
4286,merchant,MCH6856
4286,user,USR93426
4286,user,USR63554
4287,user,USR63589
4287,user,USR86210
4287,merchant,MCH7273
4288,user,USR65878
4288,user,USR63630
4288,merchant,MCH2784
4289,user,USR63643
4289,user,USR72086
4289,merchant,MCH5818
4290,user,USR97229
4290,user,USR63717
4290,merchant,MCH3889
4291,user,USR63728
4291,merchant,MCH9174
4291,user,USR74088
4292,merchant,MCH2027
4292,user,USR63739
4293,user,USR96580
4293,user,USR63768
4293,merchant,MCH1232
4294,user,USR63807
4294,merchant,MCH4445
4294,user,USR65218
4295,user,USR63819
4295,merchant,MCH5907
4295,user,USR76222
4296,merchant,MCH4629
4296,user,USR63876
4297,user,USR63880
4297,merchant,MCH5970
4298,user,USR63887
4298,user,USR86608
4298,merchant,MCH9879
4299,merchant,MCH8138
4299,user,USR97987
4299,user,USR63888
4300,user,USR63947
4300,merchant,MCH3637
4301,user,USR63950
4301,merchant,MCH8124
4302,merchant,MCH9313
4302,user,USR63951
4303,user,USR63965
4303,merchant,MCH6086
4304,user,USR63982
4304,merchant,MCH1726
4304,user,USR69105
4305,user,USR64036
4305,merchant,MCH3438
4306,merchant,MCH5779
4306,user,USR64057
4306,user,USR66647
4307,user,USR64166
4307,merchant,MCH4984
4308,merchant,MCH6544
4308,user,USR76265
4308,user,USR88614
4308,merchant,MCH4688
4308,user,USR97552
4308,user,USR75808
4308,user,USR64195
4309,merchant,MCH9978
4309,user,USR64201
4310,user,USR64212
4310,merchant,MCH7689
4311,merchant,MCH5355
4311,user,USR64213
4312,user,USR90779
4312,user,USR93840
4312,merchant,MCH9230
4312,user,USR64225
4313,user,USR64234
4313,merchant,MCH2853
4314,user,USR83539
4314,merchant,MCH6017
4314,user,USR64305
4315,user,USR98994
4315,merchant,MCH2676
4315,user,USR64339
4316,merchant,MCH6210
4316,user,USR77696
4316,user,USR64358
4317,user,USR64386
4317,merchant,MCH1230
4318,user,USR64462
4318,merchant,MCH3475
4318,user,USR98525
4319,user,USR64471
4319,merchant,MCH8747
4320,user,USR91976
4320,merchant,MCH9188
4320,user,USR64478
4320,user,USR81037
4321,user,USR64481
4321,merchant,MCH1221
4322,user,USR64484
4322,merchant,MCH7145
4323,user,USR64516
4323,user,USR94715
4323,merchant,MCH2188
4324,merchant,MCH2810
4324,user,USR95563
4324,user,USR64577
4325,merchant,MCH2655
4325,user,USR64624
4326,user,USR64653
4326,merchant,MCH8310
4327,merchant,MCH5784
4327,user,USR64657
4328,user,USR64668
4328,merchant,MCH5890
4329,merchant,MCH4329
4329,user,USR64677
4329,user,USR93221
4329,user,USR77194
4329,user,USR84766
4329,user,USR96232
4329,user,USR98962
4329,user,USR68365
4329,merchant,MCH3758
4329,merchant,MCH8250
4330,merchant,MCH6494
4330,user,USR91226
4330,user,USR64734
4331,user,USR75388
4331,merchant,MCH3055
4331,user,USR64755
4332,merchant,MCH3829
4332,user,USR76353
4332,user,USR64837
4333,user,USR64912
4333,merchant,MCH5493
4333,user,USR67397
4334,merchant,MCH3246
4334,user,USR97464
4334,user,USR84938
4334,user,USR64924
4334,merchant,MCH6200
4335,user,USR64947
4335,merchant,MCH4676
4335,user,USR90314
4336,user,USR64955
4336,merchant,MCH9276
4336,user,USR94683
4337,user,USR65022
4337,merchant,MCH7893
4338,user,USR89168
4338,user,USR99033
4338,user,USR65062
4338,merchant,MCH5911
4339,merchant,MCH6039
4339,user,USR84547
4339,user,USR65138
4340,user,USR89641
4340,user,USR65146
4340,merchant,MCH1021
4340,user,USR86530
4341,merchant,MCH4500
4341,user,USR65150
4342,merchant,MCH9957
4342,user,USR65225
4343,user,USR68718
4343,merchant,MCH9686
4343,user,USR65259
4344,merchant,MCH6417
4344,user,USR65301
4345,user,USR65305
4345,merchant,MCH6989
4346,user,USR91748
4346,user,USR65307
4346,merchant,MCH2567
4347,user,USR65341
4347,merchant,MCH1652
4348,user,USR65364
4348,merchant,MCH5668
4349,merchant,MCH6689
4349,user,USR65483
4350,merchant,MCH1972
4350,user,USR79614
4350,user,USR65492
4351,user,USR65508
4351,merchant,MCH3849
4352,user,USR70253
4352,merchant,MCH1354
4352,user,USR65520
4352,user,USR69400
4352,merchant,MCH2224
4353,merchant,MCH9031
4353,user,USR65549
4354,user,USR98737
4354,user,USR65560
4354,merchant,MCH1406
4355,merchant,MCH7778
4355,user,USR74536
4355,user,USR68903
4355,user,USR65767
4355,user,USR65690
4356,merchant,MCH8597
4356,user,USR65704
4357,user,USR72287
4357,merchant,MCH2278
4357,user,USR65712
4358,user,USR65747
4358,merchant,MCH8205
4359,user,USR65752
4359,merchant,MCH6879
4360,merchant,MCH6387
4360,user,USR92688
4360,user,USR65797
4361,merchant,MCH3249
4361,user,USR65869
4362,merchant,MCH8959
4362,user,USR65882
4363,user,USR65887
4363,merchant,MCH7738
4363,user,USR84128
4364,user,USR80080
4364,user,USR65949
4364,merchant,MCH5705
4365,user,USR65950
4365,merchant,MCH7184
4366,merchant,MCH1332
4366,user,USR65983
4366,user,USR76131
4367,merchant,MCH3220
4367,user,USR66060
4368,user,USR66070
4368,merchant,MCH1534
4368,user,USR68618
4369,user,USR66080
4369,merchant,MCH9242
4370,merchant,MCH9280
4370,user,USR66118
4371,merchant,MCH3311
4371,user,USR66124
4371,user,USR98696
4372,merchant,MCH4610
4372,user,USR74337
4372,user,USR66168
4373,user,USR79695
4373,merchant,MCH3021
4373,user,USR66175
4373,merchant,MCH7332
4374,user,USR66183
4374,merchant,MCH6320
4374,user,USR77840
4374,merchant,MCH9351
4375,user,USR66219
4375,merchant,MCH2086
4376,user,USR66229
4376,user,USR95219
4376,merchant,MCH4897
4377,user,USR66249
4377,merchant,MCH4527
4378,user,USR66260
4378,merchant,MCH4340
4378,user,USR69970
4379,user,USR66264
4379,merchant,MCH2040
4379,user,USR78235
4379,user,USR78547
4380,user,USR85787
4380,user,USR91645
4380,merchant,MCH4442
4380,user,USR66328
4381,merchant,MCH6306
4381,user,USR66351
4382,user,USR95966
4382,merchant,MCH5314
4382,user,USR88539
4382,user,USR66387
4383,merchant,MCH8311
4383,user,USR66441
4383,user,USR88352
4384,user,USR66469
4384,user,USR66906
4384,merchant,MCH7704
4385,user,USR94267
4385,user,USR66477
4385,user,USR73410
4385,merchant,MCH2968
4385,user,USR79712
4386,user,USR96510
4386,merchant,MCH8227
4386,user,USR66525
4387,merchant,MCH4292
4387,user,USR66573
4388,user,USR66625
4388,user,USR90851
4388,merchant,MCH6798
4388,user,USR82322
4388,user,USR83359
4388,user,USR84061
4388,user,USR70713
4388,merchant,MCH6330
4388,merchant,MCH8172
4389,user,USR86916
4389,user,USR71709
4389,user,USR75726
4389,merchant,MCH2366
4389,merchant,MCH6626
4389,user,USR98869
4389,user,USR66688
4389,user,USR71642
4389,user,USR85610
4390,merchant,MCH7736
4390,user,USR94634
4390,user,USR66708
4391,user,USR67872
4391,user,USR66710
4391,merchant,MCH5929
4391,user,USR83434
4392,merchant,MCH4465
4392,user,USR66713
4393,user,USR66725
4393,merchant,MCH5734
4394,user,USR89526
4394,merchant,MCH6690
4394,user,USR66799
4395,merchant,MCH3874
4395,user,USR66804
4396,user,USR86591
4396,merchant,MCH7773
4396,merchant,MCH4128
4396,user,USR72760
4396,user,USR66811
4397,merchant,MCH6385
4397,user,USR66863
4398,user,USR66866
4398,merchant,MCH4287
4399,user,USR90427
4399,merchant,MCH7661
4399,user,USR66875
4400,user,USR66892
4400,merchant,MCH7285
4401,user,USR66917
4401,merchant,MCH6755
4402,merchant,MCH4788
4402,user,USR66919
4402,user,USR91069
4403,merchant,MCH2911
4403,user,USR66963
4404,merchant,MCH6264
4404,user,USR67013
4404,user,USR85992
4405,user,USR67027
4405,merchant,MCH2555
4406,user,USR67052
4406,merchant,MCH1976
4407,user,USR67121
4407,merchant,MCH1512
4408,merchant,MCH7083
4408,user,USR67168
4409,user,USR67172
4409,user,USR76366
4409,merchant,MCH9100
4410,merchant,MCH4122
4410,user,USR67202
4411,user,USR67224
4411,merchant,MCH5910
4412,user,USR67236
4412,merchant,MCH4431
4413,merchant,MCH3284
4413,user,USR67264
4413,user,USR78837
4414,merchant,MCH6891
4414,user,USR71597
4414,user,USR77678
4414,user,USR67288
4414,user,USR89430
4415,merchant,MCH8473
4415,user,USR95748
4415,user,USR67349
4415,user,USR70791
4416,merchant,MCH7054
4416,user,USR80004
4416,user,USR67361
4417,user,USR67400
4417,merchant,MCH8317
4417,user,USR75921
4418,user,USR67414
4418,merchant,MCH3504
4419,user,USR67422
4419,merchant,MCH7391
4420,user,USR67458
4420,merchant,MCH3753
4421,user,USR73495
4421,user,USR67461
4421,merchant,MCH4797
4422,user,USR67534
4422,merchant,MCH8067
4423,user,USR67564
4423,merchant,MCH9807
4424,user,USR67569
4424,merchant,MCH6031
4425,merchant,MCH2217
4425,user,USR73483
4425,user,USR67579
4425,user,USR82179
4426,user,USR67619
4426,user,USR87748
4426,merchant,MCH7920
4427,user,USR99710
4427,user,USR67638
4427,merchant,MCH6331
4427,merchant,MCH3480
4427,user,USR85779
4428,user,USR96335
4428,merchant,MCH2045
4428,user,USR67675
4429,user,USR67684
4429,merchant,MCH9052
4430,user,USR67703
4430,merchant,MCH1530
4430,user,USR91688
4431,user,USR78584
4431,merchant,MCH4737
4431,user,USR67741
4432,user,USR67748
4432,merchant,MCH3975
4432,user,USR68010
4433,user,USR67756
4433,user,USR72854
4433,merchant,MCH3135
4434,user,USR70752
4434,merchant,MCH8167
4434,user,USR67783
4435,merchant,MCH4622
4435,user,USR76746
4435,user,USR67794
4436,user,USR67907
4436,merchant,MCH2273
4437,user,USR67924
4437,merchant,MCH7876
4438,user,USR67933
4438,merchant,MCH7742
4439,user,USR93208
4439,user,USR67973
4439,user,USR70278
4439,merchant,MCH9726
4440,merchant,MCH9859
4440,user,USR68014
4441,user,USR68027
4441,merchant,MCH1103
4441,user,USR83356
4442,user,USR68057
4442,merchant,MCH5049
4443,user,USR68058
4443,merchant,MCH5422
4443,user,USR77709
4444,user,USR68062
4444,user,USR92686
4444,merchant,MCH8728
4445,merchant,MCH9377
4445,user,USR68064
4445,user,USR85237
4446,user,USR90000
4446,user,USR68113
4446,merchant,MCH3256
4447,merchant,MCH1743
4447,user,USR68124
4448,merchant,MCH9947
4448,user,USR68449
4448,user,USR68128
4449,merchant,MCH3392
4449,user,USR68181
4450,merchant,MCH7046
4450,user,USR68205
4451,user,USR68240
4451,user,USR93186
4451,merchant,MCH1231
4452,merchant,MCH5499
4452,user,USR68314
4453,merchant,MCH7700
4453,user,USR68342
4454,user,USR68368
4454,merchant,MCH4983
4455,merchant,MCH2305
4455,user,USR68474
4456,user,USR80895
4456,user,USR68520
4456,user,USR71785
4456,merchant,MCH1218
4457,user,USR68538
4457,merchant,MCH5973
4458,merchant,MCH8511
4458,user,USR68554
4458,user,USR98963
4459,user,USR68580
4459,merchant,MCH6266
4459,user,USR97837
4459,user,USR70016
4460,user,USR73048
4460,user,USR68593
4460,merchant,MCH6584
4461,user,USR68598
4461,user,USR91406
4461,merchant,MCH1510
4462,user,USR68616
4462,user,USR78945
4462,user,USR84318
4462,merchant,MCH5916
4462,user,USR86949
4463,user,USR68626
4463,user,USR78100
4463,merchant,MCH3537
4464,merchant,MCH4201
4464,user,USR70410
4464,user,USR68642
4465,merchant,MCH2623
4465,user,USR68673
4466,merchant,MCH6610
4466,user,USR68707
4467,merchant,MCH1706
4467,user,USR68745
4467,user,USR72470
4467,user,USR70367
4468,user,USR86436
4468,user,USR68767
4468,merchant,MCH3493
4469,merchant,MCH4299
4469,user,USR68832
4470,user,USR68884
4470,merchant,MCH2351
4470,user,USR73584
4471,user,USR81235
4471,merchant,MCH5694
4471,user,USR68887
4472,user,USR68900
4472,merchant,MCH5962
4473,user,USR75471
4473,user,USR68912
4473,merchant,MCH7485
4474,merchant,MCH5695
4474,user,USR68932
4474,user,USR95826
4475,user,USR69012
4475,merchant,MCH5046
4476,merchant,MCH1410
4476,user,USR69031
4477,user,USR88419
4477,merchant,MCH3455
4477,user,USR69038
4478,merchant,MCH6096
4478,user,USR69080
4478,user,USR70142
4479,merchant,MCH9401
4479,user,USR69159
4480,user,USR69161
4480,user,USR98681
4480,merchant,MCH2352
4481,user,USR93897
4481,merchant,MCH8627
4481,user,USR70240
4481,user,USR69196
4482,merchant,MCH4104
4482,user,USR69214
4483,user,USR69276
4483,merchant,MCH5463
4483,user,USR97416
4484,merchant,MCH9522
4484,user,USR96599
4484,user,USR69311
4485,user,USR69347
4485,merchant,MCH1742
4486,merchant,MCH2775
4486,user,USR69370
4487,user,USR69408
4487,merchant,MCH6683
4488,merchant,MCH8852
4488,user,USR69413
4489,merchant,MCH2731
4489,user,USR89479
4489,user,USR69432
4490,merchant,MCH7458
4490,user,USR69440
4491,merchant,MCH2215
4491,user,USR69471
4491,user,USR73845
4492,merchant,MCH2715
4492,user,USR98383
4492,user,USR69474
4493,user,USR69524
4493,merchant,MCH2499
4494,user,USR69579
4494,merchant,MCH5582
4495,user,USR69594
4495,merchant,MCH8676
4495,user,USR92917
4496,user,USR69604
4496,merchant,MCH4169
4497,merchant,MCH9430
4497,user,USR69648
4498,user,USR69664
4498,merchant,MCH9555
4499,user,USR95538
4499,merchant,MCH5931
4499,user,USR69691
4500,user,USR69751
4500,merchant,MCH7429
4501,user,USR69761
4501,merchant,MCH8573
4502,user,USR69777
4502,merchant,MCH9893
4503,merchant,MCH5713
4503,user,USR69797
4504,user,USR97277
4504,user,USR69827
4504,merchant,MCH8788
4505,merchant,MCH5958
4505,user,USR69921
4506,user,USR75064
4506,user,USR70000
4506,merchant,MCH8135
4507,merchant,MCH5465
4507,user,USR70124
4508,user,USR70128
4508,user,USR86274
4508,merchant,MCH3418
4509,user,USR96466
4509,user,USR70132
4509,user,USR93449
4509,user,USR80566
4509,merchant,MCH5688
4510,user,USR70294
4510,merchant,MCH3611
4510,user,USR98253
4511,merchant,MCH5903
4511,user,USR70343
4511,user,USR70496
4512,user,USR70369
4512,merchant,MCH6673
4513,user,USR70394
4513,user,USR98198
4513,merchant,MCH5228
4514,user,USR70450
4514,merchant,MCH4440
4515,merchant,MCH5433
4515,user,USR82746
4515,user,USR70464
4516,merchant,MCH2093
4516,user,USR70475
4517,user,USR70557
4517,user,USR92384
4517,merchant,MCH8751
4518,merchant,MCH8209
4518,user,USR70629
4519,user,USR70643
4519,merchant,MCH5329
4520,user,USR70710
4520,user,USR81302
4520,merchant,MCH7858
4521,user,USR70722
4521,merchant,MCH7913
4522,merchant,MCH5093
4522,user,USR88341
4522,user,USR70746
4523,merchant,MCH1079
4523,user,USR70794
4523,user,USR87136
4523,user,USR73861
4523,user,USR82719
4524,user,USR82510
4524,merchant,MCH8026
4524,user,USR70820
4525,merchant,MCH5307
4525,user,USR70822
4526,merchant,MCH7487
4526,user,USR86899
4526,user,USR70851
4527,user,USR70868
4527,user,USR92944
4527,user,USR85257
4527,merchant,MCH7406
4528,user,USR70883
4528,merchant,MCH3648
4529,merchant,MCH1313
4529,user,USR71970
4529,user,USR70906
4530,user,USR80800
4530,user,USR97318
4530,merchant,MCH1603
4530,user,USR70987
4531,user,USR71099
4531,user,USR96298
4531,merchant,MCH5189
4532,merchant,MCH6872
4532,user,USR71112
4532,user,USR76150
4533,merchant,MCH1632
4533,user,USR75500
4533,user,USR71122
4534,merchant,MCH4323
4534,user,USR71150
4535,user,USR71160
4535,merchant,MCH7899
4535,user,USR91960
4536,user,USR71246
4536,merchant,MCH8152
4537,merchant,MCH5842
4537,user,USR71251
4538,user,USR71285
4538,user,USR81122
4538,merchant,MCH4372
4539,merchant,MCH6216
4539,user,USR71334
4540,user,USR71373
4540,merchant,MCH4370
4540,user,USR81498
4541,user,USR71456
4541,merchant,MCH3103
4541,user,USR82914
4542,user,USR71463
4542,merchant,MCH8320
4542,user,USR86996
4543,merchant,MCH6403
4543,user,USR71468
4544,merchant,MCH4466
4544,user,USR71481
4545,merchant,MCH8342
4545,user,USR76829
4545,user,USR71557
4546,merchant,MCH5824
4546,user,USR71573
4547,merchant,MCH3398
4547,user,USR71586
4548,merchant,MCH5081
4548,user,USR71587
4549,user,USR71609
4549,merchant,MCH4840
4550,merchant,MCH6731
4550,user,USR71619
4551,user,USR86149
4551,merchant,MCH5819
4551,user,USR71656
4552,user,USR92984
4552,user,USR71699
4552,merchant,MCH2792
4553,user,USR71727
4553,merchant,MCH1515
4554,user,USR92480
4554,user,USR71781
4554,merchant,MCH6410
4555,user,USR71797
4555,merchant,MCH3014
4556,user,USR71849
4556,merchant,MCH1850
4557,merchant,MCH3632
4557,user,USR71905
4558,user,USR71922
4558,merchant,MCH6703
4559,merchant,MCH9679
4559,user,USR79026
4559,user,USR74164
4559,user,USR71926
4560,user,USR71939
4560,merchant,MCH4819
4561,merchant,MCH9966
4561,user,USR71949
4562,user,USR95334
4562,merchant,MCH6372
4562,user,USR71994
4563,merchant,MCH2686
4563,user,USR84994
4563,user,USR72026
4564,merchant,MCH8660
4564,user,USR72033
4565,user,USR72049
4565,merchant,MCH9417
4566,merchant,MCH2779
4566,user,USR72056
4566,user,USR75213
4567,user,USR72098
4567,user,USR87810
4567,merchant,MCH9809
4568,user,USR72115
4568,merchant,MCH6649
4569,user,USR72150
4569,merchant,MCH9066
4570,merchant,MCH1365
4570,user,USR72204
4571,user,USR72239
4571,merchant,MCH9026
4571,user,USR75417
4572,user,USR92272
4572,merchant,MCH4920
4572,user,USR72296
4573,user,USR99415
4573,merchant,MCH1969
4573,user,USR83246
4573,user,USR72301
4574,user,USR72308
4574,merchant,MCH2892
4574,merchant,MCH1472
4575,user,USR72355
4575,merchant,MCH9916
4576,user,USR72363
4576,merchant,MCH8567
4577,merchant,MCH8523
4577,user,USR72454
4578,user,USR72461
4578,user,USR93140
4578,merchant,MCH3153
4579,merchant,MCH6268
4579,user,USR72482
4580,user,USR72493
4580,user,USR90837
4580,merchant,MCH3238
4580,user,USR97890
4581,user,USR72562
4581,merchant,MCH9468
4581,user,USR99204
4582,merchant,MCH2072
4582,user,USR72576
4583,merchant,MCH9792
4583,user,USR72586
4584,user,USR85934
4584,merchant,MCH7325
4584,user,USR72590
4585,merchant,MCH3359
4585,user,USR72636
4586,user,USR72743
4586,merchant,MCH7831
4587,user,USR72747
4587,merchant,MCH5436
4588,merchant,MCH9090
4588,user,USR80187
4588,user,USR72759
4589,user,USR72771
4589,merchant,MCH2117
4590,user,USR72778
4590,merchant,MCH3738
4591,merchant,MCH8768
4591,user,USR72792
4592,merchant,MCH7942
4592,user,USR72805
4593,user,USR72809
4593,merchant,MCH5053
4594,user,USR72918
4594,merchant,MCH9117
4594,user,USR95802
4595,merchant,MCH4956
4595,user,USR72950
4596,user,USR72959
4596,merchant,MCH8748
4597,user,USR72960
4597,merchant,MCH9554
4598,user,USR95308
4598,merchant,MCH6486
4598,user,USR72972
4599,merchant,MCH8578
4599,user,USR72973
4600,user,USR73068
4600,merchant,MCH3042
4601,user,USR74297
4601,merchant,MCH2724
4601,user,USR73071
4602,user,USR73095
4602,merchant,MCH6483
4602,user,USR95257
4603,user,USR73237
4603,merchant,MCH3005
4604,user,USR73263
4604,merchant,MCH2385
4605,user,USR73281
4605,merchant,MCH2013
4606,merchant,MCH4091
4606,user,USR73303
4607,user,USR73312
4607,merchant,MCH8848
4608,merchant,MCH7853
4608,user,USR81089
4608,user,USR73347
4609,merchant,MCH6623
4609,user,USR73393
4609,user,USR78172
4610,merchant,MCH8654
4610,user,USR73422
4611,user,USR73452
4611,merchant,MCH7303
4612,user,USR73474
4612,user,USR97480
4612,merchant,MCH8142
4613,user,USR73511
4613,merchant,MCH2202
4613,merchant,MCH6804
4613,user,USR76252
4614,merchant,MCH9118
4614,user,USR73534
4615,merchant,MCH5248
4615,user,USR73620
4616,user,USR82018
4616,merchant,MCH3822
4616,user,USR73675
4617,merchant,MCH6224
4617,user,USR73681
4618,merchant,MCH3881
4618,user,USR92403
4618,user,USR73734
4619,user,USR99600
4619,user,USR73737
4619,merchant,MCH1395
4620,merchant,MCH3786
4620,user,USR73756
4621,merchant,MCH1844
4621,user,USR99851
4621,user,USR73771
4621,merchant,MCH6182
4622,user,USR73802
4622,merchant,MCH7245
4622,user,USR82181
4623,merchant,MCH1087
4623,user,USR73829
4624,user,USR73837
4624,merchant,MCH2524
4625,merchant,MCH9384
4625,user,USR86466
4625,user,USR73862
4625,user,USR91841
4626,merchant,MCH4570
4626,user,USR73876
4627,merchant,MCH2145
4627,user,USR73890
4628,user,USR73899
4628,user,USR97212
4628,user,USR75867
4628,merchant,MCH9766
4629,user,USR73945
4629,merchant,MCH9631
4630,merchant,MCH9543
4630,user,USR74075
4631,merchant,MCH1251
4631,user,USR74147
4632,merchant,MCH7931
4632,user,USR74189
4633,merchant,MCH6057
4633,user,USR74209
4634,merchant,MCH9113
4634,user,USR74210
4635,user,USR75028
4635,merchant,MCH5184
4635,user,USR96100
4635,user,USR74228
4636,user,USR74279
4636,user,USR80962
4636,merchant,MCH6391
4636,merchant,MCH8574
4637,user,USR74739
4637,merchant,MCH3384
4637,user,USR74307
4638,user,USR74351
4638,merchant,MCH8579
4638,user,USR99946
4639,merchant,MCH1724
4639,user,USR74352
4640,merchant,MCH2978
4640,user,USR74443
4641,merchant,MCH8843
4641,user,USR74473
4642,user,USR79765
4642,user,USR74499
4642,merchant,MCH1985
4643,user,USR74500
4643,merchant,MCH5267
4643,user,USR92802
4644,user,USR96505
4644,user,USR75120
4644,user,USR74547
4644,merchant,MCH3728
4645,user,USR74576
4645,merchant,MCH8131
4646,user,USR74619
4646,merchant,MCH7994
4647,user,USR74648
4647,merchant,MCH7270
4648,user,USR78848
4648,merchant,MCH1497
4648,user,USR74657
4649,merchant,MCH2445
4649,user,USR74671
4650,merchant,MCH7147
4650,user,USR74730
4651,merchant,MCH4743
4651,user,USR74748
4652,user,USR92643
4652,merchant,MCH4277
4652,user,USR85672
4652,user,USR74797
4653,merchant,MCH6888
4653,user,USR74814
4654,merchant,MCH4073
4654,user,USR82170
4654,user,USR74858
4655,merchant,MCH3356
4655,user,USR74871
4656,merchant,MCH5263
4656,user,USR74877
4656,merchant,MCH5848
4657,merchant,MCH1640
4657,user,USR74901
4658,user,USR74919
4658,merchant,MCH2582
4659,user,USR74973
4659,merchant,MCH5036
4659,user,USR83355
4660,user,USR75036
4660,merchant,MCH7463
4661,user,USR75084
4661,merchant,MCH2292
4662,user,USR75100
4662,merchant,MCH3063
4663,merchant,MCH3876
4663,user,USR75149
4664,user,USR75188
4664,merchant,MCH9182
4665,user,USR85318
4665,merchant,MCH2205
4665,user,USR75269
4666,user,USR76512
4666,merchant,MCH9793
4666,user,USR75271
4667,user,USR91995
4667,user,USR81264
4667,merchant,MCH4451
4667,merchant,MCH2975
4667,user,USR75277
4668,user,USR77000
4668,merchant,MCH2834
4668,user,USR75374
4669,user,USR75377
4669,merchant,MCH5241
4670,merchant,MCH8162
4670,user,USR75446
4670,user,USR80542
4670,user,USR81589
4671,user,USR75470
4671,merchant,MCH4571
4672,user,USR84207
4672,user,USR86329
4672,user,USR91274
4672,user,USR90938
4672,user,USR75482
4672,merchant,MCH8960
4672,merchant,MCH7250
4672,user,USR95690
4672,merchant,MCH3496
4673,user,USR81613
4673,user,USR77104
4673,merchant,MCH3696
4673,user,USR90870
4673,user,USR75541
4674,merchant,MCH9456
4674,user,USR99444
4674,user,USR75564
4675,merchant,MCH3236
4675,user,USR75593
4676,user,USR75621
4676,user,USR91231
4676,merchant,MCH5704
4677,user,USR75699
4677,merchant,MCH8729
4678,user,USR75701
4678,merchant,MCH1050
4679,user,USR75717
4679,merchant,MCH3421
4680,merchant,MCH7188
4680,user,USR75732
4681,user,USR99560
4681,merchant,MCH7089
4681,user,USR75765
4682,user,USR75973
4682,merchant,MCH7900
4682,user,USR75797
4683,user,USR75802
4683,merchant,MCH4174
4684,merchant,MCH9721
4684,user,USR77648
4684,user,USR75838
4685,user,USR75842
4685,user,USR96227
4685,merchant,MCH1399
4686,merchant,MCH5482
4686,user,USR75943
4687,merchant,MCH5291
4687,user,USR75978
4688,user,USR90699
4688,user,USR95726
4688,user,USR75997
4688,merchant,MCH9791
4688,user,USR95556
4688,merchant,MCH2643
4689,user,USR76014
4689,merchant,MCH4832
4690,user,USR87199
4690,user,USR76049
4690,merchant,MCH2725
4691,merchant,MCH7283
4691,user,USR76053
4692,user,USR76077
4692,merchant,MCH3242
4693,merchant,MCH9601
4693,user,USR76173
4693,user,USR90544
4694,user,USR76188
4694,user,USR78417
4694,merchant,MCH9070
4695,user,USR76211
4695,merchant,MCH9006
4696,user,USR76255
4696,user,USR96922
4696,user,USR91338
4696,merchant,MCH9733
4696,user,USR99687
4697,user,USR76281
4697,merchant,MCH5094
4698,user,USR76294
4698,merchant,MCH6650
4699,user,USR84133
4699,merchant,MCH2409
4699,user,USR76295
4700,user,USR89748
4700,merchant,MCH9185
4700,user,USR77090
4700,user,USR76311
4701,merchant,MCH2251
4701,user,USR76368
4701,user,USR97062
4702,user,USR76380
4702,merchant,MCH6957
4703,user,USR76417
4703,merchant,MCH5504
4704,user,USR76448
4704,merchant,MCH5162
4705,user,USR76449
4705,merchant,MCH9071
4706,merchant,MCH5215
4706,user,USR76476
4707,merchant,MCH7680
4707,user,USR76491
4708,merchant,MCH6326
4708,user,USR76517
4709,user,USR76532
4709,merchant,MCH6300
4710,user,USR76592
4710,merchant,MCH3169
4711,user,USR95996
4711,merchant,MCH3577
4711,user,USR76595
4712,user,USR95028
4712,merchant,MCH7161
4712,user,USR76645
4712,user,USR93646
4713,merchant,MCH4876
4713,user,USR76721
4714,user,USR76766
4714,merchant,MCH3910
4715,user,USR76837
4715,merchant,MCH9615
4716,merchant,MCH9797
4716,user,USR76872
4717,merchant,MCH8179
4717,user,USR76880
4718,user,USR76930
4718,merchant,MCH8292
4719,user,USR76983
4719,user,USR99052
4719,merchant,MCH1337
4720,user,USR76988
4720,merchant,MCH4583
4720,user,USR79576
4721,user,USR77305
4721,merchant,MCH1219
4721,user,USR77024
4722,merchant,MCH5347
4722,user,USR77066
4723,merchant,MCH4715
4723,user,USR77067
4724,user,USR77088
4724,merchant,MCH9106
4725,user,USR84700
4725,merchant,MCH2560
4725,user,USR89427
4725,merchant,MCH2010
4725,user,USR77106
4725,user,USR99966
4726,user,USR95601
4726,user,USR77127
4726,merchant,MCH8973
4727,user,USR77143
4727,user,USR78986
4727,merchant,MCH8642
4728,merchant,MCH4854
4728,user,USR80134
4728,merchant,MCH9372
4728,user,USR80660
4728,user,USR94199
4728,user,USR77158
4729,merchant,MCH3995
4729,user,USR80038
4729,user,USR77234
4730,merchant,MCH2970
4730,user,USR77277
4731,user,USR77349
4731,merchant,MCH8608
4732,merchant,MCH1511
4732,user,USR77376
4732,user,USR86223
4733,user,USR77461
4733,merchant,MCH6832
4734,merchant,MCH4097
4734,user,USR77469
4734,user,USR83632
4735,user,USR88522
4735,user,USR77506
4735,merchant,MCH2602
4735,user,USR83067
4735,merchant,MCH7029
4736,user,USR77576
4736,merchant,MCH9832
4736,user,USR82175
4737,merchant,MCH5326
4737,user,USR77589
4738,user,USR77653
4738,merchant,MCH7848
4739,user,USR77675
4739,user,USR82613
4739,merchant,MCH8187
4740,user,USR77815
4740,merchant,MCH5024
4741,user,USR77894
4741,merchant,MCH4303
4742,merchant,MCH1250
4742,user,USR77936
4742,user,USR82371
4743,merchant,MCH4305
4743,user,USR77953
4744,merchant,MCH1435
4744,user,USR78045
4745,user,USR78066
4745,merchant,MCH6041
4746,user,USR78082
4746,merchant,MCH6449
4747,user,USR78112
4747,merchant,MCH9474
4747,user,USR80183
4748,user,USR78124
4748,merchant,MCH6354
4749,user,USR78132
4749,merchant,MCH2416
4750,merchant,MCH9552
4750,user,USR78254
4751,merchant,MCH8065
4751,user,USR78322
4752,user,USR78383
4752,merchant,MCH8520
4752,user,USR94274
4753,merchant,MCH4890
4753,user,USR95003
4753,user,USR78386
4754,merchant,MCH1391
4754,user,USR78428
4754,user,USR81578
4755,user,USR78492
4755,merchant,MCH7340
4756,merchant,MCH5583
4756,user,USR78521
4757,user,USR78543
4757,merchant,MCH8392
4758,merchant,MCH1582
4758,user,USR78558
4759,merchant,MCH7609
4759,user,USR78652
4760,user,USR78673
4760,merchant,MCH9407
4761,user,USR78799
4761,user,USR82884
4761,merchant,MCH1923
4761,user,USR90614
4761,merchant,MCH1204
4762,user,USR89511
4762,merchant,MCH2120
4762,user,USR78818
4763,user,USR99254
4763,user,USR78835
4763,merchant,MCH9216
4764,user,USR78846
4764,merchant,MCH1372
4765,merchant,MCH4259
4765,user,USR94657
4765,user,USR78874
4766,merchant,MCH2382
4766,user,USR78906
4767,user,USR91607
4767,merchant,MCH2990
4767,user,USR78925
4768,user,USR79039
4768,merchant,MCH2044
4769,user,USR79119
4769,merchant,MCH2411
4770,merchant,MCH5389
4770,user,USR79168
4770,user,USR87710
4771,user,USR79216
4771,merchant,MCH5906
4772,user,USR79269
4772,merchant,MCH4875
4773,user,USR79281
4773,merchant,MCH4597
4774,merchant,MCH7233
4774,user,USR98309
4774,user,USR79341
4775,user,USR93425
4775,merchant,MCH3339
4775,user,USR79380
4776,merchant,MCH5399
4776,user,USR86709
4776,user,USR79428
4777,user,USR79448
4777,merchant,MCH7323
4778,merchant,MCH4205
4778,user,USR79457
4779,user,USR79459
4779,merchant,MCH7414
4780,merchant,MCH7712
4780,user,USR79478
4781,user,USR79500
4781,merchant,MCH2963
4782,merchant,MCH6500
4782,user,USR79572
4782,user,USR89362
4782,user,USR82664
4783,user,USR79581
4783,merchant,MCH3460
4784,merchant,MCH6864
4784,merchant,MCH4777
4784,user,USR79582
4785,user,USR85356
4785,merchant,MCH8194
4785,user,USR79606
4786,user,USR79682
4786,merchant,MCH4727
4787,user,USR79689
4787,merchant,MCH6501
4788,merchant,MCH7053
4788,user,USR94354
4788,user,USR79845
4789,merchant,MCH6204
4789,user,USR79892
4790,user,USR99688
4790,merchant,MCH2689
4790,user,USR99366
4790,user,USR79916
4791,merchant,MCH3634
4791,user,USR79963
4792,user,USR80007
4792,merchant,MCH7828
4793,merchant,MCH7632
4793,user,USR80070
4794,merchant,MCH2926
4794,user,USR80121
4795,merchant,MCH3140
4795,user,USR80178
4795,user,USR84276
4796,user,USR80293
4796,merchant,MCH9498
4797,user,USR80349
4797,user,USR83261
4797,merchant,MCH5934
4798,user,USR80396
4798,user,USR98211
4798,user,USR99717
4798,merchant,MCH7493
4799,user,USR80407
4799,merchant,MCH7916
4799,user,USR94902
4800,user,USR80437
4800,merchant,MCH3737
4801,merchant,MCH1667
4801,user,USR80438
4802,user,USR80459
4802,merchant,MCH1698
4803,merchant,MCH9868
4803,user,USR80500
4804,user,USR80504
4804,merchant,MCH2456
4805,user,USR98733
4805,user,USR80548
4805,merchant,MCH1775
4806,user,USR80630
4806,merchant,MCH5149
4807,user,USR80656
4807,user,USR83068
4807,merchant,MCH8828
4808,user,USR80663
4808,user,USR91105
4808,merchant,MCH8774
4808,user,USR89052
4809,user,USR80731
4809,merchant,MCH9239
4810,user,USR80781
4810,merchant,MCH6104
4811,user,USR80879
4811,merchant,MCH7566
4812,user,USR80891
4812,merchant,MCH2308
4813,user,USR80911
4813,merchant,MCH5483
4814,merchant,MCH8382
4814,user,USR80912
4815,merchant,MCH7173
4815,user,USR80934
4816,user,USR80950
4816,merchant,MCH6648
4817,user,USR80957
4817,merchant,MCH8899
4818,user,USR81009
4818,merchant,MCH3882
4819,user,USR94848
4819,merchant,MCH6556
4819,user,USR81016
4820,user,USR96516
4820,merchant,MCH8266
4820,user,USR81049
4821,user,USR81061
4821,merchant,MCH9604
4822,merchant,MCH6956
4822,user,USR89817
4822,user,USR81172
4823,user,USR81190
4823,merchant,MCH4112
4824,merchant,MCH7096
4824,user,USR81239
4824,user,USR94239
4825,merchant,MCH2213
4825,user,USR81314
4826,user,USR81350
4826,merchant,MCH9651
4826,user,USR89682
4827,user,USR96991
4827,user,USR81382
4827,merchant,MCH1794
4828,merchant,MCH1459
4828,user,USR81476
4829,user,USR81499
4829,merchant,MCH8644
4829,user,USR86617
4830,user,USR81566
4830,merchant,MCH5259
4831,user,USR98234
4831,merchant,MCH9885
4831,user,USR81573
4832,user,USR81602
4832,user,USR85076
4832,user,USR98212
4832,user,USR83306
4832,merchant,MCH5502
4833,user,USR88052
4833,merchant,MCH3754
4833,user,USR81661
4834,merchant,MCH6022
4834,user,USR82580
4834,user,USR81761
4835,user,USR81817
4835,merchant,MCH8552
4836,merchant,MCH7262
4836,user,USR81825
4837,user,USR81954
4837,merchant,MCH7300
4838,user,USR81956
4838,merchant,MCH5664
4839,user,USR90692
4839,user,USR81963
4839,merchant,MCH7431
4840,merchant,MCH5202
4840,user,USR93047
4840,user,USR81964
4841,user,USR81991
4841,merchant,MCH8878
4842,user,USR82632
4842,merchant,MCH4100
4842,user,USR81994
4843,user,USR82035
4843,merchant,MCH5488
4844,merchant,MCH6730
4844,user,USR82049
4845,user,USR82088
4845,merchant,MCH5402
4846,user,USR86991
4846,user,USR82189
4846,merchant,MCH7765
4847,merchant,MCH7844
4847,user,USR82255
4848,merchant,MCH3430
4848,user,USR82267
4849,user,USR82367
4849,merchant,MCH2471
4850,user,USR82420
4850,merchant,MCH1270
4851,merchant,MCH8150
4851,user,USR82427
4852,user,USR82432
4852,merchant,MCH4877
4853,user,USR93023
4853,merchant,MCH7779
4853,user,USR82478
4854,user,USR82488
4854,merchant,MCH8417
4855,user,USR82526
4855,merchant,MCH9345
4856,merchant,MCH7238
4856,user,USR82614
4857,merchant,MCH3326
4857,user,USR82703
4858,user,USR82726
4858,merchant,MCH9603
4859,merchant,MCH2031
4859,user,USR82790
4860,user,USR90027
4860,merchant,MCH3041
4860,user,USR82810
4861,merchant,MCH6223
4861,user,USR82819
4862,user,USR82848
4862,merchant,MCH3090
4863,user,USR82851
4863,merchant,MCH8868
4864,user,USR82867
4864,merchant,MCH3899
4865,user,USR83054
4865,merchant,MCH5309
4865,user,USR83460
4866,merchant,MCH4049
4866,user,USR83055
4867,user,USR83098
4867,merchant,MCH1169
4868,user,USR83174
4868,merchant,MCH1482
4869,user,USR83189
4869,merchant,MCH7345
4870,merchant,MCH2838
4870,user,USR83220
4871,user,USR83237
4871,merchant,MCH5537
4872,merchant,MCH2795
4872,user,USR83250
4873,user,USR83254
4873,merchant,MCH9270
4874,merchant,MCH1771
4874,user,USR83278
4874,user,USR86445
4875,merchant,MCH6040
4875,user,USR83473
4876,merchant,MCH9598
4876,user,USR83536
4877,user,USR83541
4877,merchant,MCH9196
4878,user,USR83551
4878,merchant,MCH6635
4879,user,USR83580
4879,merchant,MCH6715
4879,user,USR88820
4880,user,USR83608
4880,merchant,MCH7721
4881,user,USR83618
4881,merchant,MCH6279
4882,merchant,MCH2513
4882,user,USR83639
4882,user,USR89040
4883,merchant,MCH7555
4883,user,USR83697
4883,user,USR83995
4884,user,USR83783
4884,user,USR91811
4884,merchant,MCH9244
4885,merchant,MCH2177
4885,user,USR83804
4886,user,USR86454
4886,user,USR83806
4886,merchant,MCH7420
4887,user,USR83880
4887,merchant,MCH8632
4888,user,USR83913
4888,merchant,MCH3933
4888,user,USR94205
4889,merchant,MCH3865
4889,user,USR83914
4890,merchant,MCH2459
4890,merchant,MCH7101
4890,user,USR83927
4891,user,USR83964
4891,merchant,MCH2475
4892,user,USR83980
4892,merchant,MCH4508
4893,user,USR84039
4893,merchant,MCH2498
4894,merchant,MCH3258
4894,user,USR84047
4895,user,USR84048
4895,merchant,MCH8016
4896,user,USR84099
4896,merchant,MCH8174
4897,user,USR84117
4897,user,USR93394
4897,merchant,MCH8757
4898,user,USR84172
4898,user,USR89958
4898,merchant,MCH1576
4898,merchant,MCH3322
4899,user,USR84233
4899,merchant,MCH2793
4900,merchant,MCH3662
4900,user,USR84271
4901,merchant,MCH4331
4901,user,USR84328
4902,user,USR84339
4902,merchant,MCH5311
4903,merchant,MCH2599
4903,user,USR84344
4904,merchant,MCH9438
4904,user,USR84356
4905,merchant,MCH8550
4905,user,USR90123
4905,user,USR84390
4906,merchant,MCH4623
4906,user,USR94565
4906,user,USR84442
4907,merchant,MCH5606
4907,user,USR84548
4908,merchant,MCH6276
4908,user,USR84630
4909,user,USR84678
4909,user,USR88956
4909,merchant,MCH6166
4910,user,USR84684
4910,merchant,MCH1245
4911,merchant,MCH2506
4911,user,USR84705
4912,merchant,MCH1796
4912,user,USR95831
4912,user,USR84747
4913,merchant,MCH4615
4913,user,USR87538
4913,user,USR84754
4914,user,USR84770
4914,user,USR94240
4914,merchant,MCH8948
4915,merchant,MCH2591
4915,user,USR84807
4916,merchant,MCH1294
4916,user,USR84897
4916,user,USR89657
4917,user,USR84934
4917,merchant,MCH7393
4918,user,USR85009
4918,merchant,MCH5120
4919,merchant,MCH4177
4919,user,USR85031
4920,user,USR85131
4920,merchant,MCH5607
4921,merchant,MCH8326
4921,user,USR96840
4921,user,USR85156
4922,merchant,MCH7292
4922,user,USR85157
4922,user,USR88684
4923,merchant,MCH6633
4923,user,USR85229
4924,user,USR85258
4924,merchant,MCH4018
4925,merchant,MCH4708
4925,user,USR85269
4926,user,USR87865
4926,merchant,MCH6171
4926,user,USR85310
4927,user,USR85344
4927,merchant,MCH5186
4928,user,USR85362
4928,merchant,MCH5038
4929,user,USR85424
4929,merchant,MCH3982
4930,merchant,MCH1551
4930,user,USR86344
4930,user,USR85426
4931,merchant,MCH1727
4931,user,USR85578
4932,merchant,MCH5409
4932,user,USR85583
4933,user,USR85599
4933,merchant,MCH5919
4934,user,USR85690
4934,merchant,MCH5354
4935,merchant,MCH5707
4935,user,USR90985
4935,user,USR85709
4936,user,USR85909
4936,merchant,MCH8351
4937,merchant,MCH3060
4937,user,USR85941
4938,user,USR95391
4938,user,USR85958
4938,user,USR90777
4938,merchant,MCH7739
4939,user,USR85972
4939,merchant,MCH9574
4940,user,USR85975
4940,merchant,MCH9285
4941,user,USR86021
4941,merchant,MCH9159
4941,user,USR91554
4942,user,USR86118
4942,merchant,MCH5913
4943,merchant,MCH9965
4943,user,USR86121
4944,user,USR91830
4944,user,USR86226
4944,merchant,MCH7368
4945,user,USR86289
4945,merchant,MCH5457
4946,user,USR86367
4946,merchant,MCH6586
4947,user,USR88110
4947,user,USR86439
4947,merchant,MCH4318
4948,user,USR86523
4948,merchant,MCH3357
4949,user,USR86577
4949,merchant,MCH1429
4950,user,USR86618
4950,merchant,MCH8383
4950,user,USR95148
4951,user,USR86704
4951,merchant,MCH9895
4952,user,USR86706
4952,merchant,MCH8781
4953,merchant,MCH4724
4953,user,USR86771
4953,user,USR86953
4954,merchant,MCH6249
4954,user,USR86854
4954,user,USR93238
4955,merchant,MCH1363
4955,user,USR86865
4956,merchant,MCH6600
4956,user,USR86922
4957,merchant,MCH8286
4957,user,USR86958
4958,merchant,MCH8005
4958,user,USR87000
4959,user,USR87017
4959,merchant,MCH3102
4960,merchant,MCH3457
4960,user,USR87021
4961,user,USR87028
4961,merchant,MCH9860
4962,merchant,MCH6887
4962,user,USR87048
4963,user,USR87051
4963,merchant,MCH4693
4964,user,USR94216
4964,merchant,MCH7084
4964,user,USR87085
4965,user,USR87120
4965,merchant,MCH9167
4966,user,USR87152
4966,merchant,MCH2280
4967,merchant,MCH3334
4967,user,USR87178
4967,user,USR95834
4968,merchant,MCH8486
4968,user,USR87212
4969,merchant,MCH8000
4969,user,USR87216
4970,merchant,MCH4171
4970,user,USR87221
4971,merchant,MCH5568
4971,user,USR88012
4971,user,USR87231
4972,user,USR87333
4972,merchant,MCH3091
4973,user,USR87363
4973,merchant,MCH2959
4974,user,USR87379
4974,merchant,MCH4335
4975,merchant,MCH4568
4975,user,USR87406
4976,user,USR87527
4976,merchant,MCH2736
4977,user,USR87610
4977,merchant,MCH3668
4977,user,USR97108
4978,merchant,MCH8666
4978,user,USR87626
4979,merchant,MCH5268
4979,user,USR87661
4980,user,USR87692
4980,merchant,MCH8737
4981,user,USR87817
4981,merchant,MCH2012
4982,user,USR88105
4982,merchant,MCH7421
4983,merchant,MCH7423
4983,user,USR88139
4984,user,USR88225
4984,merchant,MCH4066
4985,user,USR94929
4985,user,USR93730
4985,merchant,MCH5821
4985,user,USR88364
4986,merchant,MCH2563
4986,user,USR88365
4987,user,USR91436
4987,merchant,MCH9826
4987,user,USR88447
4988,user,USR88520
4988,merchant,MCH9779
4989,user,USR89818
4989,user,USR88544
4989,merchant,MCH4518
4990,user,USR96454
4990,user,USR88578
4990,merchant,MCH5308
4991,user,USR88619
4991,merchant,MCH3921
4992,user,USR88624
4992,merchant,MCH7719
4993,user,USR88700
4993,user,USR94839
4993,merchant,MCH6260
4994,merchant,MCH1552
4994,user,USR88726
4995,user,USR88749
4995,merchant,MCH7263
4996,user,USR88878
4996,merchant,MCH3391
4997,merchant,MCH7870
4997,user,USR88934
4998,user,USR96598
4998,user,USR91776
4998,user,USR97343
4998,user,USR88976
4998,merchant,MCH8716
4999,user,USR88986
4999,merchant,MCH9210
5000,user,USR89057
5000,merchant,MCH8978
5001,user,USR89077
5001,merchant,MCH4164
5002,user,USR89082
5002,merchant,MCH4359
5003,merchant,MCH5477
5003,user,USR89099
5004,user,USR89195
5004,merchant,MCH7504
5005,merchant,MCH8886
5005,user,USR89218
5006,merchant,MCH5736
5006,user,USR89220
5007,merchant,MCH8334
5007,user,USR89289
5007,user,USR95322
5008,user,USR93608
5008,user,USR89292
5008,merchant,MCH3824
5009,user,USR94838
5009,merchant,MCH5363
5009,user,USR89305
5010,merchant,MCH9203
5010,user,USR89307
5011,user,USR89422
5011,user,USR91199
5011,merchant,MCH7235
5012,merchant,MCH9234
5012,user,USR90168
5012,user,USR89499
5013,user,USR89500
5013,merchant,MCH6583
5014,merchant,MCH7794
5014,user,USR89522
5015,user,USR89551
5015,merchant,MCH3831
5016,user,USR89613
5016,merchant,MCH7288
5017,user,USR89632
5017,merchant,MCH9235
5018,user,USR89705
5018,merchant,MCH6296
5019,merchant,MCH7065
5019,user,USR89732
5020,user,USR90463
5020,user,USR89869
5020,merchant,MCH5765
5020,merchant,MCH2954
5021,merchant,MCH7850
5021,user,USR89873
5022,merchant,MCH3072
5022,user,USR89874
5023,merchant,MCH4249
5023,user,USR89915
5024,merchant,MCH6367
5024,user,USR89921
5025,user,USR89922
5025,user,USR94188
5025,merchant,MCH2742
5026,user,USR89996
5026,merchant,MCH4842
5027,user,USR90025
5027,merchant,MCH8767
5028,merchant,MCH2514
5028,user,USR90051
5028,user,USR90390
5029,user,USR90073
5029,merchant,MCH3918
5030,merchant,MCH5044
5030,user,USR90088
5031,merchant,MCH2113
5031,user,USR90098
5032,user,USR90201
5032,merchant,MCH1162
5033,merchant,MCH7032
5033,user,USR91132
5033,user,USR90214
5034,merchant,MCH9925
5034,user,USR94048
5034,user,USR90258
5035,merchant,MCH1740
5035,user,USR90290
5036,user,USR90298
5036,merchant,MCH5574
5037,user,USR90357
5037,merchant,MCH1040
5038,merchant,MCH3087
5038,user,USR90402
5039,merchant,MCH2193
5039,user,USR90403
5040,merchant,MCH6874
5040,user,USR90458
5040,merchant,MCH6108
5041,user,USR90478
5041,user,USR94045
5041,merchant,MCH7827
5042,user,USR96682
5042,merchant,MCH1106
5042,user,USR94596
5042,user,USR90565
5043,user,USR90580
5043,merchant,MCH2964
5044,user,USR98581
5044,user,USR90626
5044,merchant,MCH7586
5045,user,USR90674
5045,merchant,MCH7130
5046,merchant,MCH4290
5046,user,USR90683
5047,user,USR90806
5047,merchant,MCH6030
5048,merchant,MCH6829
5048,user,USR90859
5049,user,USR98102
5049,user,USR96743
5049,merchant,MCH1741
5049,user,USR90948
5050,user,USR91063
5050,merchant,MCH3521
5051,merchant,MCH9301
5051,user,USR91073
5052,user,USR91078
5052,merchant,MCH6993
5052,user,USR99912
5053,merchant,MCH7790
5053,user,USR91079
5054,merchant,MCH2869
5054,user,USR91090
5055,user,USR91110
5055,merchant,MCH5822
5056,merchant,MCH8726
5056,user,USR91143
5056,user,USR91496
5057,merchant,MCH7095
5057,user,USR91210
5058,merchant,MCH3649
5058,user,USR91239
5059,user,USR91341
5059,merchant,MCH6942
5060,merchant,MCH4008
5060,merchant,MCH3685
5060,user,USR92463
5060,user,USR91364
5061,merchant,MCH2330
5061,user,USR91448
5061,user,USR91378
5062,user,USR91388
5062,merchant,MCH9567
5063,user,USR91487
5063,merchant,MCH8223
5064,user,USR91515
5064,merchant,MCH2077
5065,merchant,MCH3957
5065,user,USR94690
5065,user,USR93420
5065,user,USR91595
5066,merchant,MCH6863
5066,user,USR91717
5067,user,USR91793
5067,merchant,MCH1309
5068,merchant,MCH7917
5068,user,USR91870
5069,user,USR91922
5069,merchant,MCH4707
5070,merchant,MCH2151
5070,user,USR91958
5071,merchant,MCH1570
5071,user,USR92040
5071,merchant,MCH1669
5071,user,USR92234
5072,user,USR92046
5072,merchant,MCH6763
5073,user,USR92095
5073,merchant,MCH4748
5074,merchant,MCH5343
5074,user,USR92100
5075,user,USR92160
5075,merchant,MCH7500
5076,user,USR98566
5076,merchant,MCH6199
5076,user,USR92163
5077,user,USR92187
5077,merchant,MCH4818
5078,merchant,MCH3517
5078,user,USR92620
5079,merchant,MCH5875
5079,user,USR92621
5079,user,USR98823
5080,user,USR92663
5080,merchant,MCH2412
5081,user,USR92681
5081,merchant,MCH4900
5082,user,USR92689
5082,merchant,MCH8802
5083,user,USR92723
5083,merchant,MCH8108
5084,merchant,MCH4183
5084,user,USR92737
5085,user,USR92750
5085,merchant,MCH5495
5086,user,USR92784
5086,merchant,MCH7940
5087,merchant,MCH5065
5087,user,USR92821
5088,user,USR98892
5088,merchant,MCH8704
5088,user,USR92926
5089,merchant,MCH7868
5089,user,USR92977
5090,merchant,MCH6079
5090,user,USR93068
5091,user,USR95069
5091,merchant,MCH9229
5091,user,USR93080
5092,merchant,MCH6143
5092,user,USR93082
5093,user,USR95863
5093,merchant,MCH2761
5093,user,USR93087
5094,merchant,MCH4306
5094,user,USR93122
5095,merchant,MCH2882
5095,user,USR93137
5096,user,USR93206
5096,merchant,MCH9803
5097,user,USR93230
5097,merchant,MCH7021
5098,merchant,MCH7590
5098,user,USR93233
5099,user,USR93303
5099,merchant,MCH6164
5100,user,USR93326
5100,merchant,MCH7999
5101,merchant,MCH3039
5101,user,USR93599
5102,user,USR93628
5102,merchant,MCH8015
5103,user,USR93643
5103,merchant,MCH4019
5104,merchant,MCH9036
5104,user,USR93926
5105,merchant,MCH4476
5105,user,USR93932
5105,user,USR98841
5106,user,USR93994
5106,merchant,MCH3179
5107,merchant,MCH5546
5107,user,USR94026
5108,user,USR94032
5108,merchant,MCH9989
5109,user,USR94046
5109,merchant,MCH9160
5110,merchant,MCH8419
5110,user,USR94093
5111,merchant,MCH6875
5111,user,USR94105
5112,merchant,MCH9754
5112,user,USR94186
5113,merchant,MCH4540
5113,user,USR94206
5114,user,USR94224
5114,merchant,MCH2944
5115,merchant,MCH2868
5115,merchant,MCH3985
5115,user,USR94255
5116,user,USR94397
5116,merchant,MCH5061
5117,user,USR94405
5117,merchant,MCH3817
5118,user,USR94538
5118,merchant,MCH9850
5119,merchant,MCH4851
5119,user,USR94640
5120,merchant,MCH4338
5120,user,USR94649
5121,user,USR94654
5121,merchant,MCH8105
5122,merchant,MCH7350
5122,user,USR94752
5123,user,USR94807
5123,merchant,MCH2619
5124,user,USR94843
5124,user,USR96422
5124,merchant,MCH2825
5125,user,USR95253
5125,user,USR94919
5125,merchant,MCH1816
5126,merchant,MCH6870
5126,user,USR94998
5127,merchant,MCH7014
5127,user,USR95032
5128,merchant,MCH4606
5128,user,USR95036
5129,user,USR95049
5129,merchant,MCH5383
5130,user,USR95056
5130,merchant,MCH6282
5131,user,USR95070
5131,merchant,MCH5592
5132,merchant,MCH4918
5132,user,USR98677
5132,user,USR95218
5132,user,USR99979
5133,merchant,MCH6627
5133,user,USR95220
5134,user,USR95234
5134,merchant,MCH1340
5135,user,USR95424
5135,merchant,MCH8641
5136,merchant,MCH1643
5136,user,USR95452
5137,merchant,MCH2408
5137,user,USR95455
5138,user,USR95713
5138,merchant,MCH4272
5139,user,USR95780
5139,merchant,MCH8932
5140,user,USR95813
5140,merchant,MCH3456
5141,user,USR98846
5141,merchant,MCH8474
5141,user,USR95864
5142,user,USR95872
5142,merchant,MCH5536
5143,merchant,MCH9404
5143,user,USR96008
5144,merchant,MCH5219
5144,user,USR96084
5145,merchant,MCH6849
5145,user,USR96095
5146,merchant,MCH8461
5146,user,USR96166
5147,user,USR96231
5147,merchant,MCH5022
5148,user,USR96274
5148,merchant,MCH4689
5149,user,USR96390
5149,merchant,MCH5804
5150,user,USR96446
5150,merchant,MCH6800
5151,merchant,MCH8942
5151,user,USR96455
5152,user,USR96486
5152,merchant,MCH7062
5153,user,USR96549
5153,merchant,MCH9085
5154,user,USR96752
5154,merchant,MCH9704
5155,merchant,MCH8038
5155,user,USR96794
5156,merchant,MCH1884
5156,user,USR96810
5157,merchant,MCH3940
5157,user,USR96816
5158,merchant,MCH6352
5158,user,USR96895
5159,user,USR97041
5159,merchant,MCH9816
5160,user,USR97042
5160,merchant,MCH5613
5161,merchant,MCH7353
5161,user,USR97063
5162,user,USR97223
5162,merchant,MCH7181
5163,user,USR97255
5163,merchant,MCH5730
5164,user,USR97278
5164,merchant,MCH7926
5165,user,USR97282
5165,merchant,MCH6684
5166,user,USR97335
5166,merchant,MCH8388
5167,user,USR97387
5167,merchant,MCH5150
5168,merchant,MCH5965
5168,user,USR97459
5169,user,USR97525
5169,merchant,MCH3747
5170,user,USR97539
5170,merchant,MCH2613
5171,merchant,MCH5799
5171,user,USR97596
5172,merchant,MCH4553
5172,user,USR97672
5173,user,USR97674
5173,merchant,MCH8607
5174,user,USR97678
5174,merchant,MCH4682
5175,merchant,MCH3591
5175,user,USR97742
5176,user,USR97770
5176,merchant,MCH2719
5177,merchant,MCH7515
5177,user,USR97802
5178,user,USR98033
5178,merchant,MCH5524
5179,user,USR98047
5179,merchant,MCH2088
5180,user,USR98079
5180,merchant,MCH1377
5181,merchant,MCH1067
5181,user,USR98148
5182,merchant,MCH7125
5182,user,USR98166
5183,user,USR98167
5183,merchant,MCH5950
5184,merchant,MCH8860
5184,user,USR98209
5185,merchant,MCH4043
5185,user,USR99972
5185,user,USR98230
5186,user,USR98277
5186,merchant,MCH9487
5187,user,USR98360
5187,merchant,MCH1120
5188,merchant,MCH1468
5188,user,USR98362
5189,merchant,MCH3887
5189,user,USR98505
5190,user,USR98546
5190,merchant,MCH1092
5191,user,USR98636
5191,merchant,MCH1574
5192,merchant,MCH5905
5192,user,USR98902
5193,merchant,MCH4889
5193,user,USR98960
5194,merchant,MCH4996
5194,user,USR98986
5195,merchant,MCH2139
5195,user,USR99182
5196,merchant,MCH8890
5196,user,USR99277
5197,user,USR99304
5197,merchant,MCH3442
5198,merchant,MCH7706
5198,user,USR99413
5199,user,USR99516
5199,merchant,MCH9440
5200,merchant,MCH4136
5200,user,USR99564
5201,user,USR99590
5201,merchant,MCH6309
5202,user,USR99703
5202,merchant,MCH8623
5203,merchant,MCH2542
5203,user,USR99718
5204,merchant,MCH7621
5204,user,USR99748
5205,user,USR99751
5205,merchant,MCH4533
5206,user,USR99753
5206,merchant,MCH5260
5207,user,USR99760
5207,merchant,MCH2071
5208,merchant,MCH7192
5208,user,USR99860
5209,merchant,MCH4917
5209,user,USR99944
