merchant_id,merchant_name,merchant_category,business_type,city,state,merchant_status,declared_avg_ticket_size,transaction_count,transaction_amount,average_transaction_value,successful_transactions,failed_transactions,pending_transactions,chargeback_count,disputed_amount,high_severity_chargebacks,critical_chargebacks,failed_rate,chargeback_rate,disputed_amount_rate,risk_score,risk_level,repeated_chargeback_flag,high_failed_rate_flag,high_chargeback_rate_flag
MCH9291,"Mukhopadhyay, Dua And Dada",Apparel & Fashion,Sole Proprietor,Delhi,Delhi,Active,875.0,3.0,20252.79,6750.93,3.0,0.0,0.0,42.0,167555.99,11.0,2.0,0.0,1400.0,827.32,100.0,Critical,True,False,True
MCH5954,"Chand, Dora And Dey",Restaurants & Food,Private Limited,Chennai,Tamil Nadu,Active,1159.45,2.0,28731.989999999998,14365.994999999999,2.0,0.0,0.0,28.0,148004.79,9.0,2.0,0.0,1400.0,515.12,100.0,Critical,True,False,True
MCH2383,Dewan-Misra,Telecom,Sole Proprietor,Ludhiana,Punjab,Active,923.06,3.0,32449.54,10816.513333333334,2.0,1.0,0.0,27.0,106943.76,4.0,3.0,33.33,900.0,329.57,100.0,Critical,True,True,True
MCH8953,Narayan-Uppal,Pharmacy,Private Limited,Ludhiana,Punjab,Active,2726.98,3.0,40908.740000000005,13636.246666666668,2.0,1.0,0.0,27.0,85106.75,7.0,2.0,33.33,900.0,208.04,100.0,Critical,True,True,True
MCH8779,Tak-Wali,Restaurants & Food,Individual,Bengaluru,Karnataka,Active,206.0,6.0,78407.95999999999,13067.993333333332,6.0,0.0,0.0,34.0,84515.06,11.0,4.0,0.0,566.67,107.79,100.0,Critical,True,False,True
MCH2266,Natarajan And Sons,Pharmacy,Individual,Chennai,Tamil Nadu,Active,447.78,1.0,6862.64,6862.64,1.0,0.0,0.0,24.0,78233.12,7.0,2.0,0.0,2400.0,1139.99,100.0,Critical,True,False,True
MCH2757,Chhabra-Dugar,Apparel & Fashion,Sole Proprietor,Kolkata,West Bengal,Active,1214.2,1.0,17669.0,17669.0,1.0,0.0,0.0,25.0,69822.18000000001,6.0,2.0,0.0,2500.0,395.17,100.0,Critical,True,False,True
MCH1320,Babu-Khatri,Apparel & Fashion,Individual,Kolkata,West Bengal,Active,,1.0,16705.45,16705.45,1.0,0.0,0.0,30.0,54121.32,8.0,2.0,0.0,3000.0,323.97,100.0,Critical,True,False,True
MCH8391,Talwar-Bhasin,Apparel & Fashion,Individual,Ludhiana,Punjab,Active,2052.0,2.0,40807.04,20403.52,1.0,0.0,1.0,24.0,53991.09,8.0,3.0,0.0,1200.0,132.31,100.0,Critical,True,False,True
MCH8154,Yohannan Plc,Transportation,Sole Proprietor,Jalandhar,Punjab,Suspended,998.6,4.0,38971.79,9742.9475,4.0,0.0,0.0,22.0,51628.14,5.0,0.0,0.0,550.0,132.48,100.0,Critical,True,False,True
MCH5980,Misra-Ganguly,Transportation,Individual,Kolkata,West Bengal,Active,2762.0,2.0,25578.03,12789.015,1.0,1.0,0.0,27.0,49480.729999999996,12.0,4.0,50.0,1350.0,193.45,100.0,Critical,True,True,True
MCH7833,"Chopra, Baral And Hayre",Books & Stationery,Sole Proprietor,Hyderabad,Telangana,Suspended,648.0,4.0,29625.62,7406.405,3.0,0.0,0.0,22.0,45747.25,6.0,2.0,0.0,550.0,154.42,100.0,Critical,True,False,True
MCH7982,De0 Ltd,Department Store,Partnership,Ludhiana,Punjab,Active,579.0,3.0,29815.54,9938.513333333334,3.0,0.0,0.0,4.0,8333.76,2.0,1.0,0.0,133.33,27.95,60.0,High,True,False,True
MCH5588,Divan-Yohannan,Transportation,Individual,Hyderabad,Telangana,Active,203.0,1.0,11611.32,11611.32,1.0,0.0,0.0,2.0,7728.1,2.0,2.0,0.0,200.0,66.56,60.0,High,False,False,True
MCH3415,Keer Inc,Restaurants & Food,Sole Proprietor,Chennai,Tamil Nadu,Active,,1.0,18888.79,18888.79,1.0,0.0,0.0,2.0,1810.42,2.0,2.0,0.0,200.0,9.58,60.0,High,False,False,True
MCH8425,"Bhatnagar,Comarandhans",Hotel & Lodging,Individual,Jalandhar,Punjab,Active,637.53,2.0,25517.47,12758.735,1.0,1.0,0.0,2.0,13642.3,1.0,1.0,50.0,100.0,53.46,55.0,High,False,True,True
MCH4089,Mistry And Sons,Grocery,Sole Proprietor,Mumbai,Maharashtra,Active,1563.22,5.0,69222.21,13844.442000000001,4.0,1.0,0.0,2.0,11134.04,1.0,1.0,20.0,40.0,16.08,55.0,High,False,True,True
MCH5269,"Lala, Raval And Sahni",Books & Stationery,Partnership,Jalandhar,Punjab,Active,873.0,3.0,29831.190000000002,9943.730000000001,2.0,1.0,0.0,2.0,2742.23,1.0,1.0,33.33,66.67,9.19,55.0,High,False,True,True
MCH2032,"Doshi, Sur And Sarna",Restaurants & Food,Private Limited,Pune,Maharashtra,Active,771.07,1.0,9877.08,9877.08,0.0,1.0,0.0,2.0,2334.54,1.0,1.0,100.0,200.0,23.64,55.0,High,False,True,True
MCH7335,"Narayan, Cheema And Chana",Restaurants & Food,Private Limited,Chennai,Tamil Nadu,Active,699.42,1.0,16849.23,16849.23,0.0,1.0,0.0,2.0,570.66,1.0,1.0,100.0,200.0,3.39,55.0,High,False,True,True
MCH6380,Naik-Kalla,Miscellaneous,Individual,Pune,Maharashtra,Suspended,,4.0,55580.58,13895.145,3.0,1.0,0.0,1.0,19958.58,1.0,1.0,25.0,25.0,35.91,50.0,High,False,True,True
MCH5580,Chatterjee-Andra,Travel,Private Limited,Lucknow,Uttar Pradesh,Active,512.38,3.0,31417.47,10472.49,2.0,1.0,0.0,1.0,12077.97,1.0,1.0,33.33,33.33,38.44,50.0,High,False,True,True
MCH7459,"Gara, Agarwal And Anne",Hotel & Lodging,Individual,Ludhiana,Punjab,Active,2650.18,2.0,5362.7,2681.35,1.0,1.0,0.0,1.0,2891.42,1.0,1.0,50.0,50.0,53.92,50.0,High,False,True,True
MCH7622,Banerjee-Raman,Restaurants & Food,Sole Proprietor,Pune,Maharashtra,Active,1374.5,4.0,57648.82,14412.205,3.0,1.0,0.0,2.0,2685.85,2.0,0.0,25.0,50.0,4.66,50.0,High,False,True,True
MCH8556,"Rout, Dhillon And Sinha",Books & Stationery,Sole Proprietor,Jaipur,Rajasthan,Active,,4.0,37191.770000000004,9297.942500000001,4.0,0.0,0.0,2.0,1446.29,2.0,1.0,0.0,50.0,3.89,50.0,High,False,False,True
MCH1494,Joshi-Bala,Retail,Sole Proprietor,Mumbai,Maharashtra,Active,997.33,6.0,76191.44,12698.573333333334,4.0,2.0,0.0,1.0,1101.44,1.0,1.0,33.33,16.67,1.45,50.0,High,False,True,True
MCH1827,Saha Ltd,Miscellaneous,Partnership,Pune,Maharashtra,Active,790.89,2.0,35763.130000000005,17881.565000000002,1.0,1.0,0.0,1.0,917.78,1.0,1.0,50.0,50.0,2.57,50.0,High,False,True,True
MCH1639,"Borah, Dhaliwal And Morar",Miscellaneous,Partnership,Kolkata,West Bengal,Active,7799.0,2.0,17528.65,8764.325,1.0,1.0,0.0,1.0,609.57,1.0,1.0,50.0,50.0,3.48,50.0,High,False,True,True
MCH2476,Choudhary-Borah,Hotel & Lodging,Private Limited,Kolkata,West Bengal,Active,1108.38,1.0,7894.08,7894.08,0.0,1.0,0.0,1.0,508.34,1.0,1.0,100.0,100.0,6.44,50.0,High,False,True,True
MCH2296,Buch Ltd,Transportation,Partnership,Ludhiana,Punjab,Active,8012.35,2.0,31498.239999999998,15749.119999999999,1.0,0.0,1.0,2.0,23182.93,1.0,1.0,0.0,100.0,73.6,45.0,Medium,False,False,True
MCH2076,Chad Ltd,Books & Stationery,Sole Proprietor,Jalandhar,Punjab,Active,579.16,4.0,65670.48999999999,16417.622499999998,2.0,2.0,0.0,2.0,19469.59,1.0,0.0,50.0,50.0,29.65,45.0,Medium,False,True,True
MCH7728,"Banerjee, Iyengar And Ganguly",Hotel & Lodging,Individual,Jaipur,Rajasthan,Active,750.16,2.0,24781.329999999998,12390.664999999999,1.0,1.0,0.0,3.0,12983.57,0.0,0.0,50.0,150.0,52.39,45.0,Medium,True,True,True
MCH8613,Comar-Tata,Restaurants & Food,Individual,Lucknow,Uttar Pradesh,Suspended,2485.09,4.0,65798.75,16449.6875,3.0,1.0,0.0,2.0,9180.55,1.0,0.0,25.0,50.0,13.95,45.0,Medium,False,True,True
MCH9002,Manne Ltd,Department Store,Partnership,Amritsar,Punjab,Active,2336.66,2.0,10917.66,5458.83,2.0,0.0,0.0,2.0,6592.780000000001,1.0,1.0,0.0,100.0,60.39,45.0,Medium,False,False,True
MCH8921,"Palla, Kanda And Kohli",Grocery,Individual,Jaipur,Rajasthan,Inactive,1560.65,3.0,30981.08,10327.026666666667,2.0,1.0,0.0,2.0,3777.8199999999997,1.0,0.0,33.33,66.67,12.19,45.0,Medium,False,True,True
MCH7879,Sawhney-Goda,Telecom,Individual,Jalandhar,Punjab,Active,1760.85,2.0,14535.550000000001,7267.775000000001,1.0,1.0,0.0,2.0,3604.5,1.0,0.0,50.0,100.0,24.8,45.0,Medium,False,True,True
MCH8037,Patla-Balakrishnan,Telecom,Sole Proprietor,Pune,Maharashtra,Active,327.35,1.0,1094.48,1094.48,0.0,1.0,0.0,2.0,3337.87,1.0,0.0,100.0,200.0,304.97,45.0,Medium,False,True,True
MCH4912,Devi Group,Grocery,Sole Proprietor,Kolkata,West Bengal,Active,1738.86,1.0,11104.18,11104.18,0.0,1.0,0.0,2.0,2947.29,1.0,0.0,100.0,200.0,26.54,45.0,Medium,False,True,True
MCH9984,"Dash, Radhakrishnan And Singh",Transportation,Sole Proprietor,Amritsar,Punjab,Active,956.87,2.0,11959.96,5979.98,2.0,0.0,0.0,3.0,2782.7200000000003,2.0,0.0,0.0,150.0,23.27,45.0,Medium,True,False,True
MCH4857,Sethi-Soni,Transportation,Individual,Ludhiana,Punjab,Active,278.84,3.0,59610.04,19870.013333333332,2.0,1.0,0.0,2.0,1583.54,1.0,0.0,33.33,66.67,2.66,45.0,Medium,False,True,True
MCH8389,Thaman Group,Restaurants & Food,Individual,Mumbai,Maharashtra,Inactive,1716.78,4.0,32484.35,8121.0875,4.0,0.0,0.0,2.0,954.04,1.0,1.0,0.0,50.0,2.94,45.0,Medium,False,False,True
MCH3678,"Ramanathan, Oza And Aggarwal",Apparel & Fashion,Partnership,Jalandhar,Punjab,Active,1617.86,2.0,30388.71,15194.355,2.0,0.0,0.0,2.0,397.91,1.0,1.0,0.0,100.0,1.31,45.0,Medium,False,False,True
MCH4811,Chaudhry-Majumdar,Pharmacy,Private Limited,Delhi,Delhi,Active,615.9,1.0,19233.09,19233.09,0.0,0.0,1.0,2.0,248.1,1.0,1.0,0.0,200.0,1.29,45.0,Medium,False,False,True
MCH2402,Dhillon Group,Pharmacy,Individual,Mumbai,Maharashtra,Active,1477.89,4.0,42858.61,10714.6525,4.0,0.0,0.0,1.0,26842.07,1.0,1.0,0.0,25.0,62.63,40.0,Medium,False,False,True
MCH5133,Sawhney Group,Grocery,Individual,Hyderabad,Telangana,Active,1388.77,2.0,22457.77,11228.885,1.0,1.0,0.0,1.0,15432.0,1.0,0.0,50.0,50.0,68.72,40.0,Medium,False,True,True
MCH1792,Palan-Naidu,Apparel & Fashion,Partnership,Bengaluru,Karnataka,Active,443.5,1.0,2875.88,2875.88,1.0,0.0,0.0,1.0,12115.08,1.0,1.0,0.0,100.0,421.27,40.0,Medium,False,False,True
MCH4421,Sani Llc,Miscellaneous,Sole Proprietor,Ludhiana,Punjab,Active,901.69,2.0,21071.51,10535.755,1.0,1.0,0.0,1.0,9344.29,1.0,0.0,50.0,50.0,44.35,40.0,Medium,False,True,True
MCH8999,Babu And Sons,Hotel & Lodging,Private Limited,Jaipur,Rajasthan,Active,1204.0,5.0,52517.78999999999,10503.557999999999,4.0,0.0,1.0,3.0,9109.83,1.0,0.0,0.0,60.0,17.35,40.0,Medium,True,False,True
MCH3718,"S0M, Barman And Bhavsar",Grocery,Sole Proprietor,Pune,Maharashtra,Active,312.19,3.0,30167.68,10055.893333333333,2.0,1.0,0.0,1.0,9012.82,1.0,0.0,33.33,33.33,29.88,40.0,Medium,False,True,True
MCH2574,Bala And Sons,Apparel & Fashion,Individual,Delhi,Delhi,Suspended,197.23,4.0,49673.65,12418.4125,1.0,2.0,1.0,2.0,8167.11,0.0,0.0,50.0,50.0,16.44,40.0,Medium,False,True,True
MCH9193,Ramachandran-Rao,Apparel & Fashion,Individual,Bengaluru,Karnataka,Active,1693.53,4.0,60694.36,15173.59,4.0,0.0,0.0,1.0,7638.7,1.0,1.0,0.0,25.0,12.59,40.0,Medium,False,False,True
MCH2335,Ganeshltd,Miscellaneous,Private Limited,Pune,Maharashtra,Active,,5.0,42108.65,8421.73,4.0,1.0,0.0,1.0,6782.66,1.0,0.0,20.0,20.0,16.11,40.0,Medium,False,True,True
MCH6856,"Dalal, Morar And Gala",Hotel & Lodging,Private Limited,Chennai,Tamil Nadu,Active,,1.0,16154.71,16154.71,1.0,0.0,0.0,1.0,6446.22,1.0,1.0,0.0,100.0,39.9,40.0,Medium,False,False,True
MCH2105,Nagar-Misra,Pharmacy,Private Limited,Jaipur,Rajasthan,Active,1101.76,3.0,37574.75,12524.916666666666,2.0,1.0,0.0,1.0,6432.0,1.0,0.0,33.33,33.33,17.12,40.0,Medium,False,True,True
MCH7881,Menon Plc,Department Store,Partnership,Pune,Maharashtra,Active,1357.1,3.0,49142.03,16380.676666666666,1.0,1.0,1.0,1.0,6211.43,1.0,0.0,33.33,33.33,12.64,40.0,Medium,False,True,True
MCH3161,Mittal-Bawa,Miscellaneous,Private Limited,Jalandhar,Punjab,Active,2703.14,1.0,5754.44,5754.44,1.0,0.0,0.0,2.0,6033.63,2.0,0.0,0.0,200.0,104.85,40.0,Medium,False,False,True
MCH4225,Karnik Llc,Apparel & Fashion,Individual,Ludhiana,Punjab,Active,537.99,1.0,2298.88,2298.88,1.0,0.0,0.0,1.0,5996.21,1.0,1.0,0.0,100.0,260.83,40.0,Medium,False,False,True
MCH4859,Vasa-Raju,Restaurants & Food,Sole Proprietor,Hyderabad,Telangana,Active,214.0,3.0,17998.48,5999.493333333333,2.0,1.0,0.0,1.0,5976.8,1.0,0.0,33.33,33.33,33.21,40.0,Medium,False,True,True
MCH8076,"Sani, Sanghvi And Butala",Department Store,Individual,Ludhiana,Punjab,Active,470.52,2.0,42663.1,21331.55,2.0,0.0,0.0,3.0,5858.32,1.0,0.0,0.0,150.0,13.73,40.0,Medium,True,False,True
MCH6628,Thakur-Kunda,Telecom,Private Limited,Delhi,Delhi,Active,1718.0,2.0,36218.22,18109.11,2.0,0.0,0.0,2.0,5523.82,2.0,0.0,0.0,100.0,15.25,40.0,Medium,False,False,True
MCH7051,Ramachandran-Rajan,Restaurants & Food,Partnership,Mumbai,Maharashtra,Active,1183.53,1.0,13564.83,13564.83,1.0,0.0,0.0,1.0,5082.98,1.0,1.0,0.0,100.0,37.47,40.0,Medium,False,False,True
MCH2556,"Zachariah, Manne And Bedi",Books & Stationery,Partnership,Kolkata,West Bengal,Active,1248.82,4.0,41313.15,10328.2875,3.0,1.0,0.0,2.0,4726.95,0.0,0.0,25.0,50.0,11.44,40.0,Medium,False,True,True
MCH1569,"Bal, Wali And Sheth",Telecom,Private Limited,Chennai,Tamil Nadu,Active,1678.57,2.0,18507.47,9253.735,1.0,1.0,0.0,1.0,4196.87,1.0,0.0,50.0,50.0,22.68,40.0,Medium,False,True,True
MCH1213,Ray Llc,Pharmacy,Partnership,Pune,Maharashtra,Active,1556.0,2.0,27778.83,13889.415,1.0,1.0,0.0,2.0,3906.11,0.0,0.0,50.0,100.0,14.06,40.0,Medium,False,True,True
MCH1658,Khatri-Mohanty,Restaurants & Food,Sole Proprietor,Jaipur,Rajasthan,Inactive,2016.79,1.0,15988.38,15988.38,1.0,0.0,0.0,1.0,3615.07,1.0,1.0,0.0,100.0,22.61,40.0,Medium,False,False,True
MCH6033,"Sama, Basak And Majumdar",Miscellaneous,Private Limited,Hyderabad,Telangana,Active,365.0,3.0,47718.09,15906.029999999999,2.0,1.0,0.0,2.0,3468.13,0.0,0.0,33.33,66.67,7.27,40.0,Medium,False,True,True
MCH4552,"Palla, Mutti And Jayaraman",Transportation,Sole Proprietor,Jaipur,Rajasthan,Active,912.53,4.0,30748.510000000002,7687.1275000000005,3.0,1.0,0.0,1.0,3187.1,1.0,0.0,25.0,25.0,10.37,40.0,Medium,False,True,True
MCH1269,Shukla Plc,Apparel & Fashion,Individual,Hyderabad,Telangana,Active,1758.28,3.0,34628.46,11542.82,3.0,0.0,0.0,1.0,3023.77,1.0,1.0,0.0,33.33,8.73,40.0,Medium,False,False,True
MCH5127,Sankar Group,Hotel & Lodging,Partnership,Delhi,Delhi,Active,2034.47,1.0,21519.61,21519.61,1.0,0.0,0.0,1.0,2970.62,1.0,1.0,0.0,100.0,13.8,40.0,Medium,False,False,True
MCH1072,Kalla-Khalsa,Restaurants & Food,Private Limited,Mumbai,Maharashtra,Inactive,422.23,3.0,54541.55,18180.516666666666,3.0,0.0,0.0,1.0,2950.32,1.0,1.0,0.0,33.33,5.41,40.0,Medium,False,False,True
MCH2786,Gola Inc,Apparel & Fashion,Partnership,Chennai,Tamil Nadu,Active,576.47,2.0,18841.55,9420.775,0.0,1.0,1.0,2.0,2779.15,0.0,0.0,50.0,100.0,14.75,40.0,Medium,False,True,True
MCH2436,"Bhagat, Amble And Dixit",Transportation,Individual,Lucknow,Uttar Pradesh,Active,2085.74,2.0,29569.88,14784.94,1.0,1.0,0.0,1.0,2703.0,1.0,0.0,50.0,50.0,9.14,40.0,Medium,False,True,True
MCH8679,Dutt-Goel,Telecom,Private Limited,Kolkata,West Bengal,Active,423.15,5.0,73770.66,14754.132000000001,5.0,0.0,0.0,3.0,2680.53,1.0,0.0,0.0,60.0,3.63,40.0,Medium,True,False,True
MCH3806,Parmerllc,Grocery,Sole Proprietor,Jaipur,Rajasthan,Active,1939.0,3.0,15444.2,5148.066666666667,3.0,0.0,0.0,1.0,2655.0,1.0,1.0,0.0,33.33,17.19,40.0,Medium,False,False,True
MCH8374,Nadig-Batra,Apparel & Fashion,Partnership,Amritsar,Punjab,Active,831.77,2.0,28370.27,14185.135,2.0,0.0,0.0,1.0,2615.98,1.0,1.0,0.0,50.0,9.22,40.0,Medium,False,False,True
MCH1193,"Padmanabhan, Sekhon And Dhawan",Restaurants & Food,Partnership,Lucknow,Uttar Pradesh,Active,1712.05,2.0,40509.47,20254.735,1.0,1.0,0.0,1.0,2319.55,1.0,0.0,50.0,50.0,5.73,40.0,Medium,False,True,True
MCH3129,"Ghose,Hariandgarde",Grocery,Sole Proprietor,Ludhiana,Punjab,Active,1908.27,2.0,16699.02,8349.51,2.0,0.0,0.0,3.0,2291.24,1.0,0.0,0.0,150.0,13.72,40.0,Medium,True,False,True
MCH5404,Cherian Group,Hotel & Lodging,Sole Proprietor,Pune,Maharashtra,Active,1440.0,3.0,32629.95,10876.65,3.0,0.0,0.0,1.0,2273.34,1.0,1.0,0.0,33.33,6.97,40.0,Medium,False,False,True
MCH7327,"Krish, Dhar And Choudhury",Telecom,Individual,Kolkata,West Bengal,Active,440.0,2.0,37030.770000000004,18515.385000000002,1.0,1.0,0.0,1.0,2254.1,1.0,0.0,50.0,50.0,6.09,40.0,Medium,False,True,True
MCH3095,Hans-Shan,Miscellaneous,Partnership,Kolkata,West Bengal,Active,1208.82,4.0,29213.29,7303.3225,4.0,0.0,0.0,1.0,2212.96,1.0,1.0,0.0,25.0,7.58,40.0,Medium,False,False,True
MCH8451,"Kala, Pradhan And Hayre",Restaurants & Food,Partnership,Hyderabad,Telangana,Active,1874.56,4.0,41658.6,10414.65,3.0,1.0,0.0,1.0,2158.72,1.0,0.0,25.0,25.0,5.18,40.0,Medium,False,True,True
MCH4848,"Borra, Balakrishnan And Chad",Apparel & Fashion,Partnership,Delhi,Delhi,Active,3072.49,4.0,60579.31,15144.8275,4.0,0.0,0.0,2.0,2041.38,2.0,0.0,0.0,50.0,3.37,40.0,Medium,False,False,True
MCH1764,"Kurian, Vaidya And Loyal",Miscellaneous,Individual,Lucknow,Uttar Pradesh,Suspended,419.98,3.0,61823.5,20607.833333333332,2.0,1.0,0.0,1.0,1825.0,1.0,0.0,33.33,33.33,2.95,40.0,Medium,False,True,True
MCH6570,Venkataraman Ltd,Medical,Private Limited,Delhi,Delhi,Active,332.15,1.0,4324.0,4324.0,0.0,1.0,0.0,1.0,1708.0,1.0,0.0,100.0,100.0,39.5,40.0,Medium,False,True,True
MCH9787,Nigam Llc,Hotel & Lodging,Private Limited,Jaipur,Rajasthan,Active,717.19,1.0,18775.99,18775.99,1.0,0.0,0.0,2.0,1608.87,2.0,0.0,0.0,200.0,8.57,40.0,Medium,False,False,True
MCH8344,Purohit-Ravi,Department Store,Private Limited,Pune,Maharashtra,Active,337.58,2.0,39923.479999999996,19961.739999999998,1.0,1.0,0.0,1.0,1590.47,1.0,0.0,50.0,50.0,3.98,40.0,Medium,False,True,True
MCH4113,"Anand,Choudharyandcontractor",Pharmacy,Individual,Chennai,Tamil Nadu,Active,,1.0,13334.68,13334.68,1.0,0.0,0.0,1.0,1568.17,1.0,1.0,0.0,100.0,11.76,40.0,Medium,False,False,True
MCH9798,Mann-Gera,Transportation,Individual,Jalandhar,Punjab,Active,952.0,7.0,102847.06,14692.437142857143,5.0,2.0,0.0,1.0,1498.49,1.0,0.0,28.57,14.29,1.46,40.0,Medium,False,True,True
MCH8555,Ar0Ra Plc,Miscellaneous,Private Limited,Delhi,Delhi,Active,1643.0,4.0,51577.36,12894.34,3.0,0.0,1.0,1.0,1467.82,1.0,1.0,0.0,25.0,2.85,40.0,Medium,False,False,True
MCH5753,Handa Inc,Restaurants & Food,Sole Proprietor,Hyderabad,Telangana,Active,3518.1,4.0,58291.41,14572.8525,3.0,1.0,0.0,1.0,1422.0,1.0,0.0,25.0,25.0,2.44,40.0,Medium,False,True,True
MCH7408,Bala Group,Miscellaneous,Private Limited,Hyderabad,Telangana,Active,1032.22,3.0,41807.95,13935.983333333332,1.0,0.0,1.0,1.0,1379.0,1.0,1.0,0.0,33.33,3.3,40.0,Medium,False,False,True
MCH1299,Mutti Plc,Apparel & Fashion,Partnership,Jaipur,Rajasthan,Active,605.64,4.0,66696.20999999999,16674.052499999998,2.0,2.0,0.0,1.0,1368.83,1.0,0.0,50.0,25.0,2.05,40.0,Medium,False,True,True
MCH5119,Raghavan-Shere,Restaurants & Food,Sole Proprietor,Chennai,Tamil Nadu,Active,1149.0,5.0,61190.85,12238.17,5.0,0.0,0.0,1.0,1362.36,1.0,1.0,0.0,20.0,2.23,40.0,Medium,False,False,True
MCH1806,Thaker-Dutt,Apparel & Fashion,Individual,Ludhiana,Punjab,Active,6418.0,2.0,12729.6,6364.8,2.0,0.0,0.0,1.0,1314.21,1.0,1.0,0.0,50.0,10.32,40.0,Medium,False,False,True
MCH6075,"Lad, Menon And Tiwari",Telecom,Private Limited,Bengaluru,Karnataka,Active,709.64,4.0,65545.48999999999,16386.372499999998,3.0,1.0,0.0,1.0,1305.0,1.0,0.0,25.0,25.0,1.99,40.0,Medium,False,True,True
MCH4534,Bumb-Ganguly,Apparel & Fashion,Partnership,Chennai,Tamil Nadu,Active,1225.88,3.0,17970.98,5990.326666666667,2.0,1.0,0.0,1.0,1303.05,1.0,0.0,33.33,33.33,7.25,40.0,Medium,False,True,True
MCH4774,Wadhwa Plc,Department Store,Partnership,Jalandhar,Punjab,Active,374.94,5.0,61501.93,12300.386,3.0,1.0,1.0,1.0,1260.53,1.0,0.0,20.0,20.0,2.05,40.0,Medium,False,True,True
MCH3270,"Chokshi, Dash And Srivastava",Transportation,Partnership,Chennai,Tamil Nadu,Active,1910.46,2.0,40128.96,20064.48,2.0,0.0,0.0,1.0,1074.0,1.0,1.0,0.0,50.0,2.68,40.0,Medium,False,False,True
MCH1874,"Bail, Madan And Mahal",Grocery,Private Limited,Jalandhar,Punjab,Active,928.89,1.0,9577.01,9577.01,1.0,0.0,0.0,1.0,1062.27,1.0,1.0,0.0,100.0,11.09,40.0,Medium,False,False,True
MCH9836,"Nori, Malhotra And Deep",Hotel & Lodging,Sole Proprietor,Chennai,Tamil Nadu,Active,3007.0,2.0,7156.53,3578.265,2.0,0.0,0.0,1.0,1009.36,1.0,1.0,0.0,50.0,14.1,40.0,Medium,False,False,True
MCH2945,Agarwa1-Cherian,Telecom,Sole Proprietor,Jalandhar,Punjab,Inactive,1759.15,1.0,23053.1,23053.1,1.0,0.0,0.0,1.0,847.6,1.0,1.0,0.0,100.0,3.68,40.0,Medium,False,False,True
MCH7332,"Mutti, Reddy And Guha",Department Store,Private Limited,Kolkata,West Bengal,Active,1708.81,1.0,4850.99,4850.99,1.0,0.0,0.0,1.0,792.03,1.0,1.0,0.0,100.0,16.33,40.0,Medium,False,False,True
MCH5563,"Dubey, Wali And Yadav",Apparel & Fashion,Sole Proprietor,Kolkata,West Bengal,Active,2198.0,4.0,63456.6,15864.15,3.0,0.0,1.0,1.0,755.08,1.0,1.0,0.0,25.0,1.19,40.0,Medium,False,False,True
MCH6651,"Choudhry, Sarma And Seshadri",Hotel & Lodging,Sole Proprietor,Delhi,Delhi,Active,2606.0,3.0,34526.56,11508.853333333333,2.0,1.0,0.0,1.0,739.61,1.0,0.0,33.33,33.33,2.14,40.0,Medium,False,True,True
MCH8331,Yogi Inc,Miscellaneous,Sole Proprietor,Bengaluru,Karnataka,Inactive,1372.86,4.0,58668.17,14667.0425,4.0,0.0,0.0,1.0,660.0,1.0,1.0,0.0,25.0,1.12,40.0,Medium,False,False,True
MCH8259,Lall Group,Books & Stationery,Sole Proprietor,Jalandhar,Punjab,Active,2667.52,6.0,99741.78,16623.63,4.0,1.0,0.0,1.0,589.34,1.0,1.0,16.67,16.67,0.59,40.0,Medium,False,False,True
MCH1234,Comar-Kari,Transportation,Sole Proprietor,Jalandhar,Punjab,Active,1120.89,3.0,46349.79,15449.93,2.0,1.0,0.0,2.0,584.74,0.0,0.0,33.33,66.67,1.26,40.0,Medium,False,True,True
MCH6061,Kaur Llc,Medical,Individual,Chennai,Tamil Nadu,Active,1323.16,5.0,87402.38,17480.476000000002,3.0,2.0,0.0,1.0,562.29,1.0,0.0,40.0,20.0,0.64,40.0,Medium,False,True,True
MCH1591,Ramaswamy-Babu,Department Store,Partnership,Amritsar,Punjab,Active,1638.46,5.0,45258.09,9051.617999999999,3.0,2.0,0.0,1.0,384.26,1.0,0.0,40.0,20.0,0.85,40.0,Medium,False,True,True
MCH2284,Nayak Group,Apparel & Fashion,Private Limited,Mumbai,Maharashtra,Suspended,998.2,3.0,42912.04,14304.013333333334,3.0,0.0,0.0,1.0,381.32,1.0,1.0,0.0,33.33,0.89,40.0,Medium,False,False,True
MCH3488,Sarna-Ramaswamy,Apparel & Fashion,Private Limited,Kolkata,West Bengal,Active,1118.6,3.0,26932.89,8977.63,2.0,1.0,0.0,1.0,376.33,1.0,0.0,33.33,33.33,1.4,40.0,Medium,False,True,True
MCH4185,Nath-Chaudhuri,Telecom,Private Limited,Jaipur,Rajasthan,Active,587.44,4.0,28485.33,7121.3325,4.0,0.0,0.0,1.0,355.32,1.0,1.0,0.0,25.0,1.25,40.0,Medium,False,False,True
MCH2099,"Tara, Date And Thakur",Transportation,Sole Proprietor,Chennai,Tamil Nadu,Active,1054.15,4.0,54436.18,13609.045,2.0,2.0,0.0,1.0,355.28,1.0,0.0,50.0,25.0,0.65,40.0,Medium,False,True,True
MCH4401,Bedi And Sons,Apparel & Fashion,Partnership,Kolkata,West Bengal,Active,557.79,4.0,41491.75,10372.9375,2.0,1.0,0.0,1.0,276.74,1.0,0.0,25.0,25.0,0.67,40.0,Medium,False,True,True
MCH2152,"Choudhry, Chauhan And Dayal",Books & Stationery,Private Limited,Pune,Maharashtra,Active,1507.67,4.0,66955.2,16738.8,2.0,1.0,1.0,1.0,180.66,1.0,0.0,25.0,25.0,0.27,40.0,Medium,False,True,True
MCH4642,Jaggi Ltd,Grocery,Partnership,Delhi,Delhi,Suspended,1180.53,2.0,43869.47,21934.735,1.0,1.0,0.0,1.0,0.0,1.0,0.0,50.0,50.0,0.0,40.0,Medium,False,True,True
MCH4767,Prasad Inc,Telecom,Private Limited,Pune,Maharashtra,Inactive,789.87,2.0,40002.03,20001.015,2.0,0.0,0.0,1.0,0.0,1.0,1.0,0.0,50.0,0.0,40.0,Medium,False,False,True
MCH4812,Rai-Aurora,Hotel & Lodging,Private Limited,Jaipur,Rajasthan,Active,1732.91,2.0,36356.29,18178.145,2.0,0.0,0.0,1.0,0.0,1.0,1.0,0.0,50.0,0.0,40.0,Medium,False,False,True
MCH6328,"Ray, Pandit And Bala",Telecom,Private Limited,Chennai,Tamil Nadu,Active,644.89,4.0,22486.02,5621.505,2.0,2.0,0.0,1.0,33975.77,0.0,0.0,50.0,25.0,151.1,35.0,Medium,False,True,True
MCH7202,Uppal Plc,Transportation,Individual,Jaipur,Rajasthan,Inactive,,5.0,76279.54,15255.908,4.0,1.0,0.0,1.0,17825.75,0.0,0.0,20.0,20.0,23.37,35.0,Medium,False,True,True
MCH6258,"Mitra, Nori And Venkataraman",Pharmacy,Private Limited,Hyderabad,Telangana,Active,353.34,6.0,24327.26,4054.543333333333,4.0,2.0,0.0,1.0,16937.48,0.0,0.0,33.33,16.67,69.62,35.0,Medium,False,True,True
MCH1450,"Hora, Kunda And Dani",Department Store,Sole Proprietor,Ludhiana,Punjab,Inactive,1853.9,6.0,93347.29000000001,15557.881666666668,6.0,0.0,0.0,3.0,13945.92,0.0,0.0,0.0,50.0,14.94,35.0,Medium,True,False,True
MCH5541,Sheth And Sons,Restaurants & Food,Individual,Bengaluru,Karnataka,Active,548.54,3.0,44945.909999999996,14981.97,3.0,0.0,0.0,2.0,12128.71,1.0,0.0,0.0,66.67,26.99,35.0,Medium,False,False,True
MCH4841,"Soman, Chhabra And Rau",Restaurants & Food,Individual,Hyderabad,Telangana,Active,611.25,1.0,1455.49,1455.49,1.0,0.0,0.0,2.0,11466.47,1.0,0.0,0.0,200.0,787.81,35.0,Medium,False,False,True
MCH3983,"Magar, Tara And Gera",Medical,Sole Proprietor,Amritsar,Punjab,Active,511.0,3.0,43571.31,14523.769999999999,2.0,1.0,0.0,1.0,10657.19,0.0,0.0,33.33,33.33,24.46,35.0,Medium,False,True,True
MCH8735,"Chhabra, Kunda And Sem",Telecom,Partnership,Jalandhar,Punjab,Active,1589.68,1.0,18187.66,18187.66,1.0,0.0,0.0,3.0,9487.54,0.0,0.0,0.0,300.0,52.16,35.0,Medium,True,False,True
MCH1188,M0Rar Ltd,Pharmacy,Individual,Hyderabad,Telangana,Active,1156.7,2.0,19562.15,9781.075,1.0,1.0,0.0,1.0,9117.57,0.0,0.0,50.0,50.0,46.61,35.0,Medium,False,True,True
MCH1812,Om Plc,Restaurants & Food,Sole Proprietor,Amritsar,Punjab,Active,2079.98,2.0,22850.57,11425.285,2.0,0.0,0.0,2.0,8407.779999999999,1.0,0.0,0.0,100.0,36.79,35.0,Medium,False,False,True
MCH2478,"Bala, Sane And Som",Apparel & Fashion,Sole Proprietor,Hyderabad,Telangana,Active,911.53,1.0,4118.49,4118.49,0.0,1.0,0.0,1.0,8382.0,0.0,0.0,100.0,100.0,203.52,35.0,Medium,False,True,True
MCH1611,Karan-Kibe,Grocery,Sole Proprietor,Jalandhar,Punjab,Active,343.64,2.0,28691.14,14345.57,0.0,1.0,0.0,1.0,8214.17,0.0,0.0,50.0,50.0,28.63,35.0,Medium,False,True,True
MCH4651,Bhat-Kamdar,Miscellaneous,Sole Proprietor,Hyderabad,Telangana,Active,718.3,2.0,21183.0,10591.5,1.0,1.0,0.0,1.0,7857.66,0.0,0.0,50.0,50.0,37.09,35.0,Medium,False,True,True
MCH8057,Kalla Group,Medical,Sole Proprietor,Mumbai,Maharashtra,Active,437.01,7.0,64530.979999999996,9218.711428571429,7.0,0.0,0.0,2.0,7161.46,1.0,0.0,0.0,28.57,11.1,35.0,Medium,False,False,True
MCH7030,Shan Ltd,Department Store,Individual,Ludhiana,Punjab,Suspended,466.83,4.0,56084.64,14021.16,3.0,1.0,0.0,1.0,6740.29,0.0,0.0,25.0,25.0,12.02,35.0,Medium,False,True,True
MCH8801,Bedi Inc,Pharmacy,Sole Proprietor,Lucknow,Uttar Pradesh,Active,3479.49,1.0,164.53,164.53,0.0,1.0,0.0,1.0,6649.93,0.0,0.0,100.0,100.0,4041.77,35.0,Medium,False,True,True
MCH1148,Deep-Manda,Transportation,Individual,Amritsar,Punjab,Active,3461.0,2.0,24264.29,12132.145,1.0,1.0,0.0,1.0,6622.0,0.0,0.0,50.0,50.0,27.29,35.0,Medium,False,True,True
MCH5305,Taneja Inc,Hotel & Lodging,Sole Proprietor,Chennai,Tamil Nadu,Active,1731.48,2.0,39988.58,19994.29,1.0,1.0,0.0,1.0,6490.82,0.0,0.0,50.0,50.0,16.23,35.0,Medium,False,True,True
MCH8160,Amble And Sons,Apparel & Fashion,Individual,Jaipur,Rajasthan,Active,5769.95,3.0,21662.73,7220.91,2.0,1.0,0.0,1.0,6282.15,0.0,0.0,33.33,33.33,29.0,35.0,Medium,False,True,True
MCH9937,"Sant, Dada And Biswas",Telecom,Partnership,Hyderabad,Telangana,Inactive,663.0,1.0,5055.38,5055.38,1.0,0.0,0.0,2.0,6109.37,1.0,0.0,0.0,200.0,120.85,35.0,Medium,False,False,True
MCH7297,Kala-Sibal,Department Store,Partnership,Chennai,Tamil Nadu,Active,2004.49,3.0,12530.91,4176.97,2.0,1.0,0.0,1.0,5742.0,0.0,0.0,33.33,33.33,45.82,35.0,Medium,False,True,True
MCH5594,Anne Ltd,Telecom,Private Limited,Hyderabad,Telangana,Active,1557.37,2.0,44224.57,22112.285,1.0,1.0,0.0,1.0,5239.53,0.0,0.0,50.0,50.0,11.85,35.0,Medium,False,True,True
MCH8769,Dara-Keer,Pharmacy,Private Limited,Jaipur,Rajasthan,Active,637.83,4.0,38046.82,9511.705,2.0,1.0,1.0,1.0,5071.86,0.0,0.0,25.0,25.0,13.33,35.0,Medium,False,True,True
MCH9782,Bhardwaj-Varghese,Travel,Individual,Ludhiana,Punjab,Active,1522.0,3.0,40013.36,13337.786666666667,2.0,1.0,0.0,1.0,4883.77,0.0,0.0,33.33,33.33,12.21,35.0,Medium,False,True,True
MCH2327,Kibe-Char,Restaurants & Food,Partnership,Hyderabad,Telangana,Active,848.32,1.0,24722.0,24722.0,0.0,1.0,0.0,1.0,4819.26,0.0,0.0,100.0,100.0,19.49,35.0,Medium,False,True,True
MCH6026,Narayanan-Bhatt,Books & Stationery,Partnership,Hyderabad,Telangana,Active,746.02,2.0,36214.04,18107.02,2.0,0.0,0.0,2.0,4792.0,1.0,0.0,0.0,100.0,13.23,35.0,Medium,False,False,True
MCH3177,"Ping1E, Ra0 And Varty",Travel,Individual,Kolkata,West Bengal,Suspended,1840.14,1.0,1329.06,1329.06,1.0,0.0,0.0,3.0,4604.27,0.0,0.0,0.0,300.0,346.43,35.0,Medium,True,False,True
MCH1211,"Munshi, Pai And Sibal",Retail,Sole Proprietor,Delhi,Delhi,Active,296.16,1.0,11403.34,11403.34,0.0,1.0,0.0,1.0,4466.49,0.0,0.0,100.0,100.0,39.17,35.0,Medium,False,True,True
MCH9290,"Gole, Viswanathan And Brahmbhatt",Hotel & Lodging,Partnership,Ludhiana,Punjab,Inactive,1704.51,2.0,34943.67,17471.835,2.0,0.0,0.0,2.0,4464.2699999999995,1.0,0.0,0.0,100.0,12.78,35.0,Medium,False,False,True
MCH6979,Nadig Ltd,Pharmacy,Sole Proprietor,Chennai,Tamil Nadu,Active,640.32,2.0,24690.68,12345.34,1.0,1.0,0.0,1.0,4457.64,0.0,0.0,50.0,50.0,18.05,35.0,Medium,False,True,True
MCH2274,"Kunda, Vig And Parsa",Miscellaneous,Sole Proprietor,Mumbai,Maharashtra,Active,3028.0,4.0,33557.17,8389.2925,3.0,1.0,0.0,1.0,4360.22,0.0,0.0,25.0,25.0,12.99,35.0,Medium,False,True,True
MCH5972,Mane Ltd,Books & Stationery,Individual,Amritsar,Punjab,Active,644.97,2.0,28369.949999999997,14184.974999999999,1.0,1.0,0.0,1.0,4341.0,0.0,0.0,50.0,50.0,15.3,35.0,Medium,False,True,True
MCH9844,Menon And Sons,Transportation,Sole Proprietor,Mumbai,Maharashtra,Active,1083.0,2.0,33546.990000000005,16773.495000000003,1.0,1.0,0.0,1.0,3905.0,0.0,0.0,50.0,50.0,11.64,35.0,Medium,False,True,True
MCH9642,Sarin Group,Telecom,Individual,Mumbai,Maharashtra,Active,11510.93,3.0,34016.15,11338.716666666667,2.0,1.0,0.0,1.0,3895.0,0.0,0.0,33.33,33.33,11.45,35.0,Medium,False,True,True
MCH7326,"Mandal, Behl And Bhattacharyya",Hotel & Lodging,Sole Proprietor,Chennai,Tamil Nadu,Active,1119.05,2.0,31902.54,15951.27,2.0,0.0,0.0,2.0,3800.84,1.0,0.0,0.0,100.0,11.91,35.0,Medium,False,False,True
MCH5569,"Thaman, Kar And Dass",Miscellaneous,Sole Proprietor,Mumbai,Maharashtra,Inactive,3592.34,3.0,19455.13,6485.043333333334,2.0,1.0,0.0,1.0,3800.57,0.0,0.0,33.33,33.33,19.54,35.0,Medium,False,True,True
MCH2302,"Sekhon, Tak And Dhingra",Books & Stationery,Sole Proprietor,Amritsar,Punjab,Active,852.28,4.0,80759.76999999999,20189.942499999997,3.0,1.0,0.0,1.0,3776.84,0.0,0.0,25.0,25.0,4.68,35.0,Medium,False,True,True
MCH5698,Rana Ltd,Books & Stationery,Private Limited,Chennai,Tamil Nadu,Active,2808.27,2.0,21587.769999999997,10793.884999999998,1.0,1.0,0.0,1.0,3750.2,0.0,0.0,50.0,50.0,17.37,35.0,Medium,False,True,True
MCH9738,Barman-Rastogi,Grocery,Partnership,Chennai,Tamil Nadu,Active,2419.77,3.0,50079.630000000005,16693.210000000003,2.0,1.0,0.0,1.0,3691.3,0.0,0.0,33.33,33.33,7.37,35.0,Medium,False,True,True
MCH4055,Rai Plc,Restaurants & Food,Private Limited,Ludhiana,Punjab,Active,283.42,3.0,20961.54,6987.18,2.0,1.0,0.0,1.0,3506.0,0.0,0.0,33.33,33.33,16.73,35.0,Medium,False,True,True
MCH8672,"Ganguly, Sarin And Merchant",Retail,Individual,Jalandhar,Punjab,Inactive,1816.05,3.0,56383.17,18794.39,3.0,0.0,0.0,2.0,3470.7200000000003,1.0,0.0,0.0,66.67,6.16,35.0,Medium,False,False,True
MCH9661,Ramanathan Group,Hotel & Lodging,Individual,Mumbai,Maharashtra,Active,735.62,3.0,34696.55,11565.516666666668,2.0,1.0,0.0,1.0,3359.61,0.0,0.0,33.33,33.33,9.68,35.0,Medium,False,True,True
MCH2766,Kanda-Brahmbhatt,Department Store,Sole Proprietor,Chennai,Tamil Nadu,Active,1540.08,2.0,9254.72,4627.36,1.0,1.0,0.0,1.0,3311.22,0.0,0.0,50.0,50.0,35.78,35.0,Medium,False,True,True
MCH4326,Morar-Jani,Hotel & Lodging,Partnership,Lucknow,Uttar Pradesh,Active,9768.01,2.0,25995.86,12997.93,2.0,0.0,0.0,2.0,3217.12,1.0,0.0,0.0,100.0,12.38,35.0,Medium,False,False,True
MCH5687,"Prasad, Tank And Char",Transportation,Individual,Ludhiana,Punjab,Active,487.38,1.0,17624.73,17624.73,0.0,1.0,0.0,1.0,2995.87,0.0,0.0,100.0,100.0,17.0,35.0,Medium,False,True,True
MCH8091,"Trivedi, Vohra And Dash",Restaurants & Food,Sole Proprietor,Ludhiana,Punjab,Active,1507.11,2.0,25244.0,12622.0,1.0,1.0,0.0,1.0,2983.97,0.0,0.0,50.0,50.0,11.82,35.0,Medium,False,True,True
MCH9458,Raja Ltd,Retail,Partnership,Amritsar,Punjab,Active,480.87,2.0,28139.33,14069.665,1.0,1.0,0.0,1.0,2732.12,0.0,0.0,50.0,50.0,9.71,35.0,Medium,False,True,True
MCH4355,Sur-Pandit,Apparel & Fashion,Partnership,Lucknow,Uttar Pradesh,Active,,4.0,46407.52,11601.88,3.0,1.0,0.0,1.0,2696.0,0.0,0.0,25.0,25.0,5.81,35.0,Medium,False,True,True
MCH1514,"Lata, Raja And Parsa",Retail,Private Limited,Jalandhar,Punjab,Active,553.18,4.0,48446.43,12111.6075,3.0,1.0,0.0,1.0,2597.6,0.0,0.0,25.0,25.0,5.36,35.0,Medium,False,True,True
MCH5151,Sachar-Lad,Travel,Partnership,Mumbai,Maharashtra,Active,703.87,3.0,38066.89,12688.963333333333,2.0,1.0,0.0,1.0,2565.94,0.0,0.0,33.33,33.33,6.74,35.0,Medium,False,True,True
MCH6228,"Kar, Agarwal And Karpe",Restaurants & Food,Private Limited,Bengaluru,Karnataka,Active,1145.75,3.0,30369.72,10123.24,2.0,1.0,0.0,1.0,2517.56,0.0,0.0,33.33,33.33,8.29,35.0,Medium,False,True,True
MCH4233,Padmanabhan And Sons,Miscellaneous,Sole Proprietor,Ludhiana,Punjab,Active,1697.48,7.0,115990.51999999999,16570.074285714283,5.0,2.0,0.0,1.0,2315.48,0.0,0.0,28.57,14.29,2.0,35.0,Medium,False,True,True
MCH7951,Peri Group,Hotel & Lodging,Sole Proprietor,Jaipur,Rajasthan,Active,,6.0,71437.23,11906.205,6.0,0.0,0.0,2.0,2268.67,1.0,0.0,0.0,33.33,3.18,35.0,Medium,False,False,True
MCH5959,Nigam Group,Books & Stationery,Private Limited,Mumbai,Maharashtra,Inactive,2495.0,5.0,63464.840000000004,12692.968,4.0,1.0,0.0,1.0,2260.38,0.0,0.0,20.0,20.0,3.56,35.0,Medium,False,True,True
MCH2676,Subramanian Inc,Medical,Partnership,Kolkata,West Bengal,Active,1679.3,1.0,18745.65,18745.65,0.0,1.0,0.0,1.0,2225.43,0.0,0.0,100.0,100.0,11.87,35.0,Medium,False,True,True
MCH2914,Sharaf-Tara,Retail,Individual,Kolkata,West Bengal,Active,542.0,2.0,28256.149999999998,14128.074999999999,1.0,1.0,0.0,1.0,2197.15,0.0,0.0,50.0,50.0,7.78,35.0,Medium,False,True,True
MCH9745,Chaudhuri Plc,Apparel & Fashion,Sole Proprietor,Pune,Maharashtra,Inactive,475.31,3.0,37990.16,12663.386666666667,2.0,1.0,0.0,1.0,2183.47,0.0,0.0,33.33,33.33,5.75,35.0,Medium,False,True,True
MCH6985,Devi-Radhakrishnan,Books & Stationery,Individual,Jalandhar,Punjab,Active,694.07,3.0,39138.68,13046.226666666667,2.0,1.0,0.0,1.0,2178.8,0.0,0.0,33.33,33.33,5.57,35.0,Medium,False,True,True
MCH2269,"Dalal, Samra And Kala",Hotel & Lodging,Sole Proprietor,Pune,Maharashtra,Active,,4.0,31000.799999999996,7750.199999999999,3.0,1.0,0.0,1.0,2135.97,0.0,0.0,25.0,25.0,6.89,35.0,Medium,False,True,True
MCH5459,Sachdev Ltd,Apparel & Fashion,Sole Proprietor,Bengaluru,Karnataka,On Hold,1804.28,1.0,19161.02,19161.02,0.0,1.0,0.0,1.0,2072.0,0.0,0.0,100.0,100.0,10.81,35.0,Medium,False,True,True
MCH4353,"Sha, Thaman And Bhasin",Apparel & Fashion,Partnership,Lucknow,Uttar Pradesh,Inactive,,4.0,63038.409999999996,15759.602499999999,3.0,1.0,0.0,1.0,2049.68,0.0,0.0,25.0,25.0,3.25,35.0,Medium,False,True,True
MCH1260,Kothari-Nadkarni,Apparel & Fashion,Private Limited,Lucknow,Uttar Pradesh,Active,2375.4,4.0,50457.42,12614.355,3.0,1.0,0.0,1.0,2025.66,0.0,0.0,25.0,25.0,4.01,35.0,Medium,False,True,True
MCH3292,Sehgal-Kapur,Medical,Private Limited,Jalandhar,Punjab,Active,751.44,5.0,40301.88,8060.375999999999,4.0,1.0,0.0,1.0,2021.11,0.0,0.0,20.0,20.0,5.01,35.0,Medium,False,True,True
MCH3966,Nath-Dixit,Grocery,Partnership,Pune,Maharashtra,Active,1005.47,3.0,40448.37,13482.79,1.0,1.0,1.0,1.0,1933.11,0.0,0.0,33.33,33.33,4.78,35.0,Medium,False,True,True
MCH3988,Barad-Bawa,Hotel & Lodging,Individual,Amritsar,Punjab,Active,602.31,2.0,38665.36,19332.68,1.0,1.0,0.0,1.0,1923.55,0.0,0.0,50.0,50.0,4.97,35.0,Medium,False,True,True
MCH9098,Manda And Sons,Restaurants & Food,Partnership,Bengaluru,Karnataka,Active,870.0,1.0,7121.0,7121.0,0.0,1.0,0.0,1.0,1908.75,0.0,0.0,100.0,100.0,26.8,35.0,Medium,False,True,True
MCH5701,"Lad, Thakkar And Nazareth",Transportation,Private Limited,Kolkata,West Bengal,Active,1254.73,4.0,67510.12,16877.53,3.0,1.0,0.0,1.0,1895.66,0.0,0.0,25.0,25.0,2.81,35.0,Medium,False,True,True
MCH8136,Bora Inc,Hotel & Lodging,Sole Proprietor,Amritsar,Punjab,Inactive,635.0,4.0,30123.07,7530.7675,2.0,1.0,0.0,1.0,1894.93,0.0,0.0,25.0,25.0,6.29,35.0,Medium,False,True,True
MCH6492,Peri Llc,Pharmacy,Individual,Mumbai,Maharashtra,Active,3574.25,1.0,4539.0,4539.0,1.0,0.0,0.0,2.0,1838.83,1.0,0.0,0.0,200.0,40.51,35.0,Medium,False,False,True
MCH1439,Chawla Ltd,Transportation,Individual,Chennai,Tamil Nadu,Active,6190.53,5.0,35469.380000000005,7093.876000000001,4.0,1.0,0.0,1.0,1707.55,0.0,0.0,20.0,20.0,4.81,35.0,Medium,False,True,True
MCH3288,Kuruvilla-Kala,Telecom,Partnership,Kolkata,West Bengal,Active,,5.0,49068.74,9813.748,4.0,1.0,0.0,1.0,1550.0,0.0,0.0,20.0,20.0,3.16,35.0,Medium,False,True,True
MCH5900,Sarraf-Nagar,Pharmacy,Sole Proprietor,Kolkata,West Bengal,Active,380.94,1.0,13009.32,13009.32,0.0,0.0,1.0,2.0,1549.27,1.0,0.0,0.0,200.0,11.91,35.0,Medium,False,False,True
MCH8935,Tella-Bawa,Transportation,Individual,Jaipur,Rajasthan,Active,997.56,3.0,32384.49,10794.83,2.0,1.0,0.0,1.0,1537.87,0.0,0.0,33.33,33.33,4.75,35.0,Medium,False,True,True
MCH7233,Arora Llc,Apparel & Fashion,Individual,Ludhiana,Punjab,Active,2703.6,1.0,10203.04,10203.04,0.0,1.0,0.0,1.0,1495.59,0.0,0.0,100.0,100.0,14.66,35.0,Medium,False,True,True
MCH6446,Contractor Llc,Department Store,Individual,Jaipur,Rajasthan,Active,1356.41,4.0,20472.980000000003,5118.245000000001,3.0,1.0,0.0,1.0,1477.28,0.0,0.0,25.0,25.0,7.22,35.0,Medium,False,True,True
MCH7306,Devi-Narang,Transportation,Individual,Delhi,Delhi,Active,539.76,4.0,94863.98,23715.995,3.0,1.0,0.0,1.0,1472.83,0.0,0.0,25.0,25.0,1.55,35.0,Medium,False,True,True
MCH1883,"Bahl, Kashyap And Sibal",Restaurants & Food,Private Limited,Jalandhar,Punjab,Active,,2.0,38737.85,19368.925,1.0,1.0,0.0,1.0,1472.04,0.0,0.0,50.0,50.0,3.8,35.0,Medium,False,True,True
MCH6889,Vala Plc,Department Store,Sole Proprietor,Ludhiana,Punjab,Active,2028.13,4.0,53844.75,13461.1875,2.0,1.0,0.0,1.0,1421.26,0.0,0.0,25.0,25.0,2.64,35.0,Medium,False,True,True
MCH4082,Khurana Inc,Miscellaneous,Private Limited,Delhi,Delhi,Inactive,288.7,3.0,49876.47,16625.49,2.0,1.0,0.0,1.0,1412.21,0.0,0.0,33.33,33.33,2.83,35.0,Medium,False,True,True
MCH1683,"Sampath, Anne And Madan",Restaurants & Food,Partnership,Chennai,Tamil Nadu,Active,2458.98,4.0,57129.6,14282.4,3.0,1.0,0.0,1.0,1407.0,0.0,0.0,25.0,25.0,2.46,35.0,Medium,False,True,True
MCH6675,Vora And Sons,Apparel & Fashion,Partnership,Ludhiana,Punjab,Active,769.28,2.0,39390.81,19695.405,0.0,1.0,1.0,1.0,1342.39,0.0,0.0,50.0,50.0,3.41,35.0,Medium,False,True,True
MCH3990,Dey-Chaudhari,Pharmacy,Individual,Chennai,Tamil Nadu,Active,,2.0,16897.18,8448.59,1.0,1.0,0.0,1.0,1327.87,0.0,0.0,50.0,50.0,7.86,35.0,Medium,False,True,True
MCH1887,Peri Inc,Department Store,Private Limited,Bengaluru,Karnataka,Active,2706.7,6.0,57951.93,9658.655,4.0,2.0,0.0,1.0,1294.7,0.0,0.0,33.33,16.67,2.23,35.0,Medium,False,True,True
MCH2223,Dhaliwal Llc,Telecom,Individual,Mumbai,Maharashtra,Active,543.88,1.0,1864.0,1864.0,0.0,1.0,0.0,1.0,1262.32,0.0,0.0,100.0,100.0,67.72,35.0,Medium,False,True,True
MCH2718,"Krishna, Prabhu And Kara",Hotel & Lodging,Individual,Bengaluru,Karnataka,Active,529.14,3.0,13695.45,4565.150000000001,2.0,1.0,0.0,1.0,1246.25,0.0,0.0,33.33,33.33,9.1,35.0,Medium,False,True,True
MCH2016,"Amble, Yadav And Dube",Miscellaneous,Partnership,Kolkata,West Bengal,On Hold,10324.69,3.0,25181.46,8393.82,1.0,2.0,0.0,1.0,1208.71,0.0,0.0,66.67,33.33,4.8,35.0,Medium,False,True,True
MCH2398,Kapur-Dani,Department Store,Individual,Chennai,Tamil Nadu,Active,711.05,5.0,63254.19,12650.838,4.0,1.0,0.0,1.0,1195.47,0.0,0.0,20.0,20.0,1.89,35.0,Medium,False,True,True
MCH2576,"Shan,Semandpau",Department Store,Partnership,Hyderabad,Telangana,Active,472.21,3.0,28478.69,9492.896666666666,2.0,1.0,0.0,1.0,1171.85,0.0,0.0,33.33,33.33,4.11,35.0,Medium,False,True,True
MCH9228,Ram Inc,Miscellaneous,Individual,Hyderabad,Telangana,Active,1661.79,2.0,12282.939999999999,6141.469999999999,1.0,1.0,0.0,1.0,1170.0,0.0,0.0,50.0,50.0,9.53,35.0,Medium,False,True,True
MCH4022,Varughese-Taneja,Apparel & Fashion,Individual,Bengaluru,Karnataka,Suspended,724.48,1.0,7420.42,7420.42,0.0,1.0,0.0,1.0,1142.21,0.0,0.0,100.0,100.0,15.39,35.0,Medium,False,True,True
MCH4037,Chaudhuri Llc,Department Store,Individual,Hyderabad,Telangana,Active,,5.0,91550.54,18310.108,4.0,1.0,0.0,1.0,1125.73,0.0,0.0,20.0,20.0,1.23,35.0,Medium,False,True,True
MCH8433,"Gill, Taneja And Bhardwaj",Grocery,Individual,Lucknow,Uttar Pradesh,Suspended,5465.01,3.0,43538.17,14512.723333333333,2.0,1.0,0.0,1.0,1017.95,0.0,0.0,33.33,33.33,2.34,35.0,Medium,False,True,True
MCH7033,Mani And Sons,Apparel & Fashion,Partnership,Mumbai,Maharashtra,Active,2767.54,5.0,93932.12,18786.424,4.0,1.0,0.0,1.0,1004.64,0.0,0.0,20.0,20.0,1.07,35.0,Medium,False,True,True
MCH4720,Sha Ltd,Grocery,Partnership,Chennai,Tamil Nadu,Active,874.68,2.0,43991.72,21995.86,1.0,1.0,0.0,1.0,891.13,0.0,0.0,50.0,50.0,2.03,35.0,Medium,False,True,True
MCH1811,Varkey Inc,Department Store,Sole Proprietor,Bengaluru,Karnataka,Active,592.0,1.0,21159.49,21159.49,1.0,0.0,0.0,2.0,883.5,1.0,0.0,0.0,200.0,4.18,35.0,Medium,False,False,True
MCH8789,"Pingle,Nadigandnarula",Restaurants & Food,Individual,Ludhiana,Punjab,Active,,3.0,45124.49,15041.496666666666,2.0,1.0,0.0,1.0,841.93,0.0,0.0,33.33,33.33,1.87,35.0,Medium,False,True,True
MCH9988,"Johal, Padmanabhan And Sagar",Medical,Individual,Delhi,Delhi,Active,1620.14,2.0,37463.850000000006,18731.925000000003,1.0,1.0,0.0,1.0,834.87,0.0,0.0,50.0,50.0,2.23,35.0,Medium,False,True,True
MCH7137,Krishna-Palan,Telecom,Partnership,Ludhiana,Punjab,Active,,2.0,23979.19,11989.595,1.0,1.0,0.0,1.0,824.94,0.0,0.0,50.0,50.0,3.44,35.0,Medium,False,True,True
MCH4495,"Nadig, Gade And Jha",Books & Stationery,Partnership,Hyderabad,Telangana,Active,1329.61,2.0,24869.17,12434.585,1.0,1.0,0.0,1.0,767.56,0.0,0.0,50.0,50.0,3.09,35.0,Medium,False,True,True
MCH3416,"Rau, Baral And Karan",Telecom,Private Limited,Ludhiana,Punjab,Active,894.0,3.0,39233.3,13077.766666666668,2.0,1.0,0.0,1.0,756.59,0.0,0.0,33.33,33.33,1.93,35.0,Medium,False,True,True
MCH2441,Bhatnagar Plc,Telecom,Individual,Jaipur,Rajasthan,Active,1789.0,1.0,19571.0,19571.0,0.0,1.0,0.0,1.0,687.73,0.0,0.0,100.0,100.0,3.51,35.0,Medium,False,True,True
MCH8798,Ch0Wdhury-Su1E,Department Store,Individual,Jalandhar,Punjab,Active,207.92,1.0,20313.72,20313.72,0.0,1.0,0.0,1.0,687.06,0.0,0.0,100.0,100.0,3.38,35.0,Medium,False,True,True
MCH2407,Chaudhry Plc,Pharmacy,Private Limited,Pune,Maharashtra,Active,5215.07,3.0,43472.82,14490.94,2.0,1.0,0.0,1.0,637.61,0.0,0.0,33.33,33.33,1.47,35.0,Medium,False,True,True
MCH9995,Ben-Krish,Retail,Sole Proprietor,Pune,Maharashtra,Active,2919.94,2.0,19191.4,9595.7,1.0,1.0,0.0,1.0,550.29,0.0,0.0,50.0,50.0,2.87,35.0,Medium,False,True,True
MCH9625,Tripathi Plc,Telecom,Private Limited,Amritsar,Punjab,Active,,3.0,29338.25,9779.416666666666,1.0,1.0,0.0,1.0,532.41,0.0,0.0,33.33,33.33,1.81,35.0,Medium,False,True,True
MCH4246,Rama-Dasgupta,Retail,Individual,Amritsar,Punjab,Active,2336.28,2.0,19860.64,9930.32,1.0,1.0,0.0,1.0,508.21,0.0,0.0,50.0,50.0,2.56,35.0,Medium,False,True,True
MCH6508,Varty Inc,Pharmacy,Individual,Jalandhar,Punjab,Active,3434.37,5.0,78513.84,15702.768,4.0,1.0,0.0,1.0,494.63,0.0,0.0,20.0,20.0,0.63,35.0,Medium,False,True,True
MCH1529,"Sangha,Banerjeeandsengupta",Hotel & Lodging,Private Limited,Ludhiana,Punjab,Inactive,1257.59,1.0,15331.56,15331.56,0.0,1.0,0.0,1.0,493.48,0.0,0.0,100.0,100.0,3.22,35.0,Medium,False,True,True
MCH8730,"Bhasin, Mall And Sarraf",Miscellaneous,Private Limited,Jalandhar,Punjab,Active,937.7,2.0,21982.09,10991.045,1.0,1.0,0.0,1.0,459.43,0.0,0.0,50.0,50.0,2.09,35.0,Medium,False,True,True
MCH4948,Dass-Dhaliwal,Restaurants & Food,Partnership,Jalandhar,Punjab,Active,,3.0,26014.0,8671.333333333334,3.0,0.0,0.0,2.0,411.83,1.0,0.0,0.0,66.67,1.58,35.0,Medium,False,False,True
MCH9762,Kara Llc,Miscellaneous,Individual,Delhi,Delhi,Active,413.17,2.0,7491.35,3745.675,1.0,1.0,0.0,1.0,409.07,0.0,0.0,50.0,50.0,5.46,35.0,Medium,False,True,True
MCH4062,Rana Group,Miscellaneous,Individual,Mumbai,Maharashtra,Inactive,1544.23,2.0,29990.62,14995.31,2.0,0.0,0.0,2.0,377.11,1.0,0.0,0.0,100.0,1.26,35.0,Medium,False,False,True
MCH8078,Thaman-Ganguly,Pharmacy,Sole Proprietor,Mumbai,Maharashtra,Active,1158.31,3.0,32435.0,10811.666666666666,2.0,1.0,0.0,1.0,277.65,0.0,0.0,33.33,33.33,0.86,35.0,Medium,False,True,True
MCH1665,Salvi Group,Apparel & Fashion,Individual,Bengaluru,Karnataka,Active,946.53,4.0,64390.04,16097.51,3.0,1.0,0.0,1.0,268.44,0.0,0.0,25.0,25.0,0.42,35.0,Medium,False,True,True
MCH8928,Deo Plc,Transportation,Partnership,Chennai,Tamil Nadu,Active,1547.93,2.0,26633.05,13316.525,2.0,0.0,0.0,2.0,0.0,1.0,0.0,0.0,100.0,0.0,35.0,Medium,False,False,True
MCH1653,Mitra Inc,Hotel & Lodging,Sole Proprietor,Chennai,Tamil Nadu,Active,1669.53,2.0,23881.15,11940.575,1.0,1.0,0.0,1.0,0.0,0.0,0.0,50.0,50.0,0.0,35.0,Medium,False,True,True
MCH2723,Purohit-Dani,Restaurants & Food,Individual,Amritsar,Punjab,Active,1384.67,5.0,54373.65,10874.73,3.0,1.0,1.0,1.0,0.0,0.0,0.0,20.0,20.0,0.0,35.0,Medium,False,True,True
MCH3281,Ranganathan And Sons,Retail,Partnership,Kolkata,West Bengal,Active,,3.0,32961.520000000004,10987.173333333334,2.0,1.0,0.0,1.0,0.0,0.0,0.0,33.33,33.33,0.0,35.0,Medium,False,True,True
MCH3548,"Bhakta, Dhaliwal And Comar",Telecom,Individual,Jaipur,Rajasthan,Active,1931.09,3.0,60618.7,20206.233333333334,2.0,1.0,0.0,1.0,0.0,0.0,0.0,33.33,33.33,0.0,35.0,Medium,False,True,True
MCH4051,Desai-Tank,Restaurants & Food,Partnership,Lucknow,Uttar Pradesh,Active,389.0,4.0,26764.39,6691.0975,3.0,1.0,0.0,1.0,0.0,0.0,0.0,25.0,25.0,0.0,35.0,Medium,False,True,True
MCH4375,"Mani, Pillai And Soman",Department Store,Sole Proprietor,Lucknow,Uttar Pradesh,Active,1050.41,3.0,26856.190000000002,8952.063333333334,2.0,1.0,0.0,1.0,0.0,0.0,0.0,33.33,33.33,0.0,35.0,Medium,False,True,True
MCH4521,Raman Plc,Apparel & Fashion,Private Limited,Hyderabad,Telangana,Active,4397.68,3.0,39438.149999999994,13146.049999999997,2.0,1.0,0.0,1.0,0.0,0.0,0.0,33.33,33.33,0.0,35.0,Medium,False,True,True
MCH5904,Karan Ltd,Apparel & Fashion,Sole Proprietor,Bengaluru,Karnataka,Active,1441.0,4.0,47543.28,11885.82,2.0,2.0,0.0,1.0,0.0,0.0,0.0,50.0,25.0,0.0,35.0,Medium,False,True,True
MCH6626,Zacharia-Kapadia,Pharmacy,Private Limited,Lucknow,Uttar Pradesh,Inactive,2864.89,2.0,41895.85,20947.925,1.0,1.0,0.0,1.0,0.0,0.0,0.0,50.0,50.0,0.0,35.0,Medium,False,True,True
MCH7810,Bora-Chawla,Books & Stationery,Individual,Amritsar,Punjab,Active,631.58,4.0,27856.21,6964.0525,2.0,2.0,0.0,1.0,0.0,0.0,0.0,50.0,25.0,0.0,35.0,Medium,False,True,True
MCH8634,Palla-Brar,Medical,Partnership,Jalandhar,Punjab,Active,843.2,1.0,20176.07,20176.07,0.0,1.0,0.0,1.0,0.0,0.0,0.0,100.0,100.0,0.0,35.0,Medium,False,True,True
MCH9120,Sood Ltd,Hotel & Lodging,Sole Proprietor,Mumbai,Maharashtra,Active,680.9,4.0,34284.72,8571.18,3.0,1.0,0.0,1.0,0.0,0.0,0.0,25.0,25.0,0.0,35.0,Medium,False,True,True
MCH9199,Goda-Patel,Telecom,Partnership,Lucknow,Uttar Pradesh,Active,992.24,2.0,18458.8,9229.4,1.0,1.0,0.0,1.0,0.0,0.0,0.0,50.0,50.0,0.0,35.0,Medium,False,True,True
MCH9457,"Grover, Deep And Subramaniam",Travel,Partnership,Bengaluru,Karnataka,Active,276.66,4.0,34282.37,8570.5925,3.0,1.0,0.0,1.0,0.0,0.0,0.0,25.0,25.0,0.0,35.0,Medium,False,True,True
MCH8602,Raghavan-Ah1Uwa1Ia,Grocery,Individual,Chennai,Tamil Nadu,Active,,1.0,14828.69,14828.69,1.0,0.0,0.0,1.0,45384.61,1.0,0.0,0.0,100.0,306.06,30.0,Medium,False,False,True
MCH6665,Wadhwainc,Department Store,Private Limited,Delhi,Delhi,Active,1714.72,4.0,49183.67,12295.9175,4.0,0.0,0.0,1.0,26477.69,1.0,0.0,0.0,25.0,53.83,30.0,Medium,False,False,True
MCH1674,Kari-Tara,Telecom,Partnership,Mumbai,Maharashtra,Active,1266.21,0.0,0.0,0.0,0.0,0.0,0.0,2.0,22132.170000000002,2.0,1.0,0,0,0,30.0,Medium,False,False,False
MCH8405,Roy Ltd,Apparel & Fashion,Private Limited,Kolkata,West Bengal,Inactive,1147.53,4.0,66650.37,16662.5925,3.0,0.0,0.0,1.0,16244.17,1.0,0.0,0.0,25.0,24.37,30.0,Medium,False,False,True
MCH7383,Mander Llc,Miscellaneous,Sole Proprietor,Hyderabad,Telangana,Active,2244.22,2.0,30901.72,15450.86,1.0,0.0,0.0,2.0,15390.06,0.0,0.0,0.0,100.0,49.8,30.0,Medium,False,False,True
MCH9582,"Aggarwal, Morar And Vohra",Telecom,Private Limited,Chennai,Tamil Nadu,Active,2012.0,1.0,152.97,152.97,1.0,0.0,0.0,2.0,13306.35,0.0,0.0,0.0,200.0,8698.67,30.0,Medium,False,False,True
MCH9223,D’Alia-Hans,Apparel & Fashion,Partnership,Chennai,Tamil Nadu,Active,376.0,1.0,20981.0,20981.0,1.0,0.0,0.0,1.0,10848.72,1.0,0.0,0.0,100.0,51.71,30.0,Medium,False,False,True
MCH3341,Ramesh Inc,Pharmacy,Individual,Mumbai,Maharashtra,Active,1745.15,2.0,8238.17,4119.085,2.0,0.0,0.0,2.0,9945.79,0.0,0.0,0.0,100.0,120.73,30.0,Medium,False,False,True
MCH3327,Balay Ltd,Medical,Partnership,Amritsar,Punjab,Active,799.92,1.0,9954.95,9954.95,1.0,0.0,0.0,2.0,9812.24,0.0,0.0,0.0,200.0,98.57,30.0,Medium,False,False,True
MCH8681,Suri Ltd,Apparel & Fashion,Partnership,Jalandhar,Punjab,Active,1034.26,2.0,37058.850000000006,18529.425000000003,2.0,0.0,0.0,1.0,9736.35,1.0,0.0,0.0,50.0,26.27,30.0,Medium,False,False,True
MCH5805,Natarajan-Walla,Transportation,Partnership,Ludhiana,Punjab,Active,449.15,2.0,11855.89,5927.945,2.0,0.0,0.0,2.0,8937.75,0.0,0.0,0.0,100.0,75.39,30.0,Medium,False,False,True
MCH3765,Mohanty Llc,Department Store,Partnership,Hyderabad,Telangana,Active,1911.75,6.0,70761.3,11793.550000000001,6.0,0.0,0.0,2.0,8814.29,0.0,0.0,0.0,33.33,12.46,30.0,Medium,False,False,True
MCH8643,"Kota, Aurora And Dugal",Apparel & Fashion,Sole Proprietor,Delhi,Delhi,Active,1011.23,3.0,30959.28,10319.76,3.0,0.0,0.0,1.0,8787.96,1.0,0.0,0.0,33.33,28.39,30.0,Medium,False,False,True
MCH1185,"Buch, Barad And Toor",Miscellaneous,Partnership,Jalandhar,Punjab,Active,2955.34,2.0,32752.04,16376.02,2.0,0.0,0.0,1.0,8630.24,1.0,0.0,0.0,50.0,26.35,30.0,Medium,False,False,True
MCH9423,Apte Group,Hotel & Lodging,Sole Proprietor,Chennai,Tamil Nadu,Active,3132.43,2.0,33640.29,16820.145,2.0,0.0,0.0,1.0,8028.0,1.0,0.0,0.0,50.0,23.86,30.0,Medium,False,False,True
MCH6498,Peri-Saran,Miscellaneous,Private Limited,Kolkata,West Bengal,Active,7077.96,3.0,38279.45,12759.816666666666,3.0,0.0,0.0,2.0,7749.950000000001,0.0,0.0,0.0,66.67,20.25,30.0,Medium,False,False,True
MCH3684,Chahal-Reddy,Grocery,Partnership,Delhi,Delhi,Active,629.48,3.0,37211.77,12403.923333333332,3.0,0.0,0.0,2.0,7570.6,0.0,0.0,0.0,66.67,20.34,30.0,Medium,False,False,True
MCH4352,Suri Ltd,Medical,Individual,Lucknow,Uttar Pradesh,Active,,2.0,12913.68,6456.84,2.0,0.0,0.0,1.0,7505.86,1.0,0.0,0.0,50.0,58.12,30.0,Medium,False,False,True
MCH6359,Pai-Dada,Travel,Individual,Jaipur,Rajasthan,Active,484.0,2.0,23408.8,11704.4,2.0,0.0,0.0,2.0,7128.31,0.0,0.0,0.0,100.0,30.45,30.0,Medium,False,False,True
MCH7194,Shan And S0Ns,Transportation,Individual,Ludhiana,Punjab,Active,983.19,1.0,18138.05,18138.05,1.0,0.0,0.0,1.0,6862.58,1.0,0.0,0.0,100.0,37.84,30.0,Medium,False,False,True
MCH5064,Pandey-Sangha,Apparel & Fashion,Sole Proprietor,Bengaluru,Karnataka,Active,2028.77,3.0,65789.6,21929.86666666667,3.0,0.0,0.0,1.0,6694.94,1.0,0.0,0.0,33.33,10.18,30.0,Medium,False,False,True
MCH4529,Varkey-Pant,Apparel & Fashion,Private Limited,Ludhiana,Punjab,Active,1710.62,2.0,18935.83,9467.915,2.0,0.0,0.0,1.0,6251.19,1.0,0.0,0.0,50.0,33.01,30.0,Medium,False,False,True
MCH5410,Ganesh Llc,Hotel & Lodging,Partnership,Delhi,Delhi,Active,1114.19,2.0,16464.85,8232.425,2.0,0.0,0.0,1.0,6019.31,1.0,0.0,0.0,50.0,36.56,30.0,Medium,False,False,True
MCH8714,Guptagroup,Pharmacy,Sole Proprietor,Pune,Maharashtra,Inactive,569.38,3.0,51468.34,17156.11333333333,3.0,0.0,0.0,2.0,5800.55,0.0,0.0,0.0,66.67,11.27,30.0,Medium,False,False,True
MCH7667,Solanki Llc,Telecom,Sole Proprietor,Lucknow,Uttar Pradesh,Active,1620.69,2.0,19443.98,9721.99,2.0,0.0,0.0,2.0,5667.15,0.0,0.0,0.0,100.0,29.15,30.0,Medium,False,False,True
MCH5294,Bhakta Group,Telecom,Private Limited,Jaipur,Rajasthan,Active,765.13,1.0,1436.91,1436.91,1.0,0.0,0.0,2.0,5535.85,0.0,0.0,0.0,200.0,385.26,30.0,Medium,False,False,True
MCH8920,"Parekh, Srivastava And Choudhury",Department Store,Private Limited,Delhi,Delhi,Active,19788.99,2.0,18085.0,9042.5,2.0,0.0,0.0,1.0,5439.35,1.0,0.0,0.0,50.0,30.08,30.0,Medium,False,False,True
MCH3896,"Bansal, Thakkar And Dar",Books & Stationery,Sole Proprietor,Bengaluru,Karnataka,Active,,3.0,45899.93,15299.976666666667,3.0,0.0,0.0,2.0,5341.48,0.0,0.0,0.0,66.67,11.64,30.0,Medium,False,False,True
MCH7017,"Roy, Khosla And Oak",Miscellaneous,Sole Proprietor,Lucknow,Uttar Pradesh,Active,952.71,0.0,0.0,0.0,0.0,0.0,0.0,2.0,5341.0,2.0,1.0,0,0,0,30.0,Medium,False,False,False
MCH7048,Manda Inc,Books & Stationery,Sole Proprietor,Kolkata,West Bengal,Active,776.0,2.0,30106.85,15053.425,2.0,0.0,0.0,1.0,5331.95,1.0,0.0,0.0,50.0,17.71,30.0,Medium,False,False,True
MCH7020,Dalal Llc,Department Store,Partnership,Chennai,Tamil Nadu,Active,1105.4,2.0,26187.0,13093.5,2.0,0.0,0.0,2.0,5327.63,0.0,0.0,0.0,100.0,20.34,30.0,Medium,False,False,True
MCH4370,Kuruvilla And Sons,Miscellaneous,Individual,Mumbai,Maharashtra,Active,,1.0,5729.0,5729.0,1.0,0.0,0.0,1.0,5233.09,1.0,0.0,0.0,100.0,91.34,30.0,Medium,False,False,True
MCH9176,Jayaraman Plc,Department Store,Private Limited,Jalandhar,Punjab,Suspended,609.42,3.0,39250.909999999996,13083.636666666665,3.0,0.0,0.0,2.0,5067.95,0.0,0.0,0.0,66.67,12.91,30.0,Medium,False,False,True
MCH1101,Mangal Inc,Medical,Individual,Chennai,Tamil Nadu,Active,2025.16,1.0,13714.54,13714.54,1.0,0.0,0.0,2.0,5055.03,0.0,0.0,0.0,200.0,36.86,30.0,Medium,False,False,True
MCH4717,Bir Ltd,Transportation,Private Limited,Chennai,Tamil Nadu,Active,7107.16,1.0,15305.86,15305.86,0.0,0.0,0.0,1.0,4940.23,1.0,0.0,0.0,100.0,32.28,30.0,Medium,False,False,True
MCH3252,"Patel, Saran And Bala",Apparel & Fashion,Individual,Pune,Maharashtra,Active,1917.91,2.0,22003.71,11001.855,2.0,0.0,0.0,1.0,4608.0,1.0,0.0,0.0,50.0,20.94,30.0,Medium,False,False,True
MCH8058,"Jayaraman, Pall And Goel",Pharmacy,Partnership,Kolkata,West Bengal,Active,1476.23,2.0,30375.52,15187.76,2.0,0.0,0.0,1.0,4597.83,1.0,0.0,0.0,50.0,15.14,30.0,Medium,False,False,True
MCH4909,"Sharaf, Lalla And Rattan",Books & Stationery,Sole Proprietor,Kolkata,West Bengal,Active,650.04,5.0,73642.79000000001,14728.558,4.0,0.0,1.0,2.0,4502.7,0.0,0.0,0.0,40.0,6.11,30.0,Medium,False,False,True
MCH6555,Tata-Bajwa,Retail,Partnership,Lucknow,Uttar Pradesh,On Hold,3890.0,3.0,19289.07,6429.69,3.0,0.0,0.0,2.0,4431.9,0.0,0.0,0.0,66.67,22.98,30.0,Medium,False,False,True
MCH2818,Sibal Inc,Grocery,Sole Proprietor,Jalandhar,Punjab,Active,600.04,1.0,4666.47,4666.47,1.0,0.0,0.0,1.0,4366.91,1.0,0.0,0.0,100.0,93.58,30.0,Medium,False,False,True
MCH5684,Arora Plc,Apparel & Fashion,Sole Proprietor,Kolkata,West Bengal,Active,898.89,1.0,4006.23,4006.23,1.0,0.0,0.0,1.0,4335.54,1.0,0.0,0.0,100.0,108.22,30.0,Medium,False,False,True
MCH1395,Venkatesh Llc,Restaurants & Food,Partnership,Lucknow,Uttar Pradesh,Active,641.0,1.0,105.72,105.72,1.0,0.0,0.0,1.0,4273.42,1.0,0.0,0.0,100.0,4042.21,30.0,Medium,False,False,True
MCH6056,Iyengar-Hegde,Transportation,Partnership,Amritsar,Punjab,Active,1004.69,3.0,38215.25,12738.416666666666,3.0,0.0,0.0,2.0,4166.360000000001,0.0,0.0,0.0,66.67,10.9,30.0,Medium,False,False,True
MCH5303,Walla Inc,Department Store,Private Limited,Chennai,Tamil Nadu,Active,1019.0,2.0,19758.13,9879.065,2.0,0.0,0.0,1.0,3834.0,1.0,0.0,0.0,50.0,19.4,30.0,Medium,False,False,True
MCH6418,Doctor Ltd,Hotel & Lodging,Sole Proprietor,Jalandhar,Punjab,Active,1362.45,3.0,28119.22,9373.073333333334,3.0,0.0,0.0,2.0,3821.1099999999997,0.0,0.0,0.0,66.67,13.59,30.0,Medium,False,False,True
MCH7394,Brahmbhatt Plc,Restaurants & Food,Private Limited,Delhi,Delhi,Active,3620.77,3.0,41638.950000000004,13879.650000000001,3.0,0.0,0.0,1.0,3655.6,1.0,0.0,0.0,33.33,8.78,30.0,Medium,False,False,True
MCH1477,Ahluwalia-Devan,Medical,Partnership,Jaipur,Rajasthan,Active,551.17,2.0,26984.47,13492.235,2.0,0.0,0.0,2.0,3536.48,0.0,0.0,0.0,100.0,13.11,30.0,Medium,False,False,True
MCH8765,"Kamdar, Sehgal And Tata",Grocery,Partnership,Delhi,Delhi,Active,4863.17,2.0,45971.25,22985.625,2.0,0.0,0.0,1.0,3487.78,1.0,0.0,0.0,50.0,7.59,30.0,Medium,False,False,True
MCH1818,Bakshi-Golla,Apparel & Fashion,Private Limited,Kolkata,West Bengal,Active,4859.19,3.0,44536.149999999994,14845.383333333331,3.0,0.0,0.0,1.0,3464.25,1.0,0.0,0.0,33.33,7.78,30.0,Medium,False,False,True
MCH5237,Deep-Raja,Miscellaneous,Individual,Mumbai,Maharashtra,Active,986.24,4.0,35501.939999999995,8875.484999999999,4.0,0.0,0.0,2.0,3453.92,0.0,0.0,0.0,50.0,9.73,30.0,Medium,False,False,True
MCH9821,Natt-Kibe,Apparel & Fashion,Private Limited,Chennai,Tamil Nadu,Active,4072.48,1.0,7089.58,7089.58,1.0,0.0,0.0,1.0,3429.16,1.0,0.0,0.0,100.0,48.37,30.0,Medium,False,False,True
MCH2078,Chada-Dubey,Department Store,Individual,Bengaluru,Karnataka,Active,1915.85,3.0,37778.36,12592.786666666667,3.0,0.0,0.0,1.0,3377.0,1.0,0.0,0.0,33.33,8.94,30.0,Medium,False,False,True
MCH5200,Saha Plc,Transportation,Private Limited,Ludhiana,Punjab,Active,913.24,3.0,68590.08,22863.36,3.0,0.0,0.0,1.0,3352.04,1.0,0.0,0.0,33.33,4.89,30.0,Medium,False,False,True
MCH2037,Kadakia Llc,Grocery,Partnership,Delhi,Delhi,Active,426.54,3.0,51255.67,17085.22333333333,3.0,0.0,0.0,1.0,3309.31,1.0,0.0,0.0,33.33,6.46,30.0,Medium,False,False,True
MCH8203,Lad-Suresh,Miscellaneous,Partnership,Ludhiana,Punjab,Active,937.0,3.0,50144.14,16714.713333333333,3.0,0.0,0.0,2.0,3158.25,0.0,0.0,0.0,66.67,6.3,30.0,Medium,False,False,True
MCH1518,Saini-Gole,Miscellaneous,Private Limited,Jalandhar,Punjab,Active,957.31,1.0,15387.54,15387.54,1.0,0.0,0.0,1.0,3127.19,1.0,0.0,0.0,100.0,20.32,30.0,Medium,False,False,True
MCH6984,Wadhwa Llc,Grocery,Individual,Pune,Maharashtra,Active,542.76,2.0,6651.280000000001,3325.6400000000003,2.0,0.0,0.0,1.0,3107.14,1.0,0.0,0.0,50.0,46.71,30.0,Medium,False,False,True
MCH2102,"Mand, Bobal And Saini",Restaurants & Food,Individual,Ludhiana,Punjab,Active,,2.0,30206.34,15103.17,2.0,0.0,0.0,1.0,3064.59,1.0,0.0,0.0,50.0,10.15,30.0,Medium,False,False,True
MCH3941,Bassi-Deshmukh,Telecom,Individual,Amritsar,Punjab,Active,979.98,3.0,41438.38,13812.793333333333,3.0,0.0,0.0,1.0,2947.75,1.0,0.0,0.0,33.33,7.11,30.0,Medium,False,False,True
MCH6953,Khurana-Prabhakar,Books & Stationery,Partnership,Hyderabad,Telangana,Active,,2.0,14834.01,7417.005,2.0,0.0,0.0,2.0,2755.91,0.0,0.0,0.0,100.0,18.58,30.0,Medium,False,False,True
MCH8727,Vig-Mann,Miscellaneous,Partnership,Delhi,Delhi,Active,157.65,2.0,23753.18,11876.59,2.0,0.0,0.0,1.0,2605.0,1.0,0.0,0.0,50.0,10.97,30.0,Medium,False,False,True
MCH4943,Sawhney-Dugar,Hotel & Lodging,Sole Proprietor,Chennai,Tamil Nadu,Inactive,470.52,2.0,40528.18,20264.09,2.0,0.0,0.0,1.0,2573.59,1.0,0.0,0.0,50.0,6.35,30.0,Medium,False,False,True
MCH6502,Mall Plc,Miscellaneous,Sole Proprietor,Chennai,Tamil Nadu,Inactive,1695.37,1.0,45.69,45.69,1.0,0.0,0.0,1.0,2553.0,1.0,0.0,0.0,100.0,5587.66,30.0,Medium,False,False,True
MCH5245,"Bhatt, Kakar And Boase",Retail,Individual,Jalandhar,Punjab,Active,2923.74,1.0,9148.36,9148.36,1.0,0.0,0.0,1.0,2534.0,1.0,0.0,0.0,100.0,27.7,30.0,Medium,False,False,True
MCH7357,Varkey Llc,Hotel & Lodging,Private Limited,Kolkata,West Bengal,Active,665.88,4.0,42882.259999999995,10720.564999999999,3.0,0.0,1.0,2.0,2429.12,0.0,0.0,0.0,50.0,5.66,30.0,Medium,False,False,True
MCH3927,Basak-Shukla,Telecom,Private Limited,Jalandhar,Punjab,Inactive,980.64,1.0,554.95,554.95,1.0,0.0,0.0,1.0,2387.46,1.0,0.0,0.0,100.0,430.21,30.0,Medium,False,False,True
MCH1774,"Sundaram, Dani And Mall",Books & Stationery,Partnership,Lucknow,Uttar Pradesh,Active,10785.29,2.0,31924.21,15962.105,2.0,0.0,0.0,1.0,2351.6,1.0,0.0,0.0,50.0,7.37,30.0,Medium,False,False,True
MCH1457,Shetty Group,Miscellaneous,Individual,Jalandhar,Punjab,Active,1159.43,3.0,55745.72,18581.906666666666,3.0,0.0,0.0,1.0,2296.42,1.0,0.0,0.0,33.33,4.12,30.0,Medium,False,False,True
MCH8369,Samra-Radhakrishnan,Apparel & Fashion,Sole Proprietor,Bengaluru,Karnataka,Active,2175.82,4.0,56847.11,14211.7775,4.0,0.0,0.0,1.0,2284.5,1.0,0.0,0.0,25.0,4.02,30.0,Medium,False,False,True
MCH8221,Kala-Bajaj,Books & Stationery,Sole Proprietor,Bengaluru,Karnataka,Inactive,1133.63,1.0,4081.27,4081.27,0.0,0.0,1.0,1.0,2194.0,1.0,0.0,0.0,100.0,53.76,30.0,Medium,False,False,True
MCH9125,"Mallick, Walia And Kanda",Department Store,Partnership,Chennai,Tamil Nadu,Active,3007.21,5.0,68745.82,13749.164,5.0,0.0,0.0,1.0,2164.0,1.0,0.0,0.0,20.0,3.15,30.0,Medium,False,False,True
MCH7648,"Trivedi, Ramachandran And Keer",Miscellaneous,Private Limited,Hyderabad,Telangana,Suspended,1840.11,1.0,12019.86,12019.86,1.0,0.0,0.0,1.0,2154.73,1.0,0.0,0.0,100.0,17.93,30.0,Medium,False,False,True
MCH5222,"Char, Warrior And Cherian",Apparel & Fashion,Partnership,Chennai,Tamil Nadu,Inactive,352.83,1.0,16389.35,16389.35,1.0,0.0,0.0,1.0,2150.18,1.0,0.0,0.0,100.0,13.12,30.0,Medium,False,False,True
MCH3382,"Patla, Thakur And Kaur",Transportation,Private Limited,Pune,Maharashtra,Active,470.22,3.0,30206.82,10068.94,2.0,0.0,1.0,1.0,2108.9,1.0,0.0,0.0,33.33,6.98,30.0,Medium,False,False,True
MCH9609,Bhatti Inc,Grocery,Individual,Hyderabad,Telangana,Suspended,1792.34,4.0,54455.74,13613.935,4.0,0.0,0.0,1.0,2087.83,1.0,0.0,0.0,25.0,3.83,30.0,Medium,False,False,True
MCH4578,Khare-Warrior,Pharmacy,Private Limited,Amritsar,Punjab,Active,504.9,6.0,63817.2,10636.199999999999,6.0,0.0,0.0,2.0,2065.6800000000003,0.0,0.0,0.0,33.33,3.24,30.0,Medium,False,False,True
MCH1428,De-Natarajan,Transportation,Individual,Mumbai,Maharashtra,Active,1289.0,3.0,28680.79,9560.263333333334,3.0,0.0,0.0,1.0,2042.84,1.0,0.0,0.0,33.33,7.12,30.0,Medium,False,False,True
MCH7509,Narasimhan-Naidu,Apparel & Fashion,Sole Proprietor,Kolkata,West Bengal,Active,1271.23,4.0,56922.19,14230.5475,4.0,0.0,0.0,2.0,1948.74,0.0,0.0,0.0,50.0,3.42,30.0,Medium,False,False,True
MCH1879,Muni-Sachdeva,Miscellaneous,Individual,Chennai,Tamil Nadu,Active,687.52,6.0,58207.869999999995,9701.311666666666,4.0,1.0,1.0,1.0,1947.05,1.0,0.0,16.67,16.67,3.34,30.0,Medium,False,False,True
MCH6645,Buch Llc,Transportation,Private Limited,Amritsar,Punjab,Active,102.32,2.0,26892.27,13446.135,2.0,0.0,0.0,2.0,1910.9099999999999,0.0,0.0,0.0,100.0,7.11,30.0,Medium,False,False,True
MCH3402,"Lala, Loyal And Trivedi",Miscellaneous,Partnership,Pune,Maharashtra,Inactive,1152.61,4.0,71928.91,17982.2275,4.0,0.0,0.0,1.0,1908.8,1.0,0.0,0.0,25.0,2.65,30.0,Medium,False,False,True
MCH2075,"Dhar,Deoandrau",Pharmacy,Individual,Delhi,Delhi,Active,1584.12,3.0,41099.8,13699.933333333334,3.0,0.0,0.0,1.0,1850.41,1.0,0.0,0.0,33.33,4.5,30.0,Medium,False,False,True
MCH1664,Karan Ltd,Travel,Partnership,Chennai,Tamil Nadu,Active,,2.0,34642.7,17321.35,2.0,0.0,0.0,1.0,1840.53,1.0,0.0,0.0,50.0,5.31,30.0,Medium,False,False,True
MCH7978,"Ganesan, Kohli And Savant",Miscellaneous,Individual,Jaipur,Rajasthan,Active,2414.03,2.0,21564.16,10782.08,2.0,0.0,0.0,1.0,1800.13,1.0,0.0,0.0,50.0,8.35,30.0,Medium,False,False,True
MCH4641,Karnikllc,Retail,Sole Proprietor,Ludhiana,Punjab,Active,,1.0,12165.78,12165.78,1.0,0.0,0.0,1.0,1768.79,1.0,0.0,0.0,100.0,14.54,30.0,Medium,False,False,True
MCH8146,Bath-Purohit,Books & Stationery,Sole Proprietor,Delhi,Delhi,Active,5566.64,4.0,77180.47,19295.1175,4.0,0.0,0.0,1.0,1760.95,1.0,0.0,0.0,25.0,2.28,30.0,Medium,False,False,True
MCH2875,Chander-Parmer,Department Store,Partnership,Ludhiana,Punjab,Active,351.55,2.0,17222.66,8611.33,2.0,0.0,0.0,1.0,1736.0,1.0,0.0,0.0,50.0,10.08,30.0,Medium,False,False,True
MCH1929,"Bahri,Daraandsaran",Books & Stationery,Private Limited,Jaipur,Rajasthan,Active,,1.0,22392.91,22392.91,1.0,0.0,0.0,1.0,1726.97,1.0,0.0,0.0,100.0,7.71,30.0,Medium,False,False,True
MCH8673,Goswami And Sons,Restaurants & Food,Private Limited,Delhi,Delhi,Active,979.86,1.0,7656.85,7656.85,1.0,0.0,0.0,1.0,1679.19,1.0,0.0,0.0,100.0,21.93,30.0,Medium,False,False,True
MCH4041,Salvi-Mishra,Restaurants & Food,Sole Proprietor,Amritsar,Punjab,Inactive,1291.58,3.0,29706.760000000002,9902.253333333334,3.0,0.0,0.0,2.0,1582.6,0.0,0.0,0.0,66.67,5.33,30.0,Medium,False,False,True
MCH9523,"Tank, Uppal And Malhotra",Pharmacy,Partnership,Pune,Maharashtra,Active,5060.01,2.0,25903.739999999998,12951.869999999999,2.0,0.0,0.0,1.0,1582.19,1.0,0.0,0.0,50.0,6.11,30.0,Medium,False,False,True
MCH1873,Oak-Ramachandran,Telecom,Private Limited,Amritsar,Punjab,Active,942.83,3.0,64695.600000000006,21565.2,3.0,0.0,0.0,1.0,1523.73,1.0,0.0,0.0,33.33,2.36,30.0,Medium,False,False,True
MCH2240,"Shenoy, Tara And Kala",Medical,Partnership,Chennai,Tamil Nadu,Active,1500.77,2.0,5027.91,2513.955,2.0,0.0,0.0,1.0,1508.23,1.0,0.0,0.0,50.0,30.0,30.0,Medium,False,False,True
MCH9394,Balay Group,Department Store,Sole Proprietor,Chennai,Tamil Nadu,Active,279.0,1.0,16981.0,16981.0,1.0,0.0,0.0,1.0,1505.96,1.0,0.0,0.0,100.0,8.87,30.0,Medium,False,False,True
MCH8181,Mall-Chatterjee,Transportation,Individual,Amritsar,Punjab,Active,,4.0,73551.19,18387.7975,4.0,0.0,0.0,2.0,1385.01,0.0,0.0,0.0,50.0,1.88,30.0,Medium,False,False,True
MCH1965,Chawla-Sawhney,Telecom,Individual,Bengaluru,Karnataka,Active,4592.95,1.0,15676.12,15676.12,1.0,0.0,0.0,1.0,1385.0,1.0,0.0,0.0,100.0,8.84,30.0,Medium,False,False,True
MCH9299,Pathak-Menon,Restaurants & Food,Sole Proprietor,Ludhiana,Punjab,Active,3015.0,7.0,114745.70999999999,16392.244285714285,7.0,0.0,0.0,1.0,1369.23,1.0,0.0,0.0,14.29,1.19,30.0,Medium,False,False,True
MCH1384,Naidu-Bhatti,Restaurants & Food,Individual,Ludhiana,Punjab,Active,3910.34,4.0,46943.490000000005,11735.872500000001,4.0,0.0,0.0,1.0,1368.67,1.0,0.0,0.0,25.0,2.92,30.0,Medium,False,False,True
MCH2752,Palla Llc,Travel,Sole Proprietor,Lucknow,Uttar Pradesh,Active,69.28,3.0,45083.35,15027.783333333333,3.0,0.0,0.0,1.0,1345.11,1.0,0.0,0.0,33.33,2.98,30.0,Medium,False,False,True
MCH6400,Sem-Keer,Grocery,Partnership,Ludhiana,Punjab,Active,13683.2,2.0,37867.36,18933.68,2.0,0.0,0.0,1.0,1313.4,1.0,0.0,0.0,50.0,3.47,30.0,Medium,False,False,True
MCH9316,Bandi Ltd,Grocery,Sole Proprietor,Ludhiana,Punjab,Active,1198.18,6.0,106480.67,17746.778333333332,5.0,0.0,0.0,1.0,1287.86,1.0,0.0,0.0,16.67,1.21,30.0,Medium,False,False,True
MCH7986,Pathak Inc,Miscellaneous,Individual,Chennai,Tamil Nadu,Inactive,1602.91,2.0,33220.770000000004,16610.385000000002,2.0,0.0,0.0,1.0,1275.74,1.0,0.0,0.0,50.0,3.84,30.0,Medium,False,False,True
MCH2841,"Memon, Samra And Rajagopal",Books & Stationery,Sole Proprietor,Mumbai,Maharashtra,Active,,1.0,21555.2,21555.2,1.0,0.0,0.0,1.0,1273.0,1.0,0.0,0.0,100.0,5.91,30.0,Medium,False,False,True
MCH9521,"Soni, Bal And Thaman",Apparel & Fashion,Partnership,Ludhiana,Punjab,Inactive,155.0,2.0,28478.5,14239.25,2.0,0.0,0.0,1.0,1266.0,1.0,0.0,0.0,50.0,4.45,30.0,Medium,False,False,True
MCH3671,"Vala, Dhar And Wason",Medical,Individual,Chennai,Tamil Nadu,Active,2167.0,2.0,11999.29,5999.645,2.0,0.0,0.0,1.0,1222.97,1.0,0.0,0.0,50.0,10.19,30.0,Medium,False,False,True
MCH3308,"Dhawan, Ranganathan And Luthra",Apparel & Fashion,Partnership,Amritsar,Punjab,Inactive,2438.38,2.0,18651.02,9325.51,0.0,0.0,1.0,1.0,1202.2,1.0,0.0,0.0,50.0,6.45,30.0,Medium,False,False,True
MCH2575,Rast0Gi-Verma,Pharmacy,Individual,Pune,Maharashtra,Active,549.08,1.0,11397.53,11397.53,1.0,0.0,0.0,1.0,1201.31,1.0,0.0,0.0,100.0,10.54,30.0,Medium,False,False,True
MCH3406,"Swamy, Borah And Sampath",Retail,Individual,Mumbai,Maharashtra,Inactive,438.79,4.0,50452.03999999999,12613.009999999998,4.0,0.0,0.0,1.0,1189.65,1.0,0.0,0.0,25.0,2.36,30.0,Medium,False,False,True
MCH4574,Cherian And Sons,Department Store,Individual,Lucknow,Uttar Pradesh,Active,789.16,1.0,13666.0,13666.0,1.0,0.0,0.0,1.0,1144.6,1.0,0.0,0.0,100.0,8.38,30.0,Medium,False,False,True
MCH5122,K0Ta-R0Y,Apparel & Fashion,Individual,Delhi,Delhi,Active,390.64,5.0,64261.17,12852.234,4.0,0.0,0.0,1.0,1094.0,1.0,0.0,0.0,20.0,1.7,30.0,Medium,False,False,True
MCH4962,Venkataraman-Mannan,Books & Stationery,Private Limited,Chennai,Tamil Nadu,Active,266.61,1.0,20479.37,20479.37,1.0,0.0,0.0,1.0,1092.58,1.0,0.0,0.0,100.0,5.34,30.0,Medium,False,False,True
MCH4080,Shenoy-Kashyap,Telecom,Private Limited,Jaipur,Rajasthan,Active,2043.03,1.0,18530.26,18530.26,0.0,0.0,1.0,1.0,1035.0,1.0,0.0,0.0,100.0,5.59,30.0,Medium,False,False,True
MCH3520,Jhaveri And Sons,Hotel & Lodging,Individual,Bengaluru,Karnataka,Active,1231.0,8.0,104820.44,13102.555,7.0,0.0,1.0,1.0,1002.8,1.0,0.0,0.0,12.5,0.96,30.0,Medium,False,False,True
MCH4965,"Shukla, Brahmbhatt And Natarajan",Apparel & Fashion,Individual,Pune,Maharashtra,Active,168.46,4.0,72774.26000000001,18193.565000000002,4.0,0.0,0.0,1.0,988.93,1.0,0.0,0.0,25.0,1.36,30.0,Medium,False,False,True
MCH6474,Bakshi Ltd,Medical,Private Limited,Lucknow,Uttar Pradesh,Active,3871.85,2.0,45134.18,22567.09,2.0,0.0,0.0,2.0,964.98,0.0,0.0,0.0,100.0,2.14,30.0,Medium,False,False,True
MCH7885,Sura Llc,Apparel & Fashion,Partnership,Lucknow,Uttar Pradesh,Active,2999.12,3.0,48071.31,16023.769999999999,3.0,0.0,0.0,1.0,962.34,1.0,0.0,0.0,33.33,2.0,30.0,Medium,False,False,True
MCH9444,Sachdeva-Khatri,Travel,Partnership,Jalandhar,Punjab,Active,345.26,2.0,15480.82,7740.41,2.0,0.0,0.0,1.0,955.91,1.0,0.0,0.0,50.0,6.17,30.0,Medium,False,False,True
MCH7546,Koshy Llc,Pharmacy,Individual,Delhi,Delhi,Active,356.0,1.0,6144.0,6144.0,1.0,0.0,0.0,1.0,943.72,1.0,0.0,0.0,100.0,15.36,30.0,Medium,False,False,True
MCH9088,Bhardwaj-Bala,Miscellaneous,Partnership,Chennai,Tamil Nadu,Active,4130.0,3.0,37492.96,12497.653333333334,3.0,0.0,0.0,1.0,928.0,1.0,0.0,0.0,33.33,2.48,30.0,Medium,False,False,True
MCH4782,Salvi-Comar,Hotel & Lodging,Sole Proprietor,Jalandhar,Punjab,Active,876.5,3.0,54989.16,18329.72,3.0,0.0,0.0,1.0,902.0,1.0,0.0,0.0,33.33,1.64,30.0,Medium,False,False,True
MCH2030,Singh-Banerjee,Transportation,Individual,Ludhiana,Punjab,Active,3976.0,3.0,51032.130000000005,17010.710000000003,3.0,0.0,0.0,2.0,884.33,0.0,0.0,0.0,66.67,1.73,30.0,Medium,False,False,True
MCH8080,Brar Plc,Telecom,Individual,Pune,Maharashtra,Active,1241.0,5.0,36461.09,7292.217999999999,5.0,0.0,0.0,1.0,860.7,1.0,0.0,0.0,20.0,2.36,30.0,Medium,False,False,True
MCH4588,"Gole, Raval And Hans",Restaurants & Food,Sole Proprietor,Bengaluru,Karnataka,Active,1061.34,3.0,41214.11,13738.036666666667,3.0,0.0,0.0,1.0,852.0,1.0,0.0,0.0,33.33,2.07,30.0,Medium,False,False,True
MCH1809,Grewal Inc,Department Store,Private Limited,Bengaluru,Karnataka,Active,2181.93,2.0,14698.16,7349.08,2.0,0.0,0.0,1.0,848.15,1.0,0.0,0.0,50.0,5.77,30.0,Medium,False,False,True
MCH8372,Parsa-Chokshi,Telecom,Private Limited,Amritsar,Punjab,Active,714.9,1.0,19872.29,19872.29,1.0,0.0,0.0,1.0,842.88,1.0,0.0,0.0,100.0,4.24,30.0,Medium,False,False,True
MCH4871,Kunda Ltd,Restaurants & Food,Partnership,Lucknow,Uttar Pradesh,Suspended,648.87,2.0,28265.95,14132.975,2.0,0.0,0.0,2.0,832.81,0.0,0.0,0.0,100.0,2.95,30.0,Medium,False,False,True
MCH4702,Nath Group,Retail,Sole Proprietor,Lucknow,Uttar Pradesh,Active,584.0,2.0,14326.35,7163.175,1.0,0.0,1.0,1.0,832.0,1.0,0.0,0.0,50.0,5.81,30.0,Medium,False,False,True
MCH5265,Natt-Munshi,Grocery,Private Limited,Pune,Maharashtra,Active,2606.12,1.0,22095.6,22095.6,1.0,0.0,0.0,1.0,824.86,1.0,0.0,0.0,100.0,3.73,30.0,Medium,False,False,True
MCH8755,"Biswas, Divan And Sachdeva",Hotel & Lodging,Private Limited,Chennai,Tamil Nadu,On Hold,2277.32,2.0,9483.67,4741.835,2.0,0.0,0.0,1.0,818.66,1.0,0.0,0.0,50.0,8.63,30.0,Medium,False,False,True
MCH7654,Chakraborty Inc,Apparel & Fashion,Sole Proprietor,Lucknow,Uttar Pradesh,Active,1250.0,2.0,28077.91,14038.955,2.0,0.0,0.0,1.0,800.32,1.0,0.0,0.0,50.0,2.85,30.0,Medium,False,False,True
MCH2733,Chauhan Ltd,Grocery,Sole Proprietor,Delhi,Delhi,Active,872.28,4.0,48239.63,12059.9075,4.0,0.0,0.0,1.0,766.94,1.0,0.0,0.0,25.0,1.59,30.0,Medium,False,False,True
MCH8749,"Tara, Parmer And Walla",Travel,Private Limited,Kolkata,West Bengal,Inactive,584.1,2.0,26745.68,13372.84,2.0,0.0,0.0,1.0,690.45,1.0,0.0,0.0,50.0,2.58,30.0,Medium,False,False,True
MCH9790,Kumar-Dua,Telecom,Sole Proprietor,Kolkata,West Bengal,Active,375.28,2.0,45057.8,22528.9,2.0,0.0,0.0,1.0,688.92,1.0,0.0,0.0,50.0,1.53,30.0,Medium,False,False,True
MCH8277,"Patil, Goyal And Sarin",Pharmacy,Individual,Amritsar,Punjab,Inactive,1542.69,2.0,11124.55,5562.275,2.0,0.0,0.0,1.0,652.86,1.0,0.0,0.0,50.0,5.87,30.0,Medium,False,False,True
MCH5968,"Soman, Issac And Goswami",Department Store,Private Limited,Jalandhar,Punjab,Active,5598.75,1.0,12052.46,12052.46,1.0,0.0,0.0,1.0,648.02,1.0,0.0,0.0,100.0,5.38,30.0,Medium,False,False,True
MCH1855,Kala-Shan,Restaurants & Food,Private Limited,Kolkata,West Bengal,On Hold,1474.0,1.0,20529.94,20529.94,1.0,0.0,0.0,1.0,641.02,1.0,0.0,0.0,100.0,3.12,30.0,Medium,False,False,True
MCH2552,"Mukherjee, Iyengar And Deo",Books & Stationery,Partnership,Pune,Maharashtra,Active,3414.98,5.0,79379.24,15875.848000000002,5.0,0.0,0.0,1.0,592.68,1.0,0.0,0.0,20.0,0.75,30.0,Medium,False,False,True
MCH1335,"Wagle, Kamdar And Mallick",Hotel & Lodging,Sole Proprietor,Mumbai,Maharashtra,Suspended,398.0,2.0,10978.64,5489.32,2.0,0.0,0.0,1.0,579.06,1.0,0.0,0.0,50.0,5.27,30.0,Medium,False,False,True
MCH1833,"Sabharwal, Chopra And Nayar",Transportation,Private Limited,Pune,Maharashtra,Active,1391.53,3.0,35999.62,11999.873333333335,3.0,0.0,0.0,1.0,573.0,1.0,0.0,0.0,33.33,1.59,30.0,Medium,False,False,True
MCH2404,Mutti-Seshadri,Grocery,Individual,Ludhiana,Punjab,Active,233.4,1.0,8382.88,8382.88,1.0,0.0,0.0,1.0,562.25,1.0,0.0,0.0,100.0,6.71,30.0,Medium,False,False,True
MCH5054,"Kara, Mandal And Mitra",Restaurants & Food,Sole Proprietor,Kolkata,West Bengal,Suspended,5895.31,4.0,74782.32,18695.58,4.0,0.0,0.0,1.0,547.94,1.0,0.0,0.0,25.0,0.73,30.0,Medium,False,False,True
MCH4624,"Krishnamurthy, Mandal And Luthra",Miscellaneous,Individual,Chennai,Tamil Nadu,Active,784.01,1.0,21930.2,21930.2,1.0,0.0,0.0,1.0,506.82,1.0,0.0,0.0,100.0,2.31,30.0,Medium,False,False,True
MCH2417,"Reddy, Patel And Manda",Pharmacy,Individual,Bengaluru,Karnataka,Active,1553.29,2.0,16795.15,8397.575,2.0,0.0,0.0,1.0,472.22,1.0,0.0,0.0,50.0,2.81,30.0,Medium,False,False,True
MCH8975,"Shanker, Kothari And Balasubramanian",Telecom,Individual,Mumbai,Maharashtra,Active,,5.0,47864.32,9572.864,5.0,0.0,0.0,1.0,422.45,1.0,0.0,0.0,20.0,0.88,30.0,Medium,False,False,True
MCH3835,"Pillai, Ratti And Chaudhuri",Telecom,Partnership,Ludhiana,Punjab,Inactive,6901.65,1.0,23352.58,23352.58,1.0,0.0,0.0,1.0,414.69,1.0,0.0,0.0,100.0,1.78,30.0,Medium,False,False,True
MCH7435,"Puri, Biswas And Roy",Medical,Partnership,Jaipur,Rajasthan,Suspended,,1.0,19813.49,19813.49,1.0,0.0,0.0,1.0,411.2,1.0,0.0,0.0,100.0,2.08,30.0,Medium,False,False,True
MCH6116,Keer-Shukla,Transportation,Individual,Delhi,Delhi,Active,3651.0,4.0,63654.97,15913.7425,4.0,0.0,0.0,1.0,408.0,1.0,0.0,0.0,25.0,0.64,30.0,Medium,False,False,True
MCH9778,"Chandra, Subramanian And Borde",Books & Stationery,Private Limited,Bengaluru,Karnataka,Active,2313.1,3.0,31587.219999999998,10529.073333333332,3.0,0.0,0.0,1.0,388.0,1.0,0.0,0.0,33.33,1.23,30.0,Medium,False,False,True
MCH3325,Varty-Vig,Pharmacy,Partnership,Kolkata,West Bengal,Active,4212.0,2.0,16809.57,8404.785,2.0,0.0,0.0,1.0,339.58,1.0,0.0,0.0,50.0,2.02,30.0,Medium,False,False,True
MCH5110,"Anne, Nayak And Chada",Department Store,Private Limited,Amritsar,Punjab,Active,478.0,3.0,51946.84,17315.61333333333,3.0,0.0,0.0,1.0,267.92,1.0,0.0,0.0,33.33,0.52,30.0,Medium,False,False,True
MCH8337,Padmanabhan-Nanda,Miscellaneous,Individual,Bengaluru,Karnataka,Active,694.67,3.0,44377.880000000005,14792.626666666669,3.0,0.0,0.0,1.0,175.45,1.0,0.0,0.0,33.33,0.4,30.0,Medium,False,False,True
MCH3354,"Barad, Ahluwalia And Mahal",Books & Stationery,Partnership,Lucknow,Uttar Pradesh,Active,906.14,4.0,48593.92,12148.48,4.0,0.0,0.0,1.0,0.0,1.0,0.0,0.0,25.0,0.0,30.0,Medium,False,False,True
MCH7615,"Dar, Parekh And De",Restaurants & Food,Sole Proprietor,Lucknow,Uttar Pradesh,Inactive,2530.9,2.0,19005.13,9502.565,2.0,0.0,0.0,1.0,0.0,1.0,0.0,0.0,50.0,0.0,30.0,Medium,False,False,True
MCH7837,Wali Group,Miscellaneous,Individual,Kolkata,West Bengal,Active,803.03,1.0,12558.27,12558.27,1.0,0.0,0.0,1.0,0.0,1.0,0.0,0.0,100.0,0.0,30.0,Medium,False,False,True
MCH7856,"Sood, Dalal And Butala",Hotel & Lodging,Private Limited,Delhi,Delhi,Active,2048.0,5.0,70365.86,14073.172,4.0,0.0,1.0,1.0,0.0,1.0,0.0,0.0,20.0,0.0,30.0,Medium,False,False,True
MCH9467,"Pall, Lala And Dhar",Transportation,Individual,Chennai,Tamil Nadu,Active,1206.07,2.0,14895.2,7447.6,2.0,0.0,0.0,1.0,0.0,1.0,0.0,0.0,50.0,0.0,30.0,Medium,False,False,True
MCH9637,Handa-Basu,Apparel & Fashion,Partnership,Pune,Maharashtra,Active,515.71,3.0,63875.56,21291.853333333333,2.0,0.0,0.0,1.0,0.0,1.0,0.0,0.0,33.33,0.0,30.0,Medium,False,False,True
MCH7061,Grover And Sons,Hotel & Lodging,Individual,Jaipur,Rajasthan,Active,462.72,3.0,42352.87,14117.623333333335,2.0,0.0,1.0,1.0,26207.56,0.0,0.0,0.0,33.33,61.88,25.0,Medium,False,False,True
MCH8508,"Iyengar,Gillandtella",Miscellaneous,Private Limited,Chennai,Tamil Nadu,Active,1985.47,1.0,19242.31,19242.31,1.0,0.0,0.0,1.0,24414.54,0.0,0.0,0.0,100.0,126.88,25.0,Medium,False,False,True
MCH8390,"Thakkar, Babu And Nagi",Transportation,Private Limited,Hyderabad,Telangana,Active,2159.57,1.0,21728.79,21728.79,1.0,0.0,0.0,1.0,19475.24,0.0,0.0,0.0,100.0,89.63,25.0,Medium,False,False,True
MCH8945,"Sankar, Swamy And Char",Grocery,Sole Proprietor,Kolkata,West Bengal,Active,1329.0,2.0,13027.36,6513.68,2.0,0.0,0.0,1.0,18567.74,0.0,0.0,0.0,50.0,142.53,25.0,Medium,False,False,True
MCH7901,Bala Group,Restaurants & Food,Partnership,Jaipur,Rajasthan,Active,,2.0,27667.91,13833.955,2.0,0.0,0.0,1.0,17242.91,0.0,0.0,0.0,50.0,62.32,25.0,Medium,False,False,True
MCH7058,"Barad,Palandboase",Department Store,Individual,Kolkata,West Bengal,Active,1284.51,3.0,41498.14,13832.713333333333,3.0,0.0,0.0,1.0,16163.8,0.0,0.0,0.0,33.33,38.95,25.0,Medium,False,False,True
MCH2148,Dora Ltd,Pharmacy,Private Limited,Amritsar,Punjab,Active,343.34,4.0,55881.91,13970.4775,4.0,0.0,0.0,1.0,14485.22,0.0,0.0,0.0,25.0,25.92,25.0,Medium,False,False,True
MCH8619,Salvi-Nazareth,Grocery,Sole Proprietor,Delhi,Delhi,Active,860.21,3.0,41056.81,13685.603333333333,3.0,0.0,0.0,1.0,14382.17,0.0,0.0,0.0,33.33,35.03,25.0,Medium,False,False,True
MCH9277,Pa1-R0Ut,Books & Stationery,Individual,Amritsar,Punjab,Active,963.33,1.0,13799.23,13799.23,1.0,0.0,0.0,1.0,14197.19,0.0,0.0,0.0,100.0,102.88,25.0,Medium,False,False,True
MCH7360,Rajan-Sahni,Telecom,Partnership,Kolkata,West Bengal,Inactive,1218.43,2.0,36365.09,18182.545,2.0,0.0,0.0,1.0,13308.54,0.0,0.0,0.0,50.0,36.6,25.0,Medium,False,False,True
MCH3244,Murthy Group,Medical,Private Limited,Jalandhar,Punjab,Active,3366.47,1.0,18542.8,18542.8,1.0,0.0,0.0,1.0,12885.17,0.0,0.0,0.0,100.0,69.49,25.0,Medium,False,False,True
MCH5674,"Chhabra, Samra And Ghosh",Transportation,Partnership,Mumbai,Maharashtra,Active,1727.77,2.0,20092.02,10046.01,2.0,0.0,0.0,1.0,12640.85,0.0,0.0,0.0,50.0,62.91,25.0,Medium,False,False,True
MCH6568,Minhas Plc,Hotel & Lodging,Sole Proprietor,Amritsar,Punjab,Active,1486.0,5.0,73044.55,14608.91,5.0,0.0,0.0,1.0,12462.99,0.0,0.0,0.0,20.0,17.06,25.0,Medium,False,False,True
MCH8838,"Kala, Sidhu And Kuruvilla",Pharmacy,Partnership,Chennai,Tamil Nadu,Inactive,593.62,3.0,33268.45,11089.483333333332,2.0,0.0,1.0,1.0,11729.72,0.0,0.0,0.0,33.33,35.26,25.0,Medium,False,False,True
MCH8741,Swaminathan-Kakar,Telecom,Sole Proprietor,Kolkata,West Bengal,Active,8897.16,1.0,24544.37,24544.37,1.0,0.0,0.0,1.0,11364.57,0.0,0.0,0.0,100.0,46.3,25.0,Medium,False,False,True
MCH3418,Parsa-Parikh,Pharmacy,Partnership,Hyderabad,Telangana,Active,8725.31,1.0,643.46,643.46,0.0,0.0,0.0,1.0,11352.0,0.0,0.0,0.0,100.0,1764.21,25.0,Medium,False,False,True
MCH5156,"Bumb, Buch And R0Ut",Hotel & Lodging,Private Limited,Mumbai,Maharashtra,Active,1483.33,1.0,21804.38,21804.38,1.0,0.0,0.0,1.0,10880.54,0.0,0.0,0.0,100.0,49.9,25.0,Medium,False,False,True
MCH8521,"Sankaran, Mangat And Gaba",Department Store,Sole Proprietor,Delhi,Delhi,Active,1028.11,2.0,13430.5,6715.25,2.0,0.0,0.0,1.0,10606.78,0.0,0.0,0.0,50.0,78.98,25.0,Medium,False,False,True
MCH9092,Mall-Deshpande,Hotel & Lodging,Partnership,Delhi,Delhi,Inactive,1485.1,1.0,15048.0,15048.0,1.0,0.0,0.0,1.0,10226.59,0.0,0.0,0.0,100.0,67.96,25.0,Medium,False,False,True
MCH3600,Bhat-Naik,Miscellaneous,Private Limited,Amritsar,Punjab,Active,3889.22,2.0,41006.08,20503.04,2.0,0.0,0.0,1.0,9827.0,0.0,0.0,0.0,50.0,23.96,25.0,Medium,False,False,True
MCH1401,Din And Sons,Grocery,Individual,Amritsar,Punjab,Active,286.09,6.0,80512.11,13418.685,5.0,0.0,0.0,1.0,9737.34,0.0,0.0,0.0,16.67,12.09,25.0,Medium,False,False,True
MCH8854,Kohli-Aurora,Transportation,Private Limited,Chennai,Tamil Nadu,Active,,1.0,15158.37,15158.37,1.0,0.0,0.0,1.0,9729.28,0.0,0.0,0.0,100.0,64.18,25.0,Medium,False,False,True
MCH2646,Parsa-Gole,Miscellaneous,Private Limited,Hyderabad,Telangana,Active,450.19,2.0,45890.869999999995,22945.434999999998,2.0,0.0,0.0,1.0,9250.0,0.0,0.0,0.0,50.0,20.16,25.0,Medium,False,False,True
MCH7364,Vig-Bala,Hotel & Lodging,Sole Proprietor,Mumbai,Maharashtra,Active,1242.0,1.0,15654.85,15654.85,1.0,0.0,0.0,1.0,8611.05,0.0,0.0,0.0,100.0,55.01,25.0,Medium,False,False,True
MCH6639,Sandal Group,Restaurants & Food,Sole Proprietor,Amritsar,Punjab,Active,3334.16,1.0,1430.41,1430.41,1.0,0.0,0.0,1.0,8521.71,0.0,0.0,0.0,100.0,595.75,25.0,Medium,False,False,True
MCH9257,Deep-Venkataraman,Hotel & Lodging,Partnership,Amritsar,Punjab,Active,705.83,4.0,36513.36,9128.34,4.0,0.0,0.0,1.0,8500.66,0.0,0.0,0.0,25.0,23.28,25.0,Medium,False,False,True
MCH9128,"Vig, Menon And Prabhakar",Books & Stationery,Sole Proprietor,Delhi,Delhi,Active,594.0,1.0,2955.32,2955.32,1.0,0.0,0.0,1.0,8383.0,0.0,0.0,0.0,100.0,283.66,25.0,Medium,False,False,True
MCH8496,Sandhu Plc,Books & Stationery,Partnership,Hyderabad,Telangana,Inactive,,2.0,27568.04,13784.02,2.0,0.0,0.0,1.0,8304.41,0.0,0.0,0.0,50.0,30.12,25.0,Medium,False,False,True
MCH1506,Gandhi-Loke,Pharmacy,Partnership,Chennai,Tamil Nadu,Active,967.0,1.0,23316.0,23316.0,1.0,0.0,0.0,1.0,8263.92,0.0,0.0,0.0,100.0,35.44,25.0,Medium,False,False,True
MCH1711,"Sastry, Kota And Merchant",Grocery,Sole Proprietor,Ludhiana,Punjab,Active,1991.22,3.0,10852.91,3617.6366666666668,3.0,0.0,0.0,1.0,8160.0,0.0,0.0,0.0,33.33,75.19,25.0,Medium,False,False,True
MCH9882,Joshi Plc,Telecom,Sole Proprietor,Jaipur,Rajasthan,Active,320.23,2.0,7993.98,3996.99,2.0,0.0,0.0,1.0,8059.65,0.0,0.0,0.0,50.0,100.82,25.0,Medium,False,False,True
MCH8281,Tara-Mander,Transportation,Private Limited,Pune,Maharashtra,Active,3216.91,4.0,57378.81,14344.7025,4.0,0.0,0.0,1.0,7882.54,0.0,0.0,0.0,25.0,13.74,25.0,Medium,False,False,True
MCH8794,Mani-Zachariah,Grocery,Partnership,Bengaluru,Karnataka,Inactive,6393.53,1.0,5539.54,5539.54,1.0,0.0,0.0,1.0,7765.0,0.0,0.0,0.0,100.0,140.17,25.0,Medium,False,False,True
MCH7370,Peri Llc,Transportation,Private Limited,Kolkata,West Bengal,Active,1188.42,4.0,38478.229999999996,9619.557499999999,4.0,0.0,0.0,1.0,7727.87,0.0,0.0,0.0,25.0,20.08,25.0,Medium,False,False,True
MCH1130,Bhargava-Dara,Department Store,Individual,Amritsar,Punjab,Active,2188.62,2.0,28180.04,14090.02,2.0,0.0,0.0,1.0,7727.83,0.0,0.0,0.0,50.0,27.42,25.0,Medium,False,False,True
MCH1420,Aggarwal-Garde,Transportation,Sole Proprietor,Mumbai,Maharashtra,Active,830.85,1.0,18756.37,18756.37,1.0,0.0,0.0,1.0,7674.03,0.0,0.0,0.0,100.0,40.91,25.0,Medium,False,False,True
MCH1995,"Mand, Halder And Rajagopalan",Books & Stationery,Partnership,Jaipur,Rajasthan,Inactive,158.78,2.0,36560.84,18280.42,2.0,0.0,0.0,1.0,7669.97,0.0,0.0,0.0,50.0,20.98,25.0,Medium,False,False,True
MCH5277,Kannan-Deshmukh,Books & Stationery,Private Limited,Lucknow,Uttar Pradesh,Inactive,4638.51,5.0,70889.92,14177.984,5.0,0.0,0.0,1.0,7577.71,0.0,0.0,0.0,20.0,10.69,25.0,Medium,False,False,True
MCH2514,"Dua, Peri And Sani",Telecom,Sole Proprietor,Kolkata,West Bengal,Active,937.87,1.0,22229.73,22229.73,1.0,0.0,0.0,1.0,7272.77,0.0,0.0,0.0,100.0,32.72,25.0,Medium,False,False,True
MCH3570,Sura-Barman,Miscellaneous,Private Limited,Jalandhar,Punjab,Inactive,1099.0,1.0,12494.06,12494.06,1.0,0.0,0.0,1.0,7171.27,0.0,0.0,0.0,100.0,57.4,25.0,Medium,False,False,True
MCH4980,Batra Llc,Grocery,Individual,Pune,Maharashtra,Active,2806.42,4.0,48457.8,12114.45,4.0,0.0,0.0,1.0,7101.31,0.0,0.0,0.0,25.0,14.65,25.0,Medium,False,False,True
MCH3700,"Sinha, Purohit And Shetty",Pharmacy,Individual,Bengaluru,Karnataka,Inactive,1238.03,1.0,7930.46,7930.46,1.0,0.0,0.0,1.0,7039.0,0.0,0.0,0.0,100.0,88.76,25.0,Medium,False,False,True
MCH7744,Nath Plc,Retail,Individual,Amritsar,Punjab,Active,,4.0,19654.41,4913.6025,4.0,0.0,0.0,1.0,7022.75,0.0,0.0,0.0,25.0,35.73,25.0,Medium,False,False,True
MCH1509,"Rajan, Dash And Bora",Transportation,Private Limited,Amritsar,Punjab,Inactive,806.0,4.0,72005.99,18001.4975,4.0,0.0,0.0,1.0,6769.33,0.0,0.0,0.0,25.0,9.4,25.0,Medium,False,False,True
MCH2450,Bail Plc,Restaurants & Food,Private Limited,Hyderabad,Telangana,Active,3923.0,2.0,13952.1,6976.05,2.0,0.0,0.0,1.0,6720.23,0.0,0.0,0.0,50.0,48.17,25.0,Medium,False,False,True
MCH2214,Varkey-Seshadri,Transportation,Partnership,Delhi,Delhi,Active,,1.0,18001.79,18001.79,1.0,0.0,0.0,1.0,6623.0,0.0,0.0,0.0,100.0,36.79,25.0,Medium,False,False,True
MCH9289,Lall Llc,Hotel & Lodging,Private Limited,Kolkata,West Bengal,Active,3024.28,3.0,43037.97,14345.99,3.0,0.0,0.0,1.0,6616.61,0.0,0.0,0.0,33.33,15.37,25.0,Medium,False,False,True
MCH9359,"Ramanathan, Parekh And Agrawal",Transportation,Partnership,Ludhiana,Punjab,Active,3245.01,2.0,18099.97,9049.985,2.0,0.0,0.0,1.0,6612.88,0.0,0.0,0.0,50.0,36.54,25.0,Medium,False,False,True
MCH6372,G0Da And S0Ns,Apparel & Fashion,Individual,Chennai,Tamil Nadu,Active,515.6,1.0,18438.41,18438.41,1.0,0.0,0.0,1.0,6458.0,0.0,0.0,0.0,100.0,35.02,25.0,Medium,False,False,True
MCH7199,Manda And Sons,Books & Stationery,Sole Proprietor,Delhi,Delhi,Active,1077.86,6.0,75561.27,12593.545,4.0,1.0,0.0,1.0,6262.28,0.0,0.0,16.67,16.67,8.29,25.0,Medium,False,False,True
MCH9848,B0Rde Inc,Retail,Private Limited,Hyderabad,Telangana,Active,1173.29,3.0,53306.990000000005,17768.99666666667,3.0,0.0,0.0,1.0,6071.0,0.0,0.0,0.0,33.33,11.39,25.0,Medium,False,False,True
MCH1475,"Bora, Bhakta And Aurora",Department Store,Private Limited,Kolkata,West Bengal,Active,1652.87,2.0,9564.6,4782.3,2.0,0.0,0.0,1.0,6017.37,0.0,0.0,0.0,50.0,62.91,25.0,Medium,False,False,True
MCH8330,Trivedi-Shan,Restaurants & Food,Partnership,Hyderabad,Telangana,Active,4115.86,3.0,30191.65,10063.883333333333,3.0,0.0,0.0,1.0,5976.69,0.0,0.0,0.0,33.33,19.8,25.0,Medium,False,False,True
MCH5712,Goda-Kashyap,Books & Stationery,Private Limited,Amritsar,Punjab,Active,,1.0,13221.13,13221.13,1.0,0.0,0.0,1.0,5884.78,0.0,0.0,0.0,100.0,44.51,25.0,Medium,False,False,True
MCH3057,Nagy-Banik,Department Store,Partnership,Kolkata,West Bengal,Active,764.15,2.0,38387.35,19193.675,2.0,0.0,0.0,1.0,5879.13,0.0,0.0,0.0,50.0,15.32,25.0,Medium,False,False,True
MCH7003,"Dutt, Sachdeva And Sridhar",Miscellaneous,Individual,Lucknow,Uttar Pradesh,Inactive,418.71,1.0,118.95,118.95,1.0,0.0,0.0,1.0,5747.29,0.0,0.0,0.0,100.0,4831.69,25.0,Medium,False,False,True
MCH6920,"Bhagat, Nadkarni And Dyal",Department Store,Individual,Kolkata,West Bengal,Active,410.54,2.0,7857.6900000000005,3928.8450000000003,2.0,0.0,0.0,1.0,5701.53,0.0,0.0,0.0,50.0,72.56,25.0,Medium,False,False,True
MCH9594,Ben Group,Department Store,Sole Proprietor,Jaipur,Rajasthan,Active,4070.31,4.0,46459.09,11614.7725,4.0,0.0,0.0,1.0,5694.69,0.0,0.0,0.0,25.0,12.26,25.0,Medium,False,False,True
MCH7031,Chander Inc,Telecom,Private Limited,Pune,Maharashtra,Active,1538.5,3.0,45838.06,15279.353333333333,3.0,0.0,0.0,1.0,5661.32,0.0,0.0,0.0,33.33,12.35,25.0,Medium,False,False,True
MCH4547,Rout Inc,Restaurants & Food,Private Limited,Bengaluru,Karnataka,Active,307.37,2.0,35184.97,17592.485,2.0,0.0,0.0,1.0,5520.5,0.0,0.0,0.0,50.0,15.69,25.0,Medium,False,False,True
MCH7321,"Krishna, Saraf And Pant",Miscellaneous,Partnership,Kolkata,West Bengal,Active,954.48,1.0,14575.91,14575.91,1.0,0.0,0.0,1.0,5482.08,0.0,0.0,0.0,100.0,37.61,25.0,Medium,False,False,True
MCH1585,Khalsa-Kulkarni,Department Store,Partnership,Delhi,Delhi,Active,3398.13,4.0,72047.51,18011.8775,4.0,0.0,0.0,1.0,5464.95,0.0,0.0,0.0,25.0,7.59,25.0,Medium,False,False,True
MCH2915,"Chakrabarti, Hora And Sha",Telecom,Partnership,Chennai,Tamil Nadu,Active,18355.56,3.0,45946.56,15315.519999999999,3.0,0.0,0.0,1.0,5374.95,0.0,0.0,0.0,33.33,11.7,25.0,Medium,False,False,True
MCH2438,Saxena-Sagar,Miscellaneous,Sole Proprietor,Amritsar,Punjab,Active,1010.25,3.0,11703.55,3901.183333333333,3.0,0.0,0.0,1.0,5341.0,0.0,0.0,0.0,33.33,45.64,25.0,Medium,False,False,True
MCH5208,Mann Inc,Grocery,Private Limited,Hyderabad,Telangana,Suspended,1269.59,3.0,29436.48,9812.16,2.0,0.0,0.0,1.0,5305.63,0.0,0.0,0.0,33.33,18.02,25.0,Medium,False,False,True
MCH4485,Nazarethinc,Miscellaneous,Individual,Pune,Maharashtra,On Hold,1928.18,1.0,5083.0,5083.0,1.0,0.0,0.0,1.0,4901.36,0.0,0.0,0.0,100.0,96.43,25.0,Medium,False,False,True
MCH6607,Bedi-Bhandari,Restaurants & Food,Sole Proprietor,Ludhiana,Punjab,Active,1203.0,4.0,30458.93,7614.7325,4.0,0.0,0.0,1.0,4849.0,0.0,0.0,0.0,25.0,15.92,25.0,Medium,False,False,True
MCH2131,Boase-Varghese,Apparel & Fashion,Sole Proprietor,Pune,Maharashtra,Active,2157.11,2.0,15310.7,7655.35,2.0,0.0,0.0,1.0,4846.0,0.0,0.0,0.0,50.0,31.65,25.0,Medium,False,False,True
MCH3674,Wason And Sons,Restaurants & Food,Individual,Delhi,Delhi,Active,,4.0,43226.7,10806.675,4.0,0.0,0.0,1.0,4816.24,0.0,0.0,0.0,25.0,11.14,25.0,Medium,False,False,True
MCH9060,"Ramaswamy, Singhal And Deep",Miscellaneous,Individual,Mumbai,Maharashtra,Active,1011.0,3.0,38482.21,12827.403333333334,3.0,0.0,0.0,1.0,4676.01,0.0,0.0,0.0,33.33,12.15,25.0,Medium,False,False,True
MCH7661,Pal-Atwal,Hotel & Lodging,Partnership,Kolkata,West Bengal,Active,1304.11,1.0,24245.83,24245.83,1.0,0.0,0.0,1.0,4581.94,0.0,0.0,0.0,100.0,18.9,25.0,Medium,False,False,True
MCH7063,"Garg, Bawa And Hans",Telecom,Private Limited,Lucknow,Uttar Pradesh,Active,2717.9,1.0,1147.0,1147.0,1.0,0.0,0.0,1.0,4533.6,0.0,0.0,0.0,100.0,395.26,25.0,Medium,False,False,True
MCH8614,Basu-Gola,Travel,Partnership,Pune,Maharashtra,Active,1454.86,6.0,76479.17,12746.528333333334,5.0,1.0,0.0,1.0,4511.29,0.0,0.0,16.67,16.67,5.9,25.0,Medium,False,False,True
MCH6383,Char Plc,Telecom,Sole Proprietor,Bengaluru,Karnataka,Active,266.0,3.0,16355.84,5451.946666666667,3.0,0.0,0.0,1.0,4363.63,0.0,0.0,0.0,33.33,26.68,25.0,Medium,False,False,True
MCH8600,"Kalita, Bains And Gandhi",Restaurants & Food,Sole Proprietor,Delhi,Delhi,Active,855.0,2.0,28165.25,14082.625,2.0,0.0,0.0,1.0,4361.29,0.0,0.0,0.0,50.0,15.48,25.0,Medium,False,False,True
MCH8805,Bose Inc,Apparel & Fashion,Individual,Ludhiana,Punjab,Active,6022.98,3.0,30155.010000000002,10051.67,3.0,0.0,0.0,1.0,4246.38,0.0,0.0,0.0,33.33,14.08,25.0,Medium,False,False,True
MCH1438,Pandit-Menon,Miscellaneous,Partnership,Bengaluru,Karnataka,Active,409.59,6.0,96797.19,16132.865,5.0,0.0,0.0,1.0,4232.74,0.0,0.0,0.0,16.67,4.37,25.0,Medium,False,False,True
MCH4526,"Mittal, Saha And Puri",Apparel & Fashion,Sole Proprietor,Bengaluru,Karnataka,Active,893.38,2.0,29362.010000000002,14681.005000000001,2.0,0.0,0.0,1.0,4193.52,0.0,0.0,0.0,50.0,14.28,25.0,Medium,False,False,True
MCH2118,Jani-Subramaniam,Books & Stationery,Partnership,Ludhiana,Punjab,Active,1546.09,5.0,89912.89,17982.578,4.0,0.0,0.0,1.0,4136.0,0.0,0.0,0.0,20.0,4.6,25.0,Medium,False,False,True
MCH3452,"Tandon, Oza And Sharma",Grocery,Sole Proprietor,Pune,Maharashtra,Inactive,,3.0,25142.41,8380.803333333333,3.0,0.0,0.0,1.0,4081.84,0.0,0.0,0.0,33.33,16.23,25.0,Medium,False,False,True
MCH2522,Savant-Sangha,Retail,Partnership,Mumbai,Maharashtra,Active,702.03,4.0,37242.5,9310.625,4.0,0.0,0.0,1.0,4066.0,0.0,0.0,0.0,25.0,10.92,25.0,Medium,False,False,True
MCH5671,Bava-Arya,Apparel & Fashion,Private Limited,Hyderabad,Telangana,Active,2123.47,1.0,14297.02,14297.02,1.0,0.0,0.0,1.0,4063.03,0.0,0.0,0.0,100.0,28.42,25.0,Medium,False,False,True
MCH7644,Mital Plc,Hotel & Lodging,Sole Proprietor,Chennai,Tamil Nadu,Active,602.59,1.0,1965.27,1965.27,1.0,0.0,0.0,1.0,4001.0,0.0,0.0,0.0,100.0,203.59,25.0,Medium,False,False,True
MCH3324,Char-Gera,Apparel & Fashion,Partnership,Pune,Maharashtra,Suspended,2076.73,1.0,14699.01,14699.01,1.0,0.0,0.0,1.0,3962.0,0.0,0.0,0.0,100.0,26.95,25.0,Medium,False,False,True
MCH2534,Shetty-Sundaram,Grocery,Private Limited,Pune,Maharashtra,Active,709.87,3.0,31664.79,10554.93,3.0,0.0,0.0,1.0,3882.6,0.0,0.0,0.0,33.33,12.26,25.0,Medium,False,False,True
MCH6401,Ramachandran-Borah,Telecom,Private Limited,Bengaluru,Karnataka,Active,371.0,2.0,24048.32,12024.16,2.0,0.0,0.0,1.0,3857.22,0.0,0.0,0.0,50.0,16.04,25.0,Medium,False,False,True
MCH1768,"Mody, Tata And Chatterjee",Transportation,Sole Proprietor,Chennai,Tamil Nadu,Active,360.87,2.0,4982.6900000000005,2491.3450000000003,2.0,0.0,0.0,1.0,3840.0,0.0,0.0,0.0,50.0,77.07,25.0,Medium,False,False,True
MCH4788,Chauhan-Kh0S1A,Apparel & Fashion,Individual,Bengaluru,Karnataka,Active,109.29,1.0,23025.65,23025.65,1.0,0.0,0.0,1.0,3839.34,0.0,0.0,0.0,100.0,16.67,25.0,Medium,False,False,True
MCH3441,"Naidu, Nayar And Chand",Books & Stationery,Partnership,Ludhiana,Punjab,Active,817.0,3.0,48051.08,16017.026666666667,3.0,0.0,0.0,1.0,3809.65,0.0,0.0,0.0,33.33,7.93,25.0,Medium,False,False,True
MCH7047,Batta-Bhavsar,Telecom,Individual,Lucknow,Uttar Pradesh,Active,691.03,3.0,58828.0,19609.333333333332,2.0,0.0,1.0,1.0,3771.28,0.0,0.0,0.0,33.33,6.41,25.0,Medium,False,False,True
MCH5050,Subramanian-Dua,Books & Stationery,Partnership,Pune,Maharashtra,Active,1506.0,2.0,31109.940000000002,15554.970000000001,2.0,0.0,0.0,1.0,3746.75,0.0,0.0,0.0,50.0,12.04,25.0,Medium,False,False,True
MCH9537,Chakrab0Rty Plc,Books & Stationery,Individual,Amritsar,Punjab,Active,,4.0,43151.29,10787.8225,4.0,0.0,0.0,1.0,3745.94,0.0,0.0,0.0,25.0,8.68,25.0,Medium,False,False,True
MCH5147,"Rao, Mahal And Wable",Miscellaneous,Private Limited,Jalandhar,Punjab,Active,687.0,6.0,63243.38,10540.563333333334,6.0,0.0,0.0,1.0,3743.54,0.0,0.0,0.0,16.67,5.92,25.0,Medium,False,False,True
MCH6960,Das-Dhawan,Restaurants & Food,Partnership,Jaipur,Rajasthan,Active,1832.0,5.0,66207.0,13241.4,3.0,0.0,1.0,1.0,3741.98,0.0,0.0,0.0,20.0,5.65,25.0,Medium,False,False,True
MCH3822,Anne And Sons,Grocery,Private Limited,Amritsar,Punjab,Active,2115.91,1.0,11554.9,11554.9,1.0,0.0,0.0,1.0,3661.3,0.0,0.0,0.0,100.0,31.69,25.0,Medium,False,False,True
MCH6488,"Cheema, Dubey And Kala",Apparel & Fashion,Private Limited,Mumbai,Maharashtra,Active,1180.07,2.0,21090.72,10545.36,2.0,0.0,0.0,1.0,3608.0,0.0,0.0,0.0,50.0,17.11,25.0,Medium,False,False,True
MCH4244,"Doctor, Pillay And Nori",Department Store,Individual,Ludhiana,Punjab,Active,2111.57,1.0,892.43,892.43,1.0,0.0,0.0,1.0,3569.92,0.0,0.0,0.0,100.0,400.02,25.0,Medium,False,False,True
MCH6219,"Morar, Walla And Behl",Medical,Partnership,Delhi,Delhi,Active,4347.57,5.0,72436.34,14487.268,5.0,0.0,0.0,1.0,3555.94,0.0,0.0,0.0,20.0,4.91,25.0,Medium,False,False,True
MCH1041,Pat1A-S0M,Apparel & Fashion,Private Limited,Kolkata,West Bengal,Active,3701.53,6.0,41966.86,6994.4766666666665,6.0,0.0,0.0,1.0,3544.0,0.0,0.0,0.0,16.67,8.44,25.0,Medium,False,False,True
MCH1159,De Ltd,Books & Stationery,Individual,Kolkata,West Bengal,Active,1672.61,2.0,22642.06,11321.03,2.0,0.0,0.0,1.0,3536.59,0.0,0.0,0.0,50.0,15.62,25.0,Medium,False,False,True
MCH3984,"Wadhwa, Sunder And Bobal",Hotel & Lodging,Private Limited,Chennai,Tamil Nadu,Active,1305.55,2.0,21662.33,10831.165,1.0,0.0,1.0,1.0,3397.0,0.0,0.0,0.0,50.0,15.68,25.0,Medium,False,False,True
MCH4469,Mane And Sons,Transportation,Partnership,Hyderabad,Telangana,Active,1447.11,2.0,16284.28,8142.14,2.0,0.0,0.0,1.0,3382.78,0.0,0.0,0.0,50.0,20.77,25.0,Medium,False,False,True
MCH6429,Doshi Group,Apparel & Fashion,Sole Proprietor,Amritsar,Punjab,Active,369.26,4.0,52214.64,13053.66,4.0,0.0,0.0,1.0,3376.98,0.0,0.0,0.0,25.0,6.47,25.0,Medium,False,False,True
MCH5528,"Bhagat, Sathe And Iyengar",Grocery,Sole Proprietor,Pune,Maharashtra,Active,668.43,1.0,9825.71,9825.71,0.0,0.0,0.0,1.0,3291.51,0.0,0.0,0.0,100.0,33.5,25.0,Medium,False,False,True
MCH5833,Deep And Sons,Grocery,Partnership,Jaipur,Rajasthan,Active,4335.22,2.0,20894.03,10447.015,2.0,0.0,0.0,1.0,3278.36,0.0,0.0,0.0,50.0,15.69,25.0,Medium,False,False,True
MCH8828,Ranganathan And Sons,Travel,Individual,Amritsar,Punjab,Active,,1.0,11873.45,11873.45,1.0,0.0,0.0,1.0,3272.08,0.0,0.0,0.0,100.0,27.56,25.0,Medium,False,False,True
MCH1434,Kale And Sons,Restaurants & Food,Private Limited,Jalandhar,Punjab,Active,985.73,2.0,37745.490000000005,18872.745000000003,2.0,0.0,0.0,1.0,3229.57,0.0,0.0,0.0,50.0,8.56,25.0,Medium,False,False,True
MCH2836,Rai And Sons,Pharmacy,Private Limited,Chennai,Tamil Nadu,Inactive,3262.99,4.0,55687.6,13921.9,4.0,0.0,0.0,1.0,3225.2,0.0,0.0,0.0,25.0,5.79,25.0,Medium,False,False,True
MCH3046,Walla Plc,Books & Stationery,Private Limited,Jalandhar,Punjab,On Hold,6756.54,3.0,33090.21,11030.07,3.0,0.0,0.0,1.0,3214.54,0.0,0.0,0.0,33.33,9.71,25.0,Medium,False,False,True
MCH6244,Memon And Sons,Retail,Individual,Mumbai,Maharashtra,Inactive,,1.0,15962.47,15962.47,1.0,0.0,0.0,1.0,3174.58,0.0,0.0,0.0,100.0,19.89,25.0,Medium,False,False,True
MCH5378,Biswas-Seshadri,Grocery,Sole Proprietor,Kolkata,West Bengal,Active,815.52,2.0,18295.82,9147.91,2.0,0.0,0.0,1.0,3146.39,0.0,0.0,0.0,50.0,17.2,25.0,Medium,False,False,True
MCH2842,Anne Ltd,Apparel & Fashion,Partnership,Delhi,Delhi,Active,1642.14,3.0,55927.850000000006,18642.61666666667,3.0,0.0,0.0,1.0,3144.27,0.0,0.0,0.0,33.33,5.62,25.0,Medium,False,False,True
MCH9865,Minhas Plc,Books & Stationery,Private Limited,Delhi,Delhi,Active,334.0,3.0,28321.58,9440.526666666667,3.0,0.0,0.0,1.0,3134.07,0.0,0.0,0.0,33.33,11.07,25.0,Medium,False,False,True
MCH6657,Atwal-Sarraf,Grocery,Partnership,Hyderabad,Telangana,Active,804.0,4.0,35709.5,8927.375,4.0,0.0,0.0,1.0,3125.63,0.0,0.0,0.0,25.0,8.75,25.0,Medium,False,False,True
MCH9713,"Toor, Nayak And Varma",Apparel & Fashion,Individual,Jalandhar,Punjab,Active,,2.0,38683.369999999995,19341.684999999998,2.0,0.0,0.0,1.0,3123.85,0.0,0.0,0.0,50.0,8.08,25.0,Medium,False,False,True
MCH7715,Tata-Borah,Miscellaneous,Private Limited,Kolkata,West Bengal,Inactive,1652.04,4.0,57753.89,14438.4725,4.0,0.0,0.0,1.0,3121.8,0.0,0.0,0.0,25.0,5.41,25.0,Medium,False,False,True
MCH8436,"Seshadri, Minhas And Subramanian",Telecom,Individual,Delhi,Delhi,Active,1427.93,2.0,11062.1,5531.05,2.0,0.0,0.0,1.0,3120.43,0.0,0.0,0.0,50.0,28.21,25.0,Medium,False,False,True
MCH7074,Chakrabarti-Rama,Travel,Individual,Pune,Maharashtra,Active,843.0,4.0,55769.43,13942.3575,3.0,0.0,1.0,1.0,3106.54,0.0,0.0,0.0,25.0,5.57,25.0,Medium,False,False,True
MCH5070,Rau-Nagar,Miscellaneous,Private Limited,Chennai,Tamil Nadu,Active,11139.0,5.0,67926.77,13585.354000000001,5.0,0.0,0.0,1.0,3046.01,0.0,0.0,0.0,20.0,4.48,25.0,Medium,False,False,True
MCH7560,Chakraborty And Sons,Department Store,Partnership,Pune,Maharashtra,Active,2097.03,3.0,38710.71,12903.57,3.0,0.0,0.0,1.0,3014.44,0.0,0.0,0.0,33.33,7.79,25.0,Medium,False,False,True
MCH3964,"Bala, Chanda And Loyal",Books & Stationery,Partnership,Jaipur,Rajasthan,Active,2002.33,2.0,31593.739999999998,15796.869999999999,2.0,0.0,0.0,1.0,3012.1,0.0,0.0,0.0,50.0,9.53,25.0,Medium,False,False,True
MCH4977,Arora-Nayak,Miscellaneous,Individual,Ludhiana,Punjab,Active,1505.38,2.0,21144.870000000003,10572.435000000001,2.0,0.0,0.0,1.0,2999.94,0.0,0.0,0.0,50.0,14.19,25.0,Medium,False,False,True
MCH4723,Kanda Ltd,Miscellaneous,Individual,Chennai,Tamil Nadu,Active,649.83,3.0,47996.67,15998.89,3.0,0.0,0.0,1.0,2956.42,0.0,0.0,0.0,33.33,6.16,25.0,Medium,False,False,True
MCH8455,Chauhan-Raju,Department Store,Private Limited,Pune,Maharashtra,Active,1832.78,4.0,47803.82,11950.955,3.0,0.0,1.0,1.0,2926.18,0.0,0.0,0.0,25.0,6.12,25.0,Medium,False,False,True
MCH5451,Divan Llc,Grocery,Partnership,Jaipur,Rajasthan,Active,2492.35,4.0,64507.15,16126.7875,4.0,0.0,0.0,1.0,2898.89,0.0,0.0,0.0,25.0,4.49,25.0,Medium,False,False,True
MCH9912,"Gade, Bajaj And Zachariah",Hotel & Lodging,Sole Proprietor,Ludhiana,Punjab,Active,564.0,3.0,23870.33,7956.776666666668,3.0,0.0,0.0,1.0,2872.74,0.0,0.0,0.0,33.33,12.03,25.0,Medium,False,False,True
MCH8569,Tara Ltd,Restaurants & Food,Individual,Lucknow,Uttar Pradesh,Active,1022.19,2.0,41389.229999999996,20694.614999999998,2.0,0.0,0.0,1.0,2850.0,0.0,0.0,0.0,50.0,6.89,25.0,Medium,False,False,True
MCH3518,Borah And Sons,Transportation,Sole Proprietor,Mumbai,Maharashtra,Active,451.33,3.0,53556.44,17852.146666666667,3.0,0.0,0.0,1.0,2814.0,0.0,0.0,0.0,33.33,5.25,25.0,Medium,False,False,True
MCH7218,Varghese-Arya,Hotel & Lodging,Private Limited,Lucknow,Uttar Pradesh,Active,2725.82,2.0,16236.55,8118.275,2.0,0.0,0.0,1.0,2771.91,0.0,0.0,0.0,50.0,17.07,25.0,Medium,False,False,True
MCH4786,Edwin Plc,Apparel & Fashion,Individual,Ludhiana,Punjab,Active,3435.22,3.0,64842.369999999995,21614.123333333333,2.0,0.0,1.0,1.0,2766.56,0.0,0.0,0.0,33.33,4.27,25.0,Medium,False,False,True
MCH4208,Devi-Mangal,Books & Stationery,Sole Proprietor,Ludhiana,Punjab,Active,1564.41,4.0,41907.22,10476.805,3.0,0.0,1.0,1.0,2733.0,0.0,0.0,0.0,25.0,6.52,25.0,Medium,False,False,True
MCH9839,Natarajan-Keer,Restaurants & Food,Individual,Delhi,Delhi,Active,2189.15,2.0,35020.86,17510.43,2.0,0.0,0.0,1.0,2697.0,0.0,0.0,0.0,50.0,7.7,25.0,Medium,False,False,True
MCH5873,"Kade, Srivastava And Iyengar",Miscellaneous,Partnership,Lucknow,Uttar Pradesh,Active,3185.85,1.0,13097.0,13097.0,1.0,0.0,0.0,1.0,2676.58,0.0,0.0,0.0,100.0,20.44,25.0,Medium,False,False,True
MCH2200,Choudhry-Vig,Telecom,Private Limited,Jaipur,Rajasthan,Active,207.14,3.0,6660.8,2220.266666666667,3.0,0.0,0.0,1.0,2672.78,0.0,0.0,0.0,33.33,40.13,25.0,Medium,False,False,True
MCH8062,Randhawa-Kata,Miscellaneous,Individual,Mumbai,Maharashtra,Active,1473.0,5.0,67947.39,13589.478,4.0,0.0,0.0,1.0,2662.81,0.0,0.0,0.0,20.0,3.92,25.0,Medium,False,False,True
MCH9472,Sankaran-Om,Apparel & Fashion,Private Limited,Delhi,Delhi,Inactive,4710.1,2.0,18960.739999999998,9480.369999999999,2.0,0.0,0.0,1.0,2649.1,0.0,0.0,0.0,50.0,13.97,25.0,Medium,False,False,True
MCH5575,Sandal Llc,Grocery,Partnership,Chennai,Tamil Nadu,Active,5255.72,5.0,89649.3,17929.86,5.0,0.0,0.0,1.0,2625.77,0.0,0.0,0.0,20.0,2.93,25.0,Medium,False,False,True
MCH2800,Raja-Naik,Department Store,Private Limited,Bengaluru,Karnataka,Inactive,1096.85,1.0,1088.91,1088.91,1.0,0.0,0.0,1.0,2614.31,0.0,0.0,0.0,100.0,240.09,25.0,Medium,False,False,True
MCH8624,Kannan-Mital,Pharmacy,Sole Proprietor,Pune,Maharashtra,Active,1202.33,3.0,67665.87,22555.289999999997,3.0,0.0,0.0,1.0,2601.86,0.0,0.0,0.0,33.33,3.85,25.0,Medium,False,False,True
MCH6947,Sen Llc,Medical,Individual,Hyderabad,Telangana,Active,820.37,1.0,5759.97,5759.97,1.0,0.0,0.0,1.0,2598.82,0.0,0.0,0.0,100.0,45.12,25.0,Medium,False,False,True
MCH4212,Raman-Kohli,Grocery,Partnership,Ludhiana,Punjab,Active,3361.0,1.0,22654.52,22654.52,1.0,0.0,0.0,1.0,2595.11,0.0,0.0,0.0,100.0,11.46,25.0,Medium,False,False,True
MCH4593,Dube-Ravel,Hotel & Lodging,Partnership,Hyderabad,Telangana,Active,1285.0,2.0,32099.02,16049.51,2.0,0.0,0.0,1.0,2583.29,0.0,0.0,0.0,50.0,8.05,25.0,Medium,False,False,True
MCH1397,Memon Llc,Books & Stationery,Private Limited,Bengaluru,Karnataka,Active,1062.38,1.0,20749.65,20749.65,1.0,0.0,0.0,1.0,2554.86,0.0,0.0,0.0,100.0,12.31,25.0,Medium,False,False,True
MCH9397,Ramaswamy-Goel,Grocery,Private Limited,Jalandhar,Punjab,Active,1519.0,2.0,35350.75,17675.375,2.0,0.0,0.0,1.0,2505.44,0.0,0.0,0.0,50.0,7.09,25.0,Medium,False,False,True
MCH2137,Saran And Sons,Apparel & Fashion,Private Limited,Delhi,Delhi,Active,2376.86,2.0,20267.42,10133.71,2.0,0.0,0.0,1.0,2501.0,0.0,0.0,0.0,50.0,12.34,25.0,Medium,False,False,True
MCH5798,Divan-Mahal,Restaurants & Food,Individual,Jaipur,Rajasthan,Active,110.98,5.0,59583.86,11916.772,5.0,0.0,0.0,1.0,2438.0,0.0,0.0,0.0,20.0,4.09,25.0,Medium,False,False,True
MCH4709,Ramakrishnan-Palla,Telecom,Individual,Bengaluru,Karnataka,Active,1190.3,2.0,19868.870000000003,9934.435000000001,2.0,0.0,0.0,1.0,2406.17,0.0,0.0,0.0,50.0,12.11,25.0,Medium,False,False,True
MCH7681,"Aggarwal, Raj And Mand",Retail,Individual,Amritsar,Punjab,Active,148.0,2.0,20415.9,10207.95,2.0,0.0,0.0,1.0,2379.68,0.0,0.0,0.0,50.0,11.66,25.0,Medium,False,False,True
MCH5787,Bassi Inc,Hotel & Lodging,Sole Proprietor,Mumbai,Maharashtra,Active,555.97,3.0,21676.21,7225.403333333333,2.0,0.0,0.0,1.0,2374.29,0.0,0.0,0.0,33.33,10.95,25.0,Medium,False,False,True
MCH1007,"Sunder, Wason And Pau",Restaurants & Food,Partnership,Jaipur,Rajasthan,Active,164.45,3.0,44405.6,14801.866666666667,3.0,0.0,0.0,1.0,2326.89,0.0,0.0,0.0,33.33,5.24,25.0,Medium,False,False,True
MCH6044,Narain-Srivastava,Hotel & Lodging,Sole Proprietor,Hyderabad,Telangana,Active,141.65,2.0,15816.18,7908.09,2.0,0.0,0.0,1.0,2316.9,0.0,0.0,0.0,50.0,14.65,25.0,Medium,False,False,True
MCH8044,"Sant, Nadkarni And Rajan",Department Store,Individual,Bengaluru,Karnataka,Active,,1.0,8387.23,8387.23,1.0,0.0,0.0,1.0,2299.02,0.0,0.0,0.0,100.0,27.41,25.0,Medium,False,False,True
MCH4157,Minhas-Saran,Telecom,Partnership,Mumbai,Maharashtra,Active,,2.0,38077.43,19038.715,2.0,0.0,0.0,1.0,2266.29,0.0,0.0,0.0,50.0,5.95,25.0,Medium,False,False,True
MCH2530,Bal-Sant,Miscellaneous,Partnership,Kolkata,West Bengal,Active,372.49,1.0,24140.59,24140.59,1.0,0.0,0.0,1.0,2231.59,0.0,0.0,0.0,100.0,9.24,25.0,Medium,False,False,True
MCH6716,Shan Plc,Apparel & Fashion,Partnership,Amritsar,Punjab,Active,1208.93,4.0,40129.77,10032.4425,4.0,0.0,0.0,1.0,2213.96,0.0,0.0,0.0,25.0,5.52,25.0,Medium,False,False,True
MCH7733,Bora Inc,Telecom,Private Limited,Lucknow,Uttar Pradesh,Active,5028.38,2.0,32749.88,16374.94,2.0,0.0,0.0,1.0,2203.0,0.0,0.0,0.0,50.0,6.73,25.0,Medium,False,False,True
MCH6959,"Agrawal, Bhatt And Babu",Hotel & Lodging,Partnership,Lucknow,Uttar Pradesh,Active,611.31,3.0,51488.78,17162.926666666666,3.0,0.0,0.0,1.0,2197.57,0.0,0.0,0.0,33.33,4.27,25.0,Medium,False,False,True
MCH3216,K0Thari-Bhatia,Grocery,Sole Proprietor,Hyderabad,Telangana,Active,1987.15,2.0,34710.270000000004,17355.135000000002,2.0,0.0,0.0,1.0,2185.09,0.0,0.0,0.0,50.0,6.3,25.0,Medium,False,False,True
MCH8645,"Desai, Agarwal And Handa",Telecom,Individual,Ludhiana,Punjab,Active,1177.09,4.0,38609.770000000004,9652.442500000001,4.0,0.0,0.0,1.0,2183.89,0.0,0.0,0.0,25.0,5.66,25.0,Medium,False,False,True
MCH1641,Bali Llc,Miscellaneous,Sole Proprietor,Delhi,Delhi,Active,,1.0,15904.65,15904.65,0.0,0.0,1.0,1.0,2131.37,0.0,0.0,0.0,100.0,13.4,25.0,Medium,False,False,True
MCH5223,"Dua, Raj And Aurora",Restaurants & Food,Private Limited,Ludhiana,Punjab,Active,986.86,1.0,10042.53,10042.53,1.0,0.0,0.0,1.0,2130.67,0.0,0.0,0.0,100.0,21.22,25.0,Medium,False,False,True
MCH4006,"Guha, Bumb And Bora",Transportation,Sole Proprietor,Jaipur,Rajasthan,Active,2379.0,1.0,19417.16,19417.16,1.0,0.0,0.0,1.0,2130.14,0.0,0.0,0.0,100.0,10.97,25.0,Medium,False,False,True
MCH8870,Solanki-Cherian,Transportation,Partnership,Kolkata,West Bengal,Active,1597.0,4.0,65671.55,16417.8875,4.0,0.0,0.0,1.0,2126.63,0.0,0.0,0.0,25.0,3.24,25.0,Medium,False,False,True
MCH2746,"Tella, Mane And Pillai",Hotel & Lodging,Private Limited,Ludhiana,Punjab,Inactive,395.56,2.0,16652.92,8326.46,2.0,0.0,0.0,1.0,2123.39,0.0,0.0,0.0,50.0,12.75,25.0,Medium,False,False,True
MCH7607,"Vyas, Ramakrishnan And Narayanan",Books & Stationery,Sole Proprietor,Amritsar,Punjab,Active,7039.03,6.0,64887.54,10814.59,5.0,1.0,0.0,1.0,2117.07,0.0,0.0,16.67,16.67,3.26,25.0,Medium,False,False,True
MCH2960,Malhotra-Buch,Transportation,Private Limited,Chennai,Tamil Nadu,Active,2348.07,1.0,14827.93,14827.93,1.0,0.0,0.0,1.0,2075.0,0.0,0.0,0.0,100.0,13.99,25.0,Medium,False,False,True
MCH6419,"Bhalla, Dubey And Salvi",Medical,Sole Proprietor,Jaipur,Rajasthan,Active,3881.01,2.0,16283.259999999998,8141.629999999999,2.0,0.0,0.0,1.0,2052.97,0.0,0.0,0.0,50.0,12.61,25.0,Medium,False,False,True
MCH9867,Tripathiltd,Books & Stationery,Individual,Hyderabad,Telangana,Active,936.0,1.0,6313.8,6313.8,0.0,0.0,0.0,1.0,2038.0,0.0,0.0,0.0,100.0,32.28,25.0,Medium,False,False,True
MCH8540,Tiwari Ltd,Miscellaneous,Sole Proprietor,Jaipur,Rajasthan,Active,,3.0,26648.96,8882.986666666666,3.0,0.0,0.0,1.0,2018.57,0.0,0.0,0.0,33.33,7.57,25.0,Medium,False,False,True
MCH9729,Prabhakar Ltd,Restaurants & Food,Individual,Bengaluru,Karnataka,Active,1127.0,1.0,3389.0,3389.0,1.0,0.0,0.0,1.0,1995.28,0.0,0.0,0.0,100.0,58.88,25.0,Medium,False,False,True
MCH2064,Date And Sons,Restaurants & Food,Private Limited,Delhi,Delhi,Active,1715.0,1.0,15150.27,15150.27,1.0,0.0,0.0,1.0,1986.27,0.0,0.0,0.0,100.0,13.11,25.0,Medium,False,False,True
MCH3440,"Sahni, Thakur And Kale",Grocery,Partnership,Hyderabad,Telangana,Active,797.0,5.0,92708.89,18541.778,4.0,0.0,0.0,1.0,1966.13,0.0,0.0,0.0,20.0,2.12,25.0,Medium,False,False,True
MCH1785,Shere-Pall,Department Store,Sole Proprietor,Kolkata,West Bengal,Active,2271.85,1.0,10901.63,10901.63,1.0,0.0,0.0,1.0,1946.17,0.0,0.0,0.0,100.0,17.85,25.0,Medium,False,False,True
MCH4334,"Nazareth, Loyal And Dhar",Department Store,Individual,Ludhiana,Punjab,Active,6505.28,1.0,14498.49,14498.49,0.0,0.0,1.0,1.0,1931.29,0.0,0.0,0.0,100.0,13.32,25.0,Medium,False,False,True
MCH1314,"Pant, Mammen And Doctor",Apparel & Fashion,Individual,Jaipur,Rajasthan,Active,1045.43,1.0,11310.45,11310.45,1.0,0.0,0.0,1.0,1897.14,0.0,0.0,0.0,100.0,16.77,25.0,Medium,False,False,True
MCH8435,Bajwa-Sandhu,Apparel & Fashion,Individual,Jaipur,Rajasthan,Active,,1.0,7150.0,7150.0,1.0,0.0,0.0,1.0,1887.02,0.0,0.0,0.0,100.0,26.39,25.0,Medium,False,False,True
MCH9823,Kunda-Parekh,Restaurants & Food,Individual,Mumbai,Maharashtra,Active,1308.28,1.0,6322.12,6322.12,1.0,0.0,0.0,1.0,1878.56,0.0,0.0,0.0,100.0,29.71,25.0,Medium,False,False,True
MCH5226,Tiwari-Pau,Miscellaneous,Individual,Lucknow,Uttar Pradesh,Active,271.33,1.0,12681.42,12681.42,1.0,0.0,0.0,1.0,1874.0,0.0,0.0,0.0,100.0,14.78,25.0,Medium,False,False,True
MCH9632,Kade-Shere,Department Store,Sole Proprietor,Delhi,Delhi,Active,895.55,3.0,47946.97,15982.323333333334,3.0,0.0,0.0,1.0,1870.83,0.0,0.0,0.0,33.33,3.9,25.0,Medium,False,False,True
MCH3594,Khalsa Inc,Miscellaneous,Partnership,Chennai,Tamil Nadu,Active,381.0,6.0,37573.92,6262.32,6.0,0.0,0.0,1.0,1866.96,0.0,0.0,0.0,16.67,4.97,25.0,Medium,False,False,True
MCH7724,"Johal, Khatri And Sant",Grocery,Individual,Jalandhar,Punjab,Active,3132.9,3.0,48120.68,16040.226666666667,3.0,0.0,0.0,1.0,1863.22,0.0,0.0,0.0,33.33,3.87,25.0,Medium,False,False,True
MCH5042,Nagi-Raja,Pharmacy,Individual,Kolkata,West Bengal,Active,3524.4,3.0,50313.26,16771.086666666666,3.0,0.0,0.0,1.0,1859.77,0.0,0.0,0.0,33.33,3.7,25.0,Medium,False,False,True
MCH4732,"Ramanathan, Kanda And Karnik",Restaurants & Food,Private Limited,Lucknow,Uttar Pradesh,Active,3954.51,1.0,512.84,512.84,1.0,0.0,0.0,1.0,1855.84,0.0,0.0,0.0,100.0,361.88,25.0,Medium,False,False,True
MCH8247,"Pandya, Muni And Hora",Telecom,Partnership,Lucknow,Uttar Pradesh,Active,1396.47,6.0,65294.07000000001,10882.345000000001,5.0,1.0,0.0,1.0,1837.0,0.0,0.0,16.67,16.67,2.81,25.0,Medium,False,False,True
MCH9442,Issac-Batra,Hotel & Lodging,Partnership,Delhi,Delhi,Active,1049.17,2.0,28705.93,14352.965,2.0,0.0,0.0,1.0,1820.01,0.0,0.0,0.0,50.0,6.34,25.0,Medium,False,False,True
MCH5631,"Bhattacharyya, Behl And Barad",Apparel & Fashion,Sole Proprietor,Bengaluru,Karnataka,Active,857.0,1.0,2285.74,2285.74,1.0,0.0,0.0,1.0,1792.1,0.0,0.0,0.0,100.0,78.4,25.0,Medium,False,False,True
MCH3412,Tak And Sons,Hotel & Lodging,Sole Proprietor,Jaipur,Rajasthan,Active,4884.39,3.0,61765.19,20588.396666666667,2.0,0.0,1.0,1.0,1791.89,0.0,0.0,0.0,33.33,2.9,25.0,Medium,False,False,True
MCH5765,Murty Inc,Transportation,Partnership,Mumbai,Maharashtra,Active,2715.83,1.0,18653.66,18653.66,1.0,0.0,0.0,1.0,1778.23,0.0,0.0,0.0,100.0,9.53,25.0,Medium,False,False,True
MCH6890,Pandit-Narasimhan,Hotel & Lodging,Private Limited,Kolkata,West Bengal,Inactive,525.87,1.0,14449.76,14449.76,1.0,0.0,0.0,1.0,1735.16,0.0,0.0,0.0,100.0,12.01,25.0,Medium,False,False,True
MCH7714,"Koshy, Dani And Barad",Telecom,Private Limited,Jalandhar,Punjab,Active,669.74,2.0,10419.57,5209.785,2.0,0.0,0.0,1.0,1732.28,0.0,0.0,0.0,50.0,16.63,25.0,Medium,False,False,True
MCH9426,Puri-Soman,Apparel & Fashion,Individual,Bengaluru,Karnataka,Active,333.54,2.0,18183.3,9091.65,2.0,0.0,0.0,1.0,1731.53,0.0,0.0,0.0,50.0,9.52,25.0,Medium,False,False,True
MCH2753,"Karan, Ganguly And Desai",Miscellaneous,Private Limited,Amritsar,Punjab,Active,1254.6,1.0,19307.94,19307.94,1.0,0.0,0.0,1.0,1722.43,0.0,0.0,0.0,100.0,8.92,25.0,Medium,False,False,True
MCH2492,"Dhawan, Salvi And Dara",Restaurants & Food,Partnership,Lucknow,Uttar Pradesh,Inactive,3500.9,2.0,11387.76,5693.88,2.0,0.0,0.0,1.0,1709.84,0.0,0.0,0.0,50.0,15.01,25.0,Medium,False,False,True
MCH6751,Jhaveri-Rege,Books & Stationery,Private Limited,Jalandhar,Punjab,Active,1649.91,2.0,6110.660000000001,3055.3300000000004,1.0,0.0,1.0,1.0,1704.94,0.0,0.0,0.0,50.0,27.9,25.0,Medium,False,False,True
MCH4725,Joshi Plc,Department Store,Private Limited,Amritsar,Punjab,Active,639.24,2.0,23460.77,11730.385,2.0,0.0,0.0,1.0,1700.27,0.0,0.0,0.0,50.0,7.25,25.0,Medium,False,False,True
MCH4729,"Karpe, Dhaliwal And Subramanian",Hotel & Lodging,Partnership,Amritsar,Punjab,Active,2525.97,1.0,23653.43,23653.43,1.0,0.0,0.0,1.0,1688.18,0.0,0.0,0.0,100.0,7.14,25.0,Medium,False,False,True
MCH7513,Buch Inc,Restaurants & Food,Individual,Kolkata,West Bengal,Active,584.0,4.0,43339.04,10834.76,4.0,0.0,0.0,1.0,1677.0,0.0,0.0,0.0,25.0,3.87,25.0,Medium,False,False,True
MCH4411,"Kale, Issac And Sibal",Miscellaneous,Private Limited,Mumbai,Maharashtra,Active,566.46,2.0,38180.36,19090.18,1.0,0.0,0.0,1.0,1637.49,0.0,0.0,0.0,50.0,4.29,25.0,Medium,False,False,True
MCH3011,"Ahluwalia, Contractor And Comar",Department Store,Sole Proprietor,Delhi,Delhi,Inactive,2626.62,2.0,38513.42,19256.71,2.0,0.0,0.0,1.0,1634.47,0.0,0.0,0.0,50.0,4.24,25.0,Medium,False,False,True
MCH7078,"Vasa, Gade And Viswanathan",Apparel & Fashion,Individual,Mumbai,Maharashtra,Active,660.73,3.0,39115.51,13038.503333333334,3.0,0.0,0.0,1.0,1589.0,0.0,0.0,0.0,33.33,4.06,25.0,Medium,False,False,True
MCH7838,"Yohannan, Sethi And Khare",Restaurants & Food,Sole Proprietor,Amritsar,Punjab,Active,974.3,2.0,10403.91,5201.955,2.0,0.0,0.0,1.0,1587.1,0.0,0.0,0.0,50.0,15.25,25.0,Medium,False,False,True
MCH5267,"Chandra, Som And Grewal",Transportation,Individual,Hyderabad,Telangana,Active,999.83,1.0,13288.19,13288.19,0.0,0.0,0.0,1.0,1568.0,0.0,0.0,0.0,100.0,11.8,25.0,Medium,False,False,True
MCH7992,Goel Group,Telecom,Individual,Bengaluru,Karnataka,Active,609.52,4.0,43224.0,10806.0,4.0,0.0,0.0,1.0,1567.73,0.0,0.0,0.0,25.0,3.63,25.0,Medium,False,False,True
MCH2159,Sawhney Llc,Restaurants & Food,Sole Proprietor,Jalandhar,Punjab,Active,1420.0,1.0,15567.51,15567.51,1.0,0.0,0.0,1.0,1561.56,0.0,0.0,0.0,100.0,10.03,25.0,Medium,False,False,True
MCH3936,Bath Inc,Grocery,Individual,Lucknow,Uttar Pradesh,Active,879.38,2.0,23638.36,11819.18,2.0,0.0,0.0,1.0,1537.27,0.0,0.0,0.0,50.0,6.5,25.0,Medium,False,False,True
MCH6806,Virk-Batra,Hotel & Lodging,Sole Proprietor,Jaipur,Rajasthan,Active,687.46,3.0,62316.729999999996,20772.243333333332,3.0,0.0,0.0,1.0,1535.24,0.0,0.0,0.0,33.33,2.46,25.0,Medium,False,False,True
MCH6974,Ramaswamy Ltd,Department Store,Individual,Delhi,Delhi,Active,1499.0,3.0,35216.45,11738.816666666666,3.0,0.0,0.0,1.0,1533.39,0.0,0.0,0.0,33.33,4.35,25.0,Medium,False,False,True
MCH8976,Prakash Plc,Apparel & Fashion,Sole Proprietor,Jalandhar,Punjab,Suspended,1358.57,4.0,41511.04,10377.76,4.0,0.0,0.0,1.0,1506.67,0.0,0.0,0.0,25.0,3.63,25.0,Medium,False,False,True
MCH2215,Maharaj-Kale,Hotel & Lodging,Individual,Kolkata,West Bengal,Active,3526.35,1.0,16087.81,16087.81,1.0,0.0,0.0,1.0,1506.11,0.0,0.0,0.0,100.0,9.36,25.0,Medium,False,False,True
MCH3886,Gandhi Inc,Restaurants & Food,Sole Proprietor,Kolkata,West Bengal,Active,,1.0,17852.0,17852.0,1.0,0.0,0.0,1.0,1503.32,0.0,0.0,0.0,100.0,8.42,25.0,Medium,False,False,True
MCH2832,Parmer Inc,Retail,Private Limited,Pune,Maharashtra,Active,831.48,2.0,22712.97,11356.485,2.0,0.0,0.0,1.0,1495.6,0.0,0.0,0.0,50.0,6.58,25.0,Medium,False,False,True
MCH7040,Bhasin-Lala,Books & Stationery,Individual,Mumbai,Maharashtra,Suspended,2406.66,2.0,32652.839999999997,16326.419999999998,2.0,0.0,0.0,1.0,1491.88,0.0,0.0,0.0,50.0,4.57,25.0,Medium,False,False,True
MCH9377,Chaudhuri Plc,Apparel & Fashion,Sole Proprietor,Delhi,Delhi,Active,1583.18,1.0,4032.28,4032.28,1.0,0.0,0.0,1.0,1466.29,0.0,0.0,0.0,100.0,36.36,25.0,Medium,False,False,True
MCH8068,Narula-Nadkarni,Transportation,Private Limited,Bengaluru,Karnataka,Active,,3.0,36504.46,12168.153333333334,3.0,0.0,0.0,1.0,1464.53,0.0,0.0,0.0,33.33,4.01,25.0,Medium,False,False,True
MCH1686,Chokshi And Sons,Books & Stationery,Individual,Bengaluru,Karnataka,Active,1116.34,2.0,35664.11,17832.055,2.0,0.0,0.0,1.0,1459.42,0.0,0.0,0.0,50.0,4.09,25.0,Medium,False,False,True
MCH3024,Kade-Bhatia,Restaurants & Food,Partnership,Delhi,Delhi,Active,2093.0,1.0,16913.2,16913.2,1.0,0.0,0.0,1.0,1449.14,0.0,0.0,0.0,100.0,8.57,25.0,Medium,False,False,True
MCH1779,"Maharaj, Jaggi And Reddy",Hotel & Lodging,Partnership,Bengaluru,Karnataka,Active,1540.91,1.0,9806.82,9806.82,1.0,0.0,0.0,1.0,1443.54,0.0,0.0,0.0,100.0,14.72,25.0,Medium,False,False,True
MCH3701,Mand-Bhat,Miscellaneous,Sole Proprietor,Lucknow,Uttar Pradesh,Inactive,231.29,3.0,40136.45,13378.816666666666,3.0,0.0,0.0,1.0,1425.61,0.0,0.0,0.0,33.33,3.55,25.0,Medium,False,False,True
MCH8996,Bala-Bhalla,Miscellaneous,Private Limited,Lucknow,Uttar Pradesh,Active,1146.92,1.0,12594.39,12594.39,1.0,0.0,0.0,1.0,1419.0,0.0,0.0,0.0,100.0,11.27,25.0,Medium,False,False,True
MCH4064,"Sidhu, Kunda And Hayre",Hotel & Lodging,Individual,Pune,Maharashtra,Active,1462.39,1.0,2154.0,2154.0,1.0,0.0,0.0,1.0,1413.0,0.0,0.0,0.0,100.0,65.6,25.0,Medium,False,False,True
MCH3989,Madan Llc,Grocery,Partnership,Jaipur,Rajasthan,Active,238.33,1.0,20648.08,20648.08,1.0,0.0,0.0,1.0,1405.08,0.0,0.0,0.0,100.0,6.8,25.0,Medium,False,False,True
MCH7025,"Shanker, Bandi And Bala",Miscellaneous,Individual,Bengaluru,Karnataka,Active,4575.03,1.0,17549.54,17549.54,1.0,0.0,0.0,1.0,1404.29,0.0,0.0,0.0,100.0,8.0,25.0,Medium,False,False,True
MCH8719,Kala Llc,Department Store,Individual,Kolkata,West Bengal,Active,2779.32,1.0,4164.07,4164.07,1.0,0.0,0.0,1.0,1397.32,0.0,0.0,0.0,100.0,33.56,25.0,Medium,False,False,True
MCH1721,"Mammen, Ka1A And Gara",Hotel & Lodging,Individual,Kolkata,West Bengal,Active,1736.83,1.0,14494.92,14494.92,1.0,0.0,0.0,1.0,1390.01,0.0,0.0,0.0,100.0,9.59,25.0,Medium,False,False,True
MCH6965,Lala Group,Medical,Private Limited,Pune,Maharashtra,Active,256.0,2.0,41906.86,20953.43,2.0,0.0,0.0,1.0,1372.0,0.0,0.0,0.0,50.0,3.27,25.0,Medium,False,False,True
MCH1722,Patel-Warrior,Hotel & Lodging,Individual,Kolkata,West Bengal,Active,420.0,3.0,45198.6,15066.199999999999,3.0,0.0,0.0,1.0,1356.41,0.0,0.0,0.0,33.33,3.0,25.0,Medium,False,False,True
MCH9786,"Pai, Thakkar And Krish",Department Store,Private Limited,Hyderabad,Telangana,Active,1876.06,2.0,35598.159999999996,17799.079999999998,2.0,0.0,0.0,1.0,1347.43,0.0,0.0,0.0,50.0,3.79,25.0,Medium,False,False,True
MCH3558,"Bhattacharyya, Mahal And Setty",Transportation,Partnership,Jaipur,Rajasthan,Active,4448.97,1.0,2706.56,2706.56,1.0,0.0,0.0,1.0,1317.94,0.0,0.0,0.0,100.0,48.69,25.0,Medium,False,False,True
MCH2265,"Bail, Gopal And Khare",Pharmacy,Partnership,Lucknow,Uttar Pradesh,Inactive,,2.0,41674.94,20837.47,1.0,0.0,0.0,1.0,1311.0,0.0,0.0,0.0,50.0,3.15,25.0,Medium,False,False,True
MCH2973,"Bhargava, Dani And Krishnamurthy",Transportation,Partnership,Ludhiana,Punjab,Active,3748.31,2.0,27006.35,13503.175,2.0,0.0,0.0,1.0,1309.6,0.0,0.0,0.0,50.0,4.85,25.0,Medium,False,False,True
MCH1581,"Nayak, Verma And Sawhney",Department Store,Partnership,Mumbai,Maharashtra,Active,3655.93,1.0,17083.38,17083.38,1.0,0.0,0.0,1.0,1288.0,0.0,0.0,0.0,100.0,7.54,25.0,Medium,False,False,True
MCH8648,"Kumer, Pradhan And Pai",Pharmacy,Sole Proprietor,Jalandhar,Punjab,Active,2147.87,3.0,24296.309999999998,8098.7699999999995,3.0,0.0,0.0,1.0,1251.7,0.0,0.0,0.0,33.33,5.15,25.0,Medium,False,False,True
MCH4475,"Ray, Kulkarni And Suresh",Department Store,Private Limited,Ludhiana,Punjab,Active,3417.23,4.0,41296.48,10324.12,3.0,0.0,1.0,1.0,1247.52,0.0,0.0,0.0,25.0,3.02,25.0,Medium,False,False,True
MCH3613,Lad-Chacko,Telecom,Private Limited,Jaipur,Rajasthan,Active,466.16,4.0,65389.78,16347.445,4.0,0.0,0.0,1.0,1247.41,0.0,0.0,0.0,25.0,1.91,25.0,Medium,False,False,True
MCH4581,"Tailor, Ganesh And Menon",Restaurants & Food,Partnership,Mumbai,Maharashtra,Inactive,1137.0,1.0,15138.96,15138.96,1.0,0.0,0.0,1.0,1245.39,0.0,0.0,0.0,100.0,8.23,25.0,Medium,False,False,True
MCH2588,Datta Inc,Apparel & Fashion,Private Limited,Jaipur,Rajasthan,Active,311.95,1.0,23576.09,23576.09,1.0,0.0,0.0,1.0,1232.87,0.0,0.0,0.0,100.0,5.23,25.0,Medium,False,False,True
MCH5927,"Hayer, Palla And Ganesh",Apparel & Fashion,Private Limited,Lucknow,Uttar Pradesh,Active,3764.09,2.0,26066.149999999998,13033.074999999999,2.0,0.0,0.0,1.0,1222.0,0.0,0.0,0.0,50.0,4.69,25.0,Medium,False,False,True
MCH5516,Muni Llc,Apparel & Fashion,Individual,Kolkata,West Bengal,Active,1139.0,1.0,10395.88,10395.88,1.0,0.0,0.0,1.0,1209.77,0.0,0.0,0.0,100.0,11.64,25.0,Medium,False,False,True
MCH1441,"Kakar, Parsa And Sodhi",Miscellaneous,Partnership,Lucknow,Uttar Pradesh,Active,1723.15,2.0,45685.09,22842.545,2.0,0.0,0.0,1.0,1181.91,0.0,0.0,0.0,50.0,2.59,25.0,Medium,False,False,True
MCH4577,"Atwal, Sura And Bhatti",Restaurants & Food,Partnership,Hyderabad,Telangana,Active,316.9,4.0,37443.11,9360.7775,3.0,0.0,0.0,1.0,1181.23,0.0,0.0,0.0,25.0,3.15,25.0,Medium,False,False,True
MCH8212,Taneja Ltd,Department Store,Private Limited,Chennai,Tamil Nadu,Inactive,2159.07,1.0,18458.09,18458.09,1.0,0.0,0.0,1.0,1163.64,0.0,0.0,0.0,100.0,6.3,25.0,Medium,False,False,True
MCH7765,Dyal Llc,Restaurants & Food,Individual,Amritsar,Punjab,Active,3067.55,1.0,12761.46,12761.46,1.0,0.0,0.0,1.0,1151.15,0.0,0.0,0.0,100.0,9.02,25.0,Medium,False,False,True
MCH6084,Gera-Patla,Transportation,Sole Proprietor,Lucknow,Uttar Pradesh,Active,3360.46,3.0,42265.14,14088.38,3.0,0.0,0.0,1.0,1146.96,0.0,0.0,0.0,33.33,2.71,25.0,Medium,False,False,True
MCH8140,"Chokshi, Johal And Sachdeva",Restaurants & Food,Sole Proprietor,Kolkata,West Bengal,Active,1136.04,5.0,94599.8,18919.96,5.0,0.0,0.0,1.0,1142.86,0.0,0.0,0.0,20.0,1.21,25.0,Medium,False,False,True
MCH6051,"Prashad, Date And Sodhi",Department Store,Private Limited,Jalandhar,Punjab,Active,,3.0,28452.31,9484.103333333334,3.0,0.0,0.0,1.0,1128.27,0.0,0.0,0.0,33.33,3.97,25.0,Medium,False,False,True
MCH7581,"Deshpande, Butala And Jain",Apparel & Fashion,Private Limited,Lucknow,Uttar Pradesh,Active,,1.0,21364.34,21364.34,1.0,0.0,0.0,1.0,1126.18,0.0,0.0,0.0,100.0,5.27,25.0,Medium,False,False,True
MCH1097,"Narayan, Datta And Chowdhury",Miscellaneous,Individual,Lucknow,Uttar Pradesh,Active,343.8,1.0,3111.18,3111.18,1.0,0.0,0.0,1.0,1124.0,0.0,0.0,0.0,100.0,36.13,25.0,Medium,False,False,True
MCH6507,"Ba1Akrishnan, Shr0Ff And Tank",Transportation,Individual,Ludhiana,Punjab,Active,1269.14,1.0,22532.47,22532.47,1.0,0.0,0.0,1.0,1095.0,0.0,0.0,0.0,100.0,4.86,25.0,Medium,False,False,True
MCH1599,Rastogi-Kumer,Department Store,Partnership,Jalandhar,Punjab,Active,361.82,2.0,36556.01,18278.005,2.0,0.0,0.0,1.0,1087.37,0.0,0.0,0.0,50.0,2.97,25.0,Medium,False,False,True
MCH6520,Manda-Shah,Medical,Individual,Kolkata,West Bengal,Active,1457.02,1.0,3740.05,3740.05,1.0,0.0,0.0,1.0,1085.0,0.0,0.0,0.0,100.0,29.01,25.0,Medium,False,False,True
MCH4024,Choudhury Ltd,Miscellaneous,Individual,Ludhiana,Punjab,Active,,3.0,21852.5,7284.166666666667,3.0,0.0,0.0,1.0,1072.99,0.0,0.0,0.0,33.33,4.91,25.0,Medium,False,False,True
MCH7914,Grover-Karnik,Telecom,Sole Proprietor,Jaipur,Rajasthan,Active,1922.54,4.0,52216.21,13054.0525,3.0,0.0,0.0,1.0,1070.58,0.0,0.0,0.0,25.0,2.05,25.0,Medium,False,False,True
MCH5914,Ku1Karni-Deshmukh,Apparel & Fashion,Individual,Jaipur,Rajasthan,Active,386.71,1.0,5837.36,5837.36,1.0,0.0,0.0,1.0,1048.77,0.0,0.0,0.0,100.0,17.97,25.0,Medium,False,False,True
MCH3454,Rajagopal-Wason,Restaurants & Food,Partnership,Hyderabad,Telangana,Active,,4.0,42280.21000000001,10570.052500000002,4.0,0.0,0.0,1.0,1047.52,0.0,0.0,0.0,25.0,2.48,25.0,Medium,False,False,True
MCH8980,"Peri, Karpe And Saraf",Apparel & Fashion,Sole Proprietor,Jalandhar,Punjab,Active,277.5,2.0,21840.300000000003,10920.150000000001,2.0,0.0,0.0,1.0,1038.0,0.0,0.0,0.0,50.0,4.75,25.0,Medium,False,False,True
MCH4047,Kaul-Barad,Department Store,Sole Proprietor,Mumbai,Maharashtra,Active,986.5,1.0,23229.2,23229.2,1.0,0.0,0.0,1.0,1016.01,0.0,0.0,0.0,100.0,4.37,25.0,Medium,False,False,True
MCH2387,Dar-Dass,Pharmacy,Partnership,Lucknow,Uttar Pradesh,Active,1022.15,1.0,9214.23,9214.23,1.0,0.0,0.0,1.0,1015.09,0.0,0.0,0.0,100.0,11.02,25.0,Medium,False,False,True
MCH1993,Dhaliwal Plc,Telecom,Sole Proprietor,Amritsar,Punjab,Active,428.65,4.0,20903.91,5225.9775,4.0,0.0,0.0,1.0,1001.43,0.0,0.0,0.0,25.0,4.79,25.0,Medium,False,False,True
MCH8377,"Agate, Suresh And Bahri",Department Store,Individual,Hyderabad,Telangana,Active,1519.49,3.0,41177.09,13725.696666666665,3.0,0.0,0.0,1.0,987.42,0.0,0.0,0.0,33.33,2.4,25.0,Medium,False,False,True
MCH7891,Bakshi Plc,Grocery,Individual,Bengaluru,Karnataka,Active,3419.67,3.0,41849.3,13949.766666666668,3.0,0.0,0.0,1.0,983.91,0.0,0.0,0.0,33.33,2.35,25.0,Medium,False,False,True
MCH2902,Samra-Kapur,Grocery,Individual,Chennai,Tamil Nadu,Active,,4.0,64033.21,16008.3025,4.0,0.0,0.0,1.0,980.58,0.0,0.0,0.0,25.0,1.53,25.0,Medium,False,False,True
MCH4517,"Madan, Gola And Srivastava",Restaurants & Food,Sole Proprietor,Kolkata,West Bengal,Active,,3.0,53164.72,17721.573333333334,3.0,0.0,0.0,1.0,947.54,0.0,0.0,0.0,33.33,1.78,25.0,Medium,False,False,True
MCH9921,"Datta, Chatterjee And Khalsa",Transportation,Private Limited,Bengaluru,Karnataka,Active,2964.42,2.0,28861.83,14430.915,2.0,0.0,0.0,1.0,936.49,0.0,0.0,0.0,50.0,3.24,25.0,Medium,False,False,True
MCH3677,Toor And Sons,Medical,Sole Proprietor,Amritsar,Punjab,Active,4703.03,5.0,73867.70999999999,14773.541999999998,5.0,0.0,0.0,1.0,933.13,0.0,0.0,0.0,20.0,1.26,25.0,Medium,False,False,True
MCH4802,"Mistry, Roy And Salvi",Department Store,Sole Proprietor,Chennai,Tamil Nadu,Inactive,468.0,2.0,23373.95,11686.975,2.0,0.0,0.0,1.0,929.69,0.0,0.0,0.0,50.0,3.98,25.0,Medium,False,False,True
MCH3810,Mallick-Lall,Grocery,Private Limited,Lucknow,Uttar Pradesh,Suspended,630.92,4.0,78615.95,19653.9875,4.0,0.0,0.0,1.0,918.61,0.0,0.0,0.0,25.0,1.17,25.0,Medium,False,False,True
MCH8876,Rai Llc,Travel,Sole Proprietor,Mumbai,Maharashtra,Active,1825.17,5.0,50920.55,10184.11,4.0,0.0,1.0,1.0,901.62,0.0,0.0,0.0,20.0,1.77,25.0,Medium,False,False,True
MCH7845,Bhasin-Dubey,Telecom,Private Limited,Ludhiana,Punjab,Active,994.0,1.0,5406.3,5406.3,1.0,0.0,0.0,1.0,895.1,0.0,0.0,0.0,100.0,16.56,25.0,Medium,False,False,True
MCH6425,Pall-Kanda,Books & Stationery,Sole Proprietor,Delhi,Delhi,Active,,1.0,17296.09,17296.09,1.0,0.0,0.0,1.0,879.08,0.0,0.0,0.0,100.0,5.08,25.0,Medium,False,False,True
MCH2849,"Bhavsar, Kota And Zacharia",Hotel & Lodging,Private Limited,Ludhiana,Punjab,Active,2432.18,1.0,714.5,714.5,1.0,0.0,0.0,1.0,879.0,0.0,0.0,0.0,100.0,123.02,25.0,Medium,False,False,True
MCH2503,Ravel Plc,Telecom,Individual,Kolkata,West Bengal,Active,858.0,2.0,29794.909999999996,14897.454999999998,1.0,0.0,0.0,1.0,878.0,0.0,0.0,0.0,50.0,2.95,25.0,Medium,False,False,True
MCH2020,Prabhu-Kar,Apparel & Fashion,Private Limited,Jalandhar,Punjab,Suspended,2649.5,3.0,35428.14,11809.38,3.0,0.0,0.0,1.0,877.69,0.0,0.0,0.0,33.33,2.48,25.0,Medium,False,False,True
MCH5257,Kara-Sibal,Telecom,Individual,Bengaluru,Karnataka,Active,1601.92,2.0,32848.69,16424.345,2.0,0.0,0.0,1.0,861.86,0.0,0.0,0.0,50.0,2.62,25.0,Medium,False,False,True
MCH5911,Chacko-Kota,Retail,Partnership,Hyderabad,Telangana,Active,797.25,2.0,7554.41,3777.205,2.0,0.0,0.0,1.0,861.41,0.0,0.0,0.0,50.0,11.4,25.0,Medium,False,False,True
MCH1015,Mannan-Subramaniam,Hotel & Lodging,Individual,Hyderabad,Telangana,Active,,6.0,55328.88,9221.48,6.0,0.0,0.0,1.0,856.42,0.0,0.0,0.0,16.67,1.55,25.0,Medium,False,False,True
MCH3837,"Char, Naik And Sachdev",Miscellaneous,Private Limited,Delhi,Delhi,Active,5233.0,1.0,23001.8,23001.8,1.0,0.0,0.0,1.0,843.91,0.0,0.0,0.0,100.0,3.67,25.0,Medium,False,False,True
MCH7246,Lata Ltd,Apparel & Fashion,Partnership,Chennai,Tamil Nadu,Active,1315.04,3.0,24930.260000000002,8310.086666666668,3.0,0.0,0.0,1.0,830.69,0.0,0.0,0.0,33.33,3.33,25.0,Medium,False,False,True
MCH9104,Goel Plc,Department Store,Private Limited,Bengaluru,Karnataka,Active,2640.29,4.0,59916.76,14979.19,4.0,0.0,0.0,1.0,825.92,0.0,0.0,0.0,25.0,1.38,25.0,Medium,False,False,True
MCH8559,"Gokhale, Dugal And Pradhan",Restaurants & Food,Private Limited,Pune,Maharashtra,Suspended,2171.47,2.0,11488.14,5744.07,1.0,0.0,1.0,1.0,822.8,0.0,0.0,0.0,50.0,7.16,25.0,Medium,False,False,True
MCH4274,Walia Group,Transportation,Private Limited,Mumbai,Maharashtra,Active,1705.04,1.0,13064.0,13064.0,1.0,0.0,0.0,1.0,819.3,0.0,0.0,0.0,100.0,6.27,25.0,Medium,False,False,True
MCH1298,"Raghavan,Reddyandsangha",Books & Stationery,Sole Proprietor,Hyderabad,Telangana,Active,364.92,2.0,27197.29,13598.645,1.0,0.0,1.0,1.0,815.57,0.0,0.0,0.0,50.0,3.0,25.0,Medium,False,False,True
MCH1775,Karnik Inc,Grocery,Private Limited,Lucknow,Uttar Pradesh,Active,313.0,1.0,8427.82,8427.82,1.0,0.0,0.0,1.0,800.24,0.0,0.0,0.0,100.0,9.5,25.0,Medium,False,False,True
MCH3572,"V0Hra, Chander And Padmanabhan",Restaurants & Food,Sole Proprietor,Hyderabad,Telangana,Active,793.52,4.0,49967.73,12491.9325,4.0,0.0,0.0,1.0,796.1,0.0,0.0,0.0,25.0,1.59,25.0,Medium,False,False,True
MCH3536,Shankar Group,Books & Stationery,Partnership,Kolkata,West Bengal,Active,1640.82,3.0,41275.96,13758.653333333334,3.0,0.0,0.0,1.0,791.9,0.0,0.0,0.0,33.33,1.92,25.0,Medium,False,False,True
MCH5710,Karnik Ltd,Books & Stationery,Partnership,Jaipur,Rajasthan,Active,2156.34,7.0,89382.36,12768.908571428572,5.0,1.0,1.0,1.0,784.51,0.0,0.0,14.29,14.29,0.88,25.0,Medium,False,False,True
MCH7973,"Dhar, Som And Mane",Hotel & Lodging,Sole Proprietor,Kolkata,West Bengal,Active,1422.91,1.0,24705.21,24705.21,1.0,0.0,0.0,1.0,781.0,0.0,0.0,0.0,100.0,3.16,25.0,Medium,False,False,True
MCH5825,Bhardwaj-Sachdeva,Books & Stationery,Partnership,Bengaluru,Karnataka,Active,,1.0,8264.89,8264.89,0.0,0.0,0.0,1.0,779.81,0.0,0.0,0.0,100.0,9.44,25.0,Medium,False,False,True
MCH1786,"Ganguly, Mammen And Babu",Grocery,Sole Proprietor,Pune,Maharashtra,Active,1212.0,1.0,1930.78,1930.78,1.0,0.0,0.0,1.0,775.96,0.0,0.0,0.0,100.0,40.19,25.0,Medium,False,False,True
MCH7840,Sood Llc,Department Store,Individual,Pune,Maharashtra,Active,394.0,1.0,9765.51,9765.51,1.0,0.0,0.0,1.0,767.36,0.0,0.0,0.0,100.0,7.86,25.0,Medium,False,False,True
MCH4153,Shroff Ltd,Miscellaneous,Sole Proprietor,Kolkata,West Bengal,Active,3578.7,3.0,53342.65,17780.883333333335,3.0,0.0,0.0,1.0,743.67,0.0,0.0,0.0,33.33,1.39,25.0,Medium,False,False,True
MCH1366,"Shah, Roy And Srinivasan",Grocery,Sole Proprietor,Kolkata,West Bengal,Active,935.11,3.0,4163.139999999999,1387.7133333333331,3.0,0.0,0.0,1.0,738.08,0.0,0.0,0.0,33.33,17.73,25.0,Medium,False,False,True
MCH5795,"Sunder, Bera And Srinivas",Hotel & Lodging,Private Limited,Kolkata,West Bengal,Active,167.0,1.0,13282.42,13282.42,1.0,0.0,0.0,1.0,736.99,0.0,0.0,0.0,100.0,5.55,25.0,Medium,False,False,True
MCH5183,Chandra Llc,Books & Stationery,Individual,Jaipur,Rajasthan,Active,578.29,6.0,63103.97,10517.328333333333,5.0,0.0,0.0,1.0,728.14,0.0,0.0,0.0,16.67,1.15,25.0,Medium,False,False,True
MCH6838,Wali-Nair,Pharmacy,Private Limited,Delhi,Delhi,Active,1461.29,3.0,27027.83,9009.276666666667,3.0,0.0,0.0,1.0,728.13,0.0,0.0,0.0,33.33,2.69,25.0,Medium,False,False,True
MCH9944,"Parikh, Mutti And Saha",Transportation,Partnership,Jalandhar,Punjab,Active,1826.64,3.0,67083.1,22361.033333333336,3.0,0.0,0.0,1.0,707.43,0.0,0.0,0.0,33.33,1.05,25.0,Medium,False,False,True
MCH2029,Bhalla-Brahmbhatt,Miscellaneous,Sole Proprietor,Jalandhar,Punjab,Active,276.02,1.0,21929.0,21929.0,1.0,0.0,0.0,1.0,705.52,0.0,0.0,0.0,100.0,3.22,25.0,Medium,False,False,True
MCH2770,"Deep, Ganguly And Solanki",Apparel & Fashion,Individual,Chennai,Tamil Nadu,Active,660.0,1.0,6960.81,6960.81,1.0,0.0,0.0,1.0,700.6,0.0,0.0,0.0,100.0,10.06,25.0,Medium,False,False,True
MCH1854,"Sule, Prashad And Balay",Hotel & Lodging,Partnership,Amritsar,Punjab,Active,5318.31,3.0,50437.64,16812.546666666665,3.0,0.0,0.0,1.0,690.97,0.0,0.0,0.0,33.33,1.37,25.0,Medium,False,False,True
MCH3656,"Sani, Rajagopalan And Sachar",Grocery,Individual,Chennai,Tamil Nadu,Active,901.19,2.0,3995.99,1997.995,2.0,0.0,0.0,1.0,690.96,0.0,0.0,0.0,50.0,17.29,25.0,Medium,False,False,True
MCH4448,Gara And Sons,Miscellaneous,Individual,Chennai,Tamil Nadu,Suspended,1524.31,3.0,48314.3,16104.766666666668,3.0,0.0,0.0,1.0,676.77,0.0,0.0,0.0,33.33,1.4,25.0,Medium,False,False,True
MCH4658,Kapadia Inc,Retail,Individual,Hyderabad,Telangana,Active,2693.95,2.0,20917.0,10458.5,2.0,0.0,0.0,1.0,664.5,0.0,0.0,0.0,50.0,3.18,25.0,Medium,False,False,True
MCH5167,Bose And Sons,Books & Stationery,Private Limited,Jalandhar,Punjab,Inactive,1269.25,1.0,14730.0,14730.0,1.0,0.0,0.0,1.0,661.74,0.0,0.0,0.0,100.0,4.49,25.0,Medium,False,False,True
MCH3586,Dayal-Nagar,Pharmacy,Partnership,Hyderabad,Telangana,Active,2093.13,1.0,12879.41,12879.41,1.0,0.0,0.0,1.0,658.27,0.0,0.0,0.0,100.0,5.11,25.0,Medium,False,False,True
MCH3055,"Batta, Sha And Dugar",Hotel & Lodging,Private Limited,Chennai,Tamil Nadu,Active,262.1,1.0,12458.27,12458.27,1.0,0.0,0.0,1.0,648.89,0.0,0.0,0.0,100.0,5.21,25.0,Medium,False,False,True
MCH3459,Nagi-Saini,Telecom,Sole Proprietor,Hyderabad,Telangana,Active,2617.26,1.0,20076.77,20076.77,1.0,0.0,0.0,1.0,637.05,0.0,0.0,0.0,100.0,3.17,25.0,Medium,False,False,True
MCH9858,"Memon, Mohanty And Ghosh",Transportation,Sole Proprietor,Mumbai,Maharashtra,Active,911.0,1.0,8135.43,8135.43,1.0,0.0,0.0,1.0,628.55,0.0,0.0,0.0,100.0,7.73,25.0,Medium,False,False,True
MCH7726,Modi Ltd,Department Store,Individual,Lucknow,Uttar Pradesh,Active,1955.14,5.0,86287.74,17257.548000000003,5.0,0.0,0.0,1.0,628.32,0.0,0.0,0.0,20.0,0.73,25.0,Medium,False,False,True
MCH5768,Brar Inc,Restaurants & Food,Sole Proprietor,Hyderabad,Telangana,Active,1354.3,4.0,38877.060000000005,9719.265000000001,4.0,0.0,0.0,1.0,614.57,0.0,0.0,0.0,25.0,1.58,25.0,Medium,False,False,True
MCH1458,Chatterjee-Saran,Department Store,Sole Proprietor,Jalandhar,Punjab,Inactive,658.54,1.0,9221.83,9221.83,1.0,0.0,0.0,1.0,613.06,0.0,0.0,0.0,100.0,6.65,25.0,Medium,False,False,True
MCH6839,Saha Llc,Grocery,Individual,Chennai,Tamil Nadu,Active,1531.04,1.0,4893.61,4893.61,1.0,0.0,0.0,1.0,607.62,0.0,0.0,0.0,100.0,12.42,25.0,Medium,False,False,True
MCH9319,Ladinc,Apparel & Fashion,Sole Proprietor,Jalandhar,Punjab,Active,839.54,1.0,21206.6,21206.6,1.0,0.0,0.0,1.0,604.81,0.0,0.0,0.0,100.0,2.85,25.0,Medium,False,False,True
MCH9834,Handa-Chaudhari,Grocery,Private Limited,Lucknow,Uttar Pradesh,Active,3989.9,3.0,48912.229999999996,16304.076666666666,2.0,0.0,0.0,1.0,595.88,0.0,0.0,0.0,33.33,1.22,25.0,Medium,False,False,True
MCH9165,"Iyengar, Raja And Bhasin",Grocery,Private Limited,Lucknow,Uttar Pradesh,Active,1898.13,3.0,18826.489999999998,6275.496666666666,3.0,0.0,0.0,1.0,594.52,0.0,0.0,0.0,33.33,3.16,25.0,Medium,False,False,True
MCH2857,Bhattacharyya Inc,Transportation,Private Limited,Jalandhar,Punjab,Active,4557.38,1.0,21262.82,21262.82,1.0,0.0,0.0,1.0,590.0,0.0,0.0,0.0,100.0,2.77,25.0,Medium,False,False,True
MCH8296,Gara Inc,Grocery,Partnership,Jalandhar,Punjab,Active,,6.0,44301.07,7383.511666666666,5.0,0.0,1.0,1.0,589.03,0.0,0.0,0.0,16.67,1.33,25.0,Medium,False,False,True
MCH8345,"Srinivas, Bali And Bhatt",Hotel & Lodging,Sole Proprietor,Jalandhar,Punjab,Inactive,1909.16,3.0,37417.02,12472.339999999998,3.0,0.0,0.0,1.0,586.88,0.0,0.0,0.0,33.33,1.57,25.0,Medium,False,False,True
MCH4406,"Chand, Ahuja And Behl",Hotel & Lodging,Private Limited,Pune,Maharashtra,Active,3629.0,2.0,26649.629999999997,13324.814999999999,2.0,0.0,0.0,1.0,584.72,0.0,0.0,0.0,50.0,2.19,25.0,Medium,False,False,True
MCH7943,Chaudhary-Rana,Pharmacy,Individual,Kolkata,West Bengal,Active,3927.63,1.0,14932.91,14932.91,1.0,0.0,0.0,1.0,581.0,0.0,0.0,0.0,100.0,3.89,25.0,Medium,False,False,True
MCH3652,Varghese Plc,Miscellaneous,Partnership,Ludhiana,Punjab,Active,2254.0,1.0,8985.51,8985.51,1.0,0.0,0.0,1.0,576.0,0.0,0.0,0.0,100.0,6.41,25.0,Medium,False,False,True
MCH3031,Morar And Sons,Grocery,Individual,Pune,Maharashtra,Active,4053.43,3.0,35520.44,11840.146666666667,2.0,0.0,0.0,1.0,574.0,0.0,0.0,0.0,33.33,1.62,25.0,Medium,False,False,True
MCH9415,Krishnamurthy-Warrior,Hotel & Lodging,Sole Proprietor,Ludhiana,Punjab,Active,438.69,2.0,32011.15,16005.575,2.0,0.0,0.0,1.0,562.07,0.0,0.0,0.0,50.0,1.76,25.0,Medium,False,False,True
MCH9584,"Bhat, Shukla And Bajaj",Department Store,Private Limited,Mumbai,Maharashtra,Inactive,4140.74,2.0,27139.96,13569.98,2.0,0.0,0.0,1.0,548.0,0.0,0.0,0.0,50.0,2.02,25.0,Medium,False,False,True
MCH1288,"Jain, Loke And Zacharia",Transportation,Sole Proprietor,Bengaluru,Karnataka,Active,915.81,1.0,14785.0,14785.0,1.0,0.0,0.0,1.0,546.9,0.0,0.0,0.0,100.0,3.7,25.0,Medium,False,False,True
MCH1089,Randhawa-Barad,Books & Stationery,Individual,Jalandhar,Punjab,Active,8714.78,2.0,26353.47,13176.735,2.0,0.0,0.0,1.0,542.9,0.0,0.0,0.0,50.0,2.06,25.0,Medium,False,False,True
MCH3420,"Mani, Kota And Deol",Travel,Individual,Jaipur,Rajasthan,Inactive,453.43,3.0,30242.88,10080.960000000001,3.0,0.0,0.0,1.0,535.96,0.0,0.0,0.0,33.33,1.77,25.0,Medium,False,False,True
MCH3846,Khanna-Badal,Retail,Private Limited,Delhi,Delhi,Active,3521.78,3.0,41932.759999999995,13977.586666666664,3.0,0.0,0.0,1.0,529.68,0.0,0.0,0.0,33.33,1.26,25.0,Medium,False,False,True
MCH3433,"Pathak, Sathe And Rama",Grocery,Private Limited,Kolkata,West Bengal,Inactive,3697.0,3.0,61836.39,20612.13,2.0,0.0,1.0,1.0,528.22,0.0,0.0,0.0,33.33,0.85,25.0,Medium,False,False,True
MCH3611,"Ratti, Sunder And Kapoor",Travel,Private Limited,Bengaluru,Karnataka,Active,787.19,1.0,23618.28,23618.28,1.0,0.0,0.0,1.0,526.0,0.0,0.0,0.0,100.0,2.23,25.0,Medium,False,False,True
MCH6632,"Om, Mall And Sandhu",Transportation,Partnership,Lucknow,Uttar Pradesh,On Hold,996.13,4.0,54321.72,13580.43,4.0,0.0,0.0,1.0,519.97,0.0,0.0,0.0,25.0,0.96,25.0,Medium,False,False,True
MCH6758,"Kaul, Vyas And Bobal",Pharmacy,Sole Proprietor,Jaipur,Rajasthan,Active,1560.09,2.0,19594.69,9797.345,2.0,0.0,0.0,1.0,513.84,0.0,0.0,0.0,50.0,2.62,25.0,Medium,False,False,True
MCH1767,Bhatnagar-Ka1A,Telecom,Individual,Jalandhar,Punjab,Active,314.16,1.0,6758.76,6758.76,1.0,0.0,0.0,1.0,503.49,0.0,0.0,0.0,100.0,7.45,25.0,Medium,False,False,True
MCH4048,"Lall, Kara And Uppal",Restaurants & Food,Partnership,Jalandhar,Punjab,Inactive,1748.0,2.0,18527.42,9263.71,2.0,0.0,0.0,1.0,498.7,0.0,0.0,0.0,50.0,2.69,25.0,Medium,False,False,True
MCH5921,Saraf-Saraf,Hotel & Lodging,Individual,Jaipur,Rajasthan,Inactive,352.95,3.0,38800.05,12933.35,3.0,0.0,0.0,1.0,494.63,0.0,0.0,0.0,33.33,1.27,25.0,Medium,False,False,True
MCH6945,Barad Llc,Retail,Partnership,Ludhiana,Punjab,Active,3350.77,3.0,58426.33,19475.443333333333,3.0,0.0,0.0,1.0,486.0,0.0,0.0,0.0,33.33,0.83,25.0,Medium,False,False,True
MCH3900,Mand-Bedi,Restaurants & Food,Private Limited,Kolkata,West Bengal,Active,1036.74,2.0,15494.369999999999,7747.1849999999995,2.0,0.0,0.0,1.0,485.1,0.0,0.0,0.0,50.0,3.13,25.0,Medium,False,False,True
MCH7751,"Vig, Iyer And Andra",Retail,Partnership,Pune,Maharashtra,Suspended,590.58,3.0,43296.66,14432.220000000001,3.0,0.0,0.0,1.0,470.39,0.0,0.0,0.0,33.33,1.09,25.0,Medium,False,False,True
MCH8220,Sarkar Plc,Grocery,Private Limited,Pune,Maharashtra,Active,142.34,3.0,33103.4,11034.466666666667,3.0,0.0,0.0,1.0,464.81,0.0,0.0,0.0,33.33,1.4,25.0,Medium,False,False,True
MCH5963,Goyal-Sur,Restaurants & Food,Private Limited,Chennai,Tamil Nadu,Active,3785.0,6.0,63845.68000000001,10640.946666666669,6.0,0.0,0.0,1.0,461.85,0.0,0.0,0.0,16.67,0.72,25.0,Medium,False,False,True
MCH7471,Dass Llc,Restaurants & Food,Sole Proprietor,Lucknow,Uttar Pradesh,Active,390.54,2.0,21362.58,10681.29,2.0,0.0,0.0,1.0,455.72,0.0,0.0,0.0,50.0,2.13,25.0,Medium,False,False,True
MCH9402,Vyas-Nath,Restaurants & Food,Private Limited,Lucknow,Uttar Pradesh,Active,,1.0,8263.81,8263.81,1.0,0.0,0.0,1.0,420.0,0.0,0.0,0.0,100.0,5.08,25.0,Medium,False,False,True
MCH6097,Mannan Plc,Restaurants & Food,Partnership,Lucknow,Uttar Pradesh,Active,258.41,3.0,21691.57,7230.5233333333335,3.0,0.0,0.0,1.0,397.0,0.0,0.0,0.0,33.33,1.83,25.0,Medium,False,False,True
MCH8400,Banerjee Inc,Restaurants & Food,Sole Proprietor,Lucknow,Uttar Pradesh,Active,,2.0,30008.12,15004.06,1.0,0.0,1.0,1.0,393.4,0.0,0.0,0.0,50.0,1.31,25.0,Medium,False,False,True
MCH8050,Bora-Oommen,Department Store,Individual,Jalandhar,Punjab,Active,587.46,1.0,13620.0,13620.0,1.0,0.0,0.0,1.0,389.54,0.0,0.0,0.0,100.0,2.86,25.0,Medium,False,False,True
MCH4790,Date Plc,Hotel & Lodging,Individual,Amritsar,Punjab,Suspended,199.0,1.0,23879.83,23879.83,1.0,0.0,0.0,1.0,388.39,0.0,0.0,0.0,100.0,1.63,25.0,Medium,False,False,True
MCH1941,Bath-Sunder,Telecom,Sole Proprietor,Jaipur,Rajasthan,Suspended,,1.0,13869.97,13869.97,1.0,0.0,0.0,1.0,385.53,0.0,0.0,0.0,100.0,2.78,25.0,Medium,False,False,True
MCH7922,Dara Llc,Restaurants & Food,Partnership,Mumbai,Maharashtra,Active,1260.96,2.0,37823.16,18911.58,1.0,0.0,0.0,1.0,374.0,0.0,0.0,0.0,50.0,0.99,25.0,Medium,False,False,True
MCH3388,"Ha1Der, Chander And Krishnamurthy",Department Store,Individual,Ludhiana,Punjab,Inactive,447.14,1.0,2013.7,2013.7,1.0,0.0,0.0,1.0,372.66,0.0,0.0,0.0,100.0,18.51,25.0,Medium,False,False,True
MCH5918,Bora-Rege,Apparel & Fashion,Partnership,Pune,Maharashtra,Active,,3.0,60292.6,20097.533333333333,3.0,0.0,0.0,1.0,350.52,0.0,0.0,0.0,33.33,0.58,25.0,Medium,False,False,True
MCH8603,Mane Ltd,Restaurants & Food,Sole Proprietor,Ludhiana,Punjab,Active,258.46,3.0,24609.7,8203.233333333334,3.0,0.0,0.0,1.0,342.0,0.0,0.0,0.0,33.33,1.39,25.0,Medium,False,False,True
MCH3733,Ramakrishnan-Chaudhuri,Hotel & Lodging,Sole Proprietor,Amritsar,Punjab,Active,1213.25,2.0,44938.43,22469.215,2.0,0.0,0.0,1.0,336.21,0.0,0.0,0.0,50.0,0.75,25.0,Medium,False,False,True
MCH2390,Bandi-Sidhu,Retail,Sole Proprietor,Jaipur,Rajasthan,Active,1091.1,1.0,22337.15,22337.15,1.0,0.0,0.0,1.0,300.44,0.0,0.0,0.0,100.0,1.35,25.0,Medium,False,False,True
MCH5705,"Palan, Bhargava And Jaggi",Transportation,Individual,Lucknow,Uttar Pradesh,Active,1360.45,1.0,1698.2,1698.2,1.0,0.0,0.0,1.0,287.37,0.0,0.0,0.0,100.0,16.92,25.0,Medium,False,False,True
MCH9349,"Bhat, Suri And Khalsa",Miscellaneous,Individual,Hyderabad,Telangana,Active,2394.34,2.0,17404.12,8702.06,2.0,0.0,0.0,1.0,276.59,0.0,0.0,0.0,50.0,1.59,25.0,Medium,False,False,True
MCH1070,Pandya Plc,Miscellaneous,Private Limited,Chennai,Tamil Nadu,Active,1259.2,4.0,38695.4,9673.85,4.0,0.0,0.0,1.0,262.38,0.0,0.0,0.0,25.0,0.68,25.0,Medium,False,False,True
MCH8697,Karnik Ltd,Miscellaneous,Sole Proprietor,Hyderabad,Telangana,Active,353.31,3.0,39340.82,13113.606666666667,3.0,0.0,0.0,1.0,255.73,0.0,0.0,0.0,33.33,0.65,25.0,Medium,False,False,True
MCH3071,Misra-Padmanabhan,Restaurants & Food,Sole Proprietor,Ludhiana,Punjab,Active,,1.0,7504.98,7504.98,1.0,0.0,0.0,1.0,253.89,0.0,0.0,0.0,100.0,3.38,25.0,Medium,False,False,True
MCH6278,"Keer, Sha And Sama",Medical,Partnership,Kolkata,West Bengal,Active,8713.68,1.0,4380.29,4380.29,1.0,0.0,0.0,1.0,252.18,0.0,0.0,0.0,100.0,5.76,25.0,Medium,False,False,True
MCH1612,Khare-Jha,Hotel & Lodging,Sole Proprietor,Pune,Maharashtra,Active,3967.18,3.0,27444.89,9148.296666666667,3.0,0.0,0.0,1.0,237.88,0.0,0.0,0.0,33.33,0.87,25.0,Medium,False,False,True
MCH2510,Kakar Group,Grocery,Sole Proprietor,Hyderabad,Telangana,Active,744.85,1.0,15600.32,15600.32,1.0,0.0,0.0,1.0,224.97,0.0,0.0,0.0,100.0,1.44,25.0,Medium,False,False,True
MCH4604,"Som, Kalla And Dada",Apparel & Fashion,Sole Proprietor,Chennai,Tamil Nadu,Active,1478.97,1.0,2253.09,2253.09,1.0,0.0,0.0,1.0,222.95,0.0,0.0,0.0,100.0,9.9,25.0,Medium,False,False,True
MCH6356,"Pandit, Wagle And Kata",Hotel & Lodging,Private Limited,Amritsar,Punjab,Inactive,499.8,2.0,21715.23,10857.615,2.0,0.0,0.0,1.0,216.49,0.0,0.0,0.0,50.0,1.0,25.0,Medium,False,False,True
MCH7162,Ranganathan-Chakraborty,Apparel & Fashion,Private Limited,Pune,Maharashtra,Active,1830.64,1.0,3526.38,3526.38,1.0,0.0,0.0,1.0,193.64,0.0,0.0,0.0,100.0,5.49,25.0,Medium,False,False,True
MCH5785,Vohra Inc,Apparel & Fashion,Partnership,Mumbai,Maharashtra,Active,1694.59,4.0,72599.33,18149.8325,4.0,0.0,0.0,1.0,188.6,0.0,0.0,0.0,25.0,0.26,25.0,Medium,False,False,True
MCH6053,Barad-Sen,Miscellaneous,Individual,Kolkata,West Bengal,Active,2730.09,3.0,40250.24,13416.746666666666,3.0,0.0,0.0,1.0,186.51,0.0,0.0,0.0,33.33,0.46,25.0,Medium,False,False,True
MCH1136,"Bahri, Kanda And Seth",Books & Stationery,Private Limited,Chennai,Tamil Nadu,Active,896.84,2.0,30824.799999999996,15412.399999999998,2.0,0.0,0.0,1.0,185.0,0.0,0.0,0.0,50.0,0.6,25.0,Medium,False,False,True
MCH7866,Bhattacharyya And Sons,Department Store,Partnership,Delhi,Delhi,Active,2522.0,2.0,34717.74,17358.87,2.0,0.0,0.0,1.0,177.16,0.0,0.0,0.0,50.0,0.51,25.0,Medium,False,False,True
MCH9271,"Bera, Contractor And Trivedi",Transportation,Sole Proprietor,Delhi,Delhi,Active,,2.0,28591.53,14295.765,2.0,0.0,0.0,1.0,169.35,0.0,0.0,0.0,50.0,0.59,25.0,Medium,False,False,True
MCH5430,Thakkar And Sons,Apparel & Fashion,Private Limited,Amritsar,Punjab,Inactive,4264.84,2.0,2998.26,1499.13,2.0,0.0,0.0,1.0,141.27,0.0,0.0,0.0,50.0,4.71,25.0,Medium,False,False,True
MCH1838,Manda-Deshpande,Books & Stationery,Partnership,Jalandhar,Punjab,Active,2224.32,3.0,20564.489999999998,6854.829999999999,3.0,0.0,0.0,1.0,122.0,0.0,0.0,0.0,33.33,0.59,25.0,Medium,False,False,True
MCH2104,Iyengar Plc,Apparel & Fashion,Private Limited,Lucknow,Uttar Pradesh,Suspended,1344.05,4.0,52405.5,13101.375,4.0,0.0,0.0,1.0,99.96,0.0,0.0,0.0,25.0,0.19,25.0,Medium,False,False,True
MCH1497,Lanka Plc,Medical,Private Limited,Amritsar,Punjab,Active,1817.0,1.0,22032.43,22032.43,1.0,0.0,0.0,1.0,0.0,0.0,0.0,0.0,100.0,0.0,25.0,Medium,False,False,True
MCH2451,"Halder, Kannan And Dixit",Hotel & Lodging,Private Limited,Kolkata,West Bengal,Inactive,610.7,3.0,42635.41,14211.803333333335,2.0,0.0,0.0,1.0,0.0,0.0,0.0,0.0,33.33,0.0,25.0,Medium,False,False,True
MCH3006,Biswas-Ram,Miscellaneous,Individual,Lucknow,Uttar Pradesh,Active,638.0,2.0,22745.05,11372.525,2.0,0.0,0.0,1.0,0.0,0.0,0.0,0.0,50.0,0.0,25.0,Medium,False,False,True
MCH3563,Shan Inc,Pharmacy,Sole Proprietor,Bengaluru,Karnataka,Active,335.55,3.0,53871.5,17957.166666666668,2.0,0.0,1.0,1.0,0.0,0.0,0.0,0.0,33.33,0.0,25.0,Medium,False,False,True
MCH3725,Balan Inc,Medical,Sole Proprietor,Kolkata,West Bengal,Active,2579.6,1.0,939.01,939.01,1.0,0.0,0.0,1.0,0.0,0.0,0.0,0.0,100.0,0.0,25.0,Medium,False,False,True
MCH3736,Goyal-Thakur,Grocery,Individual,Bengaluru,Karnataka,Active,1865.39,2.0,19870.88,9935.44,2.0,0.0,0.0,1.0,0.0,0.0,0.0,0.0,50.0,0.0,25.0,Medium,False,False,True
MCH3842,"Rao, Rajagopal And Ratti",Transportation,Private Limited,Jaipur,Rajasthan,Active,444.1,2.0,17048.07,8524.035,2.0,0.0,0.0,1.0,0.0,0.0,0.0,0.0,50.0,0.0,25.0,Medium,False,False,True
MCH4086,"Kannan, Varghese And Lalla",Retail,Private Limited,Mumbai,Maharashtra,Active,1459.96,4.0,25979.550000000003,6494.887500000001,3.0,0.0,1.0,1.0,0.0,0.0,0.0,0.0,25.0,0.0,25.0,Medium,False,False,True
MCH4560,Shankar Ltd,Telecom,Individual,Bengaluru,Karnataka,Active,1403.88,1.0,839.58,839.58,1.0,0.0,0.0,1.0,0.0,0.0,0.0,0.0,100.0,0.0,25.0,Medium,False,False,True
MCH4667,Kapur-Gara,Restaurants & Food,Private Limited,Delhi,Delhi,Active,1043.72,1.0,5119.0,5119.0,1.0,0.0,0.0,1.0,0.0,0.0,0.0,0.0,100.0,0.0,25.0,Medium,False,False,True
MCH4775,"Divan, Buch And Kunda",Telecom,Sole Proprietor,Lucknow,Uttar Pradesh,Inactive,562.44,2.0,23629.73,11814.865,2.0,0.0,0.0,1.0,0.0,0.0,0.0,0.0,50.0,0.0,25.0,Medium,False,False,True
MCH5171,"Pandya, Bawa And Kibe",Transportation,Partnership,Jaipur,Rajasthan,Active,1895.53,3.0,31547.940000000002,10515.980000000001,3.0,0.0,0.0,1.0,0.0,0.0,0.0,0.0,33.33,0.0,25.0,Medium,False,False,True
MCH5884,Raman And Sons,Transportation,Individual,Chennai,Tamil Nadu,Active,743.19,4.0,58005.770000000004,14501.442500000001,4.0,0.0,0.0,1.0,0.0,0.0,0.0,0.0,25.0,0.0,25.0,Medium,False,False,True
MCH6069,Krish-Joshi,Apparel & Fashion,Private Limited,Amritsar,Punjab,Active,252.19,4.0,64493.42,16123.355,4.0,0.0,0.0,1.0,0.0,0.0,0.0,0.0,25.0,0.0,25.0,Medium,False,False,True
MCH6943,Vyas Group,Apparel & Fashion,Individual,Amritsar,Punjab,Active,,1.0,17932.5,17932.5,1.0,0.0,0.0,1.0,0.0,0.0,0.0,0.0,100.0,0.0,25.0,Medium,False,False,True
MCH7127,"Chhabra, Dayal And Sood",Apparel & Fashion,Individual,Amritsar,Punjab,Active,1738.0,1.0,17568.96,17568.96,1.0,0.0,0.0,1.0,0.0,0.0,0.0,0.0,100.0,0.0,25.0,Medium,False,False,True
MCH7294,"Kuruvilla, Ahluwalia And Gole",Medical,Partnership,Pune,Maharashtra,Active,1573.98,2.0,26103.879999999997,13051.939999999999,2.0,0.0,0.0,1.0,0.0,0.0,0.0,0.0,50.0,0.0,25.0,Medium,False,False,True
MCH7503,Raval Llc,Grocery,Partnership,Delhi,Delhi,Active,1167.54,1.0,7256.06,7256.06,0.0,0.0,1.0,1.0,0.0,0.0,0.0,0.0,100.0,0.0,25.0,Medium,False,False,True
MCH7863,"Lal, Hegde And Hora",Restaurants & Food,Partnership,Lucknow,Uttar Pradesh,Active,673.1,1.0,14421.79,14421.79,1.0,0.0,0.0,1.0,0.0,0.0,0.0,0.0,100.0,0.0,25.0,Medium,False,False,True
MCH8467,Gara-Sarkar,Medical,Individual,Pune,Maharashtra,Active,826.0,1.0,3180.55,3180.55,1.0,0.0,0.0,1.0,0.0,0.0,0.0,0.0,100.0,0.0,25.0,Medium,False,False,True
MCH9801,"Manda, Bansal And Devan",Restaurants & Food,Partnership,Pune,Maharashtra,Suspended,1106.68,2.0,28738.760000000002,14369.380000000001,2.0,0.0,0.0,1.0,0.0,0.0,0.0,0.0,50.0,0.0,25.0,Medium,False,False,True
MCH9022,"Kunda,Dugarandkari",Apparel & Fashion,Individual,Amritsar,Punjab,Active,1439.0,0.0,0.0,0.0,0.0,0.0,0.0,2.0,9698.38,2.0,0.0,0,0,0,20.0,Low,False,False,False
MCH5482,"Baral, Tak And Rajan",Restaurants & Food,Individual,Kolkata,West Bengal,Inactive,710.53,0.0,0.0,0.0,0.0,0.0,0.0,1.0,2807.75,1.0,1.0,0,0,0,20.0,Low,False,False,False
MCH2495,"Sibal, Shankar And Malhotra",Apparel & Fashion,Individual,Bengaluru,Karnataka,Active,529.0,0.0,0.0,0.0,0.0,0.0,0.0,1.0,1786.57,1.0,1.0,0,0,0,20.0,Low,False,False,False
MCH5999,Nori Inc,Miscellaneous,Private Limited,Jalandhar,Punjab,Active,629.41,0.0,0.0,0.0,0.0,0.0,0.0,1.0,1622.49,1.0,1.0,0,0,0,20.0,Low,False,False,False
MCH9715,Desai Plc,Hotel & Lodging,Partnership,Kolkata,West Bengal,Inactive,547.82,0.0,0.0,0.0,0.0,0.0,0.0,1.0,1331.0,1.0,1.0,0,0,0,20.0,Low,False,False,False
MCH3259,Bajaj-Mann,Transportation,Individual,Amritsar,Punjab,Active,426.0,0.0,0.0,0.0,0.0,0.0,0.0,1.0,841.13,1.0,1.0,0,0,0,20.0,Low,False,False,False
MCH3797,"Dhaliwal, Parekh And Dey",Hotel & Lodging,Partnership,Jalandhar,Punjab,Suspended,,0.0,0.0,0.0,0.0,0.0,0.0,1.0,0.0,1.0,1.0,0,0,0,20.0,Low,False,False,False
MCH5770,Kari Llc,Medical,Private Limited,Hyderabad,Telangana,Active,573.41,0.0,0.0,0.0,0.0,0.0,0.0,2.0,7442.889999999999,1.0,0.0,0,0,0,15.0,Low,False,False,False
MCH2566,Oommen Inc,Miscellaneous,Private Limited,Delhi,Delhi,Active,2200.23,0.0,0.0,0.0,0.0,0.0,0.0,2.0,7200.55,1.0,0.0,0,0,0,15.0,Low,False,False,False
MCH2014,Sundaram And Sons,Miscellaneous,Private Limited,Ludhiana,Punjab,Active,4199.0,0.0,0.0,0.0,0.0,0.0,0.0,2.0,5843.37,1.0,0.0,0,0,0,15.0,Low,False,False,False
MCH8142,Mane And Sons,Medical,Private Limited,Ludhiana,Punjab,Active,5955.63,0.0,0.0,0.0,0.0,0.0,0.0,2.0,5193.37,1.0,0.0,0,0,0,15.0,Low,False,False,False
MCH2943,Kh0S1A Llc,Restaurants & Food,Private Limited,Mumbai,Maharashtra,Active,2741.64,0.0,0.0,0.0,0.0,0.0,0.0,3.0,2549.5699999999997,0.0,0.0,0,0,0,15.0,Low,True,False,False
MCH2938,"Babu, Lata And Zacharia",Grocery,Private Limited,Pune,Maharashtra,Active,823.9,0.0,0.0,0.0,0.0,0.0,0.0,2.0,8807.85,0.0,0.0,0,0,0,10.0,Low,False,False,False
MCH2336,Narasimhan Inc,Grocery,Sole Proprietor,Jalandhar,Punjab,Inactive,791.05,0.0,0.0,0.0,0.0,0.0,0.0,2.0,7944.01,0.0,0.0,0,0,0,10.0,Low,False,False,False
MCH3739,Murty Ltd,Department Store,Private Limited,Chennai,Tamil Nadu,Active,571.15,0.0,0.0,0.0,0.0,0.0,0.0,1.0,5973.59,1.0,0.0,0,0,0,10.0,Low,False,False,False
MCH7219,Dhawan-Saha,Hotel & Lodging,Individual,Delhi,Delhi,Inactive,2354.94,0.0,0.0,0.0,0.0,0.0,0.0,1.0,4857.19,1.0,0.0,0,0,0,10.0,Low,False,False,False
MCH7075,D’Alia Group,Hotel & Lodging,Partnership,Chennai,Tamil Nadu,Inactive,1262.21,0.0,0.0,0.0,0.0,0.0,0.0,1.0,4227.03,1.0,0.0,0,0,0,10.0,Low,False,False,False
MCH5383,Ray-Dara,Hotel & Lodging,Private Limited,Delhi,Delhi,Active,2541.0,0.0,0.0,0.0,0.0,0.0,0.0,1.0,3964.0,1.0,0.0,0,0,0,10.0,Low,False,False,False
MCH9036,Cherian Llc,Apparel & Fashion,Sole Proprietor,Ludhiana,Punjab,Active,928.81,0.0,0.0,0.0,0.0,0.0,0.0,1.0,3681.27,1.0,0.0,0,0,0,10.0,Low,False,False,False
MCH1154,Saran And Sons,Pharmacy,Private Limited,Pune,Maharashtra,Active,871.24,0.0,0.0,0.0,0.0,0.0,0.0,1.0,2166.47,1.0,0.0,0,0,0,10.0,Low,False,False,False
MCH2212,Parmar Group,Transportation,Private Limited,Jalandhar,Punjab,Active,4432.56,0.0,0.0,0.0,0.0,0.0,0.0,1.0,1827.19,1.0,0.0,0,0,0,10.0,Low,False,False,False
MCH2993,"Dube, Yadav And Konda",Books & Stationery,Individual,Jaipur,Rajasthan,Active,2422.76,0.0,0.0,0.0,0.0,0.0,0.0,1.0,1817.11,1.0,0.0,0,0,0,10.0,Low,False,False,False
MCH9565,"Dhar, Shukla And Chaudhary",Books & Stationery,Individual,Chennai,Tamil Nadu,Active,2205.09,0.0,0.0,0.0,0.0,0.0,0.0,1.0,1083.4,1.0,0.0,0,0,0,10.0,Low,False,False,False
MCH7621,Iyer-Mangal,Grocery,Sole Proprietor,Jalandhar,Punjab,Active,1096.69,0.0,0.0,0.0,0.0,0.0,0.0,1.0,725.65,1.0,0.0,0,0,0,10.0,Low,False,False,False
MCH2755,Chaudhuri And S0Ns,Books & Stationery,Individual,Mumbai,Maharashtra,Active,440.0,0.0,0.0,0.0,0.0,0.0,0.0,1.0,0.0,1.0,0.0,0,0,0,10.0,Low,False,False,False
MCH3819,Butala-Patla,Miscellaneous,Individual,Delhi,Delhi,Active,2466.12,0.0,0.0,0.0,0.0,0.0,0.0,1.0,0.0,1.0,0.0,0,0,0,10.0,Low,False,False,False
MCH1001,Anand-Kothari,Grocery,Partnership,Pune,Maharashtra,Active,332.55,4.0,49974.0,12493.5,3.0,1.0,0.0,0.0,0.0,0.0,0.0,25.0,0.0,0.0,10.0,Low,False,True,False
MCH1005,Sagar And Sons,Medical,Partnership,Ludhiana,Punjab,Active,967.53,2.0,14599.21,7299.605,1.0,1.0,0.0,0.0,0.0,0.0,0.0,50.0,0.0,0.0,10.0,Low,False,True,False
MCH1019,Iyer-Thaker,Apparel & Fashion,Partnership,Kolkata,West Bengal,Active,,3.0,32130.27,10710.09,2.0,1.0,0.0,0.0,0.0,0.0,0.0,33.33,0.0,0.0,10.0,Low,False,True,False
MCH1022,Ramesh-Bhat,Miscellaneous,Private Limited,Hyderabad,Telangana,Active,3026.17,2.0,35774.61,17887.305,1.0,1.0,0.0,0.0,0.0,0.0,0.0,50.0,0.0,0.0,10.0,Low,False,True,False
MCH1032,Nori-Nigam,Hotel & Lodging,Sole Proprietor,Pune,Maharashtra,Active,652.29,3.0,44604.15,14868.050000000001,2.0,1.0,0.0,0.0,0.0,0.0,0.0,33.33,0.0,0.0,10.0,Low,False,True,False
MCH1034,Devi-Chaudhari,Hotel & Lodging,Private Limited,Delhi,Delhi,Active,243.38,2.0,9679.1,4839.55,1.0,1.0,0.0,0.0,0.0,0.0,0.0,50.0,0.0,0.0,10.0,Low,False,True,False
MCH1039,Lal-Barad,Telecom,Sole Proprietor,Lucknow,Uttar Pradesh,Active,3062.03,3.0,29255.440000000002,9751.813333333334,2.0,1.0,0.0,0.0,0.0,0.0,0.0,33.33,0.0,0.0,10.0,Low,False,True,False
MCH1044,"Jha, Salvi And Setty",Retail,Partnership,Hyderabad,Telangana,Active,1084.93,3.0,34051.96,11350.653333333334,0.0,2.0,0.0,0.0,0.0,0.0,0.0,66.67,0.0,0.0,10.0,Low,False,True,False
MCH1047,Rana-Aurora,Telecom,Partnership,Bengaluru,Karnataka,Active,1003.46,2.0,16082.83,8041.415,1.0,1.0,0.0,0.0,0.0,0.0,0.0,50.0,0.0,0.0,10.0,Low,False,True,False
MCH1053,"Gera, Grover And Sehgal",Telecom,Individual,Amritsar,Punjab,Active,,4.0,60112.0,15028.0,3.0,1.0,0.0,0.0,0.0,0.0,0.0,25.0,0.0,0.0,10.0,Low,False,True,False
MCH1058,"Vyas,Virkanddatta",Department Store,Partnership,Pune,Maharashtra,Active,1504.39,4.0,53848.59,13462.1475,3.0,1.0,0.0,0.0,0.0,0.0,0.0,25.0,0.0,0.0,10.0,Low,False,True,False
MCH1063,"Samra, Sur And Venkataraman",Miscellaneous,Private Limited,Chennai,Tamil Nadu,Active,1297.7,2.0,37797.42,18898.71,1.0,1.0,0.0,0.0,0.0,0.0,0.0,50.0,0.0,0.0,10.0,Low,False,True,False
MCH1064,Nanda Ltd,Restaurants & Food,Individual,Amritsar,Punjab,Active,1182.15,4.0,69917.23,17479.3075,1.0,1.0,2.0,0.0,0.0,0.0,0.0,25.0,0.0,0.0,10.0,Low,False,True,False
MCH1081,Mistry Group,Restaurants & Food,Private Limited,Mumbai,Maharashtra,Active,2299.04,3.0,33718.899999999994,11239.633333333331,2.0,1.0,0.0,0.0,0.0,0.0,0.0,33.33,0.0,0.0,10.0,Low,False,True,False
MCH1093,"Dubey, Uppal And Bhatt",Restaurants & Food,Private Limited,Pune,Maharashtra,Inactive,4005.67,5.0,97943.56,19588.712,2.0,2.0,1.0,0.0,0.0,0.0,0.0,40.0,0.0,0.0,10.0,Low,False,True,False
MCH1096,Subramanian-Prasad,Apparel & Fashion,Individual,Hyderabad,Telangana,Active,8373.82,4.0,50655.06,12663.765,2.0,2.0,0.0,0.0,0.0,0.0,0.0,50.0,0.0,0.0,10.0,Low,False,True,False
MCH1098,"Raval, Yadav And Yogi",Hotel & Lodging,Private Limited,Jaipur,Rajasthan,Active,181.0,1.0,6363.08,6363.08,0.0,1.0,0.0,0.0,0.0,0.0,0.0,100.0,0.0,0.0,10.0,Low,False,True,False
MCH1100,Swamy Inc,Retail,Partnership,Ludhiana,Punjab,Inactive,2008.22,2.0,24870.09,12435.045,1.0,1.0,0.0,0.0,0.0,0.0,0.0,50.0,0.0,0.0,10.0,Low,False,True,False
MCH1118,Chokshiinc,Transportation,Partnership,Jalandhar,Punjab,Active,590.75,3.0,45832.64,15277.546666666667,1.0,1.0,0.0,0.0,0.0,0.0,0.0,33.33,0.0,0.0,10.0,Low,False,True,False
MCH1128,Natt-Keer,Miscellaneous,Sole Proprietor,Hyderabad,Telangana,Active,1028.32,2.0,4003.8500000000004,2001.9250000000002,1.0,1.0,0.0,0.0,0.0,0.0,0.0,50.0,0.0,0.0,10.0,Low,False,True,False
MCH1134,"Shenoy, Gokhale And Soman",Grocery,Individual,Delhi,Delhi,Active,284.86,2.0,23434.6,11717.3,1.0,1.0,0.0,0.0,0.0,0.0,0.0,50.0,0.0,0.0,10.0,Low,False,True,False
MCH1147,Dayal-Sabharwal,Telecom,Individual,Kolkata,West Bengal,Inactive,939.97,3.0,36303.99,12101.33,2.0,1.0,0.0,0.0,0.0,0.0,0.0,33.33,0.0,0.0,10.0,Low,False,True,False
MCH1174,Mander-Kari,Grocery,Partnership,Jalandhar,Punjab,Active,1013.97,2.0,14872.36,7436.18,1.0,1.0,0.0,0.0,0.0,0.0,0.0,50.0,0.0,0.0,10.0,Low,False,True,False
MCH1195,Cherian-Rana,Transportation,Sole Proprietor,Jalandhar,Punjab,Active,364.17,7.0,77885.89,11126.555714285714,5.0,2.0,0.0,0.0,0.0,0.0,0.0,28.57,0.0,0.0,10.0,Low,False,True,False
MCH1243,"Buch, Atwal And Roy",Medical,Partnership,Ludhiana,Punjab,Active,1323.94,1.0,21792.0,21792.0,0.0,1.0,0.0,0.0,0.0,0.0,0.0,100.0,0.0,0.0,10.0,Low,False,True,False
MCH1259,"Wagle, Verma And Ramanathan",Medical,Private Limited,Jaipur,Rajasthan,Active,548.2,4.0,37223.08,9305.77,2.0,2.0,0.0,0.0,0.0,0.0,0.0,50.0,0.0,0.0,10.0,Low,False,True,False
MCH1277,Bhatnagar-Borah,Restaurants & Food,Individual,Kolkata,West Bengal,Active,3540.87,3.0,50846.16,16948.72,1.0,1.0,0.0,0.0,0.0,0.0,0.0,33.33,0.0,0.0,10.0,Low,False,True,False
MCH1292,Gera-Nayak,Hotel & Lodging,Sole Proprietor,Chennai,Tamil Nadu,Active,267.0,3.0,25780.97,8593.656666666668,2.0,1.0,0.0,0.0,0.0,0.0,0.0,33.33,0.0,0.0,10.0,Low,False,True,False
MCH1305,Ghose-Batta,Transportation,Individual,Hyderabad,Telangana,Inactive,380.06,1.0,15333.13,15333.13,0.0,1.0,0.0,0.0,0.0,0.0,0.0,100.0,0.0,0.0,10.0,Low,False,True,False
MCH1327,Gandhiplc,Apparel & Fashion,Sole Proprietor,Lucknow,Uttar Pradesh,Active,902.09,4.0,54132.119999999995,13533.029999999999,3.0,1.0,0.0,0.0,0.0,0.0,0.0,25.0,0.0,0.0,10.0,Low,False,True,False
MCH1389,Munshi-Behl,Grocery,Individual,Pune,Maharashtra,Active,3913.0,2.0,14711.07,7355.535,1.0,1.0,0.0,0.0,0.0,0.0,0.0,50.0,0.0,0.0,10.0,Low,False,True,False
MCH1422,Merchant And Sons,Pharmacy,Individual,Hyderabad,Telangana,Active,4074.0,3.0,15710.7,5236.900000000001,2.0,1.0,0.0,0.0,0.0,0.0,0.0,33.33,0.0,0.0,10.0,Low,False,True,False
MCH1424,"Goel, Balay And Dua",Hotel & Lodging,Private Limited,Jalandhar,Punjab,Active,5339.46,5.0,62153.240000000005,12430.648000000001,4.0,1.0,0.0,0.0,0.0,0.0,0.0,20.0,0.0,0.0,10.0,Low,False,True,False
MCH1446,Sunder-Sathe,Department Store,Sole Proprietor,Chennai,Tamil Nadu,Active,3885.08,4.0,80863.5,20215.875,3.0,1.0,0.0,0.0,0.0,0.0,0.0,25.0,0.0,0.0,10.0,Low,False,True,False
MCH1447,Uppal Ltd,Medical,Partnership,Lucknow,Uttar Pradesh,Active,236.04,3.0,29835.84,9945.28,1.0,2.0,0.0,0.0,0.0,0.0,0.0,66.67,0.0,0.0,10.0,Low,False,True,False
MCH1449,"Chadha, Ramakrishnan And Badami",Hotel & Lodging,Partnership,Hyderabad,Telangana,Suspended,1634.83,3.0,29194.29,9731.43,2.0,1.0,0.0,0.0,0.0,0.0,0.0,33.33,0.0,0.0,10.0,Low,False,True,False
MCH1478,Sah0Ta Llc,Pharmacy,Individual,Jaipur,Rajasthan,Inactive,2037.0,5.0,58563.22,11712.644,4.0,1.0,0.0,0.0,0.0,0.0,0.0,20.0,0.0,0.0,10.0,Low,False,True,False
MCH1488,"Chada, Gopal And Rajagopal",Telecom,Sole Proprietor,Jaipur,Rajasthan,Active,1905.0,3.0,52743.5,17581.166666666668,2.0,1.0,0.0,0.0,0.0,0.0,0.0,33.33,0.0,0.0,10.0,Low,False,True,False
MCH1493,"Kar, Nath And Koshy",Books & Stationery,Individual,Bengaluru,Karnataka,Active,,4.0,77540.66,19385.165,3.0,1.0,0.0,0.0,0.0,0.0,0.0,25.0,0.0,0.0,10.0,Low,False,True,False
MCH1498,Deo-Mand,Miscellaneous,Sole Proprietor,Chennai,Tamil Nadu,Active,1460.33,4.0,57442.9,14360.725,3.0,1.0,0.0,0.0,0.0,0.0,0.0,25.0,0.0,0.0,10.0,Low,False,True,False
MCH1532,Sarna-Kota,Miscellaneous,Private Limited,Delhi,Delhi,Active,4843.68,2.0,13019.75,6509.875,1.0,1.0,0.0,0.0,0.0,0.0,0.0,50.0,0.0,0.0,10.0,Low,False,True,False
MCH1534,"Merchant, Sarna And Korpal",Pharmacy,Private Limited,Hyderabad,Telangana,Inactive,3752.5,2.0,12633.26,6316.63,1.0,1.0,0.0,0.0,0.0,0.0,0.0,50.0,0.0,0.0,10.0,Low,False,True,False
MCH1555,Raj Llc,Books & Stationery,Individual,Pune,Maharashtra,Active,602.0,3.0,39066.17,13022.056666666665,2.0,1.0,0.0,0.0,0.0,0.0,0.0,33.33,0.0,0.0,10.0,Low,False,True,False
MCH1578,Gala Ltd,Miscellaneous,Individual,Bengaluru,Karnataka,Active,446.42,3.0,15372.47,5124.156666666667,2.0,1.0,0.0,0.0,0.0,0.0,0.0,33.33,0.0,0.0,10.0,Low,False,True,False
MCH1580,"Subramaniam, Krishnamurthy And Din",Miscellaneous,Sole Proprietor,Kolkata,West Bengal,Active,2992.77,2.0,36620.44,18310.22,1.0,1.0,0.0,0.0,0.0,0.0,0.0,50.0,0.0,0.0,10.0,Low,False,True,False
MCH1621,Pandey-Soni,Restaurants & Food,Sole Proprietor,Pune,Maharashtra,Inactive,769.0,3.0,35038.19,11679.396666666667,2.0,1.0,0.0,0.0,0.0,0.0,0.0,33.33,0.0,0.0,10.0,Low,False,True,False
MCH1642,Zacharia-Dhawan,Grocery,Partnership,Kolkata,West Bengal,Active,363.0,1.0,2433.17,2433.17,0.0,1.0,0.0,0.0,0.0,0.0,0.0,100.0,0.0,0.0,10.0,Low,False,True,False
MCH1651,Kumar Inc,Books & Stationery,Sole Proprietor,Mumbai,Maharashtra,Active,1249.76,3.0,20965.1,6988.366666666666,2.0,1.0,0.0,0.0,0.0,0.0,0.0,33.33,0.0,0.0,10.0,Low,False,True,False
MCH1676,"Palla, Gupta And Narain",Telecom,Sole Proprietor,Jalandhar,Punjab,Active,750.53,1.0,4224.02,4224.02,0.0,1.0,0.0,0.0,0.0,0.0,0.0,100.0,0.0,0.0,10.0,Low,False,True,False
MCH1680,"Dube, Sekhon And Nagarajan",Apparel & Fashion,Sole Proprietor,Ludhiana,Punjab,Active,855.0,2.0,37415.79,18707.895,1.0,1.0,0.0,0.0,0.0,0.0,0.0,50.0,0.0,0.0,10.0,Low,False,True,False
MCH1697,Sodhi-Ramakrishnan,Telecom,Private Limited,Lucknow,Uttar Pradesh,Suspended,1234.06,2.0,28537.73,14268.865,1.0,1.0,0.0,0.0,0.0,0.0,0.0,50.0,0.0,0.0,10.0,Low,False,True,False
MCH1710,"Tara, Dash And Pau",Pharmacy,Partnership,Lucknow,Uttar Pradesh,Active,804.19,4.0,58852.42,14713.105,3.0,1.0,0.0,0.0,0.0,0.0,0.0,25.0,0.0,0.0,10.0,Low,False,True,False
MCH1713,Dubey Inc,Restaurants & Food,Sole Proprietor,Kolkata,West Bengal,Active,1132.0,4.0,52531.58,13132.895,3.0,1.0,0.0,0.0,0.0,0.0,0.0,25.0,0.0,0.0,10.0,Low,False,True,False
MCH1730,Buch Ltd,Apparel & Fashion,Individual,Kolkata,West Bengal,Active,813.32,1.0,21546.02,21546.02,0.0,1.0,0.0,0.0,0.0,0.0,0.0,100.0,0.0,0.0,10.0,Low,False,True,False
MCH1732,"Bal, Loke And Chadha",Grocery,Private Limited,Delhi,Delhi,Active,3477.98,2.0,22456.59,11228.295,1.0,1.0,0.0,0.0,0.0,0.0,0.0,50.0,0.0,0.0,10.0,Low,False,True,False
MCH1736,Barman Inc,Transportation,Partnership,Jaipur,Rajasthan,Active,1937.05,2.0,26710.54,13355.27,1.0,1.0,0.0,0.0,0.0,0.0,0.0,50.0,0.0,0.0,10.0,Low,False,True,False
MCH1763,Dhillon Ltd,Department Store,Partnership,Jalandhar,Punjab,Active,231.69,2.0,8197.470000000001,4098.735000000001,1.0,1.0,0.0,0.0,0.0,0.0,0.0,50.0,0.0,0.0,10.0,Low,False,True,False
MCH1769,"Sekhon, Goswami And Rajan",Telecom,Sole Proprietor,Lucknow,Uttar Pradesh,Active,1009.67,4.0,32230.46,8057.615,2.0,1.0,1.0,0.0,0.0,0.0,0.0,25.0,0.0,0.0,10.0,Low,False,True,False
MCH1828,Goel Plc,Apparel & Fashion,Private Limited,Chennai,Tamil Nadu,Active,4227.93,4.0,36841.61,9210.4025,3.0,1.0,0.0,0.0,0.0,0.0,0.0,25.0,0.0,0.0,10.0,Low,False,True,False
MCH1841,Kadakia-Rao,Hotel & Lodging,Sole Proprietor,Kolkata,West Bengal,Active,532.17,2.0,39992.88,19996.44,1.0,1.0,0.0,0.0,0.0,0.0,0.0,50.0,0.0,0.0,10.0,Low,False,True,False
MCH1845,Goel Inc,Transportation,Private Limited,Delhi,Delhi,Active,1675.96,2.0,30092.39,15046.195,1.0,1.0,0.0,0.0,0.0,0.0,0.0,50.0,0.0,0.0,10.0,Low,False,True,False
MCH1848,Acharya-Bail,Retail,Partnership,Pune,Maharashtra,Active,3044.0,5.0,87798.98999999999,17559.798,3.0,1.0,0.0,0.0,0.0,0.0,0.0,20.0,0.0,0.0,10.0,Low,False,True,False
MCH1908,"Raghavan, Badami And Mani",Books & Stationery,Partnership,Kolkata,West Bengal,Active,856.0,4.0,44839.58,11209.895,3.0,1.0,0.0,0.0,0.0,0.0,0.0,25.0,0.0,0.0,10.0,Low,False,True,False
MCH1917,"Bera, Bhakta And Dhillon",Books & Stationery,Sole Proprietor,Mumbai,Maharashtra,Active,293.0,4.0,48256.100000000006,12064.025000000001,3.0,1.0,0.0,0.0,0.0,0.0,0.0,25.0,0.0,0.0,10.0,Low,False,True,False
MCH1926,Bhattacharyya-Om,Department Store,Individual,Mumbai,Maharashtra,Active,2425.42,3.0,54216.35,18072.116666666665,2.0,1.0,0.0,0.0,0.0,0.0,0.0,33.33,0.0,0.0,10.0,Low,False,True,False
MCH1947,"Batra, Kar And Sodhi",Apparel & Fashion,Partnership,Bengaluru,Karnataka,Active,3015.23,1.0,24917.45,24917.45,0.0,1.0,0.0,0.0,0.0,0.0,0.0,100.0,0.0,0.0,10.0,Low,False,True,False
MCH1952,Madan Inc,Books & Stationery,Partnership,Chennai,Tamil Nadu,Inactive,1643.17,3.0,53266.84,17755.61333333333,2.0,1.0,0.0,0.0,0.0,0.0,0.0,33.33,0.0,0.0,10.0,Low,False,True,False
MCH1977,Chahal-Kumer,Books & Stationery,Sole Proprietor,Kolkata,West Bengal,Active,897.0,2.0,12914.08,6457.04,1.0,1.0,0.0,0.0,0.0,0.0,0.0,50.0,0.0,0.0,10.0,Low,False,True,False
MCH2024,"Ram, Manda And Chopra",Transportation,Sole Proprietor,Pune,Maharashtra,Active,,4.0,67458.88,16864.72,3.0,1.0,0.0,0.0,0.0,0.0,0.0,25.0,0.0,0.0,10.0,Low,False,True,False
MCH2033,"Munshi, Sundaram And Bhasin",Apparel & Fashion,Private Limited,Pune,Maharashtra,Active,294.83,2.0,31530.13,15765.065,1.0,1.0,0.0,0.0,0.0,0.0,0.0,50.0,0.0,0.0,10.0,Low,False,True,False
MCH2041,"Sagar, Chakraborty And Kurian",Travel,Sole Proprietor,Ludhiana,Punjab,Inactive,,3.0,11505.87,3835.2900000000004,1.0,2.0,0.0,0.0,0.0,0.0,0.0,66.67,0.0,0.0,10.0,Low,False,True,False
MCH2052,"Saraf, Maharaj And Kakar",Miscellaneous,Individual,Pune,Maharashtra,Active,3476.81,4.0,41219.659999999996,10304.914999999999,3.0,1.0,0.0,0.0,0.0,0.0,0.0,25.0,0.0,0.0,10.0,Low,False,True,False
MCH2092,"Dubey, Tara And Thaker",Transportation,Individual,Kolkata,West Bengal,Active,1262.97,3.0,41910.05,13970.016666666668,2.0,1.0,0.0,0.0,0.0,0.0,0.0,33.33,0.0,0.0,10.0,Low,False,True,False
MCH2100,"Jani, Bobal And Singhal",Hotel & Lodging,Individual,Bengaluru,Karnataka,Active,1281.0,2.0,32783.649999999994,16391.824999999997,1.0,1.0,0.0,0.0,0.0,0.0,0.0,50.0,0.0,0.0,10.0,Low,False,True,False
MCH2116,Chaudhari And Sons,Apparel & Fashion,Individual,Jaipur,Rajasthan,Active,947.14,3.0,13320.55,4440.183333333333,2.0,1.0,0.0,0.0,0.0,0.0,0.0,33.33,0.0,0.0,10.0,Low,False,True,False
MCH2122,"Bava, Bal And Mittal",Medical,Individual,Pune,Maharashtra,Active,1119.03,3.0,43546.98,14515.660000000002,2.0,1.0,0.0,0.0,0.0,0.0,0.0,33.33,0.0,0.0,10.0,Low,False,True,False
MCH2149,"Doctor, Varughese And Hans",Books & Stationery,Individual,Bengaluru,Karnataka,Active,3778.33,4.0,20921.53,5230.3825,3.0,1.0,0.0,0.0,0.0,0.0,0.0,25.0,0.0,0.0,10.0,Low,False,True,False
MCH2155,Vig-Bobal,Telecom,Private Limited,Delhi,Delhi,Active,8483.0,3.0,47809.380000000005,15936.460000000001,2.0,1.0,0.0,0.0,0.0,0.0,0.0,33.33,0.0,0.0,10.0,Low,False,True,False
MCH2179,Chanda-Sura,Apparel & Fashion,Private Limited,Jalandhar,Punjab,Active,1281.24,5.0,41623.73,8324.746000000001,3.0,1.0,1.0,0.0,0.0,0.0,0.0,20.0,0.0,0.0,10.0,Low,False,True,False
MCH2199,Subramanian Inc,Department Store,Private Limited,Bengaluru,Karnataka,Suspended,369.25,2.0,33822.37,16911.185,1.0,1.0,0.0,0.0,0.0,0.0,0.0,50.0,0.0,0.0,10.0,Low,False,True,False
MCH2203,"Dar, Khurana And Vasa",Restaurants & Food,Sole Proprietor,Jaipur,Rajasthan,Active,14312.42,2.0,31522.02,15761.01,1.0,1.0,0.0,0.0,0.0,0.0,0.0,50.0,0.0,0.0,10.0,Low,False,True,False
MCH2205,Parmer-Lad,Department Store,Individual,Delhi,Delhi,Active,986.0,2.0,38957.09,19478.545,1.0,1.0,0.0,0.0,0.0,0.0,0.0,50.0,0.0,0.0,10.0,Low,False,True,False
MCH2211,Krishnan-Sibal,Books & Stationery,Individual,Bengaluru,Karnataka,Active,1189.37,1.0,19337.72,19337.72,0.0,1.0,0.0,0.0,0.0,0.0,0.0,100.0,0.0,0.0,10.0,Low,False,True,False
MCH2217,"Rai, Bala And Shenoy",Grocery,Individual,Mumbai,Maharashtra,Active,728.77,3.0,22639.0,7546.333333333333,2.0,1.0,0.0,0.0,0.0,0.0,0.0,33.33,0.0,0.0,10.0,Low,False,True,False
MCH2222,"Mani, Ravel And Agrawal",Apparel & Fashion,Sole Proprietor,Lucknow,Uttar Pradesh,Active,815.84,5.0,52578.99,10515.797999999999,4.0,1.0,0.0,0.0,0.0,0.0,0.0,20.0,0.0,0.0,10.0,Low,False,True,False
MCH2232,Borde-Sule,Department Store,Partnership,Hyderabad,Telangana,Active,642.26,5.0,69073.65,13814.73,4.0,1.0,0.0,0.0,0.0,0.0,0.0,20.0,0.0,0.0,10.0,Low,False,True,False
MCH2248,Mutti-Manne,Restaurants & Food,Partnership,Ludhiana,Punjab,Inactive,1021.0,2.0,26698.489999999998,13349.244999999999,1.0,1.0,0.0,0.0,0.0,0.0,0.0,50.0,0.0,0.0,10.0,Low,False,True,False
MCH2258,Walia Group,Department Store,Sole Proprietor,Jalandhar,Punjab,Active,1902.49,5.0,83676.79,16735.358,4.0,1.0,0.0,0.0,0.0,0.0,0.0,20.0,0.0,0.0,10.0,Low,False,True,False
MCH2278,"Mohanty, Bobal And Minhas",Hotel & Lodging,Sole Proprietor,Pune,Maharashtra,Active,4540.82,2.0,15173.699999999999,7586.849999999999,1.0,1.0,0.0,0.0,0.0,0.0,0.0,50.0,0.0,0.0,10.0,Low,False,True,False
MCH2282,Mall Group,Retail,Partnership,Jalandhar,Punjab,Active,654.0,2.0,29874.92,14937.46,1.0,1.0,0.0,0.0,0.0,0.0,0.0,50.0,0.0,0.0,10.0,Low,False,True,False
MCH2287,Baral Inc,Medical,Individual,Delhi,Delhi,Active,920.82,4.0,60592.509999999995,15148.127499999999,2.0,2.0,0.0,0.0,0.0,0.0,0.0,50.0,0.0,0.0,10.0,Low,False,True,False
MCH2297,Mutti And Sons,Books & Stationery,Partnership,Ludhiana,Punjab,Active,1134.74,2.0,11382.68,5691.34,1.0,1.0,0.0,0.0,0.0,0.0,0.0,50.0,0.0,0.0,10.0,Low,False,True,False
MCH2309,"Bajaj, Chakraborty And Malhotra",Department Store,Individual,Amritsar,Punjab,Active,355.13,2.0,39843.73,19921.865,1.0,1.0,0.0,0.0,0.0,0.0,0.0,50.0,0.0,0.0,10.0,Low,False,True,False
MCH2350,"Gill, Sura And Doshi",Restaurants & Food,Individual,Pune,Maharashtra,Active,668.0,3.0,23957.08,7985.693333333334,2.0,1.0,0.0,0.0,0.0,0.0,0.0,33.33,0.0,0.0,10.0,Low,False,True,False
MCH2421,Chanda Plc,Transportation,Partnership,Lucknow,Uttar Pradesh,Active,146.0,3.0,50207.86,16735.953333333335,2.0,1.0,0.0,0.0,0.0,0.0,0.0,33.33,0.0,0.0,10.0,Low,False,True,False
MCH2424,Patil Ltd,Pharmacy,Partnership,Chennai,Tamil Nadu,Active,737.41,5.0,87112.33,17422.466,4.0,1.0,0.0,0.0,0.0,0.0,0.0,20.0,0.0,0.0,10.0,Low,False,True,False
MCH2435,"Badal, Chada And Narang",Apparel & Fashion,Private Limited,Ludhiana,Punjab,Active,2576.23,3.0,16777.899999999998,5592.633333333332,2.0,1.0,0.0,0.0,0.0,0.0,0.0,33.33,0.0,0.0,10.0,Low,False,True,False
MCH2447,Anand Llc,Transportation,Sole Proprietor,Jaipur,Rajasthan,Inactive,1803.52,3.0,30381.230000000003,10127.076666666668,1.0,1.0,0.0,0.0,0.0,0.0,0.0,33.33,0.0,0.0,10.0,Low,False,True,False
MCH2471,Das Group,Books & Stationery,Individual,Jalandhar,Punjab,Active,3177.16,1.0,1111.0,1111.0,0.0,1.0,0.0,0.0,0.0,0.0,0.0,100.0,0.0,0.0,10.0,Low,False,True,False
MCH2493,"Tella, Lata And Tripathi",Telecom,Individual,Jaipur,Rajasthan,Active,,2.0,36084.8,18042.4,1.0,1.0,0.0,0.0,0.0,0.0,0.0,50.0,0.0,0.0,10.0,Low,False,True,False
MCH2528,Cherian Ltd,Miscellaneous,Private Limited,Jalandhar,Punjab,Active,830.85,3.0,43513.229999999996,14504.409999999998,2.0,1.0,0.0,0.0,0.0,0.0,0.0,33.33,0.0,0.0,10.0,Low,False,True,False
MCH2533,"Chhabra, Shah And Tella",Medical,Sole Proprietor,Jaipur,Rajasthan,Active,2439.28,5.0,35479.83,7095.966,3.0,1.0,1.0,0.0,0.0,0.0,0.0,20.0,0.0,0.0,10.0,Low,False,True,False
MCH2546,Kant Group,Medical,Sole Proprietor,Amritsar,Punjab,Active,4120.12,1.0,3383.11,3383.11,0.0,1.0,0.0,0.0,0.0,0.0,0.0,100.0,0.0,0.0,10.0,Low,False,True,False
MCH2590,Goyal Group,Hotel & Lodging,Individual,Delhi,Delhi,Active,531.43,1.0,12341.0,12341.0,0.0,1.0,0.0,0.0,0.0,0.0,0.0,100.0,0.0,0.0,10.0,Low,False,True,False
MCH2600,Prabhakar And Sons,Apparel & Fashion,Partnership,Kolkata,West Bengal,Active,,8.0,103311.19,12913.89875,6.0,2.0,0.0,0.0,0.0,0.0,0.0,25.0,0.0,0.0,10.0,Low,False,True,False
MCH2607,"Deep, Prasad And Dass",Apparel & Fashion,Private Limited,Hyderabad,Telangana,Inactive,1570.82,1.0,17622.85,17622.85,0.0,1.0,0.0,0.0,0.0,0.0,0.0,100.0,0.0,0.0,10.0,Low,False,True,False
MCH2612,Vala Ltd,Hotel & Lodging,Sole Proprietor,Lucknow,Uttar Pradesh,Active,,1.0,7289.66,7289.66,0.0,1.0,0.0,0.0,0.0,0.0,0.0,100.0,0.0,0.0,10.0,Low,False,True,False
MCH2627,Gupta And Sons,Apparel & Fashion,Individual,Delhi,Delhi,Active,1249.33,3.0,50197.86,16732.62,2.0,1.0,0.0,0.0,0.0,0.0,0.0,33.33,0.0,0.0,10.0,Low,False,True,False
MCH2637,Joshi Group,Miscellaneous,Partnership,Chennai,Tamil Nadu,Active,,5.0,50540.61,10108.122,4.0,1.0,0.0,0.0,0.0,0.0,0.0,20.0,0.0,0.0,10.0,Low,False,True,False
MCH2639,Sunder-Keer,Grocery,Partnership,Jaipur,Rajasthan,Active,,2.0,31443.9,15721.95,1.0,1.0,0.0,0.0,0.0,0.0,0.0,50.0,0.0,0.0,10.0,Low,False,True,False
MCH2647,Saha Inc,Miscellaneous,Private Limited,Lucknow,Uttar Pradesh,Active,1551.4,2.0,32520.739999999998,16260.369999999999,1.0,1.0,0.0,0.0,0.0,0.0,0.0,50.0,0.0,0.0,10.0,Low,False,True,False
MCH2648,Batta Llc,Miscellaneous,Partnership,Jaipur,Rajasthan,Active,416.94,2.0,25697.96,12848.98,1.0,1.0,0.0,0.0,0.0,0.0,0.0,50.0,0.0,0.0,10.0,Low,False,True,False
MCH2665,"Goswami, Savant And Kar",Department Store,Sole Proprietor,Hyderabad,Telangana,Active,1516.75,3.0,20461.149999999998,6820.383333333332,1.0,1.0,0.0,0.0,0.0,0.0,0.0,33.33,0.0,0.0,10.0,Low,False,True,False
MCH2681,Upadhyay-Bava,Hotel & Lodging,Individual,Pune,Maharashtra,Active,230.72,5.0,71746.48,14349.295999999998,3.0,2.0,0.0,0.0,0.0,0.0,0.0,40.0,0.0,0.0,10.0,Low,False,True,False
MCH2691,Pathak And Sons,Hotel & Lodging,Private Limited,Lucknow,Uttar Pradesh,Active,5340.32,5.0,26551.649999999998,5310.33,4.0,1.0,0.0,0.0,0.0,0.0,0.0,20.0,0.0,0.0,10.0,Low,False,True,False
MCH2693,Tandon-Kaur,Retail,Individual,Chennai,Tamil Nadu,Active,1966.59,3.0,26967.36,8989.12,2.0,1.0,0.0,0.0,0.0,0.0,0.0,33.33,0.0,0.0,10.0,Low,False,True,False
MCH2701,"Prabhakar, Saraf And Mand",Hotel & Lodging,Private Limited,Hyderabad,Telangana,Active,2599.41,2.0,21980.129999999997,10990.064999999999,1.0,1.0,0.0,0.0,0.0,0.0,0.0,50.0,0.0,0.0,10.0,Low,False,True,False
MCH2724,Aggarwal Group,Restaurants & Food,Individual,Bengaluru,Karnataka,Active,,2.0,27099.59,13549.795,1.0,1.0,0.0,0.0,0.0,0.0,0.0,50.0,0.0,0.0,10.0,Low,False,True,False
MCH2731,Krishna-Kumar,Department Store,Private Limited,Ludhiana,Punjab,Active,1031.53,2.0,18501.65,9250.825,1.0,1.0,0.0,0.0,0.0,0.0,0.0,50.0,0.0,0.0,10.0,Low,False,True,False
MCH2749,Borde Plc,Hotel & Lodging,Partnership,Jalandhar,Punjab,Active,299.85,3.0,42014.479999999996,14004.826666666666,2.0,1.0,0.0,0.0,0.0,0.0,0.0,33.33,0.0,0.0,10.0,Low,False,True,False
MCH2765,Mukhopadhyay Inc,Department Store,Sole Proprietor,Lucknow,Uttar Pradesh,Active,3568.4,3.0,22774.69,7591.563333333333,2.0,1.0,0.0,0.0,0.0,0.0,0.0,33.33,0.0,0.0,10.0,Low,False,True,False
MCH2769,Sehgal Plc,Telecom,Private Limited,Amritsar,Punjab,Active,131.0,4.0,52951.55,13237.8875,3.0,1.0,0.0,0.0,0.0,0.0,0.0,25.0,0.0,0.0,10.0,Low,False,True,False
MCH2788,"Dash, Mallick And Sachdev",Restaurants & Food,Individual,Bengaluru,Karnataka,Active,3989.94,3.0,52028.979999999996,17342.993333333332,2.0,1.0,0.0,0.0,0.0,0.0,0.0,33.33,0.0,0.0,10.0,Low,False,True,False
MCH2799,Kadakia-Nayak,Restaurants & Food,Sole Proprietor,Delhi,Delhi,Active,,3.0,37419.34,12473.113333333333,2.0,1.0,0.0,0.0,0.0,0.0,0.0,33.33,0.0,0.0,10.0,Low,False,True,False
MCH2860,Ahluwalia Ltd,Hotel & Lodging,Private Limited,Bengaluru,Karnataka,Active,250.0,4.0,85979.54000000001,21494.885000000002,2.0,2.0,0.0,0.0,0.0,0.0,0.0,50.0,0.0,0.0,10.0,Low,False,True,False
MCH2862,Bhasin Group,Apparel & Fashion,Partnership,Jaipur,Rajasthan,Active,544.8,3.0,23778.72,7926.240000000001,2.0,1.0,0.0,0.0,0.0,0.0,0.0,33.33,0.0,0.0,10.0,Low,False,True,False
MCH2879,"Pillay, Vora And Karnik",Restaurants & Food,Individual,Ludhiana,Punjab,Active,,3.0,34682.02,11560.673333333332,1.0,1.0,1.0,0.0,0.0,0.0,0.0,33.33,0.0,0.0,10.0,Low,False,True,False
MCH2881,J0Ha1 Plc,Restaurants & Food,Partnership,Amritsar,Punjab,Active,807.63,5.0,68001.35,13600.27,3.0,2.0,0.0,0.0,0.0,0.0,0.0,40.0,0.0,0.0,10.0,Low,False,True,False
MCH2884,Malhotra-Sarin,Books & Stationery,Sole Proprietor,Pune,Maharashtra,Active,683.54,4.0,65236.26,16309.065,3.0,1.0,0.0,0.0,0.0,0.0,0.0,25.0,0.0,0.0,10.0,Low,False,True,False
MCH2886,"Raja, Hayre And Deshmukh",Medical,Private Limited,Kolkata,West Bengal,Active,511.0,4.0,31875.0,7968.75,3.0,1.0,0.0,0.0,0.0,0.0,0.0,25.0,0.0,0.0,10.0,Low,False,True,False
MCH2907,Varughese-Mani,Medical,Sole Proprietor,Chennai,Tamil Nadu,Active,1106.0,5.0,59964.89,11992.978,2.0,3.0,0.0,0.0,0.0,0.0,0.0,60.0,0.0,0.0,10.0,Low,False,True,False
MCH2922,Chhabra-Jha,Miscellaneous,Sole Proprietor,Mumbai,Maharashtra,Active,,5.0,56875.93,11375.186,4.0,1.0,0.0,0.0,0.0,0.0,0.0,20.0,0.0,0.0,10.0,Low,False,True,False
MCH2923,Bahri Plc,Pharmacy,Sole Proprietor,Bengaluru,Karnataka,Active,1195.19,2.0,40837.7,20418.85,0.0,1.0,0.0,0.0,0.0,0.0,0.0,50.0,0.0,0.0,10.0,Low,False,True,False
MCH2924,Chaudhary-Dugar,Books & Stationery,Individual,Mumbai,Maharashtra,Active,770.99,4.0,75933.03,18983.2575,3.0,1.0,0.0,0.0,0.0,0.0,0.0,25.0,0.0,0.0,10.0,Low,False,True,False
MCH2949,"Mahal, Natt And Ghosh",Miscellaneous,Partnership,Jaipur,Rajasthan,Active,,1.0,16466.93,16466.93,0.0,1.0,0.0,0.0,0.0,0.0,0.0,100.0,0.0,0.0,10.0,Low,False,True,False
MCH2951,"Thakur, Subramaniam And Agrawal",Hotel & Lodging,Partnership,Mumbai,Maharashtra,Active,,1.0,2348.05,2348.05,0.0,1.0,0.0,0.0,0.0,0.0,0.0,100.0,0.0,0.0,10.0,Low,False,True,False
MCH2956,"Wali, Khatri And Mistry",Telecom,Sole Proprietor,Lucknow,Uttar Pradesh,Inactive,4934.63,3.0,51313.97,17104.656666666666,2.0,1.0,0.0,0.0,0.0,0.0,0.0,33.33,0.0,0.0,10.0,Low,False,True,False
MCH3025,"Sachdeva, Bora And Hegde",Transportation,Private Limited,Pune,Maharashtra,Active,611.84,2.0,33280.97,16640.485,0.0,1.0,1.0,0.0,0.0,0.0,0.0,50.0,0.0,0.0,10.0,Low,False,True,False
MCH3029,Sarma Plc,Transportation,Sole Proprietor,Mumbai,Maharashtra,Active,163.28,4.0,68400.43,17100.1075,2.0,2.0,0.0,0.0,0.0,0.0,0.0,50.0,0.0,0.0,10.0,Low,False,True,False
MCH3030,"Sengupta, Bhagat And Kota",Books & Stationery,Private Limited,Chennai,Tamil Nadu,Active,194.19,3.0,46138.65,15379.550000000001,2.0,1.0,0.0,0.0,0.0,0.0,0.0,33.33,0.0,0.0,10.0,Low,False,True,False
MCH3051,Hora-Mahajan,Apparel & Fashion,Private Limited,Jaipur,Rajasthan,Active,3699.21,3.0,23467.23,7822.41,2.0,1.0,0.0,0.0,0.0,0.0,0.0,33.33,0.0,0.0,10.0,Low,False,True,False
MCH3078,"Gandhi, Rout And Sankaran",Hotel & Lodging,Sole Proprietor,Bengaluru,Karnataka,Active,752.09,5.0,64396.16,12879.232,4.0,1.0,0.0,0.0,0.0,0.0,0.0,20.0,0.0,0.0,10.0,Low,False,True,False
MCH3088,Suresh Llc,Grocery,Partnership,Chennai,Tamil Nadu,Active,4739.6,5.0,73445.67,14689.134,3.0,2.0,0.0,0.0,0.0,0.0,0.0,40.0,0.0,0.0,10.0,Low,False,True,False
MCH3096,"Pradhan, Anne And Dhillon",Restaurants & Food,Individual,Kolkata,West Bengal,Active,,3.0,36871.2,12290.4,2.0,1.0,0.0,0.0,0.0,0.0,0.0,33.33,0.0,0.0,10.0,Low,False,True,False
MCH3146,Batta-Sharaf,Transportation,Individual,Pune,Maharashtra,Active,898.04,3.0,36246.26,12082.086666666668,0.0,2.0,1.0,0.0,0.0,0.0,0.0,66.67,0.0,0.0,10.0,Low,False,True,False
MCH3179,"Din,Mukhopadhyayandbawa",Miscellaneous,Sole Proprietor,Chennai,Tamil Nadu,Suspended,1687.99,1.0,10174.49,10174.49,0.0,1.0,0.0,0.0,0.0,0.0,0.0,100.0,0.0,0.0,10.0,Low,False,True,False
MCH3181,"Kothari, Sengupta And Sandal",Transportation,Private Limited,Lucknow,Uttar Pradesh,Active,9001.75,3.0,22571.98,7523.993333333333,2.0,1.0,0.0,0.0,0.0,0.0,0.0,33.33,0.0,0.0,10.0,Low,False,True,False
MCH3229,Keer-Kale,Pharmacy,Sole Proprietor,Mumbai,Maharashtra,Active,276.23,3.0,18802.78,6267.593333333333,2.0,1.0,0.0,0.0,0.0,0.0,0.0,33.33,0.0,0.0,10.0,Low,False,True,False
MCH3231,Gokhale Group,Grocery,Individual,Jalandhar,Punjab,Active,205.0,4.0,58347.67,14586.9175,3.0,1.0,0.0,0.0,0.0,0.0,0.0,25.0,0.0,0.0,10.0,Low,False,True,False
MCH3240,"Roy, Dash And Bobal",Grocery,Partnership,Pune,Maharashtra,Active,1077.02,2.0,45038.36,22519.18,1.0,1.0,0.0,0.0,0.0,0.0,0.0,50.0,0.0,0.0,10.0,Low,False,True,False
MCH3250,Bose-Kalita,Department Store,Sole Proprietor,Mumbai,Maharashtra,Inactive,1514.47,3.0,24942.510000000002,8314.17,2.0,1.0,0.0,0.0,0.0,0.0,0.0,33.33,0.0,0.0,10.0,Low,False,True,False
MCH3253,Khatri-Krishnamurthy,Books & Stationery,Partnership,Lucknow,Uttar Pradesh,Active,2086.58,3.0,45840.0,15280.0,2.0,1.0,0.0,0.0,0.0,0.0,0.0,33.33,0.0,0.0,10.0,Low,False,True,False
MCH3264,"Narayanan, Krishnan And Bail",Grocery,Sole Proprietor,Jaipur,Rajasthan,Active,3885.91,2.0,48893.06,24446.53,1.0,1.0,0.0,0.0,0.0,0.0,0.0,50.0,0.0,0.0,10.0,Low,False,True,False
MCH3275,Sridhar And Sons,Apparel & Fashion,Partnership,Delhi,Delhi,On Hold,,2.0,13068.109999999999,6534.054999999999,0.0,2.0,0.0,0.0,0.0,0.0,0.0,100.0,0.0,0.0,10.0,Low,False,True,False
MCH3294,"Murty, Vala And Pall",Transportation,Individual,Ludhiana,Punjab,Active,822.03,3.0,40442.22,13480.74,2.0,1.0,0.0,0.0,0.0,0.0,0.0,33.33,0.0,0.0,10.0,Low,False,True,False
MCH3301,Reddy And Sons,Books & Stationery,Partnership,Jaipur,Rajasthan,Active,2571.65,4.0,48259.47,12064.8675,3.0,1.0,0.0,0.0,0.0,0.0,0.0,25.0,0.0,0.0,10.0,Low,False,True,False
MCH3307,Uppal And Sons,Hotel & Lodging,Private Limited,Pune,Maharashtra,Active,1033.39,3.0,40921.4,13640.466666666667,1.0,1.0,1.0,0.0,0.0,0.0,0.0,33.33,0.0,0.0,10.0,Low,False,True,False
MCH3311,Sule Ltd,Books & Stationery,Sole Proprietor,Pune,Maharashtra,Active,1079.15,2.0,12500.87,6250.435,1.0,1.0,0.0,0.0,0.0,0.0,0.0,50.0,0.0,0.0,10.0,Low,False,True,False
MCH3333,Dada Plc,Miscellaneous,Private Limited,Mumbai,Maharashtra,Active,668.0,1.0,18099.54,18099.54,0.0,1.0,0.0,0.0,0.0,0.0,0.0,100.0,0.0,0.0,10.0,Low,False,True,False
MCH3338,"Mistry, Majumdar And Ghosh",Telecom,Individual,Ludhiana,Punjab,Active,1989.0,4.0,57272.82,14318.205,2.0,2.0,0.0,0.0,0.0,0.0,0.0,50.0,0.0,0.0,10.0,Low,False,True,False
MCH3340,Varty-Chokshi,Miscellaneous,Partnership,Chennai,Tamil Nadu,Active,311.76,3.0,54013.17,18004.39,1.0,2.0,0.0,0.0,0.0,0.0,0.0,66.67,0.0,0.0,10.0,Low,False,True,False
MCH3351,"Loke, Narasimhan And Gandhi",Pharmacy,Partnership,Amritsar,Punjab,Suspended,1029.99,2.0,18871.35,9435.675,0.0,2.0,0.0,0.0,0.0,0.0,0.0,100.0,0.0,0.0,10.0,Low,False,True,False
MCH3357,"Sundaram, Kara And Sibal",Hotel & Lodging,Partnership,Amritsar,Punjab,Active,246.81,1.0,9616.0,9616.0,0.0,1.0,0.0,0.0,0.0,0.0,0.0,100.0,0.0,0.0,10.0,Low,False,True,False
MCH3431,Ghosh And Sons,Restaurants & Food,Sole Proprietor,Mumbai,Maharashtra,Suspended,1904.92,4.0,33906.77,8476.6925,3.0,1.0,0.0,0.0,0.0,0.0,0.0,25.0,0.0,0.0,10.0,Low,False,True,False
MCH3442,Choudhry-Ravi,Apparel & Fashion,Partnership,Mumbai,Maharashtra,Active,3189.0,1.0,11863.0,11863.0,0.0,1.0,0.0,0.0,0.0,0.0,0.0,100.0,0.0,0.0,10.0,Low,False,True,False
MCH3455,Singhal Llc,Department Store,Individual,Jalandhar,Punjab,Active,11222.95,2.0,37471.35,18735.675,0.0,2.0,0.0,0.0,0.0,0.0,0.0,100.0,0.0,0.0,10.0,Low,False,True,False
MCH3481,"Raja, Brar And Nagar",Grocery,Private Limited,Delhi,Delhi,Active,1791.83,1.0,4349.25,4349.25,0.0,1.0,0.0,0.0,0.0,0.0,0.0,100.0,0.0,0.0,10.0,Low,False,True,False
MCH3483,"Puri, Sachdeva And Jhaveri",Restaurants & Food,Private Limited,Jaipur,Rajasthan,Inactive,1128.9,2.0,18920.22,9460.11,1.0,1.0,0.0,0.0,0.0,0.0,0.0,50.0,0.0,0.0,10.0,Low,False,True,False
MCH3490,Sachdev-Din,Grocery,Individual,Delhi,Delhi,Suspended,570.0,1.0,9482.22,9482.22,0.0,1.0,0.0,0.0,0.0,0.0,0.0,100.0,0.0,0.0,10.0,Low,False,True,False
MCH3499,"Mand, Munshi And Bali",Retail,Sole Proprietor,Chennai,Tamil Nadu,Active,1115.88,3.0,31594.38,10531.460000000001,2.0,1.0,0.0,0.0,0.0,0.0,0.0,33.33,0.0,0.0,10.0,Low,False,True,False
MCH3511,"Konda, Venkatesh And Jha",Grocery,Individual,Lucknow,Uttar Pradesh,Active,,3.0,38312.71,12770.903333333334,2.0,1.0,0.0,0.0,0.0,0.0,0.0,33.33,0.0,0.0,10.0,Low,False,True,False
MCH3533,Tiwari-Gulati,Hotel & Lodging,Private Limited,Mumbai,Maharashtra,Active,709.41,2.0,29957.24,14978.62,1.0,1.0,0.0,0.0,0.0,0.0,0.0,50.0,0.0,0.0,10.0,Low,False,True,False
MCH3541,"Srivastava, Tella And Konda",Telecom,Private Limited,Delhi,Delhi,Active,2341.43,2.0,20189.25,10094.625,0.0,1.0,1.0,0.0,0.0,0.0,0.0,50.0,0.0,0.0,10.0,Low,False,True,False
MCH3556,Andra-Nagar,Miscellaneous,Sole Proprietor,Pune,Maharashtra,Active,1107.13,2.0,22386.3,11193.15,1.0,1.0,0.0,0.0,0.0,0.0,0.0,50.0,0.0,0.0,10.0,Low,False,True,False
MCH3567,Kala Ltd,Telecom,Sole Proprietor,Amritsar,Punjab,Active,1794.62,4.0,42086.05,10521.5125,2.0,2.0,0.0,0.0,0.0,0.0,0.0,50.0,0.0,0.0,10.0,Low,False,True,False
MCH3568,"Choudhury, Trivedi And Bhatnagar",Department Store,Private Limited,Ludhiana,Punjab,Active,1208.3,4.0,62572.53,15643.1325,3.0,1.0,0.0,0.0,0.0,0.0,0.0,25.0,0.0,0.0,10.0,Low,False,True,False
MCH3571,"Aurora, Kamdar And Vasa",Grocery,Private Limited,Lucknow,Uttar Pradesh,Active,583.65,2.0,16736.9,8368.45,0.0,2.0,0.0,0.0,0.0,0.0,0.0,100.0,0.0,0.0,10.0,Low,False,True,False
MCH3578,"Badal, Gopal And Walla",Transportation,Individual,Amritsar,Punjab,Active,14795.0,4.0,46405.58,11601.395,2.0,1.0,0.0,0.0,0.0,0.0,0.0,25.0,0.0,0.0,10.0,Low,False,True,False
MCH3592,"Sem, Chandran And Dara",Miscellaneous,Sole Proprietor,Delhi,Delhi,Inactive,,1.0,1386.99,1386.99,0.0,1.0,0.0,0.0,0.0,0.0,0.0,100.0,0.0,0.0,10.0,Low,False,True,False
MCH3596,Choudhry Ltd,Transportation,Private Limited,Lucknow,Uttar Pradesh,Active,311.69,2.0,14289.619999999999,7144.8099999999995,1.0,1.0,0.0,0.0,0.0,0.0,0.0,50.0,0.0,0.0,10.0,Low,False,True,False
MCH3625,Singhal Ltd,Restaurants & Food,Sole Proprietor,Mumbai,Maharashtra,Active,10079.36,1.0,7202.98,7202.98,0.0,1.0,0.0,0.0,0.0,0.0,0.0,100.0,0.0,0.0,10.0,Low,False,True,False
MCH3627,"Chandra, Venkataraman And Palla",Medical,Sole Proprietor,Jaipur,Rajasthan,Active,379.66,2.0,40038.93,20019.465,1.0,1.0,0.0,0.0,0.0,0.0,0.0,50.0,0.0,0.0,10.0,Low,False,True,False
MCH3641,"Khurana, Barman And Suresh",Apparel & Fashion,Individual,Delhi,Delhi,Active,2224.44,1.0,627.19,627.19,0.0,1.0,0.0,0.0,0.0,0.0,0.0,100.0,0.0,0.0,10.0,Low,False,True,False
MCH3654,Ganesan Ltd,Restaurants & Food,Sole Proprietor,Jalandhar,Punjab,Active,286.1,2.0,26464.43,13232.215,1.0,1.0,0.0,0.0,0.0,0.0,0.0,50.0,0.0,0.0,10.0,Low,False,True,False
MCH3668,Pandey-Uppal,Transportation,Sole Proprietor,Pune,Maharashtra,Active,795.26,2.0,15589.89,7794.945,1.0,1.0,0.0,0.0,0.0,0.0,0.0,50.0,0.0,0.0,10.0,Low,False,True,False
MCH3669,"Dutta, Banerjee And Saini",Miscellaneous,Private Limited,Lucknow,Uttar Pradesh,Active,2883.4,2.0,11731.32,5865.66,1.0,1.0,0.0,0.0,0.0,0.0,0.0,50.0,0.0,0.0,10.0,Low,False,True,False
MCH3679,Kumer Llc,Telecom,Private Limited,Hyderabad,Telangana,Active,587.47,7.0,64169.07,9167.01,4.0,3.0,0.0,0.0,0.0,0.0,0.0,42.86,0.0,0.0,10.0,Low,False,True,False
MCH3680,Pradhan Ltd,Travel,Private Limited,Hyderabad,Telangana,Active,519.26,4.0,48942.28,12235.57,3.0,1.0,0.0,0.0,0.0,0.0,0.0,25.0,0.0,0.0,10.0,Low,False,True,False
MCH3688,"Nayak, Brar And Sahni",Telecom,Individual,Chennai,Tamil Nadu,On Hold,2787.88,1.0,5102.81,5102.81,0.0,1.0,0.0,0.0,0.0,0.0,0.0,100.0,0.0,0.0,10.0,Low,False,True,False
MCH3705,"Prakash, Korpal And Narasimhan",Restaurants & Food,Sole Proprietor,Jaipur,Rajasthan,Active,753.96,4.0,70623.95,17655.9875,3.0,1.0,0.0,0.0,0.0,0.0,0.0,25.0,0.0,0.0,10.0,Low,False,True,False
MCH3715,Bansal Inc,Books & Stationery,Individual,Lucknow,Uttar Pradesh,Suspended,2025.81,5.0,60815.58,12163.116,4.0,1.0,0.0,0.0,0.0,0.0,0.0,20.0,0.0,0.0,10.0,Low,False,True,False
MCH3723,Wagle-Dugar,Grocery,Individual,Bengaluru,Karnataka,Active,1906.51,4.0,57359.07,14339.7675,3.0,1.0,0.0,0.0,0.0,0.0,0.0,25.0,0.0,0.0,10.0,Low,False,True,False
MCH3726,Varughese Plc,Telecom,Individual,Lucknow,Uttar Pradesh,Active,3572.06,4.0,43040.14,10760.035,2.0,2.0,0.0,0.0,0.0,0.0,0.0,50.0,0.0,0.0,10.0,Low,False,True,False
MCH3743,Doctor Ltd,Pharmacy,Sole Proprietor,Hyderabad,Telangana,Active,12417.3,2.0,15970.23,7985.115,1.0,1.0,0.0,0.0,0.0,0.0,0.0,50.0,0.0,0.0,10.0,Low,False,True,False
MCH3795,Sinha-Ramesh,Telecom,Partnership,Hyderabad,Telangana,Active,1083.1,5.0,61175.0,12235.0,4.0,1.0,0.0,0.0,0.0,0.0,0.0,20.0,0.0,0.0,10.0,Low,False,True,False
MCH3847,Nair Plc,Retail,Sole Proprietor,Pune,Maharashtra,Active,660.47,3.0,47662.67,15887.556666666665,2.0,1.0,0.0,0.0,0.0,0.0,0.0,33.33,0.0,0.0,10.0,Low,False,True,False
MCH3859,"Mall, Bassi And Seshadri",Grocery,Partnership,Mumbai,Maharashtra,Active,610.0,5.0,89820.92,17964.184,4.0,1.0,0.0,0.0,0.0,0.0,0.0,20.0,0.0,0.0,10.0,Low,False,True,False
MCH3869,Hegde Ltd,Department Store,Partnership,Pune,Maharashtra,Active,,3.0,23885.04,7961.68,2.0,1.0,0.0,0.0,0.0,0.0,0.0,33.33,0.0,0.0,10.0,Low,False,True,False
MCH3885,Thakur Inc,Transportation,Private Limited,Chennai,Tamil Nadu,Active,618.81,4.0,46836.76,11709.19,3.0,1.0,0.0,0.0,0.0,0.0,0.0,25.0,0.0,0.0,10.0,Low,False,True,False
MCH3893,Dhingra-Chaudhuri,Medical,Sole Proprietor,Chennai,Tamil Nadu,Active,2445.5,5.0,45950.409999999996,9190.081999999999,4.0,1.0,0.0,0.0,0.0,0.0,0.0,20.0,0.0,0.0,10.0,Low,False,True,False
MCH3898,Wadhwa-Sahni,Apparel & Fashion,Private Limited,Ludhiana,Punjab,Active,,2.0,18888.34,9444.17,1.0,1.0,0.0,0.0,0.0,0.0,0.0,50.0,0.0,0.0,10.0,Low,False,True,False
MCH3956,Kota Ltd,Department Store,Private Limited,Hyderabad,Telangana,Active,656.81,2.0,37638.479999999996,18819.239999999998,1.0,1.0,0.0,0.0,0.0,0.0,0.0,50.0,0.0,0.0,10.0,Low,False,True,False
MCH4026,Nagy Ltd,Restaurants & Food,Private Limited,Kolkata,West Bengal,Active,1027.0,3.0,33841.75,11280.583333333334,2.0,1.0,0.0,0.0,0.0,0.0,0.0,33.33,0.0,0.0,10.0,Low,False,True,False
MCH4027,"Hegde, Ratti And Gera",Grocery,Private Limited,Hyderabad,Telangana,Active,,1.0,20211.03,20211.03,0.0,1.0,0.0,0.0,0.0,0.0,0.0,100.0,0.0,0.0,10.0,Low,False,True,False
MCH4029,Kuruvilla And Sons,Grocery,Private Limited,Pune,Maharashtra,Active,55.43,4.0,24925.77,6231.4425,3.0,1.0,0.0,0.0,0.0,0.0,0.0,25.0,0.0,0.0,10.0,Low,False,True,False
MCH4033,Kota Plc,Apparel & Fashion,Individual,Ludhiana,Punjab,Active,,2.0,16530.05,8265.025,1.0,1.0,0.0,0.0,0.0,0.0,0.0,50.0,0.0,0.0,10.0,Low,False,True,False
MCH4034,Tiwari-Lad,Miscellaneous,Individual,Ludhiana,Punjab,Suspended,2041.77,3.0,57652.81,19217.603333333333,1.0,2.0,0.0,0.0,0.0,0.0,0.0,66.67,0.0,0.0,10.0,Low,False,True,False
MCH4040,"Bahri, Solanki And Magar",Department Store,Private Limited,Chennai,Tamil Nadu,Active,1173.0,3.0,40221.76,13407.253333333334,2.0,1.0,0.0,0.0,0.0,0.0,0.0,33.33,0.0,0.0,10.0,Low,False,True,False
MCH4043,Choudhry And Sons,Pharmacy,Private Limited,Bengaluru,Karnataka,Active,367.6,2.0,23269.699999999997,11634.849999999999,1.0,1.0,0.0,0.0,0.0,0.0,0.0,50.0,0.0,0.0,10.0,Low,False,True,False
MCH4072,Singhal-Natarajan,Restaurants & Food,Sole Proprietor,Chennai,Tamil Nadu,Active,2593.54,3.0,45772.490000000005,15257.496666666668,1.0,1.0,1.0,0.0,0.0,0.0,0.0,33.33,0.0,0.0,10.0,Low,False,True,False
MCH4075,Sankar-Mandal,Restaurants & Food,Partnership,Ludhiana,Punjab,Active,1056.32,3.0,48014.56,16004.853333333333,2.0,1.0,0.0,0.0,0.0,0.0,0.0,33.33,0.0,0.0,10.0,Low,False,True,False
MCH4081,Srinivasan-Bahri,Telecom,Sole Proprietor,Delhi,Delhi,Active,2928.84,3.0,44158.72,14719.573333333334,2.0,1.0,0.0,0.0,0.0,0.0,0.0,33.33,0.0,0.0,10.0,Low,False,True,False
MCH4096,"Bhat, Kapoor And Borah",Miscellaneous,Private Limited,Hyderabad,Telangana,Active,2092.25,3.0,16587.29,5529.096666666667,2.0,1.0,0.0,0.0,0.0,0.0,0.0,33.33,0.0,0.0,10.0,Low,False,True,False
MCH4102,Dass Llc,Pharmacy,Partnership,Kolkata,West Bengal,Active,375.32,2.0,19392.75,9696.375,1.0,1.0,0.0,0.0,0.0,0.0,0.0,50.0,0.0,0.0,10.0,Low,False,True,False
MCH4107,Pandey-Sastry,Apparel & Fashion,Sole Proprietor,Jalandhar,Punjab,Inactive,319.0,3.0,23083.73,7694.576666666667,2.0,1.0,0.0,0.0,0.0,0.0,0.0,33.33,0.0,0.0,10.0,Low,False,True,False
MCH4111,Brahmbhatt Llc,Miscellaneous,Partnership,Lucknow,Uttar Pradesh,Suspended,682.69,4.0,63344.09,15836.0225,3.0,1.0,0.0,0.0,0.0,0.0,0.0,25.0,0.0,0.0,10.0,Low,False,True,False
MCH4114,"Pandya, Jayaraman And Ray",Telecom,Sole Proprietor,Hyderabad,Telangana,Inactive,436.15,2.0,13752.68,6876.34,1.0,1.0,0.0,0.0,0.0,0.0,0.0,50.0,0.0,0.0,10.0,Low,False,True,False
MCH4141,Sarkar And Sons,Telecom,Partnership,Bengaluru,Karnataka,Active,1485.34,2.0,32397.22,16198.61,1.0,1.0,0.0,0.0,0.0,0.0,0.0,50.0,0.0,0.0,10.0,Low,False,True,False
MCH4163,Rajag0Pa1An-Hans,Restaurants & Food,Sole Proprietor,Pune,Maharashtra,Active,,2.0,2411.6400000000003,1205.8200000000002,1.0,1.0,0.0,0.0,0.0,0.0,0.0,50.0,0.0,0.0,10.0,Low,False,True,False
MCH4170,Bassi Group,Miscellaneous,Sole Proprietor,Ludhiana,Punjab,Active,591.58,5.0,53360.03,10672.006,4.0,1.0,0.0,0.0,0.0,0.0,0.0,20.0,0.0,0.0,10.0,Low,False,True,False
MCH4194,Srinivasan-Lala,Transportation,Individual,Ludhiana,Punjab,Active,2059.54,4.0,71261.04000000001,17815.260000000002,3.0,1.0,0.0,0.0,0.0,0.0,0.0,25.0,0.0,0.0,10.0,Low,False,True,False
MCH4232,Sehgal-Rama,Grocery,Partnership,Kolkata,West Bengal,Active,4112.72,4.0,55140.08,13785.02,3.0,1.0,0.0,0.0,0.0,0.0,0.0,25.0,0.0,0.0,10.0,Low,False,True,False
MCH4235,Nagar-Sharma,Retail,Sole Proprietor,Kolkata,West Bengal,Active,1671.65,4.0,70659.26,17664.815,3.0,1.0,0.0,0.0,0.0,0.0,0.0,25.0,0.0,0.0,10.0,Low,False,True,False
MCH4248,"Bahl, Prashad And Reddy",Department Store,Sole Proprietor,Lucknow,Uttar Pradesh,Active,4921.5,2.0,13954.02,6977.01,0.0,1.0,1.0,0.0,0.0,0.0,0.0,50.0,0.0,0.0,10.0,Low,False,True,False
MCH4277,Khalsa Inc,Department Store,Individual,Amritsar,Punjab,Active,1332.99,3.0,41840.68,13946.893333333333,1.0,1.0,1.0,0.0,0.0,0.0,0.0,33.33,0.0,0.0,10.0,Low,False,True,False
MCH4305,Padmanabhan-Thaker,Transportation,Individual,Ludhiana,Punjab,Active,572.69,1.0,17997.48,17997.48,0.0,1.0,0.0,0.0,0.0,0.0,0.0,100.0,0.0,0.0,10.0,Low,False,True,False
MCH4314,Deshmukh Ltd,Apparel & Fashion,Private Limited,Jalandhar,Punjab,Inactive,986.05,4.0,44126.69,11031.6725,2.0,1.0,1.0,0.0,0.0,0.0,0.0,25.0,0.0,0.0,10.0,Low,False,True,False
MCH4318,Nagar And Sons,Transportation,Sole Proprietor,Lucknow,Uttar Pradesh,Active,1159.12,2.0,21771.99,10885.995,1.0,1.0,0.0,0.0,0.0,0.0,0.0,50.0,0.0,0.0,10.0,Low,False,True,False
MCH4332,Varma Plc,Books & Stationery,Individual,Mumbai,Maharashtra,Active,229.07,2.0,19718.76,9859.38,0.0,2.0,0.0,0.0,0.0,0.0,0.0,100.0,0.0,0.0,10.0,Low,False,True,False
MCH4360,Khurana Ltd,Apparel & Fashion,Partnership,Jaipur,Rajasthan,Active,507.91,3.0,28606.789999999997,9535.596666666666,1.0,2.0,0.0,0.0,0.0,0.0,0.0,66.67,0.0,0.0,10.0,Low,False,True,False
MCH4361,"Dugal, Barad And Nagi",Grocery,Private Limited,Pune,Maharashtra,Active,4047.59,3.0,28843.670000000002,9614.556666666667,2.0,1.0,0.0,0.0,0.0,0.0,0.0,33.33,0.0,0.0,10.0,Low,False,True,False
MCH4374,Venkatesh Llc,Hotel & Lodging,Individual,Jalandhar,Punjab,Active,418.37,3.0,30686.510000000002,10228.836666666668,2.0,1.0,0.0,0.0,0.0,0.0,0.0,33.33,0.0,0.0,10.0,Low,False,True,False
MCH4395,Ramakrishnan-Rastogi,Miscellaneous,Private Limited,Chennai,Tamil Nadu,Active,,5.0,37882.78,7576.556,4.0,1.0,0.0,0.0,0.0,0.0,0.0,20.0,0.0,0.0,10.0,Low,False,True,False
MCH4416,Raju And S0Ns,Miscellaneous,Individual,Bengaluru,Karnataka,Inactive,3955.0,2.0,14354.48,7177.24,1.0,1.0,0.0,0.0,0.0,0.0,0.0,50.0,0.0,0.0,10.0,Low,False,True,False
MCH4443,Sachar-Banik,Books & Stationery,Partnership,Jaipur,Rajasthan,Active,2375.86,4.0,74821.44,18705.36,3.0,1.0,0.0,0.0,0.0,0.0,0.0,25.0,0.0,0.0,10.0,Low,False,True,False
MCH4444,Khalsa Plc,Miscellaneous,Partnership,Ludhiana,Punjab,Active,2332.61,2.0,32771.89,16385.945,0.0,2.0,0.0,0.0,0.0,0.0,0.0,100.0,0.0,0.0,10.0,Low,False,True,False
MCH4458,"Gola, Dixit And Banik",Grocery,Sole Proprietor,Amritsar,Punjab,Active,991.85,4.0,31628.879999999997,7907.219999999999,2.0,2.0,0.0,0.0,0.0,0.0,0.0,50.0,0.0,0.0,10.0,Low,False,True,False
MCH4459,Agate-Majumdar,Transportation,Sole Proprietor,Chennai,Tamil Nadu,Active,210.85,3.0,30581.440000000002,10193.813333333334,2.0,1.0,0.0,0.0,0.0,0.0,0.0,33.33,0.0,0.0,10.0,Low,False,True,False
MCH4476,Parikh Group,Medical,Partnership,Kolkata,West Bengal,Active,,2.0,24297.460000000003,12148.730000000001,1.0,1.0,0.0,0.0,0.0,0.0,0.0,50.0,0.0,0.0,10.0,Low,False,True,False
MCH4477,"Ray, Agate And Som",Telecom,Partnership,Amritsar,Punjab,Active,3504.19,4.0,22586.92,5646.73,3.0,1.0,0.0,0.0,0.0,0.0,0.0,25.0,0.0,0.0,10.0,Low,False,True,False
MCH4482,Sawhney-Raman,Hotel & Lodging,Private Limited,Ludhiana,Punjab,Active,246.88,4.0,50481.78,12620.445,3.0,1.0,0.0,0.0,0.0,0.0,0.0,25.0,0.0,0.0,10.0,Low,False,True,False
MCH4503,Sunder Plc,Hotel & Lodging,Partnership,Mumbai,Maharashtra,Active,540.93,2.0,29987.54,14993.77,1.0,1.0,0.0,0.0,0.0,0.0,0.0,50.0,0.0,0.0,10.0,Low,False,True,False
MCH4531,Bail-Ramachandran,Telecom,Private Limited,Jaipur,Rajasthan,Active,597.69,3.0,51242.520000000004,17080.84,2.0,1.0,0.0,0.0,0.0,0.0,0.0,33.33,0.0,0.0,10.0,Low,False,True,False
MCH4548,"Butala, Som And Modi",Transportation,Private Limited,Bengaluru,Karnataka,Suspended,568.11,3.0,55425.79,18475.263333333332,2.0,1.0,0.0,0.0,0.0,0.0,0.0,33.33,0.0,0.0,10.0,Low,False,True,False
MCH4556,Bhakta Inc,Books & Stationery,Private Limited,Mumbai,Maharashtra,Active,881.89,4.0,53458.899999999994,13364.724999999999,3.0,1.0,0.0,0.0,0.0,0.0,0.0,25.0,0.0,0.0,10.0,Low,False,True,False
MCH4573,"Borde, Patil And Taneja",Telecom,Individual,Chennai,Tamil Nadu,Active,642.81,3.0,28446.22,9482.073333333334,1.0,2.0,0.0,0.0,0.0,0.0,0.0,66.67,0.0,0.0,10.0,Low,False,True,False
MCH4582,Pai-Shenoy,Telecom,Individual,Pune,Maharashtra,Active,1857.0,3.0,24421.2,8140.400000000001,2.0,1.0,0.0,0.0,0.0,0.0,0.0,33.33,0.0,0.0,10.0,Low,False,True,False
MCH4589,"Sathe, Bumb And Shankar",Apparel & Fashion,Sole Proprietor,Amritsar,Punjab,Active,76.99,2.0,47324.380000000005,23662.190000000002,1.0,1.0,0.0,0.0,0.0,0.0,0.0,50.0,0.0,0.0,10.0,Low,False,True,False
MCH4606,Vyas-Mukhopadhyay,Hotel & Lodging,Private Limited,Hyderabad,Telangana,Active,745.57,1.0,19372.95,19372.95,0.0,1.0,0.0,0.0,0.0,0.0,0.0,100.0,0.0,0.0,10.0,Low,False,True,False
MCH4613,"Kapadia, Sankar And Nadig",Retail,Individual,Lucknow,Uttar Pradesh,Active,1451.15,4.0,44248.35,11062.0875,3.0,1.0,0.0,0.0,0.0,0.0,0.0,25.0,0.0,0.0,10.0,Low,False,True,False
MCH4622,Toor-Rajan,Hotel & Lodging,Private Limited,Ludhiana,Punjab,Active,2524.16,2.0,35468.14,17734.07,1.0,1.0,0.0,0.0,0.0,0.0,0.0,50.0,0.0,0.0,10.0,Low,False,True,False
MCH4636,Sura And Sons,Apparel & Fashion,Partnership,Mumbai,Maharashtra,Active,,3.0,46837.72,15612.573333333334,2.0,1.0,0.0,0.0,0.0,0.0,0.0,33.33,0.0,0.0,10.0,Low,False,True,False
MCH4643,Barad And Sons,Books & Stationery,Individual,Ludhiana,Punjab,Suspended,3490.79,4.0,58899.89,14724.9725,3.0,1.0,0.0,0.0,0.0,0.0,0.0,25.0,0.0,0.0,10.0,Low,False,True,False
MCH4648,Tara-Pandya,Apparel & Fashion,Partnership,Chennai,Tamil Nadu,Active,852.19,4.0,49887.979999999996,12471.994999999999,3.0,1.0,0.0,0.0,0.0,0.0,0.0,25.0,0.0,0.0,10.0,Low,False,True,False
MCH4669,Bail Plc,Transportation,Sole Proprietor,Lucknow,Uttar Pradesh,Inactive,1960.77,3.0,26247.979999999996,8749.326666666666,1.0,1.0,1.0,0.0,0.0,0.0,0.0,33.33,0.0,0.0,10.0,Low,False,True,False
MCH4676,Shan Inc,Miscellaneous,Sole Proprietor,Mumbai,Maharashtra,Active,2805.31,2.0,32814.35,16407.175,1.0,1.0,0.0,0.0,0.0,0.0,0.0,50.0,0.0,0.0,10.0,Low,False,True,False
MCH4685,Mukhopadhyay-Cheema,Books & Stationery,Private Limited,Chennai,Tamil Nadu,Suspended,,4.0,50961.51,12740.3775,2.0,1.0,0.0,0.0,0.0,0.0,0.0,25.0,0.0,0.0,10.0,Low,False,True,False
MCH4706,"Varughese, Mani And Ch0Udhary",Department Store,Individual,Bengaluru,Karnataka,Active,,4.0,49197.509999999995,12299.377499999999,2.0,2.0,0.0,0.0,0.0,0.0,0.0,50.0,0.0,0.0,10.0,Low,False,True,False
MCH4747,Issac Plc,Travel,Private Limited,Mumbai,Maharashtra,Inactive,,4.0,60013.31,15003.3275,3.0,1.0,0.0,0.0,0.0,0.0,0.0,25.0,0.0,0.0,10.0,Low,False,True,False
MCH4781,"Mohan, Sharaf And Narula",Retail,Sole Proprietor,Delhi,Delhi,Active,482.6,2.0,32878.770000000004,16439.385000000002,1.0,1.0,0.0,0.0,0.0,0.0,0.0,50.0,0.0,0.0,10.0,Low,False,True,False
MCH4807,"Dutt, Pandey And Tella",Pharmacy,Individual,Chennai,Tamil Nadu,Active,1458.0,3.0,30466.29,10155.43,2.0,1.0,0.0,0.0,0.0,0.0,0.0,33.33,0.0,0.0,10.0,Low,False,True,False
MCH4839,Sura-Mall,Transportation,Private Limited,Ludhiana,Punjab,Active,682.13,1.0,5755.83,5755.83,0.0,1.0,0.0,0.0,0.0,0.0,0.0,100.0,0.0,0.0,10.0,Low,False,True,False
MCH4886,Mangat-Gh0Se,Miscellaneous,Sole Proprietor,Pune,Maharashtra,Active,551.0,2.0,13580.24,6790.12,1.0,1.0,0.0,0.0,0.0,0.0,0.0,50.0,0.0,0.0,10.0,Low,False,True,False
MCH4897,Bahl Plc,Transportation,Partnership,Amritsar,Punjab,Active,6953.87,2.0,18130.68,9065.34,1.0,1.0,0.0,0.0,0.0,0.0,0.0,50.0,0.0,0.0,10.0,Low,False,True,False
MCH4922,Cheema Group,Miscellaneous,Partnership,Hyderabad,Telangana,Active,324.81,1.0,20250.01,20250.01,0.0,1.0,0.0,0.0,0.0,0.0,0.0,100.0,0.0,0.0,10.0,Low,False,True,False
MCH4932,Khosla And Sons,Restaurants & Food,Sole Proprietor,Jalandhar,Punjab,Inactive,340.55,3.0,48625.21,16208.403333333334,1.0,2.0,0.0,0.0,0.0,0.0,0.0,66.67,0.0,0.0,10.0,Low,False,True,False
MCH4939,Bath-Kumer,Telecom,Partnership,Delhi,Delhi,Active,1620.24,2.0,41229.31,20614.655,1.0,1.0,0.0,0.0,0.0,0.0,0.0,50.0,0.0,0.0,10.0,Low,False,True,False
MCH4964,Sarkar-Goda,Department Store,Private Limited,Pune,Maharashtra,Active,1517.0,4.0,66454.31,16613.5775,3.0,1.0,0.0,0.0,0.0,0.0,0.0,25.0,0.0,0.0,10.0,Low,False,True,False
MCH4971,"Gopal, Jayaraman And Narayan",Books & Stationery,Individual,Lucknow,Uttar Pradesh,Active,650.74,4.0,30242.18,7560.545,3.0,1.0,0.0,0.0,0.0,0.0,0.0,25.0,0.0,0.0,10.0,Low,False,True,False
MCH4972,Seshadri-Dalal,Department Store,Partnership,Pune,Maharashtra,Active,,1.0,858.31,858.31,0.0,1.0,0.0,0.0,0.0,0.0,0.0,100.0,0.0,0.0,10.0,Low,False,True,False
MCH4976,Walla And Sons,Books & Stationery,Sole Proprietor,Bengaluru,Karnataka,Active,929.0,5.0,56381.0,11276.2,3.0,1.0,1.0,0.0,0.0,0.0,0.0,20.0,0.0,0.0,10.0,Low,False,True,False
MCH4992,Viswanathan-Pandey,Hotel & Lodging,Individual,Jalandhar,Punjab,Suspended,918.79,3.0,35565.61,11855.203333333333,2.0,1.0,0.0,0.0,0.0,0.0,0.0,33.33,0.0,0.0,10.0,Low,False,True,False
MCH5009,Arora-Wagle,Apparel & Fashion,Individual,Hyderabad,Telangana,Inactive,1125.91,4.0,32109.839999999997,8027.459999999999,3.0,1.0,0.0,0.0,0.0,0.0,0.0,25.0,0.0,0.0,10.0,Low,False,True,False
MCH5015,"Pall, Mand And Balakrishnan",Restaurants & Food,Sole Proprietor,Lucknow,Uttar Pradesh,Active,2215.59,3.0,28090.36,9363.453333333333,2.0,1.0,0.0,0.0,0.0,0.0,0.0,33.33,0.0,0.0,10.0,Low,False,True,False
MCH5028,"Chhabra, Deo And Chakrabarti",Hotel & Lodging,Partnership,Ludhiana,Punjab,Inactive,716.94,4.0,23133.09,5783.2725,3.0,1.0,0.0,0.0,0.0,0.0,0.0,25.0,0.0,0.0,10.0,Low,False,True,False
MCH5079,Ramaswamy-Trivedi,Department Store,Private Limited,Bengaluru,Karnataka,On Hold,549.02,2.0,31631.03,15815.515,1.0,1.0,0.0,0.0,0.0,0.0,0.0,50.0,0.0,0.0,10.0,Low,False,True,False
MCH5084,Doshi Llc,Books & Stationery,Individual,Jalandhar,Punjab,Active,182.0,5.0,58209.259999999995,11641.851999999999,3.0,2.0,0.0,0.0,0.0,0.0,0.0,40.0,0.0,0.0,10.0,Low,False,True,False
MCH5103,"Morar, Kannan And Purohit",Hotel & Lodging,Individual,Lucknow,Uttar Pradesh,Suspended,,2.0,12423.42,6211.71,1.0,1.0,0.0,0.0,0.0,0.0,0.0,50.0,0.0,0.0,10.0,Low,False,True,False
MCH5129,"Kant, Chaudhari And Sarna",Transportation,Sole Proprietor,Chennai,Tamil Nadu,Active,4873.16,4.0,18020.49,4505.1225,3.0,1.0,0.0,0.0,0.0,0.0,0.0,25.0,0.0,0.0,10.0,Low,False,True,False
MCH5137,Bath-Keer,Telecom,Private Limited,Bengaluru,Karnataka,Suspended,634.0,3.0,42937.82,14312.606666666667,2.0,1.0,0.0,0.0,0.0,0.0,0.0,33.33,0.0,0.0,10.0,Low,False,True,False
MCH5164,"Yohannan,Sahniandbasak",Department Store,Individual,Mumbai,Maharashtra,Inactive,830.61,5.0,53940.58,10788.116,4.0,1.0,0.0,0.0,0.0,0.0,0.0,20.0,0.0,0.0,10.0,Low,False,True,False
MCH5166,Rastogi Ltd,Grocery,Individual,Hyderabad,Telangana,Active,1432.96,5.0,72937.2,14587.439999999999,4.0,1.0,0.0,0.0,0.0,0.0,0.0,20.0,0.0,0.0,10.0,Low,False,True,False
MCH5188,"Dube, Nair And Datta",Transportation,Individual,Jalandhar,Punjab,Active,2008.92,7.0,79298.52,11328.36,5.0,2.0,0.0,0.0,0.0,0.0,0.0,28.57,0.0,0.0,10.0,Low,False,True,False
MCH5227,"Yogi, Varghese And Balay",Restaurants & Food,Individual,Mumbai,Maharashtra,Active,2005.26,1.0,1532.03,1532.03,0.0,1.0,0.0,0.0,0.0,0.0,0.0,100.0,0.0,0.0,10.0,Low,False,True,False
MCH5235,Palla Inc,Books & Stationery,Partnership,Bengaluru,Karnataka,Active,3807.5,1.0,3698.69,3698.69,0.0,1.0,0.0,0.0,0.0,0.0,0.0,100.0,0.0,0.0,10.0,Low,False,True,False
MCH5247,Nagi Ltd,Telecom,Partnership,Amritsar,Punjab,On Hold,632.92,2.0,3424.3999999999996,1712.1999999999998,1.0,1.0,0.0,0.0,0.0,0.0,0.0,50.0,0.0,0.0,10.0,Low,False,True,False
MCH5260,"Memon, Ben And Sant",Medical,Sole Proprietor,Jalandhar,Punjab,Active,1467.0,1.0,11817.61,11817.61,0.0,1.0,0.0,0.0,0.0,0.0,0.0,100.0,0.0,0.0,10.0,Low,False,True,False
MCH5280,Mani-Chada,Transportation,Sole Proprietor,Chennai,Tamil Nadu,Active,1112.24,6.0,73208.07,12201.345000000001,4.0,2.0,0.0,0.0,0.0,0.0,0.0,33.33,0.0,0.0,10.0,Low,False,True,False
MCH5283,"Ganesh, Parekh And Subramanian",Medical,Partnership,Hyderabad,Telangana,Active,307.25,3.0,58726.97,19575.656666666666,2.0,1.0,0.0,0.0,0.0,0.0,0.0,33.33,0.0,0.0,10.0,Low,False,True,False
MCH5316,Madan Ltd,Department Store,Individual,Kolkata,West Bengal,Active,706.61,4.0,36405.700000000004,9101.425000000001,3.0,1.0,0.0,0.0,0.0,0.0,0.0,25.0,0.0,0.0,10.0,Low,False,True,False
MCH5317,Seth Plc,Hotel & Lodging,Sole Proprietor,Bengaluru,Karnataka,Active,2738.46,7.0,89876.20999999999,12839.45857142857,4.0,2.0,0.0,0.0,0.0,0.0,0.0,28.57,0.0,0.0,10.0,Low,False,True,False
MCH5328,Dhaliwal Inc,Restaurants & Food,Private Limited,Kolkata,West Bengal,Active,375.06,4.0,56778.71,14194.6775,3.0,1.0,0.0,0.0,0.0,0.0,0.0,25.0,0.0,0.0,10.0,Low,False,True,False
MCH5333,Rajagopal-Agate,Telecom,Sole Proprietor,Amritsar,Punjab,Inactive,15510.71,3.0,49921.61,16640.536666666667,2.0,1.0,0.0,0.0,0.0,0.0,0.0,33.33,0.0,0.0,10.0,Low,False,True,False
MCH5335,Shroff And Sons,Department Store,Sole Proprietor,Chennai,Tamil Nadu,Inactive,1166.0,4.0,64008.76,16002.19,3.0,1.0,0.0,0.0,0.0,0.0,0.0,25.0,0.0,0.0,10.0,Low,False,True,False
MCH5355,"Sundaram, Gara And Bajwa",Restaurants & Food,Sole Proprietor,Kolkata,West Bengal,Active,3350.71,1.0,11700.07,11700.07,0.0,1.0,0.0,0.0,0.0,0.0,0.0,100.0,0.0,0.0,10.0,Low,False,True,False
MCH5387,Khatri Group,Hotel & Lodging,Sole Proprietor,Delhi,Delhi,Active,1172.0,3.0,43998.399999999994,14666.133333333331,1.0,2.0,0.0,0.0,0.0,0.0,0.0,66.67,0.0,0.0,10.0,Low,False,True,False
MCH5399,Agate-Wali,Miscellaneous,Private Limited,Chennai,Tamil Nadu,Active,1379.64,2.0,9709.43,4854.715,1.0,1.0,0.0,0.0,0.0,0.0,0.0,50.0,0.0,0.0,10.0,Low,False,True,False
MCH5423,"Chanda, Mallick And Butala",Department Store,Sole Proprietor,Jaipur,Rajasthan,Active,458.56,2.0,47221.7,23610.85,1.0,1.0,0.0,0.0,0.0,0.0,0.0,50.0,0.0,0.0,10.0,Low,False,True,False
MCH5445,Ganesan Ltd,Retail,Partnership,Delhi,Delhi,Active,2186.0,4.0,50793.45999999999,12698.364999999998,2.0,2.0,0.0,0.0,0.0,0.0,0.0,50.0,0.0,0.0,10.0,Low,False,True,False
MCH5472,Dua Group,Books & Stationery,Private Limited,Ludhiana,Punjab,Active,778.0,3.0,39415.06,13138.353333333333,2.0,1.0,0.0,0.0,0.0,0.0,0.0,33.33,0.0,0.0,10.0,Low,False,True,False
MCH5476,Buch Group,Pharmacy,Private Limited,Delhi,Delhi,Active,1311.87,3.0,29416.53,9805.51,2.0,1.0,0.0,0.0,0.0,0.0,0.0,33.33,0.0,0.0,10.0,Low,False,True,False
MCH5479,"Mukherjee, Nazareth And Palla",Restaurants & Food,Sole Proprietor,Ludhiana,Punjab,Active,,2.0,14179.85,7089.925,1.0,1.0,0.0,0.0,0.0,0.0,0.0,50.0,0.0,0.0,10.0,Low,False,True,False
MCH5483,Khare Inc,Retail,Sole Proprietor,Jalandhar,Punjab,Active,827.39,1.0,9292.87,9292.87,0.0,1.0,0.0,0.0,0.0,0.0,0.0,100.0,0.0,0.0,10.0,Low,False,True,False
MCH5489,Nath Ltd,Department Store,Individual,Jaipur,Rajasthan,Active,3788.36,2.0,19582.89,9791.445,0.0,2.0,0.0,0.0,0.0,0.0,0.0,100.0,0.0,0.0,10.0,Low,False,True,False
MCH5498,"Gera, Narayan And Sankaran",Department Store,Partnership,Kolkata,West Bengal,Active,849.49,5.0,70225.1,14045.02,4.0,1.0,0.0,0.0,0.0,0.0,0.0,20.0,0.0,0.0,10.0,Low,False,True,False
MCH5502,Kaul-Nayar,Pharmacy,Sole Proprietor,Chennai,Tamil Nadu,Active,716.0,4.0,61515.58,15378.895,2.0,1.0,1.0,0.0,0.0,0.0,0.0,25.0,0.0,0.0,10.0,Low,False,True,False
MCH5503,Suri Ltd,Transportation,Private Limited,Kolkata,West Bengal,Active,2446.68,2.0,23742.35,11871.175,1.0,1.0,0.0,0.0,0.0,0.0,0.0,50.0,0.0,0.0,10.0,Low,False,True,False
MCH5551,Narain-Goda,Apparel & Fashion,Private Limited,Mumbai,Maharashtra,Active,817.05,4.0,45364.0,11341.0,3.0,1.0,0.0,0.0,0.0,0.0,0.0,25.0,0.0,0.0,10.0,Low,False,True,False
MCH5556,Pau-Kale,Medical,Private Limited,Mumbai,Maharashtra,Active,513.95,4.0,44392.55,11098.1375,1.0,2.0,0.0,0.0,0.0,0.0,0.0,50.0,0.0,0.0,10.0,Low,False,True,False
MCH5560,"D’Alia, Dasgupta And Chakrabarti",Transportation,Sole Proprietor,Jalandhar,Punjab,Inactive,1247.75,2.0,18667.41,9333.705,1.0,1.0,0.0,0.0,0.0,0.0,0.0,50.0,0.0,0.0,10.0,Low,False,True,False
MCH5597,"Shankar, Pandey And Sridhar",Restaurants & Food,Private Limited,Lucknow,Uttar Pradesh,Active,380.65,2.0,28419.129999999997,14209.564999999999,1.0,1.0,0.0,0.0,0.0,0.0,0.0,50.0,0.0,0.0,10.0,Low,False,True,False
MCH5602,Kaul Plc,Grocery,Private Limited,Hyderabad,Telangana,Inactive,469.06,5.0,20978.489999999998,4195.697999999999,3.0,1.0,1.0,0.0,0.0,0.0,0.0,20.0,0.0,0.0,10.0,Low,False,True,False
MCH5632,Tandon Ltd,Department Store,Sole Proprietor,Bengaluru,Karnataka,Active,270.52,4.0,21090.78,5272.695,3.0,1.0,0.0,0.0,0.0,0.0,0.0,25.0,0.0,0.0,10.0,Low,False,True,False
MCH5644,Prabhu-Chaudhry,Apparel & Fashion,Individual,Hyderabad,Telangana,Active,,1.0,19078.0,19078.0,0.0,1.0,0.0,0.0,0.0,0.0,0.0,100.0,0.0,0.0,10.0,Low,False,True,False
MCH5652,"Borde, Bhasin And Dua",Grocery,Individual,Mumbai,Maharashtra,Active,,3.0,42876.979999999996,14292.326666666666,2.0,1.0,0.0,0.0,0.0,0.0,0.0,33.33,0.0,0.0,10.0,Low,False,True,False
MCH5665,"Parikh, Ray And Lall",Books & Stationery,Partnership,Jaipur,Rajasthan,Active,1428.0,5.0,49505.7,9901.14,4.0,1.0,0.0,0.0,0.0,0.0,0.0,20.0,0.0,0.0,10.0,Low,False,True,False
MCH5696,Mittal Group,Grocery,Private Limited,Chennai,Tamil Nadu,Active,2595.13,3.0,19574.84,6524.946666666667,2.0,1.0,0.0,0.0,0.0,0.0,0.0,33.33,0.0,0.0,10.0,Low,False,True,False
MCH5709,Shroff-Mukherjee,Telecom,Private Limited,Jaipur,Rajasthan,Active,668.22,2.0,19083.41,9541.705,1.0,1.0,0.0,0.0,0.0,0.0,0.0,50.0,0.0,0.0,10.0,Low,False,True,False
MCH5717,"Kuruvilla, Deol And Rama",Books & Stationery,Sole Proprietor,Jaipur,Rajasthan,Active,8901.44,3.0,45383.979999999996,15127.993333333332,2.0,1.0,0.0,0.0,0.0,0.0,0.0,33.33,0.0,0.0,10.0,Low,False,True,False
MCH5747,"Narasimhan, Doshi And Pall",Restaurants & Food,Private Limited,Kolkata,West Bengal,Active,4280.12,2.0,32993.95,16496.975,1.0,1.0,0.0,0.0,0.0,0.0,0.0,50.0,0.0,0.0,10.0,Low,False,True,False
MCH5786,"Bhasin, Manda1 And Tank",Transportation,Individual,Kolkata,West Bengal,Inactive,1913.26,1.0,15222.87,15222.87,0.0,1.0,0.0,0.0,0.0,0.0,0.0,100.0,0.0,0.0,10.0,Low,False,True,False
MCH5807,Madan Ltd,Department Store,Sole Proprietor,Jalandhar,Punjab,Active,1974.14,3.0,35277.47,11759.156666666668,2.0,1.0,0.0,0.0,0.0,0.0,0.0,33.33,0.0,0.0,10.0,Low,False,True,False
MCH5812,Aurora And Sons,Hotel & Lodging,Sole Proprietor,Hyderabad,Telangana,Active,410.12,3.0,26740.449999999997,8913.483333333332,2.0,1.0,0.0,0.0,0.0,0.0,0.0,33.33,0.0,0.0,10.0,Low,False,True,False
MCH5831,Kibe Inc,Telecom,Sole Proprietor,Ludhiana,Punjab,Active,2267.19,2.0,22451.43,11225.715,1.0,1.0,0.0,0.0,0.0,0.0,0.0,50.0,0.0,0.0,10.0,Low,False,True,False
MCH5845,Buch Plc,Retail,Sole Proprietor,Ludhiana,Punjab,Active,1603.87,2.0,40248.95,20124.475,1.0,1.0,0.0,0.0,0.0,0.0,0.0,50.0,0.0,0.0,10.0,Low,False,True,False
MCH5855,"Rajagopalan,Muniandprasad",Apparel & Fashion,Partnership,Jalandhar,Punjab,Active,115.41,1.0,10451.29,10451.29,0.0,1.0,0.0,0.0,0.0,0.0,0.0,100.0,0.0,0.0,10.0,Low,False,True,False
MCH5861,Manne-Chatterjee,Restaurants & Food,Sole Proprietor,Delhi,Delhi,Active,174.45,3.0,37754.82,12584.94,2.0,1.0,0.0,0.0,0.0,0.0,0.0,33.33,0.0,0.0,10.0,Low,False,True,False
MCH5874,Mann-Ma11Ick,Hotel & Lodging,Partnership,Delhi,Delhi,Active,1160.0,3.0,41939.3,13979.766666666668,1.0,1.0,1.0,0.0,0.0,0.0,0.0,33.33,0.0,0.0,10.0,Low,False,True,False
MCH5896,Kale Group,Books & Stationery,Individual,Hyderabad,Telangana,Active,533.74,1.0,22873.0,22873.0,0.0,1.0,0.0,0.0,0.0,0.0,0.0,100.0,0.0,0.0,10.0,Low,False,True,False
MCH5924,Chana-Thaman,Telecom,Sole Proprietor,Delhi,Delhi,Active,1054.56,2.0,34642.36,17321.18,1.0,1.0,0.0,0.0,0.0,0.0,0.0,50.0,0.0,0.0,10.0,Low,False,True,False
MCH5938,Prabhu Llc,Miscellaneous,Sole Proprietor,Jalandhar,Punjab,Active,590.79,2.0,20615.98,10307.99,1.0,1.0,0.0,0.0,0.0,0.0,0.0,50.0,0.0,0.0,10.0,Low,False,True,False
MCH5995,Bassi Ltd,Restaurants & Food,Private Limited,Lucknow,Uttar Pradesh,Active,2631.68,2.0,10318.01,5159.005,0.0,2.0,0.0,0.0,0.0,0.0,0.0,100.0,0.0,0.0,10.0,Low,False,True,False
MCH6010,"Tak, Sani And Jaggi",Pharmacy,Individual,Jaipur,Rajasthan,Active,1022.54,2.0,15629.36,7814.68,1.0,1.0,0.0,0.0,0.0,0.0,0.0,50.0,0.0,0.0,10.0,Low,False,True,False
MCH6034,Sane Inc,Medical,Private Limited,Jaipur,Rajasthan,Active,1353.34,2.0,9189.49,4594.745,1.0,1.0,0.0,0.0,0.0,0.0,0.0,50.0,0.0,0.0,10.0,Low,False,True,False
MCH6062,Kata Plc,Apparel & Fashion,Sole Proprietor,Mumbai,Maharashtra,Active,9045.0,3.0,68486.63,22828.876666666667,2.0,1.0,0.0,0.0,0.0,0.0,0.0,33.33,0.0,0.0,10.0,Low,False,True,False
MCH6067,Chaw1A-Gangu1Y,Hotel & Lodging,Sole Proprietor,Mumbai,Maharashtra,Inactive,700.95,3.0,21674.510000000002,7224.836666666667,2.0,1.0,0.0,0.0,0.0,0.0,0.0,33.33,0.0,0.0,10.0,Low,False,True,False
MCH6080,"Kanda, Krishnan And Chaudry",Grocery,Private Limited,Chennai,Tamil Nadu,Inactive,1675.16,5.0,63965.83,12793.166000000001,3.0,2.0,0.0,0.0,0.0,0.0,0.0,40.0,0.0,0.0,10.0,Low,False,True,False
MCH6109,Sampath Ltd,Telecom,Individual,Ludhiana,Punjab,Active,399.08,4.0,49605.78,12401.445,2.0,2.0,0.0,0.0,0.0,0.0,0.0,50.0,0.0,0.0,10.0,Low,False,True,False
MCH6112,Luthra-Grover,Books & Stationery,Partnership,Jaipur,Rajasthan,Active,1366.0,3.0,40914.67,13638.223333333333,2.0,1.0,0.0,0.0,0.0,0.0,0.0,33.33,0.0,0.0,10.0,Low,False,True,False
MCH6114,"Khurana, Chowdhury And Chaudhary",Telecom,Private Limited,Chennai,Tamil Nadu,Active,1212.0,5.0,67000.56,13400.112,3.0,2.0,0.0,0.0,0.0,0.0,0.0,40.0,0.0,0.0,10.0,Low,False,True,False
MCH6121,Madan Plc,Retail,Private Limited,Bengaluru,Karnataka,Active,1208.86,3.0,52390.0,17463.333333333332,1.0,2.0,0.0,0.0,0.0,0.0,0.0,66.67,0.0,0.0,10.0,Low,False,True,False
MCH6137,"Sidhu, Ahuja And Kumar",Restaurants & Food,Partnership,Bengaluru,Karnataka,Active,1574.67,4.0,32959.08,8239.77,3.0,1.0,0.0,0.0,0.0,0.0,0.0,25.0,0.0,0.0,10.0,Low,False,True,False
MCH6146,Handa Llc,Medical,Individual,Amritsar,Punjab,Active,,2.0,11028.329999999998,5514.164999999999,1.0,1.0,0.0,0.0,0.0,0.0,0.0,50.0,0.0,0.0,10.0,Low,False,True,False
MCH6165,"Chandran, Dey And Dalal",Apparel & Fashion,Private Limited,Delhi,Delhi,Active,1513.56,2.0,6611.76,3305.88,1.0,1.0,0.0,0.0,0.0,0.0,0.0,50.0,0.0,0.0,10.0,Low,False,True,False
MCH6168,"Raj, Sharma And Panchal",Transportation,Private Limited,Ludhiana,Punjab,Active,1123.84,3.0,51208.380000000005,17069.460000000003,2.0,1.0,0.0,0.0,0.0,0.0,0.0,33.33,0.0,0.0,10.0,Low,False,True,False
MCH6176,"Tandon, Badal And Natarajan",Travel,Private Limited,Hyderabad,Telangana,Active,2925.84,4.0,62024.13,15506.0325,3.0,1.0,0.0,0.0,0.0,0.0,0.0,25.0,0.0,0.0,10.0,Low,False,True,False
MCH6184,Peri-R0Ut,Transportation,Sole Proprietor,Mumbai,Maharashtra,Active,1637.73,3.0,41720.54,13906.846666666666,2.0,1.0,0.0,0.0,0.0,0.0,0.0,33.33,0.0,0.0,10.0,Low,False,True,False
MCH6187,"Shanker, Sastry And Rattan",Travel,Individual,Delhi,Delhi,Active,327.19,2.0,37148.899999999994,18574.449999999997,1.0,1.0,0.0,0.0,0.0,0.0,0.0,50.0,0.0,0.0,10.0,Low,False,True,False
MCH6188,"Batta, Choudhary And Bhalla",Transportation,Private Limited,Kolkata,West Bengal,Active,163.0,2.0,8855.279999999999,4427.639999999999,1.0,1.0,0.0,0.0,0.0,0.0,0.0,50.0,0.0,0.0,10.0,Low,False,True,False
MCH6197,"Koshy, Shah And Ratta",Transportation,Partnership,Bengaluru,Karnataka,Active,1491.79,3.0,33356.98,11118.993333333334,1.0,2.0,0.0,0.0,0.0,0.0,0.0,66.67,0.0,0.0,10.0,Low,False,True,False
MCH6198,Rana-Sabharwal,Retail,Individual,Mumbai,Maharashtra,Active,410.5,2.0,16912.28,8456.14,1.0,1.0,0.0,0.0,0.0,0.0,0.0,50.0,0.0,0.0,10.0,Low,False,True,False
MCH6207,"Ganesan, Bajwa And Reddy",Pharmacy,Partnership,Jaipur,Rajasthan,Active,391.96,2.0,32828.08,16414.04,1.0,1.0,0.0,0.0,0.0,0.0,0.0,50.0,0.0,0.0,10.0,Low,False,True,False
MCH6255,"Gupta, Kibe And Aurora",Hotel & Lodging,Partnership,Lucknow,Uttar Pradesh,Active,3182.0,2.0,25309.79,12654.895,0.0,1.0,1.0,0.0,0.0,0.0,0.0,50.0,0.0,0.0,10.0,Low,False,True,False
MCH6275,Tank Plc,Telecom,Sole Proprietor,Chennai,Tamil Nadu,Active,781.0,2.0,10276.05,5138.025,1.0,1.0,0.0,0.0,0.0,0.0,0.0,50.0,0.0,0.0,10.0,Low,False,True,False
MCH6293,Bora-Nigam,Department Store,Partnership,Jalandhar,Punjab,Active,,4.0,57598.87,14399.7175,3.0,1.0,0.0,0.0,0.0,0.0,0.0,25.0,0.0,0.0,10.0,Low,False,True,False
MCH6296,"Goyal, Vora And Loke",Grocery,Private Limited,Lucknow,Uttar Pradesh,Active,538.0,1.0,20560.86,20560.86,0.0,1.0,0.0,0.0,0.0,0.0,0.0,100.0,0.0,0.0,10.0,Low,False,True,False
MCH6306,"Ramesh, Viswanathan And Kalita",Transportation,Private Limited,Chennai,Tamil Nadu,Active,302.6,1.0,8718.9,8718.9,0.0,1.0,0.0,0.0,0.0,0.0,0.0,100.0,0.0,0.0,10.0,Low,False,True,False
MCH6313,Ramanathan Plc,Grocery,Sole Proprietor,Mumbai,Maharashtra,Active,3430.73,2.0,19349.64,9674.82,1.0,1.0,0.0,0.0,0.0,0.0,0.0,50.0,0.0,0.0,10.0,Low,False,True,False
MCH6329,Srinivas-Banerjee,Medical,Individual,Kolkata,West Bengal,Active,199.46,2.0,19086.82,9543.41,1.0,1.0,0.0,0.0,0.0,0.0,0.0,50.0,0.0,0.0,10.0,Low,False,True,False
MCH6345,Mani Group,Miscellaneous,Partnership,Ludhiana,Punjab,Active,1339.21,2.0,14858.63,7429.315,1.0,1.0,0.0,0.0,0.0,0.0,0.0,50.0,0.0,0.0,10.0,Low,False,True,False
MCH6355,Dutt Plc,Apparel & Fashion,Private Limited,Bengaluru,Karnataka,Active,495.94,1.0,4611.41,4611.41,0.0,1.0,0.0,0.0,0.0,0.0,0.0,100.0,0.0,0.0,10.0,Low,False,True,False
MCH6366,"Hora, Edwin And Zacharia",Telecom,Sole Proprietor,Ludhiana,Punjab,Active,780.59,4.0,53357.549999999996,13339.387499999999,2.0,2.0,0.0,0.0,0.0,0.0,0.0,50.0,0.0,0.0,10.0,Low,False,True,False
MCH6379,Chana-Mahajan,Books & Stationery,Private Limited,Bengaluru,Karnataka,Active,2923.98,3.0,18104.39,6034.796666666666,2.0,1.0,0.0,0.0,0.0,0.0,0.0,33.33,0.0,0.0,10.0,Low,False,True,False
MCH6396,Mani-Puri,Miscellaneous,Individual,Lucknow,Uttar Pradesh,Active,4113.97,3.0,47570.93,15856.976666666667,1.0,2.0,0.0,0.0,0.0,0.0,0.0,66.67,0.0,0.0,10.0,Low,False,True,False
MCH6440,Taneja-Mahajan,Department Store,Individual,Jalandhar,Punjab,Active,6682.66,3.0,54498.51,18166.170000000002,1.0,1.0,0.0,0.0,0.0,0.0,0.0,33.33,0.0,0.0,10.0,Low,False,True,False
MCH6441,Boase Group,Books & Stationery,Sole Proprietor,Amritsar,Punjab,Active,4755.4,4.0,29667.3,7416.825,3.0,1.0,0.0,0.0,0.0,0.0,0.0,25.0,0.0,0.0,10.0,Low,False,True,False
MCH6445,Shere And Sons,Medical,Individual,Ludhiana,Punjab,Active,766.0,1.0,24135.06,24135.06,0.0,1.0,0.0,0.0,0.0,0.0,0.0,100.0,0.0,0.0,10.0,Low,False,True,False
MCH6451,Chandran Group,Department Store,Individual,Jalandhar,Punjab,Inactive,165.95,2.0,32473.08,16236.54,1.0,1.0,0.0,0.0,0.0,0.0,0.0,50.0,0.0,0.0,10.0,Low,False,True,False
MCH6455,Luthra-Wable,Miscellaneous,Partnership,Mumbai,Maharashtra,Active,1528.51,3.0,42895.16,14298.386666666667,2.0,1.0,0.0,0.0,0.0,0.0,0.0,33.33,0.0,0.0,10.0,Low,False,True,False
MCH6468,Golla-Murty,Transportation,Partnership,Hyderabad,Telangana,Active,,3.0,34973.990000000005,11657.996666666668,2.0,1.0,0.0,0.0,0.0,0.0,0.0,33.33,0.0,0.0,10.0,Low,False,True,False
MCH6469,"Bahl, Barad And Dhillon",Department Store,Private Limited,Chennai,Tamil Nadu,Active,,4.0,73674.77,18418.6925,2.0,1.0,0.0,0.0,0.0,0.0,0.0,25.0,0.0,0.0,10.0,Low,False,True,False
MCH6481,Kalita Inc,Transportation,Private Limited,Mumbai,Maharashtra,Active,1389.63,2.0,20426.45,10213.225,1.0,1.0,0.0,0.0,0.0,0.0,0.0,50.0,0.0,0.0,10.0,Low,False,True,False
MCH6482,Mitra-Agate,Department Store,Individual,Amritsar,Punjab,Inactive,1340.0,3.0,28169.260000000002,9389.753333333334,1.0,1.0,1.0,0.0,0.0,0.0,0.0,33.33,0.0,0.0,10.0,Low,False,True,False
MCH6504,"Wagle, Choudhry And Patla",Books & Stationery,Private Limited,Jalandhar,Punjab,Active,1748.0,3.0,49603.36,16534.453333333335,2.0,1.0,0.0,0.0,0.0,0.0,0.0,33.33,0.0,0.0,10.0,Low,False,True,False
MCH6514,Lalla-Palan,Restaurants & Food,Individual,Kolkata,West Bengal,Active,,3.0,32789.7,10929.9,2.0,1.0,0.0,0.0,0.0,0.0,0.0,33.33,0.0,0.0,10.0,Low,False,True,False
MCH6535,Nagy And Sons,Grocery,Sole Proprietor,Hyderabad,Telangana,Active,291.26,3.0,19828.76,6609.586666666666,1.0,1.0,1.0,0.0,0.0,0.0,0.0,33.33,0.0,0.0,10.0,Low,False,True,False
MCH6543,Goswami-Ray,Apparel & Fashion,Partnership,Chennai,Tamil Nadu,Active,2501.19,3.0,28209.42,9403.14,2.0,1.0,0.0,0.0,0.0,0.0,0.0,33.33,0.0,0.0,10.0,Low,False,True,False
MCH6551,Oza Llc,Hotel & Lodging,Private Limited,Lucknow,Uttar Pradesh,Active,578.45,1.0,13712.82,13712.82,0.0,1.0,0.0,0.0,0.0,0.0,0.0,100.0,0.0,0.0,10.0,Low,False,True,False
MCH6554,Vora Llc,Hotel & Lodging,Individual,Bengaluru,Karnataka,Inactive,3625.66,3.0,37465.05,12488.35,2.0,1.0,0.0,0.0,0.0,0.0,0.0,33.33,0.0,0.0,10.0,Low,False,True,False
MCH6572,Naidu Plc,Department Store,Private Limited,Pune,Maharashtra,Active,402.0,2.0,40212.21,20106.105,1.0,1.0,0.0,0.0,0.0,0.0,0.0,50.0,0.0,0.0,10.0,Low,False,True,False
MCH6575,Sanghvi Plc,Books & Stationery,Individual,Lucknow,Uttar Pradesh,Active,819.0,5.0,72664.93,14532.985999999999,4.0,1.0,0.0,0.0,0.0,0.0,0.0,20.0,0.0,0.0,10.0,Low,False,True,False
MCH6578,Lal-Sachdeva,Transportation,Partnership,Jalandhar,Punjab,Active,1965.27,3.0,58722.17999999999,19574.059999999998,2.0,1.0,0.0,0.0,0.0,0.0,0.0,33.33,0.0,0.0,10.0,Low,False,True,False
MCH6594,Varkey-Bhatti,Grocery,Partnership,Pune,Maharashtra,Active,1271.0,3.0,39012.75,13004.25,2.0,1.0,0.0,0.0,0.0,0.0,0.0,33.33,0.0,0.0,10.0,Low,False,True,False
MCH6595,More-Sharma,Hotel & Lodging,Sole Proprietor,Jalandhar,Punjab,Active,308.54,3.0,31534.489999999998,10511.496666666666,1.0,2.0,0.0,0.0,0.0,0.0,0.0,66.67,0.0,0.0,10.0,Low,False,True,False
MCH6608,"Puri, Dar And Mann",Grocery,Private Limited,Delhi,Delhi,Active,,3.0,52049.0,17349.666666666668,2.0,1.0,0.0,0.0,0.0,0.0,0.0,33.33,0.0,0.0,10.0,Low,False,True,False
MCH6615,Pillay Group,Books & Stationery,Individual,Hyderabad,Telangana,Suspended,,3.0,45660.05,15220.016666666668,2.0,1.0,0.0,0.0,0.0,0.0,0.0,33.33,0.0,0.0,10.0,Low,False,True,False
MCH6630,"Kalla, Vyas And Lanka",Books & Stationery,Sole Proprietor,Jaipur,Rajasthan,Active,257.87,3.0,51887.14,17295.713333333333,1.0,2.0,0.0,0.0,0.0,0.0,0.0,66.67,0.0,0.0,10.0,Low,False,True,False
MCH6671,Chandran-Dada,Apparel & Fashion,Partnership,Amritsar,Punjab,Active,2579.5,2.0,5709.9,2854.95,1.0,1.0,0.0,0.0,0.0,0.0,0.0,50.0,0.0,0.0,10.0,Low,False,True,False
MCH6672,"Mittal, Bajwa And Guha",Restaurants & Food,Individual,Delhi,Delhi,Active,3663.66,3.0,31170.420000000002,10390.140000000001,2.0,1.0,0.0,0.0,0.0,0.0,0.0,33.33,0.0,0.0,10.0,Low,False,True,False
MCH6677,"Deshmukh, Choudhry And Lad",Medical,Private Limited,Jalandhar,Punjab,Inactive,2949.0,5.0,58642.07,11728.414,3.0,1.0,0.0,0.0,0.0,0.0,0.0,20.0,0.0,0.0,10.0,Low,False,True,False
MCH6708,Soman And Sons,Medical,Private Limited,Ludhiana,Punjab,Active,957.0,3.0,19754.65,6584.883333333334,1.0,1.0,1.0,0.0,0.0,0.0,0.0,33.33,0.0,0.0,10.0,Low,False,True,False
MCH6711,Loyal-Srinivasan,Grocery,Partnership,Hyderabad,Telangana,Inactive,931.24,2.0,36122.94,18061.47,1.0,1.0,0.0,0.0,0.0,0.0,0.0,50.0,0.0,0.0,10.0,Low,False,True,False
MCH6720,"Dhingra, Shukla And Edwin",Medical,Partnership,Amritsar,Punjab,Active,638.0,3.0,56489.03,18829.676666666666,2.0,1.0,0.0,0.0,0.0,0.0,0.0,33.33,0.0,0.0,10.0,Low,False,True,False
MCH6726,Boase-Chatterjee,Hotel & Lodging,Individual,Chennai,Tamil Nadu,Suspended,1583.09,3.0,31913.47,10637.823333333334,2.0,1.0,0.0,0.0,0.0,0.0,0.0,33.33,0.0,0.0,10.0,Low,False,True,False
MCH6756,Mangal Plc,Restaurants & Food,Individual,Kolkata,West Bengal,Active,689.85,3.0,37034.51,12344.836666666668,2.0,1.0,0.0,0.0,0.0,0.0,0.0,33.33,0.0,0.0,10.0,Low,False,True,False
MCH6772,"Sarin,Kaleandbava",Grocery,Individual,Amritsar,Punjab,Inactive,893.58,6.0,36474.33,6079.055,3.0,2.0,1.0,0.0,0.0,0.0,0.0,33.33,0.0,0.0,10.0,Low,False,True,False
MCH6773,"Parmar, Sahota And Rajagopalan",Miscellaneous,Sole Proprietor,Pune,Maharashtra,Active,3042.0,4.0,68131.54,17032.885,3.0,1.0,0.0,0.0,0.0,0.0,0.0,25.0,0.0,0.0,10.0,Low,False,True,False
MCH6780,"Bhatia, Dalal And Kapur",Miscellaneous,Private Limited,Jalandhar,Punjab,Active,,4.0,29465.32,7366.33,3.0,1.0,0.0,0.0,0.0,0.0,0.0,25.0,0.0,0.0,10.0,Low,False,True,False
MCH6783,"Deep, Pall And Suri",Medical,Individual,Lucknow,Uttar Pradesh,Active,1131.0,2.0,47109.79,23554.895,1.0,1.0,0.0,0.0,0.0,0.0,0.0,50.0,0.0,0.0,10.0,Low,False,True,False
MCH6795,"Hans, Majumdar And Mangat",Miscellaneous,Individual,Hyderabad,Telangana,Active,1573.9,2.0,11297.65,5648.825,1.0,1.0,0.0,0.0,0.0,0.0,0.0,50.0,0.0,0.0,10.0,Low,False,True,False
MCH6805,Dora Ltd,Department Store,Private Limited,Mumbai,Maharashtra,Active,371.73,4.0,48468.62,12117.155,3.0,1.0,0.0,0.0,0.0,0.0,0.0,25.0,0.0,0.0,10.0,Low,False,True,False
MCH6818,"Halder, Tata And Chand",Hotel & Lodging,Sole Proprietor,Kolkata,West Bengal,Active,233.0,5.0,85530.91,17106.182,3.0,1.0,1.0,0.0,0.0,0.0,0.0,20.0,0.0,0.0,10.0,Low,False,True,False
MCH6836,Gola-Rout,Miscellaneous,Sole Proprietor,Bengaluru,Karnataka,Suspended,2040.92,2.0,31767.19,15883.595,1.0,1.0,0.0,0.0,0.0,0.0,0.0,50.0,0.0,0.0,10.0,Low,False,True,False
MCH6857,Barad And Sons,Hotel & Lodging,Partnership,Jalandhar,Punjab,Active,2452.63,2.0,14627.990000000002,7313.995000000001,0.0,1.0,1.0,0.0,0.0,0.0,0.0,50.0,0.0,0.0,10.0,Low,False,True,False
MCH6869,"Oak, Kalla And Chand",Transportation,Private Limited,Pune,Maharashtra,Active,2412.44,4.0,66677.78,16669.445,3.0,1.0,0.0,0.0,0.0,0.0,0.0,25.0,0.0,0.0,10.0,Low,False,True,False
MCH6917,"Deshmukh, Parmar And Lad",Telecom,Sole Proprietor,Jaipur,Rajasthan,Active,1543.47,3.0,25702.56,8567.52,2.0,1.0,0.0,0.0,0.0,0.0,0.0,33.33,0.0,0.0,10.0,Low,False,True,False
MCH6918,Sant Ltd,Transportation,Private Limited,Chennai,Tamil Nadu,Active,472.0,4.0,67125.96,16781.49,3.0,1.0,0.0,0.0,0.0,0.0,0.0,25.0,0.0,0.0,10.0,Low,False,True,False
MCH6928,Tata-Wagle,Pharmacy,Partnership,Bengaluru,Karnataka,Active,1008.0,2.0,25043.27,12521.635,1.0,1.0,0.0,0.0,0.0,0.0,0.0,50.0,0.0,0.0,10.0,Low,False,True,False
MCH6930,Dhingra Plc,Transportation,Sole Proprietor,Kolkata,West Bengal,Active,,4.0,51408.62,12852.155,3.0,1.0,0.0,0.0,0.0,0.0,0.0,25.0,0.0,0.0,10.0,Low,False,True,False
MCH6948,"Kala,Lokeandsinghal",Telecom,Individual,Bengaluru,Karnataka,Active,,6.0,70960.56,11826.76,3.0,2.0,1.0,0.0,0.0,0.0,0.0,33.33,0.0,0.0,10.0,Low,False,True,False
MCH6966,"Wali, Mand And Prabhakar",Books & Stationery,Partnership,Amritsar,Punjab,Active,2789.87,4.0,70915.48999999999,17728.872499999998,2.0,1.0,0.0,0.0,0.0,0.0,0.0,25.0,0.0,0.0,10.0,Low,False,True,False
MCH6980,Sarna-Rajagopal,Miscellaneous,Partnership,Jalandhar,Punjab,Active,5229.33,4.0,39059.74,9764.935,3.0,1.0,0.0,0.0,0.0,0.0,0.0,25.0,0.0,0.0,10.0,Low,False,True,False
MCH6983,Barman-Chand,Department Store,Partnership,Delhi,Delhi,Active,3713.18,3.0,45316.22,15105.406666666668,2.0,1.0,0.0,0.0,0.0,0.0,0.0,33.33,0.0,0.0,10.0,Low,False,True,False
MCH7007,Sastry-Soni,Hotel & Lodging,Sole Proprietor,Chennai,Tamil Nadu,Inactive,,4.0,51395.87,12848.9675,2.0,1.0,1.0,0.0,0.0,0.0,0.0,25.0,0.0,0.0,10.0,Low,False,True,False
MCH7021,"Dewan, Banerjee And Purohit",Hotel & Lodging,Sole Proprietor,Bengaluru,Karnataka,Active,969.81,1.0,4693.41,4693.41,0.0,1.0,0.0,0.0,0.0,0.0,0.0,100.0,0.0,0.0,10.0,Low,False,True,False
MCH7024,Gandhi-Kunda,Books & Stationery,Private Limited,Lucknow,Uttar Pradesh,Active,184.56,3.0,24730.27,8243.423333333334,2.0,1.0,0.0,0.0,0.0,0.0,0.0,33.33,0.0,0.0,10.0,Low,False,True,False
MCH7032,"Mangat, Naik And Kakar",Hotel & Lodging,Private Limited,Amritsar,Punjab,Active,,2.0,46838.28,23419.14,0.0,2.0,0.0,0.0,0.0,0.0,0.0,100.0,0.0,0.0,10.0,Low,False,True,False
MCH7057,"Lad, Kala And Bhagat",Telecom,Partnership,Jaipur,Rajasthan,Active,1333.8,3.0,33012.89,11004.296666666667,1.0,1.0,0.0,0.0,0.0,0.0,0.0,33.33,0.0,0.0,10.0,Low,False,True,False
MCH7094,Narasimhan And Sons,Grocery,Partnership,Lucknow,Uttar Pradesh,Active,,2.0,19838.15,9919.075,1.0,1.0,0.0,0.0,0.0,0.0,0.0,50.0,0.0,0.0,10.0,Low,False,True,False
MCH7105,"Palan, Doctor And Arora",Books & Stationery,Sole Proprietor,Hyderabad,Telangana,Active,969.67,1.0,13083.67,13083.67,0.0,1.0,0.0,0.0,0.0,0.0,0.0,100.0,0.0,0.0,10.0,Low,False,True,False
MCH7128,Agarwal Group,Pharmacy,Private Limited,Jalandhar,Punjab,Active,6405.9,3.0,52051.5,17350.5,2.0,1.0,0.0,0.0,0.0,0.0,0.0,33.33,0.0,0.0,10.0,Low,False,True,False
MCH7191,Bhargava Ltd,Books & Stationery,Sole Proprietor,Hyderabad,Telangana,Inactive,528.97,2.0,41278.03,20639.015,1.0,1.0,0.0,0.0,0.0,0.0,0.0,50.0,0.0,0.0,10.0,Low,False,True,False
MCH7196,Kurian-Trivedi,Telecom,Partnership,Jaipur,Rajasthan,Active,1000.33,1.0,23532.84,23532.84,0.0,1.0,0.0,0.0,0.0,0.0,0.0,100.0,0.0,0.0,10.0,Low,False,True,False
MCH7201,"Patil, Mahajan And Issac",Miscellaneous,Private Limited,Mumbai,Maharashtra,Active,282.54,3.0,22065.15,7355.05,2.0,1.0,0.0,0.0,0.0,0.0,0.0,33.33,0.0,0.0,10.0,Low,False,True,False
MCH7204,Thaman Ltd,Books & Stationery,Individual,Jalandhar,Punjab,Active,937.0,1.0,11732.99,11732.99,0.0,1.0,0.0,0.0,0.0,0.0,0.0,100.0,0.0,0.0,10.0,Low,False,True,False
MCH7225,Apte-Wadhwa,Restaurants & Food,Individual,Jalandhar,Punjab,Active,,3.0,25013.94,8337.98,1.0,1.0,0.0,0.0,0.0,0.0,0.0,33.33,0.0,0.0,10.0,Low,False,True,False
MCH7229,"Salvi, Kale And Sunder",Telecom,Private Limited,Pune,Maharashtra,Active,606.62,2.0,16745.010000000002,8372.505000000001,1.0,1.0,0.0,0.0,0.0,0.0,0.0,50.0,0.0,0.0,10.0,Low,False,True,False
MCH7244,Nadig-Kata,Transportation,Partnership,Bengaluru,Karnataka,Active,1686.67,2.0,33224.6,16612.3,1.0,1.0,0.0,0.0,0.0,0.0,0.0,50.0,0.0,0.0,10.0,Low,False,True,False
MCH7273,De-Gokhale,Transportation,Sole Proprietor,Jalandhar,Punjab,Active,654.26,2.0,29531.16,14765.58,1.0,1.0,0.0,0.0,0.0,0.0,0.0,50.0,0.0,0.0,10.0,Low,False,True,False
MCH7302,Murthy And Sons,Grocery,Partnership,Bengaluru,Karnataka,Active,3381.11,2.0,29282.379999999997,14641.189999999999,1.0,1.0,0.0,0.0,0.0,0.0,0.0,50.0,0.0,0.0,10.0,Low,False,True,False
MCH7318,Keer-Rao,Telecom,Partnership,Pune,Maharashtra,Active,502.45,2.0,23902.11,11951.055,1.0,1.0,0.0,0.0,0.0,0.0,0.0,50.0,0.0,0.0,10.0,Low,False,True,False
MCH7323,Mital Inc,Restaurants & Food,Individual,Lucknow,Uttar Pradesh,Active,1194.36,1.0,16409.43,16409.43,0.0,1.0,0.0,0.0,0.0,0.0,0.0,100.0,0.0,0.0,10.0,Low,False,True,False
MCH7325,Chatterjee-Manda,Miscellaneous,Individual,Kolkata,West Bengal,Active,1420.0,2.0,26026.6,13013.3,1.0,1.0,0.0,0.0,0.0,0.0,0.0,50.0,0.0,0.0,10.0,Low,False,True,False
MCH7331,Kala-Loyal,Retail,Sole Proprietor,Hyderabad,Telangana,Active,,2.0,15846.64,7923.32,1.0,1.0,0.0,0.0,0.0,0.0,0.0,50.0,0.0,0.0,10.0,Low,False,True,False
MCH7338,"Verma, Rai And Patla",Medical,Private Limited,Bengaluru,Karnataka,Active,2235.57,4.0,61506.72,15376.68,2.0,2.0,0.0,0.0,0.0,0.0,0.0,50.0,0.0,0.0,10.0,Low,False,True,False
MCH7340,Devi And Sons,Apparel & Fashion,Partnership,Kolkata,West Bengal,Active,1101.37,1.0,9935.62,9935.62,0.0,1.0,0.0,0.0,0.0,0.0,0.0,100.0,0.0,0.0,10.0,Low,False,True,False
MCH7344,Rama-Shukla,Apparel & Fashion,Sole Proprietor,Hyderabad,Telangana,Active,1447.45,5.0,68458.41,13691.682,3.0,1.0,0.0,0.0,0.0,0.0,0.0,20.0,0.0,0.0,10.0,Low,False,True,False
MCH7353,Nadig Llc,Telecom,Individual,Hyderabad,Telangana,Active,1097.0,1.0,14125.38,14125.38,0.0,1.0,0.0,0.0,0.0,0.0,0.0,100.0,0.0,0.0,10.0,Low,False,True,False
MCH7355,"Raval, Goswami And Sem",Telecom,Private Limited,Pune,Maharashtra,Active,2675.45,2.0,35015.05,17507.525,1.0,1.0,0.0,0.0,0.0,0.0,0.0,50.0,0.0,0.0,10.0,Low,False,True,False
MCH7366,Bora-Nadkarni,Grocery,Partnership,Bengaluru,Karnataka,Suspended,2024.0,2.0,31549.940000000002,15774.970000000001,1.0,1.0,0.0,0.0,0.0,0.0,0.0,50.0,0.0,0.0,10.0,Low,False,True,False
MCH7379,"Doctor, Dyal And Vaidya",Medical,Partnership,Jalandhar,Punjab,Active,198.46,5.0,63310.47,12662.094000000001,4.0,1.0,0.0,0.0,0.0,0.0,0.0,20.0,0.0,0.0,10.0,Low,False,True,False
MCH7380,"Gour, Jani And Mital",Miscellaneous,Individual,Chennai,Tamil Nadu,Inactive,688.41,4.0,57698.0,14424.5,2.0,1.0,1.0,0.0,0.0,0.0,0.0,25.0,0.0,0.0,10.0,Low,False,True,False
MCH7395,Bose And Sons,Hotel & Lodging,Individual,Bengaluru,Karnataka,Active,431.0,6.0,107812.65,17968.774999999998,4.0,2.0,0.0,0.0,0.0,0.0,0.0,33.33,0.0,0.0,10.0,Low,False,True,False
MCH7398,Bhavsar And Sons,Department Store,Sole Proprietor,Chennai,Tamil Nadu,Active,6060.9,4.0,53410.96,13352.74,3.0,1.0,0.0,0.0,0.0,0.0,0.0,25.0,0.0,0.0,10.0,Low,False,True,False
MCH7411,"Bhasin, Soman And Savant",Telecom,Sole Proprietor,Chennai,Tamil Nadu,Active,2298.88,5.0,71437.49,14287.498000000001,3.0,2.0,0.0,0.0,0.0,0.0,0.0,40.0,0.0,0.0,10.0,Low,False,True,False
MCH7432,Agate Plc,Restaurants & Food,Individual,Chennai,Tamil Nadu,Active,88.41,1.0,13041.28,13041.28,0.0,1.0,0.0,0.0,0.0,0.0,0.0,100.0,0.0,0.0,10.0,Low,False,True,False
MCH7439,Jayaraman Plc,Hotel & Lodging,Private Limited,Kolkata,West Bengal,Active,7697.49,2.0,22917.43,11458.715,1.0,1.0,0.0,0.0,0.0,0.0,0.0,50.0,0.0,0.0,10.0,Low,False,True,False
MCH7444,Lanka-Shukla,Apparel & Fashion,Private Limited,Mumbai,Maharashtra,Active,2750.67,5.0,59809.22,11961.844000000001,4.0,1.0,0.0,0.0,0.0,0.0,0.0,20.0,0.0,0.0,10.0,Low,False,True,False
MCH7464,Duttallc,Travel,Private Limited,Lucknow,Uttar Pradesh,Active,270.92,3.0,47746.009999999995,15915.336666666664,1.0,2.0,0.0,0.0,0.0,0.0,0.0,66.67,0.0,0.0,10.0,Low,False,True,False
MCH7470,Venkatesh Ltd,Apparel & Fashion,Sole Proprietor,Lucknow,Uttar Pradesh,Active,787.0,2.0,18235.0,9117.5,1.0,1.0,0.0,0.0,0.0,0.0,0.0,50.0,0.0,0.0,10.0,Low,False,True,False
MCH7476,Sundaram Ltd,Grocery,Sole Proprietor,Ludhiana,Punjab,Active,1389.53,2.0,14838.52,7419.26,1.0,1.0,0.0,0.0,0.0,0.0,0.0,50.0,0.0,0.0,10.0,Low,False,True,False
MCH7490,Datta Ltd,Pharmacy,Sole Proprietor,Kolkata,West Bengal,Active,1590.69,5.0,72107.29000000001,14421.458000000002,4.0,1.0,0.0,0.0,0.0,0.0,0.0,20.0,0.0,0.0,10.0,Low,False,True,False
MCH7493,Sachdeva-Pillai,Apparel & Fashion,Private Limited,Kolkata,West Bengal,Inactive,203.44,3.0,33055.14,11018.38,2.0,1.0,0.0,0.0,0.0,0.0,0.0,33.33,0.0,0.0,10.0,Low,False,True,False
MCH7501,Jayaraman Inc,Department Store,Partnership,Kolkata,West Bengal,Active,2898.16,4.0,41641.24,10410.31,2.0,2.0,0.0,0.0,0.0,0.0,0.0,50.0,0.0,0.0,10.0,Low,False,True,False
MCH7519,"Sarkar, Garg And Kumar",Transportation,Partnership,Lucknow,Uttar Pradesh,Inactive,771.94,4.0,39908.42,9977.105,2.0,2.0,0.0,0.0,0.0,0.0,0.0,50.0,0.0,0.0,10.0,Low,False,True,False
MCH7536,Kalla-Deo,Department Store,Partnership,Kolkata,West Bengal,Active,803.42,4.0,25939.47,6484.8675,2.0,2.0,0.0,0.0,0.0,0.0,0.0,50.0,0.0,0.0,10.0,Low,False,True,False
MCH7539,"Kalita, Din And Ganesh",Retail,Private Limited,Chennai,Tamil Nadu,Active,,4.0,16459.87,4114.9675,2.0,2.0,0.0,0.0,0.0,0.0,0.0,50.0,0.0,0.0,10.0,Low,False,True,False
MCH7606,Chaudhari-Raman,Miscellaneous,Private Limited,Bengaluru,Karnataka,Active,296.04,3.0,23341.05,7780.349999999999,2.0,1.0,0.0,0.0,0.0,0.0,0.0,33.33,0.0,0.0,10.0,Low,False,True,False
MCH7636,Bir Plc,Apparel & Fashion,Sole Proprietor,Jalandhar,Punjab,Active,178.0,2.0,38075.77,19037.885,1.0,1.0,0.0,0.0,0.0,0.0,0.0,50.0,0.0,0.0,10.0,Low,False,True,False
MCH7675,Suresh-Tandon,Transportation,Partnership,Pune,Maharashtra,Active,1022.55,2.0,45071.59,22535.795,1.0,1.0,0.0,0.0,0.0,0.0,0.0,50.0,0.0,0.0,10.0,Low,False,True,False
MCH7698,Bhatnagar Inc,Miscellaneous,Individual,Lucknow,Uttar Pradesh,Active,1276.92,5.0,73752.62000000001,14750.524000000001,4.0,1.0,0.0,0.0,0.0,0.0,0.0,20.0,0.0,0.0,10.0,Low,False,True,False
MCH7731,Dalalplc,Hotel & Lodging,Individual,Chennai,Tamil Nadu,Active,2899.19,3.0,27511.55,9170.516666666666,2.0,1.0,0.0,0.0,0.0,0.0,0.0,33.33,0.0,0.0,10.0,Low,False,True,False
MCH7748,Chhabra Group,Restaurants & Food,Individual,Pune,Maharashtra,Active,1602.16,2.0,21932.089999999997,10966.044999999998,1.0,1.0,0.0,0.0,0.0,0.0,0.0,50.0,0.0,0.0,10.0,Low,False,True,False
MCH7750,"Rama, Garde And Ravi",Travel,Partnership,Bengaluru,Karnataka,Active,1271.38,3.0,40599.96,13533.32,1.0,2.0,0.0,0.0,0.0,0.0,0.0,66.67,0.0,0.0,10.0,Low,False,True,False
MCH7757,"Uppal, Kota And Ramaswamy",Telecom,Individual,Delhi,Delhi,Active,669.43,2.0,31366.489999999998,15683.244999999999,1.0,1.0,0.0,0.0,0.0,0.0,0.0,50.0,0.0,0.0,10.0,Low,False,True,False
MCH7772,"Chatterjee, Wason And Nadkarni",Department Store,Partnership,Mumbai,Maharashtra,Active,541.48,3.0,23442.02,7814.006666666667,0.0,1.0,0.0,0.0,0.0,0.0,0.0,33.33,0.0,0.0,10.0,Low,False,True,False
MCH7779,"Mane, Bassi And Samra",Apparel & Fashion,Partnership,Lucknow,Uttar Pradesh,Active,,2.0,30004.55,15002.275,1.0,1.0,0.0,0.0,0.0,0.0,0.0,50.0,0.0,0.0,10.0,Low,False,True,False
MCH7790,Barman-Roy,Books & Stationery,Sole Proprietor,Chennai,Tamil Nadu,Active,1525.46,1.0,12056.21,12056.21,0.0,1.0,0.0,0.0,0.0,0.0,0.0,100.0,0.0,0.0,10.0,Low,False,True,False
MCH7802,Venkatesh Llc,Medical,Partnership,Lucknow,Uttar Pradesh,Active,1493.43,4.0,64309.240000000005,16077.310000000001,3.0,1.0,0.0,0.0,0.0,0.0,0.0,25.0,0.0,0.0,10.0,Low,False,True,False
MCH7803,Mukherjee-Sha,Telecom,Private Limited,Jaipur,Rajasthan,Active,763.0,2.0,16722.54,8361.27,1.0,1.0,0.0,0.0,0.0,0.0,0.0,50.0,0.0,0.0,10.0,Low,False,True,False
MCH7804,Choudhry And Sons,Books & Stationery,Sole Proprietor,Ludhiana,Punjab,Active,586.0,3.0,27048.61,9016.203333333333,2.0,1.0,0.0,0.0,0.0,0.0,0.0,33.33,0.0,0.0,10.0,Low,False,True,False
MCH7835,"Dugar, Dhawan And De",Hotel & Lodging,Private Limited,Lucknow,Uttar Pradesh,Suspended,1744.59,3.0,31262.56,10420.853333333334,2.0,1.0,0.0,0.0,0.0,0.0,0.0,33.33,0.0,0.0,10.0,Low,False,True,False
MCH7839,Mahajan-Bhasin,Apparel & Fashion,Partnership,Amritsar,Punjab,Active,4413.06,2.0,21065.48,10532.74,1.0,1.0,0.0,0.0,0.0,0.0,0.0,50.0,0.0,0.0,10.0,Low,False,True,False
MCH7846,Chad-Gole,Miscellaneous,Individual,Mumbai,Maharashtra,Active,228.0,3.0,49412.26,16470.753333333334,2.0,1.0,0.0,0.0,0.0,0.0,0.0,33.33,0.0,0.0,10.0,Low,False,True,False
MCH7852,"Kapadia, K0Nda And Luthra",Hotel & Lodging,Sole Proprietor,Chennai,Tamil Nadu,On Hold,4401.63,4.0,30960.63,7740.1575,3.0,1.0,0.0,0.0,0.0,0.0,0.0,25.0,0.0,0.0,10.0,Low,False,True,False
MCH7860,"Pall, Som And Dalal",Miscellaneous,Private Limited,Amritsar,Punjab,Active,,4.0,63874.44,15968.61,3.0,1.0,0.0,0.0,0.0,0.0,0.0,25.0,0.0,0.0,10.0,Low,False,True,False
MCH7864,"Kumer, Iyer And Bhavsar",Travel,Private Limited,Amritsar,Punjab,Active,611.66,2.0,8847.76,4423.88,1.0,1.0,0.0,0.0,0.0,0.0,0.0,50.0,0.0,0.0,10.0,Low,False,True,False
MCH7870,"Kalla,Moreandswamy",Pharmacy,Private Limited,Jaipur,Rajasthan,Active,681.25,1.0,5905.16,5905.16,0.0,1.0,0.0,0.0,0.0,0.0,0.0,100.0,0.0,0.0,10.0,Low,False,True,False
MCH7895,Pau Plc,Miscellaneous,Individual,Amritsar,Punjab,Active,583.0,3.0,29859.68,9953.226666666667,2.0,1.0,0.0,0.0,0.0,0.0,0.0,33.33,0.0,0.0,10.0,Low,False,True,False
MCH7904,Kapadia-Pandya,Books & Stationery,Partnership,Chennai,Tamil Nadu,Active,6260.03,4.0,42878.29,10719.5725,3.0,1.0,0.0,0.0,0.0,0.0,0.0,25.0,0.0,0.0,10.0,Low,False,True,False
MCH7925,"Bedi, Shroff And Nadkarni",Transportation,Sole Proprietor,Lucknow,Uttar Pradesh,Active,2480.62,2.0,31001.789999999997,15500.894999999999,1.0,1.0,0.0,0.0,0.0,0.0,0.0,50.0,0.0,0.0,10.0,Low,False,True,False
MCH7930,"Boase, Barman And Virk",Restaurants & Food,Private Limited,Amritsar,Punjab,Active,1076.5,2.0,29506.0,14753.0,0.0,1.0,0.0,0.0,0.0,0.0,0.0,50.0,0.0,0.0,10.0,Low,False,True,False
MCH7932,Sethi Ltd,Telecom,Private Limited,Bengaluru,Karnataka,Active,4410.18,7.0,84058.99,12008.427142857143,4.0,3.0,0.0,0.0,0.0,0.0,0.0,42.86,0.0,0.0,10.0,Low,False,True,False
MCH7950,Om-Andra,Grocery,Individual,Ludhiana,Punjab,Active,3471.68,4.0,57804.68,14451.17,3.0,1.0,0.0,0.0,0.0,0.0,0.0,25.0,0.0,0.0,10.0,Low,False,True,False
MCH7953,Deep Group,Grocery,Sole Proprietor,Mumbai,Maharashtra,Active,1668.75,5.0,63527.68,12705.536,4.0,1.0,0.0,0.0,0.0,0.0,0.0,20.0,0.0,0.0,10.0,Low,False,True,False
MCH7972,Lata Inc,Grocery,Partnership,Bengaluru,Karnataka,Active,,2.0,10279.29,5139.645,1.0,1.0,0.0,0.0,0.0,0.0,0.0,50.0,0.0,0.0,10.0,Low,False,True,False
MCH7981,"Singhal, Manne And Ray",Apparel & Fashion,Private Limited,Jalandhar,Punjab,Active,234.87,1.0,4338.36,4338.36,0.0,1.0,0.0,0.0,0.0,0.0,0.0,100.0,0.0,0.0,10.0,Low,False,True,False
MCH7985,"Ba1Ay, Mammen And Raman",Restaurants & Food,Partnership,Lucknow,Uttar Pradesh,Active,2429.67,5.0,49204.86,9840.972,4.0,1.0,0.0,0.0,0.0,0.0,0.0,20.0,0.0,0.0,10.0,Low,False,True,False
MCH8031,Chokshi Ltd,Hotel & Lodging,Individual,Hyderabad,Telangana,Active,2110.06,4.0,65948.31,16487.0775,2.0,2.0,0.0,0.0,0.0,0.0,0.0,50.0,0.0,0.0,10.0,Low,False,True,False
MCH8038,"Singh, Baria And Kakar",Pharmacy,Private Limited,Lucknow,Uttar Pradesh,Active,1174.3,1.0,23633.0,23633.0,0.0,1.0,0.0,0.0,0.0,0.0,0.0,100.0,0.0,0.0,10.0,Low,False,True,False
MCH8049,Balan-Shah,Apparel & Fashion,Private Limited,Lucknow,Uttar Pradesh,Active,,2.0,16683.52,8341.76,1.0,1.0,0.0,0.0,0.0,0.0,0.0,50.0,0.0,0.0,10.0,Low,False,True,False
MCH8051,"Saxena, Kamdar And Kannan",Books & Stationery,Partnership,Delhi,Delhi,Active,598.72,2.0,42821.97,21410.985,1.0,1.0,0.0,0.0,0.0,0.0,0.0,50.0,0.0,0.0,10.0,Low,False,True,False
MCH8054,"Kant, Gara And Grewal",Transportation,Sole Proprietor,Chennai,Tamil Nadu,Active,,4.0,36037.78999999999,9009.447499999998,3.0,1.0,0.0,0.0,0.0,0.0,0.0,25.0,0.0,0.0,10.0,Low,False,True,False
MCH8059,Kapadia Plc,Telecom,Sole Proprietor,Mumbai,Maharashtra,Inactive,263.96,2.0,28755.86,14377.93,1.0,1.0,0.0,0.0,0.0,0.0,0.0,50.0,0.0,0.0,10.0,Low,False,True,False
MCH8082,Contractor And Sons,Hotel & Lodging,Sole Proprietor,Amritsar,Punjab,Active,4480.58,5.0,60655.7,12131.14,3.0,1.0,0.0,0.0,0.0,0.0,0.0,20.0,0.0,0.0,10.0,Low,False,True,False
MCH8101,"Jani, Varghese And Barman",Apparel & Fashion,Sole Proprietor,Delhi,Delhi,Inactive,734.89,4.0,68345.59,17086.3975,3.0,1.0,0.0,0.0,0.0,0.0,0.0,25.0,0.0,0.0,10.0,Low,False,True,False
MCH8119,Subramanianandsons,Transportation,Sole Proprietor,Amritsar,Punjab,Active,1285.93,5.0,41589.33,8317.866,2.0,2.0,0.0,0.0,0.0,0.0,0.0,40.0,0.0,0.0,10.0,Low,False,True,False
MCH8132,Sami-Balay,Apparel & Fashion,Private Limited,Bengaluru,Karnataka,Active,4139.52,3.0,37907.64,12635.88,2.0,1.0,0.0,0.0,0.0,0.0,0.0,33.33,0.0,0.0,10.0,Low,False,True,False
MCH8139,"Mani, Kala And Verma",Department Store,Individual,Amritsar,Punjab,Active,2137.68,3.0,39578.17,13192.723333333333,2.0,1.0,0.0,0.0,0.0,0.0,0.0,33.33,0.0,0.0,10.0,Low,False,True,False
MCH8150,Hegde-Doctor,Pharmacy,Partnership,Pune,Maharashtra,Active,1430.0,1.0,2571.87,2571.87,0.0,1.0,0.0,0.0,0.0,0.0,0.0,100.0,0.0,0.0,10.0,Low,False,True,False
MCH8165,"Sandhu, Saran And Dhar",Miscellaneous,Sole Proprietor,Chennai,Tamil Nadu,Inactive,1269.15,3.0,36789.770000000004,12263.256666666668,2.0,1.0,0.0,0.0,0.0,0.0,0.0,33.33,0.0,0.0,10.0,Low,False,True,False
MCH8187,"Chada, Mammen And Lanka",Travel,Sole Proprietor,Ludhiana,Punjab,Active,671.0,2.0,30787.16,15393.58,1.0,1.0,0.0,0.0,0.0,0.0,0.0,50.0,0.0,0.0,10.0,Low,False,True,False
MCH8192,"Oza, Sant And Loke",Grocery,Private Limited,Kolkata,West Bengal,Inactive,408.0,4.0,38236.19,9559.0475,3.0,1.0,0.0,0.0,0.0,0.0,0.0,25.0,0.0,0.0,10.0,Low,False,True,False
MCH8198,Buch-Sengupta,Department Store,Individual,Kolkata,West Bengal,Active,2004.67,2.0,37754.47,18877.235,1.0,1.0,0.0,0.0,0.0,0.0,0.0,50.0,0.0,0.0,10.0,Low,False,True,False
MCH8235,Konda-Pillai,Books & Stationery,Private Limited,Chennai,Tamil Nadu,Active,,4.0,42337.54,10584.385,3.0,1.0,0.0,0.0,0.0,0.0,0.0,25.0,0.0,0.0,10.0,Low,False,True,False
MCH8242,Choudhary-Pall,Hotel & Lodging,Private Limited,Ludhiana,Punjab,Active,607.04,2.0,24588.55,12294.275,1.0,1.0,0.0,0.0,0.0,0.0,0.0,50.0,0.0,0.0,10.0,Low,False,True,False
MCH8263,"Gara, Kar And Raval",Apparel & Fashion,Sole Proprietor,Chennai,Tamil Nadu,Active,1443.08,2.0,26538.309999999998,13269.154999999999,1.0,1.0,0.0,0.0,0.0,0.0,0.0,50.0,0.0,0.0,10.0,Low,False,True,False
MCH8314,Chawla-Mander,Transportation,Partnership,Kolkata,West Bengal,Active,93.33,2.0,6490.74,3245.37,1.0,1.0,0.0,0.0,0.0,0.0,0.0,50.0,0.0,0.0,10.0,Low,False,True,False
MCH8326,"Bassi, Lalla And Sastry",Grocery,Individual,Amritsar,Punjab,Active,1031.0,2.0,39114.26,19557.13,1.0,1.0,0.0,0.0,0.0,0.0,0.0,50.0,0.0,0.0,10.0,Low,False,True,False
MCH8328,Raman-Dass,Grocery,Partnership,Jalandhar,Punjab,Active,2484.83,4.0,70378.4,17594.6,2.0,1.0,0.0,0.0,0.0,0.0,0.0,25.0,0.0,0.0,10.0,Low,False,True,False
MCH8370,Tandon-Khosla,Transportation,Partnership,Hyderabad,Telangana,Active,574.0,4.0,55750.47,13937.6175,3.0,1.0,0.0,0.0,0.0,0.0,0.0,25.0,0.0,0.0,10.0,Low,False,True,False
MCH8412,Sachdeva-Mutti,Department Store,Private Limited,Bengaluru,Karnataka,Active,2327.41,1.0,18266.85,18266.85,0.0,1.0,0.0,0.0,0.0,0.0,0.0,100.0,0.0,0.0,10.0,Low,False,True,False
MCH8413,"Mammen,Parmerandchandra",Telecom,Sole Proprietor,Bengaluru,Karnataka,Active,,2.0,22813.14,11406.57,1.0,1.0,0.0,0.0,0.0,0.0,0.0,50.0,0.0,0.0,10.0,Low,False,True,False
MCH8431,Bala Group,Transportation,Individual,Ludhiana,Punjab,Active,964.23,2.0,30402.309999999998,15201.154999999999,1.0,1.0,0.0,0.0,0.0,0.0,0.0,50.0,0.0,0.0,10.0,Low,False,True,False
MCH8453,"Jaggi, Saxena And Ratta",Grocery,Partnership,Amritsar,Punjab,Active,599.17,2.0,26005.86,13002.93,1.0,1.0,0.0,0.0,0.0,0.0,0.0,50.0,0.0,0.0,10.0,Low,False,True,False
MCH8456,Srinivasan And Sons,Grocery,Individual,Jalandhar,Punjab,Active,3454.0,3.0,49315.61,16438.536666666667,2.0,1.0,0.0,0.0,0.0,0.0,0.0,33.33,0.0,0.0,10.0,Low,False,True,False
MCH8504,Kohli Plc,Grocery,Sole Proprietor,Chennai,Tamil Nadu,Active,977.26,4.0,34627.07,8656.7675,3.0,1.0,0.0,0.0,0.0,0.0,0.0,25.0,0.0,0.0,10.0,Low,False,True,False
MCH8505,Kamdar-Ghosh,Books & Stationery,Private Limited,Jaipur,Rajasthan,Active,517.98,4.0,67464.08,16866.02,3.0,1.0,0.0,0.0,0.0,0.0,0.0,25.0,0.0,0.0,10.0,Low,False,True,False
MCH8546,Jani Plc,Department Store,Partnership,Kolkata,West Bengal,Active,1691.74,3.0,42844.29,14281.43,2.0,1.0,0.0,0.0,0.0,0.0,0.0,33.33,0.0,0.0,10.0,Low,False,True,False
MCH8558,Dutt-Tailor,Retail,Sole Proprietor,Amritsar,Punjab,Active,857.14,2.0,22560.63,11280.315,1.0,1.0,0.0,0.0,0.0,0.0,0.0,50.0,0.0,0.0,10.0,Low,False,True,False
MCH8566,Magar-Kota,Transportation,Partnership,Amritsar,Punjab,Active,1353.18,5.0,79347.06999999999,15869.413999999999,4.0,1.0,0.0,0.0,0.0,0.0,0.0,20.0,0.0,0.0,10.0,Low,False,True,False
MCH8574,Vohra Group,Medical,Individual,Jaipur,Rajasthan,Inactive,,2.0,20206.22,10103.11,1.0,1.0,0.0,0.0,0.0,0.0,0.0,50.0,0.0,0.0,10.0,Low,False,True,False
MCH8575,"Doctor, Merchant And Bhatti",Telecom,Partnership,Kolkata,West Bengal,Active,2693.45,3.0,19751.190000000002,6583.7300000000005,2.0,1.0,0.0,0.0,0.0,0.0,0.0,33.33,0.0,0.0,10.0,Low,False,True,False
MCH8581,"Sundaram, Sekhon And Andra",Hotel & Lodging,Partnership,Jalandhar,Punjab,Active,953.97,2.0,11946.8,5973.4,1.0,1.0,0.0,0.0,0.0,0.0,0.0,50.0,0.0,0.0,10.0,Low,False,True,False
MCH8591,Dutta And Sons,Miscellaneous,Individual,Kolkata,West Bengal,Active,2731.17,2.0,31332.94,15666.47,1.0,1.0,0.0,0.0,0.0,0.0,0.0,50.0,0.0,0.0,10.0,Low,False,True,False
MCH8606,Prabhakar Ltd,Books & Stationery,Partnership,Mumbai,Maharashtra,Active,602.72,1.0,16722.14,16722.14,0.0,1.0,0.0,0.0,0.0,0.0,0.0,100.0,0.0,0.0,10.0,Low,False,True,False
MCH8615,Devi-Narasimhan,Books & Stationery,Sole Proprietor,Kolkata,West Bengal,Active,722.58,2.0,5746.099999999999,2873.0499999999997,0.0,2.0,0.0,0.0,0.0,0.0,0.0,100.0,0.0,0.0,10.0,Low,False,True,False
MCH8638,Ramanathan-Apte,Books & Stationery,Partnership,Chennai,Tamil Nadu,Active,985.8,4.0,34067.47,8516.8675,3.0,1.0,0.0,0.0,0.0,0.0,0.0,25.0,0.0,0.0,10.0,Low,False,True,False
MCH8641,Rai And Sons,Travel,Individual,Ludhiana,Punjab,Active,,1.0,2626.0,2626.0,0.0,1.0,0.0,0.0,0.0,0.0,0.0,100.0,0.0,0.0,10.0,Low,False,True,False
MCH8661,Kapoor And Sons,Transportation,Partnership,Mumbai,Maharashtra,Active,1762.47,2.0,25181.03,12590.515,1.0,1.0,0.0,0.0,0.0,0.0,0.0,50.0,0.0,0.0,10.0,Low,False,True,False
MCH8705,"Sahota, Kale And Patil",Transportation,Private Limited,Delhi,Delhi,Active,1127.21,4.0,27963.23,6990.8075,3.0,1.0,0.0,0.0,0.0,0.0,0.0,25.0,0.0,0.0,10.0,Low,False,True,False
MCH8708,"Mukherjee, Sami And Purohit",Miscellaneous,Sole Proprietor,Hyderabad,Telangana,Suspended,2919.92,4.0,45863.23,11465.8075,1.0,2.0,1.0,0.0,0.0,0.0,0.0,50.0,0.0,0.0,10.0,Low,False,True,False
MCH8713,"Shere, Loke And Butala",Telecom,Private Limited,Delhi,Delhi,Inactive,,4.0,92967.45,23241.8625,2.0,2.0,0.0,0.0,0.0,0.0,0.0,50.0,0.0,0.0,10.0,Low,False,True,False
MCH8721,Bera-Chhabra,Travel,Sole Proprietor,Lucknow,Uttar Pradesh,Active,2543.82,3.0,39935.35,13311.783333333333,1.0,2.0,0.0,0.0,0.0,0.0,0.0,66.67,0.0,0.0,10.0,Low,False,True,False
MCH8726,Rast0Gi-Saini,Miscellaneous,Partnership,Ludhiana,Punjab,Active,4900.29,2.0,25759.03,12879.515,1.0,1.0,0.0,0.0,0.0,0.0,0.0,50.0,0.0,0.0,10.0,Low,False,True,False
MCH8762,Dani-Saha,Transportation,Partnership,Kolkata,West Bengal,Active,778.15,3.0,27093.44,9031.146666666666,2.0,1.0,0.0,0.0,0.0,0.0,0.0,33.33,0.0,0.0,10.0,Low,False,True,False
MCH8767,Golla Group,Apparel & Fashion,Sole Proprietor,Hyderabad,Telangana,Active,397.99,1.0,6326.62,6326.62,0.0,1.0,0.0,0.0,0.0,0.0,0.0,100.0,0.0,0.0,10.0,Low,False,True,False
MCH8781,Gade Plc,Pharmacy,Private Limited,Mumbai,Maharashtra,Active,714.3,1.0,15243.01,15243.01,0.0,1.0,0.0,0.0,0.0,0.0,0.0,100.0,0.0,0.0,10.0,Low,False,True,False
MCH8819,Acharyainc,Medical,Private Limited,Ludhiana,Punjab,Active,2075.22,2.0,30355.36,15177.68,1.0,1.0,0.0,0.0,0.0,0.0,0.0,50.0,0.0,0.0,10.0,Low,False,True,False
MCH8825,"Mandal, Chaudhari And Savant",Apparel & Fashion,Individual,Jalandhar,Punjab,Active,1817.3,3.0,29499.519999999997,9833.173333333332,2.0,1.0,0.0,0.0,0.0,0.0,0.0,33.33,0.0,0.0,10.0,Low,False,True,False
MCH8826,Mallick-Dasgupta,Department Store,Private Limited,Jalandhar,Punjab,Active,1719.24,3.0,41608.28,13869.426666666666,2.0,1.0,0.0,0.0,0.0,0.0,0.0,33.33,0.0,0.0,10.0,Low,False,True,False
MCH8837,Tata-Rajagopal,Grocery,Partnership,Ludhiana,Punjab,Suspended,2586.19,1.0,3037.67,3037.67,0.0,1.0,0.0,0.0,0.0,0.0,0.0,100.0,0.0,0.0,10.0,Low,False,True,False
MCH8840,Chatterjee And Sons,Retail,Individual,Pune,Maharashtra,Active,1208.62,2.0,10989.14,5494.57,0.0,1.0,0.0,0.0,0.0,0.0,0.0,50.0,0.0,0.0,10.0,Low,False,True,False
MCH8842,"Bala, Pillai And Kala",Miscellaneous,Partnership,Amritsar,Punjab,Suspended,,1.0,3435.12,3435.12,0.0,1.0,0.0,0.0,0.0,0.0,0.0,100.0,0.0,0.0,10.0,Low,False,True,False
MCH8845,Varkey-Jha,Miscellaneous,Partnership,Kolkata,West Bengal,Active,5630.04,5.0,69147.31,13829.462,4.0,1.0,0.0,0.0,0.0,0.0,0.0,20.0,0.0,0.0,10.0,Low,False,True,False
MCH8850,"Sachdev, Nayar And Arora",Grocery,Partnership,Ludhiana,Punjab,Suspended,,5.0,39612.66,7922.532000000001,2.0,2.0,1.0,0.0,0.0,0.0,0.0,40.0,0.0,0.0,10.0,Low,False,True,False
MCH8851,"Kanda, Kohli And Thaman",Restaurants & Food,Sole Proprietor,Jalandhar,Punjab,Suspended,5573.07,4.0,61463.399999999994,15365.849999999999,3.0,1.0,0.0,0.0,0.0,0.0,0.0,25.0,0.0,0.0,10.0,Low,False,True,False
MCH8852,Bali-Hora,Pharmacy,Individual,Delhi,Delhi,Active,2821.74,1.0,12726.82,12726.82,0.0,1.0,0.0,0.0,0.0,0.0,0.0,100.0,0.0,0.0,10.0,Low,False,True,False
MCH8864,Lala-Ben,Pharmacy,Individual,Ludhiana,Punjab,Active,869.2,4.0,52399.89,13099.9725,3.0,1.0,0.0,0.0,0.0,0.0,0.0,25.0,0.0,0.0,10.0,Low,False,True,False
MCH8865,Wali-Yogi,Books & Stationery,Partnership,Pune,Maharashtra,Active,1783.0,3.0,38866.96,12955.653333333334,2.0,1.0,0.0,0.0,0.0,0.0,0.0,33.33,0.0,0.0,10.0,Low,False,True,False
MCH8885,"Dhawan,Devanandchokshi",Apparel & Fashion,Individual,Delhi,Delhi,Active,,4.0,52370.310000000005,13092.577500000001,3.0,1.0,0.0,0.0,0.0,0.0,0.0,25.0,0.0,0.0,10.0,Low,False,True,False
MCH8895,Chakraborty-Apte,Hotel & Lodging,Sole Proprietor,Jalandhar,Punjab,Active,2412.11,2.0,47928.57,23964.285,1.0,1.0,0.0,0.0,0.0,0.0,0.0,50.0,0.0,0.0,10.0,Low,False,True,False
MCH8896,Yadav-Padmanabhan,Transportation,Private Limited,Hyderabad,Telangana,Active,1243.9,3.0,21571.36,7190.453333333334,2.0,1.0,0.0,0.0,0.0,0.0,0.0,33.33,0.0,0.0,10.0,Low,False,True,False
MCH8900,Murthy-Vala,Apparel & Fashion,Partnership,Kolkata,West Bengal,Active,314.81,5.0,39344.06,7868.812,4.0,1.0,0.0,0.0,0.0,0.0,0.0,20.0,0.0,0.0,10.0,Low,False,True,False
MCH8915,Sur Ltd,Restaurants & Food,Individual,Mumbai,Maharashtra,Inactive,665.18,3.0,26094.64,8698.213333333333,2.0,1.0,0.0,0.0,0.0,0.0,0.0,33.33,0.0,0.0,10.0,Low,False,True,False
MCH8932,"Venkatesh, Nayak And Ravel",Miscellaneous,Private Limited,Lucknow,Uttar Pradesh,Active,1585.03,1.0,962.91,962.91,0.0,1.0,0.0,0.0,0.0,0.0,0.0,100.0,0.0,0.0,10.0,Low,False,True,False
MCH8939,"Dhawan, Kamdar And Dalal",Restaurants & Food,Individual,Bengaluru,Karnataka,Active,729.0,3.0,30942.260000000002,10314.086666666668,1.0,1.0,0.0,0.0,0.0,0.0,0.0,33.33,0.0,0.0,10.0,Low,False,True,False
MCH8972,Vig Inc,Grocery,Partnership,Kolkata,West Bengal,Active,835.08,3.0,39831.75,13277.25,2.0,1.0,0.0,0.0,0.0,0.0,0.0,33.33,0.0,0.0,10.0,Low,False,True,False
MCH9009,Badami-Sani,Grocery,Individual,Mumbai,Maharashtra,Active,1732.46,5.0,49475.9,9895.18,4.0,1.0,0.0,0.0,0.0,0.0,0.0,20.0,0.0,0.0,10.0,Low,False,True,False
MCH9015,Prashad Inc,Restaurants & Food,Sole Proprietor,Chennai,Tamil Nadu,Active,787.45,4.0,36266.740000000005,9066.685000000001,2.0,2.0,0.0,0.0,0.0,0.0,0.0,50.0,0.0,0.0,10.0,Low,False,True,False
MCH9016,Upadhyay-Sethi,Telecom,Partnership,Mumbai,Maharashtra,Active,764.46,2.0,18036.760000000002,9018.380000000001,1.0,1.0,0.0,0.0,0.0,0.0,0.0,50.0,0.0,0.0,10.0,Low,False,True,False
MCH9021,Dubey Plc,Telecom,Private Limited,Jaipur,Rajasthan,Inactive,214.99,2.0,21961.949999999997,10980.974999999999,1.0,1.0,0.0,0.0,0.0,0.0,0.0,50.0,0.0,0.0,10.0,Low,False,True,False
MCH9029,Hayre And Sons,Retail,Individual,Amritsar,Punjab,Active,,10.0,111632.97,11163.297,7.0,2.0,1.0,0.0,0.0,0.0,0.0,20.0,0.0,0.0,10.0,Low,False,True,False
MCH9037,Varty-Vaidya,Transportation,Private Limited,Jalandhar,Punjab,Active,2383.02,3.0,49697.07,16565.69,2.0,1.0,0.0,0.0,0.0,0.0,0.0,33.33,0.0,0.0,10.0,Low,False,True,False
MCH9040,Sharma-Dubey,Books & Stationery,Sole Proprietor,Jaipur,Rajasthan,Active,573.1,3.0,61181.54,20393.846666666668,2.0,1.0,0.0,0.0,0.0,0.0,0.0,33.33,0.0,0.0,10.0,Low,False,True,False
MCH9045,"Kaul, Sethi And Vaidya",Telecom,Partnership,Bengaluru,Karnataka,Inactive,1488.0,6.0,47760.22,7960.036666666667,4.0,2.0,0.0,0.0,0.0,0.0,0.0,33.33,0.0,0.0,10.0,Low,False,True,False
MCH9068,Halder Plc,Apparel & Fashion,Private Limited,Jalandhar,Punjab,Active,5193.72,3.0,45284.119999999995,15094.706666666665,2.0,1.0,0.0,0.0,0.0,0.0,0.0,33.33,0.0,0.0,10.0,Low,False,True,False
MCH9080,Jani And Sons,Apparel & Fashion,Partnership,Lucknow,Uttar Pradesh,Suspended,672.43,2.0,12067.83,6033.915,1.0,1.0,0.0,0.0,0.0,0.0,0.0,50.0,0.0,0.0,10.0,Low,False,True,False
MCH9111,"Dhar, Thaker And Madan",Miscellaneous,Private Limited,Kolkata,West Bengal,Active,1785.1,3.0,28443.67,9481.223333333333,2.0,1.0,0.0,0.0,0.0,0.0,0.0,33.33,0.0,0.0,10.0,Low,False,True,False
MCH9117,"Kale, Kohli And Chhabra",Books & Stationery,Sole Proprietor,Jalandhar,Punjab,On Hold,206.51,2.0,1727.77,863.885,1.0,1.0,0.0,0.0,0.0,0.0,0.0,50.0,0.0,0.0,10.0,Low,False,True,False
MCH9137,Chakrabarti Plc,Transportation,Private Limited,Jaipur,Rajasthan,Active,347.82,3.0,39969.96,13323.32,2.0,1.0,0.0,0.0,0.0,0.0,0.0,33.33,0.0,0.0,10.0,Low,False,True,False
MCH9143,Prakash Inc,Restaurants & Food,Partnership,Lucknow,Uttar Pradesh,Active,1791.89,2.0,25574.469999999998,12787.234999999999,1.0,1.0,0.0,0.0,0.0,0.0,0.0,50.0,0.0,0.0,10.0,Low,False,True,False
MCH9154,"Pal, Dara And Yadav",Miscellaneous,Private Limited,Jaipur,Rajasthan,Active,3887.81,4.0,48608.84,12152.21,3.0,1.0,0.0,0.0,0.0,0.0,0.0,25.0,0.0,0.0,10.0,Low,False,True,False
MCH9195,"Manne, Parsa And Ratta",Department Store,Individual,Kolkata,West Bengal,Active,1304.69,5.0,80460.08,16092.016,3.0,2.0,0.0,0.0,0.0,0.0,0.0,40.0,0.0,0.0,10.0,Low,False,True,False
MCH9219,Baria Inc,Telecom,Sole Proprietor,Jaipur,Rajasthan,Active,1931.0,3.0,51591.11,17197.036666666667,2.0,1.0,0.0,0.0,0.0,0.0,0.0,33.33,0.0,0.0,10.0,Low,False,True,False
MCH9226,"Sandhu, Jha And Randhawa",Apparel & Fashion,Individual,Pune,Maharashtra,Active,5451.11,4.0,40999.38,10249.845,3.0,1.0,0.0,0.0,0.0,0.0,0.0,25.0,0.0,0.0,10.0,Low,False,True,False
MCH9231,Kala-Dugar,Transportation,Partnership,Pune,Maharashtra,Active,228.82,5.0,81945.72,16389.144,3.0,2.0,0.0,0.0,0.0,0.0,0.0,40.0,0.0,0.0,10.0,Low,False,True,False
MCH9232,Ahuja-Chaudhry,Transportation,Individual,Hyderabad,Telangana,Active,361.11,3.0,35408.770000000004,11802.923333333334,1.0,1.0,1.0,0.0,0.0,0.0,0.0,33.33,0.0,0.0,10.0,Low,False,True,False
MCH9245,Zachariah-Suri,Retail,Individual,Jalandhar,Punjab,Active,328.18,4.0,35237.899999999994,8809.474999999999,3.0,1.0,0.0,0.0,0.0,0.0,0.0,25.0,0.0,0.0,10.0,Low,False,True,False
MCH9255,"Hegde, Dass And Sehgal",Apparel & Fashion,Private Limited,Amritsar,Punjab,Active,1054.61,3.0,37647.66,12549.220000000001,2.0,1.0,0.0,0.0,0.0,0.0,0.0,33.33,0.0,0.0,10.0,Low,False,True,False
MCH9263,"Chatterjee, Anand And Mani",Miscellaneous,Partnership,Kolkata,West Bengal,Active,628.47,2.0,44656.99,22328.495,1.0,1.0,0.0,0.0,0.0,0.0,0.0,50.0,0.0,0.0,10.0,Low,False,True,False
MCH9322,"Khosla, Walia And Deep",Department Store,Partnership,Kolkata,West Bengal,Active,1060.15,4.0,51992.79000000001,12998.197500000002,3.0,1.0,0.0,0.0,0.0,0.0,0.0,25.0,0.0,0.0,10.0,Low,False,True,False
MCH9325,"Patel, Parikh And Kaul",Telecom,Private Limited,Lucknow,Uttar Pradesh,Active,1538.45,3.0,36607.94,12202.646666666667,2.0,1.0,0.0,0.0,0.0,0.0,0.0,33.33,0.0,0.0,10.0,Low,False,True,False
MCH9338,D’Alia-Mitter,Books & Stationery,Partnership,Mumbai,Maharashtra,Active,604.36,4.0,45252.79,11313.1975,3.0,1.0,0.0,0.0,0.0,0.0,0.0,25.0,0.0,0.0,10.0,Low,False,True,False
MCH9345,Mahal Inc,Telecom,Private Limited,Amritsar,Punjab,Active,4834.52,1.0,11767.92,11767.92,0.0,1.0,0.0,0.0,0.0,0.0,0.0,100.0,0.0,0.0,10.0,Low,False,True,False
MCH9353,Ray-Gaba,Restaurants & Food,Private Limited,Pune,Maharashtra,Active,1357.72,3.0,24292.3,8097.433333333333,2.0,1.0,0.0,0.0,0.0,0.0,0.0,33.33,0.0,0.0,10.0,Low,False,True,False
MCH9358,Shroff Ltd,Department Store,Sole Proprietor,Kolkata,West Bengal,Active,1856.54,4.0,70094.53,17523.6325,2.0,2.0,0.0,0.0,0.0,0.0,0.0,50.0,0.0,0.0,10.0,Low,False,True,False
MCH9363,Mannan Group,Transportation,Private Limited,Mumbai,Maharashtra,Active,,1.0,17108.98,17108.98,0.0,1.0,0.0,0.0,0.0,0.0,0.0,100.0,0.0,0.0,10.0,Low,False,True,False
MCH9375,"Bhalla, Koshy And Sule",Books & Stationery,Individual,Ludhiana,Punjab,Inactive,924.32,5.0,55752.05,11150.41,2.0,3.0,0.0,0.0,0.0,0.0,0.0,60.0,0.0,0.0,10.0,Low,False,True,False
MCH9379,Nazareth And Sons,Miscellaneous,Individual,Kolkata,West Bengal,Inactive,242.0,4.0,40195.54,10048.885,3.0,1.0,0.0,0.0,0.0,0.0,0.0,25.0,0.0,0.0,10.0,Low,False,True,False
MCH9380,Chakrabarti Group,Restaurants & Food,Private Limited,Ludhiana,Punjab,Active,199.0,2.0,27867.030000000002,13933.515000000001,0.0,1.0,0.0,0.0,0.0,0.0,0.0,50.0,0.0,0.0,10.0,Low,False,True,False
MCH9390,"Minhas,Pauandnarayanan",Travel,Individual,Ludhiana,Punjab,Active,2246.12,3.0,30842.49,10280.83,2.0,1.0,0.0,0.0,0.0,0.0,0.0,33.33,0.0,0.0,10.0,Low,False,True,False
MCH9398,"Soman, Murthy And Mangat",Grocery,Partnership,Bengaluru,Karnataka,Active,5429.9,1.0,15203.63,15203.63,0.0,1.0,0.0,0.0,0.0,0.0,0.0,100.0,0.0,0.0,10.0,Low,False,True,False
MCH9403,"Bains,Banerjeeandbansal",Hotel & Lodging,Partnership,Mumbai,Maharashtra,Inactive,1838.83,2.0,30967.230000000003,15483.615000000002,1.0,1.0,0.0,0.0,0.0,0.0,0.0,50.0,0.0,0.0,10.0,Low,False,True,False
MCH9410,Sagar-Chawla,Apparel & Fashion,Individual,Jalandhar,Punjab,Active,820.0,2.0,23258.239999999998,11629.119999999999,1.0,1.0,0.0,0.0,0.0,0.0,0.0,50.0,0.0,0.0,10.0,Low,False,True,False
MCH9412,Nayak-Guha,Transportation,Individual,Amritsar,Punjab,Active,2887.33,2.0,10945.16,5472.58,1.0,1.0,0.0,0.0,0.0,0.0,0.0,50.0,0.0,0.0,10.0,Low,False,True,False
MCH9414,Banik-Garde,Restaurants & Food,Individual,Jalandhar,Punjab,Active,942.13,2.0,18787.61,9393.805,1.0,1.0,0.0,0.0,0.0,0.0,0.0,50.0,0.0,0.0,10.0,Low,False,True,False
MCH9428,"Dyal, Varma And Sachdeva",Miscellaneous,Private Limited,Lucknow,Uttar Pradesh,Active,1955.23,2.0,17014.5,8507.25,0.0,1.0,0.0,0.0,0.0,0.0,0.0,50.0,0.0,0.0,10.0,Low,False,True,False
MCH9459,Batta-Handa,Transportation,Partnership,Hyderabad,Telangana,Active,11281.97,3.0,10195.77,3398.59,2.0,1.0,0.0,0.0,0.0,0.0,0.0,33.33,0.0,0.0,10.0,Low,False,True,False
MCH9494,Sama Group,Telecom,Individual,Bengaluru,Karnataka,Active,,2.0,40785.79,20392.895,1.0,1.0,0.0,0.0,0.0,0.0,0.0,50.0,0.0,0.0,10.0,Low,False,True,False
MCH9502,Vyas-Hayre,Books & Stationery,Sole Proprietor,Mumbai,Maharashtra,Active,777.19,1.0,568.0,568.0,0.0,1.0,0.0,0.0,0.0,0.0,0.0,100.0,0.0,0.0,10.0,Low,False,True,False
MCH9548,Raja Plc,Transportation,Partnership,Jaipur,Rajasthan,Active,1649.0,2.0,21796.46,10898.23,1.0,1.0,0.0,0.0,0.0,0.0,0.0,50.0,0.0,0.0,10.0,Low,False,True,False
MCH9550,Chandra-Sangha,Books & Stationery,Sole Proprietor,Hyderabad,Telangana,Active,674.9,4.0,34614.33,8653.5825,3.0,1.0,0.0,0.0,0.0,0.0,0.0,25.0,0.0,0.0,10.0,Low,False,True,False
MCH9554,Kale Ltd,Telecom,Partnership,Kolkata,West Bengal,On Hold,696.0,1.0,9308.34,9308.34,0.0,1.0,0.0,0.0,0.0,0.0,0.0,100.0,0.0,0.0,10.0,Low,False,True,False
MCH9560,Puri-Ahluwalia,Miscellaneous,Partnership,Ludhiana,Punjab,Active,1176.68,2.0,14360.98,7180.49,1.0,1.0,0.0,0.0,0.0,0.0,0.0,50.0,0.0,0.0,10.0,Low,False,True,False
MCH9595,Kapur Inc,Miscellaneous,Private Limited,Chennai,Tamil Nadu,Active,,4.0,34726.729999999996,8681.682499999999,3.0,1.0,0.0,0.0,0.0,0.0,0.0,25.0,0.0,0.0,10.0,Low,False,True,False
MCH9620,Chad Plc,Retail,Individual,Ludhiana,Punjab,Active,786.55,5.0,48068.27,9613.653999999999,2.0,3.0,0.0,0.0,0.0,0.0,0.0,60.0,0.0,0.0,10.0,Low,False,True,False
MCH9635,Konda-Verma,Books & Stationery,Individual,Chennai,Tamil Nadu,Active,4885.39,3.0,40716.86,13572.286666666667,2.0,1.0,0.0,0.0,0.0,0.0,0.0,33.33,0.0,0.0,10.0,Low,False,True,False
MCH9651,Thakkar-Dass,Department Store,Private Limited,Jalandhar,Punjab,Active,2535.0,2.0,21509.01,10754.505,1.0,1.0,0.0,0.0,0.0,0.0,0.0,50.0,0.0,0.0,10.0,Low,False,True,False
MCH9654,Saini-Bath,Books & Stationery,Private Limited,Ludhiana,Punjab,Active,2570.91,1.0,3043.08,3043.08,0.0,1.0,0.0,0.0,0.0,0.0,0.0,100.0,0.0,0.0,10.0,Low,False,True,False
MCH9662,Basu-Korpal,Telecom,Private Limited,Pune,Maharashtra,Active,1152.0,5.0,59761.229999999996,11952.246,4.0,1.0,0.0,0.0,0.0,0.0,0.0,20.0,0.0,0.0,10.0,Low,False,True,False
MCH9679,Raman Ltd,Hotel & Lodging,Sole Proprietor,Delhi,Delhi,Inactive,310.73,3.0,51280.95,17093.649999999998,0.0,3.0,0.0,0.0,0.0,0.0,0.0,100.0,0.0,0.0,10.0,Low,False,True,False
MCH9681,Bawa Plc,Apparel & Fashion,Private Limited,Pune,Maharashtra,Active,1913.04,3.0,20988.6,6996.2,2.0,1.0,0.0,0.0,0.0,0.0,0.0,33.33,0.0,0.0,10.0,Low,False,True,False
MCH9702,Ranganathan-Madan,Hotel & Lodging,Individual,Hyderabad,Telangana,Active,1980.13,4.0,47604.18,11901.045,3.0,1.0,0.0,0.0,0.0,0.0,0.0,25.0,0.0,0.0,10.0,Low,False,True,False
MCH9743,Sahota-Krish,Books & Stationery,Private Limited,Ludhiana,Punjab,Active,873.78,5.0,60533.2,12106.64,2.0,1.0,1.0,0.0,0.0,0.0,0.0,20.0,0.0,0.0,10.0,Low,False,True,False
MCH9764,More-Bhavsar,Pharmacy,Sole Proprietor,Pune,Maharashtra,Active,3514.68,3.0,34323.899999999994,11441.299999999997,2.0,1.0,0.0,0.0,0.0,0.0,0.0,33.33,0.0,0.0,10.0,Low,False,True,False
MCH9815,"Narasimhan, Vasa And Goswami",Books & Stationery,Individual,Delhi,Delhi,Active,,4.0,81617.26,20404.315,3.0,1.0,0.0,0.0,0.0,0.0,0.0,25.0,0.0,0.0,10.0,Low,False,True,False
MCH9820,"Rai, Saha And Lalla",Hotel & Lodging,Individual,Amritsar,Punjab,Active,3129.0,4.0,41029.57,10257.3925,2.0,1.0,0.0,0.0,0.0,0.0,0.0,25.0,0.0,0.0,10.0,Low,False,True,False
MCH9845,Misra-Varghese,Pharmacy,Sole Proprietor,Ludhiana,Punjab,Active,186.59,5.0,53595.55,10719.11,3.0,2.0,0.0,0.0,0.0,0.0,0.0,40.0,0.0,0.0,10.0,Low,False,True,False
MCH9847,Dube And Sons,Telecom,Partnership,Delhi,Delhi,Active,918.47,1.0,11294.16,11294.16,0.0,1.0,0.0,0.0,0.0,0.0,0.0,100.0,0.0,0.0,10.0,Low,False,True,False
MCH9853,Dhar-Raval,Pharmacy,Sole Proprietor,Kolkata,West Bengal,Active,795.17,2.0,31407.2,15703.6,0.0,1.0,0.0,0.0,0.0,0.0,0.0,50.0,0.0,0.0,10.0,Low,False,True,False
MCH9855,Samra-Manda,Telecom,Private Limited,Chennai,Tamil Nadu,Active,1167.22,2.0,25720.74,12860.37,1.0,1.0,0.0,0.0,0.0,0.0,0.0,50.0,0.0,0.0,10.0,Low,False,True,False
MCH9857,Mitra-Bala,Department Store,Partnership,Bengaluru,Karnataka,Active,507.74,2.0,28815.68,14407.84,1.0,1.0,0.0,0.0,0.0,0.0,0.0,50.0,0.0,0.0,10.0,Low,False,True,False
MCH9901,Oommen Ltd,Hotel & Lodging,Sole Proprietor,Hyderabad,Telangana,Inactive,538.3,2.0,34532.46,17266.23,1.0,1.0,0.0,0.0,0.0,0.0,0.0,50.0,0.0,0.0,10.0,Low,False,True,False
MCH9913,Das Ltd,Telecom,Partnership,Lucknow,Uttar Pradesh,Active,442.64,1.0,414.85,414.85,0.0,1.0,0.0,0.0,0.0,0.0,0.0,100.0,0.0,0.0,10.0,Low,False,True,False
MCH9920,Oommen-Mitra,Grocery,Private Limited,Jaipur,Rajasthan,Active,767.57,5.0,77928.70999999999,15585.741999999998,4.0,1.0,0.0,0.0,0.0,0.0,0.0,20.0,0.0,0.0,10.0,Low,False,True,False
MCH9933,Bali-Zachariah,Grocery,Sole Proprietor,Jaipur,Rajasthan,Active,1549.0,1.0,16032.28,16032.28,0.0,1.0,0.0,0.0,0.0,0.0,0.0,100.0,0.0,0.0,10.0,Low,False,True,False
MCH9940,"Thakur, Chokshi And Char",Apparel & Fashion,Sole Proprietor,Jalandhar,Punjab,Active,1656.0,3.0,48092.75,16030.916666666666,2.0,1.0,0.0,0.0,0.0,0.0,0.0,33.33,0.0,0.0,10.0,Low,False,True,False
MCH9941,Bava And Sons,Miscellaneous,Private Limited,Hyderabad,Telangana,Active,,4.0,48738.44,12184.61,3.0,1.0,0.0,0.0,0.0,0.0,0.0,25.0,0.0,0.0,10.0,Low,False,True,False
MCH9946,Jain Llc,Medical,Partnership,Pune,Maharashtra,Active,1421.0,2.0,30030.4,15015.2,1.0,1.0,0.0,0.0,0.0,0.0,0.0,50.0,0.0,0.0,10.0,Low,False,True,False
MCH9947,Sarkar Ltd,Department Store,Individual,Ludhiana,Punjab,Active,,2.0,1020.53,510.265,0.0,1.0,1.0,0.0,0.0,0.0,0.0,50.0,0.0,0.0,10.0,Low,False,True,False
MCH9949,Balan Llc,Grocery,Private Limited,Amritsar,Punjab,Active,2493.77,3.0,29931.89,9977.296666666667,2.0,1.0,0.0,0.0,0.0,0.0,0.0,33.33,0.0,0.0,10.0,Low,False,True,False
MCH9951,Natt Group,Pharmacy,Partnership,Chennai,Tamil Nadu,Active,1765.37,6.0,99676.19,16612.698333333334,4.0,2.0,0.0,0.0,0.0,0.0,0.0,33.33,0.0,0.0,10.0,Low,False,True,False
MCH9955,Nori-Nazareth,Apparel & Fashion,Sole Proprietor,Delhi,Delhi,On Hold,673.27,3.0,35277.84,11759.279999999999,2.0,1.0,0.0,0.0,0.0,0.0,0.0,33.33,0.0,0.0,10.0,Low,False,True,False
MCH9968,Kata-Bawa,Department Store,Private Limited,Lucknow,Uttar Pradesh,Active,2070.31,2.0,21772.79,10886.395,1.0,1.0,0.0,0.0,0.0,0.0,0.0,50.0,0.0,0.0,10.0,Low,False,True,False
MCH9986,Tak Ltd,Transportation,Partnership,Delhi,Delhi,Active,,2.0,20526.0,10263.0,1.0,1.0,0.0,0.0,0.0,0.0,0.0,50.0,0.0,0.0,10.0,Low,False,True,False
MCH4990,"Ramakrishnan, Dey And Thakkar",Grocery,Private Limited,Mumbai,Maharashtra,Active,,0.0,0.0,0.0,0.0,0.0,0.0,1.0,10021.84,0.0,0.0,0,0,0,5.0,Low,False,False,False
MCH9160,Som Ltd,Telecom,Partnership,Ludhiana,Punjab,Active,722.22,0.0,0.0,0.0,0.0,0.0,0.0,1.0,8008.29,0.0,0.0,0,0,0,5.0,Low,False,False,False
MCH1168,"Seshadri, Borah And Sachdeva",Pharmacy,Individual,Pune,Maharashtra,Active,4780.41,0.0,0.0,0.0,0.0,0.0,0.0,1.0,4972.38,0.0,0.0,0,0,0,5.0,Low,False,False,False
MCH9342,Dua-Lala,Miscellaneous,Sole Proprietor,Bengaluru,Karnataka,Suspended,1698.37,0.0,0.0,0.0,0.0,0.0,0.0,1.0,4375.63,0.0,0.0,0,0,0,5.0,Low,False,False,False
MCH4695,Patel-Halder,Restaurants & Food,Sole Proprietor,Pune,Maharashtra,Active,652.55,0.0,0.0,0.0,0.0,0.0,0.0,1.0,4163.19,0.0,0.0,0,0,0,5.0,Low,False,False,False
MCH6683,Pai Inc,Grocery,Individual,Chennai,Tamil Nadu,Active,,0.0,0.0,0.0,0.0,0.0,0.0,1.0,3164.0,0.0,0.0,0,0,0,5.0,Low,False,False,False
MCH9910,"Karan, Ram And Sengupta",Department Store,Individual,Delhi,Delhi,Active,191.17,0.0,0.0,0.0,0.0,0.0,0.0,1.0,3055.0,0.0,0.0,0,0,0,5.0,Low,False,False,False
MCH4002,"Bora, Kant And Chauhan",Grocery,Individual,Bengaluru,Karnataka,Active,,0.0,0.0,0.0,0.0,0.0,0.0,1.0,2928.89,0.0,0.0,0,0,0,5.0,Low,False,False,False
MCH2378,"Rau, Pradhan And Bansa1",Grocery,Individual,Lucknow,Uttar Pradesh,Active,6158.0,0.0,0.0,0.0,0.0,0.0,0.0,1.0,2789.99,0.0,0.0,0,0,0,5.0,Low,False,False,False
MCH8241,"Mane, Wagle And Ganesan",Department Store,Partnership,Kolkata,West Bengal,Active,814.25,0.0,0.0,0.0,0.0,0.0,0.0,1.0,2538.37,0.0,0.0,0,0,0,5.0,Low,False,False,False
MCH6565,Parmer-Datta,Telecom,Sole Proprietor,Hyderabad,Telangana,Active,2464.68,0.0,0.0,0.0,0.0,0.0,0.0,1.0,2240.0,0.0,0.0,0,0,0,5.0,Low,False,False,False
MCH9784,Lal Ltd,Restaurants & Food,Partnership,Chennai,Tamil Nadu,Active,1442.84,0.0,0.0,0.0,0.0,0.0,0.0,1.0,2209.68,0.0,0.0,0,0,0,5.0,Low,False,False,False
MCH4998,"Sura, Kanda And Chopra",Grocery,Partnership,Pune,Maharashtra,Inactive,,0.0,0.0,0.0,0.0,0.0,0.0,1.0,2189.0,0.0,0.0,0,0,0,5.0,Low,False,False,False
MCH7458,"Hans, Som And Krish",Restaurants & Food,Sole Proprietor,Bengaluru,Karnataka,Active,8448.66,0.0,0.0,0.0,0.0,0.0,0.0,1.0,2001.83,0.0,0.0,0,0,0,5.0,Low,False,False,False
MCH3491,"Chawla, Tella And Madan",Telecom,Sole Proprietor,Lucknow,Uttar Pradesh,Active,1044.7,0.0,0.0,0.0,0.0,0.0,0.0,1.0,1926.45,0.0,0.0,0,0,0,5.0,Low,False,False,False
MCH4337,Sethi Ltd,Telecom,Individual,Jalandhar,Punjab,Inactive,3672.22,0.0,0.0,0.0,0.0,0.0,0.0,1.0,1890.93,0.0,0.0,0,0,0,5.0,Low,False,False,False
MCH4008,"Deep, Rajagopal And Tandon",Telecom,Private Limited,Hyderabad,Telangana,Active,1196.0,0.0,0.0,0.0,0.0,0.0,0.0,1.0,1889.0,0.0,0.0,0,0,0,5.0,Low,False,False,False
MCH6388,Pillai-Subramaniam,Apparel & Fashion,Sole Proprietor,Jalandhar,Punjab,Inactive,2418.46,0.0,0.0,0.0,0.0,0.0,0.0,1.0,1858.07,0.0,0.0,0,0,0,5.0,Low,False,False,False
MCH4693,Dhingra-Bava,Hotel & Lodging,Private Limited,Mumbai,Maharashtra,Active,3445.16,0.0,0.0,0.0,0.0,0.0,0.0,1.0,1825.45,0.0,0.0,0,0,0,5.0,Low,False,False,False
MCH3682,"Dash, Kashyap And Goda",Department Store,Private Limited,Amritsar,Punjab,Inactive,1702.0,0.0,0.0,0.0,0.0,0.0,0.0,1.0,1778.59,0.0,0.0,0,0,0,5.0,Low,False,False,False
MCH4131,"Goyal, Krishnamurthy And Dewan",Transportation,Individual,Jaipur,Rajasthan,Inactive,319.32,0.0,0.0,0.0,0.0,0.0,0.0,1.0,1595.05,0.0,0.0,0,0,0,5.0,Low,False,False,False
MCH3203,Randhawa-Pant,Retail,Partnership,Jaipur,Rajasthan,Active,,0.0,0.0,0.0,0.0,0.0,0.0,1.0,1594.84,0.0,0.0,0,0,0,5.0,Low,False,False,False
MCH6729,Sharma And Sons,Retail,Partnership,Amritsar,Punjab,Active,442.47,0.0,0.0,0.0,0.0,0.0,0.0,1.0,1535.06,0.0,0.0,0,0,0,5.0,Low,False,False,False
MCH3266,"Lalla, Baral And Pau",Department Store,Private Limited,Chennai,Tamil Nadu,Active,1627.34,0.0,0.0,0.0,0.0,0.0,0.0,1.0,1503.93,0.0,0.0,0,0,0,5.0,Low,False,False,False
MCH9369,Kara Group,Hotel & Lodging,Sole Proprietor,Kolkata,West Bengal,Active,2036.0,0.0,0.0,0.0,0.0,0.0,0.0,1.0,1407.25,0.0,0.0,0,0,0,5.0,Low,False,False,False
MCH6403,"Sahni, Kapur And Ganesh",Apparel & Fashion,Private Limited,Chennai,Tamil Nadu,Active,344.49,0.0,0.0,0.0,0.0,0.0,0.0,1.0,1393.43,0.0,0.0,0,0,0,5.0,Low,False,False,False
MCH4842,Pa11A Llc,Books & Stationery,Individual,Kolkata,West Bengal,Active,3127.0,0.0,0.0,0.0,0.0,0.0,0.0,1.0,1352.13,0.0,0.0,0,0,0,5.0,Low,False,False,False
MCH8073,"Chaudhary, Nori And Aggarwal",Telecom,Private Limited,Mumbai,Maharashtra,Active,2535.65,0.0,0.0,0.0,0.0,0.0,0.0,1.0,1345.55,0.0,0.0,0,0,0,5.0,Low,False,False,False
MCH9242,"Kadakia, Yadav And Seshadri",Hotel & Lodging,Partnership,Hyderabad,Telangana,Suspended,1024.36,0.0,0.0,0.0,0.0,0.0,0.0,1.0,1224.57,0.0,0.0,0,0,0,5.0,Low,False,False,False
MCH9881,Kalla-Tara,Grocery,Private Limited,Delhi,Delhi,Active,1174.86,0.0,0.0,0.0,0.0,0.0,0.0,1.0,1200.75,0.0,0.0,0,0,0,5.0,Low,False,False,False
MCH9196,"Dani, Palla And Ramachandran",Hotel & Lodging,Sole Proprietor,Hyderabad,Telangana,Active,403.86,0.0,0.0,0.0,0.0,0.0,0.0,1.0,1091.87,0.0,0.0,0,0,0,5.0,Low,False,False,False
MCH4914,Bora Inc,Department Store,Sole Proprietor,Jaipur,Rajasthan,Active,4227.85,0.0,0.0,0.0,0.0,0.0,0.0,1.0,1023.0,0.0,0.0,0,0,0,5.0,Low,False,False,False
MCH3555,Chaudhari-Dutta,Department Store,Partnership,Kolkata,West Bengal,Active,712.21,0.0,0.0,0.0,0.0,0.0,0.0,1.0,993.95,0.0,0.0,0,0,0,5.0,Low,False,False,False
MCH7773,Nath-Parikh,Apparel & Fashion,Individual,Jaipur,Rajasthan,Active,544.16,0.0,0.0,0.0,0.0,0.0,0.0,1.0,972.52,0.0,0.0,0,0,0,5.0,Low,False,False,False
MCH8125,"Jaggi, Samra And Narula",Transportation,Sole Proprietor,Chennai,Tamil Nadu,Active,983.23,0.0,0.0,0.0,0.0,0.0,0.0,1.0,753.9,0.0,0.0,0,0,0,5.0,Low,False,False,False
MCH6058,Loke Llc,Books & Stationery,Sole Proprietor,Amritsar,Punjab,Active,317.07,0.0,0.0,0.0,0.0,0.0,0.0,1.0,740.03,0.0,0.0,0,0,0,5.0,Low,False,False,False
MCH2903,Swamy-Parsa,Apparel & Fashion,Individual,Mumbai,Maharashtra,Inactive,1218.16,0.0,0.0,0.0,0.0,0.0,0.0,1.0,734.0,0.0,0.0,0,0,0,5.0,Low,False,False,False
MCH6844,"Bedi, Gill And Dube",Hotel & Lodging,Partnership,Kolkata,West Bengal,Active,713.58,0.0,0.0,0.0,0.0,0.0,0.0,1.0,509.24,0.0,0.0,0,0,0,5.0,Low,False,False,False
MCH9430,"Shetty, Pau And Chhabra",Telecom,Partnership,Pune,Maharashtra,Active,927.24,0.0,0.0,0.0,0.0,0.0,0.0,1.0,447.83,0.0,0.0,0,0,0,5.0,Low,False,False,False
MCH5974,Padmanabhan Llc,Restaurants & Food,Individual,Lucknow,Uttar Pradesh,Active,1194.0,0.0,0.0,0.0,0.0,0.0,0.0,1.0,439.0,0.0,0.0,0,0,0,5.0,Low,False,False,False
MCH9192,Gandhi Llc,Pharmacy,Individual,Jaipur,Rajasthan,Active,1758.06,0.0,0.0,0.0,0.0,0.0,0.0,1.0,215.32,0.0,0.0,0,0,0,5.0,Low,False,False,False
MCH1267,Master-Tiwari,Telecom,Private Limited,Lucknow,Uttar Pradesh,Inactive,1213.17,0.0,0.0,0.0,0.0,0.0,0.0,1.0,171.37,0.0,0.0,0,0,0,5.0,Low,False,False,False
MCH2970,Golla-Vora,Apparel & Fashion,Individual,Kolkata,West Bengal,Active,326.25,0.0,0.0,0.0,0.0,0.0,0.0,1.0,0.0,0.0,0.0,0,0,0,5.0,Low,False,False,False
MCH3247,Nagarajan-Shan,Pharmacy,Individual,Chennai,Tamil Nadu,Inactive,2666.23,0.0,0.0,0.0,0.0,0.0,0.0,1.0,0.0,0.0,0.0,0,0,0,5.0,Low,False,False,False
MCH9052,Ramaswamy-Chhabra,Books & Stationery,Partnership,Mumbai,Maharashtra,Active,,0.0,0.0,0.0,0.0,0.0,0.0,1.0,0.0,0.0,0.0,0,0,0,5.0,Low,False,False,False
MCH1002,"Apte, Saha And Edwin",Restaurants & Food,Private Limited,Bengaluru,Karnataka,Active,1671.2,0.0,0.0,0.0,0.0,0.0,0.0,0.0,0.0,0.0,0.0,0,0,0,0.0,Low,False,False,False
MCH1003,"Nayar, Batta And Barad",Apparel & Fashion,Private Limited,Chennai,Tamil Nadu,Active,792.91,2.0,18029.879999999997,9014.939999999999,2.0,0.0,0.0,0.0,0.0,0.0,0.0,0.0,0.0,0.0,0.0,Low,False,False,False
MCH1004,Pillai-Mohan,Travel,Sole Proprietor,Lucknow,Uttar Pradesh,Active,342.7,2.0,9870.740000000002,4935.370000000001,2.0,0.0,0.0,0.0,0.0,0.0,0.0,0.0,0.0,0.0,0.0,Low,False,False,False
MCH1009,Bha11A-Dave,Transportation,Individual,Mumbai,Maharashtra,Active,1496.0,2.0,32937.47,16468.735,1.0,0.0,1.0,0.0,0.0,0.0,0.0,0.0,0.0,0.0,0.0,Low,False,False,False
MCH1010,Menon-Andra,Grocery,Private Limited,Delhi,Delhi,Active,678.36,0.0,0.0,0.0,0.0,0.0,0.0,0.0,0.0,0.0,0.0,0,0,0,0.0,Low,False,False,False
MCH1011,Wable And Sons,Grocery,Private Limited,Ludhiana,Punjab,Active,6536.07,4.0,41529.21,10382.3025,4.0,0.0,0.0,0.0,0.0,0.0,0.0,0.0,0.0,0.0,0.0,Low,False,False,False
MCH1014,"Agate, Saxena And Pandit",Department Store,Partnership,Jalandhar,Punjab,Active,1096.96,1.0,17338.71,17338.71,0.0,0.0,0.0,0.0,0.0,0.0,0.0,0.0,0.0,0.0,0.0,Low,False,False,False
MCH1016,"Mangat, Som And Deshmukh",Books & Stationery,Individual,Pune,Maharashtra,Suspended,756.28,2.0,30550.47,15275.235,2.0,0.0,0.0,0.0,0.0,0.0,0.0,0.0,0.0,0.0,0.0,Low,False,False,False
MCH1018,Kannan-Khatri,Department Store,Individual,Jalandhar,Punjab,Active,1791.0,0.0,0.0,0.0,0.0,0.0,0.0,0.0,0.0,0.0,0.0,0,0,0,0.0,Low,False,False,False
MCH1020,Garg-Kale,Transportation,Sole Proprietor,Amritsar,Punjab,Active,1015.68,2.0,22912.47,11456.235,2.0,0.0,0.0,0.0,0.0,0.0,0.0,0.0,0.0,0.0,0.0,Low,False,False,False
MCH1021,Naik-Karpe,Grocery,Sole Proprietor,Mumbai,Maharashtra,Active,2341.57,3.0,61852.69,20617.563333333335,3.0,0.0,0.0,0.0,0.0,0.0,0.0,0.0,0.0,0.0,0.0,Low,False,False,False
MCH1033,Sidhu And Sons,Telecom,Individual,Jalandhar,Punjab,Active,1871.48,3.0,42284.92,14094.973333333333,3.0,0.0,0.0,0.0,0.0,0.0,0.0,0.0,0.0,0.0,0.0,Low,False,False,False
MCH1035,Minhas-Khatri,Restaurants & Food,Sole Proprietor,Mumbai,Maharashtra,Active,5777.68,3.0,39992.83,13330.943333333335,3.0,0.0,0.0,0.0,0.0,0.0,0.0,0.0,0.0,0.0,0.0,Low,False,False,False
MCH1040,Krishnan And S0Ns,Grocery,Sole Proprietor,Jalandhar,Punjab,Active,1030.03,1.0,4889.06,4889.06,1.0,0.0,0.0,0.0,0.0,0.0,0.0,0.0,0.0,0.0,0.0,Low,False,False,False
MCH1050,Trivedi-Zachariah,Apparel & Fashion,Sole Proprietor,Jaipur,Rajasthan,Active,2479.88,1.0,556.07,556.07,1.0,0.0,0.0,0.0,0.0,0.0,0.0,0.0,0.0,0.0,0.0,Low,False,False,False
MCH1054,Cheema Ltd,Department Store,Private Limited,Pune,Maharashtra,Active,868.09,4.0,65716.24,16429.06,4.0,0.0,0.0,0.0,0.0,0.0,0.0,0.0,0.0,0.0,0.0,Low,False,False,False
MCH1055,Dhingra-Kapoor,Retail,Partnership,Bengaluru,Karnataka,Active,,2.0,27225.28,13612.64,2.0,0.0,0.0,0.0,0.0,0.0,0.0,0.0,0.0,0.0,0.0,Low,False,False,False
MCH1056,Mital-Jhaveri,Department Store,Partnership,Amritsar,Punjab,Active,5938.05,2.0,25903.170000000002,12951.585000000001,2.0,0.0,0.0,0.0,0.0,0.0,0.0,0.0,0.0,0.0,0.0,Low,False,False,False
MCH1059,Prasad Ltd,Telecom,Partnership,Hyderabad,Telangana,Active,4187.75,3.0,45995.04,15331.68,3.0,0.0,0.0,0.0,0.0,0.0,0.0,0.0,0.0,0.0,0.0,Low,False,False,False
MCH1060,"Subramaniam, Rama And Contractor",Transportation,Individual,Hyderabad,Telangana,Active,480.0,1.0,14301.09,14301.09,1.0,0.0,0.0,0.0,0.0,0.0,0.0,0.0,0.0,0.0,0.0,Low,False,False,False
MCH1068,Mall-Palan,Miscellaneous,Sole Proprietor,Jaipur,Rajasthan,Active,663.04,3.0,26408.800000000003,8802.933333333334,2.0,0.0,0.0,0.0,0.0,0.0,0.0,0.0,0.0,0.0,0.0,Low,False,False,False
MCH1071,"Keer, Roy And Narayanan",Medical,Sole Proprietor,Jaipur,Rajasthan,Active,619.21,5.0,40513.8,8102.76,5.0,0.0,0.0,0.0,0.0,0.0,0.0,0.0,0.0,0.0,0.0,Low,False,False,False
MCH1073,"Dasgupta,Rayanddara",Medical,Partnership,Lucknow,Uttar Pradesh,Suspended,1002.63,6.0,63054.51,10509.085000000001,4.0,1.0,1.0,0.0,0.0,0.0,0.0,16.67,0.0,0.0,0.0,Low,False,False,False
MCH1075,Pingle-Mohan,Medical,Sole Proprietor,Ludhiana,Punjab,Active,1639.19,1.0,11231.45,11231.45,1.0,0.0,0.0,0.0,0.0,0.0,0.0,0.0,0.0,0.0,0.0,Low,False,False,False
MCH1077,Taneja-Nagar,Grocery,Individual,Amritsar,Punjab,Active,358.21,2.0,34499.2,17249.6,2.0,0.0,0.0,0.0,0.0,0.0,0.0,0.0,0.0,0.0,0.0,Low,False,False,False
MCH1079,Sharaf And Sons,Telecom,Sole Proprietor,Pune,Maharashtra,Active,455.39,4.0,52637.75,13159.4375,4.0,0.0,0.0,0.0,0.0,0.0,0.0,0.0,0.0,0.0,0.0,Low,False,False,False
MCH1082,Oommen Inc,Hotel & Lodging,Partnership,Amritsar,Punjab,Active,833.19,1.0,7026.5,7026.5,1.0,0.0,0.0,0.0,0.0,0.0,0.0,0.0,0.0,0.0,0.0,Low,False,False,False
MCH1083,Chaudhry-Bhat,Restaurants & Food,Sole Proprietor,Jalandhar,Punjab,Inactive,730.39,3.0,46991.28,15663.76,3.0,0.0,0.0,0.0,0.0,0.0,0.0,0.0,0.0,0.0,0.0,Low,False,False,False
MCH1084,Krishnamurthy Inc,Miscellaneous,Private Limited,Jalandhar,Punjab,Active,4469.21,1.0,22882.8,22882.8,1.0,0.0,0.0,0.0,0.0,0.0,0.0,0.0,0.0,0.0,0.0,Low,False,False,False
MCH1086,Agrawal-Sule,Apparel & Fashion,Individual,Ludhiana,Punjab,Active,1355.59,0.0,0.0,0.0,0.0,0.0,0.0,0.0,0.0,0.0,0.0,0,0,0,0.0,Low,False,False,False
MCH1087,"Mitter, Sawhney And Luthra",Hotel & Lodging,Partnership,Chennai,Tamil Nadu,Suspended,2381.71,1.0,16140.0,16140.0,1.0,0.0,0.0,0.0,0.0,0.0,0.0,0.0,0.0,0.0,0.0,Low,False,False,False
MCH1095,Mander Group,Telecom,Partnership,Kolkata,West Bengal,Active,1277.94,2.0,39338.92,19669.46,2.0,0.0,0.0,0.0,0.0,0.0,0.0,0.0,0.0,0.0,0.0,Low,False,False,False
MCH1104,Chander Llc,Telecom,Private Limited,Delhi,Delhi,Active,778.62,3.0,31265.120000000003,10421.706666666667,3.0,0.0,0.0,0.0,0.0,0.0,0.0,0.0,0.0,0.0,0.0,Low,False,False,False
MCH1106,"Agrawal, Ganguly And Kalla",Grocery,Private Limited,Delhi,Delhi,Active,1100.28,3.0,25384.01,8461.336666666666,3.0,0.0,0.0,0.0,0.0,0.0,0.0,0.0,0.0,0.0,0.0,Low,False,False,False
MCH1107,Sen-Das,Telecom,Private Limited,Chennai,Tamil Nadu,Active,,3.0,35489.62,11829.873333333335,3.0,0.0,0.0,0.0,0.0,0.0,0.0,0.0,0.0,0.0,0.0,Low,False,False,False
MCH1109,Solanki Ltd,Department Store,Partnership,Mumbai,Maharashtra,Active,1262.18,3.0,23039.07,7679.69,3.0,0.0,0.0,0.0,0.0,0.0,0.0,0.0,0.0,0.0,0.0,Low,False,False,False
MCH1115,Nadkarni Llc,Transportation,Partnership,Jalandhar,Punjab,Active,6943.0,4.0,54465.7,13616.425,4.0,0.0,0.0,0.0,0.0,0.0,0.0,0.0,0.0,0.0,0.0,Low,False,False,False
MCH1122,"Rana, Choudhury And Garde",Medical,Partnership,Ludhiana,Punjab,Active,4792.92,1.0,3433.0,3433.0,1.0,0.0,0.0,0.0,0.0,0.0,0.0,0.0,0.0,0.0,0.0,Low,False,False,False
MCH1124,"Hayre, Chana And Bhasin",Apparel & Fashion,Sole Proprietor,Jaipur,Rajasthan,Active,843.01,0.0,0.0,0.0,0.0,0.0,0.0,0.0,0.0,0.0,0.0,0,0,0,0.0,Low,False,False,False
MCH1126,"Nayak, Dhaliwal And Soman",Grocery,Partnership,Jalandhar,Punjab,Active,564.83,2.0,23002.649999999998,11501.324999999999,2.0,0.0,0.0,0.0,0.0,0.0,0.0,0.0,0.0,0.0,0.0,Low,False,False,False
MCH1132,Cheema Inc,Miscellaneous,Sole Proprietor,Ludhiana,Punjab,Active,,2.0,18170.32,9085.16,2.0,0.0,0.0,0.0,0.0,0.0,0.0,0.0,0.0,0.0,0.0,Low,False,False,False
MCH1133,Shere Ltd,Pharmacy,Partnership,Bengaluru,Karnataka,Active,11501.53,3.0,32707.54,10902.513333333334,3.0,0.0,0.0,0.0,0.0,0.0,0.0,0.0,0.0,0.0,0.0,Low,False,False,False
MCH1138,"Shan,Buchandtank",Books & Stationery,Sole Proprietor,Bengaluru,Karnataka,Active,1369.64,1.0,16881.5,16881.5,1.0,0.0,0.0,0.0,0.0,0.0,0.0,0.0,0.0,0.0,0.0,Low,False,False,False
MCH1142,"Master, Soni And Kapadia",Telecom,Sole Proprietor,Chennai,Tamil Nadu,Active,252.13,3.0,44299.45,14766.483333333332,3.0,0.0,0.0,0.0,0.0,0.0,0.0,0.0,0.0,0.0,0.0,Low,False,False,False
MCH1143,Arya-Khanna,Transportation,Sole Proprietor,Jalandhar,Punjab,Active,486.39,0.0,0.0,0.0,0.0,0.0,0.0,0.0,0.0,0.0,0.0,0,0,0,0.0,Low,False,False,False
MCH1144,Morar-Rattan,Apparel & Fashion,Sole Proprietor,Jaipur,Rajasthan,Active,1182.28,0.0,0.0,0.0,0.0,0.0,0.0,0.0,0.0,0.0,0.0,0,0,0,0.0,Low,False,False,False
MCH1152,Raman-Choudhury,Grocery,Partnership,Chennai,Tamil Nadu,Active,233.0,2.0,19194.47,9597.235,2.0,0.0,0.0,0.0,0.0,0.0,0.0,0.0,0.0,0.0,0.0,Low,False,False,False
MCH1153,"Oommen, Sastry And Varty",Department Store,Private Limited,Amritsar,Punjab,Active,873.51,1.0,11806.95,11806.95,1.0,0.0,0.0,0.0,0.0,0.0,0.0,0.0,0.0,0.0,0.0,Low,False,False,False
MCH1155,Sha Llc,Transportation,Sole Proprietor,Amritsar,Punjab,Inactive,1753.08,2.0,5511.82,2755.91,2.0,0.0,0.0,0.0,0.0,0.0,0.0,0.0,0.0,0.0,0.0,Low,False,False,False
MCH1161,"Kuruvilla, Pall And Ravel",Grocery,Private Limited,Jalandhar,Punjab,Active,549.82,2.0,30372.559999999998,15186.279999999999,2.0,0.0,0.0,0.0,0.0,0.0,0.0,0.0,0.0,0.0,0.0,Low,False,False,False
MCH1162,"Anand, Mistry And Khare",Miscellaneous,Private Limited,Delhi,Delhi,Active,1311.0,1.0,16735.01,16735.01,1.0,0.0,0.0,0.0,0.0,0.0,0.0,0.0,0.0,0.0,0.0,Low,False,False,False
MCH1163,"Gour, Comar And Palan",Telecom,Partnership,Ludhiana,Punjab,Inactive,5449.73,1.0,14263.98,14263.98,1.0,0.0,0.0,0.0,0.0,0.0,0.0,0.0,0.0,0.0,0.0,Low,False,False,False
MCH1164,Goda Plc,Transportation,Partnership,Ludhiana,Punjab,Active,953.0,4.0,45858.05,11464.5125,4.0,0.0,0.0,0.0,0.0,0.0,0.0,0.0,0.0,0.0,0.0,Low,False,False,False
MCH1169,Dey-Gupta,Restaurants & Food,Individual,Bengaluru,Karnataka,Active,1427.7,1.0,11683.41,11683.41,1.0,0.0,0.0,0.0,0.0,0.0,0.0,0.0,0.0,0.0,0.0,Low,False,False,False
MCH1170,"Wali, Bala And Sanghvi",Department Store,Sole Proprietor,Bengaluru,Karnataka,Inactive,1109.65,3.0,42426.92,14142.306666666665,3.0,0.0,0.0,0.0,0.0,0.0,0.0,0.0,0.0,0.0,0.0,Low,False,False,False
MCH1171,Sampath-Shroff,Medical,Partnership,Delhi,Delhi,Active,393.94,2.0,35733.43,17866.715,2.0,0.0,0.0,0.0,0.0,0.0,0.0,0.0,0.0,0.0,0.0,Low,False,False,False
MCH1177,"Mistry, Savant And Jha",Transportation,Sole Proprietor,Amritsar,Punjab,Active,1663.99,1.0,17851.81,17851.81,1.0,0.0,0.0,0.0,0.0,0.0,0.0,0.0,0.0,0.0,0.0,Low,False,False,False
MCH1179,Suresh-Chand,Books & Stationery,Partnership,Chennai,Tamil Nadu,Active,,0.0,0.0,0.0,0.0,0.0,0.0,0.0,0.0,0.0,0.0,0,0,0,0.0,Low,False,False,False
MCH1180,Sangha And Sons,Grocery,Individual,Hyderabad,Telangana,Active,993.08,1.0,15511.54,15511.54,1.0,0.0,0.0,0.0,0.0,0.0,0.0,0.0,0.0,0.0,0.0,Low,False,False,False
MCH1183,Rajan Llc,Restaurants & Food,Private Limited,Bengaluru,Karnataka,Active,1717.84,2.0,19648.64,9824.32,2.0,0.0,0.0,0.0,0.0,0.0,0.0,0.0,0.0,0.0,0.0,Low,False,False,False
MCH1189,"Rai, Doctor And Dar",Apparel & Fashion,Sole Proprietor,Mumbai,Maharashtra,Active,1513.0,4.0,35989.04,8997.26,4.0,0.0,0.0,0.0,0.0,0.0,0.0,0.0,0.0,0.0,0.0,Low,False,False,False
MCH1191,Raval Ltd,Telecom,Individual,Kolkata,West Bengal,Inactive,1670.52,3.0,59095.5,19698.5,3.0,0.0,0.0,0.0,0.0,0.0,0.0,0.0,0.0,0.0,0.0,Low,False,False,False
MCH1197,"Gaba, Wadhwa And Sahni",Grocery,Private Limited,Mumbai,Maharashtra,Active,488.96,5.0,85333.81,17066.762,5.0,0.0,0.0,0.0,0.0,0.0,0.0,0.0,0.0,0.0,0.0,Low,False,False,False
MCH1199,Chad-Grewal,Restaurants & Food,Sole Proprietor,Hyderabad,Telangana,Active,187.18,0.0,0.0,0.0,0.0,0.0,0.0,0.0,0.0,0.0,0.0,0,0,0,0.0,Low,False,False,False
MCH1200,Vora And Sons,Apparel & Fashion,Private Limited,Pune,Maharashtra,Active,1072.0,2.0,14390.16,7195.08,2.0,0.0,0.0,0.0,0.0,0.0,0.0,0.0,0.0,0.0,0.0,Low,False,False,False
MCH1202,Koshy-Borde,Retail,Partnership,Ludhiana,Punjab,Active,1998.99,3.0,47490.07,15830.023333333333,3.0,0.0,0.0,0.0,0.0,0.0,0.0,0.0,0.0,0.0,0.0,Low,False,False,False
MCH1204,Rana Group,Department Store,Private Limited,Jaipur,Rajasthan,Active,733.33,2.0,13642.46,6821.23,2.0,0.0,0.0,0.0,0.0,0.0,0.0,0.0,0.0,0.0,0.0,Low,False,False,False
MCH1207,"Pillai, Oak And Barman",Restaurants & Food,Individual,Delhi,Delhi,Active,1280.08,2.0,23297.96,11648.98,1.0,0.0,1.0,0.0,0.0,0.0,0.0,0.0,0.0,0.0,0.0,Low,False,False,False
MCH1210,"Dua, Buch And Kaul",Books & Stationery,Private Limited,Mumbai,Maharashtra,Suspended,1903.0,3.0,34337.72,11445.906666666668,2.0,0.0,1.0,0.0,0.0,0.0,0.0,0.0,0.0,0.0,0.0,Low,False,False,False
MCH1214,Patel-Bhatti,Department Store,Individual,Jalandhar,Punjab,Active,1829.91,0.0,0.0,0.0,0.0,0.0,0.0,0.0,0.0,0.0,0.0,0,0,0,0.0,Low,False,False,False
MCH1216,Mani Ltd,Miscellaneous,Sole Proprietor,Amritsar,Punjab,Active,228.0,2.0,10757.02,5378.51,2.0,0.0,0.0,0.0,0.0,0.0,0.0,0.0,0.0,0.0,0.0,Low,False,False,False
MCH1219,Buta1A Ltd,Apparel & Fashion,Sole Proprietor,Lucknow,Uttar Pradesh,Active,1046.51,2.0,36141.869999999995,18070.934999999998,2.0,0.0,0.0,0.0,0.0,0.0,0.0,0.0,0.0,0.0,0.0,Low,False,False,False
MCH1221,Nadig-Ray,Books & Stationery,Individual,Delhi,Delhi,Active,618.0,1.0,17495.37,17495.37,1.0,0.0,0.0,0.0,0.0,0.0,0.0,0.0,0.0,0.0,0.0,Low,False,False,False
MCH1222,Dass-Dugar,Grocery,Sole Proprietor,Kolkata,West Bengal,Active,,2.0,28402.3,14201.15,2.0,0.0,0.0,0.0,0.0,0.0,0.0,0.0,0.0,0.0,0.0,Low,False,False,False
MCH1224,Setty-Sami,Books & Stationery,Individual,Kolkata,West Bengal,Active,609.48,1.0,24596.31,24596.31,1.0,0.0,0.0,0.0,0.0,0.0,0.0,0.0,0.0,0.0,0.0,Low,False,False,False
MCH1226,"Apte, Pingle And Pal",Hotel & Lodging,Private Limited,Hyderabad,Telangana,Active,2290.0,2.0,33503.03,16751.515,2.0,0.0,0.0,0.0,0.0,0.0,0.0,0.0,0.0,0.0,0.0,Low,False,False,False
MCH1227,"Madan, More And Pal",Grocery,Sole Proprietor,Hyderabad,Telangana,Active,1078.83,4.0,39489.1,9872.275,4.0,0.0,0.0,0.0,0.0,0.0,0.0,0.0,0.0,0.0,0.0,Low,False,False,False
MCH1229,"Sen, Dewan And Tripathi",Books & Stationery,Private Limited,Amritsar,Punjab,Active,2028.74,5.0,73956.76,14791.351999999999,5.0,0.0,0.0,0.0,0.0,0.0,0.0,0.0,0.0,0.0,0.0,Low,False,False,False
MCH1233,"Upadhyay, Lall And Kala",Books & Stationery,Private Limited,Pune,Maharashtra,Active,,4.0,51647.57,12911.8925,4.0,0.0,0.0,0.0,0.0,0.0,0.0,0.0,0.0,0.0,0.0,Low,False,False,False
MCH1237,Agarwal-Kibe,Hotel & Lodging,Partnership,Mumbai,Maharashtra,Active,750.84,3.0,30567.69,10189.23,2.0,0.0,0.0,0.0,0.0,0.0,0.0,0.0,0.0,0.0,0.0,Low,False,False,False
MCH1245,"Kumer, Varghese And Dhawan",Pharmacy,Partnership,Pune,Maharashtra,Active,725.32,1.0,17590.09,17590.09,0.0,0.0,1.0,0.0,0.0,0.0,0.0,0.0,0.0,0.0,0.0,Low,False,False,False
MCH1247,"Nayak, Lala And Pillai",Grocery,Sole Proprietor,Bengaluru,Karnataka,Inactive,677.02,5.0,36170.770000000004,7234.154,5.0,0.0,0.0,0.0,0.0,0.0,0.0,0.0,0.0,0.0,0.0,Low,False,False,False
MCH1249,"Varkey, Kulkarni And More",Retail,Sole Proprietor,Bengaluru,Karnataka,Active,1049.44,2.0,15432.859999999999,7716.429999999999,2.0,0.0,0.0,0.0,0.0,0.0,0.0,0.0,0.0,0.0,0.0,Low,False,False,False
MCH1250,Bhardwaj-Wable,Transportation,Private Limited,Pune,Maharashtra,Active,515.0,2.0,19895.079999999998,9947.539999999999,2.0,0.0,0.0,0.0,0.0,0.0,0.0,0.0,0.0,0.0,0.0,Low,False,False,False
MCH1254,Pant-Muni,Travel,Partnership,Delhi,Delhi,Active,781.27,3.0,55967.84,18655.946666666667,3.0,0.0,0.0,0.0,0.0,0.0,0.0,0.0,0.0,0.0,0.0,Low,False,False,False
MCH1255,"Bose, Memon And Luthra",Books & Stationery,Partnership,Pune,Maharashtra,Active,1129.38,4.0,40019.770000000004,10004.942500000001,3.0,0.0,0.0,0.0,0.0,0.0,0.0,0.0,0.0,0.0,0.0,Low,False,False,False
MCH1256,Vala Inc,Medical,Sole Proprietor,Kolkata,West Bengal,Suspended,1415.24,2.0,24542.42,12271.21,2.0,0.0,0.0,0.0,0.0,0.0,0.0,0.0,0.0,0.0,0.0,Low,False,False,False
MCH1257,Varma-Maharaj,Books & Stationery,Sole Proprietor,Kolkata,West Bengal,Active,3059.27,4.0,46247.99,11561.9975,4.0,0.0,0.0,0.0,0.0,0.0,0.0,0.0,0.0,0.0,0.0,Low,False,False,False
MCH1261,"Cheema, Savant And Bakshi",Retail,Sole Proprietor,Ludhiana,Punjab,Inactive,,1.0,16992.0,16992.0,1.0,0.0,0.0,0.0,0.0,0.0,0.0,0.0,0.0,0.0,0.0,Low,False,False,False
MCH1262,Lad And Sons,Hotel & Lodging,Individual,Jalandhar,Punjab,Active,503.65,0.0,0.0,0.0,0.0,0.0,0.0,0.0,0.0,0.0,0.0,0,0,0,0.0,Low,False,False,False
MCH1263,Memon-Choudhary,Pharmacy,Private Limited,Hyderabad,Telangana,Active,1888.17,3.0,45022.25,15007.416666666666,3.0,0.0,0.0,0.0,0.0,0.0,0.0,0.0,0.0,0.0,0.0,Low,False,False,False
MCH1268,Vyas Ltd,Retail,Individual,Amritsar,Punjab,Active,,2.0,32739.13,16369.565,1.0,0.0,1.0,0.0,0.0,0.0,0.0,0.0,0.0,0.0,0.0,Low,False,False,False
MCH1270,Tiwari And Sons,Department Store,Private Limited,Hyderabad,Telangana,Active,1107.02,1.0,19423.02,19423.02,1.0,0.0,0.0,0.0,0.0,0.0,0.0,0.0,0.0,0.0,0.0,Low,False,False,False
MCH1272,Garg Inc,Transportation,Partnership,Jaipur,Rajasthan,Active,549.87,2.0,18327.59,9163.795,2.0,0.0,0.0,0.0,0.0,0.0,0.0,0.0,0.0,0.0,0.0,Low,False,False,False
MCH1275,Kata Group,Hotel & Lodging,Partnership,Lucknow,Uttar Pradesh,Active,252.53,0.0,0.0,0.0,0.0,0.0,0.0,0.0,0.0,0.0,0.0,0,0,0,0.0,Low,False,False,False
MCH1280,"Ben, Madan And Dey",Books & Stationery,Private Limited,Lucknow,Uttar Pradesh,Active,1308.81,1.0,7677.0,7677.0,1.0,0.0,0.0,0.0,0.0,0.0,0.0,0.0,0.0,0.0,0.0,Low,False,False,False
MCH1285,Hayer Plc,Medical,Individual,Bengaluru,Karnataka,Active,436.7,2.0,37871.020000000004,18935.510000000002,2.0,0.0,0.0,0.0,0.0,0.0,0.0,0.0,0.0,0.0,0.0,Low,False,False,False
MCH1293,"Kohli, Rajan And Nair",Apparel & Fashion,Sole Proprietor,Jaipur,Rajasthan,Active,915.17,2.0,17012.71,8506.355,2.0,0.0,0.0,0.0,0.0,0.0,0.0,0.0,0.0,0.0,0.0,Low,False,False,False
MCH1294,Rajagopalan Group,Medical,Individual,Amritsar,Punjab,Active,539.82,2.0,34821.93,17410.965,2.0,0.0,0.0,0.0,0.0,0.0,0.0,0.0,0.0,0.0,0.0,Low,False,False,False
MCH1296,Gaba-Rama,Medical,Individual,Delhi,Delhi,Active,2547.8,1.0,11885.93,11885.93,0.0,0.0,0.0,0.0,0.0,0.0,0.0,0.0,0.0,0.0,0.0,Low,False,False,False
MCH1297,Luthra And Sons,Grocery,Private Limited,Delhi,Delhi,Active,381.86,4.0,65429.5,16357.375,4.0,0.0,0.0,0.0,0.0,0.0,0.0,0.0,0.0,0.0,0.0,Low,False,False,False
MCH1304,Sama Ltd,Medical,Individual,Bengaluru,Karnataka,Active,4095.57,3.0,40792.3,13597.433333333334,3.0,0.0,0.0,0.0,0.0,0.0,0.0,0.0,0.0,0.0,0.0,Low,False,False,False
MCH1308,Subramaniam-Shankar,Pharmacy,Partnership,Bengaluru,Karnataka,Inactive,2112.78,1.0,8357.03,8357.03,1.0,0.0,0.0,0.0,0.0,0.0,0.0,0.0,0.0,0.0,0.0,Low,False,False,False
MCH1309,"Jhaveri, Dasgupta And Kata",Apparel & Fashion,Individual,Mumbai,Maharashtra,Active,929.23,1.0,11213.49,11213.49,0.0,0.0,1.0,0.0,0.0,0.0,0.0,0.0,0.0,0.0,0.0,Low,False,False,False
MCH1311,"Dugal, Munshi And Kunda",Telecom,Individual,Jaipur,Rajasthan,Active,1605.92,2.0,9765.95,4882.975,2.0,0.0,0.0,0.0,0.0,0.0,0.0,0.0,0.0,0.0,0.0,Low,False,False,False
MCH1318,Gupta Llc,Telecom,Private Limited,Jaipur,Rajasthan,Active,,3.0,33123.479999999996,11041.159999999998,3.0,0.0,0.0,0.0,0.0,0.0,0.0,0.0,0.0,0.0,0.0,Low,False,False,False
MCH1321,Borah-Dhaliwal,Hotel & Lodging,Sole Proprietor,Amritsar,Punjab,Active,7973.89,3.0,42176.57,14058.856666666667,3.0,0.0,0.0,0.0,0.0,0.0,0.0,0.0,0.0,0.0,0.0,Low,False,False,False
MCH1323,Dhar And Sons,Books & Stationery,Partnership,Amritsar,Punjab,Active,,3.0,46171.55,15390.516666666668,3.0,0.0,0.0,0.0,0.0,0.0,0.0,0.0,0.0,0.0,0.0,Low,False,False,False
MCH1324,"Edwin, Savant And Tandon",Hotel & Lodging,Partnership,Bengaluru,Karnataka,Active,1192.31,2.0,18877.75,9438.875,1.0,0.0,0.0,0.0,0.0,0.0,0.0,0.0,0.0,0.0,0.0,Low,False,False,False
MCH1326,"Chaudhry, Agrawa1 And Sridhar",Books & Stationery,Sole Proprietor,Bengaluru,Karnataka,Active,177.58,2.0,15542.54,7771.27,2.0,0.0,0.0,0.0,0.0,0.0,0.0,0.0,0.0,0.0,0.0,Low,False,False,False
MCH1328,Buch And Sons,Hotel & Lodging,Sole Proprietor,Chennai,Tamil Nadu,Active,711.0,1.0,13945.48,13945.48,1.0,0.0,0.0,0.0,0.0,0.0,0.0,0.0,0.0,0.0,0.0,Low,False,False,False
MCH1331,"Garg, Bobal And Jain",Travel,Individual,Kolkata,West Bengal,Active,3720.61,0.0,0.0,0.0,0.0,0.0,0.0,0.0,0.0,0.0,0.0,0,0,0,0.0,Low,False,False,False
MCH1333,Sastry Plc,Telecom,Individual,Amritsar,Punjab,Inactive,1548.51,2.0,13872.91,6936.455,2.0,0.0,0.0,0.0,0.0,0.0,0.0,0.0,0.0,0.0,0.0,Low,False,False,False
MCH1334,"Kalita, Sarraf And Bhardwaj",Miscellaneous,Individual,Bengaluru,Karnataka,Active,1780.83,3.0,19531.12,6510.373333333333,3.0,0.0,0.0,0.0,0.0,0.0,0.0,0.0,0.0,0.0,0.0,Low,False,False,False
MCH1336,Tandon-Pant,Department Store,Sole Proprietor,Jaipur,Rajasthan,Active,991.0,1.0,17819.4,17819.4,1.0,0.0,0.0,0.0,0.0,0.0,0.0,0.0,0.0,0.0,0.0,Low,False,False,False
MCH1340,"Dash, Saxena And Kara",Transportation,Private Limited,Hyderabad,Telangana,Inactive,4203.63,1.0,12434.21,12434.21,1.0,0.0,0.0,0.0,0.0,0.0,0.0,0.0,0.0,0.0,0.0,Low,False,False,False
MCH1343,"Madan,Trivediandganguly",Apparel & Fashion,Individual,Bengaluru,Karnataka,Active,1927.76,1.0,14834.61,14834.61,1.0,0.0,0.0,0.0,0.0,0.0,0.0,0.0,0.0,0.0,0.0,Low,False,False,False
MCH1345,Bhat Inc,Department Store,Private Limited,Hyderabad,Telangana,Active,1702.79,3.0,32438.12,10812.706666666667,3.0,0.0,0.0,0.0,0.0,0.0,0.0,0.0,0.0,0.0,0.0,Low,False,False,False
MCH1347,D’Alia Group,Hotel & Lodging,Private Limited,Chennai,Tamil Nadu,Active,1739.0,2.0,26924.300000000003,13462.150000000001,2.0,0.0,0.0,0.0,0.0,0.0,0.0,0.0,0.0,0.0,0.0,Low,False,False,False
MCH1349,Bahri And Sons,Pharmacy,Individual,Hyderabad,Telangana,Active,2320.2,5.0,45420.44,9084.088,5.0,0.0,0.0,0.0,0.0,0.0,0.0,0.0,0.0,0.0,0.0,Low,False,False,False
MCH1350,"Krishnamurthy, Dutt And Sura",Telecom,Partnership,Mumbai,Maharashtra,Active,1360.18,2.0,34830.409999999996,17415.204999999998,2.0,0.0,0.0,0.0,0.0,0.0,0.0,0.0,0.0,0.0,0.0,Low,False,False,False
MCH1352,"Bandi, Soman And Manne",Restaurants & Food,Individual,Jalandhar,Punjab,Active,4146.0,2.0,19299.79,9649.895,2.0,0.0,0.0,0.0,0.0,0.0,0.0,0.0,0.0,0.0,0.0,Low,False,False,False
MCH1353,Chada And Sons,Transportation,Partnership,Jaipur,Rajasthan,Active,2641.0,1.0,13191.14,13191.14,1.0,0.0,0.0,0.0,0.0,0.0,0.0,0.0,0.0,0.0,0.0,Low,False,False,False
MCH1358,"Chaudry, Baral And Modi",Transportation,Individual,Ludhiana,Punjab,Active,2115.38,0.0,0.0,0.0,0.0,0.0,0.0,0.0,0.0,0.0,0.0,0,0,0,0.0,Low,False,False,False
MCH1359,Palan-Minhas,Apparel & Fashion,Individual,Chennai,Tamil Nadu,Active,1891.91,0.0,0.0,0.0,0.0,0.0,0.0,0.0,0.0,0.0,0.0,0,0,0,0.0,Low,False,False,False
MCH1363,Rattan-Shere,Hotel & Lodging,Sole Proprietor,Chennai,Tamil Nadu,Active,926.5,1.0,12716.89,12716.89,1.0,0.0,0.0,0.0,0.0,0.0,0.0,0.0,0.0,0.0,0.0,Low,False,False,False
MCH1364,Kumar Llc,Books & Stationery,Partnership,Jalandhar,Punjab,Active,1017.95,0.0,0.0,0.0,0.0,0.0,0.0,0.0,0.0,0.0,0.0,0,0,0,0.0,Low,False,False,False
MCH1365,Ahluwalia-Choudhary,Retail,Private Limited,Ludhiana,Punjab,Active,4292.21,1.0,16121.55,16121.55,1.0,0.0,0.0,0.0,0.0,0.0,0.0,0.0,0.0,0.0,0.0,Low,False,False,False
MCH1370,Wable Llc,Telecom,Private Limited,Jalandhar,Punjab,Active,3898.88,0.0,0.0,0.0,0.0,0.0,0.0,0.0,0.0,0.0,0.0,0,0,0,0.0,Low,False,False,False
MCH1375,"Sahota, Johal And Shanker",Grocery,Individual,Jalandhar,Punjab,Suspended,1836.94,3.0,60738.020000000004,20246.006666666668,3.0,0.0,0.0,0.0,0.0,0.0,0.0,0.0,0.0,0.0,0.0,Low,False,False,False
MCH1377,"Taneja, Din And Kaul",Restaurants & Food,Sole Proprietor,Delhi,Delhi,Active,767.08,1.0,19380.57,19380.57,1.0,0.0,0.0,0.0,0.0,0.0,0.0,0.0,0.0,0.0,0.0,Low,False,False,False
MCH1378,Patil-Deshmukh,Department Store,Private Limited,Chennai,Tamil Nadu,Active,387.99,3.0,34076.79,11358.93,3.0,0.0,0.0,0.0,0.0,0.0,0.0,0.0,0.0,0.0,0.0,Low,False,False,False
MCH1379,Chokshi Ltd,Medical,Individual,Chennai,Tamil Nadu,Active,2729.5,1.0,1067.94,1067.94,1.0,0.0,0.0,0.0,0.0,0.0,0.0,0.0,0.0,0.0,0.0,Low,False,False,False
MCH1380,Mahal-Khare,Miscellaneous,Private Limited,Mumbai,Maharashtra,Active,3004.0,3.0,40889.91,13629.970000000001,3.0,0.0,0.0,0.0,0.0,0.0,0.0,0.0,0.0,0.0,0.0,Low,False,False,False
MCH1383,Dubey Group,Grocery,Individual,Hyderabad,Telangana,Active,,2.0,4038.5699999999997,2019.2849999999999,2.0,0.0,0.0,0.0,0.0,0.0,0.0,0.0,0.0,0.0,0.0,Low,False,False,False
MCH1387,Handa-Talwar,Travel,Sole Proprietor,Lucknow,Uttar Pradesh,Active,754.0,2.0,28445.72,14222.86,2.0,0.0,0.0,0.0,0.0,0.0,0.0,0.0,0.0,0.0,0.0,Low,False,False,False
MCH1388,"Kala, Kunda And Pandit",Medical,Sole Proprietor,Bengaluru,Karnataka,Active,3155.43,3.0,38355.649999999994,12785.216666666665,3.0,0.0,0.0,0.0,0.0,0.0,0.0,0.0,0.0,0.0,0.0,Low,False,False,False
MCH1391,"Kale, Shroff And Barad",Hotel & Lodging,Individual,Kolkata,West Bengal,Suspended,2757.0,2.0,36336.490000000005,18168.245000000003,2.0,0.0,0.0,0.0,0.0,0.0,0.0,0.0,0.0,0.0,0.0,Low,False,False,False
MCH1392,Johal-Gaba,Medical,Private Limited,Pune,Maharashtra,Inactive,4352.7,4.0,61920.130000000005,15480.032500000001,4.0,0.0,0.0,0.0,0.0,0.0,0.0,0.0,0.0,0.0,0.0,Low,False,False,False
MCH1393,Hegde-Bahri,Medical,Partnership,Ludhiana,Punjab,Active,6478.07,5.0,81133.25,16226.65,3.0,0.0,1.0,0.0,0.0,0.0,0.0,0.0,0.0,0.0,0.0,Low,False,False,False
MCH1400,Kapoor-Bhalla,Apparel & Fashion,Partnership,Chennai,Tamil Nadu,Active,913.08,4.0,49625.24,12406.31,3.0,0.0,1.0,0.0,0.0,0.0,0.0,0.0,0.0,0.0,0.0,Low,False,False,False
MCH1405,Chandra Inc,Department Store,Partnership,Ludhiana,Punjab,Inactive,1248.0,2.0,40855.869999999995,20427.934999999998,2.0,0.0,0.0,0.0,0.0,0.0,0.0,0.0,0.0,0.0,0.0,Low,False,False,False
MCH1406,Parmer-Goswami,Hotel & Lodging,Private Limited,Bengaluru,Karnataka,Active,2632.53,2.0,22684.83,11342.415,2.0,0.0,0.0,0.0,0.0,0.0,0.0,0.0,0.0,0.0,0.0,Low,False,False,False
MCH1409,Baral Llc,Medical,Individual,Hyderabad,Telangana,Active,,1.0,16906.78,16906.78,1.0,0.0,0.0,0.0,0.0,0.0,0.0,0.0,0.0,0.0,0.0,Low,False,False,False
MCH1417,"Sekhon, Parsa And Bandi",Telecom,Sole Proprietor,Mumbai,Maharashtra,Active,1501.66,0.0,0.0,0.0,0.0,0.0,0.0,0.0,0.0,0.0,0.0,0,0,0,0.0,Low,False,False,False
MCH1429,Pal Ltd,Grocery,Individual,Jaipur,Rajasthan,Active,258.0,1.0,20065.14,20065.14,1.0,0.0,0.0,0.0,0.0,0.0,0.0,0.0,0.0,0.0,0.0,Low,False,False,False
MCH1430,"Bhavsar, Dora And Singh",Restaurants & Food,Private Limited,Delhi,Delhi,Active,238.76,4.0,38048.79,9512.1975,3.0,0.0,0.0,0.0,0.0,0.0,0.0,0.0,0.0,0.0,0.0,Low,False,False,False
MCH1442,Wadhwa-Walla,Hotel & Lodging,Private Limited,Pune,Maharashtra,Active,1483.74,2.0,40105.0,20052.5,2.0,0.0,0.0,0.0,0.0,0.0,0.0,0.0,0.0,0.0,0.0,Low,False,False,False
MCH1443,Swamy Plc,Miscellaneous,Private Limited,Lucknow,Uttar Pradesh,Inactive,209.63,1.0,24818.19,24818.19,0.0,0.0,1.0,0.0,0.0,0.0,0.0,0.0,0.0,0.0,0.0,Low,False,False,False
MCH1445,Wali Plc,Grocery,Sole Proprietor,Hyderabad,Telangana,Active,1200.0,2.0,19229.71,9614.855,2.0,0.0,0.0,0.0,0.0,0.0,0.0,0.0,0.0,0.0,0.0,Low,False,False,False
MCH1448,Tak And Sons,Miscellaneous,Sole Proprietor,Mumbai,Maharashtra,Active,2897.23,0.0,0.0,0.0,0.0,0.0,0.0,0.0,0.0,0.0,0.0,0,0,0,0.0,Low,False,False,False
MCH1454,Mishra-Batra,Miscellaneous,Sole Proprietor,Hyderabad,Telangana,Active,163.44,3.0,37883.93,12627.976666666667,3.0,0.0,0.0,0.0,0.0,0.0,0.0,0.0,0.0,0.0,0.0,Low,False,False,False
MCH1456,Madan-Ganesh,Apparel & Fashion,Individual,Amritsar,Punjab,Active,,1.0,811.27,811.27,1.0,0.0,0.0,0.0,0.0,0.0,0.0,0.0,0.0,0.0,0.0,Low,False,False,False
MCH1459,"Palla, Saini And Date",Hotel & Lodging,Individual,Ludhiana,Punjab,Suspended,1582.79,1.0,5163.01,5163.01,1.0,0.0,0.0,0.0,0.0,0.0,0.0,0.0,0.0,0.0,0.0,Low,False,False,False
MCH1462,Swamy Inc,Pharmacy,Private Limited,Jalandhar,Punjab,Inactive,1411.0,1.0,6232.73,6232.73,1.0,0.0,0.0,0.0,0.0,0.0,0.0,0.0,0.0,0.0,0.0,Low,False,False,False
MCH1465,"Garg, Mallick And Chadha",Restaurants & Food,Private Limited,Delhi,Delhi,Active,443.93,0.0,0.0,0.0,0.0,0.0,0.0,0.0,0.0,0.0,0.0,0,0,0,0.0,Low,False,False,False
MCH1469,"Choudhury, Jani And Ramaswamy",Books & Stationery,Sole Proprietor,Bengaluru,Karnataka,Active,416.0,3.0,29827.839999999997,9942.613333333333,3.0,0.0,0.0,0.0,0.0,0.0,0.0,0.0,0.0,0.0,0.0,Low,False,False,False
MCH1473,Lata-Khurana,Medical,Partnership,Hyderabad,Telangana,Inactive,326.76,1.0,10122.34,10122.34,1.0,0.0,0.0,0.0,0.0,0.0,0.0,0.0,0.0,0.0,0.0,Low,False,False,False
MCH1474,"Sami, Sur And Tank",Transportation,Private Limited,Pune,Maharashtra,Active,1645.61,3.0,53948.340000000004,17982.780000000002,3.0,0.0,0.0,0.0,0.0,0.0,0.0,0.0,0.0,0.0,0.0,Low,False,False,False
MCH1479,"Mandal, Barad And Srinivasan",Books & Stationery,Partnership,Kolkata,West Bengal,Active,,3.0,31991.5,10663.833333333334,3.0,0.0,0.0,0.0,0.0,0.0,0.0,0.0,0.0,0.0,0.0,Low,False,False,False
MCH1480,Bala-Magar,Miscellaneous,Individual,Hyderabad,Telangana,Active,,4.0,54645.43,13661.3575,3.0,0.0,1.0,0.0,0.0,0.0,0.0,0.0,0.0,0.0,0.0,Low,False,False,False
MCH1482,"Bahri,Sarinandhora",Miscellaneous,Partnership,Hyderabad,Telangana,On Hold,1651.0,1.0,11035.62,11035.62,1.0,0.0,0.0,0.0,0.0,0.0,0.0,0.0,0.0,0.0,0.0,Low,False,False,False
MCH1483,Mohan-Kari,Books & Stationery,Private Limited,Amritsar,Punjab,Active,1901.08,2.0,36582.4,18291.2,2.0,0.0,0.0,0.0,0.0,0.0,0.0,0.0,0.0,0.0,0.0,Low,False,False,False
MCH1484,"Uppal, Butala And Tata",Hotel & Lodging,Individual,Bengaluru,Karnataka,Active,,4.0,35624.97,8906.2425,3.0,0.0,1.0,0.0,0.0,0.0,0.0,0.0,0.0,0.0,0.0,Low,False,False,False
MCH1491,"Sarna, Chand And Goda",Telecom,Sole Proprietor,Ludhiana,Punjab,Active,1075.6,5.0,55775.03,11155.006,5.0,0.0,0.0,0.0,0.0,0.0,0.0,0.0,0.0,0.0,0.0,Low,False,False,False
MCH1492,Ganesan Llc,Miscellaneous,Partnership,Hyderabad,Telangana,Active,3316.76,0.0,0.0,0.0,0.0,0.0,0.0,0.0,0.0,0.0,0.0,0,0,0,0.0,Low,False,False,False
MCH1501,Anand-Bhatt,Telecom,Partnership,Hyderabad,Telangana,Active,4185.6,4.0,65401.56,16350.39,4.0,0.0,0.0,0.0,0.0,0.0,0.0,0.0,0.0,0.0,0.0,Low,False,False,False
MCH1515,"Mall, Kara And Sastry",Apparel & Fashion,Partnership,Hyderabad,Telangana,Active,,1.0,15231.92,15231.92,1.0,0.0,0.0,0.0,0.0,0.0,0.0,0.0,0.0,0.0,0.0,Low,False,False,False
MCH1516,Loyal And Sons,Miscellaneous,Private Limited,Ludhiana,Punjab,Active,1471.99,0.0,0.0,0.0,0.0,0.0,0.0,0.0,0.0,0.0,0.0,0,0,0,0.0,Low,False,False,False
MCH1522,Mody Inc,Pharmacy,Sole Proprietor,Jaipur,Rajasthan,Active,631.57,1.0,9496.87,9496.87,1.0,0.0,0.0,0.0,0.0,0.0,0.0,0.0,0.0,0.0,0.0,Low,False,False,False
MCH1525,Sant-Bhavsar,Books & Stationery,Individual,Jaipur,Rajasthan,Active,754.82,3.0,44198.880000000005,14732.960000000001,2.0,0.0,1.0,0.0,0.0,0.0,0.0,0.0,0.0,0.0,0.0,Low,False,False,False
MCH1526,Chowdhury And Sons,Telecom,Sole Proprietor,Bengaluru,Karnataka,Active,2697.93,1.0,9455.43,9455.43,1.0,0.0,0.0,0.0,0.0,0.0,0.0,0.0,0.0,0.0,0.0,Low,False,False,False
MCH1530,Parmer-Bath,Apparel & Fashion,Individual,Lucknow,Uttar Pradesh,Active,375.02,2.0,18648.79,9324.395,2.0,0.0,0.0,0.0,0.0,0.0,0.0,0.0,0.0,0.0,0.0,Low,False,False,False
MCH1531,Savant And Sons,Hotel & Lodging,Private Limited,Delhi,Delhi,Inactive,1019.94,5.0,58190.88,11638.176,5.0,0.0,0.0,0.0,0.0,0.0,0.0,0.0,0.0,0.0,0.0,Low,False,False,False
MCH1533,Wason And Sons,Restaurants & Food,Partnership,Amritsar,Punjab,Inactive,419.64,4.0,46865.5,11716.375,4.0,0.0,0.0,0.0,0.0,0.0,0.0,0.0,0.0,0.0,0.0,Low,False,False,False
MCH1537,Goswami-Sibal,Restaurants & Food,Partnership,Hyderabad,Telangana,Active,360.35,3.0,49389.36,16463.12,3.0,0.0,0.0,0.0,0.0,0.0,0.0,0.0,0.0,0.0,0.0,Low,False,False,False
MCH1540,Dave Llc,Books & Stationery,Sole Proprietor,Mumbai,Maharashtra,Active,525.0,5.0,52758.77,10551.753999999999,5.0,0.0,0.0,0.0,0.0,0.0,0.0,0.0,0.0,0.0,0.0,Low,False,False,False
MCH1541,Bhattacharyya-Hans,Hotel & Lodging,Private Limited,Kolkata,West Bengal,Active,621.01,2.0,20028.31,10014.155,2.0,0.0,0.0,0.0,0.0,0.0,0.0,0.0,0.0,0.0,0.0,Low,False,False,False
MCH1543,Parmer Group,Travel,Individual,Hyderabad,Telangana,Active,1064.76,6.0,65620.03,10936.671666666667,6.0,0.0,0.0,0.0,0.0,0.0,0.0,0.0,0.0,0.0,0.0,Low,False,False,False
MCH1551,Malhotra-Subramanian,Restaurants & Food,Partnership,Pune,Maharashtra,Active,1909.07,2.0,28629.1,14314.55,2.0,0.0,0.0,0.0,0.0,0.0,0.0,0.0,0.0,0.0,0.0,Low,False,False,False
MCH1552,Uppal Plc,Transportation,Sole Proprietor,Hyderabad,Telangana,Active,1136.0,1.0,19322.38,19322.38,1.0,0.0,0.0,0.0,0.0,0.0,0.0,0.0,0.0,0.0,0.0,Low,False,False,False
MCH1553,Basu-Varma,Books & Stationery,Sole Proprietor,Kolkata,West Bengal,Active,1630.0,1.0,4392.53,4392.53,1.0,0.0,0.0,0.0,0.0,0.0,0.0,0.0,0.0,0.0,0.0,Low,False,False,False
MCH1558,Shroff-Khanna,Telecom,Partnership,Bengaluru,Karnataka,Active,1953.35,0.0,0.0,0.0,0.0,0.0,0.0,0.0,0.0,0.0,0.0,0,0,0,0.0,Low,False,False,False
MCH1561,Gera-Kota,Books & Stationery,Sole Proprietor,Jaipur,Rajasthan,Inactive,530.0,2.0,37091.94,18545.97,2.0,0.0,0.0,0.0,0.0,0.0,0.0,0.0,0.0,0.0,0.0,Low,False,False,False
MCH1563,Mandal-Biswas,Telecom,Partnership,Jaipur,Rajasthan,Suspended,,1.0,5538.76,5538.76,0.0,0.0,1.0,0.0,0.0,0.0,0.0,0.0,0.0,0.0,0.0,Low,False,False,False
MCH1567,Bhargava-Bora,Restaurants & Food,Private Limited,Jalandhar,Punjab,Active,101.33,2.0,3099.73,1549.865,2.0,0.0,0.0,0.0,0.0,0.0,0.0,0.0,0.0,0.0,0.0,Low,False,False,False
MCH1568,Chandran Ltd,Hotel & Lodging,Sole Proprietor,Lucknow,Uttar Pradesh,Active,3618.31,2.0,42361.42,21180.71,2.0,0.0,0.0,0.0,0.0,0.0,0.0,0.0,0.0,0.0,0.0,Low,False,False,False
MCH1571,"Rao, Viswanathan And Joshi",Transportation,Sole Proprietor,Chennai,Tamil Nadu,Active,866.2,2.0,34583.45,17291.725,2.0,0.0,0.0,0.0,0.0,0.0,0.0,0.0,0.0,0.0,0.0,Low,False,False,False
MCH1573,"Tailor, Som And Soni",Telecom,Partnership,Jalandhar,Punjab,Active,540.2,3.0,31582.230000000003,10527.410000000002,3.0,0.0,0.0,0.0,0.0,0.0,0.0,0.0,0.0,0.0,0.0,Low,False,False,False
MCH1583,Sarin-More,Restaurants & Food,Private Limited,Amritsar,Punjab,Active,1435.48,1.0,650.8,650.8,1.0,0.0,0.0,0.0,0.0,0.0,0.0,0.0,0.0,0.0,0.0,Low,False,False,False
MCH1587,Srivastava-Saha,Pharmacy,Private Limited,Kolkata,West Bengal,Active,1502.0,1.0,16086.67,16086.67,1.0,0.0,0.0,0.0,0.0,0.0,0.0,0.0,0.0,0.0,0.0,Low,False,False,False
MCH1588,Doctor Ltd,Transportation,Individual,Ludhiana,Punjab,Suspended,1791.21,0.0,0.0,0.0,0.0,0.0,0.0,0.0,0.0,0.0,0.0,0,0,0,0.0,Low,False,False,False
MCH1592,Cherian-Bhavsar,Hotel & Lodging,Sole Proprietor,Mumbai,Maharashtra,Active,2941.81,3.0,35835.01,11945.003333333334,2.0,0.0,1.0,0.0,0.0,0.0,0.0,0.0,0.0,0.0,0.0,Low,False,False,False
MCH1593,Wali-Murthy,Miscellaneous,Sole Proprietor,Bengaluru,Karnataka,Active,15388.22,3.0,51143.68,17047.893333333333,3.0,0.0,0.0,0.0,0.0,0.0,0.0,0.0,0.0,0.0,0.0,Low,False,False,False
MCH1594,Bera Inc,Miscellaneous,Private Limited,Amritsar,Punjab,Active,2187.43,3.0,44927.31999999999,14975.77333333333,3.0,0.0,0.0,0.0,0.0,0.0,0.0,0.0,0.0,0.0,0.0,Low,False,False,False
MCH1600,"Warrior, Anand And Kata",Department Store,Individual,Chennai,Tamil Nadu,Active,2937.03,1.0,13376.62,13376.62,1.0,0.0,0.0,0.0,0.0,0.0,0.0,0.0,0.0,0.0,0.0,Low,False,False,False
MCH1605,"Patla, Thaman And Chatterjee",Transportation,Partnership,Bengaluru,Karnataka,Active,932.8,6.0,69396.09,11566.015,6.0,0.0,0.0,0.0,0.0,0.0,0.0,0.0,0.0,0.0,0.0,Low,False,False,False
MCH1609,Ram-Palla,Telecom,Private Limited,Mumbai,Maharashtra,Active,554.3,3.0,39287.79,13095.93,3.0,0.0,0.0,0.0,0.0,0.0,0.0,0.0,0.0,0.0,0.0,Low,False,False,False
MCH1610,Sodhi-Parekh,Grocery,Partnership,Amritsar,Punjab,Active,1488.13,0.0,0.0,0.0,0.0,0.0,0.0,0.0,0.0,0.0,0.0,0,0,0,0.0,Low,False,False,False
MCH1616,"Suresh, Borra And Ganesh",Telecom,Individual,Chennai,Tamil Nadu,Active,2818.0,1.0,240.0,240.0,1.0,0.0,0.0,0.0,0.0,0.0,0.0,0.0,0.0,0.0,0.0,Low,False,False,False
MCH1617,Cherian Llc,Department Store,Individual,Hyderabad,Telangana,Active,,1.0,14371.98,14371.98,1.0,0.0,0.0,0.0,0.0,0.0,0.0,0.0,0.0,0.0,0.0,Low,False,False,False
MCH1618,Muni Ltd,Restaurants & Food,Individual,Delhi,Delhi,Active,1051.73,4.0,68177.61,17044.4025,3.0,0.0,1.0,0.0,0.0,0.0,0.0,0.0,0.0,0.0,0.0,Low,False,False,False
MCH1619,Divan-Bhatti,Pharmacy,Sole Proprietor,Delhi,Delhi,Active,477.85,1.0,15113.47,15113.47,1.0,0.0,0.0,0.0,0.0,0.0,0.0,0.0,0.0,0.0,0.0,Low,False,False,False
MCH1625,Saran Ltd,Telecom,Partnership,Kolkata,West Bengal,Active,1093.54,4.0,26744.89,6686.2225,3.0,0.0,0.0,0.0,0.0,0.0,0.0,0.0,0.0,0.0,0.0,Low,False,False,False
MCH1626,"Pau, Iyengar And Khare",Miscellaneous,Sole Proprietor,Delhi,Delhi,Active,550.42,2.0,31413.8,15706.9,2.0,0.0,0.0,0.0,0.0,0.0,0.0,0.0,0.0,0.0,0.0,Low,False,False,False
MCH1627,Dua Ltd,Miscellaneous,Private Limited,Lucknow,Uttar Pradesh,Active,160.25,2.0,22298.17,11149.085,2.0,0.0,0.0,0.0,0.0,0.0,0.0,0.0,0.0,0.0,0.0,Low,False,False,False
MCH1628,"Rao, Buch And Kala",Pharmacy,Individual,Lucknow,Uttar Pradesh,Active,789.95,2.0,44396.59,22198.295,2.0,0.0,0.0,0.0,0.0,0.0,0.0,0.0,0.0,0.0,0.0,Low,False,False,False
MCH1630,Yogi-Agate,Books & Stationery,Partnership,Kolkata,West Bengal,Active,444.27,1.0,8632.82,8632.82,1.0,0.0,0.0,0.0,0.0,0.0,0.0,0.0,0.0,0.0,0.0,Low,False,False,False
MCH1636,"Natt, Mitter And Oza",Hotel & Lodging,Sole Proprietor,Delhi,Delhi,Active,987.0,1.0,5622.31,5622.31,0.0,0.0,0.0,0.0,0.0,0.0,0.0,0.0,0.0,0.0,0.0,Low,False,False,False
MCH1640,Trivedi-Agrawal,Grocery,Private Limited,Jalandhar,Punjab,Active,2316.65,1.0,20596.7,20596.7,1.0,0.0,0.0,0.0,0.0,0.0,0.0,0.0,0.0,0.0,0.0,Low,False,False,False
MCH1645,Savant-Singha1,Books & Stationery,Sole Proprietor,Chennai,Tamil Nadu,Active,337.0,2.0,8031.45,4015.725,2.0,0.0,0.0,0.0,0.0,0.0,0.0,0.0,0.0,0.0,0.0,Low,False,False,False
MCH1646,"Sane, Zacharia And Samra",Medical,Individual,Jaipur,Rajasthan,Active,1891.86,3.0,21852.71,7284.236666666667,3.0,0.0,0.0,0.0,0.0,0.0,0.0,0.0,0.0,0.0,0.0,Low,False,False,False
MCH1647,Narula Llc,Apparel & Fashion,Individual,Ludhiana,Punjab,Suspended,1898.14,4.0,50470.490000000005,12617.622500000001,4.0,0.0,0.0,0.0,0.0,0.0,0.0,0.0,0.0,0.0,0.0,Low,False,False,False
MCH1649,Venkatesh Plc,Restaurants & Food,Private Limited,Delhi,Delhi,Suspended,851.41,0.0,0.0,0.0,0.0,0.0,0.0,0.0,0.0,0.0,0.0,0,0,0,0.0,Low,False,False,False
MCH1652,Tripathi-Vasa,Department Store,Private Limited,Amritsar,Punjab,Inactive,1419.63,1.0,13716.6,13716.6,1.0,0.0,0.0,0.0,0.0,0.0,0.0,0.0,0.0,0.0,0.0,Low,False,False,False
MCH1654,More Plc,Miscellaneous,Individual,Bengaluru,Karnataka,Active,2598.19,0.0,0.0,0.0,0.0,0.0,0.0,0.0,0.0,0.0,0.0,0,0,0,0.0,Low,False,False,False
MCH1656,Dhar Plc,Department Store,Partnership,Amritsar,Punjab,Active,2992.0,2.0,25709.67,12854.835,2.0,0.0,0.0,0.0,0.0,0.0,0.0,0.0,0.0,0.0,0.0,Low,False,False,False
MCH1657,"Kaur, Sandhu And Shanker",Apparel & Fashion,Private Limited,Mumbai,Maharashtra,Active,1224.96,4.0,48310.52,12077.63,4.0,0.0,0.0,0.0,0.0,0.0,0.0,0.0,0.0,0.0,0.0,Low,False,False,False
MCH1661,Mani-Jayaraman,Restaurants & Food,Private Limited,Hyderabad,Telangana,Active,813.04,6.0,72932.53,12155.421666666667,6.0,0.0,0.0,0.0,0.0,0.0,0.0,0.0,0.0,0.0,0.0,Low,False,False,False
MCH1663,"Edwin, Kala And Barad",Transportation,Individual,Chennai,Tamil Nadu,Active,449.21,2.0,42118.62,21059.31,2.0,0.0,0.0,0.0,0.0,0.0,0.0,0.0,0.0,0.0,0.0,Low,False,False,False
MCH1667,Prashad-Samra,Restaurants & Food,Private Limited,Delhi,Delhi,Active,7788.38,1.0,1893.12,1893.12,1.0,0.0,0.0,0.0,0.0,0.0,0.0,0.0,0.0,0.0,0.0,Low,False,False,False
MCH1675,"Dey, Sathe And Sibal",Transportation,Private Limited,Chennai,Tamil Nadu,Active,1577.75,2.0,25225.8,12612.9,2.0,0.0,0.0,0.0,0.0,0.0,0.0,0.0,0.0,0.0,0.0,Low,False,False,False
MCH1679,"Chawla, Sura And Pal",Transportation,Individual,Lucknow,Uttar Pradesh,Suspended,1030.0,3.0,47612.61,15870.87,3.0,0.0,0.0,0.0,0.0,0.0,0.0,0.0,0.0,0.0,0.0,Low,False,False,False
MCH1696,Prakash-Dhar,Grocery,Partnership,Bengaluru,Karnataka,Active,567.04,2.0,17344.84,8672.42,1.0,0.0,0.0,0.0,0.0,0.0,0.0,0.0,0.0,0.0,0.0,Low,False,False,False
MCH1704,"Shukla, Hari And Chopra",Transportation,Sole Proprietor,Lucknow,Uttar Pradesh,Inactive,2965.45,4.0,42681.6,10670.4,4.0,0.0,0.0,0.0,0.0,0.0,0.0,0.0,0.0,0.0,0.0,Low,False,False,False
MCH1706,"Vala, Nagarajan And Saxena",Department Store,Partnership,Mumbai,Maharashtra,Inactive,513.27,3.0,44608.07,14869.356666666667,3.0,0.0,0.0,0.0,0.0,0.0,0.0,0.0,0.0,0.0,0.0,Low,False,False,False
MCH1709,Sachdeva-Khanna,Miscellaneous,Partnership,Chennai,Tamil Nadu,Active,481.17,0.0,0.0,0.0,0.0,0.0,0.0,0.0,0.0,0.0,0.0,0,0,0,0.0,Low,False,False,False
MCH1714,Sampath Llc,Apparel & Fashion,Partnership,Lucknow,Uttar Pradesh,Active,585.92,2.0,29229.01,14614.505,2.0,0.0,0.0,0.0,0.0,0.0,0.0,0.0,0.0,0.0,0.0,Low,False,False,False
MCH1718,Wason-Vaidya,Retail,Private Limited,Jalandhar,Punjab,Active,705.66,1.0,17809.1,17809.1,1.0,0.0,0.0,0.0,0.0,0.0,0.0,0.0,0.0,0.0,0.0,Low,False,False,False
MCH1725,"Narayanan, Thaker And Sandhu",Miscellaneous,Partnership,Jaipur,Rajasthan,Active,385.5,6.0,79765.68000000001,13294.28,5.0,1.0,0.0,0.0,0.0,0.0,0.0,16.67,0.0,0.0,0.0,Low,False,False,False
MCH1726,Raja And Sons,Transportation,Private Limited,Delhi,Delhi,Active,639.24,2.0,28851.440000000002,14425.720000000001,2.0,0.0,0.0,0.0,0.0,0.0,0.0,0.0,0.0,0.0,0.0,Low,False,False,False
MCH1727,Chacko Llc,Miscellaneous,Partnership,Amritsar,Punjab,Active,1914.68,1.0,9432.58,9432.58,1.0,0.0,0.0,0.0,0.0,0.0,0.0,0.0,0.0,0.0,0.0,Low,False,False,False
MCH1729,Ganesh Plc,Restaurants & Food,Private Limited,Hyderabad,Telangana,Active,,3.0,40194.21,13398.07,3.0,0.0,0.0,0.0,0.0,0.0,0.0,0.0,0.0,0.0,0.0,Low,False,False,False
MCH1739,Keer Group,Miscellaneous,Individual,Kolkata,West Bengal,Active,2619.15,3.0,36888.39,12296.13,3.0,0.0,0.0,0.0,0.0,0.0,0.0,0.0,0.0,0.0,0.0,Low,False,False,False
MCH1740,"Dhaliwal, Boase And Walla",Hotel & Lodging,Partnership,Pune,Maharashtra,Active,903.0,1.0,10851.1,10851.1,1.0,0.0,0.0,0.0,0.0,0.0,0.0,0.0,0.0,0.0,0.0,Low,False,False,False
MCH1744,"Mani, Tara And Mane",Travel,Sole Proprietor,Ludhiana,Punjab,Inactive,466.22,3.0,29529.190000000002,9843.063333333334,3.0,0.0,0.0,0.0,0.0,0.0,0.0,0.0,0.0,0.0,0.0,Low,False,False,False
MCH1747,Ray Inc,Restaurants & Food,Sole Proprietor,Pune,Maharashtra,Active,115.81,1.0,12656.79,12656.79,1.0,0.0,0.0,0.0,0.0,0.0,0.0,0.0,0.0,0.0,0.0,Low,False,False,False
MCH1750,Sastry-Chaudhari,Apparel & Fashion,Individual,Delhi,Delhi,Active,1155.0,1.0,21916.0,21916.0,1.0,0.0,0.0,0.0,0.0,0.0,0.0,0.0,0.0,0.0,0.0,Low,False,False,False
MCH1751,Bava-Mukherjee,Grocery,Sole Proprietor,Jaipur,Rajasthan,Active,1591.0,3.0,30570.35,10190.116666666667,3.0,0.0,0.0,0.0,0.0,0.0,0.0,0.0,0.0,0.0,0.0,Low,False,False,False
MCH1755,Kulkarni And Sons,Telecom,Individual,Mumbai,Maharashtra,Active,,0.0,0.0,0.0,0.0,0.0,0.0,0.0,0.0,0.0,0.0,0,0,0,0.0,Low,False,False,False
MCH1756,Vala-Cheema,Retail,Individual,Delhi,Delhi,Active,1245.26,4.0,43249.82000000001,10812.455000000002,4.0,0.0,0.0,0.0,0.0,0.0,0.0,0.0,0.0,0.0,0.0,Low,False,False,False
MCH1770,Prabhu Inc,Grocery,Partnership,Kolkata,West Bengal,Active,1130.22,2.0,27788.690000000002,13894.345000000001,2.0,0.0,0.0,0.0,0.0,0.0,0.0,0.0,0.0,0.0,0.0,Low,False,False,False
MCH1772,"Thakur, Talwar And Chahal",Pharmacy,Partnership,Pune,Maharashtra,Active,645.09,1.0,23851.74,23851.74,1.0,0.0,0.0,0.0,0.0,0.0,0.0,0.0,0.0,0.0,0.0,Low,False,False,False
MCH1773,Prakash-Malhotra,Grocery,Individual,Jalandhar,Punjab,Active,1551.73,2.0,19528.29,9764.145,2.0,0.0,0.0,0.0,0.0,0.0,0.0,0.0,0.0,0.0,0.0,Low,False,False,False
MCH1776,Vohra And Sons,Miscellaneous,Private Limited,Lucknow,Uttar Pradesh,Active,843.8,3.0,24746.23,8248.743333333334,3.0,0.0,0.0,0.0,0.0,0.0,0.0,0.0,0.0,0.0,0.0,Low,False,False,False
MCH1782,Kari Plc,Grocery,Sole Proprietor,Mumbai,Maharashtra,Active,,5.0,77606.15000000001,15521.230000000001,5.0,0.0,0.0,0.0,0.0,0.0,0.0,0.0,0.0,0.0,0.0,Low,False,False,False
MCH1787,Johal And Sons,Books & Stationery,Sole Proprietor,Chennai,Tamil Nadu,Active,1495.88,4.0,59321.24,14830.31,4.0,0.0,0.0,0.0,0.0,0.0,0.0,0.0,0.0,0.0,0.0,Low,False,False,False
MCH1788,"Dass, Rajagopal And Madan",Telecom,Private Limited,Pune,Maharashtra,Suspended,1479.46,0.0,0.0,0.0,0.0,0.0,0.0,0.0,0.0,0.0,0.0,0,0,0,0.0,Low,False,False,False
MCH1789,Loke-Chanda,Books & Stationery,Partnership,Jaipur,Rajasthan,Active,15713.68,4.0,60275.87,15068.9675,4.0,0.0,0.0,0.0,0.0,0.0,0.0,0.0,0.0,0.0,0.0,Low,False,False,False
MCH1793,Jaggi Plc,Hotel & Lodging,Sole Proprietor,Delhi,Delhi,Active,2705.89,2.0,22780.0,11390.0,2.0,0.0,0.0,0.0,0.0,0.0,0.0,0.0,0.0,0.0,0.0,Low,False,False,False
MCH1796,Kohli-Nagar,Books & Stationery,Individual,Amritsar,Punjab,Active,741.16,2.0,35008.7,17504.35,2.0,0.0,0.0,0.0,0.0,0.0,0.0,0.0,0.0,0.0,0.0,Low,False,False,False
MCH1800,Mall Plc,Department Store,Private Limited,Hyderabad,Telangana,Active,1030.0,0.0,0.0,0.0,0.0,0.0,0.0,0.0,0.0,0.0,0.0,0,0,0,0.0,Low,False,False,False
MCH1813,Balan-Deo,Department Store,Partnership,Pune,Maharashtra,Active,,3.0,31279.210000000003,10426.403333333334,3.0,0.0,0.0,0.0,0.0,0.0,0.0,0.0,0.0,0.0,0.0,Low,False,False,False
MCH1815,Saha-Varghese,Transportation,Private Limited,Delhi,Delhi,Active,846.74,1.0,11933.0,11933.0,1.0,0.0,0.0,0.0,0.0,0.0,0.0,0.0,0.0,0.0,0.0,Low,False,False,False
MCH1816,Aurora-Kata,Retail,Sole Proprietor,Lucknow,Uttar Pradesh,Active,1797.52,2.0,34066.020000000004,17033.010000000002,2.0,0.0,0.0,0.0,0.0,0.0,0.0,0.0,0.0,0.0,0.0,Low,False,False,False
MCH1817,Wadhwa Group,Telecom,Partnership,Kolkata,West Bengal,Active,200.17,2.0,24676.769999999997,12338.384999999998,1.0,0.0,0.0,0.0,0.0,0.0,0.0,0.0,0.0,0.0,0.0,Low,False,False,False
MCH1823,"Patla, Bhasin And Parsa",Hotel & Lodging,Partnership,Lucknow,Uttar Pradesh,Active,3003.2,1.0,9364.66,9364.66,1.0,0.0,0.0,0.0,0.0,0.0,0.0,0.0,0.0,0.0,0.0,Low,False,False,False
MCH1829,Ramaswamy Group,Transportation,Sole Proprietor,Kolkata,West Bengal,Active,2351.23,2.0,27279.45,13639.725,2.0,0.0,0.0,0.0,0.0,0.0,0.0,0.0,0.0,0.0,0.0,Low,False,False,False
MCH1830,Shan Llc,Hotel & Lodging,Private Limited,Lucknow,Uttar Pradesh,Active,405.35,1.0,10347.5,10347.5,1.0,0.0,0.0,0.0,0.0,0.0,0.0,0.0,0.0,0.0,0.0,Low,False,False,False
MCH1832,Mistry-Chaudhary,Miscellaneous,Individual,Hyderabad,Telangana,Inactive,448.33,3.0,35780.0,11926.666666666666,3.0,0.0,0.0,0.0,0.0,0.0,0.0,0.0,0.0,0.0,0.0,Low,False,False,False
MCH1836,"Nazareth, Bahl And Manda",Grocery,Private Limited,Hyderabad,Telangana,Active,,2.0,14955.13,7477.565,2.0,0.0,0.0,0.0,0.0,0.0,0.0,0.0,0.0,0.0,0.0,Low,False,False,False
MCH1839,Krish Group,Grocery,Sole Proprietor,Jalandhar,Punjab,Active,1503.47,4.0,54330.909999999996,13582.727499999999,4.0,0.0,0.0,0.0,0.0,0.0,0.0,0.0,0.0,0.0,0.0,Low,False,False,False
MCH1840,Chahal And Sons,Books & Stationery,Sole Proprietor,Ludhiana,Punjab,Active,764.0,3.0,21718.52,7239.506666666667,3.0,0.0,0.0,0.0,0.0,0.0,0.0,0.0,0.0,0.0,0.0,Low,False,False,False
MCH1842,Bedi-Vohra,Grocery,Private Limited,Lucknow,Uttar Pradesh,Active,1241.96,0.0,0.0,0.0,0.0,0.0,0.0,0.0,0.0,0.0,0.0,0,0,0,0.0,Low,False,False,False
MCH1843,Edwin And Sons,Miscellaneous,Sole Proprietor,Delhi,Delhi,Active,,4.0,57103.7,14275.925,4.0,0.0,0.0,0.0,0.0,0.0,0.0,0.0,0.0,0.0,0.0,Low,False,False,False
MCH1846,Kurian-Chad,Hotel & Lodging,Partnership,Chennai,Tamil Nadu,Active,597.53,3.0,36149.42,12049.806666666665,3.0,0.0,0.0,0.0,0.0,0.0,0.0,0.0,0.0,0.0,0.0,Low,False,False,False
MCH1852,Prabhu Group,Grocery,Individual,Mumbai,Maharashtra,Active,786.71,2.0,36404.45,18202.225,2.0,0.0,0.0,0.0,0.0,0.0,0.0,0.0,0.0,0.0,0.0,Low,False,False,False
MCH1853,Narayanan-Chander,Transportation,Sole Proprietor,Amritsar,Punjab,Active,13872.38,2.0,26683.71,13341.855,2.0,0.0,0.0,0.0,0.0,0.0,0.0,0.0,0.0,0.0,0.0,Low,False,False,False
MCH1856,Baria-Balay,Department Store,Sole Proprietor,Lucknow,Uttar Pradesh,Active,2071.73,1.0,172.17,172.17,1.0,0.0,0.0,0.0,0.0,0.0,0.0,0.0,0.0,0.0,0.0,Low,False,False,False
MCH1861,Vora-Balan,Grocery,Sole Proprietor,Pune,Maharashtra,Inactive,2646.57,3.0,36035.95,12011.983333333332,3.0,0.0,0.0,0.0,0.0,0.0,0.0,0.0,0.0,0.0,0.0,Low,False,False,False
MCH1862,Puri Inc,Transportation,Individual,Mumbai,Maharashtra,Active,1444.68,0.0,0.0,0.0,0.0,0.0,0.0,0.0,0.0,0.0,0.0,0,0,0,0.0,Low,False,False,False
MCH1863,Sachar-Gokhale,Books & Stationery,Private Limited,Hyderabad,Telangana,Active,760.42,2.0,26678.510000000002,13339.255000000001,2.0,0.0,0.0,0.0,0.0,0.0,0.0,0.0,0.0,0.0,0.0,Low,False,False,False
MCH1865,Chandra-Pandey,Books & Stationery,Individual,Pune,Maharashtra,Active,3847.74,0.0,0.0,0.0,0.0,0.0,0.0,0.0,0.0,0.0,0.0,0,0,0,0.0,Low,False,False,False
MCH1872,Chaudry Group,Miscellaneous,Private Limited,Bengaluru,Karnataka,Active,1044.41,3.0,27473.82,9157.94,3.0,0.0,0.0,0.0,0.0,0.0,0.0,0.0,0.0,0.0,0.0,Low,False,False,False
MCH1876,"Deol, Sandal And Nagi",Miscellaneous,Partnership,Bengaluru,Karnataka,Active,603.93,3.0,46328.32,15442.773333333333,3.0,0.0,0.0,0.0,0.0,0.0,0.0,0.0,0.0,0.0,0.0,Low,False,False,False
MCH1878,Narula Group,Hotel & Lodging,Private Limited,Delhi,Delhi,Active,,4.0,43591.45,10897.8625,4.0,0.0,0.0,0.0,0.0,0.0,0.0,0.0,0.0,0.0,0.0,Low,False,False,False
MCH1881,"Bawa, Ganesan And Oak",Medical,Partnership,Chennai,Tamil Nadu,On Hold,,3.0,13435.25,4478.416666666667,3.0,0.0,0.0,0.0,0.0,0.0,0.0,0.0,0.0,0.0,0.0,Low,False,False,False
MCH1882,Kamdar-Banik,Restaurants & Food,Partnership,Ludhiana,Punjab,Inactive,427.5,2.0,30979.010000000002,15489.505000000001,2.0,0.0,0.0,0.0,0.0,0.0,0.0,0.0,0.0,0.0,0.0,Low,False,False,False
MCH1884,Nagi Llc,Transportation,Private Limited,Bengaluru,Karnataka,Active,628.95,1.0,18586.39,18586.39,1.0,0.0,0.0,0.0,0.0,0.0,0.0,0.0,0.0,0.0,0.0,Low,False,False,False
MCH1885,Mahal Ltd,Miscellaneous,Private Limited,Hyderabad,Telangana,Active,618.0,0.0,0.0,0.0,0.0,0.0,0.0,0.0,0.0,0.0,0.0,0,0,0,0.0,Low,False,False,False
MCH1889,Bakshi Llc,Miscellaneous,Individual,Jalandhar,Punjab,Active,2474.04,0.0,0.0,0.0,0.0,0.0,0.0,0.0,0.0,0.0,0.0,0,0,0,0.0,Low,False,False,False
MCH1892,Shanker-De,Hotel & Lodging,Private Limited,Mumbai,Maharashtra,Active,987.4,0.0,0.0,0.0,0.0,0.0,0.0,0.0,0.0,0.0,0.0,0,0,0,0.0,Low,False,False,False
MCH1894,Setty-Doshi,Restaurants & Food,Partnership,Bengaluru,Karnataka,Active,2961.06,4.0,48097.26,12024.315,3.0,0.0,1.0,0.0,0.0,0.0,0.0,0.0,0.0,0.0,0.0,Low,False,False,False
MCH1899,Subramaniam-Bedi,Books & Stationery,Private Limited,Ludhiana,Punjab,Active,,0.0,0.0,0.0,0.0,0.0,0.0,0.0,0.0,0.0,0.0,0,0,0,0.0,Low,False,False,False
MCH1904,Sandal Inc,Telecom,Individual,Jalandhar,Punjab,Active,1398.65,0.0,0.0,0.0,0.0,0.0,0.0,0.0,0.0,0.0,0.0,0,0,0,0.0,Low,False,False,False
MCH1906,"Taneja, Mahajan And Sarna",Retail,Individual,Bengaluru,Karnataka,Inactive,2772.0,2.0,28451.8,14225.9,2.0,0.0,0.0,0.0,0.0,0.0,0.0,0.0,0.0,0.0,0.0,Low,False,False,False
MCH1909,Murthy And Sons,Books & Stationery,Sole Proprietor,Pune,Maharashtra,Active,823.0,2.0,23668.23,11834.115,2.0,0.0,0.0,0.0,0.0,0.0,0.0,0.0,0.0,0.0,0.0,Low,False,False,False
MCH1912,Keer-Mitra,Transportation,Sole Proprietor,Chennai,Tamil Nadu,Active,3259.24,2.0,4825.9,2412.95,2.0,0.0,0.0,0.0,0.0,0.0,0.0,0.0,0.0,0.0,0.0,Low,False,False,False
MCH1913,"Sandal, Srinivas And Lata",Pharmacy,Partnership,Lucknow,Uttar Pradesh,Active,468.17,2.0,10989.02,5494.51,2.0,0.0,0.0,0.0,0.0,0.0,0.0,0.0,0.0,0.0,0.0,Low,False,False,False
MCH1921,Raj Llc,Miscellaneous,Partnership,Lucknow,Uttar Pradesh,Active,2280.24,1.0,6923.98,6923.98,1.0,0.0,0.0,0.0,0.0,0.0,0.0,0.0,0.0,0.0,0.0,Low,False,False,False
MCH1922,"Deo, Saraf And Kale",Books & Stationery,Sole Proprietor,Lucknow,Uttar Pradesh,Active,2507.85,1.0,19022.02,19022.02,1.0,0.0,0.0,0.0,0.0,0.0,0.0,0.0,0.0,0.0,0.0,Low,False,False,False
MCH1923,Barad-Devan,Apparel & Fashion,Private Limited,Hyderabad,Telangana,Active,300.28,2.0,27332.88,13666.44,1.0,0.0,0.0,0.0,0.0,0.0,0.0,0.0,0.0,0.0,0.0,Low,False,False,False
MCH1924,"Choudhary, Iyer And Boase",Pharmacy,Partnership,Jaipur,Rajasthan,Active,7220.04,1.0,22691.7,22691.7,1.0,0.0,0.0,0.0,0.0,0.0,0.0,0.0,0.0,0.0,0.0,Low,False,False,False
MCH1934,"Deol,Dugarandparmer",Books & Stationery,Private Limited,Chennai,Tamil Nadu,Active,2520.96,3.0,39155.53,13051.843333333332,3.0,0.0,0.0,0.0,0.0,0.0,0.0,0.0,0.0,0.0,0.0,Low,False,False,False
MCH1936,"Batra, Ramanathan And Din",Pharmacy,Sole Proprietor,Hyderabad,Telangana,Active,143.98,1.0,1008.3,1008.3,1.0,0.0,0.0,0.0,0.0,0.0,0.0,0.0,0.0,0.0,0.0,Low,False,False,False
MCH1939,"Lal,Sahniandchopra",Hotel & Lodging,Private Limited,Ludhiana,Punjab,Active,509.0,2.0,27147.32,13573.66,2.0,0.0,0.0,0.0,0.0,0.0,0.0,0.0,0.0,0.0,0.0,Low,False,False,False
MCH1940,Anne Group,Transportation,Sole Proprietor,Hyderabad,Telangana,Active,2525.67,3.0,39340.33,13113.443333333335,3.0,0.0,0.0,0.0,0.0,0.0,0.0,0.0,0.0,0.0,0.0,Low,False,False,False
MCH1944,Morar Ltd,Restaurants & Food,Individual,Pune,Maharashtra,Active,1207.98,0.0,0.0,0.0,0.0,0.0,0.0,0.0,0.0,0.0,0.0,0,0,0,0.0,Low,False,False,False
MCH1946,Sibal Llc,Hotel & Lodging,Sole Proprietor,Jalandhar,Punjab,Active,2804.71,3.0,67577.01,22525.67,3.0,0.0,0.0,0.0,0.0,0.0,0.0,0.0,0.0,0.0,0.0,Low,False,False,False
MCH1948,"Sundaram, Sami And Jha",Telecom,Private Limited,Jaipur,Rajasthan,Active,634.29,3.0,35108.45,11702.816666666666,3.0,0.0,0.0,0.0,0.0,0.0,0.0,0.0,0.0,0.0,0.0,Low,False,False,False
MCH1953,"Banerjee, Maharaj And Rege",Hotel & Lodging,Sole Proprietor,Jalandhar,Punjab,Active,1226.94,3.0,33730.2,11243.4,3.0,0.0,0.0,0.0,0.0,0.0,0.0,0.0,0.0,0.0,0.0,Low,False,False,False
MCH1954,"Kunda, Kata And Shetty",Telecom,Individual,Pune,Maharashtra,Active,923.81,2.0,24795.64,12397.82,2.0,0.0,0.0,0.0,0.0,0.0,0.0,0.0,0.0,0.0,0.0,Low,False,False,False
MCH1955,"Srinivas, Khurana And Choudhry",Miscellaneous,Private Limited,Jalandhar,Punjab,Active,883.05,3.0,36876.950000000004,12292.316666666668,3.0,0.0,0.0,0.0,0.0,0.0,0.0,0.0,0.0,0.0,0.0,Low,False,False,False
MCH1956,Sodhi Plc,Pharmacy,Individual,Amritsar,Punjab,Active,1459.74,0.0,0.0,0.0,0.0,0.0,0.0,0.0,0.0,0.0,0.0,0,0,0,0.0,Low,False,False,False
MCH1959,Khatri-Kumar,Pharmacy,Private Limited,Mumbai,Maharashtra,Active,622.0,1.0,16490.66,16490.66,1.0,0.0,0.0,0.0,0.0,0.0,0.0,0.0,0.0,0.0,0.0,Low,False,False,False
MCH1960,Bail-Chand,Grocery,Partnership,Hyderabad,Telangana,Active,613.0,4.0,44402.53,11100.6325,3.0,0.0,0.0,0.0,0.0,0.0,0.0,0.0,0.0,0.0,0.0,Low,False,False,False
MCH1966,Munshi-Bath,Travel,Private Limited,Bengaluru,Karnataka,Suspended,1858.12,1.0,17962.97,17962.97,1.0,0.0,0.0,0.0,0.0,0.0,0.0,0.0,0.0,0.0,0.0,Low,False,False,False
MCH1968,Shroff-Mani,Grocery,Partnership,Mumbai,Maharashtra,Active,1674.0,3.0,48701.12,16233.706666666667,3.0,0.0,0.0,0.0,0.0,0.0,0.0,0.0,0.0,0.0,0.0,Low,False,False,False
MCH1969,Narain-Menon,Retail,Individual,Delhi,Delhi,Active,453.33,3.0,41015.25,13671.75,3.0,0.0,0.0,0.0,0.0,0.0,0.0,0.0,0.0,0.0,0.0,Low,False,False,False
MCH1971,Khanna And Sons,Telecom,Partnership,Mumbai,Maharashtra,Active,2326.17,7.0,79678.3,11382.614285714286,7.0,0.0,0.0,0.0,0.0,0.0,0.0,0.0,0.0,0.0,0.0,Low,False,False,False
MCH1973,"Walia, Khatri And Saha",Books & Stationery,Sole Proprietor,Lucknow,Uttar Pradesh,Active,,2.0,7689.219999999999,3844.6099999999997,2.0,0.0,0.0,0.0,0.0,0.0,0.0,0.0,0.0,0.0,0.0,Low,False,False,False
MCH1974,Kap00R Llc,Transportation,Partnership,Chennai,Tamil Nadu,Active,,2.0,22661.97,11330.985,2.0,0.0,0.0,0.0,0.0,0.0,0.0,0.0,0.0,0.0,0.0,Low,False,False,False
MCH1976,"Mutti, Sastry And Jha",Books & Stationery,Private Limited,Amritsar,Punjab,Active,2928.73,1.0,10302.47,10302.47,1.0,0.0,0.0,0.0,0.0,0.0,0.0,0.0,0.0,0.0,0.0,Low,False,False,False
MCH1982,"Behl, Jayaraman And Divan",Apparel & Fashion,Sole Proprietor,Mumbai,Maharashtra,Active,298.94,3.0,52420.51,17473.503333333334,3.0,0.0,0.0,0.0,0.0,0.0,0.0,0.0,0.0,0.0,0.0,Low,False,False,False
MCH1983,Jayaraman Plc,Pharmacy,Sole Proprietor,Hyderabad,Telangana,Active,657.32,2.0,19314.449999999997,9657.224999999999,2.0,0.0,0.0,0.0,0.0,0.0,0.0,0.0,0.0,0.0,0.0,Low,False,False,False
MCH1984,"Lala, Wagle And Bal",Apparel & Fashion,Partnership,Chennai,Tamil Nadu,Active,5244.88,2.0,33246.090000000004,16623.045000000002,2.0,0.0,0.0,0.0,0.0,0.0,0.0,0.0,0.0,0.0,0.0,Low,False,False,False
MCH1986,Vaidya-Roy,Apparel & Fashion,Individual,Bengaluru,Karnataka,Active,1981.5,2.0,5990.11,2995.055,2.0,0.0,0.0,0.0,0.0,0.0,0.0,0.0,0.0,0.0,0.0,Low,False,False,False
MCH1987,"Dora, Sarma And Biswas",Telecom,Partnership,Mumbai,Maharashtra,Active,3268.84,1.0,13948.54,13948.54,1.0,0.0,0.0,0.0,0.0,0.0,0.0,0.0,0.0,0.0,0.0,Low,False,False,False
MCH1990,Mitra Plc,Hotel & Lodging,Partnership,Amritsar,Punjab,Active,1251.23,4.0,25495.94,6373.985,3.0,0.0,0.0,0.0,0.0,0.0,0.0,0.0,0.0,0.0,0.0,Low,False,False,False
MCH1994,"Naik, Bhasin And Virk",Hotel & Lodging,Sole Proprietor,Amritsar,Punjab,Active,886.83,0.0,0.0,0.0,0.0,0.0,0.0,0.0,0.0,0.0,0.0,0,0,0,0.0,Low,False,False,False
MCH2003,Rajagopalan Inc,Department Store,Individual,Pune,Maharashtra,Active,567.0,3.0,43209.66,14403.220000000001,3.0,0.0,0.0,0.0,0.0,0.0,0.0,0.0,0.0,0.0,0.0,Low,False,False,False
MCH2007,"Mahal, Divan And Sharaf",Miscellaneous,Sole Proprietor,Jalandhar,Punjab,Active,435.32,2.0,27468.38,13734.19,2.0,0.0,0.0,0.0,0.0,0.0,0.0,0.0,0.0,0.0,0.0,Low,False,False,False
MCH2009,"Tiwari, Naidu And Muni",Apparel & Fashion,Partnership,Pune,Maharashtra,Active,732.0,2.0,9248.8,4624.4,2.0,0.0,0.0,0.0,0.0,0.0,0.0,0.0,0.0,0.0,0.0,Low,False,False,False
MCH2013,"Nanda, Saraf And Halder",Grocery,Individual,Kolkata,West Bengal,Active,,1.0,8361.48,8361.48,1.0,0.0,0.0,0.0,0.0,0.0,0.0,0.0,0.0,0.0,0.0,Low,False,False,False
MCH2015,Gulati Llc,Telecom,Private Limited,Jaipur,Rajasthan,Active,17945.28,3.0,35337.12,11779.04,3.0,0.0,0.0,0.0,0.0,0.0,0.0,0.0,0.0,0.0,0.0,Low,False,False,False
MCH2019,Walla-Ranganathan,Miscellaneous,Partnership,Bengaluru,Karnataka,Active,1915.39,1.0,2048.97,2048.97,1.0,0.0,0.0,0.0,0.0,0.0,0.0,0.0,0.0,0.0,0.0,Low,False,False,False
MCH2021,Shenoy-Wable,Pharmacy,Sole Proprietor,Delhi,Delhi,Active,2287.51,0.0,0.0,0.0,0.0,0.0,0.0,0.0,0.0,0.0,0.0,0,0,0,0.0,Low,False,False,False
MCH2022,Nagi-Gala,Miscellaneous,Individual,Chennai,Tamil Nadu,Active,3182.35,1.0,21581.05,21581.05,1.0,0.0,0.0,0.0,0.0,0.0,0.0,0.0,0.0,0.0,0.0,Low,False,False,False
MCH2027,"Boase, Ghosh And Manda",Department Store,Partnership,Chennai,Tamil Nadu,Active,1163.7,1.0,9710.64,9710.64,1.0,0.0,0.0,0.0,0.0,0.0,0.0,0.0,0.0,0.0,0.0,Low,False,False,False
MCH2028,Viswanathan Llc,Telecom,Individual,Pune,Maharashtra,Active,634.0,3.0,35817.13,11939.043333333333,3.0,0.0,0.0,0.0,0.0,0.0,0.0,0.0,0.0,0.0,0.0,Low,False,False,False
MCH2035,Hora-Grover,Transportation,Sole Proprietor,Delhi,Delhi,Active,212.97,2.0,16251.42,8125.71,2.0,0.0,0.0,0.0,0.0,0.0,0.0,0.0,0.0,0.0,0.0,Low,False,False,False
MCH2038,Dara-Sama,Hotel & Lodging,Individual,Hyderabad,Telangana,Active,801.94,2.0,28716.48,14358.24,2.0,0.0,0.0,0.0,0.0,0.0,0.0,0.0,0.0,0.0,0.0,Low,False,False,False
MCH2040,Goel-Dewan,Miscellaneous,Individual,Delhi,Delhi,Active,320.83,3.0,33300.07,11100.023333333333,3.0,0.0,0.0,0.0,0.0,0.0,0.0,0.0,0.0,0.0,0.0,Low,False,False,False
MCH2042,"Rai, Das And Bava",Retail,Partnership,Pune,Maharashtra,Active,1564.88,2.0,31144.09,15572.045,2.0,0.0,0.0,0.0,0.0,0.0,0.0,0.0,0.0,0.0,0.0,Low,False,False,False
MCH2044,"Upadhyay, Kapoor And Nazareth",Hotel & Lodging,Individual,Lucknow,Uttar Pradesh,Active,368.05,1.0,4675.0,4675.0,1.0,0.0,0.0,0.0,0.0,0.0,0.0,0.0,0.0,0.0,0.0,Low,False,False,False
MCH2045,Nadig-Bal,Apparel & Fashion,Private Limited,Pune,Maharashtra,Active,,2.0,32799.54,16399.77,2.0,0.0,0.0,0.0,0.0,0.0,0.0,0.0,0.0,0.0,0.0,Low,False,False,False
MCH2046,Konda-Garde,Grocery,Sole Proprietor,Lucknow,Uttar Pradesh,Active,1405.98,2.0,34553.11,17276.555,2.0,0.0,0.0,0.0,0.0,0.0,0.0,0.0,0.0,0.0,0.0,Low,False,False,False
MCH2047,Ghose-Kannan,Books & Stationery,Sole Proprietor,Lucknow,Uttar Pradesh,Active,1609.08,1.0,10744.0,10744.0,1.0,0.0,0.0,0.0,0.0,0.0,0.0,0.0,0.0,0.0,0.0,Low,False,False,False
MCH2051,Deshpande Plc,Medical,Private Limited,Chennai,Tamil Nadu,Active,625.93,0.0,0.0,0.0,0.0,0.0,0.0,0.0,0.0,0.0,0.0,0,0,0,0.0,Low,False,False,False
MCH2056,"Kadakia, Nagi And Ramakrishnan",Apparel & Fashion,Sole Proprietor,Mumbai,Maharashtra,Active,2168.0,2.0,39758.51,19879.255,2.0,0.0,0.0,0.0,0.0,0.0,0.0,0.0,0.0,0.0,0.0,Low,False,False,False
MCH2060,Grover-Dugar,Hotel & Lodging,Individual,Chennai,Tamil Nadu,Active,540.0,2.0,6968.4400000000005,3484.2200000000003,2.0,0.0,0.0,0.0,0.0,0.0,0.0,0.0,0.0,0.0,0.0,Low,False,False,False
MCH2063,Bhavsar Gr0Up,Transportation,Private Limited,Chennai,Tamil Nadu,Active,2405.73,3.0,18283.89,6094.63,3.0,0.0,0.0,0.0,0.0,0.0,0.0,0.0,0.0,0.0,0.0,Low,False,False,False
MCH2067,"Barad, Rai And Kapur",Grocery,Private Limited,Jaipur,Rajasthan,Active,999.18,1.0,15236.34,15236.34,1.0,0.0,0.0,0.0,0.0,0.0,0.0,0.0,0.0,0.0,0.0,Low,False,False,False
MCH2071,Dube-Kapadia,Telecom,Sole Proprietor,Amritsar,Punjab,Active,1392.0,1.0,5538.67,5538.67,1.0,0.0,0.0,0.0,0.0,0.0,0.0,0.0,0.0,0.0,0.0,Low,False,False,False
MCH2074,D’Alia Inc,Apparel & Fashion,Partnership,Jaipur,Rajasthan,Active,1616.2,2.0,25761.399999999998,12880.699999999999,2.0,0.0,0.0,0.0,0.0,0.0,0.0,0.0,0.0,0.0,0.0,Low,False,False,False
MCH2077,Kara Plc,Restaurants & Food,Individual,Amritsar,Punjab,Active,239.1,1.0,10643.08,10643.08,1.0,0.0,0.0,0.0,0.0,0.0,0.0,0.0,0.0,0.0,0.0,Low,False,False,False
MCH2081,Date Plc,Department Store,Private Limited,Lucknow,Uttar Pradesh,Active,275.64,2.0,32464.26,16232.13,2.0,0.0,0.0,0.0,0.0,0.0,0.0,0.0,0.0,0.0,0.0,Low,False,False,False
MCH2083,Patla-Basak,Medical,Individual,Kolkata,West Bengal,Suspended,556.93,5.0,55230.95,11046.189999999999,5.0,0.0,0.0,0.0,0.0,0.0,0.0,0.0,0.0,0.0,0.0,Low,False,False,False
MCH2084,"Murthy, Dutt And Bakshi",Travel,Private Limited,Mumbai,Maharashtra,Active,659.75,1.0,7565.31,7565.31,1.0,0.0,0.0,0.0,0.0,0.0,0.0,0.0,0.0,0.0,0.0,Low,False,False,False
MCH2085,Kala-Shah,Transportation,Private Limited,Pune,Maharashtra,Active,3590.82,2.0,14625.49,7312.745,2.0,0.0,0.0,0.0,0.0,0.0,0.0,0.0,0.0,0.0,0.0,Low,False,False,False
MCH2087,Dubey-Doctor,Miscellaneous,Individual,Amritsar,Punjab,Active,4751.6,0.0,0.0,0.0,0.0,0.0,0.0,0.0,0.0,0.0,0.0,0,0,0,0.0,Low,False,False,False
MCH2090,Upadhyay Plc,Restaurants & Food,Sole Proprietor,Delhi,Delhi,Active,439.31,2.0,34952.17,17476.085,2.0,0.0,0.0,0.0,0.0,0.0,0.0,0.0,0.0,0.0,0.0,Low,False,False,False
MCH2093,Ghosh-Gaba,Miscellaneous,Sole Proprietor,Ludhiana,Punjab,Active,2389.0,1.0,17706.6,17706.6,1.0,0.0,0.0,0.0,0.0,0.0,0.0,0.0,0.0,0.0,0.0,Low,False,False,False
MCH2094,Ratti Ltd,Grocery,Sole Proprietor,Bengaluru,Karnataka,Active,4897.48,2.0,13454.29,6727.145,2.0,0.0,0.0,0.0,0.0,0.0,0.0,0.0,0.0,0.0,0.0,Low,False,False,False
MCH2096,"Taneja, Basu And Bal",Telecom,Private Limited,Pune,Maharashtra,Active,1660.3,2.0,31054.03,15527.015,2.0,0.0,0.0,0.0,0.0,0.0,0.0,0.0,0.0,0.0,0.0,Low,False,False,False
MCH2098,Ranganathan-Chopra,Transportation,Private Limited,Chennai,Tamil Nadu,Active,4538.04,5.0,47960.06,9592.011999999999,5.0,0.0,0.0,0.0,0.0,0.0,0.0,0.0,0.0,0.0,0.0,Low,False,False,False
MCH2106,"Doctor, Karnik And Sridhar",Miscellaneous,Partnership,Bengaluru,Karnataka,Inactive,871.69,2.0,14559.54,7279.77,2.0,0.0,0.0,0.0,0.0,0.0,0.0,0.0,0.0,0.0,0.0,Low,False,False,False
MCH2107,"Wali, Srinivas And Vyas",Pharmacy,Private Limited,Chennai,Tamil Nadu,Active,679.27,3.0,23666.32,7888.7733333333335,3.0,0.0,0.0,0.0,0.0,0.0,0.0,0.0,0.0,0.0,0.0,Low,False,False,False
MCH2108,Sankar-Desai,Pharmacy,Sole Proprietor,Ludhiana,Punjab,Suspended,1535.43,4.0,55985.57000000001,13996.392500000002,3.0,0.0,1.0,0.0,0.0,0.0,0.0,0.0,0.0,0.0,0.0,Low,False,False,False
MCH2111,Dubey-Oommen,Hotel & Lodging,Individual,Ludhiana,Punjab,Active,5111.16,1.0,23856.92,23856.92,1.0,0.0,0.0,0.0,0.0,0.0,0.0,0.0,0.0,0.0,0.0,Low,False,False,False
MCH2115,Kohli-Doshi,Travel,Sole Proprietor,Chennai,Tamil Nadu,Active,8526.65,0.0,0.0,0.0,0.0,0.0,0.0,0.0,0.0,0.0,0.0,0,0,0,0.0,Low,False,False,False
MCH2117,Lal Group,Hotel & Lodging,Partnership,Jaipur,Rajasthan,Active,2615.21,1.0,13621.76,13621.76,1.0,0.0,0.0,0.0,0.0,0.0,0.0,0.0,0.0,0.0,0.0,Low,False,False,False
MCH2119,Kashyap Ltd,Apparel & Fashion,Individual,Chennai,Tamil Nadu,Inactive,1155.58,2.0,32250.01,16125.005,2.0,0.0,0.0,0.0,0.0,0.0,0.0,0.0,0.0,0.0,0.0,Low,False,False,False
MCH2120,Vohra-Kashyap,Telecom,Individual,Jaipur,Rajasthan,Active,2514.21,2.0,26189.6,13094.8,2.0,0.0,0.0,0.0,0.0,0.0,0.0,0.0,0.0,0.0,0.0,Low,False,False,False
MCH2123,"Pandey, Swamy And Desai",Pharmacy,Private Limited,Hyderabad,Telangana,Active,2367.0,3.0,63316.33,21105.443333333333,3.0,0.0,0.0,0.0,0.0,0.0,0.0,0.0,0.0,0.0,0.0,Low,False,False,False
MCH2124,"Chander, Kohli And Dube",Transportation,Individual,Delhi,Delhi,Active,1551.09,1.0,7416.0,7416.0,1.0,0.0,0.0,0.0,0.0,0.0,0.0,0.0,0.0,0.0,0.0,Low,False,False,False
MCH2126,Golla And Sons,Department Store,Partnership,Hyderabad,Telangana,Active,342.0,0.0,0.0,0.0,0.0,0.0,0.0,0.0,0.0,0.0,0.0,0,0,0,0.0,Low,False,False,False
MCH2128,Ghosh-Sharaf,Restaurants & Food,Partnership,Amritsar,Punjab,Active,3157.17,1.0,11087.0,11087.0,1.0,0.0,0.0,0.0,0.0,0.0,0.0,0.0,0.0,0.0,0.0,Low,False,False,False
MCH2129,Bhavsar-De,Pharmacy,Sole Proprietor,Hyderabad,Telangana,Active,4898.0,1.0,5254.52,5254.52,1.0,0.0,0.0,0.0,0.0,0.0,0.0,0.0,0.0,0.0,0.0,Low,False,False,False
MCH2133,Bose-Saraf,Miscellaneous,Sole Proprietor,Mumbai,Maharashtra,Active,,5.0,75908.25,15181.65,5.0,0.0,0.0,0.0,0.0,0.0,0.0,0.0,0.0,0.0,0.0,Low,False,False,False
MCH2135,"Singh, Talwar And Sur",Grocery,Private Limited,Jalandhar,Punjab,Suspended,704.34,0.0,0.0,0.0,0.0,0.0,0.0,0.0,0.0,0.0,0.0,0,0,0,0.0,Low,False,False,False
MCH2139,"Bali, Mahajan And Oza",Books & Stationery,Sole Proprietor,Bengaluru,Karnataka,Active,512.11,1.0,5081.12,5081.12,1.0,0.0,0.0,0.0,0.0,0.0,0.0,0.0,0.0,0.0,0.0,Low,False,False,False
MCH2142,"Banerjee, Ghose And Parekh",Books & Stationery,Sole Proprietor,Delhi,Delhi,Active,,4.0,43854.89,10963.7225,4.0,0.0,0.0,0.0,0.0,0.0,0.0,0.0,0.0,0.0,0.0,Low,False,False,False
MCH2144,Choudhary-Kashyap,Books & Stationery,Partnership,Ludhiana,Punjab,Active,350.72,3.0,27110.68,9036.893333333333,3.0,0.0,0.0,0.0,0.0,0.0,0.0,0.0,0.0,0.0,0.0,Low,False,False,False
MCH2153,"Dara, Vala And Venkatesh",Apparel & Fashion,Partnership,Chennai,Tamil Nadu,Active,,1.0,6514.57,6514.57,1.0,0.0,0.0,0.0,0.0,0.0,0.0,0.0,0.0,0.0,0.0,Low,False,False,False
MCH2154,"Badal, Yadav And Mane",Miscellaneous,Sole Proprietor,Lucknow,Uttar Pradesh,Active,,0.0,0.0,0.0,0.0,0.0,0.0,0.0,0.0,0.0,0.0,0,0,0,0.0,Low,False,False,False
MCH2157,Parmer-Sinha,Pharmacy,Partnership,Delhi,Delhi,Active,1536.42,2.0,41201.81,20600.905,2.0,0.0,0.0,0.0,0.0,0.0,0.0,0.0,0.0,0.0,0.0,Low,False,False,False
MCH2165,Venkataraman-Seshadri,Medical,Sole Proprietor,Pune,Maharashtra,Active,137.68,2.0,43578.51,21789.255,2.0,0.0,0.0,0.0,0.0,0.0,0.0,0.0,0.0,0.0,0.0,Low,False,False,False
MCH2166,Sant-Venkatesh,Pharmacy,Individual,Amritsar,Punjab,Active,789.14,5.0,45674.83,9134.966,5.0,0.0,0.0,0.0,0.0,0.0,0.0,0.0,0.0,0.0,0.0,Low,False,False,False
MCH2169,"Yogi, Bhakta And Suresh",Restaurants & Food,Private Limited,Hyderabad,Telangana,Active,5225.51,2.0,32547.79,16273.895,2.0,0.0,0.0,0.0,0.0,0.0,0.0,0.0,0.0,0.0,0.0,Low,False,False,False
MCH2172,"Taneja, Raj And Vora",Hotel & Lodging,Sole Proprietor,Hyderabad,Telangana,Active,466.45,1.0,2857.91,2857.91,1.0,0.0,0.0,0.0,0.0,0.0,0.0,0.0,0.0,0.0,0.0,Low,False,False,False
MCH2174,"Sood, Chowdhury And Chacko",Hotel & Lodging,Private Limited,Delhi,Delhi,Inactive,1287.16,1.0,24449.17,24449.17,1.0,0.0,0.0,0.0,0.0,0.0,0.0,0.0,0.0,0.0,0.0,Low,False,False,False
MCH2177,Ramakrishnan Inc,Grocery,Individual,Jaipur,Rajasthan,Active,1755.18,1.0,22657.29,22657.29,1.0,0.0,0.0,0.0,0.0,0.0,0.0,0.0,0.0,0.0,0.0,Low,False,False,False
MCH2180,Chaudry-Sidhu,Apparel & Fashion,Private Limited,Pune,Maharashtra,Active,3354.42,1.0,1564.0,1564.0,1.0,0.0,0.0,0.0,0.0,0.0,0.0,0.0,0.0,0.0,0.0,Low,False,False,False
MCH2183,Savant Llc,Travel,Sole Proprietor,Delhi,Delhi,Active,,3.0,40942.72,13647.573333333334,3.0,0.0,0.0,0.0,0.0,0.0,0.0,0.0,0.0,0.0,0.0,Low,False,False,False
MCH2185,Wagle Inc,Medical,Private Limited,Pune,Maharashtra,Suspended,828.0,2.0,20256.780000000002,10128.390000000001,2.0,0.0,0.0,0.0,0.0,0.0,0.0,0.0,0.0,0.0,0.0,Low,False,False,False
MCH2186,Venkatesh And Sons,Medical,Sole Proprietor,Lucknow,Uttar Pradesh,Active,661.82,2.0,25772.760000000002,12886.380000000001,2.0,0.0,0.0,0.0,0.0,0.0,0.0,0.0,0.0,0.0,0.0,Low,False,False,False
MCH2187,Balan And Sons,Miscellaneous,Sole Proprietor,Bengaluru,Karnataka,Active,1340.0,2.0,12208.18,6104.09,2.0,0.0,0.0,0.0,0.0,0.0,0.0,0.0,0.0,0.0,0.0,Low,False,False,False
MCH2188,"Sundaram, Prakash And Sheth",Apparel & Fashion,Sole Proprietor,Hyderabad,Telangana,Active,,2.0,28878.5,14439.25,1.0,0.0,0.0,0.0,0.0,0.0,0.0,0.0,0.0,0.0,0.0,Low,False,False,False
MCH2189,"Mammen, Balakrishnan And Prakash",Retail,Sole Proprietor,Jaipur,Rajasthan,Active,2363.97,3.0,51970.380000000005,17323.460000000003,3.0,0.0,0.0,0.0,0.0,0.0,0.0,0.0,0.0,0.0,0.0,Low,False,False,False
MCH2191,"Raval, Halder And Brahmbhatt",Miscellaneous,Sole Proprietor,Bengaluru,Karnataka,Active,2745.45,2.0,35643.37,17821.685,2.0,0.0,0.0,0.0,0.0,0.0,0.0,0.0,0.0,0.0,0.0,Low,False,False,False
MCH2196,Badal-Ghosh,Transportation,Individual,Delhi,Delhi,Active,188.84,3.0,19949.059999999998,6649.686666666666,3.0,0.0,0.0,0.0,0.0,0.0,0.0,0.0,0.0,0.0,0.0,Low,False,False,False
MCH2197,Palan-Bhatti,Department Store,Partnership,Delhi,Delhi,Active,2800.25,0.0,0.0,0.0,0.0,0.0,0.0,0.0,0.0,0.0,0.0,0,0,0,0.0,Low,False,False,False
MCH2198,"Arya, Dalal And Keer",Restaurants & Food,Private Limited,Jaipur,Rajasthan,Active,2776.31,2.0,2112.73,1056.365,2.0,0.0,0.0,0.0,0.0,0.0,0.0,0.0,0.0,0.0,0.0,Low,False,False,False
MCH2201,"Date, Muni And Dasgupta",Miscellaneous,Individual,Kolkata,West Bengal,Active,238.32,2.0,17207.39,8603.695,2.0,0.0,0.0,0.0,0.0,0.0,0.0,0.0,0.0,0.0,0.0,Low,False,False,False
MCH2202,"Dass, Vala And Goda",Pharmacy,Private Limited,Hyderabad,Telangana,On Hold,,2.0,29518.59,14759.295,2.0,0.0,0.0,0.0,0.0,0.0,0.0,0.0,0.0,0.0,0.0,Low,False,False,False
MCH2213,"Dash,Soniandpalla",Hotel & Lodging,Individual,Kolkata,West Bengal,Active,4392.08,1.0,6476.91,6476.91,1.0,0.0,0.0,0.0,0.0,0.0,0.0,0.0,0.0,0.0,0.0,Low,False,False,False
MCH2218,"Upadhyay, Sharma And Kothari",Hotel & Lodging,Partnership,Lucknow,Uttar Pradesh,Active,,5.0,73983.59,14796.717999999999,5.0,0.0,0.0,0.0,0.0,0.0,0.0,0.0,0.0,0.0,0.0,Low,False,False,False
MCH2220,Tailor And Sons,Department Store,Sole Proprietor,Mumbai,Maharashtra,Active,940.64,4.0,38332.21,9583.0525,4.0,0.0,0.0,0.0,0.0,0.0,0.0,0.0,0.0,0.0,0.0,Low,False,False,False
MCH2224,Nadig-Varma,Restaurants & Food,Private Limited,Chennai,Tamil Nadu,Active,2261.0,1.0,14135.01,14135.01,1.0,0.0,0.0,0.0,0.0,0.0,0.0,0.0,0.0,0.0,0.0,Low,False,False,False
MCH2229,"Kala, Baral And Subramanian",Department Store,Private Limited,Mumbai,Maharashtra,Active,577.0,4.0,40179.16,10044.79,4.0,0.0,0.0,0.0,0.0,0.0,0.0,0.0,0.0,0.0,0.0,Low,False,False,False
MCH2231,"Goyal, Balakrishnan And Patla",Hotel & Lodging,Private Limited,Bengaluru,Karnataka,Inactive,1360.71,4.0,36854.57,9213.6425,4.0,0.0,0.0,0.0,0.0,0.0,0.0,0.0,0.0,0.0,0.0,Low,False,False,False
MCH2236,Yohannan-Chada,Department Store,Private Limited,Kolkata,West Bengal,Inactive,5340.64,2.0,15440.4,7720.2,2.0,0.0,0.0,0.0,0.0,0.0,0.0,0.0,0.0,0.0,0.0,Low,False,False,False
MCH2237,Chatterjee-Din,Telecom,Sole Proprietor,Lucknow,Uttar Pradesh,Active,,2.0,18167.0,9083.5,2.0,0.0,0.0,0.0,0.0,0.0,0.0,0.0,0.0,0.0,0.0,Low,False,False,False
MCH2238,Chakrabarti-Lata,Apparel & Fashion,Individual,Amritsar,Punjab,Active,1650.0,0.0,0.0,0.0,0.0,0.0,0.0,0.0,0.0,0.0,0.0,0,0,0,0.0,Low,False,False,False
MCH2241,Patla-Prabhakar,Books & Stationery,Partnership,Kolkata,West Bengal,Active,868.0,1.0,585.95,585.95,1.0,0.0,0.0,0.0,0.0,0.0,0.0,0.0,0.0,0.0,0.0,Low,False,False,False
MCH2244,Master Plc,Pharmacy,Private Limited,Jalandhar,Punjab,Inactive,2383.0,1.0,7504.14,7504.14,1.0,0.0,0.0,0.0,0.0,0.0,0.0,0.0,0.0,0.0,0.0,Low,False,False,False
MCH2249,Bahri-Nagarajan,Hotel & Lodging,Sole Proprietor,Ludhiana,Punjab,Active,590.8,3.0,33508.229999999996,11169.409999999998,3.0,0.0,0.0,0.0,0.0,0.0,0.0,0.0,0.0,0.0,0.0,Low,False,False,False
MCH2250,Borra And Sons,Books & Stationery,Individual,Hyderabad,Telangana,Active,,1.0,22869.59,22869.59,1.0,0.0,0.0,0.0,0.0,0.0,0.0,0.0,0.0,0.0,0.0,Low,False,False,False
MCH2255,Lal Ltd,Department Store,Individual,Jaipur,Rajasthan,Active,1404.67,1.0,15749.22,15749.22,1.0,0.0,0.0,0.0,0.0,0.0,0.0,0.0,0.0,0.0,0.0,Low,False,False,False
MCH2257,Mandal-Sankaran,Department Store,Individual,Mumbai,Maharashtra,Active,4831.04,3.0,56657.09,18885.696666666667,3.0,0.0,0.0,0.0,0.0,0.0,0.0,0.0,0.0,0.0,0.0,Low,False,False,False
MCH2261,Gr0Ver Inc,Restaurants & Food,Sole Proprietor,Mumbai,Maharashtra,Active,1519.0,2.0,20879.83,10439.915,1.0,0.0,1.0,0.0,0.0,0.0,0.0,0.0,0.0,0.0,0.0,Low,False,False,False
MCH2263,Puri-D’Alia,Department Store,Private Limited,Amritsar,Punjab,Active,2781.79,1.0,19668.45,19668.45,1.0,0.0,0.0,0.0,0.0,0.0,0.0,0.0,0.0,0.0,0.0,Low,False,False,False
MCH2264,"Sule, Sarma And Sur",Retail,Individual,Delhi,Delhi,Suspended,4017.0,3.0,47089.01,15696.336666666668,2.0,0.0,1.0,0.0,0.0,0.0,0.0,0.0,0.0,0.0,0.0,Low,False,False,False
MCH2267,Bobal And Sons,Hotel & Lodging,Partnership,Delhi,Delhi,Active,2114.71,3.0,20843.0,6947.666666666667,3.0,0.0,0.0,0.0,0.0,0.0,0.0,0.0,0.0,0.0,0.0,Low,False,False,False
MCH2268,"Verma, Aurora And De",Miscellaneous,Private Limited,Jalandhar,Punjab,Active,995.42,2.0,29980.65,14990.325,2.0,0.0,0.0,0.0,0.0,0.0,0.0,0.0,0.0,0.0,0.0,Low,False,False,False
MCH2279,Sarma Inc,Pharmacy,Private Limited,Mumbai,Maharashtra,Active,2197.82,1.0,19991.01,19991.01,1.0,0.0,0.0,0.0,0.0,0.0,0.0,0.0,0.0,0.0,0.0,Low,False,False,False
MCH2283,"Dhawan, Pa11A And Krishnan",Hotel & Lodging,Partnership,Hyderabad,Telangana,Active,954.74,0.0,0.0,0.0,0.0,0.0,0.0,0.0,0.0,0.0,0.0,0,0,0,0.0,Low,False,False,False
MCH2289,Tank-Datta,Restaurants & Food,Private Limited,Hyderabad,Telangana,Active,372.03,3.0,11645.79,3881.9300000000003,2.0,0.0,1.0,0.0,0.0,0.0,0.0,0.0,0.0,0.0,0.0,Low,False,False,False
MCH2293,"Pandit, Bhavsar And Barman",Telecom,Private Limited,Pune,Maharashtra,Active,792.61,1.0,13310.55,13310.55,0.0,0.0,0.0,0.0,0.0,0.0,0.0,0.0,0.0,0.0,0.0,Low,False,False,False
MCH2299,Ahluwalia Inc,Travel,Partnership,Ludhiana,Punjab,Active,2936.54,6.0,100456.55,16742.758333333335,4.0,0.0,0.0,0.0,0.0,0.0,0.0,0.0,0.0,0.0,0.0,Low,False,False,False
MCH2306,Goswami Inc,Hotel & Lodging,Sole Proprietor,Bengaluru,Karnataka,Active,1562.95,2.0,37347.03,18673.515,2.0,0.0,0.0,0.0,0.0,0.0,0.0,0.0,0.0,0.0,0.0,Low,False,False,False
MCH2308,Bhattacharyya Llc,Department Store,Sole Proprietor,Jalandhar,Punjab,Inactive,4753.89,1.0,21112.21,21112.21,1.0,0.0,0.0,0.0,0.0,0.0,0.0,0.0,0.0,0.0,0.0,Low,False,False,False
MCH2310,Raj Ltd,Grocery,Partnership,Jaipur,Rajasthan,Inactive,681.98,1.0,8163.09,8163.09,1.0,0.0,0.0,0.0,0.0,0.0,0.0,0.0,0.0,0.0,0.0,Low,False,False,False
MCH2313,Gulati Llc,Miscellaneous,Private Limited,Kolkata,West Bengal,Inactive,,1.0,2239.66,2239.66,1.0,0.0,0.0,0.0,0.0,0.0,0.0,0.0,0.0,0.0,0.0,Low,False,False,False
MCH2314,"Tank, Bera And Dash",Restaurants & Food,Sole Proprietor,Kolkata,West Bengal,Active,2905.93,3.0,26486.449999999997,8828.816666666666,3.0,0.0,0.0,0.0,0.0,0.0,0.0,0.0,0.0,0.0,0.0,Low,False,False,False
MCH2332,Toor Inc,Hotel & Lodging,Individual,Ludhiana,Punjab,Active,,1.0,8884.78,8884.78,1.0,0.0,0.0,0.0,0.0,0.0,0.0,0.0,0.0,0.0,0.0,Low,False,False,False
MCH2344,"Purohit, Rege And Patil",Apparel & Fashion,Private Limited,Jaipur,Rajasthan,Active,,1.0,18596.75,18596.75,1.0,0.0,0.0,0.0,0.0,0.0,0.0,0.0,0.0,0.0,0.0,Low,False,False,False
MCH2345,"Kibe, Verma And Koshy",Telecom,Individual,Bengaluru,Karnataka,Active,808.61,2.0,4644.570000000001,2322.2850000000003,1.0,0.0,0.0,0.0,0.0,0.0,0.0,0.0,0.0,0.0,0.0,Low,False,False,False
MCH2346,Palla-Mannan,Apparel & Fashion,Partnership,Chennai,Tamil Nadu,Active,468.76,4.0,73847.56,18461.89,4.0,0.0,0.0,0.0,0.0,0.0,0.0,0.0,0.0,0.0,0.0,Low,False,False,False
MCH2347,"Dara, Ravel And Soni",Pharmacy,Sole Proprietor,Amritsar,Punjab,Active,3169.93,2.0,34380.56,17190.28,2.0,0.0,0.0,0.0,0.0,0.0,0.0,0.0,0.0,0.0,0.0,Low,False,False,False
MCH2353,Sood-Vasa,Grocery,Sole Proprietor,Mumbai,Maharashtra,Active,2728.11,2.0,17403.68,8701.84,2.0,0.0,0.0,0.0,0.0,0.0,0.0,0.0,0.0,0.0,0.0,Low,False,False,False
MCH2354,"Toor, Nagi And Dara",Medical,Sole Proprietor,Pune,Maharashtra,Active,1954.79,3.0,22564.43,7521.4766666666665,3.0,0.0,0.0,0.0,0.0,0.0,0.0,0.0,0.0,0.0,0.0,Low,False,False,False
MCH2356,"Vyas, Chhabra And Kala",Hotel & Lodging,Private Limited,Chennai,Tamil Nadu,Active,2064.97,3.0,72012.16,24004.053333333333,3.0,0.0,0.0,0.0,0.0,0.0,0.0,0.0,0.0,0.0,0.0,Low,False,False,False
MCH2357,Shan Ltd,Miscellaneous,Individual,Jalandhar,Punjab,Active,945.26,0.0,0.0,0.0,0.0,0.0,0.0,0.0,0.0,0.0,0.0,0,0,0,0.0,Low,False,False,False
MCH2360,Bhakta-Nazareth,Books & Stationery,Private Limited,Jaipur,Rajasthan,Inactive,755.69,1.0,21477.37,21477.37,1.0,0.0,0.0,0.0,0.0,0.0,0.0,0.0,0.0,0.0,0.0,Low,False,False,False
MCH2368,Chadha-Barman,Pharmacy,Individual,Jalandhar,Punjab,Suspended,3326.29,3.0,32168.85,10722.949999999999,3.0,0.0,0.0,0.0,0.0,0.0,0.0,0.0,0.0,0.0,0.0,Low,False,False,False
MCH2370,Mutti-Sarma,Apparel & Fashion,Individual,Delhi,Delhi,Active,6053.56,1.0,12235.0,12235.0,1.0,0.0,0.0,0.0,0.0,0.0,0.0,0.0,0.0,0.0,0.0,Low,False,False,False
MCH2376,"Lata, Krishnamurthy And Lal",Retail,Partnership,Jalandhar,Punjab,Active,113.0,4.0,48318.479999999996,12079.619999999999,4.0,0.0,0.0,0.0,0.0,0.0,0.0,0.0,0.0,0.0,0.0,Low,False,False,False
MCH2382,Parsa-Mandal,Telecom,Individual,Jalandhar,Punjab,Suspended,16892.62,1.0,24348.78,24348.78,1.0,0.0,0.0,0.0,0.0,0.0,0.0,0.0,0.0,0.0,0.0,Low,False,False,False
MCH2384,Sarkar-Aur0Ra,Pharmacy,Sole Proprietor,Jaipur,Rajasthan,Active,4909.55,3.0,25974.41,8658.136666666667,2.0,0.0,0.0,0.0,0.0,0.0,0.0,0.0,0.0,0.0,0.0,Low,False,False,False
MCH2392,Shetty And Sons,Grocery,Individual,Amritsar,Punjab,Active,655.01,2.0,21784.1,10892.05,2.0,0.0,0.0,0.0,0.0,0.0,0.0,0.0,0.0,0.0,0.0,Low,False,False,False
MCH2394,Rajagopalan Llc,Restaurants & Food,Partnership,Kolkata,West Bengal,Active,2001.35,2.0,26785.01,13392.505,2.0,0.0,0.0,0.0,0.0,0.0,0.0,0.0,0.0,0.0,0.0,Low,False,False,False
MCH2395,Sathe-Dixit,Transportation,Private Limited,Chennai,Tamil Nadu,Active,941.52,3.0,45175.07,15058.356666666667,2.0,0.0,1.0,0.0,0.0,0.0,0.0,0.0,0.0,0.0,0.0,Low,False,False,False
MCH2403,Chana-Yohannan,Grocery,Partnership,Kolkata,West Bengal,Active,574.13,3.0,62194.73,20731.576666666668,3.0,0.0,0.0,0.0,0.0,0.0,0.0,0.0,0.0,0.0,0.0,Low,False,False,False
MCH2408,"Kumar, Din And Sule",Miscellaneous,Sole Proprietor,Bengaluru,Karnataka,Active,,1.0,21351.48,21351.48,1.0,0.0,0.0,0.0,0.0,0.0,0.0,0.0,0.0,0.0,0.0,Low,False,False,False
MCH2411,Saraf-Gola,Transportation,Individual,Jaipur,Rajasthan,Active,2300.71,1.0,12817.44,12817.44,1.0,0.0,0.0,0.0,0.0,0.0,0.0,0.0,0.0,0.0,0.0,Low,False,False,False
MCH2412,Nadig Inc,Books & Stationery,Individual,Hyderabad,Telangana,Active,144.12,1.0,12511.96,12511.96,1.0,0.0,0.0,0.0,0.0,0.0,0.0,0.0,0.0,0.0,0.0,Low,False,False,False
MCH2416,"Gokhale, Dua And Murty",Grocery,Sole Proprietor,Delhi,Delhi,Active,4341.41,1.0,17082.56,17082.56,1.0,0.0,0.0,0.0,0.0,0.0,0.0,0.0,0.0,0.0,0.0,Low,False,False,False
MCH2418,Doctor Group,Transportation,Sole Proprietor,Bengaluru,Karnataka,Active,523.42,3.0,47491.95,15830.65,3.0,0.0,0.0,0.0,0.0,0.0,0.0,0.0,0.0,0.0,0.0,Low,False,False,False
MCH2419,Suri Ltd,Miscellaneous,Individual,Mumbai,Maharashtra,Active,,0.0,0.0,0.0,0.0,0.0,0.0,0.0,0.0,0.0,0.0,0,0,0,0.0,Low,False,False,False
MCH2422,Sampath-Balasubramanian,Telecom,Private Limited,Bengaluru,Karnataka,Active,2352.58,1.0,22934.55,22934.55,1.0,0.0,0.0,0.0,0.0,0.0,0.0,0.0,0.0,0.0,0.0,Low,False,False,False
MCH2423,Ratti-Gupta,Travel,Private Limited,Hyderabad,Telangana,Active,1549.78,1.0,671.1,671.1,1.0,0.0,0.0,0.0,0.0,0.0,0.0,0.0,0.0,0.0,0.0,Low,False,False,False
MCH2425,Suri-Kurian,Grocery,Partnership,Ludhiana,Punjab,Active,1800.35,5.0,65359.6,13071.92,5.0,0.0,0.0,0.0,0.0,0.0,0.0,0.0,0.0,0.0,0.0,Low,False,False,False
MCH2428,Suresh-Varma,Telecom,Private Limited,Hyderabad,Telangana,Active,949.0,3.0,28931.989999999998,9643.996666666666,3.0,0.0,0.0,0.0,0.0,0.0,0.0,0.0,0.0,0.0,0.0,Low,False,False,False
MCH2430,Bora Group,Telecom,Individual,Amritsar,Punjab,Active,827.43,0.0,0.0,0.0,0.0,0.0,0.0,0.0,0.0,0.0,0.0,0,0,0,0.0,Low,False,False,False
MCH2432,Parmar-Parmer,Transportation,Individual,Kolkata,West Bengal,Active,2557.63,1.0,1564.95,1564.95,1.0,0.0,0.0,0.0,0.0,0.0,0.0,0.0,0.0,0.0,0.0,Low,False,False,False
MCH2440,Hans-Master,Hotel & Lodging,Sole Proprietor,Ludhiana,Punjab,Active,1395.0,2.0,38233.94,19116.97,2.0,0.0,0.0,0.0,0.0,0.0,0.0,0.0,0.0,0.0,0.0,Low,False,False,False
MCH2442,Gole Plc,Restaurants & Food,Partnership,Mumbai,Maharashtra,Active,625.13,2.0,21587.68,10793.84,2.0,0.0,0.0,0.0,0.0,0.0,0.0,0.0,0.0,0.0,0.0,Low,False,False,False
MCH2444,"Sachar, Das And Deo",Transportation,Sole Proprietor,Jalandhar,Punjab,Active,563.27,4.0,65778.41,16444.6025,3.0,0.0,1.0,0.0,0.0,0.0,0.0,0.0,0.0,0.0,0.0,Low,False,False,False
MCH2445,Khare-Sane,Miscellaneous,Sole Proprietor,Jaipur,Rajasthan,Active,6063.97,1.0,19921.35,19921.35,1.0,0.0,0.0,0.0,0.0,0.0,0.0,0.0,0.0,0.0,0.0,Low,False,False,False
MCH2448,Shan Ltd,Apparel & Fashion,Private Limited,Delhi,Delhi,Active,331.32,4.0,34721.270000000004,8680.317500000001,4.0,0.0,0.0,0.0,0.0,0.0,0.0,0.0,0.0,0.0,0.0,Low,False,False,False
MCH2459,Gala And Sons,Transportation,Sole Proprietor,Jaipur,Rajasthan,Active,789.05,1.0,20979.1,20979.1,1.0,0.0,0.0,0.0,0.0,0.0,0.0,0.0,0.0,0.0,0.0,Low,False,False,False
MCH2463,"Pillai, Tank And Das",Hotel & Lodging,Sole Proprietor,Chennai,Tamil Nadu,Active,1834.3,5.0,51433.15,10286.630000000001,5.0,0.0,0.0,0.0,0.0,0.0,0.0,0.0,0.0,0.0,0.0,Low,False,False,False
MCH2470,Chadha Llc,Miscellaneous,Individual,Lucknow,Uttar Pradesh,Active,144.47,3.0,48388.86,16129.62,3.0,0.0,0.0,0.0,0.0,0.0,0.0,0.0,0.0,0.0,0.0,Low,False,False,False
MCH2473,Lanka Inc,Books & Stationery,Individual,Bengaluru,Karnataka,Active,1883.19,0.0,0.0,0.0,0.0,0.0,0.0,0.0,0.0,0.0,0.0,0,0,0,0.0,Low,False,False,False
MCH2474,"Setty, Reddy And Singh",Medical,Sole Proprietor,Kolkata,West Bengal,Active,3043.1,1.0,16216.87,16216.87,1.0,0.0,0.0,0.0,0.0,0.0,0.0,0.0,0.0,0.0,0.0,Low,False,False,False
MCH2475,Bains-Sahota,Grocery,Individual,Bengaluru,Karnataka,Active,,1.0,3652.07,3652.07,1.0,0.0,0.0,0.0,0.0,0.0,0.0,0.0,0.0,0.0,0.0,Low,False,False,False
MCH2480,Banik-Nagar,Restaurants & Food,Private Limited,Jaipur,Rajasthan,Active,3594.0,3.0,43337.27,14445.756666666666,2.0,0.0,1.0,0.0,0.0,0.0,0.0,0.0,0.0,0.0,0.0,Low,False,False,False
MCH2486,"Mohanty, Iyer And Sharma",Hotel & Lodging,Individual,Chennai,Tamil Nadu,Active,2266.0,0.0,0.0,0.0,0.0,0.0,0.0,0.0,0.0,0.0,0.0,0,0,0,0.0,Low,False,False,False
MCH2487,Venkatesh Ltd,Hotel & Lodging,Partnership,Ludhiana,Punjab,Active,2913.12,2.0,27509.71,13754.855,2.0,0.0,0.0,0.0,0.0,0.0,0.0,0.0,0.0,0.0,0.0,Low,False,False,False
MCH2494,Sane Ltd,Apparel & Fashion,Partnership,Amritsar,Punjab,Active,582.0,0.0,0.0,0.0,0.0,0.0,0.0,0.0,0.0,0.0,0.0,0,0,0,0.0,Low,False,False,False
MCH2498,Peri-Sachdeva,Hotel & Lodging,Individual,Lucknow,Uttar Pradesh,Active,1576.69,1.0,19451.87,19451.87,1.0,0.0,0.0,0.0,0.0,0.0,0.0,0.0,0.0,0.0,0.0,Low,False,False,False
MCH2501,Ravel Inc,Pharmacy,Partnership,Ludhiana,Punjab,Active,2494.94,4.0,47089.72,11772.43,4.0,0.0,0.0,0.0,0.0,0.0,0.0,0.0,0.0,0.0,0.0,Low,False,False,False
MCH2504,Mittal Ltd,Miscellaneous,Individual,Pune,Maharashtra,Inactive,1689.96,1.0,21694.4,21694.4,1.0,0.0,0.0,0.0,0.0,0.0,0.0,0.0,0.0,0.0,0.0,Low,False,False,False
MCH2506,"Sarna, Vora And Seth",Transportation,Individual,Jaipur,Rajasthan,Active,222.33,1.0,300.55,300.55,1.0,0.0,0.0,0.0,0.0,0.0,0.0,0.0,0.0,0.0,0.0,Low,False,False,False
MCH2513,Bhallainc,Apparel & Fashion,Partnership,Amritsar,Punjab,Active,5544.37,2.0,15875.31,7937.655,2.0,0.0,0.0,0.0,0.0,0.0,0.0,0.0,0.0,0.0,0.0,Low,False,False,False
MCH2516,Ben-Varghese,Grocery,Sole Proprietor,Chennai,Tamil Nadu,Suspended,398.68,5.0,60539.130000000005,12107.826000000001,5.0,0.0,0.0,0.0,0.0,0.0,0.0,0.0,0.0,0.0,0.0,Low,False,False,False
MCH2523,Sarma Inc,Miscellaneous,Individual,Kolkata,West Bengal,Active,2146.62,2.0,33195.84,16597.92,2.0,0.0,0.0,0.0,0.0,0.0,0.0,0.0,0.0,0.0,0.0,Low,False,False,False
MCH2525,Narayan-Mallick,Medical,Sole Proprietor,Amritsar,Punjab,Active,1084.48,2.0,38551.7,19275.85,2.0,0.0,0.0,0.0,0.0,0.0,0.0,0.0,0.0,0.0,0.0,Low,False,False,False
MCH2529,Sheth-Pal,Books & Stationery,Individual,Lucknow,Uttar Pradesh,Active,1398.37,2.0,39310.36,19655.18,2.0,0.0,0.0,0.0,0.0,0.0,0.0,0.0,0.0,0.0,0.0,Low,False,False,False
MCH2532,Chad Inc,Miscellaneous,Partnership,Jaipur,Rajasthan,Inactive,351.38,0.0,0.0,0.0,0.0,0.0,0.0,0.0,0.0,0.0,0.0,0,0,0,0.0,Low,False,False,False
MCH2535,Mody-Grewal,Apparel & Fashion,Sole Proprietor,Mumbai,Maharashtra,Active,1997.41,0.0,0.0,0.0,0.0,0.0,0.0,0.0,0.0,0.0,0.0,0,0,0,0.0,Low,False,False,False
MCH2536,Divan-Radhakrishnan,Transportation,Private Limited,Pune,Maharashtra,Active,,3.0,29740.92,9913.64,3.0,0.0,0.0,0.0,0.0,0.0,0.0,0.0,0.0,0.0,0.0,Low,False,False,False
MCH2542,Thakur Group,Grocery,Sole Proprietor,Kolkata,West Bengal,Inactive,3711.74,1.0,22554.83,22554.83,1.0,0.0,0.0,0.0,0.0,0.0,0.0,0.0,0.0,0.0,0.0,Low,False,False,False
MCH2548,Anne Llc,Restaurants & Food,Partnership,Kolkata,West Bengal,Active,2367.01,4.0,58275.44,14568.86,4.0,0.0,0.0,0.0,0.0,0.0,0.0,0.0,0.0,0.0,0.0,Low,False,False,False
MCH2550,"Basu, Madan And Chaudry",Miscellaneous,Private Limited,Pune,Maharashtra,Active,1412.55,3.0,31738.25,10579.416666666666,2.0,0.0,1.0,0.0,0.0,0.0,0.0,0.0,0.0,0.0,0.0,Low,False,False,False
MCH2551,"Krishnamurthy, Murthy And Savant",Apparel & Fashion,Private Limited,Pune,Maharashtra,Active,3427.0,1.0,23452.22,23452.22,1.0,0.0,0.0,0.0,0.0,0.0,0.0,0.0,0.0,0.0,0.0,Low,False,False,False
MCH2559,"Sastry, Dhar And Kibe",Hotel & Lodging,Partnership,Pune,Maharashtra,Active,1827.84,0.0,0.0,0.0,0.0,0.0,0.0,0.0,0.0,0.0,0.0,0,0,0,0.0,Low,False,False,False
MCH2564,Bumb And Sons,Hotel & Lodging,Private Limited,Hyderabad,Telangana,Active,1155.71,2.0,12185.35,6092.675,1.0,0.0,1.0,0.0,0.0,0.0,0.0,0.0,0.0,0.0,0.0,Low,False,False,False
MCH2567,"Magar, Hora And Khare",Transportation,Sole Proprietor,Delhi,Delhi,Active,572.7,2.0,24043.190000000002,12021.595000000001,2.0,0.0,0.0,0.0,0.0,0.0,0.0,0.0,0.0,0.0,0.0,Low,False,False,False
MCH2568,"Dhaliwal, Bhat And Sarin",Grocery,Partnership,Mumbai,Maharashtra,Active,803.0,4.0,69784.44,17446.11,3.0,0.0,1.0,0.0,0.0,0.0,0.0,0.0,0.0,0.0,0.0,Low,False,False,False
MCH2571,Deep-Chakraborty,Restaurants & Food,Partnership,Delhi,Delhi,Suspended,3828.75,5.0,73156.66,14631.332,5.0,0.0,0.0,0.0,0.0,0.0,0.0,0.0,0.0,0.0,0.0,Low,False,False,False
MCH2577,Dua Inc,Restaurants & Food,Sole Proprietor,Bengaluru,Karnataka,Active,23536.65,2.0,8274.41,4137.205,2.0,0.0,0.0,0.0,0.0,0.0,0.0,0.0,0.0,0.0,0.0,Low,False,False,False
MCH2579,More Inc,Books & Stationery,Partnership,Jaipur,Rajasthan,Active,4068.74,3.0,49661.13,16553.71,2.0,0.0,0.0,0.0,0.0,0.0,0.0,0.0,0.0,0.0,0.0,Low,False,False,False
MCH2580,Rajag0Pa1An-S0Man,Restaurants & Food,Private Limited,Jaipur,Rajasthan,Active,7864.69,0.0,0.0,0.0,0.0,0.0,0.0,0.0,0.0,0.0,0.0,0,0,0,0.0,Low,False,False,False
MCH2582,Lal Plc,Pharmacy,Sole Proprietor,Delhi,Delhi,Active,1344.48,1.0,7850.24,7850.24,1.0,0.0,0.0,0.0,0.0,0.0,0.0,0.0,0.0,0.0,0.0,Low,False,False,False
MCH2583,Gole-Prabhakar,Telecom,Private Limited,Bengaluru,Karnataka,Active,323.0,1.0,22831.61,22831.61,1.0,0.0,0.0,0.0,0.0,0.0,0.0,0.0,0.0,0.0,0.0,Low,False,False,False
MCH2585,Roy Llc,Grocery,Sole Proprietor,Jaipur,Rajasthan,Active,2233.97,0.0,0.0,0.0,0.0,0.0,0.0,0.0,0.0,0.0,0.0,0,0,0,0.0,Low,False,False,False
MCH2589,Dhawan-Thaker,Department Store,Sole Proprietor,Hyderabad,Telangana,Inactive,,1.0,22251.04,22251.04,1.0,0.0,0.0,0.0,0.0,0.0,0.0,0.0,0.0,0.0,0.0,Low,False,False,False
MCH2591,"Deol, Palla And Goel",Grocery,Individual,Hyderabad,Telangana,Active,468.59,1.0,11807.0,11807.0,1.0,0.0,0.0,0.0,0.0,0.0,0.0,0.0,0.0,0.0,0.0,Low,False,False,False
MCH2592,"Garg, Saha And Sampath",Miscellaneous,Private Limited,Hyderabad,Telangana,Active,3945.98,2.0,28103.519999999997,14051.759999999998,2.0,0.0,0.0,0.0,0.0,0.0,0.0,0.0,0.0,0.0,0.0,Low,False,False,False
MCH2593,Gour Inc,Miscellaneous,Sole Proprietor,Jalandhar,Punjab,Active,1307.82,2.0,14222.46,7111.23,2.0,0.0,0.0,0.0,0.0,0.0,0.0,0.0,0.0,0.0,0.0,Low,False,False,False
MCH2596,Vasa Plc,Transportation,Sole Proprietor,Hyderabad,Telangana,Active,,3.0,41203.68,13734.56,3.0,0.0,0.0,0.0,0.0,0.0,0.0,0.0,0.0,0.0,0.0,Low,False,False,False
MCH2598,Sani Gr0Up,Apparel & Fashion,Partnership,Pune,Maharashtra,Active,489.0,2.0,37121.8,18560.9,2.0,0.0,0.0,0.0,0.0,0.0,0.0,0.0,0.0,0.0,0.0,Low,False,False,False
MCH2601,"Mangal, Lalla And Desai",Transportation,Private Limited,Ludhiana,Punjab,Active,1601.46,2.0,6323.68,3161.84,2.0,0.0,0.0,0.0,0.0,0.0,0.0,0.0,0.0,0.0,0.0,Low,False,False,False
MCH2604,Sharaf-Kaur,Transportation,Private Limited,Lucknow,Uttar Pradesh,Active,1813.01,1.0,13096.57,13096.57,1.0,0.0,0.0,0.0,0.0,0.0,0.0,0.0,0.0,0.0,0.0,Low,False,False,False
MCH2605,Gera-Karpe,Apparel & Fashion,Individual,Mumbai,Maharashtra,Active,1371.0,2.0,4947.38,2473.69,2.0,0.0,0.0,0.0,0.0,0.0,0.0,0.0,0.0,0.0,0.0,Low,False,False,False
MCH2608,"Loyal, Ghosh And Gaba",Miscellaneous,Individual,Hyderabad,Telangana,Active,869.47,2.0,21155.58,10577.79,2.0,0.0,0.0,0.0,0.0,0.0,0.0,0.0,0.0,0.0,0.0,Low,False,False,False
MCH2610,"Dhar, Mahajan And Sarkar",Pharmacy,Private Limited,Delhi,Delhi,Active,,0.0,0.0,0.0,0.0,0.0,0.0,0.0,0.0,0.0,0.0,0,0,0,0.0,Low,False,False,False
MCH2613,"Grewal, Gade And Bhattacharyya",Telecom,Private Limited,Kolkata,West Bengal,On Hold,1066.15,1.0,12137.41,12137.41,1.0,0.0,0.0,0.0,0.0,0.0,0.0,0.0,0.0,0.0,0.0,Low,False,False,False
MCH2617,Mander-Parmar,Telecom,Private Limited,Kolkata,West Bengal,Active,5191.58,6.0,75854.89,12642.481666666667,6.0,0.0,0.0,0.0,0.0,0.0,0.0,0.0,0.0,0.0,0.0,Low,False,False,False
MCH2618,"Loyal, Nadkarni And Mangal",Books & Stationery,Partnership,Bengaluru,Karnataka,Active,816.0,0.0,0.0,0.0,0.0,0.0,0.0,0.0,0.0,0.0,0.0,0,0,0,0.0,Low,False,False,False
MCH2623,"Oak, Nadig And Doshi",Grocery,Sole Proprietor,Jalandhar,Punjab,Active,1380.47,1.0,19253.06,19253.06,1.0,0.0,0.0,0.0,0.0,0.0,0.0,0.0,0.0,0.0,0.0,Low,False,False,False
MCH2624,Pandya Group,Department Store,Individual,Mumbai,Maharashtra,On Hold,606.95,2.0,39003.240000000005,19501.620000000003,2.0,0.0,0.0,0.0,0.0,0.0,0.0,0.0,0.0,0.0,0.0,Low,False,False,False
MCH2628,Muni Plc,Department Store,Individual,Pune,Maharashtra,Active,,3.0,38820.67,12940.223333333333,3.0,0.0,0.0,0.0,0.0,0.0,0.0,0.0,0.0,0.0,0.0,Low,False,False,False
MCH2632,Agate-Gandhi,Department Store,Partnership,Chennai,Tamil Nadu,Active,,4.0,41688.75,10422.1875,3.0,0.0,0.0,0.0,0.0,0.0,0.0,0.0,0.0,0.0,0.0,Low,False,False,False
MCH2634,"Karnik, Bains And Ratti",Retail,Individual,Bengaluru,Karnataka,Active,581.71,2.0,13375.6,6687.8,1.0,0.0,0.0,0.0,0.0,0.0,0.0,0.0,0.0,0.0,0.0,Low,False,False,False
MCH2636,Rau Plc,Department Store,Partnership,Delhi,Delhi,Active,5739.27,1.0,19315.0,19315.0,1.0,0.0,0.0,0.0,0.0,0.0,0.0,0.0,0.0,0.0,0.0,Low,False,False,False
MCH2641,Varma-Saha,Miscellaneous,Individual,Bengaluru,Karnataka,Inactive,5621.28,1.0,9264.3,9264.3,1.0,0.0,0.0,0.0,0.0,0.0,0.0,0.0,0.0,0.0,0.0,Low,False,False,False
MCH2649,Pandya Plc,Grocery,Individual,Pune,Maharashtra,Active,6206.32,2.0,7005.38,3502.69,2.0,0.0,0.0,0.0,0.0,0.0,0.0,0.0,0.0,0.0,0.0,Low,False,False,False
MCH2650,Choudhary Ltd,Books & Stationery,Individual,Delhi,Delhi,Inactive,1197.2,3.0,22199.1,7399.7,3.0,0.0,0.0,0.0,0.0,0.0,0.0,0.0,0.0,0.0,0.0,Low,False,False,False
MCH2654,Saxena-Sarkar,Telecom,Sole Proprietor,Pune,Maharashtra,Active,3080.46,1.0,2918.0,2918.0,1.0,0.0,0.0,0.0,0.0,0.0,0.0,0.0,0.0,0.0,0.0,Low,False,False,False
MCH2655,"Brahmbhatt, Desai And Sangha",Telecom,Sole Proprietor,Amritsar,Punjab,Active,3102.0,1.0,13039.21,13039.21,1.0,0.0,0.0,0.0,0.0,0.0,0.0,0.0,0.0,0.0,0.0,Low,False,False,False
MCH2656,"Patla, Deo And Babu",Pharmacy,Partnership,Jaipur,Rajasthan,Active,1217.69,2.0,25559.98,12779.99,2.0,0.0,0.0,0.0,0.0,0.0,0.0,0.0,0.0,0.0,0.0,Low,False,False,False
MCH2658,"Parmar, Purohit And Bhasin",Restaurants & Food,Sole Proprietor,Bengaluru,Karnataka,Active,548.82,2.0,15661.09,7830.545,2.0,0.0,0.0,0.0,0.0,0.0,0.0,0.0,0.0,0.0,0.0,Low,False,False,False
MCH2671,Mohanty-Chakrabarti,Miscellaneous,Partnership,Jalandhar,Punjab,Active,1187.55,1.0,8951.7,8951.7,1.0,0.0,0.0,0.0,0.0,0.0,0.0,0.0,0.0,0.0,0.0,Low,False,False,False
MCH2674,Rajagopalan Inc,Pharmacy,Partnership,Amritsar,Punjab,Active,1499.0,1.0,8506.71,8506.71,0.0,0.0,1.0,0.0,0.0,0.0,0.0,0.0,0.0,0.0,0.0,Low,False,False,False
MCH2675,Venkataraman-Rastogi,Books & Stationery,Private Limited,Amritsar,Punjab,Active,877.85,3.0,41709.34,13903.113333333333,3.0,0.0,0.0,0.0,0.0,0.0,0.0,0.0,0.0,0.0,0.0,Low,False,False,False
MCH2679,"Barman, Bains And Shan",Pharmacy,Private Limited,Mumbai,Maharashtra,Active,1334.82,0.0,0.0,0.0,0.0,0.0,0.0,0.0,0.0,0.0,0.0,0,0,0,0.0,Low,False,False,False
MCH2684,Barad-Jaggi,Books & Stationery,Sole Proprietor,Delhi,Delhi,Active,518.0,1.0,24194.18,24194.18,1.0,0.0,0.0,0.0,0.0,0.0,0.0,0.0,0.0,0.0,0.0,Low,False,False,False
MCH2690,Nagarajan Inc,Medical,Sole Proprietor,Lucknow,Uttar Pradesh,Suspended,3091.83,4.0,57886.47,14471.6175,4.0,0.0,0.0,0.0,0.0,0.0,0.0,0.0,0.0,0.0,0.0,Low,False,False,False
MCH2694,Misra Plc,Apparel & Fashion,Individual,Pune,Maharashtra,Inactive,2669.29,6.0,55851.17,9308.528333333334,5.0,1.0,0.0,0.0,0.0,0.0,0.0,16.67,0.0,0.0,0.0,Low,False,False,False
MCH2695,Patil Inc,Grocery,Partnership,Pune,Maharashtra,Active,792.09,2.0,28857.85,14428.925,2.0,0.0,0.0,0.0,0.0,0.0,0.0,0.0,0.0,0.0,0.0,Low,False,False,False
MCH2696,"Dave, Chaudhari And Bhatti",Grocery,Individual,Delhi,Delhi,Active,,5.0,32455.75,6491.15,5.0,0.0,0.0,0.0,0.0,0.0,0.0,0.0,0.0,0.0,0.0,Low,False,False,False
MCH2697,Shan-Warrior,Transportation,Private Limited,Bengaluru,Karnataka,Inactive,1199.93,1.0,22975.29,22975.29,1.0,0.0,0.0,0.0,0.0,0.0,0.0,0.0,0.0,0.0,0.0,Low,False,False,False
MCH2698,Kalallc,Hotel & Lodging,Individual,Lucknow,Uttar Pradesh,Active,3590.19,6.0,94507.75,15751.291666666666,6.0,0.0,0.0,0.0,0.0,0.0,0.0,0.0,0.0,0.0,0.0,Low,False,False,False
MCH2704,Sengupta-Sarin,Apparel & Fashion,Private Limited,Pune,Maharashtra,Active,2593.67,1.0,10691.62,10691.62,1.0,0.0,0.0,0.0,0.0,0.0,0.0,0.0,0.0,0.0,0.0,Low,False,False,False
MCH2708,"Mand, Zacharia And Vora",Travel,Sole Proprietor,Chennai,Tamil Nadu,Active,363.56,3.0,41111.490000000005,13703.830000000002,3.0,0.0,0.0,0.0,0.0,0.0,0.0,0.0,0.0,0.0,0.0,Low,False,False,False
MCH2709,"Iyengar, Dugar And Chacko",Hotel & Lodging,Private Limited,Jaipur,Rajasthan,Active,2413.11,6.0,97767.21,16294.535000000002,6.0,0.0,0.0,0.0,0.0,0.0,0.0,0.0,0.0,0.0,0.0,Low,False,False,False
MCH2710,"Batta, Shetty And Ka1Ita",Apparel & Fashion,Individual,Hyderabad,Telangana,Active,109.84,2.0,39224.46000000001,19612.230000000003,2.0,0.0,0.0,0.0,0.0,0.0,0.0,0.0,0.0,0.0,0.0,Low,False,False,False
MCH2712,"Rai, Ghose And Wadhwa",Grocery,Private Limited,Amritsar,Punjab,Active,2957.32,0.0,0.0,0.0,0.0,0.0,0.0,0.0,0.0,0.0,0.0,0,0,0,0.0,Low,False,False,False
MCH2713,Dayal Group,Apparel & Fashion,Individual,Pune,Maharashtra,On Hold,1199.07,2.0,12438.85,6219.425,2.0,0.0,0.0,0.0,0.0,0.0,0.0,0.0,0.0,0.0,0.0,Low,False,False,False
MCH2719,"Ranganathan, Mall And Aggarwal",Restaurants & Food,Partnership,Lucknow,Uttar Pradesh,Active,2283.24,1.0,3585.12,3585.12,0.0,0.0,1.0,0.0,0.0,0.0,0.0,0.0,0.0,0.0,0.0,Low,False,False,False
MCH2725,Varma-Loke,Restaurants & Food,Partnership,Kolkata,West Bengal,Inactive,4486.37,2.0,28467.61,14233.805,2.0,0.0,0.0,0.0,0.0,0.0,0.0,0.0,0.0,0.0,0.0,Low,False,False,False
MCH2726,"Rastogi, Behl And Purohit",Books & Stationery,Sole Proprietor,Mumbai,Maharashtra,Active,1692.27,3.0,24098.92,8032.973333333332,2.0,0.0,1.0,0.0,0.0,0.0,0.0,0.0,0.0,0.0,0.0,Low,False,False,False
MCH2727,Ahluwalia And Sons,Books & Stationery,Partnership,Bengaluru,Karnataka,Active,133.58,4.0,59239.51,14809.8775,4.0,0.0,0.0,0.0,0.0,0.0,0.0,0.0,0.0,0.0,0.0,Low,False,False,False
MCH2730,Nayar And Sons,Hotel & Lodging,Sole Proprietor,Jaipur,Rajasthan,Active,1113.62,4.0,52032.14,13008.035,4.0,0.0,0.0,0.0,0.0,0.0,0.0,0.0,0.0,0.0,0.0,Low,False,False,False
MCH2737,"Sani, Chowdhury And Ganesan",Miscellaneous,Partnership,Bengaluru,Karnataka,Active,610.07,3.0,37684.96,12561.653333333334,3.0,0.0,0.0,0.0,0.0,0.0,0.0,0.0,0.0,0.0,0.0,Low,False,False,False
MCH2738,Yadav Group,Miscellaneous,Individual,Pune,Maharashtra,Active,1282.34,2.0,23101.69,11550.845,2.0,0.0,0.0,0.0,0.0,0.0,0.0,0.0,0.0,0.0,0.0,Low,False,False,False
MCH2741,"Palan, Bhalla And Srinivasan",Restaurants & Food,Individual,Jaipur,Rajasthan,Active,1319.0,2.0,14972.44,7486.22,2.0,0.0,0.0,0.0,0.0,0.0,0.0,0.0,0.0,0.0,0.0,Low,False,False,False
MCH2742,"Manne, Patil And Mukhopadhyay",Books & Stationery,Sole Proprietor,Pune,Maharashtra,Active,1389.0,2.0,40995.229999999996,20497.614999999998,1.0,0.0,1.0,0.0,0.0,0.0,0.0,0.0,0.0,0.0,0.0,Low,False,False,False
MCH2743,Joshi Plc,Pharmacy,Private Limited,Kolkata,West Bengal,Active,,2.0,22211.98,11105.99,2.0,0.0,0.0,0.0,0.0,0.0,0.0,0.0,0.0,0.0,0.0,Low,False,False,False
MCH2744,"Divan, Narang And Jhaveri",Medical,Partnership,Lucknow,Uttar Pradesh,Suspended,734.64,4.0,61301.22,15325.305,4.0,0.0,0.0,0.0,0.0,0.0,0.0,0.0,0.0,0.0,0.0,Low,False,False,False
MCH2748,"Banerjee, Wason And Dyal",Restaurants & Food,Private Limited,Pune,Maharashtra,Active,1037.44,3.0,37584.270000000004,12528.090000000002,3.0,0.0,0.0,0.0,0.0,0.0,0.0,0.0,0.0,0.0,0.0,Low,False,False,False
MCH2750,Rao-Narayanan,Books & Stationery,Individual,Ludhiana,Punjab,Active,,2.0,29658.47,14829.235,2.0,0.0,0.0,0.0,0.0,0.0,0.0,0.0,0.0,0.0,0.0,Low,False,False,False
MCH2754,Chahal Group,Restaurants & Food,Sole Proprietor,Amritsar,Punjab,Active,1452.51,2.0,40277.899999999994,20138.949999999997,2.0,0.0,0.0,0.0,0.0,0.0,0.0,0.0,0.0,0.0,0.0,Low,False,False,False
MCH2761,Sabharwa1-Pati1,Miscellaneous,Private Limited,Hyderabad,Telangana,Inactive,2607.92,2.0,18910.02,9455.01,2.0,0.0,0.0,0.0,0.0,0.0,0.0,0.0,0.0,0.0,0.0,Low,False,False,False
MCH2763,Thaman-Virk,Pharmacy,Private Limited,Bengaluru,Karnataka,Active,563.88,2.0,35179.7,17589.85,2.0,0.0,0.0,0.0,0.0,0.0,0.0,0.0,0.0,0.0,0.0,Low,False,False,False
MCH2764,"Yogi, Jani And Choudhry",Telecom,Individual,Ludhiana,Punjab,Active,516.18,2.0,12124.63,6062.315,2.0,0.0,0.0,0.0,0.0,0.0,0.0,0.0,0.0,0.0,0.0,Low,False,False,False
MCH2767,"Munshi, Kohli And Pai",Apparel & Fashion,Private Limited,Lucknow,Uttar Pradesh,Active,1994.09,2.0,28022.04,14011.02,2.0,0.0,0.0,0.0,0.0,0.0,0.0,0.0,0.0,0.0,0.0,Low,False,False,False
MCH2772,Rajagopalan-Lal,Apparel & Fashion,Partnership,Jalandhar,Punjab,Suspended,594.07,1.0,16692.27,16692.27,1.0,0.0,0.0,0.0,0.0,0.0,0.0,0.0,0.0,0.0,0.0,Low,False,False,False
MCH2776,Datta Ltd,Telecom,Partnership,Jaipur,Rajasthan,Active,1643.13,4.0,57392.47,14348.1175,4.0,0.0,0.0,0.0,0.0,0.0,0.0,0.0,0.0,0.0,0.0,Low,False,False,False
MCH2778,Madan Plc,Medical,Sole Proprietor,Amritsar,Punjab,Active,4029.72,1.0,18640.12,18640.12,1.0,0.0,0.0,0.0,0.0,0.0,0.0,0.0,0.0,0.0,0.0,Low,False,False,False
MCH2789,Peri-Panchal,Department Store,Partnership,Jalandhar,Punjab,Active,1044.19,6.0,108300.2,18050.033333333333,6.0,0.0,0.0,0.0,0.0,0.0,0.0,0.0,0.0,0.0,0.0,Low,False,False,False
MCH2791,"Rastogi, Mannan And Sabharwal",Pharmacy,Sole Proprietor,Delhi,Delhi,Active,,1.0,1640.73,1640.73,1.0,0.0,0.0,0.0,0.0,0.0,0.0,0.0,0.0,0.0,0.0,Low,False,False,False
MCH2792,"Varkey, Uppal And Mitter",Transportation,Partnership,Delhi,Delhi,Active,130.0,2.0,7417.36,3708.68,2.0,0.0,0.0,0.0,0.0,0.0,0.0,0.0,0.0,0.0,0.0,Low,False,False,False
MCH2797,Sandhu-Singh,Hotel & Lodging,Partnership,Bengaluru,Karnataka,Active,1083.54,1.0,9912.97,9912.97,1.0,0.0,0.0,0.0,0.0,0.0,0.0,0.0,0.0,0.0,0.0,Low,False,False,False
MCH2801,"Khurana, Oza And Divan",Telecom,Private Limited,Delhi,Delhi,Active,406.76,1.0,18630.87,18630.87,1.0,0.0,0.0,0.0,0.0,0.0,0.0,0.0,0.0,0.0,0.0,Low,False,False,False
MCH2806,"Raman, Aggarwal And Salvi",Miscellaneous,Partnership,Hyderabad,Telangana,Active,2271.51,2.0,8928.16,4464.08,2.0,0.0,0.0,0.0,0.0,0.0,0.0,0.0,0.0,0.0,0.0,Low,False,False,False
MCH2813,"Sha, Bhatia And Vig",Department Store,Individual,Chennai,Tamil Nadu,Active,3821.16,3.0,37356.63,12452.21,3.0,0.0,0.0,0.0,0.0,0.0,0.0,0.0,0.0,0.0,0.0,Low,False,False,False
MCH2814,"Sani, Khare And Ramachandran",Medical,Partnership,Jalandhar,Punjab,Active,1581.52,2.0,23677.74,11838.87,1.0,0.0,0.0,0.0,0.0,0.0,0.0,0.0,0.0,0.0,0.0,Low,False,False,False
MCH2816,Behl Group,Restaurants & Food,Sole Proprietor,Amritsar,Punjab,Inactive,5297.33,4.0,40639.37,10159.8425,4.0,0.0,0.0,0.0,0.0,0.0,0.0,0.0,0.0,0.0,0.0,Low,False,False,False
MCH2817,"Hayre, Ramesh And Parikh",Telecom,Individual,Kolkata,West Bengal,Active,1790.3,1.0,21265.86,21265.86,1.0,0.0,0.0,0.0,0.0,0.0,0.0,0.0,0.0,0.0,0.0,Low,False,False,False
MCH2825,Ku1Karni Inc,Telecom,Individual,Ludhiana,Punjab,Active,1291.01,2.0,20387.13,10193.565,2.0,0.0,0.0,0.0,0.0,0.0,0.0,0.0,0.0,0.0,0.0,Low,False,False,False
MCH2827,Bala-Bhatti,Miscellaneous,Individual,Bengaluru,Karnataka,Inactive,381.0,3.0,37848.509999999995,12616.169999999998,3.0,0.0,0.0,0.0,0.0,0.0,0.0,0.0,0.0,0.0,0.0,Low,False,False,False
MCH2829,Narain Ltd,Miscellaneous,Sole Proprietor,Bengaluru,Karnataka,Active,1912.36,3.0,27875.72,9291.906666666668,3.0,0.0,0.0,0.0,0.0,0.0,0.0,0.0,0.0,0.0,0.0,Low,False,False,False
MCH2830,"Joshi,Chaudhariandtoor",Grocery,Individual,Bengaluru,Karnataka,Active,756.0,3.0,46664.23,15554.743333333334,3.0,0.0,0.0,0.0,0.0,0.0,0.0,0.0,0.0,0.0,0.0,Low,False,False,False
MCH2831,Rastogi-Devi,Miscellaneous,Private Limited,Delhi,Delhi,Active,501.88,0.0,0.0,0.0,0.0,0.0,0.0,0.0,0.0,0.0,0.0,0,0,0,0.0,Low,False,False,False
MCH2833,Kapoor-Shankar,Hotel & Lodging,Sole Proprietor,Jalandhar,Punjab,Active,474.69,3.0,9866.66,3288.8866666666668,2.0,0.0,0.0,0.0,0.0,0.0,0.0,0.0,0.0,0.0,0.0,Low,False,False,False
MCH2838,Bose-Bir,Telecom,Sole Proprietor,Chennai,Tamil Nadu,Active,3409.39,1.0,5256.2,5256.2,1.0,0.0,0.0,0.0,0.0,0.0,0.0,0.0,0.0,0.0,0.0,Low,False,False,False
MCH2839,"Brar, Varughese And Cherian",Grocery,Partnership,Pune,Maharashtra,Active,614.31,2.0,28528.33,14264.165,2.0,0.0,0.0,0.0,0.0,0.0,0.0,0.0,0.0,0.0,0.0,Low,False,False,False
MCH2844,Misra-Seth,Transportation,Individual,Amritsar,Punjab,Active,162.5,3.0,13869.470000000001,4623.156666666667,3.0,0.0,0.0,0.0,0.0,0.0,0.0,0.0,0.0,0.0,0.0,Low,False,False,False
MCH2845,Narasimhan Llc,Miscellaneous,Partnership,Amritsar,Punjab,Active,5926.94,0.0,0.0,0.0,0.0,0.0,0.0,0.0,0.0,0.0,0.0,0,0,0,0.0,Low,False,False,False
MCH2846,"Sha, Ramanathan And Kota",Grocery,Individual,Jaipur,Rajasthan,Inactive,2995.95,0.0,0.0,0.0,0.0,0.0,0.0,0.0,0.0,0.0,0.0,0,0,0,0.0,Low,False,False,False
MCH2850,Reddy-Kara,Transportation,Private Limited,Jaipur,Rajasthan,Active,,4.0,42223.32,10555.83,4.0,0.0,0.0,0.0,0.0,0.0,0.0,0.0,0.0,0.0,0.0,Low,False,False,False
MCH2851,Kalla-Jain,Hotel & Lodging,Individual,Mumbai,Maharashtra,Active,3022.0,2.0,31648.839999999997,15824.419999999998,2.0,0.0,0.0,0.0,0.0,0.0,0.0,0.0,0.0,0.0,0.0,Low,False,False,False
MCH2859,"Doctor, Bir And Lanka",Grocery,Private Limited,Hyderabad,Telangana,Active,2296.45,2.0,42451.25,21225.625,2.0,0.0,0.0,0.0,0.0,0.0,0.0,0.0,0.0,0.0,0.0,Low,False,False,False
MCH2861,Hayer Inc,Department Store,Private Limited,Pune,Maharashtra,Active,676.0,2.0,30905.8,15452.9,1.0,0.0,1.0,0.0,0.0,0.0,0.0,0.0,0.0,0.0,0.0,Low,False,False,False
MCH2870,"Loyal, Buch And Ghose",Restaurants & Food,Sole Proprietor,Delhi,Delhi,Active,2213.61,1.0,15284.25,15284.25,1.0,0.0,0.0,0.0,0.0,0.0,0.0,0.0,0.0,0.0,0.0,Low,False,False,False
MCH2885,"Varkey, Goda And Bala",Restaurants & Food,Private Limited,Mumbai,Maharashtra,Active,4853.92,0.0,0.0,0.0,0.0,0.0,0.0,0.0,0.0,0.0,0.0,0,0,0,0.0,Low,False,False,False
MCH2887,Rau-Saha,Apparel & Fashion,Sole Proprietor,Delhi,Delhi,Active,,1.0,4017.53,4017.53,1.0,0.0,0.0,0.0,0.0,0.0,0.0,0.0,0.0,0.0,0.0,Low,False,False,False
MCH2888,Chahal Llc,Pharmacy,Private Limited,Mumbai,Maharashtra,Active,631.05,1.0,3162.13,3162.13,1.0,0.0,0.0,0.0,0.0,0.0,0.0,0.0,0.0,0.0,0.0,Low,False,False,False
MCH2894,Rege-Baria,Apparel & Fashion,Private Limited,Delhi,Delhi,Active,2107.84,3.0,47816.99,15938.996666666666,2.0,0.0,1.0,0.0,0.0,0.0,0.0,0.0,0.0,0.0,0.0,Low,False,False,False
MCH2896,Jayaraman-Nazareth,Medical,Private Limited,Kolkata,West Bengal,Active,1312.79,2.0,45496.95,22748.475,2.0,0.0,0.0,0.0,0.0,0.0,0.0,0.0,0.0,0.0,0.0,Low,False,False,False
MCH2897,Bath Ltd,Miscellaneous,Private Limited,Hyderabad,Telangana,Active,2239.12,5.0,70381.48,14076.295999999998,5.0,0.0,0.0,0.0,0.0,0.0,0.0,0.0,0.0,0.0,0.0,Low,False,False,False
MCH2899,Golla Ltd,Transportation,Partnership,Jaipur,Rajasthan,Active,5018.99,3.0,43544.55,14514.85,3.0,0.0,0.0,0.0,0.0,0.0,0.0,0.0,0.0,0.0,0.0,Low,False,False,False
MCH2904,Iyengar-Comar,Miscellaneous,Private Limited,Delhi,Delhi,Active,1147.91,1.0,9602.0,9602.0,0.0,0.0,0.0,0.0,0.0,0.0,0.0,0.0,0.0,0.0,0.0,Low,False,False,False
MCH2905,Goyal-Gopal,Medical,Individual,Delhi,Delhi,Suspended,2312.5,2.0,26817.28,13408.64,2.0,0.0,0.0,0.0,0.0,0.0,0.0,0.0,0.0,0.0,0.0,Low,False,False,False
MCH2910,"Mall, Sankaran And Mittal",Transportation,Private Limited,Delhi,Delhi,Active,3631.28,0.0,0.0,0.0,0.0,0.0,0.0,0.0,0.0,0.0,0.0,0,0,0,0.0,Low,False,False,False
MCH2912,Natt-Kohli,Grocery,Private Limited,Jalandhar,Punjab,Inactive,1895.43,1.0,16621.83,16621.83,1.0,0.0,0.0,0.0,0.0,0.0,0.0,0.0,0.0,0.0,0.0,Low,False,False,False
MCH2917,"Deol, Kibe And Khanna",Miscellaneous,Private Limited,Delhi,Delhi,Active,356.58,3.0,44508.92,14836.306666666665,3.0,0.0,0.0,0.0,0.0,0.0,0.0,0.0,0.0,0.0,0.0,Low,False,False,False
MCH2919,Menon-Vaidya,Pharmacy,Sole Proprietor,Delhi,Delhi,Active,3825.85,1.0,18619.57,18619.57,1.0,0.0,0.0,0.0,0.0,0.0,0.0,0.0,0.0,0.0,0.0,Low,False,False,False
MCH2921,Bakshi-Narayanan,Hotel & Lodging,Private Limited,Lucknow,Uttar Pradesh,Active,,2.0,36704.53,18352.265,2.0,0.0,0.0,0.0,0.0,0.0,0.0,0.0,0.0,0.0,0.0,Low,False,False,False
MCH2926,Sule-Thaker,Books & Stationery,Partnership,Bengaluru,Karnataka,Active,1590.53,1.0,24666.12,24666.12,1.0,0.0,0.0,0.0,0.0,0.0,0.0,0.0,0.0,0.0,0.0,Low,False,False,False
MCH2928,"Hans, Parmer And Buch",Restaurants & Food,Private Limited,Ludhiana,Punjab,Inactive,1903.0,2.0,13779.24,6889.62,2.0,0.0,0.0,0.0,0.0,0.0,0.0,0.0,0.0,0.0,0.0,Low,False,False,False
MCH2934,Sama Plc,Department Store,Individual,Jalandhar,Punjab,Active,1759.02,0.0,0.0,0.0,0.0,0.0,0.0,0.0,0.0,0.0,0.0,0,0,0,0.0,Low,False,False,False
MCH2941,Sengroup,Department Store,Sole Proprietor,Mumbai,Maharashtra,Active,1783.76,1.0,6058.13,6058.13,1.0,0.0,0.0,0.0,0.0,0.0,0.0,0.0,0.0,0.0,0.0,Low,False,False,False
MCH2946,Divan Inc,Telecom,Private Limited,Jaipur,Rajasthan,Active,1246.97,2.0,19999.79,9999.895,2.0,0.0,0.0,0.0,0.0,0.0,0.0,0.0,0.0,0.0,0.0,Low,False,False,False
MCH2950,"Rastogi, Bhavsar And Varghese",Books & Stationery,Private Limited,Bengaluru,Karnataka,Active,2370.66,2.0,15134.619999999999,7567.3099999999995,2.0,0.0,0.0,0.0,0.0,0.0,0.0,0.0,0.0,0.0,0.0,Low,False,False,False
MCH2954,Gour Group,Medical,Partnership,Kolkata,West Bengal,Active,1398.0,1.0,9964.9,9964.9,1.0,0.0,0.0,0.0,0.0,0.0,0.0,0.0,0.0,0.0,0.0,Low,False,False,False
MCH2959,Kanda Llc,Restaurants & Food,Private Limited,Kolkata,West Bengal,Active,6588.76,1.0,1343.85,1343.85,1.0,0.0,0.0,0.0,0.0,0.0,0.0,0.0,0.0,0.0,0.0,Low,False,False,False
MCH2962,"Naik, Ranganathan And Sahota",Telecom,Partnership,Pune,Maharashtra,Active,174.64,2.0,37148.45,18574.225,2.0,0.0,0.0,0.0,0.0,0.0,0.0,0.0,0.0,0.0,0.0,Low,False,False,False
MCH2964,Bala-Sarkar,Telecom,Individual,Jalandhar,Punjab,Active,1298.45,1.0,8554.94,8554.94,1.0,0.0,0.0,0.0,0.0,0.0,0.0,0.0,0.0,0.0,0.0,Low,False,False,False
MCH2965,Shroff-Prabhakar,Grocery,Partnership,Amritsar,Punjab,Active,2028.0,2.0,15358.97,7679.485,2.0,0.0,0.0,0.0,0.0,0.0,0.0,0.0,0.0,0.0,0.0,Low,False,False,False
MCH2969,Randhawa-Karnik,Hotel & Lodging,Sole Proprietor,Bengaluru,Karnataka,Active,310.59,1.0,11768.91,11768.91,1.0,0.0,0.0,0.0,0.0,0.0,0.0,0.0,0.0,0.0,0.0,Low,False,False,False
MCH2971,"Garg, Merchant And Kuruvilla",Apparel & Fashion,Individual,Ludhiana,Punjab,Active,,2.0,26477.46,13238.73,2.0,0.0,0.0,0.0,0.0,0.0,0.0,0.0,0.0,0.0,0.0,Low,False,False,False
MCH2975,"Bora, Mander And Dalal",Books & Stationery,Sole Proprietor,Chennai,Tamil Nadu,Inactive,3477.51,1.0,14341.75,14341.75,1.0,0.0,0.0,0.0,0.0,0.0,0.0,0.0,0.0,0.0,0.0,Low,False,False,False
MCH2978,Deshpande Llc,Hotel & Lodging,Private Limited,Lucknow,Uttar Pradesh,Active,194.6,1.0,7693.48,7693.48,1.0,0.0,0.0,0.0,0.0,0.0,0.0,0.0,0.0,0.0,0.0,Low,False,False,False
MCH2979,"Kurian, Guha And Gaba",Miscellaneous,Individual,Chennai,Tamil Nadu,Active,7883.21,4.0,75775.07,18943.7675,4.0,0.0,0.0,0.0,0.0,0.0,0.0,0.0,0.0,0.0,0.0,Low,False,False,False
MCH2980,Mander And Sons,Grocery,Sole Proprietor,Kolkata,West Bengal,Active,1129.72,1.0,10142.74,10142.74,1.0,0.0,0.0,0.0,0.0,0.0,0.0,0.0,0.0,0.0,0.0,Low,False,False,False
MCH2981,"Rastogi, Varma And Sarraf",Miscellaneous,Partnership,Lucknow,Uttar Pradesh,Active,1266.61,4.0,46712.05,11678.0125,4.0,0.0,0.0,0.0,0.0,0.0,0.0,0.0,0.0,0.0,0.0,Low,False,False,False
MCH2986,Kade-Anne,Travel,Partnership,Amritsar,Punjab,Suspended,736.81,3.0,15454.46,5151.486666666667,3.0,0.0,0.0,0.0,0.0,0.0,0.0,0.0,0.0,0.0,0.0,Low,False,False,False
MCH2988,"Mangal, Gokhale And Malhotra",Restaurants & Food,Sole Proprietor,Mumbai,Maharashtra,Active,3595.96,0.0,0.0,0.0,0.0,0.0,0.0,0.0,0.0,0.0,0.0,0,0,0,0.0,Low,False,False,False
MCH2990,Rout And Sons,Hotel & Lodging,Sole Proprietor,Ludhiana,Punjab,Active,1050.53,2.0,33710.12,16855.06,2.0,0.0,0.0,0.0,0.0,0.0,0.0,0.0,0.0,0.0,0.0,Low,False,False,False
MCH2994,Ratta Group,Transportation,Partnership,Ludhiana,Punjab,Active,2132.38,3.0,29949.76,9983.253333333332,3.0,0.0,0.0,0.0,0.0,0.0,0.0,0.0,0.0,0.0,0.0,Low,False,False,False
MCH2995,Patil Ltd,Hotel & Lodging,Private Limited,Amritsar,Punjab,Active,492.36,2.0,17266.69,8633.345,2.0,0.0,0.0,0.0,0.0,0.0,0.0,0.0,0.0,0.0,0.0,Low,False,False,False
MCH2996,Rege-Khanna,Grocery,Individual,Lucknow,Uttar Pradesh,Inactive,,3.0,47710.520000000004,15903.506666666668,3.0,0.0,0.0,0.0,0.0,0.0,0.0,0.0,0.0,0.0,0.0,Low,False,False,False
MCH2997,Mohanty Ltd,Hotel & Lodging,Individual,Bengaluru,Karnataka,Active,2948.35,1.0,20319.2,20319.2,1.0,0.0,0.0,0.0,0.0,0.0,0.0,0.0,0.0,0.0,0.0,Low,False,False,False
MCH3002,"Dey, Chopra And Vig",Apparel & Fashion,Individual,Ludhiana,Punjab,Active,761.12,5.0,60084.42,12016.884,4.0,0.0,0.0,0.0,0.0,0.0,0.0,0.0,0.0,0.0,0.0,Low,False,False,False
MCH3005,"Saxena, Narain And Mander",Apparel & Fashion,Private Limited,Kolkata,West Bengal,Inactive,1149.79,1.0,16988.04,16988.04,1.0,0.0,0.0,0.0,0.0,0.0,0.0,0.0,0.0,0.0,0.0,Low,False,False,False
MCH3008,"Datta, Sarkar And Nori",Department Store,Partnership,Ludhiana,Punjab,Active,,1.0,2111.91,2111.91,1.0,0.0,0.0,0.0,0.0,0.0,0.0,0.0,0.0,0.0,0.0,Low,False,False,False
MCH3012,Sathe Llc,Grocery,Private Limited,Chennai,Tamil Nadu,On Hold,448.76,2.0,16407.57,8203.785,1.0,0.0,1.0,0.0,0.0,0.0,0.0,0.0,0.0,0.0,0.0,Low,False,False,False
MCH3014,Nagarajan-Bandi,Retail,Individual,Delhi,Delhi,Active,3013.17,1.0,11816.78,11816.78,1.0,0.0,0.0,0.0,0.0,0.0,0.0,0.0,0.0,0.0,0.0,Low,False,False,False
MCH3017,Ramanathan And Sons,Department Store,Partnership,Delhi,Delhi,Active,,0.0,0.0,0.0,0.0,0.0,0.0,0.0,0.0,0.0,0.0,0,0,0,0.0,Low,False,False,False
MCH3021,"Gupta, Mukherjee And Setty",Transportation,Sole Proprietor,Mumbai,Maharashtra,Active,614.86,1.0,9429.84,9429.84,1.0,0.0,0.0,0.0,0.0,0.0,0.0,0.0,0.0,0.0,0.0,Low,False,False,False
MCH3023,Raj-Bajwa,Transportation,Partnership,Lucknow,Uttar Pradesh,Active,6135.0,2.0,30955.85,15477.925,2.0,0.0,0.0,0.0,0.0,0.0,0.0,0.0,0.0,0.0,0.0,Low,False,False,False
MCH3037,Wagle Ltd,Grocery,Individual,Hyderabad,Telangana,Active,2391.24,3.0,20388.39,6796.13,3.0,0.0,0.0,0.0,0.0,0.0,0.0,0.0,0.0,0.0,0.0,Low,False,False,False
MCH3039,Murty Inc,Grocery,Individual,Delhi,Delhi,Active,1465.47,1.0,14588.0,14588.0,1.0,0.0,0.0,0.0,0.0,0.0,0.0,0.0,0.0,0.0,0.0,Low,False,False,False
MCH3040,"Dhar, Kunda And Desai",Grocery,Partnership,Jaipur,Rajasthan,Active,267.0,1.0,15510.77,15510.77,1.0,0.0,0.0,0.0,0.0,0.0,0.0,0.0,0.0,0.0,0.0,Low,False,False,False
MCH3044,Gupta Plc,Books & Stationery,Sole Proprietor,Bengaluru,Karnataka,Inactive,582.54,1.0,22243.29,22243.29,1.0,0.0,0.0,0.0,0.0,0.0,0.0,0.0,0.0,0.0,0.0,Low,False,False,False
MCH3048,Kala Group,Hotel & Lodging,Private Limited,Jaipur,Rajasthan,Active,613.58,2.0,22994.0,11497.0,2.0,0.0,0.0,0.0,0.0,0.0,0.0,0.0,0.0,0.0,0.0,Low,False,False,False
MCH3058,Patla-Padmanabhan,Books & Stationery,Individual,Pune,Maharashtra,Active,974.77,0.0,0.0,0.0,0.0,0.0,0.0,0.0,0.0,0.0,0.0,0,0,0,0.0,Low,False,False,False
MCH3060,Deep-Tata,Department Store,Individual,Amritsar,Punjab,Active,,1.0,14983.94,14983.94,0.0,0.0,0.0,0.0,0.0,0.0,0.0,0.0,0.0,0.0,0.0,Low,False,False,False
MCH3061,Bansal Inc,Department Store,Private Limited,Chennai,Tamil Nadu,Active,2114.75,3.0,17102.25,5700.75,1.0,0.0,0.0,0.0,0.0,0.0,0.0,0.0,0.0,0.0,0.0,Low,False,False,False
MCH3063,Bansal Inc,Transportation,Individual,Jaipur,Rajasthan,Inactive,282.67,1.0,4084.25,4084.25,1.0,0.0,0.0,0.0,0.0,0.0,0.0,0.0,0.0,0.0,0.0,Low,False,False,False
MCH3069,Magar Inc,Apparel & Fashion,Individual,Mumbai,Maharashtra,Active,5346.85,3.0,46588.6,15529.533333333333,3.0,0.0,0.0,0.0,0.0,0.0,0.0,0.0,0.0,0.0,0.0,Low,False,False,False
MCH3070,"Patel, Sandal And Sinha",Telecom,Individual,Hyderabad,Telangana,Active,1706.27,0.0,0.0,0.0,0.0,0.0,0.0,0.0,0.0,0.0,0.0,0,0,0,0.0,Low,False,False,False
MCH3072,Vora-Soman,Apparel & Fashion,Individual,Amritsar,Punjab,Active,1993.93,1.0,514.67,514.67,1.0,0.0,0.0,0.0,0.0,0.0,0.0,0.0,0.0,0.0,0.0,Low,False,False,False
MCH3075,Bedi-Ramanathan,Transportation,Individual,Jalandhar,Punjab,Active,1301.0,1.0,20529.88,20529.88,1.0,0.0,0.0,0.0,0.0,0.0,0.0,0.0,0.0,0.0,0.0,Low,False,False,False
MCH3077,Warrior Ltd,Transportation,Partnership,Kolkata,West Bengal,Active,1448.69,4.0,61714.91,15428.7275,4.0,0.0,0.0,0.0,0.0,0.0,0.0,0.0,0.0,0.0,0.0,Low,False,False,False
MCH3079,"Bobal, Balay And Batra",Hotel & Lodging,Private Limited,Bengaluru,Karnataka,Active,486.3,2.0,20705.0,10352.5,2.0,0.0,0.0,0.0,0.0,0.0,0.0,0.0,0.0,0.0,0.0,Low,False,False,False
MCH3080,Lad-Soman,Grocery,Sole Proprietor,Jalandhar,Punjab,Active,,2.0,33056.89,16528.445,2.0,0.0,0.0,0.0,0.0,0.0,0.0,0.0,0.0,0.0,0.0,Low,False,False,False
MCH3081,"Anne, Choudhry And Nanda",Medical,Partnership,Hyderabad,Telangana,Active,590.0,1.0,6198.31,6198.31,1.0,0.0,0.0,0.0,0.0,0.0,0.0,0.0,0.0,0.0,0.0,Low,False,False,False
MCH3084,Mani-Chowdhury,Apparel & Fashion,Partnership,Hyderabad,Telangana,Active,1594.62,3.0,44216.92999999999,14738.976666666664,3.0,0.0,0.0,0.0,0.0,0.0,0.0,0.0,0.0,0.0,0.0,Low,False,False,False
MCH3085,Reddy-Wagle,Hotel & Lodging,Sole Proprietor,Bengaluru,Karnataka,Active,258.0,2.0,30824.94,15412.47,2.0,0.0,0.0,0.0,0.0,0.0,0.0,0.0,0.0,0.0,0.0,Low,False,False,False
MCH3086,Pant Inc,Restaurants & Food,Private Limited,Chennai,Tamil Nadu,Active,287.52,2.0,34033.82,17016.91,2.0,0.0,0.0,0.0,0.0,0.0,0.0,0.0,0.0,0.0,0.0,Low,False,False,False
MCH3089,Tata Plc,Books & Stationery,Sole Proprietor,Jalandhar,Punjab,Active,,5.0,69396.56,13879.312,5.0,0.0,0.0,0.0,0.0,0.0,0.0,0.0,0.0,0.0,0.0,Low,False,False,False
MCH3092,"Dutta, Vasa And Jayaraman",Miscellaneous,Private Limited,Amritsar,Punjab,Active,1605.55,2.0,29551.13,14775.565,2.0,0.0,0.0,0.0,0.0,0.0,0.0,0.0,0.0,0.0,0.0,Low,False,False,False
MCH3093,"Dube, Venkatesh And Jha",Miscellaneous,Private Limited,Kolkata,West Bengal,Active,1107.0,2.0,24840.98,12420.49,2.0,0.0,0.0,0.0,0.0,0.0,0.0,0.0,0.0,0.0,0.0,Low,False,False,False
MCH3094,Wag1E-Thakkar,Apparel & Fashion,Individual,Bengaluru,Karnataka,Active,1038.48,1.0,20124.62,20124.62,1.0,0.0,0.0,0.0,0.0,0.0,0.0,0.0,0.0,0.0,0.0,Low,False,False,False
MCH3099,Peri-Parmer,Apparel & Fashion,Partnership,Delhi,Delhi,Active,2046.1,3.0,34563.990000000005,11521.330000000002,2.0,0.0,1.0,0.0,0.0,0.0,0.0,0.0,0.0,0.0,0.0,Low,False,False,False
MCH3105,Bandi Plc,Department Store,Sole Proprietor,Mumbai,Maharashtra,Active,1578.41,4.0,40278.18,10069.545,3.0,0.0,0.0,0.0,0.0,0.0,0.0,0.0,0.0,0.0,0.0,Low,False,False,False
MCH3107,Kapoor Inc,Medical,Partnership,Pune,Maharashtra,Active,,3.0,29322.33,9774.11,3.0,0.0,0.0,0.0,0.0,0.0,0.0,0.0,0.0,0.0,0.0,Low,False,False,False
MCH3111,Cherian-G0Swami,Telecom,Private Limited,Bengaluru,Karnataka,Active,1311.29,5.0,66671.31999999999,13334.264,5.0,0.0,0.0,0.0,0.0,0.0,0.0,0.0,0.0,0.0,0.0,Low,False,False,False
MCH3119,Chana-Deshmukh,Department Store,Private Limited,Hyderabad,Telangana,Active,4993.0,3.0,25281.43,8427.143333333333,3.0,0.0,0.0,0.0,0.0,0.0,0.0,0.0,0.0,0.0,0.0,Low,False,False,False
MCH3122,"Toor, Kunda And Munshi",Books & Stationery,Partnership,Mumbai,Maharashtra,Active,797.24,3.0,50251.22,16750.406666666666,3.0,0.0,0.0,0.0,0.0,0.0,0.0,0.0,0.0,0.0,0.0,Low,False,False,False
MCH3123,"Hegde, Bahl And Comar",Travel,Private Limited,Delhi,Delhi,Active,2133.64,2.0,26362.46,13181.23,2.0,0.0,0.0,0.0,0.0,0.0,0.0,0.0,0.0,0.0,0.0,Low,False,False,False
MCH3125,Din-Dara,Apparel & Fashion,Partnership,Delhi,Delhi,Active,3672.47,3.0,45275.270000000004,15091.756666666668,3.0,0.0,0.0,0.0,0.0,0.0,0.0,0.0,0.0,0.0,0.0,Low,False,False,False
MCH3130,"Arora, Karnik And Sarraf",Books & Stationery,Sole Proprietor,Kolkata,West Bengal,Inactive,1573.29,3.0,44341.399999999994,14780.466666666665,3.0,0.0,0.0,0.0,0.0,0.0,0.0,0.0,0.0,0.0,0.0,Low,False,False,False
MCH3134,Rajan Plc,Department Store,Individual,Jaipur,Rajasthan,Active,993.0,5.0,59864.340000000004,11972.868,5.0,0.0,0.0,0.0,0.0,0.0,0.0,0.0,0.0,0.0,0.0,Low,False,False,False
MCH3139,"Chaudhry, Barman And Choudhury",Books & Stationery,Sole Proprietor,Bengaluru,Karnataka,Active,4138.0,2.0,21398.36,10699.18,2.0,0.0,0.0,0.0,0.0,0.0,0.0,0.0,0.0,0.0,0.0,Low,False,False,False
MCH3140,"Zachariah,Rajagopalandsamra",Telecom,Private Limited,Amritsar,Punjab,Active,363.21,2.0,27306.48,13653.24,2.0,0.0,0.0,0.0,0.0,0.0,0.0,0.0,0.0,0.0,0.0,Low,False,False,False
MCH3142,"Dugar, Merchant And Kala",Books & Stationery,Private Limited,Jaipur,Rajasthan,Active,619.08,2.0,20714.84,10357.42,2.0,0.0,0.0,0.0,0.0,0.0,0.0,0.0,0.0,0.0,0.0,Low,False,False,False
MCH3143,"Zacharia, Buch And Yadav",Department Store,Partnership,Hyderabad,Telangana,Active,4822.0,4.0,46803.229999999996,11700.807499999999,4.0,0.0,0.0,0.0,0.0,0.0,0.0,0.0,0.0,0.0,0.0,Low,False,False,False
MCH3144,Raval-Korpal,Hotel & Lodging,Partnership,Delhi,Delhi,Active,1879.74,1.0,16582.06,16582.06,1.0,0.0,0.0,0.0,0.0,0.0,0.0,0.0,0.0,0.0,0.0,Low,False,False,False
MCH3145,Chaudry And Sons,Department Store,Individual,Bengaluru,Karnataka,Active,,0.0,0.0,0.0,0.0,0.0,0.0,0.0,0.0,0.0,0.0,0,0,0,0.0,Low,False,False,False
MCH3147,Acharya-Uppal,Travel,Individual,Chennai,Tamil Nadu,Active,343.0,0.0,0.0,0.0,0.0,0.0,0.0,0.0,0.0,0.0,0.0,0,0,0,0.0,Low,False,False,False
MCH3148,Raoltd,Telecom,Individual,Delhi,Delhi,Active,1684.65,5.0,87452.95,17490.59,5.0,0.0,0.0,0.0,0.0,0.0,0.0,0.0,0.0,0.0,0.0,Low,False,False,False
MCH3154,Bhardwaj Ltd,Transportation,Individual,Mumbai,Maharashtra,Inactive,633.37,6.0,90955.26000000001,15159.210000000001,5.0,0.0,0.0,0.0,0.0,0.0,0.0,0.0,0.0,0.0,0.0,Low,False,False,False
MCH3155,Agarwal Ltd,Department Store,Partnership,Chennai,Tamil Nadu,Active,1414.89,1.0,12440.31,12440.31,0.0,0.0,0.0,0.0,0.0,0.0,0.0,0.0,0.0,0.0,0.0,Low,False,False,False
MCH3156,"Bal, Deo And Kala",Miscellaneous,Partnership,Lucknow,Uttar Pradesh,Active,2486.0,4.0,61343.770000000004,15335.942500000001,3.0,0.0,0.0,0.0,0.0,0.0,0.0,0.0,0.0,0.0,0.0,Low,False,False,False
MCH3163,Dada-Kalita,Pharmacy,Partnership,Hyderabad,Telangana,Active,963.91,3.0,43257.83,14419.276666666667,3.0,0.0,0.0,0.0,0.0,0.0,0.0,0.0,0.0,0.0,0.0,Low,False,False,False
MCH3167,"Grewal, Biswas And Naidu",Grocery,Sole Proprietor,Jaipur,Rajasthan,Active,2704.22,2.0,34312.479999999996,17156.239999999998,2.0,0.0,0.0,0.0,0.0,0.0,0.0,0.0,0.0,0.0,0.0,Low,False,False,False
MCH3172,Soni-Varty,Telecom,Sole Proprietor,Bengaluru,Karnataka,Active,3097.6,3.0,41167.04,13722.346666666666,3.0,0.0,0.0,0.0,0.0,0.0,0.0,0.0,0.0,0.0,0.0,Low,False,False,False
MCH3176,Gera Inc,Telecom,Private Limited,Lucknow,Uttar Pradesh,Active,1047.58,1.0,11723.0,11723.0,1.0,0.0,0.0,0.0,0.0,0.0,0.0,0.0,0.0,0.0,0.0,Low,False,False,False
MCH3178,Ganesangroup,Apparel & Fashion,Individual,Delhi,Delhi,Active,136.0,1.0,1028.92,1028.92,1.0,0.0,0.0,0.0,0.0,0.0,0.0,0.0,0.0,0.0,0.0,Low,False,False,False
MCH3180,Sanghvi And S0Ns,Pharmacy,Private Limited,Delhi,Delhi,Active,2608.0,2.0,21041.73,10520.865,2.0,0.0,0.0,0.0,0.0,0.0,0.0,0.0,0.0,0.0,0.0,Low,False,False,False
MCH3184,"Sane, Dhawan And Prabhakar",Telecom,Individual,Mumbai,Maharashtra,Active,1192.54,0.0,0.0,0.0,0.0,0.0,0.0,0.0,0.0,0.0,0.0,0,0,0,0.0,Low,False,False,False
MCH3187,"Mand, Singhal And Raman",Pharmacy,Sole Proprietor,Kolkata,West Bengal,Active,4276.66,4.0,63628.08,15907.02,4.0,0.0,0.0,0.0,0.0,0.0,0.0,0.0,0.0,0.0,0.0,Low,False,False,False
MCH3189,Kapoor-Hegde,Grocery,Partnership,Hyderabad,Telangana,Active,3153.88,2.0,5356.6900000000005,2678.3450000000003,2.0,0.0,0.0,0.0,0.0,0.0,0.0,0.0,0.0,0.0,0.0,Low,False,False,False
MCH3191,Dhawan-Warrior,Transportation,Sole Proprietor,Hyderabad,Telangana,Active,1885.9,1.0,23898.0,23898.0,1.0,0.0,0.0,0.0,0.0,0.0,0.0,0.0,0.0,0.0,0.0,Low,False,False,False
MCH3199,Deshmukh-Karnik,Department Store,Partnership,Jaipur,Rajasthan,Active,2251.19,1.0,9741.23,9741.23,1.0,0.0,0.0,0.0,0.0,0.0,0.0,0.0,0.0,0.0,0.0,Low,False,False,False
MCH3201,Bahl And Sons,Books & Stationery,Sole Proprietor,Amritsar,Punjab,Active,576.96,1.0,22538.13,22538.13,1.0,0.0,0.0,0.0,0.0,0.0,0.0,0.0,0.0,0.0,0.0,Low,False,False,False
MCH3206,Ahuja-Din,Retail,Sole Proprietor,Hyderabad,Telangana,Active,1244.0,3.0,34528.979999999996,11509.659999999998,3.0,0.0,0.0,0.0,0.0,0.0,0.0,0.0,0.0,0.0,0.0,Low,False,False,False
MCH3207,"Gala, Khatri And Khalsa",Pharmacy,Partnership,Amritsar,Punjab,Active,929.51,4.0,28676.49,7169.1225,4.0,0.0,0.0,0.0,0.0,0.0,0.0,0.0,0.0,0.0,0.0,Low,False,False,False
MCH3211,"Mani, Hora And Hayer",Pharmacy,Private Limited,Bengaluru,Karnataka,Active,3678.27,1.0,15355.48,15355.48,1.0,0.0,0.0,0.0,0.0,0.0,0.0,0.0,0.0,0.0,0.0,Low,False,False,False
MCH3212,Merchant Llc,Miscellaneous,Private Limited,Bengaluru,Karnataka,Active,980.37,3.0,16475.63,5491.876666666667,3.0,0.0,0.0,0.0,0.0,0.0,0.0,0.0,0.0,0.0,0.0,Low,False,False,False
MCH3214,Dubey Inc,Transportation,Individual,Bengaluru,Karnataka,Active,2052.0,4.0,29726.25,7431.5625,4.0,0.0,0.0,0.0,0.0,0.0,0.0,0.0,0.0,0.0,0.0,Low,False,False,False
MCH3218,"Keer, Soni And Deshpande",Pharmacy,Sole Proprietor,Mumbai,Maharashtra,Active,3727.56,3.0,26580.86,8860.286666666667,2.0,0.0,1.0,0.0,0.0,0.0,0.0,0.0,0.0,0.0,0.0,Low,False,False,False
MCH3219,Aggarwal Group,Department Store,Partnership,Lucknow,Uttar Pradesh,Active,1058.64,4.0,34717.25,8679.3125,4.0,0.0,0.0,0.0,0.0,0.0,0.0,0.0,0.0,0.0,0.0,Low,False,False,False
MCH3221,Baria-Dube,Hotel & Lodging,Sole Proprietor,Kolkata,West Bengal,Inactive,338.34,0.0,0.0,0.0,0.0,0.0,0.0,0.0,0.0,0.0,0.0,0,0,0,0.0,Low,False,False,False
MCH3232,Shroff-Bobal,Restaurants & Food,Partnership,Kolkata,West Bengal,Active,613.79,5.0,69511.61,13902.322,5.0,0.0,0.0,0.0,0.0,0.0,0.0,0.0,0.0,0.0,0.0,Low,False,False,False
MCH3233,"Dada, Pingle And Date",Apparel & Fashion,Individual,Pune,Maharashtra,Inactive,5434.84,2.0,22599.23,11299.615,2.0,0.0,0.0,0.0,0.0,0.0,0.0,0.0,0.0,0.0,0.0,Low,False,False,False
MCH3234,Lad Inc,Telecom,Individual,Kolkata,West Bengal,Active,,4.0,58364.369999999995,14591.092499999999,2.0,0.0,1.0,0.0,0.0,0.0,0.0,0.0,0.0,0.0,0.0,Low,False,False,False
MCH3237,Gaba Inc,Miscellaneous,Sole Proprietor,Delhi,Delhi,Active,,2.0,27245.68,13622.84,2.0,0.0,0.0,0.0,0.0,0.0,0.0,0.0,0.0,0.0,0.0,Low,False,False,False
MCH3242,"Upadhyay, Dash And Vaidya",Miscellaneous,Partnership,Jaipur,Rajasthan,Active,1731.73,1.0,19141.0,19141.0,1.0,0.0,0.0,0.0,0.0,0.0,0.0,0.0,0.0,0.0,0.0,Low,False,False,False
MCH3251,Balan-Kunda,Grocery,Individual,Ludhiana,Punjab,Active,3266.06,3.0,48610.61,16203.536666666667,3.0,0.0,0.0,0.0,0.0,0.0,0.0,0.0,0.0,0.0,0.0,Low,False,False,False
MCH3254,"Chanda, Maharaj And Chandra",Transportation,Partnership,Hyderabad,Telangana,Active,1842.04,0.0,0.0,0.0,0.0,0.0,0.0,0.0,0.0,0.0,0.0,0,0,0,0.0,Low,False,False,False
MCH3255,"Shah, Kala And Sarraf",Hotel & Lodging,Private Limited,Jalandhar,Punjab,Active,807.0,3.0,38489.84,12829.946666666665,3.0,0.0,0.0,0.0,0.0,0.0,0.0,0.0,0.0,0.0,0.0,Low,False,False,False
MCH3256,"Patil, Tripathi And Seshadri",Books & Stationery,Partnership,Ludhiana,Punjab,Active,4035.32,2.0,14450.35,7225.175,2.0,0.0,0.0,0.0,0.0,0.0,0.0,0.0,0.0,0.0,0.0,Low,False,False,False
MCH3260,Rana And Sons,Retail,Individual,Amritsar,Punjab,Active,4589.68,1.0,8843.4,8843.4,0.0,0.0,0.0,0.0,0.0,0.0,0.0,0.0,0.0,0.0,0.0,Low,False,False,False
MCH3263,Sarna-Chauhan,Restaurants & Food,Sole Proprietor,Lucknow,Uttar Pradesh,Active,2348.1,0.0,0.0,0.0,0.0,0.0,0.0,0.0,0.0,0.0,0.0,0,0,0,0.0,Low,False,False,False
MCH3265,Mittal Ltd,Books & Stationery,Private Limited,Hyderabad,Telangana,Active,4170.98,1.0,14260.28,14260.28,1.0,0.0,0.0,0.0,0.0,0.0,0.0,0.0,0.0,0.0,0.0,Low,False,False,False
MCH3267,Balasubramanian-Butala,Apparel & Fashion,Individual,Chennai,Tamil Nadu,Active,1843.39,2.0,38497.880000000005,19248.940000000002,2.0,0.0,0.0,0.0,0.0,0.0,0.0,0.0,0.0,0.0,0.0,Low,False,False,False
MCH3268,Kadakia-Rajan,Apparel & Fashion,Sole Proprietor,Pune,Maharashtra,Active,2055.32,0.0,0.0,0.0,0.0,0.0,0.0,0.0,0.0,0.0,0.0,0,0,0,0.0,Low,False,False,False
MCH3269,Kara-Ramaswamy,Restaurants & Food,Partnership,Pune,Maharashtra,Active,1481.0,4.0,44816.15,11204.0375,4.0,0.0,0.0,0.0,0.0,0.0,0.0,0.0,0.0,0.0,0.0,Low,False,False,False
MCH3272,Gera Group,Apparel & Fashion,Sole Proprietor,Chennai,Tamil Nadu,Active,2272.01,1.0,11265.25,11265.25,1.0,0.0,0.0,0.0,0.0,0.0,0.0,0.0,0.0,0.0,0.0,Low,False,False,False
MCH3274,Sen-Chawla,Department Store,Private Limited,Chennai,Tamil Nadu,Active,,3.0,32474.72,10824.906666666668,3.0,0.0,0.0,0.0,0.0,0.0,0.0,0.0,0.0,0.0,0.0,Low,False,False,False
MCH3277,Issac-Lata,Telecom,Partnership,Delhi,Delhi,Active,1571.63,4.0,29168.93,7292.2325,4.0,0.0,0.0,0.0,0.0,0.0,0.0,0.0,0.0,0.0,0.0,Low,False,False,False
MCH3279,"Zachariah, Gill And Palla",Restaurants & Food,Individual,Pune,Maharashtra,Active,,1.0,20221.9,20221.9,1.0,0.0,0.0,0.0,0.0,0.0,0.0,0.0,0.0,0.0,0.0,Low,False,False,False
MCH3280,"Vohra, Bora And Vasa",Grocery,Private Limited,Pune,Maharashtra,Suspended,412.76,0.0,0.0,0.0,0.0,0.0,0.0,0.0,0.0,0.0,0.0,0,0,0,0.0,Low,False,False,False
MCH3284,Lal And Sons,Telecom,Private Limited,Ludhiana,Punjab,Inactive,3943.29,2.0,18672.18,9336.09,2.0,0.0,0.0,0.0,0.0,0.0,0.0,0.0,0.0,0.0,0.0,Low,False,False,False
MCH3285,"Prasad, Luthra And Suri",Retail,Partnership,Bengaluru,Karnataka,Active,669.58,5.0,58058.46000000001,11611.692000000001,5.0,0.0,0.0,0.0,0.0,0.0,0.0,0.0,0.0,0.0,0.0,Low,False,False,False
MCH3287,"Dave, Ganesan And Biswas",Retail,Individual,Bengaluru,Karnataka,Active,1007.0,0.0,0.0,0.0,0.0,0.0,0.0,0.0,0.0,0.0,0.0,0,0,0,0.0,Low,False,False,False
MCH3289,Tripathi-Mandal,Telecom,Individual,Chennai,Tamil Nadu,Active,1368.37,3.0,27686.87,9228.956666666667,3.0,0.0,0.0,0.0,0.0,0.0,0.0,0.0,0.0,0.0,0.0,Low,False,False,False
MCH3291,Sanghvi-Nair,Hotel & Lodging,Private Limited,Bengaluru,Karnataka,Active,3917.0,3.0,55719.82,18573.273333333334,3.0,0.0,0.0,0.0,0.0,0.0,0.0,0.0,0.0,0.0,0.0,Low,False,False,False
MCH3296,Sampath-Chopra,Miscellaneous,Individual,Bengaluru,Karnataka,Active,1074.2,2.0,32941.03,16470.515,2.0,0.0,0.0,0.0,0.0,0.0,0.0,0.0,0.0,0.0,0.0,Low,False,False,False
MCH3298,"Kurian, Sheth And Bains",Apparel & Fashion,Individual,Delhi,Delhi,Active,3789.0,3.0,50705.24,16901.746666666666,2.0,0.0,0.0,0.0,0.0,0.0,0.0,0.0,0.0,0.0,0.0,Low,False,False,False
MCH3299,"Varghese, Tripathi And Ganesh",Miscellaneous,Sole Proprietor,Bengaluru,Karnataka,Inactive,2177.34,0.0,0.0,0.0,0.0,0.0,0.0,0.0,0.0,0.0,0.0,0,0,0,0.0,Low,False,False,False
MCH3313,Comar-Sidhu,Department Store,Sole Proprietor,Lucknow,Uttar Pradesh,Inactive,408.55,0.0,0.0,0.0,0.0,0.0,0.0,0.0,0.0,0.0,0.0,0,0,0,0.0,Low,False,False,False
MCH3319,"Jani, Tailor And Radhakrishnan",Apparel & Fashion,Sole Proprietor,Jalandhar,Punjab,Active,,2.0,8844.99,4422.495,1.0,0.0,1.0,0.0,0.0,0.0,0.0,0.0,0.0,0.0,0.0,Low,False,False,False
MCH3321,Barad-Trivedi,Transportation,Sole Proprietor,Amritsar,Punjab,Active,2096.6,2.0,21472.08,10736.04,2.0,0.0,0.0,0.0,0.0,0.0,0.0,0.0,0.0,0.0,0.0,Low,False,False,False
MCH3323,Dey Plc,Telecom,Sole Proprietor,Jaipur,Rajasthan,Inactive,559.08,0.0,0.0,0.0,0.0,0.0,0.0,0.0,0.0,0.0,0.0,0,0,0,0.0,Low,False,False,False
MCH3328,"Narang, Lal And Bhalla",Books & Stationery,Sole Proprietor,Kolkata,West Bengal,Active,3697.78,2.0,34318.43,17159.215,2.0,0.0,0.0,0.0,0.0,0.0,0.0,0.0,0.0,0.0,0.0,Low,False,False,False
MCH3330,"Keer, Gupta And Som",Department Store,Private Limited,Jalandhar,Punjab,Active,3134.69,0.0,0.0,0.0,0.0,0.0,0.0,0.0,0.0,0.0,0.0,0,0,0,0.0,Low,False,False,False
MCH3331,"Shukla, Kadakia And Kata",Apparel & Fashion,Private Limited,Ludhiana,Punjab,Active,1008.43,3.0,36313.69,12104.563333333334,3.0,0.0,0.0,0.0,0.0,0.0,0.0,0.0,0.0,0.0,0.0,Low,False,False,False
MCH3334,Majumdar-Raja,Telecom,Private Limited,Hyderabad,Telangana,Active,2941.2,2.0,26408.98,13204.49,2.0,0.0,0.0,0.0,0.0,0.0,0.0,0.0,0.0,0.0,0.0,Low,False,False,False
MCH3335,Choudhary Ltd,Apparel & Fashion,Partnership,Lucknow,Uttar Pradesh,Active,413.6,1.0,639.73,639.73,1.0,0.0,0.0,0.0,0.0,0.0,0.0,0.0,0.0,0.0,0.0,Low,False,False,False
MCH3348,"Chauhan, Chowdhury And Dhillon",Books & Stationery,Individual,Amritsar,Punjab,Active,,1.0,12310.48,12310.48,0.0,0.0,1.0,0.0,0.0,0.0,0.0,0.0,0.0,0.0,0.0,Low,False,False,False
MCH3353,Sachar Ltd,Books & Stationery,Private Limited,Jalandhar,Punjab,Inactive,446.0,0.0,0.0,0.0,0.0,0.0,0.0,0.0,0.0,0.0,0.0,0,0,0,0.0,Low,False,False,False
MCH3358,Suri-Dhillon,Travel,Individual,Kolkata,West Bengal,Inactive,665.29,4.0,54693.61,13673.4025,4.0,0.0,0.0,0.0,0.0,0.0,0.0,0.0,0.0,0.0,0.0,Low,False,False,False
MCH3361,Sabharwal-Shah,Transportation,Partnership,Jalandhar,Punjab,Inactive,887.23,0.0,0.0,0.0,0.0,0.0,0.0,0.0,0.0,0.0,0.0,0,0,0,0.0,Low,False,False,False
MCH3362,Chander-Sangha,Grocery,Private Limited,Amritsar,Punjab,Suspended,12795.59,3.0,64537.39,21512.463333333333,3.0,0.0,0.0,0.0,0.0,0.0,0.0,0.0,0.0,0.0,0.0,Low,False,False,False
MCH3369,"Yadav, Deep And Bassi",Miscellaneous,Individual,Lucknow,Uttar Pradesh,Active,786.0,3.0,51642.85,17214.283333333333,3.0,0.0,0.0,0.0,0.0,0.0,0.0,0.0,0.0,0.0,0.0,Low,False,False,False
MCH3371,Raju Inc,Transportation,Partnership,Hyderabad,Telangana,Active,4057.11,2.0,21710.35,10855.175,2.0,0.0,0.0,0.0,0.0,0.0,0.0,0.0,0.0,0.0,0.0,Low,False,False,False
MCH3376,Sama-Gaba,Grocery,Individual,Hyderabad,Telangana,Active,732.24,2.0,10214.18,5107.09,2.0,0.0,0.0,0.0,0.0,0.0,0.0,0.0,0.0,0.0,0.0,Low,False,False,False
MCH3379,Sura Inc,Grocery,Sole Proprietor,Chennai,Tamil Nadu,Active,851.53,0.0,0.0,0.0,0.0,0.0,0.0,0.0,0.0,0.0,0.0,0,0,0,0.0,Low,False,False,False
MCH3383,Muni Inc,Miscellaneous,Sole Proprietor,Delhi,Delhi,Active,5804.6,2.0,15947.82,7973.91,2.0,0.0,0.0,0.0,0.0,0.0,0.0,0.0,0.0,0.0,0.0,Low,False,False,False
MCH3384,Gill-Bakshi,Miscellaneous,Partnership,Kolkata,West Bengal,Active,1223.35,2.0,38076.78,19038.39,2.0,0.0,0.0,0.0,0.0,0.0,0.0,0.0,0.0,0.0,0.0,Low,False,False,False
MCH3386,"Balay, Chacko And Dani",Department Store,Private Limited,Jaipur,Rajasthan,Active,2775.53,4.0,67534.01000000001,16883.502500000002,4.0,0.0,0.0,0.0,0.0,0.0,0.0,0.0,0.0,0.0,0.0,Low,False,False,False
MCH3387,Boase Ltd,Telecom,Sole Proprietor,Chennai,Tamil Nadu,Active,4926.8,1.0,19749.89,19749.89,1.0,0.0,0.0,0.0,0.0,0.0,0.0,0.0,0.0,0.0,0.0,Low,False,False,False
MCH3389,"Barad, Murthy And Muni",Pharmacy,Individual,Amritsar,Punjab,Active,234.09,1.0,12079.0,12079.0,1.0,0.0,0.0,0.0,0.0,0.0,0.0,0.0,0.0,0.0,0.0,Low,False,False,False
MCH3391,Dass Inc,Transportation,Partnership,Lucknow,Uttar Pradesh,Active,1298.0,1.0,5865.78,5865.78,1.0,0.0,0.0,0.0,0.0,0.0,0.0,0.0,0.0,0.0,0.0,Low,False,False,False
MCH3393,"Panchal, Mistry And Sawhney",Grocery,Sole Proprietor,Amritsar,Punjab,Active,612.0,0.0,0.0,0.0,0.0,0.0,0.0,0.0,0.0,0.0,0.0,0,0,0,0.0,Low,False,False,False
MCH3395,Merchant-Johal,Transportation,Individual,Lucknow,Uttar Pradesh,Active,2176.33,2.0,17099.14,8549.57,2.0,0.0,0.0,0.0,0.0,0.0,0.0,0.0,0.0,0.0,0.0,Low,False,False,False
MCH3398,Chaudhary Ltd,Apparel & Fashion,Sole Proprietor,Chennai,Tamil Nadu,Inactive,1864.25,1.0,5880.88,5880.88,1.0,0.0,0.0,0.0,0.0,0.0,0.0,0.0,0.0,0.0,0.0,Low,False,False,False
MCH3399,Rana-Talwar,Medical,Private Limited,Mumbai,Maharashtra,Active,575.9,1.0,18552.02,18552.02,1.0,0.0,0.0,0.0,0.0,0.0,0.0,0.0,0.0,0.0,0.0,Low,False,False,False
MCH3401,Chana Llc,Grocery,Individual,Chennai,Tamil Nadu,Active,3703.23,2.0,24366.15,12183.075,2.0,0.0,0.0,0.0,0.0,0.0,0.0,0.0,0.0,0.0,0.0,Low,False,False,False
MCH3404,"Parekh, Lad And Soman",Department Store,Individual,Mumbai,Maharashtra,Active,,2.0,22560.54,11280.27,1.0,0.0,0.0,0.0,0.0,0.0,0.0,0.0,0.0,0.0,0.0,Low,False,False,False
MCH3405,"Dara, Boase And Chada",Miscellaneous,Partnership,Pune,Maharashtra,Active,210.2,2.0,14678.41,7339.205,2.0,0.0,0.0,0.0,0.0,0.0,0.0,0.0,0.0,0.0,0.0,Low,False,False,False
MCH3407,Lal Llc,Miscellaneous,Private Limited,Jalandhar,Punjab,Active,3232.78,0.0,0.0,0.0,0.0,0.0,0.0,0.0,0.0,0.0,0.0,0,0,0,0.0,Low,False,False,False
MCH3409,Badami And Sons,Hotel & Lodging,Sole Proprietor,Bengaluru,Karnataka,Active,1179.18,1.0,17200.59,17200.59,1.0,0.0,0.0,0.0,0.0,0.0,0.0,0.0,0.0,0.0,0.0,Low,False,False,False
MCH3410,Mutti Plc,Hotel & Lodging,Sole Proprietor,Chennai,Tamil Nadu,Active,4042.64,1.0,22219.81,22219.81,1.0,0.0,0.0,0.0,0.0,0.0,0.0,0.0,0.0,0.0,0.0,Low,False,False,False
MCH3414,Sahota Ltd,Telecom,Private Limited,Amritsar,Punjab,Active,1607.54,3.0,34782.83,11594.276666666667,2.0,0.0,1.0,0.0,0.0,0.0,0.0,0.0,0.0,0.0,0.0,Low,False,False,False
MCH3419,"Bansal, Naidu And Baria",Pharmacy,Private Limited,Pune,Maharashtra,Active,357.64,3.0,61123.55,20374.516666666666,3.0,0.0,0.0,0.0,0.0,0.0,0.0,0.0,0.0,0.0,0.0,Low,False,False,False
MCH3421,"Sandhu, Saxena And Talwar",Books & Stationery,Sole Proprietor,Delhi,Delhi,Suspended,1117.58,1.0,9701.77,9701.77,1.0,0.0,0.0,0.0,0.0,0.0,0.0,0.0,0.0,0.0,0.0,Low,False,False,False
MCH3423,Sant-Singh,Hotel & Lodging,Partnership,Delhi,Delhi,Active,11283.23,2.0,21456.35,10728.175,2.0,0.0,0.0,0.0,0.0,0.0,0.0,0.0,0.0,0.0,0.0,Low,False,False,False
MCH3424,Tandon-Raja,Grocery,Private Limited,Pune,Maharashtra,Inactive,1643.97,2.0,42544.61,21272.305,2.0,0.0,0.0,0.0,0.0,0.0,0.0,0.0,0.0,0.0,0.0,Low,False,False,False
MCH3426,"Morar, Dar And Raja",Department Store,Individual,Jalandhar,Punjab,Inactive,1252.0,0.0,0.0,0.0,0.0,0.0,0.0,0.0,0.0,0.0,0.0,0,0,0,0.0,Low,False,False,False
MCH3435,"Mitter, Chakrabarti And Swaminathan",Restaurants & Food,Individual,Ludhiana,Punjab,Active,1050.63,5.0,71954.3,14390.86,4.0,0.0,0.0,0.0,0.0,0.0,0.0,0.0,0.0,0.0,0.0,Low,False,False,False
MCH3438,Murty-Parmar,Telecom,Private Limited,Amritsar,Punjab,Active,621.11,1.0,17210.23,17210.23,1.0,0.0,0.0,0.0,0.0,0.0,0.0,0.0,0.0,0.0,0.0,Low,False,False,False
MCH3439,"Palan, Bora And Puri",Grocery,Private Limited,Ludhiana,Punjab,Active,1840.58,1.0,461.85,461.85,1.0,0.0,0.0,0.0,0.0,0.0,0.0,0.0,0.0,0.0,0.0,Low,False,False,False
MCH3445,"Madan, Naidu And Andra",Hotel & Lodging,Private Limited,Jaipur,Rajasthan,Active,983.3,3.0,33533.020000000004,11177.673333333334,2.0,0.0,1.0,0.0,0.0,0.0,0.0,0.0,0.0,0.0,0.0,Low,False,False,False
MCH3446,Ganesan-Contractor,Grocery,Sole Proprietor,Lucknow,Uttar Pradesh,Inactive,348.14,2.0,33502.12,16751.06,2.0,0.0,0.0,0.0,0.0,0.0,0.0,0.0,0.0,0.0,0.0,Low,False,False,False
MCH3447,Andra-Edwin,Apparel & Fashion,Individual,Hyderabad,Telangana,Active,1619.69,4.0,30897.0,7724.25,4.0,0.0,0.0,0.0,0.0,0.0,0.0,0.0,0.0,0.0,0.0,Low,False,False,False
MCH3449,Nigam-Agate,Miscellaneous,Partnership,Mumbai,Maharashtra,Active,236.02,1.0,15734.19,15734.19,1.0,0.0,0.0,0.0,0.0,0.0,0.0,0.0,0.0,0.0,0.0,Low,False,False,False
MCH3451,Amble-Nair,Pharmacy,Sole Proprietor,Amritsar,Punjab,Suspended,,2.0,26411.63,13205.815,2.0,0.0,0.0,0.0,0.0,0.0,0.0,0.0,0.0,0.0,0.0,Low,False,False,False
MCH3453,"Sangha, Minhas And Patil",Hotel & Lodging,Private Limited,Jaipur,Rajasthan,Active,,1.0,533.14,533.14,1.0,0.0,0.0,0.0,0.0,0.0,0.0,0.0,0.0,0.0,0.0,Low,False,False,False
MCH3460,Chand-Bora,Grocery,Individual,Kolkata,West Bengal,Active,,1.0,410.54,410.54,1.0,0.0,0.0,0.0,0.0,0.0,0.0,0.0,0.0,0.0,0.0,Low,False,False,False
MCH3461,"Balakrishnan, Sachdeva And Sekhon",Miscellaneous,Individual,Mumbai,Maharashtra,Active,1049.37,3.0,30719.489999999998,10239.83,3.0,0.0,0.0,0.0,0.0,0.0,0.0,0.0,0.0,0.0,0.0,Low,False,False,False
MCH3465,"Patla, Tiwari And Bobal",Telecom,Private Limited,Amritsar,Punjab,Active,662.0,2.0,24879.84,12439.92,2.0,0.0,0.0,0.0,0.0,0.0,0.0,0.0,0.0,0.0,0.0,Low,False,False,False
MCH3468,Aurora-Ben,Hotel & Lodging,Private Limited,Hyderabad,Telangana,Active,199.0,2.0,19099.47,9549.735,2.0,0.0,0.0,0.0,0.0,0.0,0.0,0.0,0.0,0.0,0.0,Low,False,False,False
MCH3469,Ha1Der-Bains,Telecom,Private Limited,Ludhiana,Punjab,Active,943.76,5.0,72508.81999999999,14501.764,5.0,0.0,0.0,0.0,0.0,0.0,0.0,0.0,0.0,0.0,0.0,Low,False,False,False
MCH3470,Chopra-Garde,Telecom,Individual,Bengaluru,Karnataka,Active,509.62,0.0,0.0,0.0,0.0,0.0,0.0,0.0,0.0,0.0,0.0,0,0,0,0.0,Low,False,False,False
MCH3473,"Mahal, Butala And Shenoy",Travel,Individual,Amritsar,Punjab,Inactive,456.8,1.0,253.18,253.18,1.0,0.0,0.0,0.0,0.0,0.0,0.0,0.0,0.0,0.0,0.0,Low,False,False,False
MCH3475,"Wadhwa, Banik And Prakash",Restaurants & Food,Private Limited,Jaipur,Rajasthan,Active,335.53,2.0,26473.55,13236.775,2.0,0.0,0.0,0.0,0.0,0.0,0.0,0.0,0.0,0.0,0.0,Low,False,False,False
MCH3477,"Mangal, Comar And Krish",Department Store,Sole Proprietor,Mumbai,Maharashtra,Active,13897.21,1.0,13949.68,13949.68,1.0,0.0,0.0,0.0,0.0,0.0,0.0,0.0,0.0,0.0,0.0,Low,False,False,False
MCH3484,Sidhu Llc,Miscellaneous,Individual,Ludhiana,Punjab,Active,,2.0,38242.12,19121.06,2.0,0.0,0.0,0.0,0.0,0.0,0.0,0.0,0.0,0.0,0.0,Low,False,False,False
MCH3487,Soni And Sons,Medical,Sole Proprietor,Lucknow,Uttar Pradesh,Active,1671.71,0.0,0.0,0.0,0.0,0.0,0.0,0.0,0.0,0.0,0.0,0,0,0,0.0,Low,False,False,False
MCH3489,Bahl-Bhavsar,Transportation,Partnership,Delhi,Delhi,Active,908.03,3.0,42783.92,14261.306666666665,2.0,0.0,0.0,0.0,0.0,0.0,0.0,0.0,0.0,0.0,0.0,Low,False,False,False
MCH3497,"Gokhale, Parmer And Contractor",Transportation,Individual,Jalandhar,Punjab,Active,,1.0,15038.39,15038.39,1.0,0.0,0.0,0.0,0.0,0.0,0.0,0.0,0.0,0.0,0.0,Low,False,False,False
MCH3498,Agate And Sons,Telecom,Individual,Chennai,Tamil Nadu,Active,1499.04,2.0,26363.780000000002,13181.890000000001,2.0,0.0,0.0,0.0,0.0,0.0,0.0,0.0,0.0,0.0,0.0,Low,False,False,False
MCH3501,Chandran-Tripathi,Miscellaneous,Private Limited,Mumbai,Maharashtra,Active,1658.21,2.0,24969.28,12484.64,2.0,0.0,0.0,0.0,0.0,0.0,0.0,0.0,0.0,0.0,0.0,Low,False,False,False
MCH3502,"Bail, Sawhney And Majumdar",Restaurants & Food,Individual,Hyderabad,Telangana,Active,4792.39,0.0,0.0,0.0,0.0,0.0,0.0,0.0,0.0,0.0,0.0,0,0,0,0.0,Low,False,False,False
MCH3504,"Ram, Dora And Bhatti",Books & Stationery,Individual,Pune,Maharashtra,Inactive,520.17,1.0,10398.63,10398.63,1.0,0.0,0.0,0.0,0.0,0.0,0.0,0.0,0.0,0.0,0.0,Low,False,False,False
MCH3506,Peri Group,Hotel & Lodging,Individual,Bengaluru,Karnataka,Active,3808.09,0.0,0.0,0.0,0.0,0.0,0.0,0.0,0.0,0.0,0.0,0,0,0,0.0,Low,False,False,False
MCH3507,"Sundaram, Shan And Subramanian",Hotel & Lodging,Individual,Amritsar,Punjab,Active,950.31,2.0,11477.779999999999,5738.889999999999,2.0,0.0,0.0,0.0,0.0,0.0,0.0,0.0,0.0,0.0,0.0,Low,False,False,False
MCH3508,Prabhu And Sons,Travel,Private Limited,Delhi,Delhi,Active,1850.0,2.0,29769.87,14884.935,2.0,0.0,0.0,0.0,0.0,0.0,0.0,0.0,0.0,0.0,0.0,Low,False,False,False
MCH3509,Tandon-Thakur,Miscellaneous,Private Limited,Pune,Maharashtra,Active,253.7,7.0,74635.11,10662.158571428572,5.0,1.0,1.0,0.0,0.0,0.0,0.0,14.29,0.0,0.0,0.0,Low,False,False,False
MCH3510,Sankaran Inc,Apparel & Fashion,Individual,Hyderabad,Telangana,Inactive,2317.0,0.0,0.0,0.0,0.0,0.0,0.0,0.0,0.0,0.0,0.0,0,0,0,0.0,Low,False,False,False
MCH3512,"Bhatti, Khosla And Chhabra",Telecom,Private Limited,Amritsar,Punjab,Active,1112.0,1.0,9812.18,9812.18,1.0,0.0,0.0,0.0,0.0,0.0,0.0,0.0,0.0,0.0,0.0,Low,False,False,False
MCH3513,"Gade, Raghavan And Ben",Books & Stationery,Individual,Chennai,Tamil Nadu,Inactive,1116.95,1.0,22350.8,22350.8,1.0,0.0,0.0,0.0,0.0,0.0,0.0,0.0,0.0,0.0,0.0,Low,False,False,False
MCH3523,"Khare, Radhakrishnan And Gala",Restaurants & Food,Individual,Jaipur,Rajasthan,Active,,3.0,30407.78,10135.926666666666,2.0,0.0,0.0,0.0,0.0,0.0,0.0,0.0,0.0,0.0,0.0,Low,False,False,False
MCH3530,Dugar Plc,Apparel & Fashion,Individual,Ludhiana,Punjab,Active,,0.0,0.0,0.0,0.0,0.0,0.0,0.0,0.0,0.0,0.0,0,0,0,0.0,Low,False,False,False
MCH3535,Kaur Llc,Hotel & Lodging,Individual,Ludhiana,Punjab,Active,438.79,3.0,34649.84,11549.946666666665,2.0,0.0,0.0,0.0,0.0,0.0,0.0,0.0,0.0,0.0,0.0,Low,False,False,False
MCH3539,"Korpal, Nair And Chana",Apparel & Fashion,Sole Proprietor,Mumbai,Maharashtra,Inactive,2681.05,2.0,17008.21,8504.105,2.0,0.0,0.0,0.0,0.0,0.0,0.0,0.0,0.0,0.0,0.0,Low,False,False,False
MCH3545,"Chacko, Oza And Jaggi",Hotel & Lodging,Sole Proprietor,Hyderabad,Telangana,Active,867.82,1.0,17658.99,17658.99,1.0,0.0,0.0,0.0,0.0,0.0,0.0,0.0,0.0,0.0,0.0,Low,False,False,False
MCH3547,Ramanathan-Dada,Restaurants & Food,Private Limited,Delhi,Delhi,Active,5262.6,0.0,0.0,0.0,0.0,0.0,0.0,0.0,0.0,0.0,0.0,0,0,0,0.0,Low,False,False,False
MCH3549,Khalsa And Sons,Restaurants & Food,Individual,Amritsar,Punjab,Active,1756.73,3.0,47166.97,15722.323333333334,3.0,0.0,0.0,0.0,0.0,0.0,0.0,0.0,0.0,0.0,0.0,Low,False,False,False
MCH3551,"Chaudry, Toor And Lala",Telecom,Sole Proprietor,Bengaluru,Karnataka,Active,941.64,2.0,30371.519999999997,15185.759999999998,1.0,0.0,1.0,0.0,0.0,0.0,0.0,0.0,0.0,0.0,0.0,Low,False,False,False
MCH3552,"Morar, Ahuja And Ravel",Books & Stationery,Sole Proprietor,Pune,Maharashtra,Active,8846.0,0.0,0.0,0.0,0.0,0.0,0.0,0.0,0.0,0.0,0.0,0,0,0,0.0,Low,False,False,False
MCH3553,"Bajwa, Tata And Narula",Medical,Private Limited,Lucknow,Uttar Pradesh,Active,,3.0,41585.41,13861.803333333335,2.0,0.0,1.0,0.0,0.0,0.0,0.0,0.0,0.0,0.0,0.0,Low,False,False,False
MCH3554,"Chowdhury, Mann And Mitter",Transportation,Individual,Jalandhar,Punjab,Active,893.92,0.0,0.0,0.0,0.0,0.0,0.0,0.0,0.0,0.0,0.0,0,0,0,0.0,Low,False,False,False
MCH3559,Chokshi Inc,Restaurants & Food,Private Limited,Bengaluru,Karnataka,Active,,6.0,57681.0,9613.5,5.0,1.0,0.0,0.0,0.0,0.0,0.0,16.67,0.0,0.0,0.0,Low,False,False,False
MCH3561,Kumar Llc,Restaurants & Food,Partnership,Chennai,Tamil Nadu,Active,715.0,2.0,29602.030000000002,14801.015000000001,2.0,0.0,0.0,0.0,0.0,0.0,0.0,0.0,0.0,0.0,0.0,Low,False,False,False
MCH3564,Chadha-Sarin,Restaurants & Food,Individual,Lucknow,Uttar Pradesh,Active,506.02,2.0,12467.460000000001,6233.7300000000005,2.0,0.0,0.0,0.0,0.0,0.0,0.0,0.0,0.0,0.0,0.0,Low,False,False,False
MCH3569,Choudhury-Prashad,Books & Stationery,Sole Proprietor,Lucknow,Uttar Pradesh,Active,1411.0,3.0,55684.149999999994,18561.38333333333,2.0,0.0,0.0,0.0,0.0,0.0,0.0,0.0,0.0,0.0,0.0,Low,False,False,False
MCH3574,Sodhi-Shan,Transportation,Partnership,Pune,Maharashtra,Inactive,4407.0,2.0,13102.33,6551.165,2.0,0.0,0.0,0.0,0.0,0.0,0.0,0.0,0.0,0.0,0.0,Low,False,False,False
MCH3577,"Ratta, Mane And Kapadia",Restaurants & Food,Individual,Amritsar,Punjab,Active,1820.36,2.0,2539.16,1269.58,2.0,0.0,0.0,0.0,0.0,0.0,0.0,0.0,0.0,0.0,0.0,Low,False,False,False
MCH3581,"Chadha, Sankaran And Pau",Apparel & Fashion,Partnership,Kolkata,West Bengal,Active,,3.0,53558.96,17852.986666666668,3.0,0.0,0.0,0.0,0.0,0.0,0.0,0.0,0.0,0.0,0.0,Low,False,False,False
MCH3587,Sagar-Raval,Hotel & Lodging,Partnership,Jalandhar,Punjab,Active,1064.25,5.0,53437.81,10687.562,5.0,0.0,0.0,0.0,0.0,0.0,0.0,0.0,0.0,0.0,0.0,Low,False,False,False
MCH3591,"Panchal, Balasubramanian And Dey",Books & Stationery,Private Limited,Kolkata,West Bengal,Active,2193.61,1.0,8188.16,8188.16,1.0,0.0,0.0,0.0,0.0,0.0,0.0,0.0,0.0,0.0,0.0,Low,False,False,False
MCH3593,"Kara,Brarandapte",Telecom,Private Limited,Mumbai,Maharashtra,Active,474.6,0.0,0.0,0.0,0.0,0.0,0.0,0.0,0.0,0.0,0.0,0,0,0,0.0,Low,False,False,False
MCH3595,"Srivastava, Merchant And Kota",Retail,Private Limited,Ludhiana,Punjab,Inactive,1153.0,1.0,1932.0,1932.0,1.0,0.0,0.0,0.0,0.0,0.0,0.0,0.0,0.0,0.0,0.0,Low,False,False,False
MCH3598,Kapur-Sahni,Telecom,Private Limited,Bengaluru,Karnataka,Active,7252.05,1.0,4050.17,4050.17,1.0,0.0,0.0,0.0,0.0,0.0,0.0,0.0,0.0,0.0,0.0,Low,False,False,False
MCH3601,Deshpande-Nigam,Transportation,Partnership,Bengaluru,Karnataka,Active,2765.11,2.0,21928.370000000003,10964.185000000001,2.0,0.0,0.0,0.0,0.0,0.0,0.0,0.0,0.0,0.0,0.0,Low,False,False,False
MCH3602,"Panchal, Karpe And Bhatti",Hotel & Lodging,Partnership,Amritsar,Punjab,Active,754.95,4.0,72950.25,18237.5625,4.0,0.0,0.0,0.0,0.0,0.0,0.0,0.0,0.0,0.0,0.0,Low,False,False,False
MCH3604,"Shetty, Bali And Sama",Grocery,Partnership,Ludhiana,Punjab,Active,394.0,1.0,17763.44,17763.44,1.0,0.0,0.0,0.0,0.0,0.0,0.0,0.0,0.0,0.0,0.0,Low,False,False,False
MCH3605,Bhasin Ltd,Travel,Partnership,Ludhiana,Punjab,Active,1858.98,3.0,31639.649999999998,10546.55,3.0,0.0,0.0,0.0,0.0,0.0,0.0,0.0,0.0,0.0,0.0,Low,False,False,False
MCH3607,Va1A-D0Ra,Restaurants & Food,Individual,Ludhiana,Punjab,Active,1953.09,1.0,12582.07,12582.07,1.0,0.0,0.0,0.0,0.0,0.0,0.0,0.0,0.0,0.0,0.0,Low,False,False,False
MCH3608,"Raj, Sarin And Sibal",Telecom,Partnership,Jaipur,Rajasthan,Inactive,1956.65,3.0,32661.21,10887.07,3.0,0.0,0.0,0.0,0.0,0.0,0.0,0.0,0.0,0.0,0.0,Low,False,False,False
MCH3610,"Deo, Krish And Lanka",Apparel & Fashion,Private Limited,Chennai,Tamil Nadu,Active,,6.0,66400.45999999999,11066.743333333332,6.0,0.0,0.0,0.0,0.0,0.0,0.0,0.0,0.0,0.0,0.0,Low,False,False,False
MCH3612,Kala Inc,Restaurants & Food,Sole Proprietor,Mumbai,Maharashtra,Active,577.0,1.0,2244.38,2244.38,1.0,0.0,0.0,0.0,0.0,0.0,0.0,0.0,0.0,0.0,0.0,Low,False,False,False
MCH3614,Morar-Sundaram,Restaurants & Food,Individual,Mumbai,Maharashtra,Active,1484.85,0.0,0.0,0.0,0.0,0.0,0.0,0.0,0.0,0.0,0.0,0,0,0,0.0,Low,False,False,False
MCH3616,Dua Group,Books & Stationery,Private Limited,Lucknow,Uttar Pradesh,Active,,0.0,0.0,0.0,0.0,0.0,0.0,0.0,0.0,0.0,0.0,0,0,0,0.0,Low,False,False,False
MCH3618,"Narang, Atwal And Merchant",Medical,Sole Proprietor,Mumbai,Maharashtra,Active,1728.22,3.0,39711.12,13237.04,3.0,0.0,0.0,0.0,0.0,0.0,0.0,0.0,0.0,0.0,0.0,Low,False,False,False
MCH3619,"Mody, Sami And Batta",Miscellaneous,Sole Proprietor,Kolkata,West Bengal,Inactive,3456.23,2.0,22379.58,11189.79,1.0,0.0,1.0,0.0,0.0,0.0,0.0,0.0,0.0,0.0,0.0,Low,False,False,False
MCH3628,Mitra Ltd,Apparel & Fashion,Sole Proprietor,Delhi,Delhi,Active,3214.64,2.0,24063.67,12031.835,2.0,0.0,0.0,0.0,0.0,0.0,0.0,0.0,0.0,0.0,0.0,Low,False,False,False
MCH3630,Chacko Ltd,Restaurants & Food,Partnership,Mumbai,Maharashtra,Inactive,2433.39,2.0,36470.71,18235.355,2.0,0.0,0.0,0.0,0.0,0.0,0.0,0.0,0.0,0.0,0.0,Low,False,False,False
MCH3637,"Lalla, Deep And Sama",Apparel & Fashion,Individual,Pune,Maharashtra,Active,560.03,1.0,15086.66,15086.66,1.0,0.0,0.0,0.0,0.0,0.0,0.0,0.0,0.0,0.0,0.0,Low,False,False,False
MCH3640,Parikh-Raghavan,Hotel & Lodging,Sole Proprietor,Hyderabad,Telangana,Active,400.1,0.0,0.0,0.0,0.0,0.0,0.0,0.0,0.0,0.0,0.0,0,0,0,0.0,Low,False,False,False
MCH3642,Prabhu-Pai,Grocery,Sole Proprietor,Kolkata,West Bengal,Active,3223.63,0.0,0.0,0.0,0.0,0.0,0.0,0.0,0.0,0.0,0.0,0,0,0,0.0,Low,False,False,False
MCH3649,"Jain, Sama And Sarma",Miscellaneous,Partnership,Mumbai,Maharashtra,Active,671.85,1.0,16936.27,16936.27,1.0,0.0,0.0,0.0,0.0,0.0,0.0,0.0,0.0,0.0,0.0,Low,False,False,False
MCH3655,Batra Llc,Medical,Sole Proprietor,Pune,Maharashtra,Active,,2.0,24772.83,12386.415,1.0,0.0,0.0,0.0,0.0,0.0,0.0,0.0,0.0,0.0,0.0,Low,False,False,False
MCH3659,Samra Inc,Restaurants & Food,Individual,Chennai,Tamil Nadu,Active,2958.27,2.0,6562.120000000001,3281.0600000000004,2.0,0.0,0.0,0.0,0.0,0.0,0.0,0.0,0.0,0.0,0.0,Low,False,False,False
MCH3661,"Deshmukh, Patla And Goel",Transportation,Individual,Ludhiana,Punjab,Suspended,1439.0,1.0,2783.84,2783.84,1.0,0.0,0.0,0.0,0.0,0.0,0.0,0.0,0.0,0.0,0.0,Low,False,False,False
MCH3662,"Mand, Walia And Bhalla",Grocery,Private Limited,Chennai,Tamil Nadu,Active,677.63,1.0,21535.45,21535.45,1.0,0.0,0.0,0.0,0.0,0.0,0.0,0.0,0.0,0.0,0.0,Low,False,False,False
MCH3663,Saini-Gaba,Apparel & Fashion,Sole Proprietor,Jaipur,Rajasthan,Active,377.05,1.0,15891.0,15891.0,1.0,0.0,0.0,0.0,0.0,0.0,0.0,0.0,0.0,0.0,0.0,Low,False,False,False
MCH3666,Gera-Ranganathan,Transportation,Partnership,Jaipur,Rajasthan,Active,243.55,1.0,9531.0,9531.0,1.0,0.0,0.0,0.0,0.0,0.0,0.0,0.0,0.0,0.0,0.0,Low,False,False,False
MCH3672,Ramaswamy Plc,Books & Stationery,Private Limited,Kolkata,West Bengal,Active,9848.33,1.0,3614.84,3614.84,1.0,0.0,0.0,0.0,0.0,0.0,0.0,0.0,0.0,0.0,0.0,Low,False,False,False
MCH3675,Grewal And Sons,Telecom,Private Limited,Pune,Maharashtra,Inactive,263.38,3.0,41744.06,13914.686666666666,3.0,0.0,0.0,0.0,0.0,0.0,0.0,0.0,0.0,0.0,0.0,Low,False,False,False
MCH3683,Mander Group,Grocery,Individual,Mumbai,Maharashtra,Active,4247.99,3.0,40128.69,13376.230000000001,3.0,0.0,0.0,0.0,0.0,0.0,0.0,0.0,0.0,0.0,0.0,Low,False,False,False
MCH3686,Prasad Inc,Restaurants & Food,Sole Proprietor,Mumbai,Maharashtra,Active,1179.14,5.0,73686.68000000001,14737.336000000001,5.0,0.0,0.0,0.0,0.0,0.0,0.0,0.0,0.0,0.0,0.0,Low,False,False,False
MCH3689,"Palla, Gara And Malhotra",Books & Stationery,Partnership,Bengaluru,Karnataka,Inactive,1319.27,0.0,0.0,0.0,0.0,0.0,0.0,0.0,0.0,0.0,0.0,0,0,0,0.0,Low,False,False,False
MCH3690,Aurora Inc,Travel,Partnership,Bengaluru,Karnataka,Active,915.55,2.0,23241.120000000003,11620.560000000001,2.0,0.0,0.0,0.0,0.0,0.0,0.0,0.0,0.0,0.0,0.0,Low,False,False,False
MCH3693,"Rajagopal, Savant And Ganesan",Telecom,Individual,Jalandhar,Punjab,Active,893.17,0.0,0.0,0.0,0.0,0.0,0.0,0.0,0.0,0.0,0.0,0,0,0,0.0,Low,False,False,False
MCH3694,"Date, Naidu And Raja",Pharmacy,Partnership,Jalandhar,Punjab,Active,4933.54,0.0,0.0,0.0,0.0,0.0,0.0,0.0,0.0,0.0,0.0,0,0,0,0.0,Low,False,False,False
MCH3696,"Pandya, Maharaj And Sundaram",Books & Stationery,Individual,Pune,Maharashtra,On Hold,416.04,4.0,31020.71,7755.1775,4.0,0.0,0.0,0.0,0.0,0.0,0.0,0.0,0.0,0.0,0.0,Low,False,False,False
MCH3697,Cherian Llc,Hotel & Lodging,Individual,Chennai,Tamil Nadu,Active,2525.65,2.0,41143.259999999995,20571.629999999997,2.0,0.0,0.0,0.0,0.0,0.0,0.0,0.0,0.0,0.0,0.0,Low,False,False,False
MCH3698,"Prashad, Viswanathan And Sama",Retail,Partnership,Amritsar,Punjab,Active,514.0,4.0,70169.68,17542.42,4.0,0.0,0.0,0.0,0.0,0.0,0.0,0.0,0.0,0.0,0.0,Low,False,False,False
MCH3699,Lal Ltd,Miscellaneous,Private Limited,Jaipur,Rajasthan,Active,479.97,7.0,91709.5,13101.357142857143,6.0,0.0,1.0,0.0,0.0,0.0,0.0,0.0,0.0,0.0,0.0,Low,False,False,False
MCH3703,Khatri-Shuk1A,Restaurants & Food,Private Limited,Jalandhar,Punjab,Suspended,3523.05,2.0,18681.16,9340.58,1.0,0.0,0.0,0.0,0.0,0.0,0.0,0.0,0.0,0.0,0.0,Low,False,False,False
MCH3712,Narain-Vaidya,Hotel & Lodging,Individual,Hyderabad,Telangana,Active,333.0,1.0,2100.75,2100.75,1.0,0.0,0.0,0.0,0.0,0.0,0.0,0.0,0.0,0.0,0.0,Low,False,False,False
MCH3720,"Bedi, Sanghvi And Balakrishnan",Grocery,Individual,Delhi,Delhi,Active,610.0,3.0,58151.54,19383.846666666668,3.0,0.0,0.0,0.0,0.0,0.0,0.0,0.0,0.0,0.0,0.0,Low,False,False,False
MCH3722,Jhaveri Ltd,Pharmacy,Private Limited,Ludhiana,Punjab,Active,4309.0,5.0,77262.49,15452.498000000001,5.0,0.0,0.0,0.0,0.0,0.0,0.0,0.0,0.0,0.0,0.0,Low,False,False,False
MCH3732,"Bhat, Sarin And Wag1E",Hotel & Lodging,Sole Proprietor,Lucknow,Uttar Pradesh,Active,604.0,2.0,20046.08,10023.04,2.0,0.0,0.0,0.0,0.0,0.0,0.0,0.0,0.0,0.0,0.0,Low,False,False,False
MCH3737,Raval-Kurian,Restaurants & Food,Individual,Mumbai,Maharashtra,Active,,1.0,13241.78,13241.78,1.0,0.0,0.0,0.0,0.0,0.0,0.0,0.0,0.0,0.0,0.0,Low,False,False,False
MCH3742,"Mall, Sarma And Merchant",Miscellaneous,Partnership,Jalandhar,Punjab,Active,330.87,6.0,95195.02,15865.836666666668,5.0,0.0,0.0,0.0,0.0,0.0,0.0,0.0,0.0,0.0,0.0,Low,False,False,False
MCH3748,Bedi-Cherian,Retail,Individual,Mumbai,Maharashtra,On Hold,1343.58,5.0,45176.17,9035.234,5.0,0.0,0.0,0.0,0.0,0.0,0.0,0.0,0.0,0.0,0.0,Low,False,False,False
MCH3753,Vohra-Din,Apparel & Fashion,Private Limited,Kolkata,West Bengal,Active,754.9,1.0,14083.48,14083.48,1.0,0.0,0.0,0.0,0.0,0.0,0.0,0.0,0.0,0.0,0.0,Low,False,False,False
MCH3754,Dugal-Chawla,Restaurants & Food,Partnership,Kolkata,West Bengal,Active,,2.0,30614.58,15307.29,2.0,0.0,0.0,0.0,0.0,0.0,0.0,0.0,0.0,0.0,0.0,Low,False,False,False
MCH3755,Hayer And Sons,Restaurants & Food,Private Limited,Pune,Maharashtra,Active,1098.64,1.0,24970.66,24970.66,1.0,0.0,0.0,0.0,0.0,0.0,0.0,0.0,0.0,0.0,0.0,Low,False,False,False
MCH3757,Chokshi Plc,Telecom,Private Limited,Jaipur,Rajasthan,Active,2492.69,1.0,2871.0,2871.0,0.0,0.0,1.0,0.0,0.0,0.0,0.0,0.0,0.0,0.0,0.0,Low,False,False,False
MCH3758,Dube Ltd,Miscellaneous,Sole Proprietor,Delhi,Delhi,Active,1607.42,2.0,39922.58,19961.29,2.0,0.0,0.0,0.0,0.0,0.0,0.0,0.0,0.0,0.0,0.0,Low,False,False,False
MCH3760,Das-Ahuja,Restaurants & Food,Sole Proprietor,Lucknow,Uttar Pradesh,Active,755.0,2.0,32970.06,16485.03,2.0,0.0,0.0,0.0,0.0,0.0,0.0,0.0,0.0,0.0,0.0,Low,False,False,False
MCH3761,"Bal,Mittalandprabhakar",Miscellaneous,Private Limited,Pune,Maharashtra,Active,6900.33,3.0,18799.28,6266.426666666666,3.0,0.0,0.0,0.0,0.0,0.0,0.0,0.0,0.0,0.0,0.0,Low,False,False,False
MCH3764,Tandon And Sons,Medical,Partnership,Mumbai,Maharashtra,Active,3428.0,1.0,4907.54,4907.54,1.0,0.0,0.0,0.0,0.0,0.0,0.0,0.0,0.0,0.0,0.0,Low,False,False,False
MCH3771,Bumb Inc,Miscellaneous,Partnership,Lucknow,Uttar Pradesh,Active,2602.75,3.0,32208.64,10736.213333333333,3.0,0.0,0.0,0.0,0.0,0.0,0.0,0.0,0.0,0.0,0.0,Low,False,False,False
MCH3776,"Kapadia, Sathe And Shenoy",Department Store,Partnership,Delhi,Delhi,Active,1854.99,2.0,23463.54,11731.77,2.0,0.0,0.0,0.0,0.0,0.0,0.0,0.0,0.0,0.0,0.0,Low,False,False,False
MCH3778,"Bhagat, Sama And Murthy",Telecom,Individual,Amritsar,Punjab,Inactive,2790.66,3.0,40379.53,13459.843333333332,3.0,0.0,0.0,0.0,0.0,0.0,0.0,0.0,0.0,0.0,0.0,Low,False,False,False
MCH3779,Aggarwal-Hans,Department Store,Private Limited,Kolkata,West Bengal,Active,,4.0,71160.43,17790.1075,4.0,0.0,0.0,0.0,0.0,0.0,0.0,0.0,0.0,0.0,0.0,Low,False,False,False
MCH3780,Hegde Group,Department Store,Private Limited,Lucknow,Uttar Pradesh,Active,315.62,2.0,4409.98,2204.99,2.0,0.0,0.0,0.0,0.0,0.0,0.0,0.0,0.0,0.0,0.0,Low,False,False,False
MCH3786,Ratta-Bhasin,Miscellaneous,Partnership,Bengaluru,Karnataka,Active,1037.97,1.0,11357.0,11357.0,1.0,0.0,0.0,0.0,0.0,0.0,0.0,0.0,0.0,0.0,0.0,Low,False,False,False
MCH3787,"Boase, Mand And Khatri",Grocery,Partnership,Pune,Maharashtra,Active,1436.68,1.0,7311.5,7311.5,1.0,0.0,0.0,0.0,0.0,0.0,0.0,0.0,0.0,0.0,0.0,Low,False,False,False
MCH3788,Bhargava And Sons,Transportation,Partnership,Bengaluru,Karnataka,Active,2495.65,4.0,48103.72,12025.93,3.0,0.0,1.0,0.0,0.0,0.0,0.0,0.0,0.0,0.0,0.0,Low,False,False,False
MCH3793,"Sankar, Parsa And Shere",Hotel & Lodging,Sole Proprietor,Ludhiana,Punjab,Active,6906.85,3.0,35586.79,11862.263333333334,3.0,0.0,0.0,0.0,0.0,0.0,0.0,0.0,0.0,0.0,0.0,Low,False,False,False
MCH3796,Mani-Saha,Restaurants & Food,Individual,Chennai,Tamil Nadu,Active,860.72,3.0,12003.18,4001.06,3.0,0.0,0.0,0.0,0.0,0.0,0.0,0.0,0.0,0.0,0.0,Low,False,False,False
MCH3801,"Arya, Sachar And Khanna",Pharmacy,Partnership,Bengaluru,Karnataka,Suspended,639.86,0.0,0.0,0.0,0.0,0.0,0.0,0.0,0.0,0.0,0.0,0,0,0,0.0,Low,False,False,False
MCH3803,"Tara, Wali And Sachdev",Books & Stationery,Individual,Lucknow,Uttar Pradesh,Active,2461.72,3.0,45206.8,15068.933333333334,3.0,0.0,0.0,0.0,0.0,0.0,0.0,0.0,0.0,0.0,0.0,Low,False,False,False
MCH3804,"Pingle, Choudhry And Sastry",Books & Stationery,Sole Proprietor,Delhi,Delhi,Active,729.5,0.0,0.0,0.0,0.0,0.0,0.0,0.0,0.0,0.0,0.0,0,0,0,0.0,Low,False,False,False
MCH3805,Issac-Munshi,Miscellaneous,Private Limited,Bengaluru,Karnataka,Active,7651.0,0.0,0.0,0.0,0.0,0.0,0.0,0.0,0.0,0.0,0.0,0,0,0,0.0,Low,False,False,False
MCH3811,"Bhat, Anand And Bakshi",Hotel & Lodging,Individual,Bengaluru,Karnataka,Active,563.14,0.0,0.0,0.0,0.0,0.0,0.0,0.0,0.0,0.0,0.0,0,0,0,0.0,Low,False,False,False
MCH3817,Subramanian Group,Department Store,Sole Proprietor,Ludhiana,Punjab,Active,3916.72,1.0,21408.92,21408.92,1.0,0.0,0.0,0.0,0.0,0.0,0.0,0.0,0.0,0.0,0.0,Low,False,False,False
MCH3818,Gopal-Khalsa,Telecom,Partnership,Amritsar,Punjab,Active,200.35,1.0,6455.91,6455.91,1.0,0.0,0.0,0.0,0.0,0.0,0.0,0.0,0.0,0.0,0.0,Low,False,False,False
MCH3820,Behl Llc,Department Store,Partnership,Jalandhar,Punjab,Inactive,983.06,2.0,30874.89,15437.445,2.0,0.0,0.0,0.0,0.0,0.0,0.0,0.0,0.0,0.0,0.0,Low,False,False,False
MCH3824,Chand-Sarna,Restaurants & Food,Sole Proprietor,Kolkata,West Bengal,Active,733.85,2.0,12662.95,6331.475,2.0,0.0,0.0,0.0,0.0,0.0,0.0,0.0,0.0,0.0,0.0,Low,False,False,False
MCH3829,Bansal Ltd,Hotel & Lodging,Private Limited,Pune,Maharashtra,Active,2565.33,2.0,20766.9,10383.45,0.0,0.0,2.0,0.0,0.0,0.0,0.0,0.0,0.0,0.0,0.0,Low,False,False,False
MCH3841,"Sandhu, Khosla And Guha",Miscellaneous,Partnership,Bengaluru,Karnataka,Active,2207.18,3.0,39285.68,13095.226666666667,2.0,0.0,0.0,0.0,0.0,0.0,0.0,0.0,0.0,0.0,0.0,Low,False,False,False
MCH3845,Hora-Bath,Transportation,Individual,Bengaluru,Karnataka,Active,2098.39,3.0,39483.64,13161.213333333333,3.0,0.0,0.0,0.0,0.0,0.0,0.0,0.0,0.0,0.0,0.0,Low,False,False,False
MCH3849,Das-Ratta,Telecom,Individual,Chennai,Tamil Nadu,Active,4368.0,1.0,2183.0,2183.0,1.0,0.0,0.0,0.0,0.0,0.0,0.0,0.0,0.0,0.0,0.0,Low,False,False,False
MCH3853,Bhat-Dutt,Grocery,Sole Proprietor,Hyderabad,Telangana,Active,,4.0,44016.3,11004.075,4.0,0.0,0.0,0.0,0.0,0.0,0.0,0.0,0.0,0.0,0.0,Low,False,False,False
MCH3854,"Was0N, Chauhan And Gh0Se",Restaurants & Food,Private Limited,Hyderabad,Telangana,Active,528.0,2.0,18973.63,9486.815,2.0,0.0,0.0,0.0,0.0,0.0,0.0,0.0,0.0,0.0,0.0,Low,False,False,False
MCH3856,"Sankaran, Anne And Buch",Restaurants & Food,Individual,Kolkata,West Bengal,Active,454.0,2.0,30051.67,15025.835,2.0,0.0,0.0,0.0,0.0,0.0,0.0,0.0,0.0,0.0,0.0,Low,False,False,False
MCH3860,Sama Group,Apparel & Fashion,Sole Proprietor,Chennai,Tamil Nadu,Active,448.66,1.0,20687.87,20687.87,1.0,0.0,0.0,0.0,0.0,0.0,0.0,0.0,0.0,0.0,0.0,Low,False,False,False
MCH3872,Krish Group,Apparel & Fashion,Partnership,Amritsar,Punjab,Active,3660.6,0.0,0.0,0.0,0.0,0.0,0.0,0.0,0.0,0.0,0.0,0,0,0,0.0,Low,False,False,False
MCH3873,"Dugal, Thakur And Puri",Hotel & Lodging,Private Limited,Jalandhar,Punjab,Active,1499.22,0.0,0.0,0.0,0.0,0.0,0.0,0.0,0.0,0.0,0.0,0,0,0,0.0,Low,False,False,False
MCH3874,"Dora,Deshpandeandseth",Telecom,Private Limited,Jalandhar,Punjab,Active,1119.69,1.0,1507.98,1507.98,1.0,0.0,0.0,0.0,0.0,0.0,0.0,0.0,0.0,0.0,0.0,Low,False,False,False
MCH3875,Natt Ltd,Restaurants & Food,Private Limited,Jalandhar,Punjab,Active,4372.03,1.0,20192.57,20192.57,1.0,0.0,0.0,0.0,0.0,0.0,0.0,0.0,0.0,0.0,0.0,Low,False,False,False
MCH3880,Sankaran-M0Dy,Transportation,Sole Proprietor,Hyderabad,Telangana,Active,794.44,2.0,8267.08,4133.54,1.0,0.0,0.0,0.0,0.0,0.0,0.0,0.0,0.0,0.0,0.0,Low,False,False,False
MCH3882,Kannan Plc,Medical,Individual,Pune,Maharashtra,Active,1470.9,1.0,4883.81,4883.81,1.0,0.0,0.0,0.0,0.0,0.0,0.0,0.0,0.0,0.0,0.0,Low,False,False,False
MCH3883,Vohra And Sons,Hotel & Lodging,Individual,Mumbai,Maharashtra,Active,,3.0,25364.769999999997,8454.923333333332,3.0,0.0,0.0,0.0,0.0,0.0,0.0,0.0,0.0,0.0,0.0,Low,False,False,False
MCH3887,Pa11A-Sah0Ta,Hotel & Lodging,Partnership,Kolkata,West Bengal,Inactive,1596.95,1.0,5808.13,5808.13,1.0,0.0,0.0,0.0,0.0,0.0,0.0,0.0,0.0,0.0,0.0,Low,False,False,False
MCH3888,"Gandhi, Cherian And Chhabra",Telecom,Partnership,Hyderabad,Telangana,Active,,0.0,0.0,0.0,0.0,0.0,0.0,0.0,0.0,0.0,0.0,0,0,0,0.0,Low,False,False,False
MCH3889,Bhagat-Sarna,Hotel & Lodging,Sole Proprietor,Kolkata,West Bengal,Active,2088.06,2.0,35809.72,17904.86,2.0,0.0,0.0,0.0,0.0,0.0,0.0,0.0,0.0,0.0,0.0,Low,False,False,False
MCH3890,Tata-Bal,Pharmacy,Individual,Pune,Maharashtra,Active,668.0,1.0,15451.78,15451.78,1.0,0.0,0.0,0.0,0.0,0.0,0.0,0.0,0.0,0.0,0.0,Low,False,False,False
MCH3895,Wable-Sarna,Hotel & Lodging,Private Limited,Jaipur,Rajasthan,Inactive,797.39,2.0,26782.38,13391.19,1.0,0.0,0.0,0.0,0.0,0.0,0.0,0.0,0.0,0.0,0.0,Low,False,False,False
MCH3899,Goswami-Bath,Transportation,Sole Proprietor,Hyderabad,Telangana,Active,,1.0,11805.47,11805.47,1.0,0.0,0.0,0.0,0.0,0.0,0.0,0.0,0.0,0.0,0.0,Low,False,False,False
MCH3903,"Khare, Balasubramanian And Mital",Books & Stationery,Sole Proprietor,Jaipur,Rajasthan,Active,3531.21,0.0,0.0,0.0,0.0,0.0,0.0,0.0,0.0,0.0,0.0,0,0,0,0.0,Low,False,False,False
MCH3907,"Goswami, Chaudhary And Nanda",Telecom,Individual,Ludhiana,Punjab,Active,552.22,4.0,42536.11,10634.0275,4.0,0.0,0.0,0.0,0.0,0.0,0.0,0.0,0.0,0.0,0.0,Low,False,False,False
MCH3908,Kanda Llc,Miscellaneous,Sole Proprietor,Pune,Maharashtra,Active,,1.0,12047.24,12047.24,1.0,0.0,0.0,0.0,0.0,0.0,0.0,0.0,0.0,0.0,0.0,Low,False,False,False
MCH3911,"Majumdar, Sane And Raval",Restaurants & Food,Sole Proprietor,Pune,Maharashtra,On Hold,2093.32,4.0,46020.15,11505.0375,3.0,0.0,1.0,0.0,0.0,0.0,0.0,0.0,0.0,0.0,0.0,Low,False,False,False
MCH3913,Tank-Pathak,Department Store,Individual,Jalandhar,Punjab,Active,2215.86,4.0,25373.62,6343.405,4.0,0.0,0.0,0.0,0.0,0.0,0.0,0.0,0.0,0.0,0.0,Low,False,False,False
MCH3916,"Parmer, Chakrabarti And Sibal",Transportation,Individual,Jaipur,Rajasthan,Active,794.0,3.0,55762.740000000005,18587.58,2.0,0.0,1.0,0.0,0.0,0.0,0.0,0.0,0.0,0.0,0.0,Low,False,False,False
MCH3917,Chowdhury-Pandit,Apparel & Fashion,Private Limited,Hyderabad,Telangana,Active,,3.0,21774.64,7258.213333333333,3.0,0.0,0.0,0.0,0.0,0.0,0.0,0.0,0.0,0.0,0.0,Low,False,False,False
MCH3920,Sharmallc,Books & Stationery,Private Limited,Lucknow,Uttar Pradesh,Suspended,1885.7,2.0,20591.12,10295.56,2.0,0.0,0.0,0.0,0.0,0.0,0.0,0.0,0.0,0.0,0.0,Low,False,False,False
MCH3925,Buch-Zachariah,Miscellaneous,Partnership,Amritsar,Punjab,Active,,1.0,9232.64,9232.64,1.0,0.0,0.0,0.0,0.0,0.0,0.0,0.0,0.0,0.0,0.0,Low,False,False,False
MCH3926,Master-Sarin,Miscellaneous,Individual,Hyderabad,Telangana,Active,1913.5,0.0,0.0,0.0,0.0,0.0,0.0,0.0,0.0,0.0,0.0,0,0,0,0.0,Low,False,False,False
MCH3930,Kashyap-Rastogi,Apparel & Fashion,Individual,Lucknow,Uttar Pradesh,Active,510.04,2.0,24703.68,12351.84,2.0,0.0,0.0,0.0,0.0,0.0,0.0,0.0,0.0,0.0,0.0,Low,False,False,False
MCH3935,Majumdar-Aggarwal,Department Store,Private Limited,Delhi,Delhi,Active,3614.23,5.0,81416.64,16283.328,5.0,0.0,0.0,0.0,0.0,0.0,0.0,0.0,0.0,0.0,0.0,Low,False,False,False
MCH3938,Acharya Group,Hotel & Lodging,Sole Proprietor,Kolkata,West Bengal,Active,2349.37,0.0,0.0,0.0,0.0,0.0,0.0,0.0,0.0,0.0,0.0,0,0,0,0.0,Low,False,False,False
MCH3940,Chad-Dara,Grocery,Partnership,Chennai,Tamil Nadu,Active,,1.0,4971.82,4971.82,1.0,0.0,0.0,0.0,0.0,0.0,0.0,0.0,0.0,0.0,0.0,Low,False,False,False
MCH3945,Mukhopadhyay-Raghavan,Transportation,Sole Proprietor,Mumbai,Maharashtra,Active,942.71,2.0,26627.88,13313.94,1.0,0.0,1.0,0.0,0.0,0.0,0.0,0.0,0.0,0.0,0.0,Low,False,False,False
MCH3946,Dhar-Buch,Restaurants & Food,Partnership,Delhi,Delhi,Active,1451.62,1.0,5050.48,5050.48,1.0,0.0,0.0,0.0,0.0,0.0,0.0,0.0,0.0,0.0,0.0,Low,False,False,False
MCH3953,"Ray, Minhas And Yohannan",Grocery,Sole Proprietor,Kolkata,West Bengal,Active,8126.93,2.0,18926.78,9463.39,2.0,0.0,0.0,0.0,0.0,0.0,0.0,0.0,0.0,0.0,0.0,Low,False,False,False
MCH3955,"Dutta, Boase And Jha",Restaurants & Food,Partnership,Jaipur,Rajasthan,Active,935.24,2.0,37666.47,18833.235,2.0,0.0,0.0,0.0,0.0,0.0,0.0,0.0,0.0,0.0,0.0,Low,False,False,False
MCH3959,"Kant, Goel And Pradhan",Miscellaneous,Individual,Hyderabad,Telangana,Active,1214.73,3.0,35233.630000000005,11744.543333333335,3.0,0.0,0.0,0.0,0.0,0.0,0.0,0.0,0.0,0.0,0.0,Low,False,False,False
MCH3968,"Peri, Sane And Mohanty",Restaurants & Food,Individual,Mumbai,Maharashtra,Active,1174.15,1.0,3217.46,3217.46,1.0,0.0,0.0,0.0,0.0,0.0,0.0,0.0,0.0,0.0,0.0,Low,False,False,False
MCH3970,"Chawla, Sami And Mani",Books & Stationery,Sole Proprietor,Pune,Maharashtra,Active,2506.67,4.0,63598.17,15899.5425,4.0,0.0,0.0,0.0,0.0,0.0,0.0,0.0,0.0,0.0,0.0,Low,False,False,False
MCH3971,Sura Plc,Hotel & Lodging,Individual,Delhi,Delhi,Active,748.82,1.0,19112.34,19112.34,1.0,0.0,0.0,0.0,0.0,0.0,0.0,0.0,0.0,0.0,0.0,Low,False,False,False
MCH3974,"Mishra, Baral And Char",Books & Stationery,Sole Proprietor,Chennai,Tamil Nadu,On Hold,2017.65,2.0,37624.88,18812.44,2.0,0.0,0.0,0.0,0.0,0.0,0.0,0.0,0.0,0.0,0.0,Low,False,False,False
MCH3980,Chadha-Raval,Apparel & Fashion,Partnership,Bengaluru,Karnataka,Active,1323.06,2.0,11202.67,5601.335,2.0,0.0,0.0,0.0,0.0,0.0,0.0,0.0,0.0,0.0,0.0,Low,False,False,False
MCH3987,"Dubey, Aggarwa1 And Mangat",Books & Stationery,Individual,Hyderabad,Telangana,Active,474.5,4.0,65887.25,16471.8125,4.0,0.0,0.0,0.0,0.0,0.0,0.0,0.0,0.0,0.0,0.0,Low,False,False,False
MCH3993,Vaidya Ltd,Miscellaneous,Partnership,Chennai,Tamil Nadu,Active,372.73,1.0,18660.38,18660.38,1.0,0.0,0.0,0.0,0.0,0.0,0.0,0.0,0.0,0.0,0.0,Low,False,False,False
MCH3997,Bhatia Inc,Telecom,Partnership,Kolkata,West Bengal,Inactive,,3.0,54715.92,18238.64,3.0,0.0,0.0,0.0,0.0,0.0,0.0,0.0,0.0,0.0,0.0,Low,False,False,False
MCH3998,"Krish, Tak And Peri",Telecom,Partnership,Ludhiana,Punjab,Active,1019.25,1.0,5848.28,5848.28,0.0,0.0,0.0,0.0,0.0,0.0,0.0,0.0,0.0,0.0,0.0,Low,False,False,False
MCH4000,"Dewan, Sunder And Bhakta",Grocery,Private Limited,Kolkata,West Bengal,Active,,2.0,23255.65,11627.825,2.0,0.0,0.0,0.0,0.0,0.0,0.0,0.0,0.0,0.0,0.0,Low,False,False,False
MCH4009,Deo Plc,Telecom,Sole Proprietor,Kolkata,West Bengal,Active,1937.0,1.0,16054.37,16054.37,1.0,0.0,0.0,0.0,0.0,0.0,0.0,0.0,0.0,0.0,0.0,Low,False,False,False
MCH4010,"Barad, Mukherjee And Joshi",Grocery,Sole Proprietor,Amritsar,Punjab,Active,992.35,5.0,52651.520000000004,10530.304,5.0,0.0,0.0,0.0,0.0,0.0,0.0,0.0,0.0,0.0,0.0,Low,False,False,False
MCH4021,"Balakrishnan, Mistry And Vig",Pharmacy,Individual,Hyderabad,Telangana,Active,1395.91,0.0,0.0,0.0,0.0,0.0,0.0,0.0,0.0,0.0,0.0,0,0,0,0.0,Low,False,False,False
MCH4023,"Dhaliwal, Dugar And Vasa",Books & Stationery,Partnership,Chennai,Tamil Nadu,Active,,0.0,0.0,0.0,0.0,0.0,0.0,0.0,0.0,0.0,0.0,0,0,0,0.0,Low,False,False,False
MCH4025,Hegde-Sule,Retail,Individual,Hyderabad,Telangana,Inactive,1108.29,1.0,4317.94,4317.94,1.0,0.0,0.0,0.0,0.0,0.0,0.0,0.0,0.0,0.0,0.0,Low,False,False,False
MCH4028,Taneja-Bhattacharyya,Transportation,Partnership,Lucknow,Uttar Pradesh,Active,2673.0,0.0,0.0,0.0,0.0,0.0,0.0,0.0,0.0,0.0,0.0,0,0,0,0.0,Low,False,False,False
MCH4030,Nayar Plc,Books & Stationery,Private Limited,Amritsar,Punjab,Active,1079.32,2.0,7921.9400000000005,3960.9700000000003,2.0,0.0,0.0,0.0,0.0,0.0,0.0,0.0,0.0,0.0,0.0,Low,False,False,False
MCH4031,"Mitra, Bali And Rai",Books & Stationery,Private Limited,Lucknow,Uttar Pradesh,Active,9089.26,2.0,11174.119999999999,5587.0599999999995,2.0,0.0,0.0,0.0,0.0,0.0,0.0,0.0,0.0,0.0,0.0,Low,False,False,False
MCH4042,Rout-Maharaj,Miscellaneous,Partnership,Amritsar,Punjab,Active,696.23,5.0,65393.54,13078.708,3.0,0.0,1.0,0.0,0.0,0.0,0.0,0.0,0.0,0.0,0.0,Low,False,False,False
MCH4050,"Sur, N0Ri And G011A",Apparel & Fashion,Sole Proprietor,Mumbai,Maharashtra,Active,577.94,4.0,78956.63,19739.1575,4.0,0.0,0.0,0.0,0.0,0.0,0.0,0.0,0.0,0.0,0.0,Low,False,False,False
MCH4052,Bal-Choudhary,Restaurants & Food,Partnership,Jalandhar,Punjab,Active,2217.99,2.0,31200.9,15600.45,2.0,0.0,0.0,0.0,0.0,0.0,0.0,0.0,0.0,0.0,0.0,Low,False,False,False
MCH4061,Mody-Vig,Miscellaneous,Individual,Amritsar,Punjab,Active,2007.74,0.0,0.0,0.0,0.0,0.0,0.0,0.0,0.0,0.0,0.0,0,0,0,0.0,Low,False,False,False
MCH4066,Swaminathan And Sons,Department Store,Partnership,Hyderabad,Telangana,Active,972.63,1.0,430.66,430.66,1.0,0.0,0.0,0.0,0.0,0.0,0.0,0.0,0.0,0.0,0.0,Low,False,False,False
MCH4068,Balakrishnan Inc,Telecom,Individual,Jalandhar,Punjab,Active,1322.89,4.0,61486.81,15371.7025,4.0,0.0,0.0,0.0,0.0,0.0,0.0,0.0,0.0,0.0,0.0,Low,False,False,False
MCH4073,Gopal Plc,Restaurants & Food,Individual,Jaipur,Rajasthan,Active,,2.0,21652.77,10826.385,2.0,0.0,0.0,0.0,0.0,0.0,0.0,0.0,0.0,0.0,0.0,Low,False,False,False
MCH4077,Verma-Dugar,Restaurants & Food,Private Limited,Kolkata,West Bengal,Active,1359.17,1.0,12572.98,12572.98,0.0,0.0,1.0,0.0,0.0,0.0,0.0,0.0,0.0,0.0,0.0,Low,False,False,False
MCH4083,"Loyal, Dara And Sharaf",Telecom,Individual,Chennai,Tamil Nadu,Active,1752.1,2.0,40694.240000000005,20347.120000000003,2.0,0.0,0.0,0.0,0.0,0.0,0.0,0.0,0.0,0.0,0.0,Low,False,False,False
MCH4084,Mitra Plc,Department Store,Individual,Jalandhar,Punjab,Active,973.94,5.0,42242.81,8448.562,5.0,0.0,0.0,0.0,0.0,0.0,0.0,0.0,0.0,0.0,0.0,Low,False,False,False
MCH4087,"Basak, Lal And Tailor",Telecom,Private Limited,Pune,Maharashtra,Active,298.11,3.0,38885.61,12961.87,3.0,0.0,0.0,0.0,0.0,0.0,0.0,0.0,0.0,0.0,0.0,Low,False,False,False
MCH4090,Dada Llc,Miscellaneous,Individual,Chennai,Tamil Nadu,Active,1538.0,4.0,53708.46,13427.115,4.0,0.0,0.0,0.0,0.0,0.0,0.0,0.0,0.0,0.0,0.0,Low,False,False,False
MCH4092,Mukhopadhyay Group,Restaurants & Food,Private Limited,Hyderabad,Telangana,Active,504.84,0.0,0.0,0.0,0.0,0.0,0.0,0.0,0.0,0.0,0.0,0,0,0,0.0,Low,False,False,False
MCH4093,Krishnamurthy Plc,Hotel & Lodging,Private Limited,Lucknow,Uttar Pradesh,Inactive,1291.9,2.0,11690.18,5845.09,1.0,0.0,1.0,0.0,0.0,0.0,0.0,0.0,0.0,0.0,0.0,Low,False,False,False
MCH4094,Thakur-Shah,Department Store,Individual,Chennai,Tamil Nadu,Active,1848.8,2.0,29328.350000000002,14664.175000000001,2.0,0.0,0.0,0.0,0.0,0.0,0.0,0.0,0.0,0.0,0.0,Low,False,False,False
MCH4097,Venkataraman Plc,Pharmacy,Sole Proprietor,Bengaluru,Karnataka,Active,405.21,2.0,29629.51,14814.755,2.0,0.0,0.0,0.0,0.0,0.0,0.0,0.0,0.0,0.0,0.0,Low,False,False,False
MCH4099,"Dewan, Rastogi And Jayaraman",Retail,Individual,Ludhiana,Punjab,Active,1926.0,3.0,53521.06,17840.353333333333,3.0,0.0,0.0,0.0,0.0,0.0,0.0,0.0,0.0,0.0,0.0,Low,False,False,False
MCH4100,Raja-Vasa,Hotel & Lodging,Sole Proprietor,Jalandhar,Punjab,Active,479.15,2.0,15742.74,7871.37,2.0,0.0,0.0,0.0,0.0,0.0,0.0,0.0,0.0,0.0,0.0,Low,False,False,False
MCH4101,"Sani, Ben And Subramaniam",Department Store,Private Limited,Pune,Maharashtra,Active,1377.51,2.0,25472.82,12736.41,2.0,0.0,0.0,0.0,0.0,0.0,0.0,0.0,0.0,0.0,0.0,Low,False,False,False
MCH4104,Sawhney-Suri,Telecom,Individual,Hyderabad,Telangana,Inactive,295.0,1.0,24147.92,24147.92,1.0,0.0,0.0,0.0,0.0,0.0,0.0,0.0,0.0,0.0,0.0,Low,False,False,False
MCH4106,Dey And Sons,Grocery,Private Limited,Hyderabad,Telangana,Active,4216.77,6.0,45857.99,7642.998333333333,6.0,0.0,0.0,0.0,0.0,0.0,0.0,0.0,0.0,0.0,0.0,Low,False,False,False
MCH4109,"Lal, Handa And Mammen",Books & Stationery,Individual,Kolkata,West Bengal,Active,1181.07,0.0,0.0,0.0,0.0,0.0,0.0,0.0,0.0,0.0,0.0,0,0,0,0.0,Low,False,False,False
MCH4110,Suresh-Bassi,Books & Stationery,Individual,Mumbai,Maharashtra,Inactive,1527.43,2.0,8167.5,4083.75,2.0,0.0,0.0,0.0,0.0,0.0,0.0,0.0,0.0,0.0,0.0,Low,False,False,False
MCH4112,Sodhi-Desai,Department Store,Sole Proprietor,Hyderabad,Telangana,Inactive,3193.0,1.0,11708.0,11708.0,1.0,0.0,0.0,0.0,0.0,0.0,0.0,0.0,0.0,0.0,0.0,Low,False,False,False
MCH4115,"Bandi, Rau And Hayre",Transportation,Sole Proprietor,Jaipur,Rajasthan,Suspended,748.37,3.0,30538.789999999997,10179.596666666666,2.0,0.0,0.0,0.0,0.0,0.0,0.0,0.0,0.0,0.0,0.0,Low,False,False,False
MCH4118,Upadhyay Llc,Transportation,Private Limited,Kolkata,West Bengal,Active,,4.0,68878.36,17219.59,4.0,0.0,0.0,0.0,0.0,0.0,0.0,0.0,0.0,0.0,0.0,Low,False,False,False
MCH4122,"Lata, Magar And Savant",Miscellaneous,Partnership,Bengaluru,Karnataka,Active,3699.77,1.0,13395.0,13395.0,1.0,0.0,0.0,0.0,0.0,0.0,0.0,0.0,0.0,0.0,0.0,Low,False,False,False
MCH4123,"Parekh, Patla And Kar",Books & Stationery,Partnership,Jalandhar,Punjab,Active,2764.76,4.0,22686.12,5671.53,4.0,0.0,0.0,0.0,0.0,0.0,0.0,0.0,0.0,0.0,0.0,Low,False,False,False
MCH4124,"Dara, Salvi And Sawhney",Grocery,Sole Proprietor,Bengaluru,Karnataka,Active,2121.35,4.0,68791.1,17197.775,4.0,0.0,0.0,0.0,0.0,0.0,0.0,0.0,0.0,0.0,0.0,Low,False,False,False
MCH4126,"Wali, Mahal And Prabhu",Transportation,Individual,Hyderabad,Telangana,Active,1593.0,1.0,3534.83,3534.83,1.0,0.0,0.0,0.0,0.0,0.0,0.0,0.0,0.0,0.0,0.0,Low,False,False,False
MCH4127,Subramaniam-Jhaveri,Transportation,Sole Proprietor,Jaipur,Rajasthan,Active,5333.88,2.0,26897.96,13448.98,2.0,0.0,0.0,0.0,0.0,0.0,0.0,0.0,0.0,0.0,0.0,Low,False,False,False
MCH4129,"Lad, Raja And Sachdev",Hotel & Lodging,Partnership,Mumbai,Maharashtra,Active,954.07,2.0,9638.85,4819.425,2.0,0.0,0.0,0.0,0.0,0.0,0.0,0.0,0.0,0.0,0.0,Low,False,False,False
MCH4133,"Nayak, Prabhu And Som",Transportation,Individual,Mumbai,Maharashtra,Active,570.23,3.0,32070.11,10690.036666666667,3.0,0.0,0.0,0.0,0.0,0.0,0.0,0.0,0.0,0.0,0.0,Low,False,False,False
MCH4135,Sunder Ltd,Grocery,Partnership,Ludhiana,Punjab,Active,6745.05,5.0,66924.64,13384.928,5.0,0.0,0.0,0.0,0.0,0.0,0.0,0.0,0.0,0.0,0.0,Low,False,False,False
MCH4136,Sehgal Plc,Apparel & Fashion,Partnership,Mumbai,Maharashtra,Active,2564.97,1.0,2877.0,2877.0,1.0,0.0,0.0,0.0,0.0,0.0,0.0,0.0,0.0,0.0,0.0,Low,False,False,False
MCH4145,"Dalal, Dass And Vaidya",Books & Stationery,Sole Proprietor,Pune,Maharashtra,Suspended,,1.0,19399.17,19399.17,1.0,0.0,0.0,0.0,0.0,0.0,0.0,0.0,0.0,0.0,0.0,Low,False,False,False
MCH4148,"Wali, Babu And Tank",Telecom,Partnership,Jaipur,Rajasthan,Active,2368.62,2.0,13832.39,6916.195,2.0,0.0,0.0,0.0,0.0,0.0,0.0,0.0,0.0,0.0,0.0,Low,False,False,False
MCH4158,Sastry Inc,Books & Stationery,Partnership,Delhi,Delhi,Inactive,480.93,4.0,51553.649999999994,12888.412499999999,3.0,0.0,0.0,0.0,0.0,0.0,0.0,0.0,0.0,0.0,0.0,Low,False,False,False
MCH4164,Iyengar Llc,Miscellaneous,Sole Proprietor,Jaipur,Rajasthan,Active,440.0,1.0,5031.33,5031.33,1.0,0.0,0.0,0.0,0.0,0.0,0.0,0.0,0.0,0.0,0.0,Low,False,False,False
MCH4165,"Dhar,Pallaandkorpal",Telecom,Private Limited,Pune,Maharashtra,On Hold,,1.0,18500.2,18500.2,1.0,0.0,0.0,0.0,0.0,0.0,0.0,0.0,0.0,0.0,0.0,Low,False,False,False
MCH4167,"Thakur, Purohit And Gade",Retail,Individual,Lucknow,Uttar Pradesh,Active,642.28,2.0,5360.18,2680.09,2.0,0.0,0.0,0.0,0.0,0.0,0.0,0.0,0.0,0.0,0.0,Low,False,False,False
MCH4168,"Chad, Dyal And Golla",Miscellaneous,Partnership,Pune,Maharashtra,Active,1194.41,2.0,18489.83,9244.915,2.0,0.0,0.0,0.0,0.0,0.0,0.0,0.0,0.0,0.0,0.0,Low,False,False,False
MCH4169,"Vaidya, Vasa And Palan",Telecom,Individual,Hyderabad,Telangana,Active,1965.48,1.0,7354.98,7354.98,1.0,0.0,0.0,0.0,0.0,0.0,0.0,0.0,0.0,0.0,0.0,Low,False,False,False
MCH4172,"Khosla, Tak And Mahajan",Medical,Partnership,Kolkata,West Bengal,Active,1964.28,1.0,17861.02,17861.02,1.0,0.0,0.0,0.0,0.0,0.0,0.0,0.0,0.0,0.0,0.0,Low,False,False,False
MCH4176,Sani-Bhalla,Hotel & Lodging,Individual,Delhi,Delhi,Active,1216.13,4.0,56713.0,14178.25,4.0,0.0,0.0,0.0,0.0,0.0,0.0,0.0,0.0,0.0,0.0,Low,False,False,False
MCH4179,"Choudhry, Bera And Pandit",Apparel & Fashion,Partnership,Kolkata,West Bengal,Active,1930.08,0.0,0.0,0.0,0.0,0.0,0.0,0.0,0.0,0.0,0.0,0,0,0,0.0,Low,False,False,False
MCH4180,"Iyer, Saha And Kumar",Hotel & Lodging,Partnership,Lucknow,Uttar Pradesh,Active,3864.5,2.0,24682.76,12341.38,2.0,0.0,0.0,0.0,0.0,0.0,0.0,0.0,0.0,0.0,0.0,Low,False,False,False
MCH4182,"More, Sarma And Baria",Telecom,Individual,Mumbai,Maharashtra,Active,4102.61,1.0,5523.94,5523.94,1.0,0.0,0.0,0.0,0.0,0.0,0.0,0.0,0.0,0.0,0.0,Low,False,False,False
MCH4184,Sachdeva-Kara,Restaurants & Food,Partnership,Jaipur,Rajasthan,Active,704.96,2.0,16951.989999999998,8475.994999999999,2.0,0.0,0.0,0.0,0.0,0.0,0.0,0.0,0.0,0.0,0.0,Low,False,False,False
MCH4187,"Tella, Hayre And Patla",Restaurants & Food,Sole Proprietor,Jaipur,Rajasthan,Suspended,2332.84,3.0,31015.36,10338.453333333333,3.0,0.0,0.0,0.0,0.0,0.0,0.0,0.0,0.0,0.0,0.0,Low,False,False,False
MCH4191,"Mangal, Seshadri And Kakar",Apparel & Fashion,Private Limited,Pune,Maharashtra,Active,1192.21,0.0,0.0,0.0,0.0,0.0,0.0,0.0,0.0,0.0,0.0,0,0,0,0.0,Low,False,False,False
MCH4197,Chaudry Group,Pharmacy,Private Limited,Pune,Maharashtra,Active,4814.44,3.0,41875.27,13958.423333333332,3.0,0.0,0.0,0.0,0.0,0.0,0.0,0.0,0.0,0.0,0.0,Low,False,False,False
MCH4200,"Sood, Kurian And Raghavan",Apparel & Fashion,Individual,Jaipur,Rajasthan,Active,2010.35,0.0,0.0,0.0,0.0,0.0,0.0,0.0,0.0,0.0,0.0,0,0,0,0.0,Low,False,False,False
MCH4205,Behl-Narula,Department Store,Sole Proprietor,Kolkata,West Bengal,Active,4442.0,1.0,11264.26,11264.26,1.0,0.0,0.0,0.0,0.0,0.0,0.0,0.0,0.0,0.0,0.0,Low,False,False,False
MCH4209,Garg-Goel,Restaurants & Food,Partnership,Amritsar,Punjab,Active,1244.58,1.0,16903.9,16903.9,1.0,0.0,0.0,0.0,0.0,0.0,0.0,0.0,0.0,0.0,0.0,Low,False,False,False
MCH4211,Amb1E-Saha,Grocery,Sole Proprietor,Delhi,Delhi,Active,525.0,2.0,26880.7,13440.35,2.0,0.0,0.0,0.0,0.0,0.0,0.0,0.0,0.0,0.0,0.0,Low,False,False,False
MCH4214,"Mitra, Oak And Keer",Apparel & Fashion,Individual,Bengaluru,Karnataka,Active,1159.46,0.0,0.0,0.0,0.0,0.0,0.0,0.0,0.0,0.0,0.0,0,0,0,0.0,Low,False,False,False
MCH4216,Ratta And Sons,Books & Stationery,Partnership,Jalandhar,Punjab,Active,1337.5,5.0,70896.29000000001,14179.258000000002,5.0,0.0,0.0,0.0,0.0,0.0,0.0,0.0,0.0,0.0,0.0,Low,False,False,False
MCH4218,Srivastava Ltd,Books & Stationery,Sole Proprietor,Mumbai,Maharashtra,Active,1744.69,1.0,13283.93,13283.93,1.0,0.0,0.0,0.0,0.0,0.0,0.0,0.0,0.0,0.0,0.0,Low,False,False,False
MCH4220,Gopal-Dara,Apparel & Fashion,Individual,Bengaluru,Karnataka,Active,532.47,5.0,73689.23,14737.846,5.0,0.0,0.0,0.0,0.0,0.0,0.0,0.0,0.0,0.0,0.0,Low,False,False,False
MCH4221,"Rastogi, Goda And Naidu",Miscellaneous,Individual,Jalandhar,Punjab,Active,745.75,4.0,42389.350000000006,10597.337500000001,3.0,0.0,1.0,0.0,0.0,0.0,0.0,0.0,0.0,0.0,0.0,Low,False,False,False
MCH4223,"Bajwa, Khurana And Sinha",Retail,Sole Proprietor,Bengaluru,Karnataka,Active,585.1,1.0,15791.16,15791.16,1.0,0.0,0.0,0.0,0.0,0.0,0.0,0.0,0.0,0.0,0.0,Low,False,False,False
MCH4227,Panchal Plc,Miscellaneous,Sole Proprietor,Kolkata,West Bengal,Active,1533.36,2.0,27074.690000000002,13537.345000000001,2.0,0.0,0.0,0.0,0.0,0.0,0.0,0.0,0.0,0.0,0.0,Low,False,False,False
MCH4228,"Singhal, Bhasin And Kaul",Apparel & Fashion,Private Limited,Amritsar,Punjab,Active,896.57,2.0,36288.38,18144.19,2.0,0.0,0.0,0.0,0.0,0.0,0.0,0.0,0.0,0.0,0.0,Low,False,False,False
MCH4230,Jha Group,Pharmacy,Private Limited,Jaipur,Rajasthan,Active,911.06,0.0,0.0,0.0,0.0,0.0,0.0,0.0,0.0,0.0,0.0,0,0,0,0.0,Low,False,False,False
MCH4236,"Sinha, Shukla And Lad",Apparel & Fashion,Sole Proprietor,Delhi,Delhi,Active,844.0,3.0,45663.369999999995,15221.123333333331,2.0,0.0,0.0,0.0,0.0,0.0,0.0,0.0,0.0,0.0,0.0,Low,False,False,False
MCH4237,"Deshmukh, Ghose And Chhabra",Restaurants & Food,Sole Proprietor,Pune,Maharashtra,Suspended,5905.65,1.0,15297.33,15297.33,1.0,0.0,0.0,0.0,0.0,0.0,0.0,0.0,0.0,0.0,0.0,Low,False,False,False
MCH4243,"Ramesh, Venkatesh And Ravel",Retail,Sole Proprietor,Amritsar,Punjab,Active,133.28,4.0,71496.37,17874.0925,3.0,0.0,1.0,0.0,0.0,0.0,0.0,0.0,0.0,0.0,0.0,Low,False,False,False
MCH4245,Dua Group,Transportation,Partnership,Ludhiana,Punjab,Active,323.1,3.0,35514.479999999996,11838.159999999998,3.0,0.0,0.0,0.0,0.0,0.0,0.0,0.0,0.0,0.0,0.0,Low,False,False,False
MCH4249,"Narasimhan, Natt And Chada",Hotel & Lodging,Sole Proprietor,Pune,Maharashtra,Active,1048.88,1.0,18638.53,18638.53,1.0,0.0,0.0,0.0,0.0,0.0,0.0,0.0,0.0,0.0,0.0,Low,False,False,False
MCH4250,"Mani, Roy And Manne",Transportation,Private Limited,Bengaluru,Karnataka,Active,77.0,4.0,64952.56,16238.14,4.0,0.0,0.0,0.0,0.0,0.0,0.0,0.0,0.0,0.0,0.0,Low,False,False,False
MCH4253,Mander-Sagar,Miscellaneous,Individual,Ludhiana,Punjab,Active,348.43,3.0,14671.720000000001,4890.573333333334,3.0,0.0,0.0,0.0,0.0,0.0,0.0,0.0,0.0,0.0,0.0,Low,False,False,False
MCH4260,"Kalla, Banerjee And Choudhary",Telecom,Partnership,Ludhiana,Punjab,Active,389.14,1.0,18059.09,18059.09,1.0,0.0,0.0,0.0,0.0,0.0,0.0,0.0,0.0,0.0,0.0,Low,False,False,False
MCH4261,Swaminathan Ltd,Hotel & Lodging,Private Limited,Lucknow,Uttar Pradesh,Active,965.51,1.0,4314.9,4314.9,1.0,0.0,0.0,0.0,0.0,0.0,0.0,0.0,0.0,0.0,0.0,Low,False,False,False
MCH4263,Kari And Sons,Telecom,Private Limited,Kolkata,West Bengal,Active,,3.0,52574.71,17524.903333333332,3.0,0.0,0.0,0.0,0.0,0.0,0.0,0.0,0.0,0.0,0.0,Low,False,False,False
MCH4273,Bava Group,Miscellaneous,Private Limited,Ludhiana,Punjab,Inactive,2773.64,0.0,0.0,0.0,0.0,0.0,0.0,0.0,0.0,0.0,0.0,0,0,0,0.0,Low,False,False,False
MCH4275,"Boase, Chanda And Bajaj",Department Store,Individual,Delhi,Delhi,Active,684.1,2.0,29560.67,14780.335,2.0,0.0,0.0,0.0,0.0,0.0,0.0,0.0,0.0,0.0,0.0,Low,False,False,False
MCH4278,Thakkar-Gupta,Department Store,Private Limited,Amritsar,Punjab,Inactive,703.48,4.0,70139.29000000001,17534.822500000002,3.0,0.0,1.0,0.0,0.0,0.0,0.0,0.0,0.0,0.0,0.0,Low,False,False,False
MCH4282,Pingle Ltd,Retail,Sole Proprietor,Amritsar,Punjab,Active,816.0,0.0,0.0,0.0,0.0,0.0,0.0,0.0,0.0,0.0,0.0,0,0,0,0.0,Low,False,False,False
MCH4283,Joshi-Srinivas,Grocery,Partnership,Amritsar,Punjab,Active,1135.0,2.0,47344.14,23672.07,2.0,0.0,0.0,0.0,0.0,0.0,0.0,0.0,0.0,0.0,0.0,Low,False,False,False
MCH4284,Chawla Llc,Travel,Sole Proprietor,Ludhiana,Punjab,Active,385.0,4.0,53133.75,13283.4375,3.0,0.0,0.0,0.0,0.0,0.0,0.0,0.0,0.0,0.0,0.0,Low,False,False,False
MCH4285,Bhatnagar-Atwal,Books & Stationery,Partnership,Jalandhar,Punjab,Inactive,988.9,0.0,0.0,0.0,0.0,0.0,0.0,0.0,0.0,0.0,0.0,0,0,0,0.0,Low,False,False,False
MCH4287,"Kuruvilla, Chanda And Sood",Transportation,Individual,Jalandhar,Punjab,Active,1244.04,1.0,3630.92,3630.92,1.0,0.0,0.0,0.0,0.0,0.0,0.0,0.0,0.0,0.0,0.0,Low,False,False,False
MCH4288,Kashyap-Purohit,Apparel & Fashion,Private Limited,Jaipur,Rajasthan,Active,262.02,1.0,15394.45,15394.45,1.0,0.0,0.0,0.0,0.0,0.0,0.0,0.0,0.0,0.0,0.0,Low,False,False,False
MCH4289,Singhal-Dasgupta,Apparel & Fashion,Partnership,Bengaluru,Karnataka,Active,,4.0,69190.35,17297.5875,2.0,0.0,1.0,0.0,0.0,0.0,0.0,0.0,0.0,0.0,0.0,Low,False,False,False
MCH4290,Venkataraman-Wadhwa,Miscellaneous,Individual,Lucknow,Uttar Pradesh,Active,1056.0,1.0,9087.52,9087.52,1.0,0.0,0.0,0.0,0.0,0.0,0.0,0.0,0.0,0.0,0.0,Low,False,False,False
MCH4296,Varty-Varma,Miscellaneous,Private Limited,Amritsar,Punjab,Active,,3.0,32657.5,10885.833333333334,3.0,0.0,0.0,0.0,0.0,0.0,0.0,0.0,0.0,0.0,0.0,Low,False,False,False
MCH4298,Jain Group,Telecom,Private Limited,Delhi,Delhi,Inactive,316.99,0.0,0.0,0.0,0.0,0.0,0.0,0.0,0.0,0.0,0.0,0,0,0,0.0,Low,False,False,False
MCH4299,Master Plc,Apparel & Fashion,Private Limited,Delhi,Delhi,Active,3539.65,1.0,14209.53,14209.53,1.0,0.0,0.0,0.0,0.0,0.0,0.0,0.0,0.0,0.0,0.0,Low,False,False,False
MCH4301,Thakur Inc,Books & Stationery,Partnership,Delhi,Delhi,Active,4449.0,1.0,23177.46,23177.46,1.0,0.0,0.0,0.0,0.0,0.0,0.0,0.0,0.0,0.0,0.0,Low,False,False,False
MCH4303,"Dhingra, Khurana And Zachariah",Telecom,Partnership,Mumbai,Maharashtra,Active,2476.0,1.0,14169.38,14169.38,1.0,0.0,0.0,0.0,0.0,0.0,0.0,0.0,0.0,0.0,0.0,Low,False,False,False
MCH4306,"Narula, Hegde And Minhas",Grocery,Private Limited,Bengaluru,Karnataka,Active,,1.0,7631.84,7631.84,1.0,0.0,0.0,0.0,0.0,0.0,0.0,0.0,0.0,0.0,0.0,Low,False,False,False
MCH4308,Natt Group,Medical,Partnership,Delhi,Delhi,Active,2114.37,2.0,20762.190000000002,10381.095000000001,2.0,0.0,0.0,0.0,0.0,0.0,0.0,0.0,0.0,0.0,0.0,Low,False,False,False
MCH4312,Dada-Hari,Apparel & Fashion,Sole Proprietor,Ludhiana,Punjab,Active,2174.33,7.0,97353.65,13907.664285714285,6.0,1.0,0.0,0.0,0.0,0.0,0.0,14.29,0.0,0.0,0.0,Low,False,False,False
MCH4319,"Setty, Sarkar And Mahajan",Retail,Private Limited,Mumbai,Maharashtra,Active,1351.02,3.0,5852.04,1950.68,3.0,0.0,0.0,0.0,0.0,0.0,0.0,0.0,0.0,0.0,0.0,Low,False,False,False
MCH4320,Vala And Sons,Telecom,Private Limited,Mumbai,Maharashtra,Inactive,,0.0,0.0,0.0,0.0,0.0,0.0,0.0,0.0,0.0,0.0,0,0,0,0.0,Low,False,False,False
MCH4322,Patla Plc,Telecom,Private Limited,Pune,Maharashtra,Active,274.0,1.0,4096.46,4096.46,1.0,0.0,0.0,0.0,0.0,0.0,0.0,0.0,0.0,0.0,0.0,Low,False,False,False
MCH4323,"Ben, Wagle And Shan",Restaurants & Food,Sole Proprietor,Chennai,Tamil Nadu,Suspended,,1.0,6291.84,6291.84,1.0,0.0,0.0,0.0,0.0,0.0,0.0,0.0,0.0,0.0,0.0,Low,False,False,False
MCH4324,Choudhury Group,Department Store,Individual,Chennai,Tamil Nadu,Active,10680.0,1.0,18069.02,18069.02,1.0,0.0,0.0,0.0,0.0,0.0,0.0,0.0,0.0,0.0,0.0,Low,False,False,False
MCH4325,Choudhry Llc,Hotel & Lodging,Private Limited,Jaipur,Rajasthan,Inactive,,1.0,23618.85,23618.85,1.0,0.0,0.0,0.0,0.0,0.0,0.0,0.0,0.0,0.0,0.0,Low,False,False,False
MCH4330,"Viswanathan, Morar And Barad",Transportation,Individual,Jalandhar,Punjab,Active,151.73,2.0,40557.21,20278.605,2.0,0.0,0.0,0.0,0.0,0.0,0.0,0.0,0.0,0.0,0.0,Low,False,False,False
MCH4331,"Wali, Buch And Nagi",Apparel & Fashion,Sole Proprietor,Amritsar,Punjab,Inactive,1154.33,1.0,1686.67,1686.67,1.0,0.0,0.0,0.0,0.0,0.0,0.0,0.0,0.0,0.0,0.0,Low,False,False,False
MCH4336,"Prasad, Bhagat And De",Grocery,Partnership,Hyderabad,Telangana,Active,614.99,1.0,2850.15,2850.15,1.0,0.0,0.0,0.0,0.0,0.0,0.0,0.0,0.0,0.0,0.0,Low,False,False,False
MCH4338,Johal-Dara,Hotel & Lodging,Individual,Jaipur,Rajasthan,Suspended,3419.42,1.0,11672.41,11672.41,1.0,0.0,0.0,0.0,0.0,0.0,0.0,0.0,0.0,0.0,0.0,Low,False,False,False
MCH4340,"Nadig, Kothari And Khalsa",Hotel & Lodging,Partnership,Mumbai,Maharashtra,Active,1756.35,2.0,30314.89,15157.445,2.0,0.0,0.0,0.0,0.0,0.0,0.0,0.0,0.0,0.0,0.0,Low,False,False,False
MCH4342,S0M Plc,Telecom,Private Limited,Jaipur,Rajasthan,Inactive,337.31,4.0,44649.78,11162.445,3.0,0.0,1.0,0.0,0.0,0.0,0.0,0.0,0.0,0.0,0.0,Low,False,False,False
MCH4349,Atwal-Sura,Books & Stationery,Sole Proprietor,Pune,Maharashtra,Active,463.78,4.0,53062.28,13265.57,4.0,0.0,0.0,0.0,0.0,0.0,0.0,0.0,0.0,0.0,0.0,Low,False,False,False
MCH4354,Natarajan-Lad,Hotel & Lodging,Partnership,Amritsar,Punjab,Active,703.43,1.0,13393.21,13393.21,1.0,0.0,0.0,0.0,0.0,0.0,0.0,0.0,0.0,0.0,0.0,Low,False,False,False
MCH4356,"Guha, Sheth And Ravi",Medical,Partnership,Kolkata,West Bengal,Active,2725.51,2.0,23283.989999999998,11641.994999999999,2.0,0.0,0.0,0.0,0.0,0.0,0.0,0.0,0.0,0.0,0.0,Low,False,False,False
MCH4357,Som And Sons,Retail,Individual,Ludhiana,Punjab,Active,,3.0,38557.270000000004,12852.423333333334,3.0,0.0,0.0,0.0,0.0,0.0,0.0,0.0,0.0,0.0,0.0,Low,False,False,False
MCH4359,Mistry-Parekh,Pharmacy,Private Limited,Mumbai,Maharashtra,Suspended,684.0,1.0,22911.16,22911.16,1.0,0.0,0.0,0.0,0.0,0.0,0.0,0.0,0.0,0.0,0.0,Low,False,False,False
MCH4362,Sura Llc,Hotel & Lodging,Individual,Jaipur,Rajasthan,Suspended,218.0,1.0,8818.59,8818.59,1.0,0.0,0.0,0.0,0.0,0.0,0.0,0.0,0.0,0.0,0.0,Low,False,False,False
MCH4363,Bhagatinc,Pharmacy,Private Limited,Jalandhar,Punjab,Active,1657.41,2.0,21224.84,10612.42,2.0,0.0,0.0,0.0,0.0,0.0,0.0,0.0,0.0,0.0,0.0,Low,False,False,False
MCH4364,Sastry-Shetty,Transportation,Sole Proprietor,Kolkata,West Bengal,Active,1128.0,0.0,0.0,0.0,0.0,0.0,0.0,0.0,0.0,0.0,0.0,0,0,0,0.0,Low,False,False,False
MCH4367,Sankaran-Bhattacharyya,Apparel & Fashion,Partnership,Chennai,Tamil Nadu,Active,1153.81,5.0,53878.19,10775.638,4.0,0.0,1.0,0.0,0.0,0.0,0.0,0.0,0.0,0.0,0.0,Low,False,False,False
MCH4369,"Gupta,Maneandbhasin",Restaurants & Food,Individual,Hyderabad,Telangana,Active,950.76,2.0,28909.22,14454.61,1.0,0.0,1.0,0.0,0.0,0.0,0.0,0.0,0.0,0.0,0.0,Low,False,False,False
MCH4371,Chahal-Chaudhari,Telecom,Sole Proprietor,Ludhiana,Punjab,Suspended,219.82,4.0,51405.62,12851.405,4.0,0.0,0.0,0.0,0.0,0.0,0.0,0.0,0.0,0.0,0.0,Low,False,False,False
MCH4373,Raman-Karnik,Books & Stationery,Partnership,Delhi,Delhi,Active,,1.0,7569.0,7569.0,1.0,0.0,0.0,0.0,0.0,0.0,0.0,0.0,0.0,0.0,0.0,Low,False,False,False
MCH4377,Kale-Krishnan,Books & Stationery,Partnership,Bengaluru,Karnataka,Inactive,2218.12,1.0,12110.48,12110.48,1.0,0.0,0.0,0.0,0.0,0.0,0.0,0.0,0.0,0.0,0.0,Low,False,False,False
MCH4382,Modi-Sengupta,Pharmacy,Individual,Mumbai,Maharashtra,Active,650.1,0.0,0.0,0.0,0.0,0.0,0.0,0.0,0.0,0.0,0.0,0,0,0,0.0,Low,False,False,False
MCH4383,Vala Llc,Department Store,Sole Proprietor,Lucknow,Uttar Pradesh,Active,219.66,0.0,0.0,0.0,0.0,0.0,0.0,0.0,0.0,0.0,0.0,0,0,0,0.0,Low,False,False,False
MCH4385,Bera-S0M,Grocery,Private Limited,Jalandhar,Punjab,Active,2548.67,1.0,3644.12,3644.12,1.0,0.0,0.0,0.0,0.0,0.0,0.0,0.0,0.0,0.0,0.0,Low,False,False,False
MCH4389,"Bobal, Chakrabarti And Dash",Pharmacy,Sole Proprietor,Pune,Maharashtra,Active,445.95,2.0,27466.31,13733.155,2.0,0.0,0.0,0.0,0.0,0.0,0.0,0.0,0.0,0.0,0.0,Low,False,False,False
MCH4390,Ar0Ra Llc,Restaurants & Food,Sole Proprietor,Hyderabad,Telangana,Active,1372.0,2.0,7785.5,3892.75,2.0,0.0,0.0,0.0,0.0,0.0,0.0,0.0,0.0,0.0,0.0,Low,False,False,False
MCH4397,Tailor-Pandey,Pharmacy,Private Limited,Pune,Maharashtra,Active,,2.0,43903.25,21951.625,2.0,0.0,0.0,0.0,0.0,0.0,0.0,0.0,0.0,0.0,0.0,Low,False,False,False
MCH4398,"Bose, Dhar And Oza",Restaurants & Food,Individual,Jalandhar,Punjab,Active,580.38,0.0,0.0,0.0,0.0,0.0,0.0,0.0,0.0,0.0,0.0,0,0,0,0.0,Low,False,False,False
MCH4408,Dhar-Shetty,Medical,Individual,Amritsar,Punjab,Inactive,425.49,2.0,20806.449999999997,10403.224999999999,2.0,0.0,0.0,0.0,0.0,0.0,0.0,0.0,0.0,0.0,0.0,Low,False,False,False
MCH4413,"Parekh,Kadeandtalwar",Apparel & Fashion,Sole Proprietor,Lucknow,Uttar Pradesh,Active,,2.0,11144.53,5572.265,2.0,0.0,0.0,0.0,0.0,0.0,0.0,0.0,0.0,0.0,0.0,Low,False,False,False
MCH4414,"Manne, Arora And Goel",Grocery,Private Limited,Hyderabad,Telangana,Active,,0.0,0.0,0.0,0.0,0.0,0.0,0.0,0.0,0.0,0.0,0,0,0,0.0,Low,False,False,False
MCH4417,Nair-Bhavsar,Books & Stationery,Private Limited,Jalandhar,Punjab,Active,291.65,1.0,7609.32,7609.32,1.0,0.0,0.0,0.0,0.0,0.0,0.0,0.0,0.0,0.0,0.0,Low,False,False,False
MCH4419,Gill-Ratta,Medical,Sole Proprietor,Jaipur,Rajasthan,Active,1442.51,2.0,11001.25,5500.625,2.0,0.0,0.0,0.0,0.0,0.0,0.0,0.0,0.0,0.0,0.0,Low,False,False,False
MCH4424,"Date, Soman And Lall",Department Store,Private Limited,Chennai,Tamil Nadu,Active,,3.0,49640.92,16546.97333333333,3.0,0.0,0.0,0.0,0.0,0.0,0.0,0.0,0.0,0.0,0.0,Low,False,False,False
MCH4427,Deshpande Llc,Restaurants & Food,Private Limited,Mumbai,Maharashtra,Active,1587.13,4.0,38375.59,9593.8975,4.0,0.0,0.0,0.0,0.0,0.0,0.0,0.0,0.0,0.0,0.0,Low,False,False,False
MCH4428,Raja-Kapadia,Books & Stationery,Private Limited,Pune,Maharashtra,Active,3396.0,2.0,19793.46,9896.73,2.0,0.0,0.0,0.0,0.0,0.0,0.0,0.0,0.0,0.0,0.0,Low,False,False,False
MCH4431,"Wali, Zachariah And Toor",Grocery,Sole Proprietor,Mumbai,Maharashtra,Suspended,3595.68,1.0,11271.0,11271.0,1.0,0.0,0.0,0.0,0.0,0.0,0.0,0.0,0.0,0.0,0.0,Low,False,False,False
MCH4433,"Patil, Subramanian And Madan",Hotel & Lodging,Partnership,Kolkata,West Bengal,Active,830.16,2.0,36470.659999999996,18235.329999999998,2.0,0.0,0.0,0.0,0.0,0.0,0.0,0.0,0.0,0.0,0.0,Low,False,False,False
MCH4434,Andra And Sons,Miscellaneous,Private Limited,Ludhiana,Punjab,Active,233.0,6.0,51614.54,8602.423333333334,5.0,0.0,0.0,0.0,0.0,0.0,0.0,0.0,0.0,0.0,0.0,Low,False,False,False
MCH4435,"Shere, Jain And Luthra",Miscellaneous,Private Limited,Chennai,Tamil Nadu,Active,894.0,6.0,71164.33,11860.721666666666,5.0,0.0,1.0,0.0,0.0,0.0,0.0,0.0,0.0,0.0,0.0,Low,False,False,False
MCH4438,Vasa-Divan,Department Store,Partnership,Kolkata,West Bengal,Active,1288.65,1.0,18795.13,18795.13,1.0,0.0,0.0,0.0,0.0,0.0,0.0,0.0,0.0,0.0,0.0,Low,False,False,False
MCH4439,Deshpande Ltd,Restaurants & Food,Partnership,Bengaluru,Karnataka,Active,,1.0,10506.0,10506.0,1.0,0.0,0.0,0.0,0.0,0.0,0.0,0.0,0.0,0.0,0.0,Low,False,False,False
MCH4440,"Krishna, Bora And Swaminathan",Apparel & Fashion,Private Limited,Jalandhar,Punjab,On Hold,749.44,1.0,11590.14,11590.14,1.0,0.0,0.0,0.0,0.0,0.0,0.0,0.0,0.0,0.0,0.0,Low,False,False,False
MCH4441,"Sachdev, Doctor And Subramanian",Department Store,Partnership,Chennai,Tamil Nadu,Inactive,3222.79,0.0,0.0,0.0,0.0,0.0,0.0,0.0,0.0,0.0,0.0,0,0,0,0.0,Low,False,False,False
MCH4447,"Sodhi, Dalal And Iyengar",Department Store,Private Limited,Bengaluru,Karnataka,Active,208.51,0.0,0.0,0.0,0.0,0.0,0.0,0.0,0.0,0.0,0.0,0,0,0,0.0,Low,False,False,False
MCH4450,Zachariah-Batra,Retail,Sole Proprietor,Amritsar,Punjab,Active,1045.82,1.0,24672.72,24672.72,1.0,0.0,0.0,0.0,0.0,0.0,0.0,0.0,0.0,0.0,0.0,Low,False,False,False
MCH4451,Bansal-Tak,Hotel & Lodging,Individual,Amritsar,Punjab,Active,,3.0,61697.270000000004,20565.756666666668,3.0,0.0,0.0,0.0,0.0,0.0,0.0,0.0,0.0,0.0,0.0,Low,False,False,False
MCH4454,"Raman, Mukherjee And Sinha",Books & Stationery,Sole Proprietor,Kolkata,West Bengal,Active,567.26,3.0,34879.09,11626.363333333333,2.0,0.0,1.0,0.0,0.0,0.0,0.0,0.0,0.0,0.0,0.0,Low,False,False,False
MCH4455,Iyer Llc,Grocery,Individual,Bengaluru,Karnataka,Active,586.02,1.0,22253.98,22253.98,1.0,0.0,0.0,0.0,0.0,0.0,0.0,0.0,0.0,0.0,0.0,Low,False,False,False
MCH4456,Krish-Panchal,Grocery,Individual,Lucknow,Uttar Pradesh,Active,1642.08,0.0,0.0,0.0,0.0,0.0,0.0,0.0,0.0,0.0,0.0,0,0,0,0.0,Low,False,False,False
MCH4457,"Chanda, Parikh And Hayre",Miscellaneous,Private Limited,Amritsar,Punjab,Active,,2.0,28057.25,14028.625,2.0,0.0,0.0,0.0,0.0,0.0,0.0,0.0,0.0,0.0,0.0,Low,False,False,False
MCH4460,Bumb Plc,Books & Stationery,Private Limited,Chennai,Tamil Nadu,Active,696.95,5.0,70215.47,14043.094000000001,5.0,0.0,0.0,0.0,0.0,0.0,0.0,0.0,0.0,0.0,0.0,Low,False,False,False
MCH4462,"Koshy, Badal And Nayar",Apparel & Fashion,Individual,Hyderabad,Telangana,Active,937.0,0.0,0.0,0.0,0.0,0.0,0.0,0.0,0.0,0.0,0.0,0,0,0,0.0,Low,False,False,False
MCH4463,"Choudhry, Sahni And Chaudhry",Apparel & Fashion,Individual,Ludhiana,Punjab,Active,402.0,2.0,22116.0,11058.0,2.0,0.0,0.0,0.0,0.0,0.0,0.0,0.0,0.0,0.0,0.0,Low,False,False,False
MCH4474,Ram Ltd,Telecom,Partnership,Jalandhar,Punjab,Active,1082.17,0.0,0.0,0.0,0.0,0.0,0.0,0.0,0.0,0.0,0.0,0,0,0,0.0,Low,False,False,False
MCH4478,Shenoy Inc,Transportation,Private Limited,Pune,Maharashtra,Active,3749.72,0.0,0.0,0.0,0.0,0.0,0.0,0.0,0.0,0.0,0.0,0,0,0,0.0,Low,False,False,False
MCH4481,Nagi Inc,Apparel & Fashion,Partnership,Pune,Maharashtra,Active,2759.79,1.0,10924.0,10924.0,1.0,0.0,0.0,0.0,0.0,0.0,0.0,0.0,0.0,0.0,0.0,Low,False,False,False
MCH4484,"Mukherjee, Tella And Malhotra",Restaurants & Food,Partnership,Bengaluru,Karnataka,Active,2091.93,2.0,22107.46,11053.73,2.0,0.0,0.0,0.0,0.0,0.0,0.0,0.0,0.0,0.0,0.0,Low,False,False,False
MCH4486,"Bumb, Kibe And Saraf",Telecom,Private Limited,Chennai,Tamil Nadu,Active,2112.84,0.0,0.0,0.0,0.0,0.0,0.0,0.0,0.0,0.0,0.0,0,0,0,0.0,Low,False,False,False
MCH4487,Maharaj-Murthy,Medical,Individual,Amritsar,Punjab,Active,1455.08,5.0,79753.20999999999,15950.641999999998,4.0,0.0,1.0,0.0,0.0,0.0,0.0,0.0,0.0,0.0,0.0,Low,False,False,False
MCH4490,"Doshi, Raj And Bumb",Grocery,Partnership,Ludhiana,Punjab,Active,748.4,3.0,37727.35,12575.783333333333,3.0,0.0,0.0,0.0,0.0,0.0,0.0,0.0,0.0,0.0,0.0,Low,False,False,False
MCH4496,"Pandya, Bhalla And Malhotra",Telecom,Partnership,Jaipur,Rajasthan,Active,,4.0,56763.63,14190.9075,4.0,0.0,0.0,0.0,0.0,0.0,0.0,0.0,0.0,0.0,0.0,Low,False,False,False
MCH4497,Padmanabhan Group,Restaurants & Food,Individual,Mumbai,Maharashtra,Active,2142.62,1.0,18756.26,18756.26,1.0,0.0,0.0,0.0,0.0,0.0,0.0,0.0,0.0,0.0,0.0,Low,False,False,False
MCH4501,Barman And Sons,Restaurants & Food,Private Limited,Delhi,Delhi,Active,523.04,0.0,0.0,0.0,0.0,0.0,0.0,0.0,0.0,0.0,0.0,0,0,0,0.0,Low,False,False,False
MCH4507,Bassi-Merchant,Restaurants & Food,Sole Proprietor,Chennai,Tamil Nadu,Active,3598.7,1.0,15959.42,15959.42,1.0,0.0,0.0,0.0,0.0,0.0,0.0,0.0,0.0,0.0,0.0,Low,False,False,False
MCH4508,Prakash Ltd,Restaurants & Food,Private Limited,Mumbai,Maharashtra,On Hold,1744.61,1.0,13669.91,13669.91,1.0,0.0,0.0,0.0,0.0,0.0,0.0,0.0,0.0,0.0,0.0,Low,False,False,False
MCH4509,"Shanker, Sem And Varughese",Transportation,Sole Proprietor,Pune,Maharashtra,Active,,2.0,28577.32,14288.66,2.0,0.0,0.0,0.0,0.0,0.0,0.0,0.0,0.0,0.0,0.0,Low,False,False,False
MCH4510,Bora Ltd,Telecom,Individual,Chennai,Tamil Nadu,Active,1583.66,2.0,7506.16,3753.08,2.0,0.0,0.0,0.0,0.0,0.0,0.0,0.0,0.0,0.0,0.0,Low,False,False,False
MCH4511,"Walla, Kala And Devi",Transportation,Sole Proprietor,Hyderabad,Telangana,Active,1448.32,3.0,49457.61,16485.87,2.0,0.0,0.0,0.0,0.0,0.0,0.0,0.0,0.0,0.0,0.0,Low,False,False,False
MCH4515,Memon-Upadhyay,Transportation,Sole Proprietor,Lucknow,Uttar Pradesh,Active,2435.25,2.0,14639.400000000001,7319.700000000001,2.0,0.0,0.0,0.0,0.0,0.0,0.0,0.0,0.0,0.0,0.0,Low,False,False,False
MCH4524,Tara Ltd,Miscellaneous,Private Limited,Hyderabad,Telangana,Active,1296.94,2.0,43053.770000000004,21526.885000000002,1.0,0.0,0.0,0.0,0.0,0.0,0.0,0.0,0.0,0.0,0.0,Low,False,False,False
MCH4527,Bansalinc,Grocery,Private Limited,Lucknow,Uttar Pradesh,Active,3449.0,1.0,3523.07,3523.07,1.0,0.0,0.0,0.0,0.0,0.0,0.0,0.0,0.0,0.0,0.0,Low,False,False,False
MCH4528,Memon Llc,Medical,Partnership,Hyderabad,Telangana,Active,490.99,0.0,0.0,0.0,0.0,0.0,0.0,0.0,0.0,0.0,0.0,0,0,0,0.0,Low,False,False,False
MCH4530,"Bhandari, Ramakrishnan And Srinivasan",Restaurants & Food,Partnership,Pune,Maharashtra,Active,669.95,4.0,65104.99,16276.2475,4.0,0.0,0.0,0.0,0.0,0.0,0.0,0.0,0.0,0.0,0.0,Low,False,False,False
MCH4536,Gulati And Sons,Retail,Individual,Delhi,Delhi,Active,951.8,0.0,0.0,0.0,0.0,0.0,0.0,0.0,0.0,0.0,0.0,0,0,0,0.0,Low,False,False,False
MCH4538,Lad Ltd,Apparel & Fashion,Private Limited,Delhi,Delhi,Active,449.9,2.0,35282.03,17641.015,2.0,0.0,0.0,0.0,0.0,0.0,0.0,0.0,0.0,0.0,0.0,Low,False,False,False
MCH4540,Nadig Llc,Apparel & Fashion,Partnership,Mumbai,Maharashtra,Active,7331.0,1.0,12672.73,12672.73,1.0,0.0,0.0,0.0,0.0,0.0,0.0,0.0,0.0,0.0,0.0,Low,False,False,False
MCH4544,"Som, Deshmukh And Narang",Grocery,Partnership,Bengaluru,Karnataka,Active,4619.33,3.0,12699.74,4233.246666666667,3.0,0.0,0.0,0.0,0.0,0.0,0.0,0.0,0.0,0.0,0.0,Low,False,False,False
MCH4551,Sura Group,Apparel & Fashion,Sole Proprietor,Jalandhar,Punjab,Active,3287.63,3.0,38029.020000000004,12676.340000000002,3.0,0.0,0.0,0.0,0.0,0.0,0.0,0.0,0.0,0.0,0.0,Low,False,False,False
MCH4553,Zachariah-Dara,Restaurants & Food,Private Limited,Jalandhar,Punjab,Active,343.99,1.0,24234.05,24234.05,1.0,0.0,0.0,0.0,0.0,0.0,0.0,0.0,0.0,0.0,0.0,Low,False,False,False
MCH4567,Bhatti Inc,Hotel & Lodging,Partnership,Hyderabad,Telangana,Active,1514.65,2.0,24705.510000000002,12352.755000000001,2.0,0.0,0.0,0.0,0.0,0.0,0.0,0.0,0.0,0.0,0.0,Low,False,False,False
MCH4583,Krish-Dar,Restaurants & Food,Sole Proprietor,Mumbai,Maharashtra,Active,4726.0,2.0,36154.67,18077.335,2.0,0.0,0.0,0.0,0.0,0.0,0.0,0.0,0.0,0.0,0.0,Low,False,False,False
MCH4587,Karnik And Sons,Retail,Partnership,Jaipur,Rajasthan,Active,2493.1,4.0,45985.88,11496.47,4.0,0.0,0.0,0.0,0.0,0.0,0.0,0.0,0.0,0.0,0.0,Low,False,False,False
MCH4599,Majumdar-Choudhary,Grocery,Private Limited,Mumbai,Maharashtra,Inactive,1341.81,0.0,0.0,0.0,0.0,0.0,0.0,0.0,0.0,0.0,0.0,0,0,0,0.0,Low,False,False,False
MCH4600,Devi Group,Department Store,Individual,Delhi,Delhi,Inactive,1126.47,2.0,22206.63,11103.315,2.0,0.0,0.0,0.0,0.0,0.0,0.0,0.0,0.0,0.0,0.0,Low,False,False,False
MCH4605,Barad Plc,Books & Stationery,Sole Proprietor,Pune,Maharashtra,Active,5165.18,1.0,12608.28,12608.28,1.0,0.0,0.0,0.0,0.0,0.0,0.0,0.0,0.0,0.0,0.0,Low,False,False,False
MCH4608,Chandran Group,Apparel & Fashion,Sole Proprietor,Lucknow,Uttar Pradesh,Active,950.53,6.0,79411.76,13235.293333333333,5.0,1.0,0.0,0.0,0.0,0.0,0.0,16.67,0.0,0.0,0.0,Low,False,False,False
MCH4610,"Barad,Chandaandrana",Books & Stationery,Private Limited,Hyderabad,Telangana,Active,2989.03,2.0,16644.989999999998,8322.494999999999,1.0,0.0,1.0,0.0,0.0,0.0,0.0,0.0,0.0,0.0,0.0,Low,False,False,False
MCH4614,Badami Llc,Books & Stationery,Partnership,Jaipur,Rajasthan,Active,4687.53,2.0,24444.440000000002,12222.220000000001,2.0,0.0,0.0,0.0,0.0,0.0,0.0,0.0,0.0,0.0,0.0,Low,False,False,False
MCH4621,Ravel-Chaudhuri,Books & Stationery,Private Limited,Delhi,Delhi,Active,,6.0,93950.46,15658.410000000002,6.0,0.0,0.0,0.0,0.0,0.0,0.0,0.0,0.0,0.0,0.0,Low,False,False,False
MCH4623,"Gokhale, Ranganathan And Shenoy",Miscellaneous,Private Limited,Hyderabad,Telangana,Active,171.0,2.0,29583.170000000002,14791.585000000001,2.0,0.0,0.0,0.0,0.0,0.0,0.0,0.0,0.0,0.0,0.0,Low,False,False,False
MCH4626,"Lalla, Handa And Ahuja",Miscellaneous,Private Limited,Bengaluru,Karnataka,Active,1497.15,5.0,64275.96,12855.192,5.0,0.0,0.0,0.0,0.0,0.0,0.0,0.0,0.0,0.0,0.0,Low,False,False,False
MCH4627,Barman-Kashyap,Apparel & Fashion,Partnership,Pune,Maharashtra,Active,1852.01,4.0,39623.340000000004,9905.835000000001,4.0,0.0,0.0,0.0,0.0,0.0,0.0,0.0,0.0,0.0,0.0,Low,False,False,False
MCH4630,Jhaveri Plc,Miscellaneous,Sole Proprietor,Ludhiana,Punjab,Active,1285.49,3.0,50425.729999999996,16808.576666666664,2.0,0.0,1.0,0.0,0.0,0.0,0.0,0.0,0.0,0.0,0.0,Low,False,False,False
MCH4637,Mitter-Pandya,Grocery,Individual,Chennai,Tamil Nadu,Active,2198.28,2.0,8300.36,4150.18,2.0,0.0,0.0,0.0,0.0,0.0,0.0,0.0,0.0,0.0,0.0,Low,False,False,False
MCH4639,Chaudhry-Bath,Medical,Partnership,Jalandhar,Punjab,Active,295.45,0.0,0.0,0.0,0.0,0.0,0.0,0.0,0.0,0.0,0.0,0,0,0,0.0,Low,False,False,False
MCH4640,Choudhary-Joshi,Apparel & Fashion,Partnership,Jaipur,Rajasthan,Active,857.62,0.0,0.0,0.0,0.0,0.0,0.0,0.0,0.0,0.0,0.0,0,0,0,0.0,Low,False,False,False
MCH4649,"Mand,Dattaandsanghvi",Hotel & Lodging,Partnership,Ludhiana,Punjab,Active,666.8,2.0,8825.0,4412.5,1.0,0.0,1.0,0.0,0.0,0.0,0.0,0.0,0.0,0.0,0.0,Low,False,False,False
MCH4652,Mistry Inc,Restaurants & Food,Private Limited,Ludhiana,Punjab,Active,3458.11,4.0,78053.11,19513.2775,3.0,0.0,1.0,0.0,0.0,0.0,0.0,0.0,0.0,0.0,0.0,Low,False,False,False
MCH4656,"Verma,Sanghaandvora",Books & Stationery,Private Limited,Delhi,Delhi,Active,431.25,2.0,12397.830000000002,6198.915000000001,2.0,0.0,0.0,0.0,0.0,0.0,0.0,0.0,0.0,0.0,0.0,Low,False,False,False
MCH4672,Sandhu Llc,Books & Stationery,Partnership,Bengaluru,Karnataka,Active,456.49,4.0,71033.9,17758.475,4.0,0.0,0.0,0.0,0.0,0.0,0.0,0.0,0.0,0.0,0.0,Low,False,False,False
MCH4674,Sachar-Loke,Apparel & Fashion,Private Limited,Jalandhar,Punjab,Active,1222.52,2.0,25619.72,12809.86,1.0,0.0,1.0,0.0,0.0,0.0,0.0,0.0,0.0,0.0,0.0,Low,False,False,False
MCH4675,"Minhas, Narayan And Bandi",Books & Stationery,Sole Proprietor,Jalandhar,Punjab,Active,,3.0,25780.82,8593.606666666667,3.0,0.0,0.0,0.0,0.0,0.0,0.0,0.0,0.0,0.0,0.0,Low,False,False,False
MCH4677,"Sethi, Bora And Karpe",Books & Stationery,Individual,Pune,Maharashtra,Inactive,5089.5,3.0,37283.11,12427.703333333333,3.0,0.0,0.0,0.0,0.0,0.0,0.0,0.0,0.0,0.0,0.0,Low,False,False,False
MCH4678,"Yogi, Goel And Chaudry",Pharmacy,Sole Proprietor,Amritsar,Punjab,Active,1363.28,1.0,1631.19,1631.19,1.0,0.0,0.0,0.0,0.0,0.0,0.0,0.0,0.0,0.0,0.0,Low,False,False,False
MCH4681,"Sengupta,Venkataramanandkonda",Grocery,Individual,Pune,Maharashtra,Active,526.79,0.0,0.0,0.0,0.0,0.0,0.0,0.0,0.0,0.0,0.0,0,0,0,0.0,Low,False,False,False
MCH4682,Dora-Chander,Telecom,Individual,Mumbai,Maharashtra,Active,1036.09,1.0,24649.5,24649.5,1.0,0.0,0.0,0.0,0.0,0.0,0.0,0.0,0.0,0.0,0.0,Low,False,False,False
MCH4687,Goel Llc,Books & Stationery,Individual,Lucknow,Uttar Pradesh,Active,820.0,0.0,0.0,0.0,0.0,0.0,0.0,0.0,0.0,0.0,0.0,0,0,0,0.0,Low,False,False,False
MCH4688,Venkatesh Group,Books & Stationery,Sole Proprietor,Delhi,Delhi,Suspended,2933.52,3.0,33296.03999999999,11098.679999999998,3.0,0.0,0.0,0.0,0.0,0.0,0.0,0.0,0.0,0.0,0.0,Low,False,False,False
MCH4690,"Dutt, Mukhopadhyay And Dara",Miscellaneous,Sole Proprietor,Amritsar,Punjab,On Hold,,5.0,56347.33,11269.466,5.0,0.0,0.0,0.0,0.0,0.0,0.0,0.0,0.0,0.0,0.0,Low,False,False,False
MCH4691,"Deshmukh, Pant And Garg",Hotel & Lodging,Sole Proprietor,Bengaluru,Karnataka,Active,2116.48,2.0,37931.259999999995,18965.629999999997,2.0,0.0,0.0,0.0,0.0,0.0,0.0,0.0,0.0,0.0,0.0,Low,False,False,False
MCH4692,"Bhargava, Rajagopal And Karan",Hotel & Lodging,Private Limited,Delhi,Delhi,Active,,1.0,11662.82,11662.82,1.0,0.0,0.0,0.0,0.0,0.0,0.0,0.0,0.0,0.0,0.0,Low,False,False,False
MCH4699,Setty Inc,Hotel & Lodging,Private Limited,Pune,Maharashtra,Active,632.27,1.0,9339.0,9339.0,1.0,0.0,0.0,0.0,0.0,0.0,0.0,0.0,0.0,0.0,0.0,Low,False,False,False
MCH4700,"Rajan, Garg And Ray",Apparel & Fashion,Individual,Chennai,Tamil Nadu,Active,805.94,3.0,34958.56,11652.853333333333,3.0,0.0,0.0,0.0,0.0,0.0,0.0,0.0,0.0,0.0,0.0,Low,False,False,False
MCH4701,Bhagat And Sons,Transportation,Individual,Hyderabad,Telangana,Active,493.82,0.0,0.0,0.0,0.0,0.0,0.0,0.0,0.0,0.0,0.0,0,0,0,0.0,Low,False,False,False
MCH4708,Loke-Ganesan,Miscellaneous,Sole Proprietor,Jalandhar,Punjab,Active,1266.56,1.0,24617.0,24617.0,1.0,0.0,0.0,0.0,0.0,0.0,0.0,0.0,0.0,0.0,0.0,Low,False,False,False
MCH4712,"Zacharia, Shere And Dhar",Medical,Private Limited,Jalandhar,Punjab,Active,2235.26,2.0,24117.199999999997,12058.599999999999,2.0,0.0,0.0,0.0,0.0,0.0,0.0,0.0,0.0,0.0,0.0,Low,False,False,False
MCH4713,Sura-Boase,Apparel & Fashion,Sole Proprietor,Amritsar,Punjab,Active,1694.6,1.0,21407.54,21407.54,1.0,0.0,0.0,0.0,0.0,0.0,0.0,0.0,0.0,0.0,0.0,Low,False,False,False
MCH4716,Goda-Agate,Grocery,Sole Proprietor,Delhi,Delhi,Active,1438.61,2.0,18480.55,9240.275,2.0,0.0,0.0,0.0,0.0,0.0,0.0,0.0,0.0,0.0,0.0,Low,False,False,False
MCH4727,Dua-Mishra,Department Store,Sole Proprietor,Pune,Maharashtra,Active,1242.0,1.0,5108.18,5108.18,1.0,0.0,0.0,0.0,0.0,0.0,0.0,0.0,0.0,0.0,0.0,Low,False,False,False
MCH4733,Sankar Inc,Grocery,Sole Proprietor,Jaipur,Rajasthan,Active,1176.53,6.0,67166.95,11194.491666666667,5.0,1.0,0.0,0.0,0.0,0.0,0.0,16.67,0.0,0.0,0.0,Low,False,False,False
MCH4736,Suresh-Gola,Books & Stationery,Partnership,Mumbai,Maharashtra,Active,885.16,2.0,40563.59,20281.795,2.0,0.0,0.0,0.0,0.0,0.0,0.0,0.0,0.0,0.0,0.0,Low,False,False,False
MCH4737,"Aurora, Mallick And Dugar",Books & Stationery,Individual,Jalandhar,Punjab,Inactive,489.0,2.0,33812.06,16906.03,2.0,0.0,0.0,0.0,0.0,0.0,0.0,0.0,0.0,0.0,0.0,Low,False,False,False
MCH4738,Jha Plc,Miscellaneous,Sole Proprietor,Bengaluru,Karnataka,Inactive,1636.42,0.0,0.0,0.0,0.0,0.0,0.0,0.0,0.0,0.0,0.0,0,0,0,0.0,Low,False,False,False
MCH4739,Karpe-Doshi,Grocery,Individual,Lucknow,Uttar Pradesh,Active,,3.0,39155.93,13051.976666666667,3.0,0.0,0.0,0.0,0.0,0.0,0.0,0.0,0.0,0.0,0.0,Low,False,False,False
MCH4741,Kara And Sons,Miscellaneous,Partnership,Jaipur,Rajasthan,Active,2009.21,2.0,32196.43,16098.215,2.0,0.0,0.0,0.0,0.0,0.0,0.0,0.0,0.0,0.0,0.0,Low,False,False,False
MCH4743,Ahluwalia-Bansal,Pharmacy,Private Limited,Ludhiana,Punjab,Inactive,486.29,1.0,5074.4,5074.4,1.0,0.0,0.0,0.0,0.0,0.0,0.0,0.0,0.0,0.0,0.0,Low,False,False,False
MCH4744,Tiwari-Bedi,Books & Stationery,Sole Proprietor,Pune,Maharashtra,Inactive,1636.0,3.0,46747.8,15582.6,3.0,0.0,0.0,0.0,0.0,0.0,0.0,0.0,0.0,0.0,0.0,Low,False,False,False
MCH4745,Divan-Rao,Department Store,Sole Proprietor,Jalandhar,Punjab,Active,778.92,2.0,3467.98,1733.99,2.0,0.0,0.0,0.0,0.0,0.0,0.0,0.0,0.0,0.0,0.0,Low,False,False,False
MCH4746,"Srivastava, Bhattacharyya And Morar",Miscellaneous,Sole Proprietor,Chennai,Tamil Nadu,Inactive,402.85,3.0,36242.619999999995,12080.873333333331,3.0,0.0,0.0,0.0,0.0,0.0,0.0,0.0,0.0,0.0,0.0,Low,False,False,False
MCH4749,Sane-Kota,Hotel & Lodging,Partnership,Ludhiana,Punjab,Active,2066.82,3.0,27743.77,9247.923333333334,3.0,0.0,0.0,0.0,0.0,0.0,0.0,0.0,0.0,0.0,0.0,Low,False,False,False
MCH4752,"Chaudhuri, Sampath And Wali",Department Store,Individual,Bengaluru,Karnataka,Active,399.3,0.0,0.0,0.0,0.0,0.0,0.0,0.0,0.0,0.0,0.0,0,0,0,0.0,Low,False,False,False
MCH4754,"Chhabra, Setty And Srinivasan",Apparel & Fashion,Private Limited,Hyderabad,Telangana,Inactive,2016.37,0.0,0.0,0.0,0.0,0.0,0.0,0.0,0.0,0.0,0.0,0,0,0,0.0,Low,False,False,False
MCH4760,"Kalla, Mammen And Purohit",Telecom,Individual,Delhi,Delhi,Active,964.0,3.0,26504.35,8834.783333333333,3.0,0.0,0.0,0.0,0.0,0.0,0.0,0.0,0.0,0.0,0.0,Low,False,False,False
MCH4761,Khalsa Plc,Pharmacy,Individual,Jaipur,Rajasthan,Inactive,4970.84,1.0,3673.9,3673.9,1.0,0.0,0.0,0.0,0.0,0.0,0.0,0.0,0.0,0.0,0.0,Low,False,False,False
MCH4765,Madan-Pandey,Apparel & Fashion,Sole Proprietor,Hyderabad,Telangana,Active,1004.95,4.0,38635.29,9658.8225,4.0,0.0,0.0,0.0,0.0,0.0,0.0,0.0,0.0,0.0,0.0,Low,False,False,False
MCH4769,"Venkataraman, Dey And Patil",Hotel & Lodging,Partnership,Ludhiana,Punjab,Active,145.49,2.0,18682.45,9341.225,2.0,0.0,0.0,0.0,0.0,0.0,0.0,0.0,0.0,0.0,0.0,Low,False,False,False
MCH4770,Mahal-Sood,Grocery,Sole Proprietor,Jaipur,Rajasthan,Inactive,489.82,4.0,48599.18,12149.795,4.0,0.0,0.0,0.0,0.0,0.0,0.0,0.0,0.0,0.0,0.0,Low,False,False,False
MCH4776,Bobal-Dutta,Grocery,Individual,Hyderabad,Telangana,Active,831.82,4.0,58643.55,14660.8875,4.0,0.0,0.0,0.0,0.0,0.0,0.0,0.0,0.0,0.0,0.0,Low,False,False,False
MCH4777,Babu-Choudhry,Telecom,Individual,Delhi,Delhi,Active,373.4,1.0,10401.31,10401.31,1.0,0.0,0.0,0.0,0.0,0.0,0.0,0.0,0.0,0.0,0.0,Low,False,False,False
MCH4778,Wali Llc,Transportation,Private Limited,Lucknow,Uttar Pradesh,Active,1242.33,1.0,6426.85,6426.85,1.0,0.0,0.0,0.0,0.0,0.0,0.0,0.0,0.0,0.0,0.0,Low,False,False,False
MCH4792,Agrawal-Prabhu,Restaurants & Food,Sole Proprietor,Chennai,Tamil Nadu,Inactive,1844.0,3.0,36191.94,12063.980000000001,3.0,0.0,0.0,0.0,0.0,0.0,0.0,0.0,0.0,0.0,0.0,Low,False,False,False
MCH4794,Borra-Dutt,Hotel & Lodging,Private Limited,Jaipur,Rajasthan,Active,1006.04,2.0,23779.100000000002,11889.550000000001,2.0,0.0,0.0,0.0,0.0,0.0,0.0,0.0,0.0,0.0,0.0,Low,False,False,False
MCH4801,Bhargava-Basak,Retail,Sole Proprietor,Lucknow,Uttar Pradesh,Active,2920.36,3.0,19324.06,6441.3533333333335,3.0,0.0,0.0,0.0,0.0,0.0,0.0,0.0,0.0,0.0,0.0,Low,False,False,False
MCH4804,Swamy Plc,Apparel & Fashion,Partnership,Lucknow,Uttar Pradesh,Suspended,207.24,2.0,6586.57,3293.285,2.0,0.0,0.0,0.0,0.0,0.0,0.0,0.0,0.0,0.0,0.0,Low,False,False,False
MCH4805,Joshi Plc,Miscellaneous,Sole Proprietor,Hyderabad,Telangana,Active,4206.25,4.0,92617.23,23154.3075,4.0,0.0,0.0,0.0,0.0,0.0,0.0,0.0,0.0,0.0,0.0,Low,False,False,False
MCH4808,Padmanabhan-Pathak,Apparel & Fashion,Sole Proprietor,Lucknow,Uttar Pradesh,Inactive,,2.0,10961.349999999999,5480.674999999999,2.0,0.0,0.0,0.0,0.0,0.0,0.0,0.0,0.0,0.0,0.0,Low,False,False,False
MCH4809,Viswanathan Plc,Hotel & Lodging,Individual,Kolkata,West Bengal,Active,1713.6,2.0,29306.78,14653.39,2.0,0.0,0.0,0.0,0.0,0.0,0.0,0.0,0.0,0.0,0.0,Low,False,False,False
MCH4815,"Karan, Bhattacharyya And Saran",Pharmacy,Private Limited,Kolkata,West Bengal,Active,1152.86,0.0,0.0,0.0,0.0,0.0,0.0,0.0,0.0,0.0,0.0,0,0,0,0.0,Low,False,False,False
MCH4818,Deol Inc,Miscellaneous,Individual,Delhi,Delhi,Active,316.0,1.0,14394.08,14394.08,1.0,0.0,0.0,0.0,0.0,0.0,0.0,0.0,0.0,0.0,0.0,Low,False,False,False
MCH4821,"Kade, Dhawan And Kadakia",Grocery,Private Limited,Mumbai,Maharashtra,Active,2277.0,3.0,41149.549999999996,13716.516666666665,3.0,0.0,0.0,0.0,0.0,0.0,0.0,0.0,0.0,0.0,0.0,Low,False,False,False
MCH4822,Sama-Keer,Transportation,Private Limited,Hyderabad,Telangana,Active,736.6,3.0,25915.149999999998,8638.383333333333,3.0,0.0,0.0,0.0,0.0,0.0,0.0,0.0,0.0,0.0,0.0,Low,False,False,False
MCH4827,"Deol, Rastogi And Khatri",Telecom,Sole Proprietor,Lucknow,Uttar Pradesh,Active,810.0,1.0,14003.5,14003.5,1.0,0.0,0.0,0.0,0.0,0.0,0.0,0.0,0.0,0.0,0.0,Low,False,False,False
MCH4831,"Raja, Rout And Singh",Grocery,Individual,Kolkata,West Bengal,Active,1885.15,3.0,43555.69,14518.563333333334,3.0,0.0,0.0,0.0,0.0,0.0,0.0,0.0,0.0,0.0,0.0,Low,False,False,False
MCH4835,Hari Inc,Medical,Individual,Hyderabad,Telangana,Active,348.86,1.0,8241.16,8241.16,1.0,0.0,0.0,0.0,0.0,0.0,0.0,0.0,0.0,0.0,0.0,Low,False,False,False
MCH4836,"Sidhu, Krish And Wadhwa",Restaurants & Food,Individual,Pune,Maharashtra,Active,431.0,4.0,43683.63,10920.9075,4.0,0.0,0.0,0.0,0.0,0.0,0.0,0.0,0.0,0.0,0.0,Low,False,False,False
MCH4838,Srinivasan Ltd,Apparel & Fashion,Partnership,Ludhiana,Punjab,Active,193.54,3.0,39490.36,13163.453333333333,3.0,0.0,0.0,0.0,0.0,0.0,0.0,0.0,0.0,0.0,0.0,Low,False,False,False
MCH4843,Dugar-Master,Medical,Sole Proprietor,Hyderabad,Telangana,Active,1023.41,4.0,67816.68,16954.17,4.0,0.0,0.0,0.0,0.0,0.0,0.0,0.0,0.0,0.0,0.0,Low,False,False,False
MCH4844,Trivedi-De01,Hotel & Lodging,Individual,Bengaluru,Karnataka,Active,798.53,2.0,16736.35,8368.175,2.0,0.0,0.0,0.0,0.0,0.0,0.0,0.0,0.0,0.0,0.0,Low,False,False,False
MCH4846,Arora-Raghavan,Miscellaneous,Private Limited,Jaipur,Rajasthan,Active,,3.0,24877.01,8292.336666666666,3.0,0.0,0.0,0.0,0.0,0.0,0.0,0.0,0.0,0.0,0.0,Low,False,False,False
MCH4847,Dhillon-Pillay,Hotel & Lodging,Private Limited,Lucknow,Uttar Pradesh,Active,2178.15,2.0,38943.04,19471.52,2.0,0.0,0.0,0.0,0.0,0.0,0.0,0.0,0.0,0.0,0.0,Low,False,False,False
MCH4856,Gera-Nanda,Retail,Private Limited,Pune,Maharashtra,Active,711.0,3.0,46538.48,15512.826666666668,3.0,0.0,0.0,0.0,0.0,0.0,0.0,0.0,0.0,0.0,0.0,Low,False,False,False
MCH4858,Malhotra-Doctor,Telecom,Individual,Ludhiana,Punjab,Active,7460.92,1.0,12620.57,12620.57,1.0,0.0,0.0,0.0,0.0,0.0,0.0,0.0,0.0,0.0,0.0,Low,False,False,False
MCH4863,Gill Plc,Restaurants & Food,Individual,Hyderabad,Telangana,Active,552.87,4.0,43568.649999999994,10892.162499999999,4.0,0.0,0.0,0.0,0.0,0.0,0.0,0.0,0.0,0.0,0.0,Low,False,False,False
MCH4864,Date Ltd,Grocery,Private Limited,Bengaluru,Karnataka,Active,4042.64,0.0,0.0,0.0,0.0,0.0,0.0,0.0,0.0,0.0,0.0,0,0,0,0.0,Low,False,False,False
MCH4867,"Nath, Taneja And Dey",Restaurants & Food,Partnership,Bengaluru,Karnataka,Active,726.56,2.0,13795.05,6897.525,2.0,0.0,0.0,0.0,0.0,0.0,0.0,0.0,0.0,0.0,0.0,Low,False,False,False
MCH4870,Rana Inc,Telecom,Individual,Amritsar,Punjab,Suspended,1127.0,4.0,45701.92,11425.48,4.0,0.0,0.0,0.0,0.0,0.0,0.0,0.0,0.0,0.0,0.0,Low,False,False,False
MCH4874,"Chanda, Bahl And Kohli",Apparel & Fashion,Sole Proprietor,Mumbai,Maharashtra,Active,709.03,2.0,15147.779999999999,7573.889999999999,2.0,0.0,0.0,0.0,0.0,0.0,0.0,0.0,0.0,0.0,0.0,Low,False,False,False
MCH4875,"Sangha, Sodhi And Banik",Miscellaneous,Sole Proprietor,Kolkata,West Bengal,Inactive,303.18,1.0,2621.64,2621.64,1.0,0.0,0.0,0.0,0.0,0.0,0.0,0.0,0.0,0.0,0.0,Low,False,False,False
MCH4876,"Dugar, Prasad And Pal",Restaurants & Food,Partnership,Chennai,Tamil Nadu,Active,1346.64,1.0,5297.44,5297.44,1.0,0.0,0.0,0.0,0.0,0.0,0.0,0.0,0.0,0.0,0.0,Low,False,False,False
MCH4881,"Wadhwa, Morar And Kara",Pharmacy,Sole Proprietor,Jalandhar,Punjab,Active,367.72,2.0,22420.469999999998,11210.234999999999,2.0,0.0,0.0,0.0,0.0,0.0,0.0,0.0,0.0,0.0,0.0,Low,False,False,False
MCH4884,"Reddy, Wason And Magar",Transportation,Private Limited,Kolkata,West Bengal,Inactive,2421.0,0.0,0.0,0.0,0.0,0.0,0.0,0.0,0.0,0.0,0.0,0,0,0,0.0,Low,False,False,False
MCH4888,Saha-Jani,Telecom,Sole Proprietor,Ludhiana,Punjab,Active,308.77,4.0,60515.45,15128.8625,4.0,0.0,0.0,0.0,0.0,0.0,0.0,0.0,0.0,0.0,0.0,Low,False,False,False
MCH4889,Bhatti-Kapoor,Miscellaneous,Individual,Jalandhar,Punjab,Active,2464.23,1.0,6780.02,6780.02,1.0,0.0,0.0,0.0,0.0,0.0,0.0,0.0,0.0,0.0,0.0,Low,False,False,False
MCH4893,Jani-Verma,Transportation,Partnership,Jalandhar,Punjab,Active,1601.52,3.0,44747.61,14915.87,3.0,0.0,0.0,0.0,0.0,0.0,0.0,0.0,0.0,0.0,0.0,Low,False,False,False
MCH4900,Karpe Plc,Grocery,Sole Proprietor,Jalandhar,Punjab,Active,2695.78,1.0,12823.28,12823.28,1.0,0.0,0.0,0.0,0.0,0.0,0.0,0.0,0.0,0.0,0.0,Low,False,False,False
MCH4902,"Pingle, Choudhary And Raghavan",Hotel & Lodging,Sole Proprietor,Bengaluru,Karnataka,Active,482.41,0.0,0.0,0.0,0.0,0.0,0.0,0.0,0.0,0.0,0.0,0,0,0,0.0,Low,False,False,False
MCH4903,Khatri Gr0Up,Department Store,Individual,Delhi,Delhi,Active,,5.0,37393.04,7478.608,4.0,0.0,0.0,0.0,0.0,0.0,0.0,0.0,0.0,0.0,0.0,Low,False,False,False
MCH4904,"Vohra, Lanka And Bumb",Telecom,Partnership,Chennai,Tamil Nadu,Active,1946.13,2.0,26913.88,13456.94,1.0,0.0,1.0,0.0,0.0,0.0,0.0,0.0,0.0,0.0,0.0,Low,False,False,False
MCH4906,Gaba Llc,Restaurants & Food,Private Limited,Jaipur,Rajasthan,Active,1902.8,5.0,61424.15,12284.83,5.0,0.0,0.0,0.0,0.0,0.0,0.0,0.0,0.0,0.0,0.0,Low,False,False,False
MCH4911,"Nigam, Mahajan And Misra",Grocery,Individual,Bengaluru,Karnataka,Active,689.3,2.0,40465.15,20232.575,2.0,0.0,0.0,0.0,0.0,0.0,0.0,0.0,0.0,0.0,0.0,Low,False,False,False
MCH4913,Baral-Bhattacharyya,Transportation,Individual,Amritsar,Punjab,Inactive,697.03,1.0,7861.04,7861.04,1.0,0.0,0.0,0.0,0.0,0.0,0.0,0.0,0.0,0.0,0.0,Low,False,False,False
MCH4916,Rama-Patel,Books & Stationery,Individual,Delhi,Delhi,Active,,4.0,37012.24,9253.06,4.0,0.0,0.0,0.0,0.0,0.0,0.0,0.0,0.0,0.0,0.0,Low,False,False,False
MCH4917,"Bhat, Saha And Wable",Travel,Private Limited,Jaipur,Rajasthan,Active,6159.51,1.0,24095.59,24095.59,1.0,0.0,0.0,0.0,0.0,0.0,0.0,0.0,0.0,0.0,0.0,Low,False,False,False
MCH4918,Ganesh Inc,Hotel & Lodging,Individual,Lucknow,Uttar Pradesh,Active,651.04,3.0,29054.33,9684.776666666667,3.0,0.0,0.0,0.0,0.0,0.0,0.0,0.0,0.0,0.0,0.0,Low,False,False,False
MCH4926,Shankar Ltd,Restaurants & Food,Individual,Hyderabad,Telangana,Active,,0.0,0.0,0.0,0.0,0.0,0.0,0.0,0.0,0.0,0.0,0,0,0,0.0,Low,False,False,False
MCH4927,Mohan Plc,Apparel & Fashion,Individual,Jaipur,Rajasthan,Active,1972.99,2.0,24581.370000000003,12290.685000000001,2.0,0.0,0.0,0.0,0.0,0.0,0.0,0.0,0.0,0.0,0.0,Low,False,False,False
MCH4928,"Narang, Bedi And Sachar",Apparel & Fashion,Private Limited,Jalandhar,Punjab,Active,3146.1,3.0,33870.22,11290.073333333334,3.0,0.0,0.0,0.0,0.0,0.0,0.0,0.0,0.0,0.0,0.0,Low,False,False,False
MCH4930,Dasgupta-Dua,Restaurants & Food,Partnership,Jaipur,Rajasthan,Active,,1.0,22174.48,22174.48,1.0,0.0,0.0,0.0,0.0,0.0,0.0,0.0,0.0,0.0,0.0,Low,False,False,False
MCH4934,Shroff Inc,Pharmacy,Private Limited,Amritsar,Punjab,Active,1471.24,3.0,28439.91,9479.97,3.0,0.0,0.0,0.0,0.0,0.0,0.0,0.0,0.0,0.0,0.0,Low,False,False,False
MCH4936,"Bhalla, Gour And Khare",Grocery,Individual,Jalandhar,Punjab,Active,739.83,2.0,35427.909999999996,17713.954999999998,2.0,0.0,0.0,0.0,0.0,0.0,0.0,0.0,0.0,0.0,0.0,Low,False,False,False
MCH4937,Mand And Sons,Pharmacy,Partnership,Kolkata,West Bengal,Inactive,2054.97,2.0,22157.690000000002,11078.845000000001,2.0,0.0,0.0,0.0,0.0,0.0,0.0,0.0,0.0,0.0,0.0,Low,False,False,False
MCH4944,"Pillai, Kurian And Sunder",Grocery,Sole Proprietor,Mumbai,Maharashtra,Active,907.45,2.0,35169.95,17584.975,2.0,0.0,0.0,0.0,0.0,0.0,0.0,0.0,0.0,0.0,0.0,Low,False,False,False
MCH4947,M0Han-Sah0Ta,Transportation,Individual,Mumbai,Maharashtra,Active,1906.18,3.0,27954.12,9318.039999999999,3.0,0.0,0.0,0.0,0.0,0.0,0.0,0.0,0.0,0.0,0.0,Low,False,False,False
MCH4951,"Natt, Dyal And Gill",Grocery,Private Limited,Pune,Maharashtra,Active,430.18,3.0,45631.08,15210.36,3.0,0.0,0.0,0.0,0.0,0.0,0.0,0.0,0.0,0.0,0.0,Low,False,False,False
MCH4952,"Anne,Choudhryandbhattacharyya",Restaurants & Food,Individual,Delhi,Delhi,Active,4302.0,0.0,0.0,0.0,0.0,0.0,0.0,0.0,0.0,0.0,0.0,0,0,0,0.0,Low,False,False,False
MCH4956,Kant-Setty,Grocery,Sole Proprietor,Jaipur,Rajasthan,Active,6450.59,1.0,12284.0,12284.0,1.0,0.0,0.0,0.0,0.0,0.0,0.0,0.0,0.0,0.0,0.0,Low,False,False,False
MCH4957,Natt Ltd,Apparel & Fashion,Individual,Lucknow,Uttar Pradesh,Active,1324.11,3.0,28095.5,9365.166666666666,3.0,0.0,0.0,0.0,0.0,0.0,0.0,0.0,0.0,0.0,0.0,Low,False,False,False
MCH4958,Dara Inc,Telecom,Partnership,Pune,Maharashtra,Active,,1.0,3064.63,3064.63,1.0,0.0,0.0,0.0,0.0,0.0,0.0,0.0,0.0,0.0,0.0,Low,False,False,False
MCH4963,Atwalltd,Pharmacy,Sole Proprietor,Hyderabad,Telangana,Active,,0.0,0.0,0.0,0.0,0.0,0.0,0.0,0.0,0.0,0.0,0,0,0,0.0,Low,False,False,False
MCH4967,Mallick Plc,Transportation,Partnership,Amritsar,Punjab,Active,,2.0,8654.15,4327.075,2.0,0.0,0.0,0.0,0.0,0.0,0.0,0.0,0.0,0.0,0.0,Low,False,False,False
MCH4968,Choudhry Inc,Telecom,Partnership,Jaipur,Rajasthan,Active,1122.44,4.0,66302.93,16575.7325,4.0,0.0,0.0,0.0,0.0,0.0,0.0,0.0,0.0,0.0,0.0,Low,False,False,False
MCH4969,"Bobal, Garde And Upadhyay",Telecom,Sole Proprietor,Chennai,Tamil Nadu,Active,817.93,3.0,53966.229999999996,17988.743333333332,3.0,0.0,0.0,0.0,0.0,0.0,0.0,0.0,0.0,0.0,0.0,Low,False,False,False
MCH4973,Vala-Raval,Hotel & Lodging,Private Limited,Chennai,Tamil Nadu,Active,859.46,1.0,2123.29,2123.29,1.0,0.0,0.0,0.0,0.0,0.0,0.0,0.0,0.0,0.0,0.0,Low,False,False,False
MCH4974,Krishna Plc,Apparel & Fashion,Individual,Kolkata,West Bengal,Suspended,1458.56,2.0,12520.170000000002,6260.085000000001,2.0,0.0,0.0,0.0,0.0,0.0,0.0,0.0,0.0,0.0,0.0,Low,False,False,False
MCH4975,"Nagy, Kuruvilla And Saxena",Hotel & Lodging,Sole Proprietor,Delhi,Delhi,Active,621.98,0.0,0.0,0.0,0.0,0.0,0.0,0.0,0.0,0.0,0.0,0,0,0,0.0,Low,False,False,False
MCH4982,Upadhyay-Thaker,Apparel & Fashion,Private Limited,Pune,Maharashtra,Active,,1.0,24781.49,24781.49,1.0,0.0,0.0,0.0,0.0,0.0,0.0,0.0,0.0,0.0,0.0,Low,False,False,False
MCH4983,"Magar, Ratta And Choudhary",Grocery,Partnership,Ludhiana,Punjab,Active,617.98,1.0,14509.0,14509.0,1.0,0.0,0.0,0.0,0.0,0.0,0.0,0.0,0.0,0.0,0.0,Low,False,False,False
MCH4984,"Aurora, Mohan And Jain",Telecom,Sole Proprietor,Jaipur,Rajasthan,Active,,1.0,2533.0,2533.0,1.0,0.0,0.0,0.0,0.0,0.0,0.0,0.0,0.0,0.0,0.0,Low,False,False,False
MCH4985,Hayre And Sons,Books & Stationery,Partnership,Lucknow,Uttar Pradesh,Active,1981.89,0.0,0.0,0.0,0.0,0.0,0.0,0.0,0.0,0.0,0.0,0,0,0,0.0,Low,False,False,False
MCH4989,Din-Bhatia,Pharmacy,Sole Proprietor,Amritsar,Punjab,Active,2169.45,3.0,30440.65,10146.883333333333,3.0,0.0,0.0,0.0,0.0,0.0,0.0,0.0,0.0,0.0,0.0,Low,False,False,False
MCH4994,"Uppal, Bawa And Gera",Restaurants & Food,Sole Proprietor,Delhi,Delhi,Active,1710.0,4.0,65040.79,16260.1975,4.0,0.0,0.0,0.0,0.0,0.0,0.0,0.0,0.0,0.0,0.0,Low,False,False,False
MCH5000,Lad Group,Miscellaneous,Private Limited,Kolkata,West Bengal,Active,,3.0,37179.97,12393.323333333334,3.0,0.0,0.0,0.0,0.0,0.0,0.0,0.0,0.0,0.0,0.0,Low,False,False,False
MCH5001,Narayan Llc,Restaurants & Food,Partnership,Pune,Maharashtra,Active,1893.51,2.0,29163.66,14581.83,2.0,0.0,0.0,0.0,0.0,0.0,0.0,0.0,0.0,0.0,0.0,Low,False,False,False
MCH5017,"Datta, Sinha And Pat1A",Hotel & Lodging,Sole Proprietor,Kolkata,West Bengal,Active,617.0,3.0,35109.71,11703.236666666666,3.0,0.0,0.0,0.0,0.0,0.0,0.0,0.0,0.0,0.0,0.0,Low,False,False,False
MCH5019,"Sah0Ta, Rama And Rama",Pharmacy,Partnership,Lucknow,Uttar Pradesh,Active,955.0,2.0,13909.48,6954.74,2.0,0.0,0.0,0.0,0.0,0.0,0.0,0.0,0.0,0.0,0.0,Low,False,False,False
MCH5020,Sarna-Sarraf,Grocery,Individual,Lucknow,Uttar Pradesh,Active,3351.89,4.0,72906.56999999999,18226.642499999998,4.0,0.0,0.0,0.0,0.0,0.0,0.0,0.0,0.0,0.0,0.0,Low,False,False,False
MCH5021,Dora Group,Hotel & Lodging,Partnership,Jaipur,Rajasthan,Active,843.0,2.0,30318.5,15159.25,1.0,0.0,0.0,0.0,0.0,0.0,0.0,0.0,0.0,0.0,0.0,Low,False,False,False
MCH5023,Rastogi Ltd,Grocery,Individual,Ludhiana,Punjab,Active,532.62,2.0,31806.77,15903.385,2.0,0.0,0.0,0.0,0.0,0.0,0.0,0.0,0.0,0.0,0.0,Low,False,False,False
MCH5027,Mukhopadhyay-Brar,Miscellaneous,Partnership,Ludhiana,Punjab,Active,3103.67,5.0,53706.3,10741.26,4.0,0.0,1.0,0.0,0.0,0.0,0.0,0.0,0.0,0.0,0.0,Low,False,False,False
MCH5036,Buch Inc,Books & Stationery,Partnership,Chennai,Tamil Nadu,Active,1529.39,2.0,4890.47,2445.235,1.0,0.0,0.0,0.0,0.0,0.0,0.0,0.0,0.0,0.0,0.0,Low,False,False,False
MCH5037,Chadha Llc,Department Store,Private Limited,Jaipur,Rajasthan,Active,,3.0,52449.61,17483.203333333335,3.0,0.0,0.0,0.0,0.0,0.0,0.0,0.0,0.0,0.0,0.0,Low,False,False,False
MCH5038,"Din, Som And Bahl",Pharmacy,Partnership,Lucknow,Uttar Pradesh,Active,1056.12,1.0,14514.65,14514.65,1.0,0.0,0.0,0.0,0.0,0.0,0.0,0.0,0.0,0.0,0.0,Low,False,False,False
MCH5040,Nayar-Khatri,Telecom,Individual,Pune,Maharashtra,Active,1055.33,4.0,68531.42,17132.855,4.0,0.0,0.0,0.0,0.0,0.0,0.0,0.0,0.0,0.0,0.0,Low,False,False,False
MCH5043,"Chakraborty, Gour And Kothari",Travel,Private Limited,Kolkata,West Bengal,Inactive,614.63,1.0,21237.67,21237.67,1.0,0.0,0.0,0.0,0.0,0.0,0.0,0.0,0.0,0.0,0.0,Low,False,False,False
MCH5044,Mahajan-Narasimhan,Books & Stationery,Individual,Chennai,Tamil Nadu,Active,1148.0,1.0,15731.65,15731.65,1.0,0.0,0.0,0.0,0.0,0.0,0.0,0.0,0.0,0.0,0.0,Low,False,False,False
MCH5045,More-Doctor,Department Store,Individual,Bengaluru,Karnataka,Suspended,145.75,5.0,58606.9,11721.380000000001,5.0,0.0,0.0,0.0,0.0,0.0,0.0,0.0,0.0,0.0,0.0,Low,False,False,False
MCH5052,Pillay-Bora,Miscellaneous,Partnership,Hyderabad,Telangana,Active,1127.0,2.0,25193.98,12596.99,2.0,0.0,0.0,0.0,0.0,0.0,0.0,0.0,0.0,0.0,0.0,Low,False,False,False
MCH5055,Aggarwal-Doctor,Medical,Private Limited,Hyderabad,Telangana,Active,3805.08,4.0,26873.98,6718.495,4.0,0.0,0.0,0.0,0.0,0.0,0.0,0.0,0.0,0.0,0.0,Low,False,False,False
MCH5056,Subramaniam Plc,Grocery,Partnership,Bengaluru,Karnataka,Suspended,473.92,2.0,15656.11,7828.055,2.0,0.0,0.0,0.0,0.0,0.0,0.0,0.0,0.0,0.0,0.0,Low,False,False,False
MCH5061,Natarajan Inc,Apparel & Fashion,Sole Proprietor,Ludhiana,Punjab,Active,1265.19,1.0,12104.89,12104.89,1.0,0.0,0.0,0.0,0.0,0.0,0.0,0.0,0.0,0.0,0.0,Low,False,False,False
MCH5067,Mangat-Pant,Telecom,Individual,Pune,Maharashtra,Active,1263.65,3.0,46002.93,15334.31,3.0,0.0,0.0,0.0,0.0,0.0,0.0,0.0,0.0,0.0,0.0,Low,False,False,False
MCH5072,Shroff-Sangha,Miscellaneous,Private Limited,Jaipur,Rajasthan,Active,3955.29,5.0,69464.87,13892.973999999998,5.0,0.0,0.0,0.0,0.0,0.0,0.0,0.0,0.0,0.0,0.0,Low,False,False,False
MCH5077,"Chauhan, Thakur And Chacko",Grocery,Individual,Jaipur,Rajasthan,Inactive,250.88,0.0,0.0,0.0,0.0,0.0,0.0,0.0,0.0,0.0,0.0,0,0,0,0.0,Low,False,False,False
MCH5080,"Shere, Jha And Sarma",Medical,Sole Proprietor,Kolkata,West Bengal,Active,2711.51,1.0,24138.12,24138.12,1.0,0.0,0.0,0.0,0.0,0.0,0.0,0.0,0.0,0.0,0.0,Low,False,False,False
MCH5081,"Bhatia, Srinivasan And Sampath",Medical,Private Limited,Chennai,Tamil Nadu,Active,869.22,1.0,2770.75,2770.75,1.0,0.0,0.0,0.0,0.0,0.0,0.0,0.0,0.0,0.0,0.0,Low,False,False,False
MCH5086,Balan Llc,Miscellaneous,Private Limited,Amritsar,Punjab,Active,575.58,2.0,28839.989999999998,14419.994999999999,2.0,0.0,0.0,0.0,0.0,0.0,0.0,0.0,0.0,0.0,0.0,Low,False,False,False
MCH5089,Korpal-Parmer,Retail,Private Limited,Jaipur,Rajasthan,Active,3730.0,1.0,22141.12,22141.12,1.0,0.0,0.0,0.0,0.0,0.0,0.0,0.0,0.0,0.0,0.0,Low,False,False,False
MCH5090,Chacko-Dora,Grocery,Sole Proprietor,Hyderabad,Telangana,Active,,3.0,36675.06,12225.019999999999,3.0,0.0,0.0,0.0,0.0,0.0,0.0,0.0,0.0,0.0,0.0,Low,False,False,False
MCH5091,Rau-Ratta,Restaurants & Food,Partnership,Kolkata,West Bengal,Active,755.0,3.0,20330.48,6776.826666666667,3.0,0.0,0.0,0.0,0.0,0.0,0.0,0.0,0.0,0.0,0.0,Low,False,False,False
MCH5092,Dubey-Gade,Telecom,Partnership,Kolkata,West Bengal,Active,730.73,2.0,12826.02,6413.01,2.0,0.0,0.0,0.0,0.0,0.0,0.0,0.0,0.0,0.0,0.0,Low,False,False,False
MCH5093,Khatri-Kata,Grocery,Partnership,Jaipur,Rajasthan,Inactive,1344.37,2.0,12930.66,6465.33,2.0,0.0,0.0,0.0,0.0,0.0,0.0,0.0,0.0,0.0,0.0,Low,False,False,False
MCH5097,Sathe Inc,Department Store,Sole Proprietor,Jaipur,Rajasthan,Active,997.33,3.0,30894.760000000002,10298.253333333334,3.0,0.0,0.0,0.0,0.0,0.0,0.0,0.0,0.0,0.0,0.0,Low,False,False,False
MCH5100,Garde-Mody,Grocery,Sole Proprietor,Hyderabad,Telangana,Active,347.68,2.0,37741.95,18870.975,2.0,0.0,0.0,0.0,0.0,0.0,0.0,0.0,0.0,0.0,0.0,Low,False,False,False
MCH5106,Luthra Llc,Books & Stationery,Private Limited,Jalandhar,Punjab,Active,411.0,1.0,4796.12,4796.12,1.0,0.0,0.0,0.0,0.0,0.0,0.0,0.0,0.0,0.0,0.0,Low,False,False,False
MCH5108,Bora Llc,Grocery,Private Limited,Jalandhar,Punjab,Active,,0.0,0.0,0.0,0.0,0.0,0.0,0.0,0.0,0.0,0.0,0,0,0,0.0,Low,False,False,False
MCH5111,Ramachandran Group,Department Store,Private Limited,Ludhiana,Punjab,Active,541.94,3.0,22672.690000000002,7557.563333333334,3.0,0.0,0.0,0.0,0.0,0.0,0.0,0.0,0.0,0.0,0.0,Low,False,False,False
MCH5112,Agarwa1 Ltd,Retail,Private Limited,Chennai,Tamil Nadu,Active,782.67,4.0,53771.119999999995,13442.779999999999,4.0,0.0,0.0,0.0,0.0,0.0,0.0,0.0,0.0,0.0,0.0,Low,False,False,False
MCH5113,Mani-Buch,Apparel & Fashion,Partnership,Pune,Maharashtra,Active,2132.66,3.0,25549.05,8516.35,3.0,0.0,0.0,0.0,0.0,0.0,0.0,0.0,0.0,0.0,0.0,Low,False,False,False
MCH5114,Sarraf-Iyengar,Pharmacy,Individual,Delhi,Delhi,Active,452.11,3.0,37782.7,12594.233333333332,2.0,0.0,1.0,0.0,0.0,0.0,0.0,0.0,0.0,0.0,0.0,Low,False,False,False
MCH5117,Bava-Sani,Department Store,Private Limited,Amritsar,Punjab,Active,557.72,3.0,38908.05,12969.35,2.0,0.0,0.0,0.0,0.0,0.0,0.0,0.0,0.0,0.0,0.0,Low,False,False,False
MCH5121,Ramakrishnan Inc,Transportation,Sole Proprietor,Ludhiana,Punjab,Active,3794.33,2.0,9098.21,4549.105,2.0,0.0,0.0,0.0,0.0,0.0,0.0,0.0,0.0,0.0,0.0,Low,False,False,False
MCH5125,Dave And Sons,Restaurants & Food,Private Limited,Ludhiana,Punjab,Active,838.15,3.0,56574.87,18858.29,3.0,0.0,0.0,0.0,0.0,0.0,0.0,0.0,0.0,0.0,0.0,Low,False,False,False
MCH5135,Kapoor Ltd,Apparel & Fashion,Partnership,Chennai,Tamil Nadu,Active,1221.22,3.0,43549.65,14516.550000000001,3.0,0.0,0.0,0.0,0.0,0.0,0.0,0.0,0.0,0.0,0.0,Low,False,False,False
MCH5136,Thakur And Sons,Transportation,Sole Proprietor,Jaipur,Rajasthan,Suspended,2681.3,2.0,22622.1,11311.05,2.0,0.0,0.0,0.0,0.0,0.0,0.0,0.0,0.0,0.0,0.0,Low,False,False,False
MCH5141,Gera-Kashyap,Telecom,Partnership,Ludhiana,Punjab,Active,2000.07,0.0,0.0,0.0,0.0,0.0,0.0,0.0,0.0,0.0,0.0,0,0,0,0.0,Low,False,False,False
MCH5144,Johal Ltd,Hotel & Lodging,Sole Proprietor,Jalandhar,Punjab,Inactive,490.7,1.0,3414.9,3414.9,1.0,0.0,0.0,0.0,0.0,0.0,0.0,0.0,0.0,0.0,0.0,Low,False,False,False
MCH5146,Wadhwa-Swamy,Department Store,Partnership,Jalandhar,Punjab,Active,,4.0,59366.82,14841.705,3.0,0.0,1.0,0.0,0.0,0.0,0.0,0.0,0.0,0.0,0.0,Low,False,False,False
MCH5148,"Bose, Ranganathan And Bose",Grocery,Individual,Amritsar,Punjab,Active,,3.0,48949.520000000004,16316.506666666668,2.0,0.0,0.0,0.0,0.0,0.0,0.0,0.0,0.0,0.0,0.0,Low,False,False,False
MCH5154,Dhingra-Sunder,Miscellaneous,Sole Proprietor,Pune,Maharashtra,Active,2001.0,2.0,31031.18,15515.59,2.0,0.0,0.0,0.0,0.0,0.0,0.0,0.0,0.0,0.0,0.0,Low,False,False,False
MCH5159,"Boase, Nadkarni And Kala",Transportation,Private Limited,Jaipur,Rajasthan,Active,214.1,0.0,0.0,0.0,0.0,0.0,0.0,0.0,0.0,0.0,0.0,0,0,0,0.0,Low,False,False,False
MCH5160,Subramanian Inc,Hotel & Lodging,Partnership,Amritsar,Punjab,Active,1435.76,2.0,15161.48,7580.74,2.0,0.0,0.0,0.0,0.0,0.0,0.0,0.0,0.0,0.0,0.0,Low,False,False,False
MCH5162,Srinivas-Sule,Retail,Individual,Jaipur,Rajasthan,Active,1145.33,1.0,6107.3,6107.3,1.0,0.0,0.0,0.0,0.0,0.0,0.0,0.0,0.0,0.0,0.0,Low,False,False,False
MCH5163,"Pandit, Lad And V0Ra",Telecom,Individual,Kolkata,West Bengal,Active,1014.92,2.0,41148.74,20574.37,2.0,0.0,0.0,0.0,0.0,0.0,0.0,0.0,0.0,0.0,0.0,Low,False,False,False
MCH5169,Kurian-Narayan,Books & Stationery,Individual,Jalandhar,Punjab,Active,1621.49,2.0,5730.0,2865.0,2.0,0.0,0.0,0.0,0.0,0.0,0.0,0.0,0.0,0.0,0.0,Low,False,False,False
MCH5176,"Samra,Sampathandchaudhuri",Travel,Individual,Jalandhar,Punjab,Active,905.0,3.0,27116.72,9038.906666666668,3.0,0.0,0.0,0.0,0.0,0.0,0.0,0.0,0.0,0.0,0.0,Low,False,False,False
MCH5180,Varkey Inc,Apparel & Fashion,Individual,Lucknow,Uttar Pradesh,Active,1047.37,1.0,11254.09,11254.09,1.0,0.0,0.0,0.0,0.0,0.0,0.0,0.0,0.0,0.0,0.0,Low,False,False,False
MCH5182,"Kadakia, Raman And Badal",Transportation,Sole Proprietor,Amritsar,Punjab,Inactive,932.0,3.0,45291.759999999995,15097.253333333332,2.0,0.0,1.0,0.0,0.0,0.0,0.0,0.0,0.0,0.0,0.0,Low,False,False,False
MCH5186,Dey-Bansal,Medical,Sole Proprietor,Chennai,Tamil Nadu,Active,365.0,1.0,6556.77,6556.77,1.0,0.0,0.0,0.0,0.0,0.0,0.0,0.0,0.0,0.0,0.0,Low,False,False,False
MCH5190,Karpe Inc,Books & Stationery,Sole Proprietor,Delhi,Delhi,Active,2042.93,0.0,0.0,0.0,0.0,0.0,0.0,0.0,0.0,0.0,0.0,0,0,0,0.0,Low,False,False,False
MCH5193,Shetty Inc,Pharmacy,Partnership,Amritsar,Punjab,Active,,4.0,60528.32,15132.08,4.0,0.0,0.0,0.0,0.0,0.0,0.0,0.0,0.0,0.0,0.0,Low,False,False,False
MCH5196,Sagar-Kohli,Travel,Partnership,Delhi,Delhi,Active,3536.0,2.0,23786.1,11893.05,2.0,0.0,0.0,0.0,0.0,0.0,0.0,0.0,0.0,0.0,0.0,Low,False,False,False
MCH5197,Acharyainc,Transportation,Private Limited,Jalandhar,Punjab,Active,699.94,2.0,17221.73,8610.865,2.0,0.0,0.0,0.0,0.0,0.0,0.0,0.0,0.0,0.0,0.0,Low,False,False,False
MCH5203,"Goel, Mishra And Ram",Telecom,Sole Proprietor,Bengaluru,Karnataka,Active,3326.82,2.0,3709.4,1854.7,2.0,0.0,0.0,0.0,0.0,0.0,0.0,0.0,0.0,0.0,0.0,Low,False,False,False
MCH5204,Gokhale Ltd,Grocery,Sole Proprietor,Hyderabad,Telangana,Active,955.33,0.0,0.0,0.0,0.0,0.0,0.0,0.0,0.0,0.0,0.0,0,0,0,0.0,Low,False,False,False
MCH5205,"Yogi, Minhas And Goda",Department Store,Partnership,Ludhiana,Punjab,Inactive,455.0,5.0,89250.06999999999,17850.014,5.0,0.0,0.0,0.0,0.0,0.0,0.0,0.0,0.0,0.0,0.0,Low,False,False,False
MCH5210,Rege-Sridhar,Books & Stationery,Private Limited,Jalandhar,Punjab,Active,1199.73,1.0,3297.95,3297.95,1.0,0.0,0.0,0.0,0.0,0.0,0.0,0.0,0.0,0.0,0.0,Low,False,False,False
MCH5213,Keer-Yadav,Hotel & Lodging,Private Limited,Jalandhar,Punjab,Active,2157.19,7.0,121982.15,17426.02142857143,6.0,0.0,1.0,0.0,0.0,0.0,0.0,0.0,0.0,0.0,0.0,Low,False,False,False
MCH5215,Tank-Golla,Miscellaneous,Individual,Hyderabad,Telangana,Active,1953.0,1.0,237.26,237.26,1.0,0.0,0.0,0.0,0.0,0.0,0.0,0.0,0.0,0.0,0.0,Low,False,False,False
MCH5217,Swamy Ltd,Grocery,Private Limited,Kolkata,West Bengal,Active,1618.62,2.0,13527.79,6763.895,2.0,0.0,0.0,0.0,0.0,0.0,0.0,0.0,0.0,0.0,0.0,Low,False,False,False
MCH5219,Pillay Group,Telecom,Partnership,Jalandhar,Punjab,Active,834.97,1.0,2334.51,2334.51,1.0,0.0,0.0,0.0,0.0,0.0,0.0,0.0,0.0,0.0,0.0,Low,False,False,False
MCH5224,Prabhakar-Baral,Miscellaneous,Sole Proprietor,Delhi,Delhi,Active,873.18,5.0,53462.33,10692.466,5.0,0.0,0.0,0.0,0.0,0.0,0.0,0.0,0.0,0.0,0.0,Low,False,False,False
MCH5225,"Bera, Guha And Narayan",Books & Stationery,Individual,Hyderabad,Telangana,Active,,5.0,46956.48,9391.296,5.0,0.0,0.0,0.0,0.0,0.0,0.0,0.0,0.0,0.0,0.0,Low,False,False,False
MCH5230,Bajaj Ltd,Transportation,Partnership,Delhi,Delhi,Active,3959.52,4.0,48661.89,12165.4725,2.0,0.0,2.0,0.0,0.0,0.0,0.0,0.0,0.0,0.0,0.0,Low,False,False,False
MCH5231,Om-Shah,Pharmacy,Individual,Jaipur,Rajasthan,Active,165.39,5.0,73215.5,14643.1,5.0,0.0,0.0,0.0,0.0,0.0,0.0,0.0,0.0,0.0,0.0,Low,False,False,False
MCH5233,Raghavan-Mall,Telecom,Partnership,Bengaluru,Karnataka,Active,3087.5,0.0,0.0,0.0,0.0,0.0,0.0,0.0,0.0,0.0,0.0,0,0,0,0.0,Low,False,False,False
MCH5236,"More, Luthra And Deol",Miscellaneous,Partnership,Amritsar,Punjab,Active,1110.58,2.0,24919.620000000003,12459.810000000001,2.0,0.0,0.0,0.0,0.0,0.0,0.0,0.0,0.0,0.0,0.0,Low,False,False,False
MCH5239,Saha Inc,Miscellaneous,Individual,Lucknow,Uttar Pradesh,Active,6907.0,2.0,32715.2,16357.6,1.0,0.0,0.0,0.0,0.0,0.0,0.0,0.0,0.0,0.0,0.0,Low,False,False,False
MCH5242,Mishra-Dua,Department Store,Individual,Mumbai,Maharashtra,Active,,1.0,13439.22,13439.22,1.0,0.0,0.0,0.0,0.0,0.0,0.0,0.0,0.0,0.0,0.0,Low,False,False,False
MCH5249,Tak Inc,Hotel & Lodging,Private Limited,Lucknow,Uttar Pradesh,Active,,0.0,0.0,0.0,0.0,0.0,0.0,0.0,0.0,0.0,0.0,0,0,0,0.0,Low,False,False,False
MCH5250,Virk-Nadkarni,Miscellaneous,Partnership,Pune,Maharashtra,Suspended,759.43,2.0,27640.67,13820.335,2.0,0.0,0.0,0.0,0.0,0.0,0.0,0.0,0.0,0.0,0.0,Low,False,False,False
MCH5251,Sehgal-Yadav,Grocery,Sole Proprietor,Bengaluru,Karnataka,Active,625.43,0.0,0.0,0.0,0.0,0.0,0.0,0.0,0.0,0.0,0.0,0,0,0,0.0,Low,False,False,False
MCH5253,Balakrishnan Plc,Pharmacy,Sole Proprietor,Mumbai,Maharashtra,Active,,4.0,58099.78,14524.945,4.0,0.0,0.0,0.0,0.0,0.0,0.0,0.0,0.0,0.0,0.0,Low,False,False,False
MCH5256,Ghoshllc,Transportation,Individual,Chennai,Tamil Nadu,Active,429.35,4.0,31839.89,7959.9725,4.0,0.0,0.0,0.0,0.0,0.0,0.0,0.0,0.0,0.0,0.0,Low,False,False,False
MCH5258,Kibe-Ramanathan,Books & Stationery,Partnership,Delhi,Delhi,Active,3143.33,0.0,0.0,0.0,0.0,0.0,0.0,0.0,0.0,0.0,0.0,0,0,0,0.0,Low,False,False,False
MCH5261,M0Dy Gr0Up,Books & Stationery,Individual,Jaipur,Rajasthan,Active,345.16,3.0,15161.46,5053.82,3.0,0.0,0.0,0.0,0.0,0.0,0.0,0.0,0.0,0.0,0.0,Low,False,False,False
MCH5263,"Narang, Kata And Pillai",Department Store,Private Limited,Ludhiana,Punjab,Active,,1.0,9010.0,9010.0,1.0,0.0,0.0,0.0,0.0,0.0,0.0,0.0,0.0,0.0,0.0,Low,False,False,False
MCH5268,Nagy-Ravel,Miscellaneous,Sole Proprietor,Kolkata,West Bengal,Suspended,4125.6,1.0,12681.02,12681.02,1.0,0.0,0.0,0.0,0.0,0.0,0.0,0.0,0.0,0.0,0.0,Low,False,False,False
MCH5270,"Kannan, Goda And Kade",Hotel & Lodging,Individual,Lucknow,Uttar Pradesh,Inactive,469.0,4.0,45890.49,11472.6225,3.0,0.0,1.0,0.0,0.0,0.0,0.0,0.0,0.0,0.0,0.0,Low,False,False,False
MCH5271,Choudhary-Chaudhry,Restaurants & Food,Partnership,Ludhiana,Punjab,Active,,0.0,0.0,0.0,0.0,0.0,0.0,0.0,0.0,0.0,0.0,0,0,0,0.0,Low,False,False,False
MCH5274,"Nair, Dave And Hayre",Travel,Individual,Bengaluru,Karnataka,Active,598.65,2.0,14809.89,7404.945,2.0,0.0,0.0,0.0,0.0,0.0,0.0,0.0,0.0,0.0,0.0,Low,False,False,False
MCH5278,"Sarraf, Peri And Ratti",Miscellaneous,Private Limited,Kolkata,West Bengal,Active,1446.64,3.0,45200.09,15066.696666666665,3.0,0.0,0.0,0.0,0.0,0.0,0.0,0.0,0.0,0.0,0.0,Low,False,False,False
MCH5281,Rajagopalan Ltd,Hotel & Lodging,Sole Proprietor,Bengaluru,Karnataka,Active,939.26,0.0,0.0,0.0,0.0,0.0,0.0,0.0,0.0,0.0,0.0,0,0,0,0.0,Low,False,False,False
MCH5285,"Yadav, Dhawan And Bahri",Retail,Individual,Bengaluru,Karnataka,Active,220.0,2.0,28545.13,14272.565,2.0,0.0,0.0,0.0,0.0,0.0,0.0,0.0,0.0,0.0,0.0,Low,False,False,False
MCH5287,Sachdeva Plc,Travel,Partnership,Hyderabad,Telangana,Active,823.34,6.0,82634.56999999999,13772.428333333331,6.0,0.0,0.0,0.0,0.0,0.0,0.0,0.0,0.0,0.0,0.0,Low,False,False,False
MCH5288,"Thaman, Muni And Om",Miscellaneous,Sole Proprietor,Pune,Maharashtra,Active,1015.84,2.0,25713.02,12856.51,1.0,0.0,1.0,0.0,0.0,0.0,0.0,0.0,0.0,0.0,0.0,Low,False,False,False
MCH5292,Nori-Dugal,Miscellaneous,Sole Proprietor,Pune,Maharashtra,Inactive,542.0,2.0,25194.96,12597.48,2.0,0.0,0.0,0.0,0.0,0.0,0.0,0.0,0.0,0.0,0.0,Low,False,False,False
MCH5293,Pingle Plc,Miscellaneous,Individual,Delhi,Delhi,Active,1088.29,2.0,6710.71,3355.355,2.0,0.0,0.0,0.0,0.0,0.0,0.0,0.0,0.0,0.0,0.0,Low,False,False,False
MCH5295,"Goda, Prashad And Narain",Medical,Individual,Lucknow,Uttar Pradesh,Active,888.39,2.0,18298.57,9149.285,2.0,0.0,0.0,0.0,0.0,0.0,0.0,0.0,0.0,0.0,0.0,Low,False,False,False
MCH5298,Keer And Sons,Miscellaneous,Partnership,Bengaluru,Karnataka,Inactive,600.45,2.0,25377.519999999997,12688.759999999998,2.0,0.0,0.0,0.0,0.0,0.0,0.0,0.0,0.0,0.0,0.0,Low,False,False,False
MCH5307,"Balan, Varughese And Dave",Restaurants & Food,Partnership,Pune,Maharashtra,Active,204.07,1.0,8883.82,8883.82,1.0,0.0,0.0,0.0,0.0,0.0,0.0,0.0,0.0,0.0,0.0,Low,False,False,False
MCH5308,Shukla-Trivedi,Restaurants & Food,Individual,Jaipur,Rajasthan,Active,,2.0,14898.15,7449.075,2.0,0.0,0.0,0.0,0.0,0.0,0.0,0.0,0.0,0.0,0.0,Low,False,False,False
MCH5312,Choudhary Inc,Grocery,Partnership,Kolkata,West Bengal,Active,1438.2,1.0,6245.55,6245.55,1.0,0.0,0.0,0.0,0.0,0.0,0.0,0.0,0.0,0.0,0.0,Low,False,False,False
MCH5320,Ramaswamy-Sarma,Telecom,Sole Proprietor,Hyderabad,Telangana,Active,750.06,5.0,73381.71,14676.342,5.0,0.0,0.0,0.0,0.0,0.0,0.0,0.0,0.0,0.0,0.0,Low,False,False,False
MCH5321,Maharaj Ltd,Pharmacy,Sole Proprietor,Mumbai,Maharashtra,Inactive,,3.0,49228.47,16409.49,3.0,0.0,0.0,0.0,0.0,0.0,0.0,0.0,0.0,0.0,0.0,Low,False,False,False
MCH5322,Parsa Llc,Pharmacy,Individual,Jalandhar,Punjab,Active,2329.55,3.0,32027.43,10675.81,3.0,0.0,0.0,0.0,0.0,0.0,0.0,0.0,0.0,0.0,0.0,Low,False,False,False
MCH5339,"Vaidya, Hari And Mistry",Miscellaneous,Individual,Delhi,Delhi,Active,514.42,1.0,6956.17,6956.17,1.0,0.0,0.0,0.0,0.0,0.0,0.0,0.0,0.0,0.0,0.0,Low,False,False,False
MCH5343,Sangha-Pillay,Grocery,Individual,Lucknow,Uttar Pradesh,Inactive,1724.67,1.0,16884.02,16884.02,1.0,0.0,0.0,0.0,0.0,0.0,0.0,0.0,0.0,0.0,0.0,Low,False,False,False
MCH5354,Datta-Vala,Restaurants & Food,Partnership,Ludhiana,Punjab,Active,2213.0,1.0,6020.88,6020.88,1.0,0.0,0.0,0.0,0.0,0.0,0.0,0.0,0.0,0.0,0.0,Low,False,False,False
MCH5356,"Solanki, Kala And Loke",Telecom,Partnership,Hyderabad,Telangana,Active,,4.0,54507.17,13626.7925,3.0,0.0,1.0,0.0,0.0,0.0,0.0,0.0,0.0,0.0,0.0,Low,False,False,False
MCH5360,Pillai And Sons,Pharmacy,Individual,Lucknow,Uttar Pradesh,Active,745.28,1.0,20734.0,20734.0,1.0,0.0,0.0,0.0,0.0,0.0,0.0,0.0,0.0,0.0,0.0,Low,False,False,False
MCH5361,"Baria,Santandmunshi",Books & Stationery,Private Limited,Delhi,Delhi,Active,,0.0,0.0,0.0,0.0,0.0,0.0,0.0,0.0,0.0,0.0,0,0,0,0.0,Low,False,False,False
MCH5362,"Kunda, Tiwari And Nagi",Medical,Private Limited,Jaipur,Rajasthan,Active,1922.99,5.0,53397.9,10679.58,5.0,0.0,0.0,0.0,0.0,0.0,0.0,0.0,0.0,0.0,0.0,Low,False,False,False
MCH5366,Bali Ltd,Department Store,Private Limited,Lucknow,Uttar Pradesh,Inactive,1551.58,1.0,528.89,528.89,1.0,0.0,0.0,0.0,0.0,0.0,0.0,0.0,0.0,0.0,0.0,Low,False,False,False
MCH5367,Reddy-Chakraborty,Apparel & Fashion,Sole Proprietor,Mumbai,Maharashtra,Active,1679.09,2.0,30056.25,15028.125,2.0,0.0,0.0,0.0,0.0,0.0,0.0,0.0,0.0,0.0,0.0,Low,False,False,False
MCH5370,Shenoy Ltd,Medical,Private Limited,Hyderabad,Telangana,Active,1465.66,1.0,154.0,154.0,1.0,0.0,0.0,0.0,0.0,0.0,0.0,0.0,0.0,0.0,0.0,Low,False,False,False
MCH5371,Tailor Ltd,Department Store,Sole Proprietor,Jalandhar,Punjab,Active,2851.53,0.0,0.0,0.0,0.0,0.0,0.0,0.0,0.0,0.0,0.0,0,0,0,0.0,Low,False,False,False
MCH5375,"Zacharia, Krishnamurthy And Talwar",Apparel & Fashion,Individual,Pune,Maharashtra,Active,,3.0,46917.0,15639.0,3.0,0.0,0.0,0.0,0.0,0.0,0.0,0.0,0.0,0.0,0.0,Low,False,False,False
MCH5376,"Narayanan, Palla And Tripathi",Telecom,Sole Proprietor,Ludhiana,Punjab,Active,2169.37,3.0,55961.78,18653.926666666666,2.0,0.0,0.0,0.0,0.0,0.0,0.0,0.0,0.0,0.0,0.0,Low,False,False,False
MCH5381,Jaggi And Sons,Department Store,Private Limited,Delhi,Delhi,Active,550.97,1.0,20546.82,20546.82,1.0,0.0,0.0,0.0,0.0,0.0,0.0,0.0,0.0,0.0,0.0,Low,False,False,False
MCH5384,Sibal Inc,Grocery,Private Limited,Jaipur,Rajasthan,Active,951.53,2.0,29687.58,14843.79,1.0,0.0,0.0,0.0,0.0,0.0,0.0,0.0,0.0,0.0,0.0,Low,False,False,False
MCH5386,"Hari, Handa And Madan",Telecom,Private Limited,Bengaluru,Karnataka,Active,682.57,3.0,53488.68,17829.56,3.0,0.0,0.0,0.0,0.0,0.0,0.0,0.0,0.0,0.0,0.0,Low,False,False,False
MCH5388,Mann-Oza,Books & Stationery,Private Limited,Hyderabad,Telangana,Active,1696.0,2.0,19166.69,9583.345,2.0,0.0,0.0,0.0,0.0,0.0,0.0,0.0,0.0,0.0,0.0,Low,False,False,False
MCH5389,Sem Llc,Transportation,Partnership,Jaipur,Rajasthan,Active,342.38,2.0,34958.85,17479.425,2.0,0.0,0.0,0.0,0.0,0.0,0.0,0.0,0.0,0.0,0.0,Low,False,False,False
MCH5390,Pall-Vig,Transportation,Private Limited,Amritsar,Punjab,Active,6624.25,4.0,36883.91,9220.9775,4.0,0.0,0.0,0.0,0.0,0.0,0.0,0.0,0.0,0.0,0.0,Low,False,False,False
MCH5391,Nagi-Pandya,Grocery,Partnership,Kolkata,West Bengal,Suspended,1471.0,4.0,58777.380000000005,14694.345000000001,4.0,0.0,0.0,0.0,0.0,0.0,0.0,0.0,0.0,0.0,0.0,Low,False,False,False
MCH5395,"Dada, Jani And Kaul",Books & Stationery,Partnership,Chennai,Tamil Nadu,Active,,2.0,24522.899999999998,12261.449999999999,2.0,0.0,0.0,0.0,0.0,0.0,0.0,0.0,0.0,0.0,0.0,Low,False,False,False
MCH5396,Manda-Seth,Transportation,Sole Proprietor,Delhi,Delhi,Active,439.03,2.0,20763.68,10381.84,2.0,0.0,0.0,0.0,0.0,0.0,0.0,0.0,0.0,0.0,0.0,Low,False,False,False
MCH5401,Dave Plc,Department Store,Partnership,Mumbai,Maharashtra,Active,3231.0,6.0,30566.46,5094.41,6.0,0.0,0.0,0.0,0.0,0.0,0.0,0.0,0.0,0.0,0.0,Low,False,False,False
MCH5402,"Mandal, Chada And Deshpande",Grocery,Sole Proprietor,Delhi,Delhi,Suspended,,1.0,16573.45,16573.45,1.0,0.0,0.0,0.0,0.0,0.0,0.0,0.0,0.0,0.0,0.0,Low,False,False,False
MCH5405,Balan-Sabharwal,Restaurants & Food,Individual,Bengaluru,Karnataka,Active,2280.95,5.0,66736.65,13347.329999999998,5.0,0.0,0.0,0.0,0.0,0.0,0.0,0.0,0.0,0.0,0.0,Low,False,False,False
MCH5408,"Setty, Mangal And Dhar",Grocery,Individual,Mumbai,Maharashtra,Active,1231.49,2.0,33482.399999999994,16741.199999999997,2.0,0.0,0.0,0.0,0.0,0.0,0.0,0.0,0.0,0.0,0.0,Low,False,False,False
MCH5409,Buch Inc,Apparel & Fashion,Sole Proprietor,Amritsar,Punjab,Active,922.0,1.0,22497.2,22497.2,1.0,0.0,0.0,0.0,0.0,0.0,0.0,0.0,0.0,0.0,0.0,Low,False,False,False
MCH5411,Kale Inc,Grocery,Partnership,Pune,Maharashtra,Active,708.0,0.0,0.0,0.0,0.0,0.0,0.0,0.0,0.0,0.0,0.0,0,0,0,0.0,Low,False,False,False
MCH5413,"K0Shy, Batra And K0H1I",Department Store,Sole Proprietor,Lucknow,Uttar Pradesh,Active,608.0,3.0,11947.68,3982.56,3.0,0.0,0.0,0.0,0.0,0.0,0.0,0.0,0.0,0.0,0.0,Low,False,False,False
MCH5414,Bhandari Ltd,Hotel & Lodging,Private Limited,Delhi,Delhi,Active,155.88,2.0,16576.53,8288.265,2.0,0.0,0.0,0.0,0.0,0.0,0.0,0.0,0.0,0.0,0.0,Low,False,False,False
MCH5416,Upadhyay Llc,Books & Stationery,Individual,Chennai,Tamil Nadu,Active,,4.0,58321.21,14580.3025,3.0,0.0,0.0,0.0,0.0,0.0,0.0,0.0,0.0,0.0,0.0,Low,False,False,False
MCH5420,Sahni-Ghosh,Hotel & Lodging,Sole Proprietor,Kolkata,West Bengal,Active,1993.6,4.0,48664.57,12166.1425,4.0,0.0,0.0,0.0,0.0,0.0,0.0,0.0,0.0,0.0,0.0,Low,False,False,False
MCH5422,Sawhney Llc,Apparel & Fashion,Sole Proprietor,Kolkata,West Bengal,Active,866.35,2.0,49370.93,24685.465,2.0,0.0,0.0,0.0,0.0,0.0,0.0,0.0,0.0,0.0,0.0,Low,False,False,False
MCH5425,"Bora, Kibe And Yadav",Telecom,Individual,Delhi,Delhi,Suspended,810.1,3.0,55654.63,18551.54333333333,3.0,0.0,0.0,0.0,0.0,0.0,0.0,0.0,0.0,0.0,0.0,Low,False,False,False
MCH5426,"Dora, Sehgal And Choudhury",Transportation,Individual,Delhi,Delhi,Active,598.49,2.0,28825.67,14412.835,2.0,0.0,0.0,0.0,0.0,0.0,0.0,0.0,0.0,0.0,0.0,Low,False,False,False
MCH5433,Subramanian Plc,Apparel & Fashion,Partnership,Ludhiana,Punjab,Active,673.68,2.0,31169.24,15584.62,2.0,0.0,0.0,0.0,0.0,0.0,0.0,0.0,0.0,0.0,0.0,Low,False,False,False
MCH5438,"Krishna, Vohra And Ghose",Pharmacy,Sole Proprietor,Chennai,Tamil Nadu,Active,1326.9,3.0,44361.43,14787.143333333333,2.0,0.0,1.0,0.0,0.0,0.0,0.0,0.0,0.0,0.0,0.0,Low,False,False,False
MCH5441,Sur Group,Grocery,Private Limited,Ludhiana,Punjab,Active,1094.34,1.0,6033.33,6033.33,1.0,0.0,0.0,0.0,0.0,0.0,0.0,0.0,0.0,0.0,0.0,Low,False,False,False
MCH5442,"Ray, Bajaj And Shetty",Grocery,Individual,Pune,Maharashtra,Active,448.9,2.0,32508.92,16254.46,2.0,0.0,0.0,0.0,0.0,0.0,0.0,0.0,0.0,0.0,0.0,Low,False,False,False
MCH5443,Loyal-Narasimhan,Hotel & Lodging,Individual,Kolkata,West Bengal,Active,1593.65,4.0,35161.78,8790.445,4.0,0.0,0.0,0.0,0.0,0.0,0.0,0.0,0.0,0.0,0.0,Low,False,False,False
MCH5444,Pradhan-Nair,Miscellaneous,Sole Proprietor,Lucknow,Uttar Pradesh,Active,372.0,1.0,15745.52,15745.52,1.0,0.0,0.0,0.0,0.0,0.0,0.0,0.0,0.0,0.0,0.0,Low,False,False,False
MCH5447,Chhabra-Bajaj,Grocery,Sole Proprietor,Hyderabad,Telangana,Active,363.53,5.0,79189.39,15837.878,4.0,0.0,0.0,0.0,0.0,0.0,0.0,0.0,0.0,0.0,0.0,Low,False,False,False
MCH5448,"Bala, Sha And Bera",Department Store,Private Limited,Bengaluru,Karnataka,Active,523.59,4.0,71063.97,17765.9925,4.0,0.0,0.0,0.0,0.0,0.0,0.0,0.0,0.0,0.0,0.0,Low,False,False,False
MCH5450,"Karnik, Karan And Boase",Books & Stationery,Partnership,Kolkata,West Bengal,Active,852.07,1.0,16598.1,16598.1,1.0,0.0,0.0,0.0,0.0,0.0,0.0,0.0,0.0,0.0,0.0,Low,False,False,False
MCH5457,Deol Plc,Books & Stationery,Sole Proprietor,Jaipur,Rajasthan,Active,1085.1,1.0,24511.97,24511.97,1.0,0.0,0.0,0.0,0.0,0.0,0.0,0.0,0.0,0.0,0.0,Low,False,False,False
MCH5458,"Korpal, Venkatesh And Choudhary",Hotel & Lodging,Individual,Jaipur,Rajasthan,Active,,6.0,97830.45,16305.074999999999,5.0,0.0,1.0,0.0,0.0,0.0,0.0,0.0,0.0,0.0,0.0,Low,False,False,False
MCH5465,"Keer, Gill And Tank",Telecom,Individual,Jaipur,Rajasthan,Active,3170.0,1.0,9633.59,9633.59,1.0,0.0,0.0,0.0,0.0,0.0,0.0,0.0,0.0,0.0,0.0,Low,False,False,False
MCH5467,"Kurian, Anne And Borra",Telecom,Individual,Ludhiana,Punjab,Active,940.0,3.0,39282.35,13094.116666666667,3.0,0.0,0.0,0.0,0.0,0.0,0.0,0.0,0.0,0.0,0.0,Low,False,False,False
MCH5477,Mahajan Ltd,Apparel & Fashion,Individual,Bengaluru,Karnataka,Active,3690.89,1.0,10678.0,10678.0,1.0,0.0,0.0,0.0,0.0,0.0,0.0,0.0,0.0,0.0,0.0,Low,False,False,False
MCH5478,"Prashad, Tripathi And Bala",Telecom,Private Limited,Jaipur,Rajasthan,Active,3789.33,1.0,24785.13,24785.13,1.0,0.0,0.0,0.0,0.0,0.0,0.0,0.0,0.0,0.0,0.0,Low,False,False,False
MCH5484,Vasa Plc,Hotel & Lodging,Individual,Lucknow,Uttar Pradesh,Active,,0.0,0.0,0.0,0.0,0.0,0.0,0.0,0.0,0.0,0.0,0,0,0,0.0,Low,False,False,False
MCH5488,Chaudry-Garde,Grocery,Individual,Kolkata,West Bengal,Active,405.0,1.0,13610.8,13610.8,1.0,0.0,0.0,0.0,0.0,0.0,0.0,0.0,0.0,0.0,0.0,Low,False,False,False
MCH5490,"Bahl, Kakar And Dara",Apparel & Fashion,Individual,Hyderabad,Telangana,Active,1917.65,4.0,72133.76000000001,18033.440000000002,4.0,0.0,0.0,0.0,0.0,0.0,0.0,0.0,0.0,0.0,0.0,Low,False,False,False
MCH5493,Roy Group,Restaurants & Food,Partnership,Lucknow,Uttar Pradesh,Active,,2.0,28894.329999999998,14447.164999999999,2.0,0.0,0.0,0.0,0.0,0.0,0.0,0.0,0.0,0.0,0.0,Low,False,False,False
MCH5494,Raja Ltd,Books & Stationery,Partnership,Ludhiana,Punjab,Active,209.91,2.0,35875.97,17937.985,2.0,0.0,0.0,0.0,0.0,0.0,0.0,0.0,0.0,0.0,0.0,Low,False,False,False
MCH5496,Bhagat And Sons,Medical,Partnership,Lucknow,Uttar Pradesh,Active,,0.0,0.0,0.0,0.0,0.0,0.0,0.0,0.0,0.0,0.0,0,0,0,0.0,Low,False,False,False
MCH5497,Dayal And Sons,Miscellaneous,Private Limited,Delhi,Delhi,Active,1767.24,3.0,56129.880000000005,18709.960000000003,2.0,0.0,1.0,0.0,0.0,0.0,0.0,0.0,0.0,0.0,0.0,Low,False,False,False
MCH5500,"Dubey, Tandon And Batta",Telecom,Sole Proprietor,Lucknow,Uttar Pradesh,Active,2211.38,1.0,1142.83,1142.83,1.0,0.0,0.0,0.0,0.0,0.0,0.0,0.0,0.0,0.0,0.0,Low,False,False,False
MCH5505,Korpal Inc,Telecom,Individual,Mumbai,Maharashtra,Active,1908.25,1.0,4594.22,4594.22,1.0,0.0,0.0,0.0,0.0,0.0,0.0,0.0,0.0,0.0,0.0,Low,False,False,False
MCH5511,"Pandya, Dugar And Dube",Miscellaneous,Individual,Delhi,Delhi,Active,997.89,0.0,0.0,0.0,0.0,0.0,0.0,0.0,0.0,0.0,0.0,0,0,0,0.0,Low,False,False,False
MCH5518,Bhalla-Chaudhuri,Restaurants & Food,Individual,Lucknow,Uttar Pradesh,Active,1038.42,2.0,38999.14,19499.57,1.0,0.0,1.0,0.0,0.0,0.0,0.0,0.0,0.0,0.0,0.0,Low,False,False,False
MCH5523,Behl Inc,Apparel & Fashion,Individual,Lucknow,Uttar Pradesh,Active,2946.06,1.0,8480.86,8480.86,1.0,0.0,0.0,0.0,0.0,0.0,0.0,0.0,0.0,0.0,0.0,Low,False,False,False
MCH5524,"Mangat, Sanghvi And Shah",Books & Stationery,Partnership,Jalandhar,Punjab,Active,6188.2,1.0,2459.21,2459.21,0.0,0.0,1.0,0.0,0.0,0.0,0.0,0.0,0.0,0.0,0.0,Low,False,False,False
MCH5525,Nagy And Sons,Hotel & Lodging,Partnership,Bengaluru,Karnataka,Active,1141.1,2.0,5772.65,2886.325,1.0,0.0,0.0,0.0,0.0,0.0,0.0,0.0,0.0,0.0,0.0,Low,False,False,False
MCH5529,"Ganguly, Mukherjee And Boase",Grocery,Private Limited,Chennai,Tamil Nadu,Active,879.0,3.0,24695.9,8231.966666666667,2.0,0.0,1.0,0.0,0.0,0.0,0.0,0.0,0.0,0.0,0.0,Low,False,False,False
MCH5531,"Dhingra, Sangha And Sidhu",Grocery,Partnership,Mumbai,Maharashtra,Inactive,,1.0,12247.0,12247.0,1.0,0.0,0.0,0.0,0.0,0.0,0.0,0.0,0.0,0.0,0.0,Low,False,False,False
MCH5538,Barad-Nigam,Telecom,Partnership,Pune,Maharashtra,Active,2223.97,2.0,15842.84,7921.42,2.0,0.0,0.0,0.0,0.0,0.0,0.0,0.0,0.0,0.0,0.0,Low,False,False,False
MCH5545,Parikh-Raja,Books & Stationery,Sole Proprietor,Lucknow,Uttar Pradesh,Active,1144.37,3.0,40871.04,13623.68,3.0,0.0,0.0,0.0,0.0,0.0,0.0,0.0,0.0,0.0,0.0,Low,False,False,False
MCH5546,B0Rde Inc,Retail,Individual,Ludhiana,Punjab,Active,1430.97,1.0,24670.4,24670.4,1.0,0.0,0.0,0.0,0.0,0.0,0.0,0.0,0.0,0.0,0.0,Low,False,False,False
MCH5547,Raju Group,Grocery,Partnership,Bengaluru,Karnataka,Active,915.94,3.0,43551.490000000005,14517.163333333336,3.0,0.0,0.0,0.0,0.0,0.0,0.0,0.0,0.0,0.0,0.0,Low,False,False,False
MCH5549,Bahri Ltd,Restaurants & Food,Partnership,Chennai,Tamil Nadu,Active,1045.04,3.0,37891.72,12630.573333333334,3.0,0.0,0.0,0.0,0.0,0.0,0.0,0.0,0.0,0.0,0.0,Low,False,False,False
MCH5553,Salvi-Contractor,Grocery,Individual,Kolkata,West Bengal,Active,3894.89,6.0,65902.37,10983.728333333333,6.0,0.0,0.0,0.0,0.0,0.0,0.0,0.0,0.0,0.0,0.0,Low,False,False,False
MCH5555,Prabhu Ltd,Transportation,Private Limited,Bengaluru,Karnataka,Active,1663.56,2.0,28055.370000000003,14027.685000000001,2.0,0.0,0.0,0.0,0.0,0.0,0.0,0.0,0.0,0.0,0.0,Low,False,False,False
MCH5558,"Rao, Sidhu And Barad",Hotel & Lodging,Partnership,Amritsar,Punjab,Active,626.0,2.0,20284.02,10142.01,2.0,0.0,0.0,0.0,0.0,0.0,0.0,0.0,0.0,0.0,0.0,Low,False,False,False
MCH5559,Muni-Raval,Grocery,Private Limited,Jalandhar,Punjab,Active,723.26,4.0,27442.27,6860.5675,3.0,0.0,1.0,0.0,0.0,0.0,0.0,0.0,0.0,0.0,0.0,Low,False,False,False
MCH5562,Savant-Narayan,Travel,Private Limited,Hyderabad,Telangana,Active,2799.21,3.0,61739.56,20579.853333333333,3.0,0.0,0.0,0.0,0.0,0.0,0.0,0.0,0.0,0.0,0.0,Low,False,False,False
MCH5565,Chatterjee And Sons,Grocery,Sole Proprietor,Pune,Maharashtra,Active,1083.09,0.0,0.0,0.0,0.0,0.0,0.0,0.0,0.0,0.0,0.0,0,0,0,0.0,Low,False,False,False
MCH5567,D’Alia Ltd,Hotel & Lodging,Individual,Bengaluru,Karnataka,Active,271.02,3.0,46294.71,15431.57,2.0,0.0,0.0,0.0,0.0,0.0,0.0,0.0,0.0,0.0,0.0,Low,False,False,False
MCH5570,"Sahni, Bala And Sharma",Miscellaneous,Individual,Delhi,Delhi,Suspended,1506.33,0.0,0.0,0.0,0.0,0.0,0.0,0.0,0.0,0.0,0.0,0,0,0,0.0,Low,False,False,False
MCH5573,"Guha, Dayal And Mutti",Grocery,Sole Proprietor,Chennai,Tamil Nadu,Active,2684.58,2.0,28268.010000000002,14134.005000000001,2.0,0.0,0.0,0.0,0.0,0.0,0.0,0.0,0.0,0.0,0.0,Low,False,False,False
MCH5576,Oza Plc,Transportation,Sole Proprietor,Bengaluru,Karnataka,Active,,1.0,5042.0,5042.0,1.0,0.0,0.0,0.0,0.0,0.0,0.0,0.0,0.0,0.0,0.0,Low,False,False,False
MCH5583,"Sama, Thaman And Bakshi",Telecom,Individual,Pune,Maharashtra,Active,2696.94,1.0,295.34,295.34,1.0,0.0,0.0,0.0,0.0,0.0,0.0,0.0,0.0,0.0,0.0,Low,False,False,False
MCH5586,Andra-Sha,Apparel & Fashion,Private Limited,Amritsar,Punjab,Suspended,,2.0,12896.66,6448.33,2.0,0.0,0.0,0.0,0.0,0.0,0.0,0.0,0.0,0.0,0.0,Low,False,False,False
MCH5587,Pau-Gour,Restaurants & Food,Private Limited,Pune,Maharashtra,Active,246.08,1.0,13975.43,13975.43,1.0,0.0,0.0,0.0,0.0,0.0,0.0,0.0,0.0,0.0,0.0,Low,False,False,False
MCH5590,"Bhandari, M0Re And Bhatti",Travel,Partnership,Pune,Maharashtra,Inactive,2034.57,3.0,3774.0199999999995,1258.0066666666664,3.0,0.0,0.0,0.0,0.0,0.0,0.0,0.0,0.0,0.0,0.0,Low,False,False,False
MCH5595,"Menon, Ahluwalia And Mistry",Hotel & Lodging,Sole Proprietor,Jaipur,Rajasthan,Active,376.55,2.0,30023.39,15011.695,2.0,0.0,0.0,0.0,0.0,0.0,0.0,0.0,0.0,0.0,0.0,Low,False,False,False
MCH5596,Biswas Group,Retail,Partnership,Bengaluru,Karnataka,Suspended,,5.0,52883.16,10576.632000000001,5.0,0.0,0.0,0.0,0.0,0.0,0.0,0.0,0.0,0.0,0.0,Low,False,False,False
MCH5598,"Thakur, Verma And Venkataraman",Pharmacy,Individual,Jalandhar,Punjab,Active,2948.79,1.0,19705.72,19705.72,1.0,0.0,0.0,0.0,0.0,0.0,0.0,0.0,0.0,0.0,0.0,Low,False,False,False
MCH5599,Peri-Bhatti,Books & Stationery,Individual,Mumbai,Maharashtra,Active,8103.17,2.0,12248.2,6124.1,2.0,0.0,0.0,0.0,0.0,0.0,0.0,0.0,0.0,0.0,0.0,Low,False,False,False
MCH5601,Raj-Gopal,Hotel & Lodging,Private Limited,Jalandhar,Punjab,Active,,0.0,0.0,0.0,0.0,0.0,0.0,0.0,0.0,0.0,0.0,0,0,0,0.0,Low,False,False,False
MCH5603,Saha-Sahota,Restaurants & Food,Partnership,Mumbai,Maharashtra,Active,1242.85,0.0,0.0,0.0,0.0,0.0,0.0,0.0,0.0,0.0,0.0,0,0,0,0.0,Low,False,False,False
MCH5606,Sunder Inc,Hotel & Lodging,Partnership,Ludhiana,Punjab,Active,965.69,1.0,15722.06,15722.06,1.0,0.0,0.0,0.0,0.0,0.0,0.0,0.0,0.0,0.0,0.0,Low,False,False,False
MCH5607,Sengupta-Murty,Books & Stationery,Sole Proprietor,Delhi,Delhi,Active,2739.15,1.0,2222.09,2222.09,1.0,0.0,0.0,0.0,0.0,0.0,0.0,0.0,0.0,0.0,0.0,Low,False,False,False
MCH5608,Raman-Behl,Restaurants & Food,Individual,Amritsar,Punjab,Active,251.88,3.0,32650.499999999996,10883.499999999998,3.0,0.0,0.0,0.0,0.0,0.0,0.0,0.0,0.0,0.0,0.0,Low,False,False,False
MCH5611,Walia-Lad,Hotel & Lodging,Partnership,Lucknow,Uttar Pradesh,Active,269.25,3.0,39174.95,13058.316666666666,3.0,0.0,0.0,0.0,0.0,0.0,0.0,0.0,0.0,0.0,0.0,Low,False,False,False
MCH5618,Biswas And Sons,Pharmacy,Partnership,Delhi,Delhi,Active,833.5,4.0,33397.25,8349.3125,4.0,0.0,0.0,0.0,0.0,0.0,0.0,0.0,0.0,0.0,0.0,Low,False,False,False
MCH5619,"Iyer, Lata And Bhatnagar",Transportation,Partnership,Bengaluru,Karnataka,Active,5962.0,2.0,25614.13,12807.065,1.0,0.0,1.0,0.0,0.0,0.0,0.0,0.0,0.0,0.0,0.0,Low,False,False,False
MCH5622,Solanki And Sons,Books & Stationery,Individual,Bengaluru,Karnataka,Active,252.61,1.0,11614.11,11614.11,1.0,0.0,0.0,0.0,0.0,0.0,0.0,0.0,0.0,0.0,0.0,Low,False,False,False
MCH5626,"Borah, Bedi And Khalsa",Hotel & Lodging,Sole Proprietor,Hyderabad,Telangana,On Hold,1422.38,2.0,8378.91,4189.455,2.0,0.0,0.0,0.0,0.0,0.0,0.0,0.0,0.0,0.0,0.0,Low,False,False,False
MCH5627,"Sridhar, Yogi And Panchal",Grocery,Sole Proprietor,Jaipur,Rajasthan,Active,483.0,3.0,42610.49,14203.496666666666,3.0,0.0,0.0,0.0,0.0,0.0,0.0,0.0,0.0,0.0,0.0,Low,False,False,False
MCH5629,Dixit Llc,Retail,Private Limited,Amritsar,Punjab,Active,1084.28,1.0,22194.91,22194.91,1.0,0.0,0.0,0.0,0.0,0.0,0.0,0.0,0.0,0.0,0.0,Low,False,False,False
MCH5630,Srinivas-Doshi,Hotel & Lodging,Sole Proprietor,Amritsar,Punjab,Inactive,2338.55,2.0,2120.48,1060.24,2.0,0.0,0.0,0.0,0.0,0.0,0.0,0.0,0.0,0.0,0.0,Low,False,False,False
MCH5637,Pandit-Bail,Retail,Private Limited,Lucknow,Uttar Pradesh,Active,905.79,4.0,45801.81,11450.4525,4.0,0.0,0.0,0.0,0.0,0.0,0.0,0.0,0.0,0.0,0.0,Low,False,False,False
MCH5639,"Viswanathan, Gupta And Varghese",Hotel & Lodging,Sole Proprietor,Mumbai,Maharashtra,Active,2712.0,1.0,19521.0,19521.0,1.0,0.0,0.0,0.0,0.0,0.0,0.0,0.0,0.0,0.0,0.0,Low,False,False,False
MCH5641,Thaker And Sons,Transportation,Partnership,Chennai,Tamil Nadu,Active,1143.48,2.0,24040.78,12020.39,2.0,0.0,0.0,0.0,0.0,0.0,0.0,0.0,0.0,0.0,0.0,Low,False,False,False
MCH5642,Ganguly-Kalla,Pharmacy,Private Limited,Jalandhar,Punjab,Active,,1.0,19519.25,19519.25,1.0,0.0,0.0,0.0,0.0,0.0,0.0,0.0,0.0,0.0,0.0,Low,False,False,False
MCH5645,Dey Ltd,Telecom,Private Limited,Jalandhar,Punjab,Active,1164.31,0.0,0.0,0.0,0.0,0.0,0.0,0.0,0.0,0.0,0.0,0,0,0,0.0,Low,False,False,False
MCH5646,Badal-Anand,Telecom,Private Limited,Mumbai,Maharashtra,Active,4606.04,1.0,24917.12,24917.12,1.0,0.0,0.0,0.0,0.0,0.0,0.0,0.0,0.0,0.0,0.0,Low,False,False,False
MCH5648,Morar And Sons,Hotel & Lodging,Individual,Pune,Maharashtra,Active,,3.0,40309.45,13436.483333333332,3.0,0.0,0.0,0.0,0.0,0.0,0.0,0.0,0.0,0.0,0.0,Low,False,False,False
MCH5656,Narayanan Group,Telecom,Partnership,Lucknow,Uttar Pradesh,Active,509.12,3.0,30993.14,10331.046666666667,3.0,0.0,0.0,0.0,0.0,0.0,0.0,0.0,0.0,0.0,0.0,Low,False,False,False
MCH5657,Natt-Goel,Miscellaneous,Individual,Delhi,Delhi,Active,1355.0,2.0,31333.3,15666.65,2.0,0.0,0.0,0.0,0.0,0.0,0.0,0.0,0.0,0.0,0.0,Low,False,False,False
MCH5660,Goda-Goda,Restaurants & Food,Partnership,Ludhiana,Punjab,Active,,2.0,20077.48,10038.74,2.0,0.0,0.0,0.0,0.0,0.0,0.0,0.0,0.0,0.0,0.0,Low,False,False,False
MCH5662,Buch Plc,Travel,Partnership,Delhi,Delhi,Active,2776.96,2.0,12176.150000000001,6088.075000000001,2.0,0.0,0.0,0.0,0.0,0.0,0.0,0.0,0.0,0.0,0.0,Low,False,False,False
MCH5663,"Goyal, Brahmbhatt And Raja",Medical,Individual,Ludhiana,Punjab,On Hold,2417.27,1.0,23688.6,23688.6,1.0,0.0,0.0,0.0,0.0,0.0,0.0,0.0,0.0,0.0,0.0,Low,False,False,False
MCH5664,"Om, Kari And Pandit",Restaurants & Food,Partnership,Hyderabad,Telangana,Inactive,6853.27,1.0,12433.87,12433.87,1.0,0.0,0.0,0.0,0.0,0.0,0.0,0.0,0.0,0.0,0.0,Low,False,False,False
MCH5669,"Sodhi, Luthra And Batta",Restaurants & Food,Private Limited,Jalandhar,Punjab,Active,1557.34,2.0,29881.989999999998,14940.994999999999,2.0,0.0,0.0,0.0,0.0,0.0,0.0,0.0,0.0,0.0,0.0,Low,False,False,False
MCH5673,Palan-Memon,Transportation,Sole Proprietor,Delhi,Delhi,Active,414.92,4.0,47054.08,11763.52,4.0,0.0,0.0,0.0,0.0,0.0,0.0,0.0,0.0,0.0,0.0,Low,False,False,False
MCH5676,"Bhatti, Chahal And Mishra",Retail,Individual,Jalandhar,Punjab,Active,744.63,3.0,44478.57,14826.19,2.0,0.0,1.0,0.0,0.0,0.0,0.0,0.0,0.0,0.0,0.0,Low,False,False,False
MCH5678,Bhat-Borra,Medical,Private Limited,Amritsar,Punjab,Active,677.93,1.0,10384.49,10384.49,1.0,0.0,0.0,0.0,0.0,0.0,0.0,0.0,0.0,0.0,0.0,Low,False,False,False
MCH5683,Subramanian Group,Department Store,Private Limited,Lucknow,Uttar Pradesh,Active,774.44,1.0,19229.0,19229.0,1.0,0.0,0.0,0.0,0.0,0.0,0.0,0.0,0.0,0.0,0.0,Low,False,False,False
MCH5695,Divan Inc,Apparel & Fashion,Individual,Hyderabad,Telangana,Active,,2.0,32109.5,16054.75,2.0,0.0,0.0,0.0,0.0,0.0,0.0,0.0,0.0,0.0,0.0,Low,False,False,False
MCH5697,"Kapadia, Sharma And Maharaj",Miscellaneous,Partnership,Pune,Maharashtra,Active,4565.23,0.0,0.0,0.0,0.0,0.0,0.0,0.0,0.0,0.0,0.0,0,0,0,0.0,Low,False,False,False
MCH5704,Bhardwaj And Sons,Books & Stationery,Sole Proprietor,Delhi,Delhi,Active,885.73,2.0,37693.62,18846.81,2.0,0.0,0.0,0.0,0.0,0.0,0.0,0.0,0.0,0.0,0.0,Low,False,False,False
MCH5707,De01 Gr0Up,Grocery,Partnership,Hyderabad,Telangana,Active,666.58,2.0,29843.28,14921.64,2.0,0.0,0.0,0.0,0.0,0.0,0.0,0.0,0.0,0.0,0.0,Low,False,False,False
MCH5715,"Bansal,Aryaandbhat",Pharmacy,Private Limited,Bengaluru,Karnataka,Active,1290.0,2.0,32981.94,16490.97,2.0,0.0,0.0,0.0,0.0,0.0,0.0,0.0,0.0,0.0,0.0,Low,False,False,False
MCH5716,Nadig Inc,Telecom,Individual,Chennai,Tamil Nadu,Active,1811.84,3.0,46818.11,15606.036666666667,3.0,0.0,0.0,0.0,0.0,0.0,0.0,0.0,0.0,0.0,0.0,Low,False,False,False
MCH5720,Karnik Group,Books & Stationery,Partnership,Amritsar,Punjab,Active,6186.34,3.0,20195.17,6731.723333333332,3.0,0.0,0.0,0.0,0.0,0.0,0.0,0.0,0.0,0.0,0.0,Low,False,False,False
MCH5722,Kant-Gara,Hotel & Lodging,Partnership,Lucknow,Uttar Pradesh,Active,1451.76,0.0,0.0,0.0,0.0,0.0,0.0,0.0,0.0,0.0,0.0,0,0,0,0.0,Low,False,False,False
MCH5723,Doctor Llc,Grocery,Private Limited,Kolkata,West Bengal,Active,,2.0,20504.22,10252.11,2.0,0.0,0.0,0.0,0.0,0.0,0.0,0.0,0.0,0.0,0.0,Low,False,False,False
MCH5727,"Sandal, Deshmukh And Lata",Apparel & Fashion,Partnership,Bengaluru,Karnataka,Active,411.34,1.0,8080.68,8080.68,1.0,0.0,0.0,0.0,0.0,0.0,0.0,0.0,0.0,0.0,0.0,Low,False,False,False
MCH5734,Balan Inc,Department Store,Private Limited,Jalandhar,Punjab,Active,2000.53,1.0,24270.25,24270.25,1.0,0.0,0.0,0.0,0.0,0.0,0.0,0.0,0.0,0.0,0.0,Low,False,False,False
MCH5736,Agate Llc,Transportation,Sole Proprietor,Delhi,Delhi,Active,3557.14,1.0,11039.59,11039.59,1.0,0.0,0.0,0.0,0.0,0.0,0.0,0.0,0.0,0.0,0.0,Low,False,False,False
MCH5737,"Chaudhary, Raghavan And Brahmbhatt",Pharmacy,Individual,Amritsar,Punjab,Active,1419.52,3.0,38585.01,12861.67,3.0,0.0,0.0,0.0,0.0,0.0,0.0,0.0,0.0,0.0,0.0,Low,False,False,False
MCH5740,Dayal-Desai,Apparel & Fashion,Sole Proprietor,Chennai,Tamil Nadu,Active,4887.0,3.0,45559.93,15186.643333333333,3.0,0.0,0.0,0.0,0.0,0.0,0.0,0.0,0.0,0.0,0.0,Low,False,False,False
MCH5741,Rajagopalan Plc,Books & Stationery,Individual,Hyderabad,Telangana,Inactive,1562.28,1.0,19736.6,19736.6,1.0,0.0,0.0,0.0,0.0,0.0,0.0,0.0,0.0,0.0,0.0,Low,False,False,False
MCH5744,Dalal-Lall,Hotel & Lodging,Private Limited,Chennai,Tamil Nadu,Active,3350.6,1.0,7505.55,7505.55,1.0,0.0,0.0,0.0,0.0,0.0,0.0,0.0,0.0,0.0,0.0,Low,False,False,False
MCH5745,"Bahri, Dutta And Narang",Transportation,Individual,Bengaluru,Karnataka,Active,955.1,2.0,14230.57,7115.285,2.0,0.0,0.0,0.0,0.0,0.0,0.0,0.0,0.0,0.0,0.0,Low,False,False,False
MCH5749,"Bir, Sibal And Arya",Books & Stationery,Partnership,Mumbai,Maharashtra,Active,1490.24,0.0,0.0,0.0,0.0,0.0,0.0,0.0,0.0,0.0,0.0,0,0,0,0.0,Low,False,False,False
MCH5758,"Aggarwal, Hayer And Nayar",Miscellaneous,Individual,Amritsar,Punjab,Active,3630.79,3.0,17413.370000000003,5804.456666666668,2.0,0.0,1.0,0.0,0.0,0.0,0.0,0.0,0.0,0.0,0.0,Low,False,False,False
MCH5762,Hayre And Sons,Books & Stationery,Sole Proprietor,Kolkata,West Bengal,Active,823.98,1.0,20449.69,20449.69,1.0,0.0,0.0,0.0,0.0,0.0,0.0,0.0,0.0,0.0,0.0,Low,False,False,False
MCH5766,Varkey-Datta,Telecom,Private Limited,Mumbai,Maharashtra,Active,,3.0,47291.619999999995,15763.873333333331,2.0,0.0,0.0,0.0,0.0,0.0,0.0,0.0,0.0,0.0,0.0,Low,False,False,False
MCH5767,Pandya Inc,Telecom,Individual,Jaipur,Rajasthan,Active,793.79,1.0,6075.45,6075.45,0.0,0.0,0.0,0.0,0.0,0.0,0.0,0.0,0.0,0.0,0.0,Low,False,False,False
MCH5775,Srinivas Ltd,Department Store,Individual,Kolkata,West Bengal,Active,7152.05,3.0,49246.44,16415.48,2.0,0.0,0.0,0.0,0.0,0.0,0.0,0.0,0.0,0.0,0.0,Low,False,False,False
MCH5776,Varma-Bahri,Apparel & Fashion,Individual,Mumbai,Maharashtra,Inactive,807.85,0.0,0.0,0.0,0.0,0.0,0.0,0.0,0.0,0.0,0.0,0,0,0,0.0,Low,False,False,False
MCH5777,Dubey And Sons,Miscellaneous,Individual,Bengaluru,Karnataka,Inactive,4320.83,2.0,20749.28,10374.64,2.0,0.0,0.0,0.0,0.0,0.0,0.0,0.0,0.0,0.0,0.0,Low,False,False,False
MCH5780,Tara-Palan,Apparel & Fashion,Individual,Bengaluru,Karnataka,Active,1736.15,2.0,22806.43,11403.215,2.0,0.0,0.0,0.0,0.0,0.0,0.0,0.0,0.0,0.0,0.0,Low,False,False,False
MCH5781,Bava And Sons,Hotel & Lodging,Partnership,Hyderabad,Telangana,Active,2364.14,2.0,24409.88,12204.94,2.0,0.0,0.0,0.0,0.0,0.0,0.0,0.0,0.0,0.0,0.0,Low,False,False,False
MCH5784,"Kakar, Palla And Vyas",Apparel & Fashion,Private Limited,Jalandhar,Punjab,Active,220.77,1.0,18224.25,18224.25,1.0,0.0,0.0,0.0,0.0,0.0,0.0,0.0,0.0,0.0,0.0,Low,False,False,False
MCH5790,Devi And Sons,Books & Stationery,Partnership,Jaipur,Rajasthan,Active,8961.2,2.0,19036.72,9518.36,2.0,0.0,0.0,0.0,0.0,0.0,0.0,0.0,0.0,0.0,0.0,Low,False,False,False
MCH5792,"Bava, Krish And Ghose",Transportation,Partnership,Amritsar,Punjab,On Hold,1136.54,1.0,23477.64,23477.64,1.0,0.0,0.0,0.0,0.0,0.0,0.0,0.0,0.0,0.0,0.0,Low,False,False,False
MCH5793,Pathak Group,Transportation,Individual,Mumbai,Maharashtra,Active,1570.7,0.0,0.0,0.0,0.0,0.0,0.0,0.0,0.0,0.0,0.0,0,0,0,0.0,Low,False,False,False
MCH5794,Gulati And Sons,Miscellaneous,Private Limited,Bengaluru,Karnataka,Active,614.67,2.0,20849.22,10424.61,2.0,0.0,0.0,0.0,0.0,0.0,0.0,0.0,0.0,0.0,0.0,Low,False,False,False
MCH5797,Sami Ltd,Books & Stationery,Individual,Jalandhar,Punjab,Active,651.76,1.0,6568.78,6568.78,1.0,0.0,0.0,0.0,0.0,0.0,0.0,0.0,0.0,0.0,0.0,Low,False,False,False
MCH5799,Nagar Inc,Hotel & Lodging,Private Limited,Jalandhar,Punjab,Active,209.08,1.0,12664.85,12664.85,1.0,0.0,0.0,0.0,0.0,0.0,0.0,0.0,0.0,0.0,0.0,Low,False,False,False
MCH5801,"Narasimhan, Grewal And Vora",Transportation,Private Limited,Delhi,Delhi,Active,1697.55,0.0,0.0,0.0,0.0,0.0,0.0,0.0,0.0,0.0,0.0,0,0,0,0.0,Low,False,False,False
MCH5809,Buch Plc,Transportation,Individual,Bengaluru,Karnataka,Active,461.99,1.0,9474.0,9474.0,1.0,0.0,0.0,0.0,0.0,0.0,0.0,0.0,0.0,0.0,0.0,Low,False,False,False
MCH5813,Nair Inc,Telecom,Sole Proprietor,Chennai,Tamil Nadu,Active,1408.29,5.0,64358.39,12871.678,5.0,0.0,0.0,0.0,0.0,0.0,0.0,0.0,0.0,0.0,0.0,Low,False,False,False
MCH5822,Gandhi-Krish,Retail,Sole Proprietor,Bengaluru,Karnataka,Active,1268.39,1.0,21577.02,21577.02,1.0,0.0,0.0,0.0,0.0,0.0,0.0,0.0,0.0,0.0,0.0,Low,False,False,False
MCH5823,Sen Llc,Telecom,Sole Proprietor,Pune,Maharashtra,Active,7119.48,1.0,19576.79,19576.79,1.0,0.0,0.0,0.0,0.0,0.0,0.0,0.0,0.0,0.0,0.0,Low,False,False,False
MCH5829,Batta Ltd,Restaurants & Food,Sole Proprietor,Jalandhar,Punjab,Suspended,690.13,2.0,36331.4,18165.7,2.0,0.0,0.0,0.0,0.0,0.0,0.0,0.0,0.0,0.0,0.0,Low,False,False,False
MCH5834,Sundaram-Sarkar,Restaurants & Food,Partnership,Hyderabad,Telangana,Active,1502.09,3.0,48525.28,16175.093333333332,3.0,0.0,0.0,0.0,0.0,0.0,0.0,0.0,0.0,0.0,0.0,Low,False,False,False
MCH5835,"Kanda, Saraf And Prashad",Apparel & Fashion,Sole Proprietor,Jalandhar,Punjab,Active,622.64,0.0,0.0,0.0,0.0,0.0,0.0,0.0,0.0,0.0,0.0,0,0,0,0.0,Low,False,False,False
MCH5841,Nori Group,Medical,Sole Proprietor,Mumbai,Maharashtra,Active,466.44,1.0,13484.45,13484.45,0.0,0.0,0.0,0.0,0.0,0.0,0.0,0.0,0.0,0.0,0.0,Low,False,False,False
MCH5842,"Dutt, Trivedi And Dhingra",Books & Stationery,Partnership,Amritsar,Punjab,Active,182.55,1.0,17744.69,17744.69,1.0,0.0,0.0,0.0,0.0,0.0,0.0,0.0,0.0,0.0,0.0,Low,False,False,False
MCH5843,Wason And Sons,Telecom,Individual,Hyderabad,Telangana,Inactive,1023.46,2.0,38816.770000000004,19408.385000000002,2.0,0.0,0.0,0.0,0.0,0.0,0.0,0.0,0.0,0.0,0.0,Low,False,False,False
MCH5847,"Kar, Gupta And Choudhry",Hotel & Lodging,Sole Proprietor,Kolkata,West Bengal,Active,,2.0,28010.05,14005.025,2.0,0.0,0.0,0.0,0.0,0.0,0.0,0.0,0.0,0.0,0.0,Low,False,False,False
MCH5849,Balakrishnan Ltd,Apparel & Fashion,Private Limited,Lucknow,Uttar Pradesh,Active,6558.56,3.0,8077.599999999999,2692.5333333333333,3.0,0.0,0.0,0.0,0.0,0.0,0.0,0.0,0.0,0.0,0.0,Low,False,False,False
MCH5850,Virk-Loke,Apparel & Fashion,Partnership,Mumbai,Maharashtra,Active,3558.0,2.0,25459.07,12729.535,2.0,0.0,0.0,0.0,0.0,0.0,0.0,0.0,0.0,0.0,0.0,Low,False,False,False
MCH5851,"Chakrabarti, Sen And Misra",Grocery,Sole Proprietor,Pune,Maharashtra,Active,1867.35,0.0,0.0,0.0,0.0,0.0,0.0,0.0,0.0,0.0,0.0,0,0,0,0.0,Low,False,False,False
MCH5856,"Wason, Savant And Bahl",Miscellaneous,Individual,Mumbai,Maharashtra,Active,944.06,0.0,0.0,0.0,0.0,0.0,0.0,0.0,0.0,0.0,0.0,0,0,0,0.0,Low,False,False,False
MCH5857,"Varughese, Vora And Chokshi",Telecom,Individual,Lucknow,Uttar Pradesh,Inactive,687.33,3.0,37622.619999999995,12540.873333333331,3.0,0.0,0.0,0.0,0.0,0.0,0.0,0.0,0.0,0.0,0.0,Low,False,False,False
MCH5870,Deol Group,Transportation,Sole Proprietor,Chennai,Tamil Nadu,On Hold,1911.31,1.0,6627.76,6627.76,1.0,0.0,0.0,0.0,0.0,0.0,0.0,0.0,0.0,0.0,0.0,Low,False,False,False
MCH5872,Sandal Ltd,Grocery,Private Limited,Bengaluru,Karnataka,Active,2434.63,2.0,31609.29,15804.645,2.0,0.0,0.0,0.0,0.0,0.0,0.0,0.0,0.0,0.0,0.0,Low,False,False,False
MCH5879,"Sridhar, Sani And Ma11",Telecom,Individual,Hyderabad,Telangana,Active,,2.0,18211.829999999998,9105.914999999999,2.0,0.0,0.0,0.0,0.0,0.0,0.0,0.0,0.0,0.0,0.0,Low,False,False,False
MCH5880,"Varty, Ratta And Venkataraman",Apparel & Fashion,Sole Proprietor,Amritsar,Punjab,Active,1913.84,2.0,18227.29,9113.645,2.0,0.0,0.0,0.0,0.0,0.0,0.0,0.0,0.0,0.0,0.0,Low,False,False,False
MCH5881,"Bandi, Krishnamurthy And Saran",Grocery,Partnership,Amritsar,Punjab,Active,345.76,2.0,12013.109999999999,6006.554999999999,2.0,0.0,0.0,0.0,0.0,0.0,0.0,0.0,0.0,0.0,0.0,Low,False,False,False
MCH5882,"Barad, Kara And Gokhale",Telecom,Sole Proprietor,Chennai,Tamil Nadu,Inactive,626.5,2.0,12615.0,6307.5,2.0,0.0,0.0,0.0,0.0,0.0,0.0,0.0,0.0,0.0,0.0,Low,False,False,False
MCH5883,Pillai Ltd,Books & Stationery,Partnership,Pune,Maharashtra,Active,2102.56,4.0,57509.85,14377.4625,4.0,0.0,0.0,0.0,0.0,0.0,0.0,0.0,0.0,0.0,0.0,Low,False,False,False
MCH5890,Apte-Sant,Department Store,Partnership,Amritsar,Punjab,Inactive,2687.77,1.0,18274.38,18274.38,1.0,0.0,0.0,0.0,0.0,0.0,0.0,0.0,0.0,0.0,0.0,Low,False,False,False
MCH5892,"Dara, Goswami And Purohit",Restaurants & Food,Individual,Bengaluru,Karnataka,Active,1175.0,0.0,0.0,0.0,0.0,0.0,0.0,0.0,0.0,0.0,0.0,0,0,0,0.0,Low,False,False,False
MCH5894,Borra-Tiwari,Retail,Partnership,Bengaluru,Karnataka,Active,239.64,1.0,16556.56,16556.56,1.0,0.0,0.0,0.0,0.0,0.0,0.0,0.0,0.0,0.0,0.0,Low,False,False,False
MCH5895,Dey Llc,Travel,Individual,Chennai,Tamil Nadu,Active,693.85,3.0,43542.75,14514.25,3.0,0.0,0.0,0.0,0.0,0.0,0.0,0.0,0.0,0.0,0.0,Low,False,False,False
MCH5897,Mutti-Doshi,Medical,Private Limited,Amritsar,Punjab,Active,1302.0,3.0,43230.05,14410.016666666668,3.0,0.0,0.0,0.0,0.0,0.0,0.0,0.0,0.0,0.0,0.0,Low,False,False,False
MCH5898,Virk-Mani,Apparel & Fashion,Partnership,Delhi,Delhi,Active,2502.05,2.0,18883.09,9441.545,2.0,0.0,0.0,0.0,0.0,0.0,0.0,0.0,0.0,0.0,0.0,Low,False,False,False
MCH5902,"Iyer, Pal And Kaur",Department Store,Private Limited,Pune,Maharashtra,Active,441.19,2.0,19011.64,9505.82,2.0,0.0,0.0,0.0,0.0,0.0,0.0,0.0,0.0,0.0,0.0,Low,False,False,False
MCH5905,Karnik Ltd,Restaurants & Food,Individual,Pune,Maharashtra,Active,653.53,1.0,1896.19,1896.19,1.0,0.0,0.0,0.0,0.0,0.0,0.0,0.0,0.0,0.0,0.0,Low,False,False,False
MCH5912,"Raman, Viswanathan And Garg",Telecom,Individual,Bengaluru,Karnataka,Active,4153.0,2.0,32001.14,16000.57,2.0,0.0,0.0,0.0,0.0,0.0,0.0,0.0,0.0,0.0,0.0,Low,False,False,False
MCH5915,"Solanki, Banik And Badal",Transportation,Individual,Jalandhar,Punjab,Active,1488.9,2.0,28158.04,14079.02,2.0,0.0,0.0,0.0,0.0,0.0,0.0,0.0,0.0,0.0,0.0,Low,False,False,False
MCH5917,"Tara, Bhasin And Singh",Pharmacy,Sole Proprietor,Pune,Maharashtra,Suspended,443.4,3.0,41981.979999999996,13993.993333333332,2.0,0.0,0.0,0.0,0.0,0.0,0.0,0.0,0.0,0.0,0.0,Low,False,False,False
MCH5923,"Banik, Yogi And Seth",Telecom,Individual,Delhi,Delhi,Inactive,378.2,3.0,31178.2,10392.733333333334,3.0,0.0,0.0,0.0,0.0,0.0,0.0,0.0,0.0,0.0,0.0,Low,False,False,False
MCH5929,Chaudry-Pal,Hotel & Lodging,Private Limited,Chennai,Tamil Nadu,Active,705.57,3.0,32428.76,10809.586666666666,3.0,0.0,0.0,0.0,0.0,0.0,0.0,0.0,0.0,0.0,0.0,Low,False,False,False
MCH5932,Jani-Sathe,Telecom,Partnership,Ludhiana,Punjab,Inactive,2383.64,1.0,21312.45,21312.45,1.0,0.0,0.0,0.0,0.0,0.0,0.0,0.0,0.0,0.0,0.0,Low,False,False,False
MCH5933,"Natarajan, Swaminathan And Dugar",Miscellaneous,Partnership,Kolkata,West Bengal,Active,,2.0,19409.62,9704.81,2.0,0.0,0.0,0.0,0.0,0.0,0.0,0.0,0.0,0.0,0.0,Low,False,False,False
MCH5934,Krish-Doshi,Transportation,Individual,Jaipur,Rajasthan,Active,2895.4,2.0,30624.72,15312.36,2.0,0.0,0.0,0.0,0.0,0.0,0.0,0.0,0.0,0.0,0.0,Low,False,False,False
MCH5937,"Babu, Contractor And Sem",Grocery,Private Limited,Hyderabad,Telangana,Inactive,415.88,2.0,42721.41,21360.705,2.0,0.0,0.0,0.0,0.0,0.0,0.0,0.0,0.0,0.0,0.0,Low,False,False,False
MCH5939,"Mohan, Varughese And Johal",Grocery,Partnership,Bengaluru,Karnataka,Active,4307.34,0.0,0.0,0.0,0.0,0.0,0.0,0.0,0.0,0.0,0.0,0,0,0,0.0,Low,False,False,False
MCH5941,G0Ur Ltd,Books & Stationery,Private Limited,Lucknow,Uttar Pradesh,Inactive,1448.04,2.0,17094.89,8547.445,1.0,0.0,0.0,0.0,0.0,0.0,0.0,0.0,0.0,0.0,0.0,Low,False,False,False
MCH5944,Jayaraman-Bhattacharyya,Transportation,Private Limited,Hyderabad,Telangana,Active,545.7,1.0,20049.83,20049.83,1.0,0.0,0.0,0.0,0.0,0.0,0.0,0.0,0.0,0.0,0.0,Low,False,False,False
MCH5950,Dey-Raj,Miscellaneous,Sole Proprietor,Amritsar,Punjab,Active,,1.0,5468.77,5468.77,1.0,0.0,0.0,0.0,0.0,0.0,0.0,0.0,0.0,0.0,0.0,Low,False,False,False
MCH5951,"Sahni, Gour And Sama",Department Store,Private Limited,Pune,Maharashtra,Active,2353.06,2.0,29687.829999999998,14843.914999999999,2.0,0.0,0.0,0.0,0.0,0.0,0.0,0.0,0.0,0.0,0.0,Low,False,False,False
MCH5953,"Sandhu, Srinivas And Thakur",Apparel & Fashion,Private Limited,Amritsar,Punjab,Active,3101.03,2.0,19787.04,9893.52,2.0,0.0,0.0,0.0,0.0,0.0,0.0,0.0,0.0,0.0,0.0,Low,False,False,False
MCH5955,"Rana, Mangat And De",Telecom,Sole Proprietor,Kolkata,West Bengal,Active,1491.64,2.0,18332.15,9166.075,2.0,0.0,0.0,0.0,0.0,0.0,0.0,0.0,0.0,0.0,0.0,Low,False,False,False
MCH5957,Bose Plc,Books & Stationery,Partnership,Jaipur,Rajasthan,Inactive,1309.17,2.0,14425.630000000001,7212.8150000000005,2.0,0.0,0.0,0.0,0.0,0.0,0.0,0.0,0.0,0.0,0.0,Low,False,False,False
MCH5958,"Panchal, Krishnan And Thakkar",Restaurants & Food,Private Limited,Chennai,Tamil Nadu,Inactive,999.64,1.0,9288.06,9288.06,1.0,0.0,0.0,0.0,0.0,0.0,0.0,0.0,0.0,0.0,0.0,Low,False,False,False
MCH5961,Batra Ltd,Restaurants & Food,Individual,Jalandhar,Punjab,Active,608.0,2.0,14426.49,7213.245,2.0,0.0,0.0,0.0,0.0,0.0,0.0,0.0,0.0,0.0,0.0,Low,False,False,False
MCH5965,Wason Llc,Telecom,Partnership,Hyderabad,Telangana,Active,2365.0,1.0,11211.49,11211.49,1.0,0.0,0.0,0.0,0.0,0.0,0.0,0.0,0.0,0.0,0.0,Low,False,False,False
MCH5966,"Bala, Tandon And Keer",Grocery,Individual,Lucknow,Uttar Pradesh,Active,255.77,2.0,32440.47,16220.235,2.0,0.0,0.0,0.0,0.0,0.0,0.0,0.0,0.0,0.0,0.0,Low,False,False,False
MCH5970,Babu And Sons,Apparel & Fashion,Private Limited,Amritsar,Punjab,Inactive,2060.67,1.0,22050.24,22050.24,1.0,0.0,0.0,0.0,0.0,0.0,0.0,0.0,0.0,0.0,0.0,Low,False,False,False
MCH5973,Biswas-Dass,Apparel & Fashion,Sole Proprietor,Lucknow,Uttar Pradesh,Active,,1.0,12227.56,12227.56,1.0,0.0,0.0,0.0,0.0,0.0,0.0,0.0,0.0,0.0,0.0,Low,False,False,False
MCH5979,Mani Group,Travel,Private Limited,Bengaluru,Karnataka,Suspended,4686.23,0.0,0.0,0.0,0.0,0.0,0.0,0.0,0.0,0.0,0.0,0,0,0,0.0,Low,False,False,False
MCH5983,"Morar, Memon And Kala",Department Store,Sole Proprietor,Pune,Maharashtra,Active,,4.0,28406.85,7101.7125,4.0,0.0,0.0,0.0,0.0,0.0,0.0,0.0,0.0,0.0,0.0,Low,False,False,False
MCH5984,Acharya-Badal,Miscellaneous,Sole Proprietor,Kolkata,West Bengal,Active,515.0,2.0,22635.64,11317.82,2.0,0.0,0.0,0.0,0.0,0.0,0.0,0.0,0.0,0.0,0.0,Low,False,False,False
MCH5992,"Anne, Gole And Bhatnagar",Pharmacy,Private Limited,Ludhiana,Punjab,Active,1637.97,1.0,2451.7,2451.7,1.0,0.0,0.0,0.0,0.0,0.0,0.0,0.0,0.0,0.0,0.0,Low,False,False,False
MCH5997,"Kothari,Basuandkothari",Medical,Sole Proprietor,Delhi,Delhi,Inactive,2459.46,3.0,35326.94,11775.646666666667,3.0,0.0,0.0,0.0,0.0,0.0,0.0,0.0,0.0,0.0,0.0,Low,False,False,False
MCH5998,Joshi Inc,Grocery,Private Limited,Chennai,Tamil Nadu,Active,1152.74,0.0,0.0,0.0,0.0,0.0,0.0,0.0,0.0,0.0,0.0,0,0,0,0.0,Low,False,False,False
MCH6001,Murthy-Batra,Hotel & Lodging,Sole Proprietor,Jalandhar,Punjab,Active,1116.47,2.0,15812.44,7906.22,2.0,0.0,0.0,0.0,0.0,0.0,0.0,0.0,0.0,0.0,0.0,Low,False,False,False
MCH6002,Bal Group,Medical,Partnership,Delhi,Delhi,Active,718.0,5.0,82183.76000000001,16436.752,4.0,0.0,1.0,0.0,0.0,0.0,0.0,0.0,0.0,0.0,0.0,Low,False,False,False
MCH6004,Raval And Sons,Restaurants & Food,Partnership,Bengaluru,Karnataka,Active,477.72,3.0,42943.01,14314.336666666668,3.0,0.0,0.0,0.0,0.0,0.0,0.0,0.0,0.0,0.0,0.0,Low,False,False,False
MCH6009,"Nagar, Chowdhury And Raghavan",Books & Stationery,Private Limited,Pune,Maharashtra,Active,1266.03,4.0,79151.28,19787.82,3.0,0.0,1.0,0.0,0.0,0.0,0.0,0.0,0.0,0.0,0.0,Low,False,False,False
MCH6013,Date Ltd,Apparel & Fashion,Individual,Mumbai,Maharashtra,Inactive,138.89,1.0,16712.0,16712.0,1.0,0.0,0.0,0.0,0.0,0.0,0.0,0.0,0.0,0.0,0.0,Low,False,False,False
MCH6016,Goda Inc,Books & Stationery,Sole Proprietor,Kolkata,West Bengal,Active,1254.1,3.0,59739.4,19913.133333333335,3.0,0.0,0.0,0.0,0.0,0.0,0.0,0.0,0.0,0.0,0.0,Low,False,False,False
MCH6017,"Loyal, Sidhu And Balay",Telecom,Sole Proprietor,Amritsar,Punjab,Inactive,985.33,2.0,24051.76,12025.88,2.0,0.0,0.0,0.0,0.0,0.0,0.0,0.0,0.0,0.0,0.0,Low,False,False,False
MCH6019,Chatterjee Ltd,Restaurants & Food,Private Limited,Delhi,Delhi,Active,100.27,1.0,8306.1,8306.1,1.0,0.0,0.0,0.0,0.0,0.0,0.0,0.0,0.0,0.0,0.0,Low,False,False,False
MCH6020,Goda Ltd,Books & Stationery,Sole Proprietor,Lucknow,Uttar Pradesh,Active,2555.72,2.0,25247.52,12623.76,2.0,0.0,0.0,0.0,0.0,0.0,0.0,0.0,0.0,0.0,0.0,Low,False,False,False
MCH6023,Datta Plc,Grocery,Partnership,Ludhiana,Punjab,Active,2183.74,3.0,47262.619999999995,15754.206666666665,3.0,0.0,0.0,0.0,0.0,0.0,0.0,0.0,0.0,0.0,0.0,Low,False,False,False
MCH6024,"Saran, Sinha And Barman",Restaurants & Food,Sole Proprietor,Jalandhar,Punjab,Active,1185.95,2.0,38978.68,19489.34,2.0,0.0,0.0,0.0,0.0,0.0,0.0,0.0,0.0,0.0,0.0,Low,False,False,False
MCH6025,Wable And Sons,Telecom,Sole Proprietor,Pune,Maharashtra,Active,2018.15,0.0,0.0,0.0,0.0,0.0,0.0,0.0,0.0,0.0,0.0,0,0,0,0.0,Low,False,False,False
MCH6028,"Devan, Saha And Nagar",Hotel & Lodging,Partnership,Jalandhar,Punjab,Active,2112.02,5.0,76647.63,15329.526000000002,5.0,0.0,0.0,0.0,0.0,0.0,0.0,0.0,0.0,0.0,0.0,Low,False,False,False
MCH6030,"Dhillon, Sunder And Sodhi",Miscellaneous,Partnership,Jaipur,Rajasthan,Active,884.98,1.0,11137.53,11137.53,1.0,0.0,0.0,0.0,0.0,0.0,0.0,0.0,0.0,0.0,0.0,Low,False,False,False
MCH6031,Chauhan Group,Apparel & Fashion,Individual,Hyderabad,Telangana,Active,654.0,1.0,16115.51,16115.51,1.0,0.0,0.0,0.0,0.0,0.0,0.0,0.0,0.0,0.0,0.0,Low,False,False,False
MCH6035,Radhakrishnan-Chad,Restaurants & Food,Partnership,Delhi,Delhi,Active,706.81,1.0,6154.0,6154.0,1.0,0.0,0.0,0.0,0.0,0.0,0.0,0.0,0.0,0.0,0.0,Low,False,False,False
MCH6036,Chhabra Group,Apparel & Fashion,Sole Proprietor,Amritsar,Punjab,Active,,3.0,45139.6,15046.533333333333,3.0,0.0,0.0,0.0,0.0,0.0,0.0,0.0,0.0,0.0,0.0,Low,False,False,False
MCH6039,Padmanabhan-Bora,Telecom,Sole Proprietor,Lucknow,Uttar Pradesh,Active,6727.69,2.0,17896.07,8948.035,2.0,0.0,0.0,0.0,0.0,0.0,0.0,0.0,0.0,0.0,0.0,Low,False,False,False
MCH6043,Saran-Rai,Grocery,Private Limited,Jaipur,Rajasthan,Active,2845.67,1.0,19877.34,19877.34,1.0,0.0,0.0,0.0,0.0,0.0,0.0,0.0,0.0,0.0,0.0,Low,False,False,False
MCH6045,"Bajwa, Wali And Walla",Pharmacy,Private Limited,Bengaluru,Karnataka,Active,2897.0,2.0,37079.62,18539.81,2.0,0.0,0.0,0.0,0.0,0.0,0.0,0.0,0.0,0.0,0.0,Low,False,False,False
MCH6046,"Palla, Yadav And Bhatnagar",Miscellaneous,Individual,Bengaluru,Karnataka,Active,2396.76,1.0,18227.89,18227.89,1.0,0.0,0.0,0.0,0.0,0.0,0.0,0.0,0.0,0.0,0.0,Low,False,False,False
MCH6050,"Choudhary, Shanker And Rajan",Restaurants & Food,Individual,Ludhiana,Punjab,Active,,4.0,46227.45,11556.8625,4.0,0.0,0.0,0.0,0.0,0.0,0.0,0.0,0.0,0.0,0.0,Low,False,False,False
MCH6052,Nayak-Wadhwa,Pharmacy,Private Limited,Jaipur,Rajasthan,Active,600.38,1.0,9370.0,9370.0,1.0,0.0,0.0,0.0,0.0,0.0,0.0,0.0,0.0,0.0,0.0,Low,False,False,False
MCH6059,Bhargava Plc,Hotel & Lodging,Private Limited,Jaipur,Rajasthan,On Hold,333.57,0.0,0.0,0.0,0.0,0.0,0.0,0.0,0.0,0.0,0.0,0,0,0,0.0,Low,False,False,False
MCH6060,Chacko-Sundaram,Transportation,Individual,Jaipur,Rajasthan,Inactive,2026.75,1.0,23524.74,23524.74,1.0,0.0,0.0,0.0,0.0,0.0,0.0,0.0,0.0,0.0,0.0,Low,False,False,False
MCH6064,"Wable, Virk And Gaba",Restaurants & Food,Private Limited,Amritsar,Punjab,Active,5256.61,2.0,32178.59,16089.295,2.0,0.0,0.0,0.0,0.0,0.0,0.0,0.0,0.0,0.0,0.0,Low,False,False,False
MCH6071,Nagy Inc,Department Store,Private Limited,Delhi,Delhi,Active,,4.0,67951.02,16987.755,4.0,0.0,0.0,0.0,0.0,0.0,0.0,0.0,0.0,0.0,0.0,Low,False,False,False
MCH6072,"Bassi, Sarma And Yohannan",Miscellaneous,Sole Proprietor,Chennai,Tamil Nadu,Active,1959.53,2.0,31081.989999999998,15540.994999999999,2.0,0.0,0.0,0.0,0.0,0.0,0.0,0.0,0.0,0.0,0.0,Low,False,False,False
MCH6078,Oza-Srinivasan,Telecom,Individual,Mumbai,Maharashtra,Active,4379.06,2.0,28511.45,14255.725,2.0,0.0,0.0,0.0,0.0,0.0,0.0,0.0,0.0,0.0,0.0,Low,False,False,False
MCH6079,Gulati Inc,Transportation,Sole Proprietor,Pune,Maharashtra,Active,2029.26,1.0,3565.73,3565.73,1.0,0.0,0.0,0.0,0.0,0.0,0.0,0.0,0.0,0.0,0.0,Low,False,False,False
MCH6083,"Shah, Deep And Swaminathan",Grocery,Partnership,Amritsar,Punjab,Active,1417.0,2.0,41086.59,20543.295,2.0,0.0,0.0,0.0,0.0,0.0,0.0,0.0,0.0,0.0,0.0,Low,False,False,False
MCH6090,Bahl-Ramanathan,Hotel & Lodging,Sole Proprietor,Jalandhar,Punjab,Active,1685.43,3.0,31298.62,10432.873333333333,2.0,0.0,0.0,0.0,0.0,0.0,0.0,0.0,0.0,0.0,0.0,Low,False,False,False
MCH6091,Ratti-Kalita,Books & Stationery,Sole Proprietor,Ludhiana,Punjab,Active,458.92,2.0,35475.17,17737.585,2.0,0.0,0.0,0.0,0.0,0.0,0.0,0.0,0.0,0.0,0.0,Low,False,False,False
MCH6095,"Sahota, Misra And Kata",Books & Stationery,Partnership,Hyderabad,Telangana,Active,665.0,3.0,31648.78,10549.593333333332,3.0,0.0,0.0,0.0,0.0,0.0,0.0,0.0,0.0,0.0,0.0,Low,False,False,False
MCH6099,Yadav Llc,Telecom,Partnership,Bengaluru,Karnataka,Active,4726.0,0.0,0.0,0.0,0.0,0.0,0.0,0.0,0.0,0.0,0.0,0,0,0,0.0,Low,False,False,False
MCH6100,"Pillay, Merchant And Sem",Books & Stationery,Private Limited,Jalandhar,Punjab,Active,1374.95,2.0,14318.66,7159.33,2.0,0.0,0.0,0.0,0.0,0.0,0.0,0.0,0.0,0.0,0.0,Low,False,False,False
MCH6101,Dora-Bajwa,Medical,Private Limited,Pune,Maharashtra,Active,3328.35,4.0,32959.26,8239.815,4.0,0.0,0.0,0.0,0.0,0.0,0.0,0.0,0.0,0.0,0.0,Low,False,False,False
MCH6102,"Hayre, Peri And Sura",Hotel & Lodging,Private Limited,Ludhiana,Punjab,Active,,1.0,23989.24,23989.24,1.0,0.0,0.0,0.0,0.0,0.0,0.0,0.0,0.0,0.0,0.0,Low,False,False,False
MCH6104,Keer-Gade,Department Store,Individual,Kolkata,West Bengal,Inactive,935.82,1.0,16349.42,16349.42,1.0,0.0,0.0,0.0,0.0,0.0,0.0,0.0,0.0,0.0,0.0,Low,False,False,False
MCH6105,Upadhyay Plc,Hotel & Lodging,Sole Proprietor,Kolkata,West Bengal,Active,527.81,4.0,52477.229999999996,13119.307499999999,4.0,0.0,0.0,0.0,0.0,0.0,0.0,0.0,0.0,0.0,0.0,Low,False,False,False
MCH6107,Pillay Llc,Miscellaneous,Sole Proprietor,Jalandhar,Punjab,Active,1844.34,4.0,55056.65,13764.1625,4.0,0.0,0.0,0.0,0.0,0.0,0.0,0.0,0.0,0.0,0.0,Low,False,False,False
MCH6113,"Shen0Y, Kapadia And Pradhan",Books & Stationery,Individual,Amritsar,Punjab,Active,8727.62,1.0,20288.53,20288.53,1.0,0.0,0.0,0.0,0.0,0.0,0.0,0.0,0.0,0.0,0.0,Low,False,False,False
MCH6115,Padmanabhan-Chahal,Retail,Private Limited,Mumbai,Maharashtra,Inactive,266.65,3.0,48368.51,16122.836666666668,3.0,0.0,0.0,0.0,0.0,0.0,0.0,0.0,0.0,0.0,0.0,Low,False,False,False
MCH6118,"Radhakrishnan, Lala And Devi",Department Store,Sole Proprietor,Delhi,Delhi,Active,11547.0,2.0,28169.07,14084.535,2.0,0.0,0.0,0.0,0.0,0.0,0.0,0.0,0.0,0.0,0.0,Low,False,False,False
MCH6119,Hayerltd,Pharmacy,Individual,Amritsar,Punjab,Active,1262.04,2.0,15397.07,7698.535,2.0,0.0,0.0,0.0,0.0,0.0,0.0,0.0,0.0,0.0,0.0,Low,False,False,False
MCH6122,Rai Ltd,Transportation,Private Limited,Jalandhar,Punjab,Inactive,2198.19,3.0,50738.32,16912.773333333334,3.0,0.0,0.0,0.0,0.0,0.0,0.0,0.0,0.0,0.0,0.0,Low,False,False,False
MCH6131,"Dhar, Dada And Bakshi",Apparel & Fashion,Partnership,Bengaluru,Karnataka,Active,1921.0,3.0,28818.11,9606.036666666667,3.0,0.0,0.0,0.0,0.0,0.0,0.0,0.0,0.0,0.0,0.0,Low,False,False,False
MCH6143,Baral Plc,Grocery,Partnership,Kolkata,West Bengal,Active,1054.97,1.0,2971.38,2971.38,1.0,0.0,0.0,0.0,0.0,0.0,0.0,0.0,0.0,0.0,0.0,Low,False,False,False
MCH6144,Ravi-Dhingra,Pharmacy,Private Limited,Hyderabad,Telangana,Active,2686.0,1.0,42.0,42.0,1.0,0.0,0.0,0.0,0.0,0.0,0.0,0.0,0.0,0.0,0.0,Low,False,False,False
MCH6147,Singhal-Murthy,Transportation,Partnership,Mumbai,Maharashtra,Active,,0.0,0.0,0.0,0.0,0.0,0.0,0.0,0.0,0.0,0.0,0,0,0,0.0,Low,False,False,False
MCH6148,Ganesan-Johal,Telecom,Partnership,Mumbai,Maharashtra,Active,778.99,2.0,9130.49,4565.245,2.0,0.0,0.0,0.0,0.0,0.0,0.0,0.0,0.0,0.0,0.0,Low,False,False,False
MCH6150,Nagarajan-Peri,Telecom,Sole Proprietor,Delhi,Delhi,Active,414.2,1.0,75.78,75.78,1.0,0.0,0.0,0.0,0.0,0.0,0.0,0.0,0.0,0.0,0.0,Low,False,False,False
MCH6152,Mukhopadhyay Plc,Books & Stationery,Individual,Jaipur,Rajasthan,Active,1642.16,4.0,39301.240000000005,9825.310000000001,3.0,0.0,1.0,0.0,0.0,0.0,0.0,0.0,0.0,0.0,0.0,Low,False,False,False
MCH6155,"Mukhopadhyay, Doshi And Gopal",Grocery,Sole Proprietor,Jalandhar,Punjab,Active,,3.0,48091.770000000004,16030.590000000002,3.0,0.0,0.0,0.0,0.0,0.0,0.0,0.0,0.0,0.0,0.0,Low,False,False,False
MCH6158,"Dhingra, Ratti And Palla",Transportation,Sole Proprietor,Amritsar,Punjab,Active,1443.6,2.0,42004.7,21002.35,2.0,0.0,0.0,0.0,0.0,0.0,0.0,0.0,0.0,0.0,0.0,Low,False,False,False
MCH6161,Sura-Wadhwa,Telecom,Individual,Bengaluru,Karnataka,Active,490.18,2.0,46899.91,23449.955,2.0,0.0,0.0,0.0,0.0,0.0,0.0,0.0,0.0,0.0,0.0,Low,False,False,False
MCH6162,"Naik, Kade And Singh",Transportation,Partnership,Amritsar,Punjab,Active,2176.24,2.0,26268.120000000003,13134.060000000001,2.0,0.0,0.0,0.0,0.0,0.0,0.0,0.0,0.0,0.0,0.0,Low,False,False,False
MCH6163,Mani Ltd,Books & Stationery,Partnership,Hyderabad,Telangana,Active,2298.3,2.0,26217.36,13108.68,2.0,0.0,0.0,0.0,0.0,0.0,0.0,0.0,0.0,0.0,0.0,Low,False,False,False
MCH6164,"Bir, Patil And Chahal",Pharmacy,Sole Proprietor,Mumbai,Maharashtra,Active,1451.0,1.0,18543.53,18543.53,1.0,0.0,0.0,0.0,0.0,0.0,0.0,0.0,0.0,0.0,0.0,Low,False,False,False
MCH6167,"Chawla, Andra And Varty",Telecom,Partnership,Hyderabad,Telangana,Active,2407.62,2.0,26373.15,13186.575,2.0,0.0,0.0,0.0,0.0,0.0,0.0,0.0,0.0,0.0,0.0,Low,False,False,False
MCH6170,Gh0Se-Mann,Miscellaneous,Private Limited,Lucknow,Uttar Pradesh,Active,1120.12,3.0,32268.42,10756.14,3.0,0.0,0.0,0.0,0.0,0.0,0.0,0.0,0.0,0.0,0.0,Low,False,False,False
MCH6171,Naik And Sons,Restaurants & Food,Individual,Amritsar,Punjab,Inactive,4084.17,2.0,42861.28999999999,21430.644999999997,2.0,0.0,0.0,0.0,0.0,0.0,0.0,0.0,0.0,0.0,0.0,Low,False,False,False
MCH6172,Raja Inc,Restaurants & Food,Sole Proprietor,Hyderabad,Telangana,Active,1050.0,3.0,28662.29,9554.096666666666,3.0,0.0,0.0,0.0,0.0,0.0,0.0,0.0,0.0,0.0,0.0,Low,False,False,False
MCH6180,Thakur And Sons,Apparel & Fashion,Private Limited,Lucknow,Uttar Pradesh,Active,699.96,3.0,42612.93,14204.31,2.0,0.0,0.0,0.0,0.0,0.0,0.0,0.0,0.0,0.0,0.0,Low,False,False,False
MCH6183,"Goel, Swaminathan And Padmanabhan",Grocery,Private Limited,Amritsar,Punjab,Active,817.0,3.0,53359.229999999996,17786.41,3.0,0.0,0.0,0.0,0.0,0.0,0.0,0.0,0.0,0.0,0.0,Low,False,False,False
MCH6190,Pal Ltd,Apparel & Fashion,Private Limited,Ludhiana,Punjab,Active,376.59,3.0,32642.39,10880.796666666667,3.0,0.0,0.0,0.0,0.0,0.0,0.0,0.0,0.0,0.0,0.0,Low,False,False,False
MCH6200,"Kapadia, Bail And Badal",Travel,Private Limited,Chennai,Tamil Nadu,Active,1183.13,1.0,12749.14,12749.14,1.0,0.0,0.0,0.0,0.0,0.0,0.0,0.0,0.0,0.0,0.0,Low,False,False,False
MCH6205,Munshi Inc,Telecom,Sole Proprietor,Ludhiana,Punjab,Active,230.73,0.0,0.0,0.0,0.0,0.0,0.0,0.0,0.0,0.0,0.0,0,0,0,0.0,Low,False,False,False
MCH6206,"Sanghvi, Dugar And Rajagopal",Telecom,Individual,Chennai,Tamil Nadu,Active,683.76,0.0,0.0,0.0,0.0,0.0,0.0,0.0,0.0,0.0,0.0,0,0,0,0.0,Low,False,False,False
MCH6208,Tak-Parmar,Telecom,Private Limited,Lucknow,Uttar Pradesh,Suspended,,1.0,19170.12,19170.12,1.0,0.0,0.0,0.0,0.0,0.0,0.0,0.0,0.0,0.0,0.0,Low,False,False,False
MCH6210,Sem Group,Restaurants & Food,Private Limited,Amritsar,Punjab,Active,2370.64,2.0,41193.380000000005,20596.690000000002,2.0,0.0,0.0,0.0,0.0,0.0,0.0,0.0,0.0,0.0,0.0,Low,False,False,False
MCH6213,Sangha Llc,Miscellaneous,Private Limited,Delhi,Delhi,Active,722.0,0.0,0.0,0.0,0.0,0.0,0.0,0.0,0.0,0.0,0.0,0,0,0,0.0,Low,False,False,False
MCH6216,"Bhatti, Dass And Deshpande",Grocery,Individual,Ludhiana,Punjab,Active,1325.06,1.0,13342.38,13342.38,1.0,0.0,0.0,0.0,0.0,0.0,0.0,0.0,0.0,0.0,0.0,Low,False,False,False
MCH6218,Chad-Bhakta,Grocery,Sole Proprietor,Chennai,Tamil Nadu,Active,218.0,0.0,0.0,0.0,0.0,0.0,0.0,0.0,0.0,0.0,0.0,0,0,0,0.0,Low,False,False,False
MCH6221,Shukla And Sons,Transportation,Sole Proprietor,Chennai,Tamil Nadu,Active,1793.34,0.0,0.0,0.0,0.0,0.0,0.0,0.0,0.0,0.0,0.0,0,0,0,0.0,Low,False,False,False
MCH6223,Ramanathan-Dhingra,Travel,Individual,Lucknow,Uttar Pradesh,Active,306.0,1.0,487.97,487.97,1.0,0.0,0.0,0.0,0.0,0.0,0.0,0.0,0.0,0.0,0.0,Low,False,False,False
MCH6224,La1-Anand,Pharmacy,Private Limited,Delhi,Delhi,Active,3823.0,1.0,11769.0,11769.0,1.0,0.0,0.0,0.0,0.0,0.0,0.0,0.0,0.0,0.0,0.0,Low,False,False,False
MCH6225,"Loyal, Mander And Agrawal",Grocery,Sole Proprietor,Kolkata,West Bengal,Active,859.91,3.0,30565.64,10188.546666666667,3.0,0.0,0.0,0.0,0.0,0.0,0.0,0.0,0.0,0.0,0.0,Low,False,False,False
MCH6231,"Chand, Johal And Chawla",Restaurants & Food,Private Limited,Jalandhar,Punjab,Active,919.0,1.0,15241.53,15241.53,1.0,0.0,0.0,0.0,0.0,0.0,0.0,0.0,0.0,0.0,0.0,Low,False,False,False
MCH6233,Vohra Ltd,Books & Stationery,Partnership,Delhi,Delhi,Active,2389.79,2.0,44930.3,22465.15,2.0,0.0,0.0,0.0,0.0,0.0,0.0,0.0,0.0,0.0,0.0,Low,False,False,False
MCH6239,Varkey-More,Apparel & Fashion,Private Limited,Lucknow,Uttar Pradesh,Active,849.3,4.0,26388.65,6597.1625,4.0,0.0,0.0,0.0,0.0,0.0,0.0,0.0,0.0,0.0,0.0,Low,False,False,False
MCH6240,"Dutta, Aggarwal And Devan",Restaurants & Food,Sole Proprietor,Amritsar,Punjab,Active,905.07,6.0,51698.29,8616.381666666666,6.0,0.0,0.0,0.0,0.0,0.0,0.0,0.0,0.0,0.0,0.0,Low,False,False,False
MCH6242,Som Inc,Department Store,Sole Proprietor,Jaipur,Rajasthan,Active,,0.0,0.0,0.0,0.0,0.0,0.0,0.0,0.0,0.0,0.0,0,0,0,0.0,Low,False,False,False
MCH6246,Kota Inc,Apparel & Fashion,Private Limited,Mumbai,Maharashtra,Active,1586.1,6.0,57670.439999999995,9611.74,6.0,0.0,0.0,0.0,0.0,0.0,0.0,0.0,0.0,0.0,0.0,Low,False,False,False
MCH6247,Dhar-Ram,Telecom,Individual,Jaipur,Rajasthan,Active,468.52,2.0,10790.89,5395.445,2.0,0.0,0.0,0.0,0.0,0.0,0.0,0.0,0.0,0.0,0.0,Low,False,False,False
MCH6251,"Sodhi, Handa And Venkatesh",Grocery,Sole Proprietor,Lucknow,Uttar Pradesh,Suspended,291.55,0.0,0.0,0.0,0.0,0.0,0.0,0.0,0.0,0.0,0.0,0,0,0,0.0,Low,False,False,False
MCH6254,Murthy Group,Telecom,Partnership,Amritsar,Punjab,Inactive,,1.0,24731.51,24731.51,1.0,0.0,0.0,0.0,0.0,0.0,0.0,0.0,0.0,0.0,0.0,Low,False,False,False
MCH6256,Rana-Walia,Restaurants & Food,Sole Proprietor,Ludhiana,Punjab,Inactive,330.34,1.0,506.8,506.8,1.0,0.0,0.0,0.0,0.0,0.0,0.0,0.0,0.0,0.0,0.0,Low,False,False,False
MCH6257,"Parsa, Rana And Raja",Restaurants & Food,Partnership,Bengaluru,Karnataka,Active,2744.98,5.0,43168.16,8633.632000000001,4.0,0.0,1.0,0.0,0.0,0.0,0.0,0.0,0.0,0.0,0.0,Low,False,False,False
MCH6260,Mittal Plc,Pharmacy,Private Limited,Lucknow,Uttar Pradesh,Active,,2.0,21970.09,10985.045,2.0,0.0,0.0,0.0,0.0,0.0,0.0,0.0,0.0,0.0,0.0,Low,False,False,False
MCH6262,Saran Ltd,Department Store,Partnership,Mumbai,Maharashtra,Inactive,6560.0,3.0,45528.91,15176.303333333335,3.0,0.0,0.0,0.0,0.0,0.0,0.0,0.0,0.0,0.0,0.0,Low,False,False,False
MCH6263,"Bahri, Bajaj And Mander",Books & Stationery,Individual,Chennai,Tamil Nadu,Inactive,667.85,5.0,61514.67,12302.934,5.0,0.0,0.0,0.0,0.0,0.0,0.0,0.0,0.0,0.0,0.0,Low,False,False,False
MCH6267,Mandal-Badal,Telecom,Partnership,Mumbai,Maharashtra,Active,,3.0,48354.88,16118.293333333333,3.0,0.0,0.0,0.0,0.0,0.0,0.0,0.0,0.0,0.0,0.0,Low,False,False,False
MCH6268,"Yogi, Sachar And Mammen",Grocery,Sole Proprietor,Jalandhar,Punjab,Active,1773.0,1.0,17795.95,17795.95,1.0,0.0,0.0,0.0,0.0,0.0,0.0,0.0,0.0,0.0,0.0,Low,False,False,False
MCH6273,"Dubey, Narula And Jhaveri",Department Store,Private Limited,Pune,Maharashtra,Active,754.63,0.0,0.0,0.0,0.0,0.0,0.0,0.0,0.0,0.0,0.0,0,0,0,0.0,Low,False,False,False
MCH6274,Mall Inc,Hotel & Lodging,Partnership,Amritsar,Punjab,Active,1700.39,5.0,87186.42,17437.284,5.0,0.0,0.0,0.0,0.0,0.0,0.0,0.0,0.0,0.0,0.0,Low,False,False,False
MCH6277,"Mangat, Kaur And Guha",Hotel & Lodging,Partnership,Delhi,Delhi,Active,1786.0,2.0,41574.58,20787.29,2.0,0.0,0.0,0.0,0.0,0.0,0.0,0.0,0.0,0.0,0.0,Low,False,False,False
MCH6280,Khanna-Kanda,Apparel & Fashion,Sole Proprietor,Pune,Maharashtra,Active,243.27,4.0,47501.7,11875.425,3.0,0.0,0.0,0.0,0.0,0.0,0.0,0.0,0.0,0.0,0.0,Low,False,False,False
MCH6282,"Chacko, Chakrabarti And Suresh",Grocery,Private Limited,Jaipur,Rajasthan,Active,1078.0,1.0,17089.48,17089.48,1.0,0.0,0.0,0.0,0.0,0.0,0.0,0.0,0.0,0.0,0.0,Low,False,False,False
MCH6284,Ta1War Ltd,Hotel & Lodging,Partnership,Amritsar,Punjab,Active,,2.0,22692.29,11346.145,2.0,0.0,0.0,0.0,0.0,0.0,0.0,0.0,0.0,0.0,0.0,Low,False,False,False
MCH6285,Kumer-Mane,Hotel & Lodging,Private Limited,Bengaluru,Karnataka,Active,567.98,3.0,18967.079999999998,6322.36,3.0,0.0,0.0,0.0,0.0,0.0,0.0,0.0,0.0,0.0,0.0,Low,False,False,False
MCH6290,Chaudhry-Agarwal,Miscellaneous,Partnership,Ludhiana,Punjab,Inactive,5757.0,2.0,37132.29,18566.145,2.0,0.0,0.0,0.0,0.0,0.0,0.0,0.0,0.0,0.0,0.0,Low,False,False,False
MCH6291,"Bal, Divan And Natt",Hotel & Lodging,Private Limited,Amritsar,Punjab,Active,908.0,4.0,45390.47,11347.6175,4.0,0.0,0.0,0.0,0.0,0.0,0.0,0.0,0.0,0.0,0.0,Low,False,False,False
MCH6299,Pathak-Mukherjee,Miscellaneous,Individual,Delhi,Delhi,Active,256.83,0.0,0.0,0.0,0.0,0.0,0.0,0.0,0.0,0.0,0.0,0,0,0,0.0,Low,False,False,False
MCH6300,Kumar Plc,Apparel & Fashion,Partnership,Jaipur,Rajasthan,Active,1647.52,1.0,9046.79,9046.79,1.0,0.0,0.0,0.0,0.0,0.0,0.0,0.0,0.0,0.0,0.0,Low,False,False,False
MCH6301,"Apte, Vohra And Gade",Telecom,Partnership,Jalandhar,Punjab,Active,2355.49,2.0,9061.25,4530.625,2.0,0.0,0.0,0.0,0.0,0.0,0.0,0.0,0.0,0.0,0.0,Low,False,False,False
MCH6302,Gour-Rattan,Transportation,Individual,Hyderabad,Telangana,Active,966.01,7.0,77802.07,11114.58142857143,6.0,0.0,0.0,0.0,0.0,0.0,0.0,0.0,0.0,0.0,0.0,Low,False,False,False
MCH6305,"Chakraborty,Hansandsahota",Transportation,Individual,Mumbai,Maharashtra,Active,1075.82,3.0,34186.42,11395.473333333333,2.0,0.0,1.0,0.0,0.0,0.0,0.0,0.0,0.0,0.0,0.0,Low,False,False,False
MCH6308,Seshadri Llc,Apparel & Fashion,Private Limited,Delhi,Delhi,Active,422.55,3.0,52626.869999999995,17542.289999999997,3.0,0.0,0.0,0.0,0.0,0.0,0.0,0.0,0.0,0.0,0.0,Low,False,False,False
MCH6314,"Kuruvilla, Lalla And Mallick",Apparel & Fashion,Private Limited,Lucknow,Uttar Pradesh,Active,697.89,3.0,60741.47,20247.156666666666,3.0,0.0,0.0,0.0,0.0,0.0,0.0,0.0,0.0,0.0,0.0,Low,False,False,False
MCH6315,"Pal, Zacharia And Narayan",Hotel & Lodging,Sole Proprietor,Mumbai,Maharashtra,Active,529.2,3.0,37428.34,12476.113333333333,3.0,0.0,0.0,0.0,0.0,0.0,0.0,0.0,0.0,0.0,0.0,Low,False,False,False
MCH6321,Chander Ltd,Miscellaneous,Private Limited,Jaipur,Rajasthan,Active,380.1,0.0,0.0,0.0,0.0,0.0,0.0,0.0,0.0,0.0,0.0,0,0,0,0.0,Low,False,False,False
MCH6325,Mannan-Rattan,Department Store,Private Limited,Kolkata,West Bengal,Active,1405.47,2.0,27547.920000000002,13773.960000000001,2.0,0.0,0.0,0.0,0.0,0.0,0.0,0.0,0.0,0.0,0.0,Low,False,False,False
MCH6326,"Barad,Murtyandtella",Books & Stationery,Private Limited,Chennai,Tamil Nadu,Active,,1.0,371.62,371.62,1.0,0.0,0.0,0.0,0.0,0.0,0.0,0.0,0.0,0.0,0.0,Low,False,False,False
MCH6331,Wagle-Sinha,Medical,Sole Proprietor,Bengaluru,Karnataka,Active,2605.3,2.0,22220.3,11110.15,2.0,0.0,0.0,0.0,0.0,0.0,0.0,0.0,0.0,0.0,0.0,Low,False,False,False
MCH6332,Shuk1A-Hayre,Department Store,Sole Proprietor,Lucknow,Uttar Pradesh,Active,788.91,2.0,15366.08,7683.04,2.0,0.0,0.0,0.0,0.0,0.0,0.0,0.0,0.0,0.0,0.0,Low,False,False,False
MCH6333,"Kumer, Butala And Sawhney",Apparel & Fashion,Individual,Chennai,Tamil Nadu,Active,831.77,4.0,25510.23,6377.5575,4.0,0.0,0.0,0.0,0.0,0.0,0.0,0.0,0.0,0.0,0.0,Low,False,False,False
MCH6336,"Kunda, Kumar And Gulati",Transportation,Private Limited,Chennai,Tamil Nadu,Active,772.78,4.0,28311.18,7077.795,4.0,0.0,0.0,0.0,0.0,0.0,0.0,0.0,0.0,0.0,0.0,Low,False,False,False
MCH6337,Chander Llc,Pharmacy,Individual,Kolkata,West Bengal,Active,1428.08,3.0,52245.05,17415.016666666666,3.0,0.0,0.0,0.0,0.0,0.0,0.0,0.0,0.0,0.0,0.0,Low,False,False,False
MCH6338,Dutta Plc,Department Store,Individual,Kolkata,West Bengal,Active,1835.5,2.0,17456.22,8728.11,2.0,0.0,0.0,0.0,0.0,0.0,0.0,0.0,0.0,0.0,0.0,Low,False,False,False
MCH6343,Bains Plc,Telecom,Partnership,Mumbai,Maharashtra,Active,4598.19,2.0,26568.55,13284.275,2.0,0.0,0.0,0.0,0.0,0.0,0.0,0.0,0.0,0.0,0.0,Low,False,False,False
MCH6351,Mahal-Padmanabhan,Restaurants & Food,Partnership,Bengaluru,Karnataka,Active,3129.06,3.0,62508.869999999995,20836.289999999997,3.0,0.0,0.0,0.0,0.0,0.0,0.0,0.0,0.0,0.0,0.0,Low,False,False,False
MCH6352,Chadhagroup,Grocery,Private Limited,Chennai,Tamil Nadu,Suspended,419.41,1.0,21781.4,21781.4,1.0,0.0,0.0,0.0,0.0,0.0,0.0,0.0,0.0,0.0,0.0,Low,False,False,False
MCH6354,"Gulati, Khosla And Peri",Restaurants & Food,Partnership,Lucknow,Uttar Pradesh,Active,122.8,1.0,3691.06,3691.06,1.0,0.0,0.0,0.0,0.0,0.0,0.0,0.0,0.0,0.0,0.0,Low,False,False,False
MCH6360,"Garg, Char And Sharaf",Medical,Sole Proprietor,Mumbai,Maharashtra,Active,242.87,3.0,52222.86,17407.62,3.0,0.0,0.0,0.0,0.0,0.0,0.0,0.0,0.0,0.0,0.0,Low,False,False,False
MCH6361,"Saran, Dhar And Chaudhry",Hotel & Lodging,Sole Proprietor,Delhi,Delhi,Active,701.89,2.0,7317.09,3658.545,2.0,0.0,0.0,0.0,0.0,0.0,0.0,0.0,0.0,0.0,0.0,Low,False,False,False
MCH6365,Raghavan Llc,Transportation,Partnership,Hyderabad,Telangana,Active,2729.02,1.0,23854.3,23854.3,0.0,0.0,1.0,0.0,0.0,0.0,0.0,0.0,0.0,0.0,0.0,Low,False,False,False
MCH6369,"Chaudhry, Batra And Rama",Transportation,Partnership,Jalandhar,Punjab,Inactive,612.29,3.0,54123.22,18041.073333333334,3.0,0.0,0.0,0.0,0.0,0.0,0.0,0.0,0.0,0.0,0.0,Low,False,False,False
MCH6370,"Dass, Hegde And Viswanathan",Restaurants & Food,Partnership,Jaipur,Rajasthan,Active,2201.27,4.0,29376.93,7344.2325,4.0,0.0,0.0,0.0,0.0,0.0,0.0,0.0,0.0,0.0,0.0,Low,False,False,False
MCH6376,"Naik, Dhillon And Sama",Books & Stationery,Partnership,Jalandhar,Punjab,Active,2593.39,3.0,38198.29,12732.763333333334,3.0,0.0,0.0,0.0,0.0,0.0,0.0,0.0,0.0,0.0,0.0,Low,False,False,False
MCH6377,Balasubramanianllc,Medical,Individual,Mumbai,Maharashtra,Active,1259.93,3.0,20775.14,6925.046666666666,3.0,0.0,0.0,0.0,0.0,0.0,0.0,0.0,0.0,0.0,0.0,Low,False,False,False
MCH6384,"Rave1, Mane And Madan",Pharmacy,Partnership,Delhi,Delhi,Active,334.08,0.0,0.0,0.0,0.0,0.0,0.0,0.0,0.0,0.0,0.0,0,0,0,0.0,Low,False,False,False
MCH6386,Mahajan Inc,Retail,Individual,Amritsar,Punjab,Active,,2.0,21520.14,10760.07,2.0,0.0,0.0,0.0,0.0,0.0,0.0,0.0,0.0,0.0,0.0,Low,False,False,False
MCH6390,Barman Plc,Medical,Individual,Kolkata,West Bengal,Active,,0.0,0.0,0.0,0.0,0.0,0.0,0.0,0.0,0.0,0.0,0,0,0,0.0,Low,False,False,False
MCH6391,"Bhatti, Keer And Gupta",Telecom,Individual,Mumbai,Maharashtra,Active,684.0,1.0,1067.95,1067.95,1.0,0.0,0.0,0.0,0.0,0.0,0.0,0.0,0.0,0.0,0.0,Low,False,False,False
MCH6392,Thaman Ltd,Hotel & Lodging,Partnership,Kolkata,West Bengal,Active,691.37,0.0,0.0,0.0,0.0,0.0,0.0,0.0,0.0,0.0,0.0,0,0,0,0.0,Low,False,False,False
MCH6394,Yogiinc,Apparel & Fashion,Private Limited,Kolkata,West Bengal,Active,1717.76,3.0,42155.36,14051.786666666667,3.0,0.0,0.0,0.0,0.0,0.0,0.0,0.0,0.0,0.0,0.0,Low,False,False,False
MCH6397,Tella-Lad,Pharmacy,Private Limited,Lucknow,Uttar Pradesh,Active,872.0,3.0,29053.91,9684.636666666667,3.0,0.0,0.0,0.0,0.0,0.0,0.0,0.0,0.0,0.0,0.0,Low,False,False,False
MCH6404,Tailor Group,Miscellaneous,Private Limited,Jaipur,Rajasthan,Suspended,792.4,3.0,47193.51,15731.17,2.0,0.0,0.0,0.0,0.0,0.0,0.0,0.0,0.0,0.0,0.0,Low,False,False,False
MCH6405,Jaggi Ltd,Grocery,Partnership,Delhi,Delhi,Active,4074.0,2.0,20438.010000000002,10219.005000000001,2.0,0.0,0.0,0.0,0.0,0.0,0.0,0.0,0.0,0.0,0.0,Low,False,False,False
MCH6408,Gade And Sons,Books & Stationery,Sole Proprietor,Chennai,Tamil Nadu,Active,4374.58,2.0,15783.11,7891.555,2.0,0.0,0.0,0.0,0.0,0.0,0.0,0.0,0.0,0.0,0.0,Low,False,False,False
MCH6409,Wason And Sons,Apparel & Fashion,Private Limited,Bengaluru,Karnataka,Suspended,1111.14,3.0,36191.3,12063.766666666668,3.0,0.0,0.0,0.0,0.0,0.0,0.0,0.0,0.0,0.0,0.0,Low,False,False,False
MCH6410,Dua-Kara,Apparel & Fashion,Individual,Delhi,Delhi,Active,1003.3,2.0,17090.31,8545.155,2.0,0.0,0.0,0.0,0.0,0.0,0.0,0.0,0.0,0.0,0.0,Low,False,False,False
MCH6420,Wadhwa And Sons,Medical,Partnership,Bengaluru,Karnataka,Active,160.44,5.0,60292.520000000004,12058.504,5.0,0.0,0.0,0.0,0.0,0.0,0.0,0.0,0.0,0.0,0.0,Low,False,False,False
MCH6421,Wadhwaltd,Apparel & Fashion,Sole Proprietor,Bengaluru,Karnataka,Active,1782.12,4.0,59115.25,14778.8125,4.0,0.0,0.0,0.0,0.0,0.0,0.0,0.0,0.0,0.0,0.0,Low,False,False,False
MCH6422,"Bhatnagar, Bora And Venkataraman",Pharmacy,Sole Proprietor,Pune,Maharashtra,Active,1587.75,2.0,16457.760000000002,8228.880000000001,2.0,0.0,0.0,0.0,0.0,0.0,0.0,0.0,0.0,0.0,0.0,Low,False,False,False
MCH6427,Bose Inc,Miscellaneous,Private Limited,Ludhiana,Punjab,Inactive,1949.7,3.0,40761.58,13587.193333333335,3.0,0.0,0.0,0.0,0.0,0.0,0.0,0.0,0.0,0.0,0.0,Low,False,False,False
MCH6430,Prakash Group,Telecom,Individual,Hyderabad,Telangana,Suspended,5278.71,1.0,20266.99,20266.99,1.0,0.0,0.0,0.0,0.0,0.0,0.0,0.0,0.0,0.0,0.0,Low,False,False,False
MCH6431,"Batra, Pant And Devan",Hotel & Lodging,Partnership,Bengaluru,Karnataka,Inactive,1564.0,2.0,16265.89,8132.945,2.0,0.0,0.0,0.0,0.0,0.0,0.0,0.0,0.0,0.0,0.0,Low,False,False,False
MCH6433,Bhattacharyya Ltd,Telecom,Partnership,Bengaluru,Karnataka,Inactive,1248.03,2.0,14321.96,7160.98,2.0,0.0,0.0,0.0,0.0,0.0,0.0,0.0,0.0,0.0,0.0,Low,False,False,False
MCH6447,"Mody, Dara And Ray",Restaurants & Food,Individual,Kolkata,West Bengal,Active,860.24,1.0,24415.67,24415.67,1.0,0.0,0.0,0.0,0.0,0.0,0.0,0.0,0.0,0.0,0.0,Low,False,False,False
MCH6448,Pal Llc,Telecom,Partnership,Mumbai,Maharashtra,Active,1680.84,2.0,22221.82,11110.91,2.0,0.0,0.0,0.0,0.0,0.0,0.0,0.0,0.0,0.0,0.0,Low,False,False,False
MCH6449,Chakraborty-Hans,Restaurants & Food,Sole Proprietor,Hyderabad,Telangana,Active,1506.6,1.0,23404.71,23404.71,1.0,0.0,0.0,0.0,0.0,0.0,0.0,0.0,0.0,0.0,0.0,Low,False,False,False
MCH6450,"Goel, Madan And Gola",Books & Stationery,Individual,Chennai,Tamil Nadu,Active,855.0,1.0,10397.37,10397.37,1.0,0.0,0.0,0.0,0.0,0.0,0.0,0.0,0.0,0.0,0.0,Low,False,False,False
MCH6454,Nagi-Ch0Udhury,Apparel & Fashion,Private Limited,Bengaluru,Karnataka,Inactive,3116.0,7.0,79263.32,11323.33142857143,6.0,1.0,0.0,0.0,0.0,0.0,0.0,14.29,0.0,0.0,0.0,Low,False,False,False
MCH6460,Deol-Narayanan,Retail,Partnership,Mumbai,Maharashtra,Active,878.73,2.0,48599.72,24299.86,2.0,0.0,0.0,0.0,0.0,0.0,0.0,0.0,0.0,0.0,0.0,Low,False,False,False
MCH6462,"Vaidya, Kunda And Bhavsar",Retail,Private Limited,Lucknow,Uttar Pradesh,Active,1652.23,0.0,0.0,0.0,0.0,0.0,0.0,0.0,0.0,0.0,0.0,0,0,0,0.0,Low,False,False,False
MCH6464,Date Llc,Apparel & Fashion,Private Limited,Bengaluru,Karnataka,Active,3772.0,0.0,0.0,0.0,0.0,0.0,0.0,0.0,0.0,0.0,0.0,0,0,0,0.0,Low,False,False,False
MCH6465,Chadha-Char,Medical,Partnership,Kolkata,West Bengal,Active,749.37,2.0,18864.6,9432.3,1.0,0.0,1.0,0.0,0.0,0.0,0.0,0.0,0.0,0.0,0.0,Low,False,False,False
MCH6466,Randhawa Llc,Retail,Individual,Pune,Maharashtra,Active,3082.9,5.0,71213.66,14242.732,5.0,0.0,0.0,0.0,0.0,0.0,0.0,0.0,0.0,0.0,0.0,Low,False,False,False
MCH6473,Tata Group,Restaurants & Food,Private Limited,Lucknow,Uttar Pradesh,Suspended,2924.69,4.0,76866.29,19216.5725,4.0,0.0,0.0,0.0,0.0,0.0,0.0,0.0,0.0,0.0,0.0,Low,False,False,False
MCH6477,Gopal-Dewan,Apparel & Fashion,Sole Proprietor,Mumbai,Maharashtra,Active,1828.26,5.0,64217.850000000006,12843.570000000002,5.0,0.0,0.0,0.0,0.0,0.0,0.0,0.0,0.0,0.0,0.0,Low,False,False,False
MCH6480,Sundaram And S0Ns,Apparel & Fashion,Partnership,Mumbai,Maharashtra,Active,680.72,1.0,3186.71,3186.71,1.0,0.0,0.0,0.0,0.0,0.0,0.0,0.0,0.0,0.0,0.0,Low,False,False,False
MCH6493,"Subramaniam, Prashad And Parmer",Transportation,Sole Proprietor,Mumbai,Maharashtra,Inactive,,4.0,20363.43,5090.8575,4.0,0.0,0.0,0.0,0.0,0.0,0.0,0.0,0.0,0.0,0.0,Low,False,False,False
MCH6501,Ka1A-Garg,Apparel & Fashion,Sole Proprietor,Ludhiana,Punjab,Active,471.98,1.0,4581.24,4581.24,1.0,0.0,0.0,0.0,0.0,0.0,0.0,0.0,0.0,0.0,0.0,Low,False,False,False
MCH6511,"Doctor, Sur And Badal",Grocery,Sole Proprietor,Pune,Maharashtra,Active,778.51,4.0,58516.49,14629.1225,4.0,0.0,0.0,0.0,0.0,0.0,0.0,0.0,0.0,0.0,0.0,Low,False,False,False
MCH6512,"Sagar, Deep And Rao",Telecom,Sole Proprietor,Hyderabad,Telangana,Active,,3.0,52674.72,17558.24,3.0,0.0,0.0,0.0,0.0,0.0,0.0,0.0,0.0,0.0,0.0,Low,False,False,False
MCH6513,"Krishna, Deshpande And Kar",Department Store,Individual,Mumbai,Maharashtra,Active,2622.03,1.0,6337.44,6337.44,1.0,0.0,0.0,0.0,0.0,0.0,0.0,0.0,0.0,0.0,0.0,Low,False,False,False
MCH6517,"Vig, Sen And Kumar",Apparel & Fashion,Sole Proprietor,Delhi,Delhi,Active,1024.93,2.0,29909.579999999998,14954.789999999999,2.0,0.0,0.0,0.0,0.0,0.0,0.0,0.0,0.0,0.0,0.0,Low,False,False,False
MCH6519,"Dhar, Morar And Malhotra",Apparel & Fashion,Private Limited,Pune,Maharashtra,Active,445.06,2.0,48921.16,24460.58,2.0,0.0,0.0,0.0,0.0,0.0,0.0,0.0,0.0,0.0,0.0,Low,False,False,False
MCH6523,Ramanathan-Wali,Miscellaneous,Private Limited,Bengaluru,Karnataka,Active,2272.75,2.0,21015.079999999998,10507.539999999999,2.0,0.0,0.0,0.0,0.0,0.0,0.0,0.0,0.0,0.0,0.0,Low,False,False,False
MCH6524,Chaudry-Lall,Hotel & Lodging,Sole Proprietor,Delhi,Delhi,Inactive,,3.0,38642.369999999995,12880.789999999999,2.0,0.0,0.0,0.0,0.0,0.0,0.0,0.0,0.0,0.0,0.0,Low,False,False,False
MCH6527,"Lalla, Bhandari And Mane",Grocery,Sole Proprietor,Pune,Maharashtra,Active,,3.0,28916.8,9638.933333333332,1.0,0.0,0.0,0.0,0.0,0.0,0.0,0.0,0.0,0.0,0.0,Low,False,False,False
MCH6530,Muni-Rout,Apparel & Fashion,Individual,Pune,Maharashtra,Active,938.29,4.0,43882.0,10970.5,4.0,0.0,0.0,0.0,0.0,0.0,0.0,0.0,0.0,0.0,0.0,Low,False,False,False
MCH6541,"Mahal, Panchal And Doshi",Pharmacy,Individual,Mumbai,Maharashtra,Active,307.0,2.0,19902.19,9951.095,2.0,0.0,0.0,0.0,0.0,0.0,0.0,0.0,0.0,0.0,0.0,Low,False,False,False
MCH6542,Saraf-Dhingra,Retail,Sole Proprietor,Mumbai,Maharashtra,Active,321.72,2.0,36227.0,18113.5,2.0,0.0,0.0,0.0,0.0,0.0,0.0,0.0,0.0,0.0,0.0,Low,False,False,False
MCH6545,Garg Plc,Apparel & Fashion,Partnership,Ludhiana,Punjab,Active,1653.52,3.0,44658.32,14886.106666666667,3.0,0.0,0.0,0.0,0.0,0.0,0.0,0.0,0.0,0.0,0.0,Low,False,False,False
MCH6547,"Gupta,Dewanandnadig",Books & Stationery,Individual,Hyderabad,Telangana,Inactive,974.14,2.0,19908.54,9954.27,2.0,0.0,0.0,0.0,0.0,0.0,0.0,0.0,0.0,0.0,0.0,Low,False,False,False
MCH6548,"Kaur, Puri And Agate",Telecom,Partnership,Hyderabad,Telangana,Active,1154.74,0.0,0.0,0.0,0.0,0.0,0.0,0.0,0.0,0.0,0.0,0,0,0,0.0,Low,False,False,False
MCH6556,Chana-Barad,Miscellaneous,Private Limited,Jalandhar,Punjab,Active,1172.0,2.0,32470.18,16235.09,2.0,0.0,0.0,0.0,0.0,0.0,0.0,0.0,0.0,0.0,0.0,Low,False,False,False
MCH6559,Patla Ltd,Hotel & Lodging,Sole Proprietor,Bengaluru,Karnataka,Active,922.45,0.0,0.0,0.0,0.0,0.0,0.0,0.0,0.0,0.0,0.0,0,0,0,0.0,Low,False,False,False
MCH6560,"Pandit, Jayaraman And Chokshi",Telecom,Individual,Hyderabad,Telangana,Active,11930.97,2.0,22742.91,11371.455,2.0,0.0,0.0,0.0,0.0,0.0,0.0,0.0,0.0,0.0,0.0,Low,False,False,False
MCH6562,Kant Inc,Hotel & Lodging,Sole Proprietor,Chennai,Tamil Nadu,Active,2590.35,2.0,10563.74,5281.87,2.0,0.0,0.0,0.0,0.0,0.0,0.0,0.0,0.0,0.0,0.0,Low,False,False,False
MCH6563,Naik Plc,Travel,Individual,Jalandhar,Punjab,Active,1376.0,1.0,18844.12,18844.12,1.0,0.0,0.0,0.0,0.0,0.0,0.0,0.0,0.0,0.0,0.0,Low,False,False,False
MCH6566,"Purohit, Chacko And Kadakia",Telecom,Private Limited,Chennai,Tamil Nadu,Inactive,1923.82,4.0,52022.56,13005.64,3.0,0.0,1.0,0.0,0.0,0.0,0.0,0.0,0.0,0.0,0.0,Low,False,False,False
MCH6574,"Thaman, Gupta And Barad",Telecom,Private Limited,Pune,Maharashtra,Active,1371.71,0.0,0.0,0.0,0.0,0.0,0.0,0.0,0.0,0.0,0.0,0,0,0,0.0,Low,False,False,False
MCH6577,D’Alia Inc,Apparel & Fashion,Partnership,Bengaluru,Karnataka,Active,1979.76,1.0,458.77,458.77,1.0,0.0,0.0,0.0,0.0,0.0,0.0,0.0,0.0,0.0,0.0,Low,False,False,False
MCH6582,Sagar Group,Pharmacy,Partnership,Kolkata,West Bengal,Active,1999.0,1.0,10176.16,10176.16,1.0,0.0,0.0,0.0,0.0,0.0,0.0,0.0,0.0,0.0,0.0,Low,False,False,False
MCH6583,Raval-Badal,Pharmacy,Individual,Kolkata,West Bengal,Active,2083.0,1.0,17735.93,17735.93,1.0,0.0,0.0,0.0,0.0,0.0,0.0,0.0,0.0,0.0,0.0,Low,False,False,False
MCH6585,Bansal Ltd,Grocery,Private Limited,Mumbai,Maharashtra,Inactive,729.86,5.0,30022.77,6004.554,5.0,0.0,0.0,0.0,0.0,0.0,0.0,0.0,0.0,0.0,0.0,Low,False,False,False
MCH6586,Pandya Plc,Miscellaneous,Individual,Bengaluru,Karnataka,Active,520.0,1.0,18706.56,18706.56,1.0,0.0,0.0,0.0,0.0,0.0,0.0,0.0,0.0,0.0,0.0,Low,False,False,False
MCH6590,Handainc,Apparel & Fashion,Individual,Kolkata,West Bengal,Active,2071.46,0.0,0.0,0.0,0.0,0.0,0.0,0.0,0.0,0.0,0.0,0,0,0,0.0,Low,False,False,False
MCH6593,Sharma-Ahuja,Grocery,Sole Proprietor,Jalandhar,Punjab,Active,3094.86,5.0,58094.31,11618.862,5.0,0.0,0.0,0.0,0.0,0.0,0.0,0.0,0.0,0.0,0.0,Low,False,False,False
MCH6598,"Sachar, Thakkar And Sachar",Apparel & Fashion,Private Limited,Amritsar,Punjab,Active,421.0,4.0,41953.5,10488.375,4.0,0.0,0.0,0.0,0.0,0.0,0.0,0.0,0.0,0.0,0.0,Low,False,False,False
MCH6600,Raju Inc,Hotel & Lodging,Individual,Bengaluru,Karnataka,Active,484.58,1.0,21917.5,21917.5,1.0,0.0,0.0,0.0,0.0,0.0,0.0,0.0,0.0,0.0,0.0,Low,False,False,False
MCH6602,Thakkar Ltd,Travel,Partnership,Mumbai,Maharashtra,Active,483.25,0.0,0.0,0.0,0.0,0.0,0.0,0.0,0.0,0.0,0.0,0,0,0,0.0,Low,False,False,False
MCH6603,Atwal Plc,Hotel & Lodging,Sole Proprietor,Jaipur,Rajasthan,Active,694.88,2.0,26872.22,13436.11,2.0,0.0,0.0,0.0,0.0,0.0,0.0,0.0,0.0,0.0,0.0,Low,False,False,False
MCH6611,Mand Plc,Grocery,Private Limited,Chennai,Tamil Nadu,Active,,2.0,17543.57,8771.785,2.0,0.0,0.0,0.0,0.0,0.0,0.0,0.0,0.0,0.0,0.0,Low,False,False,False
MCH6612,Sule-Pillay,Restaurants & Food,Partnership,Pune,Maharashtra,Active,2010.07,0.0,0.0,0.0,0.0,0.0,0.0,0.0,0.0,0.0,0.0,0,0,0,0.0,Low,False,False,False
MCH6617,Buch Group,Apparel & Fashion,Sole Proprietor,Hyderabad,Telangana,Active,1759.15,3.0,29956.629999999997,9985.543333333333,3.0,0.0,0.0,0.0,0.0,0.0,0.0,0.0,0.0,0.0,0.0,Low,False,False,False
MCH6623,Kakar And Sons,Pharmacy,Individual,Pune,Maharashtra,Active,1424.35,2.0,29277.17,14638.585,2.0,0.0,0.0,0.0,0.0,0.0,0.0,0.0,0.0,0.0,0.0,Low,False,False,False
MCH6634,"Bobal, Randhawa And Guha",Miscellaneous,Sole Proprietor,Delhi,Delhi,Active,3780.75,0.0,0.0,0.0,0.0,0.0,0.0,0.0,0.0,0.0,0.0,0,0,0,0.0,Low,False,False,False
MCH6635,Sehgal Inc,Restaurants & Food,Private Limited,Bengaluru,Karnataka,Active,1810.23,1.0,22896.2,22896.2,1.0,0.0,0.0,0.0,0.0,0.0,0.0,0.0,0.0,0.0,0.0,Low,False,False,False
MCH6637,Sagar Group,Retail,Sole Proprietor,Jaipur,Rajasthan,Active,,2.0,15939.93,7969.965,2.0,0.0,0.0,0.0,0.0,0.0,0.0,0.0,0.0,0.0,0.0,Low,False,False,False
MCH6641,Sunder-Taneja,Grocery,Individual,Kolkata,West Bengal,Active,126.11,2.0,19087.39,9543.695,2.0,0.0,0.0,0.0,0.0,0.0,0.0,0.0,0.0,0.0,0.0,Low,False,False,False
MCH6643,"Bala, Palla And Srinivas",Books & Stationery,Private Limited,Jalandhar,Punjab,Active,1698.35,3.0,52910.32,17636.773333333334,2.0,0.0,0.0,0.0,0.0,0.0,0.0,0.0,0.0,0.0,0.0,Low,False,False,False
MCH6650,Reddy Llc,Grocery,Sole Proprietor,Pune,Maharashtra,Active,3251.25,1.0,8323.09,8323.09,1.0,0.0,0.0,0.0,0.0,0.0,0.0,0.0,0.0,0.0,0.0,Low,False,False,False
MCH6654,Cheema-Dara,Hotel & Lodging,Partnership,Mumbai,Maharashtra,Active,581.25,1.0,21115.46,21115.46,1.0,0.0,0.0,0.0,0.0,0.0,0.0,0.0,0.0,0.0,0.0,Low,False,False,False
MCH6656,Uppal Llc,Restaurants & Food,Individual,Ludhiana,Punjab,Active,488.8,4.0,30974.02,7743.505,4.0,0.0,0.0,0.0,0.0,0.0,0.0,0.0,0.0,0.0,0.0,Low,False,False,False
MCH6660,N0Ri Gr0Up,Telecom,Sole Proprietor,Chennai,Tamil Nadu,Active,3030.0,0.0,0.0,0.0,0.0,0.0,0.0,0.0,0.0,0.0,0.0,0,0,0,0.0,Low,False,False,False
MCH6662,Din-Gour,Miscellaneous,Individual,Pune,Maharashtra,Active,3959.93,2.0,26108.66,13054.33,2.0,0.0,0.0,0.0,0.0,0.0,0.0,0.0,0.0,0.0,0.0,Low,False,False,False
MCH6666,Baral Inc,Apparel & Fashion,Individual,Bengaluru,Karnataka,Active,381.87,2.0,22897.18,11448.59,2.0,0.0,0.0,0.0,0.0,0.0,0.0,0.0,0.0,0.0,0.0,Low,False,False,False
MCH6667,Konda-Jain,Pharmacy,Sole Proprietor,Hyderabad,Telangana,Active,2831.62,2.0,43853.14,21926.57,2.0,0.0,0.0,0.0,0.0,0.0,0.0,0.0,0.0,0.0,0.0,Low,False,False,False
MCH6670,Sawhney Inc,Grocery,Individual,Bengaluru,Karnataka,Active,,1.0,9972.59,9972.59,1.0,0.0,0.0,0.0,0.0,0.0,0.0,0.0,0.0,0.0,0.0,Low,False,False,False
MCH6676,Balakrishnan-Baral,Transportation,Partnership,Chennai,Tamil Nadu,Active,1126.87,2.0,31066.690000000002,15533.345000000001,2.0,0.0,0.0,0.0,0.0,0.0,0.0,0.0,0.0,0.0,0.0,Low,False,False,False
MCH6680,Vaidya-Agrawal,Miscellaneous,Partnership,Delhi,Delhi,Active,,2.0,32707.27,16353.635,2.0,0.0,0.0,0.0,0.0,0.0,0.0,0.0,0.0,0.0,0.0,Low,False,False,False
MCH6681,Baria Plc,Transportation,Individual,Delhi,Delhi,Inactive,1343.0,3.0,45056.39,15018.796666666667,3.0,0.0,0.0,0.0,0.0,0.0,0.0,0.0,0.0,0.0,0.0,Low,False,False,False
MCH6692,Parekh Group,Books & Stationery,Partnership,Amritsar,Punjab,Active,3070.0,0.0,0.0,0.0,0.0,0.0,0.0,0.0,0.0,0.0,0.0,0,0,0,0.0,Low,False,False,False
MCH6697,"Chanda, Chakraborty And Mand",Telecom,Individual,Pune,Maharashtra,Active,706.35,3.0,32083.22,10694.406666666668,2.0,0.0,1.0,0.0,0.0,0.0,0.0,0.0,0.0,0.0,0.0,Low,False,False,False
MCH6700,Ravi Ltd,Telecom,Partnership,Pune,Maharashtra,Active,219.11,2.0,19730.06,9865.03,1.0,0.0,0.0,0.0,0.0,0.0,0.0,0.0,0.0,0.0,0.0,Low,False,False,False
MCH6707,Kari Ltd,Books & Stationery,Sole Proprietor,Bengaluru,Karnataka,Active,1949.47,3.0,45986.770000000004,15328.923333333334,3.0,0.0,0.0,0.0,0.0,0.0,0.0,0.0,0.0,0.0,0.0,Low,False,False,False
MCH6718,Chaudry-Ramachandran,Telecom,Individual,Lucknow,Uttar Pradesh,Active,1635.83,3.0,32159.760000000002,10719.92,3.0,0.0,0.0,0.0,0.0,0.0,0.0,0.0,0.0,0.0,0.0,Low,False,False,False
MCH6721,"Saran, Varughese And Savant",Pharmacy,Individual,Ludhiana,Punjab,Active,1696.94,2.0,9992.34,4996.17,2.0,0.0,0.0,0.0,0.0,0.0,0.0,0.0,0.0,0.0,0.0,Low,False,False,False
MCH6722,Khalsa-Kapadia,Medical,Partnership,Bengaluru,Karnataka,Active,2042.78,2.0,44381.2,22190.6,1.0,0.0,0.0,0.0,0.0,0.0,0.0,0.0,0.0,0.0,0.0,Low,False,False,False
MCH6730,"Babu, Sarma And Setty",Pharmacy,Partnership,Lucknow,Uttar Pradesh,Active,1118.53,1.0,10407.61,10407.61,1.0,0.0,0.0,0.0,0.0,0.0,0.0,0.0,0.0,0.0,0.0,Low,False,False,False
MCH6731,Thakurplc,Restaurants & Food,Individual,Hyderabad,Telangana,Active,305.3,1.0,7032.3,7032.3,1.0,0.0,0.0,0.0,0.0,0.0,0.0,0.0,0.0,0.0,0.0,Low,False,False,False
MCH6737,Kohli Inc,Books & Stationery,Partnership,Ludhiana,Punjab,Active,675.29,2.0,14310.689999999999,7155.344999999999,2.0,0.0,0.0,0.0,0.0,0.0,0.0,0.0,0.0,0.0,0.0,Low,False,False,False
MCH6738,"Jain, Kothari And Subramanian",Telecom,Individual,Delhi,Delhi,Inactive,1846.61,2.0,17941.62,8970.81,2.0,0.0,0.0,0.0,0.0,0.0,0.0,0.0,0.0,0.0,0.0,Low,False,False,False
MCH6741,Parikh-Bhatt,Hotel & Lodging,Partnership,Delhi,Delhi,On Hold,664.53,0.0,0.0,0.0,0.0,0.0,0.0,0.0,0.0,0.0,0.0,0,0,0,0.0,Low,False,False,False
MCH6742,Mammen Gr0Up,Telecom,Private Limited,Kolkata,West Bengal,Active,6284.1,2.0,17144.99,8572.495,2.0,0.0,0.0,0.0,0.0,0.0,0.0,0.0,0.0,0.0,0.0,Low,False,False,False
MCH6743,Zacharia Inc,Grocery,Individual,Delhi,Delhi,Active,1075.68,0.0,0.0,0.0,0.0,0.0,0.0,0.0,0.0,0.0,0.0,0,0,0,0.0,Low,False,False,False
MCH6744,Grewal Inc,Miscellaneous,Private Limited,Hyderabad,Telangana,Active,1886.71,5.0,73191.8,14638.36,5.0,0.0,0.0,0.0,0.0,0.0,0.0,0.0,0.0,0.0,0.0,Low,False,False,False
MCH6745,Chaudry Plc,Hotel & Lodging,Individual,Lucknow,Uttar Pradesh,Inactive,2605.91,3.0,43210.18,14403.393333333333,3.0,0.0,0.0,0.0,0.0,0.0,0.0,0.0,0.0,0.0,0.0,Low,False,False,False
MCH6746,"Tank, Chanda And Kothari",Grocery,Private Limited,Ludhiana,Punjab,Active,2445.51,2.0,18912.93,9456.465,1.0,0.0,1.0,0.0,0.0,0.0,0.0,0.0,0.0,0.0,0.0,Low,False,False,False
MCH6748,Sathe Inc,Grocery,Sole Proprietor,Kolkata,West Bengal,Inactive,1451.17,1.0,15457.63,15457.63,1.0,0.0,0.0,0.0,0.0,0.0,0.0,0.0,0.0,0.0,0.0,Low,False,False,False
MCH6755,Subramaniam Inc,Hotel & Lodging,Partnership,Delhi,Delhi,Active,1535.05,1.0,10572.94,10572.94,1.0,0.0,0.0,0.0,0.0,0.0,0.0,0.0,0.0,0.0,0.0,Low,False,False,False
MCH6757,Brar-Saha,Books & Stationery,Sole Proprietor,Ludhiana,Punjab,Active,602.25,2.0,36763.58,18381.79,2.0,0.0,0.0,0.0,0.0,0.0,0.0,0.0,0.0,0.0,0.0,Low,False,False,False
MCH6764,Rama-Vora,Transportation,Partnership,Hyderabad,Telangana,Active,892.82,2.0,15854.73,7927.365,2.0,0.0,0.0,0.0,0.0,0.0,0.0,0.0,0.0,0.0,0.0,Low,False,False,False
MCH6765,Sengupta-Keer,Pharmacy,Individual,Delhi,Delhi,Active,1250.47,2.0,38555.86,19277.93,2.0,0.0,0.0,0.0,0.0,0.0,0.0,0.0,0.0,0.0,0.0,Low,False,False,False
MCH6770,Chaudhari-Dewan,Books & Stationery,Sole Proprietor,Jaipur,Rajasthan,Active,1139.41,0.0,0.0,0.0,0.0,0.0,0.0,0.0,0.0,0.0,0.0,0,0,0,0.0,Low,False,False,False
MCH6774,Parsa Ltd,Apparel & Fashion,Private Limited,Amritsar,Punjab,Active,2007.14,2.0,12507.91,6253.955,1.0,0.0,0.0,0.0,0.0,0.0,0.0,0.0,0.0,0.0,0.0,Low,False,False,False
MCH6775,La11 Gr0Up,Miscellaneous,Private Limited,Chennai,Tamil Nadu,Inactive,196.61,2.0,1831.73,915.865,2.0,0.0,0.0,0.0,0.0,0.0,0.0,0.0,0.0,0.0,0.0,Low,False,False,False
MCH6776,Hari-Tak,Transportation,Sole Proprietor,Jalandhar,Punjab,Inactive,1189.41,1.0,947.84,947.84,1.0,0.0,0.0,0.0,0.0,0.0,0.0,0.0,0.0,0.0,0.0,Low,False,False,False
MCH6777,Lall-Date,Grocery,Partnership,Lucknow,Uttar Pradesh,Active,1143.87,3.0,41714.04,13904.68,3.0,0.0,0.0,0.0,0.0,0.0,0.0,0.0,0.0,0.0,0.0,Low,False,False,False
MCH6782,Jani-Bhakta,Hotel & Lodging,Private Limited,Delhi,Delhi,Active,289.03,3.0,30498.690000000002,10166.230000000001,3.0,0.0,0.0,0.0,0.0,0.0,0.0,0.0,0.0,0.0,0.0,Low,False,False,False
MCH6785,Rai Llc,Hotel & Lodging,Sole Proprietor,Chennai,Tamil Nadu,Active,2498.92,2.0,25379.120000000003,12689.560000000001,2.0,0.0,0.0,0.0,0.0,0.0,0.0,0.0,0.0,0.0,0.0,Low,False,False,False
MCH6789,Sanghvi-Garg,Apparel & Fashion,Individual,Kolkata,West Bengal,Active,8043.93,1.0,6357.99,6357.99,1.0,0.0,0.0,0.0,0.0,0.0,0.0,0.0,0.0,0.0,0.0,Low,False,False,False
MCH6802,"Deo, Vohra And Palla",Department Store,Private Limited,Delhi,Delhi,Active,1823.92,2.0,24732.71,12366.355,1.0,0.0,1.0,0.0,0.0,0.0,0.0,0.0,0.0,0.0,0.0,Low,False,False,False
MCH6803,Babu-Aggarwal,Books & Stationery,Partnership,Pune,Maharashtra,Active,2653.94,4.0,58258.130000000005,14564.532500000001,4.0,0.0,0.0,0.0,0.0,0.0,0.0,0.0,0.0,0.0,0.0,Low,False,False,False
MCH6804,Johal And Sons,Apparel & Fashion,Sole Proprietor,Chennai,Tamil Nadu,Inactive,4018.13,1.0,18102.98,18102.98,1.0,0.0,0.0,0.0,0.0,0.0,0.0,0.0,0.0,0.0,0.0,Low,False,False,False
MCH6809,Reddy-Bhatt,Apparel & Fashion,Partnership,Bengaluru,Karnataka,Active,2382.0,3.0,28079.12,9359.706666666667,2.0,0.0,1.0,0.0,0.0,0.0,0.0,0.0,0.0,0.0,0.0,Low,False,False,False
MCH6812,"Gade, Badami And Choudhary",Telecom,Sole Proprietor,Amritsar,Punjab,Active,,3.0,47160.67,15720.223333333333,3.0,0.0,0.0,0.0,0.0,0.0,0.0,0.0,0.0,0.0,0.0,Low,False,False,False
MCH6814,Gara-Seth,Telecom,Private Limited,Jaipur,Rajasthan,Active,,2.0,27790.61,13895.305,2.0,0.0,0.0,0.0,0.0,0.0,0.0,0.0,0.0,0.0,0.0,Low,False,False,False
MCH6815,"Borra, Talwar And Jha",Telecom,Partnership,Jalandhar,Punjab,Active,750.82,4.0,68871.7,17217.925,3.0,0.0,0.0,0.0,0.0,0.0,0.0,0.0,0.0,0.0,0.0,Low,False,False,False
MCH6816,Muni-Bakshi,Books & Stationery,Private Limited,Mumbai,Maharashtra,Suspended,1412.92,2.0,22446.84,11223.42,2.0,0.0,0.0,0.0,0.0,0.0,0.0,0.0,0.0,0.0,0.0,Low,False,False,False
MCH6819,"Krishnan, Pal And Nayar",Restaurants & Food,Sole Proprietor,Hyderabad,Telangana,Active,499.0,0.0,0.0,0.0,0.0,0.0,0.0,0.0,0.0,0.0,0.0,0,0,0,0.0,Low,False,False,False
MCH6822,"Sankar, Deol And Goswami",Telecom,Sole Proprietor,Jaipur,Rajasthan,Inactive,,4.0,69872.15,17468.0375,3.0,0.0,0.0,0.0,0.0,0.0,0.0,0.0,0.0,0.0,0.0,Low,False,False,False
MCH6824,"Talwar, Ramesh And Hora",Books & Stationery,Sole Proprietor,Bengaluru,Karnataka,Active,3249.65,7.0,102401.95,14628.85,7.0,0.0,0.0,0.0,0.0,0.0,0.0,0.0,0.0,0.0,0.0,Low,False,False,False
MCH6825,Viswanathan Ltd,Pharmacy,Partnership,Mumbai,Maharashtra,Active,1083.22,3.0,27820.8,9273.6,3.0,0.0,0.0,0.0,0.0,0.0,0.0,0.0,0.0,0.0,0.0,Low,False,False,False
MCH6827,Mangat And Sons,Pharmacy,Sole Proprietor,Jalandhar,Punjab,Active,1859.4,2.0,16373.38,8186.69,2.0,0.0,0.0,0.0,0.0,0.0,0.0,0.0,0.0,0.0,0.0,Low,False,False,False
MCH6828,Warrior-Bhardwaj,Telecom,Partnership,Lucknow,Uttar Pradesh,Active,2500.44,1.0,3412.99,3412.99,1.0,0.0,0.0,0.0,0.0,0.0,0.0,0.0,0.0,0.0,0.0,Low,False,False,False
MCH6829,"Natarajan, Thaker And Aggarwal",Medical,Sole Proprietor,Mumbai,Maharashtra,Active,1746.05,1.0,19573.0,19573.0,1.0,0.0,0.0,0.0,0.0,0.0,0.0,0.0,0.0,0.0,0.0,Low,False,False,False
MCH6831,Kurian And Sons,Transportation,Private Limited,Pune,Maharashtra,Active,350.65,2.0,14948.32,7474.16,2.0,0.0,0.0,0.0,0.0,0.0,0.0,0.0,0.0,0.0,0.0,Low,False,False,False
MCH6832,"Chaudry, Barman And Patla",Restaurants & Food,Sole Proprietor,Lucknow,Uttar Pradesh,Inactive,617.14,1.0,17415.71,17415.71,1.0,0.0,0.0,0.0,0.0,0.0,0.0,0.0,0.0,0.0,0.0,Low,False,False,False
MCH6837,Oommen-Thaker,Books & Stationery,Individual,Jalandhar,Punjab,Active,1750.4,1.0,10275.32,10275.32,1.0,0.0,0.0,0.0,0.0,0.0,0.0,0.0,0.0,0.0,0.0,Low,False,False,False
MCH6840,Saini Group,Grocery,Private Limited,Bengaluru,Karnataka,Active,,3.0,43769.57,14589.856666666667,3.0,0.0,0.0,0.0,0.0,0.0,0.0,0.0,0.0,0.0,0.0,Low,False,False,False
MCH6843,"Thakkar, Date And Balasubramanian",Apparel & Fashion,Individual,Mumbai,Maharashtra,Active,2750.74,3.0,32024.39,10674.796666666667,3.0,0.0,0.0,0.0,0.0,0.0,0.0,0.0,0.0,0.0,0.0,Low,False,False,False
MCH6848,Dora Llc,Department Store,Partnership,Chennai,Tamil Nadu,Active,1272.49,5.0,79757.69,15951.538,5.0,0.0,0.0,0.0,0.0,0.0,0.0,0.0,0.0,0.0,0.0,Low,False,False,False
MCH6851,Chaudhary And S0Ns,Transportation,Individual,Kolkata,West Bengal,Active,4509.31,1.0,4668.63,4668.63,1.0,0.0,0.0,0.0,0.0,0.0,0.0,0.0,0.0,0.0,0.0,Low,False,False,False
MCH6852,Swamy-Srinivas,Telecom,Private Limited,Chennai,Tamil Nadu,Active,,3.0,32217.11,10739.036666666667,3.0,0.0,0.0,0.0,0.0,0.0,0.0,0.0,0.0,0.0,0.0,Low,False,False,False
MCH6853,Prashad Plc,Hotel & Lodging,Private Limited,Delhi,Delhi,Active,410.64,3.0,12663.04,4221.013333333333,2.0,0.0,1.0,0.0,0.0,0.0,0.0,0.0,0.0,0.0,0.0,Low,False,False,False
MCH6854,Singh-Pandya,Books & Stationery,Partnership,Amritsar,Punjab,Active,353.0,1.0,21259.44,21259.44,1.0,0.0,0.0,0.0,0.0,0.0,0.0,0.0,0.0,0.0,0.0,Low,False,False,False
MCH6855,"Soman, Ravel And Anand",Grocery,Private Limited,Kolkata,West Bengal,Active,1385.58,3.0,34068.86,11356.286666666667,3.0,0.0,0.0,0.0,0.0,0.0,0.0,0.0,0.0,0.0,0.0,Low,False,False,False
MCH6860,Buch Plc,Apparel & Fashion,Private Limited,Kolkata,West Bengal,Active,364.0,3.0,29429.15,9809.716666666667,3.0,0.0,0.0,0.0,0.0,0.0,0.0,0.0,0.0,0.0,0.0,Low,False,False,False
MCH6861,Venkataraman Ltd,Miscellaneous,Private Limited,Mumbai,Maharashtra,Active,810.0,2.0,32659.72,16329.86,2.0,0.0,0.0,0.0,0.0,0.0,0.0,0.0,0.0,0.0,0.0,Low,False,False,False
MCH6862,Misra-Dada,Telecom,Private Limited,Kolkata,West Bengal,Active,736.0,0.0,0.0,0.0,0.0,0.0,0.0,0.0,0.0,0.0,0.0,0,0,0,0.0,Low,False,False,False
MCH6863,Mani Group,Department Store,Individual,Jaipur,Rajasthan,Active,2985.0,1.0,2853.0,2853.0,1.0,0.0,0.0,0.0,0.0,0.0,0.0,0.0,0.0,0.0,0.0,Low,False,False,False
MCH6865,Mander-Chakrabarti,Hotel & Lodging,Private Limited,Mumbai,Maharashtra,Active,,0.0,0.0,0.0,0.0,0.0,0.0,0.0,0.0,0.0,0.0,0,0,0,0.0,Low,False,False,False
MCH6866,Shroff Plc,Medical,Partnership,Ludhiana,Punjab,Active,1819.8,0.0,0.0,0.0,0.0,0.0,0.0,0.0,0.0,0.0,0.0,0,0,0,0.0,Low,False,False,False
MCH6868,Tara Group,Retail,Partnership,Pune,Maharashtra,Active,323.93,2.0,38706.380000000005,19353.190000000002,2.0,0.0,0.0,0.0,0.0,0.0,0.0,0.0,0.0,0.0,0.0,Low,False,False,False
MCH6870,Basak Group,Telecom,Sole Proprietor,Pune,Maharashtra,Active,2497.95,1.0,17662.24,17662.24,1.0,0.0,0.0,0.0,0.0,0.0,0.0,0.0,0.0,0.0,0.0,Low,False,False,False
MCH6873,Dar And Sons,Department Store,Sole Proprietor,Jalandhar,Punjab,Active,75.71,4.0,47709.28,11927.32,4.0,0.0,0.0,0.0,0.0,0.0,0.0,0.0,0.0,0.0,0.0,Low,False,False,False
MCH6875,Anand-Bajwa,Hotel & Lodging,Private Limited,Pune,Maharashtra,Active,1892.34,1.0,15031.86,15031.86,1.0,0.0,0.0,0.0,0.0,0.0,0.0,0.0,0.0,0.0,0.0,Low,False,False,False
MCH6877,Nadkarni And Sons,Grocery,Individual,Ludhiana,Punjab,Active,1757.0,1.0,13.37,13.37,1.0,0.0,0.0,0.0,0.0,0.0,0.0,0.0,0.0,0.0,0.0,Low,False,False,False
MCH6882,"Thaker, Hans And Chandra",Transportation,Private Limited,Lucknow,Uttar Pradesh,Inactive,274.11,1.0,304.38,304.38,1.0,0.0,0.0,0.0,0.0,0.0,0.0,0.0,0.0,0.0,0.0,Low,False,False,False
MCH6892,Chacko-Gaba,Pharmacy,Sole Proprietor,Bengaluru,Karnataka,Active,684.73,1.0,15938.74,15938.74,1.0,0.0,0.0,0.0,0.0,0.0,0.0,0.0,0.0,0.0,0.0,Low,False,False,False
MCH6896,Padmanabhan-Purohit,Telecom,Private Limited,Kolkata,West Bengal,Active,1862.46,4.0,44322.0,11080.5,3.0,0.0,1.0,0.0,0.0,0.0,0.0,0.0,0.0,0.0,0.0,Low,False,False,False
MCH6903,Sanghvi-Suresh,Medical,Sole Proprietor,Pune,Maharashtra,Active,3930.65,1.0,3074.0,3074.0,1.0,0.0,0.0,0.0,0.0,0.0,0.0,0.0,0.0,0.0,0.0,Low,False,False,False
MCH6904,"Dora, Buch And Dara",Grocery,Individual,Lucknow,Uttar Pradesh,Active,,3.0,57863.619999999995,19287.873333333333,3.0,0.0,0.0,0.0,0.0,0.0,0.0,0.0,0.0,0.0,0.0,Low,False,False,False
MCH6907,Dhillon-Sama,Restaurants & Food,Private Limited,Jalandhar,Punjab,Active,4335.88,5.0,46037.869999999995,9207.573999999999,5.0,0.0,0.0,0.0,0.0,0.0,0.0,0.0,0.0,0.0,0.0,Low,False,False,False
MCH6919,Mander Ltd,Miscellaneous,Partnership,Jalandhar,Punjab,Active,2549.85,2.0,6240.66,3120.33,2.0,0.0,0.0,0.0,0.0,0.0,0.0,0.0,0.0,0.0,0.0,Low,False,False,False
MCH6922,"Bassi, Dara And Dutt",Apparel & Fashion,Private Limited,Bengaluru,Karnataka,Active,1736.93,3.0,25854.379999999997,8618.126666666665,3.0,0.0,0.0,0.0,0.0,0.0,0.0,0.0,0.0,0.0,0.0,Low,False,False,False
MCH6923,"Kumar, Hayre And Grover",Books & Stationery,Partnership,Lucknow,Uttar Pradesh,Inactive,937.24,3.0,46497.479999999996,15499.159999999998,3.0,0.0,0.0,0.0,0.0,0.0,0.0,0.0,0.0,0.0,0.0,Low,False,False,False
MCH6926,Bhattacharyya And S0Ns,Medical,Private Limited,Jaipur,Rajasthan,Active,3997.27,3.0,51462.76,17154.253333333334,3.0,0.0,0.0,0.0,0.0,0.0,0.0,0.0,0.0,0.0,0.0,Low,False,False,False
MCH6935,"Sagar,Badalandjha",Pharmacy,Private Limited,Delhi,Delhi,Active,319.7,3.0,17596.479999999996,5865.493333333332,3.0,0.0,0.0,0.0,0.0,0.0,0.0,0.0,0.0,0.0,0.0,Low,False,False,False
MCH6939,Sampath Ltd,Miscellaneous,Sole Proprietor,Lucknow,Uttar Pradesh,Active,2962.51,2.0,10895.880000000001,5447.9400000000005,2.0,0.0,0.0,0.0,0.0,0.0,0.0,0.0,0.0,0.0,0.0,Low,False,False,False
MCH6940,Koshy Inc,Transportation,Private Limited,Chennai,Tamil Nadu,Active,5556.5,2.0,38464.09,19232.045,2.0,0.0,0.0,0.0,0.0,0.0,0.0,0.0,0.0,0.0,0.0,Low,False,False,False
MCH6944,Amb1E-Duga1,Transportation,Individual,Mumbai,Maharashtra,Active,1017.42,6.0,67260.09,11210.015,6.0,0.0,0.0,0.0,0.0,0.0,0.0,0.0,0.0,0.0,0.0,Low,False,False,False
MCH6949,"Dada, Suri And Chhabra",Hotel & Lodging,Sole Proprietor,Pune,Maharashtra,Active,333.77,1.0,7929.66,7929.66,1.0,0.0,0.0,0.0,0.0,0.0,0.0,0.0,0.0,0.0,0.0,Low,False,False,False
MCH6950,"Bal, Swaminathan And Desai",Pharmacy,Partnership,Jaipur,Rajasthan,Active,1101.05,3.0,24289.16,8096.386666666666,3.0,0.0,0.0,0.0,0.0,0.0,0.0,0.0,0.0,0.0,0.0,Low,False,False,False
MCH6970,Mani-Sankaran,Grocery,Partnership,Delhi,Delhi,Active,511.17,4.0,67959.25,16989.8125,4.0,0.0,0.0,0.0,0.0,0.0,0.0,0.0,0.0,0.0,0.0,Low,False,False,False
MCH6972,Badal-Kamdar,Hotel & Lodging,Private Limited,Pune,Maharashtra,Active,1516.57,3.0,49916.810000000005,16638.93666666667,3.0,0.0,0.0,0.0,0.0,0.0,0.0,0.0,0.0,0.0,0.0,Low,False,False,False
MCH6977,Sathe-Jha,Books & Stationery,Individual,Lucknow,Uttar Pradesh,Active,,2.0,10591.91,5295.955,2.0,0.0,0.0,0.0,0.0,0.0,0.0,0.0,0.0,0.0,0.0,Low,False,False,False
MCH6982,"Baral, Ramachandran And Keer",Books & Stationery,Partnership,Lucknow,Uttar Pradesh,On Hold,5234.31,4.0,39755.229999999996,9938.807499999999,4.0,0.0,0.0,0.0,0.0,0.0,0.0,0.0,0.0,0.0,0.0,Low,False,False,False
MCH6986,"Joshi, Chacko And Sawhney",Grocery,Individual,Mumbai,Maharashtra,Active,606.88,3.0,27476.78,9158.926666666666,2.0,0.0,1.0,0.0,0.0,0.0,0.0,0.0,0.0,0.0,0.0,Low,False,False,False
MCH6989,Raju Llc,Apparel & Fashion,Individual,Jaipur,Rajasthan,Inactive,1427.8,1.0,17088.83,17088.83,1.0,0.0,0.0,0.0,0.0,0.0,0.0,0.0,0.0,0.0,0.0,Low,False,False,False
MCH6990,Apte-Choudhary,Transportation,Partnership,Bengaluru,Karnataka,Active,3342.47,3.0,21896.13,7298.71,3.0,0.0,0.0,0.0,0.0,0.0,0.0,0.0,0.0,0.0,0.0,Low,False,False,False
MCH6991,Dani Ltd,Transportation,Partnership,Bengaluru,Karnataka,Active,,3.0,65820.15,21940.05,3.0,0.0,0.0,0.0,0.0,0.0,0.0,0.0,0.0,0.0,0.0,Low,False,False,False
MCH6992,"Srivastava, Sha And Natarajan",Restaurants & Food,Partnership,Amritsar,Punjab,Active,893.0,1.0,1843.37,1843.37,0.0,0.0,0.0,0.0,0.0,0.0,0.0,0.0,0.0,0.0,0.0,Low,False,False,False
MCH6998,Jani-Nayak,Department Store,Individual,Delhi,Delhi,Active,3349.13,1.0,11866.13,11866.13,1.0,0.0,0.0,0.0,0.0,0.0,0.0,0.0,0.0,0.0,0.0,Low,False,False,False
MCH6999,Solanki Plc,Hotel & Lodging,Partnership,Chennai,Tamil Nadu,Active,926.71,1.0,24965.3,24965.3,1.0,0.0,0.0,0.0,0.0,0.0,0.0,0.0,0.0,0.0,0.0,Low,False,False,False
MCH7001,Das Llc,Telecom,Private Limited,Kolkata,West Bengal,Active,3255.38,3.0,41071.72,13690.573333333334,3.0,0.0,0.0,0.0,0.0,0.0,0.0,0.0,0.0,0.0,0.0,Low,False,False,False
MCH7010,Kuruvilla-Shanker,Grocery,Sole Proprietor,Delhi,Delhi,Suspended,524.4,1.0,21162.84,21162.84,1.0,0.0,0.0,0.0,0.0,0.0,0.0,0.0,0.0,0.0,0.0,Low,False,False,False
MCH7013,"Batra,Narangandgala",Medical,Sole Proprietor,Delhi,Delhi,Active,2875.47,4.0,25009.46,6252.365,3.0,0.0,0.0,0.0,0.0,0.0,0.0,0.0,0.0,0.0,0.0,Low,False,False,False
MCH7016,Ratti Plc,Travel,Partnership,Lucknow,Uttar Pradesh,Active,319.94,4.0,26075.08,6518.77,4.0,0.0,0.0,0.0,0.0,0.0,0.0,0.0,0.0,0.0,0.0,Low,False,False,False
MCH7023,Walla-Raj,Department Store,Individual,Delhi,Delhi,Active,1307.24,4.0,28845.7,7211.425,3.0,0.0,0.0,0.0,0.0,0.0,0.0,0.0,0.0,0.0,0.0,Low,False,False,False
MCH7026,Ganesan-Manda,Hotel & Lodging,Sole Proprietor,Mumbai,Maharashtra,Active,1364.0,3.0,41371.2,13790.4,3.0,0.0,0.0,0.0,0.0,0.0,0.0,0.0,0.0,0.0,0.0,Low,False,False,False
MCH7027,"Vyas, Ghose And Narasimhan",Department Store,Sole Proprietor,Hyderabad,Telangana,Active,860.0,2.0,22439.66,11219.83,2.0,0.0,0.0,0.0,0.0,0.0,0.0,0.0,0.0,0.0,0.0,Low,False,False,False
MCH7028,Jain-Merchant,Medical,Partnership,Lucknow,Uttar Pradesh,Active,542.31,2.0,15979.95,7989.975,2.0,0.0,0.0,0.0,0.0,0.0,0.0,0.0,0.0,0.0,0.0,Low,False,False,False
MCH7029,"Vasa, Zachariah And Narula",Restaurants & Food,Private Limited,Kolkata,West Bengal,Active,2526.83,2.0,29479.7,14739.85,2.0,0.0,0.0,0.0,0.0,0.0,0.0,0.0,0.0,0.0,0.0,Low,False,False,False
MCH7034,Kohli Inc,Grocery,Partnership,Bengaluru,Karnataka,Active,4369.0,2.0,17396.33,8698.165,2.0,0.0,0.0,0.0,0.0,0.0,0.0,0.0,0.0,0.0,0.0,Low,False,False,False
MCH7038,Mannan-Singh,Books & Stationery,Individual,Bengaluru,Karnataka,Inactive,620.0,2.0,27361.149999999998,13680.574999999999,2.0,0.0,0.0,0.0,0.0,0.0,0.0,0.0,0.0,0.0,0.0,Low,False,False,False
MCH7042,Barad-Raman,Telecom,Sole Proprietor,Chennai,Tamil Nadu,Active,986.23,0.0,0.0,0.0,0.0,0.0,0.0,0.0,0.0,0.0,0.0,0,0,0,0.0,Low,False,False,False
MCH7044,Chanda-Gaba,Restaurants & Food,Private Limited,Bengaluru,Karnataka,Active,402.62,0.0,0.0,0.0,0.0,0.0,0.0,0.0,0.0,0.0,0.0,0,0,0,0.0,Low,False,False,False
MCH7050,Chand And Sons,Pharmacy,Private Limited,Bengaluru,Karnataka,Active,781.34,1.0,23232.0,23232.0,1.0,0.0,0.0,0.0,0.0,0.0,0.0,0.0,0.0,0.0,0.0,Low,False,False,False
MCH7060,"Nayak, Parmer And Anand",Pharmacy,Private Limited,Kolkata,West Bengal,Active,1299.1,2.0,10950.9,5475.45,2.0,0.0,0.0,0.0,0.0,0.0,0.0,0.0,0.0,0.0,0.0,Low,False,False,False
MCH7062,"Karpe, Sekhon And Memon",Miscellaneous,Partnership,Chennai,Tamil Nadu,Active,2267.0,1.0,18950.86,18950.86,1.0,0.0,0.0,0.0,0.0,0.0,0.0,0.0,0.0,0.0,0.0,Low,False,False,False
MCH7076,Bava-Shroff,Miscellaneous,Sole Proprietor,Chennai,Tamil Nadu,Active,875.99,1.0,762.3,762.3,1.0,0.0,0.0,0.0,0.0,0.0,0.0,0.0,0.0,0.0,0.0,Low,False,False,False
MCH7077,Raman And Sons,Books & Stationery,Partnership,Chennai,Tamil Nadu,Active,359.0,1.0,16550.64,16550.64,1.0,0.0,0.0,0.0,0.0,0.0,0.0,0.0,0.0,0.0,0.0,Low,False,False,False
MCH7087,Prashad Llc,Department Store,Partnership,Chennai,Tamil Nadu,Active,955.0,3.0,54664.149999999994,18221.38333333333,3.0,0.0,0.0,0.0,0.0,0.0,0.0,0.0,0.0,0.0,0.0,Low,False,False,False
MCH7088,Prabhu-Agarwal,Department Store,Sole Proprietor,Mumbai,Maharashtra,Inactive,5426.05,1.0,13855.92,13855.92,1.0,0.0,0.0,0.0,0.0,0.0,0.0,0.0,0.0,0.0,0.0,Low,False,False,False
MCH7089,"Reddy, Dua And Trivedi",Medical,Private Limited,Kolkata,West Bengal,Inactive,819.59,2.0,13233.260000000002,6616.630000000001,2.0,0.0,0.0,0.0,0.0,0.0,0.0,0.0,0.0,0.0,0.0,Low,False,False,False
MCH7093,Pai-Pau,Hotel & Lodging,Individual,Mumbai,Maharashtra,Suspended,1636.89,3.0,20981.46,6993.82,3.0,0.0,0.0,0.0,0.0,0.0,0.0,0.0,0.0,0.0,0.0,Low,False,False,False
MCH7095,"Sachdev, Sunder And Dalal",Books & Stationery,Partnership,Mumbai,Maharashtra,Active,3937.6,1.0,18607.21,18607.21,1.0,0.0,0.0,0.0,0.0,0.0,0.0,0.0,0.0,0.0,0.0,Low,False,False,False
MCH7096,Mukhopadhyay-Din,Restaurants & Food,Private Limited,Delhi,Delhi,Active,616.51,2.0,30633.74,15316.87,1.0,0.0,1.0,0.0,0.0,0.0,0.0,0.0,0.0,0.0,0.0,Low,False,False,False
MCH7098,Patla Plc,Transportation,Individual,Jaipur,Rajasthan,Active,926.0,2.0,32606.690000000002,16303.345000000001,2.0,0.0,0.0,0.0,0.0,0.0,0.0,0.0,0.0,0.0,0.0,Low,False,False,False
MCH7100,Sanghvi-Pandit,Apparel & Fashion,Individual,Pune,Maharashtra,Active,,0.0,0.0,0.0,0.0,0.0,0.0,0.0,0.0,0.0,0.0,0,0,0,0.0,Low,False,False,False
MCH7104,Kothari Llc,Telecom,Partnership,Jalandhar,Punjab,Active,810.17,1.0,24804.03,24804.03,1.0,0.0,0.0,0.0,0.0,0.0,0.0,0.0,0.0,0.0,0.0,Low,False,False,False
MCH7106,Mody-Mitter,Apparel & Fashion,Individual,Bengaluru,Karnataka,Active,574.51,2.0,24077.53,12038.765,2.0,0.0,0.0,0.0,0.0,0.0,0.0,0.0,0.0,0.0,0.0,Low,False,False,False
MCH7108,Krishnan Group,Grocery,Sole Proprietor,Delhi,Delhi,Active,567.27,4.0,52245.11,13061.2775,4.0,0.0,0.0,0.0,0.0,0.0,0.0,0.0,0.0,0.0,0.0,Low,False,False,False
MCH7111,Kohli-Zachariah,Grocery,Partnership,Ludhiana,Punjab,Active,585.6,2.0,27120.940000000002,13560.470000000001,2.0,0.0,0.0,0.0,0.0,0.0,0.0,0.0,0.0,0.0,0.0,Low,False,False,False
MCH7113,"Jain,Bhattiandsha",Books & Stationery,Partnership,Chennai,Tamil Nadu,Suspended,1921.99,3.0,30436.19,10145.396666666666,3.0,0.0,0.0,0.0,0.0,0.0,0.0,0.0,0.0,0.0,0.0,Low,False,False,False
MCH7118,Chaudhry Ltd,Retail,Sole Proprietor,Hyderabad,Telangana,Active,6144.18,1.0,4284.0,4284.0,1.0,0.0,0.0,0.0,0.0,0.0,0.0,0.0,0.0,0.0,0.0,Low,False,False,False
MCH7121,"Narasimhan, Anand And Gaba",Miscellaneous,Private Limited,Pune,Maharashtra,Active,2139.0,1.0,3750.44,3750.44,1.0,0.0,0.0,0.0,0.0,0.0,0.0,0.0,0.0,0.0,0.0,Low,False,False,False
MCH7126,"Shankar, Dave And Mahajan",Transportation,Individual,Pune,Maharashtra,Active,2564.94,2.0,31941.73,15970.865,2.0,0.0,0.0,0.0,0.0,0.0,0.0,0.0,0.0,0.0,0.0,Low,False,False,False
MCH7133,Dininc,Grocery,Private Limited,Pune,Maharashtra,Inactive,,1.0,12522.63,12522.63,1.0,0.0,0.0,0.0,0.0,0.0,0.0,0.0,0.0,0.0,0.0,Low,False,False,False
MCH7138,Shere-Shankar,Grocery,Sole Proprietor,Chennai,Tamil Nadu,Active,1960.27,4.0,59167.15,14791.7875,4.0,0.0,0.0,0.0,0.0,0.0,0.0,0.0,0.0,0.0,0.0,Low,False,False,False
MCH7144,"Char, Kapadia And Palla",Miscellaneous,Private Limited,Mumbai,Maharashtra,Inactive,4555.85,2.0,24709.69,12354.845,2.0,0.0,0.0,0.0,0.0,0.0,0.0,0.0,0.0,0.0,0.0,Low,False,False,False
MCH7145,Ratti And Sons,Grocery,Sole Proprietor,Pune,Maharashtra,Active,1161.56,1.0,12599.3,12599.3,1.0,0.0,0.0,0.0,0.0,0.0,0.0,0.0,0.0,0.0,0.0,Low,False,False,False
MCH7146,Bali Plc,Telecom,Private Limited,Hyderabad,Telangana,Active,8255.11,0.0,0.0,0.0,0.0,0.0,0.0,0.0,0.0,0.0,0.0,0,0,0,0.0,Low,False,False,False
MCH7149,Shanker-Kala,Books & Stationery,Sole Proprietor,Amritsar,Punjab,Active,1819.0,5.0,45991.54,9198.308,4.0,0.0,1.0,0.0,0.0,0.0,0.0,0.0,0.0,0.0,0.0,Low,False,False,False
MCH7152,"Bedi, Patil And Rana",Retail,Private Limited,Chennai,Tamil Nadu,Inactive,1076.99,0.0,0.0,0.0,0.0,0.0,0.0,0.0,0.0,0.0,0.0,0,0,0,0.0,Low,False,False,False
MCH7154,"Raj, Ram And Chokshi",Restaurants & Food,Private Limited,Chennai,Tamil Nadu,Active,242.8,0.0,0.0,0.0,0.0,0.0,0.0,0.0,0.0,0.0,0.0,0,0,0,0.0,Low,False,False,False
MCH7156,"Sathe, Patla And Tailor",Department Store,Individual,Jaipur,Rajasthan,Active,2168.89,5.0,78965.06,15793.011999999999,5.0,0.0,0.0,0.0,0.0,0.0,0.0,0.0,0.0,0.0,0.0,Low,False,False,False
MCH7157,Bir Inc,Telecom,Private Limited,Lucknow,Uttar Pradesh,Active,906.12,2.0,32751.48,16375.74,2.0,0.0,0.0,0.0,0.0,0.0,0.0,0.0,0.0,0.0,0.0,Low,False,False,False
MCH7163,"Chowdhury, Goyal And Pradhan",Transportation,Sole Proprietor,Pune,Maharashtra,Active,,2.0,27061.620000000003,13530.810000000001,2.0,0.0,0.0,0.0,0.0,0.0,0.0,0.0,0.0,0.0,0.0,Low,False,False,False
MCH7164,"Tata, Sachdeva And Palan",Transportation,Individual,Jalandhar,Punjab,Active,519.18,2.0,11448.75,5724.375,2.0,0.0,0.0,0.0,0.0,0.0,0.0,0.0,0.0,0.0,0.0,Low,False,False,False
MCH7165,Kulkarni-Ramanathan,Telecom,Private Limited,Amritsar,Punjab,Active,284.68,0.0,0.0,0.0,0.0,0.0,0.0,0.0,0.0,0.0,0.0,0,0,0,0.0,Low,False,False,False
MCH7167,"Bir, Kunda And Manne",Books & Stationery,Partnership,Hyderabad,Telangana,Active,397.0,2.0,28732.96,14366.48,2.0,0.0,0.0,0.0,0.0,0.0,0.0,0.0,0.0,0.0,0.0,Low,False,False,False
MCH7172,Chandran-Palla,Department Store,Partnership,Pune,Maharashtra,Active,1177.65,2.0,23957.2,11978.6,2.0,0.0,0.0,0.0,0.0,0.0,0.0,0.0,0.0,0.0,0.0,Low,False,False,False
MCH7176,"Sachar, Wali And Saha",Travel,Individual,Kolkata,West Bengal,Active,980.72,1.0,4142.61,4142.61,1.0,0.0,0.0,0.0,0.0,0.0,0.0,0.0,0.0,0.0,0.0,Low,False,False,False
MCH7178,Devan And Sons,Grocery,Sole Proprietor,Kolkata,West Bengal,Inactive,758.21,1.0,13159.0,13159.0,1.0,0.0,0.0,0.0,0.0,0.0,0.0,0.0,0.0,0.0,0.0,Low,False,False,False
MCH7181,"Dar, Dada And Kala",Transportation,Partnership,Kolkata,West Bengal,Active,859.59,1.0,10745.77,10745.77,1.0,0.0,0.0,0.0,0.0,0.0,0.0,0.0,0.0,0.0,0.0,Low,False,False,False
MCH7184,Dara Inc,Grocery,Sole Proprietor,Mumbai,Maharashtra,Active,1095.25,1.0,7594.72,7594.72,1.0,0.0,0.0,0.0,0.0,0.0,0.0,0.0,0.0,0.0,0.0,Low,False,False,False
MCH7185,Agarwal Plc,Hotel & Lodging,Individual,Pune,Maharashtra,Active,1255.08,5.0,39207.18,7841.436,5.0,0.0,0.0,0.0,0.0,0.0,0.0,0.0,0.0,0.0,0.0,Low,False,False,False
MCH7187,Sandhu Inc,Restaurants & Food,Individual,Amritsar,Punjab,Active,4006.56,5.0,56918.0,11383.6,5.0,0.0,0.0,0.0,0.0,0.0,0.0,0.0,0.0,0.0,0.0,Low,False,False,False
MCH7190,Som-Kibe,Apparel & Fashion,Private Limited,Lucknow,Uttar Pradesh,Active,2254.41,4.0,54027.810000000005,13506.952500000001,4.0,0.0,0.0,0.0,0.0,0.0,0.0,0.0,0.0,0.0,0.0,Low,False,False,False
MCH7192,Nanda And Sons,Hotel & Lodging,Private Limited,Bengaluru,Karnataka,Active,650.92,1.0,7427.04,7427.04,1.0,0.0,0.0,0.0,0.0,0.0,0.0,0.0,0.0,0.0,0.0,Low,False,False,False
MCH7195,Som And Sons,Miscellaneous,Sole Proprietor,Chennai,Tamil Nadu,Active,1440.74,2.0,29806.03,14903.015,2.0,0.0,0.0,0.0,0.0,0.0,0.0,0.0,0.0,0.0,0.0,Low,False,False,False
MCH7197,Raval-Chadha,Restaurants & Food,Individual,Mumbai,Maharashtra,Active,218.4,0.0,0.0,0.0,0.0,0.0,0.0,0.0,0.0,0.0,0.0,0,0,0,0.0,Low,False,False,False
MCH7198,Dar-Sani,Hotel & Lodging,Private Limited,Hyderabad,Telangana,Active,1840.43,0.0,0.0,0.0,0.0,0.0,0.0,0.0,0.0,0.0,0.0,0,0,0,0.0,Low,False,False,False
MCH7200,Madan Plc,Apparel & Fashion,Individual,Delhi,Delhi,Active,190.57,7.0,88789.16,12684.165714285715,6.0,1.0,0.0,0.0,0.0,0.0,0.0,14.29,0.0,0.0,0.0,Low,False,False,False
MCH7203,Sani-Memon,Retail,Sole Proprietor,Amritsar,Punjab,Active,,0.0,0.0,0.0,0.0,0.0,0.0,0.0,0.0,0.0,0.0,0,0,0,0.0,Low,False,False,False
MCH7205,Dara Plc,Pharmacy,Sole Proprietor,Ludhiana,Punjab,Active,1778.94,1.0,24940.73,24940.73,1.0,0.0,0.0,0.0,0.0,0.0,0.0,0.0,0.0,0.0,0.0,Low,False,False,False
MCH7206,Srivastava And Sons,Grocery,Private Limited,Lucknow,Uttar Pradesh,Active,1434.41,1.0,19220.68,19220.68,1.0,0.0,0.0,0.0,0.0,0.0,0.0,0.0,0.0,0.0,0.0,Low,False,False,False
MCH7211,"Apte, Vasa And Batta",Books & Stationery,Sole Proprietor,Mumbai,Maharashtra,Active,1841.0,2.0,28806.61,14403.305,2.0,0.0,0.0,0.0,0.0,0.0,0.0,0.0,0.0,0.0,0.0,Low,False,False,False
MCH7215,"Kau1, Pur0Hit And Ar0Ra",Retail,Private Limited,Hyderabad,Telangana,Active,2403.84,2.0,33953.509999999995,16976.754999999997,1.0,0.0,0.0,0.0,0.0,0.0,0.0,0.0,0.0,0.0,0.0,Low,False,False,False
MCH7216,Pillai And Sons,Telecom,Individual,Amritsar,Punjab,Active,356.0,1.0,9919.52,9919.52,1.0,0.0,0.0,0.0,0.0,0.0,0.0,0.0,0.0,0.0,0.0,Low,False,False,False
MCH7220,Rege-Sharaf,Restaurants & Food,Private Limited,Amritsar,Punjab,Active,978.47,3.0,49214.19,16404.73,3.0,0.0,0.0,0.0,0.0,0.0,0.0,0.0,0.0,0.0,0.0,Low,False,False,False
MCH7222,Verma And Sons,Telecom,Individual,Delhi,Delhi,Inactive,,3.0,31389.72,10463.24,3.0,0.0,0.0,0.0,0.0,0.0,0.0,0.0,0.0,0.0,0.0,Low,False,False,False
MCH7226,"Peri, Barad And Panchal",Books & Stationery,Sole Proprietor,Delhi,Delhi,Active,4237.0,1.0,10974.67,10974.67,1.0,0.0,0.0,0.0,0.0,0.0,0.0,0.0,0.0,0.0,0.0,Low,False,False,False
MCH7228,Swaminathanltd,Telecom,Partnership,Ludhiana,Punjab,Active,,2.0,46595.75,23297.875,2.0,0.0,0.0,0.0,0.0,0.0,0.0,0.0,0.0,0.0,0.0,Low,False,False,False
MCH7236,Bhasin Llc,Apparel & Fashion,Partnership,Jalandhar,Punjab,Active,1228.0,3.0,29240.43,9746.81,3.0,0.0,0.0,0.0,0.0,0.0,0.0,0.0,0.0,0.0,0.0,Low,False,False,False
MCH7237,Reddy-Majumdar,Restaurants & Food,Partnership,Delhi,Delhi,Active,987.48,3.0,40638.16,13546.053333333335,3.0,0.0,0.0,0.0,0.0,0.0,0.0,0.0,0.0,0.0,0.0,Low,False,False,False
MCH7239,Tata-Hayer,Hotel & Lodging,Individual,Chennai,Tamil Nadu,Active,1929.61,1.0,14927.82,14927.82,0.0,0.0,0.0,0.0,0.0,0.0,0.0,0.0,0.0,0.0,0.0,Low,False,False,False
MCH7248,Rajagopalan Group,Hotel & Lodging,Partnership,Hyderabad,Telangana,Active,859.24,1.0,15719.49,15719.49,1.0,0.0,0.0,0.0,0.0,0.0,0.0,0.0,0.0,0.0,0.0,Low,False,False,False
MCH7249,Prakash Group,Restaurants & Food,Sole Proprietor,Mumbai,Maharashtra,Active,1855.0,2.0,21988.84,10994.42,2.0,0.0,0.0,0.0,0.0,0.0,0.0,0.0,0.0,0.0,0.0,Low,False,False,False
MCH7252,"Krishnamurthy, Pandit And Mukherjee",Books & Stationery,Sole Proprietor,Hyderabad,Telangana,Active,1234.51,2.0,15325.09,7662.545,2.0,0.0,0.0,0.0,0.0,0.0,0.0,0.0,0.0,0.0,0.0,Low,False,False,False
MCH7256,Arora-Raman,Transportation,Sole Proprietor,Lucknow,Uttar Pradesh,Active,449.65,2.0,46885.55,23442.775,2.0,0.0,0.0,0.0,0.0,0.0,0.0,0.0,0.0,0.0,0.0,Low,False,False,False
MCH7257,"Nagi, Gera And Bedi",Miscellaneous,Sole Proprietor,Jaipur,Rajasthan,Active,786.7,2.0,14381.73,7190.865,1.0,0.0,1.0,0.0,0.0,0.0,0.0,0.0,0.0,0.0,0.0,Low,False,False,False
MCH7258,"Om, Swaminathan And Ray",Apparel & Fashion,Private Limited,Jaipur,Rajasthan,Inactive,472.89,3.0,63175.8,21058.600000000002,3.0,0.0,0.0,0.0,0.0,0.0,0.0,0.0,0.0,0.0,0.0,Low,False,False,False
MCH7260,Kunda Inc,Hotel & Lodging,Private Limited,Jalandhar,Punjab,Active,391.11,0.0,0.0,0.0,0.0,0.0,0.0,0.0,0.0,0.0,0.0,0,0,0,0.0,Low,False,False,False
MCH7262,Loke Llc,Telecom,Partnership,Mumbai,Maharashtra,Active,3675.05,1.0,312.59,312.59,1.0,0.0,0.0,0.0,0.0,0.0,0.0,0.0,0.0,0.0,0.0,Low,False,False,False
MCH7266,Sule Plc,Restaurants & Food,Partnership,Jaipur,Rajasthan,Active,,0.0,0.0,0.0,0.0,0.0,0.0,0.0,0.0,0.0,0.0,0,0,0,0.0,Low,False,False,False
MCH7268,Mand-Char,Pharmacy,Private Limited,Mumbai,Maharashtra,Active,1359.5,1.0,17529.67,17529.67,1.0,0.0,0.0,0.0,0.0,0.0,0.0,0.0,0.0,0.0,0.0,Low,False,False,False
MCH7269,La11-Raman,Telecom,Private Limited,Lucknow,Uttar Pradesh,Active,1031.92,6.0,36847.22,6141.203333333334,4.0,1.0,1.0,0.0,0.0,0.0,0.0,16.67,0.0,0.0,0.0,Low,False,False,False
MCH7270,Subramanian Llc,Hotel & Lodging,Private Limited,Amritsar,Punjab,Active,1469.96,1.0,23759.99,23759.99,1.0,0.0,0.0,0.0,0.0,0.0,0.0,0.0,0.0,0.0,0.0,Low,False,False,False
MCH7272,Bansal-Das,Pharmacy,Sole Proprietor,Ludhiana,Punjab,Active,391.71,2.0,13745.01,6872.505,2.0,0.0,0.0,0.0,0.0,0.0,0.0,0.0,0.0,0.0,0.0,Low,False,False,False
MCH7276,Talwar-Kant,Transportation,Partnership,Jaipur,Rajasthan,Active,692.16,5.0,48349.880000000005,9669.976,5.0,0.0,0.0,0.0,0.0,0.0,0.0,0.0,0.0,0.0,0.0,Low,False,False,False
MCH7279,Das Plc,Miscellaneous,Partnership,Jaipur,Rajasthan,Active,1157.26,1.0,15166.74,15166.74,1.0,0.0,0.0,0.0,0.0,0.0,0.0,0.0,0.0,0.0,0.0,Low,False,False,False
MCH7280,"Sathe, Shan And Oommen",Grocery,Individual,Ludhiana,Punjab,Active,466.99,3.0,38455.31,12818.436666666666,3.0,0.0,0.0,0.0,0.0,0.0,0.0,0.0,0.0,0.0,0.0,Low,False,False,False
MCH7281,Kalita-Mistry,Telecom,Private Limited,Hyderabad,Telangana,Active,2941.71,0.0,0.0,0.0,0.0,0.0,0.0,0.0,0.0,0.0,0.0,0,0,0,0.0,Low,False,False,False
MCH7282,Chopra Llc,Grocery,Partnership,Amritsar,Punjab,Active,1111.0,2.0,25837.89,12918.945,2.0,0.0,0.0,0.0,0.0,0.0,0.0,0.0,0.0,0.0,0.0,Low,False,False,False
MCH7288,"Lalla, Sant And Mutti",Grocery,Private Limited,Delhi,Delhi,Active,,1.0,22030.92,22030.92,0.0,0.0,0.0,0.0,0.0,0.0,0.0,0.0,0.0,0.0,0.0,Low,False,False,False
MCH7289,Nayar-Dara,Apparel & Fashion,Individual,Pune,Maharashtra,Active,4510.0,2.0,41328.07,20664.035,2.0,0.0,0.0,0.0,0.0,0.0,0.0,0.0,0.0,0.0,0.0,Low,False,False,False
MCH7290,"Subramanian, B0Rde And Ba1Akrishnan",Apparel & Fashion,Individual,Lucknow,Uttar Pradesh,Active,2695.0,2.0,30555.1,15277.55,2.0,0.0,0.0,0.0,0.0,0.0,0.0,0.0,0.0,0.0,0.0,Low,False,False,False
MCH7295,Palan-Ray,Hotel & Lodging,Partnership,Bengaluru,Karnataka,Active,1161.77,0.0,0.0,0.0,0.0,0.0,0.0,0.0,0.0,0.0,0.0,0,0,0,0.0,Low,False,False,False
MCH7298,"Sangha, Sangha And Kulkarni",Grocery,Individual,Delhi,Delhi,Active,1661.92,2.0,40870.77,20435.385,2.0,0.0,0.0,0.0,0.0,0.0,0.0,0.0,0.0,0.0,0.0,Low,False,False,False
MCH7305,Iyer-Nagi,Apparel & Fashion,Individual,Mumbai,Maharashtra,Active,1967.89,6.0,53218.22,8869.703333333333,5.0,0.0,1.0,0.0,0.0,0.0,0.0,0.0,0.0,0.0,0.0,Low,False,False,False
MCH7309,"Loke, Chada And Badal",Apparel & Fashion,Sole Proprietor,Ludhiana,Punjab,Active,3465.02,0.0,0.0,0.0,0.0,0.0,0.0,0.0,0.0,0.0,0.0,0,0,0,0.0,Low,False,False,False
MCH7310,Mander Group,Apparel & Fashion,Partnership,Lucknow,Uttar Pradesh,Inactive,1987.96,2.0,28156.809999999998,14078.404999999999,2.0,0.0,0.0,0.0,0.0,0.0,0.0,0.0,0.0,0.0,0.0,Low,False,False,False
MCH7311,Jhaveri-Hans,Hotel & Lodging,Sole Proprietor,Mumbai,Maharashtra,Active,1009.0,0.0,0.0,0.0,0.0,0.0,0.0,0.0,0.0,0.0,0.0,0,0,0,0.0,Low,False,False,False
MCH7312,Ramakrishnan-Banerjee,Retail,Sole Proprietor,Mumbai,Maharashtra,Active,977.96,1.0,10747.12,10747.12,1.0,0.0,0.0,0.0,0.0,0.0,0.0,0.0,0.0,0.0,0.0,Low,False,False,False
MCH7313,Comar-Din,Telecom,Private Limited,Mumbai,Maharashtra,Active,1884.45,6.0,64286.310000000005,10714.385,5.0,0.0,0.0,0.0,0.0,0.0,0.0,0.0,0.0,0.0,0.0,Low,False,False,False
MCH7314,Mahajan-B0Rde,Miscellaneous,Partnership,Lucknow,Uttar Pradesh,Active,1003.0,3.0,43568.520000000004,14522.840000000002,3.0,0.0,0.0,0.0,0.0,0.0,0.0,0.0,0.0,0.0,0.0,Low,False,False,False
MCH7316,Tak Ltd,Books & Stationery,Sole Proprietor,Jaipur,Rajasthan,Active,688.43,4.0,67461.73000000001,16865.432500000003,4.0,0.0,0.0,0.0,0.0,0.0,0.0,0.0,0.0,0.0,0.0,Low,False,False,False
MCH7324,Grover-Murty,Books & Stationery,Partnership,Jalandhar,Punjab,Suspended,1077.62,1.0,22456.75,22456.75,1.0,0.0,0.0,0.0,0.0,0.0,0.0,0.0,0.0,0.0,0.0,Low,False,False,False
MCH7336,Krishnan And Sons,Restaurants & Food,Partnership,Jalandhar,Punjab,Active,1122.92,2.0,18255.71,9127.855,2.0,0.0,0.0,0.0,0.0,0.0,0.0,0.0,0.0,0.0,0.0,Low,False,False,False
MCH7337,Nath-Narayan,Apparel & Fashion,Individual,Hyderabad,Telangana,Active,3029.85,2.0,36690.3,18345.15,2.0,0.0,0.0,0.0,0.0,0.0,0.0,0.0,0.0,0.0,0.0,Low,False,False,False
MCH7339,"Purohit, Dhingra And Barman",Grocery,Individual,Chennai,Tamil Nadu,Active,2247.46,5.0,71763.88,14352.776000000002,5.0,0.0,0.0,0.0,0.0,0.0,0.0,0.0,0.0,0.0,0.0,Low,False,False,False
MCH7341,Varughese Inc,Hotel & Lodging,Partnership,Kolkata,West Bengal,Active,,3.0,46518.5,15506.166666666666,3.0,0.0,0.0,0.0,0.0,0.0,0.0,0.0,0.0,0.0,0.0,Low,False,False,False
MCH7343,Dixit Ltd,Pharmacy,Partnership,Jaipur,Rajasthan,Active,3142.0,3.0,51983.43,17327.81,3.0,0.0,0.0,0.0,0.0,0.0,0.0,0.0,0.0,0.0,0.0,Low,False,False,False
MCH7350,Toor-Sachar,Telecom,Partnership,Bengaluru,Karnataka,Active,1079.19,1.0,7888.86,7888.86,1.0,0.0,0.0,0.0,0.0,0.0,0.0,0.0,0.0,0.0,0.0,Low,False,False,False
MCH7354,"Chatterjee, Sarna And Handa",Apparel & Fashion,Sole Proprietor,Bengaluru,Karnataka,Active,728.0,3.0,28602.949999999997,9534.316666666666,2.0,0.0,1.0,0.0,0.0,0.0,0.0,0.0,0.0,0.0,0.0,Low,False,False,False
MCH7356,"Divan, Rastogi And Prabhu",Books & Stationery,Partnership,Lucknow,Uttar Pradesh,Active,,0.0,0.0,0.0,0.0,0.0,0.0,0.0,0.0,0.0,0.0,0,0,0,0.0,Low,False,False,False
MCH7358,Basak-Patla,Miscellaneous,Sole Proprietor,Delhi,Delhi,Active,3053.41,1.0,2144.22,2144.22,1.0,0.0,0.0,0.0,0.0,0.0,0.0,0.0,0.0,0.0,0.0,Low,False,False,False
MCH7359,Chacko-Dugar,Books & Stationery,Private Limited,Mumbai,Maharashtra,Active,654.0,3.0,19452.89,6484.296666666666,3.0,0.0,0.0,0.0,0.0,0.0,0.0,0.0,0.0,0.0,0.0,Low,False,False,False
MCH7362,Kothari Plc,Books & Stationery,Private Limited,Pune,Maharashtra,Active,478.42,4.0,35054.95,8763.7375,4.0,0.0,0.0,0.0,0.0,0.0,0.0,0.0,0.0,0.0,0.0,Low,False,False,False
MCH7363,Babu-Acharya,Miscellaneous,Sole Proprietor,Kolkata,West Bengal,Active,1983.77,2.0,36242.16,18121.08,2.0,0.0,0.0,0.0,0.0,0.0,0.0,0.0,0.0,0.0,0.0,Low,False,False,False
MCH7371,"Ghose, Handa And Golla",Medical,Individual,Chennai,Tamil Nadu,Active,456.21,3.0,37360.07,12453.356666666667,3.0,0.0,0.0,0.0,0.0,0.0,0.0,0.0,0.0,0.0,0.0,Low,False,False,False
MCH7384,Ahuja Group,Department Store,Individual,Delhi,Delhi,Active,1058.0,1.0,16112.7,16112.7,1.0,0.0,0.0,0.0,0.0,0.0,0.0,0.0,0.0,0.0,0.0,Low,False,False,False
MCH7386,Thaman Group,Hotel & Lodging,Sole Proprietor,Jalandhar,Punjab,Active,3859.08,0.0,0.0,0.0,0.0,0.0,0.0,0.0,0.0,0.0,0.0,0,0,0,0.0,Low,False,False,False
MCH7387,Lad-Comar,Restaurants & Food,Sole Proprietor,Jalandhar,Punjab,Active,4968.31,2.0,35173.71,17586.855,2.0,0.0,0.0,0.0,0.0,0.0,0.0,0.0,0.0,0.0,0.0,Low,False,False,False
MCH7389,Basu-Bedi,Restaurants & Food,Partnership,Bengaluru,Karnataka,Active,,1.0,24891.17,24891.17,1.0,0.0,0.0,0.0,0.0,0.0,0.0,0.0,0.0,0.0,0.0,Low,False,False,False
MCH7391,"Vora, Lad And Sekhon",Grocery,Partnership,Pune,Maharashtra,Inactive,4971.16,1.0,24023.39,24023.39,1.0,0.0,0.0,0.0,0.0,0.0,0.0,0.0,0.0,0.0,0.0,Low,False,False,False
MCH7400,"Kunda, Ramachandran And Khurana",Books & Stationery,Private Limited,Pune,Maharashtra,Inactive,9167.75,0.0,0.0,0.0,0.0,0.0,0.0,0.0,0.0,0.0,0.0,0,0,0,0.0,Low,False,False,False
MCH7403,Prabhakar Group,Books & Stationery,Sole Proprietor,Chennai,Tamil Nadu,Inactive,657.74,4.0,55160.54,13790.135,3.0,0.0,1.0,0.0,0.0,0.0,0.0,0.0,0.0,0.0,0.0,Low,False,False,False
MCH7412,Chand-Bada1,Restaurants & Food,Private Limited,Mumbai,Maharashtra,Inactive,539.2,0.0,0.0,0.0,0.0,0.0,0.0,0.0,0.0,0.0,0.0,0,0,0,0.0,Low,False,False,False
MCH7413,Uppal-Chaudhry,Department Store,Private Limited,Bengaluru,Karnataka,Active,3645.54,4.0,40734.15,10183.5375,4.0,0.0,0.0,0.0,0.0,0.0,0.0,0.0,0.0,0.0,0.0,Low,False,False,False
MCH7419,Minhas Inc,Apparel & Fashion,Individual,Bengaluru,Karnataka,Active,,1.0,24691.82,24691.82,1.0,0.0,0.0,0.0,0.0,0.0,0.0,0.0,0.0,0.0,0.0,Low,False,False,False
MCH7422,Divan-Vaidya,Books & Stationery,Individual,Jaipur,Rajasthan,Suspended,170.31,0.0,0.0,0.0,0.0,0.0,0.0,0.0,0.0,0.0,0.0,0,0,0,0.0,Low,False,False,False
MCH7428,Chand Inc,Apparel & Fashion,Individual,Bengaluru,Karnataka,Active,1254.86,0.0,0.0,0.0,0.0,0.0,0.0,0.0,0.0,0.0,0.0,0,0,0,0.0,Low,False,False,False
MCH7429,"Sandal, Raja And Gopal",Hotel & Lodging,Sole Proprietor,Bengaluru,Karnataka,Active,1419.21,1.0,13056.87,13056.87,1.0,0.0,0.0,0.0,0.0,0.0,0.0,0.0,0.0,0.0,0.0,Low,False,False,False
MCH7430,Pingle-Lata,Department Store,Individual,Lucknow,Uttar Pradesh,Active,2426.91,3.0,23163.8,7721.266666666666,3.0,0.0,0.0,0.0,0.0,0.0,0.0,0.0,0.0,0.0,0.0,Low,False,False,False
MCH7431,Nagarajan And Sons,Hotel & Lodging,Sole Proprietor,Jaipur,Rajasthan,Active,1657.0,2.0,17901.4,8950.7,2.0,0.0,0.0,0.0,0.0,0.0,0.0,0.0,0.0,0.0,0.0,Low,False,False,False
MCH7433,"Sahota, Desai And Sarma",Miscellaneous,Individual,Pune,Maharashtra,Active,867.14,2.0,28536.07,14268.035,2.0,0.0,0.0,0.0,0.0,0.0,0.0,0.0,0.0,0.0,0.0,Low,False,False,False
MCH7436,Mane-Trivedi,Medical,Individual,Bengaluru,Karnataka,Active,,2.0,28191.399999999998,14095.699999999999,2.0,0.0,0.0,0.0,0.0,0.0,0.0,0.0,0.0,0.0,0.0,Low,False,False,False
MCH7440,Rastogi-Manne,Apparel & Fashion,Sole Proprietor,Lucknow,Uttar Pradesh,Active,2334.42,0.0,0.0,0.0,0.0,0.0,0.0,0.0,0.0,0.0,0.0,0,0,0,0.0,Low,False,False,False
MCH7442,"Tand0N, Tak And Mane",Apparel & Fashion,Partnership,Chennai,Tamil Nadu,Active,1620.41,4.0,51570.92,12892.73,3.0,0.0,0.0,0.0,0.0,0.0,0.0,0.0,0.0,0.0,0.0,Low,False,False,False
MCH7443,Chander-Manda,Transportation,Private Limited,Delhi,Delhi,Active,1371.0,2.0,24812.92,12406.46,2.0,0.0,0.0,0.0,0.0,0.0,0.0,0.0,0.0,0.0,0.0,Low,False,False,False
MCH7446,"Sami, Narayan And Roy",Books & Stationery,Partnership,Ludhiana,Punjab,Inactive,6191.17,2.0,15994.43,7997.215,2.0,0.0,0.0,0.0,0.0,0.0,0.0,0.0,0.0,0.0,0.0,Low,False,False,False
MCH7448,Mittal Inc,Telecom,Private Limited,Hyderabad,Telangana,Inactive,760.79,2.0,32336.649999999998,16168.324999999999,2.0,0.0,0.0,0.0,0.0,0.0,0.0,0.0,0.0,0.0,0.0,Low,False,False,False
MCH7449,"Brahmbhatt, Nagarajan And Kaul",Department Store,Sole Proprietor,Amritsar,Punjab,Active,397.32,0.0,0.0,0.0,0.0,0.0,0.0,0.0,0.0,0.0,0.0,0,0,0,0.0,Low,False,False,False
MCH7452,Kala Llc,Department Store,Sole Proprietor,Bengaluru,Karnataka,Active,1838.62,2.0,18557.57,9278.785,2.0,0.0,0.0,0.0,0.0,0.0,0.0,0.0,0.0,0.0,0.0,Low,False,False,False
MCH7455,"Mody, Bhattacharyya And Palla",Telecom,Individual,Delhi,Delhi,Active,113.99,0.0,0.0,0.0,0.0,0.0,0.0,0.0,0.0,0.0,0.0,0,0,0,0.0,Low,False,False,False
MCH7462,"Malhotra, Sachdeva And Sant",Grocery,Sole Proprietor,Hyderabad,Telangana,Active,1601.35,2.0,23412.73,11706.365,2.0,0.0,0.0,0.0,0.0,0.0,0.0,0.0,0.0,0.0,0.0,Low,False,False,False
MCH7463,Chaudry-Natarajan,Medical,Partnership,Chennai,Tamil Nadu,Active,,1.0,7092.0,7092.0,1.0,0.0,0.0,0.0,0.0,0.0,0.0,0.0,0.0,0.0,0.0,Low,False,False,False
MCH7465,Bhatt Group,Miscellaneous,Individual,Pune,Maharashtra,Active,3040.67,0.0,0.0,0.0,0.0,0.0,0.0,0.0,0.0,0.0,0.0,0,0,0,0.0,Low,False,False,False
MCH7469,Dua Llc,Restaurants & Food,Sole Proprietor,Pune,Maharashtra,Inactive,1848.0,2.0,46672.38,23336.19,2.0,0.0,0.0,0.0,0.0,0.0,0.0,0.0,0.0,0.0,0.0,Low,False,False,False
MCH7473,"Nair, Ramachandran And Mane",Retail,Sole Proprietor,Hyderabad,Telangana,Inactive,,7.0,76061.5,10865.92857142857,6.0,0.0,0.0,0.0,0.0,0.0,0.0,0.0,0.0,0.0,0.0,Low,False,False,False
MCH7478,"Sami, Brahmbhatt And Khurana",Apparel & Fashion,Private Limited,Mumbai,Maharashtra,Inactive,,1.0,19882.0,19882.0,1.0,0.0,0.0,0.0,0.0,0.0,0.0,0.0,0.0,0.0,0.0,Low,False,False,False
MCH7479,"Wadhwa, Bhatia And Gade",Retail,Partnership,Chennai,Tamil Nadu,Active,998.0,1.0,21470.52,21470.52,1.0,0.0,0.0,0.0,0.0,0.0,0.0,0.0,0.0,0.0,0.0,Low,False,False,False
MCH7482,"Bail, Verma And Sur",Apparel & Fashion,Private Limited,Jalandhar,Punjab,Active,249.45,4.0,62145.76,15536.44,4.0,0.0,0.0,0.0,0.0,0.0,0.0,0.0,0.0,0.0,0.0,Low,False,False,False
MCH7489,Sridhar Plc,Miscellaneous,Individual,Bengaluru,Karnataka,Active,990.64,1.0,19750.0,19750.0,1.0,0.0,0.0,0.0,0.0,0.0,0.0,0.0,0.0,0.0,0.0,Low,False,False,False
MCH7495,"Subramaniam, Radhakrishnan And Bahri",Grocery,Individual,Amritsar,Punjab,Inactive,1584.42,1.0,18325.99,18325.99,1.0,0.0,0.0,0.0,0.0,0.0,0.0,0.0,0.0,0.0,0.0,Low,False,False,False
MCH7502,Gokhale Llc,Department Store,Individual,Amritsar,Punjab,Active,1185.45,5.0,67212.36,13442.472,5.0,0.0,0.0,0.0,0.0,0.0,0.0,0.0,0.0,0.0,0.0,Low,False,False,False
MCH7504,Balay Plc,Hotel & Lodging,Individual,Chennai,Tamil Nadu,Active,1030.01,1.0,9185.67,9185.67,1.0,0.0,0.0,0.0,0.0,0.0,0.0,0.0,0.0,0.0,0.0,Low,False,False,False
MCH7508,Garg-Deo,Books & Stationery,Partnership,Amritsar,Punjab,Active,1956.49,0.0,0.0,0.0,0.0,0.0,0.0,0.0,0.0,0.0,0.0,0,0,0,0.0,Low,False,False,False
MCH7514,Ahuja-Bobal,Retail,Sole Proprietor,Lucknow,Uttar Pradesh,Active,1943.52,3.0,57363.7,19121.233333333334,3.0,0.0,0.0,0.0,0.0,0.0,0.0,0.0,0.0,0.0,0.0,Low,False,False,False
MCH7517,"Banik, Kamdar And Dada",Apparel & Fashion,Individual,Amritsar,Punjab,Active,2046.69,4.0,50341.68,12585.42,4.0,0.0,0.0,0.0,0.0,0.0,0.0,0.0,0.0,0.0,0.0,Low,False,False,False
MCH7521,Boase Plc,Transportation,Sole Proprietor,Kolkata,West Bengal,Active,880.0,2.0,32266.379999999997,16133.189999999999,2.0,0.0,0.0,0.0,0.0,0.0,0.0,0.0,0.0,0.0,0.0,Low,False,False,False
MCH7523,Venkataraman-Hans,Transportation,Sole Proprietor,Pune,Maharashtra,Active,6157.65,1.0,259.13,259.13,1.0,0.0,0.0,0.0,0.0,0.0,0.0,0.0,0.0,0.0,0.0,Low,False,False,False
MCH7524,"Sarna, Mital And Deo",Hotel & Lodging,Private Limited,Bengaluru,Karnataka,Active,1847.0,4.0,54880.380000000005,13720.095000000001,4.0,0.0,0.0,0.0,0.0,0.0,0.0,0.0,0.0,0.0,0.0,Low,False,False,False
MCH7525,Char-Narayanan,Books & Stationery,Individual,Lucknow,Uttar Pradesh,Active,424.34,0.0,0.0,0.0,0.0,0.0,0.0,0.0,0.0,0.0,0.0,0,0,0,0.0,Low,False,False,False
MCH7533,"Boase, Krishnan And Tiwari",Apparel & Fashion,Partnership,Lucknow,Uttar Pradesh,Active,1221.0,1.0,11600.9,11600.9,1.0,0.0,0.0,0.0,0.0,0.0,0.0,0.0,0.0,0.0,0.0,Low,False,False,False
MCH7540,Solanki Inc,Miscellaneous,Partnership,Jalandhar,Punjab,Active,579.73,1.0,9097.1,9097.1,1.0,0.0,0.0,0.0,0.0,0.0,0.0,0.0,0.0,0.0,0.0,Low,False,False,False
MCH7544,Ganesh And S0Ns,Transportation,Sole Proprietor,Ludhiana,Punjab,Inactive,2329.09,2.0,26094.260000000002,13047.130000000001,2.0,0.0,0.0,0.0,0.0,0.0,0.0,0.0,0.0,0.0,0.0,Low,False,False,False
MCH7548,Dhillon Inc,Telecom,Private Limited,Hyderabad,Telangana,Suspended,4170.0,2.0,16756.63,8378.315,2.0,0.0,0.0,0.0,0.0,0.0,0.0,0.0,0.0,0.0,0.0,Low,False,False,False
MCH7549,Narayan Plc,Hotel & Lodging,Sole Proprietor,Kolkata,West Bengal,Inactive,2720.0,6.0,61273.83,10212.305,4.0,1.0,0.0,0.0,0.0,0.0,0.0,16.67,0.0,0.0,0.0,Low,False,False,False
MCH7552,Som And Sons,Telecom,Sole Proprietor,Pune,Maharashtra,Active,1934.0,1.0,21553.48,21553.48,0.0,0.0,0.0,0.0,0.0,0.0,0.0,0.0,0.0,0.0,0.0,Low,False,False,False
MCH7554,"J0Ha1, K0Thari And Nagar",Transportation,Individual,Jalandhar,Punjab,Active,572.11,0.0,0.0,0.0,0.0,0.0,0.0,0.0,0.0,0.0,0.0,0,0,0,0.0,Low,False,False,False
MCH7556,Hayer-Saini,Books & Stationery,Individual,Chennai,Tamil Nadu,Active,,0.0,0.0,0.0,0.0,0.0,0.0,0.0,0.0,0.0,0.0,0,0,0,0.0,Low,False,False,False
MCH7558,Nair-Tandon,Hotel & Lodging,Individual,Delhi,Delhi,Active,2209.65,4.0,59175.78,14793.945,3.0,0.0,1.0,0.0,0.0,0.0,0.0,0.0,0.0,0.0,0.0,Low,False,False,False
MCH7563,Anne And Sons,Hotel & Lodging,Private Limited,Amritsar,Punjab,Active,300.06,1.0,23238.93,23238.93,1.0,0.0,0.0,0.0,0.0,0.0,0.0,0.0,0.0,0.0,0.0,Low,False,False,False
MCH7564,"Mahal, Thaman And Dani",Books & Stationery,Sole Proprietor,Jalandhar,Punjab,Active,503.13,2.0,16109.85,8054.925,2.0,0.0,0.0,0.0,0.0,0.0,0.0,0.0,0.0,0.0,0.0,Low,False,False,False
MCH7566,Minhas Group,Pharmacy,Partnership,Mumbai,Maharashtra,Active,880.25,1.0,5496.65,5496.65,1.0,0.0,0.0,0.0,0.0,0.0,0.0,0.0,0.0,0.0,0.0,Low,False,False,False
MCH7567,Badal-Tripathi,Apparel & Fashion,Partnership,Delhi,Delhi,Active,581.85,3.0,39629.82,13209.94,3.0,0.0,0.0,0.0,0.0,0.0,0.0,0.0,0.0,0.0,0.0,Low,False,False,False
MCH7568,"Chokshi, Lall And Subramaniam",Transportation,Individual,Amritsar,Punjab,Active,,5.0,88760.45999999999,17752.091999999997,5.0,0.0,0.0,0.0,0.0,0.0,0.0,0.0,0.0,0.0,0.0,Low,False,False,False
MCH7572,"Nori, Kibe And Das",Apparel & Fashion,Sole Proprietor,Lucknow,Uttar Pradesh,Active,870.0,4.0,62025.78,15506.445,3.0,0.0,1.0,0.0,0.0,0.0,0.0,0.0,0.0,0.0,0.0,Low,False,False,False
MCH7574,"Saini, Dubey And Bava",Department Store,Private Limited,Pune,Maharashtra,Active,1109.44,5.0,36138.55,7227.710000000001,4.0,0.0,0.0,0.0,0.0,0.0,0.0,0.0,0.0,0.0,0.0,Low,False,False,False
MCH7576,Ramanathan-Menon,Hotel & Lodging,Partnership,Jalandhar,Punjab,Active,757.61,2.0,36852.770000000004,18426.385000000002,2.0,0.0,0.0,0.0,0.0,0.0,0.0,0.0,0.0,0.0,0.0,Low,False,False,False
MCH7577,"Gandhi, Golla And Arora",Apparel & Fashion,Private Limited,Amritsar,Punjab,Active,,5.0,56449.44,11289.888,5.0,0.0,0.0,0.0,0.0,0.0,0.0,0.0,0.0,0.0,0.0,Low,False,False,False
MCH7580,Dhaliwal-Shankar,Telecom,Sole Proprietor,Mumbai,Maharashtra,Active,1155.73,0.0,0.0,0.0,0.0,0.0,0.0,0.0,0.0,0.0,0.0,0,0,0,0.0,Low,False,False,False
MCH7582,Gola Ltd,Transportation,Individual,Kolkata,West Bengal,Active,1056.25,0.0,0.0,0.0,0.0,0.0,0.0,0.0,0.0,0.0,0.0,0,0,0,0.0,Low,False,False,False
MCH7585,Rattan-Ratti,Apparel & Fashion,Partnership,Pune,Maharashtra,Active,,1.0,5687.51,5687.51,1.0,0.0,0.0,0.0,0.0,0.0,0.0,0.0,0.0,0.0,0.0,Low,False,False,False
MCH7586,"Hayer, Savant And Tiwari",Department Store,Partnership,Pune,Maharashtra,Active,765.1,2.0,20561.16,10280.58,2.0,0.0,0.0,0.0,0.0,0.0,0.0,0.0,0.0,0.0,0.0,Low,False,False,False
MCH7589,"Parekh, Dugal And Bumb",Transportation,Private Limited,Pune,Maharashtra,Active,437.44,6.0,94522.56,15753.76,5.0,1.0,0.0,0.0,0.0,0.0,0.0,16.67,0.0,0.0,0.0,Low,False,False,False
MCH7591,Gour-Hora,Restaurants & Food,Sole Proprietor,Amritsar,Punjab,Active,1230.68,5.0,81625.16,16325.032000000001,5.0,0.0,0.0,0.0,0.0,0.0,0.0,0.0,0.0,0.0,0.0,Low,False,False,False
MCH7595,Subramaniam-Balasubramanian,Grocery,Individual,Ludhiana,Punjab,Active,3392.31,2.0,34389.56,17194.78,1.0,0.0,1.0,0.0,0.0,0.0,0.0,0.0,0.0,0.0,0.0,Low,False,False,False
MCH7596,Bajwa-Luthra,Telecom,Private Limited,Hyderabad,Telangana,Suspended,,2.0,14925.15,7462.575,2.0,0.0,0.0,0.0,0.0,0.0,0.0,0.0,0.0,0.0,0.0,Low,False,False,False
MCH7597,Vohra-Mitter,Transportation,Sole Proprietor,Pune,Maharashtra,Active,2111.86,3.0,31125.43,10375.143333333333,3.0,0.0,0.0,0.0,0.0,0.0,0.0,0.0,0.0,0.0,0.0,Low,False,False,False
MCH7600,"Minhas, Rattan And Oak",Retail,Sole Proprietor,Ludhiana,Punjab,Active,10025.0,2.0,24796.5,12398.25,2.0,0.0,0.0,0.0,0.0,0.0,0.0,0.0,0.0,0.0,0.0,Low,False,False,False
MCH7604,"Varkey, Hayer And Ratti",Grocery,Partnership,Chennai,Tamil Nadu,Active,868.52,2.0,16683.14,8341.57,2.0,0.0,0.0,0.0,0.0,0.0,0.0,0.0,0.0,0.0,0.0,Low,False,False,False
MCH7605,Kakar-Dhi110N,Retail,Private Limited,Bengaluru,Karnataka,Inactive,1126.42,1.0,1336.29,1336.29,1.0,0.0,0.0,0.0,0.0,0.0,0.0,0.0,0.0,0.0,0.0,Low,False,False,False
MCH7609,"Nagy, Bhat And Chaudhuri",Transportation,Individual,Delhi,Delhi,Active,3649.36,1.0,24956.74,24956.74,1.0,0.0,0.0,0.0,0.0,0.0,0.0,0.0,0.0,0.0,0.0,Low,False,False,False
MCH7613,"Parekh, Ch0Kshi And Das",Apparel & Fashion,Private Limited,Jaipur,Rajasthan,Active,419.26,2.0,15932.02,7966.01,2.0,0.0,0.0,0.0,0.0,0.0,0.0,0.0,0.0,0.0,0.0,Low,False,False,False
MCH7614,Waliltd,Apparel & Fashion,Individual,Mumbai,Maharashtra,Active,969.0,2.0,20467.44,10233.72,2.0,0.0,0.0,0.0,0.0,0.0,0.0,0.0,0.0,0.0,0.0,Low,False,False,False
MCH7618,"Thaman, Parikh And Dubey",Hotel & Lodging,Private Limited,Delhi,Delhi,Active,244.24,2.0,13526.259999999998,6763.129999999999,2.0,0.0,0.0,0.0,0.0,0.0,0.0,0.0,0.0,0.0,0.0,Low,False,False,False
MCH7619,"Ranganathan, Kumer And Pandya",Department Store,Private Limited,Kolkata,West Bengal,Active,,2.0,24373.760000000002,12186.880000000001,2.0,0.0,0.0,0.0,0.0,0.0,0.0,0.0,0.0,0.0,0.0,Low,False,False,False
MCH7620,Narain-Balasubramanian,Books & Stationery,Private Limited,Chennai,Tamil Nadu,Active,2086.1,1.0,12833.41,12833.41,1.0,0.0,0.0,0.0,0.0,0.0,0.0,0.0,0.0,0.0,0.0,Low,False,False,False
MCH7623,Pandya Llc,Books & Stationery,Partnership,Mumbai,Maharashtra,Active,701.06,0.0,0.0,0.0,0.0,0.0,0.0,0.0,0.0,0.0,0.0,0,0,0,0.0,Low,False,False,False
MCH7627,Lata-Ray,Transportation,Individual,Mumbai,Maharashtra,Active,1169.55,3.0,27560.38,9186.793333333333,2.0,0.0,1.0,0.0,0.0,0.0,0.0,0.0,0.0,0.0,0.0,Low,False,False,False
MCH7628,"Mander, Guha And Varty",Telecom,Sole Proprietor,Mumbai,Maharashtra,Suspended,8496.25,3.0,25185.300000000003,8395.1,3.0,0.0,0.0,0.0,0.0,0.0,0.0,0.0,0.0,0.0,0.0,Low,False,False,False
MCH7629,Taneja-Vyas,Miscellaneous,Individual,Pune,Maharashtra,Active,1413.56,0.0,0.0,0.0,0.0,0.0,0.0,0.0,0.0,0.0,0.0,0,0,0,0.0,Low,False,False,False
MCH7630,"Rama, Kalita And Jha",Transportation,Individual,Mumbai,Maharashtra,Active,2393.0,3.0,59719.880000000005,19906.626666666667,3.0,0.0,0.0,0.0,0.0,0.0,0.0,0.0,0.0,0.0,0.0,Low,False,False,False
MCH7631,Chawla-Ganesh,Travel,Individual,Pune,Maharashtra,Active,6757.26,3.0,43191.89,14397.296666666667,3.0,0.0,0.0,0.0,0.0,0.0,0.0,0.0,0.0,0.0,0.0,Low,False,False,False
MCH7635,Pant And Sons,Hotel & Lodging,Individual,Jalandhar,Punjab,Active,4941.43,2.0,14845.09,7422.545,2.0,0.0,0.0,0.0,0.0,0.0,0.0,0.0,0.0,0.0,0.0,Low,False,False,False
MCH7639,Brar-Chana,Miscellaneous,Sole Proprietor,Mumbai,Maharashtra,Active,4805.68,3.0,35180.9,11726.966666666667,3.0,0.0,0.0,0.0,0.0,0.0,0.0,0.0,0.0,0.0,0.0,Low,False,False,False
MCH7645,Majumdar-Nagarajan,Medical,Sole Proprietor,Amritsar,Punjab,Active,1396.81,3.0,39616.4,13205.466666666667,3.0,0.0,0.0,0.0,0.0,0.0,0.0,0.0,0.0,0.0,0.0,Low,False,False,False
MCH7647,"Bala, Mody And Kumer",Medical,Partnership,Mumbai,Maharashtra,Inactive,3285.0,3.0,50584.56,16861.52,3.0,0.0,0.0,0.0,0.0,0.0,0.0,0.0,0.0,0.0,0.0,Low,False,False,False
MCH7651,Sur Inc,Medical,Sole Proprietor,Jalandhar,Punjab,Active,1138.07,3.0,4675.86,1558.62,3.0,0.0,0.0,0.0,0.0,0.0,0.0,0.0,0.0,0.0,0.0,Low,False,False,False
MCH7653,Mishra Llc,Apparel & Fashion,Individual,Jalandhar,Punjab,Active,7064.16,3.0,36534.05,12178.016666666668,3.0,0.0,0.0,0.0,0.0,0.0,0.0,0.0,0.0,0.0,0.0,Low,False,False,False
MCH7659,"Pandya, Bakshi And Chaudhary",Transportation,Private Limited,Chennai,Tamil Nadu,Active,1564.19,2.0,34078.479999999996,17039.239999999998,2.0,0.0,0.0,0.0,0.0,0.0,0.0,0.0,0.0,0.0,0.0,Low,False,False,False
MCH7664,Datta Ltd,Travel,Partnership,Kolkata,West Bengal,Active,990.98,1.0,24102.32,24102.32,1.0,0.0,0.0,0.0,0.0,0.0,0.0,0.0,0.0,0.0,0.0,Low,False,False,False
MCH7679,Sama And Sons,Pharmacy,Partnership,Bengaluru,Karnataka,Active,3295.19,0.0,0.0,0.0,0.0,0.0,0.0,0.0,0.0,0.0,0.0,0,0,0,0.0,Low,False,False,False
MCH7685,"Badal, Khurana And Bansal",Department Store,Individual,Jalandhar,Punjab,Inactive,,3.0,45787.36,15262.453333333333,3.0,0.0,0.0,0.0,0.0,0.0,0.0,0.0,0.0,0.0,0.0,Low,False,False,False
MCH7687,Devan Inc,Apparel & Fashion,Individual,Lucknow,Uttar Pradesh,Active,2148.82,3.0,63538.87,21179.623333333333,3.0,0.0,0.0,0.0,0.0,0.0,0.0,0.0,0.0,0.0,0.0,Low,False,False,False
MCH7688,"Kata, Bobal And Basu",Medical,Sole Proprietor,Ludhiana,Punjab,Active,3346.0,2.0,19450.84,9725.42,2.0,0.0,0.0,0.0,0.0,0.0,0.0,0.0,0.0,0.0,0.0,Low,False,False,False
MCH7692,Ratti-Patla,Department Store,Individual,Amritsar,Punjab,Active,2270.3,2.0,24838.39,12419.195,2.0,0.0,0.0,0.0,0.0,0.0,0.0,0.0,0.0,0.0,0.0,Low,False,False,False
MCH7699,Mammen Ltd,Telecom,Individual,Jalandhar,Punjab,Active,,1.0,14673.3,14673.3,1.0,0.0,0.0,0.0,0.0,0.0,0.0,0.0,0.0,0.0,0.0,Low,False,False,False
MCH7700,"Lanka, Setty And Muni",Restaurants & Food,Partnership,Delhi,Delhi,Inactive,,1.0,14323.1,14323.1,1.0,0.0,0.0,0.0,0.0,0.0,0.0,0.0,0.0,0.0,0.0,Low,False,False,False
MCH7701,Ravel-Lala,Grocery,Private Limited,Ludhiana,Punjab,Active,1411.44,1.0,13655.15,13655.15,1.0,0.0,0.0,0.0,0.0,0.0,0.0,0.0,0.0,0.0,0.0,Low,False,False,False
MCH7702,Ahuja-Nayar,Grocery,Private Limited,Ludhiana,Punjab,Suspended,,2.0,33225.07,16612.535,2.0,0.0,0.0,0.0,0.0,0.0,0.0,0.0,0.0,0.0,0.0,Low,False,False,False
MCH7709,"Jani, Sidhu And Tripathi",Transportation,Partnership,Jaipur,Rajasthan,Active,451.31,1.0,23573.31,23573.31,1.0,0.0,0.0,0.0,0.0,0.0,0.0,0.0,0.0,0.0,0.0,Low,False,False,False
MCH7712,Sehgal Ltd,Grocery,Partnership,Lucknow,Uttar Pradesh,Active,2215.59,1.0,21003.53,21003.53,1.0,0.0,0.0,0.0,0.0,0.0,0.0,0.0,0.0,0.0,0.0,Low,False,False,False
MCH7720,Agate-Krishnamurthy,Hotel & Lodging,Private Limited,Chennai,Tamil Nadu,Active,475.0,3.0,39049.45,13016.483333333332,2.0,0.0,0.0,0.0,0.0,0.0,0.0,0.0,0.0,0.0,0.0,Low,False,False,False
MCH7723,"Pandya, Barman And Biswas",Apparel & Fashion,Private Limited,Ludhiana,Punjab,Active,3268.86,2.0,12549.830000000002,6274.915000000001,2.0,0.0,0.0,0.0,0.0,0.0,0.0,0.0,0.0,0.0,0.0,Low,False,False,False
MCH7729,"Jain, Bail And Rattan",Grocery,Private Limited,Pune,Maharashtra,Active,2571.4,4.0,45250.66,11312.665,4.0,0.0,0.0,0.0,0.0,0.0,0.0,0.0,0.0,0.0,0.0,Low,False,False,False
MCH7735,Garg-Balan,Miscellaneous,Sole Proprietor,Ludhiana,Punjab,Active,,6.0,78576.7,13096.116666666667,5.0,0.0,1.0,0.0,0.0,0.0,0.0,0.0,0.0,0.0,0.0,Low,False,False,False
MCH7736,Kara Plc,Apparel & Fashion,Individual,Amritsar,Punjab,Active,778.45,2.0,30445.41,15222.705,2.0,0.0,0.0,0.0,0.0,0.0,0.0,0.0,0.0,0.0,0.0,Low,False,False,False
MCH7737,Pal-Rama,Department Store,Partnership,Ludhiana,Punjab,Active,1196.31,4.0,37168.55,9292.1375,4.0,0.0,0.0,0.0,0.0,0.0,0.0,0.0,0.0,0.0,0.0,Low,False,False,False
MCH7746,Luthra Group,Apparel & Fashion,Private Limited,Jaipur,Rajasthan,Active,1244.49,1.0,16073.45,16073.45,1.0,0.0,0.0,0.0,0.0,0.0,0.0,0.0,0.0,0.0,0.0,Low,False,False,False
MCH7749,"Dhaliwal, Chaudhari And Lad",Transportation,Private Limited,Lucknow,Uttar Pradesh,Active,472.27,3.0,47604.64,15868.213333333333,3.0,0.0,0.0,0.0,0.0,0.0,0.0,0.0,0.0,0.0,0.0,Low,False,False,False
MCH7758,"Memon, Agate And Deshpande",Apparel & Fashion,Partnership,Mumbai,Maharashtra,Active,362.28,0.0,0.0,0.0,0.0,0.0,0.0,0.0,0.0,0.0,0.0,0,0,0,0.0,Low,False,False,False
MCH7759,"Sankaran, Patel And Narain",Apparel & Fashion,Sole Proprietor,Kolkata,West Bengal,Active,,3.0,31722.329999999998,10574.109999999999,3.0,0.0,0.0,0.0,0.0,0.0,0.0,0.0,0.0,0.0,0.0,Low,False,False,False
MCH7763,"Choudhury, Mody And Tank",Medical,Individual,Chennai,Tamil Nadu,Active,777.85,2.0,30389.97,15194.985,2.0,0.0,0.0,0.0,0.0,0.0,0.0,0.0,0.0,0.0,0.0,Low,False,False,False
MCH7767,Nadkarni-Pathak,Hotel & Lodging,Individual,Chennai,Tamil Nadu,Active,3595.48,5.0,65688.18,13137.635999999999,5.0,0.0,0.0,0.0,0.0,0.0,0.0,0.0,0.0,0.0,0.0,Low,False,False,False
MCH7768,Sahota-Walia,Transportation,Partnership,Delhi,Delhi,On Hold,1097.55,2.0,23545.659999999996,11772.829999999998,2.0,0.0,0.0,0.0,0.0,0.0,0.0,0.0,0.0,0.0,0.0,Low,False,False,False
MCH7769,"Atwal, Loke And Prasad",Telecom,Partnership,Mumbai,Maharashtra,Active,232.38,6.0,59494.24,9915.706666666667,6.0,0.0,0.0,0.0,0.0,0.0,0.0,0.0,0.0,0.0,0.0,Low,False,False,False
MCH7780,Jain Plc,Medical,Sole Proprietor,Lucknow,Uttar Pradesh,Active,,4.0,62417.08,15604.27,4.0,0.0,0.0,0.0,0.0,0.0,0.0,0.0,0.0,0.0,0.0,Low,False,False,False
MCH7784,Dave-Babu,Medical,Partnership,Ludhiana,Punjab,Active,643.0,4.0,32821.88,8205.47,4.0,0.0,0.0,0.0,0.0,0.0,0.0,0.0,0.0,0.0,0.0,Low,False,False,False
MCH7794,Kalita Plc,Medical,Partnership,Delhi,Delhi,Active,622.63,1.0,24693.18,24693.18,1.0,0.0,0.0,0.0,0.0,0.0,0.0,0.0,0.0,0.0,0.0,Low,False,False,False
MCH7795,"Samra, Venkataraman And Bhatti",Travel,Private Limited,Amritsar,Punjab,Active,723.93,3.0,31475.04,10491.68,3.0,0.0,0.0,0.0,0.0,0.0,0.0,0.0,0.0,0.0,0.0,Low,False,False,False
MCH7796,"Kari, Sridhar And J0Ha1",Grocery,Partnership,Pune,Maharashtra,Active,489.31,4.0,65108.43,16277.1075,4.0,0.0,0.0,0.0,0.0,0.0,0.0,0.0,0.0,0.0,0.0,Low,False,False,False
MCH7806,"Sahni, Bhavsar And Kaul",Transportation,Private Limited,Hyderabad,Telangana,Active,1046.19,2.0,17703.99,8851.995,2.0,0.0,0.0,0.0,0.0,0.0,0.0,0.0,0.0,0.0,0.0,Low,False,False,False
MCH7814,Mallick-Puri,Restaurants & Food,Sole Proprietor,Jaipur,Rajasthan,Active,,2.0,11435.57,5717.785,1.0,0.0,0.0,0.0,0.0,0.0,0.0,0.0,0.0,0.0,0.0,Low,False,False,False
MCH7817,Lata Plc,Restaurants & Food,Private Limited,Chennai,Tamil Nadu,Inactive,3090.66,3.0,24410.74,8136.913333333334,3.0,0.0,0.0,0.0,0.0,0.0,0.0,0.0,0.0,0.0,0.0,Low,False,False,False
MCH7821,Deshmukh Inc,Miscellaneous,Partnership,Bengaluru,Karnataka,Active,1463.63,2.0,21040.04,10520.02,2.0,0.0,0.0,0.0,0.0,0.0,0.0,0.0,0.0,0.0,0.0,Low,False,False,False
MCH7828,Jhaveri And Sons,Apparel & Fashion,Individual,Kolkata,West Bengal,Active,3105.54,1.0,2142.83,2142.83,1.0,0.0,0.0,0.0,0.0,0.0,0.0,0.0,0.0,0.0,0.0,Low,False,False,False
MCH7829,Hora Ltd,Travel,Partnership,Jaipur,Rajasthan,Active,422.0,2.0,35697.06,17848.53,2.0,0.0,0.0,0.0,0.0,0.0,0.0,0.0,0.0,0.0,0.0,Low,False,False,False
MCH7830,Narayanan-Barad,Pharmacy,Private Limited,Jaipur,Rajasthan,Suspended,1497.41,3.0,60983.47,20327.823333333334,3.0,0.0,0.0,0.0,0.0,0.0,0.0,0.0,0.0,0.0,0.0,Low,False,False,False
MCH7832,"Sodhi, Venkataraman And Kohli",Miscellaneous,Individual,Delhi,Delhi,Active,4116.49,2.0,11072.43,5536.215,2.0,0.0,0.0,0.0,0.0,0.0,0.0,0.0,0.0,0.0,0.0,Low,False,False,False
MCH7841,Manda Group,Books & Stationery,Sole Proprietor,Pune,Maharashtra,Active,14164.49,4.0,48739.25,12184.8125,3.0,0.0,0.0,0.0,0.0,0.0,0.0,0.0,0.0,0.0,0.0,Low,False,False,False
MCH7842,J0Ha1 Ltd,Restaurants & Food,Private Limited,Kolkata,West Bengal,Inactive,1856.0,1.0,19969.0,19969.0,1.0,0.0,0.0,0.0,0.0,0.0,0.0,0.0,0.0,0.0,0.0,Low,False,False,False
MCH7843,Rastogi-Das,Restaurants & Food,Partnership,Amritsar,Punjab,Active,,3.0,10685.25,3561.75,3.0,0.0,0.0,0.0,0.0,0.0,0.0,0.0,0.0,0.0,0.0,Low,False,False,False
MCH7844,Singh-Mane,Grocery,Sole Proprietor,Ludhiana,Punjab,Active,1309.0,1.0,10363.37,10363.37,1.0,0.0,0.0,0.0,0.0,0.0,0.0,0.0,0.0,0.0,0.0,Low,False,False,False
MCH7847,Ramakrishnan-Misra,Grocery,Individual,Mumbai,Maharashtra,Active,2108.0,3.0,38264.67,12754.89,2.0,0.0,0.0,0.0,0.0,0.0,0.0,0.0,0.0,0.0,0.0,Low,False,False,False
MCH7849,Lal-Wagle,Department Store,Sole Proprietor,Jaipur,Rajasthan,Active,4061.65,2.0,10387.49,5193.745,2.0,0.0,0.0,0.0,0.0,0.0,0.0,0.0,0.0,0.0,0.0,Low,False,False,False
MCH7850,Reddy Inc,Apparel & Fashion,Partnership,Chennai,Tamil Nadu,Active,1378.0,1.0,19691.0,19691.0,1.0,0.0,0.0,0.0,0.0,0.0,0.0,0.0,0.0,0.0,0.0,Low,False,False,False
MCH7851,"Warrior, Hora And Dayal",Telecom,Individual,Jalandhar,Punjab,Active,,1.0,11034.31,11034.31,1.0,0.0,0.0,0.0,0.0,0.0,0.0,0.0,0.0,0.0,0.0,Low,False,False,False
MCH7862,Pandit-Ratti,Medical,Individual,Amritsar,Punjab,Active,558.23,2.0,15042.47,7521.235,2.0,0.0,0.0,0.0,0.0,0.0,0.0,0.0,0.0,0.0,0.0,Low,False,False,False
MCH7865,Rout Inc,Department Store,Individual,Hyderabad,Telangana,Active,2187.26,1.0,6640.45,6640.45,1.0,0.0,0.0,0.0,0.0,0.0,0.0,0.0,0.0,0.0,0.0,Low,False,False,False
MCH7868,Chander-Ramakrishnan,Department Store,Individual,Pune,Maharashtra,Active,563.96,1.0,5124.96,5124.96,1.0,0.0,0.0,0.0,0.0,0.0,0.0,0.0,0.0,0.0,0.0,Low,False,False,False
MCH7871,"Mital, Palla And Saraf",Apparel & Fashion,Sole Proprietor,Hyderabad,Telangana,Active,,2.0,6227.889999999999,3113.9449999999997,2.0,0.0,0.0,0.0,0.0,0.0,0.0,0.0,0.0,0.0,0.0,Low,False,False,False
MCH7875,Narasimhan Plc,Grocery,Private Limited,Amritsar,Punjab,Active,585.43,1.0,4221.18,4221.18,1.0,0.0,0.0,0.0,0.0,0.0,0.0,0.0,0.0,0.0,0.0,Low,False,False,False
MCH7876,"Deshpande, Nagar And Parsa",Telecom,Individual,Jaipur,Rajasthan,Active,502.95,1.0,20213.42,20213.42,1.0,0.0,0.0,0.0,0.0,0.0,0.0,0.0,0.0,0.0,0.0,Low,False,False,False
MCH7877,Parekh-Borra,Books & Stationery,Private Limited,Mumbai,Maharashtra,Active,,1.0,18585.45,18585.45,1.0,0.0,0.0,0.0,0.0,0.0,0.0,0.0,0.0,0.0,0.0,Low,False,False,False
MCH7880,Ben-Khare,Transportation,Individual,Chennai,Tamil Nadu,Active,3857.41,2.0,31772.91,15886.455,1.0,0.0,1.0,0.0,0.0,0.0,0.0,0.0,0.0,0.0,0.0,Low,False,False,False
MCH7890,Contractor Plc,Hotel & Lodging,Partnership,Chennai,Tamil Nadu,Inactive,,1.0,19497.67,19497.67,1.0,0.0,0.0,0.0,0.0,0.0,0.0,0.0,0.0,0.0,0.0,Low,False,False,False
MCH7896,Samra Llc,Hotel & Lodging,Private Limited,Kolkata,West Bengal,On Hold,2276.65,1.0,4328.77,4328.77,1.0,0.0,0.0,0.0,0.0,0.0,0.0,0.0,0.0,0.0,0.0,Low,False,False,False
MCH7900,Basu-Sami,Transportation,Individual,Delhi,Delhi,Active,1035.61,2.0,13427.0,6713.5,2.0,0.0,0.0,0.0,0.0,0.0,0.0,0.0,0.0,0.0,0.0,Low,False,False,False
MCH7902,Deol Inc,Transportation,Partnership,Ludhiana,Punjab,Active,,1.0,10191.82,10191.82,1.0,0.0,0.0,0.0,0.0,0.0,0.0,0.0,0.0,0.0,0.0,Low,False,False,False
MCH7906,"Ganesan, Gopal And Ratta",Pharmacy,Individual,Jaipur,Rajasthan,Active,733.85,1.0,2435.38,2435.38,1.0,0.0,0.0,0.0,0.0,0.0,0.0,0.0,0.0,0.0,0.0,Low,False,False,False
MCH7910,Shenoy Llc,Restaurants & Food,Partnership,Hyderabad,Telangana,Inactive,741.5,3.0,50568.21,16856.07,2.0,0.0,0.0,0.0,0.0,0.0,0.0,0.0,0.0,0.0,0.0,Low,False,False,False
MCH7912,Sarma-Arya,Apparel & Fashion,Private Limited,Lucknow,Uttar Pradesh,Active,1318.64,3.0,38758.729999999996,12919.576666666666,2.0,0.0,0.0,0.0,0.0,0.0,0.0,0.0,0.0,0.0,0.0,Low,False,False,False
MCH7913,Khare Inc,Medical,Partnership,Pune,Maharashtra,Active,,1.0,8043.35,8043.35,1.0,0.0,0.0,0.0,0.0,0.0,0.0,0.0,0.0,0.0,0.0,Low,False,False,False
MCH7917,Parsa-Madan,Grocery,Sole Proprietor,Pune,Maharashtra,Inactive,,1.0,18283.95,18283.95,1.0,0.0,0.0,0.0,0.0,0.0,0.0,0.0,0.0,0.0,0.0,Low,False,False,False
MCH7918,Purohit Llc,Books & Stationery,Private Limited,Kolkata,West Bengal,Active,1204.0,3.0,31111.78,10370.593333333332,3.0,0.0,0.0,0.0,0.0,0.0,0.0,0.0,0.0,0.0,0.0,Low,False,False,False
MCH7919,Majumdar-Chandran,Transportation,Partnership,Jaipur,Rajasthan,Active,4626.02,2.0,10989.01,5494.505,2.0,0.0,0.0,0.0,0.0,0.0,0.0,0.0,0.0,0.0,0.0,Low,False,False,False
MCH7933,Baradinc,Restaurants & Food,Individual,Amritsar,Punjab,Inactive,1177.0,3.0,29702.1,9900.699999999999,3.0,0.0,0.0,0.0,0.0,0.0,0.0,0.0,0.0,0.0,0.0,Low,False,False,False
MCH7934,Srinivasan-Maharaj,Restaurants & Food,Partnership,Chennai,Tamil Nadu,Inactive,1154.88,4.0,17571.8,4392.95,3.0,0.0,1.0,0.0,0.0,0.0,0.0,0.0,0.0,0.0,0.0,Low,False,False,False
MCH7938,Chander Ltd,Telecom,Sole Proprietor,Bengaluru,Karnataka,Active,,2.0,34321.0,17160.5,2.0,0.0,0.0,0.0,0.0,0.0,0.0,0.0,0.0,0.0,0.0,Low,False,False,False
MCH7939,Mand Llc,Restaurants & Food,Private Limited,Bengaluru,Karnataka,Active,2096.4,3.0,40259.35,13419.783333333333,3.0,0.0,0.0,0.0,0.0,0.0,0.0,0.0,0.0,0.0,0.0,Low,False,False,False
MCH7942,Parmar-Oza,Medical,Sole Proprietor,Hyderabad,Telangana,Active,1133.78,1.0,20949.33,20949.33,1.0,0.0,0.0,0.0,0.0,0.0,0.0,0.0,0.0,0.0,0.0,Low,False,False,False
MCH7944,Bassi-Dyal,Transportation,Sole Proprietor,Kolkata,West Bengal,Active,1227.24,3.0,24063.36,8021.12,3.0,0.0,0.0,0.0,0.0,0.0,0.0,0.0,0.0,0.0,0.0,Low,False,False,False
MCH7945,"Barad, Wagle And Raju",Pharmacy,Individual,Ludhiana,Punjab,Active,268.67,3.0,27155.25,9051.75,3.0,0.0,0.0,0.0,0.0,0.0,0.0,0.0,0.0,0.0,0.0,Low,False,False,False
MCH7947,Padmanabhan-Kale,Telecom,Private Limited,Mumbai,Maharashtra,Active,3921.35,0.0,0.0,0.0,0.0,0.0,0.0,0.0,0.0,0.0,0.0,0,0,0,0.0,Low,False,False,False
MCH7948,Sachdeva-Buch,Department Store,Partnership,Mumbai,Maharashtra,Active,656.76,5.0,84949.79000000001,16989.958000000002,4.0,0.0,0.0,0.0,0.0,0.0,0.0,0.0,0.0,0.0,0.0,Low,False,False,False
MCH7949,Vohra-Chaudhary,Transportation,Private Limited,Mumbai,Maharashtra,Active,265.37,1.0,8151.0,8151.0,0.0,0.0,1.0,0.0,0.0,0.0,0.0,0.0,0.0,0.0,0.0,Low,False,False,False
MCH7954,Sur Inc,Hotel & Lodging,Private Limited,Hyderabad,Telangana,Active,2803.0,0.0,0.0,0.0,0.0,0.0,0.0,0.0,0.0,0.0,0.0,0,0,0,0.0,Low,False,False,False
MCH7955,"Andra, Oommen And Salvi",Apparel & Fashion,Partnership,Amritsar,Punjab,Active,,3.0,44604.02,14868.006666666666,3.0,0.0,0.0,0.0,0.0,0.0,0.0,0.0,0.0,0.0,0.0,Low,False,False,False
MCH7957,Keer-Khalsa,Retail,Sole Proprietor,Amritsar,Punjab,Active,1690.94,1.0,20576.37,20576.37,1.0,0.0,0.0,0.0,0.0,0.0,0.0,0.0,0.0,0.0,0.0,Low,False,False,False
MCH7960,Comar-Ramesh,Grocery,Sole Proprietor,Amritsar,Punjab,Active,,2.0,7968.1,3984.05,2.0,0.0,0.0,0.0,0.0,0.0,0.0,0.0,0.0,0.0,0.0,Low,False,False,False
MCH7965,Magar-Kant,Department Store,Sole Proprietor,Pune,Maharashtra,Active,567.32,1.0,22226.13,22226.13,1.0,0.0,0.0,0.0,0.0,0.0,0.0,0.0,0.0,0.0,0.0,Low,False,False,False
MCH7967,Datta Llc,Telecom,Individual,Amritsar,Punjab,Active,,3.0,26121.090000000004,8707.03,3.0,0.0,0.0,0.0,0.0,0.0,0.0,0.0,0.0,0.0,0.0,Low,False,False,False
MCH7969,"Karan,Balandkhurana",Travel,Individual,Lucknow,Uttar Pradesh,Active,836.32,2.0,17642.28,8821.14,2.0,0.0,0.0,0.0,0.0,0.0,0.0,0.0,0.0,0.0,0.0,Low,False,False,False
MCH7974,"Verma, Koshy And Bhardwaj",Grocery,Individual,Jaipur,Rajasthan,Active,460.5,3.0,35300.44,11766.813333333334,3.0,0.0,0.0,0.0,0.0,0.0,0.0,0.0,0.0,0.0,0.0,Low,False,False,False
MCH7977,"Kohli, Vaidya And Nagar",Hotel & Lodging,Sole Proprietor,Chennai,Tamil Nadu,Active,4790.0,0.0,0.0,0.0,0.0,0.0,0.0,0.0,0.0,0.0,0.0,0,0,0,0.0,Low,False,False,False
MCH7983,Karpe-Raval,Department Store,Individual,Lucknow,Uttar Pradesh,Active,3843.3,4.0,48948.44,12237.11,4.0,0.0,0.0,0.0,0.0,0.0,0.0,0.0,0.0,0.0,0.0,Low,False,False,False
MCH7987,Mangat-Sundaram,Medical,Individual,Chennai,Tamil Nadu,Active,,1.0,12126.62,12126.62,1.0,0.0,0.0,0.0,0.0,0.0,0.0,0.0,0.0,0.0,0.0,Low,False,False,False
MCH7991,Rastogi Plc,Books & Stationery,Partnership,Mumbai,Maharashtra,Active,1076.7,0.0,0.0,0.0,0.0,0.0,0.0,0.0,0.0,0.0,0.0,0,0,0,0.0,Low,False,False,False
MCH7993,Garde Inc,Telecom,Partnership,Kolkata,West Bengal,Active,1024.0,0.0,0.0,0.0,0.0,0.0,0.0,0.0,0.0,0.0,0.0,0,0,0,0.0,Low,False,False,False
MCH7996,Bhargava Llc,Medical,Private Limited,Amritsar,Punjab,Inactive,,1.0,6660.0,6660.0,1.0,0.0,0.0,0.0,0.0,0.0,0.0,0.0,0.0,0.0,0.0,Low,False,False,False
MCH7997,"Rattan, Naik And Singh",Miscellaneous,Individual,Pune,Maharashtra,Active,,7.0,87039.3,12434.185714285715,6.0,1.0,0.0,0.0,0.0,0.0,0.0,14.29,0.0,0.0,0.0,Low,False,False,False
MCH8003,Tank Ltd,Department Store,Sole Proprietor,Hyderabad,Telangana,Active,614.4,2.0,31870.18,15935.09,2.0,0.0,0.0,0.0,0.0,0.0,0.0,0.0,0.0,0.0,0.0,Low,False,False,False
MCH8004,Hayre-Agate,Miscellaneous,Individual,Amritsar,Punjab,Inactive,934.62,3.0,24993.27,8331.09,3.0,0.0,0.0,0.0,0.0,0.0,0.0,0.0,0.0,0.0,0.0,Low,False,False,False
MCH8005,"Kumar, Ahluwalia And Thaman",Transportation,Sole Proprietor,Bengaluru,Karnataka,Active,,1.0,13330.39,13330.39,1.0,0.0,0.0,0.0,0.0,0.0,0.0,0.0,0.0,0.0,0.0,Low,False,False,False
MCH8007,Chaudhari Inc,Apparel & Fashion,Sole Proprietor,Pune,Maharashtra,Active,1165.41,1.0,23916.94,23916.94,1.0,0.0,0.0,0.0,0.0,0.0,0.0,0.0,0.0,0.0,0.0,Low,False,False,False
MCH8013,Thakkar-Vohra,Books & Stationery,Sole Proprietor,Bengaluru,Karnataka,Active,,0.0,0.0,0.0,0.0,0.0,0.0,0.0,0.0,0.0,0.0,0,0,0,0.0,Low,False,False,False
MCH8014,Mukherjee Inc,Pharmacy,Sole Proprietor,Jaipur,Rajasthan,Active,702.0,3.0,44936.18,14978.726666666667,3.0,0.0,0.0,0.0,0.0,0.0,0.0,0.0,0.0,0.0,0.0,Low,False,False,False
MCH8018,Lad Plc,Grocery,Private Limited,Kolkata,West Bengal,Active,655.7,1.0,1291.83,1291.83,0.0,0.0,1.0,0.0,0.0,0.0,0.0,0.0,0.0,0.0,0.0,Low,False,False,False
MCH8019,Chaudhry-Naidu,Books & Stationery,Private Limited,Jaipur,Rajasthan,Active,888.78,1.0,21652.94,21652.94,1.0,0.0,0.0,0.0,0.0,0.0,0.0,0.0,0.0,0.0,0.0,Low,False,False,False
MCH8023,Char-Gala,Apparel & Fashion,Individual,Chennai,Tamil Nadu,Active,837.35,2.0,35518.36,17759.18,2.0,0.0,0.0,0.0,0.0,0.0,0.0,0.0,0.0,0.0,0.0,Low,False,False,False
MCH8024,Banik Plc,Grocery,Individual,Jalandhar,Punjab,Active,1100.96,2.0,18774.75,9387.375,2.0,0.0,0.0,0.0,0.0,0.0,0.0,0.0,0.0,0.0,0.0,Low,False,False,False
MCH8025,"Karnik, Hayer And Khalsa",Telecom,Partnership,Lucknow,Uttar Pradesh,Active,1781.41,1.0,9492.74,9492.74,1.0,0.0,0.0,0.0,0.0,0.0,0.0,0.0,0.0,0.0,0.0,Low,False,False,False
MCH8029,"Gokhale, Varughese And Dube",Retail,Sole Proprietor,Hyderabad,Telangana,Active,973.0,0.0,0.0,0.0,0.0,0.0,0.0,0.0,0.0,0.0,0.0,0,0,0,0.0,Low,False,False,False
MCH8032,Roy-Ramesh,Apparel & Fashion,Partnership,Mumbai,Maharashtra,Active,1773.07,4.0,18970.6,4742.65,3.0,0.0,1.0,0.0,0.0,0.0,0.0,0.0,0.0,0.0,0.0,Low,False,False,False
MCH8033,"Kala, Mahal And Dash",Department Store,Individual,Hyderabad,Telangana,Active,1390.13,3.0,53210.72,17736.906666666666,3.0,0.0,0.0,0.0,0.0,0.0,0.0,0.0,0.0,0.0,0.0,Low,False,False,False
MCH8035,"Munshi, Mani And Taneja",Miscellaneous,Individual,Mumbai,Maharashtra,Active,,1.0,24126.0,24126.0,1.0,0.0,0.0,0.0,0.0,0.0,0.0,0.0,0.0,0.0,0.0,Low,False,False,False
MCH8036,"Sarma, Madan And Pandey",Medical,Partnership,Mumbai,Maharashtra,Active,2055.77,2.0,22422.23,11211.115,2.0,0.0,0.0,0.0,0.0,0.0,0.0,0.0,0.0,0.0,0.0,Low,False,False,False
MCH8039,"Kibe,Brahmbhattandjaggi",Apparel & Fashion,Sole Proprietor,Pune,Maharashtra,Active,2282.53,3.0,45971.33,15323.776666666667,3.0,0.0,0.0,0.0,0.0,0.0,0.0,0.0,0.0,0.0,0.0,Low,False,False,False
MCH8043,Lalla Group,Department Store,Private Limited,Ludhiana,Punjab,Active,1064.0,2.0,14317.480000000001,7158.740000000001,2.0,0.0,0.0,0.0,0.0,0.0,0.0,0.0,0.0,0.0,0.0,Low,False,False,False
MCH8046,Muni Llc,Pharmacy,Partnership,Mumbai,Maharashtra,Active,401.9,2.0,21971.88,10985.94,2.0,0.0,0.0,0.0,0.0,0.0,0.0,0.0,0.0,0.0,0.0,Low,False,False,False
MCH8048,"Kaul, Master And Deo",Telecom,Individual,Hyderabad,Telangana,Active,2683.93,1.0,3510.21,3510.21,1.0,0.0,0.0,0.0,0.0,0.0,0.0,0.0,0.0,0.0,0.0,Low,False,False,False
MCH8052,Mangat-Ganesh,Transportation,Sole Proprietor,Kolkata,West Bengal,Active,527.34,3.0,49209.71,16403.236666666668,3.0,0.0,0.0,0.0,0.0,0.0,0.0,0.0,0.0,0.0,0.0,Low,False,False,False
MCH8053,Chhabra Inc,Telecom,Individual,Hyderabad,Telangana,Active,1235.44,1.0,19869.0,19869.0,1.0,0.0,0.0,0.0,0.0,0.0,0.0,0.0,0.0,0.0,0.0,Low,False,False,False
MCH8055,Sankaran-Sachar,Miscellaneous,Private Limited,Ludhiana,Punjab,Active,1036.97,2.0,3060.8,1530.4,2.0,0.0,0.0,0.0,0.0,0.0,0.0,0.0,0.0,0.0,0.0,Low,False,False,False
MCH8056,"Pai, Doshi And Nath",Telecom,Private Limited,Lucknow,Uttar Pradesh,Active,581.34,1.0,7245.67,7245.67,1.0,0.0,0.0,0.0,0.0,0.0,0.0,0.0,0.0,0.0,0.0,Low,False,False,False
MCH8060,"Bal, Garde And Puri",Apparel & Fashion,Private Limited,Kolkata,West Bengal,Active,1604.68,2.0,31294.21,15647.105,2.0,0.0,0.0,0.0,0.0,0.0,0.0,0.0,0.0,0.0,0.0,Low,False,False,False
MCH8065,Gandhi-Shanker,Transportation,Individual,Lucknow,Uttar Pradesh,Inactive,674.4,1.0,7149.83,7149.83,1.0,0.0,0.0,0.0,0.0,0.0,0.0,0.0,0.0,0.0,0.0,Low,False,False,False
MCH8066,Sane-Shukla,Grocery,Partnership,Amritsar,Punjab,Active,,3.0,27010.75,9003.583333333334,3.0,0.0,0.0,0.0,0.0,0.0,0.0,0.0,0.0,0.0,0.0,Low,False,False,False
MCH8069,Memon Inc,Hotel & Lodging,Individual,Amritsar,Punjab,Active,557.54,2.0,14868.92,7434.46,2.0,0.0,0.0,0.0,0.0,0.0,0.0,0.0,0.0,0.0,0.0,Low,False,False,False
MCH8074,Prakash-Bera,Telecom,Individual,Jalandhar,Punjab,Active,439.79,4.0,46793.369999999995,11698.342499999999,4.0,0.0,0.0,0.0,0.0,0.0,0.0,0.0,0.0,0.0,0.0,Low,False,False,False
MCH8085,Verma-Ramachandran,Books & Stationery,Individual,Pune,Maharashtra,Active,,2.0,23350.71,11675.355,2.0,0.0,0.0,0.0,0.0,0.0,0.0,0.0,0.0,0.0,0.0,Low,False,False,False
MCH8086,Kala Llc,Grocery,Partnership,Jalandhar,Punjab,Active,1335.85,3.0,14268.51,4756.17,3.0,0.0,0.0,0.0,0.0,0.0,0.0,0.0,0.0,0.0,0.0,Low,False,False,False
MCH8093,"Seth, Bassi And Raman",Hotel & Lodging,Partnership,Hyderabad,Telangana,Active,1629.96,0.0,0.0,0.0,0.0,0.0,0.0,0.0,0.0,0.0,0.0,0,0,0,0.0,Low,False,False,False
MCH8095,Saxena Llc,Apparel & Fashion,Private Limited,Jaipur,Rajasthan,Active,304.22,2.0,13044.04,6522.02,2.0,0.0,0.0,0.0,0.0,0.0,0.0,0.0,0.0,0.0,0.0,Low,False,False,False
MCH8096,Srinivas-Verma,Telecom,Partnership,Mumbai,Maharashtra,Active,2241.14,3.0,31790.59,10596.863333333333,3.0,0.0,0.0,0.0,0.0,0.0,0.0,0.0,0.0,0.0,0.0,Low,False,False,False
MCH8098,"Sahni, Bahri And Apte",Pharmacy,Individual,Pune,Maharashtra,Active,1970.0,0.0,0.0,0.0,0.0,0.0,0.0,0.0,0.0,0.0,0.0,0,0,0,0.0,Low,False,False,False
MCH8104,Chacko Group,Hotel & Lodging,Private Limited,Bengaluru,Karnataka,Active,,1.0,11746.66,11746.66,1.0,0.0,0.0,0.0,0.0,0.0,0.0,0.0,0.0,0.0,0.0,Low,False,False,False
MCH8107,Ramachandran Ltd,Miscellaneous,Partnership,Jaipur,Rajasthan,Active,,0.0,0.0,0.0,0.0,0.0,0.0,0.0,0.0,0.0,0.0,0,0,0,0.0,Low,False,False,False
MCH8109,"Nadkarni, Sawhney And Singh",Pharmacy,Partnership,Delhi,Delhi,Active,5729.0,5.0,57180.45,11436.09,5.0,0.0,0.0,0.0,0.0,0.0,0.0,0.0,0.0,0.0,0.0,Low,False,False,False
MCH8110,Kamdar-Raval,Miscellaneous,Partnership,Lucknow,Uttar Pradesh,Inactive,768.59,5.0,73737.98,14747.596,5.0,0.0,0.0,0.0,0.0,0.0,0.0,0.0,0.0,0.0,0.0,Low,False,False,False
MCH8114,"Raman, Sandal And Bedi",Telecom,Individual,Jalandhar,Punjab,Active,1612.23,1.0,6732.15,6732.15,1.0,0.0,0.0,0.0,0.0,0.0,0.0,0.0,0.0,0.0,0.0,Low,False,False,False
MCH8126,"Saxena, Mitra And Chada",Pharmacy,Individual,Lucknow,Uttar Pradesh,Suspended,844.44,2.0,10282.08,5141.04,2.0,0.0,0.0,0.0,0.0,0.0,0.0,0.0,0.0,0.0,0.0,Low,False,False,False
MCH8129,"Devan, Ramesh And 0Ak",Department Store,Individual,Kolkata,West Bengal,Active,2940.0,5.0,22636.08,4527.216,5.0,0.0,0.0,0.0,0.0,0.0,0.0,0.0,0.0,0.0,0.0,Low,False,False,False
MCH8130,"Kale, Kumer And Chand",Department Store,Partnership,Ludhiana,Punjab,Active,419.61,7.0,79670.41,11381.487142857144,6.0,1.0,0.0,0.0,0.0,0.0,0.0,14.29,0.0,0.0,0.0,Low,False,False,False
MCH8131,Sekhon-Agrawal,Miscellaneous,Private Limited,Kolkata,West Bengal,Inactive,5430.66,1.0,23872.69,23872.69,1.0,0.0,0.0,0.0,0.0,0.0,0.0,0.0,0.0,0.0,0.0,Low,False,False,False
MCH8135,Bhakta Plc,Miscellaneous,Private Limited,Amritsar,Punjab,Active,857.0,2.0,44573.9,22286.95,2.0,0.0,0.0,0.0,0.0,0.0,0.0,0.0,0.0,0.0,0.0,Low,False,False,False
MCH8137,G0Pa1-Mahajan,Travel,Partnership,Bengaluru,Karnataka,Active,561.1,2.0,29222.76,14611.38,2.0,0.0,0.0,0.0,0.0,0.0,0.0,0.0,0.0,0.0,0.0,Low,False,False,False
MCH8138,Chaudhuri-Varma,Department Store,Individual,Chennai,Tamil Nadu,Active,1502.0,2.0,3962.81,1981.405,2.0,0.0,0.0,0.0,0.0,0.0,0.0,0.0,0.0,0.0,0.0,Low,False,False,False
MCH8145,Dhi110N Llc,Hotel & Lodging,Private Limited,Chennai,Tamil Nadu,Active,180.43,2.0,17270.52,8635.26,2.0,0.0,0.0,0.0,0.0,0.0,0.0,0.0,0.0,0.0,0.0,Low,False,False,False
MCH8148,Sehgal-Banik,Transportation,Sole Proprietor,Bengaluru,Karnataka,Active,406.0,0.0,0.0,0.0,0.0,0.0,0.0,0.0,0.0,0.0,0.0,0,0,0,0.0,Low,False,False,False
MCH8149,"Chandran, Mander And Parmar",Restaurants & Food,Partnership,Kolkata,West Bengal,Active,1378.0,3.0,27516.350000000002,9172.116666666667,3.0,0.0,0.0,0.0,0.0,0.0,0.0,0.0,0.0,0.0,0.0,Low,False,False,False
MCH8151,Dalal Plc,Apparel & Fashion,Individual,Jalandhar,Punjab,Active,1200.0,4.0,42068.729999999996,10517.182499999999,3.0,0.0,1.0,0.0,0.0,0.0,0.0,0.0,0.0,0.0,0.0,Low,False,False,False
MCH8152,Chaudhari Plc,Pharmacy,Sole Proprietor,Jalandhar,Punjab,Active,1648.01,1.0,16121.0,16121.0,1.0,0.0,0.0,0.0,0.0,0.0,0.0,0.0,0.0,0.0,0.0,Low,False,False,False
MCH8157,Lall-Char,Books & Stationery,Private Limited,Jalandhar,Punjab,Active,3861.94,2.0,33852.0,16926.0,2.0,0.0,0.0,0.0,0.0,0.0,0.0,0.0,0.0,0.0,0.0,Low,False,False,False
MCH8159,"Gade, Gala And Bhatti",Restaurants & Food,Individual,Jaipur,Rajasthan,Active,1186.29,3.0,24673.34,8224.446666666667,3.0,0.0,0.0,0.0,0.0,0.0,0.0,0.0,0.0,0.0,0.0,Low,False,False,False
MCH8163,"Sama, Pant And Tara",Books & Stationery,Private Limited,Lucknow,Uttar Pradesh,Active,,0.0,0.0,0.0,0.0,0.0,0.0,0.0,0.0,0.0,0.0,0,0,0,0.0,Low,False,False,False
MCH8164,"Devan, Basu And Buch",Restaurants & Food,Private Limited,Delhi,Delhi,Active,3036.35,0.0,0.0,0.0,0.0,0.0,0.0,0.0,0.0,0.0,0.0,0,0,0,0.0,Low,False,False,False
MCH8169,"Kapur, Prashad And Srinivasan",Miscellaneous,Individual,Jaipur,Rajasthan,Active,1294.0,3.0,28984.58,9661.526666666667,3.0,0.0,0.0,0.0,0.0,0.0,0.0,0.0,0.0,0.0,0.0,Low,False,False,False
MCH8170,"Dyal, Chadha And Shenoy",Telecom,Partnership,Hyderabad,Telangana,Active,589.07,6.0,88160.48,14693.413333333332,4.0,1.0,1.0,0.0,0.0,0.0,0.0,16.67,0.0,0.0,0.0,Low,False,False,False
MCH8174,Bera Group,Department Store,Private Limited,Pune,Maharashtra,Active,1502.14,1.0,1718.0,1718.0,1.0,0.0,0.0,0.0,0.0,0.0,0.0,0.0,0.0,0.0,0.0,Low,False,False,False
MCH8176,Bala Plc,Department Store,Sole Proprietor,Hyderabad,Telangana,Active,3488.0,2.0,30103.24,15051.62,2.0,0.0,0.0,0.0,0.0,0.0,0.0,0.0,0.0,0.0,0.0,Low,False,False,False
MCH8177,Soman Inc,Restaurants & Food,Private Limited,Kolkata,West Bengal,Active,2423.6,1.0,7842.13,7842.13,1.0,0.0,0.0,0.0,0.0,0.0,0.0,0.0,0.0,0.0,0.0,Low,False,False,False
MCH8188,"Ram, Krish And Pai",Miscellaneous,Partnership,Lucknow,Uttar Pradesh,Inactive,734.28,1.0,16390.09,16390.09,1.0,0.0,0.0,0.0,0.0,0.0,0.0,0.0,0.0,0.0,0.0,Low,False,False,False
MCH8189,Bajaj-Sura,Transportation,Sole Proprietor,Delhi,Delhi,Active,1010.26,4.0,46032.350000000006,11508.087500000001,3.0,0.0,0.0,0.0,0.0,0.0,0.0,0.0,0.0,0.0,0.0,Low,False,False,False
MCH8197,Virk-Venkataraman,Pharmacy,Sole Proprietor,Kolkata,West Bengal,Active,964.03,2.0,23370.77,11685.385,2.0,0.0,0.0,0.0,0.0,0.0,0.0,0.0,0.0,0.0,0.0,Low,False,False,False
MCH8200,Rai-Bhargava,Books & Stationery,Sole Proprietor,Amritsar,Punjab,Active,,2.0,34320.01,17160.005,2.0,0.0,0.0,0.0,0.0,0.0,0.0,0.0,0.0,0.0,0.0,Low,False,False,False
MCH8204,Bumb-Bansal,Hotel & Lodging,Private Limited,Jalandhar,Punjab,Active,1083.04,0.0,0.0,0.0,0.0,0.0,0.0,0.0,0.0,0.0,0.0,0,0,0,0.0,Low,False,False,False
MCH8208,Tak-Shankar,Hotel & Lodging,Individual,Mumbai,Maharashtra,Active,1309.39,4.0,37754.62,9438.655,3.0,0.0,1.0,0.0,0.0,0.0,0.0,0.0,0.0,0.0,0.0,Low,False,False,False
MCH8209,"Cheema, Bansal And Comar",Apparel & Fashion,Sole Proprietor,Ludhiana,Punjab,Active,6788.0,1.0,13960.21,13960.21,1.0,0.0,0.0,0.0,0.0,0.0,0.0,0.0,0.0,0.0,0.0,Low,False,False,False
MCH8210,Bains Group,Medical,Partnership,Delhi,Delhi,Active,2128.0,1.0,23562.02,23562.02,1.0,0.0,0.0,0.0,0.0,0.0,0.0,0.0,0.0,0.0,0.0,Low,False,False,False
MCH8211,Parekh-Atwal,Grocery,Private Limited,Jaipur,Rajasthan,Active,,2.0,26621.48,13310.74,2.0,0.0,0.0,0.0,0.0,0.0,0.0,0.0,0.0,0.0,0.0,Low,False,False,False
MCH8215,"Brar, Ramesh And Kaul",Grocery,Partnership,Chennai,Tamil Nadu,Inactive,1544.34,2.0,27077.57,13538.785,2.0,0.0,0.0,0.0,0.0,0.0,0.0,0.0,0.0,0.0,0.0,Low,False,False,False
MCH8219,Devi Group,Telecom,Individual,Ludhiana,Punjab,Active,1980.0,1.0,2401.0,2401.0,1.0,0.0,0.0,0.0,0.0,0.0,0.0,0.0,0.0,0.0,0.0,Low,False,False,False
MCH8225,Bedi-Date,Miscellaneous,Private Limited,Pune,Maharashtra,Active,2289.3,3.0,44144.46,14714.82,3.0,0.0,0.0,0.0,0.0,0.0,0.0,0.0,0.0,0.0,0.0,Low,False,False,False
MCH8226,Das-Subramanian,Miscellaneous,Partnership,Jaipur,Rajasthan,Active,789.74,0.0,0.0,0.0,0.0,0.0,0.0,0.0,0.0,0.0,0.0,0,0,0,0.0,Low,False,False,False
MCH8233,Patel Ltd,Grocery,Partnership,Jalandhar,Punjab,Active,1942.94,3.0,17437.21,5812.403333333333,3.0,0.0,0.0,0.0,0.0,0.0,0.0,0.0,0.0,0.0,0.0,Low,False,False,False
MCH8238,"Lala, Seth And Tak",Apparel & Fashion,Partnership,Jaipur,Rajasthan,Active,952.06,1.0,732.51,732.51,1.0,0.0,0.0,0.0,0.0,0.0,0.0,0.0,0.0,0.0,0.0,Low,False,False,False
MCH8239,"Brahmbhatt, 0Ak And Dhar",Grocery,Partnership,Jaipur,Rajasthan,Active,266.0,1.0,21164.9,21164.9,1.0,0.0,0.0,0.0,0.0,0.0,0.0,0.0,0.0,0.0,0.0,Low,False,False,False
MCH8240,Sur Llc,Pharmacy,Partnership,Lucknow,Uttar Pradesh,Active,1777.69,2.0,20355.02,10177.51,2.0,0.0,0.0,0.0,0.0,0.0,0.0,0.0,0.0,0.0,0.0,Low,False,False,False
MCH8245,"Dhillon, Saran And Kalita",Hotel & Lodging,Partnership,Ludhiana,Punjab,Active,2778.0,1.0,11138.54,11138.54,1.0,0.0,0.0,0.0,0.0,0.0,0.0,0.0,0.0,0.0,0.0,Low,False,False,False
MCH8253,Dutt-Narain,Grocery,Sole Proprietor,Hyderabad,Telangana,Active,1104.19,2.0,8644.2,4322.1,2.0,0.0,0.0,0.0,0.0,0.0,0.0,0.0,0.0,0.0,0.0,Low,False,False,False
MCH8255,"Yadav, Goyal And Sem",Apparel & Fashion,Individual,Jalandhar,Punjab,Active,2733.83,3.0,47090.23,15696.743333333334,2.0,0.0,0.0,0.0,0.0,0.0,0.0,0.0,0.0,0.0,0.0,Low,False,False,False
MCH8261,"Sridhar, Manda And Arora",Restaurants & Food,Sole Proprietor,Jaipur,Rajasthan,Suspended,8032.44,0.0,0.0,0.0,0.0,0.0,0.0,0.0,0.0,0.0,0.0,0,0,0,0.0,Low,False,False,False
MCH8262,Sanghvi Ltd,Grocery,Sole Proprietor,Bengaluru,Karnataka,Active,4676.0,0.0,0.0,0.0,0.0,0.0,0.0,0.0,0.0,0.0,0.0,0,0,0,0.0,Low,False,False,False
MCH8264,"Hayer, Pant And Suresh",Transportation,Private Limited,Jaipur,Rajasthan,Active,2906.17,1.0,16972.61,16972.61,1.0,0.0,0.0,0.0,0.0,0.0,0.0,0.0,0.0,0.0,0.0,Low,False,False,False
MCH8268,Krishnamurthy-Chopra,Books & Stationery,Private Limited,Chennai,Tamil Nadu,Active,1218.95,3.0,56257.81,18752.603333333333,3.0,0.0,0.0,0.0,0.0,0.0,0.0,0.0,0.0,0.0,0.0,Low,False,False,False
MCH8271,Konda-Bawa,Apparel & Fashion,Sole Proprietor,Chennai,Tamil Nadu,Active,1087.99,6.0,64815.399999999994,10802.566666666666,6.0,0.0,0.0,0.0,0.0,0.0,0.0,0.0,0.0,0.0,0.0,Low,False,False,False
MCH8272,"Kaur, Barad And Sengupta",Grocery,Partnership,Amritsar,Punjab,Active,2250.0,1.0,651.0,651.0,1.0,0.0,0.0,0.0,0.0,0.0,0.0,0.0,0.0,0.0,0.0,Low,False,False,False
MCH8276,"Kakar, Handa And Sachdeva",Restaurants & Food,Sole Proprietor,Mumbai,Maharashtra,Active,2410.37,3.0,58853.21,19617.736666666668,3.0,0.0,0.0,0.0,0.0,0.0,0.0,0.0,0.0,0.0,0.0,Low,False,False,False
MCH8279,Lala Plc,Grocery,Sole Proprietor,Chennai,Tamil Nadu,Active,416.0,1.0,8602.12,8602.12,0.0,0.0,1.0,0.0,0.0,0.0,0.0,0.0,0.0,0.0,0.0,Low,False,False,False
MCH8283,Nadkarni Llc,Travel,Private Limited,Kolkata,West Bengal,Active,731.97,3.0,42186.84,14062.279999999999,3.0,0.0,0.0,0.0,0.0,0.0,0.0,0.0,0.0,0.0,0.0,Low,False,False,False
MCH8286,"Chadha, Chaudhari And Edwin",Medical,Private Limited,Hyderabad,Telangana,Active,1828.46,1.0,21510.15,21510.15,1.0,0.0,0.0,0.0,0.0,0.0,0.0,0.0,0.0,0.0,0.0,Low,False,False,False
MCH8288,Kakar-Sood,Department Store,Private Limited,Bengaluru,Karnataka,Active,1556.66,1.0,617.0,617.0,0.0,0.0,1.0,0.0,0.0,0.0,0.0,0.0,0.0,0.0,0.0,Low,False,False,False
MCH8289,"Ch0Udhury, Chakrabarti And Kha1Sa",Transportation,Sole Proprietor,Lucknow,Uttar Pradesh,Active,954.52,6.0,68764.28,11460.713333333333,5.0,1.0,0.0,0.0,0.0,0.0,0.0,16.67,0.0,0.0,0.0,Low,False,False,False
MCH8291,Walia Inc,Hotel & Lodging,Private Limited,Ludhiana,Punjab,Active,1898.37,3.0,44960.83,14986.943333333335,3.0,0.0,0.0,0.0,0.0,0.0,0.0,0.0,0.0,0.0,0.0,Low,False,False,False
MCH8295,Mammen Llc,Miscellaneous,Private Limited,Chennai,Tamil Nadu,Active,1554.58,3.0,34585.18,11528.393333333333,3.0,0.0,0.0,0.0,0.0,0.0,0.0,0.0,0.0,0.0,0.0,Low,False,False,False
MCH8297,Rai And Sons,Books & Stationery,Partnership,Chennai,Tamil Nadu,Active,618.85,3.0,54844.22,18281.406666666666,3.0,0.0,0.0,0.0,0.0,0.0,0.0,0.0,0.0,0.0,0.0,Low,False,False,False
MCH8299,Garde Plc,Restaurants & Food,Partnership,Jaipur,Rajasthan,Active,1496.13,0.0,0.0,0.0,0.0,0.0,0.0,0.0,0.0,0.0,0.0,0,0,0,0.0,Low,False,False,False
MCH8306,"Wason, Saraf And Dube",Hotel & Lodging,Partnership,Bengaluru,Karnataka,Active,67.35,3.0,46126.22,15375.406666666668,2.0,0.0,0.0,0.0,0.0,0.0,0.0,0.0,0.0,0.0,0.0,Low,False,False,False
MCH8308,Thakkar Plc,Hotel & Lodging,Sole Proprietor,Mumbai,Maharashtra,Active,1612.0,2.0,43246.67,21623.335,2.0,0.0,0.0,0.0,0.0,0.0,0.0,0.0,0.0,0.0,0.0,Low,False,False,False
MCH8310,Chakraborty Ltd,Travel,Individual,Delhi,Delhi,Active,1287.03,1.0,17258.93,17258.93,1.0,0.0,0.0,0.0,0.0,0.0,0.0,0.0,0.0,0.0,0.0,Low,False,False,False
MCH8312,"Ramanathan, Andra And Sarma",Medical,Partnership,Lucknow,Uttar Pradesh,Active,,2.0,27732.129999999997,13866.064999999999,2.0,0.0,0.0,0.0,0.0,0.0,0.0,0.0,0.0,0.0,0.0,Low,False,False,False
MCH8316,Nagi Plc,Restaurants & Food,Private Limited,Chennai,Tamil Nadu,Active,1504.17,2.0,12956.400000000001,6478.200000000001,1.0,0.0,0.0,0.0,0.0,0.0,0.0,0.0,0.0,0.0,0.0,Low,False,False,False
MCH8324,Golla-Chaudhuri,Hotel & Lodging,Private Limited,Jalandhar,Punjab,Active,,5.0,89029.59,17805.917999999998,4.0,0.0,1.0,0.0,0.0,0.0,0.0,0.0,0.0,0.0,0.0,Low,False,False,False
MCH8325,Sarin Inc,Miscellaneous,Individual,Amritsar,Punjab,Active,1640.03,0.0,0.0,0.0,0.0,0.0,0.0,0.0,0.0,0.0,0.0,0,0,0,0.0,Low,False,False,False
MCH8327,Men0N Ltd,Miscellaneous,Individual,Bengaluru,Karnataka,Inactive,1670.04,4.0,29169.26,7292.315,4.0,0.0,0.0,0.0,0.0,0.0,0.0,0.0,0.0,0.0,0.0,Low,False,False,False
MCH8329,"Halder, Panchal And Pandit",Miscellaneous,Individual,Lucknow,Uttar Pradesh,Active,422.0,2.0,24871.989999999998,12435.994999999999,1.0,0.0,0.0,0.0,0.0,0.0,0.0,0.0,0.0,0.0,0.0,Low,False,False,False
MCH8332,"Sethi, Buch And Sachdeva",Hotel & Lodging,Individual,Hyderabad,Telangana,Active,1666.61,3.0,49438.28,16479.426666666666,3.0,0.0,0.0,0.0,0.0,0.0,0.0,0.0,0.0,0.0,0.0,Low,False,False,False
MCH8334,"Rai,Bandiandjayaraman",Transportation,Partnership,Kolkata,West Bengal,Active,3117.64,2.0,38903.9,19451.95,2.0,0.0,0.0,0.0,0.0,0.0,0.0,0.0,0.0,0.0,0.0,Low,False,False,False
MCH8335,Bhatti-Keer,Retail,Sole Proprietor,Hyderabad,Telangana,Inactive,1335.83,6.0,71742.88,11957.146666666667,5.0,1.0,0.0,0.0,0.0,0.0,0.0,16.67,0.0,0.0,0.0,Low,False,False,False
MCH8338,Basu Ltd,Restaurants & Food,Private Limited,Pune,Maharashtra,Active,279.5,2.0,39140.509999999995,19570.254999999997,2.0,0.0,0.0,0.0,0.0,0.0,0.0,0.0,0.0,0.0,0.0,Low,False,False,False
MCH8341,Jha Ltd,Telecom,Private Limited,Chennai,Tamil Nadu,Active,2211.95,1.0,17769.57,17769.57,1.0,0.0,0.0,0.0,0.0,0.0,0.0,0.0,0.0,0.0,0.0,Low,False,False,False
MCH8346,Sane-Ben,Miscellaneous,Private Limited,Kolkata,West Bengal,Active,2955.96,1.0,12171.86,12171.86,1.0,0.0,0.0,0.0,0.0,0.0,0.0,0.0,0.0,0.0,0.0,Low,False,False,False
MCH8352,Tailor And Sons,Hotel & Lodging,Sole Proprietor,Lucknow,Uttar Pradesh,Active,1393.59,3.0,25315.88,8438.626666666667,3.0,0.0,0.0,0.0,0.0,0.0,0.0,0.0,0.0,0.0,0.0,Low,False,False,False
MCH8355,"Virk, Sarna And Sangha",Restaurants & Food,Individual,Mumbai,Maharashtra,Active,3279.0,2.0,35942.01,17971.005,2.0,0.0,0.0,0.0,0.0,0.0,0.0,0.0,0.0,0.0,0.0,Low,False,False,False
MCH8358,Tripathi-Borah,Pharmacy,Private Limited,Kolkata,West Bengal,Active,1758.66,3.0,26921.47,8973.823333333334,3.0,0.0,0.0,0.0,0.0,0.0,0.0,0.0,0.0,0.0,0.0,Low,False,False,False
MCH8363,Salvi Group,Hotel & Lodging,Sole Proprietor,Lucknow,Uttar Pradesh,Active,833.32,1.0,12429.12,12429.12,1.0,0.0,0.0,0.0,0.0,0.0,0.0,0.0,0.0,0.0,0.0,Low,False,False,False
MCH8364,Kataplc,Pharmacy,Individual,Mumbai,Maharashtra,Active,753.31,2.0,13369.429999999998,6684.714999999999,2.0,0.0,0.0,0.0,0.0,0.0,0.0,0.0,0.0,0.0,0.0,Low,False,False,False
MCH8365,Banik Plc,Miscellaneous,Private Limited,Jalandhar,Punjab,Active,3523.0,4.0,45770.63,11442.6575,4.0,0.0,0.0,0.0,0.0,0.0,0.0,0.0,0.0,0.0,0.0,Low,False,False,False
MCH8379,Deep Group,Books & Stationery,Private Limited,Kolkata,West Bengal,Suspended,469.0,3.0,38790.9,12930.300000000001,3.0,0.0,0.0,0.0,0.0,0.0,0.0,0.0,0.0,0.0,0.0,Low,False,False,False
MCH8380,Chaudhari-Behl,Hotel & Lodging,Partnership,Mumbai,Maharashtra,Active,780.2,5.0,43043.61,8608.722,5.0,0.0,0.0,0.0,0.0,0.0,0.0,0.0,0.0,0.0,0.0,Low,False,False,False
MCH8384,"Tella, Batra And Baral",Department Store,Individual,Jalandhar,Punjab,Active,,2.0,27584.24,13792.12,2.0,0.0,0.0,0.0,0.0,0.0,0.0,0.0,0.0,0.0,0.0,Low,False,False,False
MCH8385,Thaker-Hegde,Restaurants & Food,Partnership,Amritsar,Punjab,Active,2913.48,1.0,10890.38,10890.38,1.0,0.0,0.0,0.0,0.0,0.0,0.0,0.0,0.0,0.0,0.0,Low,False,False,False
MCH8393,Salvi Llc,Hotel & Lodging,Partnership,Jalandhar,Punjab,Active,1230.0,0.0,0.0,0.0,0.0,0.0,0.0,0.0,0.0,0.0,0.0,0,0,0,0.0,Low,False,False,False
MCH8399,"La11A, Wadhwa And Bhardwaj",Restaurants & Food,Private Limited,Kolkata,West Bengal,Active,1773.81,5.0,74496.6,14899.320000000002,5.0,0.0,0.0,0.0,0.0,0.0,0.0,0.0,0.0,0.0,0.0,Low,False,False,False
MCH8401,Pandey Plc,Hotel & Lodging,Partnership,Chennai,Tamil Nadu,Active,625.0,0.0,0.0,0.0,0.0,0.0,0.0,0.0,0.0,0.0,0.0,0,0,0,0.0,Low,False,False,False
MCH8407,Dey Group,Transportation,Individual,Lucknow,Uttar Pradesh,Active,2726.27,3.0,47220.979999999996,15740.326666666666,3.0,0.0,0.0,0.0,0.0,0.0,0.0,0.0,0.0,0.0,0.0,Low,False,False,False
MCH8409,"Dua, Naidu And Agate",Travel,Individual,Mumbai,Maharashtra,Active,1474.83,1.0,18927.3,18927.3,1.0,0.0,0.0,0.0,0.0,0.0,0.0,0.0,0.0,0.0,0.0,Low,False,False,False
MCH8410,Kade Llc,Grocery,Partnership,Lucknow,Uttar Pradesh,Active,893.08,3.0,45615.490000000005,15205.163333333336,3.0,0.0,0.0,0.0,0.0,0.0,0.0,0.0,0.0,0.0,0.0,Low,False,False,False
MCH8411,Chopra Group,Restaurants & Food,Private Limited,Jalandhar,Punjab,Inactive,1067.4,2.0,44080.16,22040.08,2.0,0.0,0.0,0.0,0.0,0.0,0.0,0.0,0.0,0.0,0.0,Low,False,False,False
MCH8416,"Bal, Kant And Gola",Grocery,Private Limited,Chennai,Tamil Nadu,Active,5069.39,3.0,19276.4,6425.466666666667,3.0,0.0,0.0,0.0,0.0,0.0,0.0,0.0,0.0,0.0,0.0,Low,False,False,False
MCH8417,Bhalla-Batta,Department Store,Partnership,Bengaluru,Karnataka,Active,544.37,1.0,13413.38,13413.38,1.0,0.0,0.0,0.0,0.0,0.0,0.0,0.0,0.0,0.0,0.0,Low,False,False,False
MCH8418,Jaggi Inc,Hotel & Lodging,Individual,Pune,Maharashtra,Inactive,,2.0,23573.850000000002,11786.925000000001,1.0,0.0,0.0,0.0,0.0,0.0,0.0,0.0,0.0,0.0,0.0,Low,False,False,False
MCH8419,Nigam Inc,Telecom,Sole Proprietor,Amritsar,Punjab,Active,462.51,1.0,21239.45,21239.45,1.0,0.0,0.0,0.0,0.0,0.0,0.0,0.0,0.0,0.0,0.0,Low,False,False,False
MCH8421,"Wali, Chowdhury And Barman",Restaurants & Food,Private Limited,Bengaluru,Karnataka,Active,966.94,0.0,0.0,0.0,0.0,0.0,0.0,0.0,0.0,0.0,0.0,0,0,0,0.0,Low,False,False,False
MCH8422,Kakar-Bera,Apparel & Fashion,Sole Proprietor,Amritsar,Punjab,Active,661.76,3.0,50732.06,16910.686666666665,3.0,0.0,0.0,0.0,0.0,0.0,0.0,0.0,0.0,0.0,0.0,Low,False,False,False
MCH8423,Balasubramanian And Sons,Grocery,Private Limited,Mumbai,Maharashtra,Active,1838.16,2.0,20668.129999999997,10334.064999999999,2.0,0.0,0.0,0.0,0.0,0.0,0.0,0.0,0.0,0.0,0.0,Low,False,False,False
MCH8427,Sankaran-Rai,Books & Stationery,Sole Proprietor,Hyderabad,Telangana,Active,302.0,0.0,0.0,0.0,0.0,0.0,0.0,0.0,0.0,0.0,0.0,0,0,0,0.0,Low,False,False,False
MCH8428,"Keer, Batra And Kapadia",Hotel & Lodging,Partnership,Jalandhar,Punjab,Active,2475.47,2.0,16164.1,8082.05,2.0,0.0,0.0,0.0,0.0,0.0,0.0,0.0,0.0,0.0,0.0,Low,False,False,False
MCH8432,Lad Inc,Books & Stationery,Private Limited,Delhi,Delhi,Active,394.7,1.0,14645.5,14645.5,1.0,0.0,0.0,0.0,0.0,0.0,0.0,0.0,0.0,0.0,0.0,Low,False,False,False
MCH8437,"Kurian, Yadav And Sidhu",Restaurants & Food,Partnership,Amritsar,Punjab,Active,1382.63,6.0,90150.45,15025.074999999999,6.0,0.0,0.0,0.0,0.0,0.0,0.0,0.0,0.0,0.0,0.0,Low,False,False,False
MCH8439,Bala And Sons,Pharmacy,Individual,Jalandhar,Punjab,Active,1591.75,0.0,0.0,0.0,0.0,0.0,0.0,0.0,0.0,0.0,0.0,0,0,0,0.0,Low,False,False,False
MCH8440,"Chacko, Natarajan And Menon",Miscellaneous,Individual,Mumbai,Maharashtra,Active,775.41,1.0,8367.72,8367.72,1.0,0.0,0.0,0.0,0.0,0.0,0.0,0.0,0.0,0.0,0.0,Low,False,False,False
MCH8445,Chand Inc,Miscellaneous,Partnership,Jaipur,Rajasthan,Active,2873.41,4.0,65188.770000000004,16297.192500000001,4.0,0.0,0.0,0.0,0.0,0.0,0.0,0.0,0.0,0.0,0.0,Low,False,False,False
MCH8446,Kuruvi11A Gr0Up,Miscellaneous,Sole Proprietor,Chennai,Tamil Nadu,Active,979.24,2.0,19527.5,9763.75,2.0,0.0,0.0,0.0,0.0,0.0,0.0,0.0,0.0,0.0,0.0,Low,False,False,False
MCH8448,"Roy, Parekh And Ratti",Hotel & Lodging,Private Limited,Jaipur,Rajasthan,Active,364.74,2.0,44660.130000000005,22330.065000000002,2.0,0.0,0.0,0.0,0.0,0.0,0.0,0.0,0.0,0.0,0.0,Low,False,False,False
MCH8449,Mani-Ramachandran,Pharmacy,Partnership,Delhi,Delhi,Active,461.73,1.0,23155.56,23155.56,1.0,0.0,0.0,0.0,0.0,0.0,0.0,0.0,0.0,0.0,0.0,Low,False,False,False
MCH8450,Singhal Llc,Miscellaneous,Private Limited,Jaipur,Rajasthan,Active,2472.47,0.0,0.0,0.0,0.0,0.0,0.0,0.0,0.0,0.0,0.0,0,0,0,0.0,Low,False,False,False
MCH8460,Luthra Plc,Department Store,Private Limited,Jaipur,Rajasthan,Active,2927.81,2.0,32534.81,16267.405,2.0,0.0,0.0,0.0,0.0,0.0,0.0,0.0,0.0,0.0,0.0,Low,False,False,False
MCH8464,"Kapadia, Sarin And Bhargava",Grocery,Sole Proprietor,Ludhiana,Punjab,Active,1536.1,0.0,0.0,0.0,0.0,0.0,0.0,0.0,0.0,0.0,0.0,0,0,0,0.0,Low,False,False,False
MCH8466,Dani Plc,Miscellaneous,Sole Proprietor,Lucknow,Uttar Pradesh,Active,1946.42,3.0,35571.76,11857.253333333334,2.0,0.0,1.0,0.0,0.0,0.0,0.0,0.0,0.0,0.0,0.0,Low,False,False,False
MCH8470,Munshi-Reddy,Transportation,Sole Proprietor,Pune,Maharashtra,Active,1203.0,2.0,42550.06,21275.03,2.0,0.0,0.0,0.0,0.0,0.0,0.0,0.0,0.0,0.0,0.0,Low,False,False,False
MCH8472,Guha-Sandhu,Telecom,Partnership,Amritsar,Punjab,Active,1828.57,6.0,52080.08,8680.013333333334,5.0,1.0,0.0,0.0,0.0,0.0,0.0,16.67,0.0,0.0,0.0,Low,False,False,False
MCH8473,"Tella, Dara And Krish",Telecom,Private Limited,Mumbai,Maharashtra,Active,320.84,3.0,43032.53,14344.176666666666,3.0,0.0,0.0,0.0,0.0,0.0,0.0,0.0,0.0,0.0,0.0,Low,False,False,False
MCH8475,"Karpe, Iyer And Gole",Books & Stationery,Private Limited,Bengaluru,Karnataka,Active,2426.04,3.0,39410.01,13136.67,3.0,0.0,0.0,0.0,0.0,0.0,0.0,0.0,0.0,0.0,0.0,Low,False,False,False
MCH8480,Doshi-Sarin,Transportation,Individual,Pune,Maharashtra,Active,,3.0,49478.51,16492.836666666666,3.0,0.0,0.0,0.0,0.0,0.0,0.0,0.0,0.0,0.0,0.0,Low,False,False,False
MCH8481,"Dixit,Geraandgara",Transportation,Sole Proprietor,Jaipur,Rajasthan,Active,1730.88,2.0,18588.91,9294.455,2.0,0.0,0.0,0.0,0.0,0.0,0.0,0.0,0.0,0.0,0.0,Low,False,False,False
MCH8484,"Grover, Swamy And Johal",Medical,Private Limited,Kolkata,West Bengal,Suspended,1273.08,4.0,77172.54000000001,19293.135000000002,4.0,0.0,0.0,0.0,0.0,0.0,0.0,0.0,0.0,0.0,0.0,Low,False,False,False
MCH8489,Mand And Sons,Hotel & Lodging,Individual,Pune,Maharashtra,Active,2744.11,1.0,18977.54,18977.54,1.0,0.0,0.0,0.0,0.0,0.0,0.0,0.0,0.0,0.0,0.0,Low,False,False,False
MCH8490,Sekhon-Chadha,Apparel & Fashion,Sole Proprietor,Delhi,Delhi,Inactive,,1.0,18301.88,18301.88,1.0,0.0,0.0,0.0,0.0,0.0,0.0,0.0,0.0,0.0,0.0,Low,False,False,False
MCH8492,Narayan Gr0Up,Telecom,Individual,Kolkata,West Bengal,Inactive,,0.0,0.0,0.0,0.0,0.0,0.0,0.0,0.0,0.0,0.0,0,0,0,0.0,Low,False,False,False
MCH8493,Buch Inc,Medical,Individual,Chennai,Tamil Nadu,Active,2394.24,2.0,15438.94,7719.47,2.0,0.0,0.0,0.0,0.0,0.0,0.0,0.0,0.0,0.0,0.0,Low,False,False,False
MCH8497,"Pandey, Dutta And Thakkar",Restaurants & Food,Private Limited,Delhi,Delhi,Active,802.0,0.0,0.0,0.0,0.0,0.0,0.0,0.0,0.0,0.0,0.0,0,0,0,0.0,Low,False,False,False
MCH8501,Koshy-Mukherjee,Hotel & Lodging,Partnership,Hyderabad,Telangana,Active,3180.8,3.0,36448.15,12149.383333333333,3.0,0.0,0.0,0.0,0.0,0.0,0.0,0.0,0.0,0.0,0.0,Low,False,False,False
MCH8506,"Handa, Sahni And Sawhney",Telecom,Partnership,Hyderabad,Telangana,Active,339.0,3.0,34634.6,11544.866666666667,3.0,0.0,0.0,0.0,0.0,0.0,0.0,0.0,0.0,0.0,0.0,Low,False,False,False
MCH8509,Merchant-Kalita,Grocery,Private Limited,Hyderabad,Telangana,Active,329.11,1.0,12504.59,12504.59,1.0,0.0,0.0,0.0,0.0,0.0,0.0,0.0,0.0,0.0,0.0,Low,False,False,False
MCH8511,Bhattacharyya Llc,Travel,Sole Proprietor,Kolkata,West Bengal,Active,1377.4,2.0,18894.68,9447.34,1.0,0.0,1.0,0.0,0.0,0.0,0.0,0.0,0.0,0.0,0.0,Low,False,False,False
MCH8512,Luthra-Bhasin,Transportation,Sole Proprietor,Lucknow,Uttar Pradesh,Active,2579.73,2.0,27865.01,13932.505,2.0,0.0,0.0,0.0,0.0,0.0,0.0,0.0,0.0,0.0,0.0,Low,False,False,False
MCH8517,"Bandi, Bir And Buch",Pharmacy,Individual,Delhi,Delhi,Active,2544.34,2.0,5855.41,2927.705,2.0,0.0,0.0,0.0,0.0,0.0,0.0,0.0,0.0,0.0,0.0,Low,False,False,False
MCH8518,Srivastava-Parsa,Apparel & Fashion,Individual,Jaipur,Rajasthan,Active,191.84,0.0,0.0,0.0,0.0,0.0,0.0,0.0,0.0,0.0,0.0,0,0,0,0.0,Low,False,False,False
MCH8525,Bah1-Mangat,Hotel & Lodging,Individual,Mumbai,Maharashtra,Inactive,444.54,0.0,0.0,0.0,0.0,0.0,0.0,0.0,0.0,0.0,0.0,0,0,0,0.0,Low,False,False,False
MCH8527,"Varkey, Chacko And Sarraf",Grocery,Private Limited,Delhi,Delhi,Active,128.48,3.0,47970.88,15990.293333333333,3.0,0.0,0.0,0.0,0.0,0.0,0.0,0.0,0.0,0.0,0.0,Low,False,False,False
MCH8529,Pradhan Plc,Books & Stationery,Sole Proprietor,Delhi,Delhi,Active,476.91,3.0,63919.56,21306.52,3.0,0.0,0.0,0.0,0.0,0.0,0.0,0.0,0.0,0.0,0.0,Low,False,False,False
MCH8530,Chopra-Khanna,Department Store,Partnership,Hyderabad,Telangana,Active,442.28,3.0,31755.71,10585.236666666666,3.0,0.0,0.0,0.0,0.0,0.0,0.0,0.0,0.0,0.0,0.0,Low,False,False,False
MCH8536,Boase Plc,Telecom,Partnership,Mumbai,Maharashtra,Active,3149.45,2.0,32876.96,16438.48,2.0,0.0,0.0,0.0,0.0,0.0,0.0,0.0,0.0,0.0,0.0,Low,False,False,False
MCH8537,Sunder Llc,Travel,Private Limited,Chennai,Tamil Nadu,Active,1072.34,1.0,4146.34,4146.34,1.0,0.0,0.0,0.0,0.0,0.0,0.0,0.0,0.0,0.0,0.0,Low,False,False,False
MCH8539,Arya-Char,Apparel & Fashion,Sole Proprietor,Chennai,Tamil Nadu,Active,3012.9,4.0,21484.95,5371.2375,3.0,0.0,1.0,0.0,0.0,0.0,0.0,0.0,0.0,0.0,0.0,Low,False,False,False
MCH8545,Taneja And Sons,Grocery,Private Limited,Jaipur,Rajasthan,Active,1926.0,0.0,0.0,0.0,0.0,0.0,0.0,0.0,0.0,0.0,0.0,0,0,0,0.0,Low,False,False,False
MCH8548,Karpe Ltd,Restaurants & Food,Partnership,Delhi,Delhi,Active,699.0,1.0,4019.96,4019.96,1.0,0.0,0.0,0.0,0.0,0.0,0.0,0.0,0.0,0.0,0.0,Low,False,False,False
MCH8549,"Amb1E, Sangha And C0Mar",Telecom,Individual,Ludhiana,Punjab,Active,1130.69,3.0,46608.380000000005,15536.126666666669,3.0,0.0,0.0,0.0,0.0,0.0,0.0,0.0,0.0,0.0,0.0,Low,False,False,False
MCH8550,Nayar Ltd,Telecom,Partnership,Jalandhar,Punjab,Active,1649.78,2.0,44741.74,22370.87,2.0,0.0,0.0,0.0,0.0,0.0,0.0,0.0,0.0,0.0,0.0,Low,False,False,False
MCH8551,Sule-Ganesh,Apparel & Fashion,Individual,Kolkata,West Bengal,Active,1452.12,2.0,39325.52,19662.76,2.0,0.0,0.0,0.0,0.0,0.0,0.0,0.0,0.0,0.0,0.0,Low,False,False,False
MCH8552,"Manne, Manda And Toor",Travel,Sole Proprietor,Pune,Maharashtra,Active,,1.0,15483.13,15483.13,0.0,0.0,1.0,0.0,0.0,0.0,0.0,0.0,0.0,0.0,0.0,Low,False,False,False
MCH8553,Kumar And Sons,Grocery,Partnership,Jalandhar,Punjab,Active,1412.27,3.0,22952.27,7650.756666666667,3.0,0.0,0.0,0.0,0.0,0.0,0.0,0.0,0.0,0.0,0.0,Low,False,False,False
MCH8554,Mangat Plc,Miscellaneous,Sole Proprietor,Mumbai,Maharashtra,Inactive,,2.0,28993.71,14496.855,2.0,0.0,0.0,0.0,0.0,0.0,0.0,0.0,0.0,0.0,0.0,Low,False,False,False
MCH8561,"Swaminathan, Sa1Vi And Kant",Apparel & Fashion,Private Limited,Mumbai,Maharashtra,Active,4447.81,2.0,25426.21,12713.105,2.0,0.0,0.0,0.0,0.0,0.0,0.0,0.0,0.0,0.0,0.0,Low,False,False,False
MCH8562,Radhakrishnan-Apte,Restaurants & Food,Private Limited,Chennai,Tamil Nadu,Active,1647.0,0.0,0.0,0.0,0.0,0.0,0.0,0.0,0.0,0.0,0.0,0,0,0,0.0,Low,False,False,False
MCH8563,"Sen, Saxena And Chopra",Grocery,Sole Proprietor,Pune,Maharashtra,Active,1384.68,2.0,28807.730000000003,14403.865000000002,2.0,0.0,0.0,0.0,0.0,0.0,0.0,0.0,0.0,0.0,0.0,Low,False,False,False
MCH8565,"Mammen, Modi And Sankar",Restaurants & Food,Sole Proprietor,Jaipur,Rajasthan,Active,609.89,1.0,6985.47,6985.47,1.0,0.0,0.0,0.0,0.0,0.0,0.0,0.0,0.0,0.0,0.0,Low,False,False,False
MCH8568,Krishna-Agrawal,Telecom,Partnership,Kolkata,West Bengal,Inactive,412.1,3.0,25000.89,8333.63,3.0,0.0,0.0,0.0,0.0,0.0,0.0,0.0,0.0,0.0,0.0,Low,False,False,False
MCH8570,Reddy Ltd,Books & Stationery,Partnership,Hyderabad,Telangana,Active,528.1,3.0,44004.42,14668.14,3.0,0.0,0.0,0.0,0.0,0.0,0.0,0.0,0.0,0.0,0.0,Low,False,False,False
MCH8571,"Garde, Toor And Malhotra",Telecom,Partnership,Amritsar,Punjab,Active,266.55,2.0,42042.34,21021.17,2.0,0.0,0.0,0.0,0.0,0.0,0.0,0.0,0.0,0.0,0.0,Low,False,False,False
MCH8572,"Sheth,Sethandkulkarni",Telecom,Individual,Jaipur,Rajasthan,Active,4326.0,1.0,10162.81,10162.81,1.0,0.0,0.0,0.0,0.0,0.0,0.0,0.0,0.0,0.0,0.0,Low,False,False,False
MCH8578,Bhatt Llc,Transportation,Sole Proprietor,Pune,Maharashtra,Inactive,2462.04,1.0,599.64,599.64,1.0,0.0,0.0,0.0,0.0,0.0,0.0,0.0,0.0,0.0,0.0,Low,False,False,False
MCH8579,Om Llc,Department Store,Sole Proprietor,Bengaluru,Karnataka,Active,3034.67,2.0,11185.75,5592.875,2.0,0.0,0.0,0.0,0.0,0.0,0.0,0.0,0.0,0.0,0.0,Low,False,False,False
MCH8588,"Kala, Kant And Gola",Transportation,Individual,Chennai,Tamil Nadu,Active,,2.0,16563.48,8281.74,2.0,0.0,0.0,0.0,0.0,0.0,0.0,0.0,0.0,0.0,0.0,Low,False,False,False
MCH8592,Venkatesh-Brahmbhatt,Books & Stationery,Private Limited,Bengaluru,Karnataka,Active,2914.59,2.0,24452.629999999997,12226.314999999999,2.0,0.0,0.0,0.0,0.0,0.0,0.0,0.0,0.0,0.0,0.0,Low,False,False,False
MCH8597,Hayre-Badami,Restaurants & Food,Private Limited,Amritsar,Punjab,Active,1847.81,1.0,3501.62,3501.62,1.0,0.0,0.0,0.0,0.0,0.0,0.0,0.0,0.0,0.0,0.0,Low,False,False,False
MCH8598,"Raghavan, Nadig And Karpe",Restaurants & Food,Sole Proprietor,Pune,Maharashtra,Active,1385.16,2.0,40233.66,20116.83,2.0,0.0,0.0,0.0,0.0,0.0,0.0,0.0,0.0,0.0,0.0,Low,False,False,False
MCH8601,Chahal-Parekh,Restaurants & Food,Private Limited,Amritsar,Punjab,Active,,2.0,24270.87,12135.435,2.0,0.0,0.0,0.0,0.0,0.0,0.0,0.0,0.0,0.0,0.0,Low,False,False,False
MCH8607,Sachdeva-Dutta,Telecom,Partnership,Jalandhar,Punjab,Active,699.07,1.0,17196.17,17196.17,1.0,0.0,0.0,0.0,0.0,0.0,0.0,0.0,0.0,0.0,0.0,Low,False,False,False
MCH8610,Pandey And Sons,Miscellaneous,Sole Proprietor,Bengaluru,Karnataka,Active,1014.0,2.0,15828.9,7914.45,2.0,0.0,0.0,0.0,0.0,0.0,0.0,0.0,0.0,0.0,0.0,Low,False,False,False
MCH8612,Kurian-Goda,Restaurants & Food,Sole Proprietor,Mumbai,Maharashtra,Active,1133.93,1.0,11310.0,11310.0,1.0,0.0,0.0,0.0,0.0,0.0,0.0,0.0,0.0,0.0,0.0,Low,False,False,False
MCH8616,Ratti-Jha,Apparel & Fashion,Sole Proprietor,Pune,Maharashtra,Active,,2.0,29432.519999999997,14716.259999999998,2.0,0.0,0.0,0.0,0.0,0.0,0.0,0.0,0.0,0.0,0.0,Low,False,False,False
MCH8622,Choudhry-Krishna,Hotel & Lodging,Partnership,Pune,Maharashtra,Active,196.86,2.0,21154.9,10577.45,2.0,0.0,0.0,0.0,0.0,0.0,0.0,0.0,0.0,0.0,0.0,Low,False,False,False
MCH8628,"Char, Sastry And Sane",Transportation,Individual,Pune,Maharashtra,Active,1108.74,2.0,5897.280000000001,2948.6400000000003,2.0,0.0,0.0,0.0,0.0,0.0,0.0,0.0,0.0,0.0,0.0,Low,False,False,False
MCH8631,Chaudhari-Chhabra,Apparel & Fashion,Sole Proprietor,Lucknow,Uttar Pradesh,Active,1011.95,1.0,16046.94,16046.94,1.0,0.0,0.0,0.0,0.0,0.0,0.0,0.0,0.0,0.0,0.0,Low,False,False,False
MCH8632,"Koshy, Suri And Dey",Restaurants & Food,Individual,Delhi,Delhi,Active,3705.21,1.0,23535.87,23535.87,1.0,0.0,0.0,0.0,0.0,0.0,0.0,0.0,0.0,0.0,0.0,Low,False,False,False
MCH8633,Pillai-Lata,Medical,Individual,Amritsar,Punjab,Active,1325.55,1.0,17530.43,17530.43,1.0,0.0,0.0,0.0,0.0,0.0,0.0,0.0,0.0,0.0,0.0,Low,False,False,False
MCH8636,Ghosh-Dash,Books & Stationery,Partnership,Amritsar,Punjab,Active,3699.41,2.0,36746.22,18373.11,2.0,0.0,0.0,0.0,0.0,0.0,0.0,0.0,0.0,0.0,0.0,Low,False,False,False
MCH8639,"Sodhi, Kala And Ramaswamy",Grocery,Partnership,Pune,Maharashtra,Active,1544.0,1.0,702.86,702.86,1.0,0.0,0.0,0.0,0.0,0.0,0.0,0.0,0.0,0.0,0.0,Low,False,False,False
MCH8640,"Vasa, Nanda And Bhat",Department Store,Sole Proprietor,Pune,Maharashtra,Active,347.11,2.0,31557.559999999998,15778.779999999999,2.0,0.0,0.0,0.0,0.0,0.0,0.0,0.0,0.0,0.0,0.0,Low,False,False,False
MCH8644,M0Re-L0Ke,Transportation,Individual,Ludhiana,Punjab,Active,1294.91,2.0,27534.72,13767.36,2.0,0.0,0.0,0.0,0.0,0.0,0.0,0.0,0.0,0.0,0.0,Low,False,False,False
MCH8650,Konda Ltd,Miscellaneous,Sole Proprietor,Ludhiana,Punjab,Active,578.35,1.0,20129.28,20129.28,1.0,0.0,0.0,0.0,0.0,0.0,0.0,0.0,0.0,0.0,0.0,Low,False,False,False
MCH8654,Bhavsar-Subramanian,Grocery,Individual,Mumbai,Maharashtra,Active,714.58,1.0,9893.27,9893.27,1.0,0.0,0.0,0.0,0.0,0.0,0.0,0.0,0.0,0.0,0.0,Low,False,False,False
MCH8656,"Sarma, Krish And Ranganathan",Books & Stationery,Sole Proprietor,Kolkata,West Bengal,Active,,6.0,81066.84,13511.14,6.0,0.0,0.0,0.0,0.0,0.0,0.0,0.0,0.0,0.0,0.0,Low,False,False,False
MCH8659,Sha Ltd,Hotel & Lodging,Partnership,Mumbai,Maharashtra,Active,,3.0,49007.64,16335.88,3.0,0.0,0.0,0.0,0.0,0.0,0.0,0.0,0.0,0.0,0.0,Low,False,False,False
MCH8660,"Ben, Guha And Sabharwa1",Restaurants & Food,Sole Proprietor,Lucknow,Uttar Pradesh,Active,,1.0,2662.19,2662.19,0.0,0.0,1.0,0.0,0.0,0.0,0.0,0.0,0.0,0.0,0.0,Low,False,False,False
MCH8663,Khalsa Group,Books & Stationery,Partnership,Jalandhar,Punjab,Inactive,338.0,4.0,79911.85,19977.9625,4.0,0.0,0.0,0.0,0.0,0.0,0.0,0.0,0.0,0.0,0.0,Low,False,False,False
MCH8674,"Mani, Dutta And Issac",Restaurants & Food,Private Limited,Chennai,Tamil Nadu,Active,,3.0,40246.05,13415.35,3.0,0.0,0.0,0.0,0.0,0.0,0.0,0.0,0.0,0.0,0.0,Low,False,False,False
MCH8678,Dani-Talwar,Hotel & Lodging,Partnership,Lucknow,Uttar Pradesh,Inactive,393.54,1.0,8358.59,8358.59,1.0,0.0,0.0,0.0,0.0,0.0,0.0,0.0,0.0,0.0,0.0,Low,False,False,False
MCH8680,Bhatt-Toor,Department Store,Private Limited,Jaipur,Rajasthan,Active,1399.6,6.0,88639.53,14773.255,6.0,0.0,0.0,0.0,0.0,0.0,0.0,0.0,0.0,0.0,0.0,Low,False,False,False
MCH8692,Singhal-Mane,Miscellaneous,Partnership,Jalandhar,Punjab,Active,1884.81,0.0,0.0,0.0,0.0,0.0,0.0,0.0,0.0,0.0,0.0,0,0,0,0.0,Low,False,False,False
MCH8693,Mukhopadhyay-Rama,Grocery,Individual,Lucknow,Uttar Pradesh,Active,406.79,2.0,13777.65,6888.825,2.0,0.0,0.0,0.0,0.0,0.0,0.0,0.0,0.0,0.0,0.0,Low,False,False,False
MCH8698,"Boase, Bal And Mand",Department Store,Private Limited,Kolkata,West Bengal,Active,3054.52,5.0,72541.68,14508.336,5.0,0.0,0.0,0.0,0.0,0.0,0.0,0.0,0.0,0.0,0.0,Low,False,False,False
MCH8703,Mody Group,Miscellaneous,Partnership,Hyderabad,Telangana,Suspended,2908.51,0.0,0.0,0.0,0.0,0.0,0.0,0.0,0.0,0.0,0.0,0,0,0,0.0,Low,False,False,False
MCH8715,"Raju,Lokeandvora",Miscellaneous,Partnership,Hyderabad,Telangana,Active,1332.26,4.0,55812.66,13953.165,4.0,0.0,0.0,0.0,0.0,0.0,0.0,0.0,0.0,0.0,0.0,Low,False,False,False
MCH8716,"Naik, Chada And Divan",Miscellaneous,Private Limited,Ludhiana,Punjab,Active,225.43,4.0,51761.21000000001,12940.302500000002,4.0,0.0,0.0,0.0,0.0,0.0,0.0,0.0,0.0,0.0,0.0,Low,False,False,False
MCH8718,Chaudhari-Bhalla,Restaurants & Food,Individual,Pune,Maharashtra,Active,,1.0,21478.35,21478.35,1.0,0.0,0.0,0.0,0.0,0.0,0.0,0.0,0.0,0.0,0.0,Low,False,False,False
MCH8724,"Ganesh, Sarin And Gera",Grocery,Partnership,Delhi,Delhi,Active,639.73,0.0,0.0,0.0,0.0,0.0,0.0,0.0,0.0,0.0,0.0,0,0,0,0.0,Low,False,False,False
MCH8725,Gala Group,Hotel & Lodging,Private Limited,Jaipur,Rajasthan,Active,7512.0,2.0,13170.970000000001,6585.485000000001,2.0,0.0,0.0,0.0,0.0,0.0,0.0,0.0,0.0,0.0,0.0,Low,False,False,False
MCH8729,"Chowdhury, Krishnamurthy And Parekh",Books & Stationery,Private Limited,Kolkata,West Bengal,Active,870.42,1.0,4325.0,4325.0,1.0,0.0,0.0,0.0,0.0,0.0,0.0,0.0,0.0,0.0,0.0,Low,False,False,False
MCH8733,"Dhillon, Goel And Dar",Telecom,Sole Proprietor,Kolkata,West Bengal,Active,,0.0,0.0,0.0,0.0,0.0,0.0,0.0,0.0,0.0,0.0,0,0,0,0.0,Low,False,False,False
MCH8734,"Ganguly, Hayre And Choudhury",Telecom,Sole Proprietor,Lucknow,Uttar Pradesh,Active,4276.72,2.0,27769.18,13884.59,2.0,0.0,0.0,0.0,0.0,0.0,0.0,0.0,0.0,0.0,0.0,Low,False,False,False
MCH8736,Dora-Sachar,Department Store,Private Limited,Mumbai,Maharashtra,Active,2228.33,3.0,41023.39,13674.463333333333,3.0,0.0,0.0,0.0,0.0,0.0,0.0,0.0,0.0,0.0,0.0,Low,False,False,False
MCH8744,Prashad Llc,Books & Stationery,Individual,Jalandhar,Punjab,Active,3282.54,3.0,28887.829999999998,9629.276666666667,2.0,0.0,0.0,0.0,0.0,0.0,0.0,0.0,0.0,0.0,0.0,Low,False,False,False
MCH8746,Kari Inc,Medical,Partnership,Pune,Maharashtra,Active,,2.0,20199.45,10099.725,2.0,0.0,0.0,0.0,0.0,0.0,0.0,0.0,0.0,0.0,0.0,Low,False,False,False
MCH8750,"Bawa, Chatterjee And Sathe",Hotel & Lodging,Individual,Ludhiana,Punjab,Active,3120.06,6.0,92470.4,15411.733333333332,6.0,0.0,0.0,0.0,0.0,0.0,0.0,0.0,0.0,0.0,0.0,Low,False,False,False
MCH8753,"Bhandari, Trivedi And Bora",Travel,Partnership,Hyderabad,Telangana,Inactive,718.79,3.0,42703.090000000004,14234.363333333335,3.0,0.0,0.0,0.0,0.0,0.0,0.0,0.0,0.0,0.0,0.0,Low,False,False,False
MCH8756,Warrior Inc,Apparel & Fashion,Private Limited,Jalandhar,Punjab,Active,1476.03,3.0,45337.74,15112.58,3.0,0.0,0.0,0.0,0.0,0.0,0.0,0.0,0.0,0.0,0.0,Low,False,False,False
MCH8761,Chokshi Llc,Hotel & Lodging,Individual,Hyderabad,Telangana,Active,963.43,0.0,0.0,0.0,0.0,0.0,0.0,0.0,0.0,0.0,0.0,0,0,0,0.0,Low,False,False,False
MCH8766,Shanker Ltd,Medical,Sole Proprietor,Chennai,Tamil Nadu,Active,801.0,1.0,8233.28,8233.28,1.0,0.0,0.0,0.0,0.0,0.0,0.0,0.0,0.0,0.0,0.0,Low,False,False,False
MCH8768,Kata-Bajwa,Miscellaneous,Partnership,Chennai,Tamil Nadu,Active,1033.9,1.0,9828.38,9828.38,1.0,0.0,0.0,0.0,0.0,0.0,0.0,0.0,0.0,0.0,0.0,Low,False,False,False
MCH8770,Mani-Mutti,Miscellaneous,Sole Proprietor,Delhi,Delhi,Active,379.0,2.0,12603.259999999998,6301.629999999999,2.0,0.0,0.0,0.0,0.0,0.0,0.0,0.0,0.0,0.0,0.0,Low,False,False,False
MCH8775,Bakshi-Shah,Apparel & Fashion,Partnership,Delhi,Delhi,Active,480.13,3.0,27190.34,9063.446666666667,3.0,0.0,0.0,0.0,0.0,0.0,0.0,0.0,0.0,0.0,0.0,Low,False,False,False
MCH8777,Kibe Plc,Hotel & Lodging,Partnership,Mumbai,Maharashtra,Inactive,1945.67,3.0,28644.89,9548.296666666667,3.0,0.0,0.0,0.0,0.0,0.0,0.0,0.0,0.0,0.0,0.0,Low,False,False,False
MCH8782,Swamy-Khurana,Apparel & Fashion,Sole Proprietor,Amritsar,Punjab,Active,1314.55,0.0,0.0,0.0,0.0,0.0,0.0,0.0,0.0,0.0,0.0,0,0,0,0.0,Low,False,False,False
MCH8784,"Iyengar, Savant And Sehgal",Transportation,Private Limited,Mumbai,Maharashtra,Active,575.0,0.0,0.0,0.0,0.0,0.0,0.0,0.0,0.0,0.0,0.0,0,0,0,0.0,Low,False,False,False
MCH8790,Thaman-Singh,Pharmacy,Individual,Kolkata,West Bengal,Active,,1.0,20724.14,20724.14,0.0,0.0,0.0,0.0,0.0,0.0,0.0,0.0,0.0,0.0,0.0,Low,False,False,False
MCH8792,Nagarllc,Grocery,Sole Proprietor,Jaipur,Rajasthan,Active,,3.0,39905.61,13301.87,3.0,0.0,0.0,0.0,0.0,0.0,0.0,0.0,0.0,0.0,0.0,Low,False,False,False
MCH8795,Basak-Bhavsar,Books & Stationery,Sole Proprietor,Jaipur,Rajasthan,Inactive,243.16,5.0,62144.75,12428.95,4.0,0.0,1.0,0.0,0.0,0.0,0.0,0.0,0.0,0.0,0.0,Low,False,False,False
MCH8799,"Dada, Ramaswamy And Dugal",Books & Stationery,Private Limited,Hyderabad,Telangana,Suspended,2080.34,0.0,0.0,0.0,0.0,0.0,0.0,0.0,0.0,0.0,0.0,0,0,0,0.0,Low,False,False,False
MCH8808,"Kothari, Bansal And Gupta",Books & Stationery,Individual,Bengaluru,Karnataka,Active,380.0,4.0,46952.84,11738.21,2.0,0.0,1.0,0.0,0.0,0.0,0.0,0.0,0.0,0.0,0.0,Low,False,False,False
MCH8809,"Doshi, Ghose And Amble",Grocery,Individual,Mumbai,Maharashtra,Active,3965.67,6.0,71662.49,11943.748333333335,6.0,0.0,0.0,0.0,0.0,0.0,0.0,0.0,0.0,0.0,0.0,Low,False,False,False
MCH8811,Bobal Llc,Miscellaneous,Partnership,Hyderabad,Telangana,Active,1645.76,2.0,34973.23,17486.615,2.0,0.0,0.0,0.0,0.0,0.0,0.0,0.0,0.0,0.0,0.0,Low,False,False,False
MCH8813,Dey-Dua,Restaurants & Food,Partnership,Hyderabad,Telangana,Active,1432.39,3.0,26285.550000000003,8761.85,3.0,0.0,0.0,0.0,0.0,0.0,0.0,0.0,0.0,0.0,0.0,Low,False,False,False
MCH8817,Sawhneyltd,Hotel & Lodging,Individual,Pune,Maharashtra,Inactive,495.07,1.0,17116.77,17116.77,1.0,0.0,0.0,0.0,0.0,0.0,0.0,0.0,0.0,0.0,0.0,Low,False,False,False
MCH8820,Mistry Group,Restaurants & Food,Partnership,Kolkata,West Bengal,Active,1132.45,3.0,38257.770000000004,12752.590000000002,3.0,0.0,0.0,0.0,0.0,0.0,0.0,0.0,0.0,0.0,0.0,Low,False,False,False
MCH8821,Mukhopadhyay-Cherian,Restaurants & Food,Sole Proprietor,Jalandhar,Punjab,Active,703.03,1.0,10341.28,10341.28,1.0,0.0,0.0,0.0,0.0,0.0,0.0,0.0,0.0,0.0,0.0,Low,False,False,False
MCH8823,Subramanian Inc,Apparel & Fashion,Partnership,Mumbai,Maharashtra,Suspended,523.43,3.0,55283.899999999994,18427.966666666664,3.0,0.0,0.0,0.0,0.0,0.0,0.0,0.0,0.0,0.0,0.0,Low,False,False,False
MCH8824,Mani Plc,Miscellaneous,Individual,Hyderabad,Telangana,Active,1314.9,4.0,74025.5,18506.375,4.0,0.0,0.0,0.0,0.0,0.0,0.0,0.0,0.0,0.0,0.0,Low,False,False,False
MCH8832,"Korpal, Dugar And Grover",Grocery,Individual,Ludhiana,Punjab,Active,2140.7,3.0,39916.24,13305.413333333332,2.0,0.0,1.0,0.0,0.0,0.0,0.0,0.0,0.0,0.0,0.0,Low,False,False,False
MCH8835,"Natarajan, Hegde And Varughese",Miscellaneous,Sole Proprietor,Mumbai,Maharashtra,Active,523.96,4.0,40381.62,10095.405,3.0,0.0,0.0,0.0,0.0,0.0,0.0,0.0,0.0,0.0,0.0,Low,False,False,False
MCH8844,"Lad, Walia And Raj",Pharmacy,Individual,Ludhiana,Punjab,Active,,0.0,0.0,0.0,0.0,0.0,0.0,0.0,0.0,0.0,0.0,0,0,0,0.0,Low,False,False,False
MCH8855,"Rau, Dua And Nadkarni",Grocery,Private Limited,Ludhiana,Punjab,Active,2893.79,5.0,77146.3,15429.26,5.0,0.0,0.0,0.0,0.0,0.0,0.0,0.0,0.0,0.0,0.0,Low,False,False,False
MCH8861,Prashad And Sons,Miscellaneous,Individual,Chennai,Tamil Nadu,Active,,0.0,0.0,0.0,0.0,0.0,0.0,0.0,0.0,0.0,0.0,0,0,0,0.0,Low,False,False,False
MCH8863,Sastry Plc,Telecom,Individual,Pune,Maharashtra,Active,,2.0,37034.86,18517.43,1.0,0.0,1.0,0.0,0.0,0.0,0.0,0.0,0.0,0.0,0.0,Low,False,False,False
MCH8869,Tella-Roy,Medical,Sole Proprietor,Ludhiana,Punjab,Active,618.72,5.0,52804.55,10560.91,5.0,0.0,0.0,0.0,0.0,0.0,0.0,0.0,0.0,0.0,0.0,Low,False,False,False
MCH8873,"Pathak, Bath And Kant",Transportation,Partnership,Pune,Maharashtra,Active,2212.3,2.0,8757.33,4378.665,2.0,0.0,0.0,0.0,0.0,0.0,0.0,0.0,0.0,0.0,0.0,Low,False,False,False
MCH8878,Kashyap-Behl,Hotel & Lodging,Sole Proprietor,Kolkata,West Bengal,Active,228.35,1.0,24534.77,24534.77,1.0,0.0,0.0,0.0,0.0,0.0,0.0,0.0,0.0,0.0,0.0,Low,False,False,False
MCH8879,Raju And Sons,Medical,Sole Proprietor,Lucknow,Uttar Pradesh,Active,906.0,0.0,0.0,0.0,0.0,0.0,0.0,0.0,0.0,0.0,0.0,0,0,0,0.0,Low,False,False,False
MCH8880,Hayer-Walia,Transportation,Partnership,Jalandhar,Punjab,Active,2616.91,2.0,29182.739999999998,14591.369999999999,2.0,0.0,0.0,0.0,0.0,0.0,0.0,0.0,0.0,0.0,0.0,Low,False,False,False
MCH8884,"Dubey, Srinivasan And Pillai",Books & Stationery,Sole Proprietor,Chennai,Tamil Nadu,Active,,3.0,19135.14,6378.38,3.0,0.0,0.0,0.0,0.0,0.0,0.0,0.0,0.0,0.0,0.0,Low,False,False,False
MCH8889,"Mahal, Edwin And Dasgupta",Apparel & Fashion,Sole Proprietor,Pune,Maharashtra,Suspended,,2.0,33618.81,16809.405,2.0,0.0,0.0,0.0,0.0,0.0,0.0,0.0,0.0,0.0,0.0,Low,False,False,False
MCH8890,Halder Inc,Hotel & Lodging,Private Limited,Lucknow,Uttar Pradesh,Suspended,2352.14,1.0,24602.92,24602.92,1.0,0.0,0.0,0.0,0.0,0.0,0.0,0.0,0.0,0.0,0.0,Low,False,False,False
MCH8891,"Natt,Maneandpau",Telecom,Private Limited,Mumbai,Maharashtra,Active,1140.0,4.0,44700.73,11175.1825,4.0,0.0,0.0,0.0,0.0,0.0,0.0,0.0,0.0,0.0,0.0,Low,False,False,False
MCH8893,Anand-Dada,Grocery,Private Limited,Delhi,Delhi,Active,598.72,1.0,19322.51,19322.51,1.0,0.0,0.0,0.0,0.0,0.0,0.0,0.0,0.0,0.0,0.0,Low,False,False,False
MCH8899,Bedi And Sons,Apparel & Fashion,Private Limited,Kolkata,West Bengal,Suspended,,1.0,22069.72,22069.72,1.0,0.0,0.0,0.0,0.0,0.0,0.0,0.0,0.0,0.0,0.0,Low,False,False,False
MCH8901,Narasimhan And Sons,Telecom,Private Limited,Amritsar,Punjab,Active,772.61,1.0,16246.82,16246.82,1.0,0.0,0.0,0.0,0.0,0.0,0.0,0.0,0.0,0.0,0.0,Low,False,False,False
MCH8902,Sabharwal Ltd,Grocery,Sole Proprietor,Amritsar,Punjab,Active,,1.0,20169.63,20169.63,1.0,0.0,0.0,0.0,0.0,0.0,0.0,0.0,0.0,0.0,0.0,Low,False,False,False
MCH8903,Keer-Sagar,Grocery,Partnership,Lucknow,Uttar Pradesh,Active,841.61,7.0,91848.11,13121.158571428572,6.0,0.0,1.0,0.0,0.0,0.0,0.0,0.0,0.0,0.0,0.0,Low,False,False,False
MCH8909,"Palan, Wali And Wagle",Miscellaneous,Individual,Delhi,Delhi,Active,1366.3,2.0,19849.09,9924.545,2.0,0.0,0.0,0.0,0.0,0.0,0.0,0.0,0.0,0.0,0.0,Low,False,False,False
MCH8910,Varkey Group,Pharmacy,Individual,Ludhiana,Punjab,Active,9929.86,0.0,0.0,0.0,0.0,0.0,0.0,0.0,0.0,0.0,0.0,0,0,0,0.0,Low,False,False,False
MCH8911,Bava Llc,Books & Stationery,Sole Proprietor,Hyderabad,Telangana,Active,3342.77,3.0,16411.32,5470.44,3.0,0.0,0.0,0.0,0.0,0.0,0.0,0.0,0.0,0.0,0.0,Low,False,False,False
MCH8912,Chada Ltd,Grocery,Partnership,Amritsar,Punjab,Active,1015.47,2.0,41248.78,20624.39,2.0,0.0,0.0,0.0,0.0,0.0,0.0,0.0,0.0,0.0,0.0,Low,False,False,False
MCH8918,Solanki And Sons,Apparel & Fashion,Private Limited,Bengaluru,Karnataka,Active,,2.0,29215.129999999997,14607.564999999999,1.0,0.0,1.0,0.0,0.0,0.0,0.0,0.0,0.0,0.0,0.0,Low,False,False,False
MCH8919,Parmar Ltd,Transportation,Private Limited,Bengaluru,Karnataka,Active,2228.63,3.0,41750.52,13916.839999999998,2.0,0.0,1.0,0.0,0.0,0.0,0.0,0.0,0.0,0.0,0.0,Low,False,False,False
MCH8923,Choudhury Group,Pharmacy,Individual,Jaipur,Rajasthan,Inactive,2880.15,0.0,0.0,0.0,0.0,0.0,0.0,0.0,0.0,0.0,0.0,0,0,0,0.0,Low,False,False,False
MCH8926,Ramesh-Mukhopadhyay,Medical,Sole Proprietor,Delhi,Delhi,Active,5318.08,3.0,30138.039999999997,10046.013333333332,3.0,0.0,0.0,0.0,0.0,0.0,0.0,0.0,0.0,0.0,0.0,Low,False,False,False
MCH8927,Raj-Kala,Miscellaneous,Individual,Delhi,Delhi,Active,261.67,1.0,2171.25,2171.25,0.0,0.0,1.0,0.0,0.0,0.0,0.0,0.0,0.0,0.0,0.0,Low,False,False,False
MCH8929,Nagi-Bala,Department Store,Sole Proprietor,Kolkata,West Bengal,Active,232.0,2.0,34455.69,17227.845,2.0,0.0,0.0,0.0,0.0,0.0,0.0,0.0,0.0,0.0,0.0,Low,False,False,False
MCH8931,"Pau, Chatterjee And Deol",Hotel & Lodging,Partnership,Pune,Maharashtra,Active,1739.01,2.0,23326.510000000002,11663.255000000001,2.0,0.0,0.0,0.0,0.0,0.0,0.0,0.0,0.0,0.0,0.0,Low,False,False,False
MCH8933,Magar Inc,Hotel & Lodging,Sole Proprietor,Lucknow,Uttar Pradesh,Active,1568.46,2.0,17627.600000000002,8813.800000000001,2.0,0.0,0.0,0.0,0.0,0.0,0.0,0.0,0.0,0.0,0.0,Low,False,False,False
MCH8934,Kakar Group,Restaurants & Food,Sole Proprietor,Ludhiana,Punjab,Active,1507.45,2.0,17233.329999999998,8616.664999999999,2.0,0.0,0.0,0.0,0.0,0.0,0.0,0.0,0.0,0.0,0.0,Low,False,False,False
MCH8937,"Mand, Bhatt And Pathak",Hotel & Lodging,Individual,Amritsar,Punjab,Active,2746.33,1.0,4724.0,4724.0,1.0,0.0,0.0,0.0,0.0,0.0,0.0,0.0,0.0,0.0,0.0,Low,False,False,False
MCH8941,Mutti-Sharaf,Hotel & Lodging,Sole Proprietor,Bengaluru,Karnataka,Active,153.27,6.0,73637.79,12272.964999999998,6.0,0.0,0.0,0.0,0.0,0.0,0.0,0.0,0.0,0.0,0.0,Low,False,False,False
MCH8943,Bassi-Dhingra,Books & Stationery,Private Limited,Chennai,Tamil Nadu,Active,774.62,0.0,0.0,0.0,0.0,0.0,0.0,0.0,0.0,0.0,0.0,0,0,0,0.0,Low,False,False,False
MCH8944,"Zachariah, Ratta And Contractor",Department Store,Private Limited,Hyderabad,Telangana,Active,2179.0,2.0,26485.699999999997,13242.849999999999,2.0,0.0,0.0,0.0,0.0,0.0,0.0,0.0,0.0,0.0,0.0,Low,False,False,False
MCH8949,"Srinivasan,Saxenaandkant",Books & Stationery,Private Limited,Bengaluru,Karnataka,Inactive,1726.82,0.0,0.0,0.0,0.0,0.0,0.0,0.0,0.0,0.0,0.0,0,0,0,0.0,Low,False,False,False
MCH8950,Handa Inc,Travel,Partnership,Mumbai,Maharashtra,Active,3860.38,3.0,41563.05,13854.35,3.0,0.0,0.0,0.0,0.0,0.0,0.0,0.0,0.0,0.0,0.0,Low,False,False,False
MCH8951,Golla-Venkataraman,Telecom,Individual,Mumbai,Maharashtra,Active,436.83,2.0,29707.43,14853.715,2.0,0.0,0.0,0.0,0.0,0.0,0.0,0.0,0.0,0.0,0.0,Low,False,False,False
MCH8952,"Varghese, Korpal And Dora",Medical,Sole Proprietor,Chennai,Tamil Nadu,Active,987.96,1.0,22599.79,22599.79,1.0,0.0,0.0,0.0,0.0,0.0,0.0,0.0,0.0,0.0,0.0,Low,False,False,False
MCH8955,"Gade, Venkatesh And Bedi",Miscellaneous,Sole Proprietor,Bengaluru,Karnataka,Active,455.69,1.0,13672.0,13672.0,1.0,0.0,0.0,0.0,0.0,0.0,0.0,0.0,0.0,0.0,0.0,Low,False,False,False
MCH8957,Madan-Kothari,Apparel & Fashion,Sole Proprietor,Ludhiana,Punjab,Active,934.34,2.0,30368.38,15184.19,2.0,0.0,0.0,0.0,0.0,0.0,0.0,0.0,0.0,0.0,0.0,Low,False,False,False
MCH8958,Verma-Biswas,Apparel & Fashion,Partnership,Amritsar,Punjab,Active,7196.61,1.0,258.0,258.0,1.0,0.0,0.0,0.0,0.0,0.0,0.0,0.0,0.0,0.0,0.0,Low,False,False,False
MCH8963,"Aggarwal,Nagiandborde",Grocery,Sole Proprietor,Ludhiana,Punjab,Active,474.91,2.0,33511.33,16755.665,1.0,0.0,0.0,0.0,0.0,0.0,0.0,0.0,0.0,0.0,0.0,Low,False,False,False
MCH8965,Bajaj Ltd,Books & Stationery,Individual,Chennai,Tamil Nadu,Active,326.0,3.0,29223.33,9741.11,2.0,0.0,0.0,0.0,0.0,0.0,0.0,0.0,0.0,0.0,0.0,Low,False,False,False
MCH8966,Talwar Plc,Miscellaneous,Sole Proprietor,Chennai,Tamil Nadu,Active,432.95,0.0,0.0,0.0,0.0,0.0,0.0,0.0,0.0,0.0,0.0,0,0,0,0.0,Low,False,False,False
MCH8967,"Kakar, Mandal And Sehgal",Telecom,Private Limited,Delhi,Delhi,Active,,5.0,45341.7,9068.34,5.0,0.0,0.0,0.0,0.0,0.0,0.0,0.0,0.0,0.0,0.0,Low,False,False,False
MCH8968,"Mukherjee,Moraranddesai",Grocery,Individual,Amritsar,Punjab,Active,8122.94,3.0,43774.95,14591.65,3.0,0.0,0.0,0.0,0.0,0.0,0.0,0.0,0.0,0.0,0.0,Low,False,False,False
MCH8974,"Shukla, Gaba And Sani",Pharmacy,Sole Proprietor,Delhi,Delhi,Active,438.78,1.0,17070.64,17070.64,1.0,0.0,0.0,0.0,0.0,0.0,0.0,0.0,0.0,0.0,0.0,Low,False,False,False
MCH8978,Talwarandsons,Books & Stationery,Sole Proprietor,Mumbai,Maharashtra,Active,4704.55,1.0,6032.5,6032.5,1.0,0.0,0.0,0.0,0.0,0.0,0.0,0.0,0.0,0.0,0.0,Low,False,False,False
MCH8981,Tara-Sinha,Miscellaneous,Individual,Bengaluru,Karnataka,Active,3617.0,0.0,0.0,0.0,0.0,0.0,0.0,0.0,0.0,0.0,0.0,0,0,0,0.0,Low,False,False,False
MCH8982,Deo-Nath,Restaurants & Food,Private Limited,Amritsar,Punjab,Active,1840.43,3.0,56533.95,18844.649999999998,3.0,0.0,0.0,0.0,0.0,0.0,0.0,0.0,0.0,0.0,0.0,Low,False,False,False
MCH8984,Sharma Group,Restaurants & Food,Private Limited,Ludhiana,Punjab,Active,590.58,2.0,25970.32,12985.16,2.0,0.0,0.0,0.0,0.0,0.0,0.0,0.0,0.0,0.0,0.0,Low,False,False,False
MCH8987,Mander Llc,Books & Stationery,Private Limited,Pune,Maharashtra,Active,881.75,1.0,3185.14,3185.14,0.0,0.0,0.0,0.0,0.0,0.0,0.0,0.0,0.0,0.0,0.0,Low,False,False,False
MCH8988,"Ratti, Rattan And Menon",Books & Stationery,Private Limited,Chennai,Tamil Nadu,Active,1897.88,4.0,36175.05,9043.7625,4.0,0.0,0.0,0.0,0.0,0.0,0.0,0.0,0.0,0.0,0.0,Low,False,False,False
MCH8990,Konda-Comar,Transportation,Private Limited,Bengaluru,Karnataka,Active,273.69,0.0,0.0,0.0,0.0,0.0,0.0,0.0,0.0,0.0,0.0,0,0,0,0.0,Low,False,False,False
MCH8994,Shukla-Manne,Telecom,Partnership,Kolkata,West Bengal,Active,2951.22,2.0,20371.7,10185.85,2.0,0.0,0.0,0.0,0.0,0.0,0.0,0.0,0.0,0.0,0.0,Low,False,False,False
MCH8995,Mahajan Group,Miscellaneous,Partnership,Jalandhar,Punjab,Active,2967.0,0.0,0.0,0.0,0.0,0.0,0.0,0.0,0.0,0.0,0.0,0,0,0,0.0,Low,False,False,False
MCH9001,Mangat-Sachar,Telecom,Individual,Kolkata,West Bengal,Active,805.62,0.0,0.0,0.0,0.0,0.0,0.0,0.0,0.0,0.0,0.0,0,0,0,0.0,Low,False,False,False
MCH9004,Kaurinc,Apparel & Fashion,Partnership,Bengaluru,Karnataka,Active,1124.44,4.0,25496.96,6374.24,4.0,0.0,0.0,0.0,0.0,0.0,0.0,0.0,0.0,0.0,0.0,Low,False,False,False
MCH9006,Chopra-Sandhu,Apparel & Fashion,Partnership,Lucknow,Uttar Pradesh,Active,1365.03,1.0,7587.0,7587.0,1.0,0.0,0.0,0.0,0.0,0.0,0.0,0.0,0.0,0.0,0.0,Low,False,False,False
MCH9008,"Gour, Amble And Bakshi",Grocery,Sole Proprietor,Amritsar,Punjab,Active,1167.35,4.0,71285.23999999999,17821.309999999998,4.0,0.0,0.0,0.0,0.0,0.0,0.0,0.0,0.0,0.0,0.0,Low,False,False,False
MCH9012,"Bada1, Saxena And Banik",Medical,Sole Proprietor,Chennai,Tamil Nadu,Active,275.88,5.0,65538.28,13107.655999999999,4.0,0.0,0.0,0.0,0.0,0.0,0.0,0.0,0.0,0.0,0.0,Low,False,False,False
MCH9014,Konda-Ram,Telecom,Sole Proprietor,Ludhiana,Punjab,Active,485.94,2.0,4726.64,2363.32,2.0,0.0,0.0,0.0,0.0,0.0,0.0,0.0,0.0,0.0,0.0,Low,False,False,False
MCH9018,Zacharia And Sons,Books & Stationery,Individual,Bengaluru,Karnataka,Active,594.92,1.0,17989.56,17989.56,1.0,0.0,0.0,0.0,0.0,0.0,0.0,0.0,0.0,0.0,0.0,Low,False,False,False
MCH9027,"Dani, Soni And Nagy",Hotel & Lodging,Partnership,Jalandhar,Punjab,Active,,1.0,11637.29,11637.29,1.0,0.0,0.0,0.0,0.0,0.0,0.0,0.0,0.0,0.0,0.0,Low,False,False,False
MCH9032,Johal-Vaidya,Department Store,Partnership,Mumbai,Maharashtra,Active,821.89,1.0,20766.28,20766.28,1.0,0.0,0.0,0.0,0.0,0.0,0.0,0.0,0.0,0.0,0.0,Low,False,False,False
MCH9035,Merchant Plc,Grocery,Private Limited,Jaipur,Rajasthan,Active,,0.0,0.0,0.0,0.0,0.0,0.0,0.0,0.0,0.0,0.0,0,0,0,0.0,Low,False,False,False
MCH9038,Dargroup,Books & Stationery,Sole Proprietor,Amritsar,Punjab,Active,1037.27,3.0,48392.98,16130.993333333334,2.0,0.0,1.0,0.0,0.0,0.0,0.0,0.0,0.0,0.0,0.0,Low,False,False,False
MCH9041,Kade-Sahota,Transportation,Individual,Pune,Maharashtra,Active,2738.21,3.0,55228.93,18409.643333333333,3.0,0.0,0.0,0.0,0.0,0.0,0.0,0.0,0.0,0.0,0.0,Low,False,False,False
MCH9043,Setty And Sons,Hotel & Lodging,Partnership,Pune,Maharashtra,Active,3323.0,6.0,66608.36,11101.393333333333,5.0,0.0,1.0,0.0,0.0,0.0,0.0,0.0,0.0,0.0,0.0,Low,False,False,False
MCH9048,Kalla Plc,Restaurants & Food,Partnership,Jalandhar,Punjab,Active,544.22,2.0,46625.11,23312.555,2.0,0.0,0.0,0.0,0.0,0.0,0.0,0.0,0.0,0.0,0.0,Low,False,False,False
MCH9049,Babu-Bali,Restaurants & Food,Individual,Bengaluru,Karnataka,Active,2337.3,2.0,19773.11,9886.555,2.0,0.0,0.0,0.0,0.0,0.0,0.0,0.0,0.0,0.0,0.0,Low,False,False,False
MCH9050,"Oza, Shukla And Chandra",Hotel & Lodging,Individual,Jalandhar,Punjab,Active,2974.94,3.0,48033.92,16011.306666666665,3.0,0.0,0.0,0.0,0.0,0.0,0.0,0.0,0.0,0.0,0.0,Low,False,False,False
MCH9051,"Gara, Keer And Padmanabhan",Telecom,Sole Proprietor,Bengaluru,Karnataka,Active,1715.14,3.0,43647.03,14549.01,3.0,0.0,0.0,0.0,0.0,0.0,0.0,0.0,0.0,0.0,0.0,Low,False,False,False
MCH9056,"Misra, Kalita And Kapur",Books & Stationery,Private Limited,Lucknow,Uttar Pradesh,Active,497.59,2.0,14811.14,7405.57,2.0,0.0,0.0,0.0,0.0,0.0,0.0,0.0,0.0,0.0,0.0,Low,False,False,False
MCH9057,Dayal Ltd,Books & Stationery,Partnership,Jaipur,Rajasthan,Active,728.46,4.0,61813.18,15453.295,4.0,0.0,0.0,0.0,0.0,0.0,0.0,0.0,0.0,0.0,0.0,Low,False,False,False
MCH9059,Shroff Ltd,Department Store,Private Limited,Jalandhar,Punjab,Active,399.71,5.0,49118.68,9823.736,5.0,0.0,0.0,0.0,0.0,0.0,0.0,0.0,0.0,0.0,0.0,Low,False,False,False
MCH9063,"Bhatt, Sabharwal And Devi",Apparel & Fashion,Sole Proprietor,Kolkata,West Bengal,Inactive,,3.0,46422.66,15474.220000000001,3.0,0.0,0.0,0.0,0.0,0.0,0.0,0.0,0.0,0.0,0.0,Low,False,False,False
MCH9067,Boase-Sule,Books & Stationery,Individual,Jalandhar,Punjab,Active,1045.82,1.0,18797.44,18797.44,1.0,0.0,0.0,0.0,0.0,0.0,0.0,0.0,0.0,0.0,0.0,Low,False,False,False
MCH9070,"Buch, Samra And Tata",Medical,Partnership,Lucknow,Uttar Pradesh,Active,5075.53,2.0,22094.760000000002,11047.380000000001,2.0,0.0,0.0,0.0,0.0,0.0,0.0,0.0,0.0,0.0,0.0,Low,False,False,False
MCH9074,Sa1Vi-Tata,Hotel & Lodging,Partnership,Chennai,Tamil Nadu,Active,1227.0,2.0,9564.46,4782.23,2.0,0.0,0.0,0.0,0.0,0.0,0.0,0.0,0.0,0.0,0.0,Low,False,False,False
MCH9075,Bhakta Inc,Telecom,Partnership,Delhi,Delhi,Inactive,1186.46,2.0,33981.28,16990.64,2.0,0.0,0.0,0.0,0.0,0.0,0.0,0.0,0.0,0.0,0.0,Low,False,False,False
MCH9081,Patil-Hans,Telecom,Individual,Mumbai,Maharashtra,Active,,2.0,39997.990000000005,19998.995000000003,2.0,0.0,0.0,0.0,0.0,0.0,0.0,0.0,0.0,0.0,0.0,Low,False,False,False
MCH9082,Seshadri Group,Restaurants & Food,Sole Proprietor,Jaipur,Rajasthan,Active,862.0,2.0,18131.43,9065.715,2.0,0.0,0.0,0.0,0.0,0.0,0.0,0.0,0.0,0.0,0.0,Low,False,False,False
MCH9083,"Gera, Varghese And Karpe",Department Store,Private Limited,Jaipur,Rajasthan,Active,3755.09,0.0,0.0,0.0,0.0,0.0,0.0,0.0,0.0,0.0,0.0,0,0,0,0.0,Low,False,False,False
MCH9091,"Dewan, Hayre And Kala",Transportation,Sole Proprietor,Amritsar,Punjab,Inactive,4267.28,0.0,0.0,0.0,0.0,0.0,0.0,0.0,0.0,0.0,0.0,0,0,0,0.0,Low,False,False,False
MCH9094,"Yadav, Zacharia And Dutt",Pharmacy,Sole Proprietor,Ludhiana,Punjab,Suspended,1081.32,1.0,14760.43,14760.43,1.0,0.0,0.0,0.0,0.0,0.0,0.0,0.0,0.0,0.0,0.0,Low,False,False,False
MCH9095,Mital-Reddy,Telecom,Partnership,Lucknow,Uttar Pradesh,Suspended,1105.17,2.0,22894.030000000002,11447.015000000001,2.0,0.0,0.0,0.0,0.0,0.0,0.0,0.0,0.0,0.0,0.0,Low,False,False,False
MCH9096,Tandon-Thaman,Miscellaneous,Individual,Delhi,Delhi,Active,2658.35,0.0,0.0,0.0,0.0,0.0,0.0,0.0,0.0,0.0,0.0,0,0,0,0.0,Low,False,False,False
MCH9100,Dey-Bandi,Miscellaneous,Sole Proprietor,Mumbai,Maharashtra,Active,707.08,2.0,13934.45,6967.225,2.0,0.0,0.0,0.0,0.0,0.0,0.0,0.0,0.0,0.0,0.0,Low,False,False,False
MCH9101,Pal-Ramesh,Transportation,Partnership,Pune,Maharashtra,Active,1223.0,3.0,44854.57,14951.523333333333,3.0,0.0,0.0,0.0,0.0,0.0,0.0,0.0,0.0,0.0,0.0,Low,False,False,False
MCH9102,Sastry-Wali,Books & Stationery,Private Limited,Pune,Maharashtra,Active,1846.0,3.0,44018.59,14672.863333333333,3.0,0.0,0.0,0.0,0.0,0.0,0.0,0.0,0.0,0.0,0.0,Low,False,False,False
MCH9107,"Devi, Chhabra And Sharaf",Apparel & Fashion,Sole Proprietor,Pune,Maharashtra,Active,637.0,2.0,28381.09,14190.545,2.0,0.0,0.0,0.0,0.0,0.0,0.0,0.0,0.0,0.0,0.0,Low,False,False,False
MCH9109,"Som, Mittal And Wable",Apparel & Fashion,Partnership,Amritsar,Punjab,Active,553.0,3.0,24458.72,8152.906666666667,3.0,0.0,0.0,0.0,0.0,0.0,0.0,0.0,0.0,0.0,0.0,Low,False,False,False
MCH9110,Barad Llc,Hotel & Lodging,Individual,Lucknow,Uttar Pradesh,Inactive,1477.89,1.0,6233.01,6233.01,1.0,0.0,0.0,0.0,0.0,0.0,0.0,0.0,0.0,0.0,0.0,Low,False,False,False
MCH9112,Saini-Sinha,Apparel & Fashion,Private Limited,Pune,Maharashtra,Active,1129.73,4.0,42557.36,10639.34,4.0,0.0,0.0,0.0,0.0,0.0,0.0,0.0,0.0,0.0,0.0,Low,False,False,False
MCH9114,Narayan-Kalita,Apparel & Fashion,Individual,Bengaluru,Karnataka,Active,2471.0,2.0,20117.81,10058.905,2.0,0.0,0.0,0.0,0.0,0.0,0.0,0.0,0.0,0.0,0.0,Low,False,False,False
MCH9119,Dyal-Salvi,Telecom,Partnership,Chennai,Tamil Nadu,Active,6428.96,4.0,47636.200000000004,11909.050000000001,4.0,0.0,0.0,0.0,0.0,0.0,0.0,0.0,0.0,0.0,0.0,Low,False,False,False
MCH9121,Divan-Char,Books & Stationery,Partnership,Amritsar,Punjab,Inactive,,0.0,0.0,0.0,0.0,0.0,0.0,0.0,0.0,0.0,0.0,0,0,0,0.0,Low,False,False,False
MCH9126,Anne-Chahal,Grocery,Partnership,Hyderabad,Telangana,Active,,8.0,79211.68,9901.46,8.0,0.0,0.0,0.0,0.0,0.0,0.0,0.0,0.0,0.0,0.0,Low,False,False,False
MCH9129,"Sinha, Chauhan And Sathe",Grocery,Partnership,Kolkata,West Bengal,Active,914.12,2.0,28034.45,14017.225,1.0,0.0,1.0,0.0,0.0,0.0,0.0,0.0,0.0,0.0,0.0,Low,False,False,False
MCH9130,Chhabra Llc,Restaurants & Food,Private Limited,Jalandhar,Punjab,Active,1786.29,1.0,7428.33,7428.33,0.0,0.0,0.0,0.0,0.0,0.0,0.0,0.0,0.0,0.0,0.0,Low,False,False,False
MCH9131,"Arya, Narang And Maharaj",Hotel & Lodging,Individual,Jaipur,Rajasthan,Active,6588.75,2.0,13124.99,6562.495,2.0,0.0,0.0,0.0,0.0,0.0,0.0,0.0,0.0,0.0,0.0,Low,False,False,False
MCH9132,Shankar-Bahl,Telecom,Individual,Pune,Maharashtra,Suspended,2278.28,5.0,70106.35,14021.27,5.0,0.0,0.0,0.0,0.0,0.0,0.0,0.0,0.0,0.0,0.0,Low,False,False,False
MCH9133,"Rai, Nadig And Karpe",Transportation,Private Limited,Ludhiana,Punjab,Active,,4.0,20060.25,5015.0625,3.0,0.0,1.0,0.0,0.0,0.0,0.0,0.0,0.0,0.0,0.0,Low,False,False,False
MCH9134,Edwin-Viswanathan,Apparel & Fashion,Sole Proprietor,Jalandhar,Punjab,Active,1602.69,4.0,64420.62,16105.155,3.0,0.0,0.0,0.0,0.0,0.0,0.0,0.0,0.0,0.0,0.0,Low,False,False,False
MCH9135,"Nath, Samra And Chopra",Telecom,Sole Proprietor,Kolkata,West Bengal,Active,387.53,5.0,49592.86,9918.572,5.0,0.0,0.0,0.0,0.0,0.0,0.0,0.0,0.0,0.0,0.0,Low,False,False,False
MCH9136,Mody Ltd,Grocery,Individual,Chennai,Tamil Nadu,Active,1976.5,2.0,24526.79,12263.395,2.0,0.0,0.0,0.0,0.0,0.0,0.0,0.0,0.0,0.0,0.0,Low,False,False,False
MCH9140,Raghavan-Batta,Telecom,Individual,Bengaluru,Karnataka,Active,755.01,3.0,35281.909999999996,11760.636666666665,3.0,0.0,0.0,0.0,0.0,0.0,0.0,0.0,0.0,0.0,0.0,Low,False,False,False
MCH9145,Chad-Karpe,Apparel & Fashion,Partnership,Jaipur,Rajasthan,Active,359.12,1.0,24944.63,24944.63,1.0,0.0,0.0,0.0,0.0,0.0,0.0,0.0,0.0,0.0,0.0,Low,False,False,False
MCH9147,Bedi-Dugar,Pharmacy,Sole Proprietor,Bengaluru,Karnataka,Active,1264.98,2.0,5820.71,2910.355,2.0,0.0,0.0,0.0,0.0,0.0,0.0,0.0,0.0,0.0,0.0,Low,False,False,False
MCH9148,Venkatesh And Sons,Hotel & Lodging,Sole Proprietor,Hyderabad,Telangana,Active,503.0,0.0,0.0,0.0,0.0,0.0,0.0,0.0,0.0,0.0,0.0,0,0,0,0.0,Low,False,False,False
MCH9149,Varghese Plc,Grocery,Individual,Jaipur,Rajasthan,Active,3708.64,0.0,0.0,0.0,0.0,0.0,0.0,0.0,0.0,0.0,0.0,0,0,0,0.0,Low,False,False,False
MCH9151,Ravi Ltd,Transportation,Partnership,Jalandhar,Punjab,Inactive,779.12,2.0,26779.49,13389.745,2.0,0.0,0.0,0.0,0.0,0.0,0.0,0.0,0.0,0.0,0.0,Low,False,False,False
MCH9152,Kara-Parikh,Telecom,Sole Proprietor,Lucknow,Uttar Pradesh,Active,5009.29,1.0,20309.81,20309.81,1.0,0.0,0.0,0.0,0.0,0.0,0.0,0.0,0.0,0.0,0.0,Low,False,False,False
MCH9153,Amble And Sons,Transportation,Sole Proprietor,Amritsar,Punjab,Active,,1.0,10549.0,10549.0,1.0,0.0,0.0,0.0,0.0,0.0,0.0,0.0,0.0,0.0,0.0,Low,False,False,False
MCH9158,"Sachdeva, Va1A And Bedi",Restaurants & Food,Sole Proprietor,Lucknow,Uttar Pradesh,Inactive,6181.65,2.0,17745.52,8872.76,2.0,0.0,0.0,0.0,0.0,0.0,0.0,0.0,0.0,0.0,0.0,Low,False,False,False
MCH9161,Patla Group,Retail,Individual,Pune,Maharashtra,Active,,1.0,10615.48,10615.48,1.0,0.0,0.0,0.0,0.0,0.0,0.0,0.0,0.0,0.0,0.0,Low,False,False,False
MCH9162,Shankar-Shah,Miscellaneous,Private Limited,Bengaluru,Karnataka,Active,,3.0,35984.03,11994.676666666666,2.0,0.0,1.0,0.0,0.0,0.0,0.0,0.0,0.0,0.0,0.0,Low,False,False,False
MCH9164,Mital And Sons,Apparel & Fashion,Private Limited,Delhi,Delhi,Active,4681.79,3.0,41924.770000000004,13974.923333333334,3.0,0.0,0.0,0.0,0.0,0.0,0.0,0.0,0.0,0.0,0.0,Low,False,False,False
MCH9173,Bumb-Bandi,Miscellaneous,Sole Proprietor,Pune,Maharashtra,Active,450.27,2.0,45686.03,22843.015,2.0,0.0,0.0,0.0,0.0,0.0,0.0,0.0,0.0,0.0,0.0,Low,False,False,False
MCH9174,"Chander, Goswami And Butala",Hotel & Lodging,Partnership,Jalandhar,Punjab,Active,914.67,2.0,20572.9,10286.45,2.0,0.0,0.0,0.0,0.0,0.0,0.0,0.0,0.0,0.0,0.0,Low,False,False,False
MCH9175,Bhatt Ltd,Hotel & Lodging,Sole Proprietor,Bengaluru,Karnataka,Active,567.73,2.0,20260.489999999998,10130.244999999999,2.0,0.0,0.0,0.0,0.0,0.0,0.0,0.0,0.0,0.0,0.0,Low,False,False,False
MCH9180,Ramaswamyplc,Apparel & Fashion,Individual,Pune,Maharashtra,Active,,1.0,313.74,313.74,1.0,0.0,0.0,0.0,0.0,0.0,0.0,0.0,0.0,0.0,0.0,Low,False,False,False
MCH9185,Om Ltd,Restaurants & Food,Partnership,Kolkata,West Bengal,Inactive,311.59,3.0,35899.5,11966.5,2.0,0.0,1.0,0.0,0.0,0.0,0.0,0.0,0.0,0.0,0.0,Low,False,False,False
MCH9187,Mane And Sons,Restaurants & Food,Individual,Hyderabad,Telangana,Active,508.01,4.0,34813.12,8703.28,4.0,0.0,0.0,0.0,0.0,0.0,0.0,0.0,0.0,0.0,0.0,Low,False,False,False
MCH9188,Randhawa Plc,Telecom,Partnership,Jalandhar,Punjab,Active,,3.0,36773.51,12257.836666666668,2.0,0.0,0.0,0.0,0.0,0.0,0.0,0.0,0.0,0.0,0.0,Low,False,False,False
MCH9190,"Dugar, Babu And Ba1A",Restaurants & Food,Individual,Chennai,Tamil Nadu,Active,471.43,0.0,0.0,0.0,0.0,0.0,0.0,0.0,0.0,0.0,0.0,0,0,0,0.0,Low,False,False,False
MCH9201,Ramachandran Plc,Telecom,Private Limited,Jaipur,Rajasthan,Active,1064.13,4.0,62225.770000000004,15556.442500000001,4.0,0.0,0.0,0.0,0.0,0.0,0.0,0.0,0.0,0.0,0.0,Low,False,False,False
MCH9203,Patel-Bhasin,Hotel & Lodging,Partnership,Delhi,Delhi,Active,1305.76,1.0,10625.61,10625.61,1.0,0.0,0.0,0.0,0.0,0.0,0.0,0.0,0.0,0.0,0.0,Low,False,False,False
MCH9205,Lala Ltd,Transportation,Private Limited,Kolkata,West Bengal,Suspended,569.25,3.0,41754.6,13918.199999999999,3.0,0.0,0.0,0.0,0.0,0.0,0.0,0.0,0.0,0.0,0.0,Low,False,False,False
MCH9207,"Gola, Prabhu And Sood",Department Store,Private Limited,Kolkata,West Bengal,Active,1107.16,3.0,39073.68,13024.56,3.0,0.0,0.0,0.0,0.0,0.0,0.0,0.0,0.0,0.0,0.0,Low,False,False,False
MCH9208,Lala-Tiwari,Books & Stationery,Partnership,Amritsar,Punjab,Inactive,338.09,2.0,21887.829999999998,10943.914999999999,2.0,0.0,0.0,0.0,0.0,0.0,0.0,0.0,0.0,0.0,0.0,Low,False,False,False
MCH9211,Dubey-Kurian,Hotel & Lodging,Individual,Jalandhar,Punjab,Active,2981.74,2.0,29612.07,14806.035,2.0,0.0,0.0,0.0,0.0,0.0,0.0,0.0,0.0,0.0,0.0,Low,False,False,False
MCH9216,Amble-Thaman,Pharmacy,Partnership,Ludhiana,Punjab,Active,2329.15,2.0,22377.920000000002,11188.960000000001,2.0,0.0,0.0,0.0,0.0,0.0,0.0,0.0,0.0,0.0,0.0,Low,False,False,False
MCH9220,"Agate,Boaseandkurian",Travel,Sole Proprietor,Delhi,Delhi,Inactive,,2.0,28297.32,14148.66,2.0,0.0,0.0,0.0,0.0,0.0,0.0,0.0,0.0,0.0,0.0,Low,False,False,False
MCH9229,Anne-Parikh,Books & Stationery,Private Limited,Jaipur,Rajasthan,Inactive,173.81,2.0,19985.2,9992.6,2.0,0.0,0.0,0.0,0.0,0.0,0.0,0.0,0.0,0.0,0.0,Low,False,False,False
MCH9234,"Jhaveri, Chandran And Shukla",Hotel & Lodging,Partnership,Lucknow,Uttar Pradesh,Active,762.04,2.0,25727.86,12863.93,2.0,0.0,0.0,0.0,0.0,0.0,0.0,0.0,0.0,0.0,0.0,Low,False,False,False
MCH9237,Gokhale Inc,Medical,Private Limited,Ludhiana,Punjab,Active,1901.54,3.0,49303.7,16434.566666666666,3.0,0.0,0.0,0.0,0.0,0.0,0.0,0.0,0.0,0.0,0.0,Low,False,False,False
MCH9239,Balakrishnan-Das,Grocery,Partnership,Bengaluru,Karnataka,Active,,1.0,5022.11,5022.11,1.0,0.0,0.0,0.0,0.0,0.0,0.0,0.0,0.0,0.0,0.0,Low,False,False,False
MCH9246,"Krishna, Wable And Kanda",Telecom,Sole Proprietor,Pune,Maharashtra,Active,859.77,6.0,65914.65,10985.775,6.0,0.0,0.0,0.0,0.0,0.0,0.0,0.0,0.0,0.0,0.0,Low,False,False,False
MCH9249,"Aggarwal, Agarwal And Naidu",Apparel & Fashion,Partnership,Chennai,Tamil Nadu,Active,,3.0,44297.130000000005,14765.710000000001,3.0,0.0,0.0,0.0,0.0,0.0,0.0,0.0,0.0,0.0,0.0,Low,False,False,False
MCH9251,"Venkatesh, Randhawa And Lal",Transportation,Sole Proprietor,Lucknow,Uttar Pradesh,Active,621.25,1.0,9732.63,9732.63,1.0,0.0,0.0,0.0,0.0,0.0,0.0,0.0,0.0,0.0,0.0,Low,False,False,False
MCH9253,Gole Llc,Apparel & Fashion,Sole Proprietor,Amritsar,Punjab,Active,1349.23,6.0,96552.64,16092.106666666667,6.0,0.0,0.0,0.0,0.0,0.0,0.0,0.0,0.0,0.0,0.0,Low,False,False,False
MCH9258,Edwin Inc,Books & Stationery,Partnership,Lucknow,Uttar Pradesh,Active,1647.77,0.0,0.0,0.0,0.0,0.0,0.0,0.0,0.0,0.0,0.0,0,0,0,0.0,Low,False,False,False
MCH9261,Gupta-Manne,Restaurants & Food,Individual,Jaipur,Rajasthan,Active,2734.0,4.0,53699.990000000005,13424.997500000001,4.0,0.0,0.0,0.0,0.0,0.0,0.0,0.0,0.0,0.0,0.0,Low,False,False,False
MCH9266,"Badami, Pathak And Nanda",Apparel & Fashion,Private Limited,Pune,Maharashtra,Active,157.82,2.0,25778.98,12889.49,2.0,0.0,0.0,0.0,0.0,0.0,0.0,0.0,0.0,0.0,0.0,Low,False,False,False
MCH9276,Trivedi-Kunda,Apparel & Fashion,Individual,Delhi,Delhi,Active,2310.01,2.0,9627.4,4813.7,2.0,0.0,0.0,0.0,0.0,0.0,0.0,0.0,0.0,0.0,0.0,Low,False,False,False
MCH9278,Pant Plc,Books & Stationery,Partnership,Bengaluru,Karnataka,Active,822.0,1.0,5490.19,5490.19,0.0,0.0,1.0,0.0,0.0,0.0,0.0,0.0,0.0,0.0,0.0,Low,False,False,False
MCH9279,Choudhury Llc,Grocery,Sole Proprietor,Kolkata,West Bengal,Active,644.81,2.0,37429.26,18714.63,2.0,0.0,0.0,0.0,0.0,0.0,0.0,0.0,0.0,0.0,0.0,Low,False,False,False
MCH9287,"Datta, Virk And Arya",Miscellaneous,Individual,Amritsar,Punjab,Active,636.69,3.0,54389.14,18129.713333333333,3.0,0.0,0.0,0.0,0.0,0.0,0.0,0.0,0.0,0.0,0.0,Low,False,False,False
MCH9296,Bhakta-Sen,Apparel & Fashion,Private Limited,Delhi,Delhi,Active,453.57,0.0,0.0,0.0,0.0,0.0,0.0,0.0,0.0,0.0,0.0,0,0,0,0.0,Low,False,False,False
MCH9298,Jain Ltd,Books & Stationery,Sole Proprietor,Bengaluru,Karnataka,Active,8519.11,1.0,7192.19,7192.19,1.0,0.0,0.0,0.0,0.0,0.0,0.0,0.0,0.0,0.0,0.0,Low,False,False,False
MCH9302,Savant-Dave,Department Store,Partnership,Bengaluru,Karnataka,Active,543.56,1.0,12941.0,12941.0,1.0,0.0,0.0,0.0,0.0,0.0,0.0,0.0,0.0,0.0,0.0,Low,False,False,False
MCH9304,Char Ltd,Telecom,Individual,Bengaluru,Karnataka,Active,531.14,2.0,25205.46,12602.73,2.0,0.0,0.0,0.0,0.0,0.0,0.0,0.0,0.0,0.0,0.0,Low,False,False,False
MCH9306,Zachariah-Anne,Books & Stationery,Partnership,Mumbai,Maharashtra,Active,1250.09,2.0,45913.520000000004,22956.760000000002,2.0,0.0,0.0,0.0,0.0,0.0,0.0,0.0,0.0,0.0,0.0,Low,False,False,False
MCH9307,"Bajwa, Dhawan And Guha",Restaurants & Food,Sole Proprietor,Jalandhar,Punjab,Active,468.19,2.0,30007.52,15003.76,2.0,0.0,0.0,0.0,0.0,0.0,0.0,0.0,0.0,0.0,0.0,Low,False,False,False
MCH9310,Ganguly-Tella,Hotel & Lodging,Individual,Pune,Maharashtra,Active,,1.0,6512.68,6512.68,1.0,0.0,0.0,0.0,0.0,0.0,0.0,0.0,0.0,0.0,0.0,Low,False,False,False
MCH9311,"Dyal, Mohan And Patla",Books & Stationery,Sole Proprietor,Bengaluru,Karnataka,Active,1774.56,3.0,23395.449999999997,7798.483333333333,2.0,0.0,0.0,0.0,0.0,0.0,0.0,0.0,0.0,0.0,0.0,Low,False,False,False
MCH9320,Char Inc,Grocery,Private Limited,Hyderabad,Telangana,Active,695.0,3.0,47410.58,15803.526666666667,3.0,0.0,0.0,0.0,0.0,0.0,0.0,0.0,0.0,0.0,0.0,Low,False,False,False
MCH9332,Gala Inc,Apparel & Fashion,Private Limited,Amritsar,Punjab,Active,1348.88,0.0,0.0,0.0,0.0,0.0,0.0,0.0,0.0,0.0,0.0,0,0,0,0.0,Low,False,False,False
MCH9335,Shenoy Group,Apparel & Fashion,Partnership,Lucknow,Uttar Pradesh,Active,1203.23,3.0,62956.66,20985.553333333333,3.0,0.0,0.0,0.0,0.0,0.0,0.0,0.0,0.0,0.0,0.0,Low,False,False,False
MCH9340,Mallick-Konda,Miscellaneous,Individual,Bengaluru,Karnataka,Inactive,1550.33,0.0,0.0,0.0,0.0,0.0,0.0,0.0,0.0,0.0,0.0,0,0,0,0.0,Low,False,False,False
MCH9343,Sridhar-Sarna,Hotel & Lodging,Partnership,Chennai,Tamil Nadu,Active,287.96,2.0,23587.949999999997,11793.974999999999,1.0,0.0,1.0,0.0,0.0,0.0,0.0,0.0,0.0,0.0,0.0,Low,False,False,False
MCH9348,"Toor, Parekh And Agate",Books & Stationery,Private Limited,Amritsar,Punjab,Active,4472.44,0.0,0.0,0.0,0.0,0.0,0.0,0.0,0.0,0.0,0.0,0,0,0,0.0,Low,False,False,False
MCH9350,Singh-Sane,Grocery,Private Limited,Ludhiana,Punjab,Active,840.43,0.0,0.0,0.0,0.0,0.0,0.0,0.0,0.0,0.0,0.0,0,0,0,0.0,Low,False,False,False
MCH9352,Ramanathan-Lala,Transportation,Partnership,Bengaluru,Karnataka,Active,1121.19,3.0,24882.0,8294.0,3.0,0.0,0.0,0.0,0.0,0.0,0.0,0.0,0.0,0.0,0.0,Low,False,False,False
MCH9354,"Srinivasan, Bhargava And Sathe",Hotel & Lodging,Private Limited,Pune,Maharashtra,Active,272.4,4.0,59000.93,14750.2325,4.0,0.0,0.0,0.0,0.0,0.0,0.0,0.0,0.0,0.0,0.0,Low,False,False,False
MCH9355,Vig Plc,Pharmacy,Partnership,Jalandhar,Punjab,Active,1697.72,5.0,70100.58,14020.116,5.0,0.0,0.0,0.0,0.0,0.0,0.0,0.0,0.0,0.0,0.0,Low,False,False,False
MCH9356,Waglellc,Grocery,Partnership,Delhi,Delhi,Active,862.0,2.0,44271.11,22135.555,2.0,0.0,0.0,0.0,0.0,0.0,0.0,0.0,0.0,0.0,0.0,Low,False,False,False
MCH9362,"Lala, Oza And Chahal",Pharmacy,Sole Proprietor,Delhi,Delhi,Active,1820.41,3.0,57885.96,19295.32,3.0,0.0,0.0,0.0,0.0,0.0,0.0,0.0,0.0,0.0,0.0,Low,False,False,False
MCH9366,"Parsa, Walia And Viswanathan",Apparel & Fashion,Individual,Jalandhar,Punjab,Active,7891.78,2.0,17694.58,8847.29,2.0,0.0,0.0,0.0,0.0,0.0,0.0,0.0,0.0,0.0,0.0,Low,False,False,False
MCH9367,Luthra And Sons,Books & Stationery,Private Limited,Amritsar,Punjab,Active,1752.0,3.0,41373.68,13791.226666666667,3.0,0.0,0.0,0.0,0.0,0.0,0.0,0.0,0.0,0.0,0.0,Low,False,False,False
MCH9370,Mallick-Gola,Miscellaneous,Private Limited,Jaipur,Rajasthan,Active,4284.71,4.0,70363.43,17590.8575,4.0,0.0,0.0,0.0,0.0,0.0,0.0,0.0,0.0,0.0,0.0,Low,False,False,False
MCH9371,Mand-Oommen,Grocery,Private Limited,Chennai,Tamil Nadu,Active,284.42,2.0,30017.28,15008.64,2.0,0.0,0.0,0.0,0.0,0.0,0.0,0.0,0.0,0.0,0.0,Low,False,False,False
MCH9383,"Sekhon,Padmanabhanandrege",Books & Stationery,Individual,Chennai,Tamil Nadu,Suspended,2841.0,2.0,23655.63,11827.815,2.0,0.0,0.0,0.0,0.0,0.0,0.0,0.0,0.0,0.0,0.0,Low,False,False,False
MCH9385,"Ray, Gu1Ati And Gi11",Telecom,Sole Proprietor,Amritsar,Punjab,Active,1178.44,1.0,12536.0,12536.0,1.0,0.0,0.0,0.0,0.0,0.0,0.0,0.0,0.0,0.0,0.0,Low,False,False,False
MCH9386,"Kothari,Santandloyal",Apparel & Fashion,Individual,Bengaluru,Karnataka,Active,2792.0,1.0,5861.88,5861.88,0.0,0.0,0.0,0.0,0.0,0.0,0.0,0.0,0.0,0.0,0.0,Low,False,False,False
MCH9388,"Mahajan, Dixit And Memon",Hotel & Lodging,Partnership,Kolkata,West Bengal,Active,1507.31,4.0,59737.09,14934.2725,3.0,0.0,1.0,0.0,0.0,0.0,0.0,0.0,0.0,0.0,0.0,Low,False,False,False
MCH9391,Vasa-Mitra,Telecom,Individual,Jalandhar,Punjab,Active,1456.23,0.0,0.0,0.0,0.0,0.0,0.0,0.0,0.0,0.0,0.0,0,0,0,0.0,Low,False,False,False
MCH9393,"Sehgal, Chawla And Korpal",Restaurants & Food,Individual,Amritsar,Punjab,Active,896.96,2.0,4275.58,2137.79,2.0,0.0,0.0,0.0,0.0,0.0,0.0,0.0,0.0,0.0,0.0,Low,False,False,False
MCH9395,Bhagat-Chana,Apparel & Fashion,Private Limited,Jaipur,Rajasthan,Active,2768.73,0.0,0.0,0.0,0.0,0.0,0.0,0.0,0.0,0.0,0.0,0,0,0,0.0,Low,False,False,False
MCH9396,"Solanki, Kara And Saha",Hotel & Lodging,Sole Proprietor,Bengaluru,Karnataka,Active,1428.59,4.0,52676.93000000001,13169.232500000002,4.0,0.0,0.0,0.0,0.0,0.0,0.0,0.0,0.0,0.0,0.0,Low,False,False,False
MCH9400,"Dara, Desai And Sethi",Miscellaneous,Partnership,Mumbai,Maharashtra,Active,2120.88,2.0,30556.0,15278.0,2.0,0.0,0.0,0.0,0.0,0.0,0.0,0.0,0.0,0.0,0.0,Low,False,False,False
MCH9401,Ravi Llc,Hotel & Lodging,Sole Proprietor,Pune,Maharashtra,Active,1824.72,1.0,24443.31,24443.31,1.0,0.0,0.0,0.0,0.0,0.0,0.0,0.0,0.0,0.0,0.0,Low,False,False,False
MCH9404,Baral And Sons,Travel,Private Limited,Kolkata,West Bengal,Active,,1.0,6069.34,6069.34,1.0,0.0,0.0,0.0,0.0,0.0,0.0,0.0,0.0,0.0,0.0,Low,False,False,False
MCH9406,Randhawa And Sons,Restaurants & Food,Individual,Lucknow,Uttar Pradesh,Active,2159.94,1.0,14303.85,14303.85,1.0,0.0,0.0,0.0,0.0,0.0,0.0,0.0,0.0,0.0,0.0,Low,False,False,False
MCH9408,Arya-Vig,Transportation,Individual,Bengaluru,Karnataka,Active,,4.0,39931.28,9982.82,4.0,0.0,0.0,0.0,0.0,0.0,0.0,0.0,0.0,0.0,0.0,Low,False,False,False
MCH9413,Kala-Sarkar,Pharmacy,Sole Proprietor,Hyderabad,Telangana,Active,869.76,2.0,33290.87,16645.435,2.0,0.0,0.0,0.0,0.0,0.0,0.0,0.0,0.0,0.0,0.0,Low,False,False,False
MCH9416,Kulkarni And Sons,Grocery,Partnership,Mumbai,Maharashtra,Active,755.0,0.0,0.0,0.0,0.0,0.0,0.0,0.0,0.0,0.0,0.0,0,0,0,0.0,Low,False,False,False
MCH9418,"Bora, Venkatesh And Loke",Grocery,Individual,Bengaluru,Karnataka,Suspended,1520.21,0.0,0.0,0.0,0.0,0.0,0.0,0.0,0.0,0.0,0.0,0,0,0,0.0,Low,False,False,False
MCH9424,Sur-Bajaj,Department Store,Sole Proprietor,Bengaluru,Karnataka,Active,1902.79,0.0,0.0,0.0,0.0,0.0,0.0,0.0,0.0,0.0,0.0,0,0,0,0.0,Low,False,False,False
MCH9429,Varghese-Mitter,Hotel & Lodging,Partnership,Hyderabad,Telangana,Active,1566.55,1.0,10273.4,10273.4,1.0,0.0,0.0,0.0,0.0,0.0,0.0,0.0,0.0,0.0,0.0,Low,False,False,False
MCH9431,Madan-Kota,Travel,Private Limited,Bengaluru,Karnataka,Active,436.79,3.0,47118.06,15706.019999999999,3.0,0.0,0.0,0.0,0.0,0.0,0.0,0.0,0.0,0.0,0.0,Low,False,False,False
MCH9433,Chhabra-Naik,Medical,Individual,Jalandhar,Punjab,Active,4629.09,0.0,0.0,0.0,0.0,0.0,0.0,0.0,0.0,0.0,0.0,0,0,0,0.0,Low,False,False,False
MCH9434,Srinivasan-Savant,Restaurants & Food,Partnership,Chennai,Tamil Nadu,Active,,1.0,24141.0,24141.0,1.0,0.0,0.0,0.0,0.0,0.0,0.0,0.0,0.0,0.0,0.0,Low,False,False,False
MCH9439,Jani Llc,Grocery,Sole Proprietor,Bengaluru,Karnataka,Active,275.02,2.0,24347.59,12173.795,2.0,0.0,0.0,0.0,0.0,0.0,0.0,0.0,0.0,0.0,0.0,Low,False,False,False
MCH9440,Ratti Llc,Retail,Individual,Jalandhar,Punjab,Active,186.6,1.0,23317.72,23317.72,1.0,0.0,0.0,0.0,0.0,0.0,0.0,0.0,0.0,0.0,0.0,Low,False,False,False
MCH9443,"Bumb, Sama And Prashad",Transportation,Sole Proprietor,Lucknow,Uttar Pradesh,Active,712.16,2.0,5388.639999999999,2694.3199999999997,2.0,0.0,0.0,0.0,0.0,0.0,0.0,0.0,0.0,0.0,0.0,Low,False,False,False
MCH9447,Sundaram Llc,Miscellaneous,Individual,Hyderabad,Telangana,Active,974.62,7.0,85361.98999999999,12194.569999999998,6.0,1.0,0.0,0.0,0.0,0.0,0.0,14.29,0.0,0.0,0.0,Low,False,False,False
MCH9448,"Sant, Manda And Khurana",Apparel & Fashion,Partnership,Jalandhar,Punjab,Inactive,522.0,4.0,31400.42,7850.105,3.0,0.0,0.0,0.0,0.0,0.0,0.0,0.0,0.0,0.0,0.0,Low,False,False,False
MCH9450,"Bahl, Varughese And Char",Telecom,Partnership,Pune,Maharashtra,Active,260.0,1.0,23180.17,23180.17,1.0,0.0,0.0,0.0,0.0,0.0,0.0,0.0,0.0,0.0,0.0,Low,False,False,False
MCH9452,Kapoor-Kara,Miscellaneous,Private Limited,Kolkata,West Bengal,Inactive,,1.0,13647.12,13647.12,1.0,0.0,0.0,0.0,0.0,0.0,0.0,0.0,0.0,0.0,0.0,Low,False,False,False
MCH9456,Anne Group,Miscellaneous,Sole Proprietor,Chennai,Tamil Nadu,Active,896.81,2.0,6011.07,3005.535,2.0,0.0,0.0,0.0,0.0,0.0,0.0,0.0,0.0,0.0,0.0,Low,False,False,False
MCH9460,"Oza, Balakrishnan And Kapoor",Books & Stationery,Individual,Chennai,Tamil Nadu,Active,481.26,1.0,17066.49,17066.49,1.0,0.0,0.0,0.0,0.0,0.0,0.0,0.0,0.0,0.0,0.0,Low,False,False,False
MCH9463,Boase And Sons,Books & Stationery,Private Limited,Amritsar,Punjab,Active,835.0,3.0,48407.31,16135.769999999999,3.0,0.0,0.0,0.0,0.0,0.0,0.0,0.0,0.0,0.0,0.0,Low,False,False,False
MCH9471,Sarma Ltd,Apparel & Fashion,Partnership,Hyderabad,Telangana,Active,2136.82,5.0,94098.11,18819.622,4.0,0.0,1.0,0.0,0.0,0.0,0.0,0.0,0.0,0.0,0.0,Low,False,False,False
MCH9474,"Bajwa, Bhandari And Parmar",Pharmacy,Sole Proprietor,Kolkata,West Bengal,Active,1464.0,2.0,31376.92,15688.46,2.0,0.0,0.0,0.0,0.0,0.0,0.0,0.0,0.0,0.0,0.0,Low,False,False,False
MCH9476,Sama Plc,Restaurants & Food,Private Limited,Hyderabad,Telangana,Active,165.93,3.0,22711.86,7570.62,3.0,0.0,0.0,0.0,0.0,0.0,0.0,0.0,0.0,0.0,0.0,Low,False,False,False
MCH9478,"Desai, Borah And Dugar",Miscellaneous,Private Limited,Kolkata,West Bengal,Suspended,1333.54,3.0,9235.22,3078.4066666666663,3.0,0.0,0.0,0.0,0.0,0.0,0.0,0.0,0.0,0.0,0.0,Low,False,False,False
MCH9481,Kata Llc,Telecom,Partnership,Amritsar,Punjab,Active,1054.88,3.0,33028.189999999995,11009.396666666666,2.0,0.0,1.0,0.0,0.0,0.0,0.0,0.0,0.0,0.0,0.0,Low,False,False,False
MCH9482,"Vasa, Chada And Iyengar",Grocery,Partnership,Hyderabad,Telangana,Active,600.13,1.0,22806.0,22806.0,1.0,0.0,0.0,0.0,0.0,0.0,0.0,0.0,0.0,0.0,0.0,Low,False,False,False
MCH9483,"Yohannan, Ghose And Pal",Apparel & Fashion,Partnership,Hyderabad,Telangana,Active,4425.5,2.0,24310.98,12155.49,1.0,0.0,0.0,0.0,0.0,0.0,0.0,0.0,0.0,0.0,0.0,Low,False,False,False
MCH9484,"Bail, Sen And Bava",Medical,Sole Proprietor,Jalandhar,Punjab,Active,1401.0,2.0,20392.19,10196.095,2.0,0.0,0.0,0.0,0.0,0.0,0.0,0.0,0.0,0.0,0.0,Low,False,False,False
MCH9489,Badal-Sankaran,Transportation,Sole Proprietor,Chennai,Tamil Nadu,Active,1437.06,1.0,13167.63,13167.63,1.0,0.0,0.0,0.0,0.0,0.0,0.0,0.0,0.0,0.0,0.0,Low,False,False,False
MCH9492,Mitra Gr0Up,Pharmacy,Private Limited,Kolkata,West Bengal,Active,1049.0,3.0,36663.44,12221.146666666667,3.0,0.0,0.0,0.0,0.0,0.0,0.0,0.0,0.0,0.0,0.0,Low,False,False,False
MCH9503,Kulkarni Llc,Transportation,Individual,Hyderabad,Telangana,Inactive,1312.52,2.0,42037.0,21018.5,2.0,0.0,0.0,0.0,0.0,0.0,0.0,0.0,0.0,0.0,0.0,Low,False,False,False
MCH9506,"Savant, Bains And Bali",Medical,Partnership,Pune,Maharashtra,Active,353.01,2.0,7123.02,3561.51,2.0,0.0,0.0,0.0,0.0,0.0,0.0,0.0,0.0,0.0,0.0,Low,False,False,False
MCH9510,Warri0R-Thakkar,Transportation,Sole Proprietor,Bengaluru,Karnataka,Active,1261.0,1.0,3171.88,3171.88,1.0,0.0,0.0,0.0,0.0,0.0,0.0,0.0,0.0,0.0,0.0,Low,False,False,False
MCH9514,Prakash Gr0Up,Pharmacy,Partnership,Lucknow,Uttar Pradesh,Inactive,2338.36,2.0,25304.14,12652.07,2.0,0.0,0.0,0.0,0.0,0.0,0.0,0.0,0.0,0.0,0.0,Low,False,False,False
MCH9516,"Sule, Borra And Rattan",Restaurants & Food,Partnership,Amritsar,Punjab,Active,,3.0,50382.33,16794.11,3.0,0.0,0.0,0.0,0.0,0.0,0.0,0.0,0.0,0.0,0.0,Low,False,False,False
MCH9517,Menon Inc,Hotel & Lodging,Sole Proprietor,Mumbai,Maharashtra,Active,,0.0,0.0,0.0,0.0,0.0,0.0,0.0,0.0,0.0,0.0,0,0,0,0.0,Low,False,False,False
MCH9519,Shere-Banik,Apparel & Fashion,Sole Proprietor,Lucknow,Uttar Pradesh,Active,889.4,1.0,21387.96,21387.96,1.0,0.0,0.0,0.0,0.0,0.0,0.0,0.0,0.0,0.0,0.0,Low,False,False,False
MCH9528,Kibe-Memon,Apparel & Fashion,Sole Proprietor,Delhi,Delhi,Active,5399.84,0.0,0.0,0.0,0.0,0.0,0.0,0.0,0.0,0.0,0.0,0,0,0,0.0,Low,False,False,False
MCH9529,Dubey Inc,Telecom,Private Limited,Pune,Maharashtra,Active,1801.0,3.0,46374.810000000005,15458.270000000002,3.0,0.0,0.0,0.0,0.0,0.0,0.0,0.0,0.0,0.0,0.0,Low,False,False,False
MCH9530,B0Rah Plc,Restaurants & Food,Individual,Hyderabad,Telangana,Suspended,999.86,1.0,17922.77,17922.77,1.0,0.0,0.0,0.0,0.0,0.0,0.0,0.0,0.0,0.0,0.0,Low,False,False,False
MCH9531,Lad Ltd,Grocery,Private Limited,Ludhiana,Punjab,Suspended,545.56,2.0,15309.0,7654.5,2.0,0.0,0.0,0.0,0.0,0.0,0.0,0.0,0.0,0.0,0.0,Low,False,False,False
MCH9534,Deshmukh-Yadav,Hotel & Lodging,Individual,Hyderabad,Telangana,Active,1143.6,2.0,8285.02,4142.51,2.0,0.0,0.0,0.0,0.0,0.0,0.0,0.0,0.0,0.0,0.0,Low,False,False,False
MCH9541,"Grover, Bhatia And Tandon",Restaurants & Food,Partnership,Lucknow,Uttar Pradesh,Active,2401.33,0.0,0.0,0.0,0.0,0.0,0.0,0.0,0.0,0.0,0.0,0,0,0,0.0,Low,False,False,False
MCH9542,"Singh, Johal And Khalsa",Books & Stationery,Individual,Hyderabad,Telangana,Active,2463.46,0.0,0.0,0.0,0.0,0.0,0.0,0.0,0.0,0.0,0.0,0,0,0,0.0,Low,False,False,False
MCH9543,Khanna-Som,Books & Stationery,Sole Proprietor,Bengaluru,Karnataka,Active,1143.19,1.0,6857.88,6857.88,1.0,0.0,0.0,0.0,0.0,0.0,0.0,0.0,0.0,0.0,0.0,Low,False,False,False
MCH9546,"Mohan, Tak And Dhingra",Miscellaneous,Sole Proprietor,Amritsar,Punjab,Active,1645.26,0.0,0.0,0.0,0.0,0.0,0.0,0.0,0.0,0.0,0.0,0,0,0,0.0,Low,False,False,False
MCH9547,Anne-Narasimhan,Department Store,Individual,Delhi,Delhi,Active,823.12,3.0,34182.46,11394.153333333334,3.0,0.0,0.0,0.0,0.0,0.0,0.0,0.0,0.0,0.0,0.0,Low,False,False,False
MCH9551,Chaudhari-Dugar,Books & Stationery,Individual,Lucknow,Uttar Pradesh,Active,2156.36,3.0,53766.840000000004,17922.280000000002,2.0,0.0,1.0,0.0,0.0,0.0,0.0,0.0,0.0,0.0,0.0,Low,False,False,False
MCH9555,"Nadig, Kumer And Nath",Medical,Partnership,Lucknow,Uttar Pradesh,Active,,1.0,11612.03,11612.03,1.0,0.0,0.0,0.0,0.0,0.0,0.0,0.0,0.0,0.0,0.0,Low,False,False,False
MCH9556,"Hari, Dave And Ahluwalia",Transportation,Sole Proprietor,Chennai,Tamil Nadu,Active,4820.97,2.0,28418.85,14209.425,2.0,0.0,0.0,0.0,0.0,0.0,0.0,0.0,0.0,0.0,0.0,Low,False,False,False
MCH9559,Randhawa-Mody,Apparel & Fashion,Sole Proprietor,Amritsar,Punjab,Inactive,543.84,3.0,48023.46,16007.82,3.0,0.0,0.0,0.0,0.0,0.0,0.0,0.0,0.0,0.0,0.0,Low,False,False,False
MCH9563,"Singh, Issac And Murty",Travel,Private Limited,Kolkata,West Bengal,Active,1366.02,3.0,46418.55,15472.85,3.0,0.0,0.0,0.0,0.0,0.0,0.0,0.0,0.0,0.0,0.0,Low,False,False,False
MCH9566,Batra-Kaul,Department Store,Private Limited,Delhi,Delhi,Active,1260.75,1.0,6889.45,6889.45,1.0,0.0,0.0,0.0,0.0,0.0,0.0,0.0,0.0,0.0,0.0,Low,False,False,False
MCH9567,"Dar, Gera And Sane",Restaurants & Food,Private Limited,Delhi,Delhi,Active,850.48,1.0,2112.35,2112.35,1.0,0.0,0.0,0.0,0.0,0.0,0.0,0.0,0.0,0.0,0.0,Low,False,False,False
MCH9569,Parekh-Kalita,Retail,Individual,Amritsar,Punjab,Active,1617.31,2.0,27341.43,13670.715,2.0,0.0,0.0,0.0,0.0,0.0,0.0,0.0,0.0,0.0,0.0,Low,False,False,False
MCH9571,Buch Inc,Restaurants & Food,Individual,Hyderabad,Telangana,Active,1270.83,0.0,0.0,0.0,0.0,0.0,0.0,0.0,0.0,0.0,0.0,0,0,0,0.0,Low,False,False,False
MCH9580,"Murthy, Virk And Lad",Department Store,Partnership,Ludhiana,Punjab,Active,1520.62,4.0,68840.35,17210.0875,4.0,0.0,0.0,0.0,0.0,0.0,0.0,0.0,0.0,0.0,0.0,Low,False,False,False
MCH9583,Khurana-Johal,Grocery,Partnership,Delhi,Delhi,Active,5627.6,4.0,66543.66,16635.915,4.0,0.0,0.0,0.0,0.0,0.0,0.0,0.0,0.0,0.0,0.0,Low,False,False,False
MCH9586,Ghose Plc,Hotel & Lodging,Private Limited,Chennai,Tamil Nadu,Active,2522.89,2.0,30667.3,15333.65,2.0,0.0,0.0,0.0,0.0,0.0,0.0,0.0,0.0,0.0,0.0,Low,False,False,False
MCH9587,Krishnamurthy-Contractor,Telecom,Sole Proprietor,Kolkata,West Bengal,Active,211.86,4.0,48251.74,12062.935,4.0,0.0,0.0,0.0,0.0,0.0,0.0,0.0,0.0,0.0,0.0,Low,False,False,False
MCH9591,Bali Group,Miscellaneous,Sole Proprietor,Ludhiana,Punjab,Active,3007.14,0.0,0.0,0.0,0.0,0.0,0.0,0.0,0.0,0.0,0.0,0,0,0,0.0,Low,False,False,False
MCH9593,Varty-Lala,Books & Stationery,Individual,Lucknow,Uttar Pradesh,Active,3004.61,3.0,34065.29,11355.096666666666,3.0,0.0,0.0,0.0,0.0,0.0,0.0,0.0,0.0,0.0,0.0,Low,False,False,False
MCH9601,Joshi-Chauhan,Transportation,Private Limited,Bengaluru,Karnataka,Active,1949.42,2.0,25111.800000000003,12555.900000000001,2.0,0.0,0.0,0.0,0.0,0.0,0.0,0.0,0.0,0.0,0.0,Low,False,False,False
MCH9604,Merchant-Johal,Retail,Partnership,Pune,Maharashtra,Active,762.2,1.0,13490.27,13490.27,0.0,0.0,0.0,0.0,0.0,0.0,0.0,0.0,0.0,0.0,0.0,Low,False,False,False
MCH9605,Chokshi Llc,Restaurants & Food,Sole Proprietor,Bengaluru,Karnataka,Active,2523.0,2.0,32760.059999999998,16380.029999999999,2.0,0.0,0.0,0.0,0.0,0.0,0.0,0.0,0.0,0.0,0.0,Low,False,False,False
MCH9613,Tella Group,Pharmacy,Partnership,Hyderabad,Telangana,Active,,0.0,0.0,0.0,0.0,0.0,0.0,0.0,0.0,0.0,0.0,0,0,0,0.0,Low,False,False,False
MCH9617,Ranganathan-Ha1Der,Grocery,Private Limited,Chennai,Tamil Nadu,Active,904.23,3.0,16704.07,5568.0233333333335,3.0,0.0,0.0,0.0,0.0,0.0,0.0,0.0,0.0,0.0,0.0,Low,False,False,False
MCH9623,Subramanian Llc,Medical,Individual,Hyderabad,Telangana,Active,1226.76,4.0,63479.79,15869.9475,2.0,0.0,1.0,0.0,0.0,0.0,0.0,0.0,0.0,0.0,0.0,Low,False,False,False
MCH9624,Brar-Chad,Department Store,Individual,Amritsar,Punjab,Suspended,2595.66,4.0,47034.78,11758.695,4.0,0.0,0.0,0.0,0.0,0.0,0.0,0.0,0.0,0.0,0.0,Low,False,False,False
MCH9626,Gu1Ati-Chhabra,Telecom,Partnership,Lucknow,Uttar Pradesh,Active,880.0,2.0,11402.85,5701.425,2.0,0.0,0.0,0.0,0.0,0.0,0.0,0.0,0.0,0.0,0.0,Low,False,False,False
MCH9627,Randhawa Gr0Up,Hotel & Lodging,Private Limited,Chennai,Tamil Nadu,Active,,4.0,45835.86,11458.965,4.0,0.0,0.0,0.0,0.0,0.0,0.0,0.0,0.0,0.0,0.0,Low,False,False,False
MCH9636,Kibe-Magar,Apparel & Fashion,Individual,Bengaluru,Karnataka,Active,,2.0,26065.73,13032.865,2.0,0.0,0.0,0.0,0.0,0.0,0.0,0.0,0.0,0.0,0.0,Low,False,False,False
MCH9638,"Dara, Badami And Sen",Apparel & Fashion,Sole Proprietor,Lucknow,Uttar Pradesh,Active,3649.35,2.0,31102.15,15551.075,2.0,0.0,0.0,0.0,0.0,0.0,0.0,0.0,0.0,0.0,0.0,Low,False,False,False
MCH9640,Aurora And Sons,Travel,Sole Proprietor,Lucknow,Uttar Pradesh,Active,1623.21,3.0,47101.509999999995,15700.503333333332,2.0,0.0,1.0,0.0,0.0,0.0,0.0,0.0,0.0,0.0,0.0,Low,False,False,False
MCH9641,Andra Ltd,Pharmacy,Private Limited,Kolkata,West Bengal,Active,3323.59,2.0,19213.870000000003,9606.935000000001,1.0,0.0,1.0,0.0,0.0,0.0,0.0,0.0,0.0,0.0,0.0,Low,False,False,False
MCH9647,"Bhat, Tank And Aurora",Hotel & Lodging,Individual,Kolkata,West Bengal,Active,5590.39,2.0,34110.89,17055.445,2.0,0.0,0.0,0.0,0.0,0.0,0.0,0.0,0.0,0.0,0.0,Low,False,False,False
MCH9649,Sachdeva-Dey,Hotel & Lodging,Sole Proprietor,Amritsar,Punjab,Active,,1.0,3561.25,3561.25,1.0,0.0,0.0,0.0,0.0,0.0,0.0,0.0,0.0,0.0,0.0,Low,False,False,False
MCH9659,Gokhale-Bassi,Telecom,Sole Proprietor,Mumbai,Maharashtra,Active,269.4,2.0,20540.0,10270.0,2.0,0.0,0.0,0.0,0.0,0.0,0.0,0.0,0.0,0.0,0.0,Low,False,False,False
MCH9665,Baria And Sons,Apparel & Fashion,Sole Proprietor,Chennai,Tamil Nadu,Suspended,4561.8,0.0,0.0,0.0,0.0,0.0,0.0,0.0,0.0,0.0,0.0,0,0,0,0.0,Low,False,False,False
MCH9672,Contractor-Sinha,Retail,Individual,Kolkata,West Bengal,Active,1371.8,2.0,38750.41,19375.205,2.0,0.0,0.0,0.0,0.0,0.0,0.0,0.0,0.0,0.0,0.0,Low,False,False,False
MCH9675,Mand-Varkey,Medical,Individual,Jalandhar,Punjab,Inactive,843.13,2.0,20330.67,10165.335,2.0,0.0,0.0,0.0,0.0,0.0,0.0,0.0,0.0,0.0,0.0,Low,False,False,False
MCH9683,Pillai Inc,Grocery,Partnership,Bengaluru,Karnataka,Suspended,1862.68,0.0,0.0,0.0,0.0,0.0,0.0,0.0,0.0,0.0,0.0,0,0,0,0.0,Low,False,False,False
MCH9684,Bhasin Inc,Pharmacy,Private Limited,Delhi,Delhi,Inactive,2227.2,4.0,80992.71,20248.1775,3.0,0.0,0.0,0.0,0.0,0.0,0.0,0.0,0.0,0.0,0.0,Low,False,False,False
MCH9688,Choudhry Llc,Books & Stationery,Sole Proprietor,Bengaluru,Karnataka,Active,825.43,2.0,8097.81,4048.905,2.0,0.0,0.0,0.0,0.0,0.0,0.0,0.0,0.0,0.0,0.0,Low,False,False,False
MCH9690,Bai1-Sarin,Hotel & Lodging,Partnership,Amritsar,Punjab,Active,3320.22,1.0,20641.96,20641.96,1.0,0.0,0.0,0.0,0.0,0.0,0.0,0.0,0.0,0.0,0.0,Low,False,False,False
MCH9692,Pandey-Behl,Restaurants & Food,Private Limited,Hyderabad,Telangana,Active,522.57,0.0,0.0,0.0,0.0,0.0,0.0,0.0,0.0,0.0,0.0,0,0,0,0.0,Low,False,False,False
MCH9693,"Babu, Murty And Rao",Books & Stationery,Sole Proprietor,Pune,Maharashtra,Active,1260.07,3.0,29844.93,9948.31,2.0,0.0,1.0,0.0,0.0,0.0,0.0,0.0,0.0,0.0,0.0,Low,False,False,False
MCH9696,D’Alia-Bhardwaj,Miscellaneous,Private Limited,Lucknow,Uttar Pradesh,Active,3568.12,1.0,12602.39,12602.39,1.0,0.0,0.0,0.0,0.0,0.0,0.0,0.0,0.0,0.0,0.0,Low,False,False,False
MCH9697,Walla Ltd,Telecom,Individual,Bengaluru,Karnataka,Active,1081.86,3.0,31025.91,10341.97,3.0,0.0,0.0,0.0,0.0,0.0,0.0,0.0,0.0,0.0,0.0,Low,False,False,False
MCH9704,"Wason, Upadhyay And Palla",Retail,Private Limited,Mumbai,Maharashtra,Active,,1.0,13448.89,13448.89,0.0,0.0,1.0,0.0,0.0,0.0,0.0,0.0,0.0,0.0,0.0,Low,False,False,False
MCH9706,"Mohan, Sahni And Doctor",Apparel & Fashion,Partnership,Lucknow,Uttar Pradesh,Active,,2.0,17751.43,8875.715,2.0,0.0,0.0,0.0,0.0,0.0,0.0,0.0,0.0,0.0,0.0,Low,False,False,False
MCH9710,Trivedi Plc,Grocery,Partnership,Ludhiana,Punjab,Active,718.83,1.0,21317.03,21317.03,1.0,0.0,0.0,0.0,0.0,0.0,0.0,0.0,0.0,0.0,0.0,Low,False,False,False
MCH9714,Issac-Pall,Pharmacy,Private Limited,Chennai,Tamil Nadu,Inactive,925.43,4.0,42644.19,10661.0475,2.0,0.0,2.0,0.0,0.0,0.0,0.0,0.0,0.0,0.0,0.0,Low,False,False,False
MCH9716,"Kadakia, Mishra And Ba1I",Restaurants & Food,Private Limited,Lucknow,Uttar Pradesh,Active,,2.0,10975.919999999998,5487.959999999999,2.0,0.0,0.0,0.0,0.0,0.0,0.0,0.0,0.0,0.0,0.0,Low,False,False,False
MCH9718,Raval And Sons,Restaurants & Food,Individual,Bengaluru,Karnataka,Active,3311.57,2.0,31560.14,15780.07,2.0,0.0,0.0,0.0,0.0,0.0,0.0,0.0,0.0,0.0,0.0,Low,False,False,False
MCH9720,Hayre Ltd,Books & Stationery,Sole Proprietor,Pune,Maharashtra,Active,507.94,3.0,42225.63,14075.21,2.0,0.0,0.0,0.0,0.0,0.0,0.0,0.0,0.0,0.0,0.0,Low,False,False,False
MCH9722,"Krishna, Saxena And Aurora",Telecom,Individual,Lucknow,Uttar Pradesh,Active,,0.0,0.0,0.0,0.0,0.0,0.0,0.0,0.0,0.0,0.0,0,0,0,0.0,Low,False,False,False
MCH9725,Shan Llc,Apparel & Fashion,Individual,Lucknow,Uttar Pradesh,Active,2250.85,2.0,17330.43,8665.215,1.0,0.0,0.0,0.0,0.0,0.0,0.0,0.0,0.0,0.0,0.0,Low,False,False,False
MCH9728,"Dass, Sengupta And Halder",Grocery,Sole Proprietor,Chennai,Tamil Nadu,Active,6287.55,1.0,2173.82,2173.82,1.0,0.0,0.0,0.0,0.0,0.0,0.0,0.0,0.0,0.0,0.0,Low,False,False,False
MCH9731,Chaudhry-Pillay,Department Store,Individual,Jaipur,Rajasthan,Active,516.39,4.0,53462.18,13365.545,4.0,0.0,0.0,0.0,0.0,0.0,0.0,0.0,0.0,0.0,0.0,Low,False,False,False
MCH9732,Pal-Kaur,Apparel & Fashion,Individual,Jalandhar,Punjab,Active,1508.45,3.0,30107.27,10035.756666666666,3.0,0.0,0.0,0.0,0.0,0.0,0.0,0.0,0.0,0.0,0.0,Low,False,False,False
MCH9733,Sathe-Hari,Transportation,Partnership,Bengaluru,Karnataka,Active,1033.79,4.0,51731.29,12932.8225,4.0,0.0,0.0,0.0,0.0,0.0,0.0,0.0,0.0,0.0,0.0,Low,False,False,False
MCH9736,Sant Plc,Hotel & Lodging,Sole Proprietor,Lucknow,Uttar Pradesh,Active,1081.26,2.0,8367.93,4183.965,2.0,0.0,0.0,0.0,0.0,0.0,0.0,0.0,0.0,0.0,0.0,Low,False,False,False
MCH9739,"Gupta, Bhatia And Dhillon",Transportation,Private Limited,Jaipur,Rajasthan,Active,,3.0,36120.94,12040.313333333334,3.0,0.0,0.0,0.0,0.0,0.0,0.0,0.0,0.0,0.0,0.0,Low,False,False,False
MCH9740,Jain And Sons,Restaurants & Food,Individual,Jaipur,Rajasthan,Active,1510.42,3.0,47350.67,15783.556666666665,3.0,0.0,0.0,0.0,0.0,0.0,0.0,0.0,0.0,0.0,0.0,Low,False,False,False
MCH9744,Walia Inc,Books & Stationery,Sole Proprietor,Bengaluru,Karnataka,Active,574.28,1.0,8086.62,8086.62,1.0,0.0,0.0,0.0,0.0,0.0,0.0,0.0,0.0,0.0,0.0,Low,False,False,False
MCH9749,"Vasa, Jha And Babu",Hotel & Lodging,Sole Proprietor,Chennai,Tamil Nadu,Active,276.87,3.0,18459.31,6153.1033333333335,3.0,0.0,0.0,0.0,0.0,0.0,0.0,0.0,0.0,0.0,0.0,Low,False,False,False
MCH9751,Memon-Sinha,Restaurants & Food,Sole Proprietor,Ludhiana,Punjab,Active,2265.65,3.0,27838.719999999998,9279.573333333332,3.0,0.0,0.0,0.0,0.0,0.0,0.0,0.0,0.0,0.0,0.0,Low,False,False,False
MCH9753,Chowdhury And Sons,Telecom,Individual,Mumbai,Maharashtra,Active,559.33,2.0,5569.3099999999995,2784.6549999999997,2.0,0.0,0.0,0.0,0.0,0.0,0.0,0.0,0.0,0.0,0.0,Low,False,False,False
MCH9754,Khanna Group,Grocery,Partnership,Ludhiana,Punjab,Active,3682.51,1.0,20447.68,20447.68,1.0,0.0,0.0,0.0,0.0,0.0,0.0,0.0,0.0,0.0,0.0,Low,False,False,False
MCH9755,Anand Inc,Department Store,Private Limited,Lucknow,Uttar Pradesh,Active,2048.19,0.0,0.0,0.0,0.0,0.0,0.0,0.0,0.0,0.0,0.0,0,0,0,0.0,Low,False,False,False
MCH9756,"Dugal, Virk And Dhaliwal",Transportation,Partnership,Jalandhar,Punjab,Active,494.0,0.0,0.0,0.0,0.0,0.0,0.0,0.0,0.0,0.0,0.0,0,0,0,0.0,Low,False,False,False
MCH9757,Venkataraman-Vig,Department Store,Sole Proprietor,Amritsar,Punjab,Active,,1.0,994.4,994.4,1.0,0.0,0.0,0.0,0.0,0.0,0.0,0.0,0.0,0.0,0.0,Low,False,False,False
MCH9763,Bhatnagar-Ramesh,Apparel & Fashion,Individual,Bengaluru,Karnataka,Active,2954.71,6.0,95417.32,15902.886666666667,6.0,0.0,0.0,0.0,0.0,0.0,0.0,0.0,0.0,0.0,0.0,Low,False,False,False
MCH9769,"Kota, Dara And Sarin",Travel,Partnership,Ludhiana,Punjab,Active,2120.25,4.0,43481.79,10870.4475,3.0,0.0,1.0,0.0,0.0,0.0,0.0,0.0,0.0,0.0,0.0,Low,False,False,False
MCH9770,Jha-Andra,Transportation,Sole Proprietor,Chennai,Tamil Nadu,Suspended,1847.23,2.0,12142.6,6071.3,2.0,0.0,0.0,0.0,0.0,0.0,0.0,0.0,0.0,0.0,0.0,Low,False,False,False
MCH9772,Vyas-Ganguly,Books & Stationery,Partnership,Jalandhar,Punjab,Active,1198.91,2.0,20394.74,10197.37,2.0,0.0,0.0,0.0,0.0,0.0,0.0,0.0,0.0,0.0,0.0,Low,False,False,False
MCH9774,Trivedi Group,Pharmacy,Partnership,Jaipur,Rajasthan,Active,1811.0,2.0,34924.84,17462.42,2.0,0.0,0.0,0.0,0.0,0.0,0.0,0.0,0.0,0.0,0.0,Low,False,False,False
MCH9779,De0-Agate,Telecom,Individual,Kolkata,West Bengal,Active,2425.1,1.0,12453.74,12453.74,1.0,0.0,0.0,0.0,0.0,0.0,0.0,0.0,0.0,0.0,0.0,Low,False,False,False
MCH9780,"Kibe, Setty And Kaul",Books & Stationery,Private Limited,Mumbai,Maharashtra,Active,3251.18,0.0,0.0,0.0,0.0,0.0,0.0,0.0,0.0,0.0,0.0,0,0,0,0.0,Low,False,False,False
MCH9785,Nagarajan Plc,Apparel & Fashion,Individual,Mumbai,Maharashtra,Active,2709.78,3.0,39643.06,13214.353333333333,3.0,0.0,0.0,0.0,0.0,0.0,0.0,0.0,0.0,0.0,0.0,Low,False,False,False
MCH9793,Brar Ltd,Apparel & Fashion,Private Limited,Bengaluru,Karnataka,Active,198.68,2.0,41670.27,20835.135,2.0,0.0,0.0,0.0,0.0,0.0,0.0,0.0,0.0,0.0,0.0,Low,False,False,False
MCH9797,"Basu, Kota And Hora",Hotel & Lodging,Individual,Jaipur,Rajasthan,Active,3455.43,1.0,6419.01,6419.01,1.0,0.0,0.0,0.0,0.0,0.0,0.0,0.0,0.0,0.0,0.0,Low,False,False,False
MCH9800,Dasgupta-Sathe,Hotel & Lodging,Partnership,Ludhiana,Punjab,Active,,2.0,32546.57,16273.285,2.0,0.0,0.0,0.0,0.0,0.0,0.0,0.0,0.0,0.0,0.0,Low,False,False,False
MCH9802,Contractor-Keer,Apparel & Fashion,Individual,Delhi,Delhi,Active,1430.48,1.0,9555.68,9555.68,1.0,0.0,0.0,0.0,0.0,0.0,0.0,0.0,0.0,0.0,0.0,Low,False,False,False
MCH9803,Rastogi Ltd,Books & Stationery,Partnership,Jaipur,Rajasthan,Active,3135.89,1.0,6569.49,6569.49,1.0,0.0,0.0,0.0,0.0,0.0,0.0,0.0,0.0,0.0,0.0,Low,False,False,False
MCH9804,Bhasin-Peri,Department Store,Sole Proprietor,Chennai,Tamil Nadu,Suspended,962.52,3.0,34492.09,11497.363333333333,3.0,0.0,0.0,0.0,0.0,0.0,0.0,0.0,0.0,0.0,0.0,Low,False,False,False
MCH9805,Sha-Mitter,Retail,Partnership,Jalandhar,Punjab,Active,1993.26,4.0,60885.630000000005,15221.407500000001,4.0,0.0,0.0,0.0,0.0,0.0,0.0,0.0,0.0,0.0,0.0,Low,False,False,False
MCH9806,Hari-Kant,Grocery,Individual,Amritsar,Punjab,Active,1398.42,1.0,10708.04,10708.04,1.0,0.0,0.0,0.0,0.0,0.0,0.0,0.0,0.0,0.0,0.0,Low,False,False,False
MCH9807,Pillay-Sule,Pharmacy,Partnership,Ludhiana,Punjab,Active,3555.86,1.0,23839.8,23839.8,1.0,0.0,0.0,0.0,0.0,0.0,0.0,0.0,0.0,0.0,0.0,Low,False,False,False
MCH9811,"Dyal, Ranganathan And Sinha",Restaurants & Food,Private Limited,Delhi,Delhi,Active,972.81,0.0,0.0,0.0,0.0,0.0,0.0,0.0,0.0,0.0,0.0,0,0,0,0.0,Low,False,False,False
MCH9813,"Padmanabhan,Brahmbhattandtrivedi",Grocery,Private Limited,Ludhiana,Punjab,Active,2491.37,3.0,32525.079999999998,10841.693333333333,3.0,0.0,0.0,0.0,0.0,0.0,0.0,0.0,0.0,0.0,0.0,Low,False,False,False
MCH9814,Sekhon-Luthra,Grocery,Individual,Hyderabad,Telangana,Active,2338.35,3.0,18196.190000000002,6065.396666666667,3.0,0.0,0.0,0.0,0.0,0.0,0.0,0.0,0.0,0.0,0.0,Low,False,False,False
MCH9822,Thaman-Parsa,Department Store,Private Limited,Bengaluru,Karnataka,Active,534.71,4.0,31102.23,7775.5575,4.0,0.0,0.0,0.0,0.0,0.0,0.0,0.0,0.0,0.0,0.0,Low,False,False,False
MCH9824,Memon-Mistry,Telecom,Partnership,Ludhiana,Punjab,On Hold,837.47,1.0,17487.48,17487.48,1.0,0.0,0.0,0.0,0.0,0.0,0.0,0.0,0.0,0.0,0.0,Low,False,False,False
MCH9826,Rana And Sons,Grocery,Private Limited,Bengaluru,Karnataka,Active,739.28,2.0,30202.34,15101.17,2.0,0.0,0.0,0.0,0.0,0.0,0.0,0.0,0.0,0.0,0.0,Low,False,False,False
MCH9827,Chaudry And Sons,Department Store,Private Limited,Bengaluru,Karnataka,Active,1686.75,3.0,47831.14,15943.713333333333,3.0,0.0,0.0,0.0,0.0,0.0,0.0,0.0,0.0,0.0,0.0,Low,False,False,False
MCH9831,Deep-Kanda,Telecom,Sole Proprietor,Pune,Maharashtra,Active,796.02,2.0,26077.59,13038.795,2.0,0.0,0.0,0.0,0.0,0.0,0.0,0.0,0.0,0.0,0.0,Low,False,False,False
MCH9835,Mahajan-Pingle,Hotel & Lodging,Private Limited,Jaipur,Rajasthan,Active,2477.71,0.0,0.0,0.0,0.0,0.0,0.0,0.0,0.0,0.0,0.0,0,0,0,0.0,Low,False,False,False
MCH9837,Raval-Aurora,Restaurants & Food,Sole Proprietor,Kolkata,West Bengal,Active,2990.0,1.0,14704.0,14704.0,1.0,0.0,0.0,0.0,0.0,0.0,0.0,0.0,0.0,0.0,0.0,Low,False,False,False
MCH9840,"Gara, Bedi And Dua",Books & Stationery,Private Limited,Amritsar,Punjab,Active,369.0,4.0,63126.28,15781.57,4.0,0.0,0.0,0.0,0.0,0.0,0.0,0.0,0.0,0.0,0.0,Low,False,False,False
MCH9843,"Banerjee, Singh And Anne",Books & Stationery,Individual,Chennai,Tamil Nadu,Active,8077.21,1.0,8727.31,8727.31,1.0,0.0,0.0,0.0,0.0,0.0,0.0,0.0,0.0,0.0,0.0,Low,False,False,False
MCH9846,Mukherjee Ltd,Restaurants & Food,Sole Proprietor,Chennai,Tamil Nadu,Active,1799.62,2.0,33066.3,16533.15,2.0,0.0,0.0,0.0,0.0,0.0,0.0,0.0,0.0,0.0,0.0,Low,False,False,False
MCH9849,Jayaraman Inc,Books & Stationery,Individual,Kolkata,West Bengal,Active,1659.94,1.0,10734.45,10734.45,1.0,0.0,0.0,0.0,0.0,0.0,0.0,0.0,0.0,0.0,0.0,Low,False,False,False
MCH9856,"Gala, Nadig And Borra",Grocery,Partnership,Lucknow,Uttar Pradesh,Active,1744.37,2.0,43808.65,21904.325,2.0,0.0,0.0,0.0,0.0,0.0,0.0,0.0,0.0,0.0,0.0,Low,False,False,False
MCH9859,Mukherjee-Agate,Miscellaneous,Sole Proprietor,Jalandhar,Punjab,Active,158.0,1.0,21408.57,21408.57,1.0,0.0,0.0,0.0,0.0,0.0,0.0,0.0,0.0,0.0,0.0,Low,False,False,False
MCH9861,"Mukherjee, Murthy And Jani",Transportation,Private Limited,Ludhiana,Punjab,Active,719.77,4.0,54046.05,13511.5125,4.0,0.0,0.0,0.0,0.0,0.0,0.0,0.0,0.0,0.0,0.0,Low,False,False,False
MCH9866,Sane-Dar,Telecom,Partnership,Lucknow,Uttar Pradesh,Active,910.27,2.0,20356.28,10178.14,2.0,0.0,0.0,0.0,0.0,0.0,0.0,0.0,0.0,0.0,0.0,Low,False,False,False
MCH9868,"Bedi, Konda And Kant",Medical,Individual,Jaipur,Rajasthan,Active,444.97,1.0,3427.51,3427.51,1.0,0.0,0.0,0.0,0.0,0.0,0.0,0.0,0.0,0.0,0.0,Low,False,False,False
MCH9877,"Garde, Sabharwal And Prashad",Books & Stationery,Private Limited,Hyderabad,Telangana,Active,1246.91,3.0,45685.52,15228.506666666666,1.0,0.0,1.0,0.0,0.0,0.0,0.0,0.0,0.0,0.0,0.0,Low,False,False,False
MCH9879,Venkataraman-Tata,Telecom,Individual,Ludhiana,Punjab,Inactive,2839.66,2.0,38389.35,19194.675,2.0,0.0,0.0,0.0,0.0,0.0,0.0,0.0,0.0,0.0,0.0,Low,False,False,False
MCH9883,Modi Plc,Grocery,Sole Proprietor,Delhi,Delhi,Active,492.1,0.0,0.0,0.0,0.0,0.0,0.0,0.0,0.0,0.0,0.0,0,0,0,0.0,Low,False,False,False
MCH9884,Sidhu Group,Hotel & Lodging,Partnership,Chennai,Tamil Nadu,Active,1570.58,3.0,43657.79,14552.596666666666,3.0,0.0,0.0,0.0,0.0,0.0,0.0,0.0,0.0,0.0,0.0,Low,False,False,False
MCH9888,"Contractor, Mohanty And Devi",Pharmacy,Sole Proprietor,Chennai,Tamil Nadu,Active,1367.96,1.0,10222.36,10222.36,1.0,0.0,0.0,0.0,0.0,0.0,0.0,0.0,0.0,0.0,0.0,Low,False,False,False
MCH9896,Dave-Vasa,Retail,Partnership,Pune,Maharashtra,Active,3148.67,2.0,15968.470000000001,7984.235000000001,1.0,0.0,1.0,0.0,0.0,0.0,0.0,0.0,0.0,0.0,0.0,Low,False,False,False
MCH9897,Modi Plc,Apparel & Fashion,Individual,Delhi,Delhi,Active,,4.0,49005.53,12251.3825,4.0,0.0,0.0,0.0,0.0,0.0,0.0,0.0,0.0,0.0,0.0,Low,False,False,False
MCH9905,Pate1-S00D,Hotel & Lodging,Sole Proprietor,Jaipur,Rajasthan,Active,,1.0,20985.07,20985.07,1.0,0.0,0.0,0.0,0.0,0.0,0.0,0.0,0.0,0.0,0.0,Low,False,False,False
MCH9906,"Raj, Goda And Rastogi",Pharmacy,Private Limited,Pune,Maharashtra,Active,543.33,2.0,30526.510000000002,15263.255000000001,2.0,0.0,0.0,0.0,0.0,0.0,0.0,0.0,0.0,0.0,0.0,Low,False,False,False
MCH9909,"Gade, Tiwari And Solanki",Apparel & Fashion,Individual,Pune,Maharashtra,Active,2922.02,1.0,3903.0,3903.0,1.0,0.0,0.0,0.0,0.0,0.0,0.0,0.0,0.0,0.0,0.0,Low,False,False,False
MCH9911,"Pal, Dash And Nagi",Transportation,Individual,Mumbai,Maharashtra,Active,1474.73,2.0,15284.82,7642.41,2.0,0.0,0.0,0.0,0.0,0.0,0.0,0.0,0.0,0.0,0.0,Low,False,False,False
MCH9914,"Parmar, Sekhon And Kakar",Transportation,Private Limited,Amritsar,Punjab,Active,1356.48,4.0,54010.79,13502.6975,4.0,0.0,0.0,0.0,0.0,0.0,0.0,0.0,0.0,0.0,0.0,Low,False,False,False
MCH9916,"Sur, Palla And Goyal",Telecom,Private Limited,Pune,Maharashtra,Active,282.0,1.0,21535.64,21535.64,1.0,0.0,0.0,0.0,0.0,0.0,0.0,0.0,0.0,0.0,0.0,Low,False,False,False
MCH9918,"Jha, Kumer And Srivastava",Apparel & Fashion,Sole Proprietor,Bengaluru,Karnataka,Inactive,902.09,3.0,43498.68,14499.56,3.0,0.0,0.0,0.0,0.0,0.0,0.0,0.0,0.0,0.0,0.0,Low,False,False,False
MCH9919,"Ramaswamy,Pallandbahri",Pharmacy,Private Limited,Mumbai,Maharashtra,Active,1346.24,4.0,34600.49,8650.1225,3.0,0.0,1.0,0.0,0.0,0.0,0.0,0.0,0.0,0.0,0.0,Low,False,False,False
MCH9922,Chand-Jain,Grocery,Partnership,Chennai,Tamil Nadu,Active,1800.0,3.0,36434.770000000004,12144.923333333334,3.0,0.0,0.0,0.0,0.0,0.0,0.0,0.0,0.0,0.0,0.0,Low,False,False,False
MCH9927,"Lall, Bali And Varughese",Restaurants & Food,Sole Proprietor,Lucknow,Uttar Pradesh,Active,1410.0,0.0,0.0,0.0,0.0,0.0,0.0,0.0,0.0,0.0,0.0,0,0,0,0.0,Low,False,False,False
MCH9928,Krishnaninc,Hotel & Lodging,Private Limited,Jaipur,Rajasthan,Active,477.53,0.0,0.0,0.0,0.0,0.0,0.0,0.0,0.0,0.0,0.0,0,0,0,0.0,Low,False,False,False
MCH9930,Kale Llc,Apparel & Fashion,Sole Proprietor,Jaipur,Rajasthan,Active,1917.92,0.0,0.0,0.0,0.0,0.0,0.0,0.0,0.0,0.0,0.0,0,0,0,0.0,Low,False,False,False
MCH9931,Ray Ltd,Medical,Private Limited,Chennai,Tamil Nadu,Active,7044.3,3.0,15090.6,5030.2,3.0,0.0,0.0,0.0,0.0,0.0,0.0,0.0,0.0,0.0,0.0,Low,False,False,False
MCH9935,Sahni-Barad,Miscellaneous,Partnership,Delhi,Delhi,Active,1444.0,1.0,21145.16,21145.16,1.0,0.0,0.0,0.0,0.0,0.0,0.0,0.0,0.0,0.0,0.0,Low,False,False,False
MCH9942,Choudhry-Shenoy,Telecom,Partnership,Amritsar,Punjab,Active,1359.79,0.0,0.0,0.0,0.0,0.0,0.0,0.0,0.0,0.0,0.0,0,0,0,0.0,Low,False,False,False
MCH9943,Mukhopadhyay-Kale,Apparel & Fashion,Private Limited,Amritsar,Punjab,Active,2114.46,0.0,0.0,0.0,0.0,0.0,0.0,0.0,0.0,0.0,0.0,0,0,0,0.0,Low,False,False,False
MCH9945,"Pant, Hayre And Pathak",Telecom,Private Limited,Jalandhar,Punjab,Active,789.57,2.0,16340.539999999999,8170.2699999999995,2.0,0.0,0.0,0.0,0.0,0.0,0.0,0.0,0.0,0.0,0.0,Low,False,False,False
MCH9952,Vig-Doctor,Travel,Private Limited,Lucknow,Uttar Pradesh,Active,856.86,0.0,0.0,0.0,0.0,0.0,0.0,0.0,0.0,0.0,0.0,0,0,0,0.0,Low,False,False,False
MCH9954,"Dutta, J0Ha1 And Char",Apparel & Fashion,Sole Proprietor,Delhi,Delhi,Active,3148.72,3.0,38701.81,12900.603333333333,1.0,0.0,0.0,0.0,0.0,0.0,0.0,0.0,0.0,0.0,0.0,Low,False,False,False
MCH9956,"Sanghvi, Ghose And Din",Department Store,Private Limited,Delhi,Delhi,Active,2309.81,2.0,11550.3,5775.15,2.0,0.0,0.0,0.0,0.0,0.0,0.0,0.0,0.0,0.0,0.0,Low,False,False,False
MCH9957,"Chatterjee, Goda And Saraf",Telecom,Sole Proprietor,Ludhiana,Punjab,Active,533.81,1.0,2730.95,2730.95,1.0,0.0,0.0,0.0,0.0,0.0,0.0,0.0,0.0,0.0,0.0,Low,False,False,False
MCH9963,Mahajan And S0Ns,Books & Stationery,Partnership,Jaipur,Rajasthan,Active,7342.46,1.0,11013.42,11013.42,1.0,0.0,0.0,0.0,0.0,0.0,0.0,0.0,0.0,0.0,0.0,Low,False,False,False
MCH9964,Dua Inc,Transportation,Sole Proprietor,Mumbai,Maharashtra,Inactive,794.67,2.0,29445.77,14722.885,2.0,0.0,0.0,0.0,0.0,0.0,0.0,0.0,0.0,0.0,0.0,Low,False,False,False
MCH9966,Toor Group,Miscellaneous,Partnership,Kolkata,West Bengal,Active,681.04,1.0,6791.51,6791.51,1.0,0.0,0.0,0.0,0.0,0.0,0.0,0.0,0.0,0.0,0.0,Low,False,False,False
MCH9967,Kaul Llc,Restaurants & Food,Individual,Lucknow,Uttar Pradesh,Active,4200.0,2.0,10818.9,5409.45,2.0,0.0,0.0,0.0,0.0,0.0,0.0,0.0,0.0,0.0,0.0,Low,False,False,False
MCH9969,Tiwari And Sons,Books & Stationery,Private Limited,Ludhiana,Punjab,Inactive,1542.28,3.0,16660.98,5553.66,3.0,0.0,0.0,0.0,0.0,0.0,0.0,0.0,0.0,0.0,0.0,Low,False,False,False
MCH9972,"Bakshi, Tata And Parmer",Department Store,Sole Proprietor,Hyderabad,Telangana,Active,1398.48,1.0,13714.99,13714.99,1.0,0.0,0.0,0.0,0.0,0.0,0.0,0.0,0.0,0.0,0.0,Low,False,False,False
MCH9973,"Parsa, Loyal And Pai",Telecom,Partnership,Lucknow,Uttar Pradesh,Active,1836.29,2.0,16969.11,8484.555,2.0,0.0,0.0,0.0,0.0,0.0,0.0,0.0,0.0,0.0,0.0,Low,False,False,False
MCH9975,Nadkarni-Sane,Miscellaneous,Sole Proprietor,Delhi,Delhi,Active,4465.19,1.0,9870.36,9870.36,1.0,0.0,0.0,0.0,0.0,0.0,0.0,0.0,0.0,0.0,0.0,Low,False,False,False
MCH9977,Mohanty-Desai,Telecom,Sole Proprietor,Mumbai,Maharashtra,Active,845.52,2.0,42492.44,21246.22,1.0,0.0,1.0,0.0,0.0,0.0,0.0,0.0,0.0,0.0,0.0,Low,False,False,False
MCH9979,"Bandi, Gupta And Sarma",Transportation,Private Limited,Ludhiana,Punjab,Suspended,,3.0,60052.490000000005,20017.49666666667,3.0,0.0,0.0,0.0,0.0,0.0,0.0,0.0,0.0,0.0,0.0,Low,False,False,False
MCH9983,Bhagat Group,Grocery,Individual,Pune,Maharashtra,Active,3669.57,1.0,19467.0,19467.0,1.0,0.0,0.0,0.0,0.0,0.0,0.0,0.0,0.0,0.0,0.0,Low,False,False,False
MCH9990,Mishra Inc,Medical,Private Limited,Mumbai,Maharashtra,Active,970.05,2.0,7504.57,3752.285,2.0,0.0,0.0,0.0,0.0,0.0,0.0,0.0,0.0,0.0,0.0,Low,False,False,False
MCH9992,Rajagopalan Plc,Hotel & Lodging,Sole Proprietor,Bengaluru,Karnataka,Active,577.93,2.0,32189.85,16094.925,2.0,0.0,0.0,0.0,0.0,0.0,0.0,0.0,0.0,0.0,0.0,Low,False,False,False
MCH9993,Chadha-Tailor,Books & Stationery,Private Limited,Ludhiana,Punjab,Inactive,2368.65,2.0,4389.92,2194.96,2.0,0.0,0.0,0.0,0.0,0.0,0.0,0.0,0.0,0.0,0.0,Low,False,False,False
MCH9994,"Barad, Lall And Shetty",Books & Stationery,Partnership,Delhi,Delhi,Active,1588.48,0.0,0.0,0.0,0.0,0.0,0.0,0.0,0.0,0.0,0.0,0,0,0,0.0,Low,False,False,False
MCH9996,Kala-Nadkarni,Apparel & Fashion,Private Limited,Delhi,Delhi,Active,628.11,3.0,34297.79,11432.596666666666,3.0,0.0,0.0,0.0,0.0,0.0,0.0,0.0,0.0,0.0,0.0,Low,False,False,False
MCH9997,"Kalita, Dass And Balay",Miscellaneous,Individual,Ludhiana,Punjab,Active,2233.91,0.0,0.0,0.0,0.0,0.0,0.0,0.0,0.0,0.0,0.0,0,0,0,0.0,Low,False,False,False
MCH9999,"Konda, Subramanian And Rau",Miscellaneous,Individual,Mumbai,Maharashtra,Active,510.0,4.0,25583.45,6395.8625,4.0,0.0,0.0,0.0,0.0,0.0,0.0,0.0,0.0,0.0,0.0,Low,False,False,False
